collected_at,sport,game_id,gamecode,source,book,kind,entry_idx,ts_iso,ts_date,ts_time,ts_rel,side,team,spread,spread_handle_pct,spread_bets_pct,total,total_handle_pct,total_bets_pct,ml,ml_handle_pct,ml_bets_pct
2026-09-21T03:55:45,cfb,cfb_20260924_liberty_flames_coastal_carolina_chanticleers,20260924CFB01193,DK,draftkings,open,1,2026-09-20T11:40:00,Sep 20,11:40 AM ET,16h ago,away,Liberty Flames,,0.0,0.0,,0.0,0.0,100.0,100.0,100.0
2026-09-21T03:55:45,cfb,cfb_20260924_liberty_flames_coastal_carolina_chanticleers,20260924CFB01193,DK,draftkings,open,1,2026-09-20T11:40:00,Sep 20,11:40 AM ET,16h ago,home,Coastal Carolina Chanticleers,,0.0,0.0,,0.0,0.0,-120.0,0.0,0.0
2026-09-21T03:55:45,cfb,cfb_20260924_liberty_flames_coastal_carolina_chanticleers,20260924CFB01193,DK,draftkings,first_full,2,2026-09-20T17:00:00,Sep 20,5:00 PM ET,10h ago,away,Liberty Flames,-1.5,98.0,50.0,52.5,100.0,100.0,-130.0,100.0,94.0
2026-09-21T03:55:45,cfb,cfb_20260924_liberty_flames_coastal_carolina_chanticleers,20260924CFB01193,DK,draftkings,first_full,2,2026-09-20T17:00:00,Sep 20,5:00 PM ET,10h ago,home,Coastal Carolina Chanticleers,1.5,2.0,50.0,52.5,0.0,0.0,110.0,0.0,6.0
2026-09-21T03:55:45,cfb,cfb_20260924_liberty_flames_coastal_carolina_chanticleers,20260924CFB01193,DK,draftkings,change,3,2026-09-21T02:25:00,Sep 21,2:25 AM ET,1h ago,away,Liberty Flames,-2.5,99.0,44.0,51.5,100.0,100.0,-135.0,93.0,71.0
2026-09-21T03:55:45,cfb,cfb_20260924_liberty_flames_coastal_carolina_chanticleers,20260924CFB01193,DK,draftkings,change,3,2026-09-21T02:25:00,Sep 21,2:25 AM ET,1h ago,home,Coastal Carolina Chanticleers,2.5,1.0,56.0,51.5,0.0,0.0,114.0,7.0,29.0
2026-09-21T03:55:45,cfb,cfb_20260924_liberty_flames_coastal_carolina_chanticleers,20260924CFB01193,DK,draftkings,change,4,2026-09-21T02:10:00,Sep 21,2:10 AM ET,1h ago,away,Liberty Flames,-2.5,99.0,47.0,51.5,100.0,100.0,-135.0,93.0,71.0
2026-09-21T03:55:45,cfb,cfb_20260924_liberty_flames_coastal_carolina_chanticleers,20260924CFB01193,DK,draftkings,change,4,2026-09-21T02:10:00,Sep 21,2:10 AM ET,1h ago,home,Coastal Carolina Chanticleers,2.5,1.0,53.0,51.5,0.0,0.0,114.0,7.0,29.0
2026-09-21T03:55:45,cfb,cfb_20260924_liberty_flames_coastal_carolina_chanticleers,20260924CFB01193,DK,draftkings,change,5,2026-09-21T01:50:00,Sep 21,1:50 AM ET,2h ago,away,Liberty Flames,-2.5,99.0,47.0,51.5,100.0,100.0,-135.0,93.0,70.0
2026-09-21T03:55:45,cfb,cfb_20260924_liberty_flames_coastal_carolina_chanticleers,20260924CFB01193,DK,draftkings,change,5,2026-09-21T01:50:00,Sep 21,1:50 AM ET,2h ago,home,Coastal Carolina Chanticleers,2.5,1.0,53.0,51.5,0.0,0.0,114.0,7.0,30.0
2026-09-21T03:55:45,cfb,cfb_20260924_liberty_flames_coastal_carolina_chanticleers,20260924CFB01193,DK,draftkings,change,6,2026-09-21T01:40:00,Sep 21,1:40 AM ET,2h ago,away,Liberty Flames,-2.5,99.0,47.0,51.5,100.0,100.0,-135.0,92.0,71.0
2026-09-21T03:55:45,cfb,cfb_20260924_liberty_flames_coastal_carolina_chanticleers,20260924CFB01193,DK,draftkings,change,6,2026-09-21T01:40:00,Sep 21,1:40 AM ET,2h ago,home,Coastal Carolina Chanticleers,2.5,1.0,53.0,51.5,0.0,0.0,114.0,8.0,29.0
2026-09-21T03:55:45,cfb,cfb_20260924_liberty_flames_coastal_carolina_chanticleers,20260924CFB01193,DK,draftkings,change,7,2026-09-21T00:30:00,Sep 21,12:30 AM ET,3h ago,away,Liberty Flames,-2.5,99.0,43.0,51.5,100.0,100.0,-135.0,92.0,71.0
2026-09-21T03:55:45,cfb,cfb_20260924_liberty_flames_coastal_carolina_chanticleers,20260924CFB01193,DK,draftkings,change,7,2026-09-21T00:30:00,Sep 21,12:30 AM ET,3h ago,home,Coastal Carolina Chanticleers,2.5,1.0,57.0,51.5,0.0,0.0,114.0,8.0,29.0
2026-09-21T03:55:45,cfb,cfb_20260924_liberty_flames_coastal_carolina_chanticleers,20260924CFB01193,DK,draftkings,change,8,2026-09-21T00:15:00,Sep 21,12:15 AM ET,3h ago,away,Liberty Flames,-2.5,99.0,38.0,51.5,100.0,100.0,-135.0,92.0,71.0
2026-09-21T03:55:45,cfb,cfb_20260924_liberty_flames_coastal_carolina_chanticleers,20260924CFB01193,DK,draftkings,change,8,2026-09-21T00:15:00,Sep 21,12:15 AM ET,3h ago,home,Coastal Carolina Chanticleers,2.5,1.0,62.0,51.5,0.0,0.0,114.0,8.0,29.0
2026-09-21T03:55:45,cfb,cfb_20260924_liberty_flames_coastal_carolina_chanticleers,20260924CFB01193,DK,draftkings,change,9,2026-09-21T00:10:00,Sep 21,12:10 AM ET,3h ago,away,Liberty Flames,-2.5,99.0,38.0,51.5,100.0,100.0,-135.0,92.0,70.0
2026-09-21T03:55:45,cfb,cfb_20260924_liberty_flames_coastal_carolina_chanticleers,20260924CFB01193,DK,draftkings,change,9,2026-09-21T00:10:00,Sep 21,12:10 AM ET,3h ago,home,Coastal Carolina Chanticleers,2.5,1.0,62.0,51.5,0.0,0.0,114.0,8.0,30.0
2026-09-21T03:55:45,cfb,cfb_20260924_liberty_flames_coastal_carolina_chanticleers,20260924CFB01193,DK,draftkings,change,10,2026-09-20T22:55:00,Sep 20,10:55 PM ET,5h ago,away,Liberty Flames,-2.5,99.0,38.0,51.5,100.0,100.0,-135.0,92.0,67.0
2026-09-21T03:55:45,cfb,cfb_20260924_liberty_flames_coastal_carolina_chanticleers,20260924CFB01193,DK,draftkings,change,10,2026-09-20T22:55:00,Sep 20,10:55 PM ET,5h ago,home,Coastal Carolina Chanticleers,2.5,1.0,62.0,51.5,0.0,0.0,114.0,8.0,33.0
2026-09-21T03:55:45,cfb,cfb_20260924_liberty_flames_coastal_carolina_chanticleers,20260924CFB01193,DK,draftkings,change,11,2026-09-20T22:10:00,Sep 20,10:10 PM ET,5h ago,away,Liberty Flames,-2.5,99.0,38.0,51.5,100.0,100.0,-135.0,92.0,69.0
2026-09-21T03:55:45,cfb,cfb_20260924_liberty_flames_coastal_carolina_chanticleers,20260924CFB01193,DK,draftkings,change,11,2026-09-20T22:10:00,Sep 20,10:10 PM ET,5h ago,home,Coastal Carolina Chanticleers,2.5,1.0,62.0,51.5,0.0,0.0,114.0,8.0,31.0
2026-09-21T03:55:45,cfb,cfb_20260924_liberty_flames_coastal_carolina_chanticleers,20260924CFB01193,DK,draftkings,change,12,2026-09-20T21:50:00,Sep 20,9:50 PM ET,6h ago,away,Liberty Flames,-2.5,99.0,33.0,51.5,100.0,100.0,-135.0,93.0,77.0
2026-09-21T03:55:45,cfb,cfb_20260924_liberty_flames_coastal_carolina_chanticleers,20260924CFB01193,DK,draftkings,change,12,2026-09-20T21:50:00,Sep 20,9:50 PM ET,6h ago,home,Coastal Carolina Chanticleers,2.5,1.0,67.0,51.5,0.0,0.0,114.0,7.0,23.0
2026-09-21T03:55:45,cfb,cfb_20260924_liberty_flames_coastal_carolina_chanticleers,20260924CFB01193,DK,draftkings,change,13,2026-09-20T21:40:00,Sep 20,9:40 PM ET,6h ago,away,Liberty Flames,-2.5,99.0,27.0,51.5,100.0,100.0,-135.0,93.0,76.0
2026-09-21T03:55:45,cfb,cfb_20260924_liberty_flames_coastal_carolina_chanticleers,20260924CFB01193,DK,draftkings,change,13,2026-09-20T21:40:00,Sep 20,9:40 PM ET,6h ago,home,Coastal Carolina Chanticleers,2.5,1.0,73.0,51.5,0.0,0.0,114.0,7.0,24.0
2026-09-21T03:55:45,cfb,cfb_20260924_liberty_flames_coastal_carolina_chanticleers,20260924CFB01193,DK,draftkings,change,14,2026-09-20T21:30:00,Sep 20,9:30 PM ET,6h ago,away,Liberty Flames,-2.5,99.0,75.0,51.5,100.0,100.0,-135.0,93.0,79.0
2026-09-21T03:55:45,cfb,cfb_20260924_liberty_flames_coastal_carolina_chanticleers,20260924CFB01193,DK,draftkings,change,14,2026-09-20T21:30:00,Sep 20,9:30 PM ET,6h ago,home,Coastal Carolina Chanticleers,2.5,1.0,25.0,51.5,0.0,0.0,114.0,7.0,21.0
2026-09-21T03:55:45,cfb,cfb_20260924_liberty_flames_coastal_carolina_chanticleers,20260924CFB01193,DK,draftkings,change,15,2026-09-20T21:15:00,Sep 20,9:15 PM ET,6h ago,away,Liberty Flames,-2.5,99.0,75.0,51.5,100.0,100.0,-135.0,93.0,81.0
2026-09-21T03:55:45,cfb,cfb_20260924_liberty_flames_coastal_carolina_chanticleers,20260924CFB01193,DK,draftkings,change,15,2026-09-20T21:15:00,Sep 20,9:15 PM ET,6h ago,home,Coastal Carolina Chanticleers,2.5,1.0,25.0,51.5,0.0,0.0,114.0,7.0,19.0
2026-09-21T03:55:45,cfb,cfb_20260924_liberty_flames_coastal_carolina_chanticleers,20260924CFB01193,DK,draftkings,change,16,2026-09-20T20:55:00,Sep 20,8:55 PM ET,7h ago,away,Liberty Flames,-2.5,99.0,75.0,51.5,100.0,100.0,-135.0,96.0,84.0
2026-09-21T03:55:45,cfb,cfb_20260924_liberty_flames_coastal_carolina_chanticleers,20260924CFB01193,DK,draftkings,change,16,2026-09-20T20:55:00,Sep 20,8:55 PM ET,7h ago,home,Coastal Carolina Chanticleers,2.5,1.0,25.0,51.5,0.0,0.0,114.0,4.0,16.0
2026-09-21T03:55:45,cfb,cfb_20260924_liberty_flames_coastal_carolina_chanticleers,20260924CFB01193,DK,draftkings,change,17,2026-09-20T20:50:00,Sep 20,8:50 PM ET,7h ago,away,Liberty Flames,-2.5,98.0,67.0,51.5,100.0,100.0,-135.0,96.0,84.0
2026-09-21T03:55:45,cfb,cfb_20260924_liberty_flames_coastal_carolina_chanticleers,20260924CFB01193,DK,draftkings,change,17,2026-09-20T20:50:00,Sep 20,8:50 PM ET,7h ago,home,Coastal Carolina Chanticleers,2.5,2.0,33.0,51.5,0.0,0.0,114.0,4.0,16.0
2026-09-21T03:55:45,cfb,cfb_20260924_liberty_flames_coastal_carolina_chanticleers,20260924CFB01193,DK,draftkings,change,18,2026-09-20T20:20:00,Sep 20,8:20 PM ET,7h ago,away,Liberty Flames,-2.5,98.0,50.0,51.5,100.0,100.0,-135.0,96.0,88.0
2026-09-21T03:55:45,cfb,cfb_20260924_liberty_flames_coastal_carolina_chanticleers,20260924CFB01193,DK,draftkings,change,18,2026-09-20T20:20:00,Sep 20,8:20 PM ET,7h ago,home,Coastal Carolina Chanticleers,2.5,2.0,50.0,51.5,0.0,0.0,114.0,4.0,13.0
2026-09-21T03:55:45,cfb,cfb_20260924_liberty_flames_coastal_carolina_chanticleers,20260924CFB01193,DK,draftkings,change,19,2026-09-20T20:10:00,Sep 20,8:10 PM ET,7h ago,away,Liberty Flames,-2.5,98.0,50.0,51.5,100.0,100.0,-135.0,96.0,87.0
2026-09-21T03:55:45,cfb,cfb_20260924_liberty_flames_coastal_carolina_chanticleers,20260924CFB01193,DK,draftkings,change,19,2026-09-20T20:10:00,Sep 20,8:10 PM ET,7h ago,home,Coastal Carolina Chanticleers,2.5,2.0,50.0,51.5,0.0,0.0,114.0,4.0,13.0
2026-09-21T03:55:45,cfb,cfb_20260924_liberty_flames_coastal_carolina_chanticleers,20260924CFB01193,DK,draftkings,change,20,2026-09-20T19:55:00,Sep 20,7:55 PM ET,8h ago,away,Liberty Flames,-2.5,98.0,50.0,51.5,100.0,100.0,-135.0,97.0,91.0
2026-09-21T03:55:45,cfb,cfb_20260924_liberty_flames_coastal_carolina_chanticleers,20260924CFB01193,DK,draftkings,change,20,2026-09-20T19:55:00,Sep 20,7:55 PM ET,8h ago,home,Coastal Carolina Chanticleers,2.5,2.0,50.0,51.5,0.0,0.0,114.0,3.0,9.0
2026-09-21T03:55:45,cfb,cfb_20260924_liberty_flames_coastal_carolina_chanticleers,20260924CFB01193,DK,draftkings,change,21,2026-09-20T19:50:00,Sep 20,7:50 PM ET,8h ago,away,Liberty Flames,-2.5,98.0,50.0,51.5,100.0,100.0,-135.0,97.0,90.0
2026-09-21T03:55:45,cfb,cfb_20260924_liberty_flames_coastal_carolina_chanticleers,20260924CFB01193,DK,draftkings,change,21,2026-09-20T19:50:00,Sep 20,7:50 PM ET,8h ago,home,Coastal Carolina Chanticleers,2.5,2.0,50.0,51.5,0.0,0.0,114.0,3.0,10.0
2026-09-21T03:55:45,cfb,cfb_20260924_liberty_flames_coastal_carolina_chanticleers,20260924CFB01193,DK,draftkings,change,22,2026-09-20T19:40:00,Sep 20,7:40 PM ET,8h ago,away,Liberty Flames,-2.5,98.0,50.0,51.5,100.0,100.0,-135.0,100.0,95.0
2026-09-21T03:55:45,cfb,cfb_20260924_liberty_flames_coastal_carolina_chanticleers,20260924CFB01193,DK,draftkings,change,22,2026-09-20T19:40:00,Sep 20,7:40 PM ET,8h ago,home,Coastal Carolina Chanticleers,2.5,2.0,50.0,51.5,0.0,0.0,114.0,0.0,5.0
2026-09-21T03:55:45,cfb,cfb_20260924_liberty_flames_coastal_carolina_chanticleers,20260924CFB01193,DK,draftkings,change,23,2026-09-20T17:00:00,Sep 20,5:00 PM ET,10h ago,away,Liberty Flames,-1.5,98.0,50.0,52.5,100.0,100.0,-130.0,100.0,94.0
2026-09-21T03:55:45,cfb,cfb_20260924_liberty_flames_coastal_carolina_chanticleers,20260924CFB01193,DK,draftkings,change,23,2026-09-20T17:00:00,Sep 20,5:00 PM ET,10h ago,home,Coastal Carolina Chanticleers,1.5,2.0,50.0,52.5,0.0,0.0,110.0,0.0,6.0
2026-09-21T03:55:45,cfb,cfb_20260924_liberty_flames_coastal_carolina_chanticleers,20260924CFB01193,DK,draftkings,change,24,2026-09-20T16:40:00,Sep 20,4:40 PM ET,11h ago,away,Liberty Flames,-1.5,0.0,0.0,52.5,100.0,100.0,-130.0,100.0,94.0
2026-09-21T03:55:45,cfb,cfb_20260924_liberty_flames_coastal_carolina_chanticleers,20260924CFB01193,DK,draftkings,change,24,2026-09-20T16:40:00,Sep 20,4:40 PM ET,11h ago,home,Coastal Carolina Chanticleers,1.5,100.0,100.0,52.5,0.0,0.0,110.0,0.0,6.0
2026-09-21T03:55:45,cfb,cfb_20260924_liberty_flames_coastal_carolina_chanticleers,20260924CFB01193,DK,draftkings,change,25,2026-09-20T15:40:00,Sep 20,3:40 PM ET,12h ago,away,Liberty Flames,-1.5,0.0,0.0,52.5,100.0,100.0,-125.0,100.0,100.0
2026-09-21T03:55:45,cfb,cfb_20260924_liberty_flames_coastal_carolina_chanticleers,20260924CFB01193,DK,draftkings,change,25,2026-09-20T15:40:00,Sep 20,3:40 PM ET,12h ago,home,Coastal Carolina Chanticleers,1.5,100.0,100.0,52.5,0.0,0.0,105.0,0.0,0.0
2026-09-21T03:55:45,cfb,cfb_20260924_liberty_flames_coastal_carolina_chanticleers,20260924CFB01193,DK,draftkings,change,26,2026-09-20T12:30:00,Sep 20,12:30 PM ET,15h ago,away,Liberty Flames,1.5,0.0,0.0,,0.0,0.0,100.0,100.0,100.0
2026-09-21T03:55:45,cfb,cfb_20260924_liberty_flames_coastal_carolina_chanticleers,20260924CFB01193,DK,draftkings,change,26,2026-09-20T12:30:00,Sep 20,12:30 PM ET,15h ago,home,Coastal Carolina Chanticleers,-1.5,100.0,100.0,,0.0,0.0,-120.0,0.0,0.0
2026-09-21T03:55:45,cfb,cfb_20260924_liberty_flames_coastal_carolina_chanticleers,20260924CFB01193,DK,draftkings,change,27,2026-09-20T11:40:00,Sep 20,11:40 AM ET,16h ago,away,Liberty Flames,,0.0,0.0,,0.0,0.0,100.0,100.0,100.0
2026-09-21T03:55:45,cfb,cfb_20260924_liberty_flames_coastal_carolina_chanticleers,20260924CFB01193,DK,draftkings,change,27,2026-09-20T11:40:00,Sep 20,11:40 AM ET,16h ago,home,Coastal Carolina Chanticleers,,0.0,0.0,,0.0,0.0,-120.0,0.0,0.0
2026-09-21T03:55:46,cfb,cfb_20260924_liberty_flames_coastal_carolina_chanticleers,20260924CFB01193,CIRCA,circa,open,1,2026-09-20T15:00:00,Sep 20,3:00 PM ET,12h ago,away,Liberty Flames,-2.0,50.0,50.0,52.0,50.0,50.0,,50.0,50.0
2026-09-21T03:55:46,cfb,cfb_20260924_liberty_flames_coastal_carolina_chanticleers,20260924CFB01193,CIRCA,circa,open,1,2026-09-20T15:00:00,Sep 20,3:00 PM ET,12h ago,home,Coastal Carolina Chanticleers,2.0,50.0,50.0,52.0,50.0,50.0,,50.0,50.0
2026-09-21T03:55:46,cfb,cfb_20260924_liberty_flames_coastal_carolina_chanticleers,20260924CFB01193,CIRCA,circa,change,2,2026-09-20T17:45:00,Sep 20,5:45 PM ET,10h ago,away,Liberty Flames,-2.0,100.0,100.0,52.0,100.0,100.0,,50.0,50.0
2026-09-21T03:55:46,cfb,cfb_20260924_liberty_flames_coastal_carolina_chanticleers,20260924CFB01193,CIRCA,circa,change,2,2026-09-20T17:45:00,Sep 20,5:45 PM ET,10h ago,home,Coastal Carolina Chanticleers,2.0,0.0,0.0,52.0,0.0,0.0,,50.0,50.0
2026-09-21T03:55:46,cfb,cfb_20260924_liberty_flames_coastal_carolina_chanticleers,20260924CFB01193,CIRCA,circa,change,3,2026-09-20T15:50:00,Sep 20,3:50 PM ET,12h ago,away,Liberty Flames,-2.0,100.0,100.0,52.0,50.0,50.0,,50.0,50.0
2026-09-21T03:55:46,cfb,cfb_20260924_liberty_flames_coastal_carolina_chanticleers,20260924CFB01193,CIRCA,circa,change,3,2026-09-20T15:50:00,Sep 20,3:50 PM ET,12h ago,home,Coastal Carolina Chanticleers,2.0,0.0,0.0,52.0,50.0,50.0,,50.0,50.0
2026-09-21T03:55:46,cfb,cfb_20260924_liberty_flames_coastal_carolina_chanticleers,20260924CFB01193,CIRCA,circa,change,4,2026-09-20T15:00:00,Sep 20,3:00 PM ET,12h ago,away,Liberty Flames,-2.0,50.0,50.0,52.0,50.0,50.0,,50.0,50.0
2026-09-21T03:55:46,cfb,cfb_20260924_liberty_flames_coastal_carolina_chanticleers,20260924CFB01193,CIRCA,circa,change,4,2026-09-20T15:00:00,Sep 20,3:00 PM ET,12h ago,home,Coastal Carolina Chanticleers,2.0,50.0,50.0,52.0,50.0,50.0,,50.0,50.0
2026-09-21T03:55:47,cfb,cfb_20260925_army_black_nights_temple_owls,20260925CFB00216,DK,draftkings,open,1,2026-09-20T10:55:00,Sep 20,10:55 AM ET,17h ago,away,Army Black Nights,,0.0,0.0,49.5,100.0,100.0,,0.0,0.0
2026-09-21T03:55:47,cfb,cfb_20260925_army_black_nights_temple_owls,20260925CFB00216,DK,draftkings,open,1,2026-09-20T10:55:00,Sep 20,10:55 AM ET,17h ago,home,Temple Owls,,0.0,0.0,49.5,0.0,0.0,,0.0,0.0
2026-09-21T03:55:47,cfb,cfb_20260925_army_black_nights_temple_owls,20260925CFB00216,DK,draftkings,first_full,2,2026-09-20T13:50:00,Sep 20,1:50 PM ET,14h ago,away,Army Black Nights,-3.0,100.0,100.0,50.5,100.0,100.0,-155.0,86.0,50.0
2026-09-21T03:55:47,cfb,cfb_20260925_army_black_nights_temple_owls,20260925CFB00216,DK,draftkings,first_full,2,2026-09-20T13:50:00,Sep 20,1:50 PM ET,14h ago,home,Temple Owls,3.0,0.0,0.0,50.5,0.0,0.0,130.0,14.0,50.0
2026-09-21T03:55:47,cfb,cfb_20260925_army_black_nights_temple_owls,20260925CFB00216,DK,draftkings,change,3,2026-09-21T02:25:00,Sep 21,2:25 AM ET,1h ago,away,Army Black Nights,-3.0,10.0,50.0,48.5,59.0,60.0,-162.0,70.0,63.0
2026-09-21T03:55:47,cfb,cfb_20260925_army_black_nights_temple_owls,20260925CFB00216,DK,draftkings,change,3,2026-09-21T02:25:00,Sep 21,2:25 AM ET,1h ago,home,Temple Owls,3.0,90.0,50.0,48.5,41.0,40.0,136.0,30.0,38.0
2026-09-21T03:55:47,cfb,cfb_20260925_army_black_nights_temple_owls,20260925CFB00216,DK,draftkings,change,4,2026-09-21T02:10:00,Sep 21,2:10 AM ET,1h ago,away,Army Black Nights,-3.0,10.0,53.0,48.5,59.0,60.0,-162.0,70.0,63.0
2026-09-21T03:55:47,cfb,cfb_20260925_army_black_nights_temple_owls,20260925CFB00216,DK,draftkings,change,4,2026-09-21T02:10:00,Sep 21,2:10 AM ET,1h ago,home,Temple Owls,3.0,90.0,47.0,48.5,41.0,40.0,136.0,30.0,38.0
2026-09-21T03:55:47,cfb,cfb_20260925_army_black_nights_temple_owls,20260925CFB00216,DK,draftkings,change,5,2026-09-21T01:50:00,Sep 21,1:50 AM ET,2h ago,away,Army Black Nights,-3.0,10.0,53.0,48.5,59.0,60.0,-162.0,62.0,61.0
2026-09-21T03:55:47,cfb,cfb_20260925_army_black_nights_temple_owls,20260925CFB00216,DK,draftkings,change,5,2026-09-21T01:50:00,Sep 21,1:50 AM ET,2h ago,home,Temple Owls,3.0,90.0,47.0,48.5,41.0,40.0,136.0,38.0,39.0
2026-09-21T03:55:47,cfb,cfb_20260925_army_black_nights_temple_owls,20260925CFB00216,DK,draftkings,change,6,2026-09-21T01:00:00,Sep 21,1:00 AM ET,2h ago,away,Army Black Nights,-3.0,10.0,53.0,48.5,59.0,60.0,-155.0,62.0,63.0
2026-09-21T03:55:47,cfb,cfb_20260925_army_black_nights_temple_owls,20260925CFB00216,DK,draftkings,change,6,2026-09-21T01:00:00,Sep 21,1:00 AM ET,2h ago,home,Temple Owls,3.0,90.0,47.0,48.5,41.0,40.0,130.0,38.0,37.0
2026-09-21T03:55:47,cfb,cfb_20260925_army_black_nights_temple_owls,20260925CFB00216,DK,draftkings,change,7,2026-09-21T00:45:00,Sep 21,12:45 AM ET,3h ago,away,Army Black Nights,-3.0,10.0,56.0,48.5,59.0,60.0,-155.0,62.0,63.0
2026-09-21T03:55:47,cfb,cfb_20260925_army_black_nights_temple_owls,20260925CFB00216,DK,draftkings,change,7,2026-09-21T00:45:00,Sep 21,12:45 AM ET,3h ago,home,Temple Owls,3.0,90.0,44.0,48.5,41.0,40.0,130.0,38.0,37.0
2026-09-21T03:55:47,cfb,cfb_20260925_army_black_nights_temple_owls,20260925CFB00216,DK,draftkings,change,8,2026-09-21T00:35:00,Sep 21,12:35 AM ET,3h ago,away,Army Black Nights,-3.0,10.0,56.0,48.5,59.0,60.0,-155.0,62.0,62.0
2026-09-21T03:55:47,cfb,cfb_20260925_army_black_nights_temple_owls,20260925CFB00216,DK,draftkings,change,8,2026-09-21T00:35:00,Sep 21,12:35 AM ET,3h ago,home,Temple Owls,3.0,90.0,44.0,48.5,41.0,40.0,130.0,38.0,38.0
2026-09-21T03:55:47,cfb,cfb_20260925_army_black_nights_temple_owls,20260925CFB00216,DK,draftkings,change,9,2026-09-21T00:30:00,Sep 21,12:30 AM ET,3h ago,away,Army Black Nights,-3.0,10.0,56.0,48.5,59.0,60.0,-155.0,65.0,64.0
2026-09-21T03:55:47,cfb,cfb_20260925_army_black_nights_temple_owls,20260925CFB00216,DK,draftkings,change,9,2026-09-21T00:30:00,Sep 21,12:30 AM ET,3h ago,home,Temple Owls,3.0,90.0,44.0,48.5,41.0,40.0,130.0,35.0,36.0
2026-09-21T03:55:47,cfb,cfb_20260925_army_black_nights_temple_owls,20260925CFB00216,DK,draftkings,change,10,2026-09-21T00:15:00,Sep 21,12:15 AM ET,3h ago,away,Army Black Nights,-3.0,10.0,53.0,48.5,59.0,60.0,-155.0,65.0,69.0
2026-09-21T03:55:47,cfb,cfb_20260925_army_black_nights_temple_owls,20260925CFB00216,DK,draftkings,change,10,2026-09-21T00:15:00,Sep 21,12:15 AM ET,3h ago,home,Temple Owls,3.0,90.0,47.0,48.5,41.0,40.0,130.0,35.0,31.0
2026-09-21T03:55:47,cfb,cfb_20260925_army_black_nights_temple_owls,20260925CFB00216,DK,draftkings,change,11,2026-09-21T00:10:00,Sep 21,12:10 AM ET,3h ago,away,Army Black Nights,-3.0,10.0,53.0,48.5,59.0,60.0,-155.0,65.0,68.0
2026-09-21T03:55:47,cfb,cfb_20260925_army_black_nights_temple_owls,20260925CFB00216,DK,draftkings,change,11,2026-09-21T00:10:00,Sep 21,12:10 AM ET,3h ago,home,Temple Owls,3.0,90.0,47.0,48.5,41.0,40.0,130.0,35.0,32.0
2026-09-21T03:55:47,cfb,cfb_20260925_army_black_nights_temple_owls,20260925CFB00216,DK,draftkings,change,12,2026-09-20T22:55:00,Sep 20,10:55 PM ET,5h ago,away,Army Black Nights,-3.0,14.0,54.0,48.5,58.0,50.0,-155.0,71.0,67.0
2026-09-21T03:55:47,cfb,cfb_20260925_army_black_nights_temple_owls,20260925CFB00216,DK,draftkings,change,12,2026-09-20T22:55:00,Sep 20,10:55 PM ET,5h ago,home,Temple Owls,3.0,86.0,46.0,48.5,42.0,50.0,130.0,29.0,33.0
2026-09-21T03:55:47,cfb,cfb_20260925_army_black_nights_temple_owls,20260925CFB00216,DK,draftkings,change,13,2026-09-20T22:10:00,Sep 20,10:10 PM ET,5h ago,away,Army Black Nights,-3.0,14.0,54.0,48.5,58.0,50.0,-155.0,71.0,65.0
2026-09-21T03:55:47,cfb,cfb_20260925_army_black_nights_temple_owls,20260925CFB00216,DK,draftkings,change,13,2026-09-20T22:10:00,Sep 20,10:10 PM ET,5h ago,home,Temple Owls,3.0,86.0,46.0,48.5,42.0,50.0,130.0,29.0,35.0
2026-09-21T03:55:47,cfb,cfb_20260925_army_black_nights_temple_owls,20260925CFB00216,DK,draftkings,change,14,2026-09-20T22:00:00,Sep 20,10:00 PM ET,5h ago,away,Army Black Nights,-3.0,14.0,50.0,48.5,58.0,50.0,-155.0,70.0,63.0
2026-09-21T03:55:47,cfb,cfb_20260925_army_black_nights_temple_owls,20260925CFB00216,DK,draftkings,change,14,2026-09-20T22:00:00,Sep 20,10:00 PM ET,5h ago,home,Temple Owls,3.0,86.0,50.0,48.5,42.0,50.0,130.0,30.0,37.0
2026-09-21T03:55:47,cfb,cfb_20260925_army_black_nights_temple_owls,20260925CFB00216,DK,draftkings,change,15,2026-09-20T21:50:00,Sep 20,9:50 PM ET,6h ago,away,Army Black Nights,-3.0,14.0,60.0,48.5,58.0,50.0,-155.0,71.0,67.0
2026-09-21T03:55:47,cfb,cfb_20260925_army_black_nights_temple_owls,20260925CFB00216,DK,draftkings,change,15,2026-09-20T21:50:00,Sep 20,9:50 PM ET,6h ago,home,Temple Owls,3.0,86.0,40.0,48.5,42.0,50.0,130.0,29.0,33.0
2026-09-21T03:55:47,cfb,cfb_20260925_army_black_nights_temple_owls,20260925CFB00216,DK,draftkings,change,16,2026-09-20T21:40:00,Sep 20,9:40 PM ET,6h ago,away,Army Black Nights,-3.0,14.0,56.0,48.5,58.0,50.0,-155.0,71.0,67.0
2026-09-21T03:55:47,cfb,cfb_20260925_army_black_nights_temple_owls,20260925CFB00216,DK,draftkings,change,16,2026-09-20T21:40:00,Sep 20,9:40 PM ET,6h ago,home,Temple Owls,3.0,86.0,44.0,48.5,42.0,50.0,130.0,29.0,33.0
2026-09-21T03:55:47,cfb,cfb_20260925_army_black_nights_temple_owls,20260925CFB00216,DK,draftkings,change,17,2026-09-20T21:30:00,Sep 20,9:30 PM ET,6h ago,away,Army Black Nights,-3.0,14.0,56.0,48.5,58.0,50.0,-155.0,98.0,69.0
2026-09-21T03:55:47,cfb,cfb_20260925_army_black_nights_temple_owls,20260925CFB00216,DK,draftkings,change,17,2026-09-20T21:30:00,Sep 20,9:30 PM ET,6h ago,home,Temple Owls,3.0,86.0,44.0,48.5,42.0,50.0,130.0,2.0,31.0
2026-09-21T03:55:47,cfb,cfb_20260925_army_black_nights_temple_owls,20260925CFB00216,DK,draftkings,change,18,2026-09-20T21:15:00,Sep 20,9:15 PM ET,6h ago,away,Army Black Nights,-3.0,15.0,63.0,48.5,58.0,50.0,-155.0,98.0,69.0
2026-09-21T03:55:47,cfb,cfb_20260925_army_black_nights_temple_owls,20260925CFB00216,DK,draftkings,change,18,2026-09-20T21:15:00,Sep 20,9:15 PM ET,6h ago,home,Temple Owls,3.0,85.0,38.0,48.5,42.0,50.0,130.0,2.0,31.0
2026-09-21T03:55:47,cfb,cfb_20260925_army_black_nights_temple_owls,20260925CFB00216,DK,draftkings,change,19,2026-09-20T20:55:00,Sep 20,8:55 PM ET,7h ago,away,Army Black Nights,-3.0,15.0,63.0,48.5,98.0,67.0,-155.0,98.0,67.0
2026-09-21T03:55:47,cfb,cfb_20260925_army_black_nights_temple_owls,20260925CFB00216,DK,draftkings,change,19,2026-09-20T20:55:00,Sep 20,8:55 PM ET,7h ago,home,Temple Owls,3.0,85.0,38.0,48.5,2.0,33.0,130.0,2.0,33.0
2026-09-21T03:55:47,cfb,cfb_20260925_army_black_nights_temple_owls,20260925CFB00216,DK,draftkings,change,20,2026-09-20T20:50:00,Sep 20,8:50 PM ET,7h ago,away,Army Black Nights,-3.0,51.0,71.0,48.5,98.0,67.0,-155.0,98.0,67.0
2026-09-21T03:55:47,cfb,cfb_20260925_army_black_nights_temple_owls,20260925CFB00216,DK,draftkings,change,20,2026-09-20T20:50:00,Sep 20,8:50 PM ET,7h ago,home,Temple Owls,3.0,49.0,29.0,48.5,2.0,33.0,130.0,2.0,33.0
2026-09-21T03:55:47,cfb,cfb_20260925_army_black_nights_temple_owls,20260925CFB00216,DK,draftkings,change,21,2026-09-20T20:20:00,Sep 20,8:20 PM ET,7h ago,away,Army Black Nights,-3.0,48.0,67.0,48.5,98.0,67.0,-155.0,98.0,64.0
2026-09-21T03:55:47,cfb,cfb_20260925_army_black_nights_temple_owls,20260925CFB00216,DK,draftkings,change,21,2026-09-20T20:20:00,Sep 20,8:20 PM ET,7h ago,home,Temple Owls,3.0,52.0,33.0,48.5,2.0,33.0,130.0,2.0,36.0
2026-09-21T03:55:47,cfb,cfb_20260925_army_black_nights_temple_owls,20260925CFB00216,DK,draftkings,change,22,2026-09-20T20:10:00,Sep 20,8:10 PM ET,7h ago,away,Army Black Nights,-3.0,19.0,60.0,49.5,98.0,67.0,-155.0,98.0,62.0
2026-09-21T03:55:47,cfb,cfb_20260925_army_black_nights_temple_owls,20260925CFB00216,DK,draftkings,change,22,2026-09-20T20:10:00,Sep 20,8:10 PM ET,7h ago,home,Temple Owls,3.0,81.0,40.0,49.5,2.0,33.0,130.0,2.0,38.0
2026-09-21T03:55:47,cfb,cfb_20260925_army_black_nights_temple_owls,20260925CFB00216,DK,draftkings,change,23,2026-09-20T19:55:00,Sep 20,7:55 PM ET,8h ago,away,Army Black Nights,-3.0,19.0,60.0,49.5,98.0,67.0,-155.0,99.0,67.0
2026-09-21T03:55:47,cfb,cfb_20260925_army_black_nights_temple_owls,20260925CFB00216,DK,draftkings,change,23,2026-09-20T19:55:00,Sep 20,7:55 PM ET,8h ago,home,Temple Owls,3.0,81.0,40.0,49.5,2.0,33.0,130.0,1.0,33.0
2026-09-21T03:55:47,cfb,cfb_20260925_army_black_nights_temple_owls,20260925CFB00216,DK,draftkings,change,24,2026-09-20T19:50:00,Sep 20,7:50 PM ET,8h ago,away,Army Black Nights,-3.0,19.0,60.0,49.5,98.0,67.0,-155.0,97.0,64.0
2026-09-21T03:55:47,cfb,cfb_20260925_army_black_nights_temple_owls,20260925CFB00216,DK,draftkings,change,24,2026-09-20T19:50:00,Sep 20,7:50 PM ET,8h ago,home,Temple Owls,3.0,81.0,40.0,49.5,2.0,33.0,130.0,3.0,36.0
2026-09-21T03:55:47,cfb,cfb_20260925_army_black_nights_temple_owls,20260925CFB00216,DK,draftkings,change,25,2026-09-20T19:40:00,Sep 20,7:40 PM ET,8h ago,away,Army Black Nights,-3.0,19.0,60.0,49.5,100.0,100.0,-155.0,97.0,67.0
2026-09-21T03:55:47,cfb,cfb_20260925_army_black_nights_temple_owls,20260925CFB00216,DK,draftkings,change,25,2026-09-20T19:40:00,Sep 20,7:40 PM ET,8h ago,home,Temple Owls,3.0,81.0,40.0,49.5,0.0,0.0,130.0,3.0,33.0
2026-09-21T03:55:47,cfb,cfb_20260925_army_black_nights_temple_owls,20260925CFB00216,DK,draftkings,change,26,2026-09-20T19:30:00,Sep 20,7:30 PM ET,8h ago,away,Army Black Nights,-3.0,19.0,60.0,49.5,100.0,100.0,-155.0,96.0,57.0
2026-09-21T03:55:47,cfb,cfb_20260925_army_black_nights_temple_owls,20260925CFB00216,DK,draftkings,change,26,2026-09-20T19:30:00,Sep 20,7:30 PM ET,8h ago,home,Temple Owls,3.0,81.0,40.0,49.5,0.0,0.0,130.0,4.0,43.0
2026-09-21T03:55:47,cfb,cfb_20260925_army_black_nights_temple_owls,20260925CFB00216,DK,draftkings,change,27,2026-09-20T19:10:00,Sep 20,7:10 PM ET,8h ago,away,Army Black Nights,-3.0,19.0,75.0,49.5,100.0,100.0,-155.0,96.0,57.0
2026-09-21T03:55:47,cfb,cfb_20260925_army_black_nights_temple_owls,20260925CFB00216,DK,draftkings,change,27,2026-09-20T19:10:00,Sep 20,7:10 PM ET,8h ago,home,Temple Owls,3.0,81.0,25.0,49.5,0.0,0.0,130.0,4.0,43.0
2026-09-21T03:55:49,cfb,cfb_20260925_army_black_nights_temple_owls,20260925CFB00216,CIRCA,circa,open,1,2026-09-20T15:00:00,Sep 20,3:00 PM ET,12h ago,away,Army Black Nights,-3.0,0.0,0.0,49.5,33.0,50.0,,50.0,50.0
2026-09-21T03:55:49,cfb,cfb_20260925_army_black_nights_temple_owls,20260925CFB00216,CIRCA,circa,open,1,2026-09-20T15:00:00,Sep 20,3:00 PM ET,12h ago,home,Temple Owls,3.0,100.0,100.0,49.5,67.0,50.0,,50.0,50.0
2026-09-21T03:55:49,cfb,cfb_20260925_army_black_nights_temple_owls,20260925CFB00216,CIRCA,circa,first_full,2,2026-09-20T15:15:00,Sep 20,3:15 PM ET,12h ago,away,Army Black Nights,-3.5,25.0,50.0,49.5,33.0,50.0,,50.0,50.0
2026-09-21T03:55:49,cfb,cfb_20260925_army_black_nights_temple_owls,20260925CFB00216,CIRCA,circa,first_full,2,2026-09-20T15:15:00,Sep 20,3:15 PM ET,12h ago,home,Temple Owls,3.5,75.0,50.0,49.5,67.0,50.0,,50.0,50.0
2026-09-21T03:55:49,cfb,cfb_20260925_army_black_nights_temple_owls,20260925CFB00216,CIRCA,circa,change,3,2026-09-20T15:20:00,Sep 20,3:20 PM ET,12h ago,away,Army Black Nights,-3.0,14.0,33.0,49.5,33.0,50.0,,50.0,50.0
2026-09-21T03:55:49,cfb,cfb_20260925_army_black_nights_temple_owls,20260925CFB00216,CIRCA,circa,change,3,2026-09-20T15:20:00,Sep 20,3:20 PM ET,12h ago,home,Temple Owls,3.0,86.0,67.0,49.5,67.0,50.0,,50.0,50.0
2026-09-21T03:55:49,cfb,cfb_20260925_army_black_nights_temple_owls,20260925CFB00216,CIRCA,circa,change,4,2026-09-20T15:15:00,Sep 20,3:15 PM ET,12h ago,away,Army Black Nights,-3.5,25.0,50.0,49.5,33.0,50.0,,50.0,50.0
2026-09-21T03:55:49,cfb,cfb_20260925_army_black_nights_temple_owls,20260925CFB00216,CIRCA,circa,change,4,2026-09-20T15:15:00,Sep 20,3:15 PM ET,12h ago,home,Temple Owls,3.5,75.0,50.0,49.5,67.0,50.0,,50.0,50.0
2026-09-21T03:55:49,cfb,cfb_20260925_army_black_nights_temple_owls,20260925CFB00216,CIRCA,circa,change,5,2026-09-20T15:00:00,Sep 20,3:00 PM ET,12h ago,away,Army Black Nights,-3.0,0.0,0.0,49.5,33.0,50.0,,50.0,50.0
2026-09-21T03:55:49,cfb,cfb_20260925_army_black_nights_temple_owls,20260925CFB00216,CIRCA,circa,change,5,2026-09-20T15:00:00,Sep 20,3:00 PM ET,12h ago,home,Temple Owls,3.0,100.0,100.0,49.5,67.0,50.0,,50.0,50.0
2026-09-21T03:55:50,cfb,cfb_20260925_navy_midshipmen_uab_blazers,20260925CFB00226,DK,draftkings,open,1,2026-09-20T10:30:00,Sep 20,10:30 AM ET,17h ago,away,Navy Midshipmen,-11.5,0.0,0.0,,0.0,0.0,,0.0,0.0
2026-09-21T03:55:50,cfb,cfb_20260925_navy_midshipmen_uab_blazers,20260925CFB00226,DK,draftkings,open,1,2026-09-20T10:30:00,Sep 20,10:30 AM ET,17h ago,home,UAB Blazers,11.5,100.0,100.0,,0.0,0.0,,0.0,0.0
2026-09-21T03:55:50,cfb,cfb_20260925_navy_midshipmen_uab_blazers,20260925CFB00226,DK,draftkings,first_full,2,2026-09-20T16:30:00,Sep 20,4:30 PM ET,11h ago,away,Navy Midshipmen,-10.0,45.0,33.0,52.5,1.0,50.0,-440.0,1.0,83.0
2026-09-21T03:55:50,cfb,cfb_20260925_navy_midshipmen_uab_blazers,20260925CFB00226,DK,draftkings,first_full,2,2026-09-20T16:30:00,Sep 20,4:30 PM ET,11h ago,home,UAB Blazers,10.0,55.0,67.0,52.5,99.0,50.0,340.0,99.0,17.0
2026-09-21T03:55:50,cfb,cfb_20260925_navy_midshipmen_uab_blazers,20260925CFB00226,DK,draftkings,change,3,2026-09-21T03:40:00,Sep 21,3:40 AM ET,15m ago,away,Navy Midshipmen,-7.0,39.0,43.0,51.5,2.0,67.0,-290.0,7.0,88.0
2026-09-21T03:55:50,cfb,cfb_20260925_navy_midshipmen_uab_blazers,20260925CFB00226,DK,draftkings,change,3,2026-09-21T03:40:00,Sep 21,3:40 AM ET,15m ago,home,UAB Blazers,7.0,61.0,57.0,51.5,98.0,33.0,235.0,93.0,12.0
2026-09-21T03:55:50,cfb,cfb_20260925_navy_midshipmen_uab_blazers,20260925CFB00226,DK,draftkings,change,4,2026-09-21T02:25:00,Sep 21,2:25 AM ET,1h ago,away,Navy Midshipmen,-7.0,39.0,43.0,51.5,2.0,67.0,-290.0,6.0,88.0
2026-09-21T03:55:50,cfb,cfb_20260925_navy_midshipmen_uab_blazers,20260925CFB00226,DK,draftkings,change,4,2026-09-21T02:25:00,Sep 21,2:25 AM ET,1h ago,home,UAB Blazers,7.0,61.0,57.0,51.5,98.0,33.0,235.0,94.0,13.0
2026-09-21T03:55:50,cfb,cfb_20260925_navy_midshipmen_uab_blazers,20260925CFB00226,DK,draftkings,change,5,2026-09-21T01:25:00,Sep 21,1:25 AM ET,2h ago,away,Navy Midshipmen,-7.0,39.0,46.0,51.5,2.0,67.0,-290.0,6.0,88.0
2026-09-21T03:55:50,cfb,cfb_20260925_navy_midshipmen_uab_blazers,20260925CFB00226,DK,draftkings,change,5,2026-09-21T01:25:00,Sep 21,1:25 AM ET,2h ago,home,UAB Blazers,7.0,61.0,54.0,51.5,98.0,33.0,235.0,94.0,13.0
2026-09-21T03:55:50,cfb,cfb_20260925_navy_midshipmen_uab_blazers,20260925CFB00226,DK,draftkings,change,6,2026-09-21T01:00:00,Sep 21,1:00 AM ET,2h ago,away,Navy Midshipmen,-7.0,35.0,42.0,51.5,2.0,67.0,-290.0,6.0,88.0
2026-09-21T03:55:50,cfb,cfb_20260925_navy_midshipmen_uab_blazers,20260925CFB00226,DK,draftkings,change,6,2026-09-21T01:00:00,Sep 21,1:00 AM ET,2h ago,home,UAB Blazers,7.0,65.0,58.0,51.5,98.0,33.0,235.0,94.0,13.0
2026-09-21T03:55:50,cfb,cfb_20260925_navy_midshipmen_uab_blazers,20260925CFB00226,DK,draftkings,change,7,2026-09-21T00:35:00,Sep 21,12:35 AM ET,3h ago,away,Navy Midshipmen,-7.0,35.0,42.0,51.5,2.0,67.0,-290.0,6.0,87.0
2026-09-21T03:55:50,cfb,cfb_20260925_navy_midshipmen_uab_blazers,20260925CFB00226,DK,draftkings,change,7,2026-09-21T00:35:00,Sep 21,12:35 AM ET,3h ago,home,UAB Blazers,7.0,65.0,58.0,51.5,98.0,33.0,235.0,94.0,13.0
2026-09-21T03:55:50,cfb,cfb_20260925_navy_midshipmen_uab_blazers,20260925CFB00226,DK,draftkings,change,8,2026-09-21T00:30:00,Sep 21,12:30 AM ET,3h ago,away,Navy Midshipmen,-7.0,35.0,42.0,51.5,2.0,67.0,-290.0,7.0,90.0
2026-09-21T03:55:50,cfb,cfb_20260925_navy_midshipmen_uab_blazers,20260925CFB00226,DK,draftkings,change,8,2026-09-21T00:30:00,Sep 21,12:30 AM ET,3h ago,home,UAB Blazers,7.0,65.0,58.0,51.5,98.0,33.0,235.0,93.0,10.0
2026-09-21T03:55:50,cfb,cfb_20260925_navy_midshipmen_uab_blazers,20260925CFB00226,DK,draftkings,change,9,2026-09-21T00:10:00,Sep 21,12:10 AM ET,3h ago,away,Navy Midshipmen,-7.0,35.0,42.0,51.5,2.0,67.0,-290.0,6.0,89.0
2026-09-21T03:55:50,cfb,cfb_20260925_navy_midshipmen_uab_blazers,20260925CFB00226,DK,draftkings,change,9,2026-09-21T00:10:00,Sep 21,12:10 AM ET,3h ago,home,UAB Blazers,7.0,65.0,58.0,51.5,98.0,33.0,235.0,94.0,11.0
2026-09-21T03:55:50,cfb,cfb_20260925_navy_midshipmen_uab_blazers,20260925CFB00226,DK,draftkings,change,10,2026-09-20T23:10:00,Sep 20,11:10 PM ET,4h ago,away,Navy Midshipmen,-7.0,46.0,45.0,51.5,1.0,50.0,-290.0,6.0,90.0
2026-09-21T03:55:50,cfb,cfb_20260925_navy_midshipmen_uab_blazers,20260925CFB00226,DK,draftkings,change,10,2026-09-20T23:10:00,Sep 20,11:10 PM ET,4h ago,home,UAB Blazers,7.0,54.0,55.0,51.5,99.0,50.0,235.0,94.0,10.0
2026-09-21T03:55:50,cfb,cfb_20260925_navy_midshipmen_uab_blazers,20260925CFB00226,DK,draftkings,change,11,2026-09-20T22:30:00,Sep 20,10:30 PM ET,5h ago,away,Navy Midshipmen,-7.0,46.0,50.0,51.5,1.0,50.0,-290.0,6.0,90.0
2026-09-21T03:55:50,cfb,cfb_20260925_navy_midshipmen_uab_blazers,20260925CFB00226,DK,draftkings,change,11,2026-09-20T22:30:00,Sep 20,10:30 PM ET,5h ago,home,UAB Blazers,7.0,54.0,50.0,51.5,99.0,50.0,235.0,94.0,10.0
2026-09-21T03:55:50,cfb,cfb_20260925_navy_midshipmen_uab_blazers,20260925CFB00226,DK,draftkings,change,12,2026-09-20T22:10:00,Sep 20,10:10 PM ET,5h ago,away,Navy Midshipmen,-7.0,46.0,56.0,51.5,1.0,50.0,-290.0,6.0,90.0
2026-09-21T03:55:50,cfb,cfb_20260925_navy_midshipmen_uab_blazers,20260925CFB00226,DK,draftkings,change,12,2026-09-20T22:10:00,Sep 20,10:10 PM ET,5h ago,home,UAB Blazers,7.0,54.0,44.0,51.5,99.0,50.0,235.0,94.0,10.0
2026-09-21T03:55:50,cfb,cfb_20260925_navy_midshipmen_uab_blazers,20260925CFB00226,DK,draftkings,change,13,2026-09-20T22:00:00,Sep 20,10:00 PM ET,5h ago,away,Navy Midshipmen,-7.5,46.0,50.0,51.5,1.0,50.0,-290.0,6.0,89.0
2026-09-21T03:55:50,cfb,cfb_20260925_navy_midshipmen_uab_blazers,20260925CFB00226,DK,draftkings,change,13,2026-09-20T22:00:00,Sep 20,10:00 PM ET,5h ago,home,UAB Blazers,7.5,54.0,50.0,51.5,99.0,50.0,235.0,94.0,11.0
2026-09-21T03:55:50,cfb,cfb_20260925_navy_midshipmen_uab_blazers,20260925CFB00226,DK,draftkings,change,14,2026-09-20T21:40:00,Sep 20,9:40 PM ET,6h ago,away,Navy Midshipmen,-7.5,46.0,43.0,51.5,1.0,50.0,-290.0,6.0,94.0
2026-09-21T03:55:50,cfb,cfb_20260925_navy_midshipmen_uab_blazers,20260925CFB00226,DK,draftkings,change,14,2026-09-20T21:40:00,Sep 20,9:40 PM ET,6h ago,home,UAB Blazers,7.5,54.0,57.0,51.5,99.0,50.0,235.0,94.0,6.0
2026-09-21T03:55:50,cfb,cfb_20260925_navy_midshipmen_uab_blazers,20260925CFB00226,DK,draftkings,change,15,2026-09-20T19:50:00,Sep 20,7:50 PM ET,8h ago,away,Navy Midshipmen,-7.5,46.0,43.0,51.5,1.0,50.0,-305.0,6.0,93.0
2026-09-21T03:55:50,cfb,cfb_20260925_navy_midshipmen_uab_blazers,20260925CFB00226,DK,draftkings,change,15,2026-09-20T19:50:00,Sep 20,7:50 PM ET,8h ago,home,UAB Blazers,7.5,54.0,57.0,51.5,99.0,50.0,245.0,94.0,7.0
2026-09-21T03:55:50,cfb,cfb_20260925_navy_midshipmen_uab_blazers,20260925CFB00226,DK,draftkings,change,16,2026-09-20T19:40:00,Sep 20,7:40 PM ET,8h ago,away,Navy Midshipmen,-7.5,46.0,33.0,51.5,1.0,50.0,-305.0,6.0,93.0
2026-09-21T03:55:50,cfb,cfb_20260925_navy_midshipmen_uab_blazers,20260925CFB00226,DK,draftkings,change,16,2026-09-20T19:40:00,Sep 20,7:40 PM ET,8h ago,home,UAB Blazers,7.5,54.0,67.0,51.5,99.0,50.0,245.0,94.0,7.0
2026-09-21T03:55:50,cfb,cfb_20260925_navy_midshipmen_uab_blazers,20260925CFB00226,DK,draftkings,change,17,2026-09-20T19:10:00,Sep 20,7:10 PM ET,8h ago,away,Navy Midshipmen,-7.5,46.0,33.0,51.5,1.0,50.0,-305.0,6.0,92.0
2026-09-21T03:55:50,cfb,cfb_20260925_navy_midshipmen_uab_blazers,20260925CFB00226,DK,draftkings,change,17,2026-09-20T19:10:00,Sep 20,7:10 PM ET,8h ago,home,UAB Blazers,7.5,54.0,67.0,51.5,99.0,50.0,245.0,94.0,8.0
2026-09-21T03:55:50,cfb,cfb_20260925_navy_midshipmen_uab_blazers,20260925CFB00226,DK,draftkings,change,18,2026-09-20T19:05:00,Sep 20,7:05 PM ET,8h ago,away,Navy Midshipmen,-7.5,45.0,20.0,51.5,1.0,50.0,-345.0,5.0,91.0
2026-09-21T03:55:50,cfb,cfb_20260925_navy_midshipmen_uab_blazers,20260925CFB00226,DK,draftkings,change,18,2026-09-20T19:05:00,Sep 20,7:05 PM ET,8h ago,home,UAB Blazers,7.5,55.0,80.0,51.5,99.0,50.0,275.0,95.0,9.0
2026-09-21T03:55:50,cfb,cfb_20260925_navy_midshipmen_uab_blazers,20260925CFB00226,DK,draftkings,change,19,2026-09-20T18:25:00,Sep 20,6:25 PM ET,9h ago,away,Navy Midshipmen,-7.5,45.0,20.0,51.5,1.0,50.0,-375.0,5.0,90.0
2026-09-21T03:55:50,cfb,cfb_20260925_navy_midshipmen_uab_blazers,20260925CFB00226,DK,draftkings,change,19,2026-09-20T18:25:00,Sep 20,6:25 PM ET,9h ago,home,UAB Blazers,7.5,55.0,80.0,51.5,99.0,50.0,295.0,95.0,10.0
2026-09-21T03:55:50,cfb,cfb_20260925_navy_midshipmen_uab_blazers,20260925CFB00226,DK,draftkings,change,20,2026-09-20T18:15:00,Sep 20,6:15 PM ET,9h ago,away,Navy Midshipmen,-7.5,45.0,20.0,51.5,1.0,50.0,-375.0,5.0,89.0
2026-09-21T03:55:50,cfb,cfb_20260925_navy_midshipmen_uab_blazers,20260925CFB00226,DK,draftkings,change,20,2026-09-20T18:15:00,Sep 20,6:15 PM ET,9h ago,home,UAB Blazers,7.5,55.0,80.0,51.5,99.0,50.0,295.0,95.0,11.0
2026-09-21T03:55:50,cfb,cfb_20260925_navy_midshipmen_uab_blazers,20260925CFB00226,DK,draftkings,change,21,2026-09-20T17:40:00,Sep 20,5:40 PM ET,10h ago,away,Navy Midshipmen,-7.5,45.0,25.0,51.5,1.0,50.0,-375.0,5.0,89.0
2026-09-21T03:55:50,cfb,cfb_20260925_navy_midshipmen_uab_blazers,20260925CFB00226,DK,draftkings,change,21,2026-09-20T17:40:00,Sep 20,5:40 PM ET,10h ago,home,UAB Blazers,7.5,55.0,75.0,51.5,99.0,50.0,295.0,95.0,11.0
2026-09-21T03:55:50,cfb,cfb_20260925_navy_midshipmen_uab_blazers,20260925CFB00226,DK,draftkings,change,22,2026-09-20T17:30:00,Sep 20,5:30 PM ET,10h ago,away,Navy Midshipmen,-7.5,45.0,25.0,51.5,1.0,50.0,-375.0,5.0,88.0
2026-09-21T03:55:50,cfb,cfb_20260925_navy_midshipmen_uab_blazers,20260925CFB00226,DK,draftkings,change,22,2026-09-20T17:30:00,Sep 20,5:30 PM ET,10h ago,home,UAB Blazers,7.5,55.0,75.0,51.5,99.0,50.0,295.0,95.0,13.0
2026-09-21T03:55:50,cfb,cfb_20260925_navy_midshipmen_uab_blazers,20260925CFB00226,DK,draftkings,change,23,2026-09-20T17:10:00,Sep 20,5:10 PM ET,10h ago,away,Navy Midshipmen,-7.5,45.0,33.0,51.5,1.0,50.0,-375.0,5.0,88.0
2026-09-21T03:55:50,cfb,cfb_20260925_navy_midshipmen_uab_blazers,20260925CFB00226,DK,draftkings,change,23,2026-09-20T17:10:00,Sep 20,5:10 PM ET,10h ago,home,UAB Blazers,7.5,55.0,67.0,51.5,99.0,50.0,295.0,95.0,13.0
2026-09-21T03:55:50,cfb,cfb_20260925_navy_midshipmen_uab_blazers,20260925CFB00226,DK,draftkings,change,24,2026-09-20T16:50:00,Sep 20,4:50 PM ET,11h ago,away,Navy Midshipmen,-9.5,45.0,33.0,52.5,1.0,50.0,-440.0,1.0,86.0
2026-09-21T03:55:50,cfb,cfb_20260925_navy_midshipmen_uab_blazers,20260925CFB00226,DK,draftkings,change,24,2026-09-20T16:50:00,Sep 20,4:50 PM ET,11h ago,home,UAB Blazers,9.5,55.0,67.0,52.5,99.0,50.0,340.0,99.0,14.0
2026-09-21T03:55:50,cfb,cfb_20260925_navy_midshipmen_uab_blazers,20260925CFB00226,DK,draftkings,change,25,2026-09-20T16:30:00,Sep 20,4:30 PM ET,11h ago,away,Navy Midshipmen,-10.0,45.0,33.0,52.5,1.0,50.0,-440.0,1.0,83.0
2026-09-21T03:55:50,cfb,cfb_20260925_navy_midshipmen_uab_blazers,20260925CFB00226,DK,draftkings,change,25,2026-09-20T16:30:00,Sep 20,4:30 PM ET,11h ago,home,UAB Blazers,10.0,55.0,67.0,52.5,99.0,50.0,340.0,99.0,17.0
2026-09-21T03:55:50,cfb,cfb_20260925_navy_midshipmen_uab_blazers,20260925CFB00226,DK,draftkings,change,26,2026-09-20T16:05:00,Sep 20,4:05 PM ET,11h ago,away,Navy Midshipmen,-10.0,45.0,33.0,52.5,1.0,50.0,-440.0,0.0,75.0
2026-09-21T03:55:50,cfb,cfb_20260925_navy_midshipmen_uab_blazers,20260925CFB00226,DK,draftkings,change,26,2026-09-20T16:05:00,Sep 20,4:05 PM ET,11h ago,home,UAB Blazers,10.0,55.0,67.0,52.5,99.0,50.0,340.0,100.0,25.0
2026-09-21T03:55:50,cfb,cfb_20260925_navy_midshipmen_uab_blazers,20260925CFB00226,DK,draftkings,change,27,2026-09-20T15:40:00,Sep 20,3:40 PM ET,12h ago,away,Navy Midshipmen,-10.0,45.0,33.0,52.5,1.0,50.0,-440.0,0.0,67.0
2026-09-21T03:55:50,cfb,cfb_20260925_navy_midshipmen_uab_blazers,20260925CFB00226,DK,draftkings,change,27,2026-09-20T15:40:00,Sep 20,3:40 PM ET,12h ago,home,UAB Blazers,10.0,55.0,67.0,52.5,99.0,50.0,340.0,100.0,33.0
2026-09-21T03:55:51,cfb,cfb_20260925_navy_midshipmen_uab_blazers,20260925CFB00226,CIRCA,circa,open,1,2026-09-20T15:00:00,Sep 20,3:00 PM ET,12h ago,away,Navy Midshipmen,-10.0,0.0,0.0,52.5,50.0,50.0,,50.0,50.0
2026-09-21T03:55:51,cfb,cfb_20260925_navy_midshipmen_uab_blazers,20260925CFB00226,CIRCA,circa,open,1,2026-09-20T15:00:00,Sep 20,3:00 PM ET,12h ago,home,UAB Blazers,10.0,100.0,100.0,52.5,50.0,50.0,,50.0,50.0
2026-09-21T03:55:51,cfb,cfb_20260925_navy_midshipmen_uab_blazers,20260925CFB00226,CIRCA,circa,change,2,2026-09-20T15:00:00,Sep 20,3:00 PM ET,12h ago,away,Navy Midshipmen,-10.0,0.0,0.0,52.5,50.0,50.0,,50.0,50.0
2026-09-21T03:55:51,cfb,cfb_20260925_navy_midshipmen_uab_blazers,20260925CFB00226,CIRCA,circa,change,2,2026-09-20T15:00:00,Sep 20,3:00 PM ET,12h ago,home,UAB Blazers,10.0,100.0,100.0,52.5,50.0,50.0,,50.0,50.0
2026-09-21T03:55:52,cfb,cfb_20260925_northwestern_wildcats_indiana_hoosiers,20260925CFB00161,DK,draftkings,open,1,2026-09-20T03:20:00,Sep 20,3:20 AM ET,1d ago,away,Northwestern Wildcats,,0.0,0.0,,0.0,0.0,1.0,0.0,0.0
2026-09-21T03:55:52,cfb,cfb_20260925_northwestern_wildcats_indiana_hoosiers,20260925CFB00161,DK,draftkings,open,1,2026-09-20T03:20:00,Sep 20,3:20 AM ET,1d ago,home,Indiana Hoosiers,,0.0,0.0,,0.0,0.0,-4.0,100.0,100.0
2026-09-21T03:55:52,cfb,cfb_20260925_northwestern_wildcats_indiana_hoosiers,20260925CFB00161,DK,draftkings,first_full,2,2026-09-20T06:35:00,Sep 20,6:35 AM ET,21h ago,away,Northwestern Wildcats,23.5,20.0,40.0,47.5,100.0,100.0,1.0,44.0,17.0
2026-09-21T03:55:52,cfb,cfb_20260925_northwestern_wildcats_indiana_hoosiers,20260925CFB00161,DK,draftkings,first_full,2,2026-09-20T06:35:00,Sep 20,6:35 AM ET,21h ago,home,Indiana Hoosiers,-23.5,80.0,60.0,47.5,0.0,0.0,-4.0,56.0,83.0
2026-09-21T03:55:52,cfb,cfb_20260925_northwestern_wildcats_indiana_hoosiers,20260925CFB00161,DK,draftkings,change,3,2026-09-21T02:30:00,Sep 21,2:30 AM ET,1h ago,away,Northwestern Wildcats,21.0,85.0,35.0,49.5,100.0,100.0,1.0,22.0,3.0
2026-09-21T03:55:52,cfb,cfb_20260925_northwestern_wildcats_indiana_hoosiers,20260925CFB00161,DK,draftkings,change,3,2026-09-21T02:30:00,Sep 21,2:30 AM ET,1h ago,home,Indiana Hoosiers,-21.0,15.0,65.0,49.5,0.0,0.0,-1.0,78.0,97.0
2026-09-21T03:55:52,cfb,cfb_20260925_northwestern_wildcats_indiana_hoosiers,20260925CFB00161,DK,draftkings,change,4,2026-09-21T02:25:00,Sep 21,2:25 AM ET,1h ago,away,Northwestern Wildcats,21.0,85.0,36.0,49.5,100.0,100.0,1.0,22.0,3.0
2026-09-21T03:55:52,cfb,cfb_20260925_northwestern_wildcats_indiana_hoosiers,20260925CFB00161,DK,draftkings,change,4,2026-09-21T02:25:00,Sep 21,2:25 AM ET,1h ago,home,Indiana Hoosiers,-21.0,15.0,64.0,49.5,0.0,0.0,-1.0,78.0,97.0
2026-09-21T03:55:52,cfb,cfb_20260925_northwestern_wildcats_indiana_hoosiers,20260925CFB00161,DK,draftkings,change,5,2026-09-21T01:35:00,Sep 21,1:35 AM ET,2h ago,away,Northwestern Wildcats,21.0,85.0,35.0,49.5,100.0,100.0,1.0,22.0,3.0
2026-09-21T03:55:52,cfb,cfb_20260925_northwestern_wildcats_indiana_hoosiers,20260925CFB00161,DK,draftkings,change,5,2026-09-21T01:35:00,Sep 21,1:35 AM ET,2h ago,home,Indiana Hoosiers,-21.0,15.0,65.0,49.5,0.0,0.0,-1.0,78.0,97.0
2026-09-21T03:55:52,cfb,cfb_20260925_northwestern_wildcats_indiana_hoosiers,20260925CFB00161,DK,draftkings,change,6,2026-09-21T00:30:00,Sep 21,12:30 AM ET,3h ago,away,Northwestern Wildcats,21.0,86.0,36.0,49.5,100.0,100.0,1.0,22.0,3.0
2026-09-21T03:55:52,cfb,cfb_20260925_northwestern_wildcats_indiana_hoosiers,20260925CFB00161,DK,draftkings,change,6,2026-09-21T00:30:00,Sep 21,12:30 AM ET,3h ago,home,Indiana Hoosiers,-21.0,14.0,64.0,49.5,0.0,0.0,-1.0,78.0,97.0
2026-09-21T03:55:52,cfb,cfb_20260925_northwestern_wildcats_indiana_hoosiers,20260925CFB00161,DK,draftkings,change,7,2026-09-21T00:15:00,Sep 21,12:15 AM ET,3h ago,away,Northwestern Wildcats,21.5,86.0,37.0,49.5,100.0,100.0,1.0,22.0,3.0
2026-09-21T03:55:52,cfb,cfb_20260925_northwestern_wildcats_indiana_hoosiers,20260925CFB00161,DK,draftkings,change,7,2026-09-21T00:15:00,Sep 21,12:15 AM ET,3h ago,home,Indiana Hoosiers,-21.5,14.0,63.0,49.5,0.0,0.0,-1.0,78.0,97.0
2026-09-21T03:55:52,cfb,cfb_20260925_northwestern_wildcats_indiana_hoosiers,20260925CFB00161,DK,draftkings,change,8,2026-09-21T00:10:00,Sep 21,12:10 AM ET,3h ago,away,Northwestern Wildcats,21.5,86.0,36.0,49.5,100.0,100.0,1.0,22.0,3.0
2026-09-21T03:55:52,cfb,cfb_20260925_northwestern_wildcats_indiana_hoosiers,20260925CFB00161,DK,draftkings,change,8,2026-09-21T00:10:00,Sep 21,12:10 AM ET,3h ago,home,Indiana Hoosiers,-21.5,14.0,64.0,49.5,0.0,0.0,-1.0,78.0,97.0
2026-09-21T03:55:52,cfb,cfb_20260925_northwestern_wildcats_indiana_hoosiers,20260925CFB00161,DK,draftkings,change,9,2026-09-21T00:00:00,Sep 21,12:00 AM ET,3h ago,away,Northwestern Wildcats,21.5,86.0,35.0,49.5,100.0,100.0,1.0,22.0,4.0
2026-09-21T03:55:52,cfb,cfb_20260925_northwestern_wildcats_indiana_hoosiers,20260925CFB00161,DK,draftkings,change,9,2026-09-21T00:00:00,Sep 21,12:00 AM ET,3h ago,home,Indiana Hoosiers,-21.5,14.0,65.0,49.5,0.0,0.0,-1.0,78.0,96.0
2026-09-21T03:55:52,cfb,cfb_20260925_northwestern_wildcats_indiana_hoosiers,20260925CFB00161,DK,draftkings,change,10,2026-09-20T23:45:00,Sep 20,11:45 PM ET,4h ago,away,Northwestern Wildcats,21.5,86.0,33.0,49.5,100.0,100.0,1.0,22.0,4.0
2026-09-21T03:55:52,cfb,cfb_20260925_northwestern_wildcats_indiana_hoosiers,20260925CFB00161,DK,draftkings,change,10,2026-09-20T23:45:00,Sep 20,11:45 PM ET,4h ago,home,Indiana Hoosiers,-21.5,14.0,67.0,49.5,0.0,0.0,-1.0,78.0,96.0
2026-09-21T03:55:52,cfb,cfb_20260925_northwestern_wildcats_indiana_hoosiers,20260925CFB00161,DK,draftkings,change,11,2026-09-20T23:15:00,Sep 20,11:15 PM ET,4h ago,away,Northwestern Wildcats,21.5,87.0,34.0,49.5,100.0,100.0,1.0,22.0,4.0
2026-09-21T03:55:52,cfb,cfb_20260925_northwestern_wildcats_indiana_hoosiers,20260925CFB00161,DK,draftkings,change,11,2026-09-20T23:15:00,Sep 20,11:15 PM ET,4h ago,home,Indiana Hoosiers,-21.5,13.0,66.0,49.5,0.0,0.0,-1.0,78.0,96.0
2026-09-21T03:55:52,cfb,cfb_20260925_northwestern_wildcats_indiana_hoosiers,20260925CFB00161,DK,draftkings,change,12,2026-09-20T23:10:00,Sep 20,11:10 PM ET,4h ago,away,Northwestern Wildcats,21.5,88.0,35.0,49.5,100.0,100.0,1.0,22.0,4.0
2026-09-21T03:55:52,cfb,cfb_20260925_northwestern_wildcats_indiana_hoosiers,20260925CFB00161,DK,draftkings,change,12,2026-09-20T23:10:00,Sep 20,11:10 PM ET,4h ago,home,Indiana Hoosiers,-21.5,12.0,65.0,49.5,0.0,0.0,-1.0,78.0,96.0
2026-09-21T03:55:52,cfb,cfb_20260925_northwestern_wildcats_indiana_hoosiers,20260925CFB00161,DK,draftkings,change,13,2026-09-20T22:30:00,Sep 20,10:30 PM ET,5h ago,away,Northwestern Wildcats,21.5,88.0,33.0,49.5,100.0,100.0,1.0,41.0,4.0
2026-09-21T03:55:52,cfb,cfb_20260925_northwestern_wildcats_indiana_hoosiers,20260925CFB00161,DK,draftkings,change,13,2026-09-20T22:30:00,Sep 20,10:30 PM ET,5h ago,home,Indiana Hoosiers,-21.5,12.0,67.0,49.5,0.0,0.0,-1.0,59.0,96.0
2026-09-21T03:55:52,cfb,cfb_20260925_northwestern_wildcats_indiana_hoosiers,20260925CFB00161,DK,draftkings,change,14,2026-09-20T22:10:00,Sep 20,10:10 PM ET,5h ago,away,Northwestern Wildcats,21.5,88.0,33.0,49.5,100.0,100.0,1.0,41.0,3.0
2026-09-21T03:55:52,cfb,cfb_20260925_northwestern_wildcats_indiana_hoosiers,20260925CFB00161,DK,draftkings,change,14,2026-09-20T22:10:00,Sep 20,10:10 PM ET,5h ago,home,Indiana Hoosiers,-21.5,12.0,67.0,49.5,0.0,0.0,-1.0,59.0,97.0
2026-09-21T03:55:52,cfb,cfb_20260925_northwestern_wildcats_indiana_hoosiers,20260925CFB00161,DK,draftkings,change,15,2026-09-20T22:00:00,Sep 20,10:00 PM ET,5h ago,away,Northwestern Wildcats,21.5,88.0,34.0,49.5,100.0,100.0,1.0,41.0,3.0
2026-09-21T03:55:52,cfb,cfb_20260925_northwestern_wildcats_indiana_hoosiers,20260925CFB00161,DK,draftkings,change,15,2026-09-20T22:00:00,Sep 20,10:00 PM ET,5h ago,home,Indiana Hoosiers,-21.5,12.0,66.0,49.5,0.0,0.0,-1.0,59.0,97.0
2026-09-21T03:55:52,cfb,cfb_20260925_northwestern_wildcats_indiana_hoosiers,20260925CFB00161,DK,draftkings,change,16,2026-09-20T21:05:00,Sep 20,9:05 PM ET,6h ago,away,Northwestern Wildcats,21.5,88.0,32.0,49.5,100.0,100.0,1.0,41.0,3.0
2026-09-21T03:55:52,cfb,cfb_20260925_northwestern_wildcats_indiana_hoosiers,20260925CFB00161,DK,draftkings,change,16,2026-09-20T21:05:00,Sep 20,9:05 PM ET,6h ago,home,Indiana Hoosiers,-21.5,12.0,68.0,49.5,0.0,0.0,-1.0,59.0,97.0
2026-09-21T03:55:52,cfb,cfb_20260925_northwestern_wildcats_indiana_hoosiers,20260925CFB00161,DK,draftkings,change,17,2026-09-20T20:55:00,Sep 20,8:55 PM ET,7h ago,away,Northwestern Wildcats,21.5,88.0,33.0,49.5,100.0,100.0,1.0,41.0,3.0
2026-09-21T03:55:52,cfb,cfb_20260925_northwestern_wildcats_indiana_hoosiers,20260925CFB00161,DK,draftkings,change,17,2026-09-20T20:55:00,Sep 20,8:55 PM ET,7h ago,home,Indiana Hoosiers,-21.5,12.0,67.0,49.5,0.0,0.0,-1.0,59.0,97.0
2026-09-21T03:55:52,cfb,cfb_20260925_northwestern_wildcats_indiana_hoosiers,20260925CFB00161,DK,draftkings,change,18,2026-09-20T20:50:00,Sep 20,8:50 PM ET,7h ago,away,Northwestern Wildcats,21.5,88.0,33.0,49.5,100.0,100.0,1.0,41.0,4.0
2026-09-21T03:55:52,cfb,cfb_20260925_northwestern_wildcats_indiana_hoosiers,20260925CFB00161,DK,draftkings,change,18,2026-09-20T20:50:00,Sep 20,8:50 PM ET,7h ago,home,Indiana Hoosiers,-21.5,12.0,67.0,49.5,0.0,0.0,-1.0,59.0,96.0
2026-09-21T03:55:52,cfb,cfb_20260925_northwestern_wildcats_indiana_hoosiers,20260925CFB00161,DK,draftkings,change,19,2026-09-20T20:20:00,Sep 20,8:20 PM ET,7h ago,away,Northwestern Wildcats,21.5,89.0,34.0,49.5,100.0,100.0,1.0,41.0,4.0
2026-09-21T03:55:52,cfb,cfb_20260925_northwestern_wildcats_indiana_hoosiers,20260925CFB00161,DK,draftkings,change,19,2026-09-20T20:20:00,Sep 20,8:20 PM ET,7h ago,home,Indiana Hoosiers,-21.5,11.0,66.0,49.5,0.0,0.0,-1.0,59.0,96.0
2026-09-21T03:55:52,cfb,cfb_20260925_northwestern_wildcats_indiana_hoosiers,20260925CFB00161,DK,draftkings,change,20,2026-09-20T19:55:00,Sep 20,7:55 PM ET,8h ago,away,Northwestern Wildcats,21.5,89.0,35.0,49.5,100.0,100.0,1.0,42.0,4.0
2026-09-21T03:55:52,cfb,cfb_20260925_northwestern_wildcats_indiana_hoosiers,20260925CFB00161,DK,draftkings,change,20,2026-09-20T19:55:00,Sep 20,7:55 PM ET,8h ago,home,Indiana Hoosiers,-21.5,11.0,65.0,49.5,0.0,0.0,-1.0,58.0,96.0
2026-09-21T03:55:52,cfb,cfb_20260925_northwestern_wildcats_indiana_hoosiers,20260925CFB00161,DK,draftkings,change,21,2026-09-20T19:50:00,Sep 20,7:50 PM ET,8h ago,away,Northwestern Wildcats,21.5,89.0,35.0,49.5,100.0,100.0,1.0,45.0,4.0
2026-09-21T03:55:52,cfb,cfb_20260925_northwestern_wildcats_indiana_hoosiers,20260925CFB00161,DK,draftkings,change,21,2026-09-20T19:50:00,Sep 20,7:50 PM ET,8h ago,home,Indiana Hoosiers,-21.5,11.0,65.0,49.5,0.0,0.0,-1.0,55.0,96.0
2026-09-21T03:55:52,cfb,cfb_20260925_northwestern_wildcats_indiana_hoosiers,20260925CFB00161,DK,draftkings,change,22,2026-09-20T19:40:00,Sep 20,7:40 PM ET,8h ago,away,Northwestern Wildcats,21.5,89.0,36.0,49.5,100.0,100.0,1.0,45.0,4.0
2026-09-21T03:55:52,cfb,cfb_20260925_northwestern_wildcats_indiana_hoosiers,20260925CFB00161,DK,draftkings,change,22,2026-09-20T19:40:00,Sep 20,7:40 PM ET,8h ago,home,Indiana Hoosiers,-21.5,11.0,64.0,49.5,0.0,0.0,-1.0,55.0,96.0
2026-09-21T03:55:52,cfb,cfb_20260925_northwestern_wildcats_indiana_hoosiers,20260925CFB00161,DK,draftkings,change,23,2026-09-20T19:30:00,Sep 20,7:30 PM ET,8h ago,away,Northwestern Wildcats,21.5,89.0,36.0,49.5,100.0,100.0,900.0,39.0,2.0
2026-09-21T03:55:52,cfb,cfb_20260925_northwestern_wildcats_indiana_hoosiers,20260925CFB00161,DK,draftkings,change,23,2026-09-20T19:30:00,Sep 20,7:30 PM ET,8h ago,home,Indiana Hoosiers,-21.5,11.0,64.0,49.5,0.0,0.0,-1.0,61.0,98.0
2026-09-21T03:55:52,cfb,cfb_20260925_northwestern_wildcats_indiana_hoosiers,20260925CFB00161,DK,draftkings,change,24,2026-09-20T19:25:00,Sep 20,7:25 PM ET,8h ago,away,Northwestern Wildcats,21.5,90.0,38.0,49.5,100.0,100.0,900.0,39.0,2.0
2026-09-21T03:55:52,cfb,cfb_20260925_northwestern_wildcats_indiana_hoosiers,20260925CFB00161,DK,draftkings,change,24,2026-09-20T19:25:00,Sep 20,7:25 PM ET,8h ago,home,Indiana Hoosiers,-21.5,10.0,63.0,49.5,0.0,0.0,-1.0,61.0,98.0
2026-09-21T03:55:52,cfb,cfb_20260925_northwestern_wildcats_indiana_hoosiers,20260925CFB00161,DK,draftkings,change,25,2026-09-20T19:05:00,Sep 20,7:05 PM ET,8h ago,away,Northwestern Wildcats,21.5,90.0,38.0,49.5,100.0,100.0,1.0,39.0,3.0
2026-09-21T03:55:52,cfb,cfb_20260925_northwestern_wildcats_indiana_hoosiers,20260925CFB00161,DK,draftkings,change,25,2026-09-20T19:05:00,Sep 20,7:05 PM ET,8h ago,home,Indiana Hoosiers,-21.5,10.0,63.0,49.5,0.0,0.0,-2.0,61.0,97.0
2026-09-21T03:55:52,cfb,cfb_20260925_northwestern_wildcats_indiana_hoosiers,20260925CFB00161,DK,draftkings,change,26,2026-09-20T19:00:00,Sep 20,7:00 PM ET,8h ago,away,Northwestern Wildcats,21.5,90.0,39.0,49.5,100.0,100.0,1.0,39.0,3.0
2026-09-21T03:55:52,cfb,cfb_20260925_northwestern_wildcats_indiana_hoosiers,20260925CFB00161,DK,draftkings,change,26,2026-09-20T19:00:00,Sep 20,7:00 PM ET,8h ago,home,Indiana Hoosiers,-21.5,10.0,61.0,49.5,0.0,0.0,-2.0,61.0,97.0
2026-09-21T03:55:52,cfb,cfb_20260925_northwestern_wildcats_indiana_hoosiers,20260925CFB00161,DK,draftkings,change,27,2026-09-20T18:15:00,Sep 20,6:15 PM ET,9h ago,away,Northwestern Wildcats,22.5,90.0,40.0,49.5,100.0,100.0,1.0,39.0,3.0
2026-09-21T03:55:52,cfb,cfb_20260925_northwestern_wildcats_indiana_hoosiers,20260925CFB00161,DK,draftkings,change,27,2026-09-20T18:15:00,Sep 20,6:15 PM ET,9h ago,home,Indiana Hoosiers,-22.5,10.0,60.0,49.5,0.0,0.0,-2.0,61.0,97.0
2026-09-21T03:55:53,cfb,cfb_20260925_northwestern_wildcats_indiana_hoosiers,20260925CFB00161,CIRCA,circa,open,1,2026-09-20T15:00:00,Sep 20,3:00 PM ET,12h ago,away,Northwestern Wildcats,21.5,50.0,50.0,50.5,100.0,100.0,,50.0,50.0
2026-09-21T03:55:53,cfb,cfb_20260925_northwestern_wildcats_indiana_hoosiers,20260925CFB00161,CIRCA,circa,open,1,2026-09-20T15:00:00,Sep 20,3:00 PM ET,12h ago,home,Indiana Hoosiers,-21.5,50.0,50.0,50.5,0.0,0.0,,50.0,50.0
2026-09-21T03:55:53,cfb,cfb_20260925_northwestern_wildcats_indiana_hoosiers,20260925CFB00161,CIRCA,circa,change,2,2026-09-21T00:45:00,Sep 21,12:45 AM ET,3h ago,away,Northwestern Wildcats,21.5,0.0,0.0,50.5,95.0,67.0,,50.0,50.0
2026-09-21T03:55:53,cfb,cfb_20260925_northwestern_wildcats_indiana_hoosiers,20260925CFB00161,CIRCA,circa,change,2,2026-09-21T00:45:00,Sep 21,12:45 AM ET,3h ago,home,Indiana Hoosiers,-21.5,100.0,100.0,50.5,5.0,33.0,,50.0,50.0
2026-09-21T03:55:53,cfb,cfb_20260925_northwestern_wildcats_indiana_hoosiers,20260925CFB00161,CIRCA,circa,change,3,2026-09-20T18:55:00,Sep 20,6:55 PM ET,9h ago,away,Northwestern Wildcats,21.5,0.0,0.0,50.5,100.0,100.0,,50.0,50.0
2026-09-21T03:55:53,cfb,cfb_20260925_northwestern_wildcats_indiana_hoosiers,20260925CFB00161,CIRCA,circa,change,3,2026-09-20T18:55:00,Sep 20,6:55 PM ET,9h ago,home,Indiana Hoosiers,-21.5,100.0,100.0,50.5,0.0,0.0,,50.0,50.0
2026-09-21T03:55:53,cfb,cfb_20260925_northwestern_wildcats_indiana_hoosiers,20260925CFB00161,CIRCA,circa,change,4,2026-09-20T15:00:00,Sep 20,3:00 PM ET,12h ago,away,Northwestern Wildcats,21.5,50.0,50.0,50.5,100.0,100.0,,50.0,50.0
2026-09-21T03:55:53,cfb,cfb_20260925_northwestern_wildcats_indiana_hoosiers,20260925CFB00161,CIRCA,circa,change,4,2026-09-20T15:00:00,Sep 20,3:00 PM ET,12h ago,home,Indiana Hoosiers,-21.5,50.0,50.0,50.5,0.0,0.0,,50.0,50.0
2026-09-21T03:55:54,cfb,cfb_20260925_clemson_tigers_california_golden_bears,20260925CFB00141,DK,draftkings,open,1,2026-09-20T11:15:00,Sep 20,11:15 AM ET,16h ago,away,Clemson Tigers,,0.0,0.0,,0.0,0.0,-115.0,0.0,0.0
2026-09-21T03:55:54,cfb,cfb_20260925_clemson_tigers_california_golden_bears,20260925CFB00141,DK,draftkings,open,1,2026-09-20T11:15:00,Sep 20,11:15 AM ET,16h ago,home,California Golden Bears,,0.0,0.0,,0.0,0.0,-105.0,100.0,100.0
2026-09-21T03:55:54,cfb,cfb_20260925_clemson_tigers_california_golden_bears,20260925CFB00141,DK,draftkings,first_full,2,2026-09-21T00:10:00,Sep 21,12:10 AM ET,3h ago,away,Clemson Tigers,1.5,75.0,71.0,50.5,100.0,100.0,-105.0,44.0,51.0
2026-09-21T03:55:54,cfb,cfb_20260925_clemson_tigers_california_golden_bears,20260925CFB00141,DK,draftkings,first_full,2,2026-09-21T00:10:00,Sep 21,12:10 AM ET,3h ago,home,California Golden Bears,-1.5,25.0,29.0,50.5,0.0,0.0,-115.0,56.0,49.0
2026-09-21T03:55:54,cfb,cfb_20260925_clemson_tigers_california_golden_bears,20260925CFB00141,DK,draftkings,change,3,2026-09-21T03:20:00,Sep 21,3:20 AM ET,35m ago,away,Clemson Tigers,1.5,78.0,75.0,50.5,100.0,100.0,-105.0,45.0,54.0
2026-09-21T03:55:54,cfb,cfb_20260925_clemson_tigers_california_golden_bears,20260925CFB00141,DK,draftkings,change,3,2026-09-21T03:20:00,Sep 21,3:20 AM ET,35m ago,home,California Golden Bears,-1.5,22.0,25.0,50.5,0.0,0.0,-115.0,55.0,46.0
2026-09-21T03:55:54,cfb,cfb_20260925_clemson_tigers_california_golden_bears,20260925CFB00141,DK,draftkings,change,4,2026-09-21T02:25:00,Sep 21,2:25 AM ET,1h ago,away,Clemson Tigers,1.5,78.0,75.0,50.5,100.0,100.0,-105.0,45.0,53.0
2026-09-21T03:55:54,cfb,cfb_20260925_clemson_tigers_california_golden_bears,20260925CFB00141,DK,draftkings,change,4,2026-09-21T02:25:00,Sep 21,2:25 AM ET,1h ago,home,California Golden Bears,-1.5,22.0,25.0,50.5,0.0,0.0,-115.0,55.0,47.0
2026-09-21T03:55:54,cfb,cfb_20260925_clemson_tigers_california_golden_bears,20260925CFB00141,DK,draftkings,change,5,2026-09-21T02:10:00,Sep 21,2:10 AM ET,1h ago,away,Clemson Tigers,1.5,78.0,74.0,50.5,100.0,100.0,-105.0,45.0,53.0
2026-09-21T03:55:54,cfb,cfb_20260925_clemson_tigers_california_golden_bears,20260925CFB00141,DK,draftkings,change,5,2026-09-21T02:10:00,Sep 21,2:10 AM ET,1h ago,home,California Golden Bears,-1.5,22.0,26.0,50.5,0.0,0.0,-115.0,55.0,47.0
2026-09-21T03:55:54,cfb,cfb_20260925_clemson_tigers_california_golden_bears,20260925CFB00141,DK,draftkings,change,6,2026-09-21T01:50:00,Sep 21,1:50 AM ET,2h ago,away,Clemson Tigers,1.5,78.0,74.0,50.5,100.0,100.0,-105.0,44.0,51.0
2026-09-21T03:55:54,cfb,cfb_20260925_clemson_tigers_california_golden_bears,20260925CFB00141,DK,draftkings,change,6,2026-09-21T01:50:00,Sep 21,1:50 AM ET,2h ago,home,California Golden Bears,-1.5,22.0,26.0,50.5,0.0,0.0,-115.0,56.0,49.0
2026-09-21T03:55:54,cfb,cfb_20260925_clemson_tigers_california_golden_bears,20260925CFB00141,DK,draftkings,change,7,2026-09-21T01:35:00,Sep 21,1:35 AM ET,2h ago,away,Clemson Tigers,1.5,78.0,73.0,50.5,100.0,100.0,-105.0,44.0,52.0
2026-09-21T03:55:54,cfb,cfb_20260925_clemson_tigers_california_golden_bears,20260925CFB00141,DK,draftkings,change,7,2026-09-21T01:35:00,Sep 21,1:35 AM ET,2h ago,home,California Golden Bears,-1.5,22.0,27.0,50.5,0.0,0.0,-115.0,56.0,48.0
2026-09-21T03:55:54,cfb,cfb_20260925_clemson_tigers_california_golden_bears,20260925CFB00141,DK,draftkings,change,8,2026-09-21T01:00:00,Sep 21,1:00 AM ET,2h ago,away,Clemson Tigers,1.5,78.0,72.0,50.5,100.0,100.0,-105.0,44.0,52.0
2026-09-21T03:55:54,cfb,cfb_20260925_clemson_tigers_california_golden_bears,20260925CFB00141,DK,draftkings,change,8,2026-09-21T01:00:00,Sep 21,1:00 AM ET,2h ago,home,California Golden Bears,-1.5,22.0,28.0,50.5,0.0,0.0,-115.0,56.0,48.0
2026-09-21T03:55:54,cfb,cfb_20260925_clemson_tigers_california_golden_bears,20260925CFB00141,DK,draftkings,change,9,2026-09-21T00:45:00,Sep 21,12:45 AM ET,3h ago,away,Clemson Tigers,1.5,78.0,72.0,50.5,100.0,100.0,-105.0,44.0,51.0
2026-09-21T03:55:54,cfb,cfb_20260925_clemson_tigers_california_golden_bears,20260925CFB00141,DK,draftkings,change,9,2026-09-21T00:45:00,Sep 21,12:45 AM ET,3h ago,home,California Golden Bears,-1.5,22.0,28.0,50.5,0.0,0.0,-115.0,56.0,49.0
2026-09-21T03:55:54,cfb,cfb_20260925_clemson_tigers_california_golden_bears,20260925CFB00141,DK,draftkings,change,10,2026-09-21T00:35:00,Sep 21,12:35 AM ET,3h ago,away,Clemson Tigers,1.5,78.0,72.0,50.5,100.0,100.0,-105.0,44.0,50.0
2026-09-21T03:55:54,cfb,cfb_20260925_clemson_tigers_california_golden_bears,20260925CFB00141,DK,draftkings,change,10,2026-09-21T00:35:00,Sep 21,12:35 AM ET,3h ago,home,California Golden Bears,-1.5,22.0,28.0,50.5,0.0,0.0,-115.0,56.0,50.0
2026-09-21T03:55:54,cfb,cfb_20260925_clemson_tigers_california_golden_bears,20260925CFB00141,DK,draftkings,change,11,2026-09-21T00:30:00,Sep 21,12:30 AM ET,3h ago,away,Clemson Tigers,1.5,75.0,72.0,50.5,100.0,100.0,-105.0,44.0,51.0
2026-09-21T03:55:54,cfb,cfb_20260925_clemson_tigers_california_golden_bears,20260925CFB00141,DK,draftkings,change,11,2026-09-21T00:30:00,Sep 21,12:30 AM ET,3h ago,home,California Golden Bears,-1.5,25.0,28.0,50.5,0.0,0.0,-115.0,56.0,49.0
2026-09-21T03:55:54,cfb,cfb_20260925_clemson_tigers_california_golden_bears,20260925CFB00141,DK,draftkings,change,12,2026-09-21T00:20:00,Sep 21,12:20 AM ET,3h ago,away,Clemson Tigers,1.5,75.0,71.0,50.5,100.0,100.0,-105.0,44.0,52.0
2026-09-21T03:55:54,cfb,cfb_20260925_clemson_tigers_california_golden_bears,20260925CFB00141,DK,draftkings,change,12,2026-09-21T00:20:00,Sep 21,12:20 AM ET,3h ago,home,California Golden Bears,-1.5,25.0,29.0,50.5,0.0,0.0,-115.0,56.0,48.0
2026-09-21T03:55:54,cfb,cfb_20260925_clemson_tigers_california_golden_bears,20260925CFB00141,DK,draftkings,change,13,2026-09-21T00:15:00,Sep 21,12:15 AM ET,3h ago,away,Clemson Tigers,1.5,75.0,71.0,50.5,100.0,100.0,-105.0,44.0,54.0
2026-09-21T03:55:54,cfb,cfb_20260925_clemson_tigers_california_golden_bears,20260925CFB00141,DK,draftkings,change,13,2026-09-21T00:15:00,Sep 21,12:15 AM ET,3h ago,home,California Golden Bears,-1.5,25.0,29.0,50.5,0.0,0.0,-115.0,56.0,46.0
2026-09-21T03:55:54,cfb,cfb_20260925_clemson_tigers_california_golden_bears,20260925CFB00141,DK,draftkings,change,14,2026-09-21T00:10:00,Sep 21,12:10 AM ET,3h ago,away,Clemson Tigers,1.5,75.0,71.0,50.5,100.0,100.0,-105.0,44.0,51.0
2026-09-21T03:55:54,cfb,cfb_20260925_clemson_tigers_california_golden_bears,20260925CFB00141,DK,draftkings,change,14,2026-09-21T00:10:00,Sep 21,12:10 AM ET,3h ago,home,California Golden Bears,-1.5,25.0,29.0,50.5,0.0,0.0,-115.0,56.0,49.0
2026-09-21T03:55:54,cfb,cfb_20260925_clemson_tigers_california_golden_bears,20260925CFB00141,DK,draftkings,change,15,2026-09-20T23:45:00,Sep 20,11:45 PM ET,4h ago,away,Clemson Tigers,1.5,75.0,70.0,,0.0,0.0,-105.0,45.0,48.0
2026-09-21T03:55:54,cfb,cfb_20260925_clemson_tigers_california_golden_bears,20260925CFB00141,DK,draftkings,change,15,2026-09-20T23:45:00,Sep 20,11:45 PM ET,4h ago,home,California Golden Bears,-1.5,25.0,30.0,,0.0,0.0,-115.0,55.0,52.0
2026-09-21T03:55:54,cfb,cfb_20260925_clemson_tigers_california_golden_bears,20260925CFB00141,DK,draftkings,change,16,2026-09-20T23:15:00,Sep 20,11:15 PM ET,4h ago,away,Clemson Tigers,1.5,75.0,70.0,,0.0,0.0,-105.0,45.0,47.0
2026-09-21T03:55:54,cfb,cfb_20260925_clemson_tigers_california_golden_bears,20260925CFB00141,DK,draftkings,change,16,2026-09-20T23:15:00,Sep 20,11:15 PM ET,4h ago,home,California Golden Bears,-1.5,25.0,30.0,,0.0,0.0,-115.0,55.0,53.0
2026-09-21T03:55:54,cfb,cfb_20260925_clemson_tigers_california_golden_bears,20260925CFB00141,DK,draftkings,change,17,2026-09-20T23:00:00,Sep 20,11:00 PM ET,4h ago,away,Clemson Tigers,1.5,75.0,70.0,,0.0,0.0,-105.0,46.0,48.0
2026-09-21T03:55:54,cfb,cfb_20260925_clemson_tigers_california_golden_bears,20260925CFB00141,DK,draftkings,change,17,2026-09-20T23:00:00,Sep 20,11:00 PM ET,4h ago,home,California Golden Bears,-1.5,25.0,30.0,,0.0,0.0,-115.0,54.0,52.0
2026-09-21T03:55:54,cfb,cfb_20260925_clemson_tigers_california_golden_bears,20260925CFB00141,DK,draftkings,change,18,2026-09-20T22:55:00,Sep 20,10:55 PM ET,5h ago,away,Clemson Tigers,1.5,75.0,70.0,,0.0,0.0,-105.0,46.0,50.0
2026-09-21T03:55:54,cfb,cfb_20260925_clemson_tigers_california_golden_bears,20260925CFB00141,DK,draftkings,change,18,2026-09-20T22:55:00,Sep 20,10:55 PM ET,5h ago,home,California Golden Bears,-1.5,25.0,30.0,,0.0,0.0,-115.0,54.0,50.0
2026-09-21T03:55:54,cfb,cfb_20260925_clemson_tigers_california_golden_bears,20260925CFB00141,DK,draftkings,change,19,2026-09-20T22:15:00,Sep 20,10:15 PM ET,5h ago,away,Clemson Tigers,1.5,75.0,70.0,,0.0,0.0,-105.0,46.0,48.0
2026-09-21T03:55:54,cfb,cfb_20260925_clemson_tigers_california_golden_bears,20260925CFB00141,DK,draftkings,change,19,2026-09-20T22:15:00,Sep 20,10:15 PM ET,5h ago,home,California Golden Bears,-1.5,25.0,30.0,,0.0,0.0,-115.0,54.0,52.0
2026-09-21T03:55:54,cfb,cfb_20260925_clemson_tigers_california_golden_bears,20260925CFB00141,DK,draftkings,change,20,2026-09-20T22:10:00,Sep 20,10:10 PM ET,5h ago,away,Clemson Tigers,1.5,75.0,70.0,,0.0,0.0,-105.0,46.0,46.0
2026-09-21T03:55:54,cfb,cfb_20260925_clemson_tigers_california_golden_bears,20260925CFB00141,DK,draftkings,change,20,2026-09-20T22:10:00,Sep 20,10:10 PM ET,5h ago,home,California Golden Bears,-1.5,25.0,30.0,,0.0,0.0,-115.0,54.0,54.0
2026-09-21T03:55:54,cfb,cfb_20260925_clemson_tigers_california_golden_bears,20260925CFB00141,DK,draftkings,change,21,2026-09-20T22:00:00,Sep 20,10:00 PM ET,5h ago,away,Clemson Tigers,1.5,75.0,71.0,,0.0,0.0,-105.0,46.0,46.0
2026-09-21T03:55:54,cfb,cfb_20260925_clemson_tigers_california_golden_bears,20260925CFB00141,DK,draftkings,change,21,2026-09-20T22:00:00,Sep 20,10:00 PM ET,5h ago,home,California Golden Bears,-1.5,25.0,29.0,,0.0,0.0,-115.0,54.0,54.0
2026-09-21T03:55:54,cfb,cfb_20260925_clemson_tigers_california_golden_bears,20260925CFB00141,DK,draftkings,change,22,2026-09-20T21:50:00,Sep 20,9:50 PM ET,6h ago,away,Clemson Tigers,1.5,75.0,75.0,,0.0,0.0,-105.0,46.0,48.0
2026-09-21T03:55:54,cfb,cfb_20260925_clemson_tigers_california_golden_bears,20260925CFB00141,DK,draftkings,change,22,2026-09-20T21:50:00,Sep 20,9:50 PM ET,6h ago,home,California Golden Bears,-1.5,25.0,25.0,,0.0,0.0,-115.0,54.0,52.0
2026-09-21T03:55:54,cfb,cfb_20260925_clemson_tigers_california_golden_bears,20260925CFB00141,DK,draftkings,change,23,2026-09-20T21:40:00,Sep 20,9:40 PM ET,6h ago,away,Clemson Tigers,1.5,75.0,75.0,,0.0,0.0,-105.0,46.0,50.0
2026-09-21T03:55:54,cfb,cfb_20260925_clemson_tigers_california_golden_bears,20260925CFB00141,DK,draftkings,change,23,2026-09-20T21:40:00,Sep 20,9:40 PM ET,6h ago,home,California Golden Bears,-1.5,25.0,25.0,,0.0,0.0,-115.0,54.0,50.0
2026-09-21T03:55:54,cfb,cfb_20260925_clemson_tigers_california_golden_bears,20260925CFB00141,DK,draftkings,change,24,2026-09-20T21:30:00,Sep 20,9:30 PM ET,6h ago,away,Clemson Tigers,1.5,75.0,70.0,,0.0,0.0,-105.0,46.0,50.0
2026-09-21T03:55:54,cfb,cfb_20260925_clemson_tigers_california_golden_bears,20260925CFB00141,DK,draftkings,change,24,2026-09-20T21:30:00,Sep 20,9:30 PM ET,6h ago,home,California Golden Bears,-1.5,25.0,30.0,,0.0,0.0,-115.0,54.0,50.0
2026-09-21T03:55:54,cfb,cfb_20260925_clemson_tigers_california_golden_bears,20260925CFB00141,DK,draftkings,change,25,2026-09-20T21:15:00,Sep 20,9:15 PM ET,6h ago,away,Clemson Tigers,1.5,75.0,70.0,,0.0,0.0,-105.0,46.0,54.0
2026-09-21T03:55:54,cfb,cfb_20260925_clemson_tigers_california_golden_bears,20260925CFB00141,DK,draftkings,change,25,2026-09-20T21:15:00,Sep 20,9:15 PM ET,6h ago,home,California Golden Bears,-1.5,25.0,30.0,,0.0,0.0,-115.0,54.0,46.0
2026-09-21T03:55:54,cfb,cfb_20260925_clemson_tigers_california_golden_bears,20260925CFB00141,DK,draftkings,change,26,2026-09-20T21:05:00,Sep 20,9:05 PM ET,6h ago,away,Clemson Tigers,1.5,75.0,70.0,,0.0,0.0,-105.0,47.0,57.0
2026-09-21T03:55:54,cfb,cfb_20260925_clemson_tigers_california_golden_bears,20260925CFB00141,DK,draftkings,change,26,2026-09-20T21:05:00,Sep 20,9:05 PM ET,6h ago,home,California Golden Bears,-1.5,25.0,30.0,,0.0,0.0,-115.0,53.0,43.0
2026-09-21T03:55:54,cfb,cfb_20260925_clemson_tigers_california_golden_bears,20260925CFB00141,DK,draftkings,change,27,2026-09-20T20:50:00,Sep 20,8:50 PM ET,7h ago,away,Clemson Tigers,1.5,75.0,72.0,,0.0,0.0,-105.0,47.0,57.0
2026-09-21T03:55:54,cfb,cfb_20260925_clemson_tigers_california_golden_bears,20260925CFB00141,DK,draftkings,change,27,2026-09-20T20:50:00,Sep 20,8:50 PM ET,7h ago,home,California Golden Bears,-1.5,25.0,28.0,,0.0,0.0,-115.0,53.0,43.0
2026-09-21T03:55:56,cfb,cfb_20260925_clemson_tigers_california_golden_bears,20260925CFB00141,CIRCA,circa,open,1,2026-09-20T15:00:00,Sep 20,3:00 PM ET,12h ago,away,Clemson Tigers,0.0,100.0,100.0,49.5,50.0,50.0,,50.0,50.0
2026-09-21T03:55:56,cfb,cfb_20260925_clemson_tigers_california_golden_bears,20260925CFB00141,CIRCA,circa,open,1,2026-09-20T15:00:00,Sep 20,3:00 PM ET,12h ago,home,California Golden Bears,0.0,0.0,0.0,49.5,50.0,50.0,,50.0,50.0
2026-09-21T03:55:56,cfb,cfb_20260925_clemson_tigers_california_golden_bears,20260925CFB00141,CIRCA,circa,change,2,2026-09-20T22:05:00,Sep 20,10:05 PM ET,5h ago,away,Clemson Tigers,0.0,98.0,67.0,49.5,50.0,50.0,,50.0,50.0
2026-09-21T03:55:56,cfb,cfb_20260925_clemson_tigers_california_golden_bears,20260925CFB00141,CIRCA,circa,change,2,2026-09-20T22:05:00,Sep 20,10:05 PM ET,5h ago,home,California Golden Bears,0.0,2.0,33.0,49.5,50.0,50.0,,50.0,50.0
2026-09-21T03:55:56,cfb,cfb_20260925_clemson_tigers_california_golden_bears,20260925CFB00141,CIRCA,circa,change,3,2026-09-20T16:35:00,Sep 20,4:35 PM ET,11h ago,away,Clemson Tigers,0.0,98.0,60.0,49.5,50.0,50.0,,50.0,50.0
2026-09-21T03:55:56,cfb,cfb_20260925_clemson_tigers_california_golden_bears,20260925CFB00141,CIRCA,circa,change,3,2026-09-20T16:35:00,Sep 20,4:35 PM ET,11h ago,home,California Golden Bears,0.0,2.0,40.0,49.5,50.0,50.0,,50.0,50.0
2026-09-21T03:55:56,cfb,cfb_20260925_clemson_tigers_california_golden_bears,20260925CFB00141,CIRCA,circa,change,4,2026-09-20T16:25:00,Sep 20,4:25 PM ET,11h ago,away,Clemson Tigers,0.0,98.0,50.0,49.5,50.0,50.0,,50.0,50.0
2026-09-21T03:55:56,cfb,cfb_20260925_clemson_tigers_california_golden_bears,20260925CFB00141,CIRCA,circa,change,4,2026-09-20T16:25:00,Sep 20,4:25 PM ET,11h ago,home,California Golden Bears,0.0,2.0,50.0,49.5,50.0,50.0,,50.0,50.0
2026-09-21T03:55:56,cfb,cfb_20260925_clemson_tigers_california_golden_bears,20260925CFB00141,CIRCA,circa,change,5,2026-09-20T16:16:00,Sep 20,4:16 PM ET,11h ago,away,Clemson Tigers,0.0,98.0,33.0,49.5,50.0,50.0,,50.0,50.0
2026-09-21T03:55:56,cfb,cfb_20260925_clemson_tigers_california_golden_bears,20260925CFB00141,CIRCA,circa,change,5,2026-09-20T16:16:00,Sep 20,4:16 PM ET,11h ago,home,California Golden Bears,0.0,2.0,67.0,49.5,50.0,50.0,,50.0,50.0
2026-09-21T03:55:56,cfb,cfb_20260925_clemson_tigers_california_golden_bears,20260925CFB00141,CIRCA,circa,change,6,2026-09-20T15:15:00,Sep 20,3:15 PM ET,12h ago,away,Clemson Tigers,0.0,99.0,50.0,49.5,50.0,50.0,,50.0,50.0
2026-09-21T03:55:56,cfb,cfb_20260925_clemson_tigers_california_golden_bears,20260925CFB00141,CIRCA,circa,change,6,2026-09-20T15:15:00,Sep 20,3:15 PM ET,12h ago,home,California Golden Bears,0.0,1.0,50.0,49.5,50.0,50.0,,50.0,50.0
2026-09-21T03:55:56,cfb,cfb_20260925_clemson_tigers_california_golden_bears,20260925CFB00141,CIRCA,circa,change,7,2026-09-20T15:00:00,Sep 20,3:00 PM ET,12h ago,away,Clemson Tigers,0.0,100.0,100.0,49.5,50.0,50.0,,50.0,50.0
2026-09-21T03:55:56,cfb,cfb_20260925_clemson_tigers_california_golden_bears,20260925CFB00141,CIRCA,circa,change,7,2026-09-20T15:00:00,Sep 20,3:00 PM ET,12h ago,home,California Golden Bears,0.0,0.0,0.0,49.5,50.0,50.0,,50.0,50.0
2026-09-21T03:55:57,cfb,cfb_20260926_unlv_rebels_akron_zips,20260926CFB00124,DK,draftkings,open,1,2026-09-20T15:45:00,Sep 20,3:45 PM ET,12h ago,away,UNLV Rebels,,0.0,0.0,,0.0,0.0,-650.0,100.0,100.0
2026-09-21T03:55:57,cfb,cfb_20260926_unlv_rebels_akron_zips,20260926CFB00124,DK,draftkings,open,1,2026-09-20T15:45:00,Sep 20,3:45 PM ET,12h ago,home,Akron Zips,,0.0,0.0,,0.0,0.0,470.0,0.0,0.0
2026-09-21T03:55:57,cfb,cfb_20260926_unlv_rebels_akron_zips,20260926CFB00124,DK,draftkings,first_full,2,2026-09-20T17:40:00,Sep 20,5:40 PM ET,10h ago,away,UNLV Rebels,-13.5,100.0,100.0,49.5,100.0,100.0,-650.0,100.0,100.0
2026-09-21T03:55:57,cfb,cfb_20260926_unlv_rebels_akron_zips,20260926CFB00124,DK,draftkings,first_full,2,2026-09-20T17:40:00,Sep 20,5:40 PM ET,10h ago,home,Akron Zips,13.5,0.0,0.0,49.5,0.0,0.0,470.0,0.0,0.0
2026-09-21T03:55:57,cfb,cfb_20260926_unlv_rebels_akron_zips,20260926CFB00124,DK,draftkings,change,3,2026-09-21T03:40:00,Sep 21,3:40 AM ET,15m ago,away,UNLV Rebels,-12.5,15.0,33.0,50.5,100.0,100.0,-550.0,31.0,92.0
2026-09-21T03:55:57,cfb,cfb_20260926_unlv_rebels_akron_zips,20260926CFB00124,DK,draftkings,change,3,2026-09-21T03:40:00,Sep 21,3:40 AM ET,15m ago,home,Akron Zips,12.5,85.0,67.0,50.5,0.0,0.0,410.0,69.0,8.0
2026-09-21T03:55:57,cfb,cfb_20260926_unlv_rebels_akron_zips,20260926CFB00124,DK,draftkings,change,4,2026-09-21T01:10:00,Sep 21,1:10 AM ET,2h ago,away,UNLV Rebels,-12.5,15.0,33.0,50.5,100.0,100.0,-550.0,28.0,91.0
2026-09-21T03:55:57,cfb,cfb_20260926_unlv_rebels_akron_zips,20260926CFB00124,DK,draftkings,change,4,2026-09-21T01:10:00,Sep 21,1:10 AM ET,2h ago,home,Akron Zips,12.5,85.0,67.0,50.5,0.0,0.0,410.0,72.0,9.0
2026-09-21T03:55:57,cfb,cfb_20260926_unlv_rebels_akron_zips,20260926CFB00124,DK,draftkings,change,5,2026-09-21T00:10:00,Sep 21,12:10 AM ET,3h ago,away,UNLV Rebels,-12.5,15.0,33.0,50.5,100.0,100.0,-550.0,96.0,95.0
2026-09-21T03:55:57,cfb,cfb_20260926_unlv_rebels_akron_zips,20260926CFB00124,DK,draftkings,change,5,2026-09-21T00:10:00,Sep 21,12:10 AM ET,3h ago,home,Akron Zips,12.5,85.0,67.0,50.5,0.0,0.0,410.0,4.0,5.0
2026-09-21T03:55:57,cfb,cfb_20260926_unlv_rebels_akron_zips,20260926CFB00124,DK,draftkings,change,6,2026-09-20T23:10:00,Sep 20,11:10 PM ET,4h ago,away,UNLV Rebels,-12.5,99.0,50.0,50.5,100.0,100.0,-550.0,95.0,93.0
2026-09-21T03:55:57,cfb,cfb_20260926_unlv_rebels_akron_zips,20260926CFB00124,DK,draftkings,change,6,2026-09-20T23:10:00,Sep 20,11:10 PM ET,4h ago,home,Akron Zips,12.5,1.0,50.0,50.5,0.0,0.0,410.0,5.0,7.0
2026-09-21T03:55:57,cfb,cfb_20260926_unlv_rebels_akron_zips,20260926CFB00124,DK,draftkings,change,7,2026-09-20T22:10:00,Sep 20,10:10 PM ET,5h ago,away,UNLV Rebels,-13.5,100.0,100.0,49.5,100.0,100.0,-550.0,95.0,93.0
2026-09-21T03:55:57,cfb,cfb_20260926_unlv_rebels_akron_zips,20260926CFB00124,DK,draftkings,change,7,2026-09-20T22:10:00,Sep 20,10:10 PM ET,5h ago,home,Akron Zips,13.5,0.0,0.0,49.5,0.0,0.0,410.0,5.0,7.0
2026-09-21T03:55:57,cfb,cfb_20260926_unlv_rebels_akron_zips,20260926CFB00124,DK,draftkings,change,8,2026-09-20T20:15:00,Sep 20,8:15 PM ET,7h ago,away,UNLV Rebels,-13.5,100.0,100.0,49.5,100.0,100.0,-600.0,95.0,92.0
2026-09-21T03:55:57,cfb,cfb_20260926_unlv_rebels_akron_zips,20260926CFB00124,DK,draftkings,change,8,2026-09-20T20:15:00,Sep 20,8:15 PM ET,7h ago,home,Akron Zips,13.5,0.0,0.0,49.5,0.0,0.0,440.0,5.0,8.0
2026-09-21T03:55:57,cfb,cfb_20260926_unlv_rebels_akron_zips,20260926CFB00124,DK,draftkings,change,9,2026-09-20T17:40:00,Sep 20,5:40 PM ET,10h ago,away,UNLV Rebels,-13.5,100.0,100.0,49.5,100.0,100.0,-650.0,100.0,100.0
2026-09-21T03:55:57,cfb,cfb_20260926_unlv_rebels_akron_zips,20260926CFB00124,DK,draftkings,change,9,2026-09-20T17:40:00,Sep 20,5:40 PM ET,10h ago,home,Akron Zips,13.5,0.0,0.0,49.5,0.0,0.0,470.0,0.0,0.0
2026-09-21T03:55:57,cfb,cfb_20260926_unlv_rebels_akron_zips,20260926CFB00124,DK,draftkings,change,10,2026-09-20T16:30:00,Sep 20,4:30 PM ET,11h ago,away,UNLV Rebels,,0.0,0.0,49.5,100.0,100.0,-650.0,100.0,100.0
2026-09-21T03:55:57,cfb,cfb_20260926_unlv_rebels_akron_zips,20260926CFB00124,DK,draftkings,change,10,2026-09-20T16:30:00,Sep 20,4:30 PM ET,11h ago,home,Akron Zips,,0.0,0.0,49.5,0.0,0.0,470.0,0.0,0.0
2026-09-21T03:55:57,cfb,cfb_20260926_unlv_rebels_akron_zips,20260926CFB00124,DK,draftkings,change,11,2026-09-20T15:45:00,Sep 20,3:45 PM ET,12h ago,away,UNLV Rebels,,0.0,0.0,,0.0,0.0,-650.0,100.0,100.0
2026-09-21T03:55:57,cfb,cfb_20260926_unlv_rebels_akron_zips,20260926CFB00124,DK,draftkings,change,11,2026-09-20T15:45:00,Sep 20,3:45 PM ET,12h ago,home,Akron Zips,,0.0,0.0,,0.0,0.0,470.0,0.0,0.0
2026-09-21T03:55:58,cfb,cfb_20260926_unlv_rebels_akron_zips,20260926CFB00124,CIRCA,circa,open,1,2026-09-20T15:00:00,Sep 20,3:00 PM ET,12h ago,away,UNLV Rebels,-14.5,50.0,50.0,49.0,50.0,50.0,,50.0,50.0
2026-09-21T03:55:58,cfb,cfb_20260926_unlv_rebels_akron_zips,20260926CFB00124,CIRCA,circa,open,1,2026-09-20T15:00:00,Sep 20,3:00 PM ET,12h ago,home,Akron Zips,14.5,50.0,50.0,49.0,50.0,50.0,,50.0,50.0
2026-09-21T03:55:58,cfb,cfb_20260926_unlv_rebels_akron_zips,20260926CFB00124,CIRCA,circa,change,2,2026-09-20T20:00:00,Sep 20,8:00 PM ET,7h ago,away,UNLV Rebels,-13.5,0.0,0.0,49.0,58.0,67.0,,50.0,50.0
2026-09-21T03:55:58,cfb,cfb_20260926_unlv_rebels_akron_zips,20260926CFB00124,CIRCA,circa,change,2,2026-09-20T20:00:00,Sep 20,8:00 PM ET,7h ago,home,Akron Zips,13.5,100.0,100.0,49.0,42.0,33.0,,50.0,50.0
2026-09-21T03:55:58,cfb,cfb_20260926_unlv_rebels_akron_zips,20260926CFB00124,CIRCA,circa,change,3,2026-09-20T17:30:00,Sep 20,5:30 PM ET,10h ago,away,UNLV Rebels,-13.5,0.0,0.0,49.0,50.0,50.0,,50.0,50.0
2026-09-21T03:55:58,cfb,cfb_20260926_unlv_rebels_akron_zips,20260926CFB00124,CIRCA,circa,change,3,2026-09-20T17:30:00,Sep 20,5:30 PM ET,10h ago,home,Akron Zips,13.5,100.0,100.0,49.0,50.0,50.0,,50.0,50.0
2026-09-21T03:55:58,cfb,cfb_20260926_unlv_rebels_akron_zips,20260926CFB00124,CIRCA,circa,change,4,2026-09-20T15:00:00,Sep 20,3:00 PM ET,12h ago,away,UNLV Rebels,-14.5,50.0,50.0,49.0,50.0,50.0,,50.0,50.0
2026-09-21T03:55:58,cfb,cfb_20260926_unlv_rebels_akron_zips,20260926CFB00124,CIRCA,circa,change,4,2026-09-20T15:00:00,Sep 20,3:00 PM ET,12h ago,home,Akron Zips,14.5,50.0,50.0,49.0,50.0,50.0,,50.0,50.0
2026-09-21T03:55:59,cfb,cfb_20260926_colorado_buffaloes_baylor_bears,20260926CFB00133,DK,draftkings,open,1,2026-09-20T12:45:00,Sep 20,12:45 PM ET,15h ago,away,Colorado Buffaloes,8.5,0.0,0.0,,0.0,0.0,,0.0,0.0
2026-09-21T03:55:59,cfb,cfb_20260926_colorado_buffaloes_baylor_bears,20260926CFB00133,DK,draftkings,open,1,2026-09-20T12:45:00,Sep 20,12:45 PM ET,15h ago,home,Baylor Bears,-8.5,100.0,100.0,,0.0,0.0,,0.0,0.0
2026-09-21T03:55:59,cfb,cfb_20260926_colorado_buffaloes_baylor_bears,20260926CFB00133,DK,draftkings,first_full,2,2026-09-20T18:15:00,Sep 20,6:15 PM ET,9h ago,away,Colorado Buffaloes,9.5,2.0,25.0,54.5,100.0,100.0,275.0,18.0,14.0
2026-09-21T03:55:59,cfb,cfb_20260926_colorado_buffaloes_baylor_bears,20260926CFB00133,DK,draftkings,first_full,2,2026-09-20T18:15:00,Sep 20,6:15 PM ET,9h ago,home,Baylor Bears,-9.5,98.0,75.0,54.5,0.0,0.0,-345.0,82.0,86.0
2026-09-21T03:55:59,cfb,cfb_20260926_colorado_buffaloes_baylor_bears,20260926CFB00133,DK,draftkings,change,3,2026-09-21T02:50:00,Sep 21,2:50 AM ET,1h ago,away,Colorado Buffaloes,10.0,4.0,50.0,54.5,1.0,75.0,300.0,99.0,22.0
2026-09-21T03:55:59,cfb,cfb_20260926_colorado_buffaloes_baylor_bears,20260926CFB00133,DK,draftkings,change,3,2026-09-21T02:50:00,Sep 21,2:50 AM ET,1h ago,home,Baylor Bears,-10.0,96.0,50.0,54.5,99.0,25.0,-380.0,1.0,78.0
2026-09-21T03:55:59,cfb,cfb_20260926_colorado_buffaloes_baylor_bears,20260926CFB00133,DK,draftkings,change,4,2026-09-21T00:30:00,Sep 21,12:30 AM ET,3h ago,away,Colorado Buffaloes,10.0,4.0,50.0,54.5,1.0,75.0,300.0,99.0,23.0
2026-09-21T03:55:59,cfb,cfb_20260926_colorado_buffaloes_baylor_bears,20260926CFB00133,DK,draftkings,change,4,2026-09-21T00:30:00,Sep 21,12:30 AM ET,3h ago,home,Baylor Bears,-10.0,96.0,50.0,54.5,99.0,25.0,-380.0,1.0,77.0
2026-09-21T03:55:59,cfb,cfb_20260926_colorado_buffaloes_baylor_bears,20260926CFB00133,DK,draftkings,change,5,2026-09-21T00:15:00,Sep 21,12:15 AM ET,3h ago,away,Colorado Buffaloes,10.0,4.0,50.0,54.5,1.0,75.0,300.0,99.0,24.0
2026-09-21T03:55:59,cfb,cfb_20260926_colorado_buffaloes_baylor_bears,20260926CFB00133,DK,draftkings,change,5,2026-09-21T00:15:00,Sep 21,12:15 AM ET,3h ago,home,Baylor Bears,-10.0,96.0,50.0,54.5,99.0,25.0,-380.0,1.0,76.0
2026-09-21T03:55:59,cfb,cfb_20260926_colorado_buffaloes_baylor_bears,20260926CFB00133,DK,draftkings,change,6,2026-09-21T00:10:00,Sep 21,12:10 AM ET,3h ago,away,Colorado Buffaloes,10.0,3.0,50.0,54.5,1.0,75.0,300.0,99.0,24.0
2026-09-21T03:55:59,cfb,cfb_20260926_colorado_buffaloes_baylor_bears,20260926CFB00133,DK,draftkings,change,6,2026-09-21T00:10:00,Sep 21,12:10 AM ET,3h ago,home,Baylor Bears,-10.0,97.0,50.0,54.5,99.0,25.0,-380.0,1.0,76.0
2026-09-21T03:55:59,cfb,cfb_20260926_colorado_buffaloes_baylor_bears,20260926CFB00133,DK,draftkings,change,7,2026-09-21T00:00:00,Sep 21,12:00 AM ET,3h ago,away,Colorado Buffaloes,10.0,2.0,50.0,54.5,1.0,75.0,300.0,99.0,22.0
2026-09-21T03:55:59,cfb,cfb_20260926_colorado_buffaloes_baylor_bears,20260926CFB00133,DK,draftkings,change,7,2026-09-21T00:00:00,Sep 21,12:00 AM ET,3h ago,home,Baylor Bears,-10.0,98.0,50.0,54.5,99.0,25.0,-380.0,1.0,78.0
2026-09-21T03:55:59,cfb,cfb_20260926_colorado_buffaloes_baylor_bears,20260926CFB00133,DK,draftkings,change,8,2026-09-20T23:55:00,Sep 20,11:55 PM ET,4h ago,away,Colorado Buffaloes,10.0,1.0,45.0,54.5,1.0,67.0,300.0,99.0,22.0
2026-09-21T03:55:59,cfb,cfb_20260926_colorado_buffaloes_baylor_bears,20260926CFB00133,DK,draftkings,change,8,2026-09-20T23:55:00,Sep 20,11:55 PM ET,4h ago,home,Baylor Bears,-10.0,99.0,55.0,54.5,99.0,33.0,-380.0,1.0,78.0
2026-09-21T03:55:59,cfb,cfb_20260926_colorado_buffaloes_baylor_bears,20260926CFB00133,DK,draftkings,change,9,2026-09-20T23:10:00,Sep 20,11:10 PM ET,4h ago,away,Colorado Buffaloes,10.0,1.0,45.0,54.5,100.0,100.0,300.0,99.0,22.0
2026-09-21T03:55:59,cfb,cfb_20260926_colorado_buffaloes_baylor_bears,20260926CFB00133,DK,draftkings,change,9,2026-09-20T23:10:00,Sep 20,11:10 PM ET,4h ago,home,Baylor Bears,-10.0,99.0,55.0,54.5,0.0,0.0,-380.0,1.0,78.0
2026-09-21T03:55:59,cfb,cfb_20260926_colorado_buffaloes_baylor_bears,20260926CFB00133,DK,draftkings,change,10,2026-09-20T22:30:00,Sep 20,10:30 PM ET,5h ago,away,Colorado Buffaloes,10.0,1.0,40.0,54.5,100.0,100.0,300.0,99.0,22.0
2026-09-21T03:55:59,cfb,cfb_20260926_colorado_buffaloes_baylor_bears,20260926CFB00133,DK,draftkings,change,10,2026-09-20T22:30:00,Sep 20,10:30 PM ET,5h ago,home,Baylor Bears,-10.0,99.0,60.0,54.5,0.0,0.0,-380.0,1.0,78.0
2026-09-21T03:55:59,cfb,cfb_20260926_colorado_buffaloes_baylor_bears,20260926CFB00133,DK,draftkings,change,11,2026-09-20T22:20:00,Sep 20,10:20 PM ET,5h ago,away,Colorado Buffaloes,10.0,1.0,40.0,54.5,100.0,100.0,300.0,99.0,23.0
2026-09-21T03:55:59,cfb,cfb_20260926_colorado_buffaloes_baylor_bears,20260926CFB00133,DK,draftkings,change,11,2026-09-20T22:20:00,Sep 20,10:20 PM ET,5h ago,home,Baylor Bears,-10.0,99.0,60.0,54.5,0.0,0.0,-380.0,1.0,77.0
2026-09-21T03:55:59,cfb,cfb_20260926_colorado_buffaloes_baylor_bears,20260926CFB00133,DK,draftkings,change,12,2026-09-20T22:10:00,Sep 20,10:10 PM ET,5h ago,away,Colorado Buffaloes,10.0,1.0,40.0,54.5,100.0,100.0,300.0,99.0,24.0
2026-09-21T03:55:59,cfb,cfb_20260926_colorado_buffaloes_baylor_bears,20260926CFB00133,DK,draftkings,change,12,2026-09-20T22:10:00,Sep 20,10:10 PM ET,5h ago,home,Baylor Bears,-10.0,99.0,60.0,54.5,0.0,0.0,-380.0,1.0,76.0
2026-09-21T03:55:59,cfb,cfb_20260926_colorado_buffaloes_baylor_bears,20260926CFB00133,DK,draftkings,change,13,2026-09-20T22:00:00,Sep 20,10:00 PM ET,5h ago,away,Colorado Buffaloes,10.0,1.0,40.0,54.5,100.0,100.0,300.0,99.0,22.0
2026-09-21T03:55:59,cfb,cfb_20260926_colorado_buffaloes_baylor_bears,20260926CFB00133,DK,draftkings,change,13,2026-09-20T22:00:00,Sep 20,10:00 PM ET,5h ago,home,Baylor Bears,-10.0,99.0,60.0,54.5,0.0,0.0,-380.0,1.0,78.0
2026-09-21T03:55:59,cfb,cfb_20260926_colorado_buffaloes_baylor_bears,20260926CFB00133,DK,draftkings,change,14,2026-09-20T21:50:00,Sep 20,9:50 PM ET,6h ago,away,Colorado Buffaloes,10.0,1.0,40.0,54.5,100.0,100.0,310.0,16.0,14.0
2026-09-21T03:55:59,cfb,cfb_20260926_colorado_buffaloes_baylor_bears,20260926CFB00133,DK,draftkings,change,14,2026-09-20T21:50:00,Sep 20,9:50 PM ET,6h ago,home,Baylor Bears,-10.0,99.0,60.0,54.5,0.0,0.0,-395.0,84.0,86.0
2026-09-21T03:55:59,cfb,cfb_20260926_colorado_buffaloes_baylor_bears,20260926CFB00133,DK,draftkings,change,15,2026-09-20T21:40:00,Sep 20,9:40 PM ET,6h ago,away,Colorado Buffaloes,10.0,1.0,40.0,54.5,100.0,100.0,310.0,15.0,12.0
2026-09-21T03:55:59,cfb,cfb_20260926_colorado_buffaloes_baylor_bears,20260926CFB00133,DK,draftkings,change,15,2026-09-20T21:40:00,Sep 20,9:40 PM ET,6h ago,home,Baylor Bears,-10.0,99.0,60.0,54.5,0.0,0.0,-395.0,85.0,88.0
2026-09-21T03:55:59,cfb,cfb_20260926_colorado_buffaloes_baylor_bears,20260926CFB00133,DK,draftkings,change,16,2026-09-20T21:15:00,Sep 20,9:15 PM ET,6h ago,away,Colorado Buffaloes,10.0,1.0,40.0,54.5,100.0,100.0,310.0,17.0,12.0
2026-09-21T03:55:59,cfb,cfb_20260926_colorado_buffaloes_baylor_bears,20260926CFB00133,DK,draftkings,change,16,2026-09-20T21:15:00,Sep 20,9:15 PM ET,6h ago,home,Baylor Bears,-10.0,99.0,60.0,54.5,0.0,0.0,-395.0,83.0,88.0
2026-09-21T03:55:59,cfb,cfb_20260926_colorado_buffaloes_baylor_bears,20260926CFB00133,DK,draftkings,change,17,2026-09-20T20:50:00,Sep 20,8:50 PM ET,7h ago,away,Colorado Buffaloes,10.0,1.0,44.0,54.5,100.0,100.0,310.0,17.0,12.0
2026-09-21T03:55:59,cfb,cfb_20260926_colorado_buffaloes_baylor_bears,20260926CFB00133,DK,draftkings,change,17,2026-09-20T20:50:00,Sep 20,8:50 PM ET,7h ago,home,Baylor Bears,-10.0,99.0,56.0,54.5,0.0,0.0,-395.0,83.0,88.0
2026-09-21T03:55:59,cfb,cfb_20260926_colorado_buffaloes_baylor_bears,20260926CFB00133,DK,draftkings,change,18,2026-09-20T20:30:00,Sep 20,8:30 PM ET,7h ago,away,Colorado Buffaloes,10.0,1.0,44.0,54.5,100.0,100.0,310.0,20.0,13.0
2026-09-21T03:55:59,cfb,cfb_20260926_colorado_buffaloes_baylor_bears,20260926CFB00133,DK,draftkings,change,18,2026-09-20T20:30:00,Sep 20,8:30 PM ET,7h ago,home,Baylor Bears,-10.0,99.0,56.0,54.5,0.0,0.0,-395.0,80.0,87.0
2026-09-21T03:55:59,cfb,cfb_20260926_colorado_buffaloes_baylor_bears,20260926CFB00133,DK,draftkings,change,19,2026-09-20T20:20:00,Sep 20,8:20 PM ET,7h ago,away,Colorado Buffaloes,10.0,1.0,50.0,54.5,100.0,100.0,310.0,20.0,13.0
2026-09-21T03:55:59,cfb,cfb_20260926_colorado_buffaloes_baylor_bears,20260926CFB00133,DK,draftkings,change,19,2026-09-20T20:20:00,Sep 20,8:20 PM ET,7h ago,home,Baylor Bears,-10.0,99.0,50.0,54.5,0.0,0.0,-395.0,80.0,87.0
2026-09-21T03:55:59,cfb,cfb_20260926_colorado_buffaloes_baylor_bears,20260926CFB00133,DK,draftkings,change,20,2026-09-20T20:10:00,Sep 20,8:10 PM ET,7h ago,away,Colorado Buffaloes,10.0,1.0,50.0,54.5,100.0,100.0,310.0,21.0,14.0
2026-09-21T03:55:59,cfb,cfb_20260926_colorado_buffaloes_baylor_bears,20260926CFB00133,DK,draftkings,change,20,2026-09-20T20:10:00,Sep 20,8:10 PM ET,7h ago,home,Baylor Bears,-10.0,99.0,50.0,54.5,0.0,0.0,-395.0,79.0,86.0
2026-09-21T03:55:59,cfb,cfb_20260926_colorado_buffaloes_baylor_bears,20260926CFB00133,DK,draftkings,change,21,2026-09-20T19:50:00,Sep 20,7:50 PM ET,8h ago,away,Colorado Buffaloes,9.5,1.0,50.0,54.5,100.0,100.0,295.0,23.0,15.0
2026-09-21T03:55:59,cfb,cfb_20260926_colorado_buffaloes_baylor_bears,20260926CFB00133,DK,draftkings,change,21,2026-09-20T19:50:00,Sep 20,7:50 PM ET,8h ago,home,Baylor Bears,-9.5,99.0,50.0,54.5,0.0,0.0,-375.0,77.0,85.0
2026-09-21T03:55:59,cfb,cfb_20260926_colorado_buffaloes_baylor_bears,20260926CFB00133,DK,draftkings,change,22,2026-09-20T19:40:00,Sep 20,7:40 PM ET,8h ago,away,Colorado Buffaloes,9.5,3.0,50.0,54.5,100.0,100.0,295.0,23.0,15.0
2026-09-21T03:55:59,cfb,cfb_20260926_colorado_buffaloes_baylor_bears,20260926CFB00133,DK,draftkings,change,22,2026-09-20T19:40:00,Sep 20,7:40 PM ET,8h ago,home,Baylor Bears,-9.5,97.0,50.0,54.5,0.0,0.0,-375.0,77.0,85.0
2026-09-21T03:55:59,cfb,cfb_20260926_colorado_buffaloes_baylor_bears,20260926CFB00133,DK,draftkings,change,23,2026-09-20T19:30:00,Sep 20,7:30 PM ET,8h ago,away,Colorado Buffaloes,9.5,2.0,40.0,54.5,100.0,100.0,275.0,14.0,11.0
2026-09-21T03:55:59,cfb,cfb_20260926_colorado_buffaloes_baylor_bears,20260926CFB00133,DK,draftkings,change,23,2026-09-20T19:30:00,Sep 20,7:30 PM ET,8h ago,home,Baylor Bears,-9.5,98.0,60.0,54.5,0.0,0.0,-345.0,86.0,89.0
2026-09-21T03:55:59,cfb,cfb_20260926_colorado_buffaloes_baylor_bears,20260926CFB00133,DK,draftkings,change,24,2026-09-20T19:25:00,Sep 20,7:25 PM ET,8h ago,away,Colorado Buffaloes,9.5,2.0,25.0,54.5,100.0,100.0,275.0,14.0,11.0
2026-09-21T03:55:59,cfb,cfb_20260926_colorado_buffaloes_baylor_bears,20260926CFB00133,DK,draftkings,change,24,2026-09-20T19:25:00,Sep 20,7:25 PM ET,8h ago,home,Baylor Bears,-9.5,98.0,75.0,54.5,0.0,0.0,-345.0,86.0,89.0
2026-09-21T03:55:59,cfb,cfb_20260926_colorado_buffaloes_baylor_bears,20260926CFB00133,DK,draftkings,change,25,2026-09-20T18:40:00,Sep 20,6:40 PM ET,9h ago,away,Colorado Buffaloes,9.5,2.0,25.0,54.5,100.0,100.0,275.0,16.0,12.0
2026-09-21T03:55:59,cfb,cfb_20260926_colorado_buffaloes_baylor_bears,20260926CFB00133,DK,draftkings,change,25,2026-09-20T18:40:00,Sep 20,6:40 PM ET,9h ago,home,Baylor Bears,-9.5,98.0,75.0,54.5,0.0,0.0,-345.0,84.0,88.0
2026-09-21T03:55:59,cfb,cfb_20260926_colorado_buffaloes_baylor_bears,20260926CFB00133,DK,draftkings,change,26,2026-09-20T18:25:00,Sep 20,6:25 PM ET,9h ago,away,Colorado Buffaloes,9.5,2.0,25.0,54.5,100.0,100.0,275.0,17.0,13.0
2026-09-21T03:55:59,cfb,cfb_20260926_colorado_buffaloes_baylor_bears,20260926CFB00133,DK,draftkings,change,26,2026-09-20T18:25:00,Sep 20,6:25 PM ET,9h ago,home,Baylor Bears,-9.5,98.0,75.0,54.5,0.0,0.0,-345.0,83.0,88.0
2026-09-21T03:55:59,cfb,cfb_20260926_colorado_buffaloes_baylor_bears,20260926CFB00133,DK,draftkings,change,27,2026-09-20T18:15:00,Sep 20,6:15 PM ET,9h ago,away,Colorado Buffaloes,9.5,2.0,25.0,54.5,100.0,100.0,275.0,18.0,14.0
2026-09-21T03:55:59,cfb,cfb_20260926_colorado_buffaloes_baylor_bears,20260926CFB00133,DK,draftkings,change,27,2026-09-20T18:15:00,Sep 20,6:15 PM ET,9h ago,home,Baylor Bears,-9.5,98.0,75.0,54.5,0.0,0.0,-345.0,82.0,86.0
2026-09-21T03:56:00,cfb,cfb_20260926_colorado_buffaloes_baylor_bears,20260926CFB00133,CIRCA,circa,open,1,2026-09-20T15:05:00,Sep 20,3:05 PM ET,12h ago,away,Colorado Buffaloes,10.0,0.0,0.0,55.0,100.0,100.0,,50.0,50.0
2026-09-21T03:56:00,cfb,cfb_20260926_colorado_buffaloes_baylor_bears,20260926CFB00133,CIRCA,circa,open,1,2026-09-20T15:05:00,Sep 20,3:05 PM ET,12h ago,home,Baylor Bears,-10.0,100.0,100.0,55.0,0.0,0.0,,50.0,50.0
2026-09-21T03:56:00,cfb,cfb_20260926_colorado_buffaloes_baylor_bears,20260926CFB00133,CIRCA,circa,change,2,2026-09-20T15:05:00,Sep 20,3:05 PM ET,12h ago,away,Colorado Buffaloes,10.0,0.0,0.0,55.0,100.0,100.0,,50.0,50.0
2026-09-21T03:56:00,cfb,cfb_20260926_colorado_buffaloes_baylor_bears,20260926CFB00133,CIRCA,circa,change,2,2026-09-20T15:05:00,Sep 20,3:05 PM ET,12h ago,home,Baylor Bears,-10.0,100.0,100.0,55.0,0.0,0.0,,50.0,50.0
2026-09-21T03:56:01,cfb,cfb_20260926_virginia_tech_hokies_boston_college_eagles,20260926CFB00135,DK,draftkings,open,1,2026-09-20T11:25:00,Sep 20,11:25 AM ET,16h ago,away,Virginia Tech Hokies,-14.0,100.0,100.0,,0.0,0.0,,0.0,0.0
2026-09-21T03:56:01,cfb,cfb_20260926_virginia_tech_hokies_boston_college_eagles,20260926CFB00135,DK,draftkings,open,1,2026-09-20T11:25:00,Sep 20,11:25 AM ET,16h ago,home,Boston College Eagles,14.0,0.0,0.0,,0.0,0.0,,0.0,0.0
2026-09-21T03:56:01,cfb,cfb_20260926_virginia_tech_hokies_boston_college_eagles,20260926CFB00135,DK,draftkings,first_full,2,2026-09-20T16:30:00,Sep 20,4:30 PM ET,11h ago,away,Virginia Tech Hokies,-14.5,100.0,100.0,52.5,100.0,100.0,-650.0,100.0,100.0
2026-09-21T03:56:01,cfb,cfb_20260926_virginia_tech_hokies_boston_college_eagles,20260926CFB00135,DK,draftkings,first_full,2,2026-09-20T16:30:00,Sep 20,4:30 PM ET,11h ago,home,Boston College Eagles,14.5,0.0,0.0,52.5,0.0,0.0,470.0,0.0,0.0
2026-09-21T03:56:01,cfb,cfb_20260926_virginia_tech_hokies_boston_college_eagles,20260926CFB00135,DK,draftkings,change,3,2026-09-21T03:50:00,Sep 21,3:50 AM ET,5m ago,away,Virginia Tech Hokies,-14.5,96.0,90.0,52.5,100.0,100.0,-625.0,73.0,95.0
2026-09-21T03:56:01,cfb,cfb_20260926_virginia_tech_hokies_boston_college_eagles,20260926CFB00135,DK,draftkings,change,3,2026-09-21T03:50:00,Sep 21,3:50 AM ET,5m ago,home,Boston College Eagles,14.5,4.0,10.0,52.5,0.0,0.0,455.0,27.0,5.0
2026-09-21T03:56:01,cfb,cfb_20260926_virginia_tech_hokies_boston_college_eagles,20260926CFB00135,DK,draftkings,change,4,2026-09-21T03:40:00,Sep 21,3:40 AM ET,15m ago,away,Virginia Tech Hokies,-14.5,96.0,90.0,52.5,100.0,100.0,-625.0,72.0,95.0
2026-09-21T03:56:01,cfb,cfb_20260926_virginia_tech_hokies_boston_college_eagles,20260926CFB00135,DK,draftkings,change,4,2026-09-21T03:40:00,Sep 21,3:40 AM ET,15m ago,home,Boston College Eagles,14.5,4.0,10.0,52.5,0.0,0.0,455.0,28.0,5.0
2026-09-21T03:56:01,cfb,cfb_20260926_virginia_tech_hokies_boston_college_eagles,20260926CFB00135,DK,draftkings,change,5,2026-09-21T02:25:00,Sep 21,2:25 AM ET,1h ago,away,Virginia Tech Hokies,-14.5,96.0,90.0,52.5,100.0,100.0,-625.0,71.0,95.0
2026-09-21T03:56:01,cfb,cfb_20260926_virginia_tech_hokies_boston_college_eagles,20260926CFB00135,DK,draftkings,change,5,2026-09-21T02:25:00,Sep 21,2:25 AM ET,1h ago,home,Boston College Eagles,14.5,4.0,10.0,52.5,0.0,0.0,455.0,29.0,5.0
2026-09-21T03:56:01,cfb,cfb_20260926_virginia_tech_hokies_boston_college_eagles,20260926CFB00135,DK,draftkings,change,6,2026-09-21T01:25:00,Sep 21,1:25 AM ET,2h ago,away,Virginia Tech Hokies,-14.5,96.0,92.0,52.5,100.0,100.0,-625.0,71.0,95.0
2026-09-21T03:56:01,cfb,cfb_20260926_virginia_tech_hokies_boston_college_eagles,20260926CFB00135,DK,draftkings,change,6,2026-09-21T01:25:00,Sep 21,1:25 AM ET,2h ago,home,Boston College Eagles,14.5,4.0,8.0,52.5,0.0,0.0,455.0,29.0,5.0
2026-09-21T03:56:01,cfb,cfb_20260926_virginia_tech_hokies_boston_college_eagles,20260926CFB00135,DK,draftkings,change,7,2026-09-21T01:00:00,Sep 21,1:00 AM ET,2h ago,away,Virginia Tech Hokies,-14.0,96.0,92.0,52.5,100.0,100.0,-625.0,68.0,95.0
2026-09-21T03:56:01,cfb,cfb_20260926_virginia_tech_hokies_boston_college_eagles,20260926CFB00135,DK,draftkings,change,7,2026-09-21T01:00:00,Sep 21,1:00 AM ET,2h ago,home,Boston College Eagles,14.0,4.0,8.0,52.5,0.0,0.0,455.0,32.0,5.0
2026-09-21T03:56:01,cfb,cfb_20260926_virginia_tech_hokies_boston_college_eagles,20260926CFB00135,DK,draftkings,change,8,2026-09-21T00:45:00,Sep 21,12:45 AM ET,3h ago,away,Virginia Tech Hokies,-14.0,96.0,92.0,52.5,100.0,100.0,-625.0,68.0,94.0
2026-09-21T03:56:01,cfb,cfb_20260926_virginia_tech_hokies_boston_college_eagles,20260926CFB00135,DK,draftkings,change,8,2026-09-21T00:45:00,Sep 21,12:45 AM ET,3h ago,home,Boston College Eagles,14.0,4.0,8.0,52.5,0.0,0.0,455.0,32.0,6.0
2026-09-21T03:56:01,cfb,cfb_20260926_virginia_tech_hokies_boston_college_eagles,20260926CFB00135,DK,draftkings,change,9,2026-09-21T00:20:00,Sep 21,12:20 AM ET,3h ago,away,Virginia Tech Hokies,-14.0,95.0,92.0,52.5,100.0,100.0,-625.0,68.0,94.0
2026-09-21T03:56:01,cfb,cfb_20260926_virginia_tech_hokies_boston_college_eagles,20260926CFB00135,DK,draftkings,change,9,2026-09-21T00:20:00,Sep 21,12:20 AM ET,3h ago,home,Boston College Eagles,14.0,5.0,8.0,52.5,0.0,0.0,455.0,32.0,6.0
2026-09-21T03:56:01,cfb,cfb_20260926_virginia_tech_hokies_boston_college_eagles,20260926CFB00135,DK,draftkings,change,10,2026-09-21T00:10:00,Sep 21,12:10 AM ET,3h ago,away,Virginia Tech Hokies,-14.0,95.0,91.0,52.5,100.0,100.0,-625.0,68.0,94.0
2026-09-21T03:56:01,cfb,cfb_20260926_virginia_tech_hokies_boston_college_eagles,20260926CFB00135,DK,draftkings,change,10,2026-09-21T00:10:00,Sep 21,12:10 AM ET,3h ago,home,Boston College Eagles,14.0,5.0,9.0,52.5,0.0,0.0,455.0,32.0,6.0
2026-09-21T03:56:01,cfb,cfb_20260926_virginia_tech_hokies_boston_college_eagles,20260926CFB00135,DK,draftkings,change,11,2026-09-20T23:55:00,Sep 20,11:55 PM ET,4h ago,away,Virginia Tech Hokies,-14.0,95.0,91.0,52.5,100.0,100.0,-625.0,66.0,93.0
2026-09-21T03:56:01,cfb,cfb_20260926_virginia_tech_hokies_boston_college_eagles,20260926CFB00135,DK,draftkings,change,11,2026-09-20T23:55:00,Sep 20,11:55 PM ET,4h ago,home,Boston College Eagles,14.0,5.0,9.0,52.5,0.0,0.0,455.0,34.0,7.0
2026-09-21T03:56:01,cfb,cfb_20260926_virginia_tech_hokies_boston_college_eagles,20260926CFB00135,DK,draftkings,change,12,2026-09-20T23:50:00,Sep 20,11:50 PM ET,4h ago,away,Virginia Tech Hokies,-14.0,95.0,91.0,52.5,100.0,100.0,-625.0,64.0,93.0
2026-09-21T03:56:01,cfb,cfb_20260926_virginia_tech_hokies_boston_college_eagles,20260926CFB00135,DK,draftkings,change,12,2026-09-20T23:50:00,Sep 20,11:50 PM ET,4h ago,home,Boston College Eagles,14.0,5.0,9.0,52.5,0.0,0.0,455.0,36.0,7.0
2026-09-21T03:56:01,cfb,cfb_20260926_virginia_tech_hokies_boston_college_eagles,20260926CFB00135,DK,draftkings,change,13,2026-09-20T23:15:00,Sep 20,11:15 PM ET,4h ago,away,Virginia Tech Hokies,-14.0,94.0,91.0,52.5,100.0,100.0,-625.0,64.0,93.0
2026-09-21T03:56:01,cfb,cfb_20260926_virginia_tech_hokies_boston_college_eagles,20260926CFB00135,DK,draftkings,change,13,2026-09-20T23:15:00,Sep 20,11:15 PM ET,4h ago,home,Boston College Eagles,14.0,6.0,9.0,52.5,0.0,0.0,455.0,36.0,7.0
2026-09-21T03:56:01,cfb,cfb_20260926_virginia_tech_hokies_boston_college_eagles,20260926CFB00135,DK,draftkings,change,14,2026-09-20T23:00:00,Sep 20,11:00 PM ET,4h ago,away,Virginia Tech Hokies,-14.0,94.0,90.0,52.5,100.0,100.0,-625.0,64.0,93.0
2026-09-21T03:56:01,cfb,cfb_20260926_virginia_tech_hokies_boston_college_eagles,20260926CFB00135,DK,draftkings,change,14,2026-09-20T23:00:00,Sep 20,11:00 PM ET,4h ago,home,Boston College Eagles,14.0,6.0,10.0,52.5,0.0,0.0,455.0,36.0,7.0
2026-09-21T03:56:01,cfb,cfb_20260926_virginia_tech_hokies_boston_college_eagles,20260926CFB00135,DK,draftkings,change,15,2026-09-20T22:10:00,Sep 20,10:10 PM ET,5h ago,away,Virginia Tech Hokies,-14.0,94.0,90.0,52.5,100.0,100.0,-625.0,62.0,93.0
2026-09-21T03:56:01,cfb,cfb_20260926_virginia_tech_hokies_boston_college_eagles,20260926CFB00135,DK,draftkings,change,15,2026-09-20T22:10:00,Sep 20,10:10 PM ET,5h ago,home,Boston College Eagles,14.0,6.0,10.0,52.5,0.0,0.0,455.0,38.0,7.0
2026-09-21T03:56:01,cfb,cfb_20260926_virginia_tech_hokies_boston_college_eagles,20260926CFB00135,DK,draftkings,change,16,2026-09-20T22:00:00,Sep 20,10:00 PM ET,5h ago,away,Virginia Tech Hokies,-14.0,93.0,90.0,52.5,100.0,100.0,-625.0,61.0,93.0
2026-09-21T03:56:01,cfb,cfb_20260926_virginia_tech_hokies_boston_college_eagles,20260926CFB00135,DK,draftkings,change,16,2026-09-20T22:00:00,Sep 20,10:00 PM ET,5h ago,home,Boston College Eagles,14.0,7.0,10.0,52.5,0.0,0.0,455.0,39.0,7.0
2026-09-21T03:56:01,cfb,cfb_20260926_virginia_tech_hokies_boston_college_eagles,20260926CFB00135,DK,draftkings,change,17,2026-09-20T21:50:00,Sep 20,9:50 PM ET,6h ago,away,Virginia Tech Hokies,-14.0,93.0,89.0,52.5,100.0,100.0,-625.0,61.0,93.0
2026-09-21T03:56:01,cfb,cfb_20260926_virginia_tech_hokies_boston_college_eagles,20260926CFB00135,DK,draftkings,change,17,2026-09-20T21:50:00,Sep 20,9:50 PM ET,6h ago,home,Boston College Eagles,14.0,7.0,11.0,52.5,0.0,0.0,455.0,39.0,7.0
2026-09-21T03:56:01,cfb,cfb_20260926_virginia_tech_hokies_boston_college_eagles,20260926CFB00135,DK,draftkings,change,18,2026-09-20T21:40:00,Sep 20,9:40 PM ET,6h ago,away,Virginia Tech Hokies,-14.0,93.0,89.0,52.5,100.0,100.0,-625.0,60.0,92.0
2026-09-21T03:56:01,cfb,cfb_20260926_virginia_tech_hokies_boston_college_eagles,20260926CFB00135,DK,draftkings,change,18,2026-09-20T21:40:00,Sep 20,9:40 PM ET,6h ago,home,Boston College Eagles,14.0,7.0,11.0,52.5,0.0,0.0,455.0,40.0,8.0
2026-09-21T03:56:01,cfb,cfb_20260926_virginia_tech_hokies_boston_college_eagles,20260926CFB00135,DK,draftkings,change,19,2026-09-20T20:30:00,Sep 20,8:30 PM ET,7h ago,away,Virginia Tech Hokies,-14.0,93.0,89.0,52.5,100.0,100.0,-625.0,60.0,91.0
2026-09-21T03:56:01,cfb,cfb_20260926_virginia_tech_hokies_boston_college_eagles,20260926CFB00135,DK,draftkings,change,19,2026-09-20T20:30:00,Sep 20,8:30 PM ET,7h ago,home,Boston College Eagles,14.0,7.0,11.0,52.5,0.0,0.0,455.0,40.0,9.0
2026-09-21T03:56:01,cfb,cfb_20260926_virginia_tech_hokies_boston_college_eagles,20260926CFB00135,DK,draftkings,change,20,2026-09-20T20:15:00,Sep 20,8:15 PM ET,7h ago,away,Virginia Tech Hokies,-14.0,93.0,88.0,52.5,100.0,100.0,-625.0,60.0,91.0
2026-09-21T03:56:01,cfb,cfb_20260926_virginia_tech_hokies_boston_college_eagles,20260926CFB00135,DK,draftkings,change,20,2026-09-20T20:15:00,Sep 20,8:15 PM ET,7h ago,home,Boston College Eagles,14.0,7.0,12.0,52.5,0.0,0.0,455.0,40.0,9.0
2026-09-21T03:56:01,cfb,cfb_20260926_virginia_tech_hokies_boston_college_eagles,20260926CFB00135,DK,draftkings,change,21,2026-09-20T20:10:00,Sep 20,8:10 PM ET,7h ago,away,Virginia Tech Hokies,-14.0,97.0,92.0,52.5,100.0,100.0,-625.0,61.0,94.0
2026-09-21T03:56:01,cfb,cfb_20260926_virginia_tech_hokies_boston_college_eagles,20260926CFB00135,DK,draftkings,change,21,2026-09-20T20:10:00,Sep 20,8:10 PM ET,7h ago,home,Boston College Eagles,14.0,3.0,8.0,52.5,0.0,0.0,455.0,39.0,6.0
2026-09-21T03:56:01,cfb,cfb_20260926_virginia_tech_hokies_boston_college_eagles,20260926CFB00135,DK,draftkings,change,22,2026-09-20T19:40:00,Sep 20,7:40 PM ET,8h ago,away,Virginia Tech Hokies,-14.0,97.0,96.0,52.5,100.0,100.0,-625.0,87.0,96.0
2026-09-21T03:56:01,cfb,cfb_20260926_virginia_tech_hokies_boston_college_eagles,20260926CFB00135,DK,draftkings,change,22,2026-09-20T19:40:00,Sep 20,7:40 PM ET,8h ago,home,Boston College Eagles,14.0,3.0,4.0,52.5,0.0,0.0,455.0,13.0,4.0
2026-09-21T03:56:01,cfb,cfb_20260926_virginia_tech_hokies_boston_college_eagles,20260926CFB00135,DK,draftkings,change,23,2026-09-20T19:30:00,Sep 20,7:30 PM ET,8h ago,away,Virginia Tech Hokies,-14.0,97.0,95.0,52.5,100.0,100.0,-625.0,86.0,96.0
2026-09-21T03:56:01,cfb,cfb_20260926_virginia_tech_hokies_boston_college_eagles,20260926CFB00135,DK,draftkings,change,23,2026-09-20T19:30:00,Sep 20,7:30 PM ET,8h ago,home,Boston College Eagles,14.0,3.0,5.0,52.5,0.0,0.0,455.0,14.0,4.0
2026-09-21T03:56:01,cfb,cfb_20260926_virginia_tech_hokies_boston_college_eagles,20260926CFB00135,DK,draftkings,change,24,2026-09-20T19:25:00,Sep 20,7:25 PM ET,8h ago,away,Virginia Tech Hokies,-14.0,100.0,100.0,52.5,100.0,100.0,-625.0,86.0,96.0
2026-09-21T03:56:01,cfb,cfb_20260926_virginia_tech_hokies_boston_college_eagles,20260926CFB00135,DK,draftkings,change,24,2026-09-20T19:25:00,Sep 20,7:25 PM ET,8h ago,home,Boston College Eagles,14.0,0.0,0.0,52.5,0.0,0.0,455.0,14.0,4.0
2026-09-21T03:56:01,cfb,cfb_20260926_virginia_tech_hokies_boston_college_eagles,20260926CFB00135,DK,draftkings,change,25,2026-09-20T19:10:00,Sep 20,7:10 PM ET,8h ago,away,Virginia Tech Hokies,-14.5,100.0,100.0,52.5,100.0,100.0,-650.0,85.0,96.0
2026-09-21T03:56:01,cfb,cfb_20260926_virginia_tech_hokies_boston_college_eagles,20260926CFB00135,DK,draftkings,change,25,2026-09-20T19:10:00,Sep 20,7:10 PM ET,8h ago,home,Boston College Eagles,14.5,0.0,0.0,52.5,0.0,0.0,470.0,15.0,4.0
2026-09-21T03:56:01,cfb,cfb_20260926_virginia_tech_hokies_boston_college_eagles,20260926CFB00135,DK,draftkings,change,26,2026-09-20T19:05:00,Sep 20,7:05 PM ET,8h ago,away,Virginia Tech Hokies,-14.5,100.0,100.0,52.5,100.0,100.0,-650.0,85.0,95.0
2026-09-21T03:56:01,cfb,cfb_20260926_virginia_tech_hokies_boston_college_eagles,20260926CFB00135,DK,draftkings,change,26,2026-09-20T19:05:00,Sep 20,7:05 PM ET,8h ago,home,Boston College Eagles,14.5,0.0,0.0,52.5,0.0,0.0,470.0,15.0,5.0
2026-09-21T03:56:01,cfb,cfb_20260926_virginia_tech_hokies_boston_college_eagles,20260926CFB00135,DK,draftkings,change,27,2026-09-20T18:25:00,Sep 20,6:25 PM ET,9h ago,away,Virginia Tech Hokies,-14.5,100.0,100.0,52.5,100.0,100.0,-650.0,84.0,95.0
2026-09-21T03:56:01,cfb,cfb_20260926_virginia_tech_hokies_boston_college_eagles,20260926CFB00135,DK,draftkings,change,27,2026-09-20T18:25:00,Sep 20,6:25 PM ET,9h ago,home,Boston College Eagles,14.5,0.0,0.0,52.5,0.0,0.0,470.0,16.0,5.0
2026-09-21T03:56:03,cfb,cfb_20260926_virginia_tech_hokies_boston_college_eagles,20260926CFB00135,CIRCA,circa,open,1,2026-09-20T15:00:00,Sep 20,3:00 PM ET,12h ago,away,Virginia Tech Hokies,-14.5,50.0,50.0,54.0,50.0,50.0,,50.0,50.0
2026-09-21T03:56:03,cfb,cfb_20260926_virginia_tech_hokies_boston_college_eagles,20260926CFB00135,CIRCA,circa,open,1,2026-09-20T15:00:00,Sep 20,3:00 PM ET,12h ago,home,Boston College Eagles,14.5,50.0,50.0,54.0,50.0,50.0,,50.0,50.0
2026-09-21T03:56:03,cfb,cfb_20260926_virginia_tech_hokies_boston_college_eagles,20260926CFB00135,CIRCA,circa,change,2,2026-09-21T00:35:00,Sep 21,12:35 AM ET,3h ago,away,Virginia Tech Hokies,-14.5,2.0,50.0,52.0,50.0,50.0,,50.0,50.0
2026-09-21T03:56:03,cfb,cfb_20260926_virginia_tech_hokies_boston_college_eagles,20260926CFB00135,CIRCA,circa,change,2,2026-09-21T00:35:00,Sep 21,12:35 AM ET,3h ago,home,Boston College Eagles,14.5,98.0,50.0,52.0,50.0,50.0,,50.0,50.0
2026-09-21T03:56:03,cfb,cfb_20260926_virginia_tech_hokies_boston_college_eagles,20260926CFB00135,CIRCA,circa,change,3,2026-09-20T18:20:00,Sep 20,6:20 PM ET,9h ago,away,Virginia Tech Hokies,-14.5,100.0,100.0,52.0,50.0,50.0,,50.0,50.0
2026-09-21T03:56:03,cfb,cfb_20260926_virginia_tech_hokies_boston_college_eagles,20260926CFB00135,CIRCA,circa,change,3,2026-09-20T18:20:00,Sep 20,6:20 PM ET,9h ago,home,Boston College Eagles,14.5,0.0,0.0,52.0,50.0,50.0,,50.0,50.0
2026-09-21T03:56:03,cfb,cfb_20260926_virginia_tech_hokies_boston_college_eagles,20260926CFB00135,CIRCA,circa,change,4,2026-09-20T15:00:00,Sep 20,3:00 PM ET,12h ago,away,Virginia Tech Hokies,-14.5,50.0,50.0,54.0,50.0,50.0,,50.0,50.0
2026-09-21T03:56:03,cfb,cfb_20260926_virginia_tech_hokies_boston_college_eagles,20260926CFB00135,CIRCA,circa,change,4,2026-09-20T15:00:00,Sep 20,3:00 PM ET,12h ago,home,Boston College Eagles,14.5,50.0,50.0,54.0,50.0,50.0,,50.0,50.0
2026-09-21T03:56:04,cfb,cfb_20260926_ball_st_cardinals_kent_st_golden_flashes,20260926CFB00166,DK,draftkings,open,1,2026-09-20T10:55:00,Sep 20,10:55 AM ET,17h ago,away,Ball ST Cardinals,4.5,100.0,100.0,,0.0,0.0,,0.0,0.0
2026-09-21T03:56:04,cfb,cfb_20260926_ball_st_cardinals_kent_st_golden_flashes,20260926CFB00166,DK,draftkings,open,1,2026-09-20T10:55:00,Sep 20,10:55 AM ET,17h ago,home,Kent ST Golden Flashes,-4.5,0.0,0.0,,0.0,0.0,,0.0,0.0
2026-09-21T03:56:04,cfb,cfb_20260926_ball_st_cardinals_kent_st_golden_flashes,20260926CFB00166,DK,draftkings,change,2,2026-09-21T01:50:00,Sep 21,1:50 AM ET,2h ago,away,Ball ST Cardinals,3.5,100.0,100.0,49.5,0.0,60.0,136.0,4.0,20.0
2026-09-21T03:56:04,cfb,cfb_20260926_ball_st_cardinals_kent_st_golden_flashes,20260926CFB00166,DK,draftkings,change,2,2026-09-21T01:50:00,Sep 21,1:50 AM ET,2h ago,home,Kent ST Golden Flashes,-3.5,0.0,0.0,49.5,100.0,40.0,-162.0,96.0,80.0
2026-09-21T03:56:04,cfb,cfb_20260926_ball_st_cardinals_kent_st_golden_flashes,20260926CFB00166,DK,draftkings,change,3,2026-09-21T00:10:00,Sep 21,12:10 AM ET,3h ago,away,Ball ST Cardinals,3.5,100.0,100.0,49.5,0.0,60.0,136.0,4.0,25.0
2026-09-21T03:56:04,cfb,cfb_20260926_ball_st_cardinals_kent_st_golden_flashes,20260926CFB00166,DK,draftkings,change,3,2026-09-21T00:10:00,Sep 21,12:10 AM ET,3h ago,home,Kent ST Golden Flashes,-3.5,0.0,0.0,49.5,100.0,40.0,-162.0,96.0,75.0
2026-09-21T03:56:04,cfb,cfb_20260926_ball_st_cardinals_kent_st_golden_flashes,20260926CFB00166,DK,draftkings,change,4,2026-09-20T21:50:00,Sep 20,9:50 PM ET,6h ago,away,Ball ST Cardinals,3.5,100.0,100.0,49.5,0.0,50.0,136.0,4.0,33.0
2026-09-21T03:56:04,cfb,cfb_20260926_ball_st_cardinals_kent_st_golden_flashes,20260926CFB00166,DK,draftkings,change,4,2026-09-20T21:50:00,Sep 20,9:50 PM ET,6h ago,home,Kent ST Golden Flashes,-3.5,0.0,0.0,49.5,100.0,50.0,-162.0,96.0,67.0
2026-09-21T03:56:04,cfb,cfb_20260926_ball_st_cardinals_kent_st_golden_flashes,20260926CFB00166,DK,draftkings,change,5,2026-09-20T21:30:00,Sep 20,9:30 PM ET,6h ago,away,Ball ST Cardinals,3.5,100.0,100.0,49.5,0.0,50.0,136.0,5.0,50.0
2026-09-21T03:56:04,cfb,cfb_20260926_ball_st_cardinals_kent_st_golden_flashes,20260926CFB00166,DK,draftkings,change,5,2026-09-20T21:30:00,Sep 20,9:30 PM ET,6h ago,home,Kent ST Golden Flashes,-3.5,0.0,0.0,49.5,100.0,50.0,-162.0,95.0,50.0
2026-09-21T03:56:04,cfb,cfb_20260926_ball_st_cardinals_kent_st_golden_flashes,20260926CFB00166,DK,draftkings,change,6,2026-09-20T21:15:00,Sep 20,9:15 PM ET,6h ago,away,Ball ST Cardinals,3.5,100.0,100.0,49.5,0.0,50.0,136.0,0.0,0.0
2026-09-21T03:56:04,cfb,cfb_20260926_ball_st_cardinals_kent_st_golden_flashes,20260926CFB00166,DK,draftkings,change,6,2026-09-20T21:15:00,Sep 20,9:15 PM ET,6h ago,home,Kent ST Golden Flashes,-3.5,0.0,0.0,49.5,100.0,50.0,-162.0,100.0,100.0
2026-09-21T03:56:04,cfb,cfb_20260926_ball_st_cardinals_kent_st_golden_flashes,20260926CFB00166,DK,draftkings,change,7,2026-09-20T16:30:00,Sep 20,4:30 PM ET,11h ago,away,Ball ST Cardinals,3.5,100.0,100.0,49.5,0.0,33.0,142.0,0.0,0.0
2026-09-21T03:56:04,cfb,cfb_20260926_ball_st_cardinals_kent_st_golden_flashes,20260926CFB00166,DK,draftkings,change,7,2026-09-20T16:30:00,Sep 20,4:30 PM ET,11h ago,home,Kent ST Golden Flashes,-3.5,0.0,0.0,49.5,100.0,67.0,-170.0,100.0,100.0
2026-09-21T03:56:04,cfb,cfb_20260926_ball_st_cardinals_kent_st_golden_flashes,20260926CFB00166,DK,draftkings,change,8,2026-09-20T15:10:00,Sep 20,3:10 PM ET,12h ago,away,Ball ST Cardinals,4.5,100.0,100.0,50.5,0.0,0.0,150.0,0.0,0.0
2026-09-21T03:56:04,cfb,cfb_20260926_ball_st_cardinals_kent_st_golden_flashes,20260926CFB00166,DK,draftkings,change,8,2026-09-20T15:10:00,Sep 20,3:10 PM ET,12h ago,home,Kent ST Golden Flashes,-4.5,0.0,0.0,50.5,100.0,100.0,-180.0,100.0,100.0
2026-09-21T03:56:04,cfb,cfb_20260926_ball_st_cardinals_kent_st_golden_flashes,20260926CFB00166,DK,draftkings,change,9,2026-09-20T12:45:00,Sep 20,12:45 PM ET,15h ago,away,Ball ST Cardinals,4.5,100.0,100.0,,0.0,0.0,154.0,0.0,0.0
2026-09-21T03:56:04,cfb,cfb_20260926_ball_st_cardinals_kent_st_golden_flashes,20260926CFB00166,DK,draftkings,change,9,2026-09-20T12:45:00,Sep 20,12:45 PM ET,15h ago,home,Kent ST Golden Flashes,-4.5,0.0,0.0,,0.0,0.0,-185.0,100.0,100.0
2026-09-21T03:56:04,cfb,cfb_20260926_ball_st_cardinals_kent_st_golden_flashes,20260926CFB00166,DK,draftkings,change,10,2026-09-20T10:55:00,Sep 20,10:55 AM ET,17h ago,away,Ball ST Cardinals,4.5,100.0,100.0,,0.0,0.0,,0.0,0.0
2026-09-21T03:56:04,cfb,cfb_20260926_ball_st_cardinals_kent_st_golden_flashes,20260926CFB00166,DK,draftkings,change,10,2026-09-20T10:55:00,Sep 20,10:55 AM ET,17h ago,home,Kent ST Golden Flashes,-4.5,0.0,0.0,,0.0,0.0,,0.0,0.0
2026-09-21T03:56:05,cfb,cfb_20260926_ball_st_cardinals_kent_st_golden_flashes,20260926CFB00166,CIRCA,circa,open,1,2026-09-20T15:05:00,Sep 20,3:05 PM ET,12h ago,away,Ball ST Cardinals,3.5,50.0,50.0,49.5,0.0,0.0,,50.0,50.0
2026-09-21T03:56:05,cfb,cfb_20260926_ball_st_cardinals_kent_st_golden_flashes,20260926CFB00166,CIRCA,circa,open,1,2026-09-20T15:05:00,Sep 20,3:05 PM ET,12h ago,home,Kent ST Golden Flashes,-3.5,50.0,50.0,49.5,100.0,100.0,,50.0,50.0
2026-09-21T03:56:05,cfb,cfb_20260926_ball_st_cardinals_kent_st_golden_flashes,20260926CFB00166,CIRCA,circa,change,2,2026-09-20T15:05:00,Sep 20,3:05 PM ET,12h ago,away,Ball ST Cardinals,3.5,50.0,50.0,49.5,0.0,0.0,,50.0,50.0
2026-09-21T03:56:05,cfb,cfb_20260926_ball_st_cardinals_kent_st_golden_flashes,20260926CFB00166,CIRCA,circa,change,2,2026-09-20T15:05:00,Sep 20,3:05 PM ET,12h ago,home,Kent ST Golden Flashes,-3.5,50.0,50.0,49.5,100.0,100.0,,50.0,50.0
2026-09-21T03:56:06,cfb,cfb_20260926_wake_forest_demon_deacons_louisville_cardinals,20260926CFB00171,DK,draftkings,open,1,2026-09-19T22:10:00,Sep 19,10:10 PM ET,1d ago,away,Wake Forest Demon Deacons,13.5,0.0,0.0,,0.0,0.0,,0.0,0.0
2026-09-21T03:56:06,cfb,cfb_20260926_wake_forest_demon_deacons_louisville_cardinals,20260926CFB00171,DK,draftkings,open,1,2026-09-19T22:10:00,Sep 19,10:10 PM ET,1d ago,home,Louisville Cardinals,-13.5,100.0,100.0,,0.0,0.0,,0.0,0.0
2026-09-21T03:56:06,cfb,cfb_20260926_wake_forest_demon_deacons_louisville_cardinals,20260926CFB00171,DK,draftkings,first_full,2,2026-09-20T04:20:00,Sep 20,4:20 AM ET,23h ago,away,Wake Forest Demon Deacons,13.5,1.0,25.0,58.5,56.0,67.0,470.0,4.0,5.0
2026-09-21T03:56:06,cfb,cfb_20260926_wake_forest_demon_deacons_louisville_cardinals,20260926CFB00171,DK,draftkings,first_full,2,2026-09-20T04:20:00,Sep 20,4:20 AM ET,23h ago,home,Louisville Cardinals,-13.5,99.0,75.0,58.5,44.0,33.0,-650.0,96.0,95.0
2026-09-21T03:56:06,cfb,cfb_20260926_wake_forest_demon_deacons_louisville_cardinals,20260926CFB00171,DK,draftkings,change,3,2026-09-21T03:40:00,Sep 21,3:40 AM ET,15m ago,away,Wake Forest Demon Deacons,12.5,96.0,43.0,58.5,25.0,87.0,380.0,83.0,5.0
2026-09-21T03:56:06,cfb,cfb_20260926_wake_forest_demon_deacons_louisville_cardinals,20260926CFB00171,DK,draftkings,change,3,2026-09-21T03:40:00,Sep 21,3:40 AM ET,15m ago,home,Louisville Cardinals,-12.5,4.0,58.0,58.5,75.0,13.0,-500.0,17.0,95.0
2026-09-21T03:56:06,cfb,cfb_20260926_wake_forest_demon_deacons_louisville_cardinals,20260926CFB00171,DK,draftkings,change,4,2026-09-21T01:50:00,Sep 21,1:50 AM ET,2h ago,away,Wake Forest Demon Deacons,12.5,96.0,43.0,58.5,25.0,87.0,380.0,84.0,5.0
2026-09-21T03:56:06,cfb,cfb_20260926_wake_forest_demon_deacons_louisville_cardinals,20260926CFB00171,DK,draftkings,change,4,2026-09-21T01:50:00,Sep 21,1:50 AM ET,2h ago,home,Louisville Cardinals,-12.5,4.0,58.0,58.5,75.0,13.0,-500.0,16.0,95.0
2026-09-21T03:56:06,cfb,cfb_20260926_wake_forest_demon_deacons_louisville_cardinals,20260926CFB00171,DK,draftkings,change,5,2026-09-21T01:25:00,Sep 21,1:25 AM ET,2h ago,away,Wake Forest Demon Deacons,12.5,96.0,44.0,58.5,25.0,87.0,380.0,84.0,5.0
2026-09-21T03:56:06,cfb,cfb_20260926_wake_forest_demon_deacons_louisville_cardinals,20260926CFB00171,DK,draftkings,change,5,2026-09-21T01:25:00,Sep 21,1:25 AM ET,2h ago,home,Louisville Cardinals,-12.5,4.0,56.0,58.5,75.0,13.0,-500.0,16.0,95.0
2026-09-21T03:56:06,cfb,cfb_20260926_wake_forest_demon_deacons_louisville_cardinals,20260926CFB00171,DK,draftkings,change,6,2026-09-21T00:45:00,Sep 21,12:45 AM ET,3h ago,away,Wake Forest Demon Deacons,12.5,96.0,44.0,58.5,25.0,87.0,380.0,84.0,6.0
2026-09-21T03:56:06,cfb,cfb_20260926_wake_forest_demon_deacons_louisville_cardinals,20260926CFB00171,DK,draftkings,change,6,2026-09-21T00:45:00,Sep 21,12:45 AM ET,3h ago,home,Louisville Cardinals,-12.5,4.0,56.0,58.5,75.0,13.0,-500.0,16.0,94.0
2026-09-21T03:56:06,cfb,cfb_20260926_wake_forest_demon_deacons_louisville_cardinals,20260926CFB00171,DK,draftkings,change,7,2026-09-21T00:20:00,Sep 21,12:20 AM ET,3h ago,away,Wake Forest Demon Deacons,12.5,96.0,44.0,58.5,20.0,86.0,380.0,84.0,6.0
2026-09-21T03:56:06,cfb,cfb_20260926_wake_forest_demon_deacons_louisville_cardinals,20260926CFB00171,DK,draftkings,change,7,2026-09-21T00:20:00,Sep 21,12:20 AM ET,3h ago,home,Louisville Cardinals,-12.5,4.0,56.0,58.5,80.0,14.0,-500.0,16.0,94.0
2026-09-21T03:56:06,cfb,cfb_20260926_wake_forest_demon_deacons_louisville_cardinals,20260926CFB00171,DK,draftkings,change,8,2026-09-21T00:10:00,Sep 21,12:10 AM ET,3h ago,away,Wake Forest Demon Deacons,12.5,96.0,44.0,58.5,20.0,85.0,380.0,84.0,6.0
2026-09-21T03:56:06,cfb,cfb_20260926_wake_forest_demon_deacons_louisville_cardinals,20260926CFB00171,DK,draftkings,change,8,2026-09-21T00:10:00,Sep 21,12:10 AM ET,3h ago,home,Louisville Cardinals,-12.5,4.0,56.0,58.5,80.0,15.0,-500.0,16.0,94.0
2026-09-21T03:56:06,cfb,cfb_20260926_wake_forest_demon_deacons_louisville_cardinals,20260926CFB00171,DK,draftkings,change,9,2026-09-21T00:00:00,Sep 21,12:00 AM ET,3h ago,away,Wake Forest Demon Deacons,12.5,97.0,46.0,58.5,20.0,85.0,380.0,84.0,6.0
2026-09-21T03:56:06,cfb,cfb_20260926_wake_forest_demon_deacons_louisville_cardinals,20260926CFB00171,DK,draftkings,change,9,2026-09-21T00:00:00,Sep 21,12:00 AM ET,3h ago,home,Louisville Cardinals,-12.5,3.0,54.0,58.5,80.0,15.0,-500.0,16.0,94.0
2026-09-21T03:56:06,cfb,cfb_20260926_wake_forest_demon_deacons_louisville_cardinals,20260926CFB00171,DK,draftkings,change,10,2026-09-20T23:10:00,Sep 20,11:10 PM ET,4h ago,away,Wake Forest Demon Deacons,12.5,97.0,46.0,58.5,20.0,83.0,380.0,84.0,6.0
2026-09-21T03:56:06,cfb,cfb_20260926_wake_forest_demon_deacons_louisville_cardinals,20260926CFB00171,DK,draftkings,change,10,2026-09-20T23:10:00,Sep 20,11:10 PM ET,4h ago,home,Louisville Cardinals,-12.5,3.0,54.0,58.5,80.0,17.0,-500.0,16.0,94.0
2026-09-21T03:56:06,cfb,cfb_20260926_wake_forest_demon_deacons_louisville_cardinals,20260926CFB00171,DK,draftkings,change,11,2026-09-20T22:30:00,Sep 20,10:30 PM ET,5h ago,away,Wake Forest Demon Deacons,12.5,97.0,47.0,58.5,20.0,83.0,380.0,84.0,6.0
2026-09-21T03:56:06,cfb,cfb_20260926_wake_forest_demon_deacons_louisville_cardinals,20260926CFB00171,DK,draftkings,change,11,2026-09-20T22:30:00,Sep 20,10:30 PM ET,5h ago,home,Louisville Cardinals,-12.5,3.0,53.0,58.5,80.0,17.0,-500.0,16.0,94.0
2026-09-21T03:56:06,cfb,cfb_20260926_wake_forest_demon_deacons_louisville_cardinals,20260926CFB00171,DK,draftkings,change,12,2026-09-20T22:10:00,Sep 20,10:10 PM ET,5h ago,away,Wake Forest Demon Deacons,12.5,97.0,47.0,58.5,20.0,83.0,390.0,85.0,6.0
2026-09-21T03:56:06,cfb,cfb_20260926_wake_forest_demon_deacons_louisville_cardinals,20260926CFB00171,DK,draftkings,change,12,2026-09-20T22:10:00,Sep 20,10:10 PM ET,5h ago,home,Louisville Cardinals,-12.5,3.0,53.0,58.5,80.0,17.0,-520.0,15.0,94.0
2026-09-21T03:56:06,cfb,cfb_20260926_wake_forest_demon_deacons_louisville_cardinals,20260926CFB00171,DK,draftkings,change,13,2026-09-20T22:00:00,Sep 20,10:00 PM ET,5h ago,away,Wake Forest Demon Deacons,12.5,97.0,45.0,58.5,20.0,83.0,390.0,85.0,6.0
2026-09-21T03:56:06,cfb,cfb_20260926_wake_forest_demon_deacons_louisville_cardinals,20260926CFB00171,DK,draftkings,change,13,2026-09-20T22:00:00,Sep 20,10:00 PM ET,5h ago,home,Louisville Cardinals,-12.5,3.0,55.0,58.5,80.0,17.0,-520.0,15.0,94.0
2026-09-21T03:56:06,cfb,cfb_20260926_wake_forest_demon_deacons_louisville_cardinals,20260926CFB00171,DK,draftkings,change,14,2026-09-20T21:50:00,Sep 20,9:50 PM ET,6h ago,away,Wake Forest Demon Deacons,12.5,97.0,47.0,58.5,20.0,83.0,390.0,85.0,7.0
2026-09-21T03:56:06,cfb,cfb_20260926_wake_forest_demon_deacons_louisville_cardinals,20260926CFB00171,DK,draftkings,change,14,2026-09-20T21:50:00,Sep 20,9:50 PM ET,6h ago,home,Louisville Cardinals,-12.5,3.0,53.0,58.5,80.0,17.0,-520.0,15.0,93.0
2026-09-21T03:56:06,cfb,cfb_20260926_wake_forest_demon_deacons_louisville_cardinals,20260926CFB00171,DK,draftkings,change,15,2026-09-20T21:30:00,Sep 20,9:30 PM ET,6h ago,away,Wake Forest Demon Deacons,12.5,97.0,47.0,58.5,20.0,82.0,390.0,85.0,7.0
2026-09-21T03:56:06,cfb,cfb_20260926_wake_forest_demon_deacons_louisville_cardinals,20260926CFB00171,DK,draftkings,change,15,2026-09-20T21:30:00,Sep 20,9:30 PM ET,6h ago,home,Louisville Cardinals,-12.5,3.0,53.0,58.5,80.0,18.0,-520.0,15.0,93.0
2026-09-21T03:56:06,cfb,cfb_20260926_wake_forest_demon_deacons_louisville_cardinals,20260926CFB00171,DK,draftkings,change,16,2026-09-20T21:05:00,Sep 20,9:05 PM ET,6h ago,away,Wake Forest Demon Deacons,12.5,98.0,48.0,58.5,20.0,82.0,390.0,85.0,7.0
2026-09-21T03:56:06,cfb,cfb_20260926_wake_forest_demon_deacons_louisville_cardinals,20260926CFB00171,DK,draftkings,change,16,2026-09-20T21:05:00,Sep 20,9:05 PM ET,6h ago,home,Louisville Cardinals,-12.5,2.0,52.0,58.5,80.0,18.0,-520.0,15.0,93.0
2026-09-21T03:56:06,cfb,cfb_20260926_wake_forest_demon_deacons_louisville_cardinals,20260926CFB00171,DK,draftkings,change,17,2026-09-20T20:30:00,Sep 20,8:30 PM ET,7h ago,away,Wake Forest Demon Deacons,12.5,98.0,50.0,58.5,20.0,82.0,390.0,85.0,7.0
2026-09-21T03:56:06,cfb,cfb_20260926_wake_forest_demon_deacons_louisville_cardinals,20260926CFB00171,DK,draftkings,change,17,2026-09-20T20:30:00,Sep 20,8:30 PM ET,7h ago,home,Louisville Cardinals,-12.5,2.0,50.0,58.5,80.0,18.0,-520.0,15.0,93.0
2026-09-21T03:56:06,cfb,cfb_20260926_wake_forest_demon_deacons_louisville_cardinals,20260926CFB00171,DK,draftkings,change,18,2026-09-20T20:15:00,Sep 20,8:15 PM ET,7h ago,away,Wake Forest Demon Deacons,12.5,98.0,50.0,58.5,19.0,80.0,390.0,85.0,7.0
2026-09-21T03:56:06,cfb,cfb_20260926_wake_forest_demon_deacons_louisville_cardinals,20260926CFB00171,DK,draftkings,change,18,2026-09-20T20:15:00,Sep 20,8:15 PM ET,7h ago,home,Louisville Cardinals,-12.5,2.0,50.0,58.5,81.0,20.0,-520.0,15.0,93.0
2026-09-21T03:56:06,cfb,cfb_20260926_wake_forest_demon_deacons_louisville_cardinals,20260926CFB00171,DK,draftkings,change,19,2026-09-20T20:10:00,Sep 20,8:10 PM ET,7h ago,away,Wake Forest Demon Deacons,12.5,98.0,50.0,58.5,19.0,80.0,390.0,85.0,6.0
2026-09-21T03:56:06,cfb,cfb_20260926_wake_forest_demon_deacons_louisville_cardinals,20260926CFB00171,DK,draftkings,change,19,2026-09-20T20:10:00,Sep 20,8:10 PM ET,7h ago,home,Louisville Cardinals,-12.5,2.0,50.0,58.5,81.0,20.0,-520.0,15.0,94.0
2026-09-21T03:56:06,cfb,cfb_20260926_wake_forest_demon_deacons_louisville_cardinals,20260926CFB00171,DK,draftkings,change,20,2026-09-20T19:55:00,Sep 20,7:55 PM ET,8h ago,away,Wake Forest Demon Deacons,12.5,98.0,52.0,58.5,19.0,80.0,390.0,85.0,5.0
2026-09-21T03:56:06,cfb,cfb_20260926_wake_forest_demon_deacons_louisville_cardinals,20260926CFB00171,DK,draftkings,change,20,2026-09-20T19:55:00,Sep 20,7:55 PM ET,8h ago,home,Louisville Cardinals,-12.5,2.0,48.0,58.5,81.0,20.0,-520.0,15.0,95.0
2026-09-21T03:56:06,cfb,cfb_20260926_wake_forest_demon_deacons_louisville_cardinals,20260926CFB00171,DK,draftkings,change,21,2026-09-20T19:50:00,Sep 20,7:50 PM ET,8h ago,away,Wake Forest Demon Deacons,12.5,98.0,52.0,58.5,19.0,80.0,390.0,87.0,5.0
2026-09-21T03:56:06,cfb,cfb_20260926_wake_forest_demon_deacons_louisville_cardinals,20260926CFB00171,DK,draftkings,change,21,2026-09-20T19:50:00,Sep 20,7:50 PM ET,8h ago,home,Louisville Cardinals,-12.5,2.0,48.0,58.5,81.0,20.0,-520.0,13.0,95.0
2026-09-21T03:56:06,cfb,cfb_20260926_wake_forest_demon_deacons_louisville_cardinals,20260926CFB00171,DK,draftkings,change,22,2026-09-20T19:40:00,Sep 20,7:40 PM ET,8h ago,away,Wake Forest Demon Deacons,12.5,98.0,54.0,58.5,19.0,80.0,390.0,87.0,5.0
2026-09-21T03:56:06,cfb,cfb_20260926_wake_forest_demon_deacons_louisville_cardinals,20260926CFB00171,DK,draftkings,change,22,2026-09-20T19:40:00,Sep 20,7:40 PM ET,8h ago,home,Louisville Cardinals,-12.5,2.0,46.0,58.5,81.0,20.0,-520.0,13.0,95.0
2026-09-21T03:56:06,cfb,cfb_20260926_wake_forest_demon_deacons_louisville_cardinals,20260926CFB00171,DK,draftkings,change,23,2026-09-20T19:30:00,Sep 20,7:30 PM ET,8h ago,away,Wake Forest Demon Deacons,12.5,98.0,56.0,58.5,19.0,80.0,390.0,87.0,6.0
2026-09-21T03:56:06,cfb,cfb_20260926_wake_forest_demon_deacons_louisville_cardinals,20260926CFB00171,DK,draftkings,change,23,2026-09-20T19:30:00,Sep 20,7:30 PM ET,8h ago,home,Louisville Cardinals,-12.5,2.0,44.0,58.5,81.0,20.0,-520.0,13.0,94.0
2026-09-21T03:56:06,cfb,cfb_20260926_wake_forest_demon_deacons_louisville_cardinals,20260926CFB00171,DK,draftkings,change,24,2026-09-20T19:20:00,Sep 20,7:20 PM ET,8h ago,away,Wake Forest Demon Deacons,12.5,98.0,60.0,58.5,19.0,80.0,390.0,87.0,6.0
2026-09-21T03:56:06,cfb,cfb_20260926_wake_forest_demon_deacons_louisville_cardinals,20260926CFB00171,DK,draftkings,change,24,2026-09-20T19:20:00,Sep 20,7:20 PM ET,8h ago,home,Louisville Cardinals,-12.5,2.0,40.0,58.5,81.0,20.0,-520.0,13.0,94.0
2026-09-21T03:56:06,cfb,cfb_20260926_wake_forest_demon_deacons_louisville_cardinals,20260926CFB00171,DK,draftkings,change,25,2026-09-20T19:05:00,Sep 20,7:05 PM ET,8h ago,away,Wake Forest Demon Deacons,13.5,98.0,63.0,58.5,19.0,80.0,400.0,87.0,6.0
2026-09-21T03:56:06,cfb,cfb_20260926_wake_forest_demon_deacons_louisville_cardinals,20260926CFB00171,DK,draftkings,change,25,2026-09-20T19:05:00,Sep 20,7:05 PM ET,8h ago,home,Louisville Cardinals,-13.5,2.0,38.0,58.5,81.0,20.0,-535.0,13.0,94.0
2026-09-21T03:56:06,cfb,cfb_20260926_wake_forest_demon_deacons_louisville_cardinals,20260926CFB00171,DK,draftkings,change,26,2026-09-20T18:30:00,Sep 20,6:30 PM ET,9h ago,away,Wake Forest Demon Deacons,13.5,99.0,65.0,58.5,19.0,80.0,400.0,87.0,6.0
2026-09-21T03:56:06,cfb,cfb_20260926_wake_forest_demon_deacons_louisville_cardinals,20260926CFB00171,DK,draftkings,change,26,2026-09-20T18:30:00,Sep 20,6:30 PM ET,9h ago,home,Louisville Cardinals,-13.5,1.0,35.0,58.5,81.0,20.0,-535.0,13.0,94.0
2026-09-21T03:56:06,cfb,cfb_20260926_wake_forest_demon_deacons_louisville_cardinals,20260926CFB00171,DK,draftkings,change,27,2026-09-20T18:15:00,Sep 20,6:15 PM ET,9h ago,away,Wake Forest Demon Deacons,13.5,99.0,64.0,58.5,19.0,80.0,400.0,87.0,6.0
2026-09-21T03:56:06,cfb,cfb_20260926_wake_forest_demon_deacons_louisville_cardinals,20260926CFB00171,DK,draftkings,change,27,2026-09-20T18:15:00,Sep 20,6:15 PM ET,9h ago,home,Louisville Cardinals,-13.5,1.0,36.0,58.5,81.0,20.0,-535.0,13.0,94.0
2026-09-21T03:56:07,cfb,cfb_20260926_wake_forest_demon_deacons_louisville_cardinals,20260926CFB00171,CIRCA,circa,open,1,2026-09-20T15:00:00,Sep 20,3:00 PM ET,12h ago,away,Wake Forest Demon Deacons,13.0,0.0,0.0,58.5,50.0,50.0,,50.0,50.0
2026-09-21T03:56:07,cfb,cfb_20260926_wake_forest_demon_deacons_louisville_cardinals,20260926CFB00171,CIRCA,circa,open,1,2026-09-20T15:00:00,Sep 20,3:00 PM ET,12h ago,home,Louisville Cardinals,-13.0,100.0,100.0,58.5,50.0,50.0,,50.0,50.0
2026-09-21T03:56:07,cfb,cfb_20260926_wake_forest_demon_deacons_louisville_cardinals,20260926CFB00171,CIRCA,circa,change,2,2026-09-20T15:46:00,Sep 20,3:46 PM ET,12h ago,away,Wake Forest Demon Deacons,13.0,0.0,0.0,58.5,100.0,100.0,,50.0,50.0
2026-09-21T03:56:07,cfb,cfb_20260926_wake_forest_demon_deacons_louisville_cardinals,20260926CFB00171,CIRCA,circa,change,2,2026-09-20T15:46:00,Sep 20,3:46 PM ET,12h ago,home,Louisville Cardinals,-13.0,100.0,100.0,58.5,0.0,0.0,,50.0,50.0
2026-09-21T03:56:07,cfb,cfb_20260926_wake_forest_demon_deacons_louisville_cardinals,20260926CFB00171,CIRCA,circa,change,3,2026-09-20T15:00:00,Sep 20,3:00 PM ET,12h ago,away,Wake Forest Demon Deacons,13.0,0.0,0.0,58.5,50.0,50.0,,50.0,50.0
2026-09-21T03:56:07,cfb,cfb_20260926_wake_forest_demon_deacons_louisville_cardinals,20260926CFB00171,CIRCA,circa,change,3,2026-09-20T15:00:00,Sep 20,3:00 PM ET,12h ago,home,Louisville Cardinals,-13.0,100.0,100.0,58.5,50.0,50.0,,50.0,50.0
2026-09-21T03:56:08,cfb,cfb_20260926_illinois_fighting_illini_ohio_st_buckeyes,20260926CFB00197,DK,draftkings,open,1,2026-09-18T18:30:00,Sep 18,6:30 PM ET,2d ago,away,Illinois Fighting Illini,27.5,0.0,0.0,,0.0,0.0,,0.0,0.0
2026-09-21T03:56:08,cfb,cfb_20260926_illinois_fighting_illini_ohio_st_buckeyes,20260926CFB00197,DK,draftkings,open,1,2026-09-18T18:30:00,Sep 18,6:30 PM ET,2d ago,home,Ohio ST Buckeyes,-27.5,100.0,100.0,,0.0,0.0,,0.0,0.0
2026-09-21T03:56:08,cfb,cfb_20260926_illinois_fighting_illini_ohio_st_buckeyes,20260926CFB00197,DK,draftkings,first_full,2,2026-09-19T18:25:00,Sep 19,6:25 PM ET,1d ago,away,Illinois Fighting Illini,27.5,2.0,29.0,54.5,100.0,100.0,2.0,95.0,14.0
2026-09-21T03:56:08,cfb,cfb_20260926_illinois_fighting_illini_ohio_st_buckeyes,20260926CFB00197,DK,draftkings,first_full,2,2026-09-19T18:25:00,Sep 19,6:25 PM ET,1d ago,home,Ohio ST Buckeyes,-27.5,98.0,71.0,54.5,0.0,0.0,-6.0,5.0,86.0
2026-09-21T03:56:08,cfb,cfb_20260926_illinois_fighting_illini_ohio_st_buckeyes,20260926CFB00197,DK,draftkings,change,3,2026-09-21T01:25:00,Sep 21,1:25 AM ET,2h ago,away,Illinois Fighting Illini,27.5,9.0,22.0,53.5,99.0,91.0,1.0,57.0,13.0
2026-09-21T03:56:08,cfb,cfb_20260926_illinois_fighting_illini_ohio_st_buckeyes,20260926CFB00197,DK,draftkings,change,3,2026-09-21T01:25:00,Sep 21,1:25 AM ET,2h ago,home,Ohio ST Buckeyes,-27.5,91.0,78.0,53.5,1.0,9.0,-4.0,43.0,88.0
2026-09-21T03:56:08,cfb,cfb_20260926_illinois_fighting_illini_ohio_st_buckeyes,20260926CFB00197,DK,draftkings,change,4,2026-09-21T00:35:00,Sep 21,12:35 AM ET,3h ago,away,Illinois Fighting Illini,27.5,9.0,22.0,53.5,99.0,91.0,1.0,57.0,13.0
2026-09-21T03:56:08,cfb,cfb_20260926_illinois_fighting_illini_ohio_st_buckeyes,20260926CFB00197,DK,draftkings,change,4,2026-09-21T00:35:00,Sep 21,12:35 AM ET,3h ago,home,Ohio ST Buckeyes,-27.5,91.0,78.0,53.5,1.0,9.0,-4.0,43.0,87.0
2026-09-21T03:56:08,cfb,cfb_20260926_illinois_fighting_illini_ohio_st_buckeyes,20260926CFB00197,DK,draftkings,change,5,2026-09-21T00:30:00,Sep 21,12:30 AM ET,3h ago,away,Illinois Fighting Illini,27.5,9.0,21.0,53.5,99.0,91.0,1.0,57.0,13.0
2026-09-21T03:56:08,cfb,cfb_20260926_illinois_fighting_illini_ohio_st_buckeyes,20260926CFB00197,DK,draftkings,change,5,2026-09-21T00:30:00,Sep 21,12:30 AM ET,3h ago,home,Ohio ST Buckeyes,-27.5,91.0,79.0,53.5,1.0,9.0,-4.0,43.0,87.0
2026-09-21T03:56:08,cfb,cfb_20260926_illinois_fighting_illini_ohio_st_buckeyes,20260926CFB00197,DK,draftkings,change,6,2026-09-21T00:10:00,Sep 21,12:10 AM ET,3h ago,away,Illinois Fighting Illini,27.5,9.0,21.0,53.5,99.0,91.0,1.0,57.0,12.0
2026-09-21T03:56:08,cfb,cfb_20260926_illinois_fighting_illini_ohio_st_buckeyes,20260926CFB00197,DK,draftkings,change,6,2026-09-21T00:10:00,Sep 21,12:10 AM ET,3h ago,home,Ohio ST Buckeyes,-27.5,91.0,79.0,53.5,1.0,9.0,-4.0,43.0,88.0
2026-09-21T03:56:08,cfb,cfb_20260926_illinois_fighting_illini_ohio_st_buckeyes,20260926CFB00197,DK,draftkings,change,7,2026-09-21T00:00:00,Sep 21,12:00 AM ET,3h ago,away,Illinois Fighting Illini,27.5,9.0,20.0,53.5,99.0,90.0,1.0,57.0,13.0
2026-09-21T03:56:08,cfb,cfb_20260926_illinois_fighting_illini_ohio_st_buckeyes,20260926CFB00197,DK,draftkings,change,7,2026-09-21T00:00:00,Sep 21,12:00 AM ET,3h ago,home,Ohio ST Buckeyes,-27.5,91.0,80.0,53.5,1.0,10.0,-4.0,43.0,87.0
2026-09-21T03:56:08,cfb,cfb_20260926_illinois_fighting_illini_ohio_st_buckeyes,20260926CFB00197,DK,draftkings,change,8,2026-09-20T23:15:00,Sep 20,11:15 PM ET,4h ago,away,Illinois Fighting Illini,27.5,9.0,19.0,53.5,99.0,90.0,1.0,57.0,13.0
2026-09-21T03:56:08,cfb,cfb_20260926_illinois_fighting_illini_ohio_st_buckeyes,20260926CFB00197,DK,draftkings,change,8,2026-09-20T23:15:00,Sep 20,11:15 PM ET,4h ago,home,Ohio ST Buckeyes,-27.5,91.0,81.0,53.5,1.0,10.0,-4.0,43.0,87.0
2026-09-21T03:56:08,cfb,cfb_20260926_illinois_fighting_illini_ohio_st_buckeyes,20260926CFB00197,DK,draftkings,change,9,2026-09-20T23:10:00,Sep 20,11:10 PM ET,4h ago,away,Illinois Fighting Illini,27.5,9.0,19.0,53.5,99.0,90.0,1.0,60.0,13.0
2026-09-21T03:56:08,cfb,cfb_20260926_illinois_fighting_illini_ohio_st_buckeyes,20260926CFB00197,DK,draftkings,change,9,2026-09-20T23:10:00,Sep 20,11:10 PM ET,4h ago,home,Ohio ST Buckeyes,-27.5,91.0,81.0,53.5,1.0,10.0,-4.0,40.0,87.0
2026-09-21T03:56:08,cfb,cfb_20260926_illinois_fighting_illini_ohio_st_buckeyes,20260926CFB00197,DK,draftkings,change,10,2026-09-20T22:50:00,Sep 20,10:50 PM ET,5h ago,away,Illinois Fighting Illini,27.5,9.0,20.0,53.5,99.0,90.0,1.0,60.0,13.0
2026-09-21T03:56:08,cfb,cfb_20260926_illinois_fighting_illini_ohio_st_buckeyes,20260926CFB00197,DK,draftkings,change,10,2026-09-20T22:50:00,Sep 20,10:50 PM ET,5h ago,home,Ohio ST Buckeyes,-27.5,91.0,80.0,53.5,1.0,10.0,-4.0,40.0,87.0
2026-09-21T03:56:08,cfb,cfb_20260926_illinois_fighting_illini_ohio_st_buckeyes,20260926CFB00197,DK,draftkings,change,11,2026-09-20T22:20:00,Sep 20,10:20 PM ET,5h ago,away,Illinois Fighting Illini,27.5,12.0,20.0,53.5,99.0,90.0,1.0,60.0,13.0
2026-09-21T03:56:08,cfb,cfb_20260926_illinois_fighting_illini_ohio_st_buckeyes,20260926CFB00197,DK,draftkings,change,11,2026-09-20T22:20:00,Sep 20,10:20 PM ET,5h ago,home,Ohio ST Buckeyes,-27.5,88.0,80.0,53.5,1.0,10.0,-4.0,40.0,87.0
2026-09-21T03:56:08,cfb,cfb_20260926_illinois_fighting_illini_ohio_st_buckeyes,20260926CFB00197,DK,draftkings,change,12,2026-09-20T22:10:00,Sep 20,10:10 PM ET,5h ago,away,Illinois Fighting Illini,27.5,12.0,21.0,53.5,99.0,90.0,1.0,60.0,13.0
2026-09-21T03:56:08,cfb,cfb_20260926_illinois_fighting_illini_ohio_st_buckeyes,20260926CFB00197,DK,draftkings,change,12,2026-09-20T22:10:00,Sep 20,10:10 PM ET,5h ago,home,Ohio ST Buckeyes,-27.5,88.0,79.0,53.5,1.0,10.0,-4.0,40.0,87.0
2026-09-21T03:56:08,cfb,cfb_20260926_illinois_fighting_illini_ohio_st_buckeyes,20260926CFB00197,DK,draftkings,change,13,2026-09-20T22:00:00,Sep 20,10:00 PM ET,5h ago,away,Illinois Fighting Illini,27.5,12.0,23.0,53.5,99.0,90.0,1.0,60.0,13.0
2026-09-21T03:56:08,cfb,cfb_20260926_illinois_fighting_illini_ohio_st_buckeyes,20260926CFB00197,DK,draftkings,change,13,2026-09-20T22:00:00,Sep 20,10:00 PM ET,5h ago,home,Ohio ST Buckeyes,-27.5,88.0,77.0,53.5,1.0,10.0,-4.0,40.0,87.0
2026-09-21T03:56:08,cfb,cfb_20260926_illinois_fighting_illini_ohio_st_buckeyes,20260926CFB00197,DK,draftkings,change,14,2026-09-20T21:30:00,Sep 20,9:30 PM ET,6h ago,away,Illinois Fighting Illini,27.5,13.0,23.0,53.5,99.0,90.0,1.0,60.0,13.0
2026-09-21T03:56:08,cfb,cfb_20260926_illinois_fighting_illini_ohio_st_buckeyes,20260926CFB00197,DK,draftkings,change,14,2026-09-20T21:30:00,Sep 20,9:30 PM ET,6h ago,home,Ohio ST Buckeyes,-27.5,87.0,77.0,53.5,1.0,10.0,-4.0,40.0,87.0
2026-09-21T03:56:08,cfb,cfb_20260926_illinois_fighting_illini_ohio_st_buckeyes,20260926CFB00197,DK,draftkings,change,15,2026-09-20T21:20:00,Sep 20,9:20 PM ET,6h ago,away,Illinois Fighting Illini,27.5,13.0,24.0,53.5,99.0,90.0,1.0,60.0,13.0
2026-09-21T03:56:08,cfb,cfb_20260926_illinois_fighting_illini_ohio_st_buckeyes,20260926CFB00197,DK,draftkings,change,15,2026-09-20T21:20:00,Sep 20,9:20 PM ET,6h ago,home,Ohio ST Buckeyes,-27.5,87.0,76.0,53.5,1.0,10.0,-4.0,40.0,87.0
2026-09-21T03:56:08,cfb,cfb_20260926_illinois_fighting_illini_ohio_st_buckeyes,20260926CFB00197,DK,draftkings,change,16,2026-09-20T21:15:00,Sep 20,9:15 PM ET,6h ago,away,Illinois Fighting Illini,27.5,13.0,24.0,53.5,99.0,90.0,1.0,60.0,14.0
2026-09-21T03:56:08,cfb,cfb_20260926_illinois_fighting_illini_ohio_st_buckeyes,20260926CFB00197,DK,draftkings,change,16,2026-09-20T21:15:00,Sep 20,9:15 PM ET,6h ago,home,Ohio ST Buckeyes,-27.5,87.0,76.0,53.5,1.0,10.0,-4.0,40.0,86.0
2026-09-21T03:56:08,cfb,cfb_20260926_illinois_fighting_illini_ohio_st_buckeyes,20260926CFB00197,DK,draftkings,change,17,2026-09-20T21:00:00,Sep 20,9:00 PM ET,6h ago,away,Illinois Fighting Illini,27.5,13.0,24.0,53.5,99.0,89.0,1.0,60.0,14.0
2026-09-21T03:56:08,cfb,cfb_20260926_illinois_fighting_illini_ohio_st_buckeyes,20260926CFB00197,DK,draftkings,change,17,2026-09-20T21:00:00,Sep 20,9:00 PM ET,6h ago,home,Ohio ST Buckeyes,-27.5,87.0,76.0,53.5,1.0,11.0,-4.0,40.0,86.0
2026-09-21T03:56:08,cfb,cfb_20260926_illinois_fighting_illini_ohio_st_buckeyes,20260926CFB00197,DK,draftkings,change,18,2026-09-20T20:50:00,Sep 20,8:50 PM ET,7h ago,away,Illinois Fighting Illini,27.5,7.0,22.0,53.5,99.0,89.0,1.0,60.0,14.0
2026-09-21T03:56:08,cfb,cfb_20260926_illinois_fighting_illini_ohio_st_buckeyes,20260926CFB00197,DK,draftkings,change,18,2026-09-20T20:50:00,Sep 20,8:50 PM ET,7h ago,home,Ohio ST Buckeyes,-27.5,93.0,78.0,53.5,1.0,11.0,-4.0,40.0,86.0
2026-09-21T03:56:08,cfb,cfb_20260926_illinois_fighting_illini_ohio_st_buckeyes,20260926CFB00197,DK,draftkings,change,19,2026-09-20T20:20:00,Sep 20,8:20 PM ET,7h ago,away,Illinois Fighting Illini,27.5,7.0,23.0,53.5,99.0,89.0,1.0,60.0,14.0
2026-09-21T03:56:08,cfb,cfb_20260926_illinois_fighting_illini_ohio_st_buckeyes,20260926CFB00197,DK,draftkings,change,19,2026-09-20T20:20:00,Sep 20,8:20 PM ET,7h ago,home,Ohio ST Buckeyes,-27.5,93.0,78.0,53.5,1.0,11.0,-4.0,40.0,86.0
2026-09-21T03:56:08,cfb,cfb_20260926_illinois_fighting_illini_ohio_st_buckeyes,20260926CFB00197,DK,draftkings,change,20,2026-09-20T19:55:00,Sep 20,7:55 PM ET,8h ago,away,Illinois Fighting Illini,27.5,7.0,23.0,53.5,99.0,89.0,1.0,60.0,14.0
2026-09-21T03:56:08,cfb,cfb_20260926_illinois_fighting_illini_ohio_st_buckeyes,20260926CFB00197,DK,draftkings,change,20,2026-09-20T19:55:00,Sep 20,7:55 PM ET,8h ago,home,Ohio ST Buckeyes,-27.5,93.0,77.0,53.5,1.0,11.0,-4.0,40.0,86.0
2026-09-21T03:56:08,cfb,cfb_20260926_illinois_fighting_illini_ohio_st_buckeyes,20260926CFB00197,DK,draftkings,change,21,2026-09-20T19:50:00,Sep 20,7:50 PM ET,8h ago,away,Illinois Fighting Illini,27.5,7.0,23.0,53.5,99.0,89.0,1.0,60.0,15.0
2026-09-21T03:56:08,cfb,cfb_20260926_illinois_fighting_illini_ohio_st_buckeyes,20260926CFB00197,DK,draftkings,change,21,2026-09-20T19:50:00,Sep 20,7:50 PM ET,8h ago,home,Ohio ST Buckeyes,-27.5,93.0,77.0,53.5,1.0,11.0,-4.0,40.0,85.0
2026-09-21T03:56:08,cfb,cfb_20260926_illinois_fighting_illini_ohio_st_buckeyes,20260926CFB00197,DK,draftkings,change,22,2026-09-20T19:30:00,Sep 20,7:30 PM ET,8h ago,away,Illinois Fighting Illini,27.5,7.0,21.0,53.5,99.0,89.0,1.0,60.0,16.0
2026-09-21T03:56:08,cfb,cfb_20260926_illinois_fighting_illini_ohio_st_buckeyes,20260926CFB00197,DK,draftkings,change,22,2026-09-20T19:30:00,Sep 20,7:30 PM ET,8h ago,home,Ohio ST Buckeyes,-27.5,93.0,79.0,53.5,1.0,11.0,-4.0,40.0,84.0
2026-09-21T03:56:08,cfb,cfb_20260926_illinois_fighting_illini_ohio_st_buckeyes,20260926CFB00197,DK,draftkings,change,23,2026-09-20T19:20:00,Sep 20,7:20 PM ET,8h ago,away,Illinois Fighting Illini,27.5,7.0,21.0,53.5,99.0,89.0,2.0,47.0,15.0
2026-09-21T03:56:08,cfb,cfb_20260926_illinois_fighting_illini_ohio_st_buckeyes,20260926CFB00197,DK,draftkings,change,23,2026-09-20T19:20:00,Sep 20,7:20 PM ET,8h ago,home,Ohio ST Buckeyes,-27.5,93.0,79.0,53.5,1.0,11.0,-9.0,53.0,85.0
2026-09-21T03:56:08,cfb,cfb_20260926_illinois_fighting_illini_ohio_st_buckeyes,20260926CFB00197,DK,draftkings,change,24,2026-09-20T19:10:00,Sep 20,7:10 PM ET,8h ago,away,Illinois Fighting Illini,27.5,7.0,21.0,53.5,99.0,89.0,2.0,47.0,16.0
2026-09-21T03:56:08,cfb,cfb_20260926_illinois_fighting_illini_ohio_st_buckeyes,20260926CFB00197,DK,draftkings,change,24,2026-09-20T19:10:00,Sep 20,7:10 PM ET,8h ago,home,Ohio ST Buckeyes,-27.5,93.0,79.0,53.5,1.0,11.0,-9.0,53.0,84.0
2026-09-21T03:56:08,cfb,cfb_20260926_illinois_fighting_illini_ohio_st_buckeyes,20260926CFB00197,DK,draftkings,change,25,2026-09-20T19:00:00,Sep 20,7:00 PM ET,8h ago,away,Illinois Fighting Illini,27.5,11.0,22.0,53.5,99.0,89.0,2.0,47.0,16.0
2026-09-21T03:56:08,cfb,cfb_20260926_illinois_fighting_illini_ohio_st_buckeyes,20260926CFB00197,DK,draftkings,change,25,2026-09-20T19:00:00,Sep 20,7:00 PM ET,8h ago,home,Ohio ST Buckeyes,-27.5,89.0,78.0,53.5,1.0,11.0,-9.0,53.0,84.0
2026-09-21T03:56:08,cfb,cfb_20260926_illinois_fighting_illini_ohio_st_buckeyes,20260926CFB00197,DK,draftkings,change,26,2026-09-20T18:40:00,Sep 20,6:40 PM ET,9h ago,away,Illinois Fighting Illini,27.5,11.0,23.0,53.5,99.0,89.0,2.0,47.0,16.0
2026-09-21T03:56:08,cfb,cfb_20260926_illinois_fighting_illini_ohio_st_buckeyes,20260926CFB00197,DK,draftkings,change,26,2026-09-20T18:40:00,Sep 20,6:40 PM ET,9h ago,home,Ohio ST Buckeyes,-27.5,89.0,77.0,53.5,1.0,11.0,-9.0,53.0,84.0
2026-09-21T03:56:08,cfb,cfb_20260926_illinois_fighting_illini_ohio_st_buckeyes,20260926CFB00197,DK,draftkings,change,27,2026-09-20T18:25:00,Sep 20,6:25 PM ET,9h ago,away,Illinois Fighting Illini,27.5,11.0,24.0,53.5,99.0,89.0,2.0,47.0,16.0
2026-09-21T03:56:08,cfb,cfb_20260926_illinois_fighting_illini_ohio_st_buckeyes,20260926CFB00197,DK,draftkings,change,27,2026-09-20T18:25:00,Sep 20,6:25 PM ET,9h ago,home,Ohio ST Buckeyes,-27.5,89.0,76.0,53.5,1.0,11.0,-9.0,53.0,84.0
2026-09-21T03:56:09,cfb,cfb_20260926_illinois_fighting_illini_ohio_st_buckeyes,20260926CFB00197,CIRCA,circa,open,1,2026-09-20T15:05:00,Sep 20,3:05 PM ET,12h ago,away,Illinois Fighting Illini,28.0,50.0,50.0,53.5,50.0,50.0,,50.0,50.0
2026-09-21T03:56:09,cfb,cfb_20260926_illinois_fighting_illini_ohio_st_buckeyes,20260926CFB00197,CIRCA,circa,open,1,2026-09-20T15:05:00,Sep 20,3:05 PM ET,12h ago,home,Ohio ST Buckeyes,-28.0,50.0,50.0,53.5,50.0,50.0,,50.0,50.0
2026-09-21T03:56:09,cfb,cfb_20260926_illinois_fighting_illini_ohio_st_buckeyes,20260926CFB00197,CIRCA,circa,change,2,2026-09-21T01:25:00,Sep 21,1:25 AM ET,2h ago,away,Illinois Fighting Illini,28.0,93.0,75.0,53.5,50.0,50.0,,50.0,50.0
2026-09-21T03:56:09,cfb,cfb_20260926_illinois_fighting_illini_ohio_st_buckeyes,20260926CFB00197,CIRCA,circa,change,2,2026-09-21T01:25:00,Sep 21,1:25 AM ET,2h ago,home,Ohio ST Buckeyes,-28.0,7.0,25.0,53.5,50.0,50.0,,50.0,50.0
2026-09-21T03:56:09,cfb,cfb_20260926_illinois_fighting_illini_ohio_st_buckeyes,20260926CFB00197,CIRCA,circa,change,3,2026-09-21T00:10:00,Sep 21,12:10 AM ET,3h ago,away,Illinois Fighting Illini,28.0,93.0,67.0,53.5,50.0,50.0,,50.0,50.0
2026-09-21T03:56:09,cfb,cfb_20260926_illinois_fighting_illini_ohio_st_buckeyes,20260926CFB00197,CIRCA,circa,change,3,2026-09-21T00:10:00,Sep 21,12:10 AM ET,3h ago,home,Ohio ST Buckeyes,-28.0,7.0,33.0,53.5,50.0,50.0,,50.0,50.0
2026-09-21T03:56:09,cfb,cfb_20260926_illinois_fighting_illini_ohio_st_buckeyes,20260926CFB00197,CIRCA,circa,change,4,2026-09-20T22:05:00,Sep 20,10:05 PM ET,5h ago,away,Illinois Fighting Illini,28.0,93.0,50.0,53.5,50.0,50.0,,50.0,50.0
2026-09-21T03:56:09,cfb,cfb_20260926_illinois_fighting_illini_ohio_st_buckeyes,20260926CFB00197,CIRCA,circa,change,4,2026-09-20T22:05:00,Sep 20,10:05 PM ET,5h ago,home,Ohio ST Buckeyes,-28.0,7.0,50.0,53.5,50.0,50.0,,50.0,50.0
2026-09-21T03:56:09,cfb,cfb_20260926_illinois_fighting_illini_ohio_st_buckeyes,20260926CFB00197,CIRCA,circa,change,5,2026-09-20T18:55:00,Sep 20,6:55 PM ET,9h ago,away,Illinois Fighting Illini,28.0,100.0,100.0,53.5,50.0,50.0,,50.0,50.0
2026-09-21T03:56:09,cfb,cfb_20260926_illinois_fighting_illini_ohio_st_buckeyes,20260926CFB00197,CIRCA,circa,change,5,2026-09-20T18:55:00,Sep 20,6:55 PM ET,9h ago,home,Ohio ST Buckeyes,-28.0,0.0,0.0,53.5,50.0,50.0,,50.0,50.0
2026-09-21T03:56:09,cfb,cfb_20260926_illinois_fighting_illini_ohio_st_buckeyes,20260926CFB00197,CIRCA,circa,change,6,2026-09-20T15:05:00,Sep 20,3:05 PM ET,12h ago,away,Illinois Fighting Illini,28.0,50.0,50.0,53.5,50.0,50.0,,50.0,50.0
2026-09-21T03:56:09,cfb,cfb_20260926_illinois_fighting_illini_ohio_st_buckeyes,20260926CFB00197,CIRCA,circa,change,6,2026-09-20T15:05:00,Sep 20,3:05 PM ET,12h ago,home,Ohio ST Buckeyes,-28.0,50.0,50.0,53.5,50.0,50.0,,50.0,50.0
2026-09-21T03:56:11,cfb,cfb_20260926_texas_longhorns_tennessee_volunteers,20260926CFB00217,DK,draftkings,open,1,2026-07-15T11:10:00,Jul 15,11:10 AM ET,67d ago,away,Texas Longhorns,-6.5,100.0,100.0,,0.0,0.0,,0.0,0.0
2026-09-21T03:56:11,cfb,cfb_20260926_texas_longhorns_tennessee_volunteers,20260926CFB00217,DK,draftkings,open,1,2026-07-15T11:10:00,Jul 15,11:10 AM ET,67d ago,home,Tennessee Volunteers,6.5,0.0,0.0,,0.0,0.0,,0.0,0.0
2026-09-21T03:56:11,cfb,cfb_20260926_texas_longhorns_tennessee_volunteers,20260926CFB00217,DK,draftkings,first_full,2,2026-09-17T09:20:00,Sep 17,9:20 AM ET,3d ago,away,Texas Longhorns,-4.5,100.0,100.0,56.5,36.0,9.0,-180.0,87.0,91.0
2026-09-21T03:56:11,cfb,cfb_20260926_texas_longhorns_tennessee_volunteers,20260926CFB00217,DK,draftkings,first_full,2,2026-09-17T09:20:00,Sep 17,9:20 AM ET,3d ago,home,Tennessee Volunteers,4.5,0.0,0.0,56.5,64.0,91.0,150.0,13.0,9.0
2026-09-21T03:56:11,cfb,cfb_20260926_texas_longhorns_tennessee_volunteers,20260926CFB00217,DK,draftkings,change,3,2026-09-21T02:25:00,Sep 21,2:25 AM ET,1h ago,away,Texas Longhorns,-3.5,95.0,82.0,56.5,27.0,37.0,-185.0,99.0,90.0
2026-09-21T03:56:11,cfb,cfb_20260926_texas_longhorns_tennessee_volunteers,20260926CFB00217,DK,draftkings,change,3,2026-09-21T02:25:00,Sep 21,2:25 AM ET,1h ago,home,Tennessee Volunteers,3.5,5.0,18.0,56.5,73.0,63.0,154.0,1.0,10.0
2026-09-21T03:56:11,cfb,cfb_20260926_texas_longhorns_tennessee_volunteers,20260926CFB00217,DK,draftkings,change,4,2026-09-21T02:20:00,Sep 21,2:20 AM ET,1h ago,away,Texas Longhorns,-3.5,95.0,83.0,56.5,27.0,37.0,-185.0,99.0,90.0
2026-09-21T03:56:11,cfb,cfb_20260926_texas_longhorns_tennessee_volunteers,20260926CFB00217,DK,draftkings,change,4,2026-09-21T02:20:00,Sep 21,2:20 AM ET,1h ago,home,Tennessee Volunteers,3.5,5.0,17.0,56.5,73.0,63.0,154.0,1.0,10.0
2026-09-21T03:56:11,cfb,cfb_20260926_texas_longhorns_tennessee_volunteers,20260926CFB00217,DK,draftkings,change,5,2026-09-21T01:25:00,Sep 21,1:25 AM ET,2h ago,away,Texas Longhorns,-3.5,95.0,82.0,56.5,27.0,37.0,-185.0,99.0,90.0
2026-09-21T03:56:11,cfb,cfb_20260926_texas_longhorns_tennessee_volunteers,20260926CFB00217,DK,draftkings,change,5,2026-09-21T01:25:00,Sep 21,1:25 AM ET,2h ago,home,Tennessee Volunteers,3.5,5.0,18.0,56.5,73.0,63.0,154.0,1.0,10.0
2026-09-21T03:56:11,cfb,cfb_20260926_texas_longhorns_tennessee_volunteers,20260926CFB00217,DK,draftkings,change,6,2026-09-21T01:00:00,Sep 21,1:00 AM ET,2h ago,away,Texas Longhorns,-3.5,95.0,82.0,56.5,27.0,37.0,-185.0,99.0,89.0
2026-09-21T03:56:11,cfb,cfb_20260926_texas_longhorns_tennessee_volunteers,20260926CFB00217,DK,draftkings,change,6,2026-09-21T01:00:00,Sep 21,1:00 AM ET,2h ago,home,Tennessee Volunteers,3.5,5.0,18.0,56.5,73.0,63.0,154.0,1.0,11.0
2026-09-21T03:56:11,cfb,cfb_20260926_texas_longhorns_tennessee_volunteers,20260926CFB00217,DK,draftkings,change,7,2026-09-21T00:30:00,Sep 21,12:30 AM ET,3h ago,away,Texas Longhorns,-3.5,95.0,83.0,56.5,27.0,37.0,-185.0,99.0,89.0
2026-09-21T03:56:11,cfb,cfb_20260926_texas_longhorns_tennessee_volunteers,20260926CFB00217,DK,draftkings,change,7,2026-09-21T00:30:00,Sep 21,12:30 AM ET,3h ago,home,Tennessee Volunteers,3.5,5.0,17.0,56.5,73.0,63.0,154.0,1.0,11.0
2026-09-21T03:56:11,cfb,cfb_20260926_texas_longhorns_tennessee_volunteers,20260926CFB00217,DK,draftkings,change,8,2026-09-21T00:15:00,Sep 21,12:15 AM ET,3h ago,away,Texas Longhorns,-3.5,95.0,83.0,56.5,27.0,37.0,-185.0,99.0,90.0
2026-09-21T03:56:11,cfb,cfb_20260926_texas_longhorns_tennessee_volunteers,20260926CFB00217,DK,draftkings,change,8,2026-09-21T00:15:00,Sep 21,12:15 AM ET,3h ago,home,Tennessee Volunteers,3.5,5.0,17.0,56.5,73.0,63.0,154.0,1.0,10.0
2026-09-21T03:56:11,cfb,cfb_20260926_texas_longhorns_tennessee_volunteers,20260926CFB00217,DK,draftkings,change,9,2026-09-21T00:10:00,Sep 21,12:10 AM ET,3h ago,away,Texas Longhorns,-3.5,95.0,84.0,56.5,27.0,37.0,-185.0,99.0,90.0
2026-09-21T03:56:11,cfb,cfb_20260926_texas_longhorns_tennessee_volunteers,20260926CFB00217,DK,draftkings,change,9,2026-09-21T00:10:00,Sep 21,12:10 AM ET,3h ago,home,Tennessee Volunteers,3.5,5.0,16.0,56.5,73.0,63.0,154.0,1.0,10.0
2026-09-21T03:56:11,cfb,cfb_20260926_texas_longhorns_tennessee_volunteers,20260926CFB00217,DK,draftkings,change,10,2026-09-20T23:55:00,Sep 20,11:55 PM ET,4h ago,away,Texas Longhorns,-3.5,95.0,83.0,56.5,27.0,35.0,-185.0,99.0,89.0
2026-09-21T03:56:11,cfb,cfb_20260926_texas_longhorns_tennessee_volunteers,20260926CFB00217,DK,draftkings,change,10,2026-09-20T23:55:00,Sep 20,11:55 PM ET,4h ago,home,Tennessee Volunteers,3.5,5.0,17.0,56.5,73.0,65.0,154.0,1.0,11.0
2026-09-21T03:56:11,cfb,cfb_20260926_texas_longhorns_tennessee_volunteers,20260926CFB00217,DK,draftkings,change,11,2026-09-20T23:45:00,Sep 20,11:45 PM ET,4h ago,away,Texas Longhorns,-3.5,95.0,83.0,56.5,28.0,36.0,-185.0,99.0,89.0
2026-09-21T03:56:11,cfb,cfb_20260926_texas_longhorns_tennessee_volunteers,20260926CFB00217,DK,draftkings,change,11,2026-09-20T23:45:00,Sep 20,11:45 PM ET,4h ago,home,Tennessee Volunteers,3.5,5.0,17.0,56.5,72.0,64.0,154.0,1.0,11.0
2026-09-21T03:56:11,cfb,cfb_20260926_texas_longhorns_tennessee_volunteers,20260926CFB00217,DK,draftkings,change,12,2026-09-20T23:10:00,Sep 20,11:10 PM ET,4h ago,away,Texas Longhorns,-3.5,95.0,83.0,56.5,29.0,38.0,-185.0,99.0,89.0
2026-09-21T03:56:11,cfb,cfb_20260926_texas_longhorns_tennessee_volunteers,20260926CFB00217,DK,draftkings,change,12,2026-09-20T23:10:00,Sep 20,11:10 PM ET,4h ago,home,Tennessee Volunteers,3.5,5.0,17.0,56.5,71.0,63.0,154.0,1.0,11.0
2026-09-21T03:56:11,cfb,cfb_20260926_texas_longhorns_tennessee_volunteers,20260926CFB00217,DK,draftkings,change,13,2026-09-20T22:30:00,Sep 20,10:30 PM ET,5h ago,away,Texas Longhorns,-4.0,94.0,84.0,56.5,29.0,38.0,-185.0,99.0,89.0
2026-09-21T03:56:11,cfb,cfb_20260926_texas_longhorns_tennessee_volunteers,20260926CFB00217,DK,draftkings,change,13,2026-09-20T22:30:00,Sep 20,10:30 PM ET,5h ago,home,Tennessee Volunteers,4.0,6.0,16.0,56.5,71.0,63.0,154.0,1.0,11.0
2026-09-21T03:56:11,cfb,cfb_20260926_texas_longhorns_tennessee_volunteers,20260926CFB00217,DK,draftkings,change,14,2026-09-20T22:10:00,Sep 20,10:10 PM ET,5h ago,away,Texas Longhorns,-4.0,94.0,83.0,56.5,29.0,38.0,-185.0,99.0,90.0
2026-09-21T03:56:11,cfb,cfb_20260926_texas_longhorns_tennessee_volunteers,20260926CFB00217,DK,draftkings,change,14,2026-09-20T22:10:00,Sep 20,10:10 PM ET,5h ago,home,Tennessee Volunteers,4.0,6.0,17.0,56.5,71.0,63.0,154.0,1.0,10.0
2026-09-21T03:56:11,cfb,cfb_20260926_texas_longhorns_tennessee_volunteers,20260926CFB00217,DK,draftkings,change,15,2026-09-20T21:40:00,Sep 20,9:40 PM ET,6h ago,away,Texas Longhorns,-4.0,94.0,84.0,56.5,29.0,38.0,-185.0,99.0,90.0
2026-09-21T03:56:11,cfb,cfb_20260926_texas_longhorns_tennessee_volunteers,20260926CFB00217,DK,draftkings,change,15,2026-09-20T21:40:00,Sep 20,9:40 PM ET,6h ago,home,Tennessee Volunteers,4.0,6.0,16.0,56.5,71.0,63.0,154.0,1.0,10.0
2026-09-21T03:56:11,cfb,cfb_20260926_texas_longhorns_tennessee_volunteers,20260926CFB00217,DK,draftkings,change,16,2026-09-20T21:15:00,Sep 20,9:15 PM ET,6h ago,away,Texas Longhorns,-4.0,94.0,83.0,56.5,29.0,38.0,-185.0,99.0,90.0
2026-09-21T03:56:11,cfb,cfb_20260926_texas_longhorns_tennessee_volunteers,20260926CFB00217,DK,draftkings,change,16,2026-09-20T21:15:00,Sep 20,9:15 PM ET,6h ago,home,Tennessee Volunteers,4.0,6.0,17.0,56.5,71.0,63.0,154.0,1.0,10.0
2026-09-21T03:56:11,cfb,cfb_20260926_texas_longhorns_tennessee_volunteers,20260926CFB00217,DK,draftkings,change,17,2026-09-20T20:50:00,Sep 20,8:50 PM ET,7h ago,away,Texas Longhorns,-4.0,94.0,83.0,56.5,29.0,35.0,-185.0,99.0,91.0
2026-09-21T03:56:11,cfb,cfb_20260926_texas_longhorns_tennessee_volunteers,20260926CFB00217,DK,draftkings,change,17,2026-09-20T20:50:00,Sep 20,8:50 PM ET,7h ago,home,Tennessee Volunteers,4.0,6.0,17.0,56.5,71.0,65.0,154.0,1.0,9.0
2026-09-21T03:56:11,cfb,cfb_20260926_texas_longhorns_tennessee_volunteers,20260926CFB00217,DK,draftkings,change,18,2026-09-20T20:30:00,Sep 20,8:30 PM ET,7h ago,away,Texas Longhorns,-4.0,94.0,83.0,56.5,29.0,35.0,-185.0,99.0,90.0
2026-09-21T03:56:11,cfb,cfb_20260926_texas_longhorns_tennessee_volunteers,20260926CFB00217,DK,draftkings,change,18,2026-09-20T20:30:00,Sep 20,8:30 PM ET,7h ago,home,Tennessee Volunteers,4.0,6.0,17.0,56.5,71.0,65.0,154.0,1.0,10.0
2026-09-21T03:56:11,cfb,cfb_20260926_texas_longhorns_tennessee_volunteers,20260926CFB00217,DK,draftkings,change,19,2026-09-20T19:55:00,Sep 20,7:55 PM ET,8h ago,away,Texas Longhorns,-4.0,94.0,83.0,56.5,28.0,32.0,-185.0,99.0,90.0
2026-09-21T03:56:11,cfb,cfb_20260926_texas_longhorns_tennessee_volunteers,20260926CFB00217,DK,draftkings,change,19,2026-09-20T19:55:00,Sep 20,7:55 PM ET,8h ago,home,Tennessee Volunteers,4.0,6.0,17.0,56.5,72.0,68.0,154.0,1.0,10.0
2026-09-21T03:56:11,cfb,cfb_20260926_texas_longhorns_tennessee_volunteers,20260926CFB00217,DK,draftkings,change,20,2026-09-20T19:50:00,Sep 20,7:50 PM ET,8h ago,away,Texas Longhorns,-4.0,94.0,83.0,56.5,28.0,32.0,-185.0,99.0,90.0
2026-09-21T03:56:11,cfb,cfb_20260926_texas_longhorns_tennessee_volunteers,20260926CFB00217,DK,draftkings,change,20,2026-09-20T19:50:00,Sep 20,7:50 PM ET,8h ago,home,Tennessee Volunteers,4.0,6.0,18.0,56.5,72.0,68.0,154.0,1.0,10.0
2026-09-21T03:56:11,cfb,cfb_20260926_texas_longhorns_tennessee_volunteers,20260926CFB00217,DK,draftkings,change,21,2026-09-20T19:30:00,Sep 20,7:30 PM ET,8h ago,away,Texas Longhorns,-4.0,94.0,82.0,56.5,28.0,32.0,-185.0,99.0,91.0
2026-09-21T03:56:11,cfb,cfb_20260926_texas_longhorns_tennessee_volunteers,20260926CFB00217,DK,draftkings,change,21,2026-09-20T19:30:00,Sep 20,7:30 PM ET,8h ago,home,Tennessee Volunteers,4.0,6.0,18.0,56.5,72.0,68.0,154.0,1.0,9.0
2026-09-21T03:56:11,cfb,cfb_20260926_texas_longhorns_tennessee_volunteers,20260926CFB00217,DK,draftkings,change,22,2026-09-20T19:20:00,Sep 20,7:20 PM ET,8h ago,away,Texas Longhorns,-4.0,95.0,83.0,56.5,28.0,32.0,-185.0,99.0,91.0
2026-09-21T03:56:11,cfb,cfb_20260926_texas_longhorns_tennessee_volunteers,20260926CFB00217,DK,draftkings,change,22,2026-09-20T19:20:00,Sep 20,7:20 PM ET,8h ago,home,Tennessee Volunteers,4.0,5.0,17.0,56.5,72.0,68.0,154.0,1.0,9.0
2026-09-21T03:56:11,cfb,cfb_20260926_texas_longhorns_tennessee_volunteers,20260926CFB00217,DK,draftkings,change,23,2026-09-20T18:55:00,Sep 20,6:55 PM ET,9h ago,away,Texas Longhorns,-4.0,95.0,82.0,56.5,28.0,32.0,-205.0,99.0,91.0
2026-09-21T03:56:11,cfb,cfb_20260926_texas_longhorns_tennessee_volunteers,20260926CFB00217,DK,draftkings,change,23,2026-09-20T18:55:00,Sep 20,6:55 PM ET,9h ago,home,Tennessee Volunteers,4.0,5.0,18.0,56.5,72.0,68.0,170.0,1.0,9.0
2026-09-21T03:56:11,cfb,cfb_20260926_texas_longhorns_tennessee_volunteers,20260926CFB00217,DK,draftkings,change,24,2026-09-20T18:40:00,Sep 20,6:40 PM ET,9h ago,away,Texas Longhorns,-4.0,95.0,82.0,56.5,28.0,32.0,-205.0,99.0,90.0
2026-09-21T03:56:11,cfb,cfb_20260926_texas_longhorns_tennessee_volunteers,20260926CFB00217,DK,draftkings,change,24,2026-09-20T18:40:00,Sep 20,6:40 PM ET,9h ago,home,Tennessee Volunteers,4.0,5.0,18.0,56.5,72.0,68.0,170.0,1.0,10.0
2026-09-21T03:56:11,cfb,cfb_20260926_texas_longhorns_tennessee_volunteers,20260926CFB00217,DK,draftkings,change,25,2026-09-20T18:30:00,Sep 20,6:30 PM ET,9h ago,away,Texas Longhorns,-4.0,94.0,82.0,56.5,28.0,32.0,-205.0,99.0,91.0
2026-09-21T03:56:11,cfb,cfb_20260926_texas_longhorns_tennessee_volunteers,20260926CFB00217,DK,draftkings,change,25,2026-09-20T18:30:00,Sep 20,6:30 PM ET,9h ago,home,Tennessee Volunteers,4.0,6.0,18.0,56.5,72.0,68.0,170.0,1.0,9.0
2026-09-21T03:56:11,cfb,cfb_20260926_texas_longhorns_tennessee_volunteers,20260926CFB00217,DK,draftkings,change,26,2026-09-20T18:25:00,Sep 20,6:25 PM ET,9h ago,away,Texas Longhorns,-4.0,94.0,83.0,56.5,28.0,32.0,-205.0,99.0,91.0
2026-09-21T03:56:11,cfb,cfb_20260926_texas_longhorns_tennessee_volunteers,20260926CFB00217,DK,draftkings,change,26,2026-09-20T18:25:00,Sep 20,6:25 PM ET,9h ago,home,Tennessee Volunteers,4.0,6.0,17.0,56.5,72.0,68.0,170.0,1.0,9.0
2026-09-21T03:56:11,cfb,cfb_20260926_texas_longhorns_tennessee_volunteers,20260926CFB00217,DK,draftkings,change,27,2026-09-20T18:15:00,Sep 20,6:15 PM ET,9h ago,away,Texas Longhorns,-4.0,94.0,82.0,56.5,28.0,32.0,-205.0,99.0,92.0
2026-09-21T03:56:11,cfb,cfb_20260926_texas_longhorns_tennessee_volunteers,20260926CFB00217,DK,draftkings,change,27,2026-09-20T18:15:00,Sep 20,6:15 PM ET,9h ago,home,Tennessee Volunteers,4.0,6.0,18.0,56.5,72.0,68.0,170.0,1.0,8.0
2026-09-21T03:56:12,cfb,cfb_20260926_texas_longhorns_tennessee_volunteers,20260926CFB00217,CIRCA,circa,open,1,2026-09-20T15:00:00,Sep 20,3:00 PM ET,12h ago,away,Texas Longhorns,-5.5,18.0,50.0,57.0,50.0,50.0,,50.0,50.0
2026-09-21T03:56:12,cfb,cfb_20260926_texas_longhorns_tennessee_volunteers,20260926CFB00217,CIRCA,circa,open,1,2026-09-20T15:00:00,Sep 20,3:00 PM ET,12h ago,home,Tennessee Volunteers,5.5,82.0,50.0,57.0,50.0,50.0,,50.0,50.0
2026-09-21T03:56:12,cfb,cfb_20260926_texas_longhorns_tennessee_volunteers,20260926CFB00217,CIRCA,circa,change,2,2026-09-21T00:10:00,Sep 21,12:10 AM ET,3h ago,away,Texas Longhorns,-4.0,5.0,33.0,57.0,0.0,0.0,,50.0,50.0
2026-09-21T03:56:12,cfb,cfb_20260926_texas_longhorns_tennessee_volunteers,20260926CFB00217,CIRCA,circa,change,2,2026-09-21T00:10:00,Sep 21,12:10 AM ET,3h ago,home,Tennessee Volunteers,4.0,95.0,67.0,57.0,100.0,100.0,,50.0,50.0
2026-09-21T03:56:12,cfb,cfb_20260926_texas_longhorns_tennessee_volunteers,20260926CFB00217,CIRCA,circa,change,3,2026-09-20T22:30:00,Sep 20,10:30 PM ET,5h ago,away,Texas Longhorns,-4.0,5.0,33.0,57.0,50.0,50.0,,50.0,50.0
2026-09-21T03:56:12,cfb,cfb_20260926_texas_longhorns_tennessee_volunteers,20260926CFB00217,CIRCA,circa,change,3,2026-09-20T22:30:00,Sep 20,10:30 PM ET,5h ago,home,Tennessee Volunteers,4.0,95.0,67.0,57.0,50.0,50.0,,50.0,50.0
2026-09-21T03:56:12,cfb,cfb_20260926_texas_longhorns_tennessee_volunteers,20260926CFB00217,CIRCA,circa,change,4,2026-09-20T16:45:00,Sep 20,4:45 PM ET,11h ago,away,Texas Longhorns,-4.0,5.0,40.0,55.0,50.0,50.0,,50.0,50.0
2026-09-21T03:56:12,cfb,cfb_20260926_texas_longhorns_tennessee_volunteers,20260926CFB00217,CIRCA,circa,change,4,2026-09-20T16:45:00,Sep 20,4:45 PM ET,11h ago,home,Tennessee Volunteers,4.0,95.0,60.0,55.0,50.0,50.0,,50.0,50.0
2026-09-21T03:56:12,cfb,cfb_20260926_texas_longhorns_tennessee_volunteers,20260926CFB00217,CIRCA,circa,change,5,2026-09-20T15:15:00,Sep 20,3:15 PM ET,12h ago,away,Texas Longhorns,-5.5,19.0,50.0,57.0,50.0,50.0,,50.0,50.0
2026-09-21T03:56:12,cfb,cfb_20260926_texas_longhorns_tennessee_volunteers,20260926CFB00217,CIRCA,circa,change,5,2026-09-20T15:15:00,Sep 20,3:15 PM ET,12h ago,home,Tennessee Volunteers,5.5,81.0,50.0,57.0,50.0,50.0,,50.0,50.0
2026-09-21T03:56:12,cfb,cfb_20260926_texas_longhorns_tennessee_volunteers,20260926CFB00217,CIRCA,circa,change,6,2026-09-20T15:11:00,Sep 20,3:11 PM ET,12h ago,away,Texas Longhorns,-5.5,31.0,67.0,57.0,50.0,50.0,,50.0,50.0
2026-09-21T03:56:12,cfb,cfb_20260926_texas_longhorns_tennessee_volunteers,20260926CFB00217,CIRCA,circa,change,6,2026-09-20T15:11:00,Sep 20,3:11 PM ET,12h ago,home,Tennessee Volunteers,5.5,69.0,33.0,57.0,50.0,50.0,,50.0,50.0
2026-09-21T03:56:12,cfb,cfb_20260926_texas_longhorns_tennessee_volunteers,20260926CFB00217,CIRCA,circa,change,7,2026-09-20T15:00:00,Sep 20,3:00 PM ET,12h ago,away,Texas Longhorns,-5.5,18.0,50.0,57.0,50.0,50.0,,50.0,50.0
2026-09-21T03:56:12,cfb,cfb_20260926_texas_longhorns_tennessee_volunteers,20260926CFB00217,CIRCA,circa,change,7,2026-09-20T15:00:00,Sep 20,3:00 PM ET,12h ago,home,Tennessee Volunteers,5.5,82.0,50.0,57.0,50.0,50.0,,50.0,50.0
2026-09-21T03:56:13,cfb,cfb_20260926_sam_houston_st_bearkats_texas_tech_red_raiders,20260926CFB00220,DK,draftkings,open,1,2026-09-20T16:30:00,Sep 20,4:30 PM ET,11h ago,away,Sam Houston ST Bearkats,,0.0,0.0,54.5,100.0,100.0,,0.0,0.0
2026-09-21T03:56:13,cfb,cfb_20260926_sam_houston_st_bearkats_texas_tech_red_raiders,20260926CFB00220,DK,draftkings,open,1,2026-09-20T16:30:00,Sep 20,4:30 PM ET,11h ago,home,Texas Tech Red Raiders,,0.0,0.0,54.5,0.0,0.0,,0.0,0.0
2026-09-21T03:56:13,cfb,cfb_20260926_sam_houston_st_bearkats_texas_tech_red_raiders,20260926CFB00220,DK,draftkings,change,2,2026-09-21T00:45:00,Sep 21,12:45 AM ET,3h ago,away,Sam Houston ST Bearkats,35.5,9.0,50.0,54.5,100.0,100.0,,0.0,0.0
2026-09-21T03:56:13,cfb,cfb_20260926_sam_houston_st_bearkats_texas_tech_red_raiders,20260926CFB00220,DK,draftkings,change,2,2026-09-21T00:45:00,Sep 21,12:45 AM ET,3h ago,home,Texas Tech Red Raiders,-35.5,91.0,50.0,54.5,0.0,0.0,,0.0,0.0
2026-09-21T03:56:13,cfb,cfb_20260926_sam_houston_st_bearkats_texas_tech_red_raiders,20260926CFB00220,DK,draftkings,change,3,2026-09-21T00:20:00,Sep 21,12:20 AM ET,3h ago,away,Sam Houston ST Bearkats,35.5,9.0,55.0,54.5,100.0,100.0,,0.0,0.0
2026-09-21T03:56:13,cfb,cfb_20260926_sam_houston_st_bearkats_texas_tech_red_raiders,20260926CFB00220,DK,draftkings,change,3,2026-09-21T00:20:00,Sep 21,12:20 AM ET,3h ago,home,Texas Tech Red Raiders,-35.5,91.0,45.0,54.5,0.0,0.0,,0.0,0.0
2026-09-21T03:56:13,cfb,cfb_20260926_sam_houston_st_bearkats_texas_tech_red_raiders,20260926CFB00220,DK,draftkings,change,4,2026-09-21T00:00:00,Sep 21,12:00 AM ET,3h ago,away,Sam Houston ST Bearkats,35.5,9.0,60.0,54.5,100.0,100.0,,0.0,0.0
2026-09-21T03:56:13,cfb,cfb_20260926_sam_houston_st_bearkats_texas_tech_red_raiders,20260926CFB00220,DK,draftkings,change,4,2026-09-21T00:00:00,Sep 21,12:00 AM ET,3h ago,home,Texas Tech Red Raiders,-35.5,91.0,40.0,54.5,0.0,0.0,,0.0,0.0
2026-09-21T03:56:13,cfb,cfb_20260926_sam_houston_st_bearkats_texas_tech_red_raiders,20260926CFB00220,DK,draftkings,change,5,2026-09-20T22:30:00,Sep 20,10:30 PM ET,5h ago,away,Sam Houston ST Bearkats,35.5,9.0,56.0,54.5,100.0,100.0,,0.0,0.0
2026-09-21T03:56:13,cfb,cfb_20260926_sam_houston_st_bearkats_texas_tech_red_raiders,20260926CFB00220,DK,draftkings,change,5,2026-09-20T22:30:00,Sep 20,10:30 PM ET,5h ago,home,Texas Tech Red Raiders,-35.5,91.0,44.0,54.5,0.0,0.0,,0.0,0.0
2026-09-21T03:56:13,cfb,cfb_20260926_sam_houston_st_bearkats_texas_tech_red_raiders,20260926CFB00220,DK,draftkings,change,6,2026-09-20T22:10:00,Sep 20,10:10 PM ET,5h ago,away,Sam Houston ST Bearkats,35.5,9.0,63.0,54.5,100.0,100.0,,0.0,0.0
2026-09-21T03:56:13,cfb,cfb_20260926_sam_houston_st_bearkats_texas_tech_red_raiders,20260926CFB00220,DK,draftkings,change,6,2026-09-20T22:10:00,Sep 20,10:10 PM ET,5h ago,home,Texas Tech Red Raiders,-35.5,91.0,38.0,54.5,0.0,0.0,,0.0,0.0
2026-09-21T03:56:13,cfb,cfb_20260926_sam_houston_st_bearkats_texas_tech_red_raiders,20260926CFB00220,DK,draftkings,change,7,2026-09-20T20:50:00,Sep 20,8:50 PM ET,7h ago,away,Sam Houston ST Bearkats,35.5,9.0,71.0,54.5,100.0,100.0,,0.0,0.0
2026-09-21T03:56:13,cfb,cfb_20260926_sam_houston_st_bearkats_texas_tech_red_raiders,20260926CFB00220,DK,draftkings,change,7,2026-09-20T20:50:00,Sep 20,8:50 PM ET,7h ago,home,Texas Tech Red Raiders,-35.5,91.0,29.0,54.5,0.0,0.0,,0.0,0.0
2026-09-21T03:56:13,cfb,cfb_20260926_sam_houston_st_bearkats_texas_tech_red_raiders,20260926CFB00220,DK,draftkings,change,8,2026-09-20T20:10:00,Sep 20,8:10 PM ET,7h ago,away,Sam Houston ST Bearkats,35.5,5.0,60.0,54.5,100.0,100.0,,0.0,0.0
2026-09-21T03:56:13,cfb,cfb_20260926_sam_houston_st_bearkats_texas_tech_red_raiders,20260926CFB00220,DK,draftkings,change,8,2026-09-20T20:10:00,Sep 20,8:10 PM ET,7h ago,home,Texas Tech Red Raiders,-35.5,95.0,40.0,54.5,0.0,0.0,,0.0,0.0
2026-09-21T03:56:13,cfb,cfb_20260926_sam_houston_st_bearkats_texas_tech_red_raiders,20260926CFB00220,DK,draftkings,change,9,2026-09-20T19:20:00,Sep 20,7:20 PM ET,8h ago,away,Sam Houston ST Bearkats,35.5,3.0,50.0,54.5,100.0,100.0,,0.0,0.0
2026-09-21T03:56:13,cfb,cfb_20260926_sam_houston_st_bearkats_texas_tech_red_raiders,20260926CFB00220,DK,draftkings,change,9,2026-09-20T19:20:00,Sep 20,7:20 PM ET,8h ago,home,Texas Tech Red Raiders,-35.5,97.0,50.0,54.5,0.0,0.0,,0.0,0.0
2026-09-21T03:56:13,cfb,cfb_20260926_sam_houston_st_bearkats_texas_tech_red_raiders,20260926CFB00220,DK,draftkings,change,10,2026-09-20T19:05:00,Sep 20,7:05 PM ET,8h ago,away,Sam Houston ST Bearkats,35.5,88.0,67.0,54.5,100.0,100.0,,0.0,0.0
2026-09-21T03:56:13,cfb,cfb_20260926_sam_houston_st_bearkats_texas_tech_red_raiders,20260926CFB00220,DK,draftkings,change,10,2026-09-20T19:05:00,Sep 20,7:05 PM ET,8h ago,home,Texas Tech Red Raiders,-35.5,12.0,33.0,54.5,0.0,0.0,,0.0,0.0
2026-09-21T03:56:13,cfb,cfb_20260926_sam_houston_st_bearkats_texas_tech_red_raiders,20260926CFB00220,DK,draftkings,change,11,2026-09-20T18:15:00,Sep 20,6:15 PM ET,9h ago,away,Sam Houston ST Bearkats,35.5,100.0,100.0,54.5,100.0,100.0,,0.0,0.0
2026-09-21T03:56:13,cfb,cfb_20260926_sam_houston_st_bearkats_texas_tech_red_raiders,20260926CFB00220,DK,draftkings,change,11,2026-09-20T18:15:00,Sep 20,6:15 PM ET,9h ago,home,Texas Tech Red Raiders,-35.5,0.0,0.0,54.5,0.0,0.0,,0.0,0.0
2026-09-21T03:56:13,cfb,cfb_20260926_sam_houston_st_bearkats_texas_tech_red_raiders,20260926CFB00220,DK,draftkings,change,12,2026-09-20T16:30:00,Sep 20,4:30 PM ET,11h ago,away,Sam Houston ST Bearkats,,0.0,0.0,54.5,100.0,100.0,,0.0,0.0
2026-09-21T03:56:13,cfb,cfb_20260926_sam_houston_st_bearkats_texas_tech_red_raiders,20260926CFB00220,DK,draftkings,change,12,2026-09-20T16:30:00,Sep 20,4:30 PM ET,11h ago,home,Texas Tech Red Raiders,,0.0,0.0,54.5,0.0,0.0,,0.0,0.0
2026-09-21T03:56:14,cfb,cfb_20260926_sam_houston_st_bearkats_texas_tech_red_raiders,20260926CFB00220,CIRCA,circa,open,1,2026-09-20T15:05:00,Sep 20,3:05 PM ET,12h ago,away,Sam Houston ST Bearkats,36.5,50.0,50.0,55.0,50.0,50.0,,50.0,50.0
2026-09-21T03:56:14,cfb,cfb_20260926_sam_houston_st_bearkats_texas_tech_red_raiders,20260926CFB00220,CIRCA,circa,open,1,2026-09-20T15:05:00,Sep 20,3:05 PM ET,12h ago,home,Texas Tech Red Raiders,-36.5,50.0,50.0,55.0,50.0,50.0,,50.0,50.0
2026-09-21T03:56:14,cfb,cfb_20260926_sam_houston_st_bearkats_texas_tech_red_raiders,20260926CFB00220,CIRCA,circa,change,2,2026-09-20T23:30:00,Sep 20,11:30 PM ET,4h ago,away,Sam Houston ST Bearkats,36.5,100.0,100.0,55.0,0.0,0.0,,50.0,50.0
2026-09-21T03:56:14,cfb,cfb_20260926_sam_houston_st_bearkats_texas_tech_red_raiders,20260926CFB00220,CIRCA,circa,change,2,2026-09-20T23:30:00,Sep 20,11:30 PM ET,4h ago,home,Texas Tech Red Raiders,-36.5,0.0,0.0,55.0,100.0,100.0,,50.0,50.0
2026-09-21T03:56:14,cfb,cfb_20260926_sam_houston_st_bearkats_texas_tech_red_raiders,20260926CFB00220,CIRCA,circa,change,3,2026-09-20T16:05:00,Sep 20,4:05 PM ET,11h ago,away,Sam Houston ST Bearkats,36.5,100.0,100.0,55.0,50.0,50.0,,50.0,50.0
2026-09-21T03:56:14,cfb,cfb_20260926_sam_houston_st_bearkats_texas_tech_red_raiders,20260926CFB00220,CIRCA,circa,change,3,2026-09-20T16:05:00,Sep 20,4:05 PM ET,11h ago,home,Texas Tech Red Raiders,-36.5,0.0,0.0,55.0,50.0,50.0,,50.0,50.0
2026-09-21T03:56:14,cfb,cfb_20260926_sam_houston_st_bearkats_texas_tech_red_raiders,20260926CFB00220,CIRCA,circa,change,4,2026-09-20T15:05:00,Sep 20,3:05 PM ET,12h ago,away,Sam Houston ST Bearkats,36.5,50.0,50.0,55.0,50.0,50.0,,50.0,50.0
2026-09-21T03:56:14,cfb,cfb_20260926_sam_houston_st_bearkats_texas_tech_red_raiders,20260926CFB00220,CIRCA,circa,change,4,2026-09-20T15:05:00,Sep 20,3:05 PM ET,12h ago,home,Texas Tech Red Raiders,-36.5,50.0,50.0,55.0,50.0,50.0,,50.0,50.0
2026-09-21T03:56:15,cfb,cfb_20260926_san_diego_st_aztecs_toledo_rockets,20260926CFB00222,DK,draftkings,open,1,2026-09-20T10:50:00,Sep 20,10:50 AM ET,17h ago,away,San Diego ST Aztecs,-1.5,0.0,0.0,,0.0,0.0,,0.0,0.0
2026-09-21T03:56:15,cfb,cfb_20260926_san_diego_st_aztecs_toledo_rockets,20260926CFB00222,DK,draftkings,open,1,2026-09-20T10:50:00,Sep 20,10:50 AM ET,17h ago,home,Toledo Rockets,1.5,100.0,100.0,,0.0,0.0,,0.0,0.0
2026-09-21T03:56:15,cfb,cfb_20260926_san_diego_st_aztecs_toledo_rockets,20260926CFB00222,DK,draftkings,first_full,2,2026-09-20T17:00:00,Sep 20,5:00 PM ET,10h ago,away,San Diego ST Aztecs,2.5,62.0,20.0,49.5,100.0,100.0,102.0,1.0,25.0
2026-09-21T03:56:15,cfb,cfb_20260926_san_diego_st_aztecs_toledo_rockets,20260926CFB00222,DK,draftkings,first_full,2,2026-09-20T17:00:00,Sep 20,5:00 PM ET,10h ago,home,Toledo Rockets,-2.5,38.0,80.0,49.5,0.0,0.0,-122.0,99.0,75.0
2026-09-21T03:56:15,cfb,cfb_20260926_san_diego_st_aztecs_toledo_rockets,20260926CFB00222,DK,draftkings,change,3,2026-09-21T01:00:00,Sep 21,1:00 AM ET,2h ago,away,San Diego ST Aztecs,2.5,48.0,25.0,49.5,100.0,100.0,114.0,2.0,33.0
2026-09-21T03:56:15,cfb,cfb_20260926_san_diego_st_aztecs_toledo_rockets,20260926CFB00222,DK,draftkings,change,3,2026-09-21T01:00:00,Sep 21,1:00 AM ET,2h ago,home,Toledo Rockets,-2.5,52.0,75.0,49.5,0.0,0.0,-135.0,98.0,67.0
2026-09-21T03:56:15,cfb,cfb_20260926_san_diego_st_aztecs_toledo_rockets,20260926CFB00222,DK,draftkings,change,4,2026-09-21T00:50:00,Sep 21,12:50 AM ET,3h ago,away,San Diego ST Aztecs,2.5,48.0,25.0,49.5,100.0,100.0,114.0,2.0,36.0
2026-09-21T03:56:15,cfb,cfb_20260926_san_diego_st_aztecs_toledo_rockets,20260926CFB00222,DK,draftkings,change,4,2026-09-21T00:50:00,Sep 21,12:50 AM ET,3h ago,home,Toledo Rockets,-2.5,52.0,75.0,49.5,0.0,0.0,-135.0,98.0,64.0
2026-09-21T03:56:15,cfb,cfb_20260926_san_diego_st_aztecs_toledo_rockets,20260926CFB00222,DK,draftkings,change,5,2026-09-21T00:30:00,Sep 21,12:30 AM ET,3h ago,away,San Diego ST Aztecs,2.5,48.0,25.0,49.5,100.0,100.0,114.0,2.0,38.0
2026-09-21T03:56:15,cfb,cfb_20260926_san_diego_st_aztecs_toledo_rockets,20260926CFB00222,DK,draftkings,change,5,2026-09-21T00:30:00,Sep 21,12:30 AM ET,3h ago,home,Toledo Rockets,-2.5,52.0,75.0,49.5,0.0,0.0,-135.0,98.0,62.0
2026-09-21T03:56:15,cfb,cfb_20260926_san_diego_st_aztecs_toledo_rockets,20260926CFB00222,DK,draftkings,change,6,2026-09-20T23:10:00,Sep 20,11:10 PM ET,4h ago,away,San Diego ST Aztecs,2.5,48.0,25.0,49.5,100.0,100.0,114.0,2.0,33.0
2026-09-21T03:56:15,cfb,cfb_20260926_san_diego_st_aztecs_toledo_rockets,20260926CFB00222,DK,draftkings,change,6,2026-09-20T23:10:00,Sep 20,11:10 PM ET,4h ago,home,Toledo Rockets,-2.5,52.0,75.0,49.5,0.0,0.0,-135.0,98.0,67.0
2026-09-21T03:56:15,cfb,cfb_20260926_san_diego_st_aztecs_toledo_rockets,20260926CFB00222,DK,draftkings,change,7,2026-09-20T22:30:00,Sep 20,10:30 PM ET,5h ago,away,San Diego ST Aztecs,2.5,48.0,27.0,49.5,100.0,100.0,114.0,2.0,33.0
2026-09-21T03:56:15,cfb,cfb_20260926_san_diego_st_aztecs_toledo_rockets,20260926CFB00222,DK,draftkings,change,7,2026-09-20T22:30:00,Sep 20,10:30 PM ET,5h ago,home,Toledo Rockets,-2.5,52.0,73.0,49.5,0.0,0.0,-135.0,98.0,67.0
2026-09-21T03:56:15,cfb,cfb_20260926_san_diego_st_aztecs_toledo_rockets,20260926CFB00222,DK,draftkings,change,8,2026-09-20T22:10:00,Sep 20,10:10 PM ET,5h ago,away,San Diego ST Aztecs,2.5,57.0,30.0,49.5,100.0,100.0,114.0,2.0,33.0
2026-09-21T03:56:15,cfb,cfb_20260926_san_diego_st_aztecs_toledo_rockets,20260926CFB00222,DK,draftkings,change,8,2026-09-20T22:10:00,Sep 20,10:10 PM ET,5h ago,home,Toledo Rockets,-2.5,43.0,70.0,49.5,0.0,0.0,-135.0,98.0,67.0
2026-09-21T03:56:15,cfb,cfb_20260926_san_diego_st_aztecs_toledo_rockets,20260926CFB00222,DK,draftkings,change,9,2026-09-20T22:00:00,Sep 20,10:00 PM ET,5h ago,away,San Diego ST Aztecs,2.5,57.0,30.0,49.5,100.0,100.0,114.0,2.0,36.0
2026-09-21T03:56:15,cfb,cfb_20260926_san_diego_st_aztecs_toledo_rockets,20260926CFB00222,DK,draftkings,change,9,2026-09-20T22:00:00,Sep 20,10:00 PM ET,5h ago,home,Toledo Rockets,-2.5,43.0,70.0,49.5,0.0,0.0,-135.0,98.0,64.0
2026-09-21T03:56:15,cfb,cfb_20260926_san_diego_st_aztecs_toledo_rockets,20260926CFB00222,DK,draftkings,change,10,2026-09-20T21:30:00,Sep 20,9:30 PM ET,6h ago,away,San Diego ST Aztecs,2.5,57.0,33.0,49.5,100.0,100.0,114.0,2.0,36.0
2026-09-21T03:56:15,cfb,cfb_20260926_san_diego_st_aztecs_toledo_rockets,20260926CFB00222,DK,draftkings,change,10,2026-09-20T21:30:00,Sep 20,9:30 PM ET,6h ago,home,Toledo Rockets,-2.5,43.0,67.0,49.5,0.0,0.0,-135.0,98.0,64.0
2026-09-21T03:56:15,cfb,cfb_20260926_san_diego_st_aztecs_toledo_rockets,20260926CFB00222,DK,draftkings,change,11,2026-09-20T21:05:00,Sep 20,9:05 PM ET,6h ago,away,San Diego ST Aztecs,2.5,57.0,33.0,49.5,100.0,100.0,114.0,2.0,30.0
2026-09-21T03:56:15,cfb,cfb_20260926_san_diego_st_aztecs_toledo_rockets,20260926CFB00222,DK,draftkings,change,11,2026-09-20T21:05:00,Sep 20,9:05 PM ET,6h ago,home,Toledo Rockets,-2.5,43.0,67.0,49.5,0.0,0.0,-135.0,98.0,70.0
2026-09-21T03:56:15,cfb,cfb_20260926_san_diego_st_aztecs_toledo_rockets,20260926CFB00222,DK,draftkings,change,12,2026-09-20T20:50:00,Sep 20,8:50 PM ET,7h ago,away,San Diego ST Aztecs,2.5,58.0,38.0,49.5,100.0,100.0,114.0,2.0,22.0
2026-09-21T03:56:15,cfb,cfb_20260926_san_diego_st_aztecs_toledo_rockets,20260926CFB00222,DK,draftkings,change,12,2026-09-20T20:50:00,Sep 20,8:50 PM ET,7h ago,home,Toledo Rockets,-2.5,42.0,63.0,49.5,0.0,0.0,-135.0,98.0,78.0
2026-09-21T03:56:15,cfb,cfb_20260926_san_diego_st_aztecs_toledo_rockets,20260926CFB00222,DK,draftkings,change,13,2026-09-20T20:20:00,Sep 20,8:20 PM ET,7h ago,away,San Diego ST Aztecs,2.5,58.0,38.0,49.5,100.0,100.0,114.0,2.0,25.0
2026-09-21T03:56:15,cfb,cfb_20260926_san_diego_st_aztecs_toledo_rockets,20260926CFB00222,DK,draftkings,change,13,2026-09-20T20:20:00,Sep 20,8:20 PM ET,7h ago,home,Toledo Rockets,-2.5,42.0,63.0,49.5,0.0,0.0,-135.0,98.0,75.0
2026-09-21T03:56:15,cfb,cfb_20260926_san_diego_st_aztecs_toledo_rockets,20260926CFB00222,DK,draftkings,change,14,2026-09-20T20:15:00,Sep 20,8:15 PM ET,7h ago,away,San Diego ST Aztecs,2.5,62.0,43.0,49.5,100.0,100.0,114.0,2.0,29.0
2026-09-21T03:56:15,cfb,cfb_20260926_san_diego_st_aztecs_toledo_rockets,20260926CFB00222,DK,draftkings,change,14,2026-09-20T20:15:00,Sep 20,8:15 PM ET,7h ago,home,Toledo Rockets,-2.5,38.0,57.0,49.5,0.0,0.0,-135.0,98.0,71.0
2026-09-21T03:56:15,cfb,cfb_20260926_san_diego_st_aztecs_toledo_rockets,20260926CFB00222,DK,draftkings,change,15,2026-09-20T19:55:00,Sep 20,7:55 PM ET,8h ago,away,San Diego ST Aztecs,2.5,62.0,43.0,49.5,100.0,100.0,114.0,2.0,33.0
2026-09-21T03:56:15,cfb,cfb_20260926_san_diego_st_aztecs_toledo_rockets,20260926CFB00222,DK,draftkings,change,15,2026-09-20T19:55:00,Sep 20,7:55 PM ET,8h ago,home,Toledo Rockets,-2.5,38.0,57.0,49.5,0.0,0.0,-135.0,98.0,67.0
2026-09-21T03:56:15,cfb,cfb_20260926_san_diego_st_aztecs_toledo_rockets,20260926CFB00222,DK,draftkings,change,16,2026-09-20T19:50:00,Sep 20,7:50 PM ET,8h ago,away,San Diego ST Aztecs,2.5,62.0,43.0,49.5,100.0,100.0,114.0,2.0,40.0
2026-09-21T03:56:15,cfb,cfb_20260926_san_diego_st_aztecs_toledo_rockets,20260926CFB00222,DK,draftkings,change,16,2026-09-20T19:50:00,Sep 20,7:50 PM ET,8h ago,home,Toledo Rockets,-2.5,38.0,57.0,49.5,0.0,0.0,-135.0,98.0,60.0
2026-09-21T03:56:15,cfb,cfb_20260926_san_diego_st_aztecs_toledo_rockets,20260926CFB00222,DK,draftkings,change,17,2026-09-20T19:30:00,Sep 20,7:30 PM ET,8h ago,away,San Diego ST Aztecs,2.5,62.0,33.0,48.5,100.0,100.0,110.0,2.0,40.0
2026-09-21T03:56:15,cfb,cfb_20260926_san_diego_st_aztecs_toledo_rockets,20260926CFB00222,DK,draftkings,change,17,2026-09-20T19:30:00,Sep 20,7:30 PM ET,8h ago,home,Toledo Rockets,-2.5,38.0,67.0,48.5,0.0,0.0,-130.0,98.0,60.0
2026-09-21T03:56:15,cfb,cfb_20260926_san_diego_st_aztecs_toledo_rockets,20260926CFB00222,DK,draftkings,change,18,2026-09-20T18:15:00,Sep 20,6:15 PM ET,9h ago,away,San Diego ST Aztecs,2.5,62.0,20.0,48.5,100.0,100.0,102.0,2.0,40.0
2026-09-21T03:56:15,cfb,cfb_20260926_san_diego_st_aztecs_toledo_rockets,20260926CFB00222,DK,draftkings,change,18,2026-09-20T18:15:00,Sep 20,6:15 PM ET,9h ago,home,Toledo Rockets,-2.5,38.0,80.0,48.5,0.0,0.0,-122.0,98.0,60.0
2026-09-21T03:56:15,cfb,cfb_20260926_san_diego_st_aztecs_toledo_rockets,20260926CFB00222,DK,draftkings,change,19,2026-09-20T17:00:00,Sep 20,5:00 PM ET,10h ago,away,San Diego ST Aztecs,2.5,62.0,20.0,49.5,100.0,100.0,102.0,1.0,25.0
2026-09-21T03:56:15,cfb,cfb_20260926_san_diego_st_aztecs_toledo_rockets,20260926CFB00222,DK,draftkings,change,19,2026-09-20T17:00:00,Sep 20,5:00 PM ET,10h ago,home,Toledo Rockets,-2.5,38.0,80.0,49.5,0.0,0.0,-122.0,99.0,75.0
2026-09-21T03:56:15,cfb,cfb_20260926_san_diego_st_aztecs_toledo_rockets,20260926CFB00222,DK,draftkings,change,20,2026-09-20T14:55:00,Sep 20,2:55 PM ET,13h ago,away,San Diego ST Aztecs,1.5,62.0,20.0,48.5,100.0,100.0,-105.0,0.0,0.0
2026-09-21T03:56:15,cfb,cfb_20260926_san_diego_st_aztecs_toledo_rockets,20260926CFB00222,DK,draftkings,change,20,2026-09-20T14:55:00,Sep 20,2:55 PM ET,13h ago,home,Toledo Rockets,-1.5,38.0,80.0,48.5,0.0,0.0,-115.0,100.0,100.0
2026-09-21T03:56:15,cfb,cfb_20260926_san_diego_st_aztecs_toledo_rockets,20260926CFB00222,DK,draftkings,change,21,2026-09-20T14:30:00,Sep 20,2:30 PM ET,13h ago,away,San Diego ST Aztecs,1.5,69.0,25.0,48.5,100.0,100.0,-105.0,0.0,0.0
2026-09-21T03:56:15,cfb,cfb_20260926_san_diego_st_aztecs_toledo_rockets,20260926CFB00222,DK,draftkings,change,21,2026-09-20T14:30:00,Sep 20,2:30 PM ET,13h ago,home,Toledo Rockets,-1.5,31.0,75.0,48.5,0.0,0.0,-115.0,100.0,100.0
2026-09-21T03:56:15,cfb,cfb_20260926_san_diego_st_aztecs_toledo_rockets,20260926CFB00222,DK,draftkings,change,22,2026-09-20T12:00:00,Sep 20,12:00 PM ET,15h ago,away,San Diego ST Aztecs,1.5,0.0,0.0,48.5,100.0,100.0,-105.0,0.0,0.0
2026-09-21T03:56:15,cfb,cfb_20260926_san_diego_st_aztecs_toledo_rockets,20260926CFB00222,DK,draftkings,change,22,2026-09-20T12:00:00,Sep 20,12:00 PM ET,15h ago,home,Toledo Rockets,-1.5,100.0,100.0,48.5,0.0,0.0,-115.0,100.0,100.0
2026-09-21T03:56:15,cfb,cfb_20260926_san_diego_st_aztecs_toledo_rockets,20260926CFB00222,DK,draftkings,change,23,2026-09-20T10:55:00,Sep 20,10:55 AM ET,17h ago,away,San Diego ST Aztecs,-1.5,0.0,0.0,48.5,100.0,100.0,,0.0,0.0
2026-09-21T03:56:15,cfb,cfb_20260926_san_diego_st_aztecs_toledo_rockets,20260926CFB00222,DK,draftkings,change,23,2026-09-20T10:55:00,Sep 20,10:55 AM ET,17h ago,home,Toledo Rockets,1.5,100.0,100.0,48.5,0.0,0.0,,0.0,0.0
2026-09-21T03:56:15,cfb,cfb_20260926_san_diego_st_aztecs_toledo_rockets,20260926CFB00222,DK,draftkings,change,24,2026-09-20T10:50:00,Sep 20,10:50 AM ET,17h ago,away,San Diego ST Aztecs,-1.5,0.0,0.0,,0.0,0.0,,0.0,0.0
2026-09-21T03:56:15,cfb,cfb_20260926_san_diego_st_aztecs_toledo_rockets,20260926CFB00222,DK,draftkings,change,24,2026-09-20T10:50:00,Sep 20,10:50 AM ET,17h ago,home,Toledo Rockets,1.5,100.0,100.0,,0.0,0.0,,0.0,0.0
2026-09-21T03:56:16,cfb,cfb_20260926_san_diego_st_aztecs_toledo_rockets,20260926CFB00222,CIRCA,circa,open,1,2026-09-20T15:00:00,Sep 20,3:00 PM ET,12h ago,away,San Diego ST Aztecs,2.5,50.0,50.0,49.0,50.0,50.0,,50.0,50.0
2026-09-21T03:56:16,cfb,cfb_20260926_san_diego_st_aztecs_toledo_rockets,20260926CFB00222,CIRCA,circa,open,1,2026-09-20T15:00:00,Sep 20,3:00 PM ET,12h ago,home,Toledo Rockets,-2.5,50.0,50.0,49.0,50.0,50.0,,50.0,50.0
2026-09-21T03:56:16,cfb,cfb_20260926_san_diego_st_aztecs_toledo_rockets,20260926CFB00222,CIRCA,circa,change,2,2026-09-20T18:50:00,Sep 20,6:50 PM ET,9h ago,away,San Diego ST Aztecs,2.5,0.0,0.0,49.0,100.0,100.0,,50.0,50.0
2026-09-21T03:56:16,cfb,cfb_20260926_san_diego_st_aztecs_toledo_rockets,20260926CFB00222,CIRCA,circa,change,2,2026-09-20T18:50:00,Sep 20,6:50 PM ET,9h ago,home,Toledo Rockets,-2.5,100.0,100.0,49.0,0.0,0.0,,50.0,50.0
2026-09-21T03:56:16,cfb,cfb_20260926_san_diego_st_aztecs_toledo_rockets,20260926CFB00222,CIRCA,circa,change,3,2026-09-20T15:05:00,Sep 20,3:05 PM ET,12h ago,away,San Diego ST Aztecs,2.5,50.0,50.0,49.0,100.0,100.0,,50.0,50.0
2026-09-21T03:56:16,cfb,cfb_20260926_san_diego_st_aztecs_toledo_rockets,20260926CFB00222,CIRCA,circa,change,3,2026-09-20T15:05:00,Sep 20,3:05 PM ET,12h ago,home,Toledo Rockets,-2.5,50.0,50.0,49.0,0.0,0.0,,50.0,50.0
2026-09-21T03:56:16,cfb,cfb_20260926_san_diego_st_aztecs_toledo_rockets,20260926CFB00222,CIRCA,circa,change,4,2026-09-20T15:00:00,Sep 20,3:00 PM ET,12h ago,away,San Diego ST Aztecs,2.5,50.0,50.0,49.0,50.0,50.0,,50.0,50.0
2026-09-21T03:56:16,cfb,cfb_20260926_san_diego_st_aztecs_toledo_rockets,20260926CFB00222,CIRCA,circa,change,4,2026-09-20T15:00:00,Sep 20,3:00 PM ET,12h ago,home,Toledo Rockets,-2.5,50.0,50.0,49.0,50.0,50.0,,50.0,50.0
2026-09-21T03:56:18,cfb,cfb_20260926_colorado_st_rams_texassan_antonio_roadrunners,20260926CFB01398,DK,draftkings,open,1,2026-09-20T13:40:00,Sep 20,1:40 PM ET,14h ago,away,Colorado ST Rams,11.5,100.0,100.0,,0.0,0.0,,0.0,0.0
2026-09-21T03:56:18,cfb,cfb_20260926_colorado_st_rams_texassan_antonio_roadrunners,20260926CFB01398,DK,draftkings,open,1,2026-09-20T13:40:00,Sep 20,1:40 PM ET,14h ago,home,Texas-San Antonio Roadrunners,-11.5,0.0,0.0,,0.0,0.0,,0.0,0.0
2026-09-21T03:56:18,cfb,cfb_20260926_colorado_st_rams_texassan_antonio_roadrunners,20260926CFB01398,DK,draftkings,first_full,2,2026-09-21T00:00:00,Sep 21,12:00 AM ET,3h ago,away,Colorado ST Rams,12.5,2.0,50.0,57.5,100.0,100.0,380.0,1.0,21.0
2026-09-21T03:56:18,cfb,cfb_20260926_colorado_st_rams_texassan_antonio_roadrunners,20260926CFB01398,DK,draftkings,first_full,2,2026-09-21T00:00:00,Sep 21,12:00 AM ET,3h ago,home,Texas-San Antonio Roadrunners,-12.5,98.0,50.0,57.5,0.0,0.0,-500.0,99.0,79.0
2026-09-21T03:56:18,cfb,cfb_20260926_colorado_st_rams_texassan_antonio_roadrunners,20260926CFB01398,DK,draftkings,change,3,2026-09-21T03:50:00,Sep 21,3:50 AM ET,6m ago,away,Colorado ST Rams,12.5,26.0,75.0,57.5,100.0,100.0,380.0,1.0,14.0
2026-09-21T03:56:18,cfb,cfb_20260926_colorado_st_rams_texassan_antonio_roadrunners,20260926CFB01398,DK,draftkings,change,3,2026-09-21T03:50:00,Sep 21,3:50 AM ET,6m ago,home,Texas-San Antonio Roadrunners,-12.5,74.0,25.0,57.5,0.0,0.0,-500.0,99.0,86.0
2026-09-21T03:56:18,cfb,cfb_20260926_colorado_st_rams_texassan_antonio_roadrunners,20260926CFB01398,DK,draftkings,change,4,2026-09-21T03:40:00,Sep 21,3:40 AM ET,15m ago,away,Colorado ST Rams,12.5,26.0,75.0,57.5,100.0,100.0,380.0,1.0,15.0
2026-09-21T03:56:18,cfb,cfb_20260926_colorado_st_rams_texassan_antonio_roadrunners,20260926CFB01398,DK,draftkings,change,4,2026-09-21T03:40:00,Sep 21,3:40 AM ET,15m ago,home,Texas-San Antonio Roadrunners,-12.5,74.0,25.0,57.5,0.0,0.0,-500.0,99.0,85.0
2026-09-21T03:56:18,cfb,cfb_20260926_colorado_st_rams_texassan_antonio_roadrunners,20260926CFB01398,DK,draftkings,change,5,2026-09-21T01:25:00,Sep 21,1:25 AM ET,2h ago,away,Colorado ST Rams,12.5,26.0,75.0,57.5,100.0,100.0,380.0,1.0,17.0
2026-09-21T03:56:18,cfb,cfb_20260926_colorado_st_rams_texassan_antonio_roadrunners,20260926CFB01398,DK,draftkings,change,5,2026-09-21T01:25:00,Sep 21,1:25 AM ET,2h ago,home,Texas-San Antonio Roadrunners,-12.5,74.0,25.0,57.5,0.0,0.0,-500.0,99.0,83.0
2026-09-21T03:56:18,cfb,cfb_20260926_colorado_st_rams_texassan_antonio_roadrunners,20260926CFB01398,DK,draftkings,change,6,2026-09-21T00:50:00,Sep 21,12:50 AM ET,3h ago,away,Colorado ST Rams,12.5,26.0,75.0,57.5,100.0,100.0,380.0,1.0,18.0
2026-09-21T03:56:18,cfb,cfb_20260926_colorado_st_rams_texassan_antonio_roadrunners,20260926CFB01398,DK,draftkings,change,6,2026-09-21T00:50:00,Sep 21,12:50 AM ET,3h ago,home,Texas-San Antonio Roadrunners,-12.5,74.0,25.0,57.5,0.0,0.0,-500.0,99.0,82.0
2026-09-21T03:56:18,cfb,cfb_20260926_colorado_st_rams_texassan_antonio_roadrunners,20260926CFB01398,DK,draftkings,change,7,2026-09-21T00:15:00,Sep 21,12:15 AM ET,3h ago,away,Colorado ST Rams,12.5,26.0,75.0,57.5,100.0,100.0,380.0,1.0,19.0
2026-09-21T03:56:18,cfb,cfb_20260926_colorado_st_rams_texassan_antonio_roadrunners,20260926CFB01398,DK,draftkings,change,7,2026-09-21T00:15:00,Sep 21,12:15 AM ET,3h ago,home,Texas-San Antonio Roadrunners,-12.5,74.0,25.0,57.5,0.0,0.0,-500.0,99.0,81.0
2026-09-21T03:56:18,cfb,cfb_20260926_colorado_st_rams_texassan_antonio_roadrunners,20260926CFB01398,DK,draftkings,change,8,2026-09-21T00:10:00,Sep 21,12:10 AM ET,3h ago,away,Colorado ST Rams,12.5,25.0,71.0,57.5,100.0,100.0,380.0,1.0,19.0
2026-09-21T03:56:18,cfb,cfb_20260926_colorado_st_rams_texassan_antonio_roadrunners,20260926CFB01398,DK,draftkings,change,8,2026-09-21T00:10:00,Sep 21,12:10 AM ET,3h ago,home,Texas-San Antonio Roadrunners,-12.5,75.0,29.0,57.5,0.0,0.0,-500.0,99.0,81.0
2026-09-21T03:56:18,cfb,cfb_20260926_colorado_st_rams_texassan_antonio_roadrunners,20260926CFB01398,DK,draftkings,change,9,2026-09-21T00:00:00,Sep 21,12:00 AM ET,3h ago,away,Colorado ST Rams,12.5,2.0,50.0,57.5,100.0,100.0,380.0,1.0,21.0
2026-09-21T03:56:18,cfb,cfb_20260926_colorado_st_rams_texassan_antonio_roadrunners,20260926CFB01398,DK,draftkings,change,9,2026-09-21T00:00:00,Sep 21,12:00 AM ET,3h ago,home,Texas-San Antonio Roadrunners,-12.5,98.0,50.0,57.5,0.0,0.0,-500.0,99.0,79.0
2026-09-21T03:56:18,cfb,cfb_20260926_colorado_st_rams_texassan_antonio_roadrunners,20260926CFB01398,DK,draftkings,change,10,2026-09-20T22:00:00,Sep 20,10:00 PM ET,5h ago,away,Colorado ST Rams,12.5,0.0,33.0,57.5,100.0,100.0,380.0,1.0,23.0
2026-09-21T03:56:18,cfb,cfb_20260926_colorado_st_rams_texassan_antonio_roadrunners,20260926CFB01398,DK,draftkings,change,10,2026-09-20T22:00:00,Sep 20,10:00 PM ET,5h ago,home,Texas-San Antonio Roadrunners,-12.5,100.0,67.0,57.5,0.0,0.0,-500.0,99.0,77.0
2026-09-21T03:56:18,cfb,cfb_20260926_colorado_st_rams_texassan_antonio_roadrunners,20260926CFB01398,DK,draftkings,change,11,2026-09-20T21:40:00,Sep 20,9:40 PM ET,6h ago,away,Colorado ST Rams,12.5,0.0,33.0,57.5,100.0,100.0,380.0,1.0,27.0
2026-09-21T03:56:18,cfb,cfb_20260926_colorado_st_rams_texassan_antonio_roadrunners,20260926CFB01398,DK,draftkings,change,11,2026-09-20T21:40:00,Sep 20,9:40 PM ET,6h ago,home,Texas-San Antonio Roadrunners,-12.5,100.0,67.0,57.5,0.0,0.0,-500.0,99.0,73.0
2026-09-21T03:56:18,cfb,cfb_20260926_colorado_st_rams_texassan_antonio_roadrunners,20260926CFB01398,DK,draftkings,change,12,2026-09-20T21:30:00,Sep 20,9:30 PM ET,6h ago,away,Colorado ST Rams,12.5,0.0,33.0,57.5,100.0,100.0,380.0,1.0,30.0
2026-09-21T03:56:18,cfb,cfb_20260926_colorado_st_rams_texassan_antonio_roadrunners,20260926CFB01398,DK,draftkings,change,12,2026-09-20T21:30:00,Sep 20,9:30 PM ET,6h ago,home,Texas-San Antonio Roadrunners,-12.5,100.0,67.0,57.5,0.0,0.0,-500.0,99.0,70.0
2026-09-21T03:56:18,cfb,cfb_20260926_colorado_st_rams_texassan_antonio_roadrunners,20260926CFB01398,DK,draftkings,change,13,2026-09-20T20:30:00,Sep 20,8:30 PM ET,7h ago,away,Colorado ST Rams,12.5,0.0,50.0,57.5,100.0,100.0,380.0,75.0,33.0
2026-09-21T03:56:18,cfb,cfb_20260926_colorado_st_rams_texassan_antonio_roadrunners,20260926CFB01398,DK,draftkings,change,13,2026-09-20T20:30:00,Sep 20,8:30 PM ET,7h ago,home,Texas-San Antonio Roadrunners,-12.5,100.0,50.0,57.5,0.0,0.0,-500.0,25.0,67.0
2026-09-21T03:56:18,cfb,cfb_20260926_colorado_st_rams_texassan_antonio_roadrunners,20260926CFB01398,DK,draftkings,change,14,2026-09-20T19:55:00,Sep 20,7:55 PM ET,8h ago,away,Colorado ST Rams,12.5,0.0,50.0,,0.0,0.0,380.0,75.0,33.0
2026-09-21T03:56:18,cfb,cfb_20260926_colorado_st_rams_texassan_antonio_roadrunners,20260926CFB01398,DK,draftkings,change,14,2026-09-20T19:55:00,Sep 20,7:55 PM ET,8h ago,home,Texas-San Antonio Roadrunners,-12.5,100.0,50.0,,0.0,0.0,-500.0,25.0,67.0
2026-09-21T03:56:18,cfb,cfb_20260926_colorado_st_rams_texassan_antonio_roadrunners,20260926CFB01398,DK,draftkings,change,15,2026-09-20T19:25:00,Sep 20,7:25 PM ET,8h ago,away,Colorado ST Rams,12.5,0.0,50.0,,0.0,0.0,400.0,79.0,38.0
2026-09-21T03:56:18,cfb,cfb_20260926_colorado_st_rams_texassan_antonio_roadrunners,20260926CFB01398,DK,draftkings,change,15,2026-09-20T19:25:00,Sep 20,7:25 PM ET,8h ago,home,Texas-San Antonio Roadrunners,-12.5,100.0,50.0,,0.0,0.0,-535.0,21.0,63.0
2026-09-21T03:56:18,cfb,cfb_20260926_colorado_st_rams_texassan_antonio_roadrunners,20260926CFB01398,DK,draftkings,change,16,2026-09-20T18:15:00,Sep 20,6:15 PM ET,9h ago,away,Colorado ST Rams,13.5,0.0,50.0,,0.0,0.0,400.0,83.0,43.0
2026-09-21T03:56:18,cfb,cfb_20260926_colorado_st_rams_texassan_antonio_roadrunners,20260926CFB01398,DK,draftkings,change,16,2026-09-20T18:15:00,Sep 20,6:15 PM ET,9h ago,home,Texas-San Antonio Roadrunners,-13.5,100.0,50.0,,0.0,0.0,-535.0,17.0,57.0
2026-09-21T03:56:18,cfb,cfb_20260926_colorado_st_rams_texassan_antonio_roadrunners,20260926CFB01398,DK,draftkings,change,17,2026-09-20T17:30:00,Sep 20,5:30 PM ET,10h ago,away,Colorado ST Rams,12.5,0.0,50.0,,0.0,0.0,400.0,77.0,33.0
2026-09-21T03:56:18,cfb,cfb_20260926_colorado_st_rams_texassan_antonio_roadrunners,20260926CFB01398,DK,draftkings,change,17,2026-09-20T17:30:00,Sep 20,5:30 PM ET,10h ago,home,Texas-San Antonio Roadrunners,-12.5,100.0,50.0,,0.0,0.0,-535.0,23.0,67.0
2026-09-21T03:56:18,cfb,cfb_20260926_colorado_st_rams_texassan_antonio_roadrunners,20260926CFB01398,DK,draftkings,change,18,2026-09-20T17:00:00,Sep 20,5:00 PM ET,10h ago,away,Colorado ST Rams,12.5,0.0,50.0,,0.0,0.0,400.0,77.0,40.0
2026-09-21T03:56:18,cfb,cfb_20260926_colorado_st_rams_texassan_antonio_roadrunners,20260926CFB01398,DK,draftkings,change,18,2026-09-20T17:00:00,Sep 20,5:00 PM ET,10h ago,home,Texas-San Antonio Roadrunners,-12.5,100.0,50.0,,0.0,0.0,-535.0,23.0,60.0
2026-09-21T03:56:18,cfb,cfb_20260926_colorado_st_rams_texassan_antonio_roadrunners,20260926CFB01398,DK,draftkings,change,19,2026-09-20T16:35:00,Sep 20,4:35 PM ET,11h ago,away,Colorado ST Rams,12.5,0.0,50.0,,0.0,0.0,400.0,70.0,25.0
2026-09-21T03:56:18,cfb,cfb_20260926_colorado_st_rams_texassan_antonio_roadrunners,20260926CFB01398,DK,draftkings,change,19,2026-09-20T16:35:00,Sep 20,4:35 PM ET,11h ago,home,Texas-San Antonio Roadrunners,-12.5,100.0,50.0,,0.0,0.0,-535.0,30.0,75.0
2026-09-21T03:56:18,cfb,cfb_20260926_colorado_st_rams_texassan_antonio_roadrunners,20260926CFB01398,DK,draftkings,change,20,2026-09-20T15:55:00,Sep 20,3:55 PM ET,12h ago,away,Colorado ST Rams,12.5,0.0,50.0,,0.0,0.0,400.0,77.0,33.0
2026-09-21T03:56:18,cfb,cfb_20260926_colorado_st_rams_texassan_antonio_roadrunners,20260926CFB01398,DK,draftkings,change,20,2026-09-20T15:55:00,Sep 20,3:55 PM ET,12h ago,home,Texas-San Antonio Roadrunners,-12.5,100.0,50.0,,0.0,0.0,-535.0,23.0,67.0
2026-09-21T03:56:18,cfb,cfb_20260926_colorado_st_rams_texassan_antonio_roadrunners,20260926CFB01398,DK,draftkings,change,21,2026-09-20T15:45:00,Sep 20,3:45 PM ET,12h ago,away,Colorado ST Rams,11.5,0.0,50.0,,0.0,0.0,425.0,78.0,50.0
2026-09-21T03:56:18,cfb,cfb_20260926_colorado_st_rams_texassan_antonio_roadrunners,20260926CFB01398,DK,draftkings,change,21,2026-09-20T15:45:00,Sep 20,3:45 PM ET,12h ago,home,Texas-San Antonio Roadrunners,-11.5,100.0,50.0,,0.0,0.0,-575.0,22.0,50.0
2026-09-21T03:56:18,cfb,cfb_20260926_colorado_st_rams_texassan_antonio_roadrunners,20260926CFB01398,DK,draftkings,change,22,2026-09-20T14:55:00,Sep 20,2:55 PM ET,13h ago,away,Colorado ST Rams,11.5,0.0,50.0,,0.0,0.0,425.0,100.0,100.0
2026-09-21T03:56:18,cfb,cfb_20260926_colorado_st_rams_texassan_antonio_roadrunners,20260926CFB01398,DK,draftkings,change,22,2026-09-20T14:55:00,Sep 20,2:55 PM ET,13h ago,home,Texas-San Antonio Roadrunners,-11.5,100.0,50.0,,0.0,0.0,-575.0,0.0,0.0
2026-09-21T03:56:18,cfb,cfb_20260926_colorado_st_rams_texassan_antonio_roadrunners,20260926CFB01398,DK,draftkings,change,23,2026-09-20T14:00:00,Sep 20,2:00 PM ET,13h ago,away,Colorado ST Rams,11.5,0.0,50.0,,0.0,0.0,,0.0,0.0
2026-09-21T03:56:18,cfb,cfb_20260926_colorado_st_rams_texassan_antonio_roadrunners,20260926CFB01398,DK,draftkings,change,23,2026-09-20T14:00:00,Sep 20,2:00 PM ET,13h ago,home,Texas-San Antonio Roadrunners,-11.5,100.0,50.0,,0.0,0.0,,0.0,0.0
2026-09-21T03:56:18,cfb,cfb_20260926_colorado_st_rams_texassan_antonio_roadrunners,20260926CFB01398,DK,draftkings,change,24,2026-09-20T13:40:00,Sep 20,1:40 PM ET,14h ago,away,Colorado ST Rams,11.5,100.0,100.0,,0.0,0.0,,0.0,0.0
2026-09-21T03:56:18,cfb,cfb_20260926_colorado_st_rams_texassan_antonio_roadrunners,20260926CFB01398,DK,draftkings,change,24,2026-09-20T13:40:00,Sep 20,1:40 PM ET,14h ago,home,Texas-San Antonio Roadrunners,-11.5,0.0,0.0,,0.0,0.0,,0.0,0.0
2026-09-21T03:56:19,cfb,cfb_20260926_colorado_st_rams_texassan_antonio_roadrunners,20260926CFB01398,CIRCA,circa,open,1,2026-09-20T15:05:00,Sep 20,3:05 PM ET,12h ago,away,Colorado ST Rams,13.0,50.0,50.0,59.0,100.0,100.0,,50.0,50.0
2026-09-21T03:56:19,cfb,cfb_20260926_colorado_st_rams_texassan_antonio_roadrunners,20260926CFB01398,CIRCA,circa,open,1,2026-09-20T15:05:00,Sep 20,3:05 PM ET,12h ago,home,Texas-San Antonio Roadrunners,-13.0,50.0,50.0,59.0,0.0,0.0,,50.0,50.0
2026-09-21T03:56:19,cfb,cfb_20260926_colorado_st_rams_texassan_antonio_roadrunners,20260926CFB01398,CIRCA,circa,change,2,2026-09-20T18:25:00,Sep 20,6:25 PM ET,9h ago,away,Colorado ST Rams,13.0,100.0,100.0,58.0,100.0,100.0,,50.0,50.0
2026-09-21T03:56:19,cfb,cfb_20260926_colorado_st_rams_texassan_antonio_roadrunners,20260926CFB01398,CIRCA,circa,change,2,2026-09-20T18:25:00,Sep 20,6:25 PM ET,9h ago,home,Texas-San Antonio Roadrunners,-13.0,0.0,0.0,58.0,0.0,0.0,,50.0,50.0
2026-09-21T03:56:19,cfb,cfb_20260926_colorado_st_rams_texassan_antonio_roadrunners,20260926CFB01398,CIRCA,circa,change,3,2026-09-20T15:05:00,Sep 20,3:05 PM ET,12h ago,away,Colorado ST Rams,13.0,50.0,50.0,59.0,100.0,100.0,,50.0,50.0
2026-09-21T03:56:19,cfb,cfb_20260926_colorado_st_rams_texassan_antonio_roadrunners,20260926CFB01398,CIRCA,circa,change,3,2026-09-20T15:05:00,Sep 20,3:05 PM ET,12h ago,home,Texas-San Antonio Roadrunners,-13.0,50.0,50.0,59.0,0.0,0.0,,50.0,50.0
2026-09-21T03:56:20,cfb,cfb_20260926_s_alabama_jaguars_kentucky_wildcats,20260926CFB00167,DK,draftkings,open,1,2026-09-20T12:10:00,Sep 20,12:10 PM ET,15h ago,away,S Alabama Jaguars,19.5,0.0,0.0,,0.0,0.0,,0.0,0.0
2026-09-21T03:56:20,cfb,cfb_20260926_s_alabama_jaguars_kentucky_wildcats,20260926CFB00167,DK,draftkings,open,1,2026-09-20T12:10:00,Sep 20,12:10 PM ET,15h ago,home,Kentucky Wildcats,-19.5,100.0,100.0,,0.0,0.0,,0.0,0.0
2026-09-21T03:56:20,cfb,cfb_20260926_s_alabama_jaguars_kentucky_wildcats,20260926CFB00167,DK,draftkings,first_full,2,2026-09-20T19:55:00,Sep 20,7:55 PM ET,8h ago,away,S Alabama Jaguars,20.5,17.0,25.0,54.5,100.0,100.0,850.0,11.0,3.0
2026-09-21T03:56:20,cfb,cfb_20260926_s_alabama_jaguars_kentucky_wildcats,20260926CFB00167,DK,draftkings,first_full,2,2026-09-20T19:55:00,Sep 20,7:55 PM ET,8h ago,home,Kentucky Wildcats,-20.5,83.0,75.0,54.5,0.0,0.0,-1.0,89.0,97.0
2026-09-21T03:56:20,cfb,cfb_20260926_s_alabama_jaguars_kentucky_wildcats,20260926CFB00167,DK,draftkings,change,3,2026-09-21T00:45:00,Sep 21,12:45 AM ET,3h ago,away,S Alabama Jaguars,20.5,15.0,21.0,54.5,100.0,100.0,850.0,8.0,2.0
2026-09-21T03:56:20,cfb,cfb_20260926_s_alabama_jaguars_kentucky_wildcats,20260926CFB00167,DK,draftkings,change,3,2026-09-21T00:45:00,Sep 21,12:45 AM ET,3h ago,home,Kentucky Wildcats,-20.5,85.0,79.0,54.5,0.0,0.0,-1.0,92.0,98.0
2026-09-21T03:56:20,cfb,cfb_20260926_s_alabama_jaguars_kentucky_wildcats,20260926CFB00167,DK,draftkings,change,4,2026-09-21T00:35:00,Sep 21,12:35 AM ET,3h ago,away,S Alabama Jaguars,20.5,15.0,23.0,54.5,100.0,100.0,850.0,8.0,2.0
2026-09-21T03:56:20,cfb,cfb_20260926_s_alabama_jaguars_kentucky_wildcats,20260926CFB00167,DK,draftkings,change,4,2026-09-21T00:35:00,Sep 21,12:35 AM ET,3h ago,home,Kentucky Wildcats,-20.5,85.0,77.0,54.5,0.0,0.0,-1.0,92.0,98.0
2026-09-21T03:56:20,cfb,cfb_20260926_s_alabama_jaguars_kentucky_wildcats,20260926CFB00167,DK,draftkings,change,5,2026-09-21T00:20:00,Sep 21,12:20 AM ET,3h ago,away,S Alabama Jaguars,20.5,15.0,17.0,54.5,100.0,100.0,850.0,8.0,2.0
2026-09-21T03:56:20,cfb,cfb_20260926_s_alabama_jaguars_kentucky_wildcats,20260926CFB00167,DK,draftkings,change,5,2026-09-21T00:20:00,Sep 21,12:20 AM ET,3h ago,home,Kentucky Wildcats,-20.5,85.0,83.0,54.5,0.0,0.0,-1.0,92.0,98.0
2026-09-21T03:56:20,cfb,cfb_20260926_s_alabama_jaguars_kentucky_wildcats,20260926CFB00167,DK,draftkings,change,6,2026-09-21T00:10:00,Sep 21,12:10 AM ET,3h ago,away,S Alabama Jaguars,20.5,15.0,18.0,54.5,100.0,100.0,850.0,8.0,2.0
2026-09-21T03:56:20,cfb,cfb_20260926_s_alabama_jaguars_kentucky_wildcats,20260926CFB00167,DK,draftkings,change,6,2026-09-21T00:10:00,Sep 21,12:10 AM ET,3h ago,home,Kentucky Wildcats,-20.5,85.0,82.0,54.5,0.0,0.0,-1.0,92.0,98.0
2026-09-21T03:56:20,cfb,cfb_20260926_s_alabama_jaguars_kentucky_wildcats,20260926CFB00167,DK,draftkings,change,7,2026-09-20T23:15:00,Sep 20,11:15 PM ET,4h ago,away,S Alabama Jaguars,20.5,15.0,18.0,54.5,100.0,100.0,850.0,9.0,2.0
2026-09-21T03:56:20,cfb,cfb_20260926_s_alabama_jaguars_kentucky_wildcats,20260926CFB00167,DK,draftkings,change,7,2026-09-20T23:15:00,Sep 20,11:15 PM ET,4h ago,home,Kentucky Wildcats,-20.5,85.0,82.0,54.5,0.0,0.0,-1.0,91.0,98.0
2026-09-21T03:56:20,cfb,cfb_20260926_s_alabama_jaguars_kentucky_wildcats,20260926CFB00167,DK,draftkings,change,8,2026-09-20T23:10:00,Sep 20,11:10 PM ET,4h ago,away,S Alabama Jaguars,20.5,16.0,20.0,54.5,100.0,100.0,850.0,9.0,2.0
2026-09-21T03:56:20,cfb,cfb_20260926_s_alabama_jaguars_kentucky_wildcats,20260926CFB00167,DK,draftkings,change,8,2026-09-20T23:10:00,Sep 20,11:10 PM ET,4h ago,home,Kentucky Wildcats,-20.5,84.0,80.0,54.5,0.0,0.0,-1.0,91.0,98.0
2026-09-21T03:56:20,cfb,cfb_20260926_s_alabama_jaguars_kentucky_wildcats,20260926CFB00167,DK,draftkings,change,9,2026-09-20T22:00:00,Sep 20,10:00 PM ET,5h ago,away,S Alabama Jaguars,20.5,17.0,22.0,54.5,100.0,100.0,850.0,9.0,2.0
2026-09-21T03:56:20,cfb,cfb_20260926_s_alabama_jaguars_kentucky_wildcats,20260926CFB00167,DK,draftkings,change,9,2026-09-20T22:00:00,Sep 20,10:00 PM ET,5h ago,home,Kentucky Wildcats,-20.5,83.0,78.0,54.5,0.0,0.0,-1.0,91.0,98.0
2026-09-21T03:56:20,cfb,cfb_20260926_s_alabama_jaguars_kentucky_wildcats,20260926CFB00167,DK,draftkings,change,10,2026-09-20T21:40:00,Sep 20,9:40 PM ET,6h ago,away,S Alabama Jaguars,20.5,17.0,22.0,54.5,100.0,100.0,850.0,10.0,3.0
2026-09-21T03:56:20,cfb,cfb_20260926_s_alabama_jaguars_kentucky_wildcats,20260926CFB00167,DK,draftkings,change,10,2026-09-20T21:40:00,Sep 20,9:40 PM ET,6h ago,home,Kentucky Wildcats,-20.5,83.0,78.0,54.5,0.0,0.0,-1.0,90.0,97.0
2026-09-21T03:56:20,cfb,cfb_20260926_s_alabama_jaguars_kentucky_wildcats,20260926CFB00167,DK,draftkings,change,11,2026-09-20T20:20:00,Sep 20,8:20 PM ET,7h ago,away,S Alabama Jaguars,20.5,17.0,22.0,54.5,100.0,100.0,850.0,11.0,3.0
2026-09-21T03:56:20,cfb,cfb_20260926_s_alabama_jaguars_kentucky_wildcats,20260926CFB00167,DK,draftkings,change,11,2026-09-20T20:20:00,Sep 20,8:20 PM ET,7h ago,home,Kentucky Wildcats,-20.5,83.0,78.0,54.5,0.0,0.0,-1.0,89.0,97.0
2026-09-21T03:56:20,cfb,cfb_20260926_s_alabama_jaguars_kentucky_wildcats,20260926CFB00167,DK,draftkings,change,12,2026-09-20T19:55:00,Sep 20,7:55 PM ET,8h ago,away,S Alabama Jaguars,20.5,17.0,25.0,54.5,100.0,100.0,850.0,11.0,3.0
2026-09-21T03:56:20,cfb,cfb_20260926_s_alabama_jaguars_kentucky_wildcats,20260926CFB00167,DK,draftkings,change,12,2026-09-20T19:55:00,Sep 20,7:55 PM ET,8h ago,home,Kentucky Wildcats,-20.5,83.0,75.0,54.5,0.0,0.0,-1.0,89.0,97.0
2026-09-21T03:56:20,cfb,cfb_20260926_s_alabama_jaguars_kentucky_wildcats,20260926CFB00167,DK,draftkings,change,13,2026-09-20T19:50:00,Sep 20,7:50 PM ET,8h ago,away,S Alabama Jaguars,20.5,0.0,14.0,54.5,100.0,100.0,850.0,12.0,3.0
2026-09-21T03:56:20,cfb,cfb_20260926_s_alabama_jaguars_kentucky_wildcats,20260926CFB00167,DK,draftkings,change,13,2026-09-20T19:50:00,Sep 20,7:50 PM ET,8h ago,home,Kentucky Wildcats,-20.5,100.0,86.0,54.5,0.0,0.0,-1.0,88.0,97.0
2026-09-21T03:56:20,cfb,cfb_20260926_s_alabama_jaguars_kentucky_wildcats,20260926CFB00167,DK,draftkings,change,14,2026-09-20T18:25:00,Sep 20,6:25 PM ET,9h ago,away,S Alabama Jaguars,20.5,0.0,14.0,54.5,100.0,100.0,950.0,0.0,0.0
2026-09-21T03:56:20,cfb,cfb_20260926_s_alabama_jaguars_kentucky_wildcats,20260926CFB00167,DK,draftkings,change,14,2026-09-20T18:25:00,Sep 20,6:25 PM ET,9h ago,home,Kentucky Wildcats,-20.5,100.0,86.0,54.5,0.0,0.0,-1.0,100.0,100.0
2026-09-21T03:56:20,cfb,cfb_20260926_s_alabama_jaguars_kentucky_wildcats,20260926CFB00167,DK,draftkings,change,15,2026-09-20T17:40:00,Sep 20,5:40 PM ET,10h ago,away,S Alabama Jaguars,20.5,0.0,17.0,54.5,100.0,100.0,950.0,0.0,0.0
2026-09-21T03:56:20,cfb,cfb_20260926_s_alabama_jaguars_kentucky_wildcats,20260926CFB00167,DK,draftkings,change,15,2026-09-20T17:40:00,Sep 20,5:40 PM ET,10h ago,home,Kentucky Wildcats,-20.5,100.0,83.0,54.5,0.0,0.0,-1.0,100.0,100.0
2026-09-21T03:56:20,cfb,cfb_20260926_s_alabama_jaguars_kentucky_wildcats,20260926CFB00167,DK,draftkings,change,16,2026-09-20T16:30:00,Sep 20,4:30 PM ET,11h ago,away,S Alabama Jaguars,21.0,0.0,20.0,54.5,100.0,100.0,900.0,0.0,0.0
2026-09-21T03:56:20,cfb,cfb_20260926_s_alabama_jaguars_kentucky_wildcats,20260926CFB00167,DK,draftkings,change,16,2026-09-20T16:30:00,Sep 20,4:30 PM ET,11h ago,home,Kentucky Wildcats,-21.0,100.0,80.0,54.5,0.0,0.0,-1.0,100.0,100.0
2026-09-21T03:56:20,cfb,cfb_20260926_s_alabama_jaguars_kentucky_wildcats,20260926CFB00167,DK,draftkings,change,17,2026-09-20T14:55:00,Sep 20,2:55 PM ET,13h ago,away,S Alabama Jaguars,19.5,0.0,20.0,,0.0,0.0,950.0,0.0,0.0
2026-09-21T03:56:20,cfb,cfb_20260926_s_alabama_jaguars_kentucky_wildcats,20260926CFB00167,DK,draftkings,change,17,2026-09-20T14:55:00,Sep 20,2:55 PM ET,13h ago,home,Kentucky Wildcats,-19.5,100.0,80.0,,0.0,0.0,-1.0,100.0,100.0
2026-09-21T03:56:20,cfb,cfb_20260926_s_alabama_jaguars_kentucky_wildcats,20260926CFB00167,DK,draftkings,change,18,2026-09-20T14:20:00,Sep 20,2:20 PM ET,13h ago,away,S Alabama Jaguars,19.5,3.0,25.0,,0.0,0.0,950.0,0.0,0.0
2026-09-21T03:56:20,cfb,cfb_20260926_s_alabama_jaguars_kentucky_wildcats,20260926CFB00167,DK,draftkings,change,18,2026-09-20T14:20:00,Sep 20,2:20 PM ET,13h ago,home,Kentucky Wildcats,-19.5,97.0,75.0,,0.0,0.0,-1.0,100.0,100.0
2026-09-21T03:56:20,cfb,cfb_20260926_s_alabama_jaguars_kentucky_wildcats,20260926CFB00167,DK,draftkings,change,19,2026-09-20T13:40:00,Sep 20,1:40 PM ET,14h ago,away,S Alabama Jaguars,19.5,3.0,33.0,,0.0,0.0,950.0,0.0,0.0
2026-09-21T03:56:20,cfb,cfb_20260926_s_alabama_jaguars_kentucky_wildcats,20260926CFB00167,DK,draftkings,change,19,2026-09-20T13:40:00,Sep 20,1:40 PM ET,14h ago,home,Kentucky Wildcats,-19.5,97.0,67.0,,0.0,0.0,-1.0,100.0,100.0
2026-09-21T03:56:20,cfb,cfb_20260926_s_alabama_jaguars_kentucky_wildcats,20260926CFB00167,DK,draftkings,change,20,2026-09-20T12:20:00,Sep 20,12:20 PM ET,15h ago,away,S Alabama Jaguars,19.5,0.0,0.0,,0.0,0.0,950.0,0.0,0.0
2026-09-21T03:56:20,cfb,cfb_20260926_s_alabama_jaguars_kentucky_wildcats,20260926CFB00167,DK,draftkings,change,20,2026-09-20T12:20:00,Sep 20,12:20 PM ET,15h ago,home,Kentucky Wildcats,-19.5,100.0,100.0,,0.0,0.0,-1.0,100.0,100.0
2026-09-21T03:56:20,cfb,cfb_20260926_s_alabama_jaguars_kentucky_wildcats,20260926CFB00167,DK,draftkings,change,21,2026-09-20T12:10:00,Sep 20,12:10 PM ET,15h ago,away,S Alabama Jaguars,19.5,0.0,0.0,,0.0,0.0,,0.0,0.0
2026-09-21T03:56:20,cfb,cfb_20260926_s_alabama_jaguars_kentucky_wildcats,20260926CFB00167,DK,draftkings,change,21,2026-09-20T12:10:00,Sep 20,12:10 PM ET,15h ago,home,Kentucky Wildcats,-19.5,100.0,100.0,,0.0,0.0,,0.0,0.0
2026-09-21T03:56:21,cfb,cfb_20260926_s_alabama_jaguars_kentucky_wildcats,20260926CFB00167,CIRCA,circa,open,1,2026-09-20T15:00:00,Sep 20,3:00 PM ET,12h ago,away,S Alabama Jaguars,20.0,0.0,0.0,56.0,50.0,50.0,,50.0,50.0
2026-09-21T03:56:21,cfb,cfb_20260926_s_alabama_jaguars_kentucky_wildcats,20260926CFB00167,CIRCA,circa,open,1,2026-09-20T15:00:00,Sep 20,3:00 PM ET,12h ago,home,Kentucky Wildcats,-20.0,100.0,100.0,56.0,50.0,50.0,,50.0,50.0
2026-09-21T03:56:21,cfb,cfb_20260926_s_alabama_jaguars_kentucky_wildcats,20260926CFB00167,CIRCA,circa,first_full,2,2026-09-20T19:20:00,Sep 20,7:20 PM ET,8h ago,away,S Alabama Jaguars,21.0,67.0,50.0,55.0,50.0,50.0,,50.0,50.0
2026-09-21T03:56:21,cfb,cfb_20260926_s_alabama_jaguars_kentucky_wildcats,20260926CFB00167,CIRCA,circa,first_full,2,2026-09-20T19:20:00,Sep 20,7:20 PM ET,8h ago,home,Kentucky Wildcats,-21.0,33.0,50.0,55.0,50.0,50.0,,50.0,50.0
2026-09-21T03:56:21,cfb,cfb_20260926_s_alabama_jaguars_kentucky_wildcats,20260926CFB00167,CIRCA,circa,change,3,2026-09-20T22:05:00,Sep 20,10:05 PM ET,5h ago,away,S Alabama Jaguars,20.5,63.0,50.0,55.0,50.0,50.0,,50.0,50.0
2026-09-21T03:56:21,cfb,cfb_20260926_s_alabama_jaguars_kentucky_wildcats,20260926CFB00167,CIRCA,circa,change,3,2026-09-20T22:05:00,Sep 20,10:05 PM ET,5h ago,home,Kentucky Wildcats,-20.5,37.0,50.0,55.0,50.0,50.0,,50.0,50.0
2026-09-21T03:56:21,cfb,cfb_20260926_s_alabama_jaguars_kentucky_wildcats,20260926CFB00167,CIRCA,circa,change,4,2026-09-20T19:25:00,Sep 20,7:25 PM ET,8h ago,away,S Alabama Jaguars,20.5,67.0,67.0,55.0,50.0,50.0,,50.0,50.0
2026-09-21T03:56:21,cfb,cfb_20260926_s_alabama_jaguars_kentucky_wildcats,20260926CFB00167,CIRCA,circa,change,4,2026-09-20T19:25:00,Sep 20,7:25 PM ET,8h ago,home,Kentucky Wildcats,-20.5,33.0,33.0,55.0,50.0,50.0,,50.0,50.0
2026-09-21T03:56:21,cfb,cfb_20260926_s_alabama_jaguars_kentucky_wildcats,20260926CFB00167,CIRCA,circa,change,5,2026-09-20T19:20:00,Sep 20,7:20 PM ET,8h ago,away,S Alabama Jaguars,21.0,67.0,50.0,55.0,50.0,50.0,,50.0,50.0
2026-09-21T03:56:21,cfb,cfb_20260926_s_alabama_jaguars_kentucky_wildcats,20260926CFB00167,CIRCA,circa,change,5,2026-09-20T19:20:00,Sep 20,7:20 PM ET,8h ago,home,Kentucky Wildcats,-21.0,33.0,50.0,55.0,50.0,50.0,,50.0,50.0
2026-09-21T03:56:21,cfb,cfb_20260926_s_alabama_jaguars_kentucky_wildcats,20260926CFB00167,CIRCA,circa,change,6,2026-09-20T15:00:00,Sep 20,3:00 PM ET,12h ago,away,S Alabama Jaguars,20.0,0.0,0.0,56.0,50.0,50.0,,50.0,50.0
2026-09-21T03:56:21,cfb,cfb_20260926_s_alabama_jaguars_kentucky_wildcats,20260926CFB00167,CIRCA,circa,change,6,2026-09-20T15:00:00,Sep 20,3:00 PM ET,12h ago,home,Kentucky Wildcats,-20.0,100.0,100.0,56.0,50.0,50.0,,50.0,50.0
2026-09-21T03:56:22,cfb,cfb_20260926_ucla_bruins_maryland_terrapins,20260926CFB00174,DK,draftkings,open,1,2026-09-17T03:30:00,Sep 17,3:30 AM ET,4d ago,away,UCLA Bruins,-1.5,0.0,0.0,,0.0,0.0,,0.0,0.0
2026-09-21T03:56:22,cfb,cfb_20260926_ucla_bruins_maryland_terrapins,20260926CFB00174,DK,draftkings,open,1,2026-09-17T03:30:00,Sep 17,3:30 AM ET,4d ago,home,Maryland Terrapins,1.5,100.0,100.0,,0.0,0.0,,0.0,0.0
2026-09-21T03:56:22,cfb,cfb_20260926_ucla_bruins_maryland_terrapins,20260926CFB00174,DK,draftkings,first_full,2,2026-09-20T15:35:00,Sep 20,3:35 PM ET,12h ago,away,UCLA Bruins,-2.5,57.0,71.0,58.5,100.0,100.0,-130.0,1.0,57.0
2026-09-21T03:56:22,cfb,cfb_20260926_ucla_bruins_maryland_terrapins,20260926CFB00174,DK,draftkings,first_full,2,2026-09-20T15:35:00,Sep 20,3:35 PM ET,12h ago,home,Maryland Terrapins,2.5,43.0,29.0,58.5,0.0,0.0,110.0,99.0,43.0
2026-09-21T03:56:22,cfb,cfb_20260926_ucla_bruins_maryland_terrapins,20260926CFB00174,DK,draftkings,change,3,2026-09-21T03:20:00,Sep 21,3:20 AM ET,36m ago,away,UCLA Bruins,-2.5,64.0,71.0,57.5,100.0,100.0,-130.0,9.0,61.0
2026-09-21T03:56:22,cfb,cfb_20260926_ucla_bruins_maryland_terrapins,20260926CFB00174,DK,draftkings,change,3,2026-09-21T03:20:00,Sep 21,3:20 AM ET,36m ago,home,Maryland Terrapins,2.5,36.0,29.0,57.5,0.0,0.0,110.0,91.0,39.0
2026-09-21T03:56:22,cfb,cfb_20260926_ucla_bruins_maryland_terrapins,20260926CFB00174,DK,draftkings,change,4,2026-09-21T02:50:00,Sep 21,2:50 AM ET,1h ago,away,UCLA Bruins,-2.5,64.0,71.0,57.5,100.0,100.0,-130.0,9.0,59.0
2026-09-21T03:56:22,cfb,cfb_20260926_ucla_bruins_maryland_terrapins,20260926CFB00174,DK,draftkings,change,4,2026-09-21T02:50:00,Sep 21,2:50 AM ET,1h ago,home,Maryland Terrapins,2.5,36.0,29.0,57.5,0.0,0.0,110.0,91.0,41.0
2026-09-21T03:56:22,cfb,cfb_20260926_ucla_bruins_maryland_terrapins,20260926CFB00174,DK,draftkings,change,5,2026-09-21T01:00:00,Sep 21,1:00 AM ET,2h ago,away,UCLA Bruins,-2.5,64.0,71.0,57.5,100.0,100.0,-130.0,9.0,58.0
2026-09-21T03:56:22,cfb,cfb_20260926_ucla_bruins_maryland_terrapins,20260926CFB00174,DK,draftkings,change,5,2026-09-21T01:00:00,Sep 21,1:00 AM ET,2h ago,home,Maryland Terrapins,2.5,36.0,29.0,57.5,0.0,0.0,110.0,91.0,42.0
2026-09-21T03:56:22,cfb,cfb_20260926_ucla_bruins_maryland_terrapins,20260926CFB00174,DK,draftkings,change,6,2026-09-21T00:45:00,Sep 21,12:45 AM ET,3h ago,away,UCLA Bruins,-2.5,64.0,71.0,57.5,100.0,100.0,-130.0,9.0,57.0
2026-09-21T03:56:22,cfb,cfb_20260926_ucla_bruins_maryland_terrapins,20260926CFB00174,DK,draftkings,change,6,2026-09-21T00:45:00,Sep 21,12:45 AM ET,3h ago,home,Maryland Terrapins,2.5,36.0,29.0,57.5,0.0,0.0,110.0,91.0,43.0
2026-09-21T03:56:22,cfb,cfb_20260926_ucla_bruins_maryland_terrapins,20260926CFB00174,DK,draftkings,change,7,2026-09-21T00:35:00,Sep 21,12:35 AM ET,3h ago,away,UCLA Bruins,-2.5,64.0,71.0,57.5,100.0,100.0,-130.0,9.0,55.0
2026-09-21T03:56:22,cfb,cfb_20260926_ucla_bruins_maryland_terrapins,20260926CFB00174,DK,draftkings,change,7,2026-09-21T00:35:00,Sep 21,12:35 AM ET,3h ago,home,Maryland Terrapins,2.5,36.0,29.0,57.5,0.0,0.0,110.0,91.0,45.0
2026-09-21T03:56:22,cfb,cfb_20260926_ucla_bruins_maryland_terrapins,20260926CFB00174,DK,draftkings,change,8,2026-09-21T00:10:00,Sep 21,12:10 AM ET,3h ago,away,UCLA Bruins,-2.5,64.0,75.0,57.5,100.0,100.0,-130.0,9.0,55.0
2026-09-21T03:56:22,cfb,cfb_20260926_ucla_bruins_maryland_terrapins,20260926CFB00174,DK,draftkings,change,8,2026-09-21T00:10:00,Sep 21,12:10 AM ET,3h ago,home,Maryland Terrapins,2.5,36.0,25.0,57.5,0.0,0.0,110.0,91.0,45.0
2026-09-21T03:56:22,cfb,cfb_20260926_ucla_bruins_maryland_terrapins,20260926CFB00174,DK,draftkings,change,9,2026-09-20T23:55:00,Sep 20,11:55 PM ET,4h ago,away,UCLA Bruins,-2.5,64.0,72.0,57.5,100.0,100.0,-130.0,9.0,54.0
2026-09-21T03:56:22,cfb,cfb_20260926_ucla_bruins_maryland_terrapins,20260926CFB00174,DK,draftkings,change,9,2026-09-20T23:55:00,Sep 20,11:55 PM ET,4h ago,home,Maryland Terrapins,2.5,36.0,28.0,57.5,0.0,0.0,110.0,91.0,46.0
2026-09-21T03:56:22,cfb,cfb_20260926_ucla_bruins_maryland_terrapins,20260926CFB00174,DK,draftkings,change,10,2026-09-20T23:10:00,Sep 20,11:10 PM ET,4h ago,away,UCLA Bruins,-2.5,59.0,71.0,57.5,100.0,100.0,-130.0,9.0,54.0
2026-09-21T03:56:22,cfb,cfb_20260926_ucla_bruins_maryland_terrapins,20260926CFB00174,DK,draftkings,change,10,2026-09-20T23:10:00,Sep 20,11:10 PM ET,4h ago,home,Maryland Terrapins,2.5,41.0,29.0,57.5,0.0,0.0,110.0,91.0,46.0
2026-09-21T03:56:22,cfb,cfb_20260926_ucla_bruins_maryland_terrapins,20260926CFB00174,DK,draftkings,change,11,2026-09-20T22:30:00,Sep 20,10:30 PM ET,5h ago,away,UCLA Bruins,-2.5,59.0,71.0,57.5,100.0,100.0,-130.0,9.0,52.0
2026-09-21T03:56:22,cfb,cfb_20260926_ucla_bruins_maryland_terrapins,20260926CFB00174,DK,draftkings,change,11,2026-09-20T22:30:00,Sep 20,10:30 PM ET,5h ago,home,Maryland Terrapins,2.5,41.0,29.0,57.5,0.0,0.0,110.0,91.0,48.0
2026-09-21T03:56:22,cfb,cfb_20260926_ucla_bruins_maryland_terrapins,20260926CFB00174,DK,draftkings,change,12,2026-09-20T22:20:00,Sep 20,10:20 PM ET,5h ago,away,UCLA Bruins,-2.5,59.0,71.0,57.5,100.0,100.0,-130.0,9.0,50.0
2026-09-21T03:56:22,cfb,cfb_20260926_ucla_bruins_maryland_terrapins,20260926CFB00174,DK,draftkings,change,12,2026-09-20T22:20:00,Sep 20,10:20 PM ET,5h ago,home,Maryland Terrapins,2.5,41.0,29.0,57.5,0.0,0.0,110.0,91.0,50.0
2026-09-21T03:56:22,cfb,cfb_20260926_ucla_bruins_maryland_terrapins,20260926CFB00174,DK,draftkings,change,13,2026-09-20T22:10:00,Sep 20,10:10 PM ET,5h ago,away,UCLA Bruins,-2.5,59.0,71.0,57.5,100.0,100.0,-130.0,9.0,52.0
2026-09-21T03:56:22,cfb,cfb_20260926_ucla_bruins_maryland_terrapins,20260926CFB00174,DK,draftkings,change,13,2026-09-20T22:10:00,Sep 20,10:10 PM ET,5h ago,home,Maryland Terrapins,2.5,41.0,29.0,57.5,0.0,0.0,110.0,91.0,48.0
2026-09-21T03:56:22,cfb,cfb_20260926_ucla_bruins_maryland_terrapins,20260926CFB00174,DK,draftkings,change,14,2026-09-20T22:00:00,Sep 20,10:00 PM ET,5h ago,away,UCLA Bruins,-2.5,59.0,71.0,57.5,100.0,100.0,-130.0,9.0,62.0
2026-09-21T03:56:22,cfb,cfb_20260926_ucla_bruins_maryland_terrapins,20260926CFB00174,DK,draftkings,change,14,2026-09-20T22:00:00,Sep 20,10:00 PM ET,5h ago,home,Maryland Terrapins,2.5,41.0,29.0,57.5,0.0,0.0,110.0,91.0,38.0
2026-09-21T03:56:22,cfb,cfb_20260926_ucla_bruins_maryland_terrapins,20260926CFB00174,DK,draftkings,change,15,2026-09-20T21:50:00,Sep 20,9:50 PM ET,6h ago,away,UCLA Bruins,-2.5,58.0,69.0,57.5,100.0,100.0,-130.0,9.0,62.0
2026-09-21T03:56:22,cfb,cfb_20260926_ucla_bruins_maryland_terrapins,20260926CFB00174,DK,draftkings,change,15,2026-09-20T21:50:00,Sep 20,9:50 PM ET,6h ago,home,Maryland Terrapins,2.5,42.0,31.0,57.5,0.0,0.0,110.0,91.0,38.0
2026-09-21T03:56:22,cfb,cfb_20260926_ucla_bruins_maryland_terrapins,20260926CFB00174,DK,draftkings,change,16,2026-09-20T21:40:00,Sep 20,9:40 PM ET,6h ago,away,UCLA Bruins,-2.5,58.0,73.0,57.5,100.0,100.0,-130.0,9.0,62.0
2026-09-21T03:56:22,cfb,cfb_20260926_ucla_bruins_maryland_terrapins,20260926CFB00174,DK,draftkings,change,16,2026-09-20T21:40:00,Sep 20,9:40 PM ET,6h ago,home,Maryland Terrapins,2.5,42.0,27.0,57.5,0.0,0.0,110.0,91.0,38.0
2026-09-21T03:56:22,cfb,cfb_20260926_ucla_bruins_maryland_terrapins,20260926CFB00174,DK,draftkings,change,17,2026-09-20T21:30:00,Sep 20,9:30 PM ET,6h ago,away,UCLA Bruins,-2.5,53.0,71.0,57.5,100.0,100.0,-130.0,9.0,62.0
2026-09-21T03:56:22,cfb,cfb_20260926_ucla_bruins_maryland_terrapins,20260926CFB00174,DK,draftkings,change,17,2026-09-20T21:30:00,Sep 20,9:30 PM ET,6h ago,home,Maryland Terrapins,2.5,47.0,29.0,57.5,0.0,0.0,110.0,91.0,38.0
2026-09-21T03:56:22,cfb,cfb_20260926_ucla_bruins_maryland_terrapins,20260926CFB00174,DK,draftkings,change,18,2026-09-20T21:05:00,Sep 20,9:05 PM ET,6h ago,away,UCLA Bruins,-2.5,53.0,71.0,57.5,100.0,100.0,-130.0,9.0,65.0
2026-09-21T03:56:22,cfb,cfb_20260926_ucla_bruins_maryland_terrapins,20260926CFB00174,DK,draftkings,change,18,2026-09-20T21:05:00,Sep 20,9:05 PM ET,6h ago,home,Maryland Terrapins,2.5,47.0,29.0,57.5,0.0,0.0,110.0,91.0,35.0
2026-09-21T03:56:22,cfb,cfb_20260926_ucla_bruins_maryland_terrapins,20260926CFB00174,DK,draftkings,change,19,2026-09-20T20:30:00,Sep 20,8:30 PM ET,7h ago,away,UCLA Bruins,-2.5,53.0,71.0,57.5,100.0,100.0,-130.0,9.0,63.0
2026-09-21T03:56:22,cfb,cfb_20260926_ucla_bruins_maryland_terrapins,20260926CFB00174,DK,draftkings,change,19,2026-09-20T20:30:00,Sep 20,8:30 PM ET,7h ago,home,Maryland Terrapins,2.5,47.0,29.0,57.5,0.0,0.0,110.0,91.0,37.0
2026-09-21T03:56:22,cfb,cfb_20260926_ucla_bruins_maryland_terrapins,20260926CFB00174,DK,draftkings,change,20,2026-09-20T20:20:00,Sep 20,8:20 PM ET,7h ago,away,UCLA Bruins,-2.5,53.0,71.0,57.5,100.0,100.0,-130.0,9.0,61.0
2026-09-21T03:56:22,cfb,cfb_20260926_ucla_bruins_maryland_terrapins,20260926CFB00174,DK,draftkings,change,20,2026-09-20T20:20:00,Sep 20,8:20 PM ET,7h ago,home,Maryland Terrapins,2.5,47.0,29.0,57.5,0.0,0.0,110.0,91.0,39.0
2026-09-21T03:56:22,cfb,cfb_20260926_ucla_bruins_maryland_terrapins,20260926CFB00174,DK,draftkings,change,21,2026-09-20T20:10:00,Sep 20,8:10 PM ET,7h ago,away,UCLA Bruins,-2.5,53.0,69.0,57.5,100.0,100.0,-130.0,9.0,59.0
2026-09-21T03:56:22,cfb,cfb_20260926_ucla_bruins_maryland_terrapins,20260926CFB00174,DK,draftkings,change,21,2026-09-20T20:10:00,Sep 20,8:10 PM ET,7h ago,home,Maryland Terrapins,2.5,47.0,31.0,57.5,0.0,0.0,110.0,91.0,41.0
2026-09-21T03:56:22,cfb,cfb_20260926_ucla_bruins_maryland_terrapins,20260926CFB00174,DK,draftkings,change,22,2026-09-20T19:50:00,Sep 20,7:50 PM ET,8h ago,away,UCLA Bruins,-2.5,53.0,69.0,57.5,100.0,100.0,-130.0,8.0,57.0
2026-09-21T03:56:22,cfb,cfb_20260926_ucla_bruins_maryland_terrapins,20260926CFB00174,DK,draftkings,change,22,2026-09-20T19:50:00,Sep 20,7:50 PM ET,8h ago,home,Maryland Terrapins,2.5,47.0,31.0,57.5,0.0,0.0,110.0,92.0,43.0
2026-09-21T03:56:22,cfb,cfb_20260926_ucla_bruins_maryland_terrapins,20260926CFB00174,DK,draftkings,change,23,2026-09-20T19:40:00,Sep 20,7:40 PM ET,8h ago,away,UCLA Bruins,-2.5,53.0,67.0,57.5,100.0,100.0,-130.0,8.0,67.0
2026-09-21T03:56:22,cfb,cfb_20260926_ucla_bruins_maryland_terrapins,20260926CFB00174,DK,draftkings,change,23,2026-09-20T19:40:00,Sep 20,7:40 PM ET,8h ago,home,Maryland Terrapins,2.5,47.0,33.0,57.5,0.0,0.0,110.0,92.0,33.0
2026-09-21T03:56:22,cfb,cfb_20260926_ucla_bruins_maryland_terrapins,20260926CFB00174,DK,draftkings,change,24,2026-09-20T19:30:00,Sep 20,7:30 PM ET,8h ago,away,UCLA Bruins,-2.5,55.0,70.0,57.5,100.0,100.0,-135.0,8.0,64.0
2026-09-21T03:56:22,cfb,cfb_20260926_ucla_bruins_maryland_terrapins,20260926CFB00174,DK,draftkings,change,24,2026-09-20T19:30:00,Sep 20,7:30 PM ET,8h ago,home,Maryland Terrapins,2.5,45.0,30.0,57.5,0.0,0.0,114.0,92.0,36.0
2026-09-21T03:56:22,cfb,cfb_20260926_ucla_bruins_maryland_terrapins,20260926CFB00174,DK,draftkings,change,25,2026-09-20T19:25:00,Sep 20,7:25 PM ET,8h ago,away,UCLA Bruins,-2.5,55.0,70.0,57.5,100.0,100.0,-135.0,2.0,60.0
2026-09-21T03:56:22,cfb,cfb_20260926_ucla_bruins_maryland_terrapins,20260926CFB00174,DK,draftkings,change,25,2026-09-20T19:25:00,Sep 20,7:25 PM ET,8h ago,home,Maryland Terrapins,2.5,45.0,30.0,57.5,0.0,0.0,114.0,98.0,40.0
2026-09-21T03:56:22,cfb,cfb_20260926_ucla_bruins_maryland_terrapins,20260926CFB00174,DK,draftkings,change,26,2026-09-20T18:30:00,Sep 20,6:30 PM ET,9h ago,away,UCLA Bruins,-2.5,48.0,67.0,58.5,100.0,100.0,-130.0,2.0,60.0
2026-09-21T03:56:22,cfb,cfb_20260926_ucla_bruins_maryland_terrapins,20260926CFB00174,DK,draftkings,change,26,2026-09-20T18:30:00,Sep 20,6:30 PM ET,9h ago,home,Maryland Terrapins,2.5,52.0,33.0,58.5,0.0,0.0,110.0,98.0,40.0
2026-09-21T03:56:22,cfb,cfb_20260926_ucla_bruins_maryland_terrapins,20260926CFB00174,DK,draftkings,change,27,2026-09-20T18:25:00,Sep 20,6:25 PM ET,9h ago,away,UCLA Bruins,-2.5,48.0,67.0,58.5,100.0,100.0,-130.0,2.0,56.0
2026-09-21T03:56:22,cfb,cfb_20260926_ucla_bruins_maryland_terrapins,20260926CFB00174,DK,draftkings,change,27,2026-09-20T18:25:00,Sep 20,6:25 PM ET,9h ago,home,Maryland Terrapins,2.5,52.0,33.0,58.5,0.0,0.0,110.0,98.0,44.0
2026-09-21T03:56:23,cfb,cfb_20260926_ucla_bruins_maryland_terrapins,20260926CFB00174,CIRCA,circa,open,1,2026-09-20T15:00:00,Sep 20,3:00 PM ET,12h ago,away,UCLA Bruins,-2.0,50.0,50.0,59.5,50.0,50.0,,50.0,50.0
2026-09-21T03:56:23,cfb,cfb_20260926_ucla_bruins_maryland_terrapins,20260926CFB00174,CIRCA,circa,open,1,2026-09-20T15:00:00,Sep 20,3:00 PM ET,12h ago,home,Maryland Terrapins,2.0,50.0,50.0,59.5,50.0,50.0,,50.0,50.0
2026-09-21T03:56:23,cfb,cfb_20260926_ucla_bruins_maryland_terrapins,20260926CFB00174,CIRCA,circa,change,2,2026-09-21T01:25:00,Sep 21,1:25 AM ET,2h ago,away,UCLA Bruins,-2.0,92.0,75.0,58.5,50.0,50.0,,50.0,50.0
2026-09-21T03:56:23,cfb,cfb_20260926_ucla_bruins_maryland_terrapins,20260926CFB00174,CIRCA,circa,change,2,2026-09-21T01:25:00,Sep 21,1:25 AM ET,2h ago,home,Maryland Terrapins,2.0,8.0,25.0,58.5,50.0,50.0,,50.0,50.0
2026-09-21T03:56:23,cfb,cfb_20260926_ucla_bruins_maryland_terrapins,20260926CFB00174,CIRCA,circa,change,3,2026-09-20T15:20:00,Sep 20,3:20 PM ET,12h ago,away,UCLA Bruins,-2.0,100.0,100.0,59.5,50.0,50.0,,50.0,50.0
2026-09-21T03:56:23,cfb,cfb_20260926_ucla_bruins_maryland_terrapins,20260926CFB00174,CIRCA,circa,change,3,2026-09-20T15:20:00,Sep 20,3:20 PM ET,12h ago,home,Maryland Terrapins,2.0,0.0,0.0,59.5,50.0,50.0,,50.0,50.0
2026-09-21T03:56:23,cfb,cfb_20260926_ucla_bruins_maryland_terrapins,20260926CFB00174,CIRCA,circa,change,4,2026-09-20T15:00:00,Sep 20,3:00 PM ET,12h ago,away,UCLA Bruins,-2.0,50.0,50.0,59.5,50.0,50.0,,50.0,50.0
2026-09-21T03:56:23,cfb,cfb_20260926_ucla_bruins_maryland_terrapins,20260926CFB00174,CIRCA,circa,change,4,2026-09-20T15:00:00,Sep 20,3:00 PM ET,12h ago,home,Maryland Terrapins,2.0,50.0,50.0,59.5,50.0,50.0,,50.0,50.0
2026-09-21T03:56:25,cfb,cfb_20260926_notre_dame_fighting_irish_purdue_boilermakers,20260926CFB00204,DK,draftkings,open,1,2026-09-20T02:55:00,Sep 20,2:55 AM ET,1d ago,away,Notre Dame Fighting Irish,,0.0,0.0,,0.0,0.0,-6.0,100.0,100.0
2026-09-21T03:56:25,cfb,cfb_20260926_notre_dame_fighting_irish_purdue_boilermakers,20260926CFB00204,DK,draftkings,open,1,2026-09-20T02:55:00,Sep 20,2:55 AM ET,1d ago,home,Purdue Boilermakers,,0.0,0.0,,0.0,0.0,2.0,0.0,0.0
2026-09-21T03:56:25,cfb,cfb_20260926_notre_dame_fighting_irish_purdue_boilermakers,20260926CFB00204,DK,draftkings,first_full,2,2026-09-20T06:20:00,Sep 20,6:20 AM ET,21h ago,away,Notre Dame Fighting Irish,-27.5,88.0,67.0,56.5,100.0,100.0,-6.0,100.0,100.0
2026-09-21T03:56:25,cfb,cfb_20260926_notre_dame_fighting_irish_purdue_boilermakers,20260926CFB00204,DK,draftkings,first_full,2,2026-09-20T06:20:00,Sep 20,6:20 AM ET,21h ago,home,Purdue Boilermakers,27.5,12.0,33.0,56.5,0.0,0.0,2.0,0.0,0.0
2026-09-21T03:56:25,cfb,cfb_20260926_notre_dame_fighting_irish_purdue_boilermakers,20260926CFB00204,DK,draftkings,change,3,2026-09-21T01:50:00,Sep 21,1:50 AM ET,2h ago,away,Notre Dame Fighting Irish,-27.5,85.0,68.0,57.5,68.0,85.0,-3.0,44.0,96.0
2026-09-21T03:56:25,cfb,cfb_20260926_notre_dame_fighting_irish_purdue_boilermakers,20260926CFB00204,DK,draftkings,change,3,2026-09-21T01:50:00,Sep 21,1:50 AM ET,2h ago,home,Purdue Boilermakers,27.5,15.0,32.0,57.5,32.0,15.0,1.0,56.0,4.0
2026-09-21T03:56:25,cfb,cfb_20260926_notre_dame_fighting_irish_purdue_boilermakers,20260926CFB00204,DK,draftkings,change,4,2026-09-21T01:25:00,Sep 21,1:25 AM ET,2h ago,away,Notre Dame Fighting Irish,-27.5,85.0,69.0,57.5,68.0,85.0,-3.0,44.0,96.0
2026-09-21T03:56:25,cfb,cfb_20260926_notre_dame_fighting_irish_purdue_boilermakers,20260926CFB00204,DK,draftkings,change,4,2026-09-21T01:25:00,Sep 21,1:25 AM ET,2h ago,home,Purdue Boilermakers,27.5,15.0,31.0,57.5,32.0,15.0,1.0,56.0,4.0
2026-09-21T03:56:25,cfb,cfb_20260926_notre_dame_fighting_irish_purdue_boilermakers,20260926CFB00204,DK,draftkings,change,5,2026-09-21T00:35:00,Sep 21,12:35 AM ET,3h ago,away,Notre Dame Fighting Irish,-27.5,85.0,69.0,57.5,68.0,85.0,-3.0,43.0,96.0
2026-09-21T03:56:25,cfb,cfb_20260926_notre_dame_fighting_irish_purdue_boilermakers,20260926CFB00204,DK,draftkings,change,5,2026-09-21T00:35:00,Sep 21,12:35 AM ET,3h ago,home,Purdue Boilermakers,27.5,15.0,31.0,57.5,32.0,15.0,1.0,57.0,4.0
2026-09-21T03:56:25,cfb,cfb_20260926_notre_dame_fighting_irish_purdue_boilermakers,20260926CFB00204,DK,draftkings,change,6,2026-09-21T00:15:00,Sep 21,12:15 AM ET,3h ago,away,Notre Dame Fighting Irish,-27.5,85.0,71.0,57.5,68.0,85.0,-3.0,43.0,96.0
2026-09-21T03:56:25,cfb,cfb_20260926_notre_dame_fighting_irish_purdue_boilermakers,20260926CFB00204,DK,draftkings,change,6,2026-09-21T00:15:00,Sep 21,12:15 AM ET,3h ago,home,Purdue Boilermakers,27.5,15.0,29.0,57.5,32.0,15.0,1.0,57.0,4.0
2026-09-21T03:56:25,cfb,cfb_20260926_notre_dame_fighting_irish_purdue_boilermakers,20260926CFB00204,DK,draftkings,change,7,2026-09-21T00:10:00,Sep 21,12:10 AM ET,3h ago,away,Notre Dame Fighting Irish,-27.5,86.0,74.0,57.5,68.0,85.0,-3.0,43.0,95.0
2026-09-21T03:56:25,cfb,cfb_20260926_notre_dame_fighting_irish_purdue_boilermakers,20260926CFB00204,DK,draftkings,change,7,2026-09-21T00:10:00,Sep 21,12:10 AM ET,3h ago,home,Purdue Boilermakers,27.5,14.0,26.0,57.5,32.0,15.0,1.0,57.0,5.0
2026-09-21T03:56:25,cfb,cfb_20260926_notre_dame_fighting_irish_purdue_boilermakers,20260926CFB00204,DK,draftkings,change,8,2026-09-21T00:00:00,Sep 21,12:00 AM ET,3h ago,away,Notre Dame Fighting Irish,-27.5,86.0,75.0,57.5,68.0,84.0,-3.0,43.0,95.0
2026-09-21T03:56:25,cfb,cfb_20260926_notre_dame_fighting_irish_purdue_boilermakers,20260926CFB00204,DK,draftkings,change,8,2026-09-21T00:00:00,Sep 21,12:00 AM ET,3h ago,home,Purdue Boilermakers,27.5,14.0,25.0,57.5,32.0,16.0,1.0,57.0,5.0
2026-09-21T03:56:25,cfb,cfb_20260926_notre_dame_fighting_irish_purdue_boilermakers,20260926CFB00204,DK,draftkings,change,9,2026-09-20T23:55:00,Sep 20,11:55 PM ET,4h ago,away,Notre Dame Fighting Irish,-27.5,86.0,77.0,57.5,68.0,84.0,-3.0,43.0,95.0
2026-09-21T03:56:25,cfb,cfb_20260926_notre_dame_fighting_irish_purdue_boilermakers,20260926CFB00204,DK,draftkings,change,9,2026-09-20T23:55:00,Sep 20,11:55 PM ET,4h ago,home,Purdue Boilermakers,27.5,14.0,23.0,57.5,32.0,16.0,1.0,57.0,5.0
2026-09-21T03:56:25,cfb,cfb_20260926_notre_dame_fighting_irish_purdue_boilermakers,20260926CFB00204,DK,draftkings,change,10,2026-09-20T23:45:00,Sep 20,11:45 PM ET,4h ago,away,Notre Dame Fighting Irish,-27.5,86.0,77.0,57.5,68.0,89.0,-3.0,43.0,95.0
2026-09-21T03:56:25,cfb,cfb_20260926_notre_dame_fighting_irish_purdue_boilermakers,20260926CFB00204,DK,draftkings,change,10,2026-09-20T23:45:00,Sep 20,11:45 PM ET,4h ago,home,Purdue Boilermakers,27.5,14.0,23.0,57.5,32.0,11.0,1.0,57.0,5.0
2026-09-21T03:56:25,cfb,cfb_20260926_notre_dame_fighting_irish_purdue_boilermakers,20260926CFB00204,DK,draftkings,change,11,2026-09-20T23:00:00,Sep 20,11:00 PM ET,4h ago,away,Notre Dame Fighting Irish,-27.5,86.0,77.0,57.5,68.0,88.0,-3.0,43.0,95.0
2026-09-21T03:56:25,cfb,cfb_20260926_notre_dame_fighting_irish_purdue_boilermakers,20260926CFB00204,DK,draftkings,change,11,2026-09-20T23:00:00,Sep 20,11:00 PM ET,4h ago,home,Purdue Boilermakers,27.5,14.0,23.0,57.5,32.0,12.0,1.0,57.0,5.0
2026-09-21T03:56:25,cfb,cfb_20260926_notre_dame_fighting_irish_purdue_boilermakers,20260926CFB00204,DK,draftkings,change,12,2026-09-20T22:50:00,Sep 20,10:50 PM ET,5h ago,away,Notre Dame Fighting Irish,-27.5,87.0,80.0,57.5,68.0,88.0,-3.0,43.0,95.0
2026-09-21T03:56:25,cfb,cfb_20260926_notre_dame_fighting_irish_purdue_boilermakers,20260926CFB00204,DK,draftkings,change,12,2026-09-20T22:50:00,Sep 20,10:50 PM ET,5h ago,home,Purdue Boilermakers,27.5,13.0,20.0,57.5,32.0,12.0,1.0,57.0,5.0
2026-09-21T03:56:25,cfb,cfb_20260926_notre_dame_fighting_irish_purdue_boilermakers,20260926CFB00204,DK,draftkings,change,13,2026-09-20T22:40:00,Sep 20,10:40 PM ET,5h ago,away,Notre Dame Fighting Irish,-27.5,87.0,80.0,57.5,68.0,88.0,-3.0,42.0,95.0
2026-09-21T03:56:25,cfb,cfb_20260926_notre_dame_fighting_irish_purdue_boilermakers,20260926CFB00204,DK,draftkings,change,13,2026-09-20T22:40:00,Sep 20,10:40 PM ET,5h ago,home,Purdue Boilermakers,27.5,13.0,20.0,57.5,32.0,12.0,1.0,58.0,5.0
2026-09-21T03:56:25,cfb,cfb_20260926_notre_dame_fighting_irish_purdue_boilermakers,20260926CFB00204,DK,draftkings,change,14,2026-09-20T22:30:00,Sep 20,10:30 PM ET,5h ago,away,Notre Dame Fighting Irish,-27.5,87.0,80.0,57.5,68.0,88.0,-3.0,21.0,95.0
2026-09-21T03:56:25,cfb,cfb_20260926_notre_dame_fighting_irish_purdue_boilermakers,20260926CFB00204,DK,draftkings,change,14,2026-09-20T22:30:00,Sep 20,10:30 PM ET,5h ago,home,Purdue Boilermakers,27.5,13.0,20.0,57.5,32.0,12.0,1.0,79.0,5.0
2026-09-21T03:56:25,cfb,cfb_20260926_notre_dame_fighting_irish_purdue_boilermakers,20260926CFB00204,DK,draftkings,change,15,2026-09-20T22:00:00,Sep 20,10:00 PM ET,5h ago,away,Notre Dame Fighting Irish,-27.5,87.0,80.0,57.5,68.0,88.0,-3.0,21.0,96.0
2026-09-21T03:56:25,cfb,cfb_20260926_notre_dame_fighting_irish_purdue_boilermakers,20260926CFB00204,DK,draftkings,change,15,2026-09-20T22:00:00,Sep 20,10:00 PM ET,5h ago,home,Purdue Boilermakers,27.5,13.0,20.0,57.5,32.0,13.0,1.0,79.0,4.0
2026-09-21T03:56:25,cfb,cfb_20260926_notre_dame_fighting_irish_purdue_boilermakers,20260926CFB00204,DK,draftkings,change,16,2026-09-20T21:50:00,Sep 20,9:50 PM ET,6h ago,away,Notre Dame Fighting Irish,-27.5,87.0,79.0,57.5,68.0,88.0,-3.0,21.0,96.0
2026-09-21T03:56:25,cfb,cfb_20260926_notre_dame_fighting_irish_purdue_boilermakers,20260926CFB00204,DK,draftkings,change,16,2026-09-20T21:50:00,Sep 20,9:50 PM ET,6h ago,home,Purdue Boilermakers,27.5,13.0,21.0,57.5,32.0,13.0,1.0,79.0,4.0
2026-09-21T03:56:25,cfb,cfb_20260926_notre_dame_fighting_irish_purdue_boilermakers,20260926CFB00204,DK,draftkings,change,17,2026-09-20T21:40:00,Sep 20,9:40 PM ET,6h ago,away,Notre Dame Fighting Irish,-27.5,87.0,79.0,57.5,68.0,87.0,-3.0,21.0,96.0
2026-09-21T03:56:25,cfb,cfb_20260926_notre_dame_fighting_irish_purdue_boilermakers,20260926CFB00204,DK,draftkings,change,17,2026-09-20T21:40:00,Sep 20,9:40 PM ET,6h ago,home,Purdue Boilermakers,27.5,13.0,21.0,57.5,32.0,13.0,1.0,79.0,4.0
2026-09-21T03:56:25,cfb,cfb_20260926_notre_dame_fighting_irish_purdue_boilermakers,20260926CFB00204,DK,draftkings,change,18,2026-09-20T21:15:00,Sep 20,9:15 PM ET,6h ago,away,Notre Dame Fighting Irish,-27.5,86.0,79.0,57.5,68.0,87.0,-3.0,21.0,96.0
2026-09-21T03:56:25,cfb,cfb_20260926_notre_dame_fighting_irish_purdue_boilermakers,20260926CFB00204,DK,draftkings,change,18,2026-09-20T21:15:00,Sep 20,9:15 PM ET,6h ago,home,Purdue Boilermakers,27.5,14.0,21.0,57.5,32.0,13.0,1.0,79.0,4.0
2026-09-21T03:56:25,cfb,cfb_20260926_notre_dame_fighting_irish_purdue_boilermakers,20260926CFB00204,DK,draftkings,change,19,2026-09-20T20:50:00,Sep 20,8:50 PM ET,7h ago,away,Notre Dame Fighting Irish,-27.5,86.0,79.0,57.5,68.0,86.0,-3.0,21.0,96.0
2026-09-21T03:56:25,cfb,cfb_20260926_notre_dame_fighting_irish_purdue_boilermakers,20260926CFB00204,DK,draftkings,change,19,2026-09-20T20:50:00,Sep 20,8:50 PM ET,7h ago,home,Purdue Boilermakers,27.5,14.0,21.0,57.5,32.0,14.0,1.0,79.0,4.0
2026-09-21T03:56:25,cfb,cfb_20260926_notre_dame_fighting_irish_purdue_boilermakers,20260926CFB00204,DK,draftkings,change,20,2026-09-20T20:30:00,Sep 20,8:30 PM ET,7h ago,away,Notre Dame Fighting Irish,-27.5,86.0,78.0,57.5,68.0,86.0,-3.0,21.0,96.0
2026-09-21T03:56:25,cfb,cfb_20260926_notre_dame_fighting_irish_purdue_boilermakers,20260926CFB00204,DK,draftkings,change,20,2026-09-20T20:30:00,Sep 20,8:30 PM ET,7h ago,home,Purdue Boilermakers,27.5,14.0,22.0,57.5,32.0,14.0,1.0,79.0,4.0
2026-09-21T03:56:25,cfb,cfb_20260926_notre_dame_fighting_irish_purdue_boilermakers,20260926CFB00204,DK,draftkings,change,21,2026-09-20T20:20:00,Sep 20,8:20 PM ET,7h ago,away,Notre Dame Fighting Irish,-27.5,86.0,78.0,57.5,68.0,85.0,-3.0,21.0,96.0
2026-09-21T03:56:25,cfb,cfb_20260926_notre_dame_fighting_irish_purdue_boilermakers,20260926CFB00204,DK,draftkings,change,21,2026-09-20T20:20:00,Sep 20,8:20 PM ET,7h ago,home,Purdue Boilermakers,27.5,14.0,22.0,57.5,32.0,15.0,1.0,79.0,4.0
2026-09-21T03:56:25,cfb,cfb_20260926_notre_dame_fighting_irish_purdue_boilermakers,20260926CFB00204,DK,draftkings,change,22,2026-09-20T20:15:00,Sep 20,8:15 PM ET,7h ago,away,Notre Dame Fighting Irish,-27.5,86.0,78.0,57.5,68.0,85.0,-3.0,20.0,95.0
2026-09-21T03:56:25,cfb,cfb_20260926_notre_dame_fighting_irish_purdue_boilermakers,20260926CFB00204,DK,draftkings,change,22,2026-09-20T20:15:00,Sep 20,8:15 PM ET,7h ago,home,Purdue Boilermakers,27.5,14.0,22.0,57.5,32.0,15.0,1.0,80.0,5.0
2026-09-21T03:56:25,cfb,cfb_20260926_notre_dame_fighting_irish_purdue_boilermakers,20260926CFB00204,DK,draftkings,change,23,2026-09-20T19:55:00,Sep 20,7:55 PM ET,8h ago,away,Notre Dame Fighting Irish,-27.5,86.0,77.0,57.5,68.0,85.0,-3.0,20.0,95.0
2026-09-21T03:56:25,cfb,cfb_20260926_notre_dame_fighting_irish_purdue_boilermakers,20260926CFB00204,DK,draftkings,change,23,2026-09-20T19:55:00,Sep 20,7:55 PM ET,8h ago,home,Purdue Boilermakers,27.5,14.0,23.0,57.5,32.0,15.0,1.0,80.0,5.0
2026-09-21T03:56:25,cfb,cfb_20260926_notre_dame_fighting_irish_purdue_boilermakers,20260926CFB00204,DK,draftkings,change,24,2026-09-20T19:50:00,Sep 20,7:50 PM ET,8h ago,away,Notre Dame Fighting Irish,-27.5,87.0,80.0,57.5,68.0,85.0,-3.0,20.0,95.0
2026-09-21T03:56:25,cfb,cfb_20260926_notre_dame_fighting_irish_purdue_boilermakers,20260926CFB00204,DK,draftkings,change,24,2026-09-20T19:50:00,Sep 20,7:50 PM ET,8h ago,home,Purdue Boilermakers,27.5,13.0,20.0,57.5,32.0,15.0,1.0,80.0,5.0
2026-09-21T03:56:25,cfb,cfb_20260926_notre_dame_fighting_irish_purdue_boilermakers,20260926CFB00204,DK,draftkings,change,25,2026-09-20T19:40:00,Sep 20,7:40 PM ET,8h ago,away,Notre Dame Fighting Irish,-27.5,86.0,78.0,57.5,68.0,85.0,-3.0,21.0,97.0
2026-09-21T03:56:25,cfb,cfb_20260926_notre_dame_fighting_irish_purdue_boilermakers,20260926CFB00204,DK,draftkings,change,25,2026-09-20T19:40:00,Sep 20,7:40 PM ET,8h ago,home,Purdue Boilermakers,27.5,14.0,22.0,57.5,32.0,15.0,1.0,79.0,3.0
2026-09-21T03:56:25,cfb,cfb_20260926_notre_dame_fighting_irish_purdue_boilermakers,20260926CFB00204,DK,draftkings,change,26,2026-09-20T19:05:00,Sep 20,7:05 PM ET,8h ago,away,Notre Dame Fighting Irish,-27.5,86.0,78.0,57.5,68.0,85.0,-4.0,100.0,100.0
2026-09-21T03:56:25,cfb,cfb_20260926_notre_dame_fighting_irish_purdue_boilermakers,20260926CFB00204,DK,draftkings,change,26,2026-09-20T19:05:00,Sep 20,7:05 PM ET,8h ago,home,Purdue Boilermakers,27.5,14.0,22.0,57.5,32.0,15.0,1.0,0.0,0.0
2026-09-21T03:56:25,cfb,cfb_20260926_notre_dame_fighting_irish_purdue_boilermakers,20260926CFB00204,DK,draftkings,change,27,2026-09-20T19:00:00,Sep 20,7:00 PM ET,8h ago,away,Notre Dame Fighting Irish,-27.5,86.0,77.0,57.5,68.0,85.0,-4.0,100.0,100.0
2026-09-21T03:56:25,cfb,cfb_20260926_notre_dame_fighting_irish_purdue_boilermakers,20260926CFB00204,DK,draftkings,change,27,2026-09-20T19:00:00,Sep 20,7:00 PM ET,8h ago,home,Purdue Boilermakers,27.5,14.0,23.0,57.5,32.0,15.0,1.0,0.0,0.0
2026-09-21T03:56:26,cfb,cfb_20260926_notre_dame_fighting_irish_purdue_boilermakers,20260926CFB00204,CIRCA,circa,open,1,2026-09-20T15:05:00,Sep 20,3:05 PM ET,12h ago,away,Notre Dame Fighting Irish,-27.5,50.0,50.0,56.5,0.0,0.0,,50.0,50.0
2026-09-21T03:56:26,cfb,cfb_20260926_notre_dame_fighting_irish_purdue_boilermakers,20260926CFB00204,CIRCA,circa,open,1,2026-09-20T15:05:00,Sep 20,3:05 PM ET,12h ago,home,Purdue Boilermakers,27.5,50.0,50.0,56.5,100.0,100.0,,50.0,50.0
2026-09-21T03:56:26,cfb,cfb_20260926_notre_dame_fighting_irish_purdue_boilermakers,20260926CFB00204,CIRCA,circa,change,2,2026-09-20T18:15:00,Sep 20,6:15 PM ET,9h ago,away,Notre Dame Fighting Irish,-27.5,58.0,50.0,58.0,0.0,50.0,,50.0,50.0
2026-09-21T03:56:26,cfb,cfb_20260926_notre_dame_fighting_irish_purdue_boilermakers,20260926CFB00204,CIRCA,circa,change,2,2026-09-20T18:15:00,Sep 20,6:15 PM ET,9h ago,home,Purdue Boilermakers,27.5,42.0,50.0,58.0,100.0,50.0,,50.0,50.0
2026-09-21T03:56:26,cfb,cfb_20260926_notre_dame_fighting_irish_purdue_boilermakers,20260926CFB00204,CIRCA,circa,change,3,2026-09-20T16:10:00,Sep 20,4:10 PM ET,11h ago,away,Notre Dame Fighting Irish,-27.5,100.0,100.0,56.5,0.0,50.0,,50.0,50.0
2026-09-21T03:56:26,cfb,cfb_20260926_notre_dame_fighting_irish_purdue_boilermakers,20260926CFB00204,CIRCA,circa,change,3,2026-09-20T16:10:00,Sep 20,4:10 PM ET,11h ago,home,Purdue Boilermakers,27.5,0.0,0.0,56.5,100.0,50.0,,50.0,50.0
2026-09-21T03:56:26,cfb,cfb_20260926_notre_dame_fighting_irish_purdue_boilermakers,20260926CFB00204,CIRCA,circa,change,4,2026-09-20T15:26:00,Sep 20,3:26 PM ET,12h ago,away,Notre Dame Fighting Irish,-27.5,100.0,100.0,56.5,0.0,0.0,,50.0,50.0
2026-09-21T03:56:26,cfb,cfb_20260926_notre_dame_fighting_irish_purdue_boilermakers,20260926CFB00204,CIRCA,circa,change,4,2026-09-20T15:26:00,Sep 20,3:26 PM ET,12h ago,home,Purdue Boilermakers,27.5,0.0,0.0,56.5,100.0,100.0,,50.0,50.0
2026-09-21T03:56:26,cfb,cfb_20260926_notre_dame_fighting_irish_purdue_boilermakers,20260926CFB00204,CIRCA,circa,change,5,2026-09-20T15:05:00,Sep 20,3:05 PM ET,12h ago,away,Notre Dame Fighting Irish,-27.5,50.0,50.0,56.5,0.0,0.0,,50.0,50.0
2026-09-21T03:56:26,cfb,cfb_20260926_notre_dame_fighting_irish_purdue_boilermakers,20260926CFB00204,CIRCA,circa,change,5,2026-09-20T15:05:00,Sep 20,3:05 PM ET,12h ago,home,Purdue Boilermakers,27.5,50.0,50.0,56.5,100.0,100.0,,50.0,50.0
2026-09-21T03:56:27,cfb,cfb_20260926_n_illinois_huskies_georgia_st_panthers,20260926CFB01312,DK,draftkings,open,1,2026-09-20T13:40:00,Sep 20,1:40 PM ET,14h ago,away,N Illinois Huskies,8.5,0.0,0.0,,0.0,0.0,,0.0,0.0
2026-09-21T03:56:27,cfb,cfb_20260926_n_illinois_huskies_georgia_st_panthers,20260926CFB01312,DK,draftkings,open,1,2026-09-20T13:40:00,Sep 20,1:40 PM ET,14h ago,home,Georgia ST Panthers,-8.5,100.0,100.0,,0.0,0.0,,0.0,0.0
2026-09-21T03:56:27,cfb,cfb_20260926_n_illinois_huskies_georgia_st_panthers,20260926CFB01312,DK,draftkings,first_full,2,2026-09-20T21:05:00,Sep 20,9:05 PM ET,6h ago,away,N Illinois Huskies,9.5,9.0,17.0,55.5,100.0,100.0,295.0,15.0,13.0
2026-09-21T03:56:27,cfb,cfb_20260926_n_illinois_huskies_georgia_st_panthers,20260926CFB01312,DK,draftkings,first_full,2,2026-09-20T21:05:00,Sep 20,9:05 PM ET,6h ago,home,Georgia ST Panthers,-9.5,91.0,83.0,55.5,0.0,0.0,-375.0,85.0,88.0
2026-09-21T03:56:27,cfb,cfb_20260926_n_illinois_huskies_georgia_st_panthers,20260926CFB01312,DK,draftkings,change,3,2026-09-21T03:50:00,Sep 21,3:50 AM ET,6m ago,away,N Illinois Huskies,9.5,9.0,64.0,55.5,100.0,100.0,295.0,9.0,5.0
2026-09-21T03:56:27,cfb,cfb_20260926_n_illinois_huskies_georgia_st_panthers,20260926CFB01312,DK,draftkings,change,3,2026-09-21T03:50:00,Sep 21,3:50 AM ET,6m ago,home,Georgia ST Panthers,-9.5,91.0,36.0,55.5,0.0,0.0,-375.0,91.0,95.0
2026-09-21T03:56:27,cfb,cfb_20260926_n_illinois_huskies_georgia_st_panthers,20260926CFB01312,DK,draftkings,change,4,2026-09-21T00:10:00,Sep 21,12:10 AM ET,3h ago,away,N Illinois Huskies,9.5,9.0,64.0,55.5,100.0,100.0,295.0,10.0,6.0
2026-09-21T03:56:27,cfb,cfb_20260926_n_illinois_huskies_georgia_st_panthers,20260926CFB01312,DK,draftkings,change,4,2026-09-21T00:10:00,Sep 21,12:10 AM ET,3h ago,home,Georgia ST Panthers,-9.5,91.0,36.0,55.5,0.0,0.0,-375.0,90.0,94.0
2026-09-21T03:56:27,cfb,cfb_20260926_n_illinois_huskies_georgia_st_panthers,20260926CFB01312,DK,draftkings,change,5,2026-09-20T23:40:00,Sep 20,11:40 PM ET,4h ago,away,N Illinois Huskies,9.5,9.0,64.0,55.5,100.0,100.0,295.0,10.0,8.0
2026-09-21T03:56:27,cfb,cfb_20260926_n_illinois_huskies_georgia_st_panthers,20260926CFB01312,DK,draftkings,change,5,2026-09-20T23:40:00,Sep 20,11:40 PM ET,4h ago,home,Georgia ST Panthers,-9.5,91.0,36.0,55.5,0.0,0.0,-375.0,90.0,92.0
2026-09-21T03:56:27,cfb,cfb_20260926_n_illinois_huskies_georgia_st_panthers,20260926CFB01312,DK,draftkings,change,6,2026-09-20T23:30:00,Sep 20,11:30 PM ET,4h ago,away,N Illinois Huskies,9.5,9.0,64.0,55.5,100.0,100.0,295.0,12.0,8.0
2026-09-21T03:56:27,cfb,cfb_20260926_n_illinois_huskies_georgia_st_panthers,20260926CFB01312,DK,draftkings,change,6,2026-09-20T23:30:00,Sep 20,11:30 PM ET,4h ago,home,Georgia ST Panthers,-9.5,91.0,36.0,55.5,0.0,0.0,-375.0,88.0,92.0
2026-09-21T03:56:27,cfb,cfb_20260926_n_illinois_huskies_georgia_st_panthers,20260926CFB01312,DK,draftkings,change,7,2026-09-20T22:30:00,Sep 20,10:30 PM ET,5h ago,away,N Illinois Huskies,9.5,9.0,64.0,55.5,100.0,100.0,295.0,12.0,9.0
2026-09-21T03:56:27,cfb,cfb_20260926_n_illinois_huskies_georgia_st_panthers,20260926CFB01312,DK,draftkings,change,7,2026-09-20T22:30:00,Sep 20,10:30 PM ET,5h ago,home,Georgia ST Panthers,-9.5,91.0,36.0,55.5,0.0,0.0,-375.0,88.0,91.0
2026-09-21T03:56:27,cfb,cfb_20260926_n_illinois_huskies_georgia_st_panthers,20260926CFB01312,DK,draftkings,change,8,2026-09-20T21:40:00,Sep 20,9:40 PM ET,6h ago,away,N Illinois Huskies,9.5,9.0,64.0,55.5,100.0,100.0,295.0,12.0,10.0
2026-09-21T03:56:27,cfb,cfb_20260926_n_illinois_huskies_georgia_st_panthers,20260926CFB01312,DK,draftkings,change,8,2026-09-20T21:40:00,Sep 20,9:40 PM ET,6h ago,home,Georgia ST Panthers,-9.5,91.0,36.0,55.5,0.0,0.0,-375.0,88.0,90.0
2026-09-21T03:56:27,cfb,cfb_20260926_n_illinois_huskies_georgia_st_panthers,20260926CFB01312,DK,draftkings,change,9,2026-09-20T21:05:00,Sep 20,9:05 PM ET,6h ago,away,N Illinois Huskies,9.5,9.0,17.0,55.5,100.0,100.0,295.0,15.0,13.0
2026-09-21T03:56:27,cfb,cfb_20260926_n_illinois_huskies_georgia_st_panthers,20260926CFB01312,DK,draftkings,change,9,2026-09-20T21:05:00,Sep 20,9:05 PM ET,6h ago,home,Georgia ST Panthers,-9.5,91.0,83.0,55.5,0.0,0.0,-375.0,85.0,88.0
2026-09-21T03:56:27,cfb,cfb_20260926_n_illinois_huskies_georgia_st_panthers,20260926CFB01312,DK,draftkings,change,10,2026-09-20T20:20:00,Sep 20,8:20 PM ET,7h ago,away,N Illinois Huskies,9.5,0.0,0.0,55.5,100.0,100.0,295.0,15.0,13.0
2026-09-21T03:56:27,cfb,cfb_20260926_n_illinois_huskies_georgia_st_panthers,20260926CFB01312,DK,draftkings,change,10,2026-09-20T20:20:00,Sep 20,8:20 PM ET,7h ago,home,Georgia ST Panthers,-9.5,100.0,100.0,55.5,0.0,0.0,-375.0,85.0,88.0
2026-09-21T03:56:27,cfb,cfb_20260926_n_illinois_huskies_georgia_st_panthers,20260926CFB01312,DK,draftkings,change,11,2026-09-20T19:50:00,Sep 20,7:50 PM ET,8h ago,away,N Illinois Huskies,9.5,0.0,0.0,55.5,100.0,100.0,295.0,15.0,14.0
2026-09-21T03:56:27,cfb,cfb_20260926_n_illinois_huskies_georgia_st_panthers,20260926CFB01312,DK,draftkings,change,11,2026-09-20T19:50:00,Sep 20,7:50 PM ET,8h ago,home,Georgia ST Panthers,-9.5,100.0,100.0,55.5,0.0,0.0,-375.0,85.0,86.0
2026-09-21T03:56:27,cfb,cfb_20260926_n_illinois_huskies_georgia_st_panthers,20260926CFB01312,DK,draftkings,change,12,2026-09-20T19:25:00,Sep 20,7:25 PM ET,8h ago,away,N Illinois Huskies,9.5,0.0,0.0,55.5,100.0,100.0,320.0,52.0,20.0
2026-09-21T03:56:27,cfb,cfb_20260926_n_illinois_huskies_georgia_st_panthers,20260926CFB01312,DK,draftkings,change,12,2026-09-20T19:25:00,Sep 20,7:25 PM ET,8h ago,home,Georgia ST Panthers,-9.5,100.0,100.0,55.5,0.0,0.0,-410.0,48.0,80.0
2026-09-21T03:56:27,cfb,cfb_20260926_n_illinois_huskies_georgia_st_panthers,20260926CFB01312,DK,draftkings,change,13,2026-09-20T16:30:00,Sep 20,4:30 PM ET,11h ago,away,N Illinois Huskies,9.5,0.0,0.0,55.5,100.0,100.0,320.0,60.0,25.0
2026-09-21T03:56:27,cfb,cfb_20260926_n_illinois_huskies_georgia_st_panthers,20260926CFB01312,DK,draftkings,change,13,2026-09-20T16:30:00,Sep 20,4:30 PM ET,11h ago,home,Georgia ST Panthers,-9.5,100.0,100.0,55.5,0.0,0.0,-410.0,40.0,75.0
2026-09-21T03:56:27,cfb,cfb_20260926_n_illinois_huskies_georgia_st_panthers,20260926CFB01312,DK,draftkings,change,14,2026-09-20T16:00:00,Sep 20,4:00 PM ET,11h ago,away,N Illinois Huskies,9.5,0.0,0.0,,0.0,0.0,320.0,64.0,33.0
2026-09-21T03:56:27,cfb,cfb_20260926_n_illinois_huskies_georgia_st_panthers,20260926CFB01312,DK,draftkings,change,14,2026-09-20T16:00:00,Sep 20,4:00 PM ET,11h ago,home,Georgia ST Panthers,-9.5,100.0,100.0,,0.0,0.0,-410.0,36.0,67.0
2026-09-21T03:56:27,cfb,cfb_20260926_n_illinois_huskies_georgia_st_panthers,20260926CFB01312,DK,draftkings,change,15,2026-09-20T14:55:00,Sep 20,2:55 PM ET,13h ago,away,N Illinois Huskies,8.5,0.0,0.0,,0.0,0.0,300.0,78.0,50.0
2026-09-21T03:56:27,cfb,cfb_20260926_n_illinois_huskies_georgia_st_panthers,20260926CFB01312,DK,draftkings,change,15,2026-09-20T14:55:00,Sep 20,2:55 PM ET,13h ago,home,Georgia ST Panthers,-8.5,100.0,100.0,,0.0,0.0,-380.0,22.0,50.0
2026-09-21T03:56:27,cfb,cfb_20260926_n_illinois_huskies_georgia_st_panthers,20260926CFB01312,DK,draftkings,change,16,2026-09-20T14:10:00,Sep 20,2:10 PM ET,13h ago,away,N Illinois Huskies,8.5,0.0,0.0,,0.0,0.0,300.0,0.0,0.0
2026-09-21T03:56:27,cfb,cfb_20260926_n_illinois_huskies_georgia_st_panthers,20260926CFB01312,DK,draftkings,change,16,2026-09-20T14:10:00,Sep 20,2:10 PM ET,13h ago,home,Georgia ST Panthers,-8.5,100.0,100.0,,0.0,0.0,-380.0,100.0,100.0
2026-09-21T03:56:27,cfb,cfb_20260926_n_illinois_huskies_georgia_st_panthers,20260926CFB01312,DK,draftkings,change,17,2026-09-20T13:40:00,Sep 20,1:40 PM ET,14h ago,away,N Illinois Huskies,8.5,0.0,0.0,,0.0,0.0,,0.0,0.0
2026-09-21T03:56:27,cfb,cfb_20260926_n_illinois_huskies_georgia_st_panthers,20260926CFB01312,DK,draftkings,change,17,2026-09-20T13:40:00,Sep 20,1:40 PM ET,14h ago,home,Georgia ST Panthers,-8.5,100.0,100.0,,0.0,0.0,,0.0,0.0
2026-09-21T03:56:28,cfb,cfb_20260926_n_illinois_huskies_georgia_st_panthers,20260926CFB01312,CIRCA,circa,open,1,2026-09-20T15:00:00,Sep 20,3:00 PM ET,12h ago,away,N Illinois Huskies,10.0,0.0,0.0,55.0,50.0,50.0,,50.0,50.0
2026-09-21T03:56:28,cfb,cfb_20260926_n_illinois_huskies_georgia_st_panthers,20260926CFB01312,CIRCA,circa,open,1,2026-09-20T15:00:00,Sep 20,3:00 PM ET,12h ago,home,Georgia ST Panthers,-10.0,100.0,100.0,55.0,50.0,50.0,,50.0,50.0
2026-09-21T03:56:28,cfb,cfb_20260926_n_illinois_huskies_georgia_st_panthers,20260926CFB01312,CIRCA,circa,first_full,2,2026-09-20T15:05:00,Sep 20,3:05 PM ET,12h ago,away,N Illinois Huskies,9.0,50.0,50.0,55.0,50.0,50.0,,50.0,50.0
2026-09-21T03:56:28,cfb,cfb_20260926_n_illinois_huskies_georgia_st_panthers,20260926CFB01312,CIRCA,circa,first_full,2,2026-09-20T15:05:00,Sep 20,3:05 PM ET,12h ago,home,Georgia ST Panthers,-9.0,50.0,50.0,55.0,50.0,50.0,,50.0,50.0
2026-09-21T03:56:28,cfb,cfb_20260926_n_illinois_huskies_georgia_st_panthers,20260926CFB01312,CIRCA,circa,change,3,2026-09-21T00:35:00,Sep 21,12:35 AM ET,3h ago,away,N Illinois Huskies,9.0,44.0,14.0,55.0,100.0,100.0,,50.0,50.0
2026-09-21T03:56:28,cfb,cfb_20260926_n_illinois_huskies_georgia_st_panthers,20260926CFB01312,CIRCA,circa,change,3,2026-09-21T00:35:00,Sep 21,12:35 AM ET,3h ago,home,Georgia ST Panthers,-9.0,56.0,86.0,55.0,0.0,0.0,,50.0,50.0
2026-09-21T03:56:28,cfb,cfb_20260926_n_illinois_huskies_georgia_st_panthers,20260926CFB01312,CIRCA,circa,change,4,2026-09-21T00:10:00,Sep 21,12:10 AM ET,3h ago,away,N Illinois Huskies,9.0,44.0,17.0,55.0,100.0,100.0,,50.0,50.0
2026-09-21T03:56:28,cfb,cfb_20260926_n_illinois_huskies_georgia_st_panthers,20260926CFB01312,CIRCA,circa,change,4,2026-09-21T00:10:00,Sep 21,12:10 AM ET,3h ago,home,Georgia ST Panthers,-9.0,56.0,83.0,55.0,0.0,0.0,,50.0,50.0
2026-09-21T03:56:28,cfb,cfb_20260926_n_illinois_huskies_georgia_st_panthers,20260926CFB01312,CIRCA,circa,change,5,2026-09-20T23:15:00,Sep 20,11:15 PM ET,4h ago,away,N Illinois Huskies,9.0,47.0,20.0,55.0,100.0,100.0,,50.0,50.0
2026-09-21T03:56:28,cfb,cfb_20260926_n_illinois_huskies_georgia_st_panthers,20260926CFB01312,CIRCA,circa,change,5,2026-09-20T23:15:00,Sep 20,11:15 PM ET,4h ago,home,Georgia ST Panthers,-9.0,53.0,80.0,55.0,0.0,0.0,,50.0,50.0
2026-09-21T03:56:28,cfb,cfb_20260926_n_illinois_huskies_georgia_st_panthers,20260926CFB01312,CIRCA,circa,change,6,2026-09-20T15:50:00,Sep 20,3:50 PM ET,12h ago,away,N Illinois Huskies,9.0,47.0,20.0,55.0,50.0,50.0,,50.0,50.0
2026-09-21T03:56:28,cfb,cfb_20260926_n_illinois_huskies_georgia_st_panthers,20260926CFB01312,CIRCA,circa,change,6,2026-09-20T15:50:00,Sep 20,3:50 PM ET,12h ago,home,Georgia ST Panthers,-9.0,53.0,80.0,55.0,50.0,50.0,,50.0,50.0
2026-09-21T03:56:28,cfb,cfb_20260926_n_illinois_huskies_georgia_st_panthers,20260926CFB01312,CIRCA,circa,change,7,2026-09-20T15:11:00,Sep 20,3:11 PM ET,12h ago,away,N Illinois Huskies,9.0,47.0,25.0,55.0,50.0,50.0,,50.0,50.0
2026-09-21T03:56:28,cfb,cfb_20260926_n_illinois_huskies_georgia_st_panthers,20260926CFB01312,CIRCA,circa,change,7,2026-09-20T15:11:00,Sep 20,3:11 PM ET,12h ago,home,Georgia ST Panthers,-9.0,53.0,75.0,55.0,50.0,50.0,,50.0,50.0
2026-09-21T03:56:28,cfb,cfb_20260926_n_illinois_huskies_georgia_st_panthers,20260926CFB01312,CIRCA,circa,change,8,2026-09-20T15:05:00,Sep 20,3:05 PM ET,12h ago,away,N Illinois Huskies,9.0,50.0,50.0,55.0,50.0,50.0,,50.0,50.0
2026-09-21T03:56:28,cfb,cfb_20260926_n_illinois_huskies_georgia_st_panthers,20260926CFB01312,CIRCA,circa,change,8,2026-09-20T15:05:00,Sep 20,3:05 PM ET,12h ago,home,Georgia ST Panthers,-9.0,50.0,50.0,55.0,50.0,50.0,,50.0,50.0
2026-09-21T03:56:28,cfb,cfb_20260926_n_illinois_huskies_georgia_st_panthers,20260926CFB01312,CIRCA,circa,change,9,2026-09-20T15:00:00,Sep 20,3:00 PM ET,12h ago,away,N Illinois Huskies,10.0,0.0,0.0,55.0,50.0,50.0,,50.0,50.0
2026-09-21T03:56:28,cfb,cfb_20260926_n_illinois_huskies_georgia_st_panthers,20260926CFB01312,CIRCA,circa,change,9,2026-09-20T15:00:00,Sep 20,3:00 PM ET,12h ago,home,Georgia ST Panthers,-10.0,100.0,100.0,55.0,50.0,50.0,,50.0,50.0
2026-09-21T03:56:29,cfb,cfb_20260926_hawaii_rainbow_warriors_wyoming_cowboys,20260926CFB00241,DK,draftkings,open,1,2026-09-20T12:30:00,Sep 20,12:30 PM ET,15h ago,away,Hawaii Rainbow Warriors,,0.0,0.0,,0.0,0.0,-205.0,100.0,100.0
2026-09-21T03:56:29,cfb,cfb_20260926_hawaii_rainbow_warriors_wyoming_cowboys,20260926CFB00241,DK,draftkings,open,1,2026-09-20T12:30:00,Sep 20,12:30 PM ET,15h ago,home,Wyoming Cowboys,,0.0,0.0,,0.0,0.0,170.0,0.0,0.0
2026-09-21T03:56:29,cfb,cfb_20260926_hawaii_rainbow_warriors_wyoming_cowboys,20260926CFB00241,DK,draftkings,first_full,2,2026-09-20T19:40:00,Sep 20,7:40 PM ET,8h ago,away,Hawaii Rainbow Warriors,-3.0,100.0,100.0,45.5,100.0,100.0,-170.0,100.0,100.0
2026-09-21T03:56:29,cfb,cfb_20260926_hawaii_rainbow_warriors_wyoming_cowboys,20260926CFB00241,DK,draftkings,first_full,2,2026-09-20T19:40:00,Sep 20,7:40 PM ET,8h ago,home,Wyoming Cowboys,3.0,0.0,0.0,45.5,0.0,0.0,142.0,0.0,0.0
2026-09-21T03:56:29,cfb,cfb_20260926_hawaii_rainbow_warriors_wyoming_cowboys,20260926CFB00241,DK,draftkings,change,3,2026-09-21T02:25:00,Sep 21,2:25 AM ET,1h ago,away,Hawaii Rainbow Warriors,-3.0,4.0,50.0,45.5,100.0,100.0,-170.0,19.0,54.0
2026-09-21T03:56:29,cfb,cfb_20260926_hawaii_rainbow_warriors_wyoming_cowboys,20260926CFB00241,DK,draftkings,change,3,2026-09-21T02:25:00,Sep 21,2:25 AM ET,1h ago,home,Wyoming Cowboys,3.0,96.0,50.0,45.5,0.0,0.0,142.0,81.0,46.0
2026-09-21T03:56:29,cfb,cfb_20260926_hawaii_rainbow_warriors_wyoming_cowboys,20260926CFB00241,DK,draftkings,change,4,2026-09-21T01:50:00,Sep 21,1:50 AM ET,2h ago,away,Hawaii Rainbow Warriors,-3.0,4.0,60.0,45.5,100.0,100.0,-170.0,19.0,54.0
2026-09-21T03:56:29,cfb,cfb_20260926_hawaii_rainbow_warriors_wyoming_cowboys,20260926CFB00241,DK,draftkings,change,4,2026-09-21T01:50:00,Sep 21,1:50 AM ET,2h ago,home,Wyoming Cowboys,3.0,96.0,40.0,45.5,0.0,0.0,142.0,81.0,46.0
2026-09-21T03:56:29,cfb,cfb_20260926_hawaii_rainbow_warriors_wyoming_cowboys,20260926CFB00241,DK,draftkings,change,5,2026-09-21T00:10:00,Sep 21,12:10 AM ET,3h ago,away,Hawaii Rainbow Warriors,-3.0,0.0,50.0,45.5,100.0,100.0,-170.0,19.0,54.0
2026-09-21T03:56:29,cfb,cfb_20260926_hawaii_rainbow_warriors_wyoming_cowboys,20260926CFB00241,DK,draftkings,change,5,2026-09-21T00:10:00,Sep 21,12:10 AM ET,3h ago,home,Wyoming Cowboys,3.0,100.0,50.0,45.5,0.0,0.0,142.0,81.0,46.0
2026-09-21T03:56:29,cfb,cfb_20260926_hawaii_rainbow_warriors_wyoming_cowboys,20260926CFB00241,DK,draftkings,change,6,2026-09-20T22:30:00,Sep 20,10:30 PM ET,5h ago,away,Hawaii Rainbow Warriors,-3.0,0.0,50.0,45.5,100.0,100.0,-170.0,19.0,50.0
2026-09-21T03:56:29,cfb,cfb_20260926_hawaii_rainbow_warriors_wyoming_cowboys,20260926CFB00241,DK,draftkings,change,6,2026-09-20T22:30:00,Sep 20,10:30 PM ET,5h ago,home,Wyoming Cowboys,3.0,100.0,50.0,45.5,0.0,0.0,142.0,81.0,50.0
2026-09-21T03:56:29,cfb,cfb_20260926_hawaii_rainbow_warriors_wyoming_cowboys,20260926CFB00241,DK,draftkings,change,7,2026-09-20T22:20:00,Sep 20,10:20 PM ET,5h ago,away,Hawaii Rainbow Warriors,-3.0,0.0,50.0,45.5,100.0,100.0,-170.0,17.0,40.0
2026-09-21T03:56:29,cfb,cfb_20260926_hawaii_rainbow_warriors_wyoming_cowboys,20260926CFB00241,DK,draftkings,change,7,2026-09-20T22:20:00,Sep 20,10:20 PM ET,5h ago,home,Wyoming Cowboys,3.0,100.0,50.0,45.5,0.0,0.0,142.0,83.0,60.0
2026-09-21T03:56:29,cfb,cfb_20260926_hawaii_rainbow_warriors_wyoming_cowboys,20260926CFB00241,DK,draftkings,change,8,2026-09-20T22:10:00,Sep 20,10:10 PM ET,5h ago,away,Hawaii Rainbow Warriors,-3.0,0.0,50.0,45.5,100.0,100.0,-170.0,12.0,33.0
2026-09-21T03:56:29,cfb,cfb_20260926_hawaii_rainbow_warriors_wyoming_cowboys,20260926CFB00241,DK,draftkings,change,8,2026-09-20T22:10:00,Sep 20,10:10 PM ET,5h ago,home,Wyoming Cowboys,3.0,100.0,50.0,45.5,0.0,0.0,142.0,88.0,67.0
2026-09-21T03:56:29,cfb,cfb_20260926_hawaii_rainbow_warriors_wyoming_cowboys,20260926CFB00241,DK,draftkings,change,9,2026-09-20T21:50:00,Sep 20,9:50 PM ET,6h ago,away,Hawaii Rainbow Warriors,-3.0,0.0,50.0,45.5,100.0,100.0,-170.0,44.0,60.0
2026-09-21T03:56:29,cfb,cfb_20260926_hawaii_rainbow_warriors_wyoming_cowboys,20260926CFB00241,DK,draftkings,change,9,2026-09-20T21:50:00,Sep 20,9:50 PM ET,6h ago,home,Wyoming Cowboys,3.0,100.0,50.0,45.5,0.0,0.0,142.0,56.0,40.0
2026-09-21T03:56:29,cfb,cfb_20260926_hawaii_rainbow_warriors_wyoming_cowboys,20260926CFB00241,DK,draftkings,change,10,2026-09-20T21:30:00,Sep 20,9:30 PM ET,6h ago,away,Hawaii Rainbow Warriors,-3.0,0.0,67.0,45.5,100.0,100.0,-170.0,44.0,60.0
2026-09-21T03:56:29,cfb,cfb_20260926_hawaii_rainbow_warriors_wyoming_cowboys,20260926CFB00241,DK,draftkings,change,10,2026-09-20T21:30:00,Sep 20,9:30 PM ET,6h ago,home,Wyoming Cowboys,3.0,100.0,33.0,45.5,0.0,0.0,142.0,56.0,40.0
2026-09-21T03:56:29,cfb,cfb_20260926_hawaii_rainbow_warriors_wyoming_cowboys,20260926CFB00241,DK,draftkings,change,11,2026-09-20T20:10:00,Sep 20,8:10 PM ET,7h ago,away,Hawaii Rainbow Warriors,-3.0,0.0,67.0,45.5,100.0,100.0,-170.0,45.0,75.0
2026-09-21T03:56:29,cfb,cfb_20260926_hawaii_rainbow_warriors_wyoming_cowboys,20260926CFB00241,DK,draftkings,change,11,2026-09-20T20:10:00,Sep 20,8:10 PM ET,7h ago,home,Wyoming Cowboys,3.0,100.0,33.0,45.5,0.0,0.0,142.0,55.0,25.0
2026-09-21T03:56:29,cfb,cfb_20260926_hawaii_rainbow_warriors_wyoming_cowboys,20260926CFB00241,DK,draftkings,change,12,2026-09-20T19:55:00,Sep 20,7:55 PM ET,8h ago,away,Hawaii Rainbow Warriors,-3.0,0.0,67.0,45.5,100.0,100.0,-170.0,100.0,100.0
2026-09-21T03:56:29,cfb,cfb_20260926_hawaii_rainbow_warriors_wyoming_cowboys,20260926CFB00241,DK,draftkings,change,12,2026-09-20T19:55:00,Sep 20,7:55 PM ET,8h ago,home,Wyoming Cowboys,3.0,100.0,33.0,45.5,0.0,0.0,142.0,0.0,0.0
2026-09-21T03:56:29,cfb,cfb_20260926_hawaii_rainbow_warriors_wyoming_cowboys,20260926CFB00241,DK,draftkings,change,13,2026-09-20T19:50:00,Sep 20,7:50 PM ET,8h ago,away,Hawaii Rainbow Warriors,-3.0,0.0,50.0,45.5,100.0,100.0,-170.0,100.0,100.0
2026-09-21T03:56:29,cfb,cfb_20260926_hawaii_rainbow_warriors_wyoming_cowboys,20260926CFB00241,DK,draftkings,change,13,2026-09-20T19:50:00,Sep 20,7:50 PM ET,8h ago,home,Wyoming Cowboys,3.0,100.0,50.0,45.5,0.0,0.0,142.0,0.0,0.0
2026-09-21T03:56:29,cfb,cfb_20260926_hawaii_rainbow_warriors_wyoming_cowboys,20260926CFB00241,DK,draftkings,change,14,2026-09-20T19:40:00,Sep 20,7:40 PM ET,8h ago,away,Hawaii Rainbow Warriors,-3.0,100.0,100.0,45.5,100.0,100.0,-170.0,100.0,100.0
2026-09-21T03:56:29,cfb,cfb_20260926_hawaii_rainbow_warriors_wyoming_cowboys,20260926CFB00241,DK,draftkings,change,14,2026-09-20T19:40:00,Sep 20,7:40 PM ET,8h ago,home,Wyoming Cowboys,3.0,0.0,0.0,45.5,0.0,0.0,142.0,0.0,0.0
2026-09-21T03:56:29,cfb,cfb_20260926_hawaii_rainbow_warriors_wyoming_cowboys,20260926CFB00241,DK,draftkings,change,15,2026-09-20T15:45:00,Sep 20,3:45 PM ET,12h ago,away,Hawaii Rainbow Warriors,,0.0,0.0,45.5,100.0,100.0,-198.0,100.0,100.0
2026-09-21T03:56:29,cfb,cfb_20260926_hawaii_rainbow_warriors_wyoming_cowboys,20260926CFB00241,DK,draftkings,change,15,2026-09-20T15:45:00,Sep 20,3:45 PM ET,12h ago,home,Wyoming Cowboys,,0.0,0.0,45.5,0.0,0.0,164.0,0.0,0.0
2026-09-21T03:56:29,cfb,cfb_20260926_hawaii_rainbow_warriors_wyoming_cowboys,20260926CFB00241,DK,draftkings,change,16,2026-09-20T12:30:00,Sep 20,12:30 PM ET,15h ago,away,Hawaii Rainbow Warriors,,0.0,0.0,,0.0,0.0,-205.0,100.0,100.0
2026-09-21T03:56:29,cfb,cfb_20260926_hawaii_rainbow_warriors_wyoming_cowboys,20260926CFB00241,DK,draftkings,change,16,2026-09-20T12:30:00,Sep 20,12:30 PM ET,15h ago,home,Wyoming Cowboys,,0.0,0.0,,0.0,0.0,170.0,0.0,0.0
2026-09-21T03:56:30,cfb,cfb_20260926_hawaii_rainbow_warriors_wyoming_cowboys,20260926CFB00241,CIRCA,circa,open,1,2026-09-20T15:05:00,Sep 20,3:05 PM ET,12h ago,away,Hawaii Rainbow Warriors,-4.5,100.0,100.0,45.0,50.0,50.0,,50.0,50.0
2026-09-21T03:56:30,cfb,cfb_20260926_hawaii_rainbow_warriors_wyoming_cowboys,20260926CFB00241,CIRCA,circa,open,1,2026-09-20T15:05:00,Sep 20,3:05 PM ET,12h ago,home,Wyoming Cowboys,4.5,0.0,0.0,45.0,50.0,50.0,,50.0,50.0
2026-09-21T03:56:30,cfb,cfb_20260926_hawaii_rainbow_warriors_wyoming_cowboys,20260926CFB00241,CIRCA,circa,change,2,2026-09-20T22:25:00,Sep 20,10:25 PM ET,5h ago,away,Hawaii Rainbow Warriors,-3.5,35.0,33.0,45.0,50.0,50.0,,50.0,50.0
2026-09-21T03:56:30,cfb,cfb_20260926_hawaii_rainbow_warriors_wyoming_cowboys,20260926CFB00241,CIRCA,circa,change,2,2026-09-20T22:25:00,Sep 20,10:25 PM ET,5h ago,home,Wyoming Cowboys,3.5,65.0,67.0,45.0,50.0,50.0,,50.0,50.0
2026-09-21T03:56:30,cfb,cfb_20260926_hawaii_rainbow_warriors_wyoming_cowboys,20260926CFB00241,CIRCA,circa,change,3,2026-09-20T19:35:00,Sep 20,7:35 PM ET,8h ago,away,Hawaii Rainbow Warriors,-4.0,35.0,40.0,45.0,50.0,50.0,,50.0,50.0
2026-09-21T03:56:30,cfb,cfb_20260926_hawaii_rainbow_warriors_wyoming_cowboys,20260926CFB00241,CIRCA,circa,change,3,2026-09-20T19:35:00,Sep 20,7:35 PM ET,8h ago,home,Wyoming Cowboys,4.0,65.0,60.0,45.0,50.0,50.0,,50.0,50.0
2026-09-21T03:56:30,cfb,cfb_20260926_hawaii_rainbow_warriors_wyoming_cowboys,20260926CFB00241,CIRCA,circa,change,4,2026-09-20T19:00:00,Sep 20,7:00 PM ET,8h ago,away,Hawaii Rainbow Warriors,-4.0,40.0,50.0,45.0,50.0,50.0,,50.0,50.0
2026-09-21T03:56:30,cfb,cfb_20260926_hawaii_rainbow_warriors_wyoming_cowboys,20260926CFB00241,CIRCA,circa,change,4,2026-09-20T19:00:00,Sep 20,7:00 PM ET,8h ago,home,Wyoming Cowboys,4.0,60.0,50.0,45.0,50.0,50.0,,50.0,50.0
2026-09-21T03:56:30,cfb,cfb_20260926_hawaii_rainbow_warriors_wyoming_cowboys,20260926CFB00241,CIRCA,circa,change,5,2026-09-20T17:35:00,Sep 20,5:35 PM ET,10h ago,away,Hawaii Rainbow Warriors,-4.0,46.0,67.0,45.0,50.0,50.0,,50.0,50.0
2026-09-21T03:56:30,cfb,cfb_20260926_hawaii_rainbow_warriors_wyoming_cowboys,20260926CFB00241,CIRCA,circa,change,5,2026-09-20T17:35:00,Sep 20,5:35 PM ET,10h ago,home,Wyoming Cowboys,4.0,54.0,33.0,45.0,50.0,50.0,,50.0,50.0
2026-09-21T03:56:30,cfb,cfb_20260926_hawaii_rainbow_warriors_wyoming_cowboys,20260926CFB00241,CIRCA,circa,change,6,2026-09-20T15:05:00,Sep 20,3:05 PM ET,12h ago,away,Hawaii Rainbow Warriors,-4.5,100.0,100.0,45.0,50.0,50.0,,50.0,50.0
2026-09-21T03:56:30,cfb,cfb_20260926_hawaii_rainbow_warriors_wyoming_cowboys,20260926CFB00241,CIRCA,circa,change,6,2026-09-20T15:05:00,Sep 20,3:05 PM ET,12h ago,home,Wyoming Cowboys,4.5,0.0,0.0,45.0,50.0,50.0,,50.0,50.0
2026-09-21T03:56:31,cfb,cfb_20260926_tcu_horned_frogs_ucf_knights,20260926CFB00139,DK,draftkings,open,1,2026-09-20T14:00:00,Sep 20,2:00 PM ET,13h ago,away,TCU horned Frogs,-3.0,100.0,100.0,,0.0,0.0,,0.0,0.0
2026-09-21T03:56:31,cfb,cfb_20260926_tcu_horned_frogs_ucf_knights,20260926CFB00139,DK,draftkings,open,1,2026-09-20T14:00:00,Sep 20,2:00 PM ET,13h ago,home,UCF Knights,3.0,0.0,0.0,,0.0,0.0,,0.0,0.0
2026-09-21T03:56:31,cfb,cfb_20260926_tcu_horned_frogs_ucf_knights,20260926CFB00139,DK,draftkings,first_full,2,2026-09-20T18:25:00,Sep 20,6:25 PM ET,9h ago,away,TCU horned Frogs,-3.0,100.0,100.0,49.5,100.0,100.0,-162.0,100.0,100.0
2026-09-21T03:56:31,cfb,cfb_20260926_tcu_horned_frogs_ucf_knights,20260926CFB00139,DK,draftkings,first_full,2,2026-09-20T18:25:00,Sep 20,6:25 PM ET,9h ago,home,UCF Knights,3.0,0.0,0.0,49.5,0.0,0.0,136.0,0.0,0.0
2026-09-21T03:56:31,cfb,cfb_20260926_tcu_horned_frogs_ucf_knights,20260926CFB00139,DK,draftkings,change,3,2026-09-21T02:25:00,Sep 21,2:25 AM ET,1h ago,away,TCU horned Frogs,-3.0,79.0,38.0,49.5,100.0,100.0,-162.0,8.0,42.0
2026-09-21T03:56:31,cfb,cfb_20260926_tcu_horned_frogs_ucf_knights,20260926CFB00139,DK,draftkings,change,3,2026-09-21T02:25:00,Sep 21,2:25 AM ET,1h ago,home,UCF Knights,3.0,21.0,62.0,49.5,0.0,0.0,136.0,92.0,58.0
2026-09-21T03:56:31,cfb,cfb_20260926_tcu_horned_frogs_ucf_knights,20260926CFB00139,DK,draftkings,change,4,2026-09-20T22:10:00,Sep 20,10:10 PM ET,5h ago,away,TCU horned Frogs,-3.0,79.0,42.0,49.5,100.0,100.0,-162.0,8.0,42.0
2026-09-21T03:56:31,cfb,cfb_20260926_tcu_horned_frogs_ucf_knights,20260926CFB00139,DK,draftkings,change,4,2026-09-20T22:10:00,Sep 20,10:10 PM ET,5h ago,home,UCF Knights,3.0,21.0,58.0,49.5,0.0,0.0,136.0,92.0,58.0
2026-09-21T03:56:31,cfb,cfb_20260926_tcu_horned_frogs_ucf_knights,20260926CFB00139,DK,draftkings,change,5,2026-09-20T22:00:00,Sep 20,10:00 PM ET,5h ago,away,TCU horned Frogs,-3.0,79.0,36.0,49.5,100.0,100.0,-162.0,41.0,71.0
2026-09-21T03:56:31,cfb,cfb_20260926_tcu_horned_frogs_ucf_knights,20260926CFB00139,DK,draftkings,change,5,2026-09-20T22:00:00,Sep 20,10:00 PM ET,5h ago,home,UCF Knights,3.0,21.0,64.0,49.5,0.0,0.0,136.0,59.0,29.0
2026-09-21T03:56:31,cfb,cfb_20260926_tcu_horned_frogs_ucf_knights,20260926CFB00139,DK,draftkings,change,6,2026-09-20T21:50:00,Sep 20,9:50 PM ET,6h ago,away,TCU horned Frogs,-3.0,79.0,36.0,49.5,100.0,100.0,-162.0,16.0,67.0
2026-09-21T03:56:31,cfb,cfb_20260926_tcu_horned_frogs_ucf_knights,20260926CFB00139,DK,draftkings,change,6,2026-09-20T21:50:00,Sep 20,9:50 PM ET,6h ago,home,UCF Knights,3.0,21.0,64.0,49.5,0.0,0.0,136.0,84.0,33.0
2026-09-21T03:56:31,cfb,cfb_20260926_tcu_horned_frogs_ucf_knights,20260926CFB00139,DK,draftkings,change,7,2026-09-20T21:40:00,Sep 20,9:40 PM ET,6h ago,away,TCU horned Frogs,-3.0,79.0,30.0,49.5,100.0,100.0,-162.0,14.0,60.0
2026-09-21T03:56:31,cfb,cfb_20260926_tcu_horned_frogs_ucf_knights,20260926CFB00139,DK,draftkings,change,7,2026-09-20T21:40:00,Sep 20,9:40 PM ET,6h ago,home,UCF Knights,3.0,21.0,70.0,49.5,0.0,0.0,136.0,86.0,40.0
2026-09-21T03:56:31,cfb,cfb_20260926_tcu_horned_frogs_ucf_knights,20260926CFB00139,DK,draftkings,change,8,2026-09-20T21:30:00,Sep 20,9:30 PM ET,6h ago,away,TCU horned Frogs,-3.0,77.0,25.0,49.5,100.0,100.0,-162.0,14.0,60.0
2026-09-21T03:56:31,cfb,cfb_20260926_tcu_horned_frogs_ucf_knights,20260926CFB00139,DK,draftkings,change,8,2026-09-20T21:30:00,Sep 20,9:30 PM ET,6h ago,home,UCF Knights,3.0,23.0,75.0,49.5,0.0,0.0,136.0,86.0,40.0
2026-09-21T03:56:31,cfb,cfb_20260926_tcu_horned_frogs_ucf_knights,20260926CFB00139,DK,draftkings,change,9,2026-09-20T21:15:00,Sep 20,9:15 PM ET,6h ago,away,TCU horned Frogs,-3.0,77.0,25.0,49.5,100.0,100.0,-162.0,14.0,75.0
2026-09-21T03:56:31,cfb,cfb_20260926_tcu_horned_frogs_ucf_knights,20260926CFB00139,DK,draftkings,change,9,2026-09-20T21:15:00,Sep 20,9:15 PM ET,6h ago,home,UCF Knights,3.0,23.0,75.0,49.5,0.0,0.0,136.0,86.0,25.0
2026-09-21T03:56:31,cfb,cfb_20260926_tcu_horned_frogs_ucf_knights,20260926CFB00139,DK,draftkings,change,10,2026-09-20T20:20:00,Sep 20,8:20 PM ET,7h ago,away,TCU horned Frogs,-3.0,77.0,25.0,49.5,100.0,100.0,-162.0,100.0,100.0
2026-09-21T03:56:31,cfb,cfb_20260926_tcu_horned_frogs_ucf_knights,20260926CFB00139,DK,draftkings,change,10,2026-09-20T20:20:00,Sep 20,8:20 PM ET,7h ago,home,UCF Knights,3.0,23.0,75.0,49.5,0.0,0.0,136.0,0.0,0.0
2026-09-21T03:56:31,cfb,cfb_20260926_tcu_horned_frogs_ucf_knights,20260926CFB00139,DK,draftkings,change,11,2026-09-20T20:15:00,Sep 20,8:15 PM ET,7h ago,away,TCU horned Frogs,-3.0,100.0,29.0,49.5,100.0,100.0,-162.0,100.0,100.0
2026-09-21T03:56:31,cfb,cfb_20260926_tcu_horned_frogs_ucf_knights,20260926CFB00139,DK,draftkings,change,11,2026-09-20T20:15:00,Sep 20,8:15 PM ET,7h ago,home,UCF Knights,3.0,0.0,71.0,49.5,0.0,0.0,136.0,0.0,0.0
2026-09-21T03:56:31,cfb,cfb_20260926_tcu_horned_frogs_ucf_knights,20260926CFB00139,DK,draftkings,change,12,2026-09-20T19:55:00,Sep 20,7:55 PM ET,8h ago,away,TCU horned Frogs,-3.0,100.0,17.0,49.5,100.0,100.0,-162.0,100.0,100.0
2026-09-21T03:56:31,cfb,cfb_20260926_tcu_horned_frogs_ucf_knights,20260926CFB00139,DK,draftkings,change,12,2026-09-20T19:55:00,Sep 20,7:55 PM ET,8h ago,home,UCF Knights,3.0,0.0,83.0,49.5,0.0,0.0,136.0,0.0,0.0
2026-09-21T03:56:31,cfb,cfb_20260926_tcu_horned_frogs_ucf_knights,20260926CFB00139,DK,draftkings,change,13,2026-09-20T19:50:00,Sep 20,7:50 PM ET,8h ago,away,TCU horned Frogs,-3.0,100.0,20.0,49.5,100.0,100.0,-162.0,100.0,100.0
2026-09-21T03:56:31,cfb,cfb_20260926_tcu_horned_frogs_ucf_knights,20260926CFB00139,DK,draftkings,change,13,2026-09-20T19:50:00,Sep 20,7:50 PM ET,8h ago,home,UCF Knights,3.0,0.0,80.0,49.5,0.0,0.0,136.0,0.0,0.0
2026-09-21T03:56:31,cfb,cfb_20260926_tcu_horned_frogs_ucf_knights,20260926CFB00139,DK,draftkings,change,14,2026-09-20T19:40:00,Sep 20,7:40 PM ET,8h ago,away,TCU horned Frogs,-3.0,100.0,25.0,49.5,100.0,100.0,-162.0,100.0,100.0
2026-09-21T03:56:31,cfb,cfb_20260926_tcu_horned_frogs_ucf_knights,20260926CFB00139,DK,draftkings,change,14,2026-09-20T19:40:00,Sep 20,7:40 PM ET,8h ago,home,UCF Knights,3.0,0.0,75.0,49.5,0.0,0.0,136.0,0.0,0.0
2026-09-21T03:56:31,cfb,cfb_20260926_tcu_horned_frogs_ucf_knights,20260926CFB00139,DK,draftkings,change,15,2026-09-20T19:30:00,Sep 20,7:30 PM ET,8h ago,away,TCU horned Frogs,-3.0,100.0,33.0,49.5,100.0,100.0,-162.0,100.0,100.0
2026-09-21T03:56:31,cfb,cfb_20260926_tcu_horned_frogs_ucf_knights,20260926CFB00139,DK,draftkings,change,15,2026-09-20T19:30:00,Sep 20,7:30 PM ET,8h ago,home,UCF Knights,3.0,0.0,67.0,49.5,0.0,0.0,136.0,0.0,0.0
2026-09-21T03:56:31,cfb,cfb_20260926_tcu_horned_frogs_ucf_knights,20260926CFB00139,DK,draftkings,change,16,2026-09-20T18:40:00,Sep 20,6:40 PM ET,9h ago,away,TCU horned Frogs,-3.0,100.0,50.0,49.5,100.0,100.0,-162.0,100.0,100.0
2026-09-21T03:56:31,cfb,cfb_20260926_tcu_horned_frogs_ucf_knights,20260926CFB00139,DK,draftkings,change,16,2026-09-20T18:40:00,Sep 20,6:40 PM ET,9h ago,home,UCF Knights,3.0,0.0,50.0,49.5,0.0,0.0,136.0,0.0,0.0
2026-09-21T03:56:31,cfb,cfb_20260926_tcu_horned_frogs_ucf_knights,20260926CFB00139,DK,draftkings,change,17,2026-09-20T18:25:00,Sep 20,6:25 PM ET,9h ago,away,TCU horned Frogs,-3.0,100.0,100.0,49.5,100.0,100.0,-162.0,100.0,100.0
2026-09-21T03:56:31,cfb,cfb_20260926_tcu_horned_frogs_ucf_knights,20260926CFB00139,DK,draftkings,change,17,2026-09-20T18:25:00,Sep 20,6:25 PM ET,9h ago,home,UCF Knights,3.0,0.0,0.0,49.5,0.0,0.0,136.0,0.0,0.0
2026-09-21T03:56:31,cfb,cfb_20260926_tcu_horned_frogs_ucf_knights,20260926CFB00139,DK,draftkings,change,18,2026-09-20T15:45:00,Sep 20,3:45 PM ET,12h ago,away,TCU horned Frogs,-3.0,100.0,100.0,51.5,100.0,100.0,,0.0,0.0
2026-09-21T03:56:31,cfb,cfb_20260926_tcu_horned_frogs_ucf_knights,20260926CFB00139,DK,draftkings,change,18,2026-09-20T15:45:00,Sep 20,3:45 PM ET,12h ago,home,UCF Knights,3.0,0.0,0.0,51.5,0.0,0.0,,0.0,0.0
2026-09-21T03:56:31,cfb,cfb_20260926_tcu_horned_frogs_ucf_knights,20260926CFB00139,DK,draftkings,change,19,2026-09-20T14:00:00,Sep 20,2:00 PM ET,13h ago,away,TCU horned Frogs,-3.0,100.0,100.0,,0.0,0.0,,0.0,0.0
2026-09-21T03:56:31,cfb,cfb_20260926_tcu_horned_frogs_ucf_knights,20260926CFB00139,DK,draftkings,change,19,2026-09-20T14:00:00,Sep 20,2:00 PM ET,13h ago,home,UCF Knights,3.0,0.0,0.0,,0.0,0.0,,0.0,0.0
2026-09-21T03:56:33,cfb,cfb_20260926_tcu_horned_frogs_ucf_knights,20260926CFB00139,CIRCA,circa,open,1,2026-09-20T15:00:00,Sep 20,3:00 PM ET,12h ago,away,TCU horned Frogs,-3.0,0.0,0.0,51.5,50.0,50.0,,50.0,50.0
2026-09-21T03:56:33,cfb,cfb_20260926_tcu_horned_frogs_ucf_knights,20260926CFB00139,CIRCA,circa,open,1,2026-09-20T15:00:00,Sep 20,3:00 PM ET,12h ago,home,UCF Knights,3.0,100.0,100.0,51.5,50.0,50.0,,50.0,50.0
2026-09-21T03:56:33,cfb,cfb_20260926_tcu_horned_frogs_ucf_knights,20260926CFB00139,CIRCA,circa,first_full,2,2026-09-20T20:05:00,Sep 20,8:05 PM ET,7h ago,away,TCU horned Frogs,-3.0,13.0,50.0,49.5,51.0,67.0,,50.0,50.0
2026-09-21T03:56:33,cfb,cfb_20260926_tcu_horned_frogs_ucf_knights,20260926CFB00139,CIRCA,circa,first_full,2,2026-09-20T20:05:00,Sep 20,8:05 PM ET,7h ago,home,UCF Knights,3.0,87.0,50.0,49.5,49.0,33.0,,50.0,50.0
2026-09-21T03:56:33,cfb,cfb_20260926_tcu_horned_frogs_ucf_knights,20260926CFB00139,CIRCA,circa,change,3,2026-09-20T20:05:00,Sep 20,8:05 PM ET,7h ago,away,TCU horned Frogs,-3.0,13.0,50.0,49.5,51.0,67.0,,50.0,50.0
2026-09-21T03:56:33,cfb,cfb_20260926_tcu_horned_frogs_ucf_knights,20260926CFB00139,CIRCA,circa,change,3,2026-09-20T20:05:00,Sep 20,8:05 PM ET,7h ago,home,UCF Knights,3.0,87.0,50.0,49.5,49.0,33.0,,50.0,50.0
2026-09-21T03:56:33,cfb,cfb_20260926_tcu_horned_frogs_ucf_knights,20260926CFB00139,CIRCA,circa,change,4,2026-09-20T18:20:00,Sep 20,6:20 PM ET,9h ago,away,TCU horned Frogs,-3.0,0.0,0.0,49.5,51.0,67.0,,50.0,50.0
2026-09-21T03:56:33,cfb,cfb_20260926_tcu_horned_frogs_ucf_knights,20260926CFB00139,CIRCA,circa,change,4,2026-09-20T18:20:00,Sep 20,6:20 PM ET,9h ago,home,UCF Knights,3.0,100.0,100.0,49.5,49.0,33.0,,50.0,50.0
2026-09-21T03:56:33,cfb,cfb_20260926_tcu_horned_frogs_ucf_knights,20260926CFB00139,CIRCA,circa,change,5,2026-09-20T15:00:00,Sep 20,3:00 PM ET,12h ago,away,TCU horned Frogs,-3.0,0.0,0.0,51.5,50.0,50.0,,50.0,50.0
2026-09-21T03:56:33,cfb,cfb_20260926_tcu_horned_frogs_ucf_knights,20260926CFB00139,CIRCA,circa,change,5,2026-09-20T15:00:00,Sep 20,3:00 PM ET,12h ago,home,UCF Knights,3.0,100.0,100.0,51.5,50.0,50.0,,50.0,50.0
2026-09-21T03:56:34,cfb,cfb_20260926_ole_miss_rebels_florida_gators,20260926CFB00151,DK,draftkings,open,1,2026-09-19T23:30:00,Sep 19,11:30 PM ET,1d ago,away,Ole Miss Rebels,-1.5,8.0,67.0,58.5,5.0,50.0,-115.0,4.0,60.0
2026-09-21T03:56:34,cfb,cfb_20260926_ole_miss_rebels_florida_gators,20260926CFB00151,DK,draftkings,open,1,2026-09-19T23:30:00,Sep 19,11:30 PM ET,1d ago,home,Florida Gators,1.5,92.0,33.0,58.5,95.0,50.0,-105.0,96.0,40.0
2026-09-21T03:56:34,cfb,cfb_20260926_ole_miss_rebels_florida_gators,20260926CFB00151,DK,draftkings,change,2,2026-09-21T02:20:00,Sep 21,2:20 AM ET,1h ago,away,Ole Miss Rebels,3.0,34.0,78.0,60.5,82.0,81.0,136.0,39.0,68.0
2026-09-21T03:56:34,cfb,cfb_20260926_ole_miss_rebels_florida_gators,20260926CFB00151,DK,draftkings,change,2,2026-09-21T02:20:00,Sep 21,2:20 AM ET,1h ago,home,Florida Gators,-3.0,66.0,22.0,60.5,18.0,19.0,-162.0,61.0,32.0
2026-09-21T03:56:34,cfb,cfb_20260926_ole_miss_rebels_florida_gators,20260926CFB00151,DK,draftkings,change,3,2026-09-21T01:50:00,Sep 21,1:50 AM ET,2h ago,away,Ole Miss Rebels,3.0,34.0,77.0,60.5,82.0,81.0,136.0,39.0,68.0
2026-09-21T03:56:34,cfb,cfb_20260926_ole_miss_rebels_florida_gators,20260926CFB00151,DK,draftkings,change,3,2026-09-21T01:50:00,Sep 21,1:50 AM ET,2h ago,home,Florida Gators,-3.0,66.0,23.0,60.5,18.0,19.0,-162.0,61.0,32.0
2026-09-21T03:56:34,cfb,cfb_20260926_ole_miss_rebels_florida_gators,20260926CFB00151,DK,draftkings,change,4,2026-09-21T01:00:00,Sep 21,1:00 AM ET,2h ago,away,Ole Miss Rebels,3.0,34.0,78.0,60.5,82.0,81.0,136.0,39.0,68.0
2026-09-21T03:56:34,cfb,cfb_20260926_ole_miss_rebels_florida_gators,20260926CFB00151,DK,draftkings,change,4,2026-09-21T01:00:00,Sep 21,1:00 AM ET,2h ago,home,Florida Gators,-3.0,66.0,22.0,60.5,18.0,19.0,-162.0,61.0,32.0
2026-09-21T03:56:34,cfb,cfb_20260926_ole_miss_rebels_florida_gators,20260926CFB00151,DK,draftkings,change,5,2026-09-21T00:10:00,Sep 21,12:10 AM ET,3h ago,away,Ole Miss Rebels,3.0,34.0,78.0,60.5,82.0,81.0,136.0,39.0,67.0
2026-09-21T03:56:34,cfb,cfb_20260926_ole_miss_rebels_florida_gators,20260926CFB00151,DK,draftkings,change,5,2026-09-21T00:10:00,Sep 21,12:10 AM ET,3h ago,home,Florida Gators,-3.0,66.0,22.0,60.5,18.0,19.0,-162.0,61.0,33.0
2026-09-21T03:56:34,cfb,cfb_20260926_ole_miss_rebels_florida_gators,20260926CFB00151,DK,draftkings,change,6,2026-09-21T00:00:00,Sep 21,12:00 AM ET,3h ago,away,Ole Miss Rebels,3.0,34.0,77.0,60.5,82.0,80.0,136.0,38.0,66.0
2026-09-21T03:56:34,cfb,cfb_20260926_ole_miss_rebels_florida_gators,20260926CFB00151,DK,draftkings,change,6,2026-09-21T00:00:00,Sep 21,12:00 AM ET,3h ago,home,Florida Gators,-3.0,66.0,23.0,60.5,18.0,20.0,-162.0,62.0,34.0
2026-09-21T03:56:34,cfb,cfb_20260926_ole_miss_rebels_florida_gators,20260926CFB00151,DK,draftkings,change,7,2026-09-20T23:25:00,Sep 20,11:25 PM ET,4h ago,away,Ole Miss Rebels,3.0,33.0,77.0,60.5,82.0,80.0,136.0,38.0,66.0
2026-09-21T03:56:34,cfb,cfb_20260926_ole_miss_rebels_florida_gators,20260926CFB00151,DK,draftkings,change,7,2026-09-20T23:25:00,Sep 20,11:25 PM ET,4h ago,home,Florida Gators,-3.0,67.0,23.0,60.5,18.0,20.0,-162.0,62.0,34.0
2026-09-21T03:56:34,cfb,cfb_20260926_ole_miss_rebels_florida_gators,20260926CFB00151,DK,draftkings,change,8,2026-09-20T23:15:00,Sep 20,11:15 PM ET,4h ago,away,Ole Miss Rebels,3.0,32.0,77.0,60.5,82.0,80.0,136.0,38.0,66.0
2026-09-21T03:56:34,cfb,cfb_20260926_ole_miss_rebels_florida_gators,20260926CFB00151,DK,draftkings,change,8,2026-09-20T23:15:00,Sep 20,11:15 PM ET,4h ago,home,Florida Gators,-3.0,68.0,23.0,60.5,18.0,20.0,-162.0,62.0,34.0
2026-09-21T03:56:34,cfb,cfb_20260926_ole_miss_rebels_florida_gators,20260926CFB00151,DK,draftkings,change,9,2026-09-20T23:10:00,Sep 20,11:10 PM ET,4h ago,away,Ole Miss Rebels,3.0,32.0,76.0,60.5,82.0,80.0,136.0,35.0,66.0
2026-09-21T03:56:34,cfb,cfb_20260926_ole_miss_rebels_florida_gators,20260926CFB00151,DK,draftkings,change,9,2026-09-20T23:10:00,Sep 20,11:10 PM ET,4h ago,home,Florida Gators,-3.0,68.0,24.0,60.5,18.0,20.0,-162.0,65.0,34.0
2026-09-21T03:56:34,cfb,cfb_20260926_ole_miss_rebels_florida_gators,20260926CFB00151,DK,draftkings,change,10,2026-09-20T23:00:00,Sep 20,11:00 PM ET,4h ago,away,Ole Miss Rebels,3.0,33.0,78.0,60.5,82.0,80.0,136.0,34.0,66.0
2026-09-21T03:56:34,cfb,cfb_20260926_ole_miss_rebels_florida_gators,20260926CFB00151,DK,draftkings,change,10,2026-09-20T23:00:00,Sep 20,11:00 PM ET,4h ago,home,Florida Gators,-3.0,67.0,22.0,60.5,18.0,20.0,-162.0,66.0,34.0
2026-09-21T03:56:34,cfb,cfb_20260926_ole_miss_rebels_florida_gators,20260926CFB00151,DK,draftkings,change,11,2026-09-20T22:50:00,Sep 20,10:50 PM ET,5h ago,away,Ole Miss Rebels,3.0,32.0,78.0,60.5,82.0,80.0,136.0,31.0,65.0
2026-09-21T03:56:34,cfb,cfb_20260926_ole_miss_rebels_florida_gators,20260926CFB00151,DK,draftkings,change,11,2026-09-20T22:50:00,Sep 20,10:50 PM ET,5h ago,home,Florida Gators,-3.0,68.0,22.0,60.5,18.0,20.0,-162.0,69.0,35.0
2026-09-21T03:56:34,cfb,cfb_20260926_ole_miss_rebels_florida_gators,20260926CFB00151,DK,draftkings,change,12,2026-09-20T22:30:00,Sep 20,10:30 PM ET,5h ago,away,Ole Miss Rebels,3.0,31.0,78.0,60.5,82.0,80.0,136.0,30.0,65.0
2026-09-21T03:56:34,cfb,cfb_20260926_ole_miss_rebels_florida_gators,20260926CFB00151,DK,draftkings,change,12,2026-09-20T22:30:00,Sep 20,10:30 PM ET,5h ago,home,Florida Gators,-3.0,69.0,22.0,60.5,18.0,20.0,-162.0,70.0,35.0
2026-09-21T03:56:34,cfb,cfb_20260926_ole_miss_rebels_florida_gators,20260926CFB00151,DK,draftkings,change,13,2026-09-20T22:15:00,Sep 20,10:15 PM ET,5h ago,away,Ole Miss Rebels,3.0,31.0,77.0,60.5,82.0,80.0,136.0,30.0,65.0
2026-09-21T03:56:34,cfb,cfb_20260926_ole_miss_rebels_florida_gators,20260926CFB00151,DK,draftkings,change,13,2026-09-20T22:15:00,Sep 20,10:15 PM ET,5h ago,home,Florida Gators,-3.0,69.0,23.0,60.5,18.0,20.0,-162.0,70.0,35.0
2026-09-21T03:56:34,cfb,cfb_20260926_ole_miss_rebels_florida_gators,20260926CFB00151,DK,draftkings,change,14,2026-09-20T22:00:00,Sep 20,10:00 PM ET,5h ago,away,Ole Miss Rebels,3.0,31.0,77.0,60.5,82.0,80.0,136.0,30.0,64.0
2026-09-21T03:56:34,cfb,cfb_20260926_ole_miss_rebels_florida_gators,20260926CFB00151,DK,draftkings,change,14,2026-09-20T22:00:00,Sep 20,10:00 PM ET,5h ago,home,Florida Gators,-3.0,69.0,23.0,60.5,18.0,20.0,-162.0,70.0,36.0
2026-09-21T03:56:34,cfb,cfb_20260926_ole_miss_rebels_florida_gators,20260926CFB00151,DK,draftkings,change,15,2026-09-20T21:50:00,Sep 20,9:50 PM ET,6h ago,away,Ole Miss Rebels,3.0,31.0,76.0,60.5,82.0,80.0,136.0,30.0,64.0
2026-09-21T03:56:34,cfb,cfb_20260926_ole_miss_rebels_florida_gators,20260926CFB00151,DK,draftkings,change,15,2026-09-20T21:50:00,Sep 20,9:50 PM ET,6h ago,home,Florida Gators,-3.0,69.0,24.0,60.5,18.0,20.0,-162.0,70.0,36.0
2026-09-21T03:56:34,cfb,cfb_20260926_ole_miss_rebels_florida_gators,20260926CFB00151,DK,draftkings,change,16,2026-09-20T21:40:00,Sep 20,9:40 PM ET,6h ago,away,Ole Miss Rebels,3.0,31.0,76.0,60.5,82.0,79.0,136.0,30.0,64.0
2026-09-21T03:56:34,cfb,cfb_20260926_ole_miss_rebels_florida_gators,20260926CFB00151,DK,draftkings,change,16,2026-09-20T21:40:00,Sep 20,9:40 PM ET,6h ago,home,Florida Gators,-3.0,69.0,24.0,60.5,18.0,21.0,-162.0,70.0,36.0
2026-09-21T03:56:34,cfb,cfb_20260926_ole_miss_rebels_florida_gators,20260926CFB00151,DK,draftkings,change,17,2026-09-20T21:30:00,Sep 20,9:30 PM ET,6h ago,away,Ole Miss Rebels,3.0,31.0,74.0,60.5,82.0,79.0,136.0,30.0,64.0
2026-09-21T03:56:34,cfb,cfb_20260926_ole_miss_rebels_florida_gators,20260926CFB00151,DK,draftkings,change,17,2026-09-20T21:30:00,Sep 20,9:30 PM ET,6h ago,home,Florida Gators,-3.0,69.0,26.0,60.5,18.0,21.0,-162.0,70.0,36.0
2026-09-21T03:56:34,cfb,cfb_20260926_ole_miss_rebels_florida_gators,20260926CFB00151,DK,draftkings,change,18,2026-09-20T21:20:00,Sep 20,9:20 PM ET,6h ago,away,Ole Miss Rebels,3.0,31.0,75.0,60.5,82.0,79.0,136.0,28.0,63.0
2026-09-21T03:56:34,cfb,cfb_20260926_ole_miss_rebels_florida_gators,20260926CFB00151,DK,draftkings,change,18,2026-09-20T21:20:00,Sep 20,9:20 PM ET,6h ago,home,Florida Gators,-3.0,69.0,25.0,60.5,18.0,21.0,-162.0,72.0,37.0
2026-09-21T03:56:34,cfb,cfb_20260926_ole_miss_rebels_florida_gators,20260926CFB00151,DK,draftkings,change,19,2026-09-20T21:15:00,Sep 20,9:15 PM ET,6h ago,away,Ole Miss Rebels,3.0,29.0,74.0,60.5,82.0,79.0,136.0,28.0,62.0
2026-09-21T03:56:34,cfb,cfb_20260926_ole_miss_rebels_florida_gators,20260926CFB00151,DK,draftkings,change,19,2026-09-20T21:15:00,Sep 20,9:15 PM ET,6h ago,home,Florida Gators,-3.0,71.0,26.0,60.5,18.0,21.0,-162.0,72.0,38.0
2026-09-21T03:56:34,cfb,cfb_20260926_ole_miss_rebels_florida_gators,20260926CFB00151,DK,draftkings,change,20,2026-09-20T20:40:00,Sep 20,8:40 PM ET,7h ago,away,Ole Miss Rebels,3.0,29.0,74.0,61.5,82.0,77.0,136.0,28.0,61.0
2026-09-21T03:56:34,cfb,cfb_20260926_ole_miss_rebels_florida_gators,20260926CFB00151,DK,draftkings,change,20,2026-09-20T20:40:00,Sep 20,8:40 PM ET,7h ago,home,Florida Gators,-3.0,71.0,26.0,61.5,18.0,23.0,-162.0,72.0,39.0
2026-09-21T03:56:34,cfb,cfb_20260926_ole_miss_rebels_florida_gators,20260926CFB00151,DK,draftkings,change,21,2026-09-20T20:30:00,Sep 20,8:30 PM ET,7h ago,away,Ole Miss Rebels,3.0,29.0,74.0,61.5,96.0,83.0,136.0,27.0,61.0
2026-09-21T03:56:34,cfb,cfb_20260926_ole_miss_rebels_florida_gators,20260926CFB00151,DK,draftkings,change,21,2026-09-20T20:30:00,Sep 20,8:30 PM ET,7h ago,home,Florida Gators,-3.0,71.0,26.0,61.5,4.0,17.0,-162.0,73.0,39.0
2026-09-21T03:56:34,cfb,cfb_20260926_ole_miss_rebels_florida_gators,20260926CFB00151,DK,draftkings,change,22,2026-09-20T20:20:00,Sep 20,8:20 PM ET,7h ago,away,Ole Miss Rebels,3.0,34.0,75.0,61.5,96.0,83.0,136.0,27.0,61.0
2026-09-21T03:56:34,cfb,cfb_20260926_ole_miss_rebels_florida_gators,20260926CFB00151,DK,draftkings,change,22,2026-09-20T20:20:00,Sep 20,8:20 PM ET,7h ago,home,Florida Gators,-3.0,66.0,25.0,61.5,4.0,17.0,-162.0,73.0,39.0
2026-09-21T03:56:34,cfb,cfb_20260926_ole_miss_rebels_florida_gators,20260926CFB00151,DK,draftkings,change,23,2026-09-20T20:15:00,Sep 20,8:15 PM ET,7h ago,away,Ole Miss Rebels,3.0,33.0,75.0,61.5,96.0,83.0,136.0,27.0,60.0
2026-09-21T03:56:34,cfb,cfb_20260926_ole_miss_rebels_florida_gators,20260926CFB00151,DK,draftkings,change,23,2026-09-20T20:15:00,Sep 20,8:15 PM ET,7h ago,home,Florida Gators,-3.0,67.0,25.0,61.5,4.0,17.0,-162.0,73.0,40.0
2026-09-21T03:56:34,cfb,cfb_20260926_ole_miss_rebels_florida_gators,20260926CFB00151,DK,draftkings,change,24,2026-09-20T20:10:00,Sep 20,8:10 PM ET,7h ago,away,Ole Miss Rebels,3.0,33.0,74.0,61.5,96.0,83.0,136.0,27.0,60.0
2026-09-21T03:56:34,cfb,cfb_20260926_ole_miss_rebels_florida_gators,20260926CFB00151,DK,draftkings,change,24,2026-09-20T20:10:00,Sep 20,8:10 PM ET,7h ago,home,Florida Gators,-3.0,67.0,26.0,61.5,4.0,17.0,-162.0,73.0,40.0
2026-09-21T03:56:34,cfb,cfb_20260926_ole_miss_rebels_florida_gators,20260926CFB00151,DK,draftkings,change,25,2026-09-20T19:55:00,Sep 20,7:55 PM ET,8h ago,away,Ole Miss Rebels,3.0,33.0,74.0,61.5,96.0,83.0,136.0,27.0,59.0
2026-09-21T03:56:34,cfb,cfb_20260926_ole_miss_rebels_florida_gators,20260926CFB00151,DK,draftkings,change,25,2026-09-20T19:55:00,Sep 20,7:55 PM ET,8h ago,home,Florida Gators,-3.0,67.0,26.0,61.5,4.0,17.0,-162.0,73.0,41.0
2026-09-21T03:56:34,cfb,cfb_20260926_ole_miss_rebels_florida_gators,20260926CFB00151,DK,draftkings,change,26,2026-09-20T19:50:00,Sep 20,7:50 PM ET,8h ago,away,Ole Miss Rebels,3.0,33.0,72.0,61.5,96.0,83.0,136.0,27.0,59.0
2026-09-21T03:56:34,cfb,cfb_20260926_ole_miss_rebels_florida_gators,20260926CFB00151,DK,draftkings,change,26,2026-09-20T19:50:00,Sep 20,7:50 PM ET,8h ago,home,Florida Gators,-3.0,67.0,28.0,61.5,4.0,17.0,-162.0,73.0,41.0
2026-09-21T03:56:35,cfb,cfb_20260926_ole_miss_rebels_florida_gators,20260926CFB00151,CIRCA,circa,open,1,2026-09-20T15:00:00,Sep 20,3:00 PM ET,12h ago,away,Ole Miss Rebels,3.0,0.0,0.0,59.5,50.0,50.0,,50.0,50.0
2026-09-21T03:56:35,cfb,cfb_20260926_ole_miss_rebels_florida_gators,20260926CFB00151,CIRCA,circa,open,1,2026-09-20T15:00:00,Sep 20,3:00 PM ET,12h ago,home,Florida Gators,-3.0,100.0,100.0,59.5,50.0,50.0,,50.0,50.0
2026-09-21T03:56:35,cfb,cfb_20260926_ole_miss_rebels_florida_gators,20260926CFB00151,CIRCA,circa,first_full,2,2026-09-20T15:05:00,Sep 20,3:05 PM ET,12h ago,away,Ole Miss Rebels,3.0,8.0,50.0,59.5,50.0,50.0,,50.0,50.0
2026-09-21T03:56:35,cfb,cfb_20260926_ole_miss_rebels_florida_gators,20260926CFB00151,CIRCA,circa,first_full,2,2026-09-20T15:05:00,Sep 20,3:05 PM ET,12h ago,home,Florida Gators,-3.0,92.0,50.0,59.5,50.0,50.0,,50.0,50.0
2026-09-21T03:56:35,cfb,cfb_20260926_ole_miss_rebels_florida_gators,20260926CFB00151,CIRCA,circa,change,3,2026-09-21T01:10:00,Sep 21,1:10 AM ET,2h ago,away,Ole Miss Rebels,3.5,3.0,63.0,61.0,100.0,100.0,,50.0,50.0
2026-09-21T03:56:35,cfb,cfb_20260926_ole_miss_rebels_florida_gators,20260926CFB00151,CIRCA,circa,change,3,2026-09-21T01:10:00,Sep 21,1:10 AM ET,2h ago,home,Florida Gators,-3.5,97.0,38.0,61.0,0.0,0.0,,50.0,50.0
2026-09-21T03:56:35,cfb,cfb_20260926_ole_miss_rebels_florida_gators,20260926CFB00151,CIRCA,circa,change,4,2026-09-20T22:25:00,Sep 20,10:25 PM ET,5h ago,away,Ole Miss Rebels,3.0,9.0,67.0,61.0,100.0,100.0,,50.0,50.0
2026-09-21T03:56:35,cfb,cfb_20260926_ole_miss_rebels_florida_gators,20260926CFB00151,CIRCA,circa,change,4,2026-09-20T22:25:00,Sep 20,10:25 PM ET,5h ago,home,Florida Gators,-3.0,91.0,33.0,61.0,0.0,0.0,,50.0,50.0
2026-09-21T03:56:35,cfb,cfb_20260926_ole_miss_rebels_florida_gators,20260926CFB00151,CIRCA,circa,change,5,2026-09-20T22:20:00,Sep 20,10:20 PM ET,5h ago,away,Ole Miss Rebels,3.0,7.0,60.0,61.0,100.0,100.0,,50.0,50.0
2026-09-21T03:56:35,cfb,cfb_20260926_ole_miss_rebels_florida_gators,20260926CFB00151,CIRCA,circa,change,5,2026-09-20T22:20:00,Sep 20,10:20 PM ET,5h ago,home,Florida Gators,-3.0,93.0,40.0,61.0,0.0,0.0,,50.0,50.0
2026-09-21T03:56:35,cfb,cfb_20260926_ole_miss_rebels_florida_gators,20260926CFB00151,CIRCA,circa,change,6,2026-09-20T16:21:00,Sep 20,4:21 PM ET,11h ago,away,Ole Miss Rebels,3.0,13.0,75.0,59.5,100.0,100.0,,50.0,50.0
2026-09-21T03:56:35,cfb,cfb_20260926_ole_miss_rebels_florida_gators,20260926CFB00151,CIRCA,circa,change,6,2026-09-20T16:21:00,Sep 20,4:21 PM ET,11h ago,home,Florida Gators,-3.0,87.0,25.0,59.5,0.0,0.0,,50.0,50.0
2026-09-21T03:56:35,cfb,cfb_20260926_ole_miss_rebels_florida_gators,20260926CFB00151,CIRCA,circa,change,7,2026-09-20T15:46:00,Sep 20,3:46 PM ET,12h ago,away,Ole Miss Rebels,3.0,8.0,67.0,59.5,100.0,100.0,,50.0,50.0
2026-09-21T03:56:35,cfb,cfb_20260926_ole_miss_rebels_florida_gators,20260926CFB00151,CIRCA,circa,change,7,2026-09-20T15:46:00,Sep 20,3:46 PM ET,12h ago,home,Florida Gators,-3.0,92.0,33.0,59.5,0.0,0.0,,50.0,50.0
2026-09-21T03:56:35,cfb,cfb_20260926_ole_miss_rebels_florida_gators,20260926CFB00151,CIRCA,circa,change,8,2026-09-20T15:20:00,Sep 20,3:20 PM ET,12h ago,away,Ole Miss Rebels,3.0,8.0,67.0,59.5,50.0,50.0,,50.0,50.0
2026-09-21T03:56:35,cfb,cfb_20260926_ole_miss_rebels_florida_gators,20260926CFB00151,CIRCA,circa,change,8,2026-09-20T15:20:00,Sep 20,3:20 PM ET,12h ago,home,Florida Gators,-3.0,92.0,33.0,59.5,50.0,50.0,,50.0,50.0
2026-09-21T03:56:35,cfb,cfb_20260926_ole_miss_rebels_florida_gators,20260926CFB00151,CIRCA,circa,change,9,2026-09-20T15:05:00,Sep 20,3:05 PM ET,12h ago,away,Ole Miss Rebels,3.0,8.0,50.0,59.5,50.0,50.0,,50.0,50.0
2026-09-21T03:56:35,cfb,cfb_20260926_ole_miss_rebels_florida_gators,20260926CFB00151,CIRCA,circa,change,9,2026-09-20T15:05:00,Sep 20,3:05 PM ET,12h ago,home,Florida Gators,-3.0,92.0,50.0,59.5,50.0,50.0,,50.0,50.0
2026-09-21T03:56:35,cfb,cfb_20260926_ole_miss_rebels_florida_gators,20260926CFB00151,CIRCA,circa,change,10,2026-09-20T15:00:00,Sep 20,3:00 PM ET,12h ago,away,Ole Miss Rebels,3.0,0.0,0.0,59.5,50.0,50.0,,50.0,50.0
2026-09-21T03:56:35,cfb,cfb_20260926_ole_miss_rebels_florida_gators,20260926CFB00151,CIRCA,circa,change,10,2026-09-20T15:00:00,Sep 20,3:00 PM ET,12h ago,home,Florida Gators,-3.0,100.0,100.0,59.5,50.0,50.0,,50.0,50.0
2026-09-21T03:56:52,cfb,cfb_20260926_oklahoma_sooners_georgia_bulldogs,20260926CFB00155,DK,draftkings,open,1,2026-08-02T11:40:00,Aug 2,11:40 AM ET,49d ago,away,Oklahoma Sooners,,0.0,0.0,,0.0,0.0,310.0,0.0,0.0
2026-09-21T03:56:52,cfb,cfb_20260926_oklahoma_sooners_georgia_bulldogs,20260926CFB00155,DK,draftkings,open,1,2026-08-02T11:40:00,Aug 2,11:40 AM ET,49d ago,home,Georgia Bulldogs,,0.0,0.0,,0.0,0.0,-395.0,100.0,100.0
2026-09-21T03:56:52,cfb,cfb_20260926_oklahoma_sooners_georgia_bulldogs,20260926CFB00155,DK,draftkings,change,2,2026-09-21T02:50:00,Sep 21,2:50 AM ET,1h ago,away,Oklahoma Sooners,14.0,54.0,32.0,43.5,0.0,13.0,455.0,32.0,6.0
2026-09-21T03:56:52,cfb,cfb_20260926_oklahoma_sooners_georgia_bulldogs,20260926CFB00155,DK,draftkings,change,2,2026-09-21T02:50:00,Sep 21,2:50 AM ET,1h ago,home,Georgia Bulldogs,-14.0,46.0,68.0,43.5,100.0,88.0,-625.0,68.0,94.0
2026-09-21T03:56:52,cfb,cfb_20260926_oklahoma_sooners_georgia_bulldogs,20260926CFB00155,DK,draftkings,change,3,2026-09-21T02:20:00,Sep 21,2:20 AM ET,1h ago,away,Oklahoma Sooners,14.0,54.0,32.0,43.5,0.0,13.0,455.0,32.0,6.0
2026-09-21T03:56:52,cfb,cfb_20260926_oklahoma_sooners_georgia_bulldogs,20260926CFB00155,DK,draftkings,change,3,2026-09-21T02:20:00,Sep 21,2:20 AM ET,1h ago,home,Georgia Bulldogs,-14.0,46.0,68.0,43.5,100.0,87.0,-625.0,68.0,94.0
2026-09-21T03:56:52,cfb,cfb_20260926_oklahoma_sooners_georgia_bulldogs,20260926CFB00155,DK,draftkings,change,4,2026-09-21T01:50:00,Sep 21,1:50 AM ET,2h ago,away,Oklahoma Sooners,14.0,55.0,33.0,43.5,0.0,13.0,455.0,32.0,6.0
2026-09-21T03:56:52,cfb,cfb_20260926_oklahoma_sooners_georgia_bulldogs,20260926CFB00155,DK,draftkings,change,4,2026-09-21T01:50:00,Sep 21,1:50 AM ET,2h ago,home,Georgia Bulldogs,-14.0,45.0,67.0,43.5,100.0,87.0,-625.0,68.0,94.0
2026-09-21T03:56:52,cfb,cfb_20260926_oklahoma_sooners_georgia_bulldogs,20260926CFB00155,DK,draftkings,change,5,2026-09-21T00:20:00,Sep 21,12:20 AM ET,3h ago,away,Oklahoma Sooners,14.0,55.0,33.0,43.5,0.0,13.0,455.0,31.0,5.0
2026-09-21T03:56:52,cfb,cfb_20260926_oklahoma_sooners_georgia_bulldogs,20260926CFB00155,DK,draftkings,change,5,2026-09-21T00:20:00,Sep 21,12:20 AM ET,3h ago,home,Georgia Bulldogs,-14.0,45.0,67.0,43.5,100.0,87.0,-625.0,69.0,95.0
2026-09-21T03:56:52,cfb,cfb_20260926_oklahoma_sooners_georgia_bulldogs,20260926CFB00155,DK,draftkings,change,6,2026-09-21T00:10:00,Sep 21,12:10 AM ET,3h ago,away,Oklahoma Sooners,14.0,55.0,34.0,43.5,0.0,13.0,455.0,31.0,5.0
2026-09-21T03:56:52,cfb,cfb_20260926_oklahoma_sooners_georgia_bulldogs,20260926CFB00155,DK,draftkings,change,6,2026-09-21T00:10:00,Sep 21,12:10 AM ET,3h ago,home,Georgia Bulldogs,-14.0,45.0,66.0,43.5,100.0,87.0,-625.0,69.0,95.0
2026-09-21T03:56:52,cfb,cfb_20260926_oklahoma_sooners_georgia_bulldogs,20260926CFB00155,DK,draftkings,change,7,2026-09-21T00:00:00,Sep 21,12:00 AM ET,3h ago,away,Oklahoma Sooners,14.0,55.0,36.0,43.5,0.0,12.0,455.0,30.0,4.0
2026-09-21T03:56:52,cfb,cfb_20260926_oklahoma_sooners_georgia_bulldogs,20260926CFB00155,DK,draftkings,change,7,2026-09-21T00:00:00,Sep 21,12:00 AM ET,3h ago,home,Georgia Bulldogs,-14.0,45.0,64.0,43.5,100.0,88.0,-625.0,70.0,96.0
2026-09-21T03:56:52,cfb,cfb_20260926_oklahoma_sooners_georgia_bulldogs,20260926CFB00155,DK,draftkings,change,8,2026-09-20T23:15:00,Sep 20,11:15 PM ET,4h ago,away,Oklahoma Sooners,14.0,55.0,36.0,43.5,0.0,11.0,455.0,30.0,4.0
2026-09-21T03:56:52,cfb,cfb_20260926_oklahoma_sooners_georgia_bulldogs,20260926CFB00155,DK,draftkings,change,8,2026-09-20T23:15:00,Sep 20,11:15 PM ET,4h ago,home,Georgia Bulldogs,-14.0,45.0,64.0,43.5,100.0,89.0,-625.0,70.0,96.0
2026-09-21T03:56:52,cfb,cfb_20260926_oklahoma_sooners_georgia_bulldogs,20260926CFB00155,DK,draftkings,change,9,2026-09-20T23:10:00,Sep 20,11:10 PM ET,4h ago,away,Oklahoma Sooners,14.0,55.0,36.0,43.5,0.0,11.0,455.0,45.0,4.0
2026-09-21T03:56:52,cfb,cfb_20260926_oklahoma_sooners_georgia_bulldogs,20260926CFB00155,DK,draftkings,change,9,2026-09-20T23:10:00,Sep 20,11:10 PM ET,4h ago,home,Georgia Bulldogs,-14.0,45.0,64.0,43.5,100.0,89.0,-625.0,55.0,96.0
2026-09-21T03:56:52,cfb,cfb_20260926_oklahoma_sooners_georgia_bulldogs,20260926CFB00155,DK,draftkings,change,10,2026-09-20T23:00:00,Sep 20,11:00 PM ET,4h ago,away,Oklahoma Sooners,14.0,55.0,35.0,43.5,0.0,11.0,455.0,45.0,4.0
2026-09-21T03:56:52,cfb,cfb_20260926_oklahoma_sooners_georgia_bulldogs,20260926CFB00155,DK,draftkings,change,10,2026-09-20T23:00:00,Sep 20,11:00 PM ET,4h ago,home,Georgia Bulldogs,-14.0,45.0,65.0,43.5,100.0,89.0,-625.0,55.0,96.0
2026-09-21T03:56:52,cfb,cfb_20260926_oklahoma_sooners_georgia_bulldogs,20260926CFB00155,DK,draftkings,change,11,2026-09-20T22:30:00,Sep 20,10:30 PM ET,5h ago,away,Oklahoma Sooners,14.0,55.0,35.0,43.5,0.0,11.0,455.0,46.0,4.0
2026-09-21T03:56:52,cfb,cfb_20260926_oklahoma_sooners_georgia_bulldogs,20260926CFB00155,DK,draftkings,change,11,2026-09-20T22:30:00,Sep 20,10:30 PM ET,5h ago,home,Georgia Bulldogs,-14.0,45.0,65.0,43.5,100.0,89.0,-625.0,54.0,96.0
2026-09-21T03:56:52,cfb,cfb_20260926_oklahoma_sooners_georgia_bulldogs,20260926CFB00155,DK,draftkings,change,12,2026-09-20T22:10:00,Sep 20,10:10 PM ET,5h ago,away,Oklahoma Sooners,14.0,55.0,34.0,43.5,0.0,11.0,455.0,46.0,4.0
2026-09-21T03:56:52,cfb,cfb_20260926_oklahoma_sooners_georgia_bulldogs,20260926CFB00155,DK,draftkings,change,12,2026-09-20T22:10:00,Sep 20,10:10 PM ET,5h ago,home,Georgia Bulldogs,-14.0,45.0,66.0,43.5,100.0,89.0,-625.0,54.0,96.0
2026-09-21T03:56:52,cfb,cfb_20260926_oklahoma_sooners_georgia_bulldogs,20260926CFB00155,DK,draftkings,change,13,2026-09-20T21:15:00,Sep 20,9:15 PM ET,6h ago,away,Oklahoma Sooners,14.0,55.0,35.0,43.5,0.0,10.0,455.0,46.0,4.0
2026-09-21T03:56:52,cfb,cfb_20260926_oklahoma_sooners_georgia_bulldogs,20260926CFB00155,DK,draftkings,change,13,2026-09-20T21:15:00,Sep 20,9:15 PM ET,6h ago,home,Georgia Bulldogs,-14.0,45.0,65.0,43.5,100.0,90.0,-625.0,54.0,96.0
2026-09-21T03:56:52,cfb,cfb_20260926_oklahoma_sooners_georgia_bulldogs,20260926CFB00155,DK,draftkings,change,14,2026-09-20T20:30:00,Sep 20,8:30 PM ET,7h ago,away,Oklahoma Sooners,14.0,55.0,35.0,43.5,0.0,9.0,455.0,46.0,4.0
2026-09-21T03:56:52,cfb,cfb_20260926_oklahoma_sooners_georgia_bulldogs,20260926CFB00155,DK,draftkings,change,14,2026-09-20T20:30:00,Sep 20,8:30 PM ET,7h ago,home,Georgia Bulldogs,-14.0,45.0,65.0,43.5,100.0,91.0,-625.0,54.0,96.0
2026-09-21T03:56:52,cfb,cfb_20260926_oklahoma_sooners_georgia_bulldogs,20260926CFB00155,DK,draftkings,change,15,2026-09-20T20:20:00,Sep 20,8:20 PM ET,7h ago,away,Oklahoma Sooners,14.0,55.0,35.0,43.5,0.0,8.0,455.0,46.0,4.0
2026-09-21T03:56:52,cfb,cfb_20260926_oklahoma_sooners_georgia_bulldogs,20260926CFB00155,DK,draftkings,change,15,2026-09-20T20:20:00,Sep 20,8:20 PM ET,7h ago,home,Georgia Bulldogs,-14.0,45.0,65.0,43.5,100.0,92.0,-625.0,54.0,96.0
2026-09-21T03:56:52,cfb,cfb_20260926_oklahoma_sooners_georgia_bulldogs,20260926CFB00155,DK,draftkings,change,16,2026-09-20T20:15:00,Sep 20,8:15 PM ET,7h ago,away,Oklahoma Sooners,14.0,55.0,36.0,43.5,0.0,9.0,455.0,46.0,4.0
2026-09-21T03:56:52,cfb,cfb_20260926_oklahoma_sooners_georgia_bulldogs,20260926CFB00155,DK,draftkings,change,16,2026-09-20T20:15:00,Sep 20,8:15 PM ET,7h ago,home,Georgia Bulldogs,-14.0,45.0,64.0,43.5,100.0,91.0,-625.0,54.0,96.0
2026-09-21T03:56:52,cfb,cfb_20260926_oklahoma_sooners_georgia_bulldogs,20260926CFB00155,DK,draftkings,change,17,2026-09-20T19:40:00,Sep 20,7:40 PM ET,8h ago,away,Oklahoma Sooners,14.0,55.0,36.0,43.5,0.0,9.0,455.0,47.0,5.0
2026-09-21T03:56:52,cfb,cfb_20260926_oklahoma_sooners_georgia_bulldogs,20260926CFB00155,DK,draftkings,change,17,2026-09-20T19:40:00,Sep 20,7:40 PM ET,8h ago,home,Georgia Bulldogs,-14.0,45.0,64.0,43.5,100.0,91.0,-625.0,53.0,95.0
2026-09-21T03:56:52,cfb,cfb_20260926_oklahoma_sooners_georgia_bulldogs,20260926CFB00155,DK,draftkings,change,18,2026-09-20T19:30:00,Sep 20,7:30 PM ET,8h ago,away,Oklahoma Sooners,14.0,55.0,34.0,43.5,0.0,9.0,455.0,46.0,4.0
2026-09-21T03:56:52,cfb,cfb_20260926_oklahoma_sooners_georgia_bulldogs,20260926CFB00155,DK,draftkings,change,18,2026-09-20T19:30:00,Sep 20,7:30 PM ET,8h ago,home,Georgia Bulldogs,-14.0,45.0,66.0,43.5,100.0,91.0,-625.0,54.0,96.0
2026-09-21T03:56:52,cfb,cfb_20260926_oklahoma_sooners_georgia_bulldogs,20260926CFB00155,DK,draftkings,change,19,2026-09-20T19:25:00,Sep 20,7:25 PM ET,8h ago,away,Oklahoma Sooners,14.0,55.0,35.0,43.5,0.0,8.0,490.0,44.0,4.0
2026-09-21T03:56:52,cfb,cfb_20260926_oklahoma_sooners_georgia_bulldogs,20260926CFB00155,DK,draftkings,change,19,2026-09-20T19:25:00,Sep 20,7:25 PM ET,8h ago,home,Georgia Bulldogs,-14.0,45.0,65.0,43.5,100.0,92.0,-675.0,56.0,96.0
2026-09-21T03:56:52,cfb,cfb_20260926_oklahoma_sooners_georgia_bulldogs,20260926CFB00155,DK,draftkings,change,20,2026-09-20T19:20:00,Sep 20,7:20 PM ET,8h ago,away,Oklahoma Sooners,14.0,55.0,33.0,43.5,0.0,8.0,490.0,44.0,4.0
2026-09-21T03:56:52,cfb,cfb_20260926_oklahoma_sooners_georgia_bulldogs,20260926CFB00155,DK,draftkings,change,20,2026-09-20T19:20:00,Sep 20,7:20 PM ET,8h ago,home,Georgia Bulldogs,-14.0,45.0,67.0,43.5,100.0,92.0,-675.0,56.0,96.0
2026-09-21T03:56:52,cfb,cfb_20260926_oklahoma_sooners_georgia_bulldogs,20260926CFB00155,DK,draftkings,change,21,2026-09-20T19:05:00,Sep 20,7:05 PM ET,8h ago,away,Oklahoma Sooners,14.0,55.0,33.0,43.5,0.0,8.0,490.0,45.0,4.0
2026-09-21T03:56:52,cfb,cfb_20260926_oklahoma_sooners_georgia_bulldogs,20260926CFB00155,DK,draftkings,change,21,2026-09-20T19:05:00,Sep 20,7:05 PM ET,8h ago,home,Georgia Bulldogs,-14.0,45.0,67.0,43.5,100.0,92.0,-675.0,55.0,96.0
2026-09-21T03:56:52,cfb,cfb_20260926_oklahoma_sooners_georgia_bulldogs,20260926CFB00155,DK,draftkings,change,22,2026-09-20T18:25:00,Sep 20,6:25 PM ET,9h ago,away,Oklahoma Sooners,14.0,55.0,35.0,43.5,0.0,8.0,490.0,45.0,4.0
2026-09-21T03:56:52,cfb,cfb_20260926_oklahoma_sooners_georgia_bulldogs,20260926CFB00155,DK,draftkings,change,22,2026-09-20T18:25:00,Sep 20,6:25 PM ET,9h ago,home,Georgia Bulldogs,-14.0,45.0,65.0,43.5,100.0,92.0,-675.0,55.0,96.0
2026-09-21T03:56:52,cfb,cfb_20260926_oklahoma_sooners_georgia_bulldogs,20260926CFB00155,DK,draftkings,change,23,2026-09-20T18:15:00,Sep 20,6:15 PM ET,9h ago,away,Oklahoma Sooners,14.0,55.0,33.0,43.5,0.0,8.0,490.0,44.0,3.0
2026-09-21T03:56:52,cfb,cfb_20260926_oklahoma_sooners_georgia_bulldogs,20260926CFB00155,DK,draftkings,change,23,2026-09-20T18:15:00,Sep 20,6:15 PM ET,9h ago,home,Georgia Bulldogs,-14.0,45.0,67.0,43.5,100.0,92.0,-675.0,56.0,97.0
2026-09-21T03:56:52,cfb,cfb_20260926_oklahoma_sooners_georgia_bulldogs,20260926CFB00155,DK,draftkings,change,24,2026-09-20T18:05:00,Sep 20,6:05 PM ET,9h ago,away,Oklahoma Sooners,14.0,55.0,34.0,43.5,0.0,8.0,490.0,44.0,3.0
2026-09-21T03:56:52,cfb,cfb_20260926_oklahoma_sooners_georgia_bulldogs,20260926CFB00155,DK,draftkings,change,24,2026-09-20T18:05:00,Sep 20,6:05 PM ET,9h ago,home,Georgia Bulldogs,-14.0,45.0,66.0,43.5,100.0,92.0,-675.0,56.0,97.0
2026-09-21T03:56:52,cfb,cfb_20260926_oklahoma_sooners_georgia_bulldogs,20260926CFB00155,DK,draftkings,change,25,2026-09-20T18:00:00,Sep 20,6:00 PM ET,9h ago,away,Oklahoma Sooners,14.0,55.0,34.0,43.5,0.0,8.0,490.0,45.0,3.0
2026-09-21T03:56:52,cfb,cfb_20260926_oklahoma_sooners_georgia_bulldogs,20260926CFB00155,DK,draftkings,change,25,2026-09-20T18:00:00,Sep 20,6:00 PM ET,9h ago,home,Georgia Bulldogs,-14.0,45.0,66.0,43.5,100.0,92.0,-675.0,55.0,97.0
2026-09-21T03:56:52,cfb,cfb_20260926_oklahoma_sooners_georgia_bulldogs,20260926CFB00155,DK,draftkings,change,26,2026-09-20T17:40:00,Sep 20,5:40 PM ET,10h ago,away,Oklahoma Sooners,14.0,55.0,35.0,43.5,0.0,8.0,490.0,45.0,3.0
2026-09-21T03:56:52,cfb,cfb_20260926_oklahoma_sooners_georgia_bulldogs,20260926CFB00155,DK,draftkings,change,26,2026-09-20T17:40:00,Sep 20,5:40 PM ET,10h ago,home,Georgia Bulldogs,-14.0,45.0,65.0,43.5,100.0,92.0,-675.0,55.0,97.0
2026-09-21T03:56:53,cfb,cfb_20260926_oklahoma_sooners_georgia_bulldogs,20260926CFB00155,CIRCA,circa,open,1,2026-09-20T15:00:00,Sep 20,3:00 PM ET,12h ago,away,Oklahoma Sooners,14.5,50.0,50.0,45.0,100.0,100.0,,50.0,50.0
2026-09-21T03:56:53,cfb,cfb_20260926_oklahoma_sooners_georgia_bulldogs,20260926CFB00155,CIRCA,circa,open,1,2026-09-20T15:00:00,Sep 20,3:00 PM ET,12h ago,home,Georgia Bulldogs,-14.5,50.0,50.0,45.0,0.0,0.0,,50.0,50.0
2026-09-21T03:56:53,cfb,cfb_20260926_oklahoma_sooners_georgia_bulldogs,20260926CFB00155,CIRCA,circa,change,2,2026-09-21T01:25:00,Sep 21,1:25 AM ET,2h ago,away,Oklahoma Sooners,14.0,54.0,60.0,43.5,60.0,67.0,,50.0,50.0
2026-09-21T03:56:53,cfb,cfb_20260926_oklahoma_sooners_georgia_bulldogs,20260926CFB00155,CIRCA,circa,change,2,2026-09-21T01:25:00,Sep 21,1:25 AM ET,2h ago,home,Georgia Bulldogs,-14.0,46.0,40.0,43.5,40.0,33.0,,50.0,50.0
2026-09-21T03:56:53,cfb,cfb_20260926_oklahoma_sooners_georgia_bulldogs,20260926CFB00155,CIRCA,circa,change,3,2026-09-20T17:55:00,Sep 20,5:55 PM ET,10h ago,away,Oklahoma Sooners,14.0,99.0,75.0,43.5,60.0,67.0,,50.0,50.0
2026-09-21T03:56:53,cfb,cfb_20260926_oklahoma_sooners_georgia_bulldogs,20260926CFB00155,CIRCA,circa,change,3,2026-09-20T17:55:00,Sep 20,5:55 PM ET,10h ago,home,Georgia Bulldogs,-14.0,1.0,25.0,43.5,40.0,33.0,,50.0,50.0
2026-09-21T03:56:53,cfb,cfb_20260926_oklahoma_sooners_georgia_bulldogs,20260926CFB00155,CIRCA,circa,change,4,2026-09-20T16:35:00,Sep 20,4:35 PM ET,11h ago,away,Oklahoma Sooners,14.0,97.0,67.0,43.5,60.0,67.0,,50.0,50.0
2026-09-21T03:56:53,cfb,cfb_20260926_oklahoma_sooners_georgia_bulldogs,20260926CFB00155,CIRCA,circa,change,4,2026-09-20T16:35:00,Sep 20,4:35 PM ET,11h ago,home,Georgia Bulldogs,-14.0,3.0,33.0,43.5,40.0,33.0,,50.0,50.0
2026-09-21T03:56:53,cfb,cfb_20260926_oklahoma_sooners_georgia_bulldogs,20260926CFB00155,CIRCA,circa,change,5,2026-09-20T16:01:00,Sep 20,4:01 PM ET,11h ago,away,Oklahoma Sooners,14.0,96.0,50.0,43.5,60.0,67.0,,50.0,50.0
2026-09-21T03:56:53,cfb,cfb_20260926_oklahoma_sooners_georgia_bulldogs,20260926CFB00155,CIRCA,circa,change,5,2026-09-20T16:01:00,Sep 20,4:01 PM ET,11h ago,home,Georgia Bulldogs,-14.0,4.0,50.0,43.5,40.0,33.0,,50.0,50.0
2026-09-21T03:56:53,cfb,cfb_20260926_oklahoma_sooners_georgia_bulldogs,20260926CFB00155,CIRCA,circa,change,6,2026-09-20T15:40:00,Sep 20,3:40 PM ET,12h ago,away,Oklahoma Sooners,14.0,0.0,0.0,42.5,60.0,67.0,,50.0,50.0
2026-09-21T03:56:53,cfb,cfb_20260926_oklahoma_sooners_georgia_bulldogs,20260926CFB00155,CIRCA,circa,change,6,2026-09-20T15:40:00,Sep 20,3:40 PM ET,12h ago,home,Georgia Bulldogs,-14.0,100.0,100.0,42.5,40.0,33.0,,50.0,50.0
2026-09-21T03:56:53,cfb,cfb_20260926_oklahoma_sooners_georgia_bulldogs,20260926CFB00155,CIRCA,circa,change,7,2026-09-20T15:20:00,Sep 20,3:20 PM ET,12h ago,away,Oklahoma Sooners,14.0,0.0,0.0,44.0,50.0,50.0,,50.0,50.0
2026-09-21T03:56:53,cfb,cfb_20260926_oklahoma_sooners_georgia_bulldogs,20260926CFB00155,CIRCA,circa,change,7,2026-09-20T15:20:00,Sep 20,3:20 PM ET,12h ago,home,Georgia Bulldogs,-14.0,100.0,100.0,44.0,50.0,50.0,,50.0,50.0
2026-09-21T03:56:53,cfb,cfb_20260926_oklahoma_sooners_georgia_bulldogs,20260926CFB00155,CIRCA,circa,change,8,2026-09-20T15:05:00,Sep 20,3:05 PM ET,12h ago,away,Oklahoma Sooners,14.0,50.0,50.0,44.0,50.0,50.0,,50.0,50.0
2026-09-21T03:56:53,cfb,cfb_20260926_oklahoma_sooners_georgia_bulldogs,20260926CFB00155,CIRCA,circa,change,8,2026-09-20T15:05:00,Sep 20,3:05 PM ET,12h ago,home,Georgia Bulldogs,-14.0,50.0,50.0,44.0,50.0,50.0,,50.0,50.0
2026-09-21T03:56:53,cfb,cfb_20260926_oklahoma_sooners_georgia_bulldogs,20260926CFB00155,CIRCA,circa,change,9,2026-09-20T15:00:00,Sep 20,3:00 PM ET,12h ago,away,Oklahoma Sooners,14.5,50.0,50.0,45.0,100.0,100.0,,50.0,50.0
2026-09-21T03:56:53,cfb,cfb_20260926_oklahoma_sooners_georgia_bulldogs,20260926CFB00155,CIRCA,circa,change,9,2026-09-20T15:00:00,Sep 20,3:00 PM ET,12h ago,home,Georgia Bulldogs,-14.5,50.0,50.0,45.0,0.0,0.0,,50.0,50.0
2026-09-21T03:56:54,cfb,cfb_20260926_utah_utes_iowa_st_cyclones,20260926CFB00163,DK,draftkings,open,1,2026-09-20T00:20:00,Sep 20,12:20 AM ET,1d ago,away,Utah Utes,-11.5,100.0,100.0,49.5,100.0,100.0,,0.0,0.0
2026-09-21T03:56:54,cfb,cfb_20260926_utah_utes_iowa_st_cyclones,20260926CFB00163,DK,draftkings,open,1,2026-09-20T00:20:00,Sep 20,12:20 AM ET,1d ago,home,Iowa ST Cyclones,11.5,0.0,0.0,49.5,0.0,0.0,,0.0,0.0
2026-09-21T03:56:54,cfb,cfb_20260926_utah_utes_iowa_st_cyclones,20260926CFB00163,DK,draftkings,first_full,2,2026-09-20T00:55:00,Sep 20,12:55 AM ET,1d ago,away,Utah Utes,-11.5,100.0,100.0,49.5,100.0,100.0,-485.0,100.0,100.0
2026-09-21T03:56:54,cfb,cfb_20260926_utah_utes_iowa_st_cyclones,20260926CFB00163,DK,draftkings,first_full,2,2026-09-20T00:55:00,Sep 20,12:55 AM ET,1d ago,home,Iowa ST Cyclones,11.5,0.0,0.0,49.5,0.0,0.0,370.0,0.0,0.0
2026-09-21T03:56:54,cfb,cfb_20260926_utah_utes_iowa_st_cyclones,20260926CFB00163,DK,draftkings,change,3,2026-09-21T01:00:00,Sep 21,1:00 AM ET,2h ago,away,Utah Utes,-7.5,93.0,59.0,49.5,12.0,69.0,-360.0,10.0,87.0
2026-09-21T03:56:54,cfb,cfb_20260926_utah_utes_iowa_st_cyclones,20260926CFB00163,DK,draftkings,change,3,2026-09-21T01:00:00,Sep 21,1:00 AM ET,2h ago,home,Iowa ST Cyclones,7.5,7.0,41.0,49.5,88.0,31.0,285.0,90.0,13.0
2026-09-21T03:56:54,cfb,cfb_20260926_utah_utes_iowa_st_cyclones,20260926CFB00163,DK,draftkings,change,4,2026-09-21T00:15:00,Sep 21,12:15 AM ET,3h ago,away,Utah Utes,-7.5,93.0,61.0,49.5,12.0,69.0,-360.0,10.0,86.0
2026-09-21T03:56:54,cfb,cfb_20260926_utah_utes_iowa_st_cyclones,20260926CFB00163,DK,draftkings,change,4,2026-09-21T00:15:00,Sep 21,12:15 AM ET,3h ago,home,Iowa ST Cyclones,7.5,7.0,39.0,49.5,88.0,31.0,285.0,90.0,14.0
2026-09-21T03:56:54,cfb,cfb_20260926_utah_utes_iowa_st_cyclones,20260926CFB00163,DK,draftkings,change,5,2026-09-21T00:10:00,Sep 21,12:10 AM ET,3h ago,away,Utah Utes,-7.5,93.0,63.0,49.5,12.0,69.0,-360.0,10.0,86.0
2026-09-21T03:56:54,cfb,cfb_20260926_utah_utes_iowa_st_cyclones,20260926CFB00163,DK,draftkings,change,5,2026-09-21T00:10:00,Sep 21,12:10 AM ET,3h ago,home,Iowa ST Cyclones,7.5,7.0,37.0,49.5,88.0,31.0,285.0,90.0,14.0
2026-09-21T03:56:54,cfb,cfb_20260926_utah_utes_iowa_st_cyclones,20260926CFB00163,DK,draftkings,change,6,2026-09-21T00:00:00,Sep 21,12:00 AM ET,3h ago,away,Utah Utes,-7.5,93.0,67.0,49.5,12.0,67.0,-360.0,10.0,85.0
2026-09-21T03:56:54,cfb,cfb_20260926_utah_utes_iowa_st_cyclones,20260926CFB00163,DK,draftkings,change,6,2026-09-21T00:00:00,Sep 21,12:00 AM ET,3h ago,home,Iowa ST Cyclones,7.5,7.0,33.0,49.5,88.0,33.0,285.0,90.0,15.0
2026-09-21T03:56:54,cfb,cfb_20260926_utah_utes_iowa_st_cyclones,20260926CFB00163,DK,draftkings,change,7,2026-09-20T23:50:00,Sep 20,11:50 PM ET,4h ago,away,Utah Utes,-7.5,93.0,70.0,49.5,12.0,67.0,-360.0,10.0,85.0
2026-09-21T03:56:54,cfb,cfb_20260926_utah_utes_iowa_st_cyclones,20260926CFB00163,DK,draftkings,change,7,2026-09-20T23:50:00,Sep 20,11:50 PM ET,4h ago,home,Iowa ST Cyclones,7.5,7.0,30.0,49.5,88.0,33.0,285.0,90.0,15.0
2026-09-21T03:56:54,cfb,cfb_20260926_utah_utes_iowa_st_cyclones,20260926CFB00163,DK,draftkings,change,8,2026-09-20T23:30:00,Sep 20,11:30 PM ET,4h ago,away,Utah Utes,-7.5,93.0,68.0,49.5,12.0,67.0,-360.0,10.0,85.0
2026-09-21T03:56:54,cfb,cfb_20260926_utah_utes_iowa_st_cyclones,20260926CFB00163,DK,draftkings,change,8,2026-09-20T23:30:00,Sep 20,11:30 PM ET,4h ago,home,Iowa ST Cyclones,7.5,7.0,32.0,49.5,88.0,33.0,285.0,90.0,15.0
2026-09-21T03:56:54,cfb,cfb_20260926_utah_utes_iowa_st_cyclones,20260926CFB00163,DK,draftkings,change,9,2026-09-20T23:15:00,Sep 20,11:15 PM ET,4h ago,away,Utah Utes,-7.5,93.0,67.0,49.5,12.0,67.0,-360.0,10.0,85.0
2026-09-21T03:56:54,cfb,cfb_20260926_utah_utes_iowa_st_cyclones,20260926CFB00163,DK,draftkings,change,9,2026-09-20T23:15:00,Sep 20,11:15 PM ET,4h ago,home,Iowa ST Cyclones,7.5,7.0,33.0,49.5,88.0,33.0,285.0,90.0,15.0
2026-09-21T03:56:54,cfb,cfb_20260926_utah_utes_iowa_st_cyclones,20260926CFB00163,DK,draftkings,change,10,2026-09-20T23:10:00,Sep 20,11:10 PM ET,4h ago,away,Utah Utes,-7.5,93.0,67.0,49.5,12.0,67.0,-360.0,1.0,85.0
2026-09-21T03:56:54,cfb,cfb_20260926_utah_utes_iowa_st_cyclones,20260926CFB00163,DK,draftkings,change,10,2026-09-20T23:10:00,Sep 20,11:10 PM ET,4h ago,home,Iowa ST Cyclones,7.5,7.0,33.0,49.5,88.0,33.0,285.0,99.0,15.0
2026-09-21T03:56:54,cfb,cfb_20260926_utah_utes_iowa_st_cyclones,20260926CFB00163,DK,draftkings,change,11,2026-09-20T22:30:00,Sep 20,10:30 PM ET,5h ago,away,Utah Utes,-7.5,93.0,70.0,49.5,12.0,67.0,-360.0,1.0,85.0
2026-09-21T03:56:54,cfb,cfb_20260926_utah_utes_iowa_st_cyclones,20260926CFB00163,DK,draftkings,change,11,2026-09-20T22:30:00,Sep 20,10:30 PM ET,5h ago,home,Iowa ST Cyclones,7.5,7.0,30.0,49.5,88.0,33.0,285.0,99.0,15.0
2026-09-21T03:56:54,cfb,cfb_20260926_utah_utes_iowa_st_cyclones,20260926CFB00163,DK,draftkings,change,12,2026-09-20T22:00:00,Sep 20,10:00 PM ET,5h ago,away,Utah Utes,-7.5,93.0,68.0,49.5,12.0,67.0,-360.0,1.0,84.0
2026-09-21T03:56:54,cfb,cfb_20260926_utah_utes_iowa_st_cyclones,20260926CFB00163,DK,draftkings,change,12,2026-09-20T22:00:00,Sep 20,10:00 PM ET,5h ago,home,Iowa ST Cyclones,7.5,7.0,32.0,49.5,88.0,33.0,285.0,99.0,16.0
2026-09-21T03:56:54,cfb,cfb_20260926_utah_utes_iowa_st_cyclones,20260926CFB00163,DK,draftkings,change,13,2026-09-20T21:40:00,Sep 20,9:40 PM ET,6h ago,away,Utah Utes,-7.5,93.0,67.0,49.5,12.0,67.0,-360.0,93.0,98.0
2026-09-21T03:56:54,cfb,cfb_20260926_utah_utes_iowa_st_cyclones,20260926CFB00163,DK,draftkings,change,13,2026-09-20T21:40:00,Sep 20,9:40 PM ET,6h ago,home,Iowa ST Cyclones,7.5,7.0,33.0,49.5,88.0,33.0,285.0,7.0,2.0
2026-09-21T03:56:54,cfb,cfb_20260926_utah_utes_iowa_st_cyclones,20260926CFB00163,DK,draftkings,change,14,2026-09-20T21:30:00,Sep 20,9:30 PM ET,6h ago,away,Utah Utes,-7.5,93.0,71.0,48.5,12.0,67.0,-360.0,93.0,98.0
2026-09-21T03:56:54,cfb,cfb_20260926_utah_utes_iowa_st_cyclones,20260926CFB00163,DK,draftkings,change,14,2026-09-20T21:30:00,Sep 20,9:30 PM ET,6h ago,home,Iowa ST Cyclones,7.5,7.0,29.0,48.5,88.0,33.0,285.0,7.0,2.0
2026-09-21T03:56:54,cfb,cfb_20260926_utah_utes_iowa_st_cyclones,20260926CFB00163,DK,draftkings,change,15,2026-09-20T21:15:00,Sep 20,9:15 PM ET,6h ago,away,Utah Utes,-8.5,93.0,71.0,48.5,12.0,67.0,-360.0,90.0,98.0
2026-09-21T03:56:54,cfb,cfb_20260926_utah_utes_iowa_st_cyclones,20260926CFB00163,DK,draftkings,change,15,2026-09-20T21:15:00,Sep 20,9:15 PM ET,6h ago,home,Iowa ST Cyclones,8.5,7.0,29.0,48.5,88.0,33.0,285.0,10.0,2.0
2026-09-21T03:56:54,cfb,cfb_20260926_utah_utes_iowa_st_cyclones,20260926CFB00163,DK,draftkings,change,16,2026-09-20T20:20:00,Sep 20,8:20 PM ET,7h ago,away,Utah Utes,-8.5,93.0,71.0,48.5,12.0,64.0,-360.0,90.0,98.0
2026-09-21T03:56:54,cfb,cfb_20260926_utah_utes_iowa_st_cyclones,20260926CFB00163,DK,draftkings,change,16,2026-09-20T20:20:00,Sep 20,8:20 PM ET,7h ago,home,Iowa ST Cyclones,8.5,7.0,29.0,48.5,88.0,36.0,285.0,10.0,2.0
2026-09-21T03:56:54,cfb,cfb_20260926_utah_utes_iowa_st_cyclones,20260926CFB00163,DK,draftkings,change,17,2026-09-20T20:15:00,Sep 20,8:15 PM ET,7h ago,away,Utah Utes,-8.5,93.0,71.0,48.5,12.0,64.0,-360.0,89.0,98.0
2026-09-21T03:56:54,cfb,cfb_20260926_utah_utes_iowa_st_cyclones,20260926CFB00163,DK,draftkings,change,17,2026-09-20T20:15:00,Sep 20,8:15 PM ET,7h ago,home,Iowa ST Cyclones,8.5,7.0,29.0,48.5,88.0,36.0,285.0,11.0,2.0
2026-09-21T03:56:54,cfb,cfb_20260926_utah_utes_iowa_st_cyclones,20260926CFB00163,DK,draftkings,change,18,2026-09-20T19:55:00,Sep 20,7:55 PM ET,8h ago,away,Utah Utes,-9.5,93.0,75.0,48.5,12.0,64.0,-360.0,89.0,98.0
2026-09-21T03:56:54,cfb,cfb_20260926_utah_utes_iowa_st_cyclones,20260926CFB00163,DK,draftkings,change,18,2026-09-20T19:55:00,Sep 20,7:55 PM ET,8h ago,home,Iowa ST Cyclones,9.5,7.0,25.0,48.5,88.0,36.0,285.0,11.0,2.0
2026-09-21T03:56:54,cfb,cfb_20260926_utah_utes_iowa_st_cyclones,20260926CFB00163,DK,draftkings,change,19,2026-09-20T19:05:00,Sep 20,7:05 PM ET,8h ago,away,Utah Utes,-10.5,97.0,80.0,49.5,12.0,64.0,-470.0,88.0,98.0
2026-09-21T03:56:54,cfb,cfb_20260926_utah_utes_iowa_st_cyclones,20260926CFB00163,DK,draftkings,change,19,2026-09-20T19:05:00,Sep 20,7:05 PM ET,8h ago,home,Iowa ST Cyclones,10.5,3.0,20.0,49.5,88.0,36.0,360.0,12.0,2.0
2026-09-21T03:56:54,cfb,cfb_20260926_utah_utes_iowa_st_cyclones,20260926CFB00163,DK,draftkings,change,20,2026-09-20T18:30:00,Sep 20,6:30 PM ET,9h ago,away,Utah Utes,-10.5,97.0,80.0,49.5,12.0,64.0,-470.0,87.0,97.0
2026-09-21T03:56:54,cfb,cfb_20260926_utah_utes_iowa_st_cyclones,20260926CFB00163,DK,draftkings,change,20,2026-09-20T18:30:00,Sep 20,6:30 PM ET,9h ago,home,Iowa ST Cyclones,10.5,3.0,20.0,49.5,88.0,36.0,360.0,13.0,3.0
2026-09-21T03:56:54,cfb,cfb_20260926_utah_utes_iowa_st_cyclones,20260926CFB00163,DK,draftkings,change,21,2026-09-20T17:40:00,Sep 20,5:40 PM ET,10h ago,away,Utah Utes,-10.5,97.0,80.0,49.5,12.0,64.0,-470.0,100.0,100.0
2026-09-21T03:56:54,cfb,cfb_20260926_utah_utes_iowa_st_cyclones,20260926CFB00163,DK,draftkings,change,21,2026-09-20T17:40:00,Sep 20,5:40 PM ET,10h ago,home,Iowa ST Cyclones,10.5,3.0,20.0,49.5,88.0,36.0,360.0,0.0,0.0
2026-09-21T03:56:54,cfb,cfb_20260926_utah_utes_iowa_st_cyclones,20260926CFB00163,DK,draftkings,change,22,2026-09-20T16:40:00,Sep 20,4:40 PM ET,11h ago,away,Utah Utes,-10.5,96.0,79.0,49.5,12.0,64.0,-470.0,100.0,100.0
2026-09-21T03:56:54,cfb,cfb_20260926_utah_utes_iowa_st_cyclones,20260926CFB00163,DK,draftkings,change,22,2026-09-20T16:40:00,Sep 20,4:40 PM ET,11h ago,home,Iowa ST Cyclones,10.5,4.0,21.0,49.5,88.0,36.0,360.0,0.0,0.0
2026-09-21T03:56:54,cfb,cfb_20260926_utah_utes_iowa_st_cyclones,20260926CFB00163,DK,draftkings,change,23,2026-09-20T16:05:00,Sep 20,4:05 PM ET,11h ago,away,Utah Utes,-10.5,96.0,77.0,49.5,12.0,64.0,-470.0,100.0,100.0
2026-09-21T03:56:54,cfb,cfb_20260926_utah_utes_iowa_st_cyclones,20260926CFB00163,DK,draftkings,change,23,2026-09-20T16:05:00,Sep 20,4:05 PM ET,11h ago,home,Iowa ST Cyclones,10.5,4.0,23.0,49.5,88.0,36.0,360.0,0.0,0.0
2026-09-21T03:56:54,cfb,cfb_20260926_utah_utes_iowa_st_cyclones,20260926CFB00163,DK,draftkings,change,24,2026-09-20T13:40:00,Sep 20,1:40 PM ET,14h ago,away,Utah Utes,-11.5,96.0,83.0,49.5,12.0,64.0,-485.0,100.0,100.0
2026-09-21T03:56:54,cfb,cfb_20260926_utah_utes_iowa_st_cyclones,20260926CFB00163,DK,draftkings,change,24,2026-09-20T13:40:00,Sep 20,1:40 PM ET,14h ago,home,Iowa ST Cyclones,11.5,4.0,17.0,49.5,88.0,36.0,370.0,0.0,0.0
2026-09-21T03:56:54,cfb,cfb_20260926_utah_utes_iowa_st_cyclones,20260926CFB00163,DK,draftkings,change,25,2026-09-20T12:10:00,Sep 20,12:10 PM ET,15h ago,away,Utah Utes,-11.5,96.0,82.0,49.5,15.0,70.0,-485.0,100.0,100.0
2026-09-21T03:56:54,cfb,cfb_20260926_utah_utes_iowa_st_cyclones,20260926CFB00163,DK,draftkings,change,25,2026-09-20T12:10:00,Sep 20,12:10 PM ET,15h ago,home,Iowa ST Cyclones,11.5,4.0,18.0,49.5,85.0,30.0,370.0,0.0,0.0
2026-09-21T03:56:54,cfb,cfb_20260926_utah_utes_iowa_st_cyclones,20260926CFB00163,DK,draftkings,change,26,2026-09-20T11:55:00,Sep 20,11:55 AM ET,16h ago,away,Utah Utes,-11.5,96.0,82.0,49.5,34.0,88.0,-485.0,100.0,100.0
2026-09-21T03:56:54,cfb,cfb_20260926_utah_utes_iowa_st_cyclones,20260926CFB00163,DK,draftkings,change,26,2026-09-20T11:55:00,Sep 20,11:55 AM ET,16h ago,home,Iowa ST Cyclones,11.5,4.0,18.0,49.5,66.0,13.0,370.0,0.0,0.0
2026-09-21T03:56:54,cfb,cfb_20260926_utah_utes_iowa_st_cyclones,20260926CFB00163,DK,draftkings,change,27,2026-09-20T11:10:00,Sep 20,11:10 AM ET,16h ago,away,Utah Utes,-11.5,96.0,82.0,49.5,100.0,100.0,-485.0,100.0,100.0
2026-09-21T03:56:54,cfb,cfb_20260926_utah_utes_iowa_st_cyclones,20260926CFB00163,DK,draftkings,change,27,2026-09-20T11:10:00,Sep 20,11:10 AM ET,16h ago,home,Iowa ST Cyclones,11.5,4.0,18.0,49.5,0.0,0.0,370.0,0.0,0.0
2026-09-21T03:56:55,cfb,cfb_20260926_utah_utes_iowa_st_cyclones,20260926CFB00163,CIRCA,circa,open,1,2026-09-20T15:05:00,Sep 20,3:05 PM ET,12h ago,away,Utah Utes,-11.5,50.0,50.0,49.0,50.0,50.0,,50.0,50.0
2026-09-21T03:56:55,cfb,cfb_20260926_utah_utes_iowa_st_cyclones,20260926CFB00163,CIRCA,circa,open,1,2026-09-20T15:05:00,Sep 20,3:05 PM ET,12h ago,home,Iowa ST Cyclones,11.5,50.0,50.0,49.0,50.0,50.0,,50.0,50.0
2026-09-21T03:56:55,cfb,cfb_20260926_utah_utes_iowa_st_cyclones,20260926CFB00163,CIRCA,circa,change,2,2026-09-20T19:55:00,Sep 20,7:55 PM ET,8h ago,away,Utah Utes,-10.0,0.0,0.0,49.0,50.0,50.0,,50.0,50.0
2026-09-21T03:56:55,cfb,cfb_20260926_utah_utes_iowa_st_cyclones,20260926CFB00163,CIRCA,circa,change,2,2026-09-20T19:55:00,Sep 20,7:55 PM ET,8h ago,home,Iowa ST Cyclones,10.0,100.0,100.0,49.0,50.0,50.0,,50.0,50.0
2026-09-21T03:56:55,cfb,cfb_20260926_utah_utes_iowa_st_cyclones,20260926CFB00163,CIRCA,circa,change,3,2026-09-20T15:05:00,Sep 20,3:05 PM ET,12h ago,away,Utah Utes,-11.5,50.0,50.0,49.0,50.0,50.0,,50.0,50.0
2026-09-21T03:56:55,cfb,cfb_20260926_utah_utes_iowa_st_cyclones,20260926CFB00163,CIRCA,circa,change,3,2026-09-20T15:05:00,Sep 20,3:05 PM ET,12h ago,home,Iowa ST Cyclones,11.5,50.0,50.0,49.0,50.0,50.0,,50.0,50.0
2026-09-21T03:56:56,cfb,cfb_20260926_connecticut_huskies_miami_oh_redhawks,20260926CFB00177,DK,draftkings,open,1,2026-09-20T12:30:00,Sep 20,12:30 PM ET,15h ago,away,Connecticut Huskies,3.0,0.0,0.0,,0.0,0.0,,0.0,0.0
2026-09-21T03:56:56,cfb,cfb_20260926_connecticut_huskies_miami_oh_redhawks,20260926CFB00177,DK,draftkings,open,1,2026-09-20T12:30:00,Sep 20,12:30 PM ET,15h ago,home,Miami OH RedHawks,-3.0,100.0,100.0,,0.0,0.0,,0.0,0.0
2026-09-21T03:56:56,cfb,cfb_20260926_connecticut_huskies_miami_oh_redhawks,20260926CFB00177,DK,draftkings,first_full,2,2026-09-20T20:30:00,Sep 20,8:30 PM ET,7h ago,away,Connecticut Huskies,4.5,1.0,33.0,51.5,100.0,100.0,164.0,81.0,67.0
2026-09-21T03:56:56,cfb,cfb_20260926_connecticut_huskies_miami_oh_redhawks,20260926CFB00177,DK,draftkings,first_full,2,2026-09-20T20:30:00,Sep 20,8:30 PM ET,7h ago,home,Miami OH RedHawks,-4.5,99.0,67.0,51.5,0.0,0.0,-198.0,19.0,33.0
2026-09-21T03:56:56,cfb,cfb_20260926_connecticut_huskies_miami_oh_redhawks,20260926CFB00177,DK,draftkings,change,3,2026-09-21T02:10:00,Sep 21,2:10 AM ET,1h ago,away,Connecticut Huskies,4.5,88.0,83.0,51.5,100.0,100.0,164.0,76.0,62.0
2026-09-21T03:56:56,cfb,cfb_20260926_connecticut_huskies_miami_oh_redhawks,20260926CFB00177,DK,draftkings,change,3,2026-09-21T02:10:00,Sep 21,2:10 AM ET,1h ago,home,Miami OH RedHawks,-4.5,12.0,17.0,51.5,0.0,0.0,-198.0,24.0,38.0
2026-09-21T03:56:56,cfb,cfb_20260926_connecticut_huskies_miami_oh_redhawks,20260926CFB00177,DK,draftkings,change,4,2026-09-21T01:55:00,Sep 21,1:55 AM ET,2h ago,away,Connecticut Huskies,4.5,88.0,83.0,51.5,100.0,100.0,164.0,76.0,58.0
2026-09-21T03:56:56,cfb,cfb_20260926_connecticut_huskies_miami_oh_redhawks,20260926CFB00177,DK,draftkings,change,4,2026-09-21T01:55:00,Sep 21,1:55 AM ET,2h ago,home,Miami OH RedHawks,-4.5,12.0,17.0,51.5,0.0,0.0,-198.0,24.0,42.0
2026-09-21T03:56:56,cfb,cfb_20260926_connecticut_huskies_miami_oh_redhawks,20260926CFB00177,DK,draftkings,change,5,2026-09-21T01:50:00,Sep 21,1:50 AM ET,2h ago,away,Connecticut Huskies,4.5,88.0,83.0,51.5,100.0,100.0,164.0,75.0,55.0
2026-09-21T03:56:56,cfb,cfb_20260926_connecticut_huskies_miami_oh_redhawks,20260926CFB00177,DK,draftkings,change,5,2026-09-21T01:50:00,Sep 21,1:50 AM ET,2h ago,home,Miami OH RedHawks,-4.5,12.0,17.0,51.5,0.0,0.0,-198.0,25.0,45.0
2026-09-21T03:56:56,cfb,cfb_20260926_connecticut_huskies_miami_oh_redhawks,20260926CFB00177,DK,draftkings,change,6,2026-09-21T00:45:00,Sep 21,12:45 AM ET,3h ago,away,Connecticut Huskies,4.5,88.0,83.0,51.5,100.0,100.0,164.0,75.0,50.0
2026-09-21T03:56:56,cfb,cfb_20260926_connecticut_huskies_miami_oh_redhawks,20260926CFB00177,DK,draftkings,change,6,2026-09-21T00:45:00,Sep 21,12:45 AM ET,3h ago,home,Miami OH RedHawks,-4.5,12.0,17.0,51.5,0.0,0.0,-198.0,25.0,50.0
2026-09-21T03:56:56,cfb,cfb_20260926_connecticut_huskies_miami_oh_redhawks,20260926CFB00177,DK,draftkings,change,7,2026-09-21T00:10:00,Sep 21,12:10 AM ET,3h ago,away,Connecticut Huskies,4.5,88.0,83.0,51.5,100.0,100.0,164.0,75.0,44.0
2026-09-21T03:56:56,cfb,cfb_20260926_connecticut_huskies_miami_oh_redhawks,20260926CFB00177,DK,draftkings,change,7,2026-09-21T00:10:00,Sep 21,12:10 AM ET,3h ago,home,Miami OH RedHawks,-4.5,12.0,17.0,51.5,0.0,0.0,-198.0,25.0,56.0
2026-09-21T03:56:56,cfb,cfb_20260926_connecticut_huskies_miami_oh_redhawks,20260926CFB00177,DK,draftkings,change,8,2026-09-20T22:20:00,Sep 20,10:20 PM ET,5h ago,away,Connecticut Huskies,4.5,88.0,83.0,51.5,100.0,100.0,164.0,81.0,50.0
2026-09-21T03:56:56,cfb,cfb_20260926_connecticut_huskies_miami_oh_redhawks,20260926CFB00177,DK,draftkings,change,8,2026-09-20T22:20:00,Sep 20,10:20 PM ET,5h ago,home,Miami OH RedHawks,-4.5,12.0,17.0,51.5,0.0,0.0,-198.0,19.0,50.0
2026-09-21T03:56:56,cfb,cfb_20260926_connecticut_huskies_miami_oh_redhawks,20260926CFB00177,DK,draftkings,change,9,2026-09-20T22:10:00,Sep 20,10:10 PM ET,5h ago,away,Connecticut Huskies,4.5,87.0,82.0,51.5,100.0,100.0,164.0,81.0,50.0
2026-09-21T03:56:56,cfb,cfb_20260926_connecticut_huskies_miami_oh_redhawks,20260926CFB00177,DK,draftkings,change,9,2026-09-20T22:10:00,Sep 20,10:10 PM ET,5h ago,home,Miami OH RedHawks,-4.5,13.0,18.0,51.5,0.0,0.0,-198.0,19.0,50.0
2026-09-21T03:56:56,cfb,cfb_20260926_connecticut_huskies_miami_oh_redhawks,20260926CFB00177,DK,draftkings,change,10,2026-09-20T22:00:00,Sep 20,10:00 PM ET,5h ago,away,Connecticut Huskies,4.5,87.0,82.0,51.5,100.0,100.0,164.0,84.0,57.0
2026-09-21T03:56:56,cfb,cfb_20260926_connecticut_huskies_miami_oh_redhawks,20260926CFB00177,DK,draftkings,change,10,2026-09-20T22:00:00,Sep 20,10:00 PM ET,5h ago,home,Miami OH RedHawks,-4.5,13.0,18.0,51.5,0.0,0.0,-198.0,16.0,43.0
2026-09-21T03:56:56,cfb,cfb_20260926_connecticut_huskies_miami_oh_redhawks,20260926CFB00177,DK,draftkings,change,11,2026-09-20T21:50:00,Sep 20,9:50 PM ET,6h ago,away,Connecticut Huskies,4.5,87.0,80.0,51.5,100.0,100.0,164.0,84.0,57.0
2026-09-21T03:56:56,cfb,cfb_20260926_connecticut_huskies_miami_oh_redhawks,20260926CFB00177,DK,draftkings,change,11,2026-09-20T21:50:00,Sep 20,9:50 PM ET,6h ago,home,Miami OH RedHawks,-4.5,13.0,20.0,51.5,0.0,0.0,-198.0,16.0,43.0
2026-09-21T03:56:56,cfb,cfb_20260926_connecticut_huskies_miami_oh_redhawks,20260926CFB00177,DK,draftkings,change,12,2026-09-20T21:40:00,Sep 20,9:40 PM ET,6h ago,away,Connecticut Huskies,4.5,87.0,80.0,51.5,100.0,100.0,164.0,84.0,67.0
2026-09-21T03:56:56,cfb,cfb_20260926_connecticut_huskies_miami_oh_redhawks,20260926CFB00177,DK,draftkings,change,12,2026-09-20T21:40:00,Sep 20,9:40 PM ET,6h ago,home,Miami OH RedHawks,-4.5,13.0,20.0,51.5,0.0,0.0,-198.0,16.0,33.0
2026-09-21T03:56:56,cfb,cfb_20260926_connecticut_huskies_miami_oh_redhawks,20260926CFB00177,DK,draftkings,change,13,2026-09-20T21:30:00,Sep 20,9:30 PM ET,6h ago,away,Connecticut Huskies,4.5,1.0,33.0,51.5,100.0,100.0,164.0,84.0,80.0
2026-09-21T03:56:56,cfb,cfb_20260926_connecticut_huskies_miami_oh_redhawks,20260926CFB00177,DK,draftkings,change,13,2026-09-20T21:30:00,Sep 20,9:30 PM ET,6h ago,home,Miami OH RedHawks,-4.5,99.0,67.0,51.5,0.0,0.0,-198.0,16.0,20.0
2026-09-21T03:56:56,cfb,cfb_20260926_connecticut_huskies_miami_oh_redhawks,20260926CFB00177,DK,draftkings,change,14,2026-09-20T21:15:00,Sep 20,9:15 PM ET,6h ago,away,Connecticut Huskies,4.5,1.0,33.0,51.5,100.0,100.0,164.0,84.0,75.0
2026-09-21T03:56:56,cfb,cfb_20260926_connecticut_huskies_miami_oh_redhawks,20260926CFB00177,DK,draftkings,change,14,2026-09-20T21:15:00,Sep 20,9:15 PM ET,6h ago,home,Miami OH RedHawks,-4.5,99.0,67.0,51.5,0.0,0.0,-198.0,16.0,25.0
2026-09-21T03:56:56,cfb,cfb_20260926_connecticut_huskies_miami_oh_redhawks,20260926CFB00177,DK,draftkings,change,15,2026-09-20T20:30:00,Sep 20,8:30 PM ET,7h ago,away,Connecticut Huskies,4.5,1.0,33.0,51.5,100.0,100.0,164.0,81.0,67.0
2026-09-21T03:56:56,cfb,cfb_20260926_connecticut_huskies_miami_oh_redhawks,20260926CFB00177,DK,draftkings,change,15,2026-09-20T20:30:00,Sep 20,8:30 PM ET,7h ago,home,Miami OH RedHawks,-4.5,99.0,67.0,51.5,0.0,0.0,-198.0,19.0,33.0
2026-09-21T03:56:56,cfb,cfb_20260926_connecticut_huskies_miami_oh_redhawks,20260926CFB00177,DK,draftkings,change,16,2026-09-20T20:15:00,Sep 20,8:15 PM ET,7h ago,away,Connecticut Huskies,4.5,1.0,33.0,,0.0,0.0,164.0,81.0,67.0
2026-09-21T03:56:56,cfb,cfb_20260926_connecticut_huskies_miami_oh_redhawks,20260926CFB00177,DK,draftkings,change,16,2026-09-20T20:15:00,Sep 20,8:15 PM ET,7h ago,home,Miami OH RedHawks,-4.5,99.0,67.0,,0.0,0.0,-198.0,19.0,33.0
2026-09-21T03:56:56,cfb,cfb_20260926_connecticut_huskies_miami_oh_redhawks,20260926CFB00177,DK,draftkings,change,17,2026-09-20T19:50:00,Sep 20,7:50 PM ET,8h ago,away,Connecticut Huskies,4.5,1.0,33.0,,0.0,0.0,164.0,81.0,50.0
2026-09-21T03:56:56,cfb,cfb_20260926_connecticut_huskies_miami_oh_redhawks,20260926CFB00177,DK,draftkings,change,17,2026-09-20T19:50:00,Sep 20,7:50 PM ET,8h ago,home,Miami OH RedHawks,-4.5,99.0,67.0,,0.0,0.0,-198.0,19.0,50.0
2026-09-21T03:56:56,cfb,cfb_20260926_connecticut_huskies_miami_oh_redhawks,20260926CFB00177,DK,draftkings,change,18,2026-09-20T16:50:00,Sep 20,4:50 PM ET,11h ago,away,Connecticut Huskies,4.5,0.0,0.0,,0.0,0.0,145.0,81.0,50.0
2026-09-21T03:56:56,cfb,cfb_20260926_connecticut_huskies_miami_oh_redhawks,20260926CFB00177,DK,draftkings,change,18,2026-09-20T16:50:00,Sep 20,4:50 PM ET,11h ago,home,Miami OH RedHawks,-4.5,100.0,100.0,,0.0,0.0,-175.0,19.0,50.0
2026-09-21T03:56:56,cfb,cfb_20260926_connecticut_huskies_miami_oh_redhawks,20260926CFB00177,DK,draftkings,change,19,2026-09-20T15:35:00,Sep 20,3:35 PM ET,12h ago,away,Connecticut Huskies,4.5,0.0,0.0,,0.0,0.0,145.0,100.0,100.0
2026-09-21T03:56:56,cfb,cfb_20260926_connecticut_huskies_miami_oh_redhawks,20260926CFB00177,DK,draftkings,change,19,2026-09-20T15:35:00,Sep 20,3:35 PM ET,12h ago,home,Miami OH RedHawks,-4.5,100.0,100.0,,0.0,0.0,-175.0,0.0,0.0
2026-09-21T03:56:56,cfb,cfb_20260926_connecticut_huskies_miami_oh_redhawks,20260926CFB00177,DK,draftkings,change,20,2026-09-20T12:30:00,Sep 20,12:30 PM ET,15h ago,away,Connecticut Huskies,3.0,0.0,0.0,,0.0,0.0,,0.0,0.0
2026-09-21T03:56:56,cfb,cfb_20260926_connecticut_huskies_miami_oh_redhawks,20260926CFB00177,DK,draftkings,change,20,2026-09-20T12:30:00,Sep 20,12:30 PM ET,15h ago,home,Miami OH RedHawks,-3.0,100.0,100.0,,0.0,0.0,,0.0,0.0
2026-09-21T03:56:57,cfb,cfb_20260926_connecticut_huskies_miami_oh_redhawks,20260926CFB00177,CIRCA,circa,open,1,2026-09-20T15:00:00,Sep 20,3:00 PM ET,12h ago,away,Connecticut Huskies,4.5,100.0,100.0,49.5,100.0,100.0,,50.0,50.0
2026-09-21T03:56:57,cfb,cfb_20260926_connecticut_huskies_miami_oh_redhawks,20260926CFB00177,CIRCA,circa,open,1,2026-09-20T15:00:00,Sep 20,3:00 PM ET,12h ago,home,Miami OH RedHawks,-4.5,0.0,0.0,49.5,0.0,0.0,,50.0,50.0
2026-09-21T03:56:57,cfb,cfb_20260926_connecticut_huskies_miami_oh_redhawks,20260926CFB00177,CIRCA,circa,change,2,2026-09-20T18:30:00,Sep 20,6:30 PM ET,9h ago,away,Connecticut Huskies,4.5,100.0,100.0,52.0,85.0,67.0,,50.0,50.0
2026-09-21T03:56:57,cfb,cfb_20260926_connecticut_huskies_miami_oh_redhawks,20260926CFB00177,CIRCA,circa,change,2,2026-09-20T18:30:00,Sep 20,6:30 PM ET,9h ago,home,Miami OH RedHawks,-4.5,0.0,0.0,52.0,15.0,33.0,,50.0,50.0
2026-09-21T03:56:57,cfb,cfb_20260926_connecticut_huskies_miami_oh_redhawks,20260926CFB00177,CIRCA,circa,change,3,2026-09-20T15:00:00,Sep 20,3:00 PM ET,12h ago,away,Connecticut Huskies,4.5,100.0,100.0,49.5,100.0,100.0,,50.0,50.0
2026-09-21T03:56:57,cfb,cfb_20260926_connecticut_huskies_miami_oh_redhawks,20260926CFB00177,CIRCA,circa,change,3,2026-09-20T15:00:00,Sep 20,3:00 PM ET,12h ago,home,Miami OH RedHawks,-4.5,0.0,0.0,49.5,0.0,0.0,,50.0,50.0
2026-09-21T03:56:58,cfb,cfb_20260926_iowa_hawkies_michigan_wolverines,20260926CFB00178,DK,draftkings,open,1,2026-09-19T19:35:00,Sep 19,7:35 PM ET,1d ago,away,Iowa Hawkies,4.5,5.0,60.0,37.5,0.0,33.0,160.0,59.0,22.0
2026-09-21T03:56:58,cfb,cfb_20260926_iowa_hawkies_michigan_wolverines,20260926CFB00178,DK,draftkings,open,1,2026-09-19T19:35:00,Sep 19,7:35 PM ET,1d ago,home,Michigan Wolverines,-4.5,95.0,40.0,37.5,100.0,67.0,-192.0,41.0,78.0
2026-09-21T03:56:58,cfb,cfb_20260926_iowa_hawkies_michigan_wolverines,20260926CFB00178,DK,draftkings,first_full,2,2026-09-19T19:40:00,Sep 19,7:40 PM ET,1d ago,away,Iowa Hawkies,4.5,5.0,60.0,37.5,1.0,50.0,160.0,59.0,22.0
2026-09-21T03:56:58,cfb,cfb_20260926_iowa_hawkies_michigan_wolverines,20260926CFB00178,DK,draftkings,first_full,2,2026-09-19T19:40:00,Sep 19,7:40 PM ET,1d ago,home,Michigan Wolverines,-4.5,95.0,40.0,37.5,99.0,50.0,-192.0,41.0,78.0
2026-09-21T03:56:58,cfb,cfb_20260926_iowa_hawkies_michigan_wolverines,20260926CFB00178,DK,draftkings,change,3,2026-09-21T02:50:00,Sep 21,2:50 AM ET,1h ago,away,Iowa Hawkies,4.5,70.0,73.0,37.5,7.0,63.0,164.0,47.0,34.0
2026-09-21T03:56:58,cfb,cfb_20260926_iowa_hawkies_michigan_wolverines,20260926CFB00178,DK,draftkings,change,3,2026-09-21T02:50:00,Sep 21,2:50 AM ET,1h ago,home,Michigan Wolverines,-4.5,30.0,27.0,37.5,93.0,38.0,-198.0,53.0,66.0
2026-09-21T03:56:58,cfb,cfb_20260926_iowa_hawkies_michigan_wolverines,20260926CFB00178,DK,draftkings,change,4,2026-09-21T01:25:00,Sep 21,1:25 AM ET,2h ago,away,Iowa Hawkies,4.5,70.0,73.0,37.5,7.0,63.0,164.0,47.0,35.0
2026-09-21T03:56:58,cfb,cfb_20260926_iowa_hawkies_michigan_wolverines,20260926CFB00178,DK,draftkings,change,4,2026-09-21T01:25:00,Sep 21,1:25 AM ET,2h ago,home,Michigan Wolverines,-4.5,30.0,27.0,37.5,93.0,38.0,-198.0,53.0,65.0
2026-09-21T03:56:58,cfb,cfb_20260926_iowa_hawkies_michigan_wolverines,20260926CFB00178,DK,draftkings,change,5,2026-09-21T00:35:00,Sep 21,12:35 AM ET,3h ago,away,Iowa Hawkies,4.5,70.0,73.0,37.5,7.0,63.0,164.0,48.0,36.0
2026-09-21T03:56:58,cfb,cfb_20260926_iowa_hawkies_michigan_wolverines,20260926CFB00178,DK,draftkings,change,5,2026-09-21T00:35:00,Sep 21,12:35 AM ET,3h ago,home,Michigan Wolverines,-4.5,30.0,27.0,37.5,93.0,38.0,-198.0,52.0,64.0
2026-09-21T03:56:58,cfb,cfb_20260926_iowa_hawkies_michigan_wolverines,20260926CFB00178,DK,draftkings,change,6,2026-09-21T00:10:00,Sep 21,12:10 AM ET,3h ago,away,Iowa Hawkies,4.5,70.0,72.0,37.5,7.0,63.0,164.0,48.0,36.0
2026-09-21T03:56:58,cfb,cfb_20260926_iowa_hawkies_michigan_wolverines,20260926CFB00178,DK,draftkings,change,6,2026-09-21T00:10:00,Sep 21,12:10 AM ET,3h ago,home,Michigan Wolverines,-4.5,30.0,28.0,37.5,93.0,38.0,-198.0,52.0,64.0
2026-09-21T03:56:58,cfb,cfb_20260926_iowa_hawkies_michigan_wolverines,20260926CFB00178,DK,draftkings,change,7,2026-09-20T23:55:00,Sep 20,11:55 PM ET,4h ago,away,Iowa Hawkies,4.5,70.0,71.0,37.5,7.0,63.0,164.0,47.0,35.0
2026-09-21T03:56:58,cfb,cfb_20260926_iowa_hawkies_michigan_wolverines,20260926CFB00178,DK,draftkings,change,7,2026-09-20T23:55:00,Sep 20,11:55 PM ET,4h ago,home,Michigan Wolverines,-4.5,30.0,29.0,37.5,93.0,38.0,-198.0,53.0,65.0
2026-09-21T03:56:58,cfb,cfb_20260926_iowa_hawkies_michigan_wolverines,20260926CFB00178,DK,draftkings,change,8,2026-09-20T23:50:00,Sep 20,11:50 PM ET,4h ago,away,Iowa Hawkies,4.5,70.0,71.0,37.5,7.0,63.0,164.0,48.0,36.0
2026-09-21T03:56:58,cfb,cfb_20260926_iowa_hawkies_michigan_wolverines,20260926CFB00178,DK,draftkings,change,8,2026-09-20T23:50:00,Sep 20,11:50 PM ET,4h ago,home,Michigan Wolverines,-4.5,30.0,29.0,37.5,93.0,38.0,-198.0,52.0,64.0
2026-09-21T03:56:58,cfb,cfb_20260926_iowa_hawkies_michigan_wolverines,20260926CFB00178,DK,draftkings,change,9,2026-09-20T23:25:00,Sep 20,11:25 PM ET,4h ago,away,Iowa Hawkies,4.5,70.0,70.0,37.5,7.0,63.0,164.0,48.0,36.0
2026-09-21T03:56:58,cfb,cfb_20260926_iowa_hawkies_michigan_wolverines,20260926CFB00178,DK,draftkings,change,9,2026-09-20T23:25:00,Sep 20,11:25 PM ET,4h ago,home,Michigan Wolverines,-4.5,30.0,30.0,37.5,93.0,38.0,-198.0,52.0,64.0
2026-09-21T03:56:58,cfb,cfb_20260926_iowa_hawkies_michigan_wolverines,20260926CFB00178,DK,draftkings,change,10,2026-09-20T22:50:00,Sep 20,10:50 PM ET,5h ago,away,Iowa Hawkies,4.5,71.0,71.0,37.5,7.0,63.0,164.0,48.0,36.0
2026-09-21T03:56:58,cfb,cfb_20260926_iowa_hawkies_michigan_wolverines,20260926CFB00178,DK,draftkings,change,10,2026-09-20T22:50:00,Sep 20,10:50 PM ET,5h ago,home,Michigan Wolverines,-4.5,29.0,29.0,37.5,93.0,38.0,-198.0,52.0,64.0
2026-09-21T03:56:58,cfb,cfb_20260926_iowa_hawkies_michigan_wolverines,20260926CFB00178,DK,draftkings,change,11,2026-09-20T22:30:00,Sep 20,10:30 PM ET,5h ago,away,Iowa Hawkies,4.5,70.0,70.0,37.5,7.0,63.0,164.0,48.0,36.0
2026-09-21T03:56:58,cfb,cfb_20260926_iowa_hawkies_michigan_wolverines,20260926CFB00178,DK,draftkings,change,11,2026-09-20T22:30:00,Sep 20,10:30 PM ET,5h ago,home,Michigan Wolverines,-4.5,30.0,30.0,37.5,93.0,38.0,-198.0,52.0,64.0
2026-09-21T03:56:58,cfb,cfb_20260926_iowa_hawkies_michigan_wolverines,20260926CFB00178,DK,draftkings,change,12,2026-09-20T22:20:00,Sep 20,10:20 PM ET,5h ago,away,Iowa Hawkies,4.5,70.0,70.0,37.5,7.0,63.0,164.0,48.0,35.0
2026-09-21T03:56:58,cfb,cfb_20260926_iowa_hawkies_michigan_wolverines,20260926CFB00178,DK,draftkings,change,12,2026-09-20T22:20:00,Sep 20,10:20 PM ET,5h ago,home,Michigan Wolverines,-4.5,30.0,30.0,37.5,93.0,38.0,-198.0,52.0,65.0
2026-09-21T03:56:58,cfb,cfb_20260926_iowa_hawkies_michigan_wolverines,20260926CFB00178,DK,draftkings,change,13,2026-09-20T22:15:00,Sep 20,10:15 PM ET,5h ago,away,Iowa Hawkies,4.5,70.0,70.0,37.5,7.0,63.0,164.0,48.0,34.0
2026-09-21T03:56:58,cfb,cfb_20260926_iowa_hawkies_michigan_wolverines,20260926CFB00178,DK,draftkings,change,13,2026-09-20T22:15:00,Sep 20,10:15 PM ET,5h ago,home,Michigan Wolverines,-4.5,30.0,30.0,37.5,93.0,38.0,-198.0,52.0,66.0
2026-09-21T03:56:58,cfb,cfb_20260926_iowa_hawkies_michigan_wolverines,20260926CFB00178,DK,draftkings,change,14,2026-09-20T22:10:00,Sep 20,10:10 PM ET,5h ago,away,Iowa Hawkies,4.5,70.0,69.0,37.5,7.0,63.0,164.0,48.0,34.0
2026-09-21T03:56:58,cfb,cfb_20260926_iowa_hawkies_michigan_wolverines,20260926CFB00178,DK,draftkings,change,14,2026-09-20T22:10:00,Sep 20,10:10 PM ET,5h ago,home,Michigan Wolverines,-4.5,30.0,31.0,37.5,93.0,38.0,-198.0,52.0,66.0
2026-09-21T03:56:58,cfb,cfb_20260926_iowa_hawkies_michigan_wolverines,20260926CFB00178,DK,draftkings,change,15,2026-09-20T21:50:00,Sep 20,9:50 PM ET,6h ago,away,Iowa Hawkies,4.5,70.0,71.0,37.5,7.0,61.0,164.0,48.0,34.0
2026-09-21T03:56:58,cfb,cfb_20260926_iowa_hawkies_michigan_wolverines,20260926CFB00178,DK,draftkings,change,15,2026-09-20T21:50:00,Sep 20,9:50 PM ET,6h ago,home,Michigan Wolverines,-4.5,30.0,29.0,37.5,93.0,39.0,-198.0,52.0,66.0
2026-09-21T03:56:58,cfb,cfb_20260926_iowa_hawkies_michigan_wolverines,20260926CFB00178,DK,draftkings,change,16,2026-09-20T21:40:00,Sep 20,9:40 PM ET,6h ago,away,Iowa Hawkies,4.5,70.0,70.0,37.5,7.0,61.0,164.0,48.0,35.0
2026-09-21T03:56:58,cfb,cfb_20260926_iowa_hawkies_michigan_wolverines,20260926CFB00178,DK,draftkings,change,16,2026-09-20T21:40:00,Sep 20,9:40 PM ET,6h ago,home,Michigan Wolverines,-4.5,30.0,30.0,37.5,93.0,39.0,-198.0,52.0,65.0
2026-09-21T03:56:58,cfb,cfb_20260926_iowa_hawkies_michigan_wolverines,20260926CFB00178,DK,draftkings,change,17,2026-09-20T21:30:00,Sep 20,9:30 PM ET,6h ago,away,Iowa Hawkies,4.5,69.0,69.0,37.5,7.0,61.0,164.0,51.0,36.0
2026-09-21T03:56:58,cfb,cfb_20260926_iowa_hawkies_michigan_wolverines,20260926CFB00178,DK,draftkings,change,17,2026-09-20T21:30:00,Sep 20,9:30 PM ET,6h ago,home,Michigan Wolverines,-4.5,31.0,31.0,37.5,93.0,39.0,-198.0,49.0,64.0
2026-09-21T03:56:58,cfb,cfb_20260926_iowa_hawkies_michigan_wolverines,20260926CFB00178,DK,draftkings,change,18,2026-09-20T21:20:00,Sep 20,9:20 PM ET,6h ago,away,Iowa Hawkies,4.5,69.0,69.0,37.5,7.0,61.0,164.0,51.0,35.0
2026-09-21T03:56:58,cfb,cfb_20260926_iowa_hawkies_michigan_wolverines,20260926CFB00178,DK,draftkings,change,18,2026-09-20T21:20:00,Sep 20,9:20 PM ET,6h ago,home,Michigan Wolverines,-4.5,31.0,31.0,37.5,93.0,39.0,-198.0,49.0,65.0
2026-09-21T03:56:58,cfb,cfb_20260926_iowa_hawkies_michigan_wolverines,20260926CFB00178,DK,draftkings,change,19,2026-09-20T21:15:00,Sep 20,9:15 PM ET,6h ago,away,Iowa Hawkies,4.5,69.0,69.0,37.5,7.0,61.0,164.0,50.0,33.0
2026-09-21T03:56:58,cfb,cfb_20260926_iowa_hawkies_michigan_wolverines,20260926CFB00178,DK,draftkings,change,19,2026-09-20T21:15:00,Sep 20,9:15 PM ET,6h ago,home,Michigan Wolverines,-4.5,31.0,31.0,37.5,93.0,39.0,-198.0,50.0,67.0
2026-09-21T03:56:58,cfb,cfb_20260926_iowa_hawkies_michigan_wolverines,20260926CFB00178,DK,draftkings,change,20,2026-09-20T21:05:00,Sep 20,9:05 PM ET,6h ago,away,Iowa Hawkies,4.5,69.0,68.0,37.5,7.0,60.0,164.0,50.0,33.0
2026-09-21T03:56:58,cfb,cfb_20260926_iowa_hawkies_michigan_wolverines,20260926CFB00178,DK,draftkings,change,20,2026-09-20T21:05:00,Sep 20,9:05 PM ET,6h ago,home,Michigan Wolverines,-4.5,31.0,32.0,37.5,93.0,40.0,-198.0,50.0,67.0
2026-09-21T03:56:58,cfb,cfb_20260926_iowa_hawkies_michigan_wolverines,20260926CFB00178,DK,draftkings,change,21,2026-09-20T20:30:00,Sep 20,8:30 PM ET,7h ago,away,Iowa Hawkies,4.5,69.0,70.0,37.5,7.0,60.0,164.0,50.0,33.0
2026-09-21T03:56:58,cfb,cfb_20260926_iowa_hawkies_michigan_wolverines,20260926CFB00178,DK,draftkings,change,21,2026-09-20T20:30:00,Sep 20,8:30 PM ET,7h ago,home,Michigan Wolverines,-4.5,31.0,30.0,37.5,93.0,40.0,-198.0,50.0,67.0
2026-09-21T03:56:58,cfb,cfb_20260926_iowa_hawkies_michigan_wolverines,20260926CFB00178,DK,draftkings,change,22,2026-09-20T20:20:00,Sep 20,8:20 PM ET,7h ago,away,Iowa Hawkies,4.5,69.0,70.0,37.5,7.0,59.0,164.0,50.0,32.0
2026-09-21T03:56:58,cfb,cfb_20260926_iowa_hawkies_michigan_wolverines,20260926CFB00178,DK,draftkings,change,22,2026-09-20T20:20:00,Sep 20,8:20 PM ET,7h ago,home,Michigan Wolverines,-4.5,31.0,30.0,37.5,93.0,41.0,-198.0,50.0,68.0
2026-09-21T03:56:58,cfb,cfb_20260926_iowa_hawkies_michigan_wolverines,20260926CFB00178,DK,draftkings,change,23,2026-09-20T20:15:00,Sep 20,8:15 PM ET,7h ago,away,Iowa Hawkies,4.5,69.0,69.0,37.5,7.0,59.0,164.0,50.0,32.0
2026-09-21T03:56:58,cfb,cfb_20260926_iowa_hawkies_michigan_wolverines,20260926CFB00178,DK,draftkings,change,23,2026-09-20T20:15:00,Sep 20,8:15 PM ET,7h ago,home,Michigan Wolverines,-4.5,31.0,31.0,37.5,93.0,41.0,-198.0,50.0,68.0
2026-09-21T03:56:58,cfb,cfb_20260926_iowa_hawkies_michigan_wolverines,20260926CFB00178,DK,draftkings,change,24,2026-09-20T20:10:00,Sep 20,8:10 PM ET,7h ago,away,Iowa Hawkies,4.5,69.0,68.0,37.5,7.0,59.0,164.0,50.0,32.0
2026-09-21T03:56:58,cfb,cfb_20260926_iowa_hawkies_michigan_wolverines,20260926CFB00178,DK,draftkings,change,24,2026-09-20T20:10:00,Sep 20,8:10 PM ET,7h ago,home,Michigan Wolverines,-4.5,31.0,32.0,37.5,93.0,41.0,-198.0,50.0,68.0
2026-09-21T03:56:58,cfb,cfb_20260926_iowa_hawkies_michigan_wolverines,20260926CFB00178,DK,draftkings,change,25,2026-09-20T20:00:00,Sep 20,8:00 PM ET,7h ago,away,Iowa Hawkies,4.5,69.0,68.0,37.5,7.0,59.0,164.0,50.0,31.0
2026-09-21T03:56:58,cfb,cfb_20260926_iowa_hawkies_michigan_wolverines,20260926CFB00178,DK,draftkings,change,25,2026-09-20T20:00:00,Sep 20,8:00 PM ET,7h ago,home,Michigan Wolverines,-4.5,31.0,32.0,37.5,93.0,41.0,-198.0,50.0,69.0
2026-09-21T03:56:58,cfb,cfb_20260926_iowa_hawkies_michigan_wolverines,20260926CFB00178,DK,draftkings,change,26,2026-09-20T19:50:00,Sep 20,7:50 PM ET,8h ago,away,Iowa Hawkies,4.5,69.0,67.0,37.5,7.0,59.0,164.0,50.0,31.0
2026-09-21T03:56:58,cfb,cfb_20260926_iowa_hawkies_michigan_wolverines,20260926CFB00178,DK,draftkings,change,26,2026-09-20T19:50:00,Sep 20,7:50 PM ET,8h ago,home,Michigan Wolverines,-4.5,31.0,33.0,37.5,93.0,41.0,-198.0,50.0,69.0
2026-09-21T03:56:58,cfb,cfb_20260926_iowa_hawkies_michigan_wolverines,20260926CFB00178,DK,draftkings,change,27,2026-09-20T19:40:00,Sep 20,7:40 PM ET,8h ago,away,Iowa Hawkies,4.5,68.0,65.0,37.5,7.0,59.0,164.0,50.0,31.0
2026-09-21T03:56:58,cfb,cfb_20260926_iowa_hawkies_michigan_wolverines,20260926CFB00178,DK,draftkings,change,27,2026-09-20T19:40:00,Sep 20,7:40 PM ET,8h ago,home,Michigan Wolverines,-4.5,32.0,35.0,37.5,93.0,41.0,-198.0,50.0,69.0
2026-09-21T03:57:00,cfb,cfb_20260926_iowa_hawkies_michigan_wolverines,20260926CFB00178,CIRCA,circa,open,1,2026-09-20T15:00:00,Sep 20,3:00 PM ET,12h ago,away,Iowa Hawkies,5.0,0.0,0.0,39.5,95.0,50.0,,50.0,50.0
2026-09-21T03:57:00,cfb,cfb_20260926_iowa_hawkies_michigan_wolverines,20260926CFB00178,CIRCA,circa,open,1,2026-09-20T15:00:00,Sep 20,3:00 PM ET,12h ago,home,Michigan Wolverines,-5.0,100.0,100.0,39.5,5.0,50.0,,50.0,50.0
2026-09-21T03:57:00,cfb,cfb_20260926_iowa_hawkies_michigan_wolverines,20260926CFB00178,CIRCA,circa,first_full,2,2026-09-20T20:30:00,Sep 20,8:30 PM ET,7h ago,away,Iowa Hawkies,5.0,2.0,43.0,38.0,95.0,50.0,,50.0,50.0
2026-09-21T03:57:00,cfb,cfb_20260926_iowa_hawkies_michigan_wolverines,20260926CFB00178,CIRCA,circa,first_full,2,2026-09-20T20:30:00,Sep 20,8:30 PM ET,7h ago,home,Michigan Wolverines,-5.0,98.0,57.0,38.0,5.0,50.0,,50.0,50.0
2026-09-21T03:57:00,cfb,cfb_20260926_iowa_hawkies_michigan_wolverines,20260926CFB00178,CIRCA,circa,change,3,2026-09-21T03:55:00,Sep 21,3:55 AM ET,1m ago,away,Iowa Hawkies,5.0,3.0,56.0,38.0,94.0,33.0,,50.0,50.0
2026-09-21T03:57:00,cfb,cfb_20260926_iowa_hawkies_michigan_wolverines,20260926CFB00178,CIRCA,circa,change,3,2026-09-21T03:55:00,Sep 21,3:55 AM ET,1m ago,home,Michigan Wolverines,-5.0,97.0,44.0,38.0,6.0,67.0,,50.0,50.0
2026-09-21T03:57:00,cfb,cfb_20260926_iowa_hawkies_michigan_wolverines,20260926CFB00178,CIRCA,circa,change,4,2026-09-21T00:35:00,Sep 21,12:35 AM ET,3h ago,away,Iowa Hawkies,5.0,3.0,50.0,38.0,94.0,33.0,,50.0,50.0
2026-09-21T03:57:00,cfb,cfb_20260926_iowa_hawkies_michigan_wolverines,20260926CFB00178,CIRCA,circa,change,4,2026-09-21T00:35:00,Sep 21,12:35 AM ET,3h ago,home,Michigan Wolverines,-5.0,97.0,50.0,38.0,6.0,67.0,,50.0,50.0
2026-09-21T03:57:00,cfb,cfb_20260926_iowa_hawkies_michigan_wolverines,20260926CFB00178,CIRCA,circa,change,5,2026-09-20T22:25:00,Sep 20,10:25 PM ET,5h ago,away,Iowa Hawkies,5.0,2.0,43.0,38.0,94.0,33.0,,50.0,50.0
2026-09-21T03:57:00,cfb,cfb_20260926_iowa_hawkies_michigan_wolverines,20260926CFB00178,CIRCA,circa,change,5,2026-09-20T22:25:00,Sep 20,10:25 PM ET,5h ago,home,Michigan Wolverines,-5.0,98.0,57.0,38.0,6.0,67.0,,50.0,50.0
2026-09-21T03:57:00,cfb,cfb_20260926_iowa_hawkies_michigan_wolverines,20260926CFB00178,CIRCA,circa,change,6,2026-09-20T20:30:00,Sep 20,8:30 PM ET,7h ago,away,Iowa Hawkies,5.0,2.0,43.0,38.0,95.0,50.0,,50.0,50.0
2026-09-21T03:57:00,cfb,cfb_20260926_iowa_hawkies_michigan_wolverines,20260926CFB00178,CIRCA,circa,change,6,2026-09-20T20:30:00,Sep 20,8:30 PM ET,7h ago,home,Michigan Wolverines,-5.0,98.0,57.0,38.0,5.0,50.0,,50.0,50.0
2026-09-21T03:57:00,cfb,cfb_20260926_iowa_hawkies_michigan_wolverines,20260926CFB00178,CIRCA,circa,change,7,2026-09-20T19:00:00,Sep 20,7:00 PM ET,8h ago,away,Iowa Hawkies,4.0,0.0,33.0,38.0,95.0,50.0,,50.0,50.0
2026-09-21T03:57:00,cfb,cfb_20260926_iowa_hawkies_michigan_wolverines,20260926CFB00178,CIRCA,circa,change,7,2026-09-20T19:00:00,Sep 20,7:00 PM ET,8h ago,home,Michigan Wolverines,-4.0,100.0,67.0,38.0,5.0,50.0,,50.0,50.0
2026-09-21T03:57:00,cfb,cfb_20260926_iowa_hawkies_michigan_wolverines,20260926CFB00178,CIRCA,circa,change,8,2026-09-20T16:45:00,Sep 20,4:45 PM ET,11h ago,away,Iowa Hawkies,4.0,0.0,40.0,38.0,95.0,50.0,,50.0,50.0
2026-09-21T03:57:00,cfb,cfb_20260926_iowa_hawkies_michigan_wolverines,20260926CFB00178,CIRCA,circa,change,8,2026-09-20T16:45:00,Sep 20,4:45 PM ET,11h ago,home,Michigan Wolverines,-4.0,100.0,60.0,38.0,5.0,50.0,,50.0,50.0
2026-09-21T03:57:00,cfb,cfb_20260926_iowa_hawkies_michigan_wolverines,20260926CFB00178,CIRCA,circa,change,9,2026-09-20T16:40:00,Sep 20,4:40 PM ET,11h ago,away,Iowa Hawkies,4.0,0.0,25.0,38.0,95.0,50.0,,50.0,50.0
2026-09-21T03:57:00,cfb,cfb_20260926_iowa_hawkies_michigan_wolverines,20260926CFB00178,CIRCA,circa,change,9,2026-09-20T16:40:00,Sep 20,4:40 PM ET,11h ago,home,Michigan Wolverines,-4.0,100.0,75.0,38.0,5.0,50.0,,50.0,50.0
2026-09-21T03:57:00,cfb,cfb_20260926_iowa_hawkies_michigan_wolverines,20260926CFB00178,CIRCA,circa,change,10,2026-09-20T15:00:00,Sep 20,3:00 PM ET,12h ago,away,Iowa Hawkies,5.0,0.0,0.0,39.5,95.0,50.0,,50.0,50.0
2026-09-21T03:57:00,cfb,cfb_20260926_iowa_hawkies_michigan_wolverines,20260926CFB00178,CIRCA,circa,change,10,2026-09-20T15:00:00,Sep 20,3:00 PM ET,12h ago,home,Michigan Wolverines,-5.0,100.0,100.0,39.5,5.0,50.0,,50.0,50.0
2026-09-21T03:57:01,cfb,cfb_20260926_new_mexico_lobos_new_mexico_st_aggies,20260926CFB00191,DK,draftkings,open,1,2026-09-20T12:35:00,Sep 20,12:35 PM ET,15h ago,away,New Mexico Lobos,-12.5,100.0,100.0,,0.0,0.0,,0.0,0.0
2026-09-21T03:57:01,cfb,cfb_20260926_new_mexico_lobos_new_mexico_st_aggies,20260926CFB00191,DK,draftkings,open,1,2026-09-20T12:35:00,Sep 20,12:35 PM ET,15h ago,home,New Mexico ST Aggies,12.5,0.0,0.0,,0.0,0.0,,0.0,0.0
2026-09-21T03:57:01,cfb,cfb_20260926_new_mexico_lobos_new_mexico_st_aggies,20260926CFB00191,DK,draftkings,first_full,2,2026-09-20T15:35:00,Sep 20,3:35 PM ET,12h ago,away,New Mexico Lobos,-13.5,100.0,100.0,49.5,100.0,100.0,-650.0,100.0,100.0
2026-09-21T03:57:01,cfb,cfb_20260926_new_mexico_lobos_new_mexico_st_aggies,20260926CFB00191,DK,draftkings,first_full,2,2026-09-20T15:35:00,Sep 20,3:35 PM ET,12h ago,home,New Mexico ST Aggies,13.5,0.0,0.0,49.5,0.0,0.0,470.0,0.0,0.0
2026-09-21T03:57:01,cfb,cfb_20260926_new_mexico_lobos_new_mexico_st_aggies,20260926CFB00191,DK,draftkings,change,3,2026-09-21T03:40:00,Sep 21,3:40 AM ET,16m ago,away,New Mexico Lobos,-12.5,100.0,100.0,48.5,100.0,100.0,-485.0,0.0,65.0
2026-09-21T03:57:01,cfb,cfb_20260926_new_mexico_lobos_new_mexico_st_aggies,20260926CFB00191,DK,draftkings,change,3,2026-09-21T03:40:00,Sep 21,3:40 AM ET,16m ago,home,New Mexico ST Aggies,12.5,0.0,0.0,48.5,0.0,0.0,370.0,100.0,35.0
2026-09-21T03:57:01,cfb,cfb_20260926_new_mexico_lobos_new_mexico_st_aggies,20260926CFB00191,DK,draftkings,change,4,2026-09-21T01:00:00,Sep 21,1:00 AM ET,2h ago,away,New Mexico Lobos,-11.5,100.0,100.0,48.5,100.0,100.0,-470.0,0.0,62.0
2026-09-21T03:57:01,cfb,cfb_20260926_new_mexico_lobos_new_mexico_st_aggies,20260926CFB00191,DK,draftkings,change,4,2026-09-21T01:00:00,Sep 21,1:00 AM ET,2h ago,home,New Mexico ST Aggies,11.5,0.0,0.0,48.5,0.0,0.0,360.0,100.0,38.0
2026-09-21T03:57:01,cfb,cfb_20260926_new_mexico_lobos_new_mexico_st_aggies,20260926CFB00191,DK,draftkings,change,5,2026-09-21T00:10:00,Sep 21,12:10 AM ET,3h ago,away,New Mexico Lobos,-11.5,100.0,100.0,48.5,100.0,100.0,-470.0,0.0,60.0
2026-09-21T03:57:01,cfb,cfb_20260926_new_mexico_lobos_new_mexico_st_aggies,20260926CFB00191,DK,draftkings,change,5,2026-09-21T00:10:00,Sep 21,12:10 AM ET,3h ago,home,New Mexico ST Aggies,11.5,0.0,0.0,48.5,0.0,0.0,360.0,100.0,40.0
2026-09-21T03:57:01,cfb,cfb_20260926_new_mexico_lobos_new_mexico_st_aggies,20260926CFB00191,DK,draftkings,change,6,2026-09-20T22:10:00,Sep 20,10:10 PM ET,5h ago,away,New Mexico Lobos,-11.5,100.0,100.0,48.5,100.0,100.0,-500.0,0.0,47.0
2026-09-21T03:57:01,cfb,cfb_20260926_new_mexico_lobos_new_mexico_st_aggies,20260926CFB00191,DK,draftkings,change,6,2026-09-20T22:10:00,Sep 20,10:10 PM ET,5h ago,home,New Mexico ST Aggies,11.5,0.0,0.0,48.5,0.0,0.0,380.0,100.0,53.0
2026-09-21T03:57:01,cfb,cfb_20260926_new_mexico_lobos_new_mexico_st_aggies,20260926CFB00191,DK,draftkings,change,7,2026-09-20T22:00:00,Sep 20,10:00 PM ET,5h ago,away,New Mexico Lobos,-11.5,100.0,100.0,48.5,100.0,100.0,-500.0,0.0,70.0
2026-09-21T03:57:01,cfb,cfb_20260926_new_mexico_lobos_new_mexico_st_aggies,20260926CFB00191,DK,draftkings,change,7,2026-09-20T22:00:00,Sep 20,10:00 PM ET,5h ago,home,New Mexico ST Aggies,11.5,0.0,0.0,48.5,0.0,0.0,380.0,100.0,30.0
2026-09-21T03:57:01,cfb,cfb_20260926_new_mexico_lobos_new_mexico_st_aggies,20260926CFB00191,DK,draftkings,change,8,2026-09-20T20:40:00,Sep 20,8:40 PM ET,7h ago,away,New Mexico Lobos,-12.5,100.0,100.0,48.5,100.0,100.0,-500.0,0.0,67.0
2026-09-21T03:57:01,cfb,cfb_20260926_new_mexico_lobos_new_mexico_st_aggies,20260926CFB00191,DK,draftkings,change,8,2026-09-20T20:40:00,Sep 20,8:40 PM ET,7h ago,home,New Mexico ST Aggies,12.5,0.0,0.0,48.5,0.0,0.0,380.0,100.0,33.0
2026-09-21T03:57:01,cfb,cfb_20260926_new_mexico_lobos_new_mexico_st_aggies,20260926CFB00191,DK,draftkings,change,9,2026-09-20T20:10:00,Sep 20,8:10 PM ET,7h ago,away,New Mexico Lobos,-12.5,100.0,100.0,48.5,100.0,100.0,-500.0,0.0,63.0
2026-09-21T03:57:01,cfb,cfb_20260926_new_mexico_lobos_new_mexico_st_aggies,20260926CFB00191,DK,draftkings,change,9,2026-09-20T20:10:00,Sep 20,8:10 PM ET,7h ago,home,New Mexico ST Aggies,12.5,0.0,0.0,48.5,0.0,0.0,380.0,100.0,38.0
2026-09-21T03:57:01,cfb,cfb_20260926_new_mexico_lobos_new_mexico_st_aggies,20260926CFB00191,DK,draftkings,change,10,2026-09-20T15:35:00,Sep 20,3:35 PM ET,12h ago,away,New Mexico Lobos,-13.5,100.0,100.0,49.5,100.0,100.0,-650.0,100.0,100.0
2026-09-21T03:57:01,cfb,cfb_20260926_new_mexico_lobos_new_mexico_st_aggies,20260926CFB00191,DK,draftkings,change,10,2026-09-20T15:35:00,Sep 20,3:35 PM ET,12h ago,home,New Mexico ST Aggies,13.5,0.0,0.0,49.5,0.0,0.0,470.0,0.0,0.0
2026-09-21T03:57:01,cfb,cfb_20260926_new_mexico_lobos_new_mexico_st_aggies,20260926CFB00191,DK,draftkings,change,11,2026-09-20T14:00:00,Sep 20,2:00 PM ET,13h ago,away,New Mexico Lobos,-12.5,100.0,100.0,49.5,100.0,100.0,,0.0,0.0
2026-09-21T03:57:01,cfb,cfb_20260926_new_mexico_lobos_new_mexico_st_aggies,20260926CFB00191,DK,draftkings,change,11,2026-09-20T14:00:00,Sep 20,2:00 PM ET,13h ago,home,New Mexico ST Aggies,12.5,0.0,0.0,49.5,0.0,0.0,,0.0,0.0
2026-09-21T03:57:01,cfb,cfb_20260926_new_mexico_lobos_new_mexico_st_aggies,20260926CFB00191,DK,draftkings,change,12,2026-09-20T12:35:00,Sep 20,12:35 PM ET,15h ago,away,New Mexico Lobos,-12.5,100.0,100.0,,0.0,0.0,,0.0,0.0
2026-09-21T03:57:01,cfb,cfb_20260926_new_mexico_lobos_new_mexico_st_aggies,20260926CFB00191,DK,draftkings,change,12,2026-09-20T12:35:00,Sep 20,12:35 PM ET,15h ago,home,New Mexico ST Aggies,12.5,0.0,0.0,,0.0,0.0,,0.0,0.0
2026-09-21T03:57:02,cfb,cfb_20260926_new_mexico_lobos_new_mexico_st_aggies,20260926CFB00191,CIRCA,circa,open,1,2026-09-20T15:05:00,Sep 20,3:05 PM ET,12h ago,away,New Mexico Lobos,-13.5,50.0,50.0,49.5,50.0,50.0,,50.0,50.0
2026-09-21T03:57:02,cfb,cfb_20260926_new_mexico_lobos_new_mexico_st_aggies,20260926CFB00191,CIRCA,circa,open,1,2026-09-20T15:05:00,Sep 20,3:05 PM ET,12h ago,home,New Mexico ST Aggies,13.5,50.0,50.0,49.5,50.0,50.0,,50.0,50.0
2026-09-21T03:57:02,cfb,cfb_20260926_new_mexico_lobos_new_mexico_st_aggies,20260926CFB00191,CIRCA,circa,change,2,2026-09-21T01:15:00,Sep 21,1:15 AM ET,2h ago,away,New Mexico Lobos,-11.5,5.0,67.0,49.0,44.0,50.0,,50.0,50.0
2026-09-21T03:57:02,cfb,cfb_20260926_new_mexico_lobos_new_mexico_st_aggies,20260926CFB00191,CIRCA,circa,change,2,2026-09-21T01:15:00,Sep 21,1:15 AM ET,2h ago,home,New Mexico ST Aggies,11.5,95.0,33.0,49.0,56.0,50.0,,50.0,50.0
2026-09-21T03:57:02,cfb,cfb_20260926_new_mexico_lobos_new_mexico_st_aggies,20260926CFB00191,CIRCA,circa,change,3,2026-09-20T20:05:00,Sep 20,8:05 PM ET,7h ago,away,New Mexico Lobos,-12.0,5.0,67.0,48.0,0.0,0.0,,50.0,50.0
2026-09-21T03:57:02,cfb,cfb_20260926_new_mexico_lobos_new_mexico_st_aggies,20260926CFB00191,CIRCA,circa,change,3,2026-09-20T20:05:00,Sep 20,8:05 PM ET,7h ago,home,New Mexico ST Aggies,12.0,95.0,33.0,48.0,100.0,100.0,,50.0,50.0
2026-09-21T03:57:02,cfb,cfb_20260926_new_mexico_lobos_new_mexico_st_aggies,20260926CFB00191,CIRCA,circa,change,4,2026-09-20T18:20:00,Sep 20,6:20 PM ET,9h ago,away,New Mexico Lobos,-13.5,100.0,100.0,48.0,0.0,0.0,,50.0,50.0
2026-09-21T03:57:02,cfb,cfb_20260926_new_mexico_lobos_new_mexico_st_aggies,20260926CFB00191,CIRCA,circa,change,4,2026-09-20T18:20:00,Sep 20,6:20 PM ET,9h ago,home,New Mexico ST Aggies,13.5,0.0,0.0,48.0,100.0,100.0,,50.0,50.0
2026-09-21T03:57:02,cfb,cfb_20260926_new_mexico_lobos_new_mexico_st_aggies,20260926CFB00191,CIRCA,circa,change,5,2026-09-20T17:45:00,Sep 20,5:45 PM ET,10h ago,away,New Mexico Lobos,-13.5,50.0,50.0,48.0,0.0,0.0,,50.0,50.0
2026-09-21T03:57:02,cfb,cfb_20260926_new_mexico_lobos_new_mexico_st_aggies,20260926CFB00191,CIRCA,circa,change,5,2026-09-20T17:45:00,Sep 20,5:45 PM ET,10h ago,home,New Mexico ST Aggies,13.5,50.0,50.0,48.0,100.0,100.0,,50.0,50.0
2026-09-21T03:57:02,cfb,cfb_20260926_new_mexico_lobos_new_mexico_st_aggies,20260926CFB00191,CIRCA,circa,change,6,2026-09-20T15:05:00,Sep 20,3:05 PM ET,12h ago,away,New Mexico Lobos,-13.5,50.0,50.0,49.5,50.0,50.0,,50.0,50.0
2026-09-21T03:57:02,cfb,cfb_20260926_new_mexico_lobos_new_mexico_st_aggies,20260926CFB00191,CIRCA,circa,change,6,2026-09-20T15:05:00,Sep 20,3:05 PM ET,12h ago,home,New Mexico ST Aggies,13.5,50.0,50.0,49.5,50.0,50.0,,50.0,50.0
2026-09-21T03:57:03,cfb,cfb_20260926_boise_st_broncos_w_michigan_broncos,20260926CFB00235,DK,draftkings,open,1,2026-09-17T11:45:00,Sep 17,11:45 AM ET,3d ago,away,Boise ST Broncos,,0.0,0.0,47.5,100.0,100.0,-298.0,100.0,100.0
2026-09-21T03:57:03,cfb,cfb_20260926_boise_st_broncos_w_michigan_broncos,20260926CFB00235,DK,draftkings,open,1,2026-09-17T11:45:00,Sep 17,11:45 AM ET,3d ago,home,W Michigan Broncos,,0.0,0.0,47.5,0.0,0.0,240.0,0.0,0.0
2026-09-21T03:57:03,cfb,cfb_20260926_boise_st_broncos_w_michigan_broncos,20260926CFB00235,DK,draftkings,first_full,2,2026-09-18T20:50:00,Sep 18,8:50 PM ET,2d ago,away,Boise ST Broncos,-7.5,100.0,100.0,47.5,100.0,100.0,-298.0,19.0,86.0
2026-09-21T03:57:03,cfb,cfb_20260926_boise_st_broncos_w_michigan_broncos,20260926CFB00235,DK,draftkings,first_full,2,2026-09-18T20:50:00,Sep 18,8:50 PM ET,2d ago,home,W Michigan Broncos,7.5,0.0,0.0,47.5,0.0,0.0,240.0,81.0,14.0
2026-09-21T03:57:03,cfb,cfb_20260926_boise_st_broncos_w_michigan_broncos,20260926CFB00235,DK,draftkings,change,3,2026-09-21T03:50:00,Sep 21,3:50 AM ET,6m ago,away,Boise ST Broncos,-7.0,99.0,79.0,48.5,100.0,100.0,-310.0,59.0,94.0
2026-09-21T03:57:03,cfb,cfb_20260926_boise_st_broncos_w_michigan_broncos,20260926CFB00235,DK,draftkings,change,3,2026-09-21T03:50:00,Sep 21,3:50 AM ET,6m ago,home,W Michigan Broncos,7.0,1.0,21.0,48.5,0.0,0.0,250.0,41.0,6.0
2026-09-21T03:57:03,cfb,cfb_20260926_boise_st_broncos_w_michigan_broncos,20260926CFB00235,DK,draftkings,change,4,2026-09-21T02:25:00,Sep 21,2:25 AM ET,1h ago,away,Boise ST Broncos,-7.0,99.0,79.0,48.5,100.0,100.0,-310.0,57.0,94.0
2026-09-21T03:57:03,cfb,cfb_20260926_boise_st_broncos_w_michigan_broncos,20260926CFB00235,DK,draftkings,change,4,2026-09-21T02:25:00,Sep 21,2:25 AM ET,1h ago,home,W Michigan Broncos,7.0,1.0,21.0,48.5,0.0,0.0,250.0,43.0,6.0
2026-09-21T03:57:03,cfb,cfb_20260926_boise_st_broncos_w_michigan_broncos,20260926CFB00235,DK,draftkings,change,5,2026-09-21T00:10:00,Sep 21,12:10 AM ET,3h ago,away,Boise ST Broncos,-7.0,99.0,82.0,48.5,100.0,100.0,-310.0,57.0,94.0
2026-09-21T03:57:03,cfb,cfb_20260926_boise_st_broncos_w_michigan_broncos,20260926CFB00235,DK,draftkings,change,5,2026-09-21T00:10:00,Sep 21,12:10 AM ET,3h ago,home,W Michigan Broncos,7.0,1.0,18.0,48.5,0.0,0.0,250.0,43.0,6.0
2026-09-21T03:57:03,cfb,cfb_20260926_boise_st_broncos_w_michigan_broncos,20260926CFB00235,DK,draftkings,change,6,2026-09-20T23:55:00,Sep 20,11:55 PM ET,4h ago,away,Boise ST Broncos,-7.0,99.0,82.0,48.5,100.0,100.0,-310.0,52.0,93.0
2026-09-21T03:57:03,cfb,cfb_20260926_boise_st_broncos_w_michigan_broncos,20260926CFB00235,DK,draftkings,change,6,2026-09-20T23:55:00,Sep 20,11:55 PM ET,4h ago,home,W Michigan Broncos,7.0,1.0,18.0,48.5,0.0,0.0,250.0,48.0,7.0
2026-09-21T03:57:03,cfb,cfb_20260926_boise_st_broncos_w_michigan_broncos,20260926CFB00235,DK,draftkings,change,7,2026-09-20T22:30:00,Sep 20,10:30 PM ET,5h ago,away,Boise ST Broncos,-7.0,99.0,82.0,48.5,100.0,100.0,-310.0,49.0,93.0
2026-09-21T03:57:03,cfb,cfb_20260926_boise_st_broncos_w_michigan_broncos,20260926CFB00235,DK,draftkings,change,7,2026-09-20T22:30:00,Sep 20,10:30 PM ET,5h ago,home,W Michigan Broncos,7.0,1.0,18.0,48.5,0.0,0.0,250.0,51.0,7.0
2026-09-21T03:57:03,cfb,cfb_20260926_boise_st_broncos_w_michigan_broncos,20260926CFB00235,DK,draftkings,change,8,2026-09-20T22:15:00,Sep 20,10:15 PM ET,5h ago,away,Boise ST Broncos,-7.0,99.0,81.0,48.5,100.0,100.0,-310.0,49.0,93.0
2026-09-21T03:57:03,cfb,cfb_20260926_boise_st_broncos_w_michigan_broncos,20260926CFB00235,DK,draftkings,change,8,2026-09-20T22:15:00,Sep 20,10:15 PM ET,5h ago,home,W Michigan Broncos,7.0,1.0,19.0,48.5,0.0,0.0,250.0,51.0,7.0
2026-09-21T03:57:03,cfb,cfb_20260926_boise_st_broncos_w_michigan_broncos,20260926CFB00235,DK,draftkings,change,9,2026-09-20T22:10:00,Sep 20,10:10 PM ET,5h ago,away,Boise ST Broncos,-7.0,99.0,80.0,48.5,100.0,100.0,-310.0,49.0,93.0
2026-09-21T03:57:03,cfb,cfb_20260926_boise_st_broncos_w_michigan_broncos,20260926CFB00235,DK,draftkings,change,9,2026-09-20T22:10:00,Sep 20,10:10 PM ET,5h ago,home,W Michigan Broncos,7.0,1.0,20.0,48.5,0.0,0.0,250.0,51.0,7.0
2026-09-21T03:57:03,cfb,cfb_20260926_boise_st_broncos_w_michigan_broncos,20260926CFB00235,DK,draftkings,change,10,2026-09-20T22:00:00,Sep 20,10:00 PM ET,5h ago,away,Boise ST Broncos,-7.0,99.0,79.0,48.5,100.0,100.0,-310.0,49.0,93.0
2026-09-21T03:57:03,cfb,cfb_20260926_boise_st_broncos_w_michigan_broncos,20260926CFB00235,DK,draftkings,change,10,2026-09-20T22:00:00,Sep 20,10:00 PM ET,5h ago,home,W Michigan Broncos,7.0,1.0,21.0,48.5,0.0,0.0,250.0,51.0,7.0
2026-09-21T03:57:03,cfb,cfb_20260926_boise_st_broncos_w_michigan_broncos,20260926CFB00235,DK,draftkings,change,11,2026-09-20T21:50:00,Sep 20,9:50 PM ET,6h ago,away,Boise ST Broncos,-7.0,98.0,77.0,48.5,100.0,100.0,-310.0,49.0,93.0
2026-09-21T03:57:03,cfb,cfb_20260926_boise_st_broncos_w_michigan_broncos,20260926CFB00235,DK,draftkings,change,11,2026-09-20T21:50:00,Sep 20,9:50 PM ET,6h ago,home,W Michigan Broncos,7.0,2.0,23.0,48.5,0.0,0.0,250.0,51.0,7.0
2026-09-21T03:57:03,cfb,cfb_20260926_boise_st_broncos_w_michigan_broncos,20260926CFB00235,DK,draftkings,change,12,2026-09-20T21:30:00,Sep 20,9:30 PM ET,6h ago,away,Boise ST Broncos,-7.0,98.0,77.0,48.5,100.0,100.0,-310.0,49.0,93.0
2026-09-21T03:57:03,cfb,cfb_20260926_boise_st_broncos_w_michigan_broncos,20260926CFB00235,DK,draftkings,change,12,2026-09-20T21:30:00,Sep 20,9:30 PM ET,6h ago,home,W Michigan Broncos,7.0,2.0,23.0,48.5,0.0,0.0,250.0,51.0,8.0
2026-09-21T03:57:03,cfb,cfb_20260926_boise_st_broncos_w_michigan_broncos,20260926CFB00235,DK,draftkings,change,13,2026-09-20T21:05:00,Sep 20,9:05 PM ET,6h ago,away,Boise ST Broncos,-7.0,98.0,74.0,48.5,100.0,100.0,-310.0,49.0,93.0
2026-09-21T03:57:03,cfb,cfb_20260926_boise_st_broncos_w_michigan_broncos,20260926CFB00235,DK,draftkings,change,13,2026-09-20T21:05:00,Sep 20,9:05 PM ET,6h ago,home,W Michigan Broncos,7.0,2.0,26.0,48.5,0.0,0.0,250.0,51.0,8.0
2026-09-21T03:57:03,cfb,cfb_20260926_boise_st_broncos_w_michigan_broncos,20260926CFB00235,DK,draftkings,change,14,2026-09-20T20:55:00,Sep 20,8:55 PM ET,7h ago,away,Boise ST Broncos,-7.0,98.0,75.0,48.5,100.0,100.0,-310.0,49.0,93.0
2026-09-21T03:57:03,cfb,cfb_20260926_boise_st_broncos_w_michigan_broncos,20260926CFB00235,DK,draftkings,change,14,2026-09-20T20:55:00,Sep 20,8:55 PM ET,7h ago,home,W Michigan Broncos,7.0,2.0,25.0,48.5,0.0,0.0,250.0,51.0,8.0
2026-09-21T03:57:03,cfb,cfb_20260926_boise_st_broncos_w_michigan_broncos,20260926CFB00235,DK,draftkings,change,15,2026-09-20T20:50:00,Sep 20,8:50 PM ET,7h ago,away,Boise ST Broncos,-7.0,97.0,71.0,48.5,100.0,100.0,-310.0,49.0,93.0
2026-09-21T03:57:03,cfb,cfb_20260926_boise_st_broncos_w_michigan_broncos,20260926CFB00235,DK,draftkings,change,15,2026-09-20T20:50:00,Sep 20,8:50 PM ET,7h ago,home,W Michigan Broncos,7.0,3.0,29.0,48.5,0.0,0.0,250.0,51.0,8.0
2026-09-21T03:57:03,cfb,cfb_20260926_boise_st_broncos_w_michigan_broncos,20260926CFB00235,DK,draftkings,change,16,2026-09-20T20:20:00,Sep 20,8:20 PM ET,7h ago,away,Boise ST Broncos,-7.0,79.0,57.0,48.5,100.0,100.0,-310.0,49.0,93.0
2026-09-21T03:57:03,cfb,cfb_20260926_boise_st_broncos_w_michigan_broncos,20260926CFB00235,DK,draftkings,change,16,2026-09-20T20:20:00,Sep 20,8:20 PM ET,7h ago,home,W Michigan Broncos,7.0,21.0,43.0,48.5,0.0,0.0,250.0,51.0,8.0
2026-09-21T03:57:03,cfb,cfb_20260926_boise_st_broncos_w_michigan_broncos,20260926CFB00235,DK,draftkings,change,17,2026-09-20T19:55:00,Sep 20,7:55 PM ET,8h ago,away,Boise ST Broncos,-7.5,79.0,57.0,48.5,100.0,100.0,-310.0,48.0,92.0
2026-09-21T03:57:03,cfb,cfb_20260926_boise_st_broncos_w_michigan_broncos,20260926CFB00235,DK,draftkings,change,17,2026-09-20T19:55:00,Sep 20,7:55 PM ET,8h ago,home,W Michigan Broncos,7.5,21.0,43.0,48.5,0.0,0.0,250.0,52.0,8.0
2026-09-21T03:57:03,cfb,cfb_20260926_boise_st_broncos_w_michigan_broncos,20260926CFB00235,DK,draftkings,change,18,2026-09-20T19:25:00,Sep 20,7:25 PM ET,8h ago,away,Boise ST Broncos,-7.5,79.0,57.0,48.5,100.0,100.0,-325.0,47.0,92.0
2026-09-21T03:57:03,cfb,cfb_20260926_boise_st_broncos_w_michigan_broncos,20260926CFB00235,DK,draftkings,change,18,2026-09-20T19:25:00,Sep 20,7:25 PM ET,8h ago,home,W Michigan Broncos,7.5,21.0,43.0,48.5,0.0,0.0,260.0,53.0,8.0
2026-09-21T03:57:03,cfb,cfb_20260926_boise_st_broncos_w_michigan_broncos,20260926CFB00235,DK,draftkings,change,19,2026-09-20T19:20:00,Sep 20,7:20 PM ET,8h ago,away,Boise ST Broncos,-7.5,68.0,54.0,48.5,100.0,100.0,-325.0,47.0,92.0
2026-09-21T03:57:03,cfb,cfb_20260926_boise_st_broncos_w_michigan_broncos,20260926CFB00235,DK,draftkings,change,19,2026-09-20T19:20:00,Sep 20,7:20 PM ET,8h ago,home,W Michigan Broncos,7.5,32.0,46.0,48.5,0.0,0.0,260.0,53.0,8.0
2026-09-21T03:57:03,cfb,cfb_20260926_boise_st_broncos_w_michigan_broncos,20260926CFB00235,DK,draftkings,change,20,2026-09-20T19:05:00,Sep 20,7:05 PM ET,8h ago,away,Boise ST Broncos,-7.5,68.0,50.0,48.5,100.0,100.0,-325.0,47.0,92.0
2026-09-21T03:57:03,cfb,cfb_20260926_boise_st_broncos_w_michigan_broncos,20260926CFB00235,DK,draftkings,change,20,2026-09-20T19:05:00,Sep 20,7:05 PM ET,8h ago,home,W Michigan Broncos,7.5,32.0,50.0,48.5,0.0,0.0,260.0,53.0,8.0
2026-09-21T03:57:03,cfb,cfb_20260926_boise_st_broncos_w_michigan_broncos,20260926CFB00235,DK,draftkings,change,21,2026-09-20T18:55:00,Sep 20,6:55 PM ET,9h ago,away,Boise ST Broncos,-7.5,68.0,50.0,48.5,100.0,100.0,-325.0,45.0,92.0
2026-09-21T03:57:03,cfb,cfb_20260926_boise_st_broncos_w_michigan_broncos,20260926CFB00235,DK,draftkings,change,21,2026-09-20T18:55:00,Sep 20,6:55 PM ET,9h ago,home,W Michigan Broncos,7.5,32.0,50.0,48.5,0.0,0.0,260.0,55.0,8.0
2026-09-21T03:57:03,cfb,cfb_20260926_boise_st_broncos_w_michigan_broncos,20260926CFB00235,DK,draftkings,change,22,2026-09-20T18:40:00,Sep 20,6:40 PM ET,9h ago,away,Boise ST Broncos,-7.5,68.0,50.0,48.5,100.0,100.0,-325.0,44.0,92.0
2026-09-21T03:57:03,cfb,cfb_20260926_boise_st_broncos_w_michigan_broncos,20260926CFB00235,DK,draftkings,change,22,2026-09-20T18:40:00,Sep 20,6:40 PM ET,9h ago,home,W Michigan Broncos,7.5,32.0,50.0,48.5,0.0,0.0,260.0,56.0,8.0
2026-09-21T03:57:03,cfb,cfb_20260926_boise_st_broncos_w_michigan_broncos,20260926CFB00235,DK,draftkings,change,23,2026-09-20T18:25:00,Sep 20,6:25 PM ET,9h ago,away,Boise ST Broncos,-7.5,67.0,45.0,48.5,100.0,100.0,-325.0,44.0,92.0
2026-09-21T03:57:03,cfb,cfb_20260926_boise_st_broncos_w_michigan_broncos,20260926CFB00235,DK,draftkings,change,23,2026-09-20T18:25:00,Sep 20,6:25 PM ET,9h ago,home,W Michigan Broncos,7.5,33.0,55.0,48.5,0.0,0.0,260.0,56.0,8.0
2026-09-21T03:57:03,cfb,cfb_20260926_boise_st_broncos_w_michigan_broncos,20260926CFB00235,DK,draftkings,change,24,2026-09-20T18:15:00,Sep 20,6:15 PM ET,9h ago,away,Boise ST Broncos,-7.5,91.0,50.0,48.5,100.0,100.0,-325.0,52.0,94.0
2026-09-21T03:57:03,cfb,cfb_20260926_boise_st_broncos_w_michigan_broncos,20260926CFB00235,DK,draftkings,change,24,2026-09-20T18:15:00,Sep 20,6:15 PM ET,9h ago,home,W Michigan Broncos,7.5,9.0,50.0,48.5,0.0,0.0,260.0,48.0,6.0
2026-09-21T03:57:03,cfb,cfb_20260926_boise_st_broncos_w_michigan_broncos,20260926CFB00235,DK,draftkings,change,25,2026-09-20T17:10:00,Sep 20,5:10 PM ET,10h ago,away,Boise ST Broncos,-7.5,91.0,50.0,48.5,100.0,100.0,-325.0,50.0,94.0
2026-09-21T03:57:03,cfb,cfb_20260926_boise_st_broncos_w_michigan_broncos,20260926CFB00235,DK,draftkings,change,25,2026-09-20T17:10:00,Sep 20,5:10 PM ET,10h ago,home,W Michigan Broncos,7.5,9.0,50.0,48.5,0.0,0.0,260.0,50.0,6.0
2026-09-21T03:57:03,cfb,cfb_20260926_boise_st_broncos_w_michigan_broncos,20260926CFB00235,DK,draftkings,change,26,2026-09-20T16:50:00,Sep 20,4:50 PM ET,11h ago,away,Boise ST Broncos,-7.5,91.0,50.0,48.5,100.0,100.0,-325.0,49.0,94.0
2026-09-21T03:57:03,cfb,cfb_20260926_boise_st_broncos_w_michigan_broncos,20260926CFB00235,DK,draftkings,change,26,2026-09-20T16:50:00,Sep 20,4:50 PM ET,11h ago,home,W Michigan Broncos,7.5,9.0,50.0,48.5,0.0,0.0,260.0,51.0,6.0
2026-09-21T03:57:03,cfb,cfb_20260926_boise_st_broncos_w_michigan_broncos,20260926CFB00235,DK,draftkings,change,27,2026-09-20T16:30:00,Sep 20,4:30 PM ET,11h ago,away,Boise ST Broncos,-7.5,91.0,50.0,47.5,100.0,100.0,-325.0,47.0,93.0
2026-09-21T03:57:03,cfb,cfb_20260926_boise_st_broncos_w_michigan_broncos,20260926CFB00235,DK,draftkings,change,27,2026-09-20T16:30:00,Sep 20,4:30 PM ET,11h ago,home,W Michigan Broncos,7.5,9.0,50.0,47.5,0.0,0.0,260.0,53.0,7.0
2026-09-21T03:57:04,cfb,cfb_20260926_boise_st_broncos_w_michigan_broncos,20260926CFB00235,CIRCA,circa,open,1,2026-09-20T15:00:00,Sep 20,3:00 PM ET,12h ago,away,Boise ST Broncos,-7.5,100.0,100.0,47.5,50.0,50.0,,50.0,50.0
2026-09-21T03:57:04,cfb,cfb_20260926_boise_st_broncos_w_michigan_broncos,20260926CFB00235,CIRCA,circa,open,1,2026-09-20T15:00:00,Sep 20,3:00 PM ET,12h ago,home,W Michigan Broncos,7.5,0.0,0.0,47.5,50.0,50.0,,50.0,50.0
2026-09-21T03:57:04,cfb,cfb_20260926_boise_st_broncos_w_michigan_broncos,20260926CFB00235,CIRCA,circa,change,2,2026-09-21T00:20:00,Sep 21,12:20 AM ET,3h ago,away,Boise ST Broncos,-7.0,98.0,71.0,48.5,100.0,100.0,,50.0,50.0
2026-09-21T03:57:04,cfb,cfb_20260926_boise_st_broncos_w_michigan_broncos,20260926CFB00235,CIRCA,circa,change,2,2026-09-21T00:20:00,Sep 21,12:20 AM ET,3h ago,home,W Michigan Broncos,7.0,2.0,29.0,48.5,0.0,0.0,,50.0,50.0
2026-09-21T03:57:04,cfb,cfb_20260926_boise_st_broncos_w_michigan_broncos,20260926CFB00235,CIRCA,circa,change,3,2026-09-20T23:40:00,Sep 20,11:40 PM ET,4h ago,away,Boise ST Broncos,-7.0,97.0,67.0,48.5,100.0,100.0,,50.0,50.0
2026-09-21T03:57:04,cfb,cfb_20260926_boise_st_broncos_w_michigan_broncos,20260926CFB00235,CIRCA,circa,change,3,2026-09-20T23:40:00,Sep 20,11:40 PM ET,4h ago,home,W Michigan Broncos,7.0,3.0,33.0,48.5,0.0,0.0,,50.0,50.0
2026-09-21T03:57:04,cfb,cfb_20260926_boise_st_broncos_w_michigan_broncos,20260926CFB00235,CIRCA,circa,change,4,2026-09-20T23:15:00,Sep 20,11:15 PM ET,4h ago,away,Boise ST Broncos,-7.0,97.0,60.0,48.5,100.0,100.0,,50.0,50.0
2026-09-21T03:57:04,cfb,cfb_20260926_boise_st_broncos_w_michigan_broncos,20260926CFB00235,CIRCA,circa,change,4,2026-09-20T23:15:00,Sep 20,11:15 PM ET,4h ago,home,W Michigan Broncos,7.0,3.0,40.0,48.5,0.0,0.0,,50.0,50.0
2026-09-21T03:57:04,cfb,cfb_20260926_boise_st_broncos_w_michigan_broncos,20260926CFB00235,CIRCA,circa,change,5,2026-09-20T20:45:00,Sep 20,8:45 PM ET,7h ago,away,Boise ST Broncos,-7.0,95.0,50.0,48.5,100.0,100.0,,50.0,50.0
2026-09-21T03:57:04,cfb,cfb_20260926_boise_st_broncos_w_michigan_broncos,20260926CFB00235,CIRCA,circa,change,5,2026-09-20T20:45:00,Sep 20,8:45 PM ET,7h ago,home,W Michigan Broncos,7.0,5.0,50.0,48.5,0.0,0.0,,50.0,50.0
2026-09-21T03:57:04,cfb,cfb_20260926_boise_st_broncos_w_michigan_broncos,20260926CFB00235,CIRCA,circa,change,6,2026-09-20T16:40:00,Sep 20,4:40 PM ET,11h ago,away,Boise ST Broncos,-7.5,87.0,33.0,48.5,100.0,100.0,,50.0,50.0
2026-09-21T03:57:04,cfb,cfb_20260926_boise_st_broncos_w_michigan_broncos,20260926CFB00235,CIRCA,circa,change,6,2026-09-20T16:40:00,Sep 20,4:40 PM ET,11h ago,home,W Michigan Broncos,7.5,13.0,67.0,48.5,0.0,0.0,,50.0,50.0
2026-09-21T03:57:04,cfb,cfb_20260926_boise_st_broncos_w_michigan_broncos,20260926CFB00235,CIRCA,circa,change,7,2026-09-20T16:01:00,Sep 20,4:01 PM ET,11h ago,away,Boise ST Broncos,-7.5,95.0,50.0,48.5,100.0,100.0,,50.0,50.0
2026-09-21T03:57:04,cfb,cfb_20260926_boise_st_broncos_w_michigan_broncos,20260926CFB00235,CIRCA,circa,change,7,2026-09-20T16:01:00,Sep 20,4:01 PM ET,11h ago,home,W Michigan Broncos,7.5,5.0,50.0,48.5,0.0,0.0,,50.0,50.0
2026-09-21T03:57:04,cfb,cfb_20260926_boise_st_broncos_w_michigan_broncos,20260926CFB00235,CIRCA,circa,change,8,2026-09-20T15:05:00,Sep 20,3:05 PM ET,12h ago,away,Boise ST Broncos,-7.5,100.0,100.0,48.5,100.0,100.0,,50.0,50.0
2026-09-21T03:57:04,cfb,cfb_20260926_boise_st_broncos_w_michigan_broncos,20260926CFB00235,CIRCA,circa,change,8,2026-09-20T15:05:00,Sep 20,3:05 PM ET,12h ago,home,W Michigan Broncos,7.5,0.0,0.0,48.5,0.0,0.0,,50.0,50.0
2026-09-21T03:57:04,cfb,cfb_20260926_boise_st_broncos_w_michigan_broncos,20260926CFB00235,CIRCA,circa,change,9,2026-09-20T15:00:00,Sep 20,3:00 PM ET,12h ago,away,Boise ST Broncos,-7.5,100.0,100.0,47.5,50.0,50.0,,50.0,50.0
2026-09-21T03:57:04,cfb,cfb_20260926_boise_st_broncos_w_michigan_broncos,20260926CFB00235,CIRCA,circa,change,9,2026-09-20T15:00:00,Sep 20,3:00 PM ET,12h ago,home,W Michigan Broncos,7.5,0.0,0.0,47.5,50.0,50.0,,50.0,50.0
2026-09-21T03:57:06,cfb,cfb_20260926_houston_cougars_georgia_southern_eagles,20260926CFB01151,DK,draftkings,open,1,2026-09-20T10:55:00,Sep 20,10:55 AM ET,17h ago,away,Houston Cougars,-19.5,100.0,100.0,55.5,100.0,100.0,,0.0,0.0
2026-09-21T03:57:06,cfb,cfb_20260926_houston_cougars_georgia_southern_eagles,20260926CFB01151,DK,draftkings,open,1,2026-09-20T10:55:00,Sep 20,10:55 AM ET,17h ago,home,Georgia Southern Eagles,19.5,0.0,0.0,55.5,0.0,0.0,,0.0,0.0
2026-09-21T03:57:06,cfb,cfb_20260926_houston_cougars_georgia_southern_eagles,20260926CFB01151,DK,draftkings,first_full,2,2026-09-20T11:15:00,Sep 20,11:15 AM ET,16h ago,away,Houston Cougars,-19.5,100.0,100.0,55.5,100.0,100.0,-1.0,100.0,100.0
2026-09-21T03:57:06,cfb,cfb_20260926_houston_cougars_georgia_southern_eagles,20260926CFB01151,DK,draftkings,first_full,2,2026-09-20T11:15:00,Sep 20,11:15 AM ET,16h ago,home,Georgia Southern Eagles,19.5,0.0,0.0,55.5,0.0,0.0,900.0,0.0,0.0
2026-09-21T03:57:06,cfb,cfb_20260926_houston_cougars_georgia_southern_eagles,20260926CFB01151,DK,draftkings,change,3,2026-09-21T01:00:00,Sep 21,1:00 AM ET,2h ago,away,Houston Cougars,-17.5,100.0,100.0,54.5,75.0,75.0,-950.0,61.0,98.0
2026-09-21T03:57:06,cfb,cfb_20260926_houston_cougars_georgia_southern_eagles,20260926CFB01151,DK,draftkings,change,3,2026-09-21T01:00:00,Sep 21,1:00 AM ET,2h ago,home,Georgia Southern Eagles,17.5,0.0,0.0,54.5,25.0,25.0,625.0,39.0,2.0
2026-09-21T03:57:06,cfb,cfb_20260926_houston_cougars_georgia_southern_eagles,20260926CFB01151,DK,draftkings,change,4,2026-09-21T00:45:00,Sep 21,12:45 AM ET,3h ago,away,Houston Cougars,-17.5,100.0,100.0,54.5,75.0,75.0,-950.0,60.0,98.0
2026-09-21T03:57:06,cfb,cfb_20260926_houston_cougars_georgia_southern_eagles,20260926CFB01151,DK,draftkings,change,4,2026-09-21T00:45:00,Sep 21,12:45 AM ET,3h ago,home,Georgia Southern Eagles,17.5,0.0,0.0,54.5,25.0,25.0,625.0,40.0,2.0
2026-09-21T03:57:06,cfb,cfb_20260926_houston_cougars_georgia_southern_eagles,20260926CFB01151,DK,draftkings,change,5,2026-09-21T00:25:00,Sep 21,12:25 AM ET,3h ago,away,Houston Cougars,-17.5,100.0,100.0,54.5,42.0,67.0,-950.0,60.0,98.0
2026-09-21T03:57:06,cfb,cfb_20260926_houston_cougars_georgia_southern_eagles,20260926CFB01151,DK,draftkings,change,5,2026-09-21T00:25:00,Sep 21,12:25 AM ET,3h ago,home,Georgia Southern Eagles,17.5,0.0,0.0,54.5,58.0,33.0,625.0,40.0,2.0
2026-09-21T03:57:06,cfb,cfb_20260926_houston_cougars_georgia_southern_eagles,20260926CFB01151,DK,draftkings,change,6,2026-09-21T00:10:00,Sep 21,12:10 AM ET,3h ago,away,Houston Cougars,-17.5,100.0,100.0,54.5,42.0,67.0,-950.0,59.0,98.0
2026-09-21T03:57:06,cfb,cfb_20260926_houston_cougars_georgia_southern_eagles,20260926CFB01151,DK,draftkings,change,6,2026-09-21T00:10:00,Sep 21,12:10 AM ET,3h ago,home,Georgia Southern Eagles,17.5,0.0,0.0,54.5,58.0,33.0,625.0,41.0,2.0
2026-09-21T03:57:06,cfb,cfb_20260926_houston_cougars_georgia_southern_eagles,20260926CFB01151,DK,draftkings,change,7,2026-09-21T00:00:00,Sep 21,12:00 AM ET,3h ago,away,Houston Cougars,-17.5,100.0,100.0,54.5,42.0,67.0,-950.0,57.0,98.0
2026-09-21T03:57:06,cfb,cfb_20260926_houston_cougars_georgia_southern_eagles,20260926CFB01151,DK,draftkings,change,7,2026-09-21T00:00:00,Sep 21,12:00 AM ET,3h ago,home,Georgia Southern Eagles,17.5,0.0,0.0,54.5,58.0,33.0,625.0,43.0,2.0
2026-09-21T03:57:06,cfb,cfb_20260926_houston_cougars_georgia_southern_eagles,20260926CFB01151,DK,draftkings,change,8,2026-09-20T23:55:00,Sep 20,11:55 PM ET,4h ago,away,Houston Cougars,-17.5,100.0,100.0,54.5,42.0,50.0,-950.0,57.0,98.0
2026-09-21T03:57:06,cfb,cfb_20260926_houston_cougars_georgia_southern_eagles,20260926CFB01151,DK,draftkings,change,8,2026-09-20T23:55:00,Sep 20,11:55 PM ET,4h ago,home,Georgia Southern Eagles,17.5,0.0,0.0,54.5,58.0,50.0,625.0,43.0,2.0
2026-09-21T03:57:06,cfb,cfb_20260926_houston_cougars_georgia_southern_eagles,20260926CFB01151,DK,draftkings,change,9,2026-09-20T23:10:00,Sep 20,11:10 PM ET,4h ago,away,Houston Cougars,-17.5,100.0,100.0,54.5,42.0,50.0,-950.0,56.0,98.0
2026-09-21T03:57:06,cfb,cfb_20260926_houston_cougars_georgia_southern_eagles,20260926CFB01151,DK,draftkings,change,9,2026-09-20T23:10:00,Sep 20,11:10 PM ET,4h ago,home,Georgia Southern Eagles,17.5,0.0,0.0,54.5,58.0,50.0,625.0,44.0,2.0
2026-09-21T03:57:06,cfb,cfb_20260926_houston_cougars_georgia_southern_eagles,20260926CFB01151,DK,draftkings,change,10,2026-09-20T22:30:00,Sep 20,10:30 PM ET,5h ago,away,Houston Cougars,-17.5,100.0,100.0,54.5,42.0,50.0,-950.0,54.0,98.0
2026-09-21T03:57:06,cfb,cfb_20260926_houston_cougars_georgia_southern_eagles,20260926CFB01151,DK,draftkings,change,10,2026-09-20T22:30:00,Sep 20,10:30 PM ET,5h ago,home,Georgia Southern Eagles,17.5,0.0,0.0,54.5,58.0,50.0,625.0,46.0,2.0
2026-09-21T03:57:06,cfb,cfb_20260926_houston_cougars_georgia_southern_eagles,20260926CFB01151,DK,draftkings,change,11,2026-09-20T22:10:00,Sep 20,10:10 PM ET,5h ago,away,Houston Cougars,-17.5,100.0,100.0,54.5,42.0,50.0,-950.0,48.0,98.0
2026-09-21T03:57:06,cfb,cfb_20260926_houston_cougars_georgia_southern_eagles,20260926CFB01151,DK,draftkings,change,11,2026-09-20T22:10:00,Sep 20,10:10 PM ET,5h ago,home,Georgia Southern Eagles,17.5,0.0,0.0,54.5,58.0,50.0,625.0,52.0,2.0
2026-09-21T03:57:06,cfb,cfb_20260926_houston_cougars_georgia_southern_eagles,20260926CFB01151,DK,draftkings,change,12,2026-09-20T22:00:00,Sep 20,10:00 PM ET,5h ago,away,Houston Cougars,-17.5,100.0,100.0,54.5,42.0,50.0,-950.0,47.0,98.0
2026-09-21T03:57:06,cfb,cfb_20260926_houston_cougars_georgia_southern_eagles,20260926CFB01151,DK,draftkings,change,12,2026-09-20T22:00:00,Sep 20,10:00 PM ET,5h ago,home,Georgia Southern Eagles,17.5,0.0,0.0,54.5,58.0,50.0,625.0,53.0,2.0
2026-09-21T03:57:06,cfb,cfb_20260926_houston_cougars_georgia_southern_eagles,20260926CFB01151,DK,draftkings,change,13,2026-09-20T21:20:00,Sep 20,9:20 PM ET,6h ago,away,Houston Cougars,-17.5,100.0,100.0,54.5,42.0,50.0,-1.0,44.0,97.0
2026-09-21T03:57:06,cfb,cfb_20260926_houston_cougars_georgia_southern_eagles,20260926CFB01151,DK,draftkings,change,13,2026-09-20T21:20:00,Sep 20,9:20 PM ET,6h ago,home,Georgia Southern Eagles,17.5,0.0,0.0,54.5,58.0,50.0,650.0,56.0,3.0
2026-09-21T03:57:06,cfb,cfb_20260926_houston_cougars_georgia_southern_eagles,20260926CFB01151,DK,draftkings,change,14,2026-09-20T21:15:00,Sep 20,9:15 PM ET,6h ago,away,Houston Cougars,-17.5,100.0,100.0,54.5,42.0,50.0,-1.0,43.0,97.0
2026-09-21T03:57:06,cfb,cfb_20260926_houston_cougars_georgia_southern_eagles,20260926CFB01151,DK,draftkings,change,14,2026-09-20T21:15:00,Sep 20,9:15 PM ET,6h ago,home,Georgia Southern Eagles,17.5,0.0,0.0,54.5,58.0,50.0,650.0,57.0,3.0
2026-09-21T03:57:06,cfb,cfb_20260926_houston_cougars_georgia_southern_eagles,20260926CFB01151,DK,draftkings,change,15,2026-09-20T19:55:00,Sep 20,7:55 PM ET,8h ago,away,Houston Cougars,-17.5,100.0,100.0,54.5,100.0,100.0,-1.0,43.0,97.0
2026-09-21T03:57:06,cfb,cfb_20260926_houston_cougars_georgia_southern_eagles,20260926CFB01151,DK,draftkings,change,15,2026-09-20T19:55:00,Sep 20,7:55 PM ET,8h ago,home,Georgia Southern Eagles,17.5,0.0,0.0,54.5,0.0,0.0,650.0,57.0,3.0
2026-09-21T03:57:06,cfb,cfb_20260926_houston_cougars_georgia_southern_eagles,20260926CFB01151,DK,draftkings,change,16,2026-09-20T19:25:00,Sep 20,7:25 PM ET,8h ago,away,Houston Cougars,-18.5,100.0,100.0,54.5,100.0,100.0,-1.0,42.0,97.0
2026-09-21T03:57:06,cfb,cfb_20260926_houston_cougars_georgia_southern_eagles,20260926CFB01151,DK,draftkings,change,16,2026-09-20T19:25:00,Sep 20,7:25 PM ET,8h ago,home,Georgia Southern Eagles,18.5,0.0,0.0,54.5,0.0,0.0,800.0,58.0,3.0
2026-09-21T03:57:06,cfb,cfb_20260926_houston_cougars_georgia_southern_eagles,20260926CFB01151,DK,draftkings,change,17,2026-09-20T19:05:00,Sep 20,7:05 PM ET,8h ago,away,Houston Cougars,-18.5,100.0,100.0,54.5,100.0,100.0,-1.0,40.0,96.0
2026-09-21T03:57:06,cfb,cfb_20260926_houston_cougars_georgia_southern_eagles,20260926CFB01151,DK,draftkings,change,17,2026-09-20T19:05:00,Sep 20,7:05 PM ET,8h ago,home,Georgia Southern Eagles,18.5,0.0,0.0,54.5,0.0,0.0,800.0,60.0,4.0
2026-09-21T03:57:06,cfb,cfb_20260926_houston_cougars_georgia_southern_eagles,20260926CFB01151,DK,draftkings,change,18,2026-09-20T18:40:00,Sep 20,6:40 PM ET,9h ago,away,Houston Cougars,-18.5,100.0,100.0,54.5,100.0,100.0,-1.0,39.0,96.0
2026-09-21T03:57:06,cfb,cfb_20260926_houston_cougars_georgia_southern_eagles,20260926CFB01151,DK,draftkings,change,18,2026-09-20T18:40:00,Sep 20,6:40 PM ET,9h ago,home,Georgia Southern Eagles,18.5,0.0,0.0,54.5,0.0,0.0,800.0,61.0,4.0
2026-09-21T03:57:06,cfb,cfb_20260926_houston_cougars_georgia_southern_eagles,20260926CFB01151,DK,draftkings,change,19,2026-09-20T18:25:00,Sep 20,6:25 PM ET,9h ago,away,Houston Cougars,-18.5,100.0,100.0,54.5,100.0,100.0,-1.0,38.0,96.0
2026-09-21T03:57:06,cfb,cfb_20260926_houston_cougars_georgia_southern_eagles,20260926CFB01151,DK,draftkings,change,19,2026-09-20T18:25:00,Sep 20,6:25 PM ET,9h ago,home,Georgia Southern Eagles,18.5,0.0,0.0,54.5,0.0,0.0,800.0,62.0,4.0
2026-09-21T03:57:06,cfb,cfb_20260926_houston_cougars_georgia_southern_eagles,20260926CFB01151,DK,draftkings,change,20,2026-09-20T18:15:00,Sep 20,6:15 PM ET,9h ago,away,Houston Cougars,-18.5,100.0,100.0,54.5,100.0,100.0,-1.0,35.0,95.0
2026-09-21T03:57:06,cfb,cfb_20260926_houston_cougars_georgia_southern_eagles,20260926CFB01151,DK,draftkings,change,20,2026-09-20T18:15:00,Sep 20,6:15 PM ET,9h ago,home,Georgia Southern Eagles,18.5,0.0,0.0,54.5,0.0,0.0,800.0,65.0,5.0
2026-09-21T03:57:06,cfb,cfb_20260926_houston_cougars_georgia_southern_eagles,20260926CFB01151,DK,draftkings,change,21,2026-09-20T17:50:00,Sep 20,5:50 PM ET,10h ago,away,Houston Cougars,-18.5,100.0,100.0,54.5,100.0,100.0,-1.0,29.0,95.0
2026-09-21T03:57:06,cfb,cfb_20260926_houston_cougars_georgia_southern_eagles,20260926CFB01151,DK,draftkings,change,21,2026-09-20T17:50:00,Sep 20,5:50 PM ET,10h ago,home,Georgia Southern Eagles,18.5,0.0,0.0,54.5,0.0,0.0,800.0,71.0,5.0
2026-09-21T03:57:06,cfb,cfb_20260926_houston_cougars_georgia_southern_eagles,20260926CFB01151,DK,draftkings,change,22,2026-09-20T17:30:00,Sep 20,5:30 PM ET,10h ago,away,Houston Cougars,-18.5,100.0,100.0,54.5,100.0,100.0,-1.0,27.0,94.0
2026-09-21T03:57:06,cfb,cfb_20260926_houston_cougars_georgia_southern_eagles,20260926CFB01151,DK,draftkings,change,22,2026-09-20T17:30:00,Sep 20,5:30 PM ET,10h ago,home,Georgia Southern Eagles,18.5,0.0,0.0,54.5,0.0,0.0,800.0,73.0,6.0
2026-09-21T03:57:06,cfb,cfb_20260926_houston_cougars_georgia_southern_eagles,20260926CFB01151,DK,draftkings,change,23,2026-09-20T17:20:00,Sep 20,5:20 PM ET,10h ago,away,Houston Cougars,-18.5,100.0,100.0,54.5,100.0,100.0,-1.0,26.0,93.0
2026-09-21T03:57:06,cfb,cfb_20260926_houston_cougars_georgia_southern_eagles,20260926CFB01151,DK,draftkings,change,23,2026-09-20T17:20:00,Sep 20,5:20 PM ET,10h ago,home,Georgia Southern Eagles,18.5,0.0,0.0,54.5,0.0,0.0,800.0,74.0,7.0
2026-09-21T03:57:06,cfb,cfb_20260926_houston_cougars_georgia_southern_eagles,20260926CFB01151,DK,draftkings,change,24,2026-09-20T17:00:00,Sep 20,5:00 PM ET,10h ago,away,Houston Cougars,-18.5,100.0,100.0,54.5,100.0,100.0,-1.0,20.0,92.0
2026-09-21T03:57:06,cfb,cfb_20260926_houston_cougars_georgia_southern_eagles,20260926CFB01151,DK,draftkings,change,24,2026-09-20T17:00:00,Sep 20,5:00 PM ET,10h ago,home,Georgia Southern Eagles,18.5,0.0,0.0,54.5,0.0,0.0,800.0,80.0,8.0
2026-09-21T03:57:06,cfb,cfb_20260926_houston_cougars_georgia_southern_eagles,20260926CFB01151,DK,draftkings,change,25,2026-09-20T16:50:00,Sep 20,4:50 PM ET,11h ago,away,Houston Cougars,-18.5,100.0,100.0,54.5,100.0,100.0,-1.0,11.0,92.0
2026-09-21T03:57:06,cfb,cfb_20260926_houston_cougars_georgia_southern_eagles,20260926CFB01151,DK,draftkings,change,25,2026-09-20T16:50:00,Sep 20,4:50 PM ET,11h ago,home,Georgia Southern Eagles,18.5,0.0,0.0,54.5,0.0,0.0,800.0,89.0,8.0
2026-09-21T03:57:06,cfb,cfb_20260926_houston_cougars_georgia_southern_eagles,20260926CFB01151,DK,draftkings,change,26,2026-09-20T16:40:00,Sep 20,4:40 PM ET,11h ago,away,Houston Cougars,-18.5,100.0,100.0,54.5,100.0,100.0,-1.0,10.0,91.0
2026-09-21T03:57:06,cfb,cfb_20260926_houston_cougars_georgia_southern_eagles,20260926CFB01151,DK,draftkings,change,26,2026-09-20T16:40:00,Sep 20,4:40 PM ET,11h ago,home,Georgia Southern Eagles,18.5,0.0,0.0,54.5,0.0,0.0,800.0,90.0,9.0
2026-09-21T03:57:06,cfb,cfb_20260926_houston_cougars_georgia_southern_eagles,20260926CFB01151,DK,draftkings,change,27,2026-09-20T16:30:00,Sep 20,4:30 PM ET,11h ago,away,Houston Cougars,-18.5,100.0,100.0,54.5,100.0,100.0,-1.0,9.0,90.0
2026-09-21T03:57:06,cfb,cfb_20260926_houston_cougars_georgia_southern_eagles,20260926CFB01151,DK,draftkings,change,27,2026-09-20T16:30:00,Sep 20,4:30 PM ET,11h ago,home,Georgia Southern Eagles,18.5,0.0,0.0,54.5,0.0,0.0,800.0,91.0,10.0
2026-09-21T03:57:07,cfb,cfb_20260926_houston_cougars_georgia_southern_eagles,20260926CFB01151,CIRCA,circa,open,1,2026-09-20T15:05:00,Sep 20,3:05 PM ET,12h ago,away,Houston Cougars,-18.0,1.0,50.0,55.0,50.0,50.0,,50.0,50.0
2026-09-21T03:57:07,cfb,cfb_20260926_houston_cougars_georgia_southern_eagles,20260926CFB01151,CIRCA,circa,open,1,2026-09-20T15:05:00,Sep 20,3:05 PM ET,12h ago,home,Georgia Southern Eagles,18.0,99.0,50.0,55.0,50.0,50.0,,50.0,50.0
2026-09-21T03:57:07,cfb,cfb_20260926_houston_cougars_georgia_southern_eagles,20260926CFB01151,CIRCA,circa,change,2,2026-09-20T15:05:00,Sep 20,3:05 PM ET,12h ago,away,Houston Cougars,-18.0,1.0,50.0,55.0,50.0,50.0,,50.0,50.0
2026-09-21T03:57:07,cfb,cfb_20260926_houston_cougars_georgia_southern_eagles,20260926CFB01151,CIRCA,circa,change,2,2026-09-20T15:05:00,Sep 20,3:05 PM ET,12h ago,home,Georgia Southern Eagles,18.0,99.0,50.0,55.0,50.0,50.0,,50.0,50.0
2026-09-21T03:57:08,cfb,cfb_20260926_vanderbilt_commodores_auburn_tigers,20260926CFB00131,DK,draftkings,open,1,2026-09-20T00:10:00,Sep 20,12:10 AM ET,1d ago,away,Vanderbilt Commodores,9.5,0.0,0.0,52.5,100.0,100.0,285.0,38.0,9.0
2026-09-21T03:57:08,cfb,cfb_20260926_vanderbilt_commodores_auburn_tigers,20260926CFB00131,DK,draftkings,open,1,2026-09-20T00:10:00,Sep 20,12:10 AM ET,1d ago,home,Auburn Tigers,-9.5,100.0,100.0,52.5,0.0,0.0,-360.0,62.0,91.0
2026-09-21T03:57:08,cfb,cfb_20260926_vanderbilt_commodores_auburn_tigers,20260926CFB00131,DK,draftkings,first_full,2,2026-09-20T01:30:00,Sep 20,1:30 AM ET,1d ago,away,Vanderbilt Commodores,9.5,64.0,40.0,52.5,100.0,100.0,285.0,37.0,8.0
2026-09-21T03:57:08,cfb,cfb_20260926_vanderbilt_commodores_auburn_tigers,20260926CFB00131,DK,draftkings,first_full,2,2026-09-20T01:30:00,Sep 20,1:30 AM ET,1d ago,home,Auburn Tigers,-9.5,36.0,60.0,52.5,0.0,0.0,-360.0,63.0,92.0
2026-09-21T03:57:08,cfb,cfb_20260926_vanderbilt_commodores_auburn_tigers,20260926CFB00131,DK,draftkings,change,3,2026-09-21T02:50:00,Sep 21,2:50 AM ET,1h ago,away,Vanderbilt Commodores,9.5,89.0,70.0,54.5,100.0,100.0,280.0,13.0,10.0
2026-09-21T03:57:08,cfb,cfb_20260926_vanderbilt_commodores_auburn_tigers,20260926CFB00131,DK,draftkings,change,3,2026-09-21T02:50:00,Sep 21,2:50 AM ET,1h ago,home,Auburn Tigers,-9.5,11.0,30.0,54.5,0.0,0.0,-355.0,87.0,90.0
2026-09-21T03:57:08,cfb,cfb_20260926_vanderbilt_commodores_auburn_tigers,20260926CFB00131,DK,draftkings,change,4,2026-09-21T01:55:00,Sep 21,1:55 AM ET,2h ago,away,Vanderbilt Commodores,9.5,89.0,70.0,54.5,100.0,100.0,280.0,14.0,10.0
2026-09-21T03:57:08,cfb,cfb_20260926_vanderbilt_commodores_auburn_tigers,20260926CFB00131,DK,draftkings,change,4,2026-09-21T01:55:00,Sep 21,1:55 AM ET,2h ago,home,Auburn Tigers,-9.5,11.0,30.0,54.5,0.0,0.0,-355.0,86.0,90.0
2026-09-21T03:57:08,cfb,cfb_20260926_vanderbilt_commodores_auburn_tigers,20260926CFB00131,DK,draftkings,change,5,2026-09-21T01:25:00,Sep 21,1:25 AM ET,2h ago,away,Vanderbilt Commodores,9.5,89.0,70.0,54.5,100.0,100.0,280.0,13.0,9.0
2026-09-21T03:57:08,cfb,cfb_20260926_vanderbilt_commodores_auburn_tigers,20260926CFB00131,DK,draftkings,change,5,2026-09-21T01:25:00,Sep 21,1:25 AM ET,2h ago,home,Auburn Tigers,-9.5,11.0,30.0,54.5,0.0,0.0,-355.0,87.0,91.0
2026-09-21T03:57:08,cfb,cfb_20260926_vanderbilt_commodores_auburn_tigers,20260926CFB00131,DK,draftkings,change,6,2026-09-21T00:35:00,Sep 21,12:35 AM ET,3h ago,away,Vanderbilt Commodores,9.5,89.0,70.0,54.5,100.0,100.0,280.0,14.0,9.0
2026-09-21T03:57:08,cfb,cfb_20260926_vanderbilt_commodores_auburn_tigers,20260926CFB00131,DK,draftkings,change,6,2026-09-21T00:35:00,Sep 21,12:35 AM ET,3h ago,home,Auburn Tigers,-9.5,11.0,30.0,54.5,0.0,0.0,-355.0,86.0,91.0
2026-09-21T03:57:08,cfb,cfb_20260926_vanderbilt_commodores_auburn_tigers,20260926CFB00131,DK,draftkings,change,7,2026-09-21T00:15:00,Sep 21,12:15 AM ET,3h ago,away,Vanderbilt Commodores,9.5,89.0,73.0,54.5,100.0,100.0,280.0,14.0,9.0
2026-09-21T03:57:08,cfb,cfb_20260926_vanderbilt_commodores_auburn_tigers,20260926CFB00131,DK,draftkings,change,7,2026-09-21T00:15:00,Sep 21,12:15 AM ET,3h ago,home,Auburn Tigers,-9.5,11.0,27.0,54.5,0.0,0.0,-355.0,86.0,91.0
2026-09-21T03:57:08,cfb,cfb_20260926_vanderbilt_commodores_auburn_tigers,20260926CFB00131,DK,draftkings,change,8,2026-09-21T00:10:00,Sep 21,12:10 AM ET,3h ago,away,Vanderbilt Commodores,9.5,89.0,72.0,54.5,100.0,100.0,280.0,14.0,9.0
2026-09-21T03:57:08,cfb,cfb_20260926_vanderbilt_commodores_auburn_tigers,20260926CFB00131,DK,draftkings,change,8,2026-09-21T00:10:00,Sep 21,12:10 AM ET,3h ago,home,Auburn Tigers,-9.5,11.0,28.0,54.5,0.0,0.0,-355.0,86.0,91.0
2026-09-21T03:57:08,cfb,cfb_20260926_vanderbilt_commodores_auburn_tigers,20260926CFB00131,DK,draftkings,change,9,2026-09-21T00:00:00,Sep 21,12:00 AM ET,3h ago,away,Vanderbilt Commodores,9.5,89.0,70.0,54.5,100.0,100.0,280.0,24.0,6.0
2026-09-21T03:57:08,cfb,cfb_20260926_vanderbilt_commodores_auburn_tigers,20260926CFB00131,DK,draftkings,change,9,2026-09-21T00:00:00,Sep 21,12:00 AM ET,3h ago,home,Auburn Tigers,-9.5,11.0,30.0,54.5,0.0,0.0,-355.0,76.0,94.0
2026-09-21T03:57:08,cfb,cfb_20260926_vanderbilt_commodores_auburn_tigers,20260926CFB00131,DK,draftkings,change,10,2026-09-20T23:10:00,Sep 20,11:10 PM ET,4h ago,away,Vanderbilt Commodores,9.5,89.0,68.0,54.5,100.0,100.0,280.0,24.0,6.0
2026-09-21T03:57:08,cfb,cfb_20260926_vanderbilt_commodores_auburn_tigers,20260926CFB00131,DK,draftkings,change,10,2026-09-20T23:10:00,Sep 20,11:10 PM ET,4h ago,home,Auburn Tigers,-9.5,11.0,32.0,54.5,0.0,0.0,-355.0,76.0,94.0
2026-09-21T03:57:08,cfb,cfb_20260926_vanderbilt_commodores_auburn_tigers,20260926CFB00131,DK,draftkings,change,11,2026-09-20T22:30:00,Sep 20,10:30 PM ET,5h ago,away,Vanderbilt Commodores,9.5,89.0,67.0,54.5,100.0,100.0,280.0,24.0,6.0
2026-09-21T03:57:08,cfb,cfb_20260926_vanderbilt_commodores_auburn_tigers,20260926CFB00131,DK,draftkings,change,11,2026-09-20T22:30:00,Sep 20,10:30 PM ET,5h ago,home,Auburn Tigers,-9.5,11.0,33.0,54.5,0.0,0.0,-355.0,76.0,94.0
2026-09-21T03:57:08,cfb,cfb_20260926_vanderbilt_commodores_auburn_tigers,20260926CFB00131,DK,draftkings,change,12,2026-09-20T22:20:00,Sep 20,10:20 PM ET,5h ago,away,Vanderbilt Commodores,9.5,89.0,67.0,54.5,100.0,100.0,280.0,28.0,6.0
2026-09-21T03:57:08,cfb,cfb_20260926_vanderbilt_commodores_auburn_tigers,20260926CFB00131,DK,draftkings,change,12,2026-09-20T22:20:00,Sep 20,10:20 PM ET,5h ago,home,Auburn Tigers,-9.5,11.0,33.0,54.5,0.0,0.0,-355.0,72.0,94.0
2026-09-21T03:57:08,cfb,cfb_20260926_vanderbilt_commodores_auburn_tigers,20260926CFB00131,DK,draftkings,change,13,2026-09-20T22:00:00,Sep 20,10:00 PM ET,5h ago,away,Vanderbilt Commodores,9.5,89.0,65.0,54.5,100.0,100.0,280.0,28.0,6.0
2026-09-21T03:57:08,cfb,cfb_20260926_vanderbilt_commodores_auburn_tigers,20260926CFB00131,DK,draftkings,change,13,2026-09-20T22:00:00,Sep 20,10:00 PM ET,5h ago,home,Auburn Tigers,-9.5,11.0,35.0,54.5,0.0,0.0,-355.0,72.0,94.0
2026-09-21T03:57:08,cfb,cfb_20260926_vanderbilt_commodores_auburn_tigers,20260926CFB00131,DK,draftkings,change,14,2026-09-20T21:40:00,Sep 20,9:40 PM ET,6h ago,away,Vanderbilt Commodores,9.5,89.0,65.0,54.5,100.0,100.0,280.0,28.0,7.0
2026-09-21T03:57:08,cfb,cfb_20260926_vanderbilt_commodores_auburn_tigers,20260926CFB00131,DK,draftkings,change,14,2026-09-20T21:40:00,Sep 20,9:40 PM ET,6h ago,home,Auburn Tigers,-9.5,11.0,35.0,54.5,0.0,0.0,-355.0,72.0,93.0
2026-09-21T03:57:08,cfb,cfb_20260926_vanderbilt_commodores_auburn_tigers,20260926CFB00131,DK,draftkings,change,15,2026-09-20T21:30:00,Sep 20,9:30 PM ET,6h ago,away,Vanderbilt Commodores,9.5,89.0,53.0,54.5,100.0,100.0,280.0,28.0,7.0
2026-09-21T03:57:08,cfb,cfb_20260926_vanderbilt_commodores_auburn_tigers,20260926CFB00131,DK,draftkings,change,15,2026-09-20T21:30:00,Sep 20,9:30 PM ET,6h ago,home,Auburn Tigers,-9.5,11.0,47.0,54.5,0.0,0.0,-355.0,72.0,93.0
2026-09-21T03:57:08,cfb,cfb_20260926_vanderbilt_commodores_auburn_tigers,20260926CFB00131,DK,draftkings,change,16,2026-09-20T21:05:00,Sep 20,9:05 PM ET,6h ago,away,Vanderbilt Commodores,9.5,89.0,57.0,54.5,100.0,100.0,280.0,28.0,7.0
2026-09-21T03:57:08,cfb,cfb_20260926_vanderbilt_commodores_auburn_tigers,20260926CFB00131,DK,draftkings,change,16,2026-09-20T21:05:00,Sep 20,9:05 PM ET,6h ago,home,Auburn Tigers,-9.5,11.0,43.0,54.5,0.0,0.0,-355.0,72.0,93.0
2026-09-21T03:57:08,cfb,cfb_20260926_vanderbilt_commodores_auburn_tigers,20260926CFB00131,DK,draftkings,change,17,2026-09-20T20:20:00,Sep 20,8:20 PM ET,7h ago,away,Vanderbilt Commodores,9.5,88.0,54.0,54.5,100.0,100.0,280.0,28.0,7.0
2026-09-21T03:57:08,cfb,cfb_20260926_vanderbilt_commodores_auburn_tigers,20260926CFB00131,DK,draftkings,change,17,2026-09-20T20:20:00,Sep 20,8:20 PM ET,7h ago,home,Auburn Tigers,-9.5,12.0,46.0,54.5,0.0,0.0,-355.0,72.0,93.0
2026-09-21T03:57:08,cfb,cfb_20260926_vanderbilt_commodores_auburn_tigers,20260926CFB00131,DK,draftkings,change,18,2026-09-20T19:55:00,Sep 20,7:55 PM ET,8h ago,away,Vanderbilt Commodores,8.5,88.0,50.0,54.5,100.0,100.0,270.0,28.0,7.0
2026-09-21T03:57:08,cfb,cfb_20260926_vanderbilt_commodores_auburn_tigers,20260926CFB00131,DK,draftkings,change,18,2026-09-20T19:55:00,Sep 20,7:55 PM ET,8h ago,home,Auburn Tigers,-8.5,12.0,50.0,54.5,0.0,0.0,-340.0,72.0,93.0
2026-09-21T03:57:08,cfb,cfb_20260926_vanderbilt_commodores_auburn_tigers,20260926CFB00131,DK,draftkings,change,19,2026-09-20T19:50:00,Sep 20,7:50 PM ET,8h ago,away,Vanderbilt Commodores,8.5,88.0,55.0,54.5,100.0,100.0,270.0,29.0,7.0
2026-09-21T03:57:08,cfb,cfb_20260926_vanderbilt_commodores_auburn_tigers,20260926CFB00131,DK,draftkings,change,19,2026-09-20T19:50:00,Sep 20,7:50 PM ET,8h ago,home,Auburn Tigers,-8.5,12.0,45.0,54.5,0.0,0.0,-340.0,71.0,93.0
2026-09-21T03:57:08,cfb,cfb_20260926_vanderbilt_commodores_auburn_tigers,20260926CFB00131,DK,draftkings,change,20,2026-09-20T19:40:00,Sep 20,7:40 PM ET,8h ago,away,Vanderbilt Commodores,9.5,88.0,50.0,53.5,100.0,100.0,285.0,29.0,7.0
2026-09-21T03:57:08,cfb,cfb_20260926_vanderbilt_commodores_auburn_tigers,20260926CFB00131,DK,draftkings,change,20,2026-09-20T19:40:00,Sep 20,7:40 PM ET,8h ago,home,Auburn Tigers,-9.5,12.0,50.0,53.5,0.0,0.0,-360.0,71.0,93.0
2026-09-21T03:57:08,cfb,cfb_20260926_vanderbilt_commodores_auburn_tigers,20260926CFB00131,DK,draftkings,change,21,2026-09-20T17:50:00,Sep 20,5:50 PM ET,10h ago,away,Vanderbilt Commodores,9.5,88.0,50.0,53.5,100.0,100.0,285.0,30.0,7.0
2026-09-21T03:57:08,cfb,cfb_20260926_vanderbilt_commodores_auburn_tigers,20260926CFB00131,DK,draftkings,change,21,2026-09-20T17:50:00,Sep 20,5:50 PM ET,10h ago,home,Auburn Tigers,-9.5,12.0,50.0,53.5,0.0,0.0,-360.0,70.0,93.0
2026-09-21T03:57:08,cfb,cfb_20260926_vanderbilt_commodores_auburn_tigers,20260926CFB00131,DK,draftkings,change,22,2026-09-20T17:25:00,Sep 20,5:25 PM ET,10h ago,away,Vanderbilt Commodores,9.5,79.0,44.0,53.5,100.0,100.0,285.0,30.0,7.0
2026-09-21T03:57:08,cfb,cfb_20260926_vanderbilt_commodores_auburn_tigers,20260926CFB00131,DK,draftkings,change,22,2026-09-20T17:25:00,Sep 20,5:25 PM ET,10h ago,home,Auburn Tigers,-9.5,21.0,56.0,53.5,0.0,0.0,-360.0,70.0,93.0
2026-09-21T03:57:08,cfb,cfb_20260926_vanderbilt_commodores_auburn_tigers,20260926CFB00131,DK,draftkings,change,23,2026-09-20T15:35:00,Sep 20,3:35 PM ET,12h ago,away,Vanderbilt Commodores,9.5,83.0,50.0,52.5,100.0,100.0,285.0,30.0,7.0
2026-09-21T03:57:08,cfb,cfb_20260926_vanderbilt_commodores_auburn_tigers,20260926CFB00131,DK,draftkings,change,23,2026-09-20T15:35:00,Sep 20,3:35 PM ET,12h ago,home,Auburn Tigers,-9.5,17.0,50.0,52.5,0.0,0.0,-360.0,70.0,93.0
2026-09-21T03:57:08,cfb,cfb_20260926_vanderbilt_commodores_auburn_tigers,20260926CFB00131,DK,draftkings,change,24,2026-09-20T14:40:00,Sep 20,2:40 PM ET,13h ago,away,Vanderbilt Commodores,9.5,83.0,50.0,52.5,100.0,100.0,285.0,32.0,8.0
2026-09-21T03:57:08,cfb,cfb_20260926_vanderbilt_commodores_auburn_tigers,20260926CFB00131,DK,draftkings,change,24,2026-09-20T14:40:00,Sep 20,2:40 PM ET,13h ago,home,Auburn Tigers,-9.5,17.0,50.0,52.5,0.0,0.0,-360.0,68.0,93.0
2026-09-21T03:57:08,cfb,cfb_20260926_vanderbilt_commodores_auburn_tigers,20260926CFB00131,DK,draftkings,change,25,2026-09-20T14:20:00,Sep 20,2:20 PM ET,13h ago,away,Vanderbilt Commodores,9.5,9.0,43.0,52.5,100.0,100.0,285.0,32.0,8.0
2026-09-21T03:57:08,cfb,cfb_20260926_vanderbilt_commodores_auburn_tigers,20260926CFB00131,DK,draftkings,change,25,2026-09-20T14:20:00,Sep 20,2:20 PM ET,13h ago,home,Auburn Tigers,-9.5,91.0,57.0,52.5,0.0,0.0,-360.0,68.0,93.0
2026-09-21T03:57:08,cfb,cfb_20260926_vanderbilt_commodores_auburn_tigers,20260926CFB00131,DK,draftkings,change,26,2026-09-20T14:10:00,Sep 20,2:10 PM ET,13h ago,away,Vanderbilt Commodores,9.5,9.0,43.0,52.5,100.0,100.0,285.0,32.0,8.0
2026-09-21T03:57:08,cfb,cfb_20260926_vanderbilt_commodores_auburn_tigers,20260926CFB00131,DK,draftkings,change,26,2026-09-20T14:10:00,Sep 20,2:10 PM ET,13h ago,home,Auburn Tigers,-9.5,91.0,57.0,52.5,0.0,0.0,-360.0,68.0,92.0
2026-09-21T03:57:08,cfb,cfb_20260926_vanderbilt_commodores_auburn_tigers,20260926CFB00131,DK,draftkings,change,27,2026-09-20T13:40:00,Sep 20,1:40 PM ET,14h ago,away,Vanderbilt Commodores,9.5,9.0,43.0,52.5,100.0,100.0,285.0,33.0,8.0
2026-09-21T03:57:08,cfb,cfb_20260926_vanderbilt_commodores_auburn_tigers,20260926CFB00131,DK,draftkings,change,27,2026-09-20T13:40:00,Sep 20,1:40 PM ET,14h ago,home,Auburn Tigers,-9.5,91.0,57.0,52.5,0.0,0.0,-360.0,67.0,92.0
2026-09-21T03:57:09,cfb,cfb_20260926_vanderbilt_commodores_auburn_tigers,20260926CFB00131,CIRCA,circa,open,1,2026-09-20T15:05:00,Sep 20,3:05 PM ET,12h ago,away,Vanderbilt Commodores,10.0,2.0,50.0,53.0,50.0,50.0,,50.0,50.0
2026-09-21T03:57:09,cfb,cfb_20260926_vanderbilt_commodores_auburn_tigers,20260926CFB00131,CIRCA,circa,open,1,2026-09-20T15:05:00,Sep 20,3:05 PM ET,12h ago,home,Auburn Tigers,-10.0,98.0,50.0,53.0,50.0,50.0,,50.0,50.0
2026-09-21T03:57:09,cfb,cfb_20260926_vanderbilt_commodores_auburn_tigers,20260926CFB00131,CIRCA,circa,change,2,2026-09-20T15:46:00,Sep 20,3:46 PM ET,12h ago,away,Vanderbilt Commodores,9.5,1.0,33.0,53.0,100.0,100.0,,50.0,50.0
2026-09-21T03:57:09,cfb,cfb_20260926_vanderbilt_commodores_auburn_tigers,20260926CFB00131,CIRCA,circa,change,2,2026-09-20T15:46:00,Sep 20,3:46 PM ET,12h ago,home,Auburn Tigers,-9.5,99.0,67.0,53.0,0.0,0.0,,50.0,50.0
2026-09-21T03:57:09,cfb,cfb_20260926_vanderbilt_commodores_auburn_tigers,20260926CFB00131,CIRCA,circa,change,3,2026-09-20T15:15:00,Sep 20,3:15 PM ET,12h ago,away,Vanderbilt Commodores,8.5,1.0,33.0,53.0,50.0,50.0,,50.0,50.0
2026-09-21T03:57:09,cfb,cfb_20260926_vanderbilt_commodores_auburn_tigers,20260926CFB00131,CIRCA,circa,change,3,2026-09-20T15:15:00,Sep 20,3:15 PM ET,12h ago,home,Auburn Tigers,-8.5,99.0,67.0,53.0,50.0,50.0,,50.0,50.0
2026-09-21T03:57:09,cfb,cfb_20260926_vanderbilt_commodores_auburn_tigers,20260926CFB00131,CIRCA,circa,change,4,2026-09-20T15:05:00,Sep 20,3:05 PM ET,12h ago,away,Vanderbilt Commodores,10.0,2.0,50.0,53.0,50.0,50.0,,50.0,50.0
2026-09-21T03:57:09,cfb,cfb_20260926_vanderbilt_commodores_auburn_tigers,20260926CFB00131,CIRCA,circa,change,4,2026-09-20T15:05:00,Sep 20,3:05 PM ET,12h ago,home,Auburn Tigers,-10.0,98.0,50.0,53.0,50.0,50.0,,50.0,50.0
2026-09-21T03:57:10,cfb,cfb_20260926_south_florida_bulls_bowling_green_falcons,20260926CFB00136,DK,draftkings,open,1,2026-09-20T12:55:00,Sep 20,12:55 PM ET,15h ago,away,South Florida Bulls,-15.5,100.0,100.0,,0.0,0.0,,0.0,0.0
2026-09-21T03:57:10,cfb,cfb_20260926_south_florida_bulls_bowling_green_falcons,20260926CFB00136,DK,draftkings,open,1,2026-09-20T12:55:00,Sep 20,12:55 PM ET,15h ago,home,Bowling Green Falcons,15.5,0.0,0.0,,0.0,0.0,,0.0,0.0
2026-09-21T03:57:10,cfb,cfb_20260926_south_florida_bulls_bowling_green_falcons,20260926CFB00136,DK,draftkings,first_full,2,2026-09-20T16:40:00,Sep 20,4:40 PM ET,11h ago,away,South Florida Bulls,-17.5,100.0,100.0,49.5,100.0,100.0,-1.0,100.0,100.0
2026-09-21T03:57:10,cfb,cfb_20260926_south_florida_bulls_bowling_green_falcons,20260926CFB00136,DK,draftkings,first_full,2,2026-09-20T16:40:00,Sep 20,4:40 PM ET,11h ago,home,Bowling Green Falcons,17.5,0.0,0.0,49.5,0.0,0.0,700.0,0.0,0.0
2026-09-21T03:57:10,cfb,cfb_20260926_south_florida_bulls_bowling_green_falcons,20260926CFB00136,DK,draftkings,change,3,2026-09-20T16:40:00,Sep 20,4:40 PM ET,11h ago,away,South Florida Bulls,-17.5,100.0,100.0,49.5,100.0,100.0,-1.0,100.0,100.0
2026-09-21T03:57:10,cfb,cfb_20260926_south_florida_bulls_bowling_green_falcons,20260926CFB00136,DK,draftkings,change,3,2026-09-20T16:40:00,Sep 20,4:40 PM ET,11h ago,home,Bowling Green Falcons,17.5,0.0,0.0,49.5,0.0,0.0,700.0,0.0,0.0
2026-09-21T03:57:10,cfb,cfb_20260926_south_florida_bulls_bowling_green_falcons,20260926CFB00136,DK,draftkings,change,4,2026-09-20T15:45:00,Sep 20,3:45 PM ET,12h ago,away,South Florida Bulls,-16.5,100.0,100.0,51.5,100.0,100.0,,0.0,0.0
2026-09-21T03:57:10,cfb,cfb_20260926_south_florida_bulls_bowling_green_falcons,20260926CFB00136,DK,draftkings,change,4,2026-09-20T15:45:00,Sep 20,3:45 PM ET,12h ago,home,Bowling Green Falcons,16.5,0.0,0.0,51.5,0.0,0.0,,0.0,0.0
2026-09-21T03:57:10,cfb,cfb_20260926_south_florida_bulls_bowling_green_falcons,20260926CFB00136,DK,draftkings,change,5,2026-09-20T12:55:00,Sep 20,12:55 PM ET,15h ago,away,South Florida Bulls,-15.5,100.0,100.0,,0.0,0.0,,0.0,0.0
2026-09-21T03:57:10,cfb,cfb_20260926_south_florida_bulls_bowling_green_falcons,20260926CFB00136,DK,draftkings,change,5,2026-09-20T12:55:00,Sep 20,12:55 PM ET,15h ago,home,Bowling Green Falcons,15.5,0.0,0.0,,0.0,0.0,,0.0,0.0
2026-09-21T03:57:11,cfb,cfb_20260926_south_florida_bulls_bowling_green_falcons,20260926CFB00136,CIRCA,circa,open,1,2026-09-20T15:00:00,Sep 20,3:00 PM ET,12h ago,away,South Florida Bulls,-18.0,50.0,50.0,51.5,50.0,50.0,,50.0,50.0
2026-09-21T03:57:11,cfb,cfb_20260926_south_florida_bulls_bowling_green_falcons,20260926CFB00136,CIRCA,circa,open,1,2026-09-20T15:00:00,Sep 20,3:00 PM ET,12h ago,home,Bowling Green Falcons,18.0,50.0,50.0,51.5,50.0,50.0,,50.0,50.0
2026-09-21T03:57:11,cfb,cfb_20260926_south_florida_bulls_bowling_green_falcons,20260926CFB00136,CIRCA,circa,change,2,2026-09-20T15:00:00,Sep 20,3:00 PM ET,12h ago,away,South Florida Bulls,-18.0,50.0,50.0,51.5,50.0,50.0,,50.0,50.0
2026-09-21T03:57:11,cfb,cfb_20260926_south_florida_bulls_bowling_green_falcons,20260926CFB00136,CIRCA,circa,change,2,2026-09-20T15:00:00,Sep 20,3:00 PM ET,12h ago,home,Bowling Green Falcons,18.0,50.0,50.0,51.5,50.0,50.0,,50.0,50.0
2026-09-21T03:57:13,cfb,cfb_20260926_nebraska_cornhuskers_michigan_st_spartans,20260926CFB00179,DK,draftkings,open,1,2026-09-20T00:00:00,Sep 20,12:00 AM ET,1d ago,away,Nebraska Cornhuskers,-4.5,90.0,71.0,51.5,100.0,100.0,-192.0,100.0,100.0
2026-09-21T03:57:13,cfb,cfb_20260926_nebraska_cornhuskers_michigan_st_spartans,20260926CFB00179,DK,draftkings,open,1,2026-09-20T00:00:00,Sep 20,12:00 AM ET,1d ago,home,Michigan ST Spartans,4.5,10.0,29.0,51.5,0.0,0.0,160.0,0.0,0.0
2026-09-21T03:57:13,cfb,cfb_20260926_nebraska_cornhuskers_michigan_st_spartans,20260926CFB00179,DK,draftkings,change,2,2026-09-21T02:50:00,Sep 21,2:50 AM ET,1h ago,away,Nebraska Cornhuskers,-5.5,83.0,50.0,48.5,1.0,64.0,-218.0,89.0,81.0
2026-09-21T03:57:13,cfb,cfb_20260926_nebraska_cornhuskers_michigan_st_spartans,20260926CFB00179,DK,draftkings,change,2,2026-09-21T02:50:00,Sep 21,2:50 AM ET,1h ago,home,Michigan ST Spartans,5.5,17.0,50.0,48.5,99.0,36.0,180.0,11.0,19.0
2026-09-21T03:57:13,cfb,cfb_20260926_nebraska_cornhuskers_michigan_st_spartans,20260926CFB00179,DK,draftkings,change,3,2026-09-21T00:10:00,Sep 21,12:10 AM ET,3h ago,away,Nebraska Cornhuskers,-5.5,83.0,50.0,48.5,1.0,64.0,-218.0,89.0,80.0
2026-09-21T03:57:13,cfb,cfb_20260926_nebraska_cornhuskers_michigan_st_spartans,20260926CFB00179,DK,draftkings,change,3,2026-09-21T00:10:00,Sep 21,12:10 AM ET,3h ago,home,Michigan ST Spartans,5.5,17.0,50.0,48.5,99.0,36.0,180.0,11.0,20.0
2026-09-21T03:57:13,cfb,cfb_20260926_nebraska_cornhuskers_michigan_st_spartans,20260926CFB00179,DK,draftkings,change,4,2026-09-20T23:10:00,Sep 20,11:10 PM ET,4h ago,away,Nebraska Cornhuskers,-5.5,83.0,50.0,48.5,1.0,60.0,-218.0,89.0,80.0
2026-09-21T03:57:13,cfb,cfb_20260926_nebraska_cornhuskers_michigan_st_spartans,20260926CFB00179,DK,draftkings,change,4,2026-09-20T23:10:00,Sep 20,11:10 PM ET,4h ago,home,Michigan ST Spartans,5.5,17.0,50.0,48.5,99.0,40.0,180.0,11.0,20.0
2026-09-21T03:57:13,cfb,cfb_20260926_nebraska_cornhuskers_michigan_st_spartans,20260926CFB00179,DK,draftkings,change,5,2026-09-20T22:30:00,Sep 20,10:30 PM ET,5h ago,away,Nebraska Cornhuskers,-5.5,83.0,52.0,48.5,1.0,60.0,-218.0,89.0,80.0
2026-09-21T03:57:13,cfb,cfb_20260926_nebraska_cornhuskers_michigan_st_spartans,20260926CFB00179,DK,draftkings,change,5,2026-09-20T22:30:00,Sep 20,10:30 PM ET,5h ago,home,Michigan ST Spartans,5.5,17.0,48.0,48.5,99.0,40.0,180.0,11.0,20.0
2026-09-21T03:57:13,cfb,cfb_20260926_nebraska_cornhuskers_michigan_st_spartans,20260926CFB00179,DK,draftkings,change,6,2026-09-20T21:50:00,Sep 20,9:50 PM ET,6h ago,away,Nebraska Cornhuskers,-5.5,83.0,50.0,48.5,1.0,60.0,-218.0,89.0,79.0
2026-09-21T03:57:13,cfb,cfb_20260926_nebraska_cornhuskers_michigan_st_spartans,20260926CFB00179,DK,draftkings,change,6,2026-09-20T21:50:00,Sep 20,9:50 PM ET,6h ago,home,Michigan ST Spartans,5.5,17.0,50.0,48.5,99.0,40.0,180.0,11.0,21.0
2026-09-21T03:57:13,cfb,cfb_20260926_nebraska_cornhuskers_michigan_st_spartans,20260926CFB00179,DK,draftkings,change,7,2026-09-20T21:40:00,Sep 20,9:40 PM ET,6h ago,away,Nebraska Cornhuskers,-5.5,83.0,50.0,48.5,1.0,60.0,-218.0,89.0,83.0
2026-09-21T03:57:13,cfb,cfb_20260926_nebraska_cornhuskers_michigan_st_spartans,20260926CFB00179,DK,draftkings,change,7,2026-09-20T21:40:00,Sep 20,9:40 PM ET,6h ago,home,Michigan ST Spartans,5.5,17.0,50.0,48.5,99.0,40.0,180.0,11.0,17.0
2026-09-21T03:57:13,cfb,cfb_20260926_nebraska_cornhuskers_michigan_st_spartans,20260926CFB00179,DK,draftkings,change,8,2026-09-20T21:30:00,Sep 20,9:30 PM ET,6h ago,away,Nebraska Cornhuskers,-5.5,83.0,53.0,48.5,1.0,60.0,-218.0,89.0,83.0
2026-09-21T03:57:13,cfb,cfb_20260926_nebraska_cornhuskers_michigan_st_spartans,20260926CFB00179,DK,draftkings,change,8,2026-09-20T21:30:00,Sep 20,9:30 PM ET,6h ago,home,Michigan ST Spartans,5.5,17.0,47.0,48.5,99.0,40.0,180.0,11.0,17.0
2026-09-21T03:57:13,cfb,cfb_20260926_nebraska_cornhuskers_michigan_st_spartans,20260926CFB00179,DK,draftkings,change,9,2026-09-20T20:30:00,Sep 20,8:30 PM ET,7h ago,away,Nebraska Cornhuskers,-5.5,83.0,53.0,48.5,1.0,60.0,-218.0,90.0,88.0
2026-09-21T03:57:13,cfb,cfb_20260926_nebraska_cornhuskers_michigan_st_spartans,20260926CFB00179,DK,draftkings,change,9,2026-09-20T20:30:00,Sep 20,8:30 PM ET,7h ago,home,Michigan ST Spartans,5.5,17.0,47.0,48.5,99.0,40.0,180.0,10.0,12.0
2026-09-21T03:57:13,cfb,cfb_20260926_nebraska_cornhuskers_michigan_st_spartans,20260926CFB00179,DK,draftkings,change,10,2026-09-20T20:20:00,Sep 20,8:20 PM ET,7h ago,away,Nebraska Cornhuskers,-5.5,83.0,53.0,48.5,1.0,60.0,-218.0,90.0,88.0
2026-09-21T03:57:13,cfb,cfb_20260926_nebraska_cornhuskers_michigan_st_spartans,20260926CFB00179,DK,draftkings,change,10,2026-09-20T20:20:00,Sep 20,8:20 PM ET,7h ago,home,Michigan ST Spartans,5.5,17.0,47.0,48.5,99.0,40.0,180.0,10.0,13.0
2026-09-21T03:57:13,cfb,cfb_20260926_nebraska_cornhuskers_michigan_st_spartans,20260926CFB00179,DK,draftkings,change,11,2026-09-20T20:00:00,Sep 20,8:00 PM ET,7h ago,away,Nebraska Cornhuskers,-5.5,83.0,53.0,48.5,1.0,60.0,-218.0,90.0,87.0
2026-09-21T03:57:13,cfb,cfb_20260926_nebraska_cornhuskers_michigan_st_spartans,20260926CFB00179,DK,draftkings,change,11,2026-09-20T20:00:00,Sep 20,8:00 PM ET,7h ago,home,Michigan ST Spartans,5.5,17.0,47.0,48.5,99.0,40.0,180.0,10.0,13.0
2026-09-21T03:57:13,cfb,cfb_20260926_nebraska_cornhuskers_michigan_st_spartans,20260926CFB00179,DK,draftkings,change,12,2026-09-20T19:55:00,Sep 20,7:55 PM ET,8h ago,away,Nebraska Cornhuskers,-5.5,84.0,56.0,48.5,1.0,60.0,-218.0,90.0,87.0
2026-09-21T03:57:13,cfb,cfb_20260926_nebraska_cornhuskers_michigan_st_spartans,20260926CFB00179,DK,draftkings,change,12,2026-09-20T19:55:00,Sep 20,7:55 PM ET,8h ago,home,Michigan ST Spartans,5.5,16.0,44.0,48.5,99.0,40.0,180.0,10.0,13.0
2026-09-21T03:57:13,cfb,cfb_20260926_nebraska_cornhuskers_michigan_st_spartans,20260926CFB00179,DK,draftkings,change,13,2026-09-20T19:30:00,Sep 20,7:30 PM ET,8h ago,away,Nebraska Cornhuskers,-5.5,84.0,53.0,48.5,1.0,60.0,-192.0,90.0,87.0
2026-09-21T03:57:13,cfb,cfb_20260926_nebraska_cornhuskers_michigan_st_spartans,20260926CFB00179,DK,draftkings,change,13,2026-09-20T19:30:00,Sep 20,7:30 PM ET,8h ago,home,Michigan ST Spartans,5.5,16.0,47.0,48.5,99.0,40.0,160.0,10.0,13.0
2026-09-21T03:57:13,cfb,cfb_20260926_nebraska_cornhuskers_michigan_st_spartans,20260926CFB00179,DK,draftkings,change,14,2026-09-20T19:20:00,Sep 20,7:20 PM ET,8h ago,away,Nebraska Cornhuskers,-5.5,84.0,50.0,48.5,1.0,60.0,-192.0,97.0,93.0
2026-09-21T03:57:13,cfb,cfb_20260926_nebraska_cornhuskers_michigan_st_spartans,20260926CFB00179,DK,draftkings,change,14,2026-09-20T19:20:00,Sep 20,7:20 PM ET,8h ago,home,Michigan ST Spartans,5.5,16.0,50.0,48.5,99.0,40.0,160.0,3.0,7.0
2026-09-21T03:57:13,cfb,cfb_20260926_nebraska_cornhuskers_michigan_st_spartans,20260926CFB00179,DK,draftkings,change,15,2026-09-20T19:00:00,Sep 20,7:00 PM ET,8h ago,away,Nebraska Cornhuskers,-5.5,80.0,47.0,48.5,1.0,60.0,-192.0,97.0,93.0
2026-09-21T03:57:13,cfb,cfb_20260926_nebraska_cornhuskers_michigan_st_spartans,20260926CFB00179,DK,draftkings,change,15,2026-09-20T19:00:00,Sep 20,7:00 PM ET,8h ago,home,Michigan ST Spartans,5.5,20.0,53.0,48.5,99.0,40.0,160.0,3.0,7.0
2026-09-21T03:57:13,cfb,cfb_20260926_nebraska_cornhuskers_michigan_st_spartans,20260926CFB00179,DK,draftkings,change,16,2026-09-20T18:25:00,Sep 20,6:25 PM ET,9h ago,away,Nebraska Cornhuskers,-4.5,84.0,50.0,48.5,1.0,60.0,-192.0,97.0,93.0
2026-09-21T03:57:13,cfb,cfb_20260926_nebraska_cornhuskers_michigan_st_spartans,20260926CFB00179,DK,draftkings,change,16,2026-09-20T18:25:00,Sep 20,6:25 PM ET,9h ago,home,Michigan ST Spartans,4.5,16.0,50.0,48.5,99.0,40.0,160.0,3.0,7.0
2026-09-21T03:57:13,cfb,cfb_20260926_nebraska_cornhuskers_michigan_st_spartans,20260926CFB00179,DK,draftkings,change,17,2026-09-20T18:15:00,Sep 20,6:15 PM ET,9h ago,away,Nebraska Cornhuskers,-4.5,84.0,46.0,48.5,1.0,60.0,-192.0,81.0,92.0
2026-09-21T03:57:13,cfb,cfb_20260926_nebraska_cornhuskers_michigan_st_spartans,20260926CFB00179,DK,draftkings,change,17,2026-09-20T18:15:00,Sep 20,6:15 PM ET,9h ago,home,Michigan ST Spartans,4.5,16.0,54.0,48.5,99.0,40.0,160.0,19.0,8.0
2026-09-21T03:57:13,cfb,cfb_20260926_nebraska_cornhuskers_michigan_st_spartans,20260926CFB00179,DK,draftkings,change,18,2026-09-20T17:30:00,Sep 20,5:30 PM ET,10h ago,away,Nebraska Cornhuskers,-4.5,89.0,50.0,48.5,1.0,60.0,-192.0,81.0,92.0
2026-09-21T03:57:13,cfb,cfb_20260926_nebraska_cornhuskers_michigan_st_spartans,20260926CFB00179,DK,draftkings,change,18,2026-09-20T17:30:00,Sep 20,5:30 PM ET,10h ago,home,Michigan ST Spartans,4.5,11.0,50.0,48.5,99.0,40.0,160.0,19.0,8.0
2026-09-21T03:57:13,cfb,cfb_20260926_nebraska_cornhuskers_michigan_st_spartans,20260926CFB00179,DK,draftkings,change,19,2026-09-20T15:45:00,Sep 20,3:45 PM ET,12h ago,away,Nebraska Cornhuskers,-4.5,89.0,55.0,48.5,1.0,60.0,-192.0,81.0,92.0
2026-09-21T03:57:13,cfb,cfb_20260926_nebraska_cornhuskers_michigan_st_spartans,20260926CFB00179,DK,draftkings,change,19,2026-09-20T15:45:00,Sep 20,3:45 PM ET,12h ago,home,Michigan ST Spartans,4.5,11.0,45.0,48.5,99.0,40.0,160.0,19.0,8.0
2026-09-21T03:57:13,cfb,cfb_20260926_nebraska_cornhuskers_michigan_st_spartans,20260926CFB00179,DK,draftkings,change,20,2026-09-20T15:10:00,Sep 20,3:10 PM ET,12h ago,away,Nebraska Cornhuskers,-4.5,89.0,55.0,48.5,1.0,56.0,-192.0,81.0,92.0
2026-09-21T03:57:13,cfb,cfb_20260926_nebraska_cornhuskers_michigan_st_spartans,20260926CFB00179,DK,draftkings,change,20,2026-09-20T15:10:00,Sep 20,3:10 PM ET,12h ago,home,Michigan ST Spartans,4.5,11.0,45.0,48.5,99.0,44.0,160.0,19.0,8.0
2026-09-21T03:57:13,cfb,cfb_20260926_nebraska_cornhuskers_michigan_st_spartans,20260926CFB00179,DK,draftkings,change,21,2026-09-20T14:20:00,Sep 20,2:20 PM ET,13h ago,away,Nebraska Cornhuskers,-4.5,89.0,55.0,48.5,2.0,63.0,-192.0,81.0,92.0
2026-09-21T03:57:13,cfb,cfb_20260926_nebraska_cornhuskers_michigan_st_spartans,20260926CFB00179,DK,draftkings,change,21,2026-09-20T14:20:00,Sep 20,2:20 PM ET,13h ago,home,Michigan ST Spartans,4.5,11.0,45.0,48.5,98.0,38.0,160.0,19.0,8.0
2026-09-21T03:57:13,cfb,cfb_20260926_nebraska_cornhuskers_michigan_st_spartans,20260926CFB00179,DK,draftkings,change,22,2026-09-20T13:50:00,Sep 20,1:50 PM ET,14h ago,away,Nebraska Cornhuskers,-4.5,89.0,60.0,48.5,2.0,63.0,-192.0,81.0,92.0
2026-09-21T03:57:13,cfb,cfb_20260926_nebraska_cornhuskers_michigan_st_spartans,20260926CFB00179,DK,draftkings,change,22,2026-09-20T13:50:00,Sep 20,1:50 PM ET,14h ago,home,Michigan ST Spartans,4.5,11.0,40.0,48.5,98.0,38.0,160.0,19.0,8.0
2026-09-21T03:57:13,cfb,cfb_20260926_nebraska_cornhuskers_michigan_st_spartans,20260926CFB00179,DK,draftkings,change,23,2026-09-20T11:25:00,Sep 20,11:25 AM ET,16h ago,away,Nebraska Cornhuskers,-4.5,89.0,60.0,48.5,5.0,71.0,-192.0,81.0,92.0
2026-09-21T03:57:13,cfb,cfb_20260926_nebraska_cornhuskers_michigan_st_spartans,20260926CFB00179,DK,draftkings,change,23,2026-09-20T11:25:00,Sep 20,11:25 AM ET,16h ago,home,Michigan ST Spartans,4.5,11.0,40.0,48.5,95.0,29.0,160.0,19.0,8.0
2026-09-21T03:57:13,cfb,cfb_20260926_nebraska_cornhuskers_michigan_st_spartans,20260926CFB00179,DK,draftkings,change,24,2026-09-20T10:55:00,Sep 20,10:55 AM ET,17h ago,away,Nebraska Cornhuskers,-4.5,89.0,60.0,48.5,4.0,67.0,-192.0,81.0,92.0
2026-09-21T03:57:13,cfb,cfb_20260926_nebraska_cornhuskers_michigan_st_spartans,20260926CFB00179,DK,draftkings,change,24,2026-09-20T10:55:00,Sep 20,10:55 AM ET,17h ago,home,Michigan ST Spartans,4.5,11.0,40.0,48.5,96.0,33.0,160.0,19.0,8.0
2026-09-21T03:57:13,cfb,cfb_20260926_nebraska_cornhuskers_michigan_st_spartans,20260926CFB00179,DK,draftkings,change,25,2026-09-20T09:50:00,Sep 20,9:50 AM ET,18h ago,away,Nebraska Cornhuskers,-4.5,89.0,60.0,49.5,4.0,80.0,-192.0,81.0,92.0
2026-09-21T03:57:13,cfb,cfb_20260926_nebraska_cornhuskers_michigan_st_spartans,20260926CFB00179,DK,draftkings,change,25,2026-09-20T09:50:00,Sep 20,9:50 AM ET,18h ago,home,Michigan ST Spartans,4.5,11.0,40.0,49.5,96.0,20.0,160.0,19.0,8.0
2026-09-21T03:57:13,cfb,cfb_20260926_nebraska_cornhuskers_michigan_st_spartans,20260926CFB00179,DK,draftkings,change,26,2026-09-20T08:45:00,Sep 20,8:45 AM ET,19h ago,away,Nebraska Cornhuskers,-4.5,89.0,60.0,49.5,3.0,75.0,-192.0,80.0,92.0
2026-09-21T03:57:13,cfb,cfb_20260926_nebraska_cornhuskers_michigan_st_spartans,20260926CFB00179,DK,draftkings,change,26,2026-09-20T08:45:00,Sep 20,8:45 AM ET,19h ago,home,Michigan ST Spartans,4.5,11.0,40.0,49.5,97.0,25.0,160.0,20.0,8.0
2026-09-21T03:57:14,cfb,cfb_20260926_nebraska_cornhuskers_michigan_st_spartans,20260926CFB00179,CIRCA,circa,open,1,2026-09-20T15:00:00,Sep 20,3:00 PM ET,12h ago,away,Nebraska Cornhuskers,-4.0,0.0,0.0,47.5,50.0,50.0,,50.0,50.0
2026-09-21T03:57:14,cfb,cfb_20260926_nebraska_cornhuskers_michigan_st_spartans,20260926CFB00179,CIRCA,circa,open,1,2026-09-20T15:00:00,Sep 20,3:00 PM ET,12h ago,home,Michigan ST Spartans,4.0,100.0,100.0,47.5,50.0,50.0,,50.0,50.0
2026-09-21T03:57:14,cfb,cfb_20260926_nebraska_cornhuskers_michigan_st_spartans,20260926CFB00179,CIRCA,circa,first_full,2,2026-09-20T18:35:00,Sep 20,6:35 PM ET,9h ago,away,Nebraska Cornhuskers,-4.0,18.0,40.0,49.0,67.0,67.0,,50.0,50.0
2026-09-21T03:57:14,cfb,cfb_20260926_nebraska_cornhuskers_michigan_st_spartans,20260926CFB00179,CIRCA,circa,first_full,2,2026-09-20T18:35:00,Sep 20,6:35 PM ET,9h ago,home,Michigan ST Spartans,4.0,82.0,60.0,49.0,33.0,33.0,,50.0,50.0
2026-09-21T03:57:14,cfb,cfb_20260926_nebraska_cornhuskers_michigan_st_spartans,20260926CFB00179,CIRCA,circa,change,3,2026-09-20T19:00:00,Sep 20,7:00 PM ET,8h ago,away,Nebraska Cornhuskers,-5.5,39.0,43.0,49.0,67.0,67.0,,50.0,50.0
2026-09-21T03:57:14,cfb,cfb_20260926_nebraska_cornhuskers_michigan_st_spartans,20260926CFB00179,CIRCA,circa,change,3,2026-09-20T19:00:00,Sep 20,7:00 PM ET,8h ago,home,Michigan ST Spartans,5.5,61.0,57.0,49.0,33.0,33.0,,50.0,50.0
2026-09-21T03:57:14,cfb,cfb_20260926_nebraska_cornhuskers_michigan_st_spartans,20260926CFB00179,CIRCA,circa,change,4,2026-09-20T18:55:00,Sep 20,6:55 PM ET,9h ago,away,Nebraska Cornhuskers,-5.5,40.0,50.0,49.0,67.0,67.0,,50.0,50.0
2026-09-21T03:57:14,cfb,cfb_20260926_nebraska_cornhuskers_michigan_st_spartans,20260926CFB00179,CIRCA,circa,change,4,2026-09-20T18:55:00,Sep 20,6:55 PM ET,9h ago,home,Michigan ST Spartans,5.5,60.0,50.0,49.0,33.0,33.0,,50.0,50.0
2026-09-21T03:57:14,cfb,cfb_20260926_nebraska_cornhuskers_michigan_st_spartans,20260926CFB00179,CIRCA,circa,change,5,2026-09-20T18:35:00,Sep 20,6:35 PM ET,9h ago,away,Nebraska Cornhuskers,-4.0,18.0,40.0,49.0,67.0,67.0,,50.0,50.0
2026-09-21T03:57:14,cfb,cfb_20260926_nebraska_cornhuskers_michigan_st_spartans,20260926CFB00179,CIRCA,circa,change,5,2026-09-20T18:35:00,Sep 20,6:35 PM ET,9h ago,home,Michigan ST Spartans,4.0,82.0,60.0,49.0,33.0,33.0,,50.0,50.0
2026-09-21T03:57:14,cfb,cfb_20260926_nebraska_cornhuskers_michigan_st_spartans,20260926CFB00179,CIRCA,circa,change,6,2026-09-20T18:15:00,Sep 20,6:15 PM ET,9h ago,away,Nebraska Cornhuskers,-4.0,0.0,25.0,49.0,67.0,67.0,,50.0,50.0
2026-09-21T03:57:14,cfb,cfb_20260926_nebraska_cornhuskers_michigan_st_spartans,20260926CFB00179,CIRCA,circa,change,6,2026-09-20T18:15:00,Sep 20,6:15 PM ET,9h ago,home,Michigan ST Spartans,4.0,100.0,75.0,49.0,33.0,33.0,,50.0,50.0
2026-09-21T03:57:14,cfb,cfb_20260926_nebraska_cornhuskers_michigan_st_spartans,20260926CFB00179,CIRCA,circa,change,7,2026-09-20T15:40:00,Sep 20,3:40 PM ET,12h ago,away,Nebraska Cornhuskers,-4.0,0.0,0.0,49.0,67.0,67.0,,50.0,50.0
2026-09-21T03:57:14,cfb,cfb_20260926_nebraska_cornhuskers_michigan_st_spartans,20260926CFB00179,CIRCA,circa,change,7,2026-09-20T15:40:00,Sep 20,3:40 PM ET,12h ago,home,Michigan ST Spartans,4.0,100.0,100.0,49.0,33.0,33.0,,50.0,50.0
2026-09-21T03:57:14,cfb,cfb_20260926_nebraska_cornhuskers_michigan_st_spartans,20260926CFB00179,CIRCA,circa,change,8,2026-09-20T15:00:00,Sep 20,3:00 PM ET,12h ago,away,Nebraska Cornhuskers,-4.0,0.0,0.0,47.5,50.0,50.0,,50.0,50.0
2026-09-21T03:57:14,cfb,cfb_20260926_nebraska_cornhuskers_michigan_st_spartans,20260926CFB00179,CIRCA,circa,change,8,2026-09-20T15:00:00,Sep 20,3:00 PM ET,12h ago,home,Michigan ST Spartans,4.0,100.0,100.0,47.5,50.0,50.0,,50.0,50.0
2026-09-21T03:57:15,cfb,cfb_20260926_wisconsin_badgers_penn_st_nittany_lions,20260926CFB00202,DK,draftkings,open,1,2026-09-19T16:30:00,Sep 19,4:30 PM ET,1d ago,away,Wisconsin Badgers,11.5,33.0,15.0,42.5,1.0,20.0,350.0,33.0,5.0
2026-09-21T03:57:15,cfb,cfb_20260926_wisconsin_badgers_penn_st_nittany_lions,20260926CFB00202,DK,draftkings,open,1,2026-09-19T16:30:00,Sep 19,4:30 PM ET,1d ago,home,Penn ST Nittany Lions,-11.5,67.0,85.0,42.5,99.0,80.0,-455.0,67.0,95.0
2026-09-21T03:57:15,cfb,cfb_20260926_wisconsin_badgers_penn_st_nittany_lions,20260926CFB00202,DK,draftkings,change,2,2026-09-21T02:50:00,Sep 21,2:50 AM ET,1h ago,away,Wisconsin Badgers,10.0,32.0,27.0,45.5,56.0,80.0,295.0,49.0,8.0
2026-09-21T03:57:15,cfb,cfb_20260926_wisconsin_badgers_penn_st_nittany_lions,20260926CFB00202,DK,draftkings,change,2,2026-09-21T02:50:00,Sep 21,2:50 AM ET,1h ago,home,Penn ST Nittany Lions,-10.0,68.0,73.0,45.5,44.0,20.0,-375.0,51.0,92.0
2026-09-21T03:57:15,cfb,cfb_20260926_wisconsin_badgers_penn_st_nittany_lions,20260926CFB00202,DK,draftkings,change,3,2026-09-21T01:55:00,Sep 21,1:55 AM ET,2h ago,away,Wisconsin Badgers,10.0,32.0,27.0,45.5,56.0,80.0,295.0,49.0,7.0
2026-09-21T03:57:15,cfb,cfb_20260926_wisconsin_badgers_penn_st_nittany_lions,20260926CFB00202,DK,draftkings,change,3,2026-09-21T01:55:00,Sep 21,1:55 AM ET,2h ago,home,Penn ST Nittany Lions,-10.0,68.0,73.0,45.5,44.0,20.0,-375.0,51.0,93.0
2026-09-21T03:57:15,cfb,cfb_20260926_wisconsin_badgers_penn_st_nittany_lions,20260926CFB00202,DK,draftkings,change,4,2026-09-21T01:00:00,Sep 21,1:00 AM ET,2h ago,away,Wisconsin Badgers,10.0,32.0,27.0,45.5,56.0,80.0,295.0,49.0,6.0
2026-09-21T03:57:15,cfb,cfb_20260926_wisconsin_badgers_penn_st_nittany_lions,20260926CFB00202,DK,draftkings,change,4,2026-09-21T01:00:00,Sep 21,1:00 AM ET,2h ago,home,Penn ST Nittany Lions,-10.0,68.0,73.0,45.5,44.0,20.0,-375.0,51.0,94.0
2026-09-21T03:57:15,cfb,cfb_20260926_wisconsin_badgers_penn_st_nittany_lions,20260926CFB00202,DK,draftkings,change,5,2026-09-21T00:50:00,Sep 21,12:50 AM ET,3h ago,away,Wisconsin Badgers,10.0,32.0,27.0,45.5,56.0,80.0,295.0,49.0,7.0
2026-09-21T03:57:15,cfb,cfb_20260926_wisconsin_badgers_penn_st_nittany_lions,20260926CFB00202,DK,draftkings,change,5,2026-09-21T00:50:00,Sep 21,12:50 AM ET,3h ago,home,Penn ST Nittany Lions,-10.0,68.0,73.0,45.5,44.0,20.0,-375.0,51.0,93.0
2026-09-21T03:57:15,cfb,cfb_20260926_wisconsin_badgers_penn_st_nittany_lions,20260926CFB00202,DK,draftkings,change,6,2026-09-21T00:15:00,Sep 21,12:15 AM ET,3h ago,away,Wisconsin Badgers,10.0,32.0,28.0,45.5,56.0,80.0,295.0,49.0,7.0
2026-09-21T03:57:15,cfb,cfb_20260926_wisconsin_badgers_penn_st_nittany_lions,20260926CFB00202,DK,draftkings,change,6,2026-09-21T00:15:00,Sep 21,12:15 AM ET,3h ago,home,Penn ST Nittany Lions,-10.0,68.0,72.0,45.5,44.0,20.0,-375.0,51.0,93.0
2026-09-21T03:57:15,cfb,cfb_20260926_wisconsin_badgers_penn_st_nittany_lions,20260926CFB00202,DK,draftkings,change,7,2026-09-21T00:10:00,Sep 21,12:10 AM ET,3h ago,away,Wisconsin Badgers,10.0,33.0,28.0,45.5,56.0,80.0,295.0,49.0,7.0
2026-09-21T03:57:15,cfb,cfb_20260926_wisconsin_badgers_penn_st_nittany_lions,20260926CFB00202,DK,draftkings,change,7,2026-09-21T00:10:00,Sep 21,12:10 AM ET,3h ago,home,Penn ST Nittany Lions,-10.0,67.0,72.0,45.5,44.0,20.0,-375.0,51.0,93.0
2026-09-21T03:57:15,cfb,cfb_20260926_wisconsin_badgers_penn_st_nittany_lions,20260926CFB00202,DK,draftkings,change,8,2026-09-20T23:30:00,Sep 20,11:30 PM ET,4h ago,away,Wisconsin Badgers,10.0,33.0,28.0,45.5,56.0,79.0,295.0,49.0,7.0
2026-09-21T03:57:15,cfb,cfb_20260926_wisconsin_badgers_penn_st_nittany_lions,20260926CFB00202,DK,draftkings,change,8,2026-09-20T23:30:00,Sep 20,11:30 PM ET,4h ago,home,Penn ST Nittany Lions,-10.0,67.0,72.0,45.5,44.0,21.0,-375.0,51.0,93.0
2026-09-21T03:57:15,cfb,cfb_20260926_wisconsin_badgers_penn_st_nittany_lions,20260926CFB00202,DK,draftkings,change,9,2026-09-20T23:00:00,Sep 20,11:00 PM ET,4h ago,away,Wisconsin Badgers,10.0,34.0,28.0,45.5,56.0,79.0,295.0,49.0,7.0
2026-09-21T03:57:15,cfb,cfb_20260926_wisconsin_badgers_penn_st_nittany_lions,20260926CFB00202,DK,draftkings,change,9,2026-09-20T23:00:00,Sep 20,11:00 PM ET,4h ago,home,Penn ST Nittany Lions,-10.0,66.0,72.0,45.5,44.0,21.0,-375.0,51.0,93.0
2026-09-21T03:57:15,cfb,cfb_20260926_wisconsin_badgers_penn_st_nittany_lions,20260926CFB00202,DK,draftkings,change,10,2026-09-20T22:30:00,Sep 20,10:30 PM ET,5h ago,away,Wisconsin Badgers,10.0,33.0,27.0,45.5,56.0,79.0,310.0,49.0,7.0
2026-09-21T03:57:15,cfb,cfb_20260926_wisconsin_badgers_penn_st_nittany_lions,20260926CFB00202,DK,draftkings,change,10,2026-09-20T22:30:00,Sep 20,10:30 PM ET,5h ago,home,Penn ST Nittany Lions,-10.0,67.0,73.0,45.5,44.0,21.0,-395.0,51.0,93.0
2026-09-21T03:57:15,cfb,cfb_20260926_wisconsin_badgers_penn_st_nittany_lions,20260926CFB00202,DK,draftkings,change,11,2026-09-20T22:20:00,Sep 20,10:20 PM ET,5h ago,away,Wisconsin Badgers,10.0,33.0,27.0,45.5,56.0,77.0,310.0,49.0,7.0
2026-09-21T03:57:15,cfb,cfb_20260926_wisconsin_badgers_penn_st_nittany_lions,20260926CFB00202,DK,draftkings,change,11,2026-09-20T22:20:00,Sep 20,10:20 PM ET,5h ago,home,Penn ST Nittany Lions,-10.0,67.0,73.0,45.5,44.0,23.0,-395.0,51.0,93.0
2026-09-21T03:57:15,cfb,cfb_20260926_wisconsin_badgers_penn_st_nittany_lions,20260926CFB00202,DK,draftkings,change,12,2026-09-20T22:10:00,Sep 20,10:10 PM ET,5h ago,away,Wisconsin Badgers,10.0,33.0,26.0,45.5,56.0,77.0,310.0,49.0,7.0
2026-09-21T03:57:15,cfb,cfb_20260926_wisconsin_badgers_penn_st_nittany_lions,20260926CFB00202,DK,draftkings,change,12,2026-09-20T22:10:00,Sep 20,10:10 PM ET,5h ago,home,Penn ST Nittany Lions,-10.0,67.0,74.0,45.5,44.0,23.0,-395.0,51.0,93.0
2026-09-21T03:57:15,cfb,cfb_20260926_wisconsin_badgers_penn_st_nittany_lions,20260926CFB00202,DK,draftkings,change,13,2026-09-20T21:50:00,Sep 20,9:50 PM ET,6h ago,away,Wisconsin Badgers,10.0,33.0,27.0,45.5,56.0,75.0,310.0,49.0,7.0
2026-09-21T03:57:15,cfb,cfb_20260926_wisconsin_badgers_penn_st_nittany_lions,20260926CFB00202,DK,draftkings,change,13,2026-09-20T21:50:00,Sep 20,9:50 PM ET,6h ago,home,Penn ST Nittany Lions,-10.0,67.0,73.0,45.5,44.0,25.0,-395.0,51.0,93.0
2026-09-21T03:57:15,cfb,cfb_20260926_wisconsin_badgers_penn_st_nittany_lions,20260926CFB00202,DK,draftkings,change,14,2026-09-20T21:15:00,Sep 20,9:15 PM ET,6h ago,away,Wisconsin Badgers,10.0,33.0,27.0,45.5,56.0,74.0,310.0,49.0,7.0
2026-09-21T03:57:15,cfb,cfb_20260926_wisconsin_badgers_penn_st_nittany_lions,20260926CFB00202,DK,draftkings,change,14,2026-09-20T21:15:00,Sep 20,9:15 PM ET,6h ago,home,Penn ST Nittany Lions,-10.0,67.0,73.0,45.5,44.0,26.0,-395.0,51.0,93.0
2026-09-21T03:57:15,cfb,cfb_20260926_wisconsin_badgers_penn_st_nittany_lions,20260926CFB00202,DK,draftkings,change,15,2026-09-20T21:05:00,Sep 20,9:05 PM ET,6h ago,away,Wisconsin Badgers,10.0,33.0,27.0,45.5,56.0,73.0,310.0,49.0,7.0
2026-09-21T03:57:15,cfb,cfb_20260926_wisconsin_badgers_penn_st_nittany_lions,20260926CFB00202,DK,draftkings,change,15,2026-09-20T21:05:00,Sep 20,9:05 PM ET,6h ago,home,Penn ST Nittany Lions,-10.0,67.0,73.0,45.5,44.0,27.0,-395.0,51.0,93.0
2026-09-21T03:57:15,cfb,cfb_20260926_wisconsin_badgers_penn_st_nittany_lions,20260926CFB00202,DK,draftkings,change,16,2026-09-20T20:55:00,Sep 20,8:55 PM ET,7h ago,away,Wisconsin Badgers,10.0,33.0,28.0,45.5,56.0,73.0,310.0,49.0,7.0
2026-09-21T03:57:15,cfb,cfb_20260926_wisconsin_badgers_penn_st_nittany_lions,20260926CFB00202,DK,draftkings,change,16,2026-09-20T20:55:00,Sep 20,8:55 PM ET,7h ago,home,Penn ST Nittany Lions,-10.0,67.0,72.0,45.5,44.0,27.0,-395.0,51.0,93.0
2026-09-21T03:57:15,cfb,cfb_20260926_wisconsin_badgers_penn_st_nittany_lions,20260926CFB00202,DK,draftkings,change,17,2026-09-20T20:50:00,Sep 20,8:50 PM ET,7h ago,away,Wisconsin Badgers,10.0,32.0,27.0,45.5,56.0,73.0,310.0,49.0,7.0
2026-09-21T03:57:15,cfb,cfb_20260926_wisconsin_badgers_penn_st_nittany_lions,20260926CFB00202,DK,draftkings,change,17,2026-09-20T20:50:00,Sep 20,8:50 PM ET,7h ago,home,Penn ST Nittany Lions,-10.0,68.0,73.0,45.5,44.0,27.0,-395.0,51.0,93.0
2026-09-21T03:57:15,cfb,cfb_20260926_wisconsin_badgers_penn_st_nittany_lions,20260926CFB00202,DK,draftkings,change,18,2026-09-20T20:30:00,Sep 20,8:30 PM ET,7h ago,away,Wisconsin Badgers,10.0,32.0,28.0,45.5,56.0,73.0,310.0,49.0,7.0
2026-09-21T03:57:15,cfb,cfb_20260926_wisconsin_badgers_penn_st_nittany_lions,20260926CFB00202,DK,draftkings,change,18,2026-09-20T20:30:00,Sep 20,8:30 PM ET,7h ago,home,Penn ST Nittany Lions,-10.0,68.0,72.0,45.5,44.0,27.0,-395.0,51.0,93.0
2026-09-21T03:57:15,cfb,cfb_20260926_wisconsin_badgers_penn_st_nittany_lions,20260926CFB00202,DK,draftkings,change,19,2026-09-20T20:20:00,Sep 20,8:20 PM ET,7h ago,away,Wisconsin Badgers,10.0,32.0,28.0,45.5,56.0,71.0,310.0,49.0,7.0
2026-09-21T03:57:15,cfb,cfb_20260926_wisconsin_badgers_penn_st_nittany_lions,20260926CFB00202,DK,draftkings,change,19,2026-09-20T20:20:00,Sep 20,8:20 PM ET,7h ago,home,Penn ST Nittany Lions,-10.0,68.0,72.0,45.5,44.0,29.0,-395.0,51.0,93.0
2026-09-21T03:57:15,cfb,cfb_20260926_wisconsin_badgers_penn_st_nittany_lions,20260926CFB00202,DK,draftkings,change,20,2026-09-20T19:55:00,Sep 20,7:55 PM ET,8h ago,away,Wisconsin Badgers,10.0,32.0,28.0,45.5,56.0,75.0,310.0,49.0,7.0
2026-09-21T03:57:15,cfb,cfb_20260926_wisconsin_badgers_penn_st_nittany_lions,20260926CFB00202,DK,draftkings,change,20,2026-09-20T19:55:00,Sep 20,7:55 PM ET,8h ago,home,Penn ST Nittany Lions,-10.0,68.0,72.0,45.5,44.0,25.0,-395.0,51.0,93.0
2026-09-21T03:57:15,cfb,cfb_20260926_wisconsin_badgers_penn_st_nittany_lions,20260926CFB00202,DK,draftkings,change,21,2026-09-20T19:30:00,Sep 20,7:30 PM ET,8h ago,away,Wisconsin Badgers,10.0,32.0,28.0,46.5,56.0,75.0,310.0,50.0,8.0
2026-09-21T03:57:15,cfb,cfb_20260926_wisconsin_badgers_penn_st_nittany_lions,20260926CFB00202,DK,draftkings,change,21,2026-09-20T19:30:00,Sep 20,7:30 PM ET,8h ago,home,Penn ST Nittany Lions,-10.0,68.0,72.0,46.5,44.0,25.0,-395.0,50.0,92.0
2026-09-21T03:57:15,cfb,cfb_20260926_wisconsin_badgers_penn_st_nittany_lions,20260926CFB00202,DK,draftkings,change,22,2026-09-20T19:15:00,Sep 20,7:15 PM ET,8h ago,away,Wisconsin Badgers,10.0,32.0,27.0,45.5,56.0,75.0,300.0,50.0,8.0
2026-09-21T03:57:15,cfb,cfb_20260926_wisconsin_badgers_penn_st_nittany_lions,20260926CFB00202,DK,draftkings,change,22,2026-09-20T19:15:00,Sep 20,7:15 PM ET,8h ago,home,Penn ST Nittany Lions,-10.0,68.0,73.0,45.5,44.0,25.0,-380.0,50.0,92.0
2026-09-21T03:57:15,cfb,cfb_20260926_wisconsin_badgers_penn_st_nittany_lions,20260926CFB00202,DK,draftkings,change,23,2026-09-20T18:40:00,Sep 20,6:40 PM ET,9h ago,away,Wisconsin Badgers,10.0,30.0,26.0,45.5,56.0,75.0,300.0,50.0,8.0
2026-09-21T03:57:15,cfb,cfb_20260926_wisconsin_badgers_penn_st_nittany_lions,20260926CFB00202,DK,draftkings,change,23,2026-09-20T18:40:00,Sep 20,6:40 PM ET,9h ago,home,Penn ST Nittany Lions,-10.0,70.0,74.0,45.5,44.0,25.0,-380.0,50.0,92.0
2026-09-21T03:57:15,cfb,cfb_20260926_wisconsin_badgers_penn_st_nittany_lions,20260926CFB00202,DK,draftkings,change,24,2026-09-20T18:30:00,Sep 20,6:30 PM ET,9h ago,away,Wisconsin Badgers,10.0,29.0,25.0,45.5,56.0,74.0,300.0,50.0,8.0
2026-09-21T03:57:15,cfb,cfb_20260926_wisconsin_badgers_penn_st_nittany_lions,20260926CFB00202,DK,draftkings,change,24,2026-09-20T18:30:00,Sep 20,6:30 PM ET,9h ago,home,Penn ST Nittany Lions,-10.0,71.0,75.0,45.5,44.0,26.0,-380.0,50.0,92.0
2026-09-21T03:57:15,cfb,cfb_20260926_wisconsin_badgers_penn_st_nittany_lions,20260926CFB00202,DK,draftkings,change,25,2026-09-20T18:25:00,Sep 20,6:25 PM ET,9h ago,away,Wisconsin Badgers,10.0,29.0,24.0,45.5,56.0,74.0,300.0,61.0,8.0
2026-09-21T03:57:15,cfb,cfb_20260926_wisconsin_badgers_penn_st_nittany_lions,20260926CFB00202,DK,draftkings,change,25,2026-09-20T18:25:00,Sep 20,6:25 PM ET,9h ago,home,Penn ST Nittany Lions,-10.0,71.0,76.0,45.5,44.0,26.0,-380.0,39.0,92.0
2026-09-21T03:57:15,cfb,cfb_20260926_wisconsin_badgers_penn_st_nittany_lions,20260926CFB00202,DK,draftkings,change,26,2026-09-20T18:15:00,Sep 20,6:15 PM ET,9h ago,away,Wisconsin Badgers,10.0,29.0,23.0,45.5,56.0,74.0,300.0,61.0,7.0
2026-09-21T03:57:15,cfb,cfb_20260926_wisconsin_badgers_penn_st_nittany_lions,20260926CFB00202,DK,draftkings,change,26,2026-09-20T18:15:00,Sep 20,6:15 PM ET,9h ago,home,Penn ST Nittany Lions,-10.0,71.0,77.0,45.5,44.0,26.0,-380.0,39.0,93.0
2026-09-21T03:57:16,cfb,cfb_20260926_wisconsin_badgers_penn_st_nittany_lions,20260926CFB00202,CIRCA,circa,open,1,2026-09-20T15:05:00,Sep 20,3:05 PM ET,12h ago,away,Wisconsin Badgers,10.0,50.0,50.0,46.0,100.0,100.0,,50.0,50.0
2026-09-21T03:57:16,cfb,cfb_20260926_wisconsin_badgers_penn_st_nittany_lions,20260926CFB00202,CIRCA,circa,open,1,2026-09-20T15:05:00,Sep 20,3:05 PM ET,12h ago,home,Penn ST Nittany Lions,-10.0,50.0,50.0,46.0,0.0,0.0,,50.0,50.0
2026-09-21T03:57:16,cfb,cfb_20260926_wisconsin_badgers_penn_st_nittany_lions,20260926CFB00202,CIRCA,circa,change,2,2026-09-20T17:00:00,Sep 20,5:00 PM ET,10h ago,away,Wisconsin Badgers,10.0,59.0,75.0,46.0,100.0,100.0,,50.0,50.0
2026-09-21T03:57:16,cfb,cfb_20260926_wisconsin_badgers_penn_st_nittany_lions,20260926CFB00202,CIRCA,circa,change,2,2026-09-20T17:00:00,Sep 20,5:00 PM ET,10h ago,home,Penn ST Nittany Lions,-10.0,41.0,25.0,46.0,0.0,0.0,,50.0,50.0
2026-09-21T03:57:16,cfb,cfb_20260926_wisconsin_badgers_penn_st_nittany_lions,20260926CFB00202,CIRCA,circa,change,3,2026-09-20T16:45:00,Sep 20,4:45 PM ET,11h ago,away,Wisconsin Badgers,10.0,31.0,67.0,46.0,100.0,100.0,,50.0,50.0
2026-09-21T03:57:16,cfb,cfb_20260926_wisconsin_badgers_penn_st_nittany_lions,20260926CFB00202,CIRCA,circa,change,3,2026-09-20T16:45:00,Sep 20,4:45 PM ET,11h ago,home,Penn ST Nittany Lions,-10.0,69.0,33.0,46.0,0.0,0.0,,50.0,50.0
2026-09-21T03:57:16,cfb,cfb_20260926_wisconsin_badgers_penn_st_nittany_lions,20260926CFB00202,CIRCA,circa,change,4,2026-09-20T15:30:00,Sep 20,3:30 PM ET,12h ago,away,Wisconsin Badgers,10.0,100.0,100.0,46.0,100.0,100.0,,50.0,50.0
2026-09-21T03:57:16,cfb,cfb_20260926_wisconsin_badgers_penn_st_nittany_lions,20260926CFB00202,CIRCA,circa,change,4,2026-09-20T15:30:00,Sep 20,3:30 PM ET,12h ago,home,Penn ST Nittany Lions,-10.0,0.0,0.0,46.0,0.0,0.0,,50.0,50.0
2026-09-21T03:57:16,cfb,cfb_20260926_wisconsin_badgers_penn_st_nittany_lions,20260926CFB00202,CIRCA,circa,change,5,2026-09-20T15:05:00,Sep 20,3:05 PM ET,12h ago,away,Wisconsin Badgers,10.0,50.0,50.0,46.0,100.0,100.0,,50.0,50.0
2026-09-21T03:57:16,cfb,cfb_20260926_wisconsin_badgers_penn_st_nittany_lions,20260926CFB00202,CIRCA,circa,change,5,2026-09-20T15:05:00,Sep 20,3:05 PM ET,12h ago,home,Penn ST Nittany Lions,-10.0,50.0,50.0,46.0,0.0,0.0,,50.0,50.0
2026-09-21T03:57:17,cfb,cfb_20260926_delaware_virginia_cavaliers,20260926CFB00232,DK,draftkings,open,1,2026-09-20T10:55:00,Sep 20,10:55 AM ET,17h ago,away,Delaware,20.5,0.0,0.0,,0.0,0.0,,0.0,0.0
2026-09-21T03:57:17,cfb,cfb_20260926_delaware_virginia_cavaliers,20260926CFB00232,DK,draftkings,open,1,2026-09-20T10:55:00,Sep 20,10:55 AM ET,17h ago,home,Virginia Cavaliers,-20.5,100.0,100.0,,0.0,0.0,,0.0,0.0
2026-09-21T03:57:17,cfb,cfb_20260926_delaware_virginia_cavaliers,20260926CFB00232,DK,draftkings,change,2,2026-09-21T02:30:00,Sep 21,2:30 AM ET,1h ago,away,Delaware,20.5,56.0,20.0,52.5,100.0,100.0,800.0,0.0,0.0
2026-09-21T03:57:17,cfb,cfb_20260926_delaware_virginia_cavaliers,20260926CFB00232,DK,draftkings,change,2,2026-09-21T02:30:00,Sep 21,2:30 AM ET,1h ago,home,Virginia Cavaliers,-20.5,44.0,80.0,52.5,0.0,0.0,-1.0,100.0,100.0
2026-09-21T03:57:17,cfb,cfb_20260926_delaware_virginia_cavaliers,20260926CFB00232,DK,draftkings,change,3,2026-09-21T00:45:00,Sep 21,12:45 AM ET,3h ago,away,Delaware,20.5,56.0,11.0,52.5,100.0,100.0,800.0,0.0,0.0
2026-09-21T03:57:17,cfb,cfb_20260926_delaware_virginia_cavaliers,20260926CFB00232,DK,draftkings,change,3,2026-09-21T00:45:00,Sep 21,12:45 AM ET,3h ago,home,Virginia Cavaliers,-20.5,44.0,89.0,52.5,0.0,0.0,-1.0,100.0,100.0
2026-09-21T03:57:17,cfb,cfb_20260926_delaware_virginia_cavaliers,20260926CFB00232,DK,draftkings,change,4,2026-09-21T00:20:00,Sep 21,12:20 AM ET,3h ago,away,Delaware,20.5,57.0,13.0,52.5,100.0,100.0,800.0,0.0,0.0
2026-09-21T03:57:17,cfb,cfb_20260926_delaware_virginia_cavaliers,20260926CFB00232,DK,draftkings,change,4,2026-09-21T00:20:00,Sep 21,12:20 AM ET,3h ago,home,Virginia Cavaliers,-20.5,43.0,88.0,52.5,0.0,0.0,-1.0,100.0,100.0
2026-09-21T03:57:17,cfb,cfb_20260926_delaware_virginia_cavaliers,20260926CFB00232,DK,draftkings,change,5,2026-09-21T00:10:00,Sep 21,12:10 AM ET,3h ago,away,Delaware,20.5,57.0,14.0,52.5,100.0,100.0,800.0,0.0,0.0
2026-09-21T03:57:17,cfb,cfb_20260926_delaware_virginia_cavaliers,20260926CFB00232,DK,draftkings,change,5,2026-09-21T00:10:00,Sep 21,12:10 AM ET,3h ago,home,Virginia Cavaliers,-20.5,43.0,86.0,52.5,0.0,0.0,-1.0,100.0,100.0
2026-09-21T03:57:17,cfb,cfb_20260926_delaware_virginia_cavaliers,20260926CFB00232,DK,draftkings,change,6,2026-09-20T20:55:00,Sep 20,8:55 PM ET,7h ago,away,Delaware,20.5,57.0,17.0,52.5,100.0,100.0,800.0,0.0,0.0
2026-09-21T03:57:17,cfb,cfb_20260926_delaware_virginia_cavaliers,20260926CFB00232,DK,draftkings,change,6,2026-09-20T20:55:00,Sep 20,8:55 PM ET,7h ago,home,Virginia Cavaliers,-20.5,43.0,83.0,52.5,0.0,0.0,-1.0,100.0,100.0
2026-09-21T03:57:17,cfb,cfb_20260926_delaware_virginia_cavaliers,20260926CFB00232,DK,draftkings,change,7,2026-09-20T15:45:00,Sep 20,3:45 PM ET,12h ago,away,Delaware,21.0,0.0,0.0,52.5,100.0,100.0,1.0,0.0,0.0
2026-09-21T03:57:17,cfb,cfb_20260926_delaware_virginia_cavaliers,20260926CFB00232,DK,draftkings,change,7,2026-09-20T15:45:00,Sep 20,3:45 PM ET,12h ago,home,Virginia Cavaliers,-21.0,100.0,100.0,52.5,0.0,0.0,-1.0,100.0,100.0
2026-09-21T03:57:17,cfb,cfb_20260926_delaware_virginia_cavaliers,20260926CFB00232,DK,draftkings,change,8,2026-09-20T11:25:00,Sep 20,11:25 AM ET,16h ago,away,Delaware,20.5,0.0,0.0,,0.0,0.0,850.0,0.0,0.0
2026-09-21T03:57:17,cfb,cfb_20260926_delaware_virginia_cavaliers,20260926CFB00232,DK,draftkings,change,8,2026-09-20T11:25:00,Sep 20,11:25 AM ET,16h ago,home,Virginia Cavaliers,-20.5,100.0,100.0,,0.0,0.0,-1.0,100.0,100.0
2026-09-21T03:57:17,cfb,cfb_20260926_delaware_virginia_cavaliers,20260926CFB00232,DK,draftkings,change,9,2026-09-20T10:55:00,Sep 20,10:55 AM ET,17h ago,away,Delaware,20.5,0.0,0.0,,0.0,0.0,,0.0,0.0
2026-09-21T03:57:17,cfb,cfb_20260926_delaware_virginia_cavaliers,20260926CFB00232,DK,draftkings,change,9,2026-09-20T10:55:00,Sep 20,10:55 AM ET,17h ago,home,Virginia Cavaliers,-20.5,100.0,100.0,,0.0,0.0,,0.0,0.0
2026-09-21T03:57:18,cfb,cfb_20260926_delaware_virginia_cavaliers,20260926CFB00232,CIRCA,circa,open,1,2026-09-20T15:00:00,Sep 20,3:00 PM ET,12h ago,away,Delaware,20.5,50.0,50.0,54.0,50.0,50.0,,50.0,50.0
2026-09-21T03:57:18,cfb,cfb_20260926_delaware_virginia_cavaliers,20260926CFB00232,CIRCA,circa,open,1,2026-09-20T15:00:00,Sep 20,3:00 PM ET,12h ago,home,Virginia Cavaliers,-20.5,50.0,50.0,54.0,50.0,50.0,,50.0,50.0
2026-09-21T03:57:18,cfb,cfb_20260926_delaware_virginia_cavaliers,20260926CFB00232,CIRCA,circa,change,2,2026-09-20T15:00:00,Sep 20,3:00 PM ET,12h ago,away,Delaware,20.5,50.0,50.0,54.0,50.0,50.0,,50.0,50.0
2026-09-21T03:57:18,cfb,cfb_20260926_delaware_virginia_cavaliers,20260926CFB00232,CIRCA,circa,change,2,2026-09-20T15:00:00,Sep 20,3:00 PM ET,12h ago,home,Virginia Cavaliers,-20.5,50.0,50.0,54.0,50.0,50.0,,50.0,50.0
2026-09-21T03:57:19,cfb,cfb_20260926_james_madison_old_dominion_monarchs,20260926CFB01419,DK,draftkings,open,1,2026-09-20T12:40:00,Sep 20,12:40 PM ET,15h ago,away,James Madison,,0.0,0.0,,0.0,0.0,-175.0,100.0,100.0
2026-09-21T03:57:19,cfb,cfb_20260926_james_madison_old_dominion_monarchs,20260926CFB01419,DK,draftkings,open,1,2026-09-20T12:40:00,Sep 20,12:40 PM ET,15h ago,home,Old Dominion Monarchs,,0.0,0.0,,0.0,0.0,145.0,0.0,0.0
2026-09-21T03:57:19,cfb,cfb_20260926_james_madison_old_dominion_monarchs,20260926CFB01419,DK,draftkings,change,2,2026-09-21T02:10:00,Sep 21,2:10 AM ET,1h ago,away,James Madison,-5.5,100.0,73.0,47.5,0.0,60.0,-225.0,100.0,95.0
2026-09-21T03:57:19,cfb,cfb_20260926_james_madison_old_dominion_monarchs,20260926CFB01419,DK,draftkings,change,2,2026-09-21T02:10:00,Sep 21,2:10 AM ET,1h ago,home,Old Dominion Monarchs,5.5,0.0,27.0,47.5,100.0,40.0,185.0,0.0,5.0
2026-09-21T03:57:19,cfb,cfb_20260926_james_madison_old_dominion_monarchs,20260926CFB01419,DK,draftkings,change,3,2026-09-21T01:10:00,Sep 21,1:10 AM ET,2h ago,away,James Madison,-4.5,100.0,71.0,47.5,0.0,60.0,-205.0,100.0,94.0
2026-09-21T03:57:19,cfb,cfb_20260926_james_madison_old_dominion_monarchs,20260926CFB01419,DK,draftkings,change,3,2026-09-21T01:10:00,Sep 21,1:10 AM ET,2h ago,home,Old Dominion Monarchs,4.5,0.0,29.0,47.5,100.0,40.0,170.0,0.0,6.0
2026-09-21T03:57:19,cfb,cfb_20260926_james_madison_old_dominion_monarchs,20260926CFB01419,DK,draftkings,change,4,2026-09-21T00:10:00,Sep 21,12:10 AM ET,3h ago,away,James Madison,-4.5,100.0,69.0,47.5,0.0,60.0,-205.0,100.0,94.0
2026-09-21T03:57:19,cfb,cfb_20260926_james_madison_old_dominion_monarchs,20260926CFB01419,DK,draftkings,change,4,2026-09-21T00:10:00,Sep 21,12:10 AM ET,3h ago,home,Old Dominion Monarchs,4.5,0.0,31.0,47.5,100.0,40.0,170.0,0.0,6.0
2026-09-21T03:57:19,cfb,cfb_20260926_james_madison_old_dominion_monarchs,20260926CFB01419,DK,draftkings,change,5,2026-09-20T22:30:00,Sep 20,10:30 PM ET,5h ago,away,James Madison,-4.5,100.0,69.0,47.5,0.0,50.0,-205.0,100.0,93.0
2026-09-21T03:57:19,cfb,cfb_20260926_james_madison_old_dominion_monarchs,20260926CFB01419,DK,draftkings,change,5,2026-09-20T22:30:00,Sep 20,10:30 PM ET,5h ago,home,Old Dominion Monarchs,4.5,0.0,31.0,47.5,100.0,50.0,170.0,0.0,7.0
2026-09-21T03:57:19,cfb,cfb_20260926_james_madison_old_dominion_monarchs,20260926CFB01419,DK,draftkings,change,6,2026-09-20T22:20:00,Sep 20,10:20 PM ET,5h ago,away,James Madison,-4.5,100.0,69.0,47.5,0.0,50.0,-205.0,100.0,92.0
2026-09-21T03:57:19,cfb,cfb_20260926_james_madison_old_dominion_monarchs,20260926CFB01419,DK,draftkings,change,6,2026-09-20T22:20:00,Sep 20,10:20 PM ET,5h ago,home,Old Dominion Monarchs,4.5,0.0,31.0,47.5,100.0,50.0,170.0,0.0,8.0
2026-09-21T03:57:19,cfb,cfb_20260926_james_madison_old_dominion_monarchs,20260926CFB01419,DK,draftkings,change,7,2026-09-20T22:10:00,Sep 20,10:10 PM ET,5h ago,away,James Madison,-4.5,100.0,69.0,47.5,0.0,33.0,-205.0,100.0,92.0
2026-09-21T03:57:19,cfb,cfb_20260926_james_madison_old_dominion_monarchs,20260926CFB01419,DK,draftkings,change,7,2026-09-20T22:10:00,Sep 20,10:10 PM ET,5h ago,home,Old Dominion Monarchs,4.5,0.0,31.0,47.5,100.0,67.0,170.0,0.0,8.0
2026-09-21T03:57:19,cfb,cfb_20260926_james_madison_old_dominion_monarchs,20260926CFB01419,DK,draftkings,change,8,2026-09-20T22:00:00,Sep 20,10:00 PM ET,5h ago,away,James Madison,-4.5,100.0,67.0,47.5,0.0,33.0,-205.0,100.0,92.0
2026-09-21T03:57:19,cfb,cfb_20260926_james_madison_old_dominion_monarchs,20260926CFB01419,DK,draftkings,change,8,2026-09-20T22:00:00,Sep 20,10:00 PM ET,5h ago,home,Old Dominion Monarchs,4.5,0.0,33.0,47.5,100.0,67.0,170.0,0.0,8.0
2026-09-21T03:57:19,cfb,cfb_20260926_james_madison_old_dominion_monarchs,20260926CFB01419,DK,draftkings,change,9,2026-09-20T21:50:00,Sep 20,9:50 PM ET,6h ago,away,James Madison,-4.5,100.0,64.0,47.5,0.0,33.0,-205.0,100.0,92.0
2026-09-21T03:57:19,cfb,cfb_20260926_james_madison_old_dominion_monarchs,20260926CFB01419,DK,draftkings,change,9,2026-09-20T21:50:00,Sep 20,9:50 PM ET,6h ago,home,Old Dominion Monarchs,4.5,0.0,36.0,47.5,100.0,67.0,170.0,0.0,8.0
2026-09-21T03:57:19,cfb,cfb_20260926_james_madison_old_dominion_monarchs,20260926CFB01419,DK,draftkings,change,10,2026-09-20T21:40:00,Sep 20,9:40 PM ET,6h ago,away,James Madison,-4.5,100.0,64.0,47.5,0.0,33.0,-205.0,100.0,91.0
2026-09-21T03:57:19,cfb,cfb_20260926_james_madison_old_dominion_monarchs,20260926CFB01419,DK,draftkings,change,10,2026-09-20T21:40:00,Sep 20,9:40 PM ET,6h ago,home,Old Dominion Monarchs,4.5,0.0,36.0,47.5,100.0,67.0,170.0,0.0,9.0
2026-09-21T03:57:19,cfb,cfb_20260926_james_madison_old_dominion_monarchs,20260926CFB01419,DK,draftkings,change,11,2026-09-20T21:30:00,Sep 20,9:30 PM ET,6h ago,away,James Madison,-4.5,100.0,100.0,47.5,0.0,33.0,-205.0,100.0,90.0
2026-09-21T03:57:19,cfb,cfb_20260926_james_madison_old_dominion_monarchs,20260926CFB01419,DK,draftkings,change,11,2026-09-20T21:30:00,Sep 20,9:30 PM ET,6h ago,home,Old Dominion Monarchs,4.5,0.0,0.0,47.5,100.0,67.0,170.0,0.0,10.0
2026-09-21T03:57:19,cfb,cfb_20260926_james_madison_old_dominion_monarchs,20260926CFB01419,DK,draftkings,change,12,2026-09-20T15:55:00,Sep 20,3:55 PM ET,12h ago,away,James Madison,-5.5,100.0,100.0,48.5,0.0,33.0,-192.0,100.0,100.0
2026-09-21T03:57:19,cfb,cfb_20260926_james_madison_old_dominion_monarchs,20260926CFB01419,DK,draftkings,change,12,2026-09-20T15:55:00,Sep 20,3:55 PM ET,12h ago,home,Old Dominion Monarchs,5.5,0.0,0.0,48.5,100.0,67.0,160.0,0.0,0.0
2026-09-21T03:57:19,cfb,cfb_20260926_james_madison_old_dominion_monarchs,20260926CFB01419,DK,draftkings,change,13,2026-09-20T15:45:00,Sep 20,3:45 PM ET,12h ago,away,James Madison,,0.0,0.0,48.5,0.0,33.0,-192.0,100.0,100.0
2026-09-21T03:57:19,cfb,cfb_20260926_james_madison_old_dominion_monarchs,20260926CFB01419,DK,draftkings,change,13,2026-09-20T15:45:00,Sep 20,3:45 PM ET,12h ago,home,Old Dominion Monarchs,,0.0,0.0,48.5,100.0,67.0,160.0,0.0,0.0
2026-09-21T03:57:19,cfb,cfb_20260926_james_madison_old_dominion_monarchs,20260926CFB01419,DK,draftkings,change,14,2026-09-20T15:10:00,Sep 20,3:10 PM ET,12h ago,away,James Madison,,0.0,0.0,50.5,0.0,0.0,-175.0,100.0,100.0
2026-09-21T03:57:19,cfb,cfb_20260926_james_madison_old_dominion_monarchs,20260926CFB01419,DK,draftkings,change,14,2026-09-20T15:10:00,Sep 20,3:10 PM ET,12h ago,home,Old Dominion Monarchs,,0.0,0.0,50.5,100.0,100.0,145.0,0.0,0.0
2026-09-21T03:57:19,cfb,cfb_20260926_james_madison_old_dominion_monarchs,20260926CFB01419,DK,draftkings,change,15,2026-09-20T12:40:00,Sep 20,12:40 PM ET,15h ago,away,James Madison,,0.0,0.0,,0.0,0.0,-175.0,100.0,100.0
2026-09-21T03:57:19,cfb,cfb_20260926_james_madison_old_dominion_monarchs,20260926CFB01419,DK,draftkings,change,15,2026-09-20T12:40:00,Sep 20,12:40 PM ET,15h ago,home,Old Dominion Monarchs,,0.0,0.0,,0.0,0.0,145.0,0.0,0.0
2026-09-21T03:57:21,cfb,cfb_20260926_james_madison_old_dominion_monarchs,20260926CFB01419,CIRCA,circa,open,1,2026-09-20T15:00:00,Sep 20,3:00 PM ET,12h ago,away,James Madison,-5.5,50.0,50.0,48.0,0.0,0.0,,50.0,50.0
2026-09-21T03:57:21,cfb,cfb_20260926_james_madison_old_dominion_monarchs,20260926CFB01419,CIRCA,circa,open,1,2026-09-20T15:00:00,Sep 20,3:00 PM ET,12h ago,home,Old Dominion Monarchs,5.5,50.0,50.0,48.0,100.0,100.0,,50.0,50.0
2026-09-21T03:57:21,cfb,cfb_20260926_james_madison_old_dominion_monarchs,20260926CFB01419,CIRCA,circa,change,2,2026-09-20T15:20:00,Sep 20,3:20 PM ET,12h ago,away,James Madison,-5.5,100.0,100.0,48.0,0.0,0.0,,50.0,50.0
2026-09-21T03:57:21,cfb,cfb_20260926_james_madison_old_dominion_monarchs,20260926CFB01419,CIRCA,circa,change,2,2026-09-20T15:20:00,Sep 20,3:20 PM ET,12h ago,home,Old Dominion Monarchs,5.5,0.0,0.0,48.0,100.0,100.0,,50.0,50.0
2026-09-21T03:57:21,cfb,cfb_20260926_james_madison_old_dominion_monarchs,20260926CFB01419,CIRCA,circa,change,3,2026-09-20T15:00:00,Sep 20,3:00 PM ET,12h ago,away,James Madison,-5.5,50.0,50.0,48.0,0.0,0.0,,50.0,50.0
2026-09-21T03:57:21,cfb,cfb_20260926_james_madison_old_dominion_monarchs,20260926CFB01419,CIRCA,circa,change,3,2026-09-20T15:00:00,Sep 20,3:00 PM ET,12h ago,home,Old Dominion Monarchs,5.5,50.0,50.0,48.0,100.0,100.0,,50.0,50.0
2026-09-21T03:57:22,cfb,cfb_20260926_c_michigan_chippewas_miami_fl_hurricanes,20260926CFB00176,DK,draftkings,open,1,2026-09-20T03:10:00,Sep 20,3:10 AM ET,1d ago,away,C Michigan Chippewas,42.5,0.0,0.0,,0.0,0.0,,0.0,0.0
2026-09-21T03:57:22,cfb,cfb_20260926_c_michigan_chippewas_miami_fl_hurricanes,20260926CFB00176,DK,draftkings,open,1,2026-09-20T03:10:00,Sep 20,3:10 AM ET,1d ago,home,Miami FL Hurricanes,-42.5,100.0,100.0,,0.0,0.0,,0.0,0.0
2026-09-21T03:57:22,cfb,cfb_20260926_c_michigan_chippewas_miami_fl_hurricanes,20260926CFB00176,DK,draftkings,change,2,2026-09-21T01:00:00,Sep 21,1:00 AM ET,2h ago,away,C Michigan Chippewas,41.5,7.0,14.0,53.5,1.0,83.0,,0.0,0.0
2026-09-21T03:57:22,cfb,cfb_20260926_c_michigan_chippewas_miami_fl_hurricanes,20260926CFB00176,DK,draftkings,change,2,2026-09-21T01:00:00,Sep 21,1:00 AM ET,2h ago,home,Miami FL Hurricanes,-41.5,93.0,86.0,53.5,99.0,17.0,,0.0,0.0
2026-09-21T03:57:22,cfb,cfb_20260926_c_michigan_chippewas_miami_fl_hurricanes,20260926CFB00176,DK,draftkings,change,3,2026-09-21T00:40:00,Sep 21,12:40 AM ET,3h ago,away,C Michigan Chippewas,41.5,7.0,15.0,53.5,1.0,83.0,,0.0,0.0
2026-09-21T03:57:22,cfb,cfb_20260926_c_michigan_chippewas_miami_fl_hurricanes,20260926CFB00176,DK,draftkings,change,3,2026-09-21T00:40:00,Sep 21,12:40 AM ET,3h ago,home,Miami FL Hurricanes,-41.5,93.0,85.0,53.5,99.0,17.0,,0.0,0.0
2026-09-21T03:57:22,cfb,cfb_20260926_c_michigan_chippewas_miami_fl_hurricanes,20260926CFB00176,DK,draftkings,change,4,2026-09-21T00:10:00,Sep 21,12:10 AM ET,3h ago,away,C Michigan Chippewas,41.5,9.0,16.0,53.5,1.0,83.0,,0.0,0.0
2026-09-21T03:57:22,cfb,cfb_20260926_c_michigan_chippewas_miami_fl_hurricanes,20260926CFB00176,DK,draftkings,change,4,2026-09-21T00:10:00,Sep 21,12:10 AM ET,3h ago,home,Miami FL Hurricanes,-41.5,91.0,84.0,53.5,99.0,17.0,,0.0,0.0
2026-09-21T03:57:22,cfb,cfb_20260926_c_michigan_chippewas_miami_fl_hurricanes,20260926CFB00176,DK,draftkings,change,5,2026-09-20T23:30:00,Sep 20,11:30 PM ET,4h ago,away,C Michigan Chippewas,41.5,9.0,16.0,53.5,1.0,80.0,,0.0,0.0
2026-09-21T03:57:22,cfb,cfb_20260926_c_michigan_chippewas_miami_fl_hurricanes,20260926CFB00176,DK,draftkings,change,5,2026-09-20T23:30:00,Sep 20,11:30 PM ET,4h ago,home,Miami FL Hurricanes,-41.5,91.0,84.0,53.5,99.0,20.0,,0.0,0.0
2026-09-21T03:57:22,cfb,cfb_20260926_c_michigan_chippewas_miami_fl_hurricanes,20260926CFB00176,DK,draftkings,change,6,2026-09-20T22:30:00,Sep 20,10:30 PM ET,5h ago,away,C Michigan Chippewas,41.5,9.0,17.0,53.5,1.0,80.0,,0.0,0.0
2026-09-21T03:57:22,cfb,cfb_20260926_c_michigan_chippewas_miami_fl_hurricanes,20260926CFB00176,DK,draftkings,change,6,2026-09-20T22:30:00,Sep 20,10:30 PM ET,5h ago,home,Miami FL Hurricanes,-41.5,91.0,83.0,53.5,99.0,20.0,,0.0,0.0
2026-09-21T03:57:22,cfb,cfb_20260926_c_michigan_chippewas_miami_fl_hurricanes,20260926CFB00176,DK,draftkings,change,7,2026-09-20T22:10:00,Sep 20,10:10 PM ET,5h ago,away,C Michigan Chippewas,41.5,9.0,18.0,53.5,1.0,80.0,,0.0,0.0
2026-09-21T03:57:22,cfb,cfb_20260926_c_michigan_chippewas_miami_fl_hurricanes,20260926CFB00176,DK,draftkings,change,7,2026-09-20T22:10:00,Sep 20,10:10 PM ET,5h ago,home,Miami FL Hurricanes,-41.5,91.0,82.0,53.5,99.0,20.0,,0.0,0.0
2026-09-21T03:57:22,cfb,cfb_20260926_c_michigan_chippewas_miami_fl_hurricanes,20260926CFB00176,DK,draftkings,change,8,2026-09-20T21:50:00,Sep 20,9:50 PM ET,6h ago,away,C Michigan Chippewas,41.5,11.0,19.0,53.5,1.0,80.0,,0.0,0.0
2026-09-21T03:57:22,cfb,cfb_20260926_c_michigan_chippewas_miami_fl_hurricanes,20260926CFB00176,DK,draftkings,change,8,2026-09-20T21:50:00,Sep 20,9:50 PM ET,6h ago,home,Miami FL Hurricanes,-41.5,89.0,81.0,53.5,99.0,20.0,,0.0,0.0
2026-09-21T03:57:22,cfb,cfb_20260926_c_michigan_chippewas_miami_fl_hurricanes,20260926CFB00176,DK,draftkings,change,9,2026-09-20T21:40:00,Sep 20,9:40 PM ET,6h ago,away,C Michigan Chippewas,41.5,11.0,21.0,53.5,1.0,80.0,,0.0,0.0
2026-09-21T03:57:22,cfb,cfb_20260926_c_michigan_chippewas_miami_fl_hurricanes,20260926CFB00176,DK,draftkings,change,9,2026-09-20T21:40:00,Sep 20,9:40 PM ET,6h ago,home,Miami FL Hurricanes,-41.5,89.0,79.0,53.5,99.0,20.0,,0.0,0.0
2026-09-21T03:57:22,cfb,cfb_20260926_c_michigan_chippewas_miami_fl_hurricanes,20260926CFB00176,DK,draftkings,change,10,2026-09-20T21:15:00,Sep 20,9:15 PM ET,6h ago,away,C Michigan Chippewas,41.5,11.0,22.0,53.5,1.0,80.0,,0.0,0.0
2026-09-21T03:57:22,cfb,cfb_20260926_c_michigan_chippewas_miami_fl_hurricanes,20260926CFB00176,DK,draftkings,change,10,2026-09-20T21:15:00,Sep 20,9:15 PM ET,6h ago,home,Miami FL Hurricanes,-41.5,89.0,78.0,53.5,99.0,20.0,,0.0,0.0
2026-09-21T03:57:22,cfb,cfb_20260926_c_michigan_chippewas_miami_fl_hurricanes,20260926CFB00176,DK,draftkings,change,11,2026-09-20T21:05:00,Sep 20,9:05 PM ET,6h ago,away,C Michigan Chippewas,41.5,11.0,22.0,53.5,1.0,75.0,,0.0,0.0
2026-09-21T03:57:22,cfb,cfb_20260926_c_michigan_chippewas_miami_fl_hurricanes,20260926CFB00176,DK,draftkings,change,11,2026-09-20T21:05:00,Sep 20,9:05 PM ET,6h ago,home,Miami FL Hurricanes,-41.5,89.0,78.0,53.5,99.0,25.0,,0.0,0.0
2026-09-21T03:57:22,cfb,cfb_20260926_c_michigan_chippewas_miami_fl_hurricanes,20260926CFB00176,DK,draftkings,change,12,2026-09-20T20:55:00,Sep 20,8:55 PM ET,7h ago,away,C Michigan Chippewas,41.5,11.0,23.0,53.5,1.0,75.0,,0.0,0.0
2026-09-21T03:57:22,cfb,cfb_20260926_c_michigan_chippewas_miami_fl_hurricanes,20260926CFB00176,DK,draftkings,change,12,2026-09-20T20:55:00,Sep 20,8:55 PM ET,7h ago,home,Miami FL Hurricanes,-41.5,89.0,77.0,53.5,99.0,25.0,,0.0,0.0
2026-09-21T03:57:22,cfb,cfb_20260926_c_michigan_chippewas_miami_fl_hurricanes,20260926CFB00176,DK,draftkings,change,13,2026-09-20T20:50:00,Sep 20,8:50 PM ET,7h ago,away,C Michigan Chippewas,41.5,12.0,24.0,53.5,1.0,75.0,,0.0,0.0
2026-09-21T03:57:22,cfb,cfb_20260926_c_michigan_chippewas_miami_fl_hurricanes,20260926CFB00176,DK,draftkings,change,13,2026-09-20T20:50:00,Sep 20,8:50 PM ET,7h ago,home,Miami FL Hurricanes,-41.5,88.0,76.0,53.5,99.0,25.0,,0.0,0.0
2026-09-21T03:57:22,cfb,cfb_20260926_c_michigan_chippewas_miami_fl_hurricanes,20260926CFB00176,DK,draftkings,change,14,2026-09-20T20:40:00,Sep 20,8:40 PM ET,7h ago,away,C Michigan Chippewas,41.5,12.0,25.0,53.5,1.0,75.0,,0.0,0.0
2026-09-21T03:57:22,cfb,cfb_20260926_c_michigan_chippewas_miami_fl_hurricanes,20260926CFB00176,DK,draftkings,change,14,2026-09-20T20:40:00,Sep 20,8:40 PM ET,7h ago,home,Miami FL Hurricanes,-41.5,88.0,75.0,53.5,99.0,25.0,,0.0,0.0
2026-09-21T03:57:22,cfb,cfb_20260926_c_michigan_chippewas_miami_fl_hurricanes,20260926CFB00176,DK,draftkings,change,15,2026-09-20T20:30:00,Sep 20,8:30 PM ET,7h ago,away,C Michigan Chippewas,40.5,13.0,26.0,53.5,1.0,75.0,,0.0,0.0
2026-09-21T03:57:22,cfb,cfb_20260926_c_michigan_chippewas_miami_fl_hurricanes,20260926CFB00176,DK,draftkings,change,15,2026-09-20T20:30:00,Sep 20,8:30 PM ET,7h ago,home,Miami FL Hurricanes,-40.5,87.0,74.0,53.5,99.0,25.0,,0.0,0.0
2026-09-21T03:57:22,cfb,cfb_20260926_c_michigan_chippewas_miami_fl_hurricanes,20260926CFB00176,DK,draftkings,change,16,2026-09-20T20:20:00,Sep 20,8:20 PM ET,7h ago,away,C Michigan Chippewas,40.5,20.0,31.0,53.5,0.0,67.0,,0.0,0.0
2026-09-21T03:57:22,cfb,cfb_20260926_c_michigan_chippewas_miami_fl_hurricanes,20260926CFB00176,DK,draftkings,change,16,2026-09-20T20:20:00,Sep 20,8:20 PM ET,7h ago,home,Miami FL Hurricanes,-40.5,80.0,69.0,53.5,100.0,33.0,,0.0,0.0
2026-09-21T03:57:22,cfb,cfb_20260926_c_michigan_chippewas_miami_fl_hurricanes,20260926CFB00176,DK,draftkings,change,17,2026-09-20T20:15:00,Sep 20,8:15 PM ET,7h ago,away,C Michigan Chippewas,40.5,39.0,31.0,53.5,0.0,67.0,,0.0,0.0
2026-09-21T03:57:22,cfb,cfb_20260926_c_michigan_chippewas_miami_fl_hurricanes,20260926CFB00176,DK,draftkings,change,17,2026-09-20T20:15:00,Sep 20,8:15 PM ET,7h ago,home,Miami FL Hurricanes,-40.5,61.0,69.0,53.5,100.0,33.0,,0.0,0.0
2026-09-21T03:57:22,cfb,cfb_20260926_c_michigan_chippewas_miami_fl_hurricanes,20260926CFB00176,DK,draftkings,change,18,2026-09-20T19:05:00,Sep 20,7:05 PM ET,8h ago,away,C Michigan Chippewas,41.5,39.0,33.0,53.5,0.0,67.0,,0.0,0.0
2026-09-21T03:57:22,cfb,cfb_20260926_c_michigan_chippewas_miami_fl_hurricanes,20260926CFB00176,DK,draftkings,change,18,2026-09-20T19:05:00,Sep 20,7:05 PM ET,8h ago,home,Miami FL Hurricanes,-41.5,61.0,67.0,53.5,100.0,33.0,,0.0,0.0
2026-09-21T03:57:22,cfb,cfb_20260926_c_michigan_chippewas_miami_fl_hurricanes,20260926CFB00176,DK,draftkings,change,19,2026-09-20T18:15:00,Sep 20,6:15 PM ET,9h ago,away,C Michigan Chippewas,41.5,40.0,36.0,54.5,0.0,67.0,,0.0,0.0
2026-09-21T03:57:22,cfb,cfb_20260926_c_michigan_chippewas_miami_fl_hurricanes,20260926CFB00176,DK,draftkings,change,19,2026-09-20T18:15:00,Sep 20,6:15 PM ET,9h ago,home,Miami FL Hurricanes,-41.5,60.0,64.0,54.5,100.0,33.0,,0.0,0.0
2026-09-21T03:57:22,cfb,cfb_20260926_c_michigan_chippewas_miami_fl_hurricanes,20260926CFB00176,DK,draftkings,change,20,2026-09-20T15:45:00,Sep 20,3:45 PM ET,12h ago,away,C Michigan Chippewas,42.5,36.0,22.0,54.5,0.0,67.0,,0.0,0.0
2026-09-21T03:57:22,cfb,cfb_20260926_c_michigan_chippewas_miami_fl_hurricanes,20260926CFB00176,DK,draftkings,change,20,2026-09-20T15:45:00,Sep 20,3:45 PM ET,12h ago,home,Miami FL Hurricanes,-42.5,64.0,78.0,54.5,100.0,33.0,,0.0,0.0
2026-09-21T03:57:22,cfb,cfb_20260926_c_michigan_chippewas_miami_fl_hurricanes,20260926CFB00176,DK,draftkings,change,21,2026-09-20T13:25:00,Sep 20,1:25 PM ET,14h ago,away,C Michigan Chippewas,42.5,36.0,22.0,54.5,0.0,50.0,,0.0,0.0
2026-09-21T03:57:22,cfb,cfb_20260926_c_michigan_chippewas_miami_fl_hurricanes,20260926CFB00176,DK,draftkings,change,21,2026-09-20T13:25:00,Sep 20,1:25 PM ET,14h ago,home,Miami FL Hurricanes,-42.5,64.0,78.0,54.5,100.0,50.0,,0.0,0.0
2026-09-21T03:57:22,cfb,cfb_20260926_c_michigan_chippewas_miami_fl_hurricanes,20260926CFB00176,DK,draftkings,change,22,2026-09-20T12:10:00,Sep 20,12:10 PM ET,15h ago,away,C Michigan Chippewas,42.5,50.0,25.0,54.5,0.0,50.0,,0.0,0.0
2026-09-21T03:57:22,cfb,cfb_20260926_c_michigan_chippewas_miami_fl_hurricanes,20260926CFB00176,DK,draftkings,change,22,2026-09-20T12:10:00,Sep 20,12:10 PM ET,15h ago,home,Miami FL Hurricanes,-42.5,50.0,75.0,54.5,100.0,50.0,,0.0,0.0
2026-09-21T03:57:22,cfb,cfb_20260926_c_michigan_chippewas_miami_fl_hurricanes,20260926CFB00176,DK,draftkings,change,23,2026-09-20T10:55:00,Sep 20,10:55 AM ET,17h ago,away,C Michigan Chippewas,42.5,50.0,29.0,54.5,0.0,50.0,,0.0,0.0
2026-09-21T03:57:22,cfb,cfb_20260926_c_michigan_chippewas_miami_fl_hurricanes,20260926CFB00176,DK,draftkings,change,23,2026-09-20T10:55:00,Sep 20,10:55 AM ET,17h ago,home,Miami FL Hurricanes,-42.5,50.0,71.0,54.5,100.0,50.0,,0.0,0.0
2026-09-21T03:57:22,cfb,cfb_20260926_c_michigan_chippewas_miami_fl_hurricanes,20260926CFB00176,DK,draftkings,change,24,2026-09-20T10:40:00,Sep 20,10:40 AM ET,17h ago,away,C Michigan Chippewas,42.5,51.0,33.0,54.5,0.0,0.0,,0.0,0.0
2026-09-21T03:57:22,cfb,cfb_20260926_c_michigan_chippewas_miami_fl_hurricanes,20260926CFB00176,DK,draftkings,change,24,2026-09-20T10:40:00,Sep 20,10:40 AM ET,17h ago,home,Miami FL Hurricanes,-42.5,49.0,67.0,54.5,100.0,100.0,,0.0,0.0
2026-09-21T03:57:22,cfb,cfb_20260926_c_michigan_chippewas_miami_fl_hurricanes,20260926CFB00176,DK,draftkings,change,25,2026-09-20T09:00:00,Sep 20,9:00 AM ET,18h ago,away,C Michigan Chippewas,42.5,46.0,20.0,54.5,0.0,0.0,,0.0,0.0
2026-09-21T03:57:22,cfb,cfb_20260926_c_michigan_chippewas_miami_fl_hurricanes,20260926CFB00176,DK,draftkings,change,25,2026-09-20T09:00:00,Sep 20,9:00 AM ET,18h ago,home,Miami FL Hurricanes,-42.5,54.0,80.0,54.5,100.0,100.0,,0.0,0.0
2026-09-21T03:57:22,cfb,cfb_20260926_c_michigan_chippewas_miami_fl_hurricanes,20260926CFB00176,DK,draftkings,change,26,2026-09-20T07:40:00,Sep 20,7:40 AM ET,20h ago,away,C Michigan Chippewas,42.5,48.0,25.0,54.5,0.0,0.0,,0.0,0.0
2026-09-21T03:57:22,cfb,cfb_20260926_c_michigan_chippewas_miami_fl_hurricanes,20260926CFB00176,DK,draftkings,change,26,2026-09-20T07:40:00,Sep 20,7:40 AM ET,20h ago,home,Miami FL Hurricanes,-42.5,52.0,75.0,54.5,100.0,100.0,,0.0,0.0
2026-09-21T03:57:23,cfb,cfb_20260926_c_michigan_chippewas_miami_fl_hurricanes,20260926CFB00176,CIRCA,circa,open,1,2026-09-20T15:05:00,Sep 20,3:05 PM ET,12h ago,away,C Michigan Chippewas,42.0,50.0,50.0,55.5,50.0,50.0,,50.0,50.0
2026-09-21T03:57:23,cfb,cfb_20260926_c_michigan_chippewas_miami_fl_hurricanes,20260926CFB00176,CIRCA,circa,open,1,2026-09-20T15:05:00,Sep 20,3:05 PM ET,12h ago,home,Miami FL Hurricanes,-42.0,50.0,50.0,55.5,50.0,50.0,,50.0,50.0
2026-09-21T03:57:23,cfb,cfb_20260926_c_michigan_chippewas_miami_fl_hurricanes,20260926CFB00176,CIRCA,circa,change,2,2026-09-20T19:50:00,Sep 20,7:50 PM ET,8h ago,away,C Michigan Chippewas,42.0,100.0,100.0,53.5,40.0,33.0,,50.0,50.0
2026-09-21T03:57:23,cfb,cfb_20260926_c_michigan_chippewas_miami_fl_hurricanes,20260926CFB00176,CIRCA,circa,change,2,2026-09-20T19:50:00,Sep 20,7:50 PM ET,8h ago,home,Miami FL Hurricanes,-42.0,0.0,0.0,53.5,60.0,67.0,,50.0,50.0
2026-09-21T03:57:23,cfb,cfb_20260926_c_michigan_chippewas_miami_fl_hurricanes,20260926CFB00176,CIRCA,circa,change,3,2026-09-20T17:50:00,Sep 20,5:50 PM ET,10h ago,away,C Michigan Chippewas,42.0,50.0,50.0,55.0,40.0,33.0,,50.0,50.0
2026-09-21T03:57:23,cfb,cfb_20260926_c_michigan_chippewas_miami_fl_hurricanes,20260926CFB00176,CIRCA,circa,change,3,2026-09-20T17:50:00,Sep 20,5:50 PM ET,10h ago,home,Miami FL Hurricanes,-42.0,50.0,50.0,55.0,60.0,67.0,,50.0,50.0
2026-09-21T03:57:23,cfb,cfb_20260926_c_michigan_chippewas_miami_fl_hurricanes,20260926CFB00176,CIRCA,circa,change,4,2026-09-20T15:56:00,Sep 20,3:56 PM ET,12h ago,away,C Michigan Chippewas,42.0,50.0,50.0,55.0,0.0,0.0,,50.0,50.0
2026-09-21T03:57:23,cfb,cfb_20260926_c_michigan_chippewas_miami_fl_hurricanes,20260926CFB00176,CIRCA,circa,change,4,2026-09-20T15:56:00,Sep 20,3:56 PM ET,12h ago,home,Miami FL Hurricanes,-42.0,50.0,50.0,55.0,100.0,100.0,,50.0,50.0
2026-09-21T03:57:23,cfb,cfb_20260926_c_michigan_chippewas_miami_fl_hurricanes,20260926CFB00176,CIRCA,circa,change,5,2026-09-20T15:05:00,Sep 20,3:05 PM ET,12h ago,away,C Michigan Chippewas,42.0,50.0,50.0,55.5,50.0,50.0,,50.0,50.0
2026-09-21T03:57:23,cfb,cfb_20260926_c_michigan_chippewas_miami_fl_hurricanes,20260926CFB00176,CIRCA,circa,change,5,2026-09-20T15:05:00,Sep 20,3:05 PM ET,12h ago,home,Miami FL Hurricanes,-42.0,50.0,50.0,55.5,50.0,50.0,,50.0,50.0
2026-09-21T03:57:24,cfb,cfb_20260926_louisiana_ragin_cajuns_charlotte_49ers,20260926CFB01497,DK,draftkings,open,1,2026-09-20T11:25:00,Sep 20,11:25 AM ET,16h ago,away,Louisiana Ragin Cajuns,,0.0,0.0,,0.0,0.0,-650.0,100.0,100.0
2026-09-21T03:57:24,cfb,cfb_20260926_louisiana_ragin_cajuns_charlotte_49ers,20260926CFB01497,DK,draftkings,open,1,2026-09-20T11:25:00,Sep 20,11:25 AM ET,16h ago,home,Charlotte 49ers,,0.0,0.0,,0.0,0.0,470.0,0.0,0.0
2026-09-21T03:57:24,cfb,cfb_20260926_louisiana_ragin_cajuns_charlotte_49ers,20260926CFB01497,DK,draftkings,change,2,2026-09-21T03:50:00,Sep 21,3:50 AM ET,7m ago,away,Louisiana Ragin Cajuns,-10.5,0.0,33.0,49.5,0.0,67.0,-455.0,30.0,88.0
2026-09-21T03:57:24,cfb,cfb_20260926_louisiana_ragin_cajuns_charlotte_49ers,20260926CFB01497,DK,draftkings,change,2,2026-09-21T03:50:00,Sep 21,3:50 AM ET,7m ago,home,Charlotte 49ers,10.5,100.0,67.0,49.5,100.0,33.0,350.0,70.0,13.0
2026-09-21T03:57:24,cfb,cfb_20260926_louisiana_ragin_cajuns_charlotte_49ers,20260926CFB01497,DK,draftkings,change,3,2026-09-21T01:00:00,Sep 21,1:00 AM ET,2h ago,away,Louisiana Ragin Cajuns,-10.5,0.0,33.0,49.5,0.0,67.0,-455.0,19.0,86.0
2026-09-21T03:57:24,cfb,cfb_20260926_louisiana_ragin_cajuns_charlotte_49ers,20260926CFB01497,DK,draftkings,change,3,2026-09-21T01:00:00,Sep 21,1:00 AM ET,2h ago,home,Charlotte 49ers,10.5,100.0,67.0,49.5,100.0,33.0,350.0,81.0,14.0
2026-09-21T03:57:24,cfb,cfb_20260926_louisiana_ragin_cajuns_charlotte_49ers,20260926CFB01497,DK,draftkings,change,4,2026-09-21T00:00:00,Sep 21,12:00 AM ET,3h ago,away,Louisiana Ragin Cajuns,-10.5,0.0,33.0,49.5,0.0,67.0,-455.0,18.0,83.0
2026-09-21T03:57:24,cfb,cfb_20260926_louisiana_ragin_cajuns_charlotte_49ers,20260926CFB01497,DK,draftkings,change,4,2026-09-21T00:00:00,Sep 21,12:00 AM ET,3h ago,home,Charlotte 49ers,10.5,100.0,67.0,49.5,100.0,33.0,350.0,82.0,17.0
2026-09-21T03:57:24,cfb,cfb_20260926_louisiana_ragin_cajuns_charlotte_49ers,20260926CFB01497,DK,draftkings,change,5,2026-09-20T23:30:00,Sep 20,11:30 PM ET,4h ago,away,Louisiana Ragin Cajuns,-10.5,0.0,33.0,49.5,0.0,50.0,-455.0,18.0,83.0
2026-09-21T03:57:24,cfb,cfb_20260926_louisiana_ragin_cajuns_charlotte_49ers,20260926CFB01497,DK,draftkings,change,5,2026-09-20T23:30:00,Sep 20,11:30 PM ET,4h ago,home,Charlotte 49ers,10.5,100.0,67.0,49.5,100.0,50.0,350.0,82.0,17.0
2026-09-21T03:57:24,cfb,cfb_20260926_louisiana_ragin_cajuns_charlotte_49ers,20260926CFB01497,DK,draftkings,change,6,2026-09-20T22:10:00,Sep 20,10:10 PM ET,5h ago,away,Louisiana Ragin Cajuns,-10.5,0.0,50.0,49.5,0.0,50.0,-455.0,18.0,83.0
2026-09-21T03:57:24,cfb,cfb_20260926_louisiana_ragin_cajuns_charlotte_49ers,20260926CFB01497,DK,draftkings,change,6,2026-09-20T22:10:00,Sep 20,10:10 PM ET,5h ago,home,Charlotte 49ers,10.5,100.0,50.0,49.5,100.0,50.0,350.0,82.0,17.0
2026-09-21T03:57:24,cfb,cfb_20260926_louisiana_ragin_cajuns_charlotte_49ers,20260926CFB01497,DK,draftkings,change,7,2026-09-20T22:00:00,Sep 20,10:00 PM ET,5h ago,away,Louisiana Ragin Cajuns,-10.5,0.0,50.0,49.5,0.0,50.0,-455.0,15.0,80.0
2026-09-21T03:57:24,cfb,cfb_20260926_louisiana_ragin_cajuns_charlotte_49ers,20260926CFB01497,DK,draftkings,change,7,2026-09-20T22:00:00,Sep 20,10:00 PM ET,5h ago,home,Charlotte 49ers,10.5,100.0,50.0,49.5,100.0,50.0,350.0,85.0,20.0
2026-09-21T03:57:24,cfb,cfb_20260926_louisiana_ragin_cajuns_charlotte_49ers,20260926CFB01497,DK,draftkings,change,8,2026-09-20T21:30:00,Sep 20,9:30 PM ET,6h ago,away,Louisiana Ragin Cajuns,-10.5,0.0,50.0,49.5,0.0,50.0,-455.0,15.0,75.0
2026-09-21T03:57:24,cfb,cfb_20260926_louisiana_ragin_cajuns_charlotte_49ers,20260926CFB01497,DK,draftkings,change,8,2026-09-20T21:30:00,Sep 20,9:30 PM ET,6h ago,home,Charlotte 49ers,10.5,100.0,50.0,49.5,100.0,50.0,350.0,85.0,25.0
2026-09-21T03:57:24,cfb,cfb_20260926_louisiana_ragin_cajuns_charlotte_49ers,20260926CFB01497,DK,draftkings,change,9,2026-09-20T20:30:00,Sep 20,8:30 PM ET,7h ago,away,Louisiana Ragin Cajuns,-10.5,0.0,0.0,49.5,0.0,50.0,-455.0,15.0,75.0
2026-09-21T03:57:24,cfb,cfb_20260926_louisiana_ragin_cajuns_charlotte_49ers,20260926CFB01497,DK,draftkings,change,9,2026-09-20T20:30:00,Sep 20,8:30 PM ET,7h ago,home,Charlotte 49ers,10.5,100.0,100.0,49.5,100.0,50.0,350.0,85.0,25.0
2026-09-21T03:57:24,cfb,cfb_20260926_louisiana_ragin_cajuns_charlotte_49ers,20260926CFB01497,DK,draftkings,change,10,2026-09-20T20:20:00,Sep 20,8:20 PM ET,7h ago,away,Louisiana Ragin Cajuns,-10.5,0.0,0.0,49.5,0.0,0.0,-455.0,15.0,75.0
2026-09-21T03:57:24,cfb,cfb_20260926_louisiana_ragin_cajuns_charlotte_49ers,20260926CFB01497,DK,draftkings,change,10,2026-09-20T20:20:00,Sep 20,8:20 PM ET,7h ago,home,Charlotte 49ers,10.5,100.0,100.0,49.5,100.0,100.0,350.0,85.0,25.0
2026-09-21T03:57:24,cfb,cfb_20260926_louisiana_ragin_cajuns_charlotte_49ers,20260926CFB01497,DK,draftkings,change,11,2026-09-20T19:25:00,Sep 20,7:25 PM ET,8h ago,away,Louisiana Ragin Cajuns,,0.0,0.0,49.5,0.0,0.0,-500.0,15.0,75.0
2026-09-21T03:57:24,cfb,cfb_20260926_louisiana_ragin_cajuns_charlotte_49ers,20260926CFB01497,DK,draftkings,change,11,2026-09-20T19:25:00,Sep 20,7:25 PM ET,8h ago,home,Charlotte 49ers,,0.0,0.0,49.5,100.0,100.0,380.0,85.0,25.0
2026-09-21T03:57:24,cfb,cfb_20260926_louisiana_ragin_cajuns_charlotte_49ers,20260926CFB01497,DK,draftkings,change,12,2026-09-20T16:35:00,Sep 20,4:35 PM ET,11h ago,away,Louisiana Ragin Cajuns,,0.0,0.0,50.5,0.0,0.0,-575.0,9.0,67.0
2026-09-21T03:57:24,cfb,cfb_20260926_louisiana_ragin_cajuns_charlotte_49ers,20260926CFB01497,DK,draftkings,change,12,2026-09-20T16:35:00,Sep 20,4:35 PM ET,11h ago,home,Charlotte 49ers,,0.0,0.0,50.5,100.0,100.0,425.0,91.0,33.0
2026-09-21T03:57:24,cfb,cfb_20260926_louisiana_ragin_cajuns_charlotte_49ers,20260926CFB01497,DK,draftkings,change,13,2026-09-20T15:10:00,Sep 20,3:10 PM ET,12h ago,away,Louisiana Ragin Cajuns,,0.0,0.0,51.5,0.0,0.0,-575.0,4.0,50.0
2026-09-21T03:57:24,cfb,cfb_20260926_louisiana_ragin_cajuns_charlotte_49ers,20260926CFB01497,DK,draftkings,change,13,2026-09-20T15:10:00,Sep 20,3:10 PM ET,12h ago,home,Charlotte 49ers,,0.0,0.0,51.5,100.0,100.0,425.0,96.0,50.0
2026-09-21T03:57:24,cfb,cfb_20260926_louisiana_ragin_cajuns_charlotte_49ers,20260926CFB01497,DK,draftkings,change,14,2026-09-20T12:45:00,Sep 20,12:45 PM ET,15h ago,away,Louisiana Ragin Cajuns,,0.0,0.0,,0.0,0.0,-650.0,4.0,50.0
2026-09-21T03:57:24,cfb,cfb_20260926_louisiana_ragin_cajuns_charlotte_49ers,20260926CFB01497,DK,draftkings,change,14,2026-09-20T12:45:00,Sep 20,12:45 PM ET,15h ago,home,Charlotte 49ers,,0.0,0.0,,0.0,0.0,470.0,96.0,50.0
2026-09-21T03:57:24,cfb,cfb_20260926_louisiana_ragin_cajuns_charlotte_49ers,20260926CFB01497,DK,draftkings,change,15,2026-09-20T11:25:00,Sep 20,11:25 AM ET,16h ago,away,Louisiana Ragin Cajuns,,0.0,0.0,,0.0,0.0,-650.0,100.0,100.0
2026-09-21T03:57:24,cfb,cfb_20260926_louisiana_ragin_cajuns_charlotte_49ers,20260926CFB01497,DK,draftkings,change,15,2026-09-20T11:25:00,Sep 20,11:25 AM ET,16h ago,home,Charlotte 49ers,,0.0,0.0,,0.0,0.0,470.0,0.0,0.0
2026-09-21T03:57:25,cfb,cfb_20260926_louisiana_ragin_cajuns_charlotte_49ers,20260926CFB01497,CIRCA,circa,open,1,2026-09-20T15:00:00,Sep 20,3:00 PM ET,12h ago,away,Louisiana Ragin Cajuns,-14.0,50.0,50.0,50.0,0.0,0.0,,50.0,50.0
2026-09-21T03:57:25,cfb,cfb_20260926_louisiana_ragin_cajuns_charlotte_49ers,20260926CFB01497,CIRCA,circa,open,1,2026-09-20T15:00:00,Sep 20,3:00 PM ET,12h ago,home,Charlotte 49ers,14.0,50.0,50.0,50.0,100.0,100.0,,50.0,50.0
2026-09-21T03:57:25,cfb,cfb_20260926_louisiana_ragin_cajuns_charlotte_49ers,20260926CFB01497,CIRCA,circa,change,2,2026-09-21T00:05:00,Sep 21,12:05 AM ET,3h ago,away,Louisiana Ragin Cajuns,-11.5,8.0,25.0,50.0,0.0,0.0,,50.0,50.0
2026-09-21T03:57:25,cfb,cfb_20260926_louisiana_ragin_cajuns_charlotte_49ers,20260926CFB01497,CIRCA,circa,change,2,2026-09-21T00:05:00,Sep 21,12:05 AM ET,3h ago,home,Charlotte 49ers,11.5,92.0,75.0,50.0,100.0,100.0,,50.0,50.0
2026-09-21T03:57:25,cfb,cfb_20260926_louisiana_ragin_cajuns_charlotte_49ers,20260926CFB01497,CIRCA,circa,change,3,2026-09-20T17:30:00,Sep 20,5:30 PM ET,10h ago,away,Louisiana Ragin Cajuns,-11.5,8.0,33.0,50.0,0.0,0.0,,50.0,50.0
2026-09-21T03:57:25,cfb,cfb_20260926_louisiana_ragin_cajuns_charlotte_49ers,20260926CFB01497,CIRCA,circa,change,3,2026-09-20T17:30:00,Sep 20,5:30 PM ET,10h ago,home,Charlotte 49ers,11.5,92.0,67.0,50.0,100.0,100.0,,50.0,50.0
2026-09-21T03:57:25,cfb,cfb_20260926_louisiana_ragin_cajuns_charlotte_49ers,20260926CFB01497,CIRCA,circa,change,4,2026-09-20T15:26:00,Sep 20,3:26 PM ET,12h ago,away,Louisiana Ragin Cajuns,-13.0,38.0,50.0,50.0,0.0,0.0,,50.0,50.0
2026-09-21T03:57:25,cfb,cfb_20260926_louisiana_ragin_cajuns_charlotte_49ers,20260926CFB01497,CIRCA,circa,change,4,2026-09-20T15:26:00,Sep 20,3:26 PM ET,12h ago,home,Charlotte 49ers,13.0,63.0,50.0,50.0,100.0,100.0,,50.0,50.0
2026-09-21T03:57:25,cfb,cfb_20260926_louisiana_ragin_cajuns_charlotte_49ers,20260926CFB01497,CIRCA,circa,change,5,2026-09-20T15:05:00,Sep 20,3:05 PM ET,12h ago,away,Louisiana Ragin Cajuns,-13.0,0.0,0.0,50.0,0.0,0.0,,50.0,50.0
2026-09-21T03:57:25,cfb,cfb_20260926_louisiana_ragin_cajuns_charlotte_49ers,20260926CFB01497,CIRCA,circa,change,5,2026-09-20T15:05:00,Sep 20,3:05 PM ET,12h ago,home,Charlotte 49ers,13.0,100.0,100.0,50.0,100.0,100.0,,50.0,50.0
2026-09-21T03:57:25,cfb,cfb_20260926_louisiana_ragin_cajuns_charlotte_49ers,20260926CFB01497,CIRCA,circa,change,6,2026-09-20T15:00:00,Sep 20,3:00 PM ET,12h ago,away,Louisiana Ragin Cajuns,-14.0,50.0,50.0,50.0,0.0,0.0,,50.0,50.0
2026-09-21T03:57:25,cfb,cfb_20260926_louisiana_ragin_cajuns_charlotte_49ers,20260926CFB01497,CIRCA,circa,change,6,2026-09-20T15:00:00,Sep 20,3:00 PM ET,12h ago,home,Charlotte 49ers,14.0,50.0,50.0,50.0,100.0,100.0,,50.0,50.0
2026-09-21T03:57:26,cfb,cfb_20260926_south_carolina_gamecocks_alabama_crimson_tide,20260926CFB00125,DK,draftkings,open,1,2026-09-19T22:05:00,Sep 19,10:05 PM ET,1d ago,away,South Carolina Gamecocks,11.5,31.0,17.0,51.5,100.0,100.0,370.0,70.0,6.0
2026-09-21T03:57:26,cfb,cfb_20260926_south_carolina_gamecocks_alabama_crimson_tide,20260926CFB00125,DK,draftkings,open,1,2026-09-19T22:05:00,Sep 19,10:05 PM ET,1d ago,home,Alabama Crimson Tide,-11.5,69.0,83.0,51.5,0.0,0.0,-485.0,30.0,94.0
2026-09-21T03:57:26,cfb,cfb_20260926_south_carolina_gamecocks_alabama_crimson_tide,20260926CFB00125,DK,draftkings,change,2,2026-09-21T00:50:00,Sep 21,12:50 AM ET,3h ago,away,South Carolina Gamecocks,13.5,21.0,28.0,54.5,84.0,86.0,400.0,8.0,2.0
2026-09-21T03:57:26,cfb,cfb_20260926_south_carolina_gamecocks_alabama_crimson_tide,20260926CFB00125,DK,draftkings,change,2,2026-09-21T00:50:00,Sep 21,12:50 AM ET,3h ago,home,Alabama Crimson Tide,-13.5,79.0,72.0,54.5,16.0,14.0,-535.0,92.0,98.0
2026-09-21T03:57:26,cfb,cfb_20260926_south_carolina_gamecocks_alabama_crimson_tide,20260926CFB00125,DK,draftkings,change,3,2026-09-21T00:35:00,Sep 21,12:35 AM ET,3h ago,away,South Carolina Gamecocks,13.5,21.0,29.0,54.5,84.0,86.0,400.0,8.0,2.0
2026-09-21T03:57:26,cfb,cfb_20260926_south_carolina_gamecocks_alabama_crimson_tide,20260926CFB00125,DK,draftkings,change,3,2026-09-21T00:35:00,Sep 21,12:35 AM ET,3h ago,home,Alabama Crimson Tide,-13.5,79.0,71.0,54.5,16.0,14.0,-535.0,92.0,98.0
2026-09-21T03:57:26,cfb,cfb_20260926_south_carolina_gamecocks_alabama_crimson_tide,20260926CFB00125,DK,draftkings,change,4,2026-09-21T00:25:00,Sep 21,12:25 AM ET,3h ago,away,South Carolina Gamecocks,13.5,21.0,27.0,54.5,84.0,86.0,400.0,8.0,2.0
2026-09-21T03:57:26,cfb,cfb_20260926_south_carolina_gamecocks_alabama_crimson_tide,20260926CFB00125,DK,draftkings,change,4,2026-09-21T00:25:00,Sep 21,12:25 AM ET,3h ago,home,Alabama Crimson Tide,-13.5,79.0,73.0,54.5,16.0,14.0,-535.0,92.0,98.0
2026-09-21T03:57:26,cfb,cfb_20260926_south_carolina_gamecocks_alabama_crimson_tide,20260926CFB00125,DK,draftkings,change,5,2026-09-21T00:20:00,Sep 21,12:20 AM ET,3h ago,away,South Carolina Gamecocks,13.5,21.0,27.0,54.5,84.0,86.0,400.0,8.0,3.0
2026-09-21T03:57:26,cfb,cfb_20260926_south_carolina_gamecocks_alabama_crimson_tide,20260926CFB00125,DK,draftkings,change,5,2026-09-21T00:20:00,Sep 21,12:20 AM ET,3h ago,home,Alabama Crimson Tide,-13.5,79.0,73.0,54.5,16.0,14.0,-535.0,92.0,98.0
2026-09-21T03:57:26,cfb,cfb_20260926_south_carolina_gamecocks_alabama_crimson_tide,20260926CFB00125,DK,draftkings,change,6,2026-09-21T00:15:00,Sep 21,12:15 AM ET,3h ago,away,South Carolina Gamecocks,13.5,21.0,28.0,54.5,84.0,86.0,400.0,8.0,3.0
2026-09-21T03:57:26,cfb,cfb_20260926_south_carolina_gamecocks_alabama_crimson_tide,20260926CFB00125,DK,draftkings,change,6,2026-09-21T00:15:00,Sep 21,12:15 AM ET,3h ago,home,Alabama Crimson Tide,-13.5,79.0,72.0,54.5,16.0,14.0,-535.0,92.0,98.0
2026-09-21T03:57:26,cfb,cfb_20260926_south_carolina_gamecocks_alabama_crimson_tide,20260926CFB00125,DK,draftkings,change,7,2026-09-21T00:10:00,Sep 21,12:10 AM ET,3h ago,away,South Carolina Gamecocks,13.5,21.0,26.0,54.5,84.0,86.0,400.0,8.0,3.0
2026-09-21T03:57:26,cfb,cfb_20260926_south_carolina_gamecocks_alabama_crimson_tide,20260926CFB00125,DK,draftkings,change,7,2026-09-21T00:10:00,Sep 21,12:10 AM ET,3h ago,home,Alabama Crimson Tide,-13.5,79.0,74.0,54.5,16.0,14.0,-535.0,92.0,97.0
2026-09-21T03:57:26,cfb,cfb_20260926_south_carolina_gamecocks_alabama_crimson_tide,20260926CFB00125,DK,draftkings,change,8,2026-09-21T00:00:00,Sep 21,12:00 AM ET,3h ago,away,South Carolina Gamecocks,13.5,21.0,23.0,54.5,84.0,86.0,400.0,8.0,3.0
2026-09-21T03:57:26,cfb,cfb_20260926_south_carolina_gamecocks_alabama_crimson_tide,20260926CFB00125,DK,draftkings,change,8,2026-09-21T00:00:00,Sep 21,12:00 AM ET,3h ago,home,Alabama Crimson Tide,-13.5,79.0,77.0,54.5,16.0,14.0,-535.0,92.0,97.0
2026-09-21T03:57:26,cfb,cfb_20260926_south_carolina_gamecocks_alabama_crimson_tide,20260926CFB00125,DK,draftkings,change,9,2026-09-20T23:30:00,Sep 20,11:30 PM ET,4h ago,away,South Carolina Gamecocks,13.5,21.0,21.0,54.5,84.0,85.0,400.0,8.0,3.0
2026-09-21T03:57:26,cfb,cfb_20260926_south_carolina_gamecocks_alabama_crimson_tide,20260926CFB00125,DK,draftkings,change,9,2026-09-20T23:30:00,Sep 20,11:30 PM ET,4h ago,home,Alabama Crimson Tide,-13.5,79.0,79.0,54.5,16.0,15.0,-535.0,92.0,97.0
2026-09-21T03:57:26,cfb,cfb_20260926_south_carolina_gamecocks_alabama_crimson_tide,20260926CFB00125,DK,draftkings,change,10,2026-09-20T23:15:00,Sep 20,11:15 PM ET,4h ago,away,South Carolina Gamecocks,13.5,21.0,22.0,54.5,84.0,85.0,400.0,8.0,3.0
2026-09-21T03:57:26,cfb,cfb_20260926_south_carolina_gamecocks_alabama_crimson_tide,20260926CFB00125,DK,draftkings,change,10,2026-09-20T23:15:00,Sep 20,11:15 PM ET,4h ago,home,Alabama Crimson Tide,-13.5,79.0,78.0,54.5,16.0,15.0,-535.0,92.0,97.0
2026-09-21T03:57:26,cfb,cfb_20260926_south_carolina_gamecocks_alabama_crimson_tide,20260926CFB00125,DK,draftkings,change,11,2026-09-20T23:00:00,Sep 20,11:00 PM ET,4h ago,away,South Carolina Gamecocks,13.5,21.0,22.0,54.5,84.0,85.0,400.0,17.0,3.0
2026-09-21T03:57:26,cfb,cfb_20260926_south_carolina_gamecocks_alabama_crimson_tide,20260926CFB00125,DK,draftkings,change,11,2026-09-20T23:00:00,Sep 20,11:00 PM ET,4h ago,home,Alabama Crimson Tide,-13.5,79.0,78.0,54.5,16.0,15.0,-535.0,83.0,97.0
2026-09-21T03:57:26,cfb,cfb_20260926_south_carolina_gamecocks_alabama_crimson_tide,20260926CFB00125,DK,draftkings,change,12,2026-09-20T22:30:00,Sep 20,10:30 PM ET,5h ago,away,South Carolina Gamecocks,13.5,21.0,22.0,54.5,84.0,85.0,400.0,18.0,3.0
2026-09-21T03:57:26,cfb,cfb_20260926_south_carolina_gamecocks_alabama_crimson_tide,20260926CFB00125,DK,draftkings,change,12,2026-09-20T22:30:00,Sep 20,10:30 PM ET,5h ago,home,Alabama Crimson Tide,-13.5,79.0,78.0,54.5,16.0,15.0,-535.0,82.0,97.0
2026-09-21T03:57:26,cfb,cfb_20260926_south_carolina_gamecocks_alabama_crimson_tide,20260926CFB00125,DK,draftkings,change,13,2026-09-20T21:50:00,Sep 20,9:50 PM ET,6h ago,away,South Carolina Gamecocks,13.5,21.0,22.0,54.5,84.0,88.0,400.0,18.0,3.0
2026-09-21T03:57:26,cfb,cfb_20260926_south_carolina_gamecocks_alabama_crimson_tide,20260926CFB00125,DK,draftkings,change,13,2026-09-20T21:50:00,Sep 20,9:50 PM ET,6h ago,home,Alabama Crimson Tide,-13.5,79.0,78.0,54.5,16.0,12.0,-535.0,82.0,97.0
2026-09-21T03:57:26,cfb,cfb_20260926_south_carolina_gamecocks_alabama_crimson_tide,20260926CFB00125,DK,draftkings,change,14,2026-09-20T21:40:00,Sep 20,9:40 PM ET,6h ago,away,South Carolina Gamecocks,13.5,21.0,22.0,54.5,84.0,88.0,400.0,18.0,3.0
2026-09-21T03:57:26,cfb,cfb_20260926_south_carolina_gamecocks_alabama_crimson_tide,20260926CFB00125,DK,draftkings,change,14,2026-09-20T21:40:00,Sep 20,9:40 PM ET,6h ago,home,Alabama Crimson Tide,-13.5,79.0,78.0,54.5,16.0,13.0,-535.0,82.0,97.0
2026-09-21T03:57:26,cfb,cfb_20260926_south_carolina_gamecocks_alabama_crimson_tide,20260926CFB00125,DK,draftkings,change,15,2026-09-20T21:30:00,Sep 20,9:30 PM ET,6h ago,away,South Carolina Gamecocks,13.5,22.0,23.0,54.5,84.0,88.0,400.0,18.0,3.0
2026-09-21T03:57:26,cfb,cfb_20260926_south_carolina_gamecocks_alabama_crimson_tide,20260926CFB00125,DK,draftkings,change,15,2026-09-20T21:30:00,Sep 20,9:30 PM ET,6h ago,home,Alabama Crimson Tide,-13.5,78.0,77.0,54.5,16.0,13.0,-535.0,82.0,97.0
2026-09-21T03:57:26,cfb,cfb_20260926_south_carolina_gamecocks_alabama_crimson_tide,20260926CFB00125,DK,draftkings,change,16,2026-09-20T20:30:00,Sep 20,8:30 PM ET,7h ago,away,South Carolina Gamecocks,13.5,22.0,24.0,54.5,84.0,88.0,400.0,18.0,2.0
2026-09-21T03:57:26,cfb,cfb_20260926_south_carolina_gamecocks_alabama_crimson_tide,20260926CFB00125,DK,draftkings,change,16,2026-09-20T20:30:00,Sep 20,8:30 PM ET,7h ago,home,Alabama Crimson Tide,-13.5,78.0,76.0,54.5,16.0,13.0,-535.0,82.0,98.0
2026-09-21T03:57:26,cfb,cfb_20260926_south_carolina_gamecocks_alabama_crimson_tide,20260926CFB00125,DK,draftkings,change,17,2026-09-20T20:15:00,Sep 20,8:15 PM ET,7h ago,away,South Carolina Gamecocks,13.5,22.0,24.0,54.5,84.0,87.0,400.0,18.0,2.0
2026-09-21T03:57:26,cfb,cfb_20260926_south_carolina_gamecocks_alabama_crimson_tide,20260926CFB00125,DK,draftkings,change,17,2026-09-20T20:15:00,Sep 20,8:15 PM ET,7h ago,home,Alabama Crimson Tide,-13.5,78.0,76.0,54.5,16.0,13.0,-535.0,82.0,98.0
2026-09-21T03:57:26,cfb,cfb_20260926_south_carolina_gamecocks_alabama_crimson_tide,20260926CFB00125,DK,draftkings,change,18,2026-09-20T19:55:00,Sep 20,7:55 PM ET,8h ago,away,South Carolina Gamecocks,13.5,22.0,22.0,54.5,84.0,87.0,390.0,18.0,2.0
2026-09-21T03:57:26,cfb,cfb_20260926_south_carolina_gamecocks_alabama_crimson_tide,20260926CFB00125,DK,draftkings,change,18,2026-09-20T19:55:00,Sep 20,7:55 PM ET,8h ago,home,Alabama Crimson Tide,-13.5,78.0,78.0,54.5,16.0,13.0,-520.0,82.0,98.0
2026-09-21T03:57:26,cfb,cfb_20260926_south_carolina_gamecocks_alabama_crimson_tide,20260926CFB00125,DK,draftkings,change,19,2026-09-20T19:40:00,Sep 20,7:40 PM ET,8h ago,away,South Carolina Gamecocks,12.5,22.0,19.0,54.5,94.0,96.0,390.0,18.0,2.0
2026-09-21T03:57:26,cfb,cfb_20260926_south_carolina_gamecocks_alabama_crimson_tide,20260926CFB00125,DK,draftkings,change,19,2026-09-20T19:40:00,Sep 20,7:40 PM ET,8h ago,home,Alabama Crimson Tide,-12.5,78.0,81.0,54.5,6.0,4.0,-520.0,82.0,98.0
2026-09-21T03:57:26,cfb,cfb_20260926_south_carolina_gamecocks_alabama_crimson_tide,20260926CFB00125,DK,draftkings,change,20,2026-09-20T19:30:00,Sep 20,7:30 PM ET,8h ago,away,South Carolina Gamecocks,12.5,22.0,19.0,54.5,94.0,96.0,390.0,18.0,3.0
2026-09-21T03:57:26,cfb,cfb_20260926_south_carolina_gamecocks_alabama_crimson_tide,20260926CFB00125,DK,draftkings,change,20,2026-09-20T19:30:00,Sep 20,7:30 PM ET,8h ago,home,Alabama Crimson Tide,-12.5,78.0,81.0,54.5,6.0,4.0,-520.0,82.0,97.0
2026-09-21T03:57:26,cfb,cfb_20260926_south_carolina_gamecocks_alabama_crimson_tide,20260926CFB00125,DK,draftkings,change,21,2026-09-20T19:25:00,Sep 20,7:25 PM ET,8h ago,away,South Carolina Gamecocks,12.5,22.0,20.0,54.5,94.0,96.0,390.0,18.0,3.0
2026-09-21T03:57:26,cfb,cfb_20260926_south_carolina_gamecocks_alabama_crimson_tide,20260926CFB00125,DK,draftkings,change,21,2026-09-20T19:25:00,Sep 20,7:25 PM ET,8h ago,home,Alabama Crimson Tide,-12.5,78.0,80.0,54.5,6.0,4.0,-520.0,82.0,97.0
2026-09-21T03:57:26,cfb,cfb_20260926_south_carolina_gamecocks_alabama_crimson_tide,20260926CFB00125,DK,draftkings,change,22,2026-09-20T19:00:00,Sep 20,7:00 PM ET,8h ago,away,South Carolina Gamecocks,12.5,22.0,21.0,54.5,94.0,96.0,390.0,19.0,3.0
2026-09-21T03:57:26,cfb,cfb_20260926_south_carolina_gamecocks_alabama_crimson_tide,20260926CFB00125,DK,draftkings,change,22,2026-09-20T19:00:00,Sep 20,7:00 PM ET,8h ago,home,Alabama Crimson Tide,-12.5,78.0,79.0,54.5,6.0,4.0,-520.0,81.0,97.0
2026-09-21T03:57:26,cfb,cfb_20260926_south_carolina_gamecocks_alabama_crimson_tide,20260926CFB00125,DK,draftkings,change,23,2026-09-20T18:25:00,Sep 20,6:25 PM ET,9h ago,away,South Carolina Gamecocks,12.5,22.0,22.0,54.5,94.0,96.0,390.0,19.0,3.0
2026-09-21T03:57:26,cfb,cfb_20260926_south_carolina_gamecocks_alabama_crimson_tide,20260926CFB00125,DK,draftkings,change,23,2026-09-20T18:25:00,Sep 20,6:25 PM ET,9h ago,home,Alabama Crimson Tide,-12.5,78.0,78.0,54.5,6.0,4.0,-520.0,81.0,97.0
2026-09-21T03:57:26,cfb,cfb_20260926_south_carolina_gamecocks_alabama_crimson_tide,20260926CFB00125,DK,draftkings,change,24,2026-09-20T18:05:00,Sep 20,6:05 PM ET,9h ago,away,South Carolina Gamecocks,12.5,22.0,20.0,54.5,94.0,96.0,390.0,19.0,3.0
2026-09-21T03:57:26,cfb,cfb_20260926_south_carolina_gamecocks_alabama_crimson_tide,20260926CFB00125,DK,draftkings,change,24,2026-09-20T18:05:00,Sep 20,6:05 PM ET,9h ago,home,Alabama Crimson Tide,-12.5,78.0,80.0,54.5,6.0,4.0,-520.0,81.0,97.0
2026-09-21T03:57:26,cfb,cfb_20260926_south_carolina_gamecocks_alabama_crimson_tide,20260926CFB00125,DK,draftkings,change,25,2026-09-20T16:50:00,Sep 20,4:50 PM ET,11h ago,away,South Carolina Gamecocks,12.5,22.0,20.0,54.5,94.0,96.0,390.0,20.0,3.0
2026-09-21T03:57:26,cfb,cfb_20260926_south_carolina_gamecocks_alabama_crimson_tide,20260926CFB00125,DK,draftkings,change,25,2026-09-20T16:50:00,Sep 20,4:50 PM ET,11h ago,home,Alabama Crimson Tide,-12.5,78.0,80.0,54.5,6.0,4.0,-520.0,80.0,97.0
2026-09-21T03:57:26,cfb,cfb_20260926_south_carolina_gamecocks_alabama_crimson_tide,20260926CFB00125,DK,draftkings,change,26,2026-09-20T16:40:00,Sep 20,4:40 PM ET,11h ago,away,South Carolina Gamecocks,12.5,22.0,20.0,54.5,94.0,96.0,390.0,38.0,4.0
2026-09-21T03:57:26,cfb,cfb_20260926_south_carolina_gamecocks_alabama_crimson_tide,20260926CFB00125,DK,draftkings,change,26,2026-09-20T16:40:00,Sep 20,4:40 PM ET,11h ago,home,Alabama Crimson Tide,-12.5,78.0,80.0,54.5,6.0,4.0,-520.0,62.0,96.0
2026-09-21T03:57:27,cfb,cfb_20260926_south_carolina_gamecocks_alabama_crimson_tide,20260926CFB00125,CIRCA,circa,open,1,2026-09-20T15:05:00,Sep 20,3:05 PM ET,12h ago,away,South Carolina Gamecocks,12.5,100.0,100.0,53.5,50.0,50.0,,50.0,50.0
2026-09-21T03:57:27,cfb,cfb_20260926_south_carolina_gamecocks_alabama_crimson_tide,20260926CFB00125,CIRCA,circa,open,1,2026-09-20T15:05:00,Sep 20,3:05 PM ET,12h ago,home,Alabama Crimson Tide,-12.5,0.0,0.0,53.5,50.0,50.0,,50.0,50.0
2026-09-21T03:57:27,cfb,cfb_20260926_south_carolina_gamecocks_alabama_crimson_tide,20260926CFB00125,CIRCA,circa,change,2,2026-09-20T17:50:00,Sep 20,5:50 PM ET,10h ago,away,South Carolina Gamecocks,12.5,52.0,67.0,55.0,100.0,100.0,,50.0,50.0
2026-09-21T03:57:27,cfb,cfb_20260926_south_carolina_gamecocks_alabama_crimson_tide,20260926CFB00125,CIRCA,circa,change,2,2026-09-20T17:50:00,Sep 20,5:50 PM ET,10h ago,home,Alabama Crimson Tide,-12.5,48.0,33.0,55.0,0.0,0.0,,50.0,50.0
2026-09-21T03:57:27,cfb,cfb_20260926_south_carolina_gamecocks_alabama_crimson_tide,20260926CFB00125,CIRCA,circa,change,3,2026-09-20T15:20:00,Sep 20,3:20 PM ET,12h ago,away,South Carolina Gamecocks,12.5,100.0,100.0,53.5,100.0,100.0,,50.0,50.0
2026-09-21T03:57:27,cfb,cfb_20260926_south_carolina_gamecocks_alabama_crimson_tide,20260926CFB00125,CIRCA,circa,change,3,2026-09-20T15:20:00,Sep 20,3:20 PM ET,12h ago,home,Alabama Crimson Tide,-12.5,0.0,0.0,53.5,0.0,0.0,,50.0,50.0
2026-09-21T03:57:27,cfb,cfb_20260926_south_carolina_gamecocks_alabama_crimson_tide,20260926CFB00125,CIRCA,circa,change,4,2026-09-20T15:05:00,Sep 20,3:05 PM ET,12h ago,away,South Carolina Gamecocks,12.5,100.0,100.0,53.5,50.0,50.0,,50.0,50.0
2026-09-21T03:57:27,cfb,cfb_20260926_south_carolina_gamecocks_alabama_crimson_tide,20260926CFB00125,CIRCA,circa,change,4,2026-09-20T15:05:00,Sep 20,3:05 PM ET,12h ago,home,Alabama Crimson Tide,-12.5,0.0,0.0,53.5,50.0,50.0,,50.0,50.0
2026-09-21T03:57:29,cfb,cfb_20260926_kennesaw_st_arkansas_st_red_wolves,20260926CFB00129,DK,draftkings,open,1,2026-09-20T17:25:00,Sep 20,5:25 PM ET,10h ago,away,Kennesaw ST,,0.0,0.0,53.5,0.0,0.0,,0.0,0.0
2026-09-21T03:57:29,cfb,cfb_20260926_kennesaw_st_arkansas_st_red_wolves,20260926CFB00129,DK,draftkings,open,1,2026-09-20T17:25:00,Sep 20,5:25 PM ET,10h ago,home,Arkansas ST Red Wolves,,0.0,0.0,53.5,100.0,100.0,,0.0,0.0
2026-09-21T03:57:29,cfb,cfb_20260926_kennesaw_st_arkansas_st_red_wolves,20260926CFB00129,DK,draftkings,change,2,2026-09-20T21:30:00,Sep 20,9:30 PM ET,6h ago,away,Kennesaw ST,,0.0,0.0,53.5,0.0,0.0,160.0,100.0,100.0
2026-09-21T03:57:29,cfb,cfb_20260926_kennesaw_st_arkansas_st_red_wolves,20260926CFB00129,DK,draftkings,change,2,2026-09-20T21:30:00,Sep 20,9:30 PM ET,6h ago,home,Arkansas ST Red Wolves,,0.0,0.0,53.5,100.0,100.0,-192.0,0.0,0.0
2026-09-21T03:57:29,cfb,cfb_20260926_kennesaw_st_arkansas_st_red_wolves,20260926CFB00129,DK,draftkings,change,3,2026-09-20T17:25:00,Sep 20,5:25 PM ET,10h ago,away,Kennesaw ST,,0.0,0.0,53.5,0.0,0.0,,0.0,0.0
2026-09-21T03:57:29,cfb,cfb_20260926_kennesaw_st_arkansas_st_red_wolves,20260926CFB00129,DK,draftkings,change,3,2026-09-20T17:25:00,Sep 20,5:25 PM ET,10h ago,home,Arkansas ST Red Wolves,,0.0,0.0,53.5,100.0,100.0,,0.0,0.0
2026-09-21T03:57:30,cfb,cfb_20260926_kennesaw_st_arkansas_st_red_wolves,20260926CFB00129,CIRCA,circa,open,1,2026-09-20T15:05:00,Sep 20,3:05 PM ET,12h ago,away,Kennesaw ST,5.0,50.0,50.0,54.5,50.0,50.0,,50.0,50.0
2026-09-21T03:57:30,cfb,cfb_20260926_kennesaw_st_arkansas_st_red_wolves,20260926CFB00129,CIRCA,circa,open,1,2026-09-20T15:05:00,Sep 20,3:05 PM ET,12h ago,home,Arkansas ST Red Wolves,-5.0,50.0,50.0,54.5,50.0,50.0,,50.0,50.0
2026-09-21T03:57:30,cfb,cfb_20260926_kennesaw_st_arkansas_st_red_wolves,20260926CFB00129,CIRCA,circa,change,2,2026-09-20T17:45:00,Sep 20,5:45 PM ET,10h ago,away,Kennesaw ST,5.0,50.0,50.0,54.0,44.0,33.0,,50.0,50.0
2026-09-21T03:57:30,cfb,cfb_20260926_kennesaw_st_arkansas_st_red_wolves,20260926CFB00129,CIRCA,circa,change,2,2026-09-20T17:45:00,Sep 20,5:45 PM ET,10h ago,home,Arkansas ST Red Wolves,-5.0,50.0,50.0,54.0,56.0,67.0,,50.0,50.0
2026-09-21T03:57:30,cfb,cfb_20260926_kennesaw_st_arkansas_st_red_wolves,20260926CFB00129,CIRCA,circa,change,3,2026-09-20T17:40:00,Sep 20,5:40 PM ET,10h ago,away,Kennesaw ST,5.0,50.0,50.0,54.0,50.0,50.0,,50.0,50.0
2026-09-21T03:57:30,cfb,cfb_20260926_kennesaw_st_arkansas_st_red_wolves,20260926CFB00129,CIRCA,circa,change,3,2026-09-20T17:40:00,Sep 20,5:40 PM ET,10h ago,home,Arkansas ST Red Wolves,-5.0,50.0,50.0,54.0,50.0,50.0,,50.0,50.0
2026-09-21T03:57:30,cfb,cfb_20260926_kennesaw_st_arkansas_st_red_wolves,20260926CFB00129,CIRCA,circa,change,4,2026-09-20T17:35:00,Sep 20,5:35 PM ET,10h ago,away,Kennesaw ST,5.0,50.0,50.0,52.0,0.0,0.0,,50.0,50.0
2026-09-21T03:57:30,cfb,cfb_20260926_kennesaw_st_arkansas_st_red_wolves,20260926CFB00129,CIRCA,circa,change,4,2026-09-20T17:35:00,Sep 20,5:35 PM ET,10h ago,home,Arkansas ST Red Wolves,-5.0,50.0,50.0,52.0,100.0,100.0,,50.0,50.0
2026-09-21T03:57:30,cfb,cfb_20260926_kennesaw_st_arkansas_st_red_wolves,20260926CFB00129,CIRCA,circa,change,5,2026-09-20T15:05:00,Sep 20,3:05 PM ET,12h ago,away,Kennesaw ST,5.0,50.0,50.0,54.5,50.0,50.0,,50.0,50.0
2026-09-21T03:57:30,cfb,cfb_20260926_kennesaw_st_arkansas_st_red_wolves,20260926CFB00129,CIRCA,circa,change,5,2026-09-20T15:05:00,Sep 20,3:05 PM ET,12h ago,home,Arkansas ST Red Wolves,-5.0,50.0,50.0,54.5,50.0,50.0,,50.0,50.0
2026-09-21T03:57:31,cfb,cfb_20260926_kansas_st_wildcats_cincinnati_bearcats,20260926CFB00142,DK,draftkings,open,1,2026-09-20T13:00:00,Sep 20,1:00 PM ET,14h ago,away,Kansas ST Wildcats,,0.0,0.0,,0.0,0.0,-225.0,100.0,100.0
2026-09-21T03:57:31,cfb,cfb_20260926_kansas_st_wildcats_cincinnati_bearcats,20260926CFB00142,DK,draftkings,open,1,2026-09-20T13:00:00,Sep 20,1:00 PM ET,14h ago,home,Cincinnati Bearcats,,0.0,0.0,,0.0,0.0,185.0,0.0,0.0
2026-09-21T03:57:31,cfb,cfb_20260926_kansas_st_wildcats_cincinnati_bearcats,20260926CFB00142,DK,draftkings,first_full,2,2026-09-20T16:30:00,Sep 20,4:30 PM ET,11h ago,away,Kansas ST Wildcats,-6.0,100.0,100.0,53.5,100.0,100.0,-245.0,100.0,100.0
2026-09-21T03:57:31,cfb,cfb_20260926_kansas_st_wildcats_cincinnati_bearcats,20260926CFB00142,DK,draftkings,first_full,2,2026-09-20T16:30:00,Sep 20,4:30 PM ET,11h ago,home,Cincinnati Bearcats,6.0,0.0,0.0,53.5,0.0,0.0,200.0,0.0,0.0
2026-09-21T03:57:31,cfb,cfb_20260926_kansas_st_wildcats_cincinnati_bearcats,20260926CFB00142,DK,draftkings,change,3,2026-09-21T02:50:00,Sep 21,2:50 AM ET,1h ago,away,Kansas ST Wildcats,-6.5,89.0,69.0,53.5,100.0,100.0,-238.0,77.0,58.0
2026-09-21T03:57:31,cfb,cfb_20260926_kansas_st_wildcats_cincinnati_bearcats,20260926CFB00142,DK,draftkings,change,3,2026-09-21T02:50:00,Sep 21,2:50 AM ET,1h ago,home,Cincinnati Bearcats,6.5,11.0,31.0,53.5,0.0,0.0,195.0,23.0,42.0
2026-09-21T03:57:31,cfb,cfb_20260926_kansas_st_wildcats_cincinnati_bearcats,20260926CFB00142,DK,draftkings,change,4,2026-09-21T02:25:00,Sep 21,2:25 AM ET,1h ago,away,Kansas ST Wildcats,-6.5,89.0,69.0,53.5,100.0,100.0,-238.0,77.0,55.0
2026-09-21T03:57:31,cfb,cfb_20260926_kansas_st_wildcats_cincinnati_bearcats,20260926CFB00142,DK,draftkings,change,4,2026-09-21T02:25:00,Sep 21,2:25 AM ET,1h ago,home,Cincinnati Bearcats,6.5,11.0,31.0,53.5,0.0,0.0,195.0,23.0,45.0
2026-09-21T03:57:31,cfb,cfb_20260926_kansas_st_wildcats_cincinnati_bearcats,20260926CFB00142,DK,draftkings,change,5,2026-09-21T00:35:00,Sep 21,12:35 AM ET,3h ago,away,Kansas ST Wildcats,-6.5,89.0,72.0,53.5,100.0,100.0,-238.0,77.0,55.0
2026-09-21T03:57:31,cfb,cfb_20260926_kansas_st_wildcats_cincinnati_bearcats,20260926CFB00142,DK,draftkings,change,5,2026-09-21T00:35:00,Sep 21,12:35 AM ET,3h ago,home,Cincinnati Bearcats,6.5,11.0,28.0,53.5,0.0,0.0,195.0,23.0,45.0
2026-09-21T03:57:31,cfb,cfb_20260926_kansas_st_wildcats_cincinnati_bearcats,20260926CFB00142,DK,draftkings,change,6,2026-09-21T00:15:00,Sep 21,12:15 AM ET,3h ago,away,Kansas ST Wildcats,-6.5,89.0,75.0,53.5,100.0,100.0,-238.0,77.0,55.0
2026-09-21T03:57:31,cfb,cfb_20260926_kansas_st_wildcats_cincinnati_bearcats,20260926CFB00142,DK,draftkings,change,6,2026-09-21T00:15:00,Sep 21,12:15 AM ET,3h ago,home,Cincinnati Bearcats,6.5,11.0,25.0,53.5,0.0,0.0,195.0,23.0,45.0
2026-09-21T03:57:31,cfb,cfb_20260926_kansas_st_wildcats_cincinnati_bearcats,20260926CFB00142,DK,draftkings,change,7,2026-09-21T00:10:00,Sep 21,12:10 AM ET,3h ago,away,Kansas ST Wildcats,-6.5,89.0,74.0,53.5,100.0,100.0,-238.0,77.0,55.0
2026-09-21T03:57:31,cfb,cfb_20260926_kansas_st_wildcats_cincinnati_bearcats,20260926CFB00142,DK,draftkings,change,7,2026-09-21T00:10:00,Sep 21,12:10 AM ET,3h ago,home,Cincinnati Bearcats,6.5,11.0,26.0,53.5,0.0,0.0,195.0,23.0,45.0
2026-09-21T03:57:31,cfb,cfb_20260926_kansas_st_wildcats_cincinnati_bearcats,20260926CFB00142,DK,draftkings,change,8,2026-09-20T23:40:00,Sep 20,11:40 PM ET,4h ago,away,Kansas ST Wildcats,-6.5,96.0,77.0,53.5,100.0,100.0,-238.0,77.0,55.0
2026-09-21T03:57:31,cfb,cfb_20260926_kansas_st_wildcats_cincinnati_bearcats,20260926CFB00142,DK,draftkings,change,8,2026-09-20T23:40:00,Sep 20,11:40 PM ET,4h ago,home,Cincinnati Bearcats,6.5,4.0,23.0,53.5,0.0,0.0,195.0,23.0,45.0
2026-09-21T03:57:31,cfb,cfb_20260926_kansas_st_wildcats_cincinnati_bearcats,20260926CFB00142,DK,draftkings,change,9,2026-09-20T23:25:00,Sep 20,11:25 PM ET,4h ago,away,Kansas ST Wildcats,-6.5,99.0,81.0,53.5,100.0,100.0,-245.0,77.0,55.0
2026-09-21T03:57:31,cfb,cfb_20260926_kansas_st_wildcats_cincinnati_bearcats,20260926CFB00142,DK,draftkings,change,9,2026-09-20T23:25:00,Sep 20,11:25 PM ET,4h ago,home,Cincinnati Bearcats,6.5,1.0,19.0,53.5,0.0,0.0,200.0,23.0,45.0
2026-09-21T03:57:31,cfb,cfb_20260926_kansas_st_wildcats_cincinnati_bearcats,20260926CFB00142,DK,draftkings,change,10,2026-09-20T22:30:00,Sep 20,10:30 PM ET,5h ago,away,Kansas ST Wildcats,-6.5,99.0,80.0,53.5,100.0,100.0,-245.0,77.0,55.0
2026-09-21T03:57:31,cfb,cfb_20260926_kansas_st_wildcats_cincinnati_bearcats,20260926CFB00142,DK,draftkings,change,10,2026-09-20T22:30:00,Sep 20,10:30 PM ET,5h ago,home,Cincinnati Bearcats,6.5,1.0,20.0,53.5,0.0,0.0,200.0,23.0,45.0
2026-09-21T03:57:31,cfb,cfb_20260926_kansas_st_wildcats_cincinnati_bearcats,20260926CFB00142,DK,draftkings,change,11,2026-09-20T22:10:00,Sep 20,10:10 PM ET,5h ago,away,Kansas ST Wildcats,-6.5,99.0,78.0,53.5,100.0,100.0,-245.0,77.0,55.0
2026-09-21T03:57:31,cfb,cfb_20260926_kansas_st_wildcats_cincinnati_bearcats,20260926CFB00142,DK,draftkings,change,11,2026-09-20T22:10:00,Sep 20,10:10 PM ET,5h ago,home,Cincinnati Bearcats,6.5,1.0,22.0,53.5,0.0,0.0,200.0,23.0,45.0
2026-09-21T03:57:31,cfb,cfb_20260926_kansas_st_wildcats_cincinnati_bearcats,20260926CFB00142,DK,draftkings,change,12,2026-09-20T22:00:00,Sep 20,10:00 PM ET,5h ago,away,Kansas ST Wildcats,-6.5,99.0,78.0,53.5,100.0,100.0,-245.0,100.0,86.0
2026-09-21T03:57:31,cfb,cfb_20260926_kansas_st_wildcats_cincinnati_bearcats,20260926CFB00142,DK,draftkings,change,12,2026-09-20T22:00:00,Sep 20,10:00 PM ET,5h ago,home,Cincinnati Bearcats,6.5,1.0,22.0,53.5,0.0,0.0,200.0,0.0,14.0
2026-09-21T03:57:31,cfb,cfb_20260926_kansas_st_wildcats_cincinnati_bearcats,20260926CFB00142,DK,draftkings,change,13,2026-09-20T21:50:00,Sep 20,9:50 PM ET,6h ago,away,Kansas ST Wildcats,-6.5,99.0,76.0,53.5,100.0,100.0,-245.0,100.0,86.0
2026-09-21T03:57:31,cfb,cfb_20260926_kansas_st_wildcats_cincinnati_bearcats,20260926CFB00142,DK,draftkings,change,13,2026-09-20T21:50:00,Sep 20,9:50 PM ET,6h ago,home,Cincinnati Bearcats,6.5,1.0,24.0,53.5,0.0,0.0,200.0,0.0,14.0
2026-09-21T03:57:31,cfb,cfb_20260926_kansas_st_wildcats_cincinnati_bearcats,20260926CFB00142,DK,draftkings,change,14,2026-09-20T21:40:00,Sep 20,9:40 PM ET,6h ago,away,Kansas ST Wildcats,-6.5,98.0,75.0,53.5,100.0,100.0,-245.0,100.0,86.0
2026-09-21T03:57:31,cfb,cfb_20260926_kansas_st_wildcats_cincinnati_bearcats,20260926CFB00142,DK,draftkings,change,14,2026-09-20T21:40:00,Sep 20,9:40 PM ET,6h ago,home,Cincinnati Bearcats,6.5,2.0,25.0,53.5,0.0,0.0,200.0,0.0,14.0
2026-09-21T03:57:31,cfb,cfb_20260926_kansas_st_wildcats_cincinnati_bearcats,20260926CFB00142,DK,draftkings,change,15,2026-09-20T21:05:00,Sep 20,9:05 PM ET,6h ago,away,Kansas ST Wildcats,-6.5,100.0,80.0,53.5,100.0,100.0,-245.0,100.0,86.0
2026-09-21T03:57:31,cfb,cfb_20260926_kansas_st_wildcats_cincinnati_bearcats,20260926CFB00142,DK,draftkings,change,15,2026-09-20T21:05:00,Sep 20,9:05 PM ET,6h ago,home,Cincinnati Bearcats,6.5,0.0,20.0,53.5,0.0,0.0,200.0,0.0,14.0
2026-09-21T03:57:31,cfb,cfb_20260926_kansas_st_wildcats_cincinnati_bearcats,20260926CFB00142,DK,draftkings,change,16,2026-09-20T21:00:00,Sep 20,9:00 PM ET,6h ago,away,Kansas ST Wildcats,-6.5,100.0,77.0,53.5,100.0,100.0,-245.0,100.0,83.0
2026-09-21T03:57:31,cfb,cfb_20260926_kansas_st_wildcats_cincinnati_bearcats,20260926CFB00142,DK,draftkings,change,16,2026-09-20T21:00:00,Sep 20,9:00 PM ET,6h ago,home,Cincinnati Bearcats,6.5,0.0,23.0,53.5,0.0,0.0,200.0,0.0,17.0
2026-09-21T03:57:31,cfb,cfb_20260926_kansas_st_wildcats_cincinnati_bearcats,20260926CFB00142,DK,draftkings,change,17,2026-09-20T20:50:00,Sep 20,8:50 PM ET,7h ago,away,Kansas ST Wildcats,-6.5,100.0,75.0,53.5,100.0,100.0,-245.0,100.0,83.0
2026-09-21T03:57:31,cfb,cfb_20260926_kansas_st_wildcats_cincinnati_bearcats,20260926CFB00142,DK,draftkings,change,17,2026-09-20T20:50:00,Sep 20,8:50 PM ET,7h ago,home,Cincinnati Bearcats,6.5,0.0,25.0,53.5,0.0,0.0,200.0,0.0,17.0
2026-09-21T03:57:31,cfb,cfb_20260926_kansas_st_wildcats_cincinnati_bearcats,20260926CFB00142,DK,draftkings,change,18,2026-09-20T20:40:00,Sep 20,8:40 PM ET,7h ago,away,Kansas ST Wildcats,-6.5,100.0,70.0,53.5,100.0,100.0,-245.0,100.0,83.0
2026-09-21T03:57:31,cfb,cfb_20260926_kansas_st_wildcats_cincinnati_bearcats,20260926CFB00142,DK,draftkings,change,18,2026-09-20T20:40:00,Sep 20,8:40 PM ET,7h ago,home,Cincinnati Bearcats,6.5,0.0,30.0,53.5,0.0,0.0,200.0,0.0,17.0
2026-09-21T03:57:31,cfb,cfb_20260926_kansas_st_wildcats_cincinnati_bearcats,20260926CFB00142,DK,draftkings,change,19,2026-09-20T20:30:00,Sep 20,8:30 PM ET,7h ago,away,Kansas ST Wildcats,-6.5,100.0,67.0,53.5,100.0,100.0,-245.0,100.0,83.0
2026-09-21T03:57:31,cfb,cfb_20260926_kansas_st_wildcats_cincinnati_bearcats,20260926CFB00142,DK,draftkings,change,19,2026-09-20T20:30:00,Sep 20,8:30 PM ET,7h ago,home,Cincinnati Bearcats,6.5,0.0,33.0,53.5,0.0,0.0,200.0,0.0,17.0
2026-09-21T03:57:31,cfb,cfb_20260926_kansas_st_wildcats_cincinnati_bearcats,20260926CFB00142,DK,draftkings,change,20,2026-09-20T20:20:00,Sep 20,8:20 PM ET,7h ago,away,Kansas ST Wildcats,-6.5,100.0,50.0,53.5,100.0,100.0,-245.0,100.0,83.0
2026-09-21T03:57:31,cfb,cfb_20260926_kansas_st_wildcats_cincinnati_bearcats,20260926CFB00142,DK,draftkings,change,20,2026-09-20T20:20:00,Sep 20,8:20 PM ET,7h ago,home,Cincinnati Bearcats,6.5,0.0,50.0,53.5,0.0,0.0,200.0,0.0,17.0
2026-09-21T03:57:31,cfb,cfb_20260926_kansas_st_wildcats_cincinnati_bearcats,20260926CFB00142,DK,draftkings,change,21,2026-09-20T20:15:00,Sep 20,8:15 PM ET,7h ago,away,Kansas ST Wildcats,-6.5,99.0,40.0,53.5,100.0,100.0,-245.0,100.0,83.0
2026-09-21T03:57:31,cfb,cfb_20260926_kansas_st_wildcats_cincinnati_bearcats,20260926CFB00142,DK,draftkings,change,21,2026-09-20T20:15:00,Sep 20,8:15 PM ET,7h ago,home,Cincinnati Bearcats,6.5,1.0,60.0,53.5,0.0,0.0,200.0,0.0,17.0
2026-09-21T03:57:31,cfb,cfb_20260926_kansas_st_wildcats_cincinnati_bearcats,20260926CFB00142,DK,draftkings,change,22,2026-09-20T19:55:00,Sep 20,7:55 PM ET,8h ago,away,Kansas ST Wildcats,-6.0,100.0,50.0,53.5,100.0,100.0,-245.0,100.0,100.0
2026-09-21T03:57:31,cfb,cfb_20260926_kansas_st_wildcats_cincinnati_bearcats,20260926CFB00142,DK,draftkings,change,22,2026-09-20T19:55:00,Sep 20,7:55 PM ET,8h ago,home,Cincinnati Bearcats,6.0,0.0,50.0,53.5,0.0,0.0,200.0,0.0,0.0
2026-09-21T03:57:31,cfb,cfb_20260926_kansas_st_wildcats_cincinnati_bearcats,20260926CFB00142,DK,draftkings,change,23,2026-09-20T19:40:00,Sep 20,7:40 PM ET,8h ago,away,Kansas ST Wildcats,-6.5,47.0,33.0,53.5,100.0,100.0,-245.0,100.0,100.0
2026-09-21T03:57:31,cfb,cfb_20260926_kansas_st_wildcats_cincinnati_bearcats,20260926CFB00142,DK,draftkings,change,23,2026-09-20T19:40:00,Sep 20,7:40 PM ET,8h ago,home,Cincinnati Bearcats,6.5,53.0,67.0,53.5,0.0,0.0,200.0,0.0,0.0
2026-09-21T03:57:31,cfb,cfb_20260926_kansas_st_wildcats_cincinnati_bearcats,20260926CFB00142,DK,draftkings,change,24,2026-09-20T19:30:00,Sep 20,7:30 PM ET,8h ago,away,Kansas ST Wildcats,-6.5,52.0,50.0,53.5,100.0,100.0,-245.0,100.0,100.0
2026-09-21T03:57:31,cfb,cfb_20260926_kansas_st_wildcats_cincinnati_bearcats,20260926CFB00142,DK,draftkings,change,24,2026-09-20T19:30:00,Sep 20,7:30 PM ET,8h ago,home,Cincinnati Bearcats,6.5,48.0,50.0,53.5,0.0,0.0,200.0,0.0,0.0
2026-09-21T03:57:31,cfb,cfb_20260926_kansas_st_wildcats_cincinnati_bearcats,20260926CFB00142,DK,draftkings,change,25,2026-09-20T16:30:00,Sep 20,4:30 PM ET,11h ago,away,Kansas ST Wildcats,-6.0,100.0,100.0,53.5,100.0,100.0,-245.0,100.0,100.0
2026-09-21T03:57:31,cfb,cfb_20260926_kansas_st_wildcats_cincinnati_bearcats,20260926CFB00142,DK,draftkings,change,25,2026-09-20T16:30:00,Sep 20,4:30 PM ET,11h ago,home,Cincinnati Bearcats,6.0,0.0,0.0,53.5,0.0,0.0,200.0,0.0,0.0
2026-09-21T03:57:31,cfb,cfb_20260926_kansas_st_wildcats_cincinnati_bearcats,20260926CFB00142,DK,draftkings,change,26,2026-09-20T13:40:00,Sep 20,1:40 PM ET,14h ago,away,Kansas ST Wildcats,-6.5,100.0,100.0,,0.0,0.0,-230.0,100.0,100.0
2026-09-21T03:57:31,cfb,cfb_20260926_kansas_st_wildcats_cincinnati_bearcats,20260926CFB00142,DK,draftkings,change,26,2026-09-20T13:40:00,Sep 20,1:40 PM ET,14h ago,home,Cincinnati Bearcats,6.5,0.0,0.0,,0.0,0.0,190.0,0.0,0.0
2026-09-21T03:57:31,cfb,cfb_20260926_kansas_st_wildcats_cincinnati_bearcats,20260926CFB00142,DK,draftkings,change,27,2026-09-20T13:00:00,Sep 20,1:00 PM ET,14h ago,away,Kansas ST Wildcats,,0.0,0.0,,0.0,0.0,-225.0,100.0,100.0
2026-09-21T03:57:31,cfb,cfb_20260926_kansas_st_wildcats_cincinnati_bearcats,20260926CFB00142,DK,draftkings,change,27,2026-09-20T13:00:00,Sep 20,1:00 PM ET,14h ago,home,Cincinnati Bearcats,,0.0,0.0,,0.0,0.0,185.0,0.0,0.0
2026-09-21T03:57:32,cfb,cfb_20260926_kansas_st_wildcats_cincinnati_bearcats,20260926CFB00142,CIRCA,circa,open,1,2026-09-20T15:00:00,Sep 20,3:00 PM ET,12h ago,away,Kansas ST Wildcats,-6.0,50.0,50.0,52.5,50.0,50.0,,50.0,50.0
2026-09-21T03:57:32,cfb,cfb_20260926_kansas_st_wildcats_cincinnati_bearcats,20260926CFB00142,CIRCA,circa,open,1,2026-09-20T15:00:00,Sep 20,3:00 PM ET,12h ago,home,Cincinnati Bearcats,6.0,50.0,50.0,52.5,50.0,50.0,,50.0,50.0
2026-09-21T03:57:32,cfb,cfb_20260926_kansas_st_wildcats_cincinnati_bearcats,20260926CFB00142,CIRCA,circa,change,2,2026-09-21T01:55:00,Sep 21,1:55 AM ET,2h ago,away,Kansas ST Wildcats,-6.0,19.0,67.0,53.0,100.0,100.0,,50.0,50.0
2026-09-21T03:57:32,cfb,cfb_20260926_kansas_st_wildcats_cincinnati_bearcats,20260926CFB00142,CIRCA,circa,change,2,2026-09-21T01:55:00,Sep 21,1:55 AM ET,2h ago,home,Cincinnati Bearcats,6.0,81.0,33.0,53.0,0.0,0.0,,50.0,50.0
2026-09-21T03:57:32,cfb,cfb_20260926_kansas_st_wildcats_cincinnati_bearcats,20260926CFB00142,CIRCA,circa,change,3,2026-09-20T23:20:00,Sep 20,11:20 PM ET,4h ago,away,Kansas ST Wildcats,-6.0,100.0,100.0,53.0,100.0,100.0,,50.0,50.0
2026-09-21T03:57:32,cfb,cfb_20260926_kansas_st_wildcats_cincinnati_bearcats,20260926CFB00142,CIRCA,circa,change,3,2026-09-20T23:20:00,Sep 20,11:20 PM ET,4h ago,home,Cincinnati Bearcats,6.0,0.0,0.0,53.0,0.0,0.0,,50.0,50.0
2026-09-21T03:57:32,cfb,cfb_20260926_kansas_st_wildcats_cincinnati_bearcats,20260926CFB00142,CIRCA,circa,change,4,2026-09-20T16:01:00,Sep 20,4:01 PM ET,11h ago,away,Kansas ST Wildcats,-6.0,50.0,50.0,53.0,100.0,100.0,,50.0,50.0
2026-09-21T03:57:32,cfb,cfb_20260926_kansas_st_wildcats_cincinnati_bearcats,20260926CFB00142,CIRCA,circa,change,4,2026-09-20T16:01:00,Sep 20,4:01 PM ET,11h ago,home,Cincinnati Bearcats,6.0,50.0,50.0,53.0,0.0,0.0,,50.0,50.0
2026-09-21T03:57:32,cfb,cfb_20260926_kansas_st_wildcats_cincinnati_bearcats,20260926CFB00142,CIRCA,circa,change,5,2026-09-20T15:00:00,Sep 20,3:00 PM ET,12h ago,away,Kansas ST Wildcats,-6.0,50.0,50.0,52.5,50.0,50.0,,50.0,50.0
2026-09-21T03:57:32,cfb,cfb_20260926_kansas_st_wildcats_cincinnati_bearcats,20260926CFB00142,CIRCA,circa,change,5,2026-09-20T15:00:00,Sep 20,3:00 PM ET,12h ago,home,Cincinnati Bearcats,6.0,50.0,50.0,52.5,50.0,50.0,,50.0,50.0
2026-09-21T03:57:33,cfb,cfb_20260926_southern_miss_golden_eagles_tulane_green_wave,20260926CFB00224,DK,draftkings,open,1,2026-09-20T14:40:00,Sep 20,2:40 PM ET,13h ago,away,Southern Miss Golden Eagles,18.5,0.0,0.0,,0.0,0.0,,0.0,0.0
2026-09-21T03:57:33,cfb,cfb_20260926_southern_miss_golden_eagles_tulane_green_wave,20260926CFB00224,DK,draftkings,open,1,2026-09-20T14:40:00,Sep 20,2:40 PM ET,13h ago,home,Tulane Green Wave,-18.5,100.0,100.0,,0.0,0.0,,0.0,0.0
2026-09-21T03:57:33,cfb,cfb_20260926_southern_miss_golden_eagles_tulane_green_wave,20260926CFB00224,DK,draftkings,change,2,2026-09-21T00:00:00,Sep 21,12:00 AM ET,3h ago,away,Southern Miss Golden Eagles,18.5,0.0,50.0,52.5,100.0,100.0,750.0,0.0,0.0
2026-09-21T03:57:33,cfb,cfb_20260926_southern_miss_golden_eagles_tulane_green_wave,20260926CFB00224,DK,draftkings,change,2,2026-09-21T00:00:00,Sep 21,12:00 AM ET,3h ago,home,Tulane Green Wave,-18.5,100.0,50.0,52.5,0.0,0.0,-1.0,100.0,100.0
2026-09-21T03:57:33,cfb,cfb_20260926_southern_miss_golden_eagles_tulane_green_wave,20260926CFB00224,DK,draftkings,change,3,2026-09-20T21:40:00,Sep 20,9:40 PM ET,6h ago,away,Southern Miss Golden Eagles,18.5,0.0,50.0,,0.0,0.0,750.0,0.0,0.0
2026-09-21T03:57:33,cfb,cfb_20260926_southern_miss_golden_eagles_tulane_green_wave,20260926CFB00224,DK,draftkings,change,3,2026-09-20T21:40:00,Sep 20,9:40 PM ET,6h ago,home,Tulane Green Wave,-18.5,100.0,50.0,,0.0,0.0,-1.0,100.0,100.0
2026-09-21T03:57:33,cfb,cfb_20260926_southern_miss_golden_eagles_tulane_green_wave,20260926CFB00224,DK,draftkings,change,4,2026-09-20T15:55:00,Sep 20,3:55 PM ET,12h ago,away,Southern Miss Golden Eagles,19.5,0.0,0.0,,0.0,0.0,900.0,0.0,0.0
2026-09-21T03:57:33,cfb,cfb_20260926_southern_miss_golden_eagles_tulane_green_wave,20260926CFB00224,DK,draftkings,change,4,2026-09-20T15:55:00,Sep 20,3:55 PM ET,12h ago,home,Tulane Green Wave,-19.5,100.0,100.0,,0.0,0.0,-1.0,100.0,100.0
2026-09-21T03:57:33,cfb,cfb_20260926_southern_miss_golden_eagles_tulane_green_wave,20260926CFB00224,DK,draftkings,change,5,2026-09-20T14:40:00,Sep 20,2:40 PM ET,13h ago,away,Southern Miss Golden Eagles,18.5,0.0,0.0,,0.0,0.0,,0.0,0.0
2026-09-21T03:57:33,cfb,cfb_20260926_southern_miss_golden_eagles_tulane_green_wave,20260926CFB00224,DK,draftkings,change,5,2026-09-20T14:40:00,Sep 20,2:40 PM ET,13h ago,home,Tulane Green Wave,-18.5,100.0,100.0,,0.0,0.0,,0.0,0.0
2026-09-21T03:57:34,cfb,cfb_20260926_southern_miss_golden_eagles_tulane_green_wave,20260926CFB00224,CIRCA,circa,open,1,2026-09-20T15:05:00,Sep 20,3:05 PM ET,12h ago,away,Southern Miss Golden Eagles,19.0,50.0,50.0,52.5,0.0,0.0,,50.0,50.0
2026-09-21T03:57:34,cfb,cfb_20260926_southern_miss_golden_eagles_tulane_green_wave,20260926CFB00224,CIRCA,circa,open,1,2026-09-20T15:05:00,Sep 20,3:05 PM ET,12h ago,home,Tulane Green Wave,-19.0,50.0,50.0,52.5,100.0,100.0,,50.0,50.0
2026-09-21T03:57:34,cfb,cfb_20260926_southern_miss_golden_eagles_tulane_green_wave,20260926CFB00224,CIRCA,circa,change,2,2026-09-20T15:05:00,Sep 20,3:05 PM ET,12h ago,away,Southern Miss Golden Eagles,19.0,50.0,50.0,52.5,0.0,0.0,,50.0,50.0
2026-09-21T03:57:34,cfb,cfb_20260926_southern_miss_golden_eagles_tulane_green_wave,20260926CFB00224,CIRCA,circa,change,2,2026-09-20T15:05:00,Sep 20,3:05 PM ET,12h ago,home,Tulane Green Wave,-19.0,50.0,50.0,52.5,100.0,100.0,,50.0,50.0
2026-09-21T03:57:35,cfb,cfb_20260926_oklahoma_st_cowboys_west_virginia_mountaineers,20260926CFB00239,DK,draftkings,open,1,2026-09-20T00:10:00,Sep 20,12:10 AM ET,1d ago,away,Oklahoma ST Cowboys,-1.5,28.0,40.0,58.5,86.0,50.0,-118.0,3.0,67.0
2026-09-21T03:57:35,cfb,cfb_20260926_oklahoma_st_cowboys_west_virginia_mountaineers,20260926CFB00239,DK,draftkings,open,1,2026-09-20T00:10:00,Sep 20,12:10 AM ET,1d ago,home,West Virginia Mountaineers,1.5,72.0,60.0,58.5,14.0,50.0,-102.0,97.0,33.0
2026-09-21T03:57:35,cfb,cfb_20260926_oklahoma_st_cowboys_west_virginia_mountaineers,20260926CFB00239,DK,draftkings,change,2,2026-09-21T02:10:00,Sep 21,2:10 AM ET,1h ago,away,Oklahoma ST Cowboys,1.5,35.0,29.0,59.5,99.0,93.0,114.0,50.0,42.0
2026-09-21T03:57:35,cfb,cfb_20260926_oklahoma_st_cowboys_west_virginia_mountaineers,20260926CFB00239,DK,draftkings,change,2,2026-09-21T02:10:00,Sep 21,2:10 AM ET,1h ago,home,West Virginia Mountaineers,-1.5,65.0,71.0,59.5,1.0,7.0,-135.0,50.0,58.0
2026-09-21T03:57:35,cfb,cfb_20260926_oklahoma_st_cowboys_west_virginia_mountaineers,20260926CFB00239,DK,draftkings,change,3,2026-09-21T01:00:00,Sep 21,1:00 AM ET,2h ago,away,Oklahoma ST Cowboys,1.5,35.0,29.0,59.5,99.0,93.0,105.0,48.0,41.0
2026-09-21T03:57:35,cfb,cfb_20260926_oklahoma_st_cowboys_west_virginia_mountaineers,20260926CFB00239,DK,draftkings,change,3,2026-09-21T01:00:00,Sep 21,1:00 AM ET,2h ago,home,West Virginia Mountaineers,-1.5,65.0,71.0,59.5,1.0,7.0,-125.0,52.0,59.0
2026-09-21T03:57:35,cfb,cfb_20260926_oklahoma_st_cowboys_west_virginia_mountaineers,20260926CFB00239,DK,draftkings,change,4,2026-09-21T00:45:00,Sep 21,12:45 AM ET,3h ago,away,Oklahoma ST Cowboys,1.5,35.0,29.0,59.5,99.0,93.0,105.0,48.0,39.0
2026-09-21T03:57:35,cfb,cfb_20260926_oklahoma_st_cowboys_west_virginia_mountaineers,20260926CFB00239,DK,draftkings,change,4,2026-09-21T00:45:00,Sep 21,12:45 AM ET,3h ago,home,West Virginia Mountaineers,-1.5,65.0,71.0,59.5,1.0,7.0,-125.0,52.0,61.0
2026-09-21T03:57:35,cfb,cfb_20260926_oklahoma_st_cowboys_west_virginia_mountaineers,20260926CFB00239,DK,draftkings,change,5,2026-09-21T00:35:00,Sep 21,12:35 AM ET,3h ago,away,Oklahoma ST Cowboys,1.5,35.0,29.0,59.5,99.0,92.0,105.0,48.0,39.0
2026-09-21T03:57:35,cfb,cfb_20260926_oklahoma_st_cowboys_west_virginia_mountaineers,20260926CFB00239,DK,draftkings,change,5,2026-09-21T00:35:00,Sep 21,12:35 AM ET,3h ago,home,West Virginia Mountaineers,-1.5,65.0,71.0,59.5,1.0,8.0,-125.0,52.0,61.0
2026-09-21T03:57:35,cfb,cfb_20260926_oklahoma_st_cowboys_west_virginia_mountaineers,20260926CFB00239,DK,draftkings,change,6,2026-09-21T00:10:00,Sep 21,12:10 AM ET,3h ago,away,Oklahoma ST Cowboys,1.5,35.0,30.0,59.5,99.0,92.0,100.0,48.0,39.0
2026-09-21T03:57:35,cfb,cfb_20260926_oklahoma_st_cowboys_west_virginia_mountaineers,20260926CFB00239,DK,draftkings,change,6,2026-09-21T00:10:00,Sep 21,12:10 AM ET,3h ago,home,West Virginia Mountaineers,-1.5,65.0,70.0,59.5,1.0,8.0,-120.0,52.0,61.0
2026-09-21T03:57:35,cfb,cfb_20260926_oklahoma_st_cowboys_west_virginia_mountaineers,20260926CFB00239,DK,draftkings,change,7,2026-09-20T23:30:00,Sep 20,11:30 PM ET,4h ago,away,Oklahoma ST Cowboys,1.5,15.0,29.0,59.5,99.0,92.0,100.0,43.0,42.0
2026-09-21T03:57:35,cfb,cfb_20260926_oklahoma_st_cowboys_west_virginia_mountaineers,20260926CFB00239,DK,draftkings,change,7,2026-09-20T23:30:00,Sep 20,11:30 PM ET,4h ago,home,West Virginia Mountaineers,-1.5,85.0,71.0,59.5,1.0,8.0,-120.0,57.0,58.0
2026-09-21T03:57:35,cfb,cfb_20260926_oklahoma_st_cowboys_west_virginia_mountaineers,20260926CFB00239,DK,draftkings,change,8,2026-09-20T23:10:00,Sep 20,11:10 PM ET,4h ago,away,Oklahoma ST Cowboys,1.5,15.0,29.0,59.5,99.0,92.0,100.0,42.0,40.0
2026-09-21T03:57:35,cfb,cfb_20260926_oklahoma_st_cowboys_west_virginia_mountaineers,20260926CFB00239,DK,draftkings,change,8,2026-09-20T23:10:00,Sep 20,11:10 PM ET,4h ago,home,West Virginia Mountaineers,-1.5,85.0,71.0,59.5,1.0,8.0,-120.0,58.0,60.0
2026-09-21T03:57:35,cfb,cfb_20260926_oklahoma_st_cowboys_west_virginia_mountaineers,20260926CFB00239,DK,draftkings,change,9,2026-09-20T22:55:00,Sep 20,10:55 PM ET,5h ago,away,Oklahoma ST Cowboys,1.5,15.0,29.0,59.5,99.0,91.0,100.0,42.0,40.0
2026-09-21T03:57:35,cfb,cfb_20260926_oklahoma_st_cowboys_west_virginia_mountaineers,20260926CFB00239,DK,draftkings,change,9,2026-09-20T22:55:00,Sep 20,10:55 PM ET,5h ago,home,West Virginia Mountaineers,-1.5,85.0,71.0,59.5,1.0,9.0,-120.0,58.0,60.0
2026-09-21T03:57:35,cfb,cfb_20260926_oklahoma_st_cowboys_west_virginia_mountaineers,20260926CFB00239,DK,draftkings,change,10,2026-09-20T22:40:00,Sep 20,10:40 PM ET,5h ago,away,Oklahoma ST Cowboys,1.5,16.0,30.0,59.5,99.0,91.0,100.0,42.0,40.0
2026-09-21T03:57:35,cfb,cfb_20260926_oklahoma_st_cowboys_west_virginia_mountaineers,20260926CFB00239,DK,draftkings,change,10,2026-09-20T22:40:00,Sep 20,10:40 PM ET,5h ago,home,West Virginia Mountaineers,-1.5,84.0,70.0,59.5,1.0,9.0,-120.0,58.0,60.0
2026-09-21T03:57:35,cfb,cfb_20260926_oklahoma_st_cowboys_west_virginia_mountaineers,20260926CFB00239,DK,draftkings,change,11,2026-09-20T22:30:00,Sep 20,10:30 PM ET,5h ago,away,Oklahoma ST Cowboys,1.5,19.0,31.0,59.5,99.0,91.0,100.0,42.0,40.0
2026-09-21T03:57:35,cfb,cfb_20260926_oklahoma_st_cowboys_west_virginia_mountaineers,20260926CFB00239,DK,draftkings,change,11,2026-09-20T22:30:00,Sep 20,10:30 PM ET,5h ago,home,West Virginia Mountaineers,-1.5,81.0,69.0,59.5,1.0,9.0,-120.0,58.0,60.0
2026-09-21T03:57:35,cfb,cfb_20260926_oklahoma_st_cowboys_west_virginia_mountaineers,20260926CFB00239,DK,draftkings,change,12,2026-09-20T21:50:00,Sep 20,9:50 PM ET,6h ago,away,Oklahoma ST Cowboys,1.5,19.0,28.0,59.5,99.0,91.0,100.0,42.0,41.0
2026-09-21T03:57:35,cfb,cfb_20260926_oklahoma_st_cowboys_west_virginia_mountaineers,20260926CFB00239,DK,draftkings,change,12,2026-09-20T21:50:00,Sep 20,9:50 PM ET,6h ago,home,West Virginia Mountaineers,-1.5,81.0,72.0,59.5,1.0,9.0,-120.0,58.0,59.0
2026-09-21T03:57:35,cfb,cfb_20260926_oklahoma_st_cowboys_west_virginia_mountaineers,20260926CFB00239,DK,draftkings,change,13,2026-09-20T21:30:00,Sep 20,9:30 PM ET,6h ago,away,Oklahoma ST Cowboys,1.5,19.0,28.0,59.5,99.0,90.0,100.0,42.0,41.0
2026-09-21T03:57:35,cfb,cfb_20260926_oklahoma_st_cowboys_west_virginia_mountaineers,20260926CFB00239,DK,draftkings,change,13,2026-09-20T21:30:00,Sep 20,9:30 PM ET,6h ago,home,West Virginia Mountaineers,-1.5,81.0,72.0,59.5,1.0,10.0,-120.0,58.0,59.0
2026-09-21T03:57:35,cfb,cfb_20260926_oklahoma_st_cowboys_west_virginia_mountaineers,20260926CFB00239,DK,draftkings,change,14,2026-09-20T21:20:00,Sep 20,9:20 PM ET,6h ago,away,Oklahoma ST Cowboys,1.5,19.0,28.0,59.5,99.0,90.0,100.0,42.0,39.0
2026-09-21T03:57:35,cfb,cfb_20260926_oklahoma_st_cowboys_west_virginia_mountaineers,20260926CFB00239,DK,draftkings,change,14,2026-09-20T21:20:00,Sep 20,9:20 PM ET,6h ago,home,West Virginia Mountaineers,-1.5,81.0,72.0,59.5,1.0,10.0,-120.0,58.0,61.0
2026-09-21T03:57:35,cfb,cfb_20260926_oklahoma_st_cowboys_west_virginia_mountaineers,20260926CFB00239,DK,draftkings,change,15,2026-09-20T21:10:00,Sep 20,9:10 PM ET,6h ago,away,Oklahoma ST Cowboys,1.5,19.0,29.0,59.5,99.0,90.0,100.0,42.0,39.0
2026-09-21T03:57:35,cfb,cfb_20260926_oklahoma_st_cowboys_west_virginia_mountaineers,20260926CFB00239,DK,draftkings,change,15,2026-09-20T21:10:00,Sep 20,9:10 PM ET,6h ago,home,West Virginia Mountaineers,-1.5,81.0,71.0,59.5,1.0,10.0,-120.0,58.0,61.0
2026-09-21T03:57:35,cfb,cfb_20260926_oklahoma_st_cowboys_west_virginia_mountaineers,20260926CFB00239,DK,draftkings,change,16,2026-09-20T21:05:00,Sep 20,9:05 PM ET,6h ago,away,Oklahoma ST Cowboys,1.5,18.0,26.0,59.5,99.0,90.0,100.0,42.0,39.0
2026-09-21T03:57:35,cfb,cfb_20260926_oklahoma_st_cowboys_west_virginia_mountaineers,20260926CFB00239,DK,draftkings,change,16,2026-09-20T21:05:00,Sep 20,9:05 PM ET,6h ago,home,West Virginia Mountaineers,-1.5,82.0,74.0,59.5,1.0,10.0,-120.0,58.0,61.0
2026-09-21T03:57:35,cfb,cfb_20260926_oklahoma_st_cowboys_west_virginia_mountaineers,20260926CFB00239,DK,draftkings,change,17,2026-09-20T21:00:00,Sep 20,9:00 PM ET,6h ago,away,Oklahoma ST Cowboys,1.5,18.0,27.0,59.5,99.0,90.0,100.0,42.0,39.0
2026-09-21T03:57:35,cfb,cfb_20260926_oklahoma_st_cowboys_west_virginia_mountaineers,20260926CFB00239,DK,draftkings,change,17,2026-09-20T21:00:00,Sep 20,9:00 PM ET,6h ago,home,West Virginia Mountaineers,-1.5,82.0,73.0,59.5,1.0,10.0,-120.0,58.0,61.0
2026-09-21T03:57:35,cfb,cfb_20260926_oklahoma_st_cowboys_west_virginia_mountaineers,20260926CFB00239,DK,draftkings,change,18,2026-09-20T20:55:00,Sep 20,8:55 PM ET,7h ago,away,Oklahoma ST Cowboys,1.5,18.0,24.0,59.5,99.0,90.0,100.0,42.0,39.0
2026-09-21T03:57:35,cfb,cfb_20260926_oklahoma_st_cowboys_west_virginia_mountaineers,20260926CFB00239,DK,draftkings,change,18,2026-09-20T20:55:00,Sep 20,8:55 PM ET,7h ago,home,West Virginia Mountaineers,-1.5,82.0,76.0,59.5,1.0,10.0,-120.0,58.0,61.0
2026-09-21T03:57:35,cfb,cfb_20260926_oklahoma_st_cowboys_west_virginia_mountaineers,20260926CFB00239,DK,draftkings,change,19,2026-09-20T20:50:00,Sep 20,8:50 PM ET,7h ago,away,Oklahoma ST Cowboys,1.5,18.0,25.0,59.5,99.0,90.0,100.0,42.0,39.0
2026-09-21T03:57:35,cfb,cfb_20260926_oklahoma_st_cowboys_west_virginia_mountaineers,20260926CFB00239,DK,draftkings,change,19,2026-09-20T20:50:00,Sep 20,8:50 PM ET,7h ago,home,West Virginia Mountaineers,-1.5,82.0,75.0,59.5,1.0,10.0,-120.0,58.0,61.0
2026-09-21T03:57:35,cfb,cfb_20260926_oklahoma_st_cowboys_west_virginia_mountaineers,20260926CFB00239,DK,draftkings,change,20,2026-09-20T20:20:00,Sep 20,8:20 PM ET,7h ago,away,Oklahoma ST Cowboys,1.5,18.0,25.0,59.5,99.0,90.0,100.0,43.0,41.0
2026-09-21T03:57:35,cfb,cfb_20260926_oklahoma_st_cowboys_west_virginia_mountaineers,20260926CFB00239,DK,draftkings,change,20,2026-09-20T20:20:00,Sep 20,8:20 PM ET,7h ago,home,West Virginia Mountaineers,-1.5,82.0,75.0,59.5,1.0,10.0,-120.0,57.0,59.0
2026-09-21T03:57:35,cfb,cfb_20260926_oklahoma_st_cowboys_west_virginia_mountaineers,20260926CFB00239,DK,draftkings,change,21,2026-09-20T19:55:00,Sep 20,7:55 PM ET,8h ago,away,Oklahoma ST Cowboys,1.5,18.0,25.0,59.5,99.0,90.0,100.0,43.0,40.0
2026-09-21T03:57:35,cfb,cfb_20260926_oklahoma_st_cowboys_west_virginia_mountaineers,20260926CFB00239,DK,draftkings,change,21,2026-09-20T19:55:00,Sep 20,7:55 PM ET,8h ago,home,West Virginia Mountaineers,-1.5,82.0,75.0,59.5,1.0,10.0,-120.0,57.0,60.0
2026-09-21T03:57:35,cfb,cfb_20260926_oklahoma_st_cowboys_west_virginia_mountaineers,20260926CFB00239,DK,draftkings,change,22,2026-09-20T19:50:00,Sep 20,7:50 PM ET,8h ago,away,Oklahoma ST Cowboys,1.5,23.0,26.0,59.5,99.0,90.0,100.0,44.0,42.0
2026-09-21T03:57:35,cfb,cfb_20260926_oklahoma_st_cowboys_west_virginia_mountaineers,20260926CFB00239,DK,draftkings,change,22,2026-09-20T19:50:00,Sep 20,7:50 PM ET,8h ago,home,West Virginia Mountaineers,-1.5,77.0,74.0,59.5,1.0,10.0,-120.0,56.0,58.0
2026-09-21T03:57:35,cfb,cfb_20260926_oklahoma_st_cowboys_west_virginia_mountaineers,20260926CFB00239,DK,draftkings,change,23,2026-09-20T19:40:00,Sep 20,7:40 PM ET,8h ago,away,Oklahoma ST Cowboys,1.5,23.0,26.0,59.5,99.0,90.0,100.0,44.0,39.0
2026-09-21T03:57:35,cfb,cfb_20260926_oklahoma_st_cowboys_west_virginia_mountaineers,20260926CFB00239,DK,draftkings,change,23,2026-09-20T19:40:00,Sep 20,7:40 PM ET,8h ago,home,West Virginia Mountaineers,-1.5,77.0,74.0,59.5,1.0,10.0,-120.0,56.0,61.0
2026-09-21T03:57:35,cfb,cfb_20260926_oklahoma_st_cowboys_west_virginia_mountaineers,20260926CFB00239,DK,draftkings,change,24,2026-09-20T19:25:00,Sep 20,7:25 PM ET,8h ago,away,Oklahoma ST Cowboys,1.5,23.0,28.0,59.5,99.0,90.0,100.0,44.0,39.0
2026-09-21T03:57:35,cfb,cfb_20260926_oklahoma_st_cowboys_west_virginia_mountaineers,20260926CFB00239,DK,draftkings,change,24,2026-09-20T19:25:00,Sep 20,7:25 PM ET,8h ago,home,West Virginia Mountaineers,-1.5,77.0,72.0,59.5,1.0,10.0,-120.0,56.0,61.0
2026-09-21T03:57:35,cfb,cfb_20260926_oklahoma_st_cowboys_west_virginia_mountaineers,20260926CFB00239,DK,draftkings,change,25,2026-09-20T19:00:00,Sep 20,7:00 PM ET,8h ago,away,Oklahoma ST Cowboys,1.5,24.0,29.0,59.5,99.0,90.0,100.0,44.0,39.0
2026-09-21T03:57:35,cfb,cfb_20260926_oklahoma_st_cowboys_west_virginia_mountaineers,20260926CFB00239,DK,draftkings,change,25,2026-09-20T19:00:00,Sep 20,7:00 PM ET,8h ago,home,West Virginia Mountaineers,-1.5,76.0,71.0,59.5,1.0,10.0,-120.0,56.0,61.0
2026-09-21T03:57:35,cfb,cfb_20260926_oklahoma_st_cowboys_west_virginia_mountaineers,20260926CFB00239,DK,draftkings,change,26,2026-09-20T16:40:00,Sep 20,4:40 PM ET,11h ago,away,Oklahoma ST Cowboys,1.5,24.0,29.0,60.5,99.0,90.0,100.0,44.0,41.0
2026-09-21T03:57:35,cfb,cfb_20260926_oklahoma_st_cowboys_west_virginia_mountaineers,20260926CFB00239,DK,draftkings,change,26,2026-09-20T16:40:00,Sep 20,4:40 PM ET,11h ago,home,West Virginia Mountaineers,-1.5,76.0,71.0,60.5,1.0,10.0,-120.0,56.0,59.0
2026-09-21T03:57:37,cfb,cfb_20260926_oklahoma_st_cowboys_west_virginia_mountaineers,20260926CFB00239,CIRCA,circa,open,1,2026-09-20T15:05:00,Sep 20,3:05 PM ET,12h ago,away,Oklahoma ST Cowboys,1.5,12.0,50.0,60.0,100.0,100.0,,50.0,50.0
2026-09-21T03:57:37,cfb,cfb_20260926_oklahoma_st_cowboys_west_virginia_mountaineers,20260926CFB00239,CIRCA,circa,open,1,2026-09-20T15:05:00,Sep 20,3:05 PM ET,12h ago,home,West Virginia Mountaineers,-1.5,88.0,50.0,60.0,0.0,0.0,,50.0,50.0
2026-09-21T03:57:37,cfb,cfb_20260926_oklahoma_st_cowboys_west_virginia_mountaineers,20260926CFB00239,CIRCA,circa,change,2,2026-09-20T20:40:00,Sep 20,8:40 PM ET,7h ago,away,Oklahoma ST Cowboys,1.5,12.0,33.0,60.5,100.0,100.0,,50.0,50.0
2026-09-21T03:57:37,cfb,cfb_20260926_oklahoma_st_cowboys_west_virginia_mountaineers,20260926CFB00239,CIRCA,circa,change,2,2026-09-20T20:40:00,Sep 20,8:40 PM ET,7h ago,home,West Virginia Mountaineers,-1.5,88.0,67.0,60.5,0.0,0.0,,50.0,50.0
2026-09-21T03:57:37,cfb,cfb_20260926_oklahoma_st_cowboys_west_virginia_mountaineers,20260926CFB00239,CIRCA,circa,change,3,2026-09-20T15:05:00,Sep 20,3:05 PM ET,12h ago,away,Oklahoma ST Cowboys,1.5,12.0,50.0,60.0,100.0,100.0,,50.0,50.0
2026-09-21T03:57:37,cfb,cfb_20260926_oklahoma_st_cowboys_west_virginia_mountaineers,20260926CFB00239,CIRCA,circa,change,3,2026-09-20T15:05:00,Sep 20,3:05 PM ET,12h ago,home,West Virginia Mountaineers,-1.5,88.0,50.0,60.0,0.0,0.0,,50.0,50.0
2026-09-21T03:57:38,cfb,cfb_20260926_middle_tenn_st_blue_raiders_jacksonville_st,20260926CFB00289,DK,draftkings,open,1,2026-09-20T14:55:00,Sep 20,2:55 PM ET,13h ago,away,Middle Tenn ST Blue Raiders,,0.0,0.0,,0.0,0.0,260.0,0.0,0.0
2026-09-21T03:57:38,cfb,cfb_20260926_middle_tenn_st_blue_raiders_jacksonville_st,20260926CFB00289,DK,draftkings,open,1,2026-09-20T14:55:00,Sep 20,2:55 PM ET,13h ago,home,Jacksonville ST,,0.0,0.0,,0.0,0.0,-325.0,100.0,100.0
2026-09-21T03:57:38,cfb,cfb_20260926_middle_tenn_st_blue_raiders_jacksonville_st,20260926CFB00289,DK,draftkings,change,2,2026-09-21T00:15:00,Sep 21,12:15 AM ET,3h ago,away,Middle Tenn ST Blue Raiders,8.5,14.0,56.0,51.5,100.0,100.0,260.0,0.0,0.0
2026-09-21T03:57:38,cfb,cfb_20260926_middle_tenn_st_blue_raiders_jacksonville_st,20260926CFB00289,DK,draftkings,change,2,2026-09-21T00:15:00,Sep 21,12:15 AM ET,3h ago,home,Jacksonville ST,-8.5,86.0,44.0,51.5,0.0,0.0,-325.0,100.0,100.0
2026-09-21T03:57:38,cfb,cfb_20260926_middle_tenn_st_blue_raiders_jacksonville_st,20260926CFB00289,DK,draftkings,change,3,2026-09-21T00:10:00,Sep 21,12:10 AM ET,3h ago,away,Middle Tenn ST Blue Raiders,8.5,11.0,50.0,51.5,100.0,100.0,260.0,0.0,0.0
2026-09-21T03:57:38,cfb,cfb_20260926_middle_tenn_st_blue_raiders_jacksonville_st,20260926CFB00289,DK,draftkings,change,3,2026-09-21T00:10:00,Sep 21,12:10 AM ET,3h ago,home,Jacksonville ST,-8.5,89.0,50.0,51.5,0.0,0.0,-325.0,100.0,100.0
2026-09-21T03:57:38,cfb,cfb_20260926_middle_tenn_st_blue_raiders_jacksonville_st,20260926CFB00289,DK,draftkings,change,4,2026-09-21T00:00:00,Sep 21,12:00 AM ET,3h ago,away,Middle Tenn ST Blue Raiders,8.5,3.0,33.0,51.5,100.0,100.0,260.0,0.0,0.0
2026-09-21T03:57:38,cfb,cfb_20260926_middle_tenn_st_blue_raiders_jacksonville_st,20260926CFB00289,DK,draftkings,change,4,2026-09-21T00:00:00,Sep 21,12:00 AM ET,3h ago,home,Jacksonville ST,-8.5,97.0,67.0,51.5,0.0,0.0,-325.0,100.0,100.0
2026-09-21T03:57:38,cfb,cfb_20260926_middle_tenn_st_blue_raiders_jacksonville_st,20260926CFB00289,DK,draftkings,change,5,2026-09-20T23:45:00,Sep 20,11:45 PM ET,4h ago,away,Middle Tenn ST Blue Raiders,8.5,0.0,20.0,51.5,100.0,100.0,260.0,0.0,0.0
2026-09-21T03:57:38,cfb,cfb_20260926_middle_tenn_st_blue_raiders_jacksonville_st,20260926CFB00289,DK,draftkings,change,5,2026-09-20T23:45:00,Sep 20,11:45 PM ET,4h ago,home,Jacksonville ST,-8.5,100.0,80.0,51.5,0.0,0.0,-325.0,100.0,100.0
2026-09-21T03:57:38,cfb,cfb_20260926_middle_tenn_st_blue_raiders_jacksonville_st,20260926CFB00289,DK,draftkings,change,6,2026-09-20T22:30:00,Sep 20,10:30 PM ET,5h ago,away,Middle Tenn ST Blue Raiders,8.5,0.0,25.0,51.5,100.0,100.0,260.0,0.0,0.0
2026-09-21T03:57:38,cfb,cfb_20260926_middle_tenn_st_blue_raiders_jacksonville_st,20260926CFB00289,DK,draftkings,change,6,2026-09-20T22:30:00,Sep 20,10:30 PM ET,5h ago,home,Jacksonville ST,-8.5,100.0,75.0,51.5,0.0,0.0,-325.0,100.0,100.0
2026-09-21T03:57:38,cfb,cfb_20260926_middle_tenn_st_blue_raiders_jacksonville_st,20260926CFB00289,DK,draftkings,change,7,2026-09-20T21:30:00,Sep 20,9:30 PM ET,6h ago,away,Middle Tenn ST Blue Raiders,8.5,0.0,25.0,,0.0,0.0,260.0,0.0,0.0
2026-09-21T03:57:38,cfb,cfb_20260926_middle_tenn_st_blue_raiders_jacksonville_st,20260926CFB00289,DK,draftkings,change,7,2026-09-20T21:30:00,Sep 20,9:30 PM ET,6h ago,home,Jacksonville ST,-8.5,100.0,75.0,,0.0,0.0,-325.0,100.0,100.0
2026-09-21T03:57:38,cfb,cfb_20260926_middle_tenn_st_blue_raiders_jacksonville_st,20260926CFB00289,DK,draftkings,change,8,2026-09-20T21:10:00,Sep 20,9:10 PM ET,6h ago,away,Middle Tenn ST Blue Raiders,8.5,0.0,33.0,,0.0,0.0,260.0,0.0,0.0
2026-09-21T03:57:38,cfb,cfb_20260926_middle_tenn_st_blue_raiders_jacksonville_st,20260926CFB00289,DK,draftkings,change,8,2026-09-20T21:10:00,Sep 20,9:10 PM ET,6h ago,home,Jacksonville ST,-8.5,100.0,67.0,,0.0,0.0,-325.0,100.0,100.0
2026-09-21T03:57:38,cfb,cfb_20260926_middle_tenn_st_blue_raiders_jacksonville_st,20260926CFB00289,DK,draftkings,change,9,2026-09-20T19:55:00,Sep 20,7:55 PM ET,8h ago,away,Middle Tenn ST Blue Raiders,8.5,62.0,50.0,,0.0,0.0,260.0,0.0,0.0
2026-09-21T03:57:38,cfb,cfb_20260926_middle_tenn_st_blue_raiders_jacksonville_st,20260926CFB00289,DK,draftkings,change,9,2026-09-20T19:55:00,Sep 20,7:55 PM ET,8h ago,home,Jacksonville ST,-8.5,38.0,50.0,,0.0,0.0,-325.0,100.0,100.0
2026-09-21T03:57:38,cfb,cfb_20260926_middle_tenn_st_blue_raiders_jacksonville_st,20260926CFB00289,DK,draftkings,change,10,2026-09-20T19:40:00,Sep 20,7:40 PM ET,8h ago,away,Middle Tenn ST Blue Raiders,8.5,0.0,0.0,,0.0,0.0,260.0,0.0,0.0
2026-09-21T03:57:38,cfb,cfb_20260926_middle_tenn_st_blue_raiders_jacksonville_st,20260926CFB00289,DK,draftkings,change,10,2026-09-20T19:40:00,Sep 20,7:40 PM ET,8h ago,home,Jacksonville ST,-8.5,100.0,100.0,,0.0,0.0,-325.0,100.0,100.0
2026-09-21T03:57:38,cfb,cfb_20260926_middle_tenn_st_blue_raiders_jacksonville_st,20260926CFB00289,DK,draftkings,change,11,2026-09-20T14:55:00,Sep 20,2:55 PM ET,13h ago,away,Middle Tenn ST Blue Raiders,,0.0,0.0,,0.0,0.0,260.0,0.0,0.0
2026-09-21T03:57:38,cfb,cfb_20260926_middle_tenn_st_blue_raiders_jacksonville_st,20260926CFB00289,DK,draftkings,change,11,2026-09-20T14:55:00,Sep 20,2:55 PM ET,13h ago,home,Jacksonville ST,,0.0,0.0,,0.0,0.0,-325.0,100.0,100.0
2026-09-21T03:57:39,cfb,cfb_20260926_middle_tenn_st_blue_raiders_jacksonville_st,20260926CFB00289,CIRCA,circa,open,1,2026-09-20T15:05:00,Sep 20,3:05 PM ET,12h ago,away,Middle Tenn ST Blue Raiders,8.5,100.0,100.0,54.0,50.0,50.0,,50.0,50.0
2026-09-21T03:57:39,cfb,cfb_20260926_middle_tenn_st_blue_raiders_jacksonville_st,20260926CFB00289,CIRCA,circa,open,1,2026-09-20T15:05:00,Sep 20,3:05 PM ET,12h ago,home,Jacksonville ST,-8.5,0.0,0.0,54.0,50.0,50.0,,50.0,50.0
2026-09-21T03:57:39,cfb,cfb_20260926_middle_tenn_st_blue_raiders_jacksonville_st,20260926CFB00289,CIRCA,circa,change,2,2026-09-20T17:05:00,Sep 20,5:05 PM ET,10h ago,away,Middle Tenn ST Blue Raiders,8.5,100.0,100.0,52.0,0.0,0.0,,50.0,50.0
2026-09-21T03:57:39,cfb,cfb_20260926_middle_tenn_st_blue_raiders_jacksonville_st,20260926CFB00289,CIRCA,circa,change,2,2026-09-20T17:05:00,Sep 20,5:05 PM ET,10h ago,home,Jacksonville ST,-8.5,0.0,0.0,52.0,100.0,100.0,,50.0,50.0
2026-09-21T03:57:39,cfb,cfb_20260926_middle_tenn_st_blue_raiders_jacksonville_st,20260926CFB00289,CIRCA,circa,change,3,2026-09-20T15:05:00,Sep 20,3:05 PM ET,12h ago,away,Middle Tenn ST Blue Raiders,8.5,100.0,100.0,54.0,50.0,50.0,,50.0,50.0
2026-09-21T03:57:39,cfb,cfb_20260926_middle_tenn_st_blue_raiders_jacksonville_st,20260926CFB00289,CIRCA,circa,change,3,2026-09-20T15:05:00,Sep 20,3:05 PM ET,12h ago,home,Jacksonville ST,-8.5,0.0,0.0,54.0,50.0,50.0,,50.0,50.0
2026-09-21T03:57:40,cfb,cfb_20260926_texas_am_aggies_lsu_tigers,20260926CFB00172,DK,draftkings,open,1,2026-08-12T15:12:00,Aug 12,3:12 PM ET,39d ago,away,Texas A&M Aggies,3.0,0.0,0.0,,0.0,0.0,130.0,0.0,0.0
2026-09-21T03:57:40,cfb,cfb_20260926_texas_am_aggies_lsu_tigers,20260926CFB00172,DK,draftkings,open,1,2026-08-12T15:12:00,Aug 12,3:12 PM ET,39d ago,home,LSU Tigers,-3.0,100.0,100.0,,0.0,0.0,-155.0,100.0,100.0
2026-09-21T03:57:40,cfb,cfb_20260926_texas_am_aggies_lsu_tigers,20260926CFB00172,DK,draftkings,first_full,2,2026-09-20T00:40:00,Sep 20,12:40 AM ET,1d ago,away,Texas A&M Aggies,8.5,1.0,23.0,53.5,98.0,75.0,310.0,8.0,6.0
2026-09-21T03:57:40,cfb,cfb_20260926_texas_am_aggies_lsu_tigers,20260926CFB00172,DK,draftkings,first_full,2,2026-09-20T00:40:00,Sep 20,12:40 AM ET,1d ago,home,LSU Tigers,-8.5,99.0,77.0,53.5,2.0,25.0,-395.0,92.0,94.0
2026-09-21T03:57:40,cfb,cfb_20260926_texas_am_aggies_lsu_tigers,20260926CFB00172,DK,draftkings,change,3,2026-09-21T03:50:00,Sep 21,3:50 AM ET,7m ago,away,Texas A&M Aggies,9.5,32.0,48.0,52.5,97.0,83.0,300.0,83.0,15.0
2026-09-21T03:57:40,cfb,cfb_20260926_texas_am_aggies_lsu_tigers,20260926CFB00172,DK,draftkings,change,3,2026-09-21T03:50:00,Sep 21,3:50 AM ET,7m ago,home,LSU Tigers,-9.5,68.0,52.0,52.5,3.0,17.0,-380.0,17.0,85.0
2026-09-21T03:57:40,cfb,cfb_20260926_texas_am_aggies_lsu_tigers,20260926CFB00172,DK,draftkings,change,4,2026-09-21T02:50:00,Sep 21,2:50 AM ET,1h ago,away,Texas A&M Aggies,9.5,32.0,48.0,52.5,97.0,83.0,300.0,84.0,16.0
2026-09-21T03:57:40,cfb,cfb_20260926_texas_am_aggies_lsu_tigers,20260926CFB00172,DK,draftkings,change,4,2026-09-21T02:50:00,Sep 21,2:50 AM ET,1h ago,home,LSU Tigers,-9.5,68.0,52.0,52.5,3.0,17.0,-380.0,16.0,84.0
2026-09-21T03:57:40,cfb,cfb_20260926_texas_am_aggies_lsu_tigers,20260926CFB00172,DK,draftkings,change,5,2026-09-21T02:25:00,Sep 21,2:25 AM ET,1h ago,away,Texas A&M Aggies,9.5,32.0,48.0,52.5,100.0,91.0,285.0,84.0,16.0
2026-09-21T03:57:40,cfb,cfb_20260926_texas_am_aggies_lsu_tigers,20260926CFB00172,DK,draftkings,change,5,2026-09-21T02:25:00,Sep 21,2:25 AM ET,1h ago,home,LSU Tigers,-9.5,68.0,52.0,52.5,0.0,9.0,-360.0,16.0,84.0
2026-09-21T03:57:40,cfb,cfb_20260926_texas_am_aggies_lsu_tigers,20260926CFB00172,DK,draftkings,change,6,2026-09-21T01:00:00,Sep 21,1:00 AM ET,2h ago,away,Texas A&M Aggies,9.5,32.0,49.0,52.5,100.0,91.0,285.0,84.0,16.0
2026-09-21T03:57:40,cfb,cfb_20260926_texas_am_aggies_lsu_tigers,20260926CFB00172,DK,draftkings,change,6,2026-09-21T01:00:00,Sep 21,1:00 AM ET,2h ago,home,LSU Tigers,-9.5,68.0,51.0,52.5,0.0,9.0,-360.0,16.0,84.0
2026-09-21T03:57:40,cfb,cfb_20260926_texas_am_aggies_lsu_tigers,20260926CFB00172,DK,draftkings,change,7,2026-09-21T00:45:00,Sep 21,12:45 AM ET,3h ago,away,Texas A&M Aggies,9.5,32.0,49.0,52.5,100.0,91.0,285.0,83.0,16.0
2026-09-21T03:57:40,cfb,cfb_20260926_texas_am_aggies_lsu_tigers,20260926CFB00172,DK,draftkings,change,7,2026-09-21T00:45:00,Sep 21,12:45 AM ET,3h ago,home,LSU Tigers,-9.5,68.0,51.0,52.5,0.0,9.0,-360.0,17.0,84.0
2026-09-21T03:57:40,cfb,cfb_20260926_texas_am_aggies_lsu_tigers,20260926CFB00172,DK,draftkings,change,8,2026-09-21T00:35:00,Sep 21,12:35 AM ET,3h ago,away,Texas A&M Aggies,9.5,32.0,49.0,52.5,100.0,90.0,285.0,83.0,15.0
2026-09-21T03:57:40,cfb,cfb_20260926_texas_am_aggies_lsu_tigers,20260926CFB00172,DK,draftkings,change,8,2026-09-21T00:35:00,Sep 21,12:35 AM ET,3h ago,home,LSU Tigers,-9.5,68.0,51.0,52.5,0.0,10.0,-360.0,17.0,85.0
2026-09-21T03:57:40,cfb,cfb_20260926_texas_am_aggies_lsu_tigers,20260926CFB00172,DK,draftkings,change,9,2026-09-21T00:30:00,Sep 21,12:30 AM ET,3h ago,away,Texas A&M Aggies,9.5,32.0,50.0,52.5,100.0,90.0,285.0,83.0,15.0
2026-09-21T03:57:40,cfb,cfb_20260926_texas_am_aggies_lsu_tigers,20260926CFB00172,DK,draftkings,change,9,2026-09-21T00:30:00,Sep 21,12:30 AM ET,3h ago,home,LSU Tigers,-9.5,68.0,50.0,52.5,0.0,10.0,-360.0,17.0,85.0
2026-09-21T03:57:40,cfb,cfb_20260926_texas_am_aggies_lsu_tigers,20260926CFB00172,DK,draftkings,change,10,2026-09-21T00:20:00,Sep 21,12:20 AM ET,3h ago,away,Texas A&M Aggies,9.5,32.0,50.0,52.5,100.0,90.0,285.0,83.0,14.0
2026-09-21T03:57:40,cfb,cfb_20260926_texas_am_aggies_lsu_tigers,20260926CFB00172,DK,draftkings,change,10,2026-09-21T00:20:00,Sep 21,12:20 AM ET,3h ago,home,LSU Tigers,-9.5,68.0,50.0,52.5,0.0,10.0,-360.0,17.0,86.0
2026-09-21T03:57:40,cfb,cfb_20260926_texas_am_aggies_lsu_tigers,20260926CFB00172,DK,draftkings,change,11,2026-09-21T00:15:00,Sep 21,12:15 AM ET,3h ago,away,Texas A&M Aggies,9.5,32.0,51.0,52.5,100.0,90.0,285.0,83.0,14.0
2026-09-21T03:57:40,cfb,cfb_20260926_texas_am_aggies_lsu_tigers,20260926CFB00172,DK,draftkings,change,11,2026-09-21T00:15:00,Sep 21,12:15 AM ET,3h ago,home,LSU Tigers,-9.5,68.0,49.0,52.5,0.0,10.0,-360.0,17.0,86.0
2026-09-21T03:57:40,cfb,cfb_20260926_texas_am_aggies_lsu_tigers,20260926CFB00172,DK,draftkings,change,12,2026-09-21T00:10:00,Sep 21,12:10 AM ET,3h ago,away,Texas A&M Aggies,9.5,32.0,49.0,52.5,100.0,90.0,285.0,84.0,14.0
2026-09-21T03:57:40,cfb,cfb_20260926_texas_am_aggies_lsu_tigers,20260926CFB00172,DK,draftkings,change,12,2026-09-21T00:10:00,Sep 21,12:10 AM ET,3h ago,home,LSU Tigers,-9.5,68.0,51.0,52.5,0.0,10.0,-360.0,16.0,86.0
2026-09-21T03:57:40,cfb,cfb_20260926_texas_am_aggies_lsu_tigers,20260926CFB00172,DK,draftkings,change,13,2026-09-21T00:00:00,Sep 21,12:00 AM ET,3h ago,away,Texas A&M Aggies,9.5,32.0,47.0,52.5,100.0,90.0,285.0,85.0,15.0
2026-09-21T03:57:40,cfb,cfb_20260926_texas_am_aggies_lsu_tigers,20260926CFB00172,DK,draftkings,change,13,2026-09-21T00:00:00,Sep 21,12:00 AM ET,3h ago,home,LSU Tigers,-9.5,68.0,53.0,52.5,0.0,10.0,-360.0,15.0,85.0
2026-09-21T03:57:40,cfb,cfb_20260926_texas_am_aggies_lsu_tigers,20260926CFB00172,DK,draftkings,change,14,2026-09-20T22:30:00,Sep 20,10:30 PM ET,5h ago,away,Texas A&M Aggies,9.5,32.0,46.0,52.5,100.0,90.0,285.0,85.0,16.0
2026-09-21T03:57:40,cfb,cfb_20260926_texas_am_aggies_lsu_tigers,20260926CFB00172,DK,draftkings,change,14,2026-09-20T22:30:00,Sep 20,10:30 PM ET,5h ago,home,LSU Tigers,-9.5,68.0,54.0,52.5,0.0,10.0,-360.0,15.0,84.0
2026-09-21T03:57:40,cfb,cfb_20260926_texas_am_aggies_lsu_tigers,20260926CFB00172,DK,draftkings,change,15,2026-09-20T22:00:00,Sep 20,10:00 PM ET,5h ago,away,Texas A&M Aggies,9.5,32.0,46.0,52.5,100.0,90.0,285.0,86.0,16.0
2026-09-21T03:57:40,cfb,cfb_20260926_texas_am_aggies_lsu_tigers,20260926CFB00172,DK,draftkings,change,15,2026-09-20T22:00:00,Sep 20,10:00 PM ET,5h ago,home,LSU Tigers,-9.5,68.0,54.0,52.5,0.0,10.0,-360.0,14.0,84.0
2026-09-21T03:57:40,cfb,cfb_20260926_texas_am_aggies_lsu_tigers,20260926CFB00172,DK,draftkings,change,16,2026-09-20T21:50:00,Sep 20,9:50 PM ET,6h ago,away,Texas A&M Aggies,9.5,32.0,46.0,52.5,100.0,90.0,285.0,86.0,17.0
2026-09-21T03:57:40,cfb,cfb_20260926_texas_am_aggies_lsu_tigers,20260926CFB00172,DK,draftkings,change,16,2026-09-20T21:50:00,Sep 20,9:50 PM ET,6h ago,home,LSU Tigers,-9.5,68.0,54.0,52.5,0.0,10.0,-360.0,14.0,83.0
2026-09-21T03:57:40,cfb,cfb_20260926_texas_am_aggies_lsu_tigers,20260926CFB00172,DK,draftkings,change,17,2026-09-20T21:40:00,Sep 20,9:40 PM ET,6h ago,away,Texas A&M Aggies,9.5,32.0,45.0,52.5,100.0,89.0,285.0,86.0,16.0
2026-09-21T03:57:40,cfb,cfb_20260926_texas_am_aggies_lsu_tigers,20260926CFB00172,DK,draftkings,change,17,2026-09-20T21:40:00,Sep 20,9:40 PM ET,6h ago,home,LSU Tigers,-9.5,68.0,55.0,52.5,0.0,11.0,-360.0,14.0,84.0
2026-09-21T03:57:40,cfb,cfb_20260926_texas_am_aggies_lsu_tigers,20260926CFB00172,DK,draftkings,change,18,2026-09-20T21:30:00,Sep 20,9:30 PM ET,6h ago,away,Texas A&M Aggies,9.5,32.0,44.0,52.5,100.0,89.0,285.0,87.0,16.0
2026-09-21T03:57:40,cfb,cfb_20260926_texas_am_aggies_lsu_tigers,20260926CFB00172,DK,draftkings,change,18,2026-09-20T21:30:00,Sep 20,9:30 PM ET,6h ago,home,LSU Tigers,-9.5,68.0,56.0,52.5,0.0,11.0,-360.0,13.0,84.0
2026-09-21T03:57:40,cfb,cfb_20260926_texas_am_aggies_lsu_tigers,20260926CFB00172,DK,draftkings,change,19,2026-09-20T21:15:00,Sep 20,9:15 PM ET,6h ago,away,Texas A&M Aggies,9.5,32.0,45.0,52.5,100.0,89.0,285.0,87.0,16.0
2026-09-21T03:57:40,cfb,cfb_20260926_texas_am_aggies_lsu_tigers,20260926CFB00172,DK,draftkings,change,19,2026-09-20T21:15:00,Sep 20,9:15 PM ET,6h ago,home,LSU Tigers,-9.5,68.0,55.0,52.5,0.0,11.0,-360.0,13.0,84.0
2026-09-21T03:57:40,cfb,cfb_20260926_texas_am_aggies_lsu_tigers,20260926CFB00172,DK,draftkings,change,20,2026-09-20T21:10:00,Sep 20,9:10 PM ET,6h ago,away,Texas A&M Aggies,9.5,32.0,45.0,52.5,100.0,88.0,285.0,87.0,16.0
2026-09-21T03:57:40,cfb,cfb_20260926_texas_am_aggies_lsu_tigers,20260926CFB00172,DK,draftkings,change,20,2026-09-20T21:10:00,Sep 20,9:10 PM ET,6h ago,home,LSU Tigers,-9.5,68.0,55.0,52.5,0.0,13.0,-360.0,13.0,84.0
2026-09-21T03:57:40,cfb,cfb_20260926_texas_am_aggies_lsu_tigers,20260926CFB00172,DK,draftkings,change,21,2026-09-20T20:50:00,Sep 20,8:50 PM ET,7h ago,away,Texas A&M Aggies,9.5,32.0,44.0,52.5,100.0,88.0,285.0,87.0,16.0
2026-09-21T03:57:40,cfb,cfb_20260926_texas_am_aggies_lsu_tigers,20260926CFB00172,DK,draftkings,change,21,2026-09-20T20:50:00,Sep 20,8:50 PM ET,7h ago,home,LSU Tigers,-9.5,68.0,56.0,52.5,0.0,13.0,-360.0,13.0,84.0
2026-09-21T03:57:40,cfb,cfb_20260926_texas_am_aggies_lsu_tigers,20260926CFB00172,DK,draftkings,change,22,2026-09-20T20:30:00,Sep 20,8:30 PM ET,7h ago,away,Texas A&M Aggies,9.5,32.0,44.0,52.5,100.0,88.0,285.0,87.0,17.0
2026-09-21T03:57:40,cfb,cfb_20260926_texas_am_aggies_lsu_tigers,20260926CFB00172,DK,draftkings,change,22,2026-09-20T20:30:00,Sep 20,8:30 PM ET,7h ago,home,LSU Tigers,-9.5,68.0,56.0,52.5,0.0,13.0,-360.0,13.0,83.0
2026-09-21T03:57:40,cfb,cfb_20260926_texas_am_aggies_lsu_tigers,20260926CFB00172,DK,draftkings,change,23,2026-09-20T19:50:00,Sep 20,7:50 PM ET,8h ago,away,Texas A&M Aggies,9.5,32.0,44.0,52.5,100.0,86.0,275.0,87.0,17.0
2026-09-21T03:57:40,cfb,cfb_20260926_texas_am_aggies_lsu_tigers,20260926CFB00172,DK,draftkings,change,23,2026-09-20T19:50:00,Sep 20,7:50 PM ET,8h ago,home,LSU Tigers,-9.5,68.0,56.0,52.5,0.0,14.0,-345.0,13.0,83.0
2026-09-21T03:57:40,cfb,cfb_20260926_texas_am_aggies_lsu_tigers,20260926CFB00172,DK,draftkings,change,24,2026-09-20T19:40:00,Sep 20,7:40 PM ET,8h ago,away,Texas A&M Aggies,9.5,32.0,44.0,52.5,100.0,86.0,275.0,88.0,16.0
2026-09-21T03:57:40,cfb,cfb_20260926_texas_am_aggies_lsu_tigers,20260926CFB00172,DK,draftkings,change,24,2026-09-20T19:40:00,Sep 20,7:40 PM ET,8h ago,home,LSU Tigers,-9.5,68.0,56.0,52.5,0.0,14.0,-345.0,12.0,84.0
2026-09-21T03:57:40,cfb,cfb_20260926_texas_am_aggies_lsu_tigers,20260926CFB00172,DK,draftkings,change,25,2026-09-20T19:30:00,Sep 20,7:30 PM ET,8h ago,away,Texas A&M Aggies,9.5,32.0,44.0,52.5,100.0,86.0,275.0,89.0,17.0
2026-09-21T03:57:40,cfb,cfb_20260926_texas_am_aggies_lsu_tigers,20260926CFB00172,DK,draftkings,change,25,2026-09-20T19:30:00,Sep 20,7:30 PM ET,8h ago,home,LSU Tigers,-9.5,68.0,56.0,52.5,0.0,14.0,-345.0,11.0,83.0
2026-09-21T03:57:40,cfb,cfb_20260926_texas_am_aggies_lsu_tigers,20260926CFB00172,DK,draftkings,change,26,2026-09-20T19:25:00,Sep 20,7:25 PM ET,8h ago,away,Texas A&M Aggies,9.5,32.0,45.0,52.5,100.0,86.0,275.0,89.0,16.0
2026-09-21T03:57:40,cfb,cfb_20260926_texas_am_aggies_lsu_tigers,20260926CFB00172,DK,draftkings,change,26,2026-09-20T19:25:00,Sep 20,7:25 PM ET,8h ago,home,LSU Tigers,-9.5,68.0,55.0,52.5,0.0,14.0,-345.0,11.0,84.0
2026-09-21T03:57:40,cfb,cfb_20260926_texas_am_aggies_lsu_tigers,20260926CFB00172,DK,draftkings,change,27,2026-09-20T19:05:00,Sep 20,7:05 PM ET,8h ago,away,Texas A&M Aggies,9.5,32.0,46.0,52.5,100.0,86.0,275.0,89.0,16.0
2026-09-21T03:57:40,cfb,cfb_20260926_texas_am_aggies_lsu_tigers,20260926CFB00172,DK,draftkings,change,27,2026-09-20T19:05:00,Sep 20,7:05 PM ET,8h ago,home,LSU Tigers,-9.5,68.0,54.0,52.5,0.0,14.0,-345.0,11.0,84.0
2026-09-21T03:57:41,cfb,cfb_20260926_texas_am_aggies_lsu_tigers,20260926CFB00172,CIRCA,circa,open,1,2026-09-20T15:05:00,Sep 20,3:05 PM ET,12h ago,away,Texas A&M Aggies,9.0,100.0,100.0,53.5,50.0,50.0,,50.0,50.0
2026-09-21T03:57:41,cfb,cfb_20260926_texas_am_aggies_lsu_tigers,20260926CFB00172,CIRCA,circa,open,1,2026-09-20T15:05:00,Sep 20,3:05 PM ET,12h ago,home,LSU Tigers,-9.0,0.0,0.0,53.5,50.0,50.0,,50.0,50.0
2026-09-21T03:57:41,cfb,cfb_20260926_texas_am_aggies_lsu_tigers,20260926CFB00172,CIRCA,circa,change,2,2026-09-20T19:35:00,Sep 20,7:35 PM ET,8h ago,away,Texas A&M Aggies,10.0,23.0,60.0,52.0,50.0,50.0,,50.0,50.0
2026-09-21T03:57:41,cfb,cfb_20260926_texas_am_aggies_lsu_tigers,20260926CFB00172,CIRCA,circa,change,2,2026-09-20T19:35:00,Sep 20,7:35 PM ET,8h ago,home,LSU Tigers,-10.0,77.0,40.0,52.0,50.0,50.0,,50.0,50.0
2026-09-21T03:57:41,cfb,cfb_20260926_texas_am_aggies_lsu_tigers,20260926CFB00172,CIRCA,circa,change,3,2026-09-20T18:00:00,Sep 20,6:00 PM ET,9h ago,away,Texas A&M Aggies,10.0,8.0,50.0,53.5,50.0,50.0,,50.0,50.0
2026-09-21T03:57:41,cfb,cfb_20260926_texas_am_aggies_lsu_tigers,20260926CFB00172,CIRCA,circa,change,3,2026-09-20T18:00:00,Sep 20,6:00 PM ET,9h ago,home,LSU Tigers,-10.0,92.0,50.0,53.5,50.0,50.0,,50.0,50.0
2026-09-21T03:57:41,cfb,cfb_20260926_texas_am_aggies_lsu_tigers,20260926CFB00172,CIRCA,circa,change,4,2026-09-20T16:45:00,Sep 20,4:45 PM ET,11h ago,away,Texas A&M Aggies,9.0,2.0,33.0,53.5,50.0,50.0,,50.0,50.0
2026-09-21T03:57:41,cfb,cfb_20260926_texas_am_aggies_lsu_tigers,20260926CFB00172,CIRCA,circa,change,4,2026-09-20T16:45:00,Sep 20,4:45 PM ET,11h ago,home,LSU Tigers,-9.0,98.0,67.0,53.5,50.0,50.0,,50.0,50.0
2026-09-21T03:57:41,cfb,cfb_20260926_texas_am_aggies_lsu_tigers,20260926CFB00172,CIRCA,circa,change,5,2026-09-20T16:05:00,Sep 20,4:05 PM ET,11h ago,away,Texas A&M Aggies,9.0,14.0,50.0,53.5,50.0,50.0,,50.0,50.0
2026-09-21T03:57:41,cfb,cfb_20260926_texas_am_aggies_lsu_tigers,20260926CFB00172,CIRCA,circa,change,5,2026-09-20T16:05:00,Sep 20,4:05 PM ET,11h ago,home,LSU Tigers,-9.0,86.0,50.0,53.5,50.0,50.0,,50.0,50.0
2026-09-21T03:57:41,cfb,cfb_20260926_texas_am_aggies_lsu_tigers,20260926CFB00172,CIRCA,circa,change,6,2026-09-20T15:05:00,Sep 20,3:05 PM ET,12h ago,away,Texas A&M Aggies,9.0,100.0,100.0,53.5,50.0,50.0,,50.0,50.0
2026-09-21T03:57:41,cfb,cfb_20260926_texas_am_aggies_lsu_tigers,20260926CFB00172,CIRCA,circa,change,6,2026-09-20T15:05:00,Sep 20,3:05 PM ET,12h ago,home,LSU Tigers,-9.0,0.0,0.0,53.5,50.0,50.0,,50.0,50.0
2026-09-21T03:57:42,cfb,cfb_20260926_appalachian_st_mountaineers_nc_state_wolfpack,20260926CFB00187,DK,draftkings,open,1,2026-09-20T16:05:00,Sep 20,4:05 PM ET,11h ago,away,Appalachian ST Mountaineers,,0.0,0.0,,0.0,0.0,400.0,0.0,0.0
2026-09-21T03:57:42,cfb,cfb_20260926_appalachian_st_mountaineers_nc_state_wolfpack,20260926CFB00187,DK,draftkings,open,1,2026-09-20T16:05:00,Sep 20,4:05 PM ET,11h ago,home,NC State Wolfpack,,0.0,0.0,,0.0,0.0,-535.0,100.0,100.0
2026-09-21T03:57:42,cfb,cfb_20260926_appalachian_st_mountaineers_nc_state_wolfpack,20260926CFB00187,DK,draftkings,change,2,2026-09-21T00:00:00,Sep 21,12:00 AM ET,3h ago,away,Appalachian ST Mountaineers,13.5,0.0,0.0,54.5,100.0,100.0,400.0,0.0,0.0
2026-09-21T03:57:42,cfb,cfb_20260926_appalachian_st_mountaineers_nc_state_wolfpack,20260926CFB00187,DK,draftkings,change,2,2026-09-21T00:00:00,Sep 21,12:00 AM ET,3h ago,home,NC State Wolfpack,-13.5,100.0,100.0,54.5,0.0,0.0,-535.0,100.0,100.0
2026-09-21T03:57:42,cfb,cfb_20260926_appalachian_st_mountaineers_nc_state_wolfpack,20260926CFB00187,DK,draftkings,change,3,2026-09-20T21:30:00,Sep 20,9:30 PM ET,6h ago,away,Appalachian ST Mountaineers,13.5,0.0,0.0,,0.0,0.0,400.0,0.0,0.0
2026-09-21T03:57:42,cfb,cfb_20260926_appalachian_st_mountaineers_nc_state_wolfpack,20260926CFB00187,DK,draftkings,change,3,2026-09-20T21:30:00,Sep 20,9:30 PM ET,6h ago,home,NC State Wolfpack,-13.5,100.0,100.0,,0.0,0.0,-535.0,100.0,100.0
2026-09-21T03:57:42,cfb,cfb_20260926_appalachian_st_mountaineers_nc_state_wolfpack,20260926CFB00187,DK,draftkings,change,4,2026-09-20T16:05:00,Sep 20,4:05 PM ET,11h ago,away,Appalachian ST Mountaineers,,0.0,0.0,,0.0,0.0,400.0,0.0,0.0
2026-09-21T03:57:42,cfb,cfb_20260926_appalachian_st_mountaineers_nc_state_wolfpack,20260926CFB00187,DK,draftkings,change,4,2026-09-20T16:05:00,Sep 20,4:05 PM ET,11h ago,home,NC State Wolfpack,,0.0,0.0,,0.0,0.0,-535.0,100.0,100.0
2026-09-21T03:57:43,cfb,cfb_20260926_appalachian_st_mountaineers_nc_state_wolfpack,20260926CFB00187,CIRCA,circa,open,1,2026-09-20T15:00:00,Sep 20,3:00 PM ET,12h ago,away,Appalachian ST Mountaineers,13.5,50.0,50.0,54.5,50.0,50.0,,50.0,50.0
2026-09-21T03:57:43,cfb,cfb_20260926_appalachian_st_mountaineers_nc_state_wolfpack,20260926CFB00187,CIRCA,circa,open,1,2026-09-20T15:00:00,Sep 20,3:00 PM ET,12h ago,home,NC State Wolfpack,-13.5,50.0,50.0,54.5,50.0,50.0,,50.0,50.0
2026-09-21T03:57:43,cfb,cfb_20260926_appalachian_st_mountaineers_nc_state_wolfpack,20260926CFB00187,CIRCA,circa,change,2,2026-09-20T15:05:00,Sep 20,3:05 PM ET,12h ago,away,Appalachian ST Mountaineers,13.5,0.0,0.0,54.5,50.0,50.0,,50.0,50.0
2026-09-21T03:57:43,cfb,cfb_20260926_appalachian_st_mountaineers_nc_state_wolfpack,20260926CFB00187,CIRCA,circa,change,2,2026-09-20T15:05:00,Sep 20,3:05 PM ET,12h ago,home,NC State Wolfpack,-13.5,100.0,100.0,54.5,50.0,50.0,,50.0,50.0
2026-09-21T03:57:43,cfb,cfb_20260926_appalachian_st_mountaineers_nc_state_wolfpack,20260926CFB00187,CIRCA,circa,change,3,2026-09-20T15:00:00,Sep 20,3:00 PM ET,12h ago,away,Appalachian ST Mountaineers,13.5,50.0,50.0,54.5,50.0,50.0,,50.0,50.0
2026-09-21T03:57:43,cfb,cfb_20260926_appalachian_st_mountaineers_nc_state_wolfpack,20260926CFB00187,CIRCA,circa,change,3,2026-09-20T15:00:00,Sep 20,3:00 PM ET,12h ago,home,NC State Wolfpack,-13.5,50.0,50.0,54.5,50.0,50.0,,50.0,50.0
2026-09-21T03:57:45,cfb,cfb_20260926_oregon_ducks_usc_trojans,20260926CFB00229,DK,draftkings,open,1,2026-07-15T11:10:00,Jul 15,11:10 AM ET,67d ago,away,Oregon Ducks,-5.5,100.0,100.0,,0.0,0.0,,0.0,0.0
2026-09-21T03:57:45,cfb,cfb_20260926_oregon_ducks_usc_trojans,20260926CFB00229,DK,draftkings,open,1,2026-07-15T11:10:00,Jul 15,11:10 AM ET,67d ago,home,USC Trojans,5.5,0.0,0.0,,0.0,0.0,,0.0,0.0
2026-09-21T03:57:45,cfb,cfb_20260926_oregon_ducks_usc_trojans,20260926CFB00229,DK,draftkings,first_full,2,2026-09-18T15:10:00,Sep 18,3:10 PM ET,2d ago,away,Oregon Ducks,2.5,100.0,78.0,62.5,100.0,100.0,105.0,100.0,89.0
2026-09-21T03:57:45,cfb,cfb_20260926_oregon_ducks_usc_trojans,20260926CFB00229,DK,draftkings,first_full,2,2026-09-18T15:10:00,Sep 18,3:10 PM ET,2d ago,home,USC Trojans,-2.5,0.0,22.0,62.5,0.0,0.0,-125.0,0.0,11.0
2026-09-21T03:57:45,cfb,cfb_20260926_oregon_ducks_usc_trojans,20260926CFB00229,DK,draftkings,change,3,2026-09-21T02:10:00,Sep 21,2:10 AM ET,1h ago,away,Oregon Ducks,-2.5,100.0,78.0,62.5,98.0,87.0,-142.0,96.0,79.0
2026-09-21T03:57:45,cfb,cfb_20260926_oregon_ducks_usc_trojans,20260926CFB00229,DK,draftkings,change,3,2026-09-21T02:10:00,Sep 21,2:10 AM ET,1h ago,home,USC Trojans,2.5,0.0,22.0,62.5,2.0,13.0,120.0,4.0,21.0
2026-09-21T03:57:45,cfb,cfb_20260926_oregon_ducks_usc_trojans,20260926CFB00229,DK,draftkings,change,4,2026-09-21T01:00:00,Sep 21,1:00 AM ET,2h ago,away,Oregon Ducks,-2.5,100.0,77.0,62.5,98.0,87.0,-142.0,96.0,78.0
2026-09-21T03:57:45,cfb,cfb_20260926_oregon_ducks_usc_trojans,20260926CFB00229,DK,draftkings,change,4,2026-09-21T01:00:00,Sep 21,1:00 AM ET,2h ago,home,USC Trojans,2.5,0.0,23.0,62.5,2.0,13.0,120.0,4.0,22.0
2026-09-21T03:57:45,cfb,cfb_20260926_oregon_ducks_usc_trojans,20260926CFB00229,DK,draftkings,change,5,2026-09-21T00:35:00,Sep 21,12:35 AM ET,3h ago,away,Oregon Ducks,-2.5,100.0,79.0,62.5,98.0,87.0,-142.0,96.0,78.0
2026-09-21T03:57:45,cfb,cfb_20260926_oregon_ducks_usc_trojans,20260926CFB00229,DK,draftkings,change,5,2026-09-21T00:35:00,Sep 21,12:35 AM ET,3h ago,home,USC Trojans,2.5,0.0,21.0,62.5,2.0,13.0,120.0,4.0,22.0
2026-09-21T03:57:45,cfb,cfb_20260926_oregon_ducks_usc_trojans,20260926CFB00229,DK,draftkings,change,6,2026-09-21T00:15:00,Sep 21,12:15 AM ET,3h ago,away,Oregon Ducks,-2.5,100.0,80.0,62.5,98.0,87.0,-142.0,96.0,78.0
2026-09-21T03:57:45,cfb,cfb_20260926_oregon_ducks_usc_trojans,20260926CFB00229,DK,draftkings,change,6,2026-09-21T00:15:00,Sep 21,12:15 AM ET,3h ago,home,USC Trojans,2.5,0.0,20.0,62.5,2.0,13.0,120.0,4.0,22.0
2026-09-21T03:57:45,cfb,cfb_20260926_oregon_ducks_usc_trojans,20260926CFB00229,DK,draftkings,change,7,2026-09-21T00:10:00,Sep 21,12:10 AM ET,3h ago,away,Oregon Ducks,-2.5,100.0,81.0,62.5,98.0,87.0,-142.0,96.0,78.0
2026-09-21T03:57:45,cfb,cfb_20260926_oregon_ducks_usc_trojans,20260926CFB00229,DK,draftkings,change,7,2026-09-21T00:10:00,Sep 21,12:10 AM ET,3h ago,home,USC Trojans,2.5,0.0,19.0,62.5,2.0,13.0,120.0,4.0,22.0
2026-09-21T03:57:45,cfb,cfb_20260926_oregon_ducks_usc_trojans,20260926CFB00229,DK,draftkings,change,8,2026-09-20T23:10:00,Sep 20,11:10 PM ET,4h ago,away,Oregon Ducks,-2.5,100.0,81.0,62.5,98.0,87.0,-142.0,96.0,77.0
2026-09-21T03:57:45,cfb,cfb_20260926_oregon_ducks_usc_trojans,20260926CFB00229,DK,draftkings,change,8,2026-09-20T23:10:00,Sep 20,11:10 PM ET,4h ago,home,USC Trojans,2.5,0.0,19.0,62.5,2.0,13.0,120.0,4.0,23.0
2026-09-21T03:57:45,cfb,cfb_20260926_oregon_ducks_usc_trojans,20260926CFB00229,DK,draftkings,change,9,2026-09-20T22:55:00,Sep 20,10:55 PM ET,5h ago,away,Oregon Ducks,-2.5,100.0,83.0,62.5,98.0,87.0,-142.0,96.0,77.0
2026-09-21T03:57:45,cfb,cfb_20260926_oregon_ducks_usc_trojans,20260926CFB00229,DK,draftkings,change,9,2026-09-20T22:55:00,Sep 20,10:55 PM ET,5h ago,home,USC Trojans,2.5,0.0,17.0,62.5,2.0,13.0,120.0,4.0,23.0
2026-09-21T03:57:45,cfb,cfb_20260926_oregon_ducks_usc_trojans,20260926CFB00229,DK,draftkings,change,10,2026-09-20T22:30:00,Sep 20,10:30 PM ET,5h ago,away,Oregon Ducks,-2.5,100.0,83.0,62.5,97.0,86.0,-142.0,96.0,77.0
2026-09-21T03:57:45,cfb,cfb_20260926_oregon_ducks_usc_trojans,20260926CFB00229,DK,draftkings,change,10,2026-09-20T22:30:00,Sep 20,10:30 PM ET,5h ago,home,USC Trojans,2.5,0.0,17.0,62.5,3.0,14.0,120.0,4.0,23.0
2026-09-21T03:57:45,cfb,cfb_20260926_oregon_ducks_usc_trojans,20260926CFB00229,DK,draftkings,change,11,2026-09-20T22:10:00,Sep 20,10:10 PM ET,5h ago,away,Oregon Ducks,-2.5,100.0,83.0,62.5,97.0,86.0,-142.0,96.0,78.0
2026-09-21T03:57:45,cfb,cfb_20260926_oregon_ducks_usc_trojans,20260926CFB00229,DK,draftkings,change,11,2026-09-20T22:10:00,Sep 20,10:10 PM ET,5h ago,home,USC Trojans,2.5,0.0,17.0,62.5,3.0,14.0,120.0,4.0,22.0
2026-09-21T03:57:45,cfb,cfb_20260926_oregon_ducks_usc_trojans,20260926CFB00229,DK,draftkings,change,12,2026-09-20T21:50:00,Sep 20,9:50 PM ET,6h ago,away,Oregon Ducks,-2.5,100.0,84.0,62.5,97.0,86.0,-142.0,96.0,79.0
2026-09-21T03:57:45,cfb,cfb_20260926_oregon_ducks_usc_trojans,20260926CFB00229,DK,draftkings,change,12,2026-09-20T21:50:00,Sep 20,9:50 PM ET,6h ago,home,USC Trojans,2.5,0.0,16.0,62.5,3.0,14.0,120.0,4.0,21.0
2026-09-21T03:57:45,cfb,cfb_20260926_oregon_ducks_usc_trojans,20260926CFB00229,DK,draftkings,change,13,2026-09-20T21:40:00,Sep 20,9:40 PM ET,6h ago,away,Oregon Ducks,-2.5,100.0,84.0,62.5,97.0,85.0,-142.0,96.0,79.0
2026-09-21T03:57:45,cfb,cfb_20260926_oregon_ducks_usc_trojans,20260926CFB00229,DK,draftkings,change,13,2026-09-20T21:40:00,Sep 20,9:40 PM ET,6h ago,home,USC Trojans,2.5,0.0,16.0,62.5,3.0,15.0,120.0,4.0,21.0
2026-09-21T03:57:45,cfb,cfb_20260926_oregon_ducks_usc_trojans,20260926CFB00229,DK,draftkings,change,14,2026-09-20T21:30:00,Sep 20,9:30 PM ET,6h ago,away,Oregon Ducks,-2.5,100.0,84.0,62.5,97.0,85.0,-142.0,96.0,80.0
2026-09-21T03:57:45,cfb,cfb_20260926_oregon_ducks_usc_trojans,20260926CFB00229,DK,draftkings,change,14,2026-09-20T21:30:00,Sep 20,9:30 PM ET,6h ago,home,USC Trojans,2.5,0.0,16.0,62.5,3.0,15.0,120.0,4.0,20.0
2026-09-21T03:57:45,cfb,cfb_20260926_oregon_ducks_usc_trojans,20260926CFB00229,DK,draftkings,change,15,2026-09-20T21:05:00,Sep 20,9:05 PM ET,6h ago,away,Oregon Ducks,-2.5,100.0,84.0,62.5,97.0,83.0,-142.0,96.0,80.0
2026-09-21T03:57:45,cfb,cfb_20260926_oregon_ducks_usc_trojans,20260926CFB00229,DK,draftkings,change,15,2026-09-20T21:05:00,Sep 20,9:05 PM ET,6h ago,home,USC Trojans,2.5,0.0,16.0,62.5,3.0,17.0,120.0,4.0,20.0
2026-09-21T03:57:45,cfb,cfb_20260926_oregon_ducks_usc_trojans,20260926CFB00229,DK,draftkings,change,16,2026-09-20T20:55:00,Sep 20,8:55 PM ET,7h ago,away,Oregon Ducks,-2.5,100.0,84.0,62.5,97.0,83.0,-142.0,96.0,81.0
2026-09-21T03:57:45,cfb,cfb_20260926_oregon_ducks_usc_trojans,20260926CFB00229,DK,draftkings,change,16,2026-09-20T20:55:00,Sep 20,8:55 PM ET,7h ago,home,USC Trojans,2.5,0.0,16.0,62.5,3.0,17.0,120.0,4.0,19.0
2026-09-21T03:57:45,cfb,cfb_20260926_oregon_ducks_usc_trojans,20260926CFB00229,DK,draftkings,change,17,2026-09-20T20:30:00,Sep 20,8:30 PM ET,7h ago,away,Oregon Ducks,-2.5,100.0,84.0,62.5,96.0,82.0,-142.0,96.0,81.0
2026-09-21T03:57:45,cfb,cfb_20260926_oregon_ducks_usc_trojans,20260926CFB00229,DK,draftkings,change,17,2026-09-20T20:30:00,Sep 20,8:30 PM ET,7h ago,home,USC Trojans,2.5,0.0,16.0,62.5,4.0,18.0,120.0,4.0,19.0
2026-09-21T03:57:45,cfb,cfb_20260926_oregon_ducks_usc_trojans,20260926CFB00229,DK,draftkings,change,18,2026-09-20T19:55:00,Sep 20,7:55 PM ET,8h ago,away,Oregon Ducks,-2.5,100.0,84.0,62.5,96.0,80.0,-142.0,96.0,81.0
2026-09-21T03:57:45,cfb,cfb_20260926_oregon_ducks_usc_trojans,20260926CFB00229,DK,draftkings,change,18,2026-09-20T19:55:00,Sep 20,7:55 PM ET,8h ago,home,USC Trojans,2.5,0.0,16.0,62.5,4.0,20.0,120.0,4.0,19.0
2026-09-21T03:57:45,cfb,cfb_20260926_oregon_ducks_usc_trojans,20260926CFB00229,DK,draftkings,change,19,2026-09-20T19:50:00,Sep 20,7:50 PM ET,8h ago,away,Oregon Ducks,-3.0,100.0,84.0,62.5,96.0,80.0,-142.0,96.0,84.0
2026-09-21T03:57:45,cfb,cfb_20260926_oregon_ducks_usc_trojans,20260926CFB00229,DK,draftkings,change,19,2026-09-20T19:50:00,Sep 20,7:50 PM ET,8h ago,home,USC Trojans,3.0,0.0,16.0,62.5,4.0,20.0,120.0,4.0,16.0
2026-09-21T03:57:45,cfb,cfb_20260926_oregon_ducks_usc_trojans,20260926CFB00229,DK,draftkings,change,20,2026-09-20T19:30:00,Sep 20,7:30 PM ET,8h ago,away,Oregon Ducks,-2.5,100.0,84.0,62.5,96.0,78.0,-135.0,96.0,84.0
2026-09-21T03:57:45,cfb,cfb_20260926_oregon_ducks_usc_trojans,20260926CFB00229,DK,draftkings,change,20,2026-09-20T19:30:00,Sep 20,7:30 PM ET,8h ago,home,USC Trojans,2.5,0.0,16.0,62.5,4.0,22.0,114.0,4.0,16.0
2026-09-21T03:57:45,cfb,cfb_20260926_oregon_ducks_usc_trojans,20260926CFB00229,DK,draftkings,change,21,2026-09-20T19:05:00,Sep 20,7:05 PM ET,8h ago,away,Oregon Ducks,-2.5,100.0,83.0,62.5,96.0,78.0,-135.0,96.0,84.0
2026-09-21T03:57:45,cfb,cfb_20260926_oregon_ducks_usc_trojans,20260926CFB00229,DK,draftkings,change,21,2026-09-20T19:05:00,Sep 20,7:05 PM ET,8h ago,home,USC Trojans,2.5,0.0,17.0,62.5,4.0,22.0,114.0,4.0,16.0
2026-09-21T03:57:45,cfb,cfb_20260926_oregon_ducks_usc_trojans,20260926CFB00229,DK,draftkings,change,22,2026-09-20T19:00:00,Sep 20,7:00 PM ET,8h ago,away,Oregon Ducks,-2.5,100.0,85.0,62.5,96.0,75.0,-135.0,96.0,84.0
2026-09-21T03:57:45,cfb,cfb_20260926_oregon_ducks_usc_trojans,20260926CFB00229,DK,draftkings,change,22,2026-09-20T19:00:00,Sep 20,7:00 PM ET,8h ago,home,USC Trojans,2.5,0.0,15.0,62.5,4.0,25.0,114.0,4.0,16.0
2026-09-21T03:57:45,cfb,cfb_20260926_oregon_ducks_usc_trojans,20260926CFB00229,DK,draftkings,change,23,2026-09-20T18:30:00,Sep 20,6:30 PM ET,9h ago,away,Oregon Ducks,-2.5,100.0,84.0,62.5,96.0,75.0,-135.0,96.0,84.0
2026-09-21T03:57:45,cfb,cfb_20260926_oregon_ducks_usc_trojans,20260926CFB00229,DK,draftkings,change,23,2026-09-20T18:30:00,Sep 20,6:30 PM ET,9h ago,home,USC Trojans,2.5,0.0,16.0,62.5,4.0,25.0,114.0,4.0,16.0
2026-09-21T03:57:45,cfb,cfb_20260926_oregon_ducks_usc_trojans,20260926CFB00229,DK,draftkings,change,24,2026-09-20T18:25:00,Sep 20,6:25 PM ET,9h ago,away,Oregon Ducks,-2.5,100.0,86.0,62.5,96.0,75.0,-135.0,96.0,84.0
2026-09-21T03:57:45,cfb,cfb_20260926_oregon_ducks_usc_trojans,20260926CFB00229,DK,draftkings,change,24,2026-09-20T18:25:00,Sep 20,6:25 PM ET,9h ago,home,USC Trojans,2.5,0.0,14.0,62.5,4.0,25.0,114.0,4.0,16.0
2026-09-21T03:57:45,cfb,cfb_20260926_oregon_ducks_usc_trojans,20260926CFB00229,DK,draftkings,change,25,2026-09-20T18:15:00,Sep 20,6:15 PM ET,9h ago,away,Oregon Ducks,-2.5,100.0,86.0,62.5,96.0,75.0,-135.0,96.0,85.0
2026-09-21T03:57:45,cfb,cfb_20260926_oregon_ducks_usc_trojans,20260926CFB00229,DK,draftkings,change,25,2026-09-20T18:15:00,Sep 20,6:15 PM ET,9h ago,home,USC Trojans,2.5,0.0,14.0,62.5,4.0,25.0,114.0,4.0,15.0
2026-09-21T03:57:45,cfb,cfb_20260926_oregon_ducks_usc_trojans,20260926CFB00229,DK,draftkings,change,26,2026-09-20T18:00:00,Sep 20,6:00 PM ET,9h ago,away,Oregon Ducks,-2.5,100.0,86.0,62.5,93.0,71.0,-135.0,96.0,85.0
2026-09-21T03:57:45,cfb,cfb_20260926_oregon_ducks_usc_trojans,20260926CFB00229,DK,draftkings,change,26,2026-09-20T18:00:00,Sep 20,6:00 PM ET,9h ago,home,USC Trojans,2.5,0.0,14.0,62.5,7.0,29.0,114.0,4.0,15.0
2026-09-21T03:57:45,cfb,cfb_20260926_oregon_ducks_usc_trojans,20260926CFB00229,DK,draftkings,change,27,2026-09-20T17:10:00,Sep 20,5:10 PM ET,10h ago,away,Oregon Ducks,-2.5,100.0,86.0,62.5,93.0,71.0,-135.0,96.0,84.0
2026-09-21T03:57:45,cfb,cfb_20260926_oregon_ducks_usc_trojans,20260926CFB00229,DK,draftkings,change,27,2026-09-20T17:10:00,Sep 20,5:10 PM ET,10h ago,home,USC Trojans,2.5,0.0,14.0,62.5,7.0,29.0,114.0,4.0,16.0
2026-09-21T03:57:46,cfb,cfb_20260926_oregon_ducks_usc_trojans,20260926CFB00229,CIRCA,circa,open,1,2026-09-20T15:05:00,Sep 20,3:05 PM ET,12h ago,away,Oregon Ducks,-2.5,50.0,50.0,62.5,50.0,50.0,,50.0,50.0
2026-09-21T03:57:46,cfb,cfb_20260926_oregon_ducks_usc_trojans,20260926CFB00229,CIRCA,circa,open,1,2026-09-20T15:05:00,Sep 20,3:05 PM ET,12h ago,home,USC Trojans,2.5,50.0,50.0,62.5,50.0,50.0,,50.0,50.0
2026-09-21T03:57:46,cfb,cfb_20260926_oregon_ducks_usc_trojans,20260926CFB00229,CIRCA,circa,change,2,2026-09-21T01:50:00,Sep 21,1:50 AM ET,2h ago,away,Oregon Ducks,-2.5,97.0,80.0,63.0,99.0,50.0,,50.0,50.0
2026-09-21T03:57:46,cfb,cfb_20260926_oregon_ducks_usc_trojans,20260926CFB00229,CIRCA,circa,change,2,2026-09-21T01:50:00,Sep 21,1:50 AM ET,2h ago,home,USC Trojans,2.5,3.0,20.0,63.0,1.0,50.0,,50.0,50.0
2026-09-21T03:57:46,cfb,cfb_20260926_oregon_ducks_usc_trojans,20260926CFB00229,CIRCA,circa,change,3,2026-09-21T00:15:00,Sep 21,12:15 AM ET,3h ago,away,Oregon Ducks,-2.5,97.0,80.0,62.5,0.0,0.0,,50.0,50.0
2026-09-21T03:57:46,cfb,cfb_20260926_oregon_ducks_usc_trojans,20260926CFB00229,CIRCA,circa,change,3,2026-09-21T00:15:00,Sep 21,12:15 AM ET,3h ago,home,USC Trojans,2.5,3.0,20.0,62.5,100.0,100.0,,50.0,50.0
2026-09-21T03:57:46,cfb,cfb_20260926_oregon_ducks_usc_trojans,20260926CFB00229,CIRCA,circa,change,4,2026-09-20T22:30:00,Sep 20,10:30 PM ET,5h ago,away,Oregon Ducks,-2.5,96.0,78.0,62.5,0.0,0.0,,50.0,50.0
2026-09-21T03:57:46,cfb,cfb_20260926_oregon_ducks_usc_trojans,20260926CFB00229,CIRCA,circa,change,4,2026-09-20T22:30:00,Sep 20,10:30 PM ET,5h ago,home,USC Trojans,2.5,4.0,22.0,62.5,100.0,100.0,,50.0,50.0
2026-09-21T03:57:46,cfb,cfb_20260926_oregon_ducks_usc_trojans,20260926CFB00229,CIRCA,circa,change,5,2026-09-20T21:55:00,Sep 20,9:55 PM ET,6h ago,away,Oregon Ducks,-2.5,97.0,88.0,62.5,50.0,50.0,,50.0,50.0
2026-09-21T03:57:46,cfb,cfb_20260926_oregon_ducks_usc_trojans,20260926CFB00229,CIRCA,circa,change,5,2026-09-20T21:55:00,Sep 20,9:55 PM ET,6h ago,home,USC Trojans,2.5,3.0,13.0,62.5,50.0,50.0,,50.0,50.0
2026-09-21T03:57:46,cfb,cfb_20260926_oregon_ducks_usc_trojans,20260926CFB00229,CIRCA,circa,change,6,2026-09-20T21:20:00,Sep 20,9:20 PM ET,6h ago,away,Oregon Ducks,-2.5,97.0,86.0,62.5,50.0,50.0,,50.0,50.0
2026-09-21T03:57:46,cfb,cfb_20260926_oregon_ducks_usc_trojans,20260926CFB00229,CIRCA,circa,change,6,2026-09-20T21:20:00,Sep 20,9:20 PM ET,6h ago,home,USC Trojans,2.5,3.0,14.0,62.5,50.0,50.0,,50.0,50.0
2026-09-21T03:57:46,cfb,cfb_20260926_oregon_ducks_usc_trojans,20260926CFB00229,CIRCA,circa,change,7,2026-09-20T18:50:00,Sep 20,6:50 PM ET,9h ago,away,Oregon Ducks,-2.5,97.0,83.0,62.5,50.0,50.0,,50.0,50.0
2026-09-21T03:57:46,cfb,cfb_20260926_oregon_ducks_usc_trojans,20260926CFB00229,CIRCA,circa,change,7,2026-09-20T18:50:00,Sep 20,6:50 PM ET,9h ago,home,USC Trojans,2.5,3.0,17.0,62.5,50.0,50.0,,50.0,50.0
2026-09-21T03:57:46,cfb,cfb_20260926_oregon_ducks_usc_trojans,20260926CFB00229,CIRCA,circa,change,8,2026-09-20T18:45:00,Sep 20,6:45 PM ET,9h ago,away,Oregon Ducks,-2.5,95.0,80.0,62.5,50.0,50.0,,50.0,50.0
2026-09-21T03:57:46,cfb,cfb_20260926_oregon_ducks_usc_trojans,20260926CFB00229,CIRCA,circa,change,8,2026-09-20T18:45:00,Sep 20,6:45 PM ET,9h ago,home,USC Trojans,2.5,5.0,20.0,62.5,50.0,50.0,,50.0,50.0
2026-09-21T03:57:46,cfb,cfb_20260926_oregon_ducks_usc_trojans,20260926CFB00229,CIRCA,circa,change,9,2026-09-20T16:40:00,Sep 20,4:40 PM ET,11h ago,away,Oregon Ducks,-2.5,87.0,75.0,62.5,50.0,50.0,,50.0,50.0
2026-09-21T03:57:46,cfb,cfb_20260926_oregon_ducks_usc_trojans,20260926CFB00229,CIRCA,circa,change,9,2026-09-20T16:40:00,Sep 20,4:40 PM ET,11h ago,home,USC Trojans,2.5,13.0,25.0,62.5,50.0,50.0,,50.0,50.0
2026-09-21T03:57:46,cfb,cfb_20260926_oregon_ducks_usc_trojans,20260926CFB00229,CIRCA,circa,change,10,2026-09-20T16:01:00,Sep 20,4:01 PM ET,11h ago,away,Oregon Ducks,-2.5,86.0,67.0,62.5,50.0,50.0,,50.0,50.0
2026-09-21T03:57:46,cfb,cfb_20260926_oregon_ducks_usc_trojans,20260926CFB00229,CIRCA,circa,change,10,2026-09-20T16:01:00,Sep 20,4:01 PM ET,11h ago,home,USC Trojans,2.5,14.0,33.0,62.5,50.0,50.0,,50.0,50.0
2026-09-21T03:57:46,cfb,cfb_20260926_oregon_ducks_usc_trojans,20260926CFB00229,CIRCA,circa,change,11,2026-09-20T15:11:00,Sep 20,3:11 PM ET,12h ago,away,Oregon Ducks,-2.5,100.0,100.0,62.5,50.0,50.0,,50.0,50.0
2026-09-21T03:57:46,cfb,cfb_20260926_oregon_ducks_usc_trojans,20260926CFB00229,CIRCA,circa,change,11,2026-09-20T15:11:00,Sep 20,3:11 PM ET,12h ago,home,USC Trojans,2.5,0.0,0.0,62.5,50.0,50.0,,50.0,50.0
2026-09-21T03:57:46,cfb,cfb_20260926_oregon_ducks_usc_trojans,20260926CFB00229,CIRCA,circa,change,12,2026-09-20T15:05:00,Sep 20,3:05 PM ET,12h ago,away,Oregon Ducks,-2.5,50.0,50.0,62.5,50.0,50.0,,50.0,50.0
2026-09-21T03:57:46,cfb,cfb_20260926_oregon_ducks_usc_trojans,20260926CFB00229,CIRCA,circa,change,12,2026-09-20T15:05:00,Sep 20,3:05 PM ET,12h ago,home,USC Trojans,2.5,50.0,50.0,62.5,50.0,50.0,,50.0,50.0
2026-09-21T03:57:47,cfb,cfb_20260926_troy_trojans_utah_st_aggies,20260926CFB00231,DK,draftkings,open,1,2026-09-20T14:55:00,Sep 20,2:55 PM ET,13h ago,away,Troy Trojans,,0.0,0.0,,0.0,0.0,110.0,100.0,100.0
2026-09-21T03:57:47,cfb,cfb_20260926_troy_trojans_utah_st_aggies,20260926CFB00231,DK,draftkings,open,1,2026-09-20T14:55:00,Sep 20,2:55 PM ET,13h ago,home,Utah ST Aggies,,0.0,0.0,,0.0,0.0,-130.0,0.0,0.0
2026-09-21T03:57:47,cfb,cfb_20260926_troy_trojans_utah_st_aggies,20260926CFB00231,DK,draftkings,change,2,2026-09-20T22:00:00,Sep 20,10:00 PM ET,5h ago,away,Troy Trojans,2.5,100.0,100.0,49.5,0.0,0.0,114.0,100.0,100.0
2026-09-21T03:57:47,cfb,cfb_20260926_troy_trojans_utah_st_aggies,20260926CFB00231,DK,draftkings,change,2,2026-09-20T22:00:00,Sep 20,10:00 PM ET,5h ago,home,Utah ST Aggies,-2.5,0.0,0.0,49.5,100.0,100.0,-135.0,0.0,0.0
2026-09-21T03:57:47,cfb,cfb_20260926_troy_trojans_utah_st_aggies,20260926CFB00231,DK,draftkings,change,3,2026-09-20T16:50:00,Sep 20,4:50 PM ET,11h ago,away,Troy Trojans,,0.0,0.0,49.5,0.0,0.0,114.0,100.0,100.0
2026-09-21T03:57:47,cfb,cfb_20260926_troy_trojans_utah_st_aggies,20260926CFB00231,DK,draftkings,change,3,2026-09-20T16:50:00,Sep 20,4:50 PM ET,11h ago,home,Utah ST Aggies,,0.0,0.0,49.5,100.0,100.0,-135.0,0.0,0.0
2026-09-21T03:57:47,cfb,cfb_20260926_troy_trojans_utah_st_aggies,20260926CFB00231,DK,draftkings,change,4,2026-09-20T14:55:00,Sep 20,2:55 PM ET,13h ago,away,Troy Trojans,,0.0,0.0,,0.0,0.0,110.0,100.0,100.0
2026-09-21T03:57:47,cfb,cfb_20260926_troy_trojans_utah_st_aggies,20260926CFB00231,DK,draftkings,change,4,2026-09-20T14:55:00,Sep 20,2:55 PM ET,13h ago,home,Utah ST Aggies,,0.0,0.0,,0.0,0.0,-130.0,0.0,0.0
2026-09-21T03:57:48,cfb,cfb_20260926_troy_trojans_utah_st_aggies,20260926CFB00231,CIRCA,circa,open,1,2026-09-20T15:05:00,Sep 20,3:05 PM ET,12h ago,away,Troy Trojans,1.5,0.0,0.0,49.5,0.0,0.0,,50.0,50.0
2026-09-21T03:57:48,cfb,cfb_20260926_troy_trojans_utah_st_aggies,20260926CFB00231,CIRCA,circa,open,1,2026-09-20T15:05:00,Sep 20,3:05 PM ET,12h ago,home,Utah ST Aggies,-1.5,100.0,100.0,49.5,100.0,100.0,,50.0,50.0
2026-09-21T03:57:48,cfb,cfb_20260926_troy_trojans_utah_st_aggies,20260926CFB00231,CIRCA,circa,change,2,2026-09-20T15:05:00,Sep 20,3:05 PM ET,12h ago,away,Troy Trojans,1.5,0.0,0.0,49.5,0.0,0.0,,50.0,50.0
2026-09-21T03:57:48,cfb,cfb_20260926_troy_trojans_utah_st_aggies,20260926CFB00231,CIRCA,circa,change,2,2026-09-20T15:05:00,Sep 20,3:05 PM ET,12h ago,home,Utah ST Aggies,-1.5,100.0,100.0,49.5,100.0,100.0,,50.0,50.0
2026-09-21T03:57:50,cfb,cfb_20260926_arizona_wildcats_washington_st_cougars,20260926CFB00238,DK,draftkings,open,1,2026-09-20T14:25:00,Sep 20,2:25 PM ET,13h ago,away,Arizona Wildcats,,0.0,0.0,,0.0,0.0,-575.0,100.0,100.0
2026-09-21T03:57:50,cfb,cfb_20260926_arizona_wildcats_washington_st_cougars,20260926CFB00238,DK,draftkings,open,1,2026-09-20T14:25:00,Sep 20,2:25 PM ET,13h ago,home,Washington ST Cougars,,0.0,0.0,,0.0,0.0,425.0,0.0,0.0
2026-09-21T03:57:50,cfb,cfb_20260926_arizona_wildcats_washington_st_cougars,20260926CFB00238,DK,draftkings,first_full,2,2026-09-21T00:00:00,Sep 21,12:00 AM ET,3h ago,away,Arizona Wildcats,-10.5,100.0,100.0,47.5,100.0,100.0,-425.0,71.0,92.0
2026-09-21T03:57:50,cfb,cfb_20260926_arizona_wildcats_washington_st_cougars,20260926CFB00238,DK,draftkings,first_full,2,2026-09-21T00:00:00,Sep 21,12:00 AM ET,3h ago,home,Washington ST Cougars,10.5,0.0,0.0,47.5,0.0,0.0,330.0,29.0,8.0
2026-09-21T03:57:50,cfb,cfb_20260926_arizona_wildcats_washington_st_cougars,20260926CFB00238,DK,draftkings,change,3,2026-09-21T03:50:00,Sep 21,3:50 AM ET,7m ago,away,Arizona Wildcats,-10.5,100.0,100.0,47.5,100.0,100.0,-425.0,78.0,94.0
2026-09-21T03:57:50,cfb,cfb_20260926_arizona_wildcats_washington_st_cougars,20260926CFB00238,DK,draftkings,change,3,2026-09-21T03:50:00,Sep 21,3:50 AM ET,7m ago,home,Washington ST Cougars,10.5,0.0,0.0,47.5,0.0,0.0,330.0,22.0,6.0
2026-09-21T03:57:50,cfb,cfb_20260926_arizona_wildcats_washington_st_cougars,20260926CFB00238,DK,draftkings,change,4,2026-09-21T01:00:00,Sep 21,1:00 AM ET,2h ago,away,Arizona Wildcats,-10.5,100.0,100.0,47.5,100.0,100.0,-425.0,77.0,94.0
2026-09-21T03:57:50,cfb,cfb_20260926_arizona_wildcats_washington_st_cougars,20260926CFB00238,DK,draftkings,change,4,2026-09-21T01:00:00,Sep 21,1:00 AM ET,2h ago,home,Washington ST Cougars,10.5,0.0,0.0,47.5,0.0,0.0,330.0,23.0,6.0
2026-09-21T03:57:50,cfb,cfb_20260926_arizona_wildcats_washington_st_cougars,20260926CFB00238,DK,draftkings,change,5,2026-09-21T00:50:00,Sep 21,12:50 AM ET,3h ago,away,Arizona Wildcats,-10.5,100.0,100.0,47.5,100.0,100.0,-425.0,75.0,93.0
2026-09-21T03:57:50,cfb,cfb_20260926_arizona_wildcats_washington_st_cougars,20260926CFB00238,DK,draftkings,change,5,2026-09-21T00:50:00,Sep 21,12:50 AM ET,3h ago,home,Washington ST Cougars,10.5,0.0,0.0,47.5,0.0,0.0,330.0,25.0,7.0
2026-09-21T03:57:50,cfb,cfb_20260926_arizona_wildcats_washington_st_cougars,20260926CFB00238,DK,draftkings,change,6,2026-09-21T00:10:00,Sep 21,12:10 AM ET,3h ago,away,Arizona Wildcats,-10.5,100.0,100.0,47.5,100.0,100.0,-425.0,73.0,92.0
2026-09-21T03:57:50,cfb,cfb_20260926_arizona_wildcats_washington_st_cougars,20260926CFB00238,DK,draftkings,change,6,2026-09-21T00:10:00,Sep 21,12:10 AM ET,3h ago,home,Washington ST Cougars,10.5,0.0,0.0,47.5,0.0,0.0,330.0,27.0,8.0
2026-09-21T03:57:50,cfb,cfb_20260926_arizona_wildcats_washington_st_cougars,20260926CFB00238,DK,draftkings,change,7,2026-09-21T00:00:00,Sep 21,12:00 AM ET,3h ago,away,Arizona Wildcats,-10.5,100.0,100.0,47.5,100.0,100.0,-425.0,71.0,92.0
2026-09-21T03:57:50,cfb,cfb_20260926_arizona_wildcats_washington_st_cougars,20260926CFB00238,DK,draftkings,change,7,2026-09-21T00:00:00,Sep 21,12:00 AM ET,3h ago,home,Washington ST Cougars,10.5,0.0,0.0,47.5,0.0,0.0,330.0,29.0,8.0
2026-09-21T03:57:50,cfb,cfb_20260926_arizona_wildcats_washington_st_cougars,20260926CFB00238,DK,draftkings,change,8,2026-09-20T23:55:00,Sep 20,11:55 PM ET,4h ago,away,Arizona Wildcats,-10.5,100.0,100.0,,0.0,0.0,-425.0,71.0,92.0
2026-09-21T03:57:50,cfb,cfb_20260926_arizona_wildcats_washington_st_cougars,20260926CFB00238,DK,draftkings,change,8,2026-09-20T23:55:00,Sep 20,11:55 PM ET,4h ago,home,Washington ST Cougars,10.5,0.0,0.0,,0.0,0.0,330.0,29.0,8.0
2026-09-21T03:57:50,cfb,cfb_20260926_arizona_wildcats_washington_st_cougars,20260926CFB00238,DK,draftkings,change,9,2026-09-20T23:30:00,Sep 20,11:30 PM ET,4h ago,away,Arizona Wildcats,-10.5,100.0,100.0,,0.0,0.0,-425.0,67.0,91.0
2026-09-21T03:57:50,cfb,cfb_20260926_arizona_wildcats_washington_st_cougars,20260926CFB00238,DK,draftkings,change,9,2026-09-20T23:30:00,Sep 20,11:30 PM ET,4h ago,home,Washington ST Cougars,10.5,0.0,0.0,,0.0,0.0,330.0,33.0,9.0
2026-09-21T03:57:50,cfb,cfb_20260926_arizona_wildcats_washington_st_cougars,20260926CFB00238,DK,draftkings,change,10,2026-09-20T22:00:00,Sep 20,10:00 PM ET,5h ago,away,Arizona Wildcats,-10.5,100.0,100.0,,0.0,0.0,-425.0,63.0,90.0
2026-09-21T03:57:50,cfb,cfb_20260926_arizona_wildcats_washington_st_cougars,20260926CFB00238,DK,draftkings,change,10,2026-09-20T22:00:00,Sep 20,10:00 PM ET,5h ago,home,Washington ST Cougars,10.5,0.0,0.0,,0.0,0.0,330.0,37.0,10.0
2026-09-21T03:57:50,cfb,cfb_20260926_arizona_wildcats_washington_st_cougars,20260926CFB00238,DK,draftkings,change,11,2026-09-20T20:40:00,Sep 20,8:40 PM ET,7h ago,away,Arizona Wildcats,-10.5,100.0,100.0,,0.0,0.0,-425.0,62.0,89.0
2026-09-21T03:57:50,cfb,cfb_20260926_arizona_wildcats_washington_st_cougars,20260926CFB00238,DK,draftkings,change,11,2026-09-20T20:40:00,Sep 20,8:40 PM ET,7h ago,home,Washington ST Cougars,10.5,0.0,0.0,,0.0,0.0,330.0,38.0,11.0
2026-09-21T03:57:50,cfb,cfb_20260926_arizona_wildcats_washington_st_cougars,20260926CFB00238,DK,draftkings,change,12,2026-09-20T20:20:00,Sep 20,8:20 PM ET,7h ago,away,Arizona Wildcats,-10.5,100.0,100.0,,0.0,0.0,-425.0,61.0,88.0
2026-09-21T03:57:50,cfb,cfb_20260926_arizona_wildcats_washington_st_cougars,20260926CFB00238,DK,draftkings,change,12,2026-09-20T20:20:00,Sep 20,8:20 PM ET,7h ago,home,Washington ST Cougars,10.5,0.0,0.0,,0.0,0.0,330.0,39.0,13.0
2026-09-21T03:57:50,cfb,cfb_20260926_arizona_wildcats_washington_st_cougars,20260926CFB00238,DK,draftkings,change,13,2026-09-20T19:55:00,Sep 20,7:55 PM ET,8h ago,away,Arizona Wildcats,,0.0,0.0,,0.0,0.0,-425.0,61.0,88.0
2026-09-21T03:57:50,cfb,cfb_20260926_arizona_wildcats_washington_st_cougars,20260926CFB00238,DK,draftkings,change,13,2026-09-20T19:55:00,Sep 20,7:55 PM ET,8h ago,home,Washington ST Cougars,,0.0,0.0,,0.0,0.0,330.0,39.0,13.0
2026-09-21T03:57:50,cfb,cfb_20260926_arizona_wildcats_washington_st_cougars,20260926CFB00238,DK,draftkings,change,14,2026-09-20T19:40:00,Sep 20,7:40 PM ET,8h ago,away,Arizona Wildcats,,0.0,0.0,,0.0,0.0,-535.0,59.0,86.0
2026-09-21T03:57:50,cfb,cfb_20260926_arizona_wildcats_washington_st_cougars,20260926CFB00238,DK,draftkings,change,14,2026-09-20T19:40:00,Sep 20,7:40 PM ET,8h ago,home,Washington ST Cougars,,0.0,0.0,,0.0,0.0,400.0,41.0,14.0
2026-09-21T03:57:50,cfb,cfb_20260926_arizona_wildcats_washington_st_cougars,20260926CFB00238,DK,draftkings,change,15,2026-09-20T18:25:00,Sep 20,6:25 PM ET,9h ago,away,Arizona Wildcats,,0.0,0.0,,0.0,0.0,-535.0,52.0,83.0
2026-09-21T03:57:50,cfb,cfb_20260926_arizona_wildcats_washington_st_cougars,20260926CFB00238,DK,draftkings,change,15,2026-09-20T18:25:00,Sep 20,6:25 PM ET,9h ago,home,Washington ST Cougars,,0.0,0.0,,0.0,0.0,400.0,48.0,17.0
2026-09-21T03:57:50,cfb,cfb_20260926_arizona_wildcats_washington_st_cougars,20260926CFB00238,DK,draftkings,change,16,2026-09-20T16:35:00,Sep 20,4:35 PM ET,11h ago,away,Arizona Wildcats,,0.0,0.0,,0.0,0.0,-535.0,32.0,80.0
2026-09-21T03:57:50,cfb,cfb_20260926_arizona_wildcats_washington_st_cougars,20260926CFB00238,DK,draftkings,change,16,2026-09-20T16:35:00,Sep 20,4:35 PM ET,11h ago,home,Washington ST Cougars,,0.0,0.0,,0.0,0.0,400.0,68.0,20.0
2026-09-21T03:57:50,cfb,cfb_20260926_arizona_wildcats_washington_st_cougars,20260926CFB00238,DK,draftkings,change,17,2026-09-20T15:55:00,Sep 20,3:55 PM ET,12h ago,away,Arizona Wildcats,,0.0,0.0,,0.0,0.0,-575.0,26.0,75.0
2026-09-21T03:57:50,cfb,cfb_20260926_arizona_wildcats_washington_st_cougars,20260926CFB00238,DK,draftkings,change,17,2026-09-20T15:55:00,Sep 20,3:55 PM ET,12h ago,home,Washington ST Cougars,,0.0,0.0,,0.0,0.0,425.0,74.0,25.0
2026-09-21T03:57:50,cfb,cfb_20260926_arizona_wildcats_washington_st_cougars,20260926CFB00238,DK,draftkings,change,18,2026-09-20T15:35:00,Sep 20,3:35 PM ET,12h ago,away,Arizona Wildcats,,0.0,0.0,,0.0,0.0,-575.0,25.0,67.0
2026-09-21T03:57:50,cfb,cfb_20260926_arizona_wildcats_washington_st_cougars,20260926CFB00238,DK,draftkings,change,18,2026-09-20T15:35:00,Sep 20,3:35 PM ET,12h ago,home,Washington ST Cougars,,0.0,0.0,,0.0,0.0,425.0,75.0,33.0
2026-09-21T03:57:50,cfb,cfb_20260926_arizona_wildcats_washington_st_cougars,20260926CFB00238,DK,draftkings,change,19,2026-09-20T14:55:00,Sep 20,2:55 PM ET,13h ago,away,Arizona Wildcats,,0.0,0.0,,0.0,0.0,-575.0,0.0,50.0
2026-09-21T03:57:50,cfb,cfb_20260926_arizona_wildcats_washington_st_cougars,20260926CFB00238,DK,draftkings,change,19,2026-09-20T14:55:00,Sep 20,2:55 PM ET,13h ago,home,Washington ST Cougars,,0.0,0.0,,0.0,0.0,425.0,100.0,50.0
2026-09-21T03:57:50,cfb,cfb_20260926_arizona_wildcats_washington_st_cougars,20260926CFB00238,DK,draftkings,change,20,2026-09-20T14:25:00,Sep 20,2:25 PM ET,13h ago,away,Arizona Wildcats,,0.0,0.0,,0.0,0.0,-575.0,100.0,100.0
2026-09-21T03:57:50,cfb,cfb_20260926_arizona_wildcats_washington_st_cougars,20260926CFB00238,DK,draftkings,change,20,2026-09-20T14:25:00,Sep 20,2:25 PM ET,13h ago,home,Washington ST Cougars,,0.0,0.0,,0.0,0.0,425.0,0.0,0.0
2026-09-21T03:57:51,cfb,cfb_20260926_arizona_wildcats_washington_st_cougars,20260926CFB00238,CIRCA,circa,open,1,2026-09-20T15:05:00,Sep 20,3:05 PM ET,12h ago,away,Arizona Wildcats,-13.0,50.0,50.0,48.0,50.0,50.0,,50.0,50.0
2026-09-21T03:57:51,cfb,cfb_20260926_arizona_wildcats_washington_st_cougars,20260926CFB00238,CIRCA,circa,open,1,2026-09-20T15:05:00,Sep 20,3:05 PM ET,12h ago,home,Washington ST Cougars,13.0,50.0,50.0,48.0,50.0,50.0,,50.0,50.0
2026-09-21T03:57:51,cfb,cfb_20260926_arizona_wildcats_washington_st_cougars,20260926CFB00238,CIRCA,circa,change,2,2026-09-20T15:30:00,Sep 20,3:30 PM ET,12h ago,away,Arizona Wildcats,-12.0,0.0,0.0,48.0,50.0,50.0,,50.0,50.0
2026-09-21T03:57:51,cfb,cfb_20260926_arizona_wildcats_washington_st_cougars,20260926CFB00238,CIRCA,circa,change,2,2026-09-20T15:30:00,Sep 20,3:30 PM ET,12h ago,home,Washington ST Cougars,12.0,100.0,100.0,48.0,50.0,50.0,,50.0,50.0
2026-09-21T03:57:51,cfb,cfb_20260926_arizona_wildcats_washington_st_cougars,20260926CFB00238,CIRCA,circa,change,3,2026-09-20T15:05:00,Sep 20,3:05 PM ET,12h ago,away,Arizona Wildcats,-13.0,50.0,50.0,48.0,50.0,50.0,,50.0,50.0
2026-09-21T03:57:51,cfb,cfb_20260926_arizona_wildcats_washington_st_cougars,20260926CFB00238,CIRCA,circa,change,3,2026-09-20T15:05:00,Sep 20,3:05 PM ET,12h ago,home,Washington ST Cougars,13.0,50.0,50.0,48.0,50.0,50.0,,50.0,50.0
2026-09-21T03:57:52,cfb,cfb_20260926_missouri_tigers_mississippi_st_bulldogs,20260926CFB00183,DK,draftkings,open,1,2026-09-20T00:10:00,Sep 20,12:10 AM ET,1d ago,away,Missouri Tigers,2.5,0.0,0.0,57.5,100.0,100.0,110.0,1.0,50.0
2026-09-21T03:57:52,cfb,cfb_20260926_missouri_tigers_mississippi_st_bulldogs,20260926CFB00183,DK,draftkings,open,1,2026-09-20T00:10:00,Sep 20,12:10 AM ET,1d ago,home,Mississippi ST Bulldogs,-2.5,100.0,100.0,57.5,0.0,0.0,-130.0,99.0,50.0
2026-09-21T03:57:52,cfb,cfb_20260926_missouri_tigers_mississippi_st_bulldogs,20260926CFB00183,DK,draftkings,first_full,2,2026-09-20T01:30:00,Sep 20,1:30 AM ET,1d ago,away,Missouri Tigers,2.5,2.0,17.0,57.5,100.0,100.0,114.0,2.0,45.0
2026-09-21T03:57:52,cfb,cfb_20260926_missouri_tigers_mississippi_st_bulldogs,20260926CFB00183,DK,draftkings,first_full,2,2026-09-20T01:30:00,Sep 20,1:30 AM ET,1d ago,home,Mississippi ST Bulldogs,-2.5,98.0,83.0,57.5,0.0,0.0,-135.0,98.0,55.0
2026-09-21T03:57:52,cfb,cfb_20260926_missouri_tigers_mississippi_st_bulldogs,20260926CFB00183,DK,draftkings,change,3,2026-09-21T02:10:00,Sep 21,2:10 AM ET,1h ago,away,Missouri Tigers,6.0,6.0,28.0,59.5,95.0,80.0,170.0,23.0,38.0
2026-09-21T03:57:52,cfb,cfb_20260926_missouri_tigers_mississippi_st_bulldogs,20260926CFB00183,DK,draftkings,change,3,2026-09-21T02:10:00,Sep 21,2:10 AM ET,1h ago,home,Mississippi ST Bulldogs,-6.0,94.0,72.0,59.5,5.0,20.0,-205.0,77.0,62.0
2026-09-21T03:57:52,cfb,cfb_20260926_missouri_tigers_mississippi_st_bulldogs,20260926CFB00183,DK,draftkings,change,4,2026-09-21T01:55:00,Sep 21,1:55 AM ET,2h ago,away,Missouri Tigers,6.0,6.0,28.0,59.5,95.0,80.0,170.0,23.0,37.0
2026-09-21T03:57:52,cfb,cfb_20260926_missouri_tigers_mississippi_st_bulldogs,20260926CFB00183,DK,draftkings,change,4,2026-09-21T01:55:00,Sep 21,1:55 AM ET,2h ago,home,Mississippi ST Bulldogs,-6.0,94.0,72.0,59.5,5.0,20.0,-205.0,77.0,63.0
2026-09-21T03:57:52,cfb,cfb_20260926_missouri_tigers_mississippi_st_bulldogs,20260926CFB00183,DK,draftkings,change,5,2026-09-21T01:50:00,Sep 21,1:50 AM ET,2h ago,away,Missouri Tigers,6.0,6.0,28.0,59.5,95.0,80.0,170.0,23.0,36.0
2026-09-21T03:57:52,cfb,cfb_20260926_missouri_tigers_mississippi_st_bulldogs,20260926CFB00183,DK,draftkings,change,5,2026-09-21T01:50:00,Sep 21,1:50 AM ET,2h ago,home,Mississippi ST Bulldogs,-6.0,94.0,72.0,59.5,5.0,20.0,-205.0,77.0,64.0
2026-09-21T03:57:52,cfb,cfb_20260926_missouri_tigers_mississippi_st_bulldogs,20260926CFB00183,DK,draftkings,change,6,2026-09-21T01:00:00,Sep 21,1:00 AM ET,2h ago,away,Missouri Tigers,6.0,6.0,28.0,59.5,95.0,80.0,170.0,23.0,34.0
2026-09-21T03:57:52,cfb,cfb_20260926_missouri_tigers_mississippi_st_bulldogs,20260926CFB00183,DK,draftkings,change,6,2026-09-21T01:00:00,Sep 21,1:00 AM ET,2h ago,home,Mississippi ST Bulldogs,-6.0,94.0,72.0,59.5,5.0,20.0,-205.0,77.0,66.0
2026-09-21T03:57:52,cfb,cfb_20260926_missouri_tigers_mississippi_st_bulldogs,20260926CFB00183,DK,draftkings,change,7,2026-09-21T00:50:00,Sep 21,12:50 AM ET,3h ago,away,Missouri Tigers,6.0,6.0,28.0,59.5,95.0,80.0,170.0,23.0,35.0
2026-09-21T03:57:52,cfb,cfb_20260926_missouri_tigers_mississippi_st_bulldogs,20260926CFB00183,DK,draftkings,change,7,2026-09-21T00:50:00,Sep 21,12:50 AM ET,3h ago,home,Mississippi ST Bulldogs,-6.0,94.0,72.0,59.5,5.0,20.0,-205.0,77.0,65.0
2026-09-21T03:57:52,cfb,cfb_20260926_missouri_tigers_mississippi_st_bulldogs,20260926CFB00183,DK,draftkings,change,8,2026-09-21T00:15:00,Sep 21,12:15 AM ET,3h ago,away,Missouri Tigers,6.0,6.0,29.0,59.5,95.0,80.0,170.0,23.0,35.0
2026-09-21T03:57:52,cfb,cfb_20260926_missouri_tigers_mississippi_st_bulldogs,20260926CFB00183,DK,draftkings,change,8,2026-09-21T00:15:00,Sep 21,12:15 AM ET,3h ago,home,Mississippi ST Bulldogs,-6.0,94.0,71.0,59.5,5.0,20.0,-205.0,77.0,65.0
2026-09-21T03:57:52,cfb,cfb_20260926_missouri_tigers_mississippi_st_bulldogs,20260926CFB00183,DK,draftkings,change,9,2026-09-21T00:10:00,Sep 21,12:10 AM ET,3h ago,away,Missouri Tigers,6.0,6.0,29.0,59.5,95.0,80.0,170.0,23.0,37.0
2026-09-21T03:57:52,cfb,cfb_20260926_missouri_tigers_mississippi_st_bulldogs,20260926CFB00183,DK,draftkings,change,9,2026-09-21T00:10:00,Sep 21,12:10 AM ET,3h ago,home,Mississippi ST Bulldogs,-6.0,94.0,71.0,59.5,5.0,20.0,-205.0,77.0,63.0
2026-09-21T03:57:52,cfb,cfb_20260926_missouri_tigers_mississippi_st_bulldogs,20260926CFB00183,DK,draftkings,change,10,2026-09-20T22:30:00,Sep 20,10:30 PM ET,5h ago,away,Missouri Tigers,6.0,6.0,29.0,59.5,95.0,75.0,170.0,6.0,36.0
2026-09-21T03:57:52,cfb,cfb_20260926_missouri_tigers_mississippi_st_bulldogs,20260926CFB00183,DK,draftkings,change,10,2026-09-20T22:30:00,Sep 20,10:30 PM ET,5h ago,home,Mississippi ST Bulldogs,-6.0,94.0,71.0,59.5,5.0,25.0,-205.0,94.0,64.0
2026-09-21T03:57:52,cfb,cfb_20260926_missouri_tigers_mississippi_st_bulldogs,20260926CFB00183,DK,draftkings,change,11,2026-09-20T22:15:00,Sep 20,10:15 PM ET,5h ago,away,Missouri Tigers,6.0,6.0,27.0,59.5,95.0,75.0,170.0,6.0,35.0
2026-09-21T03:57:52,cfb,cfb_20260926_missouri_tigers_mississippi_st_bulldogs,20260926CFB00183,DK,draftkings,change,11,2026-09-20T22:15:00,Sep 20,10:15 PM ET,5h ago,home,Mississippi ST Bulldogs,-6.0,94.0,73.0,59.5,5.0,25.0,-205.0,94.0,65.0
2026-09-21T03:57:52,cfb,cfb_20260926_missouri_tigers_mississippi_st_bulldogs,20260926CFB00183,DK,draftkings,change,12,2026-09-20T22:00:00,Sep 20,10:00 PM ET,5h ago,away,Missouri Tigers,6.0,2.0,25.0,59.5,95.0,75.0,170.0,6.0,35.0
2026-09-21T03:57:52,cfb,cfb_20260926_missouri_tigers_mississippi_st_bulldogs,20260926CFB00183,DK,draftkings,change,12,2026-09-20T22:00:00,Sep 20,10:00 PM ET,5h ago,home,Mississippi ST Bulldogs,-6.0,98.0,75.0,59.5,5.0,25.0,-205.0,94.0,65.0
2026-09-21T03:57:52,cfb,cfb_20260926_missouri_tigers_mississippi_st_bulldogs,20260926CFB00183,DK,draftkings,change,13,2026-09-20T21:50:00,Sep 20,9:50 PM ET,6h ago,away,Missouri Tigers,6.0,2.0,26.0,59.5,95.0,75.0,170.0,6.0,35.0
2026-09-21T03:57:52,cfb,cfb_20260926_missouri_tigers_mississippi_st_bulldogs,20260926CFB00183,DK,draftkings,change,13,2026-09-20T21:50:00,Sep 20,9:50 PM ET,6h ago,home,Mississippi ST Bulldogs,-6.0,98.0,74.0,59.5,5.0,25.0,-205.0,94.0,65.0
2026-09-21T03:57:52,cfb,cfb_20260926_missouri_tigers_mississippi_st_bulldogs,20260926CFB00183,DK,draftkings,change,14,2026-09-20T21:30:00,Sep 20,9:30 PM ET,6h ago,away,Missouri Tigers,6.0,2.0,26.0,59.5,95.0,75.0,170.0,6.0,34.0
2026-09-21T03:57:52,cfb,cfb_20260926_missouri_tigers_mississippi_st_bulldogs,20260926CFB00183,DK,draftkings,change,14,2026-09-20T21:30:00,Sep 20,9:30 PM ET,6h ago,home,Mississippi ST Bulldogs,-6.0,98.0,74.0,59.5,5.0,25.0,-205.0,94.0,66.0
2026-09-21T03:57:52,cfb,cfb_20260926_missouri_tigers_mississippi_st_bulldogs,20260926CFB00183,DK,draftkings,change,15,2026-09-20T21:15:00,Sep 20,9:15 PM ET,6h ago,away,Missouri Tigers,6.0,2.0,27.0,59.5,80.0,67.0,170.0,6.0,34.0
2026-09-21T03:57:52,cfb,cfb_20260926_missouri_tigers_mississippi_st_bulldogs,20260926CFB00183,DK,draftkings,change,15,2026-09-20T21:15:00,Sep 20,9:15 PM ET,6h ago,home,Mississippi ST Bulldogs,-6.0,98.0,73.0,59.5,20.0,33.0,-205.0,94.0,66.0
2026-09-21T03:57:52,cfb,cfb_20260926_missouri_tigers_mississippi_st_bulldogs,20260926CFB00183,DK,draftkings,change,16,2026-09-20T21:05:00,Sep 20,9:05 PM ET,6h ago,away,Missouri Tigers,6.0,2.0,27.0,59.5,100.0,100.0,170.0,6.0,34.0
2026-09-21T03:57:52,cfb,cfb_20260926_missouri_tigers_mississippi_st_bulldogs,20260926CFB00183,DK,draftkings,change,16,2026-09-20T21:05:00,Sep 20,9:05 PM ET,6h ago,home,Mississippi ST Bulldogs,-6.0,98.0,73.0,59.5,0.0,0.0,-205.0,94.0,66.0
2026-09-21T03:57:52,cfb,cfb_20260926_missouri_tigers_mississippi_st_bulldogs,20260926CFB00183,DK,draftkings,change,17,2026-09-20T21:00:00,Sep 20,9:00 PM ET,6h ago,away,Missouri Tigers,6.0,2.0,27.0,59.5,100.0,100.0,170.0,6.0,35.0
2026-09-21T03:57:52,cfb,cfb_20260926_missouri_tigers_mississippi_st_bulldogs,20260926CFB00183,DK,draftkings,change,17,2026-09-20T21:00:00,Sep 20,9:00 PM ET,6h ago,home,Mississippi ST Bulldogs,-6.0,98.0,73.0,59.5,0.0,0.0,-205.0,94.0,65.0
2026-09-21T03:57:52,cfb,cfb_20260926_missouri_tigers_mississippi_st_bulldogs,20260926CFB00183,DK,draftkings,change,18,2026-09-20T20:10:00,Sep 20,8:10 PM ET,7h ago,away,Missouri Tigers,6.0,2.0,24.0,59.5,100.0,100.0,170.0,6.0,35.0
2026-09-21T03:57:52,cfb,cfb_20260926_missouri_tigers_mississippi_st_bulldogs,20260926CFB00183,DK,draftkings,change,18,2026-09-20T20:10:00,Sep 20,8:10 PM ET,7h ago,home,Mississippi ST Bulldogs,-6.0,98.0,76.0,59.5,0.0,0.0,-205.0,94.0,65.0
2026-09-21T03:57:52,cfb,cfb_20260926_missouri_tigers_mississippi_st_bulldogs,20260926CFB00183,DK,draftkings,change,19,2026-09-20T19:55:00,Sep 20,7:55 PM ET,8h ago,away,Missouri Tigers,6.0,2.0,24.0,59.5,100.0,100.0,170.0,2.0,34.0
2026-09-21T03:57:52,cfb,cfb_20260926_missouri_tigers_mississippi_st_bulldogs,20260926CFB00183,DK,draftkings,change,19,2026-09-20T19:55:00,Sep 20,7:55 PM ET,8h ago,home,Mississippi ST Bulldogs,-6.0,98.0,76.0,59.5,0.0,0.0,-205.0,98.0,66.0
2026-09-21T03:57:52,cfb,cfb_20260926_missouri_tigers_mississippi_st_bulldogs,20260926CFB00183,DK,draftkings,change,20,2026-09-20T19:30:00,Sep 20,7:30 PM ET,8h ago,away,Missouri Tigers,6.0,2.0,24.0,59.5,100.0,100.0,170.0,2.0,37.0
2026-09-21T03:57:52,cfb,cfb_20260926_missouri_tigers_mississippi_st_bulldogs,20260926CFB00183,DK,draftkings,change,20,2026-09-20T19:30:00,Sep 20,7:30 PM ET,8h ago,home,Mississippi ST Bulldogs,-6.0,98.0,76.0,59.5,0.0,0.0,-205.0,98.0,63.0
2026-09-21T03:57:52,cfb,cfb_20260926_missouri_tigers_mississippi_st_bulldogs,20260926CFB00183,DK,draftkings,change,21,2026-09-20T19:25:00,Sep 20,7:25 PM ET,8h ago,away,Missouri Tigers,6.0,2.0,25.0,59.5,100.0,100.0,170.0,2.0,37.0
2026-09-21T03:57:52,cfb,cfb_20260926_missouri_tigers_mississippi_st_bulldogs,20260926CFB00183,DK,draftkings,change,21,2026-09-20T19:25:00,Sep 20,7:25 PM ET,8h ago,home,Mississippi ST Bulldogs,-6.0,98.0,75.0,59.5,0.0,0.0,-205.0,98.0,63.0
2026-09-21T03:57:52,cfb,cfb_20260926_missouri_tigers_mississippi_st_bulldogs,20260926CFB00183,DK,draftkings,change,22,2026-09-20T19:15:00,Sep 20,7:15 PM ET,8h ago,away,Missouri Tigers,6.0,2.0,26.0,59.5,100.0,100.0,170.0,2.0,37.0
2026-09-21T03:57:52,cfb,cfb_20260926_missouri_tigers_mississippi_st_bulldogs,20260926CFB00183,DK,draftkings,change,22,2026-09-20T19:15:00,Sep 20,7:15 PM ET,8h ago,home,Mississippi ST Bulldogs,-6.0,98.0,74.0,59.5,0.0,0.0,-205.0,98.0,63.0
2026-09-21T03:57:52,cfb,cfb_20260926_missouri_tigers_mississippi_st_bulldogs,20260926CFB00183,DK,draftkings,change,23,2026-09-20T18:30:00,Sep 20,6:30 PM ET,9h ago,away,Missouri Tigers,6.0,0.0,23.0,59.5,100.0,100.0,154.0,2.0,37.0
2026-09-21T03:57:52,cfb,cfb_20260926_missouri_tigers_mississippi_st_bulldogs,20260926CFB00183,DK,draftkings,change,23,2026-09-20T18:30:00,Sep 20,6:30 PM ET,9h ago,home,Mississippi ST Bulldogs,-6.0,100.0,77.0,59.5,0.0,0.0,-185.0,98.0,63.0
2026-09-21T03:57:52,cfb,cfb_20260926_missouri_tigers_mississippi_st_bulldogs,20260926CFB00183,DK,draftkings,change,24,2026-09-20T18:25:00,Sep 20,6:25 PM ET,9h ago,away,Missouri Tigers,6.0,0.0,23.0,59.5,100.0,100.0,154.0,2.0,38.0
2026-09-21T03:57:52,cfb,cfb_20260926_missouri_tigers_mississippi_st_bulldogs,20260926CFB00183,DK,draftkings,change,24,2026-09-20T18:25:00,Sep 20,6:25 PM ET,9h ago,home,Mississippi ST Bulldogs,-6.0,100.0,77.0,59.5,0.0,0.0,-185.0,98.0,62.0
2026-09-21T03:57:52,cfb,cfb_20260926_missouri_tigers_mississippi_st_bulldogs,20260926CFB00183,DK,draftkings,change,25,2026-09-20T18:05:00,Sep 20,6:05 PM ET,9h ago,away,Missouri Tigers,6.0,0.0,24.0,59.5,100.0,100.0,154.0,2.0,38.0
2026-09-21T03:57:52,cfb,cfb_20260926_missouri_tigers_mississippi_st_bulldogs,20260926CFB00183,DK,draftkings,change,25,2026-09-20T18:05:00,Sep 20,6:05 PM ET,9h ago,home,Mississippi ST Bulldogs,-6.0,100.0,76.0,59.5,0.0,0.0,-185.0,98.0,62.0
2026-09-21T03:57:52,cfb,cfb_20260926_missouri_tigers_mississippi_st_bulldogs,20260926CFB00183,DK,draftkings,change,26,2026-09-20T17:50:00,Sep 20,5:50 PM ET,10h ago,away,Missouri Tigers,6.0,0.0,24.0,59.5,100.0,100.0,154.0,2.0,39.0
2026-09-21T03:57:52,cfb,cfb_20260926_missouri_tigers_mississippi_st_bulldogs,20260926CFB00183,DK,draftkings,change,26,2026-09-20T17:50:00,Sep 20,5:50 PM ET,10h ago,home,Mississippi ST Bulldogs,-6.0,100.0,76.0,59.5,0.0,0.0,-185.0,98.0,61.0
2026-09-21T03:57:52,cfb,cfb_20260926_missouri_tigers_mississippi_st_bulldogs,20260926CFB00183,DK,draftkings,change,27,2026-09-20T16:35:00,Sep 20,4:35 PM ET,11h ago,away,Missouri Tigers,5.5,0.0,24.0,58.5,100.0,100.0,154.0,2.0,41.0
2026-09-21T03:57:52,cfb,cfb_20260926_missouri_tigers_mississippi_st_bulldogs,20260926CFB00183,DK,draftkings,change,27,2026-09-20T16:35:00,Sep 20,4:35 PM ET,11h ago,home,Mississippi ST Bulldogs,-5.5,100.0,76.0,58.5,0.0,0.0,-185.0,98.0,59.0
2026-09-21T03:57:53,cfb,cfb_20260926_missouri_tigers_mississippi_st_bulldogs,20260926CFB00183,CIRCA,circa,open,1,2026-09-20T15:05:00,Sep 20,3:05 PM ET,12h ago,away,Missouri Tigers,5.0,0.0,0.0,60.5,100.0,100.0,,50.0,50.0
2026-09-21T03:57:53,cfb,cfb_20260926_missouri_tigers_mississippi_st_bulldogs,20260926CFB00183,CIRCA,circa,open,1,2026-09-20T15:05:00,Sep 20,3:05 PM ET,12h ago,home,Mississippi ST Bulldogs,-5.0,100.0,100.0,60.5,0.0,0.0,,50.0,50.0
2026-09-21T03:57:53,cfb,cfb_20260926_missouri_tigers_mississippi_st_bulldogs,20260926CFB00183,CIRCA,circa,first_full,2,2026-09-20T15:11:00,Sep 20,3:11 PM ET,12h ago,away,Missouri Tigers,5.0,3.0,33.0,60.5,100.0,100.0,,50.0,50.0
2026-09-21T03:57:53,cfb,cfb_20260926_missouri_tigers_mississippi_st_bulldogs,20260926CFB00183,CIRCA,circa,first_full,2,2026-09-20T15:11:00,Sep 20,3:11 PM ET,12h ago,home,Mississippi ST Bulldogs,-5.0,97.0,67.0,60.5,0.0,0.0,,50.0,50.0
2026-09-21T03:57:53,cfb,cfb_20260926_missouri_tigers_mississippi_st_bulldogs,20260926CFB00183,CIRCA,circa,change,3,2026-09-20T18:45:00,Sep 20,6:45 PM ET,9h ago,away,Missouri Tigers,6.0,3.0,20.0,59.0,100.0,100.0,,50.0,50.0
2026-09-21T03:57:53,cfb,cfb_20260926_missouri_tigers_mississippi_st_bulldogs,20260926CFB00183,CIRCA,circa,change,3,2026-09-20T18:45:00,Sep 20,6:45 PM ET,9h ago,home,Mississippi ST Bulldogs,-6.0,97.0,80.0,59.0,0.0,0.0,,50.0,50.0
2026-09-21T03:57:53,cfb,cfb_20260926_missouri_tigers_mississippi_st_bulldogs,20260926CFB00183,CIRCA,circa,change,4,2026-09-20T17:00:00,Sep 20,5:00 PM ET,10h ago,away,Missouri Tigers,6.0,3.0,25.0,59.0,100.0,100.0,,50.0,50.0
2026-09-21T03:57:53,cfb,cfb_20260926_missouri_tigers_mississippi_st_bulldogs,20260926CFB00183,CIRCA,circa,change,4,2026-09-20T17:00:00,Sep 20,5:00 PM ET,10h ago,home,Mississippi ST Bulldogs,-6.0,97.0,75.0,59.0,0.0,0.0,,50.0,50.0
2026-09-21T03:57:53,cfb,cfb_20260926_missouri_tigers_mississippi_st_bulldogs,20260926CFB00183,CIRCA,circa,change,5,2026-09-20T15:11:00,Sep 20,3:11 PM ET,12h ago,away,Missouri Tigers,5.0,3.0,33.0,60.5,100.0,100.0,,50.0,50.0
2026-09-21T03:57:53,cfb,cfb_20260926_missouri_tigers_mississippi_st_bulldogs,20260926CFB00183,CIRCA,circa,change,5,2026-09-20T15:11:00,Sep 20,3:11 PM ET,12h ago,home,Mississippi ST Bulldogs,-5.0,97.0,67.0,60.5,0.0,0.0,,50.0,50.0
2026-09-21T03:57:53,cfb,cfb_20260926_missouri_tigers_mississippi_st_bulldogs,20260926CFB00183,CIRCA,circa,change,6,2026-09-20T15:05:00,Sep 20,3:05 PM ET,12h ago,away,Missouri Tigers,5.0,0.0,0.0,60.5,100.0,100.0,,50.0,50.0
2026-09-21T03:57:53,cfb,cfb_20260926_missouri_tigers_mississippi_st_bulldogs,20260926CFB00183,CIRCA,circa,change,6,2026-09-20T15:05:00,Sep 20,3:05 PM ET,12h ago,home,Mississippi ST Bulldogs,-5.0,100.0,100.0,60.5,0.0,0.0,,50.0,50.0
2026-09-21T03:57:54,cfb,cfb_20260926_tulsa_golden_hurricane_arkansas_razorbacks,20260926CFB00128,DK,draftkings,open,1,2026-09-20T13:40:00,Sep 20,1:40 PM ET,14h ago,away,Tulsa Golden Hurricane,8.5,100.0,100.0,,0.0,0.0,,0.0,0.0
2026-09-21T03:57:54,cfb,cfb_20260926_tulsa_golden_hurricane_arkansas_razorbacks,20260926CFB00128,DK,draftkings,open,1,2026-09-20T13:40:00,Sep 20,1:40 PM ET,14h ago,home,Arkansas Razorbacks,-8.5,0.0,0.0,,0.0,0.0,,0.0,0.0
2026-09-21T03:57:54,cfb,cfb_20260926_tulsa_golden_hurricane_arkansas_razorbacks,20260926CFB00128,DK,draftkings,change,2,2026-09-20T21:00:00,Sep 20,9:00 PM ET,6h ago,away,Tulsa Golden Hurricane,6.5,73.0,60.0,,0.0,0.0,220.0,0.0,0.0
2026-09-21T03:57:54,cfb,cfb_20260926_tulsa_golden_hurricane_arkansas_razorbacks,20260926CFB00128,DK,draftkings,change,2,2026-09-20T21:00:00,Sep 20,9:00 PM ET,6h ago,home,Arkansas Razorbacks,-6.5,27.0,40.0,,0.0,0.0,-270.0,100.0,100.0
2026-09-21T03:57:54,cfb,cfb_20260926_tulsa_golden_hurricane_arkansas_razorbacks,20260926CFB00128,DK,draftkings,change,3,2026-09-20T20:30:00,Sep 20,8:30 PM ET,7h ago,away,Tulsa Golden Hurricane,6.5,71.0,63.0,,0.0,0.0,235.0,0.0,0.0
2026-09-21T03:57:54,cfb,cfb_20260926_tulsa_golden_hurricane_arkansas_razorbacks,20260926CFB00128,DK,draftkings,change,3,2026-09-20T20:30:00,Sep 20,8:30 PM ET,7h ago,home,Arkansas Razorbacks,-6.5,29.0,38.0,,0.0,0.0,-290.0,100.0,100.0
2026-09-21T03:57:54,cfb,cfb_20260926_tulsa_golden_hurricane_arkansas_razorbacks,20260926CFB00128,DK,draftkings,change,4,2026-09-20T20:10:00,Sep 20,8:10 PM ET,7h ago,away,Tulsa Golden Hurricane,7.0,61.0,57.0,,0.0,0.0,235.0,0.0,0.0
2026-09-21T03:57:54,cfb,cfb_20260926_tulsa_golden_hurricane_arkansas_razorbacks,20260926CFB00128,DK,draftkings,change,4,2026-09-20T20:10:00,Sep 20,8:10 PM ET,7h ago,home,Arkansas Razorbacks,-7.0,39.0,43.0,,0.0,0.0,-290.0,100.0,100.0
2026-09-21T03:57:54,cfb,cfb_20260926_tulsa_golden_hurricane_arkansas_razorbacks,20260926CFB00128,DK,draftkings,change,5,2026-09-20T19:55:00,Sep 20,7:55 PM ET,8h ago,away,Tulsa Golden Hurricane,7.0,41.0,50.0,,0.0,0.0,235.0,0.0,0.0
2026-09-21T03:57:54,cfb,cfb_20260926_tulsa_golden_hurricane_arkansas_razorbacks,20260926CFB00128,DK,draftkings,change,5,2026-09-20T19:55:00,Sep 20,7:55 PM ET,8h ago,home,Arkansas Razorbacks,-7.0,59.0,50.0,,0.0,0.0,-290.0,100.0,100.0
2026-09-21T03:57:54,cfb,cfb_20260926_tulsa_golden_hurricane_arkansas_razorbacks,20260926CFB00128,DK,draftkings,change,6,2026-09-20T19:40:00,Sep 20,7:40 PM ET,8h ago,away,Tulsa Golden Hurricane,7.5,41.0,40.0,,0.0,0.0,235.0,0.0,0.0
2026-09-21T03:57:54,cfb,cfb_20260926_tulsa_golden_hurricane_arkansas_razorbacks,20260926CFB00128,DK,draftkings,change,6,2026-09-20T19:40:00,Sep 20,7:40 PM ET,8h ago,home,Arkansas Razorbacks,-7.5,59.0,60.0,,0.0,0.0,-290.0,100.0,100.0
2026-09-21T03:57:54,cfb,cfb_20260926_tulsa_golden_hurricane_arkansas_razorbacks,20260926CFB00128,DK,draftkings,change,7,2026-09-20T19:25:00,Sep 20,7:25 PM ET,8h ago,away,Tulsa Golden Hurricane,7.5,41.0,50.0,,0.0,0.0,245.0,0.0,0.0
2026-09-21T03:57:54,cfb,cfb_20260926_tulsa_golden_hurricane_arkansas_razorbacks,20260926CFB00128,DK,draftkings,change,7,2026-09-20T19:25:00,Sep 20,7:25 PM ET,8h ago,home,Arkansas Razorbacks,-7.5,59.0,50.0,,0.0,0.0,-305.0,100.0,100.0
2026-09-21T03:57:54,cfb,cfb_20260926_tulsa_golden_hurricane_arkansas_razorbacks,20260926CFB00128,DK,draftkings,change,8,2026-09-20T17:50:00,Sep 20,5:50 PM ET,10h ago,away,Tulsa Golden Hurricane,7.5,41.0,50.0,,0.0,0.0,,0.0,0.0
2026-09-21T03:57:54,cfb,cfb_20260926_tulsa_golden_hurricane_arkansas_razorbacks,20260926CFB00128,DK,draftkings,change,8,2026-09-20T17:50:00,Sep 20,5:50 PM ET,10h ago,home,Arkansas Razorbacks,-7.5,59.0,50.0,,0.0,0.0,,0.0,0.0
2026-09-21T03:57:54,cfb,cfb_20260926_tulsa_golden_hurricane_arkansas_razorbacks,20260926CFB00128,DK,draftkings,change,9,2026-09-20T14:40:00,Sep 20,2:40 PM ET,13h ago,away,Tulsa Golden Hurricane,8.5,43.0,67.0,,0.0,0.0,,0.0,0.0
2026-09-21T03:57:54,cfb,cfb_20260926_tulsa_golden_hurricane_arkansas_razorbacks,20260926CFB00128,DK,draftkings,change,9,2026-09-20T14:40:00,Sep 20,2:40 PM ET,13h ago,home,Arkansas Razorbacks,-8.5,57.0,33.0,,0.0,0.0,,0.0,0.0
2026-09-21T03:57:54,cfb,cfb_20260926_tulsa_golden_hurricane_arkansas_razorbacks,20260926CFB00128,DK,draftkings,change,10,2026-09-20T13:40:00,Sep 20,1:40 PM ET,14h ago,away,Tulsa Golden Hurricane,8.5,100.0,100.0,,0.0,0.0,,0.0,0.0
2026-09-21T03:57:54,cfb,cfb_20260926_tulsa_golden_hurricane_arkansas_razorbacks,20260926CFB00128,DK,draftkings,change,10,2026-09-20T13:40:00,Sep 20,1:40 PM ET,14h ago,home,Arkansas Razorbacks,-8.5,0.0,0.0,,0.0,0.0,,0.0,0.0
2026-09-21T03:57:55,cfb,cfb_20260926_tulsa_golden_hurricane_arkansas_razorbacks,20260926CFB00128,CIRCA,circa,open,1,2026-09-20T15:05:00,Sep 20,3:05 PM ET,12h ago,away,Tulsa Golden Hurricane,7.5,0.0,0.0,52.0,50.0,50.0,,50.0,50.0
2026-09-21T03:57:55,cfb,cfb_20260926_tulsa_golden_hurricane_arkansas_razorbacks,20260926CFB00128,CIRCA,circa,open,1,2026-09-20T15:05:00,Sep 20,3:05 PM ET,12h ago,home,Arkansas Razorbacks,-7.5,100.0,100.0,52.0,50.0,50.0,,50.0,50.0
2026-09-21T03:57:55,cfb,cfb_20260926_tulsa_golden_hurricane_arkansas_razorbacks,20260926CFB00128,CIRCA,circa,first_full,2,2026-09-20T15:26:00,Sep 20,3:26 PM ET,12h ago,away,Tulsa Golden Hurricane,7.5,76.0,33.0,53.0,100.0,100.0,,50.0,50.0
2026-09-21T03:57:55,cfb,cfb_20260926_tulsa_golden_hurricane_arkansas_razorbacks,20260926CFB00128,CIRCA,circa,first_full,2,2026-09-20T15:26:00,Sep 20,3:26 PM ET,12h ago,home,Arkansas Razorbacks,-7.5,24.0,67.0,53.0,0.0,0.0,,50.0,50.0
2026-09-21T03:57:55,cfb,cfb_20260926_tulsa_golden_hurricane_arkansas_razorbacks,20260926CFB00128,CIRCA,circa,change,3,2026-09-21T00:15:00,Sep 21,12:15 AM ET,3h ago,away,Tulsa Golden Hurricane,7.0,93.0,71.0,53.0,100.0,100.0,,50.0,50.0
2026-09-21T03:57:55,cfb,cfb_20260926_tulsa_golden_hurricane_arkansas_razorbacks,20260926CFB00128,CIRCA,circa,change,3,2026-09-21T00:15:00,Sep 21,12:15 AM ET,3h ago,home,Arkansas Razorbacks,-7.0,7.0,29.0,53.0,0.0,0.0,,50.0,50.0
2026-09-21T03:57:55,cfb,cfb_20260926_tulsa_golden_hurricane_arkansas_razorbacks,20260926CFB00128,CIRCA,circa,change,4,2026-09-20T23:20:00,Sep 20,11:20 PM ET,4h ago,away,Tulsa Golden Hurricane,7.0,93.0,67.0,53.0,100.0,100.0,,50.0,50.0
2026-09-21T03:57:55,cfb,cfb_20260926_tulsa_golden_hurricane_arkansas_razorbacks,20260926CFB00128,CIRCA,circa,change,4,2026-09-20T23:20:00,Sep 20,11:20 PM ET,4h ago,home,Arkansas Razorbacks,-7.0,7.0,33.0,53.0,0.0,0.0,,50.0,50.0
2026-09-21T03:57:55,cfb,cfb_20260926_tulsa_golden_hurricane_arkansas_razorbacks,20260926CFB00128,CIRCA,circa,change,5,2026-09-20T19:05:00,Sep 20,7:05 PM ET,8h ago,away,Tulsa Golden Hurricane,7.5,92.0,60.0,53.0,100.0,100.0,,50.0,50.0
2026-09-21T03:57:55,cfb,cfb_20260926_tulsa_golden_hurricane_arkansas_razorbacks,20260926CFB00128,CIRCA,circa,change,5,2026-09-20T19:05:00,Sep 20,7:05 PM ET,8h ago,home,Arkansas Razorbacks,-7.5,8.0,40.0,53.0,0.0,0.0,,50.0,50.0
2026-09-21T03:57:55,cfb,cfb_20260926_tulsa_golden_hurricane_arkansas_razorbacks,20260926CFB00128,CIRCA,circa,change,6,2026-09-20T16:05:00,Sep 20,4:05 PM ET,11h ago,away,Tulsa Golden Hurricane,7.5,88.0,50.0,53.0,100.0,100.0,,50.0,50.0
2026-09-21T03:57:55,cfb,cfb_20260926_tulsa_golden_hurricane_arkansas_razorbacks,20260926CFB00128,CIRCA,circa,change,6,2026-09-20T16:05:00,Sep 20,4:05 PM ET,11h ago,home,Arkansas Razorbacks,-7.5,12.0,50.0,53.0,0.0,0.0,,50.0,50.0
2026-09-21T03:57:55,cfb,cfb_20260926_tulsa_golden_hurricane_arkansas_razorbacks,20260926CFB00128,CIRCA,circa,change,7,2026-09-20T15:26:00,Sep 20,3:26 PM ET,12h ago,away,Tulsa Golden Hurricane,7.5,76.0,33.0,53.0,100.0,100.0,,50.0,50.0
2026-09-21T03:57:55,cfb,cfb_20260926_tulsa_golden_hurricane_arkansas_razorbacks,20260926CFB00128,CIRCA,circa,change,7,2026-09-20T15:26:00,Sep 20,3:26 PM ET,12h ago,home,Arkansas Razorbacks,-7.5,24.0,67.0,53.0,0.0,0.0,,50.0,50.0
2026-09-21T03:57:55,cfb,cfb_20260926_tulsa_golden_hurricane_arkansas_razorbacks,20260926CFB00128,CIRCA,circa,change,8,2026-09-20T15:11:00,Sep 20,3:11 PM ET,12h ago,away,Tulsa Golden Hurricane,7.5,0.0,0.0,53.0,100.0,100.0,,50.0,50.0
2026-09-21T03:57:55,cfb,cfb_20260926_tulsa_golden_hurricane_arkansas_razorbacks,20260926CFB00128,CIRCA,circa,change,8,2026-09-20T15:11:00,Sep 20,3:11 PM ET,12h ago,home,Arkansas Razorbacks,-7.5,100.0,100.0,53.0,0.0,0.0,,50.0,50.0
2026-09-21T03:57:55,cfb,cfb_20260926_tulsa_golden_hurricane_arkansas_razorbacks,20260926CFB00128,CIRCA,circa,change,9,2026-09-20T15:05:00,Sep 20,3:05 PM ET,12h ago,away,Tulsa Golden Hurricane,7.5,0.0,0.0,52.0,50.0,50.0,,50.0,50.0
2026-09-21T03:57:55,cfb,cfb_20260926_tulsa_golden_hurricane_arkansas_razorbacks,20260926CFB00128,CIRCA,circa,change,9,2026-09-20T15:05:00,Sep 20,3:05 PM ET,12h ago,home,Arkansas Razorbacks,-7.5,100.0,100.0,52.0,50.0,50.0,,50.0,50.0
2026-09-21T03:57:57,cfb,cfb_20260926_fl_atlantic_owls_la_monroe_warhawks,20260926CFB00169,DK,draftkings,open,1,2026-09-20T16:35:00,Sep 20,4:35 PM ET,11h ago,away,FL Atlantic Owls,,0.0,0.0,,0.0,0.0,-550.0,100.0,100.0
2026-09-21T03:57:57,cfb,cfb_20260926_fl_atlantic_owls_la_monroe_warhawks,20260926CFB00169,DK,draftkings,open,1,2026-09-20T16:35:00,Sep 20,4:35 PM ET,11h ago,home,LA Monroe Warhawks,,0.0,0.0,,0.0,0.0,410.0,0.0,0.0
2026-09-21T03:57:57,cfb,cfb_20260926_fl_atlantic_owls_la_monroe_warhawks,20260926CFB00169,DK,draftkings,change,2,2026-09-21T03:50:00,Sep 21,3:50 AM ET,7m ago,away,FL Atlantic Owls,-13.5,2.0,67.0,57.5,100.0,100.0,-550.0,0.0,21.0
2026-09-21T03:57:57,cfb,cfb_20260926_fl_atlantic_owls_la_monroe_warhawks,20260926CFB00169,DK,draftkings,change,2,2026-09-21T03:50:00,Sep 21,3:50 AM ET,7m ago,home,LA Monroe Warhawks,13.5,98.0,33.0,57.5,0.0,0.0,410.0,100.0,79.0
2026-09-21T03:57:57,cfb,cfb_20260926_fl_atlantic_owls_la_monroe_warhawks,20260926CFB00169,DK,draftkings,change,3,2026-09-21T03:40:00,Sep 21,3:40 AM ET,17m ago,away,FL Atlantic Owls,-13.5,2.0,67.0,57.5,100.0,100.0,-550.0,0.0,19.0
2026-09-21T03:57:57,cfb,cfb_20260926_fl_atlantic_owls_la_monroe_warhawks,20260926CFB00169,DK,draftkings,change,3,2026-09-21T03:40:00,Sep 21,3:40 AM ET,17m ago,home,LA Monroe Warhawks,13.5,98.0,33.0,57.5,0.0,0.0,410.0,100.0,81.0
2026-09-21T03:57:57,cfb,cfb_20260926_fl_atlantic_owls_la_monroe_warhawks,20260926CFB00169,DK,draftkings,change,4,2026-09-21T00:00:00,Sep 21,12:00 AM ET,3h ago,away,FL Atlantic Owls,-13.5,2.0,67.0,57.5,100.0,100.0,-550.0,0.0,16.0
2026-09-21T03:57:57,cfb,cfb_20260926_fl_atlantic_owls_la_monroe_warhawks,20260926CFB00169,DK,draftkings,change,4,2026-09-21T00:00:00,Sep 21,12:00 AM ET,3h ago,home,LA Monroe Warhawks,13.5,98.0,33.0,57.5,0.0,0.0,410.0,100.0,84.0
2026-09-21T03:57:57,cfb,cfb_20260926_fl_atlantic_owls_la_monroe_warhawks,20260926CFB00169,DK,draftkings,change,5,2026-09-20T23:45:00,Sep 20,11:45 PM ET,4h ago,away,FL Atlantic Owls,-13.5,2.0,67.0,57.5,100.0,100.0,-550.0,0.0,13.0
2026-09-21T03:57:57,cfb,cfb_20260926_fl_atlantic_owls_la_monroe_warhawks,20260926CFB00169,DK,draftkings,change,5,2026-09-20T23:45:00,Sep 20,11:45 PM ET,4h ago,home,LA Monroe Warhawks,13.5,98.0,33.0,57.5,0.0,0.0,410.0,100.0,87.0
2026-09-21T03:57:57,cfb,cfb_20260926_fl_atlantic_owls_la_monroe_warhawks,20260926CFB00169,DK,draftkings,change,6,2026-09-20T22:00:00,Sep 20,10:00 PM ET,5h ago,away,FL Atlantic Owls,-13.5,100.0,100.0,57.5,100.0,100.0,-550.0,0.0,13.0
2026-09-21T03:57:57,cfb,cfb_20260926_fl_atlantic_owls_la_monroe_warhawks,20260926CFB00169,DK,draftkings,change,6,2026-09-20T22:00:00,Sep 20,10:00 PM ET,5h ago,home,LA Monroe Warhawks,13.5,0.0,0.0,57.5,0.0,0.0,410.0,100.0,87.0
2026-09-21T03:57:57,cfb,cfb_20260926_fl_atlantic_owls_la_monroe_warhawks,20260926CFB00169,DK,draftkings,change,7,2026-09-20T21:50:00,Sep 20,9:50 PM ET,6h ago,away,FL Atlantic Owls,-13.5,100.0,100.0,57.5,100.0,100.0,-550.0,0.0,14.0
2026-09-21T03:57:57,cfb,cfb_20260926_fl_atlantic_owls_la_monroe_warhawks,20260926CFB00169,DK,draftkings,change,7,2026-09-20T21:50:00,Sep 20,9:50 PM ET,6h ago,home,LA Monroe Warhawks,13.5,0.0,0.0,57.5,0.0,0.0,410.0,100.0,86.0
2026-09-21T03:57:57,cfb,cfb_20260926_fl_atlantic_owls_la_monroe_warhawks,20260926CFB00169,DK,draftkings,change,8,2026-09-20T21:30:00,Sep 20,9:30 PM ET,6h ago,away,FL Atlantic Owls,-13.5,100.0,100.0,57.5,100.0,100.0,-550.0,0.0,11.0
2026-09-21T03:57:57,cfb,cfb_20260926_fl_atlantic_owls_la_monroe_warhawks,20260926CFB00169,DK,draftkings,change,8,2026-09-20T21:30:00,Sep 20,9:30 PM ET,6h ago,home,LA Monroe Warhawks,13.5,0.0,0.0,57.5,0.0,0.0,410.0,100.0,89.0
2026-09-21T03:57:57,cfb,cfb_20260926_fl_atlantic_owls_la_monroe_warhawks,20260926CFB00169,DK,draftkings,change,9,2026-09-20T21:05:00,Sep 20,9:05 PM ET,6h ago,away,FL Atlantic Owls,,0.0,0.0,57.5,100.0,100.0,-550.0,0.0,11.0
2026-09-21T03:57:57,cfb,cfb_20260926_fl_atlantic_owls_la_monroe_warhawks,20260926CFB00169,DK,draftkings,change,9,2026-09-20T21:05:00,Sep 20,9:05 PM ET,6h ago,home,LA Monroe Warhawks,,0.0,0.0,57.5,0.0,0.0,410.0,100.0,89.0
2026-09-21T03:57:57,cfb,cfb_20260926_fl_atlantic_owls_la_monroe_warhawks,20260926CFB00169,DK,draftkings,change,10,2026-09-20T21:00:00,Sep 20,9:00 PM ET,6h ago,away,FL Atlantic Owls,,0.0,0.0,57.5,100.0,100.0,-550.0,0.0,19.0
2026-09-21T03:57:57,cfb,cfb_20260926_fl_atlantic_owls_la_monroe_warhawks,20260926CFB00169,DK,draftkings,change,10,2026-09-20T21:00:00,Sep 20,9:00 PM ET,6h ago,home,LA Monroe Warhawks,,0.0,0.0,57.5,0.0,0.0,410.0,100.0,81.0
2026-09-21T03:57:57,cfb,cfb_20260926_fl_atlantic_owls_la_monroe_warhawks,20260926CFB00169,DK,draftkings,change,11,2026-09-20T20:30:00,Sep 20,8:30 PM ET,7h ago,away,FL Atlantic Owls,,0.0,0.0,57.5,100.0,100.0,-550.0,100.0,100.0
2026-09-21T03:57:57,cfb,cfb_20260926_fl_atlantic_owls_la_monroe_warhawks,20260926CFB00169,DK,draftkings,change,11,2026-09-20T20:30:00,Sep 20,8:30 PM ET,7h ago,home,LA Monroe Warhawks,,0.0,0.0,57.5,0.0,0.0,410.0,0.0,0.0
2026-09-21T03:57:57,cfb,cfb_20260926_fl_atlantic_owls_la_monroe_warhawks,20260926CFB00169,DK,draftkings,change,12,2026-09-20T16:35:00,Sep 20,4:35 PM ET,11h ago,away,FL Atlantic Owls,,0.0,0.0,,0.0,0.0,-550.0,100.0,100.0
2026-09-21T03:57:57,cfb,cfb_20260926_fl_atlantic_owls_la_monroe_warhawks,20260926CFB00169,DK,draftkings,change,12,2026-09-20T16:35:00,Sep 20,4:35 PM ET,11h ago,home,LA Monroe Warhawks,,0.0,0.0,,0.0,0.0,410.0,0.0,0.0
2026-09-21T03:57:58,cfb,cfb_20260926_fl_atlantic_owls_la_monroe_warhawks,20260926CFB00169,CIRCA,circa,open,1,2026-09-20T15:05:00,Sep 20,3:05 PM ET,12h ago,away,FL Atlantic Owls,-13.5,100.0,100.0,58.5,50.0,50.0,,50.0,50.0
2026-09-21T03:57:58,cfb,cfb_20260926_fl_atlantic_owls_la_monroe_warhawks,20260926CFB00169,CIRCA,circa,open,1,2026-09-20T15:05:00,Sep 20,3:05 PM ET,12h ago,home,LA Monroe Warhawks,13.5,0.0,0.0,58.5,50.0,50.0,,50.0,50.0
2026-09-21T03:57:58,cfb,cfb_20260926_fl_atlantic_owls_la_monroe_warhawks,20260926CFB00169,CIRCA,circa,change,2,2026-09-20T19:50:00,Sep 20,7:50 PM ET,8h ago,away,FL Atlantic Owls,-13.5,100.0,100.0,58.0,40.0,33.0,,50.0,50.0
2026-09-21T03:57:58,cfb,cfb_20260926_fl_atlantic_owls_la_monroe_warhawks,20260926CFB00169,CIRCA,circa,change,2,2026-09-20T19:50:00,Sep 20,7:50 PM ET,8h ago,home,LA Monroe Warhawks,13.5,0.0,0.0,58.0,60.0,67.0,,50.0,50.0
2026-09-21T03:57:58,cfb,cfb_20260926_fl_atlantic_owls_la_monroe_warhawks,20260926CFB00169,CIRCA,circa,change,3,2026-09-20T15:05:00,Sep 20,3:05 PM ET,12h ago,away,FL Atlantic Owls,-13.5,100.0,100.0,58.5,50.0,50.0,,50.0,50.0
2026-09-21T03:57:58,cfb,cfb_20260926_fl_atlantic_owls_la_monroe_warhawks,20260926CFB00169,CIRCA,circa,change,3,2026-09-20T15:05:00,Sep 20,3:05 PM ET,12h ago,home,LA Monroe Warhawks,13.5,0.0,0.0,58.5,50.0,50.0,,50.0,50.0
2026-09-21T03:57:59,cfb,cfb_20260926_missouri_st_smu_mustangs,20260926CFB00209,DK,draftkings,open,1,2026-09-20T13:25:00,Sep 20,1:25 PM ET,14h ago,away,Missouri ST,,0.0,0.0,,0.0,0.0,3.0,0.0,0.0
2026-09-21T03:57:59,cfb,cfb_20260926_missouri_st_smu_mustangs,20260926CFB00209,DK,draftkings,open,1,2026-09-20T13:25:00,Sep 20,1:25 PM ET,14h ago,home,SMU Mustangs,,0.0,0.0,,0.0,0.0,-20.0,100.0,100.0
2026-09-21T03:57:59,cfb,cfb_20260926_missouri_st_smu_mustangs,20260926CFB00209,DK,draftkings,change,2,2026-09-21T00:10:00,Sep 21,12:10 AM ET,3h ago,away,Missouri ST,34.5,0.0,0.0,58.5,11.0,75.0,3.0,38.0,10.0
2026-09-21T03:57:59,cfb,cfb_20260926_missouri_st_smu_mustangs,20260926CFB00209,DK,draftkings,change,2,2026-09-21T00:10:00,Sep 21,12:10 AM ET,3h ago,home,SMU Mustangs,-34.5,100.0,100.0,58.5,89.0,25.0,-10.0,62.0,90.0
2026-09-21T03:57:59,cfb,cfb_20260926_missouri_st_smu_mustangs,20260926CFB00209,DK,draftkings,change,3,2026-09-20T23:30:00,Sep 20,11:30 PM ET,4h ago,away,Missouri ST,34.5,0.0,0.0,58.5,8.0,67.0,3.0,41.0,11.0
2026-09-21T03:57:59,cfb,cfb_20260926_missouri_st_smu_mustangs,20260926CFB00209,DK,draftkings,change,3,2026-09-20T23:30:00,Sep 20,11:30 PM ET,4h ago,home,SMU Mustangs,-34.5,100.0,100.0,58.5,92.0,33.0,-10.0,59.0,89.0
2026-09-21T03:57:59,cfb,cfb_20260926_missouri_st_smu_mustangs,20260926CFB00209,DK,draftkings,change,4,2026-09-20T22:30:00,Sep 20,10:30 PM ET,5h ago,away,Missouri ST,34.5,0.0,0.0,58.5,8.0,67.0,3.0,56.0,12.0
2026-09-21T03:57:59,cfb,cfb_20260926_missouri_st_smu_mustangs,20260926CFB00209,DK,draftkings,change,4,2026-09-20T22:30:00,Sep 20,10:30 PM ET,5h ago,home,SMU Mustangs,-34.5,100.0,100.0,58.5,92.0,33.0,-10.0,44.0,88.0
2026-09-21T03:57:59,cfb,cfb_20260926_missouri_st_smu_mustangs,20260926CFB00209,DK,draftkings,change,5,2026-09-20T21:15:00,Sep 20,9:15 PM ET,6h ago,away,Missouri ST,34.5,0.0,0.0,58.5,8.0,67.0,3.0,0.0,0.0
2026-09-21T03:57:59,cfb,cfb_20260926_missouri_st_smu_mustangs,20260926CFB00209,DK,draftkings,change,5,2026-09-20T21:15:00,Sep 20,9:15 PM ET,6h ago,home,SMU Mustangs,-34.5,100.0,100.0,58.5,92.0,33.0,-10.0,100.0,100.0
2026-09-21T03:57:59,cfb,cfb_20260926_missouri_st_smu_mustangs,20260926CFB00209,DK,draftkings,change,6,2026-09-20T19:50:00,Sep 20,7:50 PM ET,8h ago,away,Missouri ST,34.5,0.0,0.0,58.5,100.0,100.0,3.0,0.0,0.0
2026-09-21T03:57:59,cfb,cfb_20260926_missouri_st_smu_mustangs,20260926CFB00209,DK,draftkings,change,6,2026-09-20T19:50:00,Sep 20,7:50 PM ET,8h ago,home,SMU Mustangs,-34.5,100.0,100.0,58.5,0.0,0.0,-10.0,100.0,100.0
2026-09-21T03:57:59,cfb,cfb_20260926_missouri_st_smu_mustangs,20260926CFB00209,DK,draftkings,change,7,2026-09-20T16:00:00,Sep 20,4:00 PM ET,11h ago,away,Missouri ST,34.5,0.0,0.0,,0.0,0.0,3.0,0.0,0.0
2026-09-21T03:57:59,cfb,cfb_20260926_missouri_st_smu_mustangs,20260926CFB00209,DK,draftkings,change,7,2026-09-20T16:00:00,Sep 20,4:00 PM ET,11h ago,home,SMU Mustangs,-34.5,100.0,100.0,,0.0,0.0,-10.0,100.0,100.0
2026-09-21T03:57:59,cfb,cfb_20260926_missouri_st_smu_mustangs,20260926CFB00209,DK,draftkings,change,8,2026-09-20T13:25:00,Sep 20,1:25 PM ET,14h ago,away,Missouri ST,,0.0,0.0,,0.0,0.0,3.0,0.0,0.0
2026-09-21T03:57:59,cfb,cfb_20260926_missouri_st_smu_mustangs,20260926CFB00209,DK,draftkings,change,8,2026-09-20T13:25:00,Sep 20,1:25 PM ET,14h ago,home,SMU Mustangs,,0.0,0.0,,0.0,0.0,-20.0,100.0,100.0
2026-09-21T03:58:00,cfb,cfb_20260926_missouri_st_smu_mustangs,20260926CFB00209,CIRCA,circa,open,1,2026-09-20T15:05:00,Sep 20,3:05 PM ET,12h ago,away,Missouri ST,35.0,0.0,0.0,59.5,50.0,50.0,,50.0,50.0
2026-09-21T03:58:00,cfb,cfb_20260926_missouri_st_smu_mustangs,20260926CFB00209,CIRCA,circa,open,1,2026-09-20T15:05:00,Sep 20,3:05 PM ET,12h ago,home,SMU Mustangs,-35.0,100.0,100.0,59.5,50.0,50.0,,50.0,50.0
2026-09-21T03:58:00,cfb,cfb_20260926_missouri_st_smu_mustangs,20260926CFB00209,CIRCA,circa,change,2,2026-09-20T18:10:00,Sep 20,6:10 PM ET,9h ago,away,Missouri ST,35.0,0.0,0.0,58.5,0.0,0.0,,50.0,50.0
2026-09-21T03:58:00,cfb,cfb_20260926_missouri_st_smu_mustangs,20260926CFB00209,CIRCA,circa,change,2,2026-09-20T18:10:00,Sep 20,6:10 PM ET,9h ago,home,SMU Mustangs,-35.0,100.0,100.0,58.5,100.0,100.0,,50.0,50.0
2026-09-21T03:58:00,cfb,cfb_20260926_missouri_st_smu_mustangs,20260926CFB00209,CIRCA,circa,change,3,2026-09-20T15:05:00,Sep 20,3:05 PM ET,12h ago,away,Missouri ST,35.0,0.0,0.0,59.5,50.0,50.0,,50.0,50.0
2026-09-21T03:58:00,cfb,cfb_20260926_missouri_st_smu_mustangs,20260926CFB00209,CIRCA,circa,change,3,2026-09-20T15:05:00,Sep 20,3:05 PM ET,12h ago,home,SMU Mustangs,-35.0,100.0,100.0,59.5,50.0,50.0,,50.0,50.0
2026-09-21T03:58:01,cfb,cfb_20260926_oregon_st_beavers_utep_miners,20260926CFB00221,DK,draftkings,open,1,2026-09-20T15:45:00,Sep 20,3:45 PM ET,12h ago,away,Oregon ST Beavers,,0.0,0.0,,0.0,0.0,-575.0,100.0,100.0
2026-09-21T03:58:01,cfb,cfb_20260926_oregon_st_beavers_utep_miners,20260926CFB00221,DK,draftkings,open,1,2026-09-20T15:45:00,Sep 20,3:45 PM ET,12h ago,home,UTEP Miners,,0.0,0.0,,0.0,0.0,425.0,0.0,0.0
2026-09-21T03:58:01,cfb,cfb_20260926_oregon_st_beavers_utep_miners,20260926CFB00221,DK,draftkings,first_full,2,2026-09-21T00:00:00,Sep 21,12:00 AM ET,3h ago,away,Oregon ST Beavers,-11.5,71.0,67.0,54.5,100.0,100.0,-500.0,100.0,100.0
2026-09-21T03:58:01,cfb,cfb_20260926_oregon_st_beavers_utep_miners,20260926CFB00221,DK,draftkings,first_full,2,2026-09-21T00:00:00,Sep 21,12:00 AM ET,3h ago,home,UTEP Miners,11.5,29.0,33.0,54.5,0.0,0.0,380.0,0.0,0.0
2026-09-21T03:58:01,cfb,cfb_20260926_oregon_st_beavers_utep_miners,20260926CFB00221,DK,draftkings,change,3,2026-09-21T00:00:00,Sep 21,12:00 AM ET,3h ago,away,Oregon ST Beavers,-11.5,71.0,67.0,54.5,100.0,100.0,-500.0,100.0,100.0
2026-09-21T03:58:01,cfb,cfb_20260926_oregon_st_beavers_utep_miners,20260926CFB00221,DK,draftkings,change,3,2026-09-21T00:00:00,Sep 21,12:00 AM ET,3h ago,home,UTEP Miners,11.5,29.0,33.0,54.5,0.0,0.0,380.0,0.0,0.0
2026-09-21T03:58:01,cfb,cfb_20260926_oregon_st_beavers_utep_miners,20260926CFB00221,DK,draftkings,change,4,2026-09-20T21:30:00,Sep 20,9:30 PM ET,6h ago,away,Oregon ST Beavers,-11.5,71.0,67.0,,0.0,0.0,-500.0,100.0,100.0
2026-09-21T03:58:01,cfb,cfb_20260926_oregon_st_beavers_utep_miners,20260926CFB00221,DK,draftkings,change,4,2026-09-20T21:30:00,Sep 20,9:30 PM ET,6h ago,home,UTEP Miners,11.5,29.0,33.0,,0.0,0.0,380.0,0.0,0.0
2026-09-21T03:58:01,cfb,cfb_20260926_oregon_st_beavers_utep_miners,20260926CFB00221,DK,draftkings,change,5,2026-09-20T20:20:00,Sep 20,8:20 PM ET,7h ago,away,Oregon ST Beavers,-12.5,71.0,50.0,,0.0,0.0,-500.0,100.0,100.0
2026-09-21T03:58:01,cfb,cfb_20260926_oregon_st_beavers_utep_miners,20260926CFB00221,DK,draftkings,change,5,2026-09-20T20:20:00,Sep 20,8:20 PM ET,7h ago,home,UTEP Miners,12.5,29.0,50.0,,0.0,0.0,380.0,0.0,0.0
2026-09-21T03:58:01,cfb,cfb_20260926_oregon_st_beavers_utep_miners,20260926CFB00221,DK,draftkings,change,6,2026-09-20T18:30:00,Sep 20,6:30 PM ET,9h ago,away,Oregon ST Beavers,-12.5,100.0,100.0,,0.0,0.0,-535.0,100.0,100.0
2026-09-21T03:58:01,cfb,cfb_20260926_oregon_st_beavers_utep_miners,20260926CFB00221,DK,draftkings,change,6,2026-09-20T18:30:00,Sep 20,6:30 PM ET,9h ago,home,UTEP Miners,12.5,0.0,0.0,,0.0,0.0,400.0,0.0,0.0
2026-09-21T03:58:01,cfb,cfb_20260926_oregon_st_beavers_utep_miners,20260926CFB00221,DK,draftkings,change,7,2026-09-20T15:45:00,Sep 20,3:45 PM ET,12h ago,away,Oregon ST Beavers,,0.0,0.0,,0.0,0.0,-575.0,100.0,100.0
2026-09-21T03:58:01,cfb,cfb_20260926_oregon_st_beavers_utep_miners,20260926CFB00221,DK,draftkings,change,7,2026-09-20T15:45:00,Sep 20,3:45 PM ET,12h ago,home,UTEP Miners,,0.0,0.0,,0.0,0.0,425.0,0.0,0.0
2026-09-21T03:58:02,cfb,cfb_20260926_oregon_st_beavers_utep_miners,20260926CFB00221,CIRCA,circa,open,1,2026-09-20T15:05:00,Sep 20,3:05 PM ET,12h ago,away,Oregon ST Beavers,-13.0,100.0,100.0,55.5,50.0,50.0,,50.0,50.0
2026-09-21T03:58:02,cfb,cfb_20260926_oregon_st_beavers_utep_miners,20260926CFB00221,CIRCA,circa,open,1,2026-09-20T15:05:00,Sep 20,3:05 PM ET,12h ago,home,UTEP Miners,13.0,0.0,0.0,55.5,50.0,50.0,,50.0,50.0
2026-09-21T03:58:02,cfb,cfb_20260926_oregon_st_beavers_utep_miners,20260926CFB00221,CIRCA,circa,change,2,2026-09-21T00:20:00,Sep 21,12:20 AM ET,3h ago,away,Oregon ST Beavers,-13.0,85.0,60.0,53.5,0.0,0.0,,50.0,50.0
2026-09-21T03:58:02,cfb,cfb_20260926_oregon_st_beavers_utep_miners,20260926CFB00221,CIRCA,circa,change,2,2026-09-21T00:20:00,Sep 21,12:20 AM ET,3h ago,home,UTEP Miners,13.0,15.0,40.0,53.5,100.0,100.0,,50.0,50.0
2026-09-21T03:58:02,cfb,cfb_20260926_oregon_st_beavers_utep_miners,20260926CFB00221,CIRCA,circa,change,3,2026-09-20T21:20:00,Sep 20,9:20 PM ET,6h ago,away,Oregon ST Beavers,-13.0,94.0,75.0,53.5,0.0,0.0,,50.0,50.0
2026-09-21T03:58:02,cfb,cfb_20260926_oregon_st_beavers_utep_miners,20260926CFB00221,CIRCA,circa,change,3,2026-09-20T21:20:00,Sep 20,9:20 PM ET,6h ago,home,UTEP Miners,13.0,6.0,25.0,53.5,100.0,100.0,,50.0,50.0
2026-09-21T03:58:02,cfb,cfb_20260926_oregon_st_beavers_utep_miners,20260926CFB00221,CIRCA,circa,change,4,2026-09-20T20:00:00,Sep 20,8:00 PM ET,7h ago,away,Oregon ST Beavers,-13.0,94.0,67.0,55.0,0.0,0.0,,50.0,50.0
2026-09-21T03:58:02,cfb,cfb_20260926_oregon_st_beavers_utep_miners,20260926CFB00221,CIRCA,circa,change,4,2026-09-20T20:00:00,Sep 20,8:00 PM ET,7h ago,home,UTEP Miners,13.0,6.0,33.0,55.0,100.0,100.0,,50.0,50.0
2026-09-21T03:58:02,cfb,cfb_20260926_oregon_st_beavers_utep_miners,20260926CFB00221,CIRCA,circa,change,5,2026-09-20T17:40:00,Sep 20,5:40 PM ET,10h ago,away,Oregon ST Beavers,-13.0,94.0,67.0,55.5,50.0,50.0,,50.0,50.0
2026-09-21T03:58:02,cfb,cfb_20260926_oregon_st_beavers_utep_miners,20260926CFB00221,CIRCA,circa,change,5,2026-09-20T17:40:00,Sep 20,5:40 PM ET,10h ago,home,UTEP Miners,13.0,6.0,33.0,55.5,50.0,50.0,,50.0,50.0
2026-09-21T03:58:02,cfb,cfb_20260926_oregon_st_beavers_utep_miners,20260926CFB00221,CIRCA,circa,change,6,2026-09-20T15:05:00,Sep 20,3:05 PM ET,12h ago,away,Oregon ST Beavers,-13.0,100.0,100.0,55.5,50.0,50.0,,50.0,50.0
2026-09-21T03:58:02,cfb,cfb_20260926_oregon_st_beavers_utep_miners,20260926CFB00221,CIRCA,circa,change,6,2026-09-20T15:05:00,Sep 20,3:05 PM ET,12h ago,home,UTEP Miners,13.0,0.0,0.0,55.5,50.0,50.0,,50.0,50.0
2026-09-21T03:58:03,cfb,cfb_20260926_massachusetts_minutemen_sacramento_st,20260926CFB00263,DK,draftkings,open,1,2026-09-20T13:00:00,Sep 20,1:00 PM ET,14h ago,away,Massachusetts Minutemen,,0.0,0.0,,0.0,0.0,-225.0,100.0,100.0
2026-09-21T03:58:03,cfb,cfb_20260926_massachusetts_minutemen_sacramento_st,20260926CFB00263,DK,draftkings,open,1,2026-09-20T13:00:00,Sep 20,1:00 PM ET,14h ago,home,Sacramento ST,,0.0,0.0,,0.0,0.0,185.0,0.0,0.0
2026-09-21T03:58:03,cfb,cfb_20260926_massachusetts_minutemen_sacramento_st,20260926CFB00263,DK,draftkings,first_full,2,2026-09-21T00:30:00,Sep 21,12:30 AM ET,3h ago,away,Massachusetts Minutemen,-5.5,13.0,33.0,48.5,100.0,100.0,-230.0,91.0,80.0
2026-09-21T03:58:03,cfb,cfb_20260926_massachusetts_minutemen_sacramento_st,20260926CFB00263,DK,draftkings,first_full,2,2026-09-21T00:30:00,Sep 21,12:30 AM ET,3h ago,home,Sacramento ST,5.5,87.0,67.0,48.5,0.0,0.0,190.0,9.0,20.0
2026-09-21T03:58:03,cfb,cfb_20260926_massachusetts_minutemen_sacramento_st,20260926CFB00263,DK,draftkings,change,3,2026-09-21T01:00:00,Sep 21,1:00 AM ET,2h ago,away,Massachusetts Minutemen,-5.5,13.0,33.0,48.5,100.0,100.0,-230.0,92.0,83.0
2026-09-21T03:58:03,cfb,cfb_20260926_massachusetts_minutemen_sacramento_st,20260926CFB00263,DK,draftkings,change,3,2026-09-21T01:00:00,Sep 21,1:00 AM ET,2h ago,home,Sacramento ST,5.5,87.0,67.0,48.5,0.0,0.0,190.0,8.0,17.0
2026-09-21T03:58:03,cfb,cfb_20260926_massachusetts_minutemen_sacramento_st,20260926CFB00263,DK,draftkings,change,4,2026-09-21T00:30:00,Sep 21,12:30 AM ET,3h ago,away,Massachusetts Minutemen,-5.5,13.0,33.0,48.5,100.0,100.0,-230.0,91.0,80.0
2026-09-21T03:58:03,cfb,cfb_20260926_massachusetts_minutemen_sacramento_st,20260926CFB00263,DK,draftkings,change,4,2026-09-21T00:30:00,Sep 21,12:30 AM ET,3h ago,home,Sacramento ST,5.5,87.0,67.0,48.5,0.0,0.0,190.0,9.0,20.0
2026-09-21T03:58:03,cfb,cfb_20260926_massachusetts_minutemen_sacramento_st,20260926CFB00263,DK,draftkings,change,5,2026-09-21T00:10:00,Sep 21,12:10 AM ET,3h ago,away,Massachusetts Minutemen,-5.5,0.0,20.0,48.5,100.0,100.0,-230.0,91.0,80.0
2026-09-21T03:58:03,cfb,cfb_20260926_massachusetts_minutemen_sacramento_st,20260926CFB00263,DK,draftkings,change,5,2026-09-21T00:10:00,Sep 21,12:10 AM ET,3h ago,home,Sacramento ST,5.5,100.0,80.0,48.5,0.0,0.0,190.0,9.0,20.0
2026-09-21T03:58:03,cfb,cfb_20260926_massachusetts_minutemen_sacramento_st,20260926CFB00263,DK,draftkings,change,6,2026-09-20T23:45:00,Sep 20,11:45 PM ET,4h ago,away,Massachusetts Minutemen,-5.5,0.0,25.0,48.5,100.0,100.0,-230.0,91.0,80.0
2026-09-21T03:58:03,cfb,cfb_20260926_massachusetts_minutemen_sacramento_st,20260926CFB00263,DK,draftkings,change,6,2026-09-20T23:45:00,Sep 20,11:45 PM ET,4h ago,home,Sacramento ST,5.5,100.0,75.0,48.5,0.0,0.0,190.0,9.0,20.0
2026-09-21T03:58:03,cfb,cfb_20260926_massachusetts_minutemen_sacramento_st,20260926CFB00263,DK,draftkings,change,7,2026-09-20T21:50:00,Sep 20,9:50 PM ET,6h ago,away,Massachusetts Minutemen,-5.5,0.0,33.0,48.5,100.0,100.0,-230.0,91.0,80.0
2026-09-21T03:58:03,cfb,cfb_20260926_massachusetts_minutemen_sacramento_st,20260926CFB00263,DK,draftkings,change,7,2026-09-20T21:50:00,Sep 20,9:50 PM ET,6h ago,home,Sacramento ST,5.5,100.0,67.0,48.5,0.0,0.0,190.0,9.0,20.0
2026-09-21T03:58:03,cfb,cfb_20260926_massachusetts_minutemen_sacramento_st,20260926CFB00263,DK,draftkings,change,8,2026-09-20T21:10:00,Sep 20,9:10 PM ET,6h ago,away,Massachusetts Minutemen,-5.5,0.0,33.0,48.5,100.0,100.0,-230.0,91.0,75.0
2026-09-21T03:58:03,cfb,cfb_20260926_massachusetts_minutemen_sacramento_st,20260926CFB00263,DK,draftkings,change,8,2026-09-20T21:10:00,Sep 20,9:10 PM ET,6h ago,home,Sacramento ST,5.5,100.0,67.0,48.5,0.0,0.0,190.0,9.0,25.0
2026-09-21T03:58:03,cfb,cfb_20260926_massachusetts_minutemen_sacramento_st,20260926CFB00263,DK,draftkings,change,9,2026-09-20T20:30:00,Sep 20,8:30 PM ET,7h ago,away,Massachusetts Minutemen,-6.0,0.0,50.0,48.5,100.0,100.0,-230.0,91.0,75.0
2026-09-21T03:58:03,cfb,cfb_20260926_massachusetts_minutemen_sacramento_st,20260926CFB00263,DK,draftkings,change,9,2026-09-20T20:30:00,Sep 20,8:30 PM ET,7h ago,home,Sacramento ST,6.0,100.0,50.0,48.5,0.0,0.0,190.0,9.0,25.0
2026-09-21T03:58:03,cfb,cfb_20260926_massachusetts_minutemen_sacramento_st,20260926CFB00263,DK,draftkings,change,10,2026-09-20T20:20:00,Sep 20,8:20 PM ET,7h ago,away,Massachusetts Minutemen,-6.0,0.0,50.0,,0.0,0.0,-230.0,91.0,75.0
2026-09-21T03:58:03,cfb,cfb_20260926_massachusetts_minutemen_sacramento_st,20260926CFB00263,DK,draftkings,change,10,2026-09-20T20:20:00,Sep 20,8:20 PM ET,7h ago,home,Sacramento ST,6.0,100.0,50.0,,0.0,0.0,190.0,9.0,25.0
2026-09-21T03:58:03,cfb,cfb_20260926_massachusetts_minutemen_sacramento_st,20260926CFB00263,DK,draftkings,change,11,2026-09-20T19:55:00,Sep 20,7:55 PM ET,8h ago,away,Massachusetts Minutemen,-6.0,0.0,50.0,,0.0,0.0,-230.0,91.0,67.0
2026-09-21T03:58:03,cfb,cfb_20260926_massachusetts_minutemen_sacramento_st,20260926CFB00263,DK,draftkings,change,11,2026-09-20T19:55:00,Sep 20,7:55 PM ET,8h ago,home,Sacramento ST,6.0,100.0,50.0,,0.0,0.0,190.0,9.0,33.0
2026-09-21T03:58:03,cfb,cfb_20260926_massachusetts_minutemen_sacramento_st,20260926CFB00263,DK,draftkings,change,12,2026-09-20T19:25:00,Sep 20,7:25 PM ET,8h ago,away,Massachusetts Minutemen,-5.5,0.0,0.0,,0.0,0.0,-238.0,91.0,67.0
2026-09-21T03:58:03,cfb,cfb_20260926_massachusetts_minutemen_sacramento_st,20260926CFB00263,DK,draftkings,change,12,2026-09-20T19:25:00,Sep 20,7:25 PM ET,8h ago,home,Sacramento ST,5.5,100.0,100.0,,0.0,0.0,195.0,9.0,33.0
2026-09-21T03:58:03,cfb,cfb_20260926_massachusetts_minutemen_sacramento_st,20260926CFB00263,DK,draftkings,change,13,2026-09-20T15:00:00,Sep 20,3:00 PM ET,12h ago,away,Massachusetts Minutemen,-6.5,0.0,0.0,,0.0,0.0,-238.0,100.0,100.0
2026-09-21T03:58:03,cfb,cfb_20260926_massachusetts_minutemen_sacramento_st,20260926CFB00263,DK,draftkings,change,13,2026-09-20T15:00:00,Sep 20,3:00 PM ET,12h ago,home,Sacramento ST,6.5,100.0,100.0,,0.0,0.0,195.0,0.0,0.0
2026-09-21T03:58:03,cfb,cfb_20260926_massachusetts_minutemen_sacramento_st,20260926CFB00263,DK,draftkings,change,14,2026-09-20T13:00:00,Sep 20,1:00 PM ET,14h ago,away,Massachusetts Minutemen,,0.0,0.0,,0.0,0.0,-225.0,100.0,100.0
2026-09-21T03:58:03,cfb,cfb_20260926_massachusetts_minutemen_sacramento_st,20260926CFB00263,DK,draftkings,change,14,2026-09-20T13:00:00,Sep 20,1:00 PM ET,14h ago,home,Sacramento ST,,0.0,0.0,,0.0,0.0,185.0,0.0,0.0
2026-09-21T03:58:05,cfb,cfb_20260926_massachusetts_minutemen_sacramento_st,20260926CFB00263,CIRCA,circa,open,1,2026-09-20T15:05:00,Sep 20,3:05 PM ET,12h ago,away,Massachusetts Minutemen,-6.0,0.0,0.0,49.5,50.0,50.0,,50.0,50.0
2026-09-21T03:58:05,cfb,cfb_20260926_massachusetts_minutemen_sacramento_st,20260926CFB00263,CIRCA,circa,open,1,2026-09-20T15:05:00,Sep 20,3:05 PM ET,12h ago,home,Sacramento ST,6.0,100.0,100.0,49.5,50.0,50.0,,50.0,50.0
2026-09-21T03:58:05,cfb,cfb_20260926_massachusetts_minutemen_sacramento_st,20260926CFB00263,CIRCA,circa,change,2,2026-09-20T15:05:00,Sep 20,3:05 PM ET,12h ago,away,Massachusetts Minutemen,-6.0,0.0,0.0,49.5,50.0,50.0,,50.0,50.0
2026-09-21T03:58:05,cfb,cfb_20260926_massachusetts_minutemen_sacramento_st,20260926CFB00263,CIRCA,circa,change,2,2026-09-20T15:05:00,Sep 20,3:05 PM ET,12h ago,home,Sacramento ST,6.0,100.0,100.0,49.5,50.0,50.0,,50.0,50.0
2026-09-21T03:58:06,cfb,cfb_20260926_rice_owls_fresno_st_bulldogs,20260926CFB00154,DK,draftkings,open,1,2026-09-20T15:55:00,Sep 20,3:55 PM ET,12h ago,away,Rice Owls,,0.0,0.0,,0.0,0.0,390.0,0.0,0.0
2026-09-21T03:58:06,cfb,cfb_20260926_rice_owls_fresno_st_bulldogs,20260926CFB00154,DK,draftkings,open,1,2026-09-20T15:55:00,Sep 20,3:55 PM ET,12h ago,home,Fresno ST Bulldogs,,0.0,0.0,,0.0,0.0,-520.0,100.0,100.0
2026-09-21T03:58:06,cfb,cfb_20260926_rice_owls_fresno_st_bulldogs,20260926CFB00154,DK,draftkings,change,2,2026-09-21T00:00:00,Sep 21,12:00 AM ET,3h ago,away,Rice Owls,14.5,0.0,17.0,44.5,100.0,100.0,425.0,0.0,0.0
2026-09-21T03:58:06,cfb,cfb_20260926_rice_owls_fresno_st_bulldogs,20260926CFB00154,DK,draftkings,change,2,2026-09-21T00:00:00,Sep 21,12:00 AM ET,3h ago,home,Fresno ST Bulldogs,-14.5,100.0,83.0,44.5,0.0,0.0,-575.0,100.0,100.0
2026-09-21T03:58:06,cfb,cfb_20260926_rice_owls_fresno_st_bulldogs,20260926CFB00154,DK,draftkings,change,3,2026-09-20T20:20:00,Sep 20,8:20 PM ET,7h ago,away,Rice Owls,14.0,0.0,0.0,,0.0,0.0,425.0,0.0,0.0
2026-09-21T03:58:06,cfb,cfb_20260926_rice_owls_fresno_st_bulldogs,20260926CFB00154,DK,draftkings,change,3,2026-09-20T20:20:00,Sep 20,8:20 PM ET,7h ago,home,Fresno ST Bulldogs,-14.0,100.0,100.0,,0.0,0.0,-575.0,100.0,100.0
2026-09-21T03:58:06,cfb,cfb_20260926_rice_owls_fresno_st_bulldogs,20260926CFB00154,DK,draftkings,change,4,2026-09-20T15:55:00,Sep 20,3:55 PM ET,12h ago,away,Rice Owls,,0.0,0.0,,0.0,0.0,390.0,0.0,0.0
2026-09-21T03:58:06,cfb,cfb_20260926_rice_owls_fresno_st_bulldogs,20260926CFB00154,DK,draftkings,change,4,2026-09-20T15:55:00,Sep 20,3:55 PM ET,12h ago,home,Fresno ST Bulldogs,,0.0,0.0,,0.0,0.0,-520.0,100.0,100.0
2026-09-21T03:58:07,cfb,cfb_20260926_rice_owls_fresno_st_bulldogs,20260926CFB00154,CIRCA,circa,open,1,2026-09-20T15:05:00,Sep 20,3:05 PM ET,12h ago,away,Rice Owls,12.0,0.0,0.0,44.0,50.0,50.0,,50.0,50.0
2026-09-21T03:58:07,cfb,cfb_20260926_rice_owls_fresno_st_bulldogs,20260926CFB00154,CIRCA,circa,open,1,2026-09-20T15:05:00,Sep 20,3:05 PM ET,12h ago,home,Fresno ST Bulldogs,-12.0,100.0,100.0,44.0,50.0,50.0,,50.0,50.0
2026-09-21T03:58:07,cfb,cfb_20260926_rice_owls_fresno_st_bulldogs,20260926CFB00154,CIRCA,circa,change,2,2026-09-20T21:55:00,Sep 20,9:55 PM ET,6h ago,away,Rice Owls,14.0,0.0,0.0,45.0,0.0,0.0,,50.0,50.0
2026-09-21T03:58:07,cfb,cfb_20260926_rice_owls_fresno_st_bulldogs,20260926CFB00154,CIRCA,circa,change,2,2026-09-20T21:55:00,Sep 20,9:55 PM ET,6h ago,home,Fresno ST Bulldogs,-14.0,100.0,100.0,45.0,100.0,100.0,,50.0,50.0
2026-09-21T03:58:07,cfb,cfb_20260926_rice_owls_fresno_st_bulldogs,20260926CFB00154,CIRCA,circa,change,3,2026-09-20T15:05:00,Sep 20,3:05 PM ET,12h ago,away,Rice Owls,12.0,0.0,0.0,44.0,50.0,50.0,,50.0,50.0
2026-09-21T03:58:07,cfb,cfb_20260926_rice_owls_fresno_st_bulldogs,20260926CFB00154,CIRCA,circa,change,3,2026-09-20T15:05:00,Sep 20,3:05 PM ET,12h ago,home,Fresno ST Bulldogs,-12.0,100.0,100.0,44.0,50.0,50.0,,50.0,50.0
2026-09-21T03:58:08,cfb,cfb_20260926_air_force_falcons_nevada_wolf_pack,20260926CFB00189,DK,draftkings,open,1,2026-09-20T14:55:00,Sep 20,2:55 PM ET,13h ago,away,Air Force Falcons,,0.0,0.0,,0.0,0.0,-205.0,100.0,100.0
2026-09-21T03:58:08,cfb,cfb_20260926_air_force_falcons_nevada_wolf_pack,20260926CFB00189,DK,draftkings,open,1,2026-09-20T14:55:00,Sep 20,2:55 PM ET,13h ago,home,Nevada Wolf Pack,,0.0,0.0,,0.0,0.0,170.0,0.0,0.0
2026-09-21T03:58:08,cfb,cfb_20260926_air_force_falcons_nevada_wolf_pack,20260926CFB00189,DK,draftkings,change,2,2026-09-20T22:00:00,Sep 20,10:00 PM ET,5h ago,away,Air Force Falcons,-4.0,100.0,100.0,,0.0,0.0,-192.0,100.0,100.0
2026-09-21T03:58:08,cfb,cfb_20260926_air_force_falcons_nevada_wolf_pack,20260926CFB00189,DK,draftkings,change,2,2026-09-20T22:00:00,Sep 20,10:00 PM ET,5h ago,home,Nevada Wolf Pack,4.0,0.0,0.0,,0.0,0.0,160.0,0.0,0.0
2026-09-21T03:58:08,cfb,cfb_20260926_air_force_falcons_nevada_wolf_pack,20260926CFB00189,DK,draftkings,change,3,2026-09-20T14:55:00,Sep 20,2:55 PM ET,13h ago,away,Air Force Falcons,,0.0,0.0,,0.0,0.0,-205.0,100.0,100.0
2026-09-21T03:58:08,cfb,cfb_20260926_air_force_falcons_nevada_wolf_pack,20260926CFB00189,DK,draftkings,change,3,2026-09-20T14:55:00,Sep 20,2:55 PM ET,13h ago,home,Nevada Wolf Pack,,0.0,0.0,,0.0,0.0,170.0,0.0,0.0
2026-09-21T03:58:09,cfb,cfb_20260926_air_force_falcons_nevada_wolf_pack,20260926CFB00189,CIRCA,circa,open,1,2026-09-20T15:05:00,Sep 20,3:05 PM ET,12h ago,away,Air Force Falcons,-4.0,1.0,50.0,49.0,50.0,50.0,,50.0,50.0
2026-09-21T03:58:09,cfb,cfb_20260926_air_force_falcons_nevada_wolf_pack,20260926CFB00189,CIRCA,circa,open,1,2026-09-20T15:05:00,Sep 20,3:05 PM ET,12h ago,home,Nevada Wolf Pack,4.0,99.0,50.0,49.0,50.0,50.0,,50.0,50.0
2026-09-21T03:58:09,cfb,cfb_20260926_air_force_falcons_nevada_wolf_pack,20260926CFB00189,CIRCA,circa,change,2,2026-09-21T00:35:00,Sep 21,12:35 AM ET,3h ago,away,Air Force Falcons,-4.0,4.0,67.0,49.0,50.0,50.0,,50.0,50.0
2026-09-21T03:58:09,cfb,cfb_20260926_air_force_falcons_nevada_wolf_pack,20260926CFB00189,CIRCA,circa,change,2,2026-09-21T00:35:00,Sep 21,12:35 AM ET,3h ago,home,Nevada Wolf Pack,4.0,96.0,33.0,49.0,50.0,50.0,,50.0,50.0
2026-09-21T03:58:09,cfb,cfb_20260926_air_force_falcons_nevada_wolf_pack,20260926CFB00189,CIRCA,circa,change,3,2026-09-20T15:05:00,Sep 20,3:05 PM ET,12h ago,away,Air Force Falcons,-4.0,1.0,50.0,49.0,50.0,50.0,,50.0,50.0
2026-09-21T03:58:09,cfb,cfb_20260926_air_force_falcons_nevada_wolf_pack,20260926CFB00189,CIRCA,circa,change,3,2026-09-20T15:05:00,Sep 20,3:05 PM ET,12h ago,home,Nevada Wolf Pack,4.0,99.0,50.0,49.0,50.0,50.0,,50.0,50.0
2026-09-21T03:58:10,cfb,cfb_20260926_georgia_tech_yellow_jackets_stanford_cardinal,20260926CFB00213,DK,draftkings,open,1,2026-09-20T13:50:00,Sep 20,1:50 PM ET,14h ago,away,Georgia Tech Yellow Jackets,,0.0,0.0,48.5,0.0,0.0,,0.0,0.0
2026-09-21T03:58:10,cfb,cfb_20260926_georgia_tech_yellow_jackets_stanford_cardinal,20260926CFB00213,DK,draftkings,open,1,2026-09-20T13:50:00,Sep 20,1:50 PM ET,14h ago,home,Stanford Cardinal,,0.0,0.0,48.5,100.0,100.0,,0.0,0.0
2026-09-21T03:58:10,cfb,cfb_20260926_georgia_tech_yellow_jackets_stanford_cardinal,20260926CFB00213,DK,draftkings,first_full,2,2026-09-20T22:10:00,Sep 20,10:10 PM ET,5h ago,away,Georgia Tech Yellow Jackets,-3.5,100.0,100.0,48.5,1.0,50.0,-175.0,70.0,56.0
2026-09-21T03:58:10,cfb,cfb_20260926_georgia_tech_yellow_jackets_stanford_cardinal,20260926CFB00213,DK,draftkings,first_full,2,2026-09-20T22:10:00,Sep 20,10:10 PM ET,5h ago,home,Stanford Cardinal,3.5,0.0,0.0,48.5,99.0,50.0,145.0,30.0,44.0
2026-09-21T03:58:10,cfb,cfb_20260926_georgia_tech_yellow_jackets_stanford_cardinal,20260926CFB00213,DK,draftkings,change,3,2026-09-21T01:00:00,Sep 21,1:00 AM ET,2h ago,away,Georgia Tech Yellow Jackets,-3.5,98.0,67.0,48.5,1.0,50.0,-175.0,90.0,58.0
2026-09-21T03:58:10,cfb,cfb_20260926_georgia_tech_yellow_jackets_stanford_cardinal,20260926CFB00213,DK,draftkings,change,3,2026-09-21T01:00:00,Sep 21,1:00 AM ET,2h ago,home,Stanford Cardinal,3.5,2.0,33.0,48.5,99.0,50.0,145.0,10.0,42.0
2026-09-21T03:58:10,cfb,cfb_20260926_georgia_tech_yellow_jackets_stanford_cardinal,20260926CFB00213,DK,draftkings,change,4,2026-09-21T00:45:00,Sep 21,12:45 AM ET,3h ago,away,Georgia Tech Yellow Jackets,-3.5,100.0,100.0,48.5,1.0,50.0,-175.0,90.0,55.0
2026-09-21T03:58:10,cfb,cfb_20260926_georgia_tech_yellow_jackets_stanford_cardinal,20260926CFB00213,DK,draftkings,change,4,2026-09-21T00:45:00,Sep 21,12:45 AM ET,3h ago,home,Stanford Cardinal,3.5,0.0,0.0,48.5,99.0,50.0,145.0,10.0,45.0
2026-09-21T03:58:10,cfb,cfb_20260926_georgia_tech_yellow_jackets_stanford_cardinal,20260926CFB00213,DK,draftkings,change,5,2026-09-21T00:00:00,Sep 21,12:00 AM ET,3h ago,away,Georgia Tech Yellow Jackets,-3.5,100.0,100.0,48.5,1.0,50.0,-175.0,90.0,60.0
2026-09-21T03:58:10,cfb,cfb_20260926_georgia_tech_yellow_jackets_stanford_cardinal,20260926CFB00213,DK,draftkings,change,5,2026-09-21T00:00:00,Sep 21,12:00 AM ET,3h ago,home,Stanford Cardinal,3.5,0.0,0.0,48.5,99.0,50.0,145.0,10.0,40.0
2026-09-21T03:58:10,cfb,cfb_20260926_georgia_tech_yellow_jackets_stanford_cardinal,20260926CFB00213,DK,draftkings,change,6,2026-09-20T22:10:00,Sep 20,10:10 PM ET,5h ago,away,Georgia Tech Yellow Jackets,-3.5,100.0,100.0,48.5,1.0,50.0,-175.0,70.0,56.0
2026-09-21T03:58:10,cfb,cfb_20260926_georgia_tech_yellow_jackets_stanford_cardinal,20260926CFB00213,DK,draftkings,change,6,2026-09-20T22:10:00,Sep 20,10:10 PM ET,5h ago,home,Stanford Cardinal,3.5,0.0,0.0,48.5,99.0,50.0,145.0,30.0,44.0
2026-09-21T03:58:10,cfb,cfb_20260926_georgia_tech_yellow_jackets_stanford_cardinal,20260926CFB00213,DK,draftkings,change,7,2026-09-20T22:00:00,Sep 20,10:00 PM ET,5h ago,away,Georgia Tech Yellow Jackets,-3.5,100.0,100.0,48.5,0.0,0.0,-175.0,100.0,100.0
2026-09-21T03:58:10,cfb,cfb_20260926_georgia_tech_yellow_jackets_stanford_cardinal,20260926CFB00213,DK,draftkings,change,7,2026-09-20T22:00:00,Sep 20,10:00 PM ET,5h ago,home,Stanford Cardinal,3.5,0.0,0.0,48.5,100.0,100.0,145.0,0.0,0.0
2026-09-21T03:58:10,cfb,cfb_20260926_georgia_tech_yellow_jackets_stanford_cardinal,20260926CFB00213,DK,draftkings,change,8,2026-09-20T19:50:00,Sep 20,7:50 PM ET,8h ago,away,Georgia Tech Yellow Jackets,,0.0,0.0,47.5,0.0,0.0,-192.0,100.0,100.0
2026-09-21T03:58:10,cfb,cfb_20260926_georgia_tech_yellow_jackets_stanford_cardinal,20260926CFB00213,DK,draftkings,change,8,2026-09-20T19:50:00,Sep 20,7:50 PM ET,8h ago,home,Stanford Cardinal,,0.0,0.0,47.5,100.0,100.0,160.0,0.0,0.0
2026-09-21T03:58:10,cfb,cfb_20260926_georgia_tech_yellow_jackets_stanford_cardinal,20260926CFB00213,DK,draftkings,change,9,2026-09-20T13:50:00,Sep 20,1:50 PM ET,14h ago,away,Georgia Tech Yellow Jackets,,0.0,0.0,48.5,0.0,0.0,,0.0,0.0
2026-09-21T03:58:10,cfb,cfb_20260926_georgia_tech_yellow_jackets_stanford_cardinal,20260926CFB00213,DK,draftkings,change,9,2026-09-20T13:50:00,Sep 20,1:50 PM ET,14h ago,home,Stanford Cardinal,,0.0,0.0,48.5,100.0,100.0,,0.0,0.0
2026-09-21T03:58:11,cfb,cfb_20260926_georgia_tech_yellow_jackets_stanford_cardinal,20260926CFB00213,CIRCA,circa,open,1,2026-09-20T15:05:00,Sep 20,3:05 PM ET,12h ago,away,Georgia Tech Yellow Jackets,-5.0,50.0,50.0,47.5,50.0,50.0,,50.0,50.0
2026-09-21T03:58:11,cfb,cfb_20260926_georgia_tech_yellow_jackets_stanford_cardinal,20260926CFB00213,CIRCA,circa,open,1,2026-09-20T15:05:00,Sep 20,3:05 PM ET,12h ago,home,Stanford Cardinal,5.0,50.0,50.0,47.5,50.0,50.0,,50.0,50.0
2026-09-21T03:58:11,cfb,cfb_20260926_georgia_tech_yellow_jackets_stanford_cardinal,20260926CFB00213,CIRCA,circa,change,2,2026-09-20T16:10:00,Sep 20,4:10 PM ET,11h ago,away,Georgia Tech Yellow Jackets,-5.0,0.0,0.0,47.5,50.0,50.0,,50.0,50.0
2026-09-21T03:58:11,cfb,cfb_20260926_georgia_tech_yellow_jackets_stanford_cardinal,20260926CFB00213,CIRCA,circa,change,2,2026-09-20T16:10:00,Sep 20,4:10 PM ET,11h ago,home,Stanford Cardinal,5.0,100.0,100.0,47.5,50.0,50.0,,50.0,50.0
2026-09-21T03:58:11,cfb,cfb_20260926_georgia_tech_yellow_jackets_stanford_cardinal,20260926CFB00213,CIRCA,circa,change,3,2026-09-20T15:05:00,Sep 20,3:05 PM ET,12h ago,away,Georgia Tech Yellow Jackets,-5.0,50.0,50.0,47.5,50.0,50.0,,50.0,50.0
2026-09-21T03:58:11,cfb,cfb_20260926_georgia_tech_yellow_jackets_stanford_cardinal,20260926CFB00213,CIRCA,circa,change,3,2026-09-20T15:05:00,Sep 20,3:05 PM ET,12h ago,home,Stanford Cardinal,5.0,50.0,50.0,47.5,50.0,50.0,,50.0,50.0
2026-09-21T03:58:13,cfb,cfb_20260926_minnesota_golden_gophers_washington_huskies,20260926CFB00237,DK,draftkings,open,1,2026-09-20T01:30:00,Sep 20,1:30 AM ET,1d ago,away,Minnesota Golden Gophers,,0.0,0.0,,0.0,0.0,320.0,99.0,50.0
2026-09-21T03:58:13,cfb,cfb_20260926_minnesota_golden_gophers_washington_huskies,20260926CFB00237,DK,draftkings,open,1,2026-09-20T01:30:00,Sep 20,1:30 AM ET,1d ago,home,Washington Huskies,,0.0,0.0,,0.0,0.0,-410.0,1.0,50.0
2026-09-21T03:58:13,cfb,cfb_20260926_minnesota_golden_gophers_washington_huskies,20260926CFB00237,DK,draftkings,first_full,2,2026-09-20T09:50:00,Sep 20,9:50 AM ET,18h ago,away,Minnesota Golden Gophers,9.5,100.0,67.0,45.5,100.0,100.0,320.0,92.0,20.0
2026-09-21T03:58:13,cfb,cfb_20260926_minnesota_golden_gophers_washington_huskies,20260926CFB00237,DK,draftkings,first_full,2,2026-09-20T09:50:00,Sep 20,9:50 AM ET,18h ago,home,Washington Huskies,-9.5,0.0,33.0,45.5,0.0,0.0,-410.0,8.0,80.0
2026-09-21T03:58:13,cfb,cfb_20260926_minnesota_golden_gophers_washington_huskies,20260926CFB00237,DK,draftkings,change,3,2026-09-21T02:10:00,Sep 21,2:10 AM ET,1h ago,away,Minnesota Golden Gophers,8.5,100.0,64.0,45.5,100.0,100.0,275.0,94.0,18.0
2026-09-21T03:58:13,cfb,cfb_20260926_minnesota_golden_gophers_washington_huskies,20260926CFB00237,DK,draftkings,change,3,2026-09-21T02:10:00,Sep 21,2:10 AM ET,1h ago,home,Washington Huskies,-8.5,0.0,36.0,45.5,0.0,0.0,-345.0,6.0,82.0
2026-09-21T03:58:13,cfb,cfb_20260926_minnesota_golden_gophers_washington_huskies,20260926CFB00237,DK,draftkings,change,4,2026-09-21T01:55:00,Sep 21,1:55 AM ET,2h ago,away,Minnesota Golden Gophers,8.5,100.0,64.0,45.5,100.0,100.0,275.0,94.0,15.0
2026-09-21T03:58:13,cfb,cfb_20260926_minnesota_golden_gophers_washington_huskies,20260926CFB00237,DK,draftkings,change,4,2026-09-21T01:55:00,Sep 21,1:55 AM ET,2h ago,home,Washington Huskies,-8.5,0.0,36.0,45.5,0.0,0.0,-345.0,6.0,85.0
2026-09-21T03:58:13,cfb,cfb_20260926_minnesota_golden_gophers_washington_huskies,20260926CFB00237,DK,draftkings,change,5,2026-09-21T01:10:00,Sep 21,1:10 AM ET,2h ago,away,Minnesota Golden Gophers,8.5,100.0,64.0,45.5,100.0,100.0,275.0,94.0,12.0
2026-09-21T03:58:13,cfb,cfb_20260926_minnesota_golden_gophers_washington_huskies,20260926CFB00237,DK,draftkings,change,5,2026-09-21T01:10:00,Sep 21,1:10 AM ET,2h ago,home,Washington Huskies,-8.5,0.0,36.0,45.5,0.0,0.0,-345.0,6.0,88.0
2026-09-21T03:58:13,cfb,cfb_20260926_minnesota_golden_gophers_washington_huskies,20260926CFB00237,DK,draftkings,change,6,2026-09-21T00:15:00,Sep 21,12:15 AM ET,3h ago,away,Minnesota Golden Gophers,8.5,100.0,62.0,45.5,100.0,100.0,275.0,94.0,12.0
2026-09-21T03:58:13,cfb,cfb_20260926_minnesota_golden_gophers_washington_huskies,20260926CFB00237,DK,draftkings,change,6,2026-09-21T00:15:00,Sep 21,12:15 AM ET,3h ago,home,Washington Huskies,-8.5,0.0,38.0,45.5,0.0,0.0,-345.0,6.0,88.0
2026-09-21T03:58:13,cfb,cfb_20260926_minnesota_golden_gophers_washington_huskies,20260926CFB00237,DK,draftkings,change,7,2026-09-21T00:10:00,Sep 21,12:10 AM ET,3h ago,away,Minnesota Golden Gophers,8.5,100.0,62.0,45.5,100.0,100.0,275.0,96.0,13.0
2026-09-21T03:58:13,cfb,cfb_20260926_minnesota_golden_gophers_washington_huskies,20260926CFB00237,DK,draftkings,change,7,2026-09-21T00:10:00,Sep 21,12:10 AM ET,3h ago,home,Washington Huskies,-8.5,0.0,38.0,45.5,0.0,0.0,-345.0,4.0,87.0
2026-09-21T03:58:13,cfb,cfb_20260926_minnesota_golden_gophers_washington_huskies,20260926CFB00237,DK,draftkings,change,8,2026-09-20T23:30:00,Sep 20,11:30 PM ET,4h ago,away,Minnesota Golden Gophers,8.5,100.0,62.0,45.5,100.0,100.0,275.0,96.0,14.0
2026-09-21T03:58:13,cfb,cfb_20260926_minnesota_golden_gophers_washington_huskies,20260926CFB00237,DK,draftkings,change,8,2026-09-20T23:30:00,Sep 20,11:30 PM ET,4h ago,home,Washington Huskies,-8.5,0.0,38.0,45.5,0.0,0.0,-345.0,4.0,86.0
2026-09-21T03:58:13,cfb,cfb_20260926_minnesota_golden_gophers_washington_huskies,20260926CFB00237,DK,draftkings,change,9,2026-09-20T22:30:00,Sep 20,10:30 PM ET,5h ago,away,Minnesota Golden Gophers,8.5,100.0,62.0,45.5,100.0,100.0,275.0,97.0,14.0
2026-09-21T03:58:13,cfb,cfb_20260926_minnesota_golden_gophers_washington_huskies,20260926CFB00237,DK,draftkings,change,9,2026-09-20T22:30:00,Sep 20,10:30 PM ET,5h ago,home,Washington Huskies,-8.5,0.0,38.0,45.5,0.0,0.0,-345.0,3.0,86.0
2026-09-21T03:58:13,cfb,cfb_20260926_minnesota_golden_gophers_washington_huskies,20260926CFB00237,DK,draftkings,change,10,2026-09-20T22:10:00,Sep 20,10:10 PM ET,5h ago,away,Minnesota Golden Gophers,8.5,100.0,62.0,45.5,100.0,100.0,275.0,97.0,15.0
2026-09-21T03:58:13,cfb,cfb_20260926_minnesota_golden_gophers_washington_huskies,20260926CFB00237,DK,draftkings,change,10,2026-09-20T22:10:00,Sep 20,10:10 PM ET,5h ago,home,Washington Huskies,-8.5,0.0,38.0,45.5,0.0,0.0,-345.0,3.0,85.0
2026-09-21T03:58:13,cfb,cfb_20260926_minnesota_golden_gophers_washington_huskies,20260926CFB00237,DK,draftkings,change,11,2026-09-20T22:00:00,Sep 20,10:00 PM ET,5h ago,away,Minnesota Golden Gophers,8.5,100.0,62.0,45.5,100.0,100.0,275.0,97.0,16.0
2026-09-21T03:58:13,cfb,cfb_20260926_minnesota_golden_gophers_washington_huskies,20260926CFB00237,DK,draftkings,change,11,2026-09-20T22:00:00,Sep 20,10:00 PM ET,5h ago,home,Washington Huskies,-8.5,0.0,38.0,45.5,0.0,0.0,-345.0,3.0,84.0
2026-09-21T03:58:13,cfb,cfb_20260926_minnesota_golden_gophers_washington_huskies,20260926CFB00237,DK,draftkings,change,12,2026-09-20T21:40:00,Sep 20,9:40 PM ET,6h ago,away,Minnesota Golden Gophers,8.5,100.0,62.0,45.5,100.0,100.0,275.0,97.0,17.0
2026-09-21T03:58:13,cfb,cfb_20260926_minnesota_golden_gophers_washington_huskies,20260926CFB00237,DK,draftkings,change,12,2026-09-20T21:40:00,Sep 20,9:40 PM ET,6h ago,home,Washington Huskies,-8.5,0.0,38.0,45.5,0.0,0.0,-345.0,3.0,83.0
2026-09-21T03:58:13,cfb,cfb_20260926_minnesota_golden_gophers_washington_huskies,20260926CFB00237,DK,draftkings,change,13,2026-09-20T21:30:00,Sep 20,9:30 PM ET,6h ago,away,Minnesota Golden Gophers,8.5,100.0,62.0,45.5,100.0,100.0,275.0,97.0,18.0
2026-09-21T03:58:13,cfb,cfb_20260926_minnesota_golden_gophers_washington_huskies,20260926CFB00237,DK,draftkings,change,13,2026-09-20T21:30:00,Sep 20,9:30 PM ET,6h ago,home,Washington Huskies,-8.5,0.0,38.0,45.5,0.0,0.0,-345.0,3.0,82.0
2026-09-21T03:58:13,cfb,cfb_20260926_minnesota_golden_gophers_washington_huskies,20260926CFB00237,DK,draftkings,change,14,2026-09-20T21:05:00,Sep 20,9:05 PM ET,6h ago,away,Minnesota Golden Gophers,8.5,100.0,67.0,45.5,100.0,100.0,275.0,97.0,18.0
2026-09-21T03:58:13,cfb,cfb_20260926_minnesota_golden_gophers_washington_huskies,20260926CFB00237,DK,draftkings,change,14,2026-09-20T21:05:00,Sep 20,9:05 PM ET,6h ago,home,Washington Huskies,-8.5,0.0,33.0,45.5,0.0,0.0,-345.0,3.0,82.0
2026-09-21T03:58:13,cfb,cfb_20260926_minnesota_golden_gophers_washington_huskies,20260926CFB00237,DK,draftkings,change,15,2026-09-20T19:30:00,Sep 20,7:30 PM ET,8h ago,away,Minnesota Golden Gophers,8.5,100.0,67.0,46.5,100.0,100.0,300.0,97.0,19.0
2026-09-21T03:58:13,cfb,cfb_20260926_minnesota_golden_gophers_washington_huskies,20260926CFB00237,DK,draftkings,change,15,2026-09-20T19:30:00,Sep 20,7:30 PM ET,8h ago,home,Washington Huskies,-8.5,0.0,33.0,46.5,0.0,0.0,-380.0,3.0,81.0
2026-09-21T03:58:13,cfb,cfb_20260926_minnesota_golden_gophers_washington_huskies,20260926CFB00237,DK,draftkings,change,16,2026-09-20T19:05:00,Sep 20,7:05 PM ET,8h ago,away,Minnesota Golden Gophers,8.5,100.0,73.0,46.5,100.0,100.0,300.0,97.0,19.0
2026-09-21T03:58:13,cfb,cfb_20260926_minnesota_golden_gophers_washington_huskies,20260926CFB00237,DK,draftkings,change,16,2026-09-20T19:05:00,Sep 20,7:05 PM ET,8h ago,home,Washington Huskies,-8.5,0.0,27.0,46.5,0.0,0.0,-380.0,3.0,81.0
2026-09-21T03:58:13,cfb,cfb_20260926_minnesota_golden_gophers_washington_huskies,20260926CFB00237,DK,draftkings,change,17,2026-09-20T18:55:00,Sep 20,6:55 PM ET,9h ago,away,Minnesota Golden Gophers,8.5,100.0,73.0,46.5,100.0,100.0,300.0,97.0,20.0
2026-09-21T03:58:13,cfb,cfb_20260926_minnesota_golden_gophers_washington_huskies,20260926CFB00237,DK,draftkings,change,17,2026-09-20T18:55:00,Sep 20,6:55 PM ET,9h ago,home,Washington Huskies,-8.5,0.0,27.0,46.5,0.0,0.0,-380.0,3.0,80.0
2026-09-21T03:58:13,cfb,cfb_20260926_minnesota_golden_gophers_washington_huskies,20260926CFB00237,DK,draftkings,change,18,2026-09-20T18:30:00,Sep 20,6:30 PM ET,9h ago,away,Minnesota Golden Gophers,8.5,100.0,73.0,46.5,100.0,100.0,300.0,98.0,21.0
2026-09-21T03:58:13,cfb,cfb_20260926_minnesota_golden_gophers_washington_huskies,20260926CFB00237,DK,draftkings,change,18,2026-09-20T18:30:00,Sep 20,6:30 PM ET,9h ago,home,Washington Huskies,-8.5,0.0,27.0,46.5,0.0,0.0,-380.0,2.0,79.0
2026-09-21T03:58:13,cfb,cfb_20260926_minnesota_golden_gophers_washington_huskies,20260926CFB00237,DK,draftkings,change,19,2026-09-20T15:45:00,Sep 20,3:45 PM ET,12h ago,away,Minnesota Golden Gophers,9.5,100.0,73.0,45.5,100.0,100.0,320.0,98.0,23.0
2026-09-21T03:58:13,cfb,cfb_20260926_minnesota_golden_gophers_washington_huskies,20260926CFB00237,DK,draftkings,change,19,2026-09-20T15:45:00,Sep 20,3:45 PM ET,12h ago,home,Washington Huskies,-9.5,0.0,27.0,45.5,0.0,0.0,-410.0,2.0,77.0
2026-09-21T03:58:13,cfb,cfb_20260926_minnesota_golden_gophers_washington_huskies,20260926CFB00237,DK,draftkings,change,20,2026-09-20T12:15:00,Sep 20,12:15 PM ET,15h ago,away,Minnesota Golden Gophers,9.5,100.0,70.0,45.5,100.0,100.0,320.0,98.0,23.0
2026-09-21T03:58:13,cfb,cfb_20260926_minnesota_golden_gophers_washington_huskies,20260926CFB00237,DK,draftkings,change,20,2026-09-20T12:15:00,Sep 20,12:15 PM ET,15h ago,home,Washington Huskies,-9.5,0.0,30.0,45.5,0.0,0.0,-410.0,2.0,77.0
2026-09-21T03:58:13,cfb,cfb_20260926_minnesota_golden_gophers_washington_huskies,20260926CFB00237,DK,draftkings,change,21,2026-09-20T12:00:00,Sep 20,12:00 PM ET,15h ago,away,Minnesota Golden Gophers,9.5,100.0,78.0,45.5,100.0,100.0,320.0,98.0,23.0
2026-09-21T03:58:13,cfb,cfb_20260926_minnesota_golden_gophers_washington_huskies,20260926CFB00237,DK,draftkings,change,21,2026-09-20T12:00:00,Sep 20,12:00 PM ET,15h ago,home,Washington Huskies,-9.5,0.0,22.0,45.5,0.0,0.0,-410.0,2.0,77.0
2026-09-21T03:58:13,cfb,cfb_20260926_minnesota_golden_gophers_washington_huskies,20260926CFB00237,DK,draftkings,change,22,2026-09-20T10:40:00,Sep 20,10:40 AM ET,17h ago,away,Minnesota Golden Gophers,9.5,100.0,78.0,45.5,100.0,100.0,320.0,83.0,17.0
2026-09-21T03:58:13,cfb,cfb_20260926_minnesota_golden_gophers_washington_huskies,20260926CFB00237,DK,draftkings,change,22,2026-09-20T10:40:00,Sep 20,10:40 AM ET,17h ago,home,Washington Huskies,-9.5,0.0,22.0,45.5,0.0,0.0,-410.0,17.0,83.0
2026-09-21T03:58:13,cfb,cfb_20260926_minnesota_golden_gophers_washington_huskies,20260926CFB00237,DK,draftkings,change,23,2026-09-20T10:20:00,Sep 20,10:20 AM ET,17h ago,away,Minnesota Golden Gophers,9.5,100.0,75.0,45.5,100.0,100.0,320.0,91.0,18.0
2026-09-21T03:58:13,cfb,cfb_20260926_minnesota_golden_gophers_washington_huskies,20260926CFB00237,DK,draftkings,change,23,2026-09-20T10:20:00,Sep 20,10:20 AM ET,17h ago,home,Washington Huskies,-9.5,0.0,25.0,45.5,0.0,0.0,-410.0,9.0,82.0
2026-09-21T03:58:13,cfb,cfb_20260926_minnesota_golden_gophers_washington_huskies,20260926CFB00237,DK,draftkings,change,24,2026-09-20T10:00:00,Sep 20,10:00 AM ET,17h ago,away,Minnesota Golden Gophers,9.5,100.0,71.0,45.5,100.0,100.0,320.0,91.0,18.0
2026-09-21T03:58:13,cfb,cfb_20260926_minnesota_golden_gophers_washington_huskies,20260926CFB00237,DK,draftkings,change,24,2026-09-20T10:00:00,Sep 20,10:00 AM ET,17h ago,home,Washington Huskies,-9.5,0.0,29.0,45.5,0.0,0.0,-410.0,9.0,82.0
2026-09-21T03:58:13,cfb,cfb_20260926_minnesota_golden_gophers_washington_huskies,20260926CFB00237,DK,draftkings,change,25,2026-09-20T09:55:00,Sep 20,9:55 AM ET,18h ago,away,Minnesota Golden Gophers,9.5,100.0,71.0,45.5,100.0,100.0,320.0,92.0,20.0
2026-09-21T03:58:13,cfb,cfb_20260926_minnesota_golden_gophers_washington_huskies,20260926CFB00237,DK,draftkings,change,25,2026-09-20T09:55:00,Sep 20,9:55 AM ET,18h ago,home,Washington Huskies,-9.5,0.0,29.0,45.5,0.0,0.0,-410.0,8.0,80.0
2026-09-21T03:58:13,cfb,cfb_20260926_minnesota_golden_gophers_washington_huskies,20260926CFB00237,DK,draftkings,change,26,2026-09-20T09:50:00,Sep 20,9:50 AM ET,18h ago,away,Minnesota Golden Gophers,9.5,100.0,67.0,45.5,100.0,100.0,320.0,92.0,20.0
2026-09-21T03:58:13,cfb,cfb_20260926_minnesota_golden_gophers_washington_huskies,20260926CFB00237,DK,draftkings,change,26,2026-09-20T09:50:00,Sep 20,9:50 AM ET,18h ago,home,Washington Huskies,-9.5,0.0,33.0,45.5,0.0,0.0,-410.0,8.0,80.0
2026-09-21T03:58:13,cfb,cfb_20260926_minnesota_golden_gophers_washington_huskies,20260926CFB00237,DK,draftkings,change,27,2026-09-20T09:20:00,Sep 20,9:20 AM ET,18h ago,away,Minnesota Golden Gophers,9.5,100.0,67.0,,0.0,0.0,320.0,92.0,20.0
2026-09-21T03:58:13,cfb,cfb_20260926_minnesota_golden_gophers_washington_huskies,20260926CFB00237,DK,draftkings,change,27,2026-09-20T09:20:00,Sep 20,9:20 AM ET,18h ago,home,Washington Huskies,-9.5,0.0,33.0,,0.0,0.0,-410.0,8.0,80.0
2026-09-21T03:58:14,cfb,cfb_20260926_minnesota_golden_gophers_washington_huskies,20260926CFB00237,CIRCA,circa,open,1,2026-09-20T15:05:00,Sep 20,3:05 PM ET,12h ago,away,Minnesota Golden Gophers,8.5,100.0,100.0,46.0,50.0,50.0,,50.0,50.0
2026-09-21T03:58:14,cfb,cfb_20260926_minnesota_golden_gophers_washington_huskies,20260926CFB00237,CIRCA,circa,open,1,2026-09-20T15:05:00,Sep 20,3:05 PM ET,12h ago,home,Washington Huskies,-8.5,0.0,0.0,46.0,50.0,50.0,,50.0,50.0
2026-09-21T03:58:14,cfb,cfb_20260926_minnesota_golden_gophers_washington_huskies,20260926CFB00237,CIRCA,circa,change,2,2026-09-20T16:01:00,Sep 20,4:01 PM ET,11h ago,away,Minnesota Golden Gophers,8.5,29.0,67.0,46.0,50.0,50.0,,50.0,50.0
2026-09-21T03:58:14,cfb,cfb_20260926_minnesota_golden_gophers_washington_huskies,20260926CFB00237,CIRCA,circa,change,2,2026-09-20T16:01:00,Sep 20,4:01 PM ET,11h ago,home,Washington Huskies,-8.5,71.0,33.0,46.0,50.0,50.0,,50.0,50.0
2026-09-21T03:58:14,cfb,cfb_20260926_minnesota_golden_gophers_washington_huskies,20260926CFB00237,CIRCA,circa,change,3,2026-09-20T15:11:00,Sep 20,3:11 PM ET,12h ago,away,Minnesota Golden Gophers,8.5,17.0,50.0,46.0,50.0,50.0,,50.0,50.0
2026-09-21T03:58:14,cfb,cfb_20260926_minnesota_golden_gophers_washington_huskies,20260926CFB00237,CIRCA,circa,change,3,2026-09-20T15:11:00,Sep 20,3:11 PM ET,12h ago,home,Washington Huskies,-8.5,83.0,50.0,46.0,50.0,50.0,,50.0,50.0
2026-09-21T03:58:14,cfb,cfb_20260926_minnesota_golden_gophers_washington_huskies,20260926CFB00237,CIRCA,circa,change,4,2026-09-20T15:05:00,Sep 20,3:05 PM ET,12h ago,away,Minnesota Golden Gophers,8.5,100.0,100.0,46.0,50.0,50.0,,50.0,50.0
2026-09-21T03:58:14,cfb,cfb_20260926_minnesota_golden_gophers_washington_huskies,20260926CFB00237,CIRCA,circa,change,4,2026-09-20T15:05:00,Sep 20,3:05 PM ET,12h ago,home,Washington Huskies,-8.5,0.0,0.0,46.0,50.0,50.0,,50.0,50.0
2026-09-21T03:58:15,cfb,cfb_20261003_miami_fl_hurricanes_clemson_tigers,20261003CFB00143,DK,draftkings,open,1,2026-08-12T15:12:00,Aug 12,3:12 PM ET,39d ago,away,Miami FL Hurricanes,,0.0,0.0,,0.0,0.0,-230.0,0.0,0.0
2026-09-21T03:58:15,cfb,cfb_20261003_miami_fl_hurricanes_clemson_tigers,20261003CFB00143,DK,draftkings,open,1,2026-08-12T15:12:00,Aug 12,3:12 PM ET,39d ago,home,Clemson Tigers,,0.0,0.0,,0.0,0.0,190.0,100.0,100.0
2026-09-21T03:58:15,cfb,cfb_20261003_miami_fl_hurricanes_clemson_tigers,20261003CFB00143,DK,draftkings,change,2,2026-09-04T13:30:00,Sep 4,1:30 PM ET,16d ago,away,Miami FL Hurricanes,-7.0,20.0,75.0,55.5,0.0,0.0,-325.0,55.0,83.0
2026-09-21T03:58:15,cfb,cfb_20261003_miami_fl_hurricanes_clemson_tigers,20261003CFB00143,DK,draftkings,change,2,2026-09-04T13:30:00,Sep 4,1:30 PM ET,16d ago,home,Clemson Tigers,7.0,80.0,25.0,55.5,100.0,100.0,260.0,45.0,17.0
2026-09-21T03:58:15,cfb,cfb_20261003_miami_fl_hurricanes_clemson_tigers,20261003CFB00143,DK,draftkings,change,3,2026-09-03T21:40:00,Sep 3,9:40 PM ET,17d ago,away,Miami FL Hurricanes,-7.0,20.0,67.0,55.5,0.0,0.0,-325.0,55.0,83.0
2026-09-21T03:58:15,cfb,cfb_20261003_miami_fl_hurricanes_clemson_tigers,20261003CFB00143,DK,draftkings,change,3,2026-09-03T21:40:00,Sep 3,9:40 PM ET,17d ago,home,Clemson Tigers,7.0,80.0,33.0,55.5,100.0,100.0,260.0,45.0,17.0
2026-09-21T03:58:15,cfb,cfb_20261003_miami_fl_hurricanes_clemson_tigers,20261003CFB00143,DK,draftkings,change,4,2026-09-02T10:15:00,Sep 2,10:15 AM ET,18d ago,away,Miami FL Hurricanes,-7.0,16.0,50.0,55.5,0.0,0.0,-325.0,55.0,83.0
2026-09-21T03:58:15,cfb,cfb_20261003_miami_fl_hurricanes_clemson_tigers,20261003CFB00143,DK,draftkings,change,4,2026-09-02T10:15:00,Sep 2,10:15 AM ET,18d ago,home,Clemson Tigers,7.0,84.0,50.0,55.5,100.0,100.0,260.0,45.0,17.0
2026-09-21T03:58:15,cfb,cfb_20261003_miami_fl_hurricanes_clemson_tigers,20261003CFB00143,DK,draftkings,change,5,2026-08-31T16:30:00,Aug 31,4:30 PM ET,20d ago,away,Miami FL Hurricanes,-7.0,16.0,50.0,55.5,0.0,0.0,-325.0,33.0,80.0
2026-09-21T03:58:15,cfb,cfb_20261003_miami_fl_hurricanes_clemson_tigers,20261003CFB00143,DK,draftkings,change,5,2026-08-31T16:30:00,Aug 31,4:30 PM ET,20d ago,home,Clemson Tigers,7.0,84.0,50.0,55.5,100.0,100.0,260.0,67.0,20.0
2026-09-21T03:58:15,cfb,cfb_20261003_miami_fl_hurricanes_clemson_tigers,20261003CFB00143,DK,draftkings,change,6,2026-08-29T14:20:00,Aug 29,2:20 PM ET,22d ago,away,Miami FL Hurricanes,-7.0,100.0,100.0,55.5,0.0,0.0,-325.0,33.0,80.0
2026-09-21T03:58:15,cfb,cfb_20261003_miami_fl_hurricanes_clemson_tigers,20261003CFB00143,DK,draftkings,change,6,2026-08-29T14:20:00,Aug 29,2:20 PM ET,22d ago,home,Clemson Tigers,7.0,0.0,0.0,55.5,100.0,100.0,260.0,67.0,20.0
2026-09-21T03:58:15,cfb,cfb_20261003_miami_fl_hurricanes_clemson_tigers,20261003CFB00143,DK,draftkings,change,7,2026-08-19T22:50:00,Aug 19,10:50 PM ET,32d ago,away,Miami FL Hurricanes,-7.0,100.0,100.0,,0.0,0.0,-230.0,33.0,80.0
2026-09-21T03:58:15,cfb,cfb_20261003_miami_fl_hurricanes_clemson_tigers,20261003CFB00143,DK,draftkings,change,7,2026-08-19T22:50:00,Aug 19,10:50 PM ET,32d ago,home,Clemson Tigers,7.0,0.0,0.0,,0.0,0.0,190.0,67.0,20.0
2026-09-21T03:58:15,cfb,cfb_20261003_miami_fl_hurricanes_clemson_tigers,20261003CFB00143,DK,draftkings,change,8,2026-08-18T07:20:00,Aug 18,7:20 AM ET,33d ago,away,Miami FL Hurricanes,-7.0,100.0,100.0,,0.0,0.0,-230.0,13.0,75.0
2026-09-21T03:58:15,cfb,cfb_20261003_miami_fl_hurricanes_clemson_tigers,20261003CFB00143,DK,draftkings,change,8,2026-08-18T07:20:00,Aug 18,7:20 AM ET,33d ago,home,Clemson Tigers,7.0,0.0,0.0,,0.0,0.0,190.0,87.0,25.0
2026-09-21T03:58:15,cfb,cfb_20261003_miami_fl_hurricanes_clemson_tigers,20261003CFB00143,DK,draftkings,change,9,2026-08-18T00:45:00,Aug 18,12:45 AM ET,34d ago,away,Miami FL Hurricanes,,0.0,0.0,,0.0,0.0,-230.0,13.0,75.0
2026-09-21T03:58:15,cfb,cfb_20261003_miami_fl_hurricanes_clemson_tigers,20261003CFB00143,DK,draftkings,change,9,2026-08-18T00:45:00,Aug 18,12:45 AM ET,34d ago,home,Clemson Tigers,,0.0,0.0,,0.0,0.0,190.0,87.0,25.0
2026-09-21T03:58:15,cfb,cfb_20261003_miami_fl_hurricanes_clemson_tigers,20261003CFB00143,DK,draftkings,change,10,2026-08-15T18:15:00,Aug 15,6:15 PM ET,36d ago,away,Miami FL Hurricanes,,0.0,0.0,,0.0,0.0,-230.0,11.0,67.0
2026-09-21T03:58:15,cfb,cfb_20261003_miami_fl_hurricanes_clemson_tigers,20261003CFB00143,DK,draftkings,change,10,2026-08-15T18:15:00,Aug 15,6:15 PM ET,36d ago,home,Clemson Tigers,,0.0,0.0,,0.0,0.0,190.0,89.0,33.0
2026-09-21T03:58:15,cfb,cfb_20261003_miami_fl_hurricanes_clemson_tigers,20261003CFB00143,DK,draftkings,change,11,2026-08-13T17:15:00,Aug 13,5:15 PM ET,38d ago,away,Miami FL Hurricanes,,0.0,0.0,,0.0,0.0,-230.0,10.0,50.0
2026-09-21T03:58:15,cfb,cfb_20261003_miami_fl_hurricanes_clemson_tigers,20261003CFB00143,DK,draftkings,change,11,2026-08-13T17:15:00,Aug 13,5:15 PM ET,38d ago,home,Clemson Tigers,,0.0,0.0,,0.0,0.0,190.0,90.0,50.0
2026-09-21T03:58:15,cfb,cfb_20261003_miami_fl_hurricanes_clemson_tigers,20261003CFB00143,DK,draftkings,change,12,2026-08-12T15:12:00,Aug 12,3:12 PM ET,39d ago,away,Miami FL Hurricanes,,0.0,0.0,,0.0,0.0,-230.0,0.0,0.0
2026-09-21T03:58:15,cfb,cfb_20261003_miami_fl_hurricanes_clemson_tigers,20261003CFB00143,DK,draftkings,change,12,2026-08-12T15:12:00,Aug 12,3:12 PM ET,39d ago,home,Clemson Tigers,,0.0,0.0,,0.0,0.0,190.0,100.0,100.0
2026-09-21T03:58:17,cfb,cfb_20261003_notre_dame_fighting_irish_north_carolina_tar_heels,20261003CFB00192,DK,draftkings,open,1,2026-07-15T11:10:00,Jul 15,11:10 AM ET,67d ago,away,Notre Dame Fighting Irish,-23.5,100.0,100.0,,0.0,0.0,,0.0,0.0
2026-09-21T03:58:17,cfb,cfb_20261003_notre_dame_fighting_irish_north_carolina_tar_heels,20261003CFB00192,DK,draftkings,open,1,2026-07-15T11:10:00,Jul 15,11:10 AM ET,67d ago,home,North Carolina Tar Heels,23.5,0.0,0.0,,0.0,0.0,,0.0,0.0
2026-09-21T03:58:17,cfb,cfb_20261003_notre_dame_fighting_irish_north_carolina_tar_heels,20261003CFB00192,DK,draftkings,change,2,2026-08-29T11:35:00,Aug 29,11:35 AM ET,22d ago,away,Notre Dame Fighting Irish,-23.5,14.0,67.0,,0.0,0.0,-2.0,100.0,100.0
2026-09-21T03:58:17,cfb,cfb_20261003_notre_dame_fighting_irish_north_carolina_tar_heels,20261003CFB00192,DK,draftkings,change,2,2026-08-29T11:35:00,Aug 29,11:35 AM ET,22d ago,home,North Carolina Tar Heels,23.5,86.0,33.0,,0.0,0.0,1.0,0.0,0.0
2026-09-21T03:58:17,cfb,cfb_20261003_notre_dame_fighting_irish_north_carolina_tar_heels,20261003CFB00192,DK,draftkings,change,3,2026-08-28T23:25:00,Aug 28,11:25 PM ET,23d ago,away,Notre Dame Fighting Irish,-23.5,0.0,50.0,,0.0,0.0,-2.0,100.0,100.0
2026-09-21T03:58:17,cfb,cfb_20261003_notre_dame_fighting_irish_north_carolina_tar_heels,20261003CFB00192,DK,draftkings,change,3,2026-08-28T23:25:00,Aug 28,11:25 PM ET,23d ago,home,North Carolina Tar Heels,23.5,100.0,50.0,,0.0,0.0,1.0,0.0,0.0
2026-09-21T03:58:17,cfb,cfb_20261003_notre_dame_fighting_irish_north_carolina_tar_heels,20261003CFB00192,DK,draftkings,change,4,2026-08-13T17:15:00,Aug 13,5:15 PM ET,38d ago,away,Notre Dame Fighting Irish,-23.5,0.0,50.0,,0.0,0.0,,0.0,0.0
2026-09-21T03:58:17,cfb,cfb_20261003_notre_dame_fighting_irish_north_carolina_tar_heels,20261003CFB00192,DK,draftkings,change,4,2026-08-13T17:15:00,Aug 13,5:15 PM ET,38d ago,home,North Carolina Tar Heels,23.5,100.0,50.0,,0.0,0.0,,0.0,0.0
2026-09-21T03:58:17,cfb,cfb_20261003_notre_dame_fighting_irish_north_carolina_tar_heels,20261003CFB00192,DK,draftkings,change,5,2026-08-12T15:12:00,Aug 12,3:12 PM ET,39d ago,away,Notre Dame Fighting Irish,-23.5,0.0,0.0,,0.0,0.0,,0.0,0.0
2026-09-21T03:58:17,cfb,cfb_20261003_notre_dame_fighting_irish_north_carolina_tar_heels,20261003CFB00192,DK,draftkings,change,5,2026-08-12T15:12:00,Aug 12,3:12 PM ET,39d ago,home,North Carolina Tar Heels,23.5,100.0,100.0,,0.0,0.0,,0.0,0.0
2026-09-21T03:58:17,cfb,cfb_20261003_notre_dame_fighting_irish_north_carolina_tar_heels,20261003CFB00192,DK,draftkings,change,6,2026-07-15T11:10:00,Jul 15,11:10 AM ET,67d ago,away,Notre Dame Fighting Irish,-23.5,100.0,100.0,,0.0,0.0,,0.0,0.0
2026-09-21T03:58:17,cfb,cfb_20261003_notre_dame_fighting_irish_north_carolina_tar_heels,20261003CFB00192,DK,draftkings,change,6,2026-07-15T11:10:00,Jul 15,11:10 AM ET,67d ago,home,North Carolina Tar Heels,23.5,0.0,0.0,,0.0,0.0,,0.0,0.0
