collected_at,sport,game_id,gamecode,source,book,kind,entry_idx,ts_iso,ts_date,ts_time,ts_rel,side,team,spread,spread_handle_pct,spread_bets_pct,total,total_handle_pct,total_bets_pct,ml,ml_handle_pct,ml_bets_pct
2026-09-29T04:25:51,nfl,nfl_20260928_philadelphia_eagles_chicago_bears,20260928NFL00051,DK,draftkings,open,1,2026-05-14T21:20:00,May 14,9:20 PM ET,137d ago,away,Philadelphia Eagles,1.5,76.0,67.0,,0.0,0.0,-102.0,0.0,25.0
2026-09-29T04:25:51,nfl,nfl_20260928_philadelphia_eagles_chicago_bears,20260928NFL00051,DK,draftkings,open,1,2026-05-14T21:20:00,May 14,9:20 PM ET,137d ago,home,Chicago Bears,-1.5,24.0,33.0,,0.0,0.0,-118.0,100.0,75.0
2026-09-29T04:25:51,nfl,nfl_20260928_philadelphia_eagles_chicago_bears,20260928NFL00051,DK,draftkings,first_full,2,2026-08-12T15:35:00,Aug 12,3:35 PM ET,47d ago,away,Philadelphia Eagles,1.5,18.0,93.0,46.5,66.0,50.0,-102.0,98.0,10.0
2026-09-29T04:25:51,nfl,nfl_20260928_philadelphia_eagles_chicago_bears,20260928NFL00051,DK,draftkings,first_full,2,2026-08-12T15:35:00,Aug 12,3:35 PM ET,47d ago,home,Chicago Bears,-1.5,82.0,7.0,46.5,34.0,50.0,-118.0,2.0,90.0
2026-09-29T04:25:51,nfl,nfl_20260928_philadelphia_eagles_chicago_bears,20260928NFL00051,DK,draftkings,change,3,2026-09-28T20:10:00,Sep 28,8:10 PM ET,8h ago,away,Philadelphia Eagles,-3.5,55.0,73.0,42.5,50.0,56.0,-198.0,81.0,87.0
2026-09-29T04:25:51,nfl,nfl_20260928_philadelphia_eagles_chicago_bears,20260928NFL00051,DK,draftkings,change,3,2026-09-28T20:10:00,Sep 28,8:10 PM ET,8h ago,home,Chicago Bears,3.5,45.0,27.0,42.5,50.0,44.0,164.0,19.0,13.0
2026-09-29T04:25:51,nfl,nfl_20260928_philadelphia_eagles_chicago_bears,20260928NFL00051,DK,draftkings,change,4,2026-09-28T20:00:00,Sep 28,8:00 PM ET,8h ago,away,Philadelphia Eagles,-3.5,58.0,73.0,42.5,50.0,56.0,-198.0,81.0,87.0
2026-09-29T04:25:51,nfl,nfl_20260928_philadelphia_eagles_chicago_bears,20260928NFL00051,DK,draftkings,change,4,2026-09-28T20:00:00,Sep 28,8:00 PM ET,8h ago,home,Chicago Bears,3.5,42.0,27.0,42.5,50.0,44.0,164.0,19.0,13.0
2026-09-29T04:25:51,nfl,nfl_20260928_philadelphia_eagles_chicago_bears,20260928NFL00051,DK,draftkings,change,5,2026-09-28T19:50:00,Sep 28,7:50 PM ET,8h ago,away,Philadelphia Eagles,-3.5,58.0,74.0,42.5,50.0,56.0,-198.0,81.0,88.0
2026-09-29T04:25:51,nfl,nfl_20260928_philadelphia_eagles_chicago_bears,20260928NFL00051,DK,draftkings,change,5,2026-09-28T19:50:00,Sep 28,7:50 PM ET,8h ago,home,Chicago Bears,3.5,42.0,26.0,42.5,50.0,44.0,164.0,19.0,12.0
2026-09-29T04:25:51,nfl,nfl_20260928_philadelphia_eagles_chicago_bears,20260928NFL00051,DK,draftkings,change,6,2026-09-28T19:40:00,Sep 28,7:40 PM ET,8h ago,away,Philadelphia Eagles,-3.5,58.0,74.0,42.5,50.0,56.0,-198.0,82.0,88.0
2026-09-29T04:25:51,nfl,nfl_20260928_philadelphia_eagles_chicago_bears,20260928NFL00051,DK,draftkings,change,6,2026-09-28T19:40:00,Sep 28,7:40 PM ET,8h ago,home,Chicago Bears,3.5,42.0,26.0,42.5,50.0,44.0,164.0,18.0,12.0
2026-09-29T04:25:51,nfl,nfl_20260928_philadelphia_eagles_chicago_bears,20260928NFL00051,DK,draftkings,change,7,2026-09-28T19:30:00,Sep 28,7:30 PM ET,8h ago,away,Philadelphia Eagles,-3.5,60.0,75.0,42.5,51.0,56.0,-198.0,81.0,88.0
2026-09-29T04:25:51,nfl,nfl_20260928_philadelphia_eagles_chicago_bears,20260928NFL00051,DK,draftkings,change,7,2026-09-28T19:30:00,Sep 28,7:30 PM ET,8h ago,home,Chicago Bears,3.5,40.0,25.0,42.5,49.0,44.0,164.0,19.0,12.0
2026-09-29T04:25:51,nfl,nfl_20260928_philadelphia_eagles_chicago_bears,20260928NFL00051,DK,draftkings,change,8,2026-09-28T19:25:00,Sep 28,7:25 PM ET,9h ago,away,Philadelphia Eagles,-3.5,60.0,75.0,42.5,52.0,56.0,-198.0,81.0,88.0
2026-09-29T04:25:51,nfl,nfl_20260928_philadelphia_eagles_chicago_bears,20260928NFL00051,DK,draftkings,change,8,2026-09-28T19:25:00,Sep 28,7:25 PM ET,9h ago,home,Chicago Bears,3.5,40.0,25.0,42.5,48.0,44.0,164.0,19.0,12.0
2026-09-29T04:25:51,nfl,nfl_20260928_philadelphia_eagles_chicago_bears,20260928NFL00051,DK,draftkings,change,9,2026-09-28T19:20:00,Sep 28,7:20 PM ET,9h ago,away,Philadelphia Eagles,-3.5,59.0,75.0,42.5,52.0,56.0,-198.0,81.0,88.0
2026-09-29T04:25:51,nfl,nfl_20260928_philadelphia_eagles_chicago_bears,20260928NFL00051,DK,draftkings,change,9,2026-09-28T19:20:00,Sep 28,7:20 PM ET,9h ago,home,Chicago Bears,3.5,41.0,25.0,42.5,48.0,44.0,164.0,19.0,12.0
2026-09-29T04:25:51,nfl,nfl_20260928_philadelphia_eagles_chicago_bears,20260928NFL00051,DK,draftkings,change,10,2026-09-28T19:15:00,Sep 28,7:15 PM ET,9h ago,away,Philadelphia Eagles,-3.5,59.0,75.0,42.5,53.0,56.0,-198.0,81.0,88.0
2026-09-29T04:25:51,nfl,nfl_20260928_philadelphia_eagles_chicago_bears,20260928NFL00051,DK,draftkings,change,10,2026-09-28T19:15:00,Sep 28,7:15 PM ET,9h ago,home,Chicago Bears,3.5,41.0,25.0,42.5,47.0,44.0,164.0,19.0,12.0
2026-09-29T04:25:51,nfl,nfl_20260928_philadelphia_eagles_chicago_bears,20260928NFL00051,DK,draftkings,change,11,2026-09-28T19:00:00,Sep 28,7:00 PM ET,9h ago,away,Philadelphia Eagles,-3.5,59.0,75.0,42.5,53.0,57.0,-198.0,81.0,88.0
2026-09-29T04:25:51,nfl,nfl_20260928_philadelphia_eagles_chicago_bears,20260928NFL00051,DK,draftkings,change,11,2026-09-28T19:00:00,Sep 28,7:00 PM ET,9h ago,home,Chicago Bears,3.5,41.0,25.0,42.5,47.0,43.0,164.0,19.0,12.0
2026-09-29T04:25:51,nfl,nfl_20260928_philadelphia_eagles_chicago_bears,20260928NFL00051,DK,draftkings,change,12,2026-09-28T18:50:00,Sep 28,6:50 PM ET,9h ago,away,Philadelphia Eagles,-3.5,61.0,75.0,42.5,53.0,57.0,-198.0,81.0,89.0
2026-09-29T04:25:51,nfl,nfl_20260928_philadelphia_eagles_chicago_bears,20260928NFL00051,DK,draftkings,change,12,2026-09-28T18:50:00,Sep 28,6:50 PM ET,9h ago,home,Chicago Bears,3.5,39.0,25.0,42.5,47.0,43.0,164.0,19.0,11.0
2026-09-29T04:25:51,nfl,nfl_20260928_philadelphia_eagles_chicago_bears,20260928NFL00051,DK,draftkings,change,13,2026-09-28T18:45:00,Sep 28,6:45 PM ET,9h ago,away,Philadelphia Eagles,-3.5,64.0,75.0,42.5,53.0,57.0,-198.0,81.0,89.0
2026-09-29T04:25:51,nfl,nfl_20260928_philadelphia_eagles_chicago_bears,20260928NFL00051,DK,draftkings,change,13,2026-09-28T18:45:00,Sep 28,6:45 PM ET,9h ago,home,Chicago Bears,3.5,36.0,25.0,42.5,47.0,43.0,164.0,19.0,11.0
2026-09-29T04:25:51,nfl,nfl_20260928_philadelphia_eagles_chicago_bears,20260928NFL00051,DK,draftkings,change,14,2026-09-28T18:35:00,Sep 28,6:35 PM ET,9h ago,away,Philadelphia Eagles,-3.5,64.0,75.0,42.5,54.0,57.0,-198.0,81.0,89.0
2026-09-29T04:25:51,nfl,nfl_20260928_philadelphia_eagles_chicago_bears,20260928NFL00051,DK,draftkings,change,14,2026-09-28T18:35:00,Sep 28,6:35 PM ET,9h ago,home,Chicago Bears,3.5,36.0,25.0,42.5,46.0,43.0,164.0,19.0,11.0
2026-09-29T04:25:51,nfl,nfl_20260928_philadelphia_eagles_chicago_bears,20260928NFL00051,DK,draftkings,change,15,2026-09-28T18:25:00,Sep 28,6:25 PM ET,10h ago,away,Philadelphia Eagles,-3.5,64.0,75.0,42.5,53.0,57.0,-198.0,81.0,89.0
2026-09-29T04:25:51,nfl,nfl_20260928_philadelphia_eagles_chicago_bears,20260928NFL00051,DK,draftkings,change,15,2026-09-28T18:25:00,Sep 28,6:25 PM ET,10h ago,home,Chicago Bears,3.5,36.0,25.0,42.5,47.0,43.0,164.0,19.0,11.0
2026-09-29T04:25:51,nfl,nfl_20260928_philadelphia_eagles_chicago_bears,20260928NFL00051,DK,draftkings,change,16,2026-09-28T18:20:00,Sep 28,6:20 PM ET,10h ago,away,Philadelphia Eagles,-3.5,64.0,75.0,42.5,54.0,57.0,-198.0,81.0,89.0
2026-09-29T04:25:51,nfl,nfl_20260928_philadelphia_eagles_chicago_bears,20260928NFL00051,DK,draftkings,change,16,2026-09-28T18:20:00,Sep 28,6:20 PM ET,10h ago,home,Chicago Bears,3.5,36.0,25.0,42.5,46.0,43.0,164.0,19.0,11.0
2026-09-29T04:25:51,nfl,nfl_20260928_philadelphia_eagles_chicago_bears,20260928NFL00051,DK,draftkings,change,17,2026-09-28T18:10:00,Sep 28,6:10 PM ET,10h ago,away,Philadelphia Eagles,-3.5,64.0,76.0,42.5,54.0,57.0,-198.0,81.0,89.0
2026-09-29T04:25:51,nfl,nfl_20260928_philadelphia_eagles_chicago_bears,20260928NFL00051,DK,draftkings,change,17,2026-09-28T18:10:00,Sep 28,6:10 PM ET,10h ago,home,Chicago Bears,3.5,36.0,24.0,42.5,46.0,43.0,164.0,19.0,11.0
2026-09-29T04:25:51,nfl,nfl_20260928_philadelphia_eagles_chicago_bears,20260928NFL00051,DK,draftkings,change,18,2026-09-28T18:00:00,Sep 28,6:00 PM ET,10h ago,away,Philadelphia Eagles,-3.0,63.0,76.0,42.5,55.0,57.0,-185.0,81.0,89.0
2026-09-29T04:25:51,nfl,nfl_20260928_philadelphia_eagles_chicago_bears,20260928NFL00051,DK,draftkings,change,18,2026-09-28T18:00:00,Sep 28,6:00 PM ET,10h ago,home,Chicago Bears,3.0,37.0,24.0,42.5,45.0,43.0,154.0,19.0,11.0
2026-09-29T04:25:51,nfl,nfl_20260928_philadelphia_eagles_chicago_bears,20260928NFL00051,DK,draftkings,change,19,2026-09-28T17:50:00,Sep 28,5:50 PM ET,10h ago,away,Philadelphia Eagles,-3.5,64.0,76.0,42.5,55.0,57.0,-198.0,81.0,89.0
2026-09-29T04:25:51,nfl,nfl_20260928_philadelphia_eagles_chicago_bears,20260928NFL00051,DK,draftkings,change,19,2026-09-28T17:50:00,Sep 28,5:50 PM ET,10h ago,home,Chicago Bears,3.5,36.0,24.0,42.5,45.0,43.0,164.0,19.0,11.0
2026-09-29T04:25:51,nfl,nfl_20260928_philadelphia_eagles_chicago_bears,20260928NFL00051,DK,draftkings,change,20,2026-09-28T17:30:00,Sep 28,5:30 PM ET,10h ago,away,Philadelphia Eagles,-3.5,64.0,76.0,42.5,54.0,58.0,-198.0,81.0,89.0
2026-09-29T04:25:51,nfl,nfl_20260928_philadelphia_eagles_chicago_bears,20260928NFL00051,DK,draftkings,change,20,2026-09-28T17:30:00,Sep 28,5:30 PM ET,10h ago,home,Chicago Bears,3.5,36.0,24.0,42.5,46.0,42.0,164.0,19.0,11.0
2026-09-29T04:25:51,nfl,nfl_20260928_philadelphia_eagles_chicago_bears,20260928NFL00051,DK,draftkings,change,21,2026-09-28T17:20:00,Sep 28,5:20 PM ET,11h ago,away,Philadelphia Eagles,-3.5,61.0,76.0,42.5,56.0,58.0,-205.0,81.0,89.0
2026-09-29T04:25:51,nfl,nfl_20260928_philadelphia_eagles_chicago_bears,20260928NFL00051,DK,draftkings,change,21,2026-09-28T17:20:00,Sep 28,5:20 PM ET,11h ago,home,Chicago Bears,3.5,39.0,24.0,42.5,44.0,42.0,170.0,19.0,11.0
2026-09-29T04:25:51,nfl,nfl_20260928_philadelphia_eagles_chicago_bears,20260928NFL00051,DK,draftkings,change,22,2026-09-28T17:10:00,Sep 28,5:10 PM ET,11h ago,away,Philadelphia Eagles,-3.5,61.0,76.0,41.5,56.0,59.0,-192.0,80.0,89.0
2026-09-29T04:25:51,nfl,nfl_20260928_philadelphia_eagles_chicago_bears,20260928NFL00051,DK,draftkings,change,22,2026-09-28T17:10:00,Sep 28,5:10 PM ET,11h ago,home,Chicago Bears,3.5,39.0,24.0,41.5,44.0,41.0,160.0,20.0,11.0
2026-09-29T04:25:51,nfl,nfl_20260928_philadelphia_eagles_chicago_bears,20260928NFL00051,DK,draftkings,change,23,2026-09-28T17:00:00,Sep 28,5:00 PM ET,11h ago,away,Philadelphia Eagles,-3.5,68.0,76.0,41.5,61.0,58.0,-192.0,80.0,89.0
2026-09-29T04:25:51,nfl,nfl_20260928_philadelphia_eagles_chicago_bears,20260928NFL00051,DK,draftkings,change,23,2026-09-28T17:00:00,Sep 28,5:00 PM ET,11h ago,home,Chicago Bears,3.5,32.0,24.0,41.5,39.0,42.0,160.0,20.0,11.0
2026-09-29T04:25:51,nfl,nfl_20260928_philadelphia_eagles_chicago_bears,20260928NFL00051,DK,draftkings,change,24,2026-09-28T16:50:00,Sep 28,4:50 PM ET,11h ago,away,Philadelphia Eagles,-3.5,68.0,76.0,41.5,58.0,58.0,-192.0,81.0,89.0
2026-09-29T04:25:51,nfl,nfl_20260928_philadelphia_eagles_chicago_bears,20260928NFL00051,DK,draftkings,change,24,2026-09-28T16:50:00,Sep 28,4:50 PM ET,11h ago,home,Chicago Bears,3.5,32.0,24.0,41.5,42.0,42.0,160.0,19.0,11.0
2026-09-29T04:25:51,nfl,nfl_20260928_philadelphia_eagles_chicago_bears,20260928NFL00051,DK,draftkings,change,25,2026-09-28T16:40:00,Sep 28,4:40 PM ET,11h ago,away,Philadelphia Eagles,-3.5,69.0,76.0,41.5,59.0,58.0,-192.0,80.0,89.0
2026-09-29T04:25:51,nfl,nfl_20260928_philadelphia_eagles_chicago_bears,20260928NFL00051,DK,draftkings,change,25,2026-09-28T16:40:00,Sep 28,4:40 PM ET,11h ago,home,Chicago Bears,3.5,31.0,24.0,41.5,41.0,42.0,160.0,20.0,11.0
2026-09-29T04:25:51,nfl,nfl_20260928_philadelphia_eagles_chicago_bears,20260928NFL00051,DK,draftkings,change,26,2026-09-28T16:30:00,Sep 28,4:30 PM ET,11h ago,away,Philadelphia Eagles,-3.5,68.0,76.0,41.5,59.0,58.0,-192.0,78.0,89.0
2026-09-29T04:25:51,nfl,nfl_20260928_philadelphia_eagles_chicago_bears,20260928NFL00051,DK,draftkings,change,26,2026-09-28T16:30:00,Sep 28,4:30 PM ET,11h ago,home,Chicago Bears,3.5,32.0,24.0,41.5,41.0,42.0,160.0,22.0,11.0
2026-09-29T04:25:51,nfl,nfl_20260928_philadelphia_eagles_chicago_bears,20260928NFL00051,DK,draftkings,change,27,2026-09-28T16:15:00,Sep 28,4:15 PM ET,12h ago,away,Philadelphia Eagles,-3.5,68.0,76.0,41.5,59.0,58.0,-192.0,77.0,89.0
2026-09-29T04:25:51,nfl,nfl_20260928_philadelphia_eagles_chicago_bears,20260928NFL00051,DK,draftkings,change,27,2026-09-28T16:15:00,Sep 28,4:15 PM ET,12h ago,home,Chicago Bears,3.5,32.0,24.0,41.5,41.0,42.0,160.0,23.0,11.0
2026-09-29T04:25:52,nfl,nfl_20260928_philadelphia_eagles_chicago_bears,20260928NFL00051,CIRCA,circa,open,1,2026-09-20T21:00:00,Sep 20,9:00 PM ET,8d ago,away,Philadelphia Eagles,-3.5,50.0,50.0,43.5,50.0,50.0,-180.0,50.0,50.0
2026-09-29T04:25:52,nfl,nfl_20260928_philadelphia_eagles_chicago_bears,20260928NFL00051,CIRCA,circa,open,1,2026-09-20T21:00:00,Sep 20,9:00 PM ET,8d ago,home,Chicago Bears,3.5,50.0,50.0,43.5,50.0,50.0,155.0,50.0,50.0
2026-09-29T04:25:52,nfl,nfl_20260928_philadelphia_eagles_chicago_bears,20260928NFL00051,CIRCA,circa,change,2,2026-09-28T20:15:00,Sep 28,8:15 PM ET,8h ago,away,Philadelphia Eagles,-3.5,20.0,67.0,42.5,44.0,50.0,-190.0,88.0,54.0
2026-09-29T04:25:52,nfl,nfl_20260928_philadelphia_eagles_chicago_bears,20260928NFL00051,CIRCA,circa,change,2,2026-09-28T20:15:00,Sep 28,8:15 PM ET,8h ago,home,Chicago Bears,3.5,80.0,33.0,42.5,56.0,50.0,165.0,12.0,46.0
2026-09-29T04:25:52,nfl,nfl_20260928_philadelphia_eagles_chicago_bears,20260928NFL00051,CIRCA,circa,change,3,2026-09-28T20:10:00,Sep 28,8:10 PM ET,8h ago,away,Philadelphia Eagles,-3.5,19.0,67.0,42.5,41.0,49.0,-190.0,89.0,55.0
2026-09-29T04:25:52,nfl,nfl_20260928_philadelphia_eagles_chicago_bears,20260928NFL00051,CIRCA,circa,change,3,2026-09-28T20:10:00,Sep 28,8:10 PM ET,8h ago,home,Chicago Bears,3.5,81.0,33.0,42.5,59.0,51.0,165.0,11.0,45.0
2026-09-29T04:25:52,nfl,nfl_20260928_philadelphia_eagles_chicago_bears,20260928NFL00051,CIRCA,circa,change,4,2026-09-28T20:05:00,Sep 28,8:05 PM ET,8h ago,away,Philadelphia Eagles,-3.5,18.0,67.0,42.5,41.0,49.0,-190.0,88.0,54.0
2026-09-29T04:25:52,nfl,nfl_20260928_philadelphia_eagles_chicago_bears,20260928NFL00051,CIRCA,circa,change,4,2026-09-28T20:05:00,Sep 28,8:05 PM ET,8h ago,home,Chicago Bears,3.5,82.0,33.0,42.5,59.0,51.0,165.0,12.0,46.0
2026-09-29T04:25:52,nfl,nfl_20260928_philadelphia_eagles_chicago_bears,20260928NFL00051,CIRCA,circa,change,5,2026-09-28T20:00:00,Sep 28,8:00 PM ET,8h ago,away,Philadelphia Eagles,-3.5,18.0,67.0,42.5,41.0,48.0,-190.0,88.0,52.0
2026-09-29T04:25:52,nfl,nfl_20260928_philadelphia_eagles_chicago_bears,20260928NFL00051,CIRCA,circa,change,5,2026-09-28T20:00:00,Sep 28,8:00 PM ET,8h ago,home,Chicago Bears,3.5,82.0,33.0,42.5,59.0,52.0,165.0,12.0,48.0
2026-09-29T04:25:52,nfl,nfl_20260928_philadelphia_eagles_chicago_bears,20260928NFL00051,CIRCA,circa,change,6,2026-09-28T19:55:00,Sep 28,7:55 PM ET,8h ago,away,Philadelphia Eagles,-3.5,17.0,66.0,42.5,41.0,46.0,-190.0,89.0,54.0
2026-09-29T04:25:52,nfl,nfl_20260928_philadelphia_eagles_chicago_bears,20260928NFL00051,CIRCA,circa,change,6,2026-09-28T19:55:00,Sep 28,7:55 PM ET,8h ago,home,Chicago Bears,3.5,83.0,34.0,42.5,59.0,54.0,165.0,11.0,46.0
2026-09-29T04:25:52,nfl,nfl_20260928_philadelphia_eagles_chicago_bears,20260928NFL00051,CIRCA,circa,change,7,2026-09-28T19:50:00,Sep 28,7:50 PM ET,8h ago,away,Philadelphia Eagles,-3.5,17.0,66.0,42.5,41.0,45.0,-190.0,88.0,53.0
2026-09-29T04:25:52,nfl,nfl_20260928_philadelphia_eagles_chicago_bears,20260928NFL00051,CIRCA,circa,change,7,2026-09-28T19:50:00,Sep 28,7:50 PM ET,8h ago,home,Chicago Bears,3.5,83.0,34.0,42.5,59.0,55.0,165.0,12.0,47.0
2026-09-29T04:25:52,nfl,nfl_20260928_philadelphia_eagles_chicago_bears,20260928NFL00051,CIRCA,circa,change,8,2026-09-28T19:45:00,Sep 28,7:45 PM ET,8h ago,away,Philadelphia Eagles,-3.5,16.0,66.0,42.5,41.0,45.0,-190.0,88.0,51.0
2026-09-29T04:25:52,nfl,nfl_20260928_philadelphia_eagles_chicago_bears,20260928NFL00051,CIRCA,circa,change,8,2026-09-28T19:45:00,Sep 28,7:45 PM ET,8h ago,home,Chicago Bears,3.5,84.0,34.0,42.5,59.0,55.0,165.0,12.0,49.0
2026-09-29T04:25:52,nfl,nfl_20260928_philadelphia_eagles_chicago_bears,20260928NFL00051,CIRCA,circa,change,9,2026-09-28T19:40:00,Sep 28,7:40 PM ET,8h ago,away,Philadelphia Eagles,-3.5,16.0,65.0,42.5,41.0,45.0,-190.0,88.0,51.0
2026-09-29T04:25:52,nfl,nfl_20260928_philadelphia_eagles_chicago_bears,20260928NFL00051,CIRCA,circa,change,9,2026-09-28T19:40:00,Sep 28,7:40 PM ET,8h ago,home,Chicago Bears,3.5,84.0,35.0,42.5,59.0,55.0,165.0,12.0,49.0
2026-09-29T04:25:52,nfl,nfl_20260928_philadelphia_eagles_chicago_bears,20260928NFL00051,CIRCA,circa,change,10,2026-09-28T19:35:00,Sep 28,7:35 PM ET,8h ago,away,Philadelphia Eagles,-3.5,16.0,66.0,42.5,40.0,43.0,-190.0,89.0,52.0
2026-09-29T04:25:52,nfl,nfl_20260928_philadelphia_eagles_chicago_bears,20260928NFL00051,CIRCA,circa,change,10,2026-09-28T19:35:00,Sep 28,7:35 PM ET,8h ago,home,Chicago Bears,3.5,84.0,34.0,42.5,60.0,57.0,165.0,11.0,48.0
2026-09-29T04:25:52,nfl,nfl_20260928_philadelphia_eagles_chicago_bears,20260928NFL00051,CIRCA,circa,change,11,2026-09-28T19:30:00,Sep 28,7:30 PM ET,8h ago,away,Philadelphia Eagles,-3.5,16.0,66.0,42.5,40.0,43.0,-190.0,89.0,53.0
2026-09-29T04:25:52,nfl,nfl_20260928_philadelphia_eagles_chicago_bears,20260928NFL00051,CIRCA,circa,change,11,2026-09-28T19:30:00,Sep 28,7:30 PM ET,8h ago,home,Chicago Bears,3.5,84.0,34.0,42.5,60.0,57.0,165.0,11.0,47.0
2026-09-29T04:25:52,nfl,nfl_20260928_philadelphia_eagles_chicago_bears,20260928NFL00051,CIRCA,circa,change,12,2026-09-28T19:25:00,Sep 28,7:25 PM ET,9h ago,away,Philadelphia Eagles,-3.5,15.0,66.0,42.5,40.0,44.0,-190.0,89.0,54.0
2026-09-29T04:25:52,nfl,nfl_20260928_philadelphia_eagles_chicago_bears,20260928NFL00051,CIRCA,circa,change,12,2026-09-28T19:25:00,Sep 28,7:25 PM ET,9h ago,home,Chicago Bears,3.5,85.0,34.0,42.5,60.0,56.0,165.0,11.0,46.0
2026-09-29T04:25:52,nfl,nfl_20260928_philadelphia_eagles_chicago_bears,20260928NFL00051,CIRCA,circa,change,13,2026-09-28T19:20:00,Sep 28,7:20 PM ET,9h ago,away,Philadelphia Eagles,-3.5,15.0,66.0,42.5,40.0,42.0,-190.0,89.0,53.0
2026-09-29T04:25:52,nfl,nfl_20260928_philadelphia_eagles_chicago_bears,20260928NFL00051,CIRCA,circa,change,13,2026-09-28T19:20:00,Sep 28,7:20 PM ET,9h ago,home,Chicago Bears,3.5,85.0,34.0,42.5,60.0,58.0,165.0,11.0,47.0
2026-09-29T04:25:52,nfl,nfl_20260928_philadelphia_eagles_chicago_bears,20260928NFL00051,CIRCA,circa,change,14,2026-09-28T19:10:00,Sep 28,7:10 PM ET,9h ago,away,Philadelphia Eagles,-3.5,15.0,67.0,42.5,40.0,42.0,-190.0,89.0,53.0
2026-09-29T04:25:52,nfl,nfl_20260928_philadelphia_eagles_chicago_bears,20260928NFL00051,CIRCA,circa,change,14,2026-09-28T19:10:00,Sep 28,7:10 PM ET,9h ago,home,Chicago Bears,3.5,85.0,33.0,42.5,60.0,58.0,165.0,11.0,47.0
2026-09-29T04:25:52,nfl,nfl_20260928_philadelphia_eagles_chicago_bears,20260928NFL00051,CIRCA,circa,change,15,2026-09-28T19:05:00,Sep 28,7:05 PM ET,9h ago,away,Philadelphia Eagles,-3.5,15.0,68.0,42.5,40.0,41.0,-190.0,89.0,52.0
2026-09-29T04:25:52,nfl,nfl_20260928_philadelphia_eagles_chicago_bears,20260928NFL00051,CIRCA,circa,change,15,2026-09-28T19:05:00,Sep 28,7:05 PM ET,9h ago,home,Chicago Bears,3.5,85.0,32.0,42.5,60.0,59.0,165.0,11.0,48.0
2026-09-29T04:25:52,nfl,nfl_20260928_philadelphia_eagles_chicago_bears,20260928NFL00051,CIRCA,circa,change,16,2026-09-28T19:01:00,Sep 28,7:01 PM ET,9h ago,away,Philadelphia Eagles,-3.5,15.0,68.0,42.5,40.0,40.0,-190.0,89.0,52.0
2026-09-29T04:25:52,nfl,nfl_20260928_philadelphia_eagles_chicago_bears,20260928NFL00051,CIRCA,circa,change,16,2026-09-28T19:01:00,Sep 28,7:01 PM ET,9h ago,home,Chicago Bears,3.5,85.0,32.0,42.5,60.0,60.0,165.0,11.0,48.0
2026-09-29T04:25:52,nfl,nfl_20260928_philadelphia_eagles_chicago_bears,20260928NFL00051,CIRCA,circa,change,17,2026-09-28T18:55:00,Sep 28,6:55 PM ET,9h ago,away,Philadelphia Eagles,-3.5,15.0,67.0,42.5,40.0,40.0,-190.0,88.0,52.0
2026-09-29T04:25:52,nfl,nfl_20260928_philadelphia_eagles_chicago_bears,20260928NFL00051,CIRCA,circa,change,17,2026-09-28T18:55:00,Sep 28,6:55 PM ET,9h ago,home,Chicago Bears,3.5,85.0,33.0,42.5,60.0,60.0,165.0,12.0,48.0
2026-09-29T04:25:52,nfl,nfl_20260928_philadelphia_eagles_chicago_bears,20260928NFL00051,CIRCA,circa,change,18,2026-09-28T18:50:00,Sep 28,6:50 PM ET,9h ago,away,Philadelphia Eagles,-3.5,14.0,67.0,42.5,40.0,40.0,-190.0,88.0,52.0
2026-09-29T04:25:52,nfl,nfl_20260928_philadelphia_eagles_chicago_bears,20260928NFL00051,CIRCA,circa,change,18,2026-09-28T18:50:00,Sep 28,6:50 PM ET,9h ago,home,Chicago Bears,3.5,86.0,33.0,42.5,60.0,60.0,165.0,12.0,48.0
2026-09-29T04:25:52,nfl,nfl_20260928_philadelphia_eagles_chicago_bears,20260928NFL00051,CIRCA,circa,change,19,2026-09-28T18:45:00,Sep 28,6:45 PM ET,9h ago,away,Philadelphia Eagles,-3.5,14.0,68.0,42.5,40.0,42.0,-190.0,89.0,52.0
2026-09-29T04:25:52,nfl,nfl_20260928_philadelphia_eagles_chicago_bears,20260928NFL00051,CIRCA,circa,change,19,2026-09-28T18:45:00,Sep 28,6:45 PM ET,9h ago,home,Chicago Bears,3.5,86.0,32.0,42.5,60.0,58.0,165.0,11.0,48.0
2026-09-29T04:25:52,nfl,nfl_20260928_philadelphia_eagles_chicago_bears,20260928NFL00051,CIRCA,circa,change,20,2026-09-28T18:35:00,Sep 28,6:35 PM ET,9h ago,away,Philadelphia Eagles,-3.5,13.0,68.0,42.5,40.0,42.0,-190.0,89.0,53.0
2026-09-29T04:25:52,nfl,nfl_20260928_philadelphia_eagles_chicago_bears,20260928NFL00051,CIRCA,circa,change,20,2026-09-28T18:35:00,Sep 28,6:35 PM ET,9h ago,home,Chicago Bears,3.5,87.0,32.0,42.5,60.0,58.0,165.0,11.0,48.0
2026-09-29T04:25:52,nfl,nfl_20260928_philadelphia_eagles_chicago_bears,20260928NFL00051,CIRCA,circa,change,21,2026-09-28T18:30:00,Sep 28,6:30 PM ET,9h ago,away,Philadelphia Eagles,-3.5,13.0,67.0,42.5,40.0,42.0,-190.0,89.0,53.0
2026-09-29T04:25:52,nfl,nfl_20260928_philadelphia_eagles_chicago_bears,20260928NFL00051,CIRCA,circa,change,21,2026-09-28T18:30:00,Sep 28,6:30 PM ET,9h ago,home,Chicago Bears,3.5,87.0,33.0,42.5,60.0,58.0,165.0,11.0,47.0
2026-09-29T04:25:52,nfl,nfl_20260928_philadelphia_eagles_chicago_bears,20260928NFL00051,CIRCA,circa,change,22,2026-09-28T18:26:00,Sep 28,6:26 PM ET,9h ago,away,Philadelphia Eagles,-3.5,13.0,68.0,42.5,40.0,42.0,-190.0,89.0,53.0
2026-09-29T04:25:52,nfl,nfl_20260928_philadelphia_eagles_chicago_bears,20260928NFL00051,CIRCA,circa,change,22,2026-09-28T18:26:00,Sep 28,6:26 PM ET,9h ago,home,Chicago Bears,3.5,87.0,32.0,42.5,60.0,58.0,165.0,11.0,47.0
2026-09-29T04:25:52,nfl,nfl_20260928_philadelphia_eagles_chicago_bears,20260928NFL00051,CIRCA,circa,change,23,2026-09-28T18:20:00,Sep 28,6:20 PM ET,10h ago,away,Philadelphia Eagles,-3.5,13.0,67.0,42.5,40.0,43.0,-190.0,89.0,53.0
2026-09-29T04:25:52,nfl,nfl_20260928_philadelphia_eagles_chicago_bears,20260928NFL00051,CIRCA,circa,change,23,2026-09-28T18:20:00,Sep 28,6:20 PM ET,10h ago,home,Chicago Bears,3.5,87.0,33.0,42.5,60.0,57.0,165.0,11.0,47.0
2026-09-29T04:25:52,nfl,nfl_20260928_philadelphia_eagles_chicago_bears,20260928NFL00051,CIRCA,circa,change,24,2026-09-28T18:15:00,Sep 28,6:15 PM ET,10h ago,away,Philadelphia Eagles,-3.5,12.0,67.0,42.5,40.0,43.0,-190.0,90.0,54.0
2026-09-29T04:25:52,nfl,nfl_20260928_philadelphia_eagles_chicago_bears,20260928NFL00051,CIRCA,circa,change,24,2026-09-28T18:15:00,Sep 28,6:15 PM ET,10h ago,home,Chicago Bears,3.5,88.0,33.0,42.5,60.0,57.0,165.0,10.0,46.0
2026-09-29T04:25:52,nfl,nfl_20260928_philadelphia_eagles_chicago_bears,20260928NFL00051,CIRCA,circa,change,25,2026-09-28T18:10:00,Sep 28,6:10 PM ET,10h ago,away,Philadelphia Eagles,-3.5,12.0,67.0,42.5,40.0,44.0,-190.0,90.0,54.0
2026-09-29T04:25:52,nfl,nfl_20260928_philadelphia_eagles_chicago_bears,20260928NFL00051,CIRCA,circa,change,25,2026-09-28T18:10:00,Sep 28,6:10 PM ET,10h ago,home,Chicago Bears,3.5,88.0,33.0,42.5,60.0,56.0,165.0,10.0,46.0
2026-09-29T04:25:52,nfl,nfl_20260928_philadelphia_eagles_chicago_bears,20260928NFL00051,CIRCA,circa,change,26,2026-09-28T18:01:00,Sep 28,6:01 PM ET,10h ago,away,Philadelphia Eagles,-3.5,12.0,66.0,42.5,40.0,44.0,-190.0,90.0,54.0
2026-09-29T04:25:52,nfl,nfl_20260928_philadelphia_eagles_chicago_bears,20260928NFL00051,CIRCA,circa,change,26,2026-09-28T18:01:00,Sep 28,6:01 PM ET,10h ago,home,Chicago Bears,3.5,88.0,34.0,42.5,60.0,56.0,165.0,10.0,46.0
2026-09-29T04:25:53,nfl,nfl_20261001_pittsburgh_steelers_cleveland_browns,20261001NFL00037,DK,draftkings,open,1,2026-05-14T21:20:00,May 14,9:20 PM ET,137d ago,away,Pittsburgh Steelers,-2.5,97.0,50.0,40.5,100.0,100.0,-135.0,4.0,50.0
2026-09-29T04:25:53,nfl,nfl_20261001_pittsburgh_steelers_cleveland_browns,20261001NFL00037,DK,draftkings,open,1,2026-05-14T21:20:00,May 14,9:20 PM ET,137d ago,home,Cleveland Browns,2.5,3.0,50.0,40.5,0.0,0.0,114.0,96.0,50.0
2026-09-29T04:25:53,nfl,nfl_20261001_pittsburgh_steelers_cleveland_browns,20261001NFL00037,DK,draftkings,change,2,2026-09-29T02:15:00,Sep 29,2:15 AM ET,2h ago,away,Pittsburgh Steelers,-2.5,69.0,59.0,38.5,2.0,30.0,-148.0,73.0,70.0
2026-09-29T04:25:53,nfl,nfl_20261001_pittsburgh_steelers_cleveland_browns,20261001NFL00037,DK,draftkings,change,2,2026-09-29T02:15:00,Sep 29,2:15 AM ET,2h ago,home,Cleveland Browns,2.5,31.0,41.0,38.5,98.0,70.0,124.0,27.0,30.0
2026-09-29T04:25:53,nfl,nfl_20261001_pittsburgh_steelers_cleveland_browns,20261001NFL00037,DK,draftkings,change,3,2026-09-29T02:00:00,Sep 29,2:00 AM ET,2h ago,away,Pittsburgh Steelers,-2.5,69.0,60.0,38.5,2.0,29.0,-148.0,73.0,70.0
2026-09-29T04:25:53,nfl,nfl_20261001_pittsburgh_steelers_cleveland_browns,20261001NFL00037,DK,draftkings,change,3,2026-09-29T02:00:00,Sep 29,2:00 AM ET,2h ago,home,Cleveland Browns,2.5,31.0,41.0,38.5,98.0,71.0,124.0,27.0,30.0
2026-09-29T04:25:53,nfl,nfl_20261001_pittsburgh_steelers_cleveland_browns,20261001NFL00037,DK,draftkings,change,4,2026-09-29T01:25:00,Sep 29,1:25 AM ET,3h ago,away,Pittsburgh Steelers,-2.5,69.0,59.0,38.5,2.0,29.0,-148.0,73.0,70.0
2026-09-29T04:25:53,nfl,nfl_20261001_pittsburgh_steelers_cleveland_browns,20261001NFL00037,DK,draftkings,change,4,2026-09-29T01:25:00,Sep 29,1:25 AM ET,3h ago,home,Cleveland Browns,2.5,31.0,41.0,38.5,98.0,71.0,124.0,27.0,30.0
2026-09-29T04:25:53,nfl,nfl_20261001_pittsburgh_steelers_cleveland_browns,20261001NFL00037,DK,draftkings,change,5,2026-09-29T00:40:00,Sep 29,12:40 AM ET,3h ago,away,Pittsburgh Steelers,-2.5,69.0,60.0,38.5,2.0,29.0,-148.0,73.0,70.0
2026-09-29T04:25:53,nfl,nfl_20261001_pittsburgh_steelers_cleveland_browns,20261001NFL00037,DK,draftkings,change,5,2026-09-29T00:40:00,Sep 29,12:40 AM ET,3h ago,home,Cleveland Browns,2.5,31.0,40.0,38.5,98.0,71.0,124.0,27.0,30.0
2026-09-29T04:25:53,nfl,nfl_20261001_pittsburgh_steelers_cleveland_browns,20261001NFL00037,DK,draftkings,change,6,2026-09-29T00:10:00,Sep 29,12:10 AM ET,4h ago,away,Pittsburgh Steelers,-2.5,69.0,60.0,38.5,2.0,29.0,-148.0,72.0,70.0
2026-09-29T04:25:53,nfl,nfl_20261001_pittsburgh_steelers_cleveland_browns,20261001NFL00037,DK,draftkings,change,6,2026-09-29T00:10:00,Sep 29,12:10 AM ET,4h ago,home,Cleveland Browns,2.5,31.0,40.0,38.5,98.0,71.0,124.0,28.0,30.0
2026-09-29T04:25:53,nfl,nfl_20261001_pittsburgh_steelers_cleveland_browns,20261001NFL00037,DK,draftkings,change,7,2026-09-29T00:05:00,Sep 29,12:05 AM ET,4h ago,away,Pittsburgh Steelers,-2.5,69.0,60.0,38.5,2.0,30.0,-148.0,72.0,70.0
2026-09-29T04:25:53,nfl,nfl_20261001_pittsburgh_steelers_cleveland_browns,20261001NFL00037,DK,draftkings,change,7,2026-09-29T00:05:00,Sep 29,12:05 AM ET,4h ago,home,Cleveland Browns,2.5,31.0,40.0,38.5,98.0,70.0,124.0,28.0,30.0
2026-09-29T04:25:53,nfl,nfl_20261001_pittsburgh_steelers_cleveland_browns,20261001NFL00037,DK,draftkings,change,8,2026-09-28T23:40:00,Sep 28,11:40 PM ET,4h ago,away,Pittsburgh Steelers,-2.5,69.0,60.0,38.5,2.0,29.0,-148.0,72.0,70.0
2026-09-29T04:25:53,nfl,nfl_20261001_pittsburgh_steelers_cleveland_browns,20261001NFL00037,DK,draftkings,change,8,2026-09-28T23:40:00,Sep 28,11:40 PM ET,4h ago,home,Cleveland Browns,2.5,31.0,40.0,38.5,98.0,71.0,124.0,28.0,30.0
2026-09-29T04:25:53,nfl,nfl_20261001_pittsburgh_steelers_cleveland_browns,20261001NFL00037,DK,draftkings,change,9,2026-09-28T23:30:00,Sep 28,11:30 PM ET,4h ago,away,Pittsburgh Steelers,-2.5,71.0,60.0,38.5,2.0,29.0,-148.0,72.0,70.0
2026-09-29T04:25:53,nfl,nfl_20261001_pittsburgh_steelers_cleveland_browns,20261001NFL00037,DK,draftkings,change,9,2026-09-28T23:30:00,Sep 28,11:30 PM ET,4h ago,home,Cleveland Browns,2.5,29.0,40.0,38.5,98.0,71.0,124.0,28.0,30.0
2026-09-29T04:25:53,nfl,nfl_20261001_pittsburgh_steelers_cleveland_browns,20261001NFL00037,DK,draftkings,change,10,2026-09-28T23:25:00,Sep 28,11:25 PM ET,5h ago,away,Pittsburgh Steelers,-2.5,68.0,59.0,38.5,2.0,29.0,-148.0,72.0,69.0
2026-09-29T04:25:53,nfl,nfl_20261001_pittsburgh_steelers_cleveland_browns,20261001NFL00037,DK,draftkings,change,10,2026-09-28T23:25:00,Sep 28,11:25 PM ET,5h ago,home,Cleveland Browns,2.5,32.0,41.0,38.5,98.0,71.0,124.0,28.0,31.0
2026-09-29T04:25:53,nfl,nfl_20261001_pittsburgh_steelers_cleveland_browns,20261001NFL00037,DK,draftkings,change,11,2026-09-28T23:20:00,Sep 28,11:20 PM ET,5h ago,away,Pittsburgh Steelers,-2.5,68.0,59.0,38.5,2.0,29.0,-148.0,73.0,69.0
2026-09-29T04:25:53,nfl,nfl_20261001_pittsburgh_steelers_cleveland_browns,20261001NFL00037,DK,draftkings,change,11,2026-09-28T23:20:00,Sep 28,11:20 PM ET,5h ago,home,Cleveland Browns,2.5,32.0,41.0,38.5,98.0,71.0,124.0,27.0,31.0
2026-09-29T04:25:53,nfl,nfl_20261001_pittsburgh_steelers_cleveland_browns,20261001NFL00037,DK,draftkings,change,12,2026-09-28T23:15:00,Sep 28,11:15 PM ET,5h ago,away,Pittsburgh Steelers,-2.5,68.0,59.0,38.5,2.0,29.0,-148.0,80.0,70.0
2026-09-29T04:25:53,nfl,nfl_20261001_pittsburgh_steelers_cleveland_browns,20261001NFL00037,DK,draftkings,change,12,2026-09-28T23:15:00,Sep 28,11:15 PM ET,5h ago,home,Cleveland Browns,2.5,32.0,41.0,38.5,98.0,71.0,124.0,20.0,30.0
2026-09-29T04:25:53,nfl,nfl_20261001_pittsburgh_steelers_cleveland_browns,20261001NFL00037,DK,draftkings,change,13,2026-09-28T23:10:00,Sep 28,11:10 PM ET,5h ago,away,Pittsburgh Steelers,-2.5,68.0,59.0,38.5,2.0,29.0,-148.0,80.0,69.0
2026-09-29T04:25:53,nfl,nfl_20261001_pittsburgh_steelers_cleveland_browns,20261001NFL00037,DK,draftkings,change,13,2026-09-28T23:10:00,Sep 28,11:10 PM ET,5h ago,home,Cleveland Browns,2.5,32.0,41.0,38.5,98.0,71.0,124.0,20.0,31.0
2026-09-29T04:25:53,nfl,nfl_20261001_pittsburgh_steelers_cleveland_browns,20261001NFL00037,DK,draftkings,change,14,2026-09-28T23:00:00,Sep 28,11:00 PM ET,5h ago,away,Pittsburgh Steelers,-2.5,64.0,59.0,38.5,2.0,29.0,-148.0,80.0,69.0
2026-09-29T04:25:53,nfl,nfl_20261001_pittsburgh_steelers_cleveland_browns,20261001NFL00037,DK,draftkings,change,14,2026-09-28T23:00:00,Sep 28,11:00 PM ET,5h ago,home,Cleveland Browns,2.5,36.0,41.0,38.5,98.0,71.0,124.0,20.0,31.0
2026-09-29T04:25:53,nfl,nfl_20261001_pittsburgh_steelers_cleveland_browns,20261001NFL00037,DK,draftkings,change,15,2026-09-28T22:40:00,Sep 28,10:40 PM ET,5h ago,away,Pittsburgh Steelers,-2.5,64.0,59.0,38.5,2.0,29.0,-148.0,78.0,69.0
2026-09-29T04:25:53,nfl,nfl_20261001_pittsburgh_steelers_cleveland_browns,20261001NFL00037,DK,draftkings,change,15,2026-09-28T22:40:00,Sep 28,10:40 PM ET,5h ago,home,Cleveland Browns,2.5,36.0,41.0,38.5,98.0,71.0,124.0,22.0,31.0
2026-09-29T04:25:53,nfl,nfl_20261001_pittsburgh_steelers_cleveland_browns,20261001NFL00037,DK,draftkings,change,16,2026-09-28T22:30:00,Sep 28,10:30 PM ET,5h ago,away,Pittsburgh Steelers,-2.5,64.0,59.0,38.5,2.0,28.0,-148.0,73.0,69.0
2026-09-29T04:25:53,nfl,nfl_20261001_pittsburgh_steelers_cleveland_browns,20261001NFL00037,DK,draftkings,change,16,2026-09-28T22:30:00,Sep 28,10:30 PM ET,5h ago,home,Cleveland Browns,2.5,36.0,41.0,38.5,98.0,72.0,124.0,27.0,31.0
2026-09-29T04:25:53,nfl,nfl_20261001_pittsburgh_steelers_cleveland_browns,20261001NFL00037,DK,draftkings,change,17,2026-09-28T22:00:00,Sep 28,10:00 PM ET,6h ago,away,Pittsburgh Steelers,-2.5,64.0,59.0,38.5,2.0,28.0,-148.0,72.0,69.0
2026-09-29T04:25:53,nfl,nfl_20261001_pittsburgh_steelers_cleveland_browns,20261001NFL00037,DK,draftkings,change,17,2026-09-28T22:00:00,Sep 28,10:00 PM ET,6h ago,home,Cleveland Browns,2.5,36.0,41.0,38.5,98.0,72.0,124.0,28.0,31.0
2026-09-29T04:25:53,nfl,nfl_20261001_pittsburgh_steelers_cleveland_browns,20261001NFL00037,DK,draftkings,change,18,2026-09-28T21:45:00,Sep 28,9:45 PM ET,6h ago,away,Pittsburgh Steelers,-2.5,64.0,59.0,38.5,2.0,29.0,-148.0,72.0,69.0
2026-09-29T04:25:53,nfl,nfl_20261001_pittsburgh_steelers_cleveland_browns,20261001NFL00037,DK,draftkings,change,18,2026-09-28T21:45:00,Sep 28,9:45 PM ET,6h ago,home,Cleveland Browns,2.5,36.0,41.0,38.5,98.0,71.0,124.0,28.0,31.0
2026-09-29T04:25:53,nfl,nfl_20261001_pittsburgh_steelers_cleveland_browns,20261001NFL00037,DK,draftkings,change,19,2026-09-28T21:40:00,Sep 28,9:40 PM ET,6h ago,away,Pittsburgh Steelers,-2.5,64.0,60.0,38.5,2.0,29.0,-148.0,72.0,69.0
2026-09-29T04:25:53,nfl,nfl_20261001_pittsburgh_steelers_cleveland_browns,20261001NFL00037,DK,draftkings,change,19,2026-09-28T21:40:00,Sep 28,9:40 PM ET,6h ago,home,Cleveland Browns,2.5,36.0,40.0,38.5,98.0,71.0,124.0,28.0,31.0
2026-09-29T04:25:53,nfl,nfl_20261001_pittsburgh_steelers_cleveland_browns,20261001NFL00037,DK,draftkings,change,20,2026-09-28T21:00:00,Sep 28,9:00 PM ET,7h ago,away,Pittsburgh Steelers,-2.5,64.0,60.0,38.5,2.0,28.0,-148.0,72.0,69.0
2026-09-29T04:25:53,nfl,nfl_20261001_pittsburgh_steelers_cleveland_browns,20261001NFL00037,DK,draftkings,change,20,2026-09-28T21:00:00,Sep 28,9:00 PM ET,7h ago,home,Cleveland Browns,2.5,36.0,40.0,38.5,98.0,72.0,124.0,28.0,31.0
2026-09-29T04:25:53,nfl,nfl_20261001_pittsburgh_steelers_cleveland_browns,20261001NFL00037,DK,draftkings,change,21,2026-09-28T20:50:00,Sep 28,8:50 PM ET,7h ago,away,Pittsburgh Steelers,-2.5,64.0,60.0,38.5,2.0,28.0,-148.0,70.0,69.0
2026-09-29T04:25:53,nfl,nfl_20261001_pittsburgh_steelers_cleveland_browns,20261001NFL00037,DK,draftkings,change,21,2026-09-28T20:50:00,Sep 28,8:50 PM ET,7h ago,home,Cleveland Browns,2.5,36.0,40.0,38.5,98.0,72.0,124.0,30.0,31.0
2026-09-29T04:25:53,nfl,nfl_20261001_pittsburgh_steelers_cleveland_browns,20261001NFL00037,DK,draftkings,change,22,2026-09-28T20:40:00,Sep 28,8:40 PM ET,7h ago,away,Pittsburgh Steelers,-2.5,64.0,59.0,38.5,2.0,28.0,-148.0,70.0,69.0
2026-09-29T04:25:53,nfl,nfl_20261001_pittsburgh_steelers_cleveland_browns,20261001NFL00037,DK,draftkings,change,22,2026-09-28T20:40:00,Sep 28,8:40 PM ET,7h ago,home,Cleveland Browns,2.5,36.0,41.0,38.5,98.0,72.0,124.0,30.0,31.0
2026-09-29T04:25:53,nfl,nfl_20261001_pittsburgh_steelers_cleveland_browns,20261001NFL00037,DK,draftkings,change,23,2026-09-28T20:10:00,Sep 28,8:10 PM ET,8h ago,away,Pittsburgh Steelers,-2.5,64.0,59.0,38.5,2.0,28.0,-148.0,71.0,69.0
2026-09-29T04:25:53,nfl,nfl_20261001_pittsburgh_steelers_cleveland_browns,20261001NFL00037,DK,draftkings,change,23,2026-09-28T20:10:00,Sep 28,8:10 PM ET,8h ago,home,Cleveland Browns,2.5,36.0,41.0,38.5,98.0,72.0,124.0,29.0,31.0
2026-09-29T04:25:53,nfl,nfl_20261001_pittsburgh_steelers_cleveland_browns,20261001NFL00037,DK,draftkings,change,24,2026-09-28T20:00:00,Sep 28,8:00 PM ET,8h ago,away,Pittsburgh Steelers,-2.5,64.0,58.0,38.5,2.0,28.0,-148.0,71.0,69.0
2026-09-29T04:25:53,nfl,nfl_20261001_pittsburgh_steelers_cleveland_browns,20261001NFL00037,DK,draftkings,change,24,2026-09-28T20:00:00,Sep 28,8:00 PM ET,8h ago,home,Cleveland Browns,2.5,36.0,42.0,38.5,98.0,72.0,124.0,29.0,31.0
2026-09-29T04:25:53,nfl,nfl_20261001_pittsburgh_steelers_cleveland_browns,20261001NFL00037,DK,draftkings,change,25,2026-09-28T19:50:00,Sep 28,7:50 PM ET,8h ago,away,Pittsburgh Steelers,-2.5,63.0,58.0,38.5,2.0,28.0,-148.0,72.0,70.0
2026-09-29T04:25:53,nfl,nfl_20261001_pittsburgh_steelers_cleveland_browns,20261001NFL00037,DK,draftkings,change,25,2026-09-28T19:50:00,Sep 28,7:50 PM ET,8h ago,home,Cleveland Browns,2.5,37.0,42.0,38.5,98.0,72.0,124.0,28.0,30.0
2026-09-29T04:25:53,nfl,nfl_20261001_pittsburgh_steelers_cleveland_browns,20261001NFL00037,DK,draftkings,change,26,2026-09-28T18:40:00,Sep 28,6:40 PM ET,9h ago,away,Pittsburgh Steelers,-2.5,63.0,59.0,38.5,2.0,28.0,-148.0,72.0,70.0
2026-09-29T04:25:53,nfl,nfl_20261001_pittsburgh_steelers_cleveland_browns,20261001NFL00037,DK,draftkings,change,26,2026-09-28T18:40:00,Sep 28,6:40 PM ET,9h ago,home,Cleveland Browns,2.5,37.0,41.0,38.5,98.0,72.0,124.0,28.0,30.0
2026-09-29T04:25:54,nfl,nfl_20261001_pittsburgh_steelers_cleveland_browns,20261001NFL00037,CIRCA,circa,open,1,2026-09-27T21:00:00,Sep 27,9:00 PM ET,1d ago,away,Pittsburgh Steelers,-2.5,50.0,50.0,37.5,50.0,50.0,-140.0,50.0,50.0
2026-09-29T04:25:54,nfl,nfl_20261001_pittsburgh_steelers_cleveland_browns,20261001NFL00037,CIRCA,circa,open,1,2026-09-27T21:00:00,Sep 27,9:00 PM ET,1d ago,home,Cleveland Browns,2.5,50.0,50.0,37.5,50.0,50.0,120.0,50.0,50.0
2026-09-29T04:25:54,nfl,nfl_20261001_pittsburgh_steelers_cleveland_browns,20261001NFL00037,CIRCA,circa,change,2,2026-09-29T03:50:00,Sep 29,3:50 AM ET,35m ago,away,Pittsburgh Steelers,-2.5,27.0,50.0,38.5,94.0,50.0,-145.0,84.0,83.0
2026-09-29T04:25:54,nfl,nfl_20261001_pittsburgh_steelers_cleveland_browns,20261001NFL00037,CIRCA,circa,change,2,2026-09-29T03:50:00,Sep 29,3:50 AM ET,35m ago,home,Cleveland Browns,2.5,73.0,50.0,38.5,6.0,50.0,125.0,16.0,17.0
2026-09-29T04:25:54,nfl,nfl_20261001_pittsburgh_steelers_cleveland_browns,20261001NFL00037,CIRCA,circa,change,3,2026-09-28T22:55:00,Sep 28,10:55 PM ET,5h ago,away,Pittsburgh Steelers,-2.5,27.0,50.0,38.5,94.0,50.0,-145.0,66.0,80.0
2026-09-29T04:25:54,nfl,nfl_20261001_pittsburgh_steelers_cleveland_browns,20261001NFL00037,CIRCA,circa,change,3,2026-09-28T22:55:00,Sep 28,10:55 PM ET,5h ago,home,Cleveland Browns,2.5,73.0,50.0,38.5,6.0,50.0,125.0,34.0,20.0
2026-09-29T04:25:54,nfl,nfl_20261001_pittsburgh_steelers_cleveland_browns,20261001NFL00037,CIRCA,circa,change,4,2026-09-28T18:15:00,Sep 28,6:15 PM ET,10h ago,away,Pittsburgh Steelers,-2.5,27.0,50.0,38.5,94.0,50.0,-145.0,57.0,75.0
2026-09-29T04:25:54,nfl,nfl_20261001_pittsburgh_steelers_cleveland_browns,20261001NFL00037,CIRCA,circa,change,4,2026-09-28T18:15:00,Sep 28,6:15 PM ET,10h ago,home,Cleveland Browns,2.5,73.0,50.0,38.5,6.0,50.0,125.0,43.0,25.0
2026-09-29T04:25:54,nfl,nfl_20261001_pittsburgh_steelers_cleveland_browns,20261001NFL00037,CIRCA,circa,change,5,2026-09-28T18:10:00,Sep 28,6:10 PM ET,10h ago,away,Pittsburgh Steelers,-2.5,27.0,50.0,38.5,94.0,50.0,-145.0,38.0,67.0
2026-09-29T04:25:54,nfl,nfl_20261001_pittsburgh_steelers_cleveland_browns,20261001NFL00037,CIRCA,circa,change,5,2026-09-28T18:10:00,Sep 28,6:10 PM ET,10h ago,home,Cleveland Browns,2.5,73.0,50.0,38.5,6.0,50.0,125.0,63.0,33.0
2026-09-29T04:25:54,nfl,nfl_20261001_pittsburgh_steelers_cleveland_browns,20261001NFL00037,CIRCA,circa,change,6,2026-09-28T17:20:00,Sep 28,5:20 PM ET,11h ago,away,Pittsburgh Steelers,-2.5,27.0,50.0,38.5,94.0,50.0,-145.0,100.0,100.0
2026-09-29T04:25:54,nfl,nfl_20261001_pittsburgh_steelers_cleveland_browns,20261001NFL00037,CIRCA,circa,change,6,2026-09-28T17:20:00,Sep 28,5:20 PM ET,11h ago,home,Cleveland Browns,2.5,73.0,50.0,38.5,6.0,50.0,125.0,0.0,0.0
2026-09-29T04:25:54,nfl,nfl_20261001_pittsburgh_steelers_cleveland_browns,20261001NFL00037,CIRCA,circa,change,7,2026-09-28T15:15:00,Sep 28,3:15 PM ET,13h ago,away,Pittsburgh Steelers,-2.5,44.0,57.0,38.5,94.0,50.0,-145.0,100.0,100.0
2026-09-29T04:25:54,nfl,nfl_20261001_pittsburgh_steelers_cleveland_browns,20261001NFL00037,CIRCA,circa,change,7,2026-09-28T15:15:00,Sep 28,3:15 PM ET,13h ago,home,Cleveland Browns,2.5,56.0,43.0,38.5,6.0,50.0,125.0,0.0,0.0
2026-09-29T04:25:54,nfl,nfl_20261001_pittsburgh_steelers_cleveland_browns,20261001NFL00037,CIRCA,circa,change,8,2026-09-28T14:35:00,Sep 28,2:35 PM ET,13h ago,away,Pittsburgh Steelers,-2.5,18.0,50.0,38.5,94.0,50.0,-145.0,100.0,100.0
2026-09-29T04:25:54,nfl,nfl_20261001_pittsburgh_steelers_cleveland_browns,20261001NFL00037,CIRCA,circa,change,8,2026-09-28T14:35:00,Sep 28,2:35 PM ET,13h ago,home,Cleveland Browns,2.5,82.0,50.0,38.5,6.0,50.0,125.0,0.0,0.0
2026-09-29T04:25:54,nfl,nfl_20261001_pittsburgh_steelers_cleveland_browns,20261001NFL00037,CIRCA,circa,change,9,2026-09-28T13:15:00,Sep 28,1:15 PM ET,15h ago,away,Pittsburgh Steelers,-2.5,19.0,60.0,38.5,100.0,100.0,-145.0,100.0,100.0
2026-09-29T04:25:54,nfl,nfl_20261001_pittsburgh_steelers_cleveland_browns,20261001NFL00037,CIRCA,circa,change,9,2026-09-28T13:15:00,Sep 28,1:15 PM ET,15h ago,home,Cleveland Browns,2.5,81.0,40.0,38.5,0.0,0.0,125.0,0.0,0.0
2026-09-29T04:25:54,nfl,nfl_20261001_pittsburgh_steelers_cleveland_browns,20261001NFL00037,CIRCA,circa,change,10,2026-09-28T12:40:00,Sep 28,12:40 PM ET,15h ago,away,Pittsburgh Steelers,-2.5,21.0,75.0,38.0,100.0,100.0,-145.0,100.0,100.0
2026-09-29T04:25:54,nfl,nfl_20261001_pittsburgh_steelers_cleveland_browns,20261001NFL00037,CIRCA,circa,change,10,2026-09-28T12:40:00,Sep 28,12:40 PM ET,15h ago,home,Cleveland Browns,2.5,79.0,25.0,38.0,0.0,0.0,125.0,0.0,0.0
2026-09-29T04:25:54,nfl,nfl_20261001_pittsburgh_steelers_cleveland_browns,20261001NFL00037,CIRCA,circa,change,11,2026-09-28T12:30:00,Sep 28,12:30 PM ET,15h ago,away,Pittsburgh Steelers,-2.5,21.0,75.0,38.0,100.0,100.0,-145.0,50.0,50.0
2026-09-29T04:25:54,nfl,nfl_20261001_pittsburgh_steelers_cleveland_browns,20261001NFL00037,CIRCA,circa,change,11,2026-09-28T12:30:00,Sep 28,12:30 PM ET,15h ago,home,Cleveland Browns,2.5,79.0,25.0,38.0,0.0,0.0,125.0,50.0,50.0
2026-09-29T04:25:54,nfl,nfl_20261001_pittsburgh_steelers_cleveland_browns,20261001NFL00037,CIRCA,circa,change,12,2026-09-28T10:50:00,Sep 28,10:50 AM ET,17h ago,away,Pittsburgh Steelers,-2.5,19.0,67.0,38.0,100.0,100.0,-140.0,50.0,50.0
2026-09-29T04:25:54,nfl,nfl_20261001_pittsburgh_steelers_cleveland_browns,20261001NFL00037,CIRCA,circa,change,12,2026-09-28T10:50:00,Sep 28,10:50 AM ET,17h ago,home,Cleveland Browns,2.5,81.0,33.0,38.0,0.0,0.0,120.0,50.0,50.0
2026-09-29T04:25:54,nfl,nfl_20261001_pittsburgh_steelers_cleveland_browns,20261001NFL00037,CIRCA,circa,change,13,2026-09-28T07:20:00,Sep 28,7:20 AM ET,21h ago,away,Pittsburgh Steelers,-2.5,18.0,50.0,38.0,100.0,100.0,-140.0,50.0,50.0
2026-09-29T04:25:54,nfl,nfl_20261001_pittsburgh_steelers_cleveland_browns,20261001NFL00037,CIRCA,circa,change,13,2026-09-28T07:20:00,Sep 28,7:20 AM ET,21h ago,home,Cleveland Browns,2.5,82.0,50.0,38.0,0.0,0.0,120.0,50.0,50.0
2026-09-29T04:25:54,nfl,nfl_20261001_pittsburgh_steelers_cleveland_browns,20261001NFL00037,CIRCA,circa,change,14,2026-09-28T03:45:00,Sep 28,3:45 AM ET,1d ago,away,Pittsburgh Steelers,-2.5,0.0,0.0,38.0,100.0,100.0,-140.0,50.0,50.0
2026-09-29T04:25:54,nfl,nfl_20261001_pittsburgh_steelers_cleveland_browns,20261001NFL00037,CIRCA,circa,change,14,2026-09-28T03:45:00,Sep 28,3:45 AM ET,1d ago,home,Cleveland Browns,2.5,100.0,100.0,38.0,0.0,0.0,120.0,50.0,50.0
2026-09-29T04:25:54,nfl,nfl_20261001_pittsburgh_steelers_cleveland_browns,20261001NFL00037,CIRCA,circa,change,15,2026-09-28T00:40:00,Sep 28,12:40 AM ET,1d ago,away,Pittsburgh Steelers,-2.5,50.0,50.0,38.0,100.0,100.0,-140.0,50.0,50.0
2026-09-29T04:25:54,nfl,nfl_20261001_pittsburgh_steelers_cleveland_browns,20261001NFL00037,CIRCA,circa,change,15,2026-09-28T00:40:00,Sep 28,12:40 AM ET,1d ago,home,Cleveland Browns,2.5,50.0,50.0,38.0,0.0,0.0,120.0,50.0,50.0
2026-09-29T04:25:54,nfl,nfl_20261001_pittsburgh_steelers_cleveland_browns,20261001NFL00037,CIRCA,circa,change,16,2026-09-27T21:00:00,Sep 27,9:00 PM ET,1d ago,away,Pittsburgh Steelers,-2.5,50.0,50.0,37.5,50.0,50.0,-140.0,50.0,50.0
2026-09-29T04:25:54,nfl,nfl_20261001_pittsburgh_steelers_cleveland_browns,20261001NFL00037,CIRCA,circa,change,16,2026-09-27T21:00:00,Sep 27,9:00 PM ET,1d ago,home,Cleveland Browns,2.5,50.0,50.0,37.5,50.0,50.0,120.0,50.0,50.0
2026-09-29T04:25:55,nfl,nfl_20261004_indianapolis_colts_wash_commanders,20261004NFL00050,DK,draftkings,open,1,2026-05-13T13:30:00,May 13,1:30 PM ET,138d ago,away,Indianapolis Colts,,0.0,0.0,,0.0,0.0,-110.0,94.0,50.0
2026-09-29T04:25:55,nfl,nfl_20261004_indianapolis_colts_wash_commanders,20261004NFL00050,DK,draftkings,open,1,2026-05-13T13:30:00,May 13,1:30 PM ET,138d ago,home,Wash Commanders,,0.0,0.0,,0.0,0.0,-110.0,6.0,50.0
2026-09-29T04:25:55,nfl,nfl_20261004_indianapolis_colts_wash_commanders,20261004NFL00050,DK,draftkings,first_full,2,2026-05-14T09:00:00,May 14,9:00 AM ET,137d ago,away,Indianapolis Colts,1.5,5.0,17.0,48.5,70.0,67.0,-110.0,1.0,28.0
2026-09-29T04:25:55,nfl,nfl_20261004_indianapolis_colts_wash_commanders,20261004NFL00050,DK,draftkings,first_full,2,2026-05-14T09:00:00,May 14,9:00 AM ET,137d ago,home,Wash Commanders,-1.5,95.0,83.0,48.5,30.0,33.0,-110.0,99.0,72.0
2026-09-29T04:25:55,nfl,nfl_20261004_indianapolis_colts_wash_commanders,20261004NFL00050,DK,draftkings,change,3,2026-09-29T03:15:00,Sep 29,3:15 AM ET,1h ago,away,Indianapolis Colts,-3.5,57.0,53.0,47.5,35.0,48.0,-185.0,45.0,63.0
2026-09-29T04:25:55,nfl,nfl_20261004_indianapolis_colts_wash_commanders,20261004NFL00050,DK,draftkings,change,3,2026-09-29T03:15:00,Sep 29,3:15 AM ET,1h ago,home,Wash Commanders,3.5,43.0,47.0,47.5,65.0,52.0,154.0,55.0,37.0
2026-09-29T04:25:55,nfl,nfl_20261004_indianapolis_colts_wash_commanders,20261004NFL00050,DK,draftkings,change,4,2026-09-29T02:15:00,Sep 29,2:15 AM ET,2h ago,away,Indianapolis Colts,-3.5,57.0,52.0,47.5,35.0,48.0,-185.0,45.0,63.0
2026-09-29T04:25:55,nfl,nfl_20261004_indianapolis_colts_wash_commanders,20261004NFL00050,DK,draftkings,change,4,2026-09-29T02:15:00,Sep 29,2:15 AM ET,2h ago,home,Wash Commanders,3.5,43.0,48.0,47.5,65.0,52.0,154.0,55.0,37.0
2026-09-29T04:25:55,nfl,nfl_20261004_indianapolis_colts_wash_commanders,20261004NFL00050,DK,draftkings,change,5,2026-09-29T01:05:00,Sep 29,1:05 AM ET,3h ago,away,Indianapolis Colts,-3.5,58.0,53.0,47.5,35.0,48.0,-185.0,45.0,63.0
2026-09-29T04:25:55,nfl,nfl_20261004_indianapolis_colts_wash_commanders,20261004NFL00050,DK,draftkings,change,5,2026-09-29T01:05:00,Sep 29,1:05 AM ET,3h ago,home,Wash Commanders,3.5,42.0,47.0,47.5,65.0,52.0,154.0,55.0,37.0
2026-09-29T04:25:55,nfl,nfl_20261004_indianapolis_colts_wash_commanders,20261004NFL00050,DK,draftkings,change,6,2026-09-29T00:55:00,Sep 29,12:55 AM ET,3h ago,away,Indianapolis Colts,-3.5,58.0,53.0,47.5,35.0,49.0,-185.0,45.0,63.0
2026-09-29T04:25:55,nfl,nfl_20261004_indianapolis_colts_wash_commanders,20261004NFL00050,DK,draftkings,change,6,2026-09-29T00:55:00,Sep 29,12:55 AM ET,3h ago,home,Wash Commanders,3.5,42.0,47.0,47.5,65.0,51.0,154.0,55.0,37.0
2026-09-29T04:25:55,nfl,nfl_20261004_indianapolis_colts_wash_commanders,20261004NFL00050,DK,draftkings,change,7,2026-09-29T00:50:00,Sep 29,12:50 AM ET,3h ago,away,Indianapolis Colts,-3.5,58.0,53.0,47.5,35.0,48.0,-185.0,45.0,63.0
2026-09-29T04:25:55,nfl,nfl_20261004_indianapolis_colts_wash_commanders,20261004NFL00050,DK,draftkings,change,7,2026-09-29T00:50:00,Sep 29,12:50 AM ET,3h ago,home,Wash Commanders,3.5,42.0,47.0,47.5,65.0,52.0,154.0,55.0,37.0
2026-09-29T04:25:55,nfl,nfl_20261004_indianapolis_colts_wash_commanders,20261004NFL00050,DK,draftkings,change,8,2026-09-29T00:10:00,Sep 29,12:10 AM ET,4h ago,away,Indianapolis Colts,-3.5,58.0,53.0,47.5,35.0,49.0,-185.0,45.0,63.0
2026-09-29T04:25:55,nfl,nfl_20261004_indianapolis_colts_wash_commanders,20261004NFL00050,DK,draftkings,change,8,2026-09-29T00:10:00,Sep 29,12:10 AM ET,4h ago,home,Wash Commanders,3.5,42.0,47.0,47.5,65.0,51.0,154.0,55.0,37.0
2026-09-29T04:25:55,nfl,nfl_20261004_indianapolis_colts_wash_commanders,20261004NFL00050,DK,draftkings,change,9,2026-09-29T00:05:00,Sep 29,12:05 AM ET,4h ago,away,Indianapolis Colts,-3.5,58.0,53.0,47.5,35.0,48.0,-185.0,45.0,63.0
2026-09-29T04:25:55,nfl,nfl_20261004_indianapolis_colts_wash_commanders,20261004NFL00050,DK,draftkings,change,9,2026-09-29T00:05:00,Sep 29,12:05 AM ET,4h ago,home,Wash Commanders,3.5,42.0,47.0,47.5,65.0,52.0,154.0,55.0,37.0
2026-09-29T04:25:55,nfl,nfl_20261004_indianapolis_colts_wash_commanders,20261004NFL00050,DK,draftkings,change,10,2026-09-28T23:50:00,Sep 28,11:50 PM ET,4h ago,away,Indianapolis Colts,-3.5,58.0,54.0,47.5,35.0,49.0,-185.0,45.0,63.0
2026-09-29T04:25:55,nfl,nfl_20261004_indianapolis_colts_wash_commanders,20261004NFL00050,DK,draftkings,change,10,2026-09-28T23:50:00,Sep 28,11:50 PM ET,4h ago,home,Wash Commanders,3.5,42.0,46.0,47.5,65.0,51.0,154.0,55.0,37.0
2026-09-29T04:25:55,nfl,nfl_20261004_indianapolis_colts_wash_commanders,20261004NFL00050,DK,draftkings,change,11,2026-09-28T23:45:00,Sep 28,11:45 PM ET,4h ago,away,Indianapolis Colts,-3.5,58.0,53.0,47.5,35.0,49.0,-180.0,45.0,63.0
2026-09-29T04:25:55,nfl,nfl_20261004_indianapolis_colts_wash_commanders,20261004NFL00050,DK,draftkings,change,11,2026-09-28T23:45:00,Sep 28,11:45 PM ET,4h ago,home,Wash Commanders,3.5,42.0,47.0,47.5,65.0,51.0,150.0,55.0,37.0
2026-09-29T04:25:55,nfl,nfl_20261004_indianapolis_colts_wash_commanders,20261004NFL00050,DK,draftkings,change,12,2026-09-28T23:40:00,Sep 28,11:40 PM ET,4h ago,away,Indianapolis Colts,-3.5,58.0,54.0,47.5,35.0,49.0,-180.0,45.0,63.0
2026-09-29T04:25:55,nfl,nfl_20261004_indianapolis_colts_wash_commanders,20261004NFL00050,DK,draftkings,change,12,2026-09-28T23:40:00,Sep 28,11:40 PM ET,4h ago,home,Wash Commanders,3.5,42.0,46.0,47.5,65.0,51.0,150.0,55.0,37.0
2026-09-29T04:25:55,nfl,nfl_20261004_indianapolis_colts_wash_commanders,20261004NFL00050,DK,draftkings,change,13,2026-09-28T23:30:00,Sep 28,11:30 PM ET,4h ago,away,Indianapolis Colts,-3.5,58.0,54.0,47.5,35.0,50.0,-180.0,45.0,63.0
2026-09-29T04:25:55,nfl,nfl_20261004_indianapolis_colts_wash_commanders,20261004NFL00050,DK,draftkings,change,13,2026-09-28T23:30:00,Sep 28,11:30 PM ET,4h ago,home,Wash Commanders,3.5,42.0,46.0,47.5,65.0,50.0,150.0,55.0,37.0
2026-09-29T04:25:55,nfl,nfl_20261004_indianapolis_colts_wash_commanders,20261004NFL00050,DK,draftkings,change,14,2026-09-28T23:25:00,Sep 28,11:25 PM ET,5h ago,away,Indianapolis Colts,-3.5,58.0,55.0,47.5,35.0,50.0,-180.0,45.0,62.0
2026-09-29T04:25:55,nfl,nfl_20261004_indianapolis_colts_wash_commanders,20261004NFL00050,DK,draftkings,change,14,2026-09-28T23:25:00,Sep 28,11:25 PM ET,5h ago,home,Wash Commanders,3.5,42.0,45.0,47.5,65.0,50.0,150.0,55.0,38.0
2026-09-29T04:25:55,nfl,nfl_20261004_indianapolis_colts_wash_commanders,20261004NFL00050,DK,draftkings,change,15,2026-09-28T23:10:00,Sep 28,11:10 PM ET,5h ago,away,Indianapolis Colts,-3.5,58.0,54.0,47.5,35.0,50.0,-185.0,45.0,62.0
2026-09-29T04:25:55,nfl,nfl_20261004_indianapolis_colts_wash_commanders,20261004NFL00050,DK,draftkings,change,15,2026-09-28T23:10:00,Sep 28,11:10 PM ET,5h ago,home,Wash Commanders,3.5,42.0,46.0,47.5,65.0,50.0,154.0,55.0,38.0
2026-09-29T04:25:55,nfl,nfl_20261004_indianapolis_colts_wash_commanders,20261004NFL00050,DK,draftkings,change,16,2026-09-28T23:00:00,Sep 28,11:00 PM ET,5h ago,away,Indianapolis Colts,-3.5,58.0,55.0,47.5,35.0,49.0,-185.0,45.0,62.0
2026-09-29T04:25:55,nfl,nfl_20261004_indianapolis_colts_wash_commanders,20261004NFL00050,DK,draftkings,change,16,2026-09-28T23:00:00,Sep 28,11:00 PM ET,5h ago,home,Wash Commanders,3.5,42.0,45.0,47.5,65.0,51.0,154.0,55.0,38.0
2026-09-29T04:25:55,nfl,nfl_20261004_indianapolis_colts_wash_commanders,20261004NFL00050,DK,draftkings,change,17,2026-09-28T22:05:00,Sep 28,10:05 PM ET,6h ago,away,Indianapolis Colts,-3.5,58.0,55.0,47.5,35.0,48.0,-185.0,46.0,63.0
2026-09-29T04:25:55,nfl,nfl_20261004_indianapolis_colts_wash_commanders,20261004NFL00050,DK,draftkings,change,17,2026-09-28T22:05:00,Sep 28,10:05 PM ET,6h ago,home,Wash Commanders,3.5,42.0,45.0,47.5,65.0,52.0,154.0,54.0,37.0
2026-09-29T04:25:55,nfl,nfl_20261004_indianapolis_colts_wash_commanders,20261004NFL00050,DK,draftkings,change,18,2026-09-28T22:00:00,Sep 28,10:00 PM ET,6h ago,away,Indianapolis Colts,-3.5,58.0,55.0,47.5,35.0,48.0,-185.0,46.0,63.0
2026-09-29T04:25:55,nfl,nfl_20261004_indianapolis_colts_wash_commanders,20261004NFL00050,DK,draftkings,change,18,2026-09-28T22:00:00,Sep 28,10:00 PM ET,6h ago,home,Wash Commanders,3.5,42.0,45.0,47.5,65.0,52.0,154.0,54.0,38.0
2026-09-29T04:25:55,nfl,nfl_20261004_indianapolis_colts_wash_commanders,20261004NFL00050,DK,draftkings,change,19,2026-09-28T21:55:00,Sep 28,9:55 PM ET,6h ago,away,Indianapolis Colts,-3.5,58.0,55.0,47.5,35.0,48.0,-185.0,46.0,63.0
2026-09-29T04:25:55,nfl,nfl_20261004_indianapolis_colts_wash_commanders,20261004NFL00050,DK,draftkings,change,19,2026-09-28T21:55:00,Sep 28,9:55 PM ET,6h ago,home,Wash Commanders,3.5,42.0,45.0,47.5,65.0,52.0,154.0,54.0,37.0
2026-09-29T04:25:55,nfl,nfl_20261004_indianapolis_colts_wash_commanders,20261004NFL00050,DK,draftkings,change,20,2026-09-28T21:50:00,Sep 28,9:50 PM ET,6h ago,away,Indianapolis Colts,-3.5,58.0,55.0,47.5,35.0,48.0,-185.0,46.0,63.0
2026-09-29T04:25:55,nfl,nfl_20261004_indianapolis_colts_wash_commanders,20261004NFL00050,DK,draftkings,change,20,2026-09-28T21:50:00,Sep 28,9:50 PM ET,6h ago,home,Wash Commanders,3.5,42.0,45.0,47.5,65.0,52.0,154.0,54.0,38.0
2026-09-29T04:25:55,nfl,nfl_20261004_indianapolis_colts_wash_commanders,20261004NFL00050,DK,draftkings,change,21,2026-09-28T21:00:00,Sep 28,9:00 PM ET,7h ago,away,Indianapolis Colts,-3.5,58.0,55.0,47.5,35.0,48.0,-185.0,46.0,62.0
2026-09-29T04:25:55,nfl,nfl_20261004_indianapolis_colts_wash_commanders,20261004NFL00050,DK,draftkings,change,21,2026-09-28T21:00:00,Sep 28,9:00 PM ET,7h ago,home,Wash Commanders,3.5,42.0,45.0,47.5,65.0,52.0,154.0,54.0,38.0
2026-09-29T04:25:55,nfl,nfl_20261004_indianapolis_colts_wash_commanders,20261004NFL00050,DK,draftkings,change,22,2026-09-28T20:40:00,Sep 28,8:40 PM ET,7h ago,away,Indianapolis Colts,-3.5,58.0,55.0,47.5,34.0,47.0,-185.0,46.0,63.0
2026-09-29T04:25:55,nfl,nfl_20261004_indianapolis_colts_wash_commanders,20261004NFL00050,DK,draftkings,change,22,2026-09-28T20:40:00,Sep 28,8:40 PM ET,7h ago,home,Wash Commanders,3.5,42.0,45.0,47.5,66.0,53.0,154.0,54.0,37.0
2026-09-29T04:25:55,nfl,nfl_20261004_indianapolis_colts_wash_commanders,20261004NFL00050,DK,draftkings,change,23,2026-09-28T20:30:00,Sep 28,8:30 PM ET,7h ago,away,Indianapolis Colts,-3.5,58.0,55.0,47.5,34.0,47.0,-185.0,46.0,62.0
2026-09-29T04:25:55,nfl,nfl_20261004_indianapolis_colts_wash_commanders,20261004NFL00050,DK,draftkings,change,23,2026-09-28T20:30:00,Sep 28,8:30 PM ET,7h ago,home,Wash Commanders,3.5,42.0,45.0,47.5,66.0,53.0,154.0,54.0,38.0
2026-09-29T04:25:55,nfl,nfl_20261004_indianapolis_colts_wash_commanders,20261004NFL00050,DK,draftkings,change,24,2026-09-28T20:10:00,Sep 28,8:10 PM ET,8h ago,away,Indianapolis Colts,-3.5,59.0,55.0,47.5,36.0,48.0,-185.0,46.0,62.0
2026-09-29T04:25:55,nfl,nfl_20261004_indianapolis_colts_wash_commanders,20261004NFL00050,DK,draftkings,change,24,2026-09-28T20:10:00,Sep 28,8:10 PM ET,8h ago,home,Wash Commanders,3.5,41.0,45.0,47.5,64.0,52.0,154.0,54.0,38.0
2026-09-29T04:25:55,nfl,nfl_20261004_indianapolis_colts_wash_commanders,20261004NFL00050,DK,draftkings,change,25,2026-09-28T19:50:00,Sep 28,7:50 PM ET,8h ago,away,Indianapolis Colts,-3.5,59.0,55.0,47.5,36.0,49.0,-185.0,46.0,62.0
2026-09-29T04:25:55,nfl,nfl_20261004_indianapolis_colts_wash_commanders,20261004NFL00050,DK,draftkings,change,25,2026-09-28T19:50:00,Sep 28,7:50 PM ET,8h ago,home,Wash Commanders,3.5,41.0,45.0,47.5,64.0,51.0,154.0,54.0,38.0
2026-09-29T04:25:55,nfl,nfl_20261004_indianapolis_colts_wash_commanders,20261004NFL00050,DK,draftkings,change,26,2026-09-28T19:00:00,Sep 28,7:00 PM ET,9h ago,away,Indianapolis Colts,-3.5,59.0,57.0,47.5,36.0,49.0,-180.0,46.0,62.0
2026-09-29T04:25:55,nfl,nfl_20261004_indianapolis_colts_wash_commanders,20261004NFL00050,DK,draftkings,change,26,2026-09-28T19:00:00,Sep 28,7:00 PM ET,9h ago,home,Wash Commanders,3.5,41.0,43.0,47.5,64.0,51.0,150.0,54.0,38.0
2026-09-29T04:25:55,nfl,nfl_20261004_indianapolis_colts_wash_commanders,20261004NFL00050,DK,draftkings,change,27,2026-09-28T18:35:00,Sep 28,6:35 PM ET,9h ago,away,Indianapolis Colts,-3.5,59.0,57.0,47.5,36.0,49.0,-180.0,46.0,61.0
2026-09-29T04:25:55,nfl,nfl_20261004_indianapolis_colts_wash_commanders,20261004NFL00050,DK,draftkings,change,27,2026-09-28T18:35:00,Sep 28,6:35 PM ET,9h ago,home,Wash Commanders,3.5,41.0,43.0,47.5,64.0,51.0,150.0,54.0,39.0
2026-09-29T04:25:56,nfl,nfl_20261004_indianapolis_colts_wash_commanders,20261004NFL00050,CIRCA,circa,open,1,2026-09-27T21:00:00,Sep 27,9:00 PM ET,1d ago,away,Indianapolis Colts,-3.5,50.0,50.0,46.5,50.0,50.0,-180.0,50.0,50.0
2026-09-29T04:25:56,nfl,nfl_20261004_indianapolis_colts_wash_commanders,20261004NFL00050,CIRCA,circa,open,1,2026-09-27T21:00:00,Sep 27,9:00 PM ET,1d ago,home,Wash Commanders,3.5,50.0,50.0,46.5,50.0,50.0,155.0,50.0,50.0
2026-09-29T04:25:56,nfl,nfl_20261004_indianapolis_colts_wash_commanders,20261004NFL00050,CIRCA,circa,change,2,2026-09-28T20:40:00,Sep 28,8:40 PM ET,7h ago,away,Indianapolis Colts,-3.5,86.0,60.0,47.0,61.0,50.0,-185.0,0.0,0.0
2026-09-29T04:25:56,nfl,nfl_20261004_indianapolis_colts_wash_commanders,20261004NFL00050,CIRCA,circa,change,2,2026-09-28T20:40:00,Sep 28,8:40 PM ET,7h ago,home,Wash Commanders,3.5,14.0,40.0,47.0,39.0,50.0,160.0,100.0,100.0
2026-09-29T04:25:56,nfl,nfl_20261004_indianapolis_colts_wash_commanders,20261004NFL00050,CIRCA,circa,change,3,2026-09-28T14:35:00,Sep 28,2:35 PM ET,13h ago,away,Indianapolis Colts,-3.5,86.0,60.0,47.0,0.0,0.0,-185.0,0.0,0.0
2026-09-29T04:25:56,nfl,nfl_20261004_indianapolis_colts_wash_commanders,20261004NFL00050,CIRCA,circa,change,3,2026-09-28T14:35:00,Sep 28,2:35 PM ET,13h ago,home,Wash Commanders,3.5,14.0,40.0,47.0,100.0,100.0,160.0,100.0,100.0
2026-09-29T04:25:56,nfl,nfl_20261004_indianapolis_colts_wash_commanders,20261004NFL00050,CIRCA,circa,change,4,2026-09-28T12:50:00,Sep 28,12:50 PM ET,15h ago,away,Indianapolis Colts,-3.0,93.0,75.0,47.0,50.0,50.0,-165.0,0.0,0.0
2026-09-29T04:25:56,nfl,nfl_20261004_indianapolis_colts_wash_commanders,20261004NFL00050,CIRCA,circa,change,4,2026-09-28T12:50:00,Sep 28,12:50 PM ET,15h ago,home,Wash Commanders,3.0,7.0,25.0,47.0,50.0,50.0,145.0,100.0,100.0
2026-09-29T04:25:56,nfl,nfl_20261004_indianapolis_colts_wash_commanders,20261004NFL00050,CIRCA,circa,change,5,2026-09-28T11:30:00,Sep 28,11:30 AM ET,16h ago,away,Indianapolis Colts,-3.0,92.0,67.0,46.5,50.0,50.0,-160.0,0.0,0.0
2026-09-29T04:25:56,nfl,nfl_20261004_indianapolis_colts_wash_commanders,20261004NFL00050,CIRCA,circa,change,5,2026-09-28T11:30:00,Sep 28,11:30 AM ET,16h ago,home,Wash Commanders,3.0,8.0,33.0,46.5,50.0,50.0,140.0,100.0,100.0
2026-09-29T04:25:56,nfl,nfl_20261004_indianapolis_colts_wash_commanders,20261004NFL00050,CIRCA,circa,change,6,2026-09-28T07:55:00,Sep 28,7:55 AM ET,20h ago,away,Indianapolis Colts,-3.0,91.0,50.0,46.5,50.0,50.0,-160.0,0.0,0.0
2026-09-29T04:25:56,nfl,nfl_20261004_indianapolis_colts_wash_commanders,20261004NFL00050,CIRCA,circa,change,6,2026-09-28T07:55:00,Sep 28,7:55 AM ET,20h ago,home,Wash Commanders,3.0,9.0,50.0,46.5,50.0,50.0,140.0,100.0,100.0
2026-09-29T04:25:56,nfl,nfl_20261004_indianapolis_colts_wash_commanders,20261004NFL00050,CIRCA,circa,change,7,2026-09-28T03:45:00,Sep 28,3:45 AM ET,1d ago,away,Indianapolis Colts,-3.0,100.0,100.0,46.5,50.0,50.0,-160.0,50.0,50.0
2026-09-29T04:25:56,nfl,nfl_20261004_indianapolis_colts_wash_commanders,20261004NFL00050,CIRCA,circa,change,7,2026-09-28T03:45:00,Sep 28,3:45 AM ET,1d ago,home,Wash Commanders,3.0,0.0,0.0,46.5,50.0,50.0,140.0,50.0,50.0
2026-09-29T04:25:56,nfl,nfl_20261004_indianapolis_colts_wash_commanders,20261004NFL00050,CIRCA,circa,change,8,2026-09-27T21:00:00,Sep 27,9:00 PM ET,1d ago,away,Indianapolis Colts,-3.5,50.0,50.0,46.5,50.0,50.0,-180.0,50.0,50.0
2026-09-29T04:25:56,nfl,nfl_20261004_indianapolis_colts_wash_commanders,20261004NFL00050,CIRCA,circa,change,8,2026-09-27T21:00:00,Sep 27,9:00 PM ET,1d ago,home,Wash Commanders,3.5,50.0,50.0,46.5,50.0,50.0,155.0,50.0,50.0
2026-09-29T04:25:57,nfl,nfl_20261004_new_england_patriots_buffalo_bills,20261004NFL00031,DK,draftkings,open,1,2026-05-14T21:20:00,May 14,9:20 PM ET,137d ago,away,New England Patriots,,0.0,0.0,,0.0,0.0,136.0,100.0,100.0
2026-09-29T04:25:57,nfl,nfl_20261004_new_england_patriots_buffalo_bills,20261004NFL00031,DK,draftkings,open,1,2026-05-14T21:20:00,May 14,9:20 PM ET,137d ago,home,Buffalo Bills,,0.0,0.0,,0.0,0.0,-162.0,0.0,0.0
2026-09-29T04:25:57,nfl,nfl_20261004_new_england_patriots_buffalo_bills,20261004NFL00031,DK,draftkings,first_full,2,2026-09-22T22:00:00,Sep 22,10:00 PM ET,6d ago,away,New England Patriots,5.5,12.0,11.0,49.5,100.0,33.0,205.0,94.0,11.0
2026-09-29T04:25:57,nfl,nfl_20261004_new_england_patriots_buffalo_bills,20261004NFL00031,DK,draftkings,first_full,2,2026-09-22T22:00:00,Sep 22,10:00 PM ET,6d ago,home,Buffalo Bills,-5.5,88.0,89.0,49.5,0.0,67.0,-250.0,6.0,89.0
2026-09-29T04:25:57,nfl,nfl_20261004_new_england_patriots_buffalo_bills,20261004NFL00031,DK,draftkings,change,3,2026-09-29T04:25:00,Sep 29,4:25 AM ET,42s ago,away,New England Patriots,7.0,66.0,32.0,48.5,70.0,54.0,245.0,36.0,12.0
2026-09-29T04:25:57,nfl,nfl_20261004_new_england_patriots_buffalo_bills,20261004NFL00031,DK,draftkings,change,3,2026-09-29T04:25:00,Sep 29,4:25 AM ET,42s ago,home,Buffalo Bills,-7.0,34.0,68.0,48.5,30.0,46.0,-305.0,64.0,88.0
2026-09-29T04:25:57,nfl,nfl_20261004_new_england_patriots_buffalo_bills,20261004NFL00031,DK,draftkings,change,4,2026-09-29T03:15:00,Sep 29,3:15 AM ET,1h ago,away,New England Patriots,7.0,67.0,32.0,48.5,70.0,54.0,245.0,36.0,12.0
2026-09-29T04:25:57,nfl,nfl_20261004_new_england_patriots_buffalo_bills,20261004NFL00031,DK,draftkings,change,4,2026-09-29T03:15:00,Sep 29,3:15 AM ET,1h ago,home,Buffalo Bills,-7.0,33.0,68.0,48.5,30.0,46.0,-305.0,64.0,88.0
2026-09-29T04:25:57,nfl,nfl_20261004_new_england_patriots_buffalo_bills,20261004NFL00031,DK,draftkings,change,5,2026-09-29T01:40:00,Sep 29,1:40 AM ET,2h ago,away,New England Patriots,7.0,67.0,32.0,48.5,70.0,55.0,245.0,36.0,12.0
2026-09-29T04:25:57,nfl,nfl_20261004_new_england_patriots_buffalo_bills,20261004NFL00031,DK,draftkings,change,5,2026-09-29T01:40:00,Sep 29,1:40 AM ET,2h ago,home,Buffalo Bills,-7.0,33.0,68.0,48.5,30.0,45.0,-305.0,64.0,88.0
2026-09-29T04:25:57,nfl,nfl_20261004_new_england_patriots_buffalo_bills,20261004NFL00031,DK,draftkings,change,6,2026-09-29T01:20:00,Sep 29,1:20 AM ET,3h ago,away,New England Patriots,7.0,67.0,32.0,48.5,70.0,54.0,245.0,36.0,12.0
2026-09-29T04:25:57,nfl,nfl_20261004_new_england_patriots_buffalo_bills,20261004NFL00031,DK,draftkings,change,6,2026-09-29T01:20:00,Sep 29,1:20 AM ET,3h ago,home,Buffalo Bills,-7.0,33.0,68.0,48.5,30.0,46.0,-305.0,64.0,88.0
2026-09-29T04:25:57,nfl,nfl_20261004_new_england_patriots_buffalo_bills,20261004NFL00031,DK,draftkings,change,7,2026-09-29T00:25:00,Sep 29,12:25 AM ET,4h ago,away,New England Patriots,7.0,67.0,32.0,48.5,70.0,54.0,245.0,36.0,11.0
2026-09-29T04:25:57,nfl,nfl_20261004_new_england_patriots_buffalo_bills,20261004NFL00031,DK,draftkings,change,7,2026-09-29T00:25:00,Sep 29,12:25 AM ET,4h ago,home,Buffalo Bills,-7.0,33.0,68.0,48.5,30.0,46.0,-305.0,64.0,89.0
2026-09-29T04:25:57,nfl,nfl_20261004_new_england_patriots_buffalo_bills,20261004NFL00031,DK,draftkings,change,8,2026-09-29T00:15:00,Sep 29,12:15 AM ET,4h ago,away,New England Patriots,7.0,67.0,31.0,48.5,70.0,55.0,245.0,36.0,11.0
2026-09-29T04:25:57,nfl,nfl_20261004_new_england_patriots_buffalo_bills,20261004NFL00031,DK,draftkings,change,8,2026-09-29T00:15:00,Sep 29,12:15 AM ET,4h ago,home,Buffalo Bills,-7.0,33.0,69.0,48.5,30.0,45.0,-305.0,64.0,89.0
2026-09-29T04:25:57,nfl,nfl_20261004_new_england_patriots_buffalo_bills,20261004NFL00031,DK,draftkings,change,9,2026-09-29T00:00:00,Sep 29,12:00 AM ET,4h ago,away,New England Patriots,7.0,66.0,31.0,48.5,70.0,55.0,250.0,36.0,11.0
2026-09-29T04:25:57,nfl,nfl_20261004_new_england_patriots_buffalo_bills,20261004NFL00031,DK,draftkings,change,9,2026-09-29T00:00:00,Sep 29,12:00 AM ET,4h ago,home,Buffalo Bills,-7.0,34.0,69.0,48.5,30.0,45.0,-310.0,64.0,89.0
2026-09-29T04:25:57,nfl,nfl_20261004_new_england_patriots_buffalo_bills,20261004NFL00031,DK,draftkings,change,10,2026-09-28T23:50:00,Sep 28,11:50 PM ET,4h ago,away,New England Patriots,7.0,66.0,31.0,48.5,70.0,54.0,250.0,36.0,11.0
2026-09-29T04:25:57,nfl,nfl_20261004_new_england_patriots_buffalo_bills,20261004NFL00031,DK,draftkings,change,10,2026-09-28T23:50:00,Sep 28,11:50 PM ET,4h ago,home,Buffalo Bills,-7.0,34.0,69.0,48.5,30.0,46.0,-310.0,64.0,89.0
2026-09-29T04:25:57,nfl,nfl_20261004_new_england_patriots_buffalo_bills,20261004NFL00031,DK,draftkings,change,11,2026-09-28T23:45:00,Sep 28,11:45 PM ET,4h ago,away,New England Patriots,7.0,66.0,31.0,48.5,71.0,55.0,250.0,36.0,11.0
2026-09-29T04:25:57,nfl,nfl_20261004_new_england_patriots_buffalo_bills,20261004NFL00031,DK,draftkings,change,11,2026-09-28T23:45:00,Sep 28,11:45 PM ET,4h ago,home,Buffalo Bills,-7.0,34.0,69.0,48.5,29.0,45.0,-310.0,64.0,89.0
2026-09-29T04:25:57,nfl,nfl_20261004_new_england_patriots_buffalo_bills,20261004NFL00031,DK,draftkings,change,12,2026-09-28T23:40:00,Sep 28,11:40 PM ET,4h ago,away,New England Patriots,7.0,66.0,32.0,48.5,71.0,55.0,250.0,36.0,11.0
2026-09-29T04:25:57,nfl,nfl_20261004_new_england_patriots_buffalo_bills,20261004NFL00031,DK,draftkings,change,12,2026-09-28T23:40:00,Sep 28,11:40 PM ET,4h ago,home,Buffalo Bills,-7.0,34.0,68.0,48.5,29.0,45.0,-310.0,64.0,89.0
2026-09-29T04:25:57,nfl,nfl_20261004_new_england_patriots_buffalo_bills,20261004NFL00031,DK,draftkings,change,13,2026-09-28T23:30:00,Sep 28,11:30 PM ET,4h ago,away,New England Patriots,7.0,67.0,32.0,48.5,71.0,56.0,250.0,36.0,11.0
2026-09-29T04:25:57,nfl,nfl_20261004_new_england_patriots_buffalo_bills,20261004NFL00031,DK,draftkings,change,13,2026-09-28T23:30:00,Sep 28,11:30 PM ET,4h ago,home,Buffalo Bills,-7.0,33.0,68.0,48.5,29.0,44.0,-310.0,64.0,89.0
2026-09-29T04:25:57,nfl,nfl_20261004_new_england_patriots_buffalo_bills,20261004NFL00031,DK,draftkings,change,14,2026-09-28T23:25:00,Sep 28,11:25 PM ET,5h ago,away,New England Patriots,7.0,67.0,32.0,48.5,71.0,55.0,250.0,36.0,12.0
2026-09-29T04:25:57,nfl,nfl_20261004_new_england_patriots_buffalo_bills,20261004NFL00031,DK,draftkings,change,14,2026-09-28T23:25:00,Sep 28,11:25 PM ET,5h ago,home,Buffalo Bills,-7.0,33.0,68.0,48.5,29.0,45.0,-310.0,64.0,88.0
2026-09-29T04:25:57,nfl,nfl_20261004_new_england_patriots_buffalo_bills,20261004NFL00031,DK,draftkings,change,15,2026-09-28T23:20:00,Sep 28,11:20 PM ET,5h ago,away,New England Patriots,7.0,67.0,31.0,48.5,72.0,55.0,250.0,37.0,12.0
2026-09-29T04:25:57,nfl,nfl_20261004_new_england_patriots_buffalo_bills,20261004NFL00031,DK,draftkings,change,15,2026-09-28T23:20:00,Sep 28,11:20 PM ET,5h ago,home,Buffalo Bills,-7.0,33.0,69.0,48.5,28.0,45.0,-310.0,63.0,88.0
2026-09-29T04:25:57,nfl,nfl_20261004_new_england_patriots_buffalo_bills,20261004NFL00031,DK,draftkings,change,16,2026-09-28T23:15:00,Sep 28,11:15 PM ET,5h ago,away,New England Patriots,7.0,67.0,31.0,48.5,72.0,55.0,250.0,37.0,11.0
2026-09-29T04:25:57,nfl,nfl_20261004_new_england_patriots_buffalo_bills,20261004NFL00031,DK,draftkings,change,16,2026-09-28T23:15:00,Sep 28,11:15 PM ET,5h ago,home,Buffalo Bills,-7.0,33.0,69.0,48.5,28.0,45.0,-310.0,63.0,89.0
2026-09-29T04:25:57,nfl,nfl_20261004_new_england_patriots_buffalo_bills,20261004NFL00031,DK,draftkings,change,17,2026-09-28T23:10:00,Sep 28,11:10 PM ET,5h ago,away,New England Patriots,7.0,66.0,31.0,48.5,72.0,55.0,250.0,37.0,11.0
2026-09-29T04:25:57,nfl,nfl_20261004_new_england_patriots_buffalo_bills,20261004NFL00031,DK,draftkings,change,17,2026-09-28T23:10:00,Sep 28,11:10 PM ET,5h ago,home,Buffalo Bills,-7.0,34.0,69.0,48.5,28.0,45.0,-310.0,63.0,89.0
2026-09-29T04:25:57,nfl,nfl_20261004_new_england_patriots_buffalo_bills,20261004NFL00031,DK,draftkings,change,18,2026-09-28T22:40:00,Sep 28,10:40 PM ET,5h ago,away,New England Patriots,7.0,66.0,31.0,48.5,72.0,55.0,250.0,37.0,12.0
2026-09-29T04:25:57,nfl,nfl_20261004_new_england_patriots_buffalo_bills,20261004NFL00031,DK,draftkings,change,18,2026-09-28T22:40:00,Sep 28,10:40 PM ET,5h ago,home,Buffalo Bills,-7.0,34.0,69.0,48.5,28.0,45.0,-310.0,63.0,88.0
2026-09-29T04:25:57,nfl,nfl_20261004_new_england_patriots_buffalo_bills,20261004NFL00031,DK,draftkings,change,19,2026-09-28T22:20:00,Sep 28,10:20 PM ET,6h ago,away,New England Patriots,7.0,67.0,31.0,48.5,72.0,55.0,250.0,36.0,11.0
2026-09-29T04:25:57,nfl,nfl_20261004_new_england_patriots_buffalo_bills,20261004NFL00031,DK,draftkings,change,19,2026-09-28T22:20:00,Sep 28,10:20 PM ET,6h ago,home,Buffalo Bills,-7.0,33.0,69.0,48.5,28.0,45.0,-310.0,64.0,89.0
2026-09-29T04:25:57,nfl,nfl_20261004_new_england_patriots_buffalo_bills,20261004NFL00031,DK,draftkings,change,20,2026-09-28T22:15:00,Sep 28,10:15 PM ET,6h ago,away,New England Patriots,7.0,67.0,31.0,48.5,72.0,55.0,250.0,37.0,11.0
2026-09-29T04:25:57,nfl,nfl_20261004_new_england_patriots_buffalo_bills,20261004NFL00031,DK,draftkings,change,20,2026-09-28T22:15:00,Sep 28,10:15 PM ET,6h ago,home,Buffalo Bills,-7.0,33.0,69.0,48.5,28.0,45.0,-310.0,63.0,89.0
2026-09-29T04:25:57,nfl,nfl_20261004_new_england_patriots_buffalo_bills,20261004NFL00031,DK,draftkings,change,21,2026-09-28T21:40:00,Sep 28,9:40 PM ET,6h ago,away,New England Patriots,7.0,67.0,31.0,48.5,72.0,55.0,250.0,37.0,12.0
2026-09-29T04:25:57,nfl,nfl_20261004_new_england_patriots_buffalo_bills,20261004NFL00031,DK,draftkings,change,21,2026-09-28T21:40:00,Sep 28,9:40 PM ET,6h ago,home,Buffalo Bills,-7.0,33.0,69.0,48.5,28.0,45.0,-310.0,63.0,88.0
2026-09-29T04:25:57,nfl,nfl_20261004_new_england_patriots_buffalo_bills,20261004NFL00031,DK,draftkings,change,22,2026-09-28T21:35:00,Sep 28,9:35 PM ET,6h ago,away,New England Patriots,7.0,67.0,31.0,48.5,72.0,55.0,250.0,36.0,12.0
2026-09-29T04:25:57,nfl,nfl_20261004_new_england_patriots_buffalo_bills,20261004NFL00031,DK,draftkings,change,22,2026-09-28T21:35:00,Sep 28,9:35 PM ET,6h ago,home,Buffalo Bills,-7.0,33.0,69.0,48.5,28.0,45.0,-310.0,64.0,88.0
2026-09-29T04:25:57,nfl,nfl_20261004_new_england_patriots_buffalo_bills,20261004NFL00031,DK,draftkings,change,23,2026-09-28T21:25:00,Sep 28,9:25 PM ET,7h ago,away,New England Patriots,7.0,67.0,31.0,48.5,71.0,54.0,250.0,36.0,12.0
2026-09-29T04:25:57,nfl,nfl_20261004_new_england_patriots_buffalo_bills,20261004NFL00031,DK,draftkings,change,23,2026-09-28T21:25:00,Sep 28,9:25 PM ET,7h ago,home,Buffalo Bills,-7.0,33.0,69.0,48.5,29.0,46.0,-310.0,64.0,88.0
2026-09-29T04:25:57,nfl,nfl_20261004_new_england_patriots_buffalo_bills,20261004NFL00031,DK,draftkings,change,24,2026-09-28T21:20:00,Sep 28,9:20 PM ET,7h ago,away,New England Patriots,7.0,67.0,31.0,48.5,71.0,54.0,250.0,36.0,11.0
2026-09-29T04:25:57,nfl,nfl_20261004_new_england_patriots_buffalo_bills,20261004NFL00031,DK,draftkings,change,24,2026-09-28T21:20:00,Sep 28,9:20 PM ET,7h ago,home,Buffalo Bills,-7.0,33.0,69.0,48.5,29.0,46.0,-310.0,64.0,89.0
2026-09-29T04:25:57,nfl,nfl_20261004_new_england_patriots_buffalo_bills,20261004NFL00031,DK,draftkings,change,25,2026-09-28T21:15:00,Sep 28,9:15 PM ET,7h ago,away,New England Patriots,7.0,67.0,31.0,48.5,71.0,54.0,250.0,37.0,11.0
2026-09-29T04:25:57,nfl,nfl_20261004_new_england_patriots_buffalo_bills,20261004NFL00031,DK,draftkings,change,25,2026-09-28T21:15:00,Sep 28,9:15 PM ET,7h ago,home,Buffalo Bills,-7.0,33.0,69.0,48.5,29.0,46.0,-310.0,63.0,89.0
2026-09-29T04:25:57,nfl,nfl_20261004_new_england_patriots_buffalo_bills,20261004NFL00031,DK,draftkings,change,26,2026-09-28T21:10:00,Sep 28,9:10 PM ET,7h ago,away,New England Patriots,7.0,67.0,31.0,48.5,71.0,54.0,250.0,37.0,12.0
2026-09-29T04:25:57,nfl,nfl_20261004_new_england_patriots_buffalo_bills,20261004NFL00031,DK,draftkings,change,26,2026-09-28T21:10:00,Sep 28,9:10 PM ET,7h ago,home,Buffalo Bills,-7.0,33.0,69.0,48.5,29.0,46.0,-310.0,63.0,88.0
2026-09-29T04:25:57,nfl,nfl_20261004_new_england_patriots_buffalo_bills,20261004NFL00031,DK,draftkings,change,27,2026-09-28T21:00:00,Sep 28,9:00 PM ET,7h ago,away,New England Patriots,7.0,67.0,31.0,48.5,71.0,55.0,250.0,37.0,11.0
2026-09-29T04:25:57,nfl,nfl_20261004_new_england_patriots_buffalo_bills,20261004NFL00031,DK,draftkings,change,27,2026-09-28T21:00:00,Sep 28,9:00 PM ET,7h ago,home,Buffalo Bills,-7.0,33.0,69.0,48.5,29.0,45.0,-310.0,63.0,89.0
2026-09-29T04:25:59,nfl,nfl_20261004_new_england_patriots_buffalo_bills,20261004NFL00031,CIRCA,circa,open,1,2026-09-27T21:00:00,Sep 27,9:00 PM ET,1d ago,away,New England Patriots,6.5,50.0,50.0,48.5,50.0,50.0,250.0,50.0,50.0
2026-09-29T04:25:59,nfl,nfl_20261004_new_england_patriots_buffalo_bills,20261004NFL00031,CIRCA,circa,open,1,2026-09-27T21:00:00,Sep 27,9:00 PM ET,1d ago,home,Buffalo Bills,-6.5,50.0,50.0,48.5,50.0,50.0,-300.0,50.0,50.0
2026-09-29T04:25:59,nfl,nfl_20261004_new_england_patriots_buffalo_bills,20261004NFL00031,CIRCA,circa,change,2,2026-09-28T17:25:00,Sep 28,5:25 PM ET,11h ago,away,New England Patriots,6.5,0.0,0.0,48.5,0.0,0.0,250.0,0.0,0.0
2026-09-29T04:25:59,nfl,nfl_20261004_new_england_patriots_buffalo_bills,20261004NFL00031,CIRCA,circa,change,2,2026-09-28T17:25:00,Sep 28,5:25 PM ET,11h ago,home,Buffalo Bills,-6.5,100.0,100.0,48.5,100.0,100.0,-300.0,100.0,100.0
2026-09-29T04:25:59,nfl,nfl_20261004_new_england_patriots_buffalo_bills,20261004NFL00031,CIRCA,circa,change,3,2026-09-28T14:35:00,Sep 28,2:35 PM ET,13h ago,away,New England Patriots,6.5,0.0,0.0,48.5,0.0,0.0,250.0,50.0,50.0
2026-09-29T04:25:59,nfl,nfl_20261004_new_england_patriots_buffalo_bills,20261004NFL00031,CIRCA,circa,change,3,2026-09-28T14:35:00,Sep 28,2:35 PM ET,13h ago,home,Buffalo Bills,-6.5,100.0,100.0,48.5,100.0,100.0,-300.0,50.0,50.0
2026-09-29T04:25:59,nfl,nfl_20261004_new_england_patriots_buffalo_bills,20261004NFL00031,CIRCA,circa,change,4,2026-09-27T21:41:00,Sep 27,9:41 PM ET,1d ago,away,New England Patriots,6.5,0.0,0.0,48.5,50.0,50.0,250.0,50.0,50.0
2026-09-29T04:25:59,nfl,nfl_20261004_new_england_patriots_buffalo_bills,20261004NFL00031,CIRCA,circa,change,4,2026-09-27T21:41:00,Sep 27,9:41 PM ET,1d ago,home,Buffalo Bills,-6.5,100.0,100.0,48.5,50.0,50.0,-300.0,50.0,50.0
2026-09-29T04:25:59,nfl,nfl_20261004_new_england_patriots_buffalo_bills,20261004NFL00031,CIRCA,circa,change,5,2026-09-27T21:00:00,Sep 27,9:00 PM ET,1d ago,away,New England Patriots,6.5,50.0,50.0,48.5,50.0,50.0,250.0,50.0,50.0
2026-09-29T04:25:59,nfl,nfl_20261004_new_england_patriots_buffalo_bills,20261004NFL00031,CIRCA,circa,change,5,2026-09-27T21:00:00,Sep 27,9:00 PM ET,1d ago,home,Buffalo Bills,-6.5,50.0,50.0,48.5,50.0,50.0,-300.0,50.0,50.0
2026-09-29T04:26:00,nfl,nfl_20261004_tennessee_titans_baltimore_ravens,20261004NFL00035,DK,draftkings,open,1,2026-05-14T22:05:00,May 14,10:05 PM ET,137d ago,away,Tennessee Titans,8.5,100.0,100.0,,0.0,0.0,,0.0,0.0
2026-09-29T04:26:00,nfl,nfl_20261004_tennessee_titans_baltimore_ravens,20261004NFL00035,DK,draftkings,open,1,2026-05-14T22:05:00,May 14,10:05 PM ET,137d ago,home,Baltimore Ravens,-8.5,0.0,0.0,,0.0,0.0,,0.0,0.0
2026-09-29T04:26:00,nfl,nfl_20261004_tennessee_titans_baltimore_ravens,20261004NFL00035,DK,draftkings,first_full,2,2026-05-18T14:30:00,May 18,2:30 PM ET,133d ago,away,Tennessee Titans,8.5,1.0,17.0,47.5,1.0,33.0,310.0,33.0,14.0
2026-09-29T04:26:00,nfl,nfl_20261004_tennessee_titans_baltimore_ravens,20261004NFL00035,DK,draftkings,first_full,2,2026-05-18T14:30:00,May 18,2:30 PM ET,133d ago,home,Baltimore Ravens,-8.5,99.0,83.0,47.5,99.0,67.0,-395.0,67.0,86.0
2026-09-29T04:26:00,nfl,nfl_20261004_tennessee_titans_baltimore_ravens,20261004NFL00035,DK,draftkings,change,3,2026-09-29T01:55:00,Sep 29,1:55 AM ET,2h ago,away,Tennessee Titans,11.5,51.0,31.0,43.5,54.0,68.0,525.0,5.0,5.0
2026-09-29T04:26:00,nfl,nfl_20261004_tennessee_titans_baltimore_ravens,20261004NFL00035,DK,draftkings,change,3,2026-09-29T01:55:00,Sep 29,1:55 AM ET,2h ago,home,Baltimore Ravens,-11.5,49.0,69.0,43.5,46.0,32.0,-750.0,95.0,95.0
2026-09-29T04:26:00,nfl,nfl_20261004_tennessee_titans_baltimore_ravens,20261004NFL00035,DK,draftkings,change,4,2026-09-29T01:30:00,Sep 29,1:30 AM ET,2h ago,away,Tennessee Titans,11.5,51.0,31.0,43.5,52.0,67.0,525.0,5.0,5.0
2026-09-29T04:26:00,nfl,nfl_20261004_tennessee_titans_baltimore_ravens,20261004NFL00035,DK,draftkings,change,4,2026-09-29T01:30:00,Sep 29,1:30 AM ET,2h ago,home,Baltimore Ravens,-11.5,49.0,69.0,43.5,48.0,33.0,-750.0,95.0,95.0
2026-09-29T04:26:00,nfl,nfl_20261004_tennessee_titans_baltimore_ravens,20261004NFL00035,DK,draftkings,change,5,2026-09-29T01:25:00,Sep 29,1:25 AM ET,3h ago,away,Tennessee Titans,11.5,51.0,30.0,43.5,52.0,67.0,525.0,5.0,5.0
2026-09-29T04:26:00,nfl,nfl_20261004_tennessee_titans_baltimore_ravens,20261004NFL00035,DK,draftkings,change,5,2026-09-29T01:25:00,Sep 29,1:25 AM ET,3h ago,home,Baltimore Ravens,-11.5,49.0,70.0,43.5,48.0,33.0,-750.0,95.0,95.0
2026-09-29T04:26:00,nfl,nfl_20261004_tennessee_titans_baltimore_ravens,20261004NFL00035,DK,draftkings,change,6,2026-09-29T01:15:00,Sep 29,1:15 AM ET,3h ago,away,Tennessee Titans,11.5,51.0,31.0,43.5,52.0,67.0,525.0,5.0,5.0
2026-09-29T04:26:00,nfl,nfl_20261004_tennessee_titans_baltimore_ravens,20261004NFL00035,DK,draftkings,change,6,2026-09-29T01:15:00,Sep 29,1:15 AM ET,3h ago,home,Baltimore Ravens,-11.5,49.0,69.0,43.5,48.0,33.0,-750.0,95.0,95.0
2026-09-29T04:26:00,nfl,nfl_20261004_tennessee_titans_baltimore_ravens,20261004NFL00035,DK,draftkings,change,7,2026-09-29T01:00:00,Sep 29,1:00 AM ET,3h ago,away,Tennessee Titans,11.5,51.0,30.0,43.5,52.0,67.0,525.0,5.0,5.0
2026-09-29T04:26:00,nfl,nfl_20261004_tennessee_titans_baltimore_ravens,20261004NFL00035,DK,draftkings,change,7,2026-09-29T01:00:00,Sep 29,1:00 AM ET,3h ago,home,Baltimore Ravens,-11.5,49.0,70.0,43.5,48.0,33.0,-750.0,95.0,95.0
2026-09-29T04:26:00,nfl,nfl_20261004_tennessee_titans_baltimore_ravens,20261004NFL00035,DK,draftkings,change,8,2026-09-29T00:40:00,Sep 29,12:40 AM ET,3h ago,away,Tennessee Titans,11.5,51.0,31.0,43.5,52.0,67.0,500.0,5.0,5.0
2026-09-29T04:26:00,nfl,nfl_20261004_tennessee_titans_baltimore_ravens,20261004NFL00035,DK,draftkings,change,8,2026-09-29T00:40:00,Sep 29,12:40 AM ET,3h ago,home,Baltimore Ravens,-11.5,49.0,69.0,43.5,48.0,33.0,-700.0,95.0,95.0
2026-09-29T04:26:00,nfl,nfl_20261004_tennessee_titans_baltimore_ravens,20261004NFL00035,DK,draftkings,change,9,2026-09-29T00:25:00,Sep 29,12:25 AM ET,4h ago,away,Tennessee Titans,11.5,52.0,31.0,43.5,52.0,67.0,500.0,5.0,5.0
2026-09-29T04:26:00,nfl,nfl_20261004_tennessee_titans_baltimore_ravens,20261004NFL00035,DK,draftkings,change,9,2026-09-29T00:25:00,Sep 29,12:25 AM ET,4h ago,home,Baltimore Ravens,-11.5,48.0,69.0,43.5,48.0,33.0,-700.0,95.0,95.0
2026-09-29T04:26:00,nfl,nfl_20261004_tennessee_titans_baltimore_ravens,20261004NFL00035,DK,draftkings,change,10,2026-09-29T00:15:00,Sep 29,12:15 AM ET,4h ago,away,Tennessee Titans,11.5,52.0,30.0,43.5,52.0,67.0,500.0,5.0,5.0
2026-09-29T04:26:00,nfl,nfl_20261004_tennessee_titans_baltimore_ravens,20261004NFL00035,DK,draftkings,change,10,2026-09-29T00:15:00,Sep 29,12:15 AM ET,4h ago,home,Baltimore Ravens,-11.5,48.0,70.0,43.5,48.0,33.0,-700.0,95.0,95.0
2026-09-29T04:26:00,nfl,nfl_20261004_tennessee_titans_baltimore_ravens,20261004NFL00035,DK,draftkings,change,11,2026-09-29T00:10:00,Sep 29,12:10 AM ET,4h ago,away,Tennessee Titans,11.5,52.0,31.0,43.5,52.0,67.0,500.0,5.0,5.0
2026-09-29T04:26:00,nfl,nfl_20261004_tennessee_titans_baltimore_ravens,20261004NFL00035,DK,draftkings,change,11,2026-09-29T00:10:00,Sep 29,12:10 AM ET,4h ago,home,Baltimore Ravens,-11.5,48.0,69.0,43.5,48.0,33.0,-700.0,95.0,95.0
2026-09-29T04:26:00,nfl,nfl_20261004_tennessee_titans_baltimore_ravens,20261004NFL00035,DK,draftkings,change,12,2026-09-29T00:05:00,Sep 29,12:05 AM ET,4h ago,away,Tennessee Titans,11.5,52.0,31.0,43.5,52.0,68.0,500.0,5.0,5.0
2026-09-29T04:26:00,nfl,nfl_20261004_tennessee_titans_baltimore_ravens,20261004NFL00035,DK,draftkings,change,12,2026-09-29T00:05:00,Sep 29,12:05 AM ET,4h ago,home,Baltimore Ravens,-11.5,48.0,69.0,43.5,48.0,32.0,-700.0,95.0,95.0
2026-09-29T04:26:00,nfl,nfl_20261004_tennessee_titans_baltimore_ravens,20261004NFL00035,DK,draftkings,change,13,2026-09-28T23:40:00,Sep 28,11:40 PM ET,4h ago,away,Tennessee Titans,11.5,52.0,31.0,43.5,52.0,67.0,500.0,5.0,5.0
2026-09-29T04:26:00,nfl,nfl_20261004_tennessee_titans_baltimore_ravens,20261004NFL00035,DK,draftkings,change,13,2026-09-28T23:40:00,Sep 28,11:40 PM ET,4h ago,home,Baltimore Ravens,-11.5,48.0,69.0,43.5,48.0,33.0,-700.0,95.0,95.0
2026-09-29T04:26:00,nfl,nfl_20261004_tennessee_titans_baltimore_ravens,20261004NFL00035,DK,draftkings,change,14,2026-09-28T23:25:00,Sep 28,11:25 PM ET,5h ago,away,Tennessee Titans,11.5,54.0,31.0,43.5,52.0,67.0,500.0,6.0,5.0
2026-09-29T04:26:00,nfl,nfl_20261004_tennessee_titans_baltimore_ravens,20261004NFL00035,DK,draftkings,change,14,2026-09-28T23:25:00,Sep 28,11:25 PM ET,5h ago,home,Baltimore Ravens,-11.5,46.0,69.0,43.5,48.0,33.0,-700.0,94.0,95.0
2026-09-29T04:26:00,nfl,nfl_20261004_tennessee_titans_baltimore_ravens,20261004NFL00035,DK,draftkings,change,15,2026-09-28T23:20:00,Sep 28,11:20 PM ET,5h ago,away,Tennessee Titans,11.5,54.0,31.0,43.5,51.0,66.0,500.0,6.0,5.0
2026-09-29T04:26:00,nfl,nfl_20261004_tennessee_titans_baltimore_ravens,20261004NFL00035,DK,draftkings,change,15,2026-09-28T23:20:00,Sep 28,11:20 PM ET,5h ago,home,Baltimore Ravens,-11.5,46.0,69.0,43.5,49.0,34.0,-700.0,94.0,95.0
2026-09-29T04:26:00,nfl,nfl_20261004_tennessee_titans_baltimore_ravens,20261004NFL00035,DK,draftkings,change,16,2026-09-28T23:00:00,Sep 28,11:00 PM ET,5h ago,away,Tennessee Titans,11.5,54.0,30.0,43.5,51.0,66.0,500.0,6.0,5.0
2026-09-29T04:26:00,nfl,nfl_20261004_tennessee_titans_baltimore_ravens,20261004NFL00035,DK,draftkings,change,16,2026-09-28T23:00:00,Sep 28,11:00 PM ET,5h ago,home,Baltimore Ravens,-11.5,46.0,70.0,43.5,49.0,34.0,-700.0,94.0,95.0
2026-09-29T04:26:00,nfl,nfl_20261004_tennessee_titans_baltimore_ravens,20261004NFL00035,DK,draftkings,change,17,2026-09-28T21:10:00,Sep 28,9:10 PM ET,7h ago,away,Tennessee Titans,11.5,60.0,31.0,43.5,51.0,65.0,500.0,6.0,5.0
2026-09-29T04:26:00,nfl,nfl_20261004_tennessee_titans_baltimore_ravens,20261004NFL00035,DK,draftkings,change,17,2026-09-28T21:10:00,Sep 28,9:10 PM ET,7h ago,home,Baltimore Ravens,-11.5,40.0,69.0,43.5,49.0,35.0,-700.0,94.0,95.0
2026-09-29T04:26:00,nfl,nfl_20261004_tennessee_titans_baltimore_ravens,20261004NFL00035,DK,draftkings,change,18,2026-09-28T20:40:00,Sep 28,8:40 PM ET,7h ago,away,Tennessee Titans,11.5,60.0,31.0,43.5,51.0,67.0,500.0,6.0,5.0
2026-09-29T04:26:00,nfl,nfl_20261004_tennessee_titans_baltimore_ravens,20261004NFL00035,DK,draftkings,change,18,2026-09-28T20:40:00,Sep 28,8:40 PM ET,7h ago,home,Baltimore Ravens,-11.5,40.0,69.0,43.5,49.0,33.0,-700.0,94.0,95.0
2026-09-29T04:26:00,nfl,nfl_20261004_tennessee_titans_baltimore_ravens,20261004NFL00035,DK,draftkings,change,19,2026-09-28T20:30:00,Sep 28,8:30 PM ET,7h ago,away,Tennessee Titans,11.5,61.0,31.0,43.5,51.0,65.0,500.0,6.0,4.0
2026-09-29T04:26:00,nfl,nfl_20261004_tennessee_titans_baltimore_ravens,20261004NFL00035,DK,draftkings,change,19,2026-09-28T20:30:00,Sep 28,8:30 PM ET,7h ago,home,Baltimore Ravens,-11.5,39.0,69.0,43.5,49.0,35.0,-700.0,94.0,96.0
2026-09-29T04:26:00,nfl,nfl_20261004_tennessee_titans_baltimore_ravens,20261004NFL00035,DK,draftkings,change,20,2026-09-28T20:20:00,Sep 28,8:20 PM ET,8h ago,away,Tennessee Titans,11.5,61.0,31.0,43.5,51.0,64.0,500.0,6.0,4.0
2026-09-29T04:26:00,nfl,nfl_20261004_tennessee_titans_baltimore_ravens,20261004NFL00035,DK,draftkings,change,20,2026-09-28T20:20:00,Sep 28,8:20 PM ET,8h ago,home,Baltimore Ravens,-11.5,39.0,69.0,43.5,49.0,36.0,-700.0,94.0,96.0
2026-09-29T04:26:00,nfl,nfl_20261004_tennessee_titans_baltimore_ravens,20261004NFL00035,DK,draftkings,change,21,2026-09-28T20:10:00,Sep 28,8:10 PM ET,8h ago,away,Tennessee Titans,11.5,61.0,32.0,43.5,51.0,64.0,500.0,6.0,4.0
2026-09-29T04:26:00,nfl,nfl_20261004_tennessee_titans_baltimore_ravens,20261004NFL00035,DK,draftkings,change,21,2026-09-28T20:10:00,Sep 28,8:10 PM ET,8h ago,home,Baltimore Ravens,-11.5,39.0,68.0,43.5,49.0,36.0,-700.0,94.0,96.0
2026-09-29T04:26:00,nfl,nfl_20261004_tennessee_titans_baltimore_ravens,20261004NFL00035,DK,draftkings,change,22,2026-09-28T19:50:00,Sep 28,7:50 PM ET,8h ago,away,Tennessee Titans,11.5,61.0,32.0,43.5,27.0,63.0,500.0,6.0,4.0
2026-09-29T04:26:00,nfl,nfl_20261004_tennessee_titans_baltimore_ravens,20261004NFL00035,DK,draftkings,change,22,2026-09-28T19:50:00,Sep 28,7:50 PM ET,8h ago,home,Baltimore Ravens,-11.5,39.0,68.0,43.5,73.0,38.0,-700.0,94.0,96.0
2026-09-29T04:26:00,nfl,nfl_20261004_tennessee_titans_baltimore_ravens,20261004NFL00035,DK,draftkings,change,23,2026-09-28T19:40:00,Sep 28,7:40 PM ET,8h ago,away,Tennessee Titans,11.5,61.0,33.0,43.5,26.0,62.0,500.0,6.0,4.0
2026-09-29T04:26:00,nfl,nfl_20261004_tennessee_titans_baltimore_ravens,20261004NFL00035,DK,draftkings,change,23,2026-09-28T19:40:00,Sep 28,7:40 PM ET,8h ago,home,Baltimore Ravens,-11.5,39.0,67.0,43.5,74.0,38.0,-700.0,94.0,96.0
2026-09-29T04:26:00,nfl,nfl_20261004_tennessee_titans_baltimore_ravens,20261004NFL00035,DK,draftkings,change,24,2026-09-28T19:30:00,Sep 28,7:30 PM ET,8h ago,away,Tennessee Titans,11.5,61.0,32.0,43.5,26.0,62.0,500.0,6.0,4.0
2026-09-29T04:26:00,nfl,nfl_20261004_tennessee_titans_baltimore_ravens,20261004NFL00035,DK,draftkings,change,24,2026-09-28T19:30:00,Sep 28,7:30 PM ET,8h ago,home,Baltimore Ravens,-11.5,39.0,68.0,43.5,74.0,38.0,-700.0,94.0,96.0
2026-09-29T04:26:00,nfl,nfl_20261004_tennessee_titans_baltimore_ravens,20261004NFL00035,DK,draftkings,change,25,2026-09-28T19:15:00,Sep 28,7:15 PM ET,9h ago,away,Tennessee Titans,11.5,62.0,33.0,43.5,36.0,63.0,500.0,6.0,4.0
2026-09-29T04:26:00,nfl,nfl_20261004_tennessee_titans_baltimore_ravens,20261004NFL00035,DK,draftkings,change,25,2026-09-28T19:15:00,Sep 28,7:15 PM ET,9h ago,home,Baltimore Ravens,-11.5,38.0,67.0,43.5,64.0,37.0,-700.0,94.0,96.0
2026-09-29T04:26:00,nfl,nfl_20261004_tennessee_titans_baltimore_ravens,20261004NFL00035,DK,draftkings,change,26,2026-09-28T19:05:00,Sep 28,7:05 PM ET,9h ago,away,Tennessee Titans,11.5,65.0,33.0,43.5,36.0,63.0,500.0,6.0,4.0
2026-09-29T04:26:00,nfl,nfl_20261004_tennessee_titans_baltimore_ravens,20261004NFL00035,DK,draftkings,change,26,2026-09-28T19:05:00,Sep 28,7:05 PM ET,9h ago,home,Baltimore Ravens,-11.5,35.0,67.0,43.5,64.0,37.0,-700.0,94.0,96.0
2026-09-29T04:26:00,nfl,nfl_20261004_tennessee_titans_baltimore_ravens,20261004NFL00035,DK,draftkings,change,27,2026-09-28T18:45:00,Sep 28,6:45 PM ET,9h ago,away,Tennessee Titans,11.5,65.0,33.0,43.5,36.0,63.0,500.0,6.0,5.0
2026-09-29T04:26:00,nfl,nfl_20261004_tennessee_titans_baltimore_ravens,20261004NFL00035,DK,draftkings,change,27,2026-09-28T18:45:00,Sep 28,6:45 PM ET,9h ago,home,Baltimore Ravens,-11.5,35.0,67.0,43.5,64.0,37.0,-700.0,94.0,95.0
2026-09-29T04:26:01,nfl,nfl_20261004_tennessee_titans_baltimore_ravens,20261004NFL00035,CIRCA,circa,open,1,2026-09-27T21:05:00,Sep 27,9:05 PM ET,1d ago,away,Tennessee Titans,10.5,50.0,50.0,43.5,50.0,50.0,455.0,50.0,50.0
2026-09-29T04:26:01,nfl,nfl_20261004_tennessee_titans_baltimore_ravens,20261004NFL00035,CIRCA,circa,open,1,2026-09-27T21:05:00,Sep 27,9:05 PM ET,1d ago,home,Baltimore Ravens,-10.5,50.0,50.0,43.5,50.0,50.0,-600.0,50.0,50.0
2026-09-29T04:26:01,nfl,nfl_20261004_tennessee_titans_baltimore_ravens,20261004NFL00035,CIRCA,circa,change,2,2026-09-28T14:40:00,Sep 28,2:40 PM ET,13h ago,away,Tennessee Titans,11.5,86.0,50.0,43.5,0.0,0.0,490.0,50.0,50.0
2026-09-29T04:26:01,nfl,nfl_20261004_tennessee_titans_baltimore_ravens,20261004NFL00035,CIRCA,circa,change,2,2026-09-28T14:40:00,Sep 28,2:40 PM ET,13h ago,home,Baltimore Ravens,-11.5,14.0,50.0,43.5,100.0,100.0,-650.0,50.0,50.0
2026-09-29T04:26:01,nfl,nfl_20261004_tennessee_titans_baltimore_ravens,20261004NFL00035,CIRCA,circa,change,3,2026-09-28T12:30:00,Sep 28,12:30 PM ET,15h ago,away,Tennessee Titans,11.5,0.0,0.0,43.5,50.0,50.0,490.0,50.0,50.0
2026-09-29T04:26:01,nfl,nfl_20261004_tennessee_titans_baltimore_ravens,20261004NFL00035,CIRCA,circa,change,3,2026-09-28T12:30:00,Sep 28,12:30 PM ET,15h ago,home,Baltimore Ravens,-11.5,100.0,100.0,43.5,50.0,50.0,-650.0,50.0,50.0
2026-09-29T04:26:01,nfl,nfl_20261004_tennessee_titans_baltimore_ravens,20261004NFL00035,CIRCA,circa,change,4,2026-09-27T21:05:00,Sep 27,9:05 PM ET,1d ago,away,Tennessee Titans,10.5,50.0,50.0,43.5,50.0,50.0,455.0,50.0,50.0
2026-09-29T04:26:01,nfl,nfl_20261004_tennessee_titans_baltimore_ravens,20261004NFL00035,CIRCA,circa,change,4,2026-09-27T21:05:00,Sep 27,9:05 PM ET,1d ago,home,Baltimore Ravens,-10.5,50.0,50.0,43.5,50.0,50.0,-600.0,50.0,50.0
2026-09-29T04:26:02,nfl,nfl_20261004_jacksonville_jaguars_cincinnati_bengals,20261004NFL00036,DK,draftkings,open,1,2026-05-15T01:10:00,May 15,1:10 AM ET,137d ago,away,Jacksonville Jaguars,,0.0,0.0,,0.0,0.0,114.0,0.0,0.0
2026-09-29T04:26:02,nfl,nfl_20261004_jacksonville_jaguars_cincinnati_bengals,20261004NFL00036,DK,draftkings,open,1,2026-05-15T01:10:00,May 15,1:10 AM ET,137d ago,home,Cincinnati Bengals,,0.0,0.0,,0.0,0.0,-135.0,100.0,100.0
2026-09-29T04:26:02,nfl,nfl_20261004_jacksonville_jaguars_cincinnati_bengals,20261004NFL00036,DK,draftkings,first_full,2,2026-08-14T20:00:00,Aug 14,8:00 PM ET,45d ago,away,Jacksonville Jaguars,2.5,3.0,70.0,51.5,91.0,13.0,114.0,99.0,54.0
2026-09-29T04:26:02,nfl,nfl_20261004_jacksonville_jaguars_cincinnati_bengals,20261004NFL00036,DK,draftkings,first_full,2,2026-08-14T20:00:00,Aug 14,8:00 PM ET,45d ago,home,Cincinnati Bengals,-2.5,97.0,30.0,51.5,9.0,87.0,-135.0,1.0,46.0
2026-09-29T04:26:02,nfl,nfl_20261004_jacksonville_jaguars_cincinnati_bengals,20261004NFL00036,DK,draftkings,change,3,2026-09-29T03:35:00,Sep 29,3:35 AM ET,50m ago,away,Jacksonville Jaguars,2.5,45.0,67.0,51.5,99.0,79.0,124.0,62.0,53.0
2026-09-29T04:26:02,nfl,nfl_20261004_jacksonville_jaguars_cincinnati_bengals,20261004NFL00036,DK,draftkings,change,3,2026-09-29T03:35:00,Sep 29,3:35 AM ET,50m ago,home,Cincinnati Bengals,-2.5,55.0,33.0,51.5,1.0,21.0,-148.0,38.0,47.0
2026-09-29T04:26:02,nfl,nfl_20261004_jacksonville_jaguars_cincinnati_bengals,20261004NFL00036,DK,draftkings,change,4,2026-09-29T01:55:00,Sep 29,1:55 AM ET,2h ago,away,Jacksonville Jaguars,2.5,45.0,66.0,51.5,99.0,79.0,124.0,62.0,53.0
2026-09-29T04:26:02,nfl,nfl_20261004_jacksonville_jaguars_cincinnati_bengals,20261004NFL00036,DK,draftkings,change,4,2026-09-29T01:55:00,Sep 29,1:55 AM ET,2h ago,home,Cincinnati Bengals,-2.5,55.0,34.0,51.5,1.0,21.0,-148.0,38.0,47.0
2026-09-29T04:26:02,nfl,nfl_20261004_jacksonville_jaguars_cincinnati_bengals,20261004NFL00036,DK,draftkings,change,5,2026-09-29T01:50:00,Sep 29,1:50 AM ET,2h ago,away,Jacksonville Jaguars,2.5,45.0,66.0,51.5,99.0,79.0,124.0,62.0,52.0
2026-09-29T04:26:02,nfl,nfl_20261004_jacksonville_jaguars_cincinnati_bengals,20261004NFL00036,DK,draftkings,change,5,2026-09-29T01:50:00,Sep 29,1:50 AM ET,2h ago,home,Cincinnati Bengals,-2.5,55.0,34.0,51.5,1.0,21.0,-148.0,38.0,48.0
2026-09-29T04:26:02,nfl,nfl_20261004_jacksonville_jaguars_cincinnati_bengals,20261004NFL00036,DK,draftkings,change,6,2026-09-29T01:20:00,Sep 29,1:20 AM ET,3h ago,away,Jacksonville Jaguars,2.5,45.0,66.0,51.5,99.0,79.0,124.0,62.0,53.0
2026-09-29T04:26:02,nfl,nfl_20261004_jacksonville_jaguars_cincinnati_bengals,20261004NFL00036,DK,draftkings,change,6,2026-09-29T01:20:00,Sep 29,1:20 AM ET,3h ago,home,Cincinnati Bengals,-2.5,55.0,34.0,51.5,1.0,21.0,-148.0,38.0,47.0
2026-09-29T04:26:02,nfl,nfl_20261004_jacksonville_jaguars_cincinnati_bengals,20261004NFL00036,DK,draftkings,change,7,2026-09-29T00:55:00,Sep 29,12:55 AM ET,3h ago,away,Jacksonville Jaguars,2.5,47.0,67.0,51.5,99.0,79.0,124.0,62.0,52.0
2026-09-29T04:26:02,nfl,nfl_20261004_jacksonville_jaguars_cincinnati_bengals,20261004NFL00036,DK,draftkings,change,7,2026-09-29T00:55:00,Sep 29,12:55 AM ET,3h ago,home,Cincinnati Bengals,-2.5,53.0,33.0,51.5,1.0,21.0,-148.0,38.0,48.0
2026-09-29T04:26:02,nfl,nfl_20261004_jacksonville_jaguars_cincinnati_bengals,20261004NFL00036,DK,draftkings,change,8,2026-09-29T00:15:00,Sep 29,12:15 AM ET,4h ago,away,Jacksonville Jaguars,2.5,47.0,67.0,51.5,99.0,78.0,124.0,62.0,52.0
2026-09-29T04:26:02,nfl,nfl_20261004_jacksonville_jaguars_cincinnati_bengals,20261004NFL00036,DK,draftkings,change,8,2026-09-29T00:15:00,Sep 29,12:15 AM ET,4h ago,home,Cincinnati Bengals,-2.5,53.0,33.0,51.5,1.0,22.0,-148.0,38.0,48.0
2026-09-29T04:26:02,nfl,nfl_20261004_jacksonville_jaguars_cincinnati_bengals,20261004NFL00036,DK,draftkings,change,9,2026-09-29T00:00:00,Sep 29,12:00 AM ET,4h ago,away,Jacksonville Jaguars,2.5,47.0,67.0,51.5,99.0,79.0,124.0,62.0,52.0
2026-09-29T04:26:02,nfl,nfl_20261004_jacksonville_jaguars_cincinnati_bengals,20261004NFL00036,DK,draftkings,change,9,2026-09-29T00:00:00,Sep 29,12:00 AM ET,4h ago,home,Cincinnati Bengals,-2.5,53.0,33.0,51.5,1.0,21.0,-148.0,38.0,48.0
2026-09-29T04:26:02,nfl,nfl_20261004_jacksonville_jaguars_cincinnati_bengals,20261004NFL00036,DK,draftkings,change,10,2026-09-28T23:45:00,Sep 28,11:45 PM ET,4h ago,away,Jacksonville Jaguars,2.5,47.0,68.0,51.5,99.0,79.0,120.0,61.0,52.0
2026-09-29T04:26:02,nfl,nfl_20261004_jacksonville_jaguars_cincinnati_bengals,20261004NFL00036,DK,draftkings,change,10,2026-09-28T23:45:00,Sep 28,11:45 PM ET,4h ago,home,Cincinnati Bengals,-2.5,53.0,32.0,51.5,1.0,21.0,-142.0,39.0,48.0
2026-09-29T04:26:02,nfl,nfl_20261004_jacksonville_jaguars_cincinnati_bengals,20261004NFL00036,DK,draftkings,change,11,2026-09-28T23:40:00,Sep 28,11:40 PM ET,4h ago,away,Jacksonville Jaguars,2.5,47.0,68.0,51.5,99.0,80.0,120.0,61.0,52.0
2026-09-29T04:26:02,nfl,nfl_20261004_jacksonville_jaguars_cincinnati_bengals,20261004NFL00036,DK,draftkings,change,11,2026-09-28T23:40:00,Sep 28,11:40 PM ET,4h ago,home,Cincinnati Bengals,-2.5,53.0,32.0,51.5,1.0,20.0,-142.0,39.0,48.0
2026-09-29T04:26:02,nfl,nfl_20261004_jacksonville_jaguars_cincinnati_bengals,20261004NFL00036,DK,draftkings,change,12,2026-09-28T23:30:00,Sep 28,11:30 PM ET,4h ago,away,Jacksonville Jaguars,2.5,47.0,68.0,51.5,99.0,80.0,124.0,62.0,52.0
2026-09-29T04:26:02,nfl,nfl_20261004_jacksonville_jaguars_cincinnati_bengals,20261004NFL00036,DK,draftkings,change,12,2026-09-28T23:30:00,Sep 28,11:30 PM ET,4h ago,home,Cincinnati Bengals,-2.5,53.0,32.0,51.5,1.0,20.0,-148.0,38.0,48.0
2026-09-29T04:26:02,nfl,nfl_20261004_jacksonville_jaguars_cincinnati_bengals,20261004NFL00036,DK,draftkings,change,13,2026-09-28T23:00:00,Sep 28,11:00 PM ET,5h ago,away,Jacksonville Jaguars,2.5,47.0,68.0,51.5,99.0,77.0,124.0,61.0,52.0
2026-09-29T04:26:02,nfl,nfl_20261004_jacksonville_jaguars_cincinnati_bengals,20261004NFL00036,DK,draftkings,change,13,2026-09-28T23:00:00,Sep 28,11:00 PM ET,5h ago,home,Cincinnati Bengals,-2.5,53.0,32.0,51.5,1.0,23.0,-148.0,39.0,48.0
2026-09-29T04:26:02,nfl,nfl_20261004_jacksonville_jaguars_cincinnati_bengals,20261004NFL00036,DK,draftkings,change,14,2026-09-28T22:50:00,Sep 28,10:50 PM ET,5h ago,away,Jacksonville Jaguars,2.5,47.0,68.0,51.5,99.0,76.0,124.0,60.0,51.0
2026-09-29T04:26:02,nfl,nfl_20261004_jacksonville_jaguars_cincinnati_bengals,20261004NFL00036,DK,draftkings,change,14,2026-09-28T22:50:00,Sep 28,10:50 PM ET,5h ago,home,Cincinnati Bengals,-2.5,53.0,32.0,51.5,1.0,24.0,-148.0,40.0,49.0
2026-09-29T04:26:02,nfl,nfl_20261004_jacksonville_jaguars_cincinnati_bengals,20261004NFL00036,DK,draftkings,change,15,2026-09-28T22:40:00,Sep 28,10:40 PM ET,5h ago,away,Jacksonville Jaguars,2.5,47.0,69.0,51.5,99.0,76.0,124.0,60.0,51.0
2026-09-29T04:26:02,nfl,nfl_20261004_jacksonville_jaguars_cincinnati_bengals,20261004NFL00036,DK,draftkings,change,15,2026-09-28T22:40:00,Sep 28,10:40 PM ET,5h ago,home,Cincinnati Bengals,-2.5,53.0,31.0,51.5,1.0,24.0,-148.0,40.0,49.0
2026-09-29T04:26:02,nfl,nfl_20261004_jacksonville_jaguars_cincinnati_bengals,20261004NFL00036,DK,draftkings,change,16,2026-09-28T22:10:00,Sep 28,10:10 PM ET,6h ago,away,Jacksonville Jaguars,2.5,47.0,69.0,51.5,99.0,77.0,124.0,60.0,51.0
2026-09-29T04:26:02,nfl,nfl_20261004_jacksonville_jaguars_cincinnati_bengals,20261004NFL00036,DK,draftkings,change,16,2026-09-28T22:10:00,Sep 28,10:10 PM ET,6h ago,home,Cincinnati Bengals,-2.5,53.0,31.0,51.5,1.0,23.0,-148.0,40.0,49.0
2026-09-29T04:26:02,nfl,nfl_20261004_jacksonville_jaguars_cincinnati_bengals,20261004NFL00036,DK,draftkings,change,17,2026-09-28T21:00:00,Sep 28,9:00 PM ET,7h ago,away,Jacksonville Jaguars,2.5,47.0,69.0,51.5,99.0,76.0,124.0,65.0,51.0
2026-09-29T04:26:02,nfl,nfl_20261004_jacksonville_jaguars_cincinnati_bengals,20261004NFL00036,DK,draftkings,change,17,2026-09-28T21:00:00,Sep 28,9:00 PM ET,7h ago,home,Cincinnati Bengals,-2.5,53.0,31.0,51.5,1.0,24.0,-148.0,35.0,49.0
2026-09-29T04:26:02,nfl,nfl_20261004_jacksonville_jaguars_cincinnati_bengals,20261004NFL00036,DK,draftkings,change,18,2026-09-28T20:50:00,Sep 28,8:50 PM ET,7h ago,away,Jacksonville Jaguars,2.5,47.0,70.0,51.5,99.0,76.0,124.0,65.0,51.0
2026-09-29T04:26:02,nfl,nfl_20261004_jacksonville_jaguars_cincinnati_bengals,20261004NFL00036,DK,draftkings,change,18,2026-09-28T20:50:00,Sep 28,8:50 PM ET,7h ago,home,Cincinnati Bengals,-2.5,53.0,30.0,51.5,1.0,24.0,-148.0,35.0,49.0
2026-09-29T04:26:02,nfl,nfl_20261004_jacksonville_jaguars_cincinnati_bengals,20261004NFL00036,DK,draftkings,change,19,2026-09-28T20:40:00,Sep 28,8:40 PM ET,7h ago,away,Jacksonville Jaguars,2.5,47.0,69.0,51.5,99.0,76.0,124.0,65.0,51.0
2026-09-29T04:26:02,nfl,nfl_20261004_jacksonville_jaguars_cincinnati_bengals,20261004NFL00036,DK,draftkings,change,19,2026-09-28T20:40:00,Sep 28,8:40 PM ET,7h ago,home,Cincinnati Bengals,-2.5,53.0,31.0,51.5,1.0,24.0,-148.0,35.0,49.0
2026-09-29T04:26:02,nfl,nfl_20261004_jacksonville_jaguars_cincinnati_bengals,20261004NFL00036,DK,draftkings,change,20,2026-09-28T20:10:00,Sep 28,8:10 PM ET,8h ago,away,Jacksonville Jaguars,2.5,47.0,70.0,51.5,99.0,76.0,124.0,65.0,51.0
2026-09-29T04:26:02,nfl,nfl_20261004_jacksonville_jaguars_cincinnati_bengals,20261004NFL00036,DK,draftkings,change,20,2026-09-28T20:10:00,Sep 28,8:10 PM ET,8h ago,home,Cincinnati Bengals,-2.5,53.0,30.0,51.5,1.0,24.0,-148.0,35.0,49.0
2026-09-29T04:26:02,nfl,nfl_20261004_jacksonville_jaguars_cincinnati_bengals,20261004NFL00036,DK,draftkings,change,21,2026-09-28T19:50:00,Sep 28,7:50 PM ET,8h ago,away,Jacksonville Jaguars,2.5,47.0,71.0,51.5,99.0,76.0,124.0,65.0,51.0
2026-09-29T04:26:02,nfl,nfl_20261004_jacksonville_jaguars_cincinnati_bengals,20261004NFL00036,DK,draftkings,change,21,2026-09-28T19:50:00,Sep 28,7:50 PM ET,8h ago,home,Cincinnati Bengals,-2.5,53.0,29.0,51.5,1.0,24.0,-148.0,35.0,49.0
2026-09-29T04:26:02,nfl,nfl_20261004_jacksonville_jaguars_cincinnati_bengals,20261004NFL00036,DK,draftkings,change,22,2026-09-28T19:30:00,Sep 28,7:30 PM ET,8h ago,away,Jacksonville Jaguars,2.5,47.0,70.0,51.5,99.0,76.0,124.0,65.0,50.0
2026-09-29T04:26:02,nfl,nfl_20261004_jacksonville_jaguars_cincinnati_bengals,20261004NFL00036,DK,draftkings,change,22,2026-09-28T19:30:00,Sep 28,7:30 PM ET,8h ago,home,Cincinnati Bengals,-2.5,53.0,30.0,51.5,1.0,24.0,-148.0,35.0,50.0
2026-09-29T04:26:02,nfl,nfl_20261004_jacksonville_jaguars_cincinnati_bengals,20261004NFL00036,DK,draftkings,change,23,2026-09-28T19:10:00,Sep 28,7:10 PM ET,9h ago,away,Jacksonville Jaguars,2.5,47.0,70.0,51.5,99.0,76.0,124.0,65.0,51.0
2026-09-29T04:26:02,nfl,nfl_20261004_jacksonville_jaguars_cincinnati_bengals,20261004NFL00036,DK,draftkings,change,23,2026-09-28T19:10:00,Sep 28,7:10 PM ET,9h ago,home,Cincinnati Bengals,-2.5,53.0,30.0,51.5,1.0,24.0,-148.0,35.0,49.0
2026-09-29T04:26:02,nfl,nfl_20261004_jacksonville_jaguars_cincinnati_bengals,20261004NFL00036,DK,draftkings,change,24,2026-09-28T19:05:00,Sep 28,7:05 PM ET,9h ago,away,Jacksonville Jaguars,2.5,47.0,69.0,51.5,99.0,76.0,124.0,65.0,51.0
2026-09-29T04:26:02,nfl,nfl_20261004_jacksonville_jaguars_cincinnati_bengals,20261004NFL00036,DK,draftkings,change,24,2026-09-28T19:05:00,Sep 28,7:05 PM ET,9h ago,home,Cincinnati Bengals,-2.5,53.0,31.0,51.5,1.0,24.0,-148.0,35.0,49.0
2026-09-29T04:26:02,nfl,nfl_20261004_jacksonville_jaguars_cincinnati_bengals,20261004NFL00036,DK,draftkings,change,25,2026-09-28T18:45:00,Sep 28,6:45 PM ET,9h ago,away,Jacksonville Jaguars,2.5,47.0,70.0,51.5,99.0,76.0,124.0,65.0,51.0
2026-09-29T04:26:02,nfl,nfl_20261004_jacksonville_jaguars_cincinnati_bengals,20261004NFL00036,DK,draftkings,change,25,2026-09-28T18:45:00,Sep 28,6:45 PM ET,9h ago,home,Cincinnati Bengals,-2.5,53.0,30.0,51.5,1.0,24.0,-148.0,35.0,49.0
2026-09-29T04:26:02,nfl,nfl_20261004_jacksonville_jaguars_cincinnati_bengals,20261004NFL00036,DK,draftkings,change,26,2026-09-28T18:40:00,Sep 28,6:40 PM ET,9h ago,away,Jacksonville Jaguars,2.5,47.0,71.0,51.5,99.0,76.0,124.0,65.0,51.0
2026-09-29T04:26:02,nfl,nfl_20261004_jacksonville_jaguars_cincinnati_bengals,20261004NFL00036,DK,draftkings,change,26,2026-09-28T18:40:00,Sep 28,6:40 PM ET,9h ago,home,Cincinnati Bengals,-2.5,53.0,29.0,51.5,1.0,24.0,-148.0,35.0,49.0
2026-09-29T04:26:02,nfl,nfl_20261004_jacksonville_jaguars_cincinnati_bengals,20261004NFL00036,DK,draftkings,change,27,2026-09-28T18:35:00,Sep 28,6:35 PM ET,9h ago,away,Jacksonville Jaguars,2.5,47.0,70.0,51.5,99.0,76.0,124.0,65.0,51.0
2026-09-29T04:26:02,nfl,nfl_20261004_jacksonville_jaguars_cincinnati_bengals,20261004NFL00036,DK,draftkings,change,27,2026-09-28T18:35:00,Sep 28,6:35 PM ET,9h ago,home,Cincinnati Bengals,-2.5,53.0,30.0,51.5,1.0,24.0,-148.0,35.0,49.0
2026-09-29T04:26:03,nfl,nfl_20261004_jacksonville_jaguars_cincinnati_bengals,20261004NFL00036,CIRCA,circa,open,1,2026-09-27T21:00:00,Sep 27,9:00 PM ET,1d ago,away,Jacksonville Jaguars,2.5,50.0,50.0,50.5,50.0,50.0,120.0,50.0,50.0
2026-09-29T04:26:03,nfl,nfl_20261004_jacksonville_jaguars_cincinnati_bengals,20261004NFL00036,CIRCA,circa,open,1,2026-09-27T21:00:00,Sep 27,9:00 PM ET,1d ago,home,Cincinnati Bengals,-2.5,50.0,50.0,50.5,50.0,50.0,-140.0,50.0,50.0
2026-09-29T04:26:03,nfl,nfl_20261004_jacksonville_jaguars_cincinnati_bengals,20261004NFL00036,CIRCA,circa,change,2,2026-09-28T20:40:00,Sep 28,8:40 PM ET,7h ago,away,Jacksonville Jaguars,2.5,59.0,55.0,51.0,49.0,50.0,120.0,0.0,0.0
2026-09-29T04:26:03,nfl,nfl_20261004_jacksonville_jaguars_cincinnati_bengals,20261004NFL00036,CIRCA,circa,change,2,2026-09-28T20:40:00,Sep 28,8:40 PM ET,7h ago,home,Cincinnati Bengals,-2.5,41.0,45.0,51.0,51.0,50.0,-140.0,100.0,100.0
2026-09-29T04:26:03,nfl,nfl_20261004_jacksonville_jaguars_cincinnati_bengals,20261004NFL00036,CIRCA,circa,change,3,2026-09-28T19:20:00,Sep 28,7:20 PM ET,9h ago,away,Jacksonville Jaguars,2.5,59.0,50.0,51.0,49.0,50.0,120.0,0.0,0.0
2026-09-29T04:26:03,nfl,nfl_20261004_jacksonville_jaguars_cincinnati_bengals,20261004NFL00036,CIRCA,circa,change,3,2026-09-28T19:20:00,Sep 28,7:20 PM ET,9h ago,home,Cincinnati Bengals,-2.5,41.0,50.0,51.0,51.0,50.0,-140.0,100.0,100.0
2026-09-29T04:26:03,nfl,nfl_20261004_jacksonville_jaguars_cincinnati_bengals,20261004NFL00036,CIRCA,circa,change,4,2026-09-28T17:55:00,Sep 28,5:55 PM ET,10h ago,away,Jacksonville Jaguars,2.5,59.0,50.0,51.0,49.0,50.0,120.0,50.0,50.0
2026-09-29T04:26:03,nfl,nfl_20261004_jacksonville_jaguars_cincinnati_bengals,20261004NFL00036,CIRCA,circa,change,4,2026-09-28T17:55:00,Sep 28,5:55 PM ET,10h ago,home,Cincinnati Bengals,-2.5,41.0,50.0,51.0,51.0,50.0,-140.0,50.0,50.0
2026-09-29T04:26:03,nfl,nfl_20261004_jacksonville_jaguars_cincinnati_bengals,20261004NFL00036,CIRCA,circa,change,5,2026-09-28T16:55:00,Sep 28,4:55 PM ET,11h ago,away,Jacksonville Jaguars,3.0,5.0,44.0,51.0,49.0,50.0,125.0,50.0,50.0
2026-09-29T04:26:03,nfl,nfl_20261004_jacksonville_jaguars_cincinnati_bengals,20261004NFL00036,CIRCA,circa,change,5,2026-09-28T16:55:00,Sep 28,4:55 PM ET,11h ago,home,Cincinnati Bengals,-3.0,95.0,56.0,51.0,51.0,50.0,-145.0,50.0,50.0
2026-09-29T04:26:03,nfl,nfl_20261004_jacksonville_jaguars_cincinnati_bengals,20261004NFL00036,CIRCA,circa,change,6,2026-09-28T16:40:00,Sep 28,4:40 PM ET,11h ago,away,Jacksonville Jaguars,3.0,4.0,38.0,51.0,49.0,50.0,125.0,50.0,50.0
2026-09-29T04:26:03,nfl,nfl_20261004_jacksonville_jaguars_cincinnati_bengals,20261004NFL00036,CIRCA,circa,change,6,2026-09-28T16:40:00,Sep 28,4:40 PM ET,11h ago,home,Cincinnati Bengals,-3.0,96.0,63.0,51.0,51.0,50.0,-145.0,50.0,50.0
2026-09-29T04:26:03,nfl,nfl_20261004_jacksonville_jaguars_cincinnati_bengals,20261004NFL00036,CIRCA,circa,change,7,2026-09-28T14:55:00,Sep 28,2:55 PM ET,13h ago,away,Jacksonville Jaguars,3.0,3.0,29.0,51.0,49.0,50.0,130.0,50.0,50.0
2026-09-29T04:26:03,nfl,nfl_20261004_jacksonville_jaguars_cincinnati_bengals,20261004NFL00036,CIRCA,circa,change,7,2026-09-28T14:55:00,Sep 28,2:55 PM ET,13h ago,home,Cincinnati Bengals,-3.0,97.0,71.0,51.0,51.0,50.0,-150.0,50.0,50.0
2026-09-29T04:26:03,nfl,nfl_20261004_jacksonville_jaguars_cincinnati_bengals,20261004NFL00036,CIRCA,circa,change,8,2026-09-28T14:40:00,Sep 28,2:40 PM ET,13h ago,away,Jacksonville Jaguars,3.0,0.0,17.0,51.0,49.0,50.0,130.0,50.0,50.0
2026-09-29T04:26:03,nfl,nfl_20261004_jacksonville_jaguars_cincinnati_bengals,20261004NFL00036,CIRCA,circa,change,8,2026-09-28T14:40:00,Sep 28,2:40 PM ET,13h ago,home,Cincinnati Bengals,-3.0,100.0,83.0,51.0,51.0,50.0,-150.0,50.0,50.0
2026-09-29T04:26:03,nfl,nfl_20261004_jacksonville_jaguars_cincinnati_bengals,20261004NFL00036,CIRCA,circa,change,9,2026-09-28T00:45:00,Sep 28,12:45 AM ET,1d ago,away,Jacksonville Jaguars,2.5,0.0,0.0,50.5,61.0,67.0,120.0,50.0,50.0
2026-09-29T04:26:03,nfl,nfl_20261004_jacksonville_jaguars_cincinnati_bengals,20261004NFL00036,CIRCA,circa,change,9,2026-09-28T00:45:00,Sep 28,12:45 AM ET,1d ago,home,Cincinnati Bengals,-2.5,100.0,100.0,50.5,39.0,33.0,-140.0,50.0,50.0
2026-09-29T04:26:03,nfl,nfl_20261004_jacksonville_jaguars_cincinnati_bengals,20261004NFL00036,CIRCA,circa,change,10,2026-09-28T00:25:00,Sep 28,12:25 AM ET,1d ago,away,Jacksonville Jaguars,2.5,0.0,0.0,50.5,36.0,50.0,120.0,50.0,50.0
2026-09-29T04:26:03,nfl,nfl_20261004_jacksonville_jaguars_cincinnati_bengals,20261004NFL00036,CIRCA,circa,change,10,2026-09-28T00:25:00,Sep 28,12:25 AM ET,1d ago,home,Cincinnati Bengals,-2.5,100.0,100.0,50.5,64.0,50.0,-140.0,50.0,50.0
2026-09-29T04:26:03,nfl,nfl_20261004_jacksonville_jaguars_cincinnati_bengals,20261004NFL00036,CIRCA,circa,change,11,2026-09-27T22:05:00,Sep 27,10:05 PM ET,1d ago,away,Jacksonville Jaguars,2.5,0.0,0.0,50.5,100.0,100.0,120.0,50.0,50.0
2026-09-29T04:26:03,nfl,nfl_20261004_jacksonville_jaguars_cincinnati_bengals,20261004NFL00036,CIRCA,circa,change,11,2026-09-27T22:05:00,Sep 27,10:05 PM ET,1d ago,home,Cincinnati Bengals,-2.5,100.0,100.0,50.5,0.0,0.0,-140.0,50.0,50.0
2026-09-29T04:26:03,nfl,nfl_20261004_jacksonville_jaguars_cincinnati_bengals,20261004NFL00036,CIRCA,circa,change,12,2026-09-27T22:01:00,Sep 27,10:01 PM ET,1d ago,away,Jacksonville Jaguars,2.5,0.0,0.0,50.5,50.0,50.0,120.0,50.0,50.0
2026-09-29T04:26:03,nfl,nfl_20261004_jacksonville_jaguars_cincinnati_bengals,20261004NFL00036,CIRCA,circa,change,12,2026-09-27T22:01:00,Sep 27,10:01 PM ET,1d ago,home,Cincinnati Bengals,-2.5,100.0,100.0,50.5,50.0,50.0,-140.0,50.0,50.0
2026-09-29T04:26:03,nfl,nfl_20261004_jacksonville_jaguars_cincinnati_bengals,20261004NFL00036,CIRCA,circa,change,13,2026-09-27T21:00:00,Sep 27,9:00 PM ET,1d ago,away,Jacksonville Jaguars,2.5,50.0,50.0,50.5,50.0,50.0,120.0,50.0,50.0
2026-09-29T04:26:03,nfl,nfl_20261004_jacksonville_jaguars_cincinnati_bengals,20261004NFL00036,CIRCA,circa,change,13,2026-09-27T21:00:00,Sep 27,9:00 PM ET,1d ago,home,Cincinnati Bengals,-2.5,50.0,50.0,50.5,50.0,50.0,-140.0,50.0,50.0
2026-09-29T04:26:05,nfl,nfl_20261004_dallas_cowboys_houston_texans,20261004NFL00039,DK,draftkings,open,1,2026-05-14T22:05:00,May 14,10:05 PM ET,137d ago,away,Dallas Cowboys,,0.0,0.0,,0.0,0.0,114.0,0.0,0.0
2026-09-29T04:26:05,nfl,nfl_20261004_dallas_cowboys_houston_texans,20261004NFL00039,DK,draftkings,open,1,2026-05-14T22:05:00,May 14,10:05 PM ET,137d ago,home,Houston Texans,,0.0,0.0,,0.0,0.0,-135.0,100.0,100.0
2026-09-29T04:26:05,nfl,nfl_20261004_dallas_cowboys_houston_texans,20261004NFL00039,DK,draftkings,first_full,2,2026-09-24T23:00:00,Sep 24,11:00 PM ET,4d ago,away,Dallas Cowboys,3.0,26.0,59.0,47.5,100.0,100.0,136.0,73.0,19.0
2026-09-29T04:26:05,nfl,nfl_20261004_dallas_cowboys_houston_texans,20261004NFL00039,DK,draftkings,first_full,2,2026-09-24T23:00:00,Sep 24,11:00 PM ET,4d ago,home,Houston Texans,-3.0,74.0,41.0,47.5,0.0,0.0,-162.0,27.0,81.0
2026-09-29T04:26:05,nfl,nfl_20261004_dallas_cowboys_houston_texans,20261004NFL00039,DK,draftkings,change,3,2026-09-29T03:00:00,Sep 29,3:00 AM ET,1h ago,away,Dallas Cowboys,2.5,31.0,71.0,47.5,88.0,69.0,120.0,57.0,61.0
2026-09-29T04:26:05,nfl,nfl_20261004_dallas_cowboys_houston_texans,20261004NFL00039,DK,draftkings,change,3,2026-09-29T03:00:00,Sep 29,3:00 AM ET,1h ago,home,Houston Texans,-2.5,69.0,29.0,47.5,12.0,31.0,-142.0,43.0,39.0
2026-09-29T04:26:05,nfl,nfl_20261004_dallas_cowboys_houston_texans,20261004NFL00039,DK,draftkings,change,4,2026-09-29T02:55:00,Sep 29,2:55 AM ET,1h ago,away,Dallas Cowboys,2.5,31.0,72.0,47.5,88.0,69.0,120.0,57.0,61.0
2026-09-29T04:26:05,nfl,nfl_20261004_dallas_cowboys_houston_texans,20261004NFL00039,DK,draftkings,change,4,2026-09-29T02:55:00,Sep 29,2:55 AM ET,1h ago,home,Houston Texans,-2.5,69.0,28.0,47.5,12.0,31.0,-142.0,43.0,39.0
2026-09-29T04:26:05,nfl,nfl_20261004_dallas_cowboys_houston_texans,20261004NFL00039,DK,draftkings,change,5,2026-09-29T02:35:00,Sep 29,2:35 AM ET,1h ago,away,Dallas Cowboys,2.5,31.0,72.0,47.5,88.0,68.0,120.0,57.0,61.0
2026-09-29T04:26:05,nfl,nfl_20261004_dallas_cowboys_houston_texans,20261004NFL00039,DK,draftkings,change,5,2026-09-29T02:35:00,Sep 29,2:35 AM ET,1h ago,home,Houston Texans,-2.5,69.0,28.0,47.5,12.0,32.0,-142.0,43.0,39.0
2026-09-29T04:26:05,nfl,nfl_20261004_dallas_cowboys_houston_texans,20261004NFL00039,DK,draftkings,change,6,2026-09-29T02:15:00,Sep 29,2:15 AM ET,2h ago,away,Dallas Cowboys,2.5,24.0,71.0,47.5,88.0,68.0,120.0,57.0,61.0
2026-09-29T04:26:05,nfl,nfl_20261004_dallas_cowboys_houston_texans,20261004NFL00039,DK,draftkings,change,6,2026-09-29T02:15:00,Sep 29,2:15 AM ET,2h ago,home,Houston Texans,-2.5,76.0,29.0,47.5,12.0,32.0,-142.0,43.0,39.0
2026-09-29T04:26:05,nfl,nfl_20261004_dallas_cowboys_houston_texans,20261004NFL00039,DK,draftkings,change,7,2026-09-29T00:40:00,Sep 29,12:40 AM ET,3h ago,away,Dallas Cowboys,2.5,24.0,71.0,47.5,88.0,68.0,120.0,56.0,61.0
2026-09-29T04:26:05,nfl,nfl_20261004_dallas_cowboys_houston_texans,20261004NFL00039,DK,draftkings,change,7,2026-09-29T00:40:00,Sep 29,12:40 AM ET,3h ago,home,Houston Texans,-2.5,76.0,29.0,47.5,12.0,32.0,-142.0,44.0,39.0
2026-09-29T04:26:05,nfl,nfl_20261004_dallas_cowboys_houston_texans,20261004NFL00039,DK,draftkings,change,8,2026-09-29T00:25:00,Sep 29,12:25 AM ET,4h ago,away,Dallas Cowboys,2.5,24.0,72.0,47.5,88.0,68.0,120.0,51.0,61.0
2026-09-29T04:26:05,nfl,nfl_20261004_dallas_cowboys_houston_texans,20261004NFL00039,DK,draftkings,change,8,2026-09-29T00:25:00,Sep 29,12:25 AM ET,4h ago,home,Houston Texans,-2.5,76.0,28.0,47.5,12.0,32.0,-142.0,49.0,39.0
2026-09-29T04:26:05,nfl,nfl_20261004_dallas_cowboys_houston_texans,20261004NFL00039,DK,draftkings,change,9,2026-09-29T00:10:00,Sep 29,12:10 AM ET,4h ago,away,Dallas Cowboys,2.5,24.0,72.0,47.5,88.0,68.0,120.0,51.0,62.0
2026-09-29T04:26:05,nfl,nfl_20261004_dallas_cowboys_houston_texans,20261004NFL00039,DK,draftkings,change,9,2026-09-29T00:10:00,Sep 29,12:10 AM ET,4h ago,home,Houston Texans,-2.5,76.0,28.0,47.5,12.0,32.0,-142.0,49.0,38.0
2026-09-29T04:26:05,nfl,nfl_20261004_dallas_cowboys_houston_texans,20261004NFL00039,DK,draftkings,change,10,2026-09-29T00:05:00,Sep 29,12:05 AM ET,4h ago,away,Dallas Cowboys,2.5,24.0,72.0,47.5,88.0,69.0,120.0,51.0,62.0
2026-09-29T04:26:05,nfl,nfl_20261004_dallas_cowboys_houston_texans,20261004NFL00039,DK,draftkings,change,10,2026-09-29T00:05:00,Sep 29,12:05 AM ET,4h ago,home,Houston Texans,-2.5,76.0,28.0,47.5,12.0,31.0,-142.0,49.0,38.0
2026-09-29T04:26:05,nfl,nfl_20261004_dallas_cowboys_houston_texans,20261004NFL00039,DK,draftkings,change,11,2026-09-29T00:00:00,Sep 29,12:00 AM ET,4h ago,away,Dallas Cowboys,2.5,24.0,72.0,47.5,88.0,70.0,120.0,51.0,62.0
2026-09-29T04:26:05,nfl,nfl_20261004_dallas_cowboys_houston_texans,20261004NFL00039,DK,draftkings,change,11,2026-09-29T00:00:00,Sep 29,12:00 AM ET,4h ago,home,Houston Texans,-2.5,76.0,28.0,47.5,12.0,30.0,-142.0,49.0,38.0
2026-09-29T04:26:05,nfl,nfl_20261004_dallas_cowboys_houston_texans,20261004NFL00039,DK,draftkings,change,12,2026-09-28T23:40:00,Sep 28,11:40 PM ET,4h ago,away,Dallas Cowboys,2.5,24.0,73.0,47.5,88.0,71.0,120.0,51.0,62.0
2026-09-29T04:26:05,nfl,nfl_20261004_dallas_cowboys_houston_texans,20261004NFL00039,DK,draftkings,change,12,2026-09-28T23:40:00,Sep 28,11:40 PM ET,4h ago,home,Houston Texans,-2.5,76.0,27.0,47.5,12.0,29.0,-142.0,49.0,38.0
2026-09-29T04:26:05,nfl,nfl_20261004_dallas_cowboys_houston_texans,20261004NFL00039,DK,draftkings,change,13,2026-09-28T23:25:00,Sep 28,11:25 PM ET,5h ago,away,Dallas Cowboys,2.5,24.0,73.0,47.5,88.0,71.0,120.0,50.0,62.0
2026-09-29T04:26:05,nfl,nfl_20261004_dallas_cowboys_houston_texans,20261004NFL00039,DK,draftkings,change,13,2026-09-28T23:25:00,Sep 28,11:25 PM ET,5h ago,home,Houston Texans,-2.5,76.0,27.0,47.5,12.0,29.0,-142.0,50.0,38.0
2026-09-29T04:26:05,nfl,nfl_20261004_dallas_cowboys_houston_texans,20261004NFL00039,DK,draftkings,change,14,2026-09-28T23:20:00,Sep 28,11:20 PM ET,5h ago,away,Dallas Cowboys,2.5,24.0,73.0,47.5,88.0,71.0,120.0,50.0,61.0
2026-09-29T04:26:05,nfl,nfl_20261004_dallas_cowboys_houston_texans,20261004NFL00039,DK,draftkings,change,14,2026-09-28T23:20:00,Sep 28,11:20 PM ET,5h ago,home,Houston Texans,-2.5,76.0,27.0,47.5,12.0,29.0,-142.0,50.0,39.0
2026-09-29T04:26:05,nfl,nfl_20261004_dallas_cowboys_houston_texans,20261004NFL00039,DK,draftkings,change,15,2026-09-28T23:10:00,Sep 28,11:10 PM ET,5h ago,away,Dallas Cowboys,2.5,23.0,73.0,47.5,88.0,71.0,120.0,75.0,62.0
2026-09-29T04:26:05,nfl,nfl_20261004_dallas_cowboys_houston_texans,20261004NFL00039,DK,draftkings,change,15,2026-09-28T23:10:00,Sep 28,11:10 PM ET,5h ago,home,Houston Texans,-2.5,77.0,27.0,47.5,12.0,29.0,-142.0,25.0,38.0
2026-09-29T04:26:05,nfl,nfl_20261004_dallas_cowboys_houston_texans,20261004NFL00039,DK,draftkings,change,16,2026-09-28T23:00:00,Sep 28,11:00 PM ET,5h ago,away,Dallas Cowboys,2.5,23.0,74.0,47.5,88.0,71.0,120.0,75.0,61.0
2026-09-29T04:26:05,nfl,nfl_20261004_dallas_cowboys_houston_texans,20261004NFL00039,DK,draftkings,change,16,2026-09-28T23:00:00,Sep 28,11:00 PM ET,5h ago,home,Houston Texans,-2.5,77.0,26.0,47.5,12.0,29.0,-142.0,25.0,39.0
2026-09-29T04:26:05,nfl,nfl_20261004_dallas_cowboys_houston_texans,20261004NFL00039,DK,draftkings,change,17,2026-09-28T22:40:00,Sep 28,10:40 PM ET,5h ago,away,Dallas Cowboys,2.5,23.0,74.0,47.5,88.0,70.0,120.0,72.0,61.0
2026-09-29T04:26:05,nfl,nfl_20261004_dallas_cowboys_houston_texans,20261004NFL00039,DK,draftkings,change,17,2026-09-28T22:40:00,Sep 28,10:40 PM ET,5h ago,home,Houston Texans,-2.5,77.0,26.0,47.5,12.0,30.0,-142.0,28.0,39.0
2026-09-29T04:26:05,nfl,nfl_20261004_dallas_cowboys_houston_texans,20261004NFL00039,DK,draftkings,change,18,2026-09-28T22:15:00,Sep 28,10:15 PM ET,6h ago,away,Dallas Cowboys,2.5,23.0,74.0,47.5,88.0,71.0,120.0,72.0,61.0
2026-09-29T04:26:05,nfl,nfl_20261004_dallas_cowboys_houston_texans,20261004NFL00039,DK,draftkings,change,18,2026-09-28T22:15:00,Sep 28,10:15 PM ET,6h ago,home,Houston Texans,-2.5,77.0,26.0,47.5,12.0,29.0,-142.0,28.0,39.0
2026-09-29T04:26:05,nfl,nfl_20261004_dallas_cowboys_houston_texans,20261004NFL00039,DK,draftkings,change,19,2026-09-28T22:10:00,Sep 28,10:10 PM ET,6h ago,away,Dallas Cowboys,2.5,23.0,74.0,47.5,88.0,70.0,120.0,72.0,61.0
2026-09-29T04:26:05,nfl,nfl_20261004_dallas_cowboys_houston_texans,20261004NFL00039,DK,draftkings,change,19,2026-09-28T22:10:00,Sep 28,10:10 PM ET,6h ago,home,Houston Texans,-2.5,77.0,26.0,47.5,12.0,30.0,-142.0,28.0,39.0
2026-09-29T04:26:05,nfl,nfl_20261004_dallas_cowboys_houston_texans,20261004NFL00039,DK,draftkings,change,20,2026-09-28T21:00:00,Sep 28,9:00 PM ET,7h ago,away,Dallas Cowboys,2.5,23.0,73.0,47.5,88.0,70.0,120.0,72.0,61.0
2026-09-29T04:26:05,nfl,nfl_20261004_dallas_cowboys_houston_texans,20261004NFL00039,DK,draftkings,change,20,2026-09-28T21:00:00,Sep 28,9:00 PM ET,7h ago,home,Houston Texans,-2.5,77.0,27.0,47.5,12.0,30.0,-142.0,28.0,39.0
2026-09-29T04:26:05,nfl,nfl_20261004_dallas_cowboys_houston_texans,20261004NFL00039,DK,draftkings,change,21,2026-09-28T20:50:00,Sep 28,8:50 PM ET,7h ago,away,Dallas Cowboys,2.5,23.0,73.0,47.5,88.0,70.0,120.0,60.0,60.0
2026-09-29T04:26:05,nfl,nfl_20261004_dallas_cowboys_houston_texans,20261004NFL00039,DK,draftkings,change,21,2026-09-28T20:50:00,Sep 28,8:50 PM ET,7h ago,home,Houston Texans,-2.5,77.0,27.0,47.5,12.0,30.0,-142.0,40.0,40.0
2026-09-29T04:26:05,nfl,nfl_20261004_dallas_cowboys_houston_texans,20261004NFL00039,DK,draftkings,change,22,2026-09-28T20:40:00,Sep 28,8:40 PM ET,7h ago,away,Dallas Cowboys,2.5,23.0,72.0,47.5,88.0,70.0,120.0,71.0,60.0
2026-09-29T04:26:05,nfl,nfl_20261004_dallas_cowboys_houston_texans,20261004NFL00039,DK,draftkings,change,22,2026-09-28T20:40:00,Sep 28,8:40 PM ET,7h ago,home,Houston Texans,-2.5,77.0,28.0,47.5,12.0,30.0,-142.0,29.0,40.0
2026-09-29T04:26:05,nfl,nfl_20261004_dallas_cowboys_houston_texans,20261004NFL00039,DK,draftkings,change,23,2026-09-28T20:30:00,Sep 28,8:30 PM ET,7h ago,away,Dallas Cowboys,2.5,21.0,73.0,47.5,88.0,69.0,120.0,71.0,60.0
2026-09-29T04:26:05,nfl,nfl_20261004_dallas_cowboys_houston_texans,20261004NFL00039,DK,draftkings,change,23,2026-09-28T20:30:00,Sep 28,8:30 PM ET,7h ago,home,Houston Texans,-2.5,79.0,27.0,47.5,12.0,31.0,-142.0,29.0,40.0
2026-09-29T04:26:05,nfl,nfl_20261004_dallas_cowboys_houston_texans,20261004NFL00039,DK,draftkings,change,24,2026-09-28T20:10:00,Sep 28,8:10 PM ET,8h ago,away,Dallas Cowboys,2.5,21.0,73.0,47.5,88.0,68.0,120.0,71.0,61.0
2026-09-29T04:26:05,nfl,nfl_20261004_dallas_cowboys_houston_texans,20261004NFL00039,DK,draftkings,change,24,2026-09-28T20:10:00,Sep 28,8:10 PM ET,8h ago,home,Houston Texans,-2.5,79.0,27.0,47.5,12.0,32.0,-142.0,29.0,39.0
2026-09-29T04:26:05,nfl,nfl_20261004_dallas_cowboys_houston_texans,20261004NFL00039,DK,draftkings,change,25,2026-09-28T20:00:00,Sep 28,8:00 PM ET,8h ago,away,Dallas Cowboys,2.5,20.0,72.0,47.5,88.0,68.0,120.0,72.0,61.0
2026-09-29T04:26:05,nfl,nfl_20261004_dallas_cowboys_houston_texans,20261004NFL00039,DK,draftkings,change,25,2026-09-28T20:00:00,Sep 28,8:00 PM ET,8h ago,home,Houston Texans,-2.5,80.0,28.0,47.5,12.0,32.0,-142.0,28.0,39.0
2026-09-29T04:26:05,nfl,nfl_20261004_dallas_cowboys_houston_texans,20261004NFL00039,DK,draftkings,change,26,2026-09-28T19:50:00,Sep 28,7:50 PM ET,8h ago,away,Dallas Cowboys,2.5,20.0,73.0,47.5,88.0,68.0,120.0,71.0,61.0
2026-09-29T04:26:05,nfl,nfl_20261004_dallas_cowboys_houston_texans,20261004NFL00039,DK,draftkings,change,26,2026-09-28T19:50:00,Sep 28,7:50 PM ET,8h ago,home,Houston Texans,-2.5,80.0,27.0,47.5,12.0,32.0,-142.0,29.0,39.0
2026-09-29T04:26:05,nfl,nfl_20261004_dallas_cowboys_houston_texans,20261004NFL00039,DK,draftkings,change,27,2026-09-28T19:40:00,Sep 28,7:40 PM ET,8h ago,away,Dallas Cowboys,2.5,20.0,72.0,47.5,88.0,69.0,120.0,71.0,61.0
2026-09-29T04:26:05,nfl,nfl_20261004_dallas_cowboys_houston_texans,20261004NFL00039,DK,draftkings,change,27,2026-09-28T19:40:00,Sep 28,7:40 PM ET,8h ago,home,Houston Texans,-2.5,80.0,28.0,47.5,12.0,31.0,-142.0,29.0,39.0
2026-09-29T04:26:06,nfl,nfl_20261004_dallas_cowboys_houston_texans,20261004NFL00039,CIRCA,circa,open,1,2026-09-27T21:00:00,Sep 27,9:00 PM ET,1d ago,away,Dallas Cowboys,2.5,50.0,50.0,48.0,50.0,50.0,120.0,50.0,50.0
2026-09-29T04:26:06,nfl,nfl_20261004_dallas_cowboys_houston_texans,20261004NFL00039,CIRCA,circa,open,1,2026-09-27T21:00:00,Sep 27,9:00 PM ET,1d ago,home,Houston Texans,-2.5,50.0,50.0,48.0,50.0,50.0,-140.0,50.0,50.0
2026-09-29T04:26:06,nfl,nfl_20261004_dallas_cowboys_houston_texans,20261004NFL00039,CIRCA,circa,change,2,2026-09-29T00:41:00,Sep 29,12:41 AM ET,3h ago,away,Dallas Cowboys,2.5,54.0,40.0,48.0,0.0,0.0,125.0,29.0,67.0
2026-09-29T04:26:06,nfl,nfl_20261004_dallas_cowboys_houston_texans,20261004NFL00039,CIRCA,circa,change,2,2026-09-29T00:41:00,Sep 29,12:41 AM ET,3h ago,home,Houston Texans,-2.5,46.0,60.0,48.0,100.0,100.0,-145.0,71.0,33.0
2026-09-29T04:26:06,nfl,nfl_20261004_dallas_cowboys_houston_texans,20261004NFL00039,CIRCA,circa,change,3,2026-09-28T23:55:00,Sep 28,11:55 PM ET,4h ago,away,Dallas Cowboys,2.5,54.0,40.0,48.0,0.0,0.0,125.0,29.0,60.0
2026-09-29T04:26:06,nfl,nfl_20261004_dallas_cowboys_houston_texans,20261004NFL00039,CIRCA,circa,change,3,2026-09-28T23:55:00,Sep 28,11:55 PM ET,4h ago,home,Houston Texans,-2.5,46.0,60.0,48.0,100.0,100.0,-145.0,71.0,40.0
2026-09-29T04:26:06,nfl,nfl_20261004_dallas_cowboys_houston_texans,20261004NFL00039,CIRCA,circa,change,4,2026-09-28T19:01:00,Sep 28,7:01 PM ET,9h ago,away,Dallas Cowboys,2.5,55.0,50.0,48.0,0.0,0.0,125.0,29.0,60.0
2026-09-29T04:26:06,nfl,nfl_20261004_dallas_cowboys_houston_texans,20261004NFL00039,CIRCA,circa,change,4,2026-09-28T19:01:00,Sep 28,7:01 PM ET,9h ago,home,Houston Texans,-2.5,45.0,50.0,48.0,100.0,100.0,-145.0,71.0,40.0
2026-09-29T04:26:06,nfl,nfl_20261004_dallas_cowboys_houston_texans,20261004NFL00039,CIRCA,circa,change,5,2026-09-28T16:55:00,Sep 28,4:55 PM ET,11h ago,away,Dallas Cowboys,2.5,55.0,50.0,48.0,0.0,0.0,125.0,29.0,50.0
2026-09-29T04:26:06,nfl,nfl_20261004_dallas_cowboys_houston_texans,20261004NFL00039,CIRCA,circa,change,5,2026-09-28T16:55:00,Sep 28,4:55 PM ET,11h ago,home,Houston Texans,-2.5,45.0,50.0,48.0,100.0,100.0,-145.0,71.0,50.0
2026-09-29T04:26:06,nfl,nfl_20261004_dallas_cowboys_houston_texans,20261004NFL00039,CIRCA,circa,change,6,2026-09-28T14:35:00,Sep 28,2:35 PM ET,13h ago,away,Dallas Cowboys,2.5,55.0,50.0,48.0,0.0,0.0,125.0,29.0,67.0
2026-09-29T04:26:06,nfl,nfl_20261004_dallas_cowboys_houston_texans,20261004NFL00039,CIRCA,circa,change,6,2026-09-28T14:35:00,Sep 28,2:35 PM ET,13h ago,home,Houston Texans,-2.5,45.0,50.0,48.0,100.0,100.0,-145.0,71.0,33.0
2026-09-29T04:26:06,nfl,nfl_20261004_dallas_cowboys_houston_texans,20261004NFL00039,CIRCA,circa,change,7,2026-09-28T13:25:00,Sep 28,1:25 PM ET,15h ago,away,Dallas Cowboys,2.5,55.0,33.0,48.0,50.0,50.0,125.0,29.0,67.0
2026-09-29T04:26:06,nfl,nfl_20261004_dallas_cowboys_houston_texans,20261004NFL00039,CIRCA,circa,change,7,2026-09-28T13:25:00,Sep 28,1:25 PM ET,15h ago,home,Houston Texans,-2.5,45.0,67.0,48.0,50.0,50.0,-145.0,71.0,33.0
2026-09-29T04:26:06,nfl,nfl_20261004_dallas_cowboys_houston_texans,20261004NFL00039,CIRCA,circa,change,8,2026-09-28T13:15:00,Sep 28,1:15 PM ET,15h ago,away,Dallas Cowboys,2.5,0.0,0.0,48.0,50.0,50.0,125.0,0.0,50.0
2026-09-29T04:26:06,nfl,nfl_20261004_dallas_cowboys_houston_texans,20261004NFL00039,CIRCA,circa,change,8,2026-09-28T13:15:00,Sep 28,1:15 PM ET,15h ago,home,Houston Texans,-2.5,100.0,100.0,48.0,50.0,50.0,-145.0,100.0,50.0
2026-09-29T04:26:06,nfl,nfl_20261004_dallas_cowboys_houston_texans,20261004NFL00039,CIRCA,circa,change,9,2026-09-28T12:55:00,Sep 28,12:55 PM ET,15h ago,away,Dallas Cowboys,2.5,50.0,50.0,48.0,50.0,50.0,125.0,0.0,50.0
2026-09-29T04:26:06,nfl,nfl_20261004_dallas_cowboys_houston_texans,20261004NFL00039,CIRCA,circa,change,9,2026-09-28T12:55:00,Sep 28,12:55 PM ET,15h ago,home,Houston Texans,-2.5,50.0,50.0,48.0,50.0,50.0,-145.0,100.0,50.0
2026-09-29T04:26:06,nfl,nfl_20261004_dallas_cowboys_houston_texans,20261004NFL00039,CIRCA,circa,change,10,2026-09-28T06:30:00,Sep 28,6:30 AM ET,21h ago,away,Dallas Cowboys,2.5,50.0,50.0,48.0,50.0,50.0,115.0,100.0,100.0
2026-09-29T04:26:06,nfl,nfl_20261004_dallas_cowboys_houston_texans,20261004NFL00039,CIRCA,circa,change,10,2026-09-28T06:30:00,Sep 28,6:30 AM ET,21h ago,home,Houston Texans,-2.5,50.0,50.0,48.0,50.0,50.0,-135.0,0.0,0.0
2026-09-29T04:26:06,nfl,nfl_20261004_dallas_cowboys_houston_texans,20261004NFL00039,CIRCA,circa,change,11,2026-09-27T21:00:00,Sep 27,9:00 PM ET,1d ago,away,Dallas Cowboys,2.5,50.0,50.0,48.0,50.0,50.0,120.0,50.0,50.0
2026-09-29T04:26:06,nfl,nfl_20261004_dallas_cowboys_houston_texans,20261004NFL00039,CIRCA,circa,change,11,2026-09-27T21:00:00,Sep 27,9:00 PM ET,1d ago,home,Houston Texans,-2.5,50.0,50.0,48.0,50.0,50.0,-140.0,50.0,50.0
2026-09-29T04:26:07,nfl,nfl_20261004_arizona_cardinals_new_york_giants,20261004NFL00048,DK,draftkings,open,1,2026-05-14T21:20:00,May 14,9:20 PM ET,137d ago,away,Arizona Cardinals,7.0,4.0,25.0,,0.0,0.0,260.0,0.0,0.0
2026-09-29T04:26:07,nfl,nfl_20261004_arizona_cardinals_new_york_giants,20261004NFL00048,DK,draftkings,open,1,2026-05-14T21:20:00,May 14,9:20 PM ET,137d ago,home,New York Giants,-7.0,96.0,75.0,,0.0,0.0,-325.0,100.0,100.0
2026-09-29T04:26:07,nfl,nfl_20261004_arizona_cardinals_new_york_giants,20261004NFL00048,DK,draftkings,first_full,2,2026-05-17T13:40:00,May 17,1:40 PM ET,134d ago,away,Arizona Cardinals,7.0,74.0,78.0,45.5,100.0,100.0,260.0,87.0,40.0
2026-09-29T04:26:07,nfl,nfl_20261004_arizona_cardinals_new_york_giants,20261004NFL00048,DK,draftkings,first_full,2,2026-05-17T13:40:00,May 17,1:40 PM ET,134d ago,home,New York Giants,-7.0,26.0,22.0,45.5,0.0,0.0,-325.0,13.0,60.0
2026-09-29T04:26:07,nfl,nfl_20261004_arizona_cardinals_new_york_giants,20261004NFL00048,DK,draftkings,change,3,2026-09-29T01:50:00,Sep 29,1:50 AM ET,2h ago,away,Arizona Cardinals,-1.5,58.0,46.0,44.5,4.0,35.0,-115.0,47.0,58.0
2026-09-29T04:26:07,nfl,nfl_20261004_arizona_cardinals_new_york_giants,20261004NFL00048,DK,draftkings,change,3,2026-09-29T01:50:00,Sep 29,1:50 AM ET,2h ago,home,New York Giants,1.5,42.0,54.0,44.5,96.0,65.0,-105.0,53.0,42.0
2026-09-29T04:26:07,nfl,nfl_20261004_arizona_cardinals_new_york_giants,20261004NFL00048,DK,draftkings,change,4,2026-09-29T01:30:00,Sep 29,1:30 AM ET,2h ago,away,Arizona Cardinals,-1.5,58.0,45.0,44.5,4.0,35.0,-115.0,47.0,58.0
2026-09-29T04:26:07,nfl,nfl_20261004_arizona_cardinals_new_york_giants,20261004NFL00048,DK,draftkings,change,4,2026-09-29T01:30:00,Sep 29,1:30 AM ET,2h ago,home,New York Giants,1.5,42.0,55.0,44.5,96.0,65.0,-105.0,53.0,42.0
2026-09-29T04:26:07,nfl,nfl_20261004_arizona_cardinals_new_york_giants,20261004NFL00048,DK,draftkings,change,5,2026-09-29T01:20:00,Sep 29,1:20 AM ET,3h ago,away,Arizona Cardinals,-1.5,58.0,46.0,44.5,4.0,35.0,-115.0,47.0,58.0
2026-09-29T04:26:07,nfl,nfl_20261004_arizona_cardinals_new_york_giants,20261004NFL00048,DK,draftkings,change,5,2026-09-29T01:20:00,Sep 29,1:20 AM ET,3h ago,home,New York Giants,1.5,42.0,54.0,44.5,96.0,65.0,-105.0,53.0,42.0
2026-09-29T04:26:07,nfl,nfl_20261004_arizona_cardinals_new_york_giants,20261004NFL00048,DK,draftkings,change,6,2026-09-29T01:10:00,Sep 29,1:10 AM ET,3h ago,away,Arizona Cardinals,-1.5,58.0,45.0,44.5,4.0,35.0,-115.0,47.0,58.0
2026-09-29T04:26:07,nfl,nfl_20261004_arizona_cardinals_new_york_giants,20261004NFL00048,DK,draftkings,change,6,2026-09-29T01:10:00,Sep 29,1:10 AM ET,3h ago,home,New York Giants,1.5,42.0,55.0,44.5,96.0,65.0,-105.0,53.0,42.0
2026-09-29T04:26:07,nfl,nfl_20261004_arizona_cardinals_new_york_giants,20261004NFL00048,DK,draftkings,change,7,2026-09-29T01:05:00,Sep 29,1:05 AM ET,3h ago,away,Arizona Cardinals,-1.5,58.0,46.0,44.5,4.0,35.0,-115.0,47.0,58.0
2026-09-29T04:26:07,nfl,nfl_20261004_arizona_cardinals_new_york_giants,20261004NFL00048,DK,draftkings,change,7,2026-09-29T01:05:00,Sep 29,1:05 AM ET,3h ago,home,New York Giants,1.5,42.0,54.0,44.5,96.0,65.0,-105.0,53.0,42.0
2026-09-29T04:26:07,nfl,nfl_20261004_arizona_cardinals_new_york_giants,20261004NFL00048,DK,draftkings,change,8,2026-09-29T01:00:00,Sep 29,1:00 AM ET,3h ago,away,Arizona Cardinals,-1.5,58.0,46.0,44.5,4.0,36.0,-115.0,47.0,58.0
2026-09-29T04:26:07,nfl,nfl_20261004_arizona_cardinals_new_york_giants,20261004NFL00048,DK,draftkings,change,8,2026-09-29T01:00:00,Sep 29,1:00 AM ET,3h ago,home,New York Giants,1.5,42.0,54.0,44.5,96.0,64.0,-105.0,53.0,42.0
2026-09-29T04:26:07,nfl,nfl_20261004_arizona_cardinals_new_york_giants,20261004NFL00048,DK,draftkings,change,9,2026-09-29T00:55:00,Sep 29,12:55 AM ET,3h ago,away,Arizona Cardinals,-1.5,58.0,45.0,44.5,4.0,36.0,-115.0,47.0,58.0
2026-09-29T04:26:07,nfl,nfl_20261004_arizona_cardinals_new_york_giants,20261004NFL00048,DK,draftkings,change,9,2026-09-29T00:55:00,Sep 29,12:55 AM ET,3h ago,home,New York Giants,1.5,42.0,55.0,44.5,96.0,64.0,-105.0,53.0,42.0
2026-09-29T04:26:07,nfl,nfl_20261004_arizona_cardinals_new_york_giants,20261004NFL00048,DK,draftkings,change,10,2026-09-29T00:35:00,Sep 29,12:35 AM ET,3h ago,away,Arizona Cardinals,-1.5,58.0,46.0,44.5,4.0,35.0,-115.0,47.0,58.0
2026-09-29T04:26:07,nfl,nfl_20261004_arizona_cardinals_new_york_giants,20261004NFL00048,DK,draftkings,change,10,2026-09-29T00:35:00,Sep 29,12:35 AM ET,3h ago,home,New York Giants,1.5,42.0,54.0,44.5,96.0,65.0,-105.0,53.0,42.0
2026-09-29T04:26:07,nfl,nfl_20261004_arizona_cardinals_new_york_giants,20261004NFL00048,DK,draftkings,change,11,2026-09-29T00:25:00,Sep 29,12:25 AM ET,4h ago,away,Arizona Cardinals,-1.5,58.0,46.0,44.5,4.0,35.0,-115.0,39.0,58.0
2026-09-29T04:26:07,nfl,nfl_20261004_arizona_cardinals_new_york_giants,20261004NFL00048,DK,draftkings,change,11,2026-09-29T00:25:00,Sep 29,12:25 AM ET,4h ago,home,New York Giants,1.5,42.0,54.0,44.5,96.0,65.0,-105.0,61.0,42.0
2026-09-29T04:26:07,nfl,nfl_20261004_arizona_cardinals_new_york_giants,20261004NFL00048,DK,draftkings,change,12,2026-09-29T00:10:00,Sep 29,12:10 AM ET,4h ago,away,Arizona Cardinals,-1.5,58.0,46.0,44.5,4.0,34.0,-115.0,39.0,58.0
2026-09-29T04:26:07,nfl,nfl_20261004_arizona_cardinals_new_york_giants,20261004NFL00048,DK,draftkings,change,12,2026-09-29T00:10:00,Sep 29,12:10 AM ET,4h ago,home,New York Giants,1.5,42.0,54.0,44.5,96.0,66.0,-105.0,61.0,42.0
2026-09-29T04:26:07,nfl,nfl_20261004_arizona_cardinals_new_york_giants,20261004NFL00048,DK,draftkings,change,13,2026-09-29T00:05:00,Sep 29,12:05 AM ET,4h ago,away,Arizona Cardinals,-1.5,58.0,46.0,44.5,4.0,33.0,-115.0,39.0,58.0
2026-09-29T04:26:07,nfl,nfl_20261004_arizona_cardinals_new_york_giants,20261004NFL00048,DK,draftkings,change,13,2026-09-29T00:05:00,Sep 29,12:05 AM ET,4h ago,home,New York Giants,1.5,42.0,54.0,44.5,96.0,67.0,-105.0,61.0,42.0
2026-09-29T04:26:07,nfl,nfl_20261004_arizona_cardinals_new_york_giants,20261004NFL00048,DK,draftkings,change,14,2026-09-28T23:50:00,Sep 28,11:50 PM ET,4h ago,away,Arizona Cardinals,-1.5,58.0,46.0,44.5,4.0,34.0,-115.0,39.0,58.0
2026-09-29T04:26:07,nfl,nfl_20261004_arizona_cardinals_new_york_giants,20261004NFL00048,DK,draftkings,change,14,2026-09-28T23:50:00,Sep 28,11:50 PM ET,4h ago,home,New York Giants,1.5,42.0,54.0,44.5,96.0,66.0,-105.0,61.0,42.0
2026-09-29T04:26:07,nfl,nfl_20261004_arizona_cardinals_new_york_giants,20261004NFL00048,DK,draftkings,change,15,2026-09-28T23:40:00,Sep 28,11:40 PM ET,4h ago,away,Arizona Cardinals,-1.5,58.0,45.0,44.5,4.0,34.0,-115.0,39.0,58.0
2026-09-29T04:26:07,nfl,nfl_20261004_arizona_cardinals_new_york_giants,20261004NFL00048,DK,draftkings,change,15,2026-09-28T23:40:00,Sep 28,11:40 PM ET,4h ago,home,New York Giants,1.5,42.0,55.0,44.5,96.0,66.0,-105.0,61.0,42.0
2026-09-29T04:26:07,nfl,nfl_20261004_arizona_cardinals_new_york_giants,20261004NFL00048,DK,draftkings,change,16,2026-09-28T23:30:00,Sep 28,11:30 PM ET,4h ago,away,Arizona Cardinals,-1.5,58.0,47.0,44.5,4.0,36.0,-115.0,39.0,58.0
2026-09-29T04:26:07,nfl,nfl_20261004_arizona_cardinals_new_york_giants,20261004NFL00048,DK,draftkings,change,16,2026-09-28T23:30:00,Sep 28,11:30 PM ET,4h ago,home,New York Giants,1.5,42.0,53.0,44.5,96.0,64.0,-105.0,61.0,42.0
2026-09-29T04:26:07,nfl,nfl_20261004_arizona_cardinals_new_york_giants,20261004NFL00048,DK,draftkings,change,17,2026-09-28T23:25:00,Sep 28,11:25 PM ET,5h ago,away,Arizona Cardinals,-1.5,58.0,49.0,44.5,4.0,36.0,-115.0,39.0,57.0
2026-09-29T04:26:07,nfl,nfl_20261004_arizona_cardinals_new_york_giants,20261004NFL00048,DK,draftkings,change,17,2026-09-28T23:25:00,Sep 28,11:25 PM ET,5h ago,home,New York Giants,1.5,42.0,51.0,44.5,96.0,64.0,-105.0,61.0,43.0
2026-09-29T04:26:07,nfl,nfl_20261004_arizona_cardinals_new_york_giants,20261004NFL00048,DK,draftkings,change,18,2026-09-28T23:20:00,Sep 28,11:20 PM ET,5h ago,away,Arizona Cardinals,-1.5,58.0,51.0,44.5,4.0,37.0,-115.0,38.0,57.0
2026-09-29T04:26:07,nfl,nfl_20261004_arizona_cardinals_new_york_giants,20261004NFL00048,DK,draftkings,change,18,2026-09-28T23:20:00,Sep 28,11:20 PM ET,5h ago,home,New York Giants,1.5,42.0,49.0,44.5,96.0,63.0,-105.0,62.0,43.0
2026-09-29T04:26:07,nfl,nfl_20261004_arizona_cardinals_new_york_giants,20261004NFL00048,DK,draftkings,change,19,2026-09-28T23:00:00,Sep 28,11:00 PM ET,5h ago,away,Arizona Cardinals,-1.5,58.0,54.0,44.5,4.0,37.0,-115.0,38.0,57.0
2026-09-29T04:26:07,nfl,nfl_20261004_arizona_cardinals_new_york_giants,20261004NFL00048,DK,draftkings,change,19,2026-09-28T23:00:00,Sep 28,11:00 PM ET,5h ago,home,New York Giants,1.5,42.0,46.0,44.5,96.0,63.0,-105.0,62.0,43.0
2026-09-29T04:26:07,nfl,nfl_20261004_arizona_cardinals_new_york_giants,20261004NFL00048,DK,draftkings,change,20,2026-09-28T22:40:00,Sep 28,10:40 PM ET,5h ago,away,Arizona Cardinals,-1.5,57.0,54.0,44.5,4.0,36.0,-115.0,36.0,57.0
2026-09-29T04:26:07,nfl,nfl_20261004_arizona_cardinals_new_york_giants,20261004NFL00048,DK,draftkings,change,20,2026-09-28T22:40:00,Sep 28,10:40 PM ET,5h ago,home,New York Giants,1.5,43.0,46.0,44.5,96.0,64.0,-105.0,64.0,43.0
2026-09-29T04:26:07,nfl,nfl_20261004_arizona_cardinals_new_york_giants,20261004NFL00048,DK,draftkings,change,21,2026-09-28T22:15:00,Sep 28,10:15 PM ET,6h ago,away,Arizona Cardinals,-1.5,57.0,54.0,44.5,4.0,37.0,-115.0,36.0,57.0
2026-09-29T04:26:07,nfl,nfl_20261004_arizona_cardinals_new_york_giants,20261004NFL00048,DK,draftkings,change,21,2026-09-28T22:15:00,Sep 28,10:15 PM ET,6h ago,home,New York Giants,1.5,43.0,46.0,44.5,96.0,63.0,-105.0,64.0,43.0
2026-09-29T04:26:07,nfl,nfl_20261004_arizona_cardinals_new_york_giants,20261004NFL00048,DK,draftkings,change,22,2026-09-28T22:10:00,Sep 28,10:10 PM ET,6h ago,away,Arizona Cardinals,-1.5,57.0,55.0,44.5,4.0,37.0,-115.0,36.0,57.0
2026-09-29T04:26:07,nfl,nfl_20261004_arizona_cardinals_new_york_giants,20261004NFL00048,DK,draftkings,change,22,2026-09-28T22:10:00,Sep 28,10:10 PM ET,6h ago,home,New York Giants,1.5,43.0,45.0,44.5,96.0,63.0,-105.0,64.0,43.0
2026-09-29T04:26:07,nfl,nfl_20261004_arizona_cardinals_new_york_giants,20261004NFL00048,DK,draftkings,change,23,2026-09-28T21:30:00,Sep 28,9:30 PM ET,6h ago,away,Arizona Cardinals,-1.5,57.0,59.0,44.5,4.0,37.0,-115.0,36.0,57.0
2026-09-29T04:26:07,nfl,nfl_20261004_arizona_cardinals_new_york_giants,20261004NFL00048,DK,draftkings,change,23,2026-09-28T21:30:00,Sep 28,9:30 PM ET,6h ago,home,New York Giants,1.5,43.0,41.0,44.5,96.0,63.0,-105.0,64.0,43.0
2026-09-29T04:26:07,nfl,nfl_20261004_arizona_cardinals_new_york_giants,20261004NFL00048,DK,draftkings,change,24,2026-09-28T21:10:00,Sep 28,9:10 PM ET,7h ago,away,Arizona Cardinals,-1.5,57.0,59.0,44.5,4.0,36.0,-115.0,36.0,57.0
2026-09-29T04:26:07,nfl,nfl_20261004_arizona_cardinals_new_york_giants,20261004NFL00048,DK,draftkings,change,24,2026-09-28T21:10:00,Sep 28,9:10 PM ET,7h ago,home,New York Giants,1.5,43.0,41.0,44.5,96.0,64.0,-105.0,64.0,43.0
2026-09-29T04:26:07,nfl,nfl_20261004_arizona_cardinals_new_york_giants,20261004NFL00048,DK,draftkings,change,25,2026-09-28T20:50:00,Sep 28,8:50 PM ET,7h ago,away,Arizona Cardinals,-1.5,57.0,58.0,44.5,4.0,36.0,-115.0,36.0,57.0
2026-09-29T04:26:07,nfl,nfl_20261004_arizona_cardinals_new_york_giants,20261004NFL00048,DK,draftkings,change,25,2026-09-28T20:50:00,Sep 28,8:50 PM ET,7h ago,home,New York Giants,1.5,43.0,42.0,44.5,96.0,64.0,-105.0,64.0,43.0
2026-09-29T04:26:07,nfl,nfl_20261004_arizona_cardinals_new_york_giants,20261004NFL00048,DK,draftkings,change,26,2026-09-28T20:40:00,Sep 28,8:40 PM ET,7h ago,away,Arizona Cardinals,-1.5,57.0,59.0,44.5,4.0,36.0,-115.0,36.0,57.0
2026-09-29T04:26:07,nfl,nfl_20261004_arizona_cardinals_new_york_giants,20261004NFL00048,DK,draftkings,change,26,2026-09-28T20:40:00,Sep 28,8:40 PM ET,7h ago,home,New York Giants,1.5,43.0,41.0,44.5,96.0,64.0,-105.0,64.0,43.0
2026-09-29T04:26:07,nfl,nfl_20261004_arizona_cardinals_new_york_giants,20261004NFL00048,DK,draftkings,change,27,2026-09-28T20:30:00,Sep 28,8:30 PM ET,7h ago,away,Arizona Cardinals,-1.5,57.0,58.0,44.5,4.0,36.0,-115.0,36.0,57.0
2026-09-29T04:26:07,nfl,nfl_20261004_arizona_cardinals_new_york_giants,20261004NFL00048,DK,draftkings,change,27,2026-09-28T20:30:00,Sep 28,8:30 PM ET,7h ago,home,New York Giants,1.5,43.0,42.0,44.5,96.0,64.0,-105.0,64.0,43.0
2026-09-29T04:26:08,nfl,nfl_20261004_arizona_cardinals_new_york_giants,20261004NFL00048,CIRCA,circa,open,1,2026-09-27T21:00:00,Sep 27,9:00 PM ET,1d ago,away,Arizona Cardinals,1.0,50.0,50.0,43.0,50.0,50.0,-105.0,50.0,50.0
2026-09-29T04:26:08,nfl,nfl_20261004_arizona_cardinals_new_york_giants,20261004NFL00048,CIRCA,circa,open,1,2026-09-27T21:00:00,Sep 27,9:00 PM ET,1d ago,home,New York Giants,-1.0,50.0,50.0,43.0,50.0,50.0,-115.0,50.0,50.0
2026-09-29T04:26:08,nfl,nfl_20261004_arizona_cardinals_new_york_giants,20261004NFL00048,CIRCA,circa,change,2,2026-09-28T19:15:00,Sep 28,7:15 PM ET,9h ago,away,Arizona Cardinals,0.0,87.0,63.0,44.5,99.0,67.0,,50.0,50.0
2026-09-29T04:26:08,nfl,nfl_20261004_arizona_cardinals_new_york_giants,20261004NFL00048,CIRCA,circa,change,2,2026-09-28T19:15:00,Sep 28,7:15 PM ET,9h ago,home,New York Giants,0.0,13.0,38.0,44.5,1.0,33.0,,50.0,50.0
2026-09-29T04:26:08,nfl,nfl_20261004_arizona_cardinals_new_york_giants,20261004NFL00048,CIRCA,circa,change,3,2026-09-28T17:15:00,Sep 28,5:15 PM ET,11h ago,away,Arizona Cardinals,0.0,85.0,57.0,44.5,99.0,67.0,,50.0,50.0
2026-09-29T04:26:08,nfl,nfl_20261004_arizona_cardinals_new_york_giants,20261004NFL00048,CIRCA,circa,change,3,2026-09-28T17:15:00,Sep 28,5:15 PM ET,11h ago,home,New York Giants,0.0,15.0,43.0,44.5,1.0,33.0,,50.0,50.0
2026-09-29T04:26:08,nfl,nfl_20261004_arizona_cardinals_new_york_giants,20261004NFL00048,CIRCA,circa,change,4,2026-09-28T14:35:00,Sep 28,2:35 PM ET,13h ago,away,Arizona Cardinals,0.0,83.0,50.0,44.5,99.0,67.0,,50.0,50.0
2026-09-29T04:26:08,nfl,nfl_20261004_arizona_cardinals_new_york_giants,20261004NFL00048,CIRCA,circa,change,4,2026-09-28T14:35:00,Sep 28,2:35 PM ET,13h ago,home,New York Giants,0.0,17.0,50.0,44.5,1.0,33.0,,50.0,50.0
2026-09-29T04:26:08,nfl,nfl_20261004_arizona_cardinals_new_york_giants,20261004NFL00048,CIRCA,circa,change,5,2026-09-28T12:30:00,Sep 28,12:30 PM ET,15h ago,away,Arizona Cardinals,0.0,85.0,60.0,44.5,100.0,100.0,,50.0,50.0
2026-09-29T04:26:08,nfl,nfl_20261004_arizona_cardinals_new_york_giants,20261004NFL00048,CIRCA,circa,change,5,2026-09-28T12:30:00,Sep 28,12:30 PM ET,15h ago,home,New York Giants,0.0,15.0,40.0,44.5,0.0,0.0,,50.0,50.0
2026-09-29T04:26:08,nfl,nfl_20261004_arizona_cardinals_new_york_giants,20261004NFL00048,CIRCA,circa,change,6,2026-09-28T11:30:00,Sep 28,11:30 AM ET,16h ago,away,Arizona Cardinals,0.0,85.0,67.0,44.5,100.0,100.0,,50.0,50.0
2026-09-29T04:26:08,nfl,nfl_20261004_arizona_cardinals_new_york_giants,20261004NFL00048,CIRCA,circa,change,6,2026-09-28T11:30:00,Sep 28,11:30 AM ET,16h ago,home,New York Giants,0.0,15.0,33.0,44.5,0.0,0.0,,50.0,50.0
2026-09-29T04:26:08,nfl,nfl_20261004_arizona_cardinals_new_york_giants,20261004NFL00048,CIRCA,circa,change,7,2026-09-28T03:50:00,Sep 28,3:50 AM ET,1d ago,away,Arizona Cardinals,1.0,84.0,50.0,44.5,100.0,100.0,-105.0,50.0,50.0
2026-09-29T04:26:08,nfl,nfl_20261004_arizona_cardinals_new_york_giants,20261004NFL00048,CIRCA,circa,change,7,2026-09-28T03:50:00,Sep 28,3:50 AM ET,1d ago,home,New York Giants,-1.0,16.0,50.0,44.5,0.0,0.0,-115.0,50.0,50.0
2026-09-29T04:26:08,nfl,nfl_20261004_arizona_cardinals_new_york_giants,20261004NFL00048,CIRCA,circa,change,8,2026-09-28T02:05:00,Sep 28,2:05 AM ET,1d ago,away,Arizona Cardinals,1.0,100.0,100.0,44.5,100.0,100.0,-105.0,50.0,50.0
2026-09-29T04:26:08,nfl,nfl_20261004_arizona_cardinals_new_york_giants,20261004NFL00048,CIRCA,circa,change,8,2026-09-28T02:05:00,Sep 28,2:05 AM ET,1d ago,home,New York Giants,-1.0,0.0,0.0,44.5,0.0,0.0,-115.0,50.0,50.0
2026-09-29T04:26:08,nfl,nfl_20261004_arizona_cardinals_new_york_giants,20261004NFL00048,CIRCA,circa,change,9,2026-09-28T01:01:00,Sep 28,1:01 AM ET,1d ago,away,Arizona Cardinals,1.0,50.0,50.0,43.0,100.0,100.0,-105.0,50.0,50.0
2026-09-29T04:26:08,nfl,nfl_20261004_arizona_cardinals_new_york_giants,20261004NFL00048,CIRCA,circa,change,9,2026-09-28T01:01:00,Sep 28,1:01 AM ET,1d ago,home,New York Giants,-1.0,50.0,50.0,43.0,0.0,0.0,-115.0,50.0,50.0
2026-09-29T04:26:08,nfl,nfl_20261004_arizona_cardinals_new_york_giants,20261004NFL00048,CIRCA,circa,change,10,2026-09-27T21:00:00,Sep 27,9:00 PM ET,1d ago,away,Arizona Cardinals,1.0,50.0,50.0,43.0,50.0,50.0,-105.0,50.0,50.0
2026-09-29T04:26:08,nfl,nfl_20261004_arizona_cardinals_new_york_giants,20261004NFL00048,CIRCA,circa,change,10,2026-09-27T21:00:00,Sep 27,9:00 PM ET,1d ago,home,New York Giants,-1.0,50.0,50.0,43.0,50.0,50.0,-115.0,50.0,50.0
2026-09-29T04:26:09,nfl,nfl_20261004_los_angeles_rams_philadelphia_eagles,20261004NFL00049,DK,draftkings,open,1,2026-05-14T22:05:00,May 14,10:05 PM ET,137d ago,away,Los Angeles Rams,,0.0,0.0,,0.0,0.0,-118.0,0.0,0.0
2026-09-29T04:26:09,nfl,nfl_20261004_los_angeles_rams_philadelphia_eagles,20261004NFL00049,DK,draftkings,open,1,2026-05-14T22:05:00,May 14,10:05 PM ET,137d ago,home,Philadelphia Eagles,,0.0,0.0,,0.0,0.0,-102.0,100.0,100.0
2026-09-29T04:26:09,nfl,nfl_20261004_los_angeles_rams_philadelphia_eagles,20261004NFL00049,DK,draftkings,first_full,2,2026-05-17T13:40:00,May 17,1:40 PM ET,134d ago,away,Los Angeles Rams,-1.5,100.0,100.0,47.5,100.0,100.0,-118.0,69.0,62.0
2026-09-29T04:26:09,nfl,nfl_20261004_los_angeles_rams_philadelphia_eagles,20261004NFL00049,DK,draftkings,first_full,2,2026-05-17T13:40:00,May 17,1:40 PM ET,134d ago,home,Philadelphia Eagles,1.5,0.0,0.0,47.5,0.0,0.0,-102.0,31.0,38.0
2026-09-29T04:26:09,nfl,nfl_20261004_los_angeles_rams_philadelphia_eagles,20261004NFL00049,DK,draftkings,change,3,2026-09-29T03:15:00,Sep 29,3:15 AM ET,1h ago,away,Los Angeles Rams,-2.5,98.0,73.0,44.5,87.0,79.0,-148.0,97.0,74.0
2026-09-29T04:26:09,nfl,nfl_20261004_los_angeles_rams_philadelphia_eagles,20261004NFL00049,DK,draftkings,change,3,2026-09-29T03:15:00,Sep 29,3:15 AM ET,1h ago,home,Philadelphia Eagles,2.5,2.0,27.0,44.5,13.0,21.0,124.0,3.0,26.0
2026-09-29T04:26:09,nfl,nfl_20261004_los_angeles_rams_philadelphia_eagles,20261004NFL00049,DK,draftkings,change,4,2026-09-29T02:45:00,Sep 29,2:45 AM ET,1h ago,away,Los Angeles Rams,-2.5,98.0,72.0,44.5,87.0,79.0,-148.0,97.0,74.0
2026-09-29T04:26:09,nfl,nfl_20261004_los_angeles_rams_philadelphia_eagles,20261004NFL00049,DK,draftkings,change,4,2026-09-29T02:45:00,Sep 29,2:45 AM ET,1h ago,home,Philadelphia Eagles,2.5,2.0,28.0,44.5,13.0,21.0,124.0,3.0,26.0
2026-09-29T04:26:09,nfl,nfl_20261004_los_angeles_rams_philadelphia_eagles,20261004NFL00049,DK,draftkings,change,5,2026-09-29T02:40:00,Sep 29,2:40 AM ET,1h ago,away,Los Angeles Rams,-2.5,98.0,72.0,44.5,86.0,78.0,-148.0,97.0,74.0
2026-09-29T04:26:09,nfl,nfl_20261004_los_angeles_rams_philadelphia_eagles,20261004NFL00049,DK,draftkings,change,5,2026-09-29T02:40:00,Sep 29,2:40 AM ET,1h ago,home,Philadelphia Eagles,2.5,2.0,28.0,44.5,14.0,22.0,124.0,3.0,26.0
2026-09-29T04:26:09,nfl,nfl_20261004_los_angeles_rams_philadelphia_eagles,20261004NFL00049,DK,draftkings,change,6,2026-09-29T02:30:00,Sep 29,2:30 AM ET,1h ago,away,Los Angeles Rams,-2.5,98.0,73.0,44.5,86.0,78.0,-148.0,97.0,74.0
2026-09-29T04:26:09,nfl,nfl_20261004_los_angeles_rams_philadelphia_eagles,20261004NFL00049,DK,draftkings,change,6,2026-09-29T02:30:00,Sep 29,2:30 AM ET,1h ago,home,Philadelphia Eagles,2.5,2.0,27.0,44.5,14.0,22.0,124.0,3.0,26.0
2026-09-29T04:26:09,nfl,nfl_20261004_los_angeles_rams_philadelphia_eagles,20261004NFL00049,DK,draftkings,change,7,2026-09-29T02:20:00,Sep 29,2:20 AM ET,2h ago,away,Los Angeles Rams,-2.5,98.0,73.0,44.5,86.0,78.0,-148.0,97.0,74.0
2026-09-29T04:26:09,nfl,nfl_20261004_los_angeles_rams_philadelphia_eagles,20261004NFL00049,DK,draftkings,change,7,2026-09-29T02:20:00,Sep 29,2:20 AM ET,2h ago,home,Philadelphia Eagles,2.5,2.0,27.0,44.5,14.0,23.0,124.0,3.0,26.0
2026-09-29T04:26:09,nfl,nfl_20261004_los_angeles_rams_philadelphia_eagles,20261004NFL00049,DK,draftkings,change,8,2026-09-29T02:15:00,Sep 29,2:15 AM ET,2h ago,away,Los Angeles Rams,-2.5,98.0,73.0,44.5,86.0,77.0,-148.0,97.0,74.0
2026-09-29T04:26:09,nfl,nfl_20261004_los_angeles_rams_philadelphia_eagles,20261004NFL00049,DK,draftkings,change,8,2026-09-29T02:15:00,Sep 29,2:15 AM ET,2h ago,home,Philadelphia Eagles,2.5,2.0,27.0,44.5,14.0,23.0,124.0,3.0,26.0
2026-09-29T04:26:09,nfl,nfl_20261004_los_angeles_rams_philadelphia_eagles,20261004NFL00049,DK,draftkings,change,9,2026-09-29T01:00:00,Sep 29,1:00 AM ET,3h ago,away,Los Angeles Rams,-2.5,98.0,73.0,44.5,85.0,76.0,-148.0,97.0,74.0
2026-09-29T04:26:09,nfl,nfl_20261004_los_angeles_rams_philadelphia_eagles,20261004NFL00049,DK,draftkings,change,9,2026-09-29T01:00:00,Sep 29,1:00 AM ET,3h ago,home,Philadelphia Eagles,2.5,2.0,27.0,44.5,15.0,24.0,124.0,3.0,26.0
2026-09-29T04:26:09,nfl,nfl_20261004_los_angeles_rams_philadelphia_eagles,20261004NFL00049,DK,draftkings,change,10,2026-09-29T00:55:00,Sep 29,12:55 AM ET,3h ago,away,Los Angeles Rams,-2.5,98.0,73.0,44.5,85.0,76.0,-148.0,97.0,73.0
2026-09-29T04:26:09,nfl,nfl_20261004_los_angeles_rams_philadelphia_eagles,20261004NFL00049,DK,draftkings,change,10,2026-09-29T00:55:00,Sep 29,12:55 AM ET,3h ago,home,Philadelphia Eagles,2.5,2.0,27.0,44.5,15.0,24.0,124.0,3.0,27.0
2026-09-29T04:26:09,nfl,nfl_20261004_los_angeles_rams_philadelphia_eagles,20261004NFL00049,DK,draftkings,change,11,2026-09-29T00:50:00,Sep 29,12:50 AM ET,3h ago,away,Los Angeles Rams,-2.5,98.0,73.0,44.5,85.0,76.0,-148.0,97.0,74.0
2026-09-29T04:26:09,nfl,nfl_20261004_los_angeles_rams_philadelphia_eagles,20261004NFL00049,DK,draftkings,change,11,2026-09-29T00:50:00,Sep 29,12:50 AM ET,3h ago,home,Philadelphia Eagles,2.5,2.0,27.0,44.5,15.0,24.0,124.0,3.0,26.0
2026-09-29T04:26:09,nfl,nfl_20261004_los_angeles_rams_philadelphia_eagles,20261004NFL00049,DK,draftkings,change,12,2026-09-29T00:15:00,Sep 29,12:15 AM ET,4h ago,away,Los Angeles Rams,-2.5,98.0,73.0,44.5,85.0,76.0,-155.0,97.0,73.0
2026-09-29T04:26:09,nfl,nfl_20261004_los_angeles_rams_philadelphia_eagles,20261004NFL00049,DK,draftkings,change,12,2026-09-29T00:15:00,Sep 29,12:15 AM ET,4h ago,home,Philadelphia Eagles,2.5,2.0,27.0,44.5,15.0,24.0,130.0,3.0,27.0
2026-09-29T04:26:09,nfl,nfl_20261004_los_angeles_rams_philadelphia_eagles,20261004NFL00049,DK,draftkings,change,13,2026-09-29T00:10:00,Sep 29,12:10 AM ET,4h ago,away,Los Angeles Rams,-2.5,98.0,74.0,44.5,85.0,76.0,-155.0,97.0,73.0
2026-09-29T04:26:09,nfl,nfl_20261004_los_angeles_rams_philadelphia_eagles,20261004NFL00049,DK,draftkings,change,13,2026-09-29T00:10:00,Sep 29,12:10 AM ET,4h ago,home,Philadelphia Eagles,2.5,2.0,26.0,44.5,15.0,24.0,130.0,3.0,27.0
2026-09-29T04:26:09,nfl,nfl_20261004_los_angeles_rams_philadelphia_eagles,20261004NFL00049,DK,draftkings,change,14,2026-09-29T00:00:00,Sep 29,12:00 AM ET,4h ago,away,Los Angeles Rams,-2.5,98.0,74.0,44.5,85.0,78.0,-155.0,97.0,73.0
2026-09-29T04:26:09,nfl,nfl_20261004_los_angeles_rams_philadelphia_eagles,20261004NFL00049,DK,draftkings,change,14,2026-09-29T00:00:00,Sep 29,12:00 AM ET,4h ago,home,Philadelphia Eagles,2.5,2.0,26.0,44.5,15.0,22.0,130.0,3.0,27.0
2026-09-29T04:26:09,nfl,nfl_20261004_los_angeles_rams_philadelphia_eagles,20261004NFL00049,DK,draftkings,change,15,2026-09-28T23:50:00,Sep 28,11:50 PM ET,4h ago,away,Los Angeles Rams,-2.5,98.0,74.0,44.5,85.0,78.0,-155.0,97.0,72.0
2026-09-29T04:26:09,nfl,nfl_20261004_los_angeles_rams_philadelphia_eagles,20261004NFL00049,DK,draftkings,change,15,2026-09-28T23:50:00,Sep 28,11:50 PM ET,4h ago,home,Philadelphia Eagles,2.5,2.0,26.0,44.5,15.0,22.0,130.0,3.0,28.0
2026-09-29T04:26:09,nfl,nfl_20261004_los_angeles_rams_philadelphia_eagles,20261004NFL00049,DK,draftkings,change,16,2026-09-28T23:45:00,Sep 28,11:45 PM ET,4h ago,away,Los Angeles Rams,-2.5,98.0,73.0,44.5,85.0,78.0,-155.0,97.0,73.0
2026-09-29T04:26:09,nfl,nfl_20261004_los_angeles_rams_philadelphia_eagles,20261004NFL00049,DK,draftkings,change,16,2026-09-28T23:45:00,Sep 28,11:45 PM ET,4h ago,home,Philadelphia Eagles,2.5,2.0,27.0,44.5,15.0,22.0,130.0,3.0,27.0
2026-09-29T04:26:09,nfl,nfl_20261004_los_angeles_rams_philadelphia_eagles,20261004NFL00049,DK,draftkings,change,17,2026-09-28T23:40:00,Sep 28,11:40 PM ET,4h ago,away,Los Angeles Rams,-2.5,98.0,72.0,44.5,85.0,78.0,-155.0,97.0,72.0
2026-09-29T04:26:09,nfl,nfl_20261004_los_angeles_rams_philadelphia_eagles,20261004NFL00049,DK,draftkings,change,17,2026-09-28T23:40:00,Sep 28,11:40 PM ET,4h ago,home,Philadelphia Eagles,2.5,2.0,28.0,44.5,15.0,22.0,130.0,3.0,28.0
2026-09-29T04:26:09,nfl,nfl_20261004_los_angeles_rams_philadelphia_eagles,20261004NFL00049,DK,draftkings,change,18,2026-09-28T23:30:00,Sep 28,11:30 PM ET,4h ago,away,Los Angeles Rams,-2.5,98.0,71.0,44.5,85.0,76.0,-148.0,97.0,72.0
2026-09-29T04:26:09,nfl,nfl_20261004_los_angeles_rams_philadelphia_eagles,20261004NFL00049,DK,draftkings,change,18,2026-09-28T23:30:00,Sep 28,11:30 PM ET,4h ago,home,Philadelphia Eagles,2.5,2.0,29.0,44.5,15.0,24.0,124.0,3.0,28.0
2026-09-29T04:26:09,nfl,nfl_20261004_los_angeles_rams_philadelphia_eagles,20261004NFL00049,DK,draftkings,change,19,2026-09-28T23:25:00,Sep 28,11:25 PM ET,5h ago,away,Los Angeles Rams,-2.5,98.0,70.0,44.5,85.0,76.0,-148.0,97.0,72.0
2026-09-29T04:26:09,nfl,nfl_20261004_los_angeles_rams_philadelphia_eagles,20261004NFL00049,DK,draftkings,change,19,2026-09-28T23:25:00,Sep 28,11:25 PM ET,5h ago,home,Philadelphia Eagles,2.5,2.0,31.0,44.5,15.0,24.0,124.0,3.0,28.0
2026-09-29T04:26:09,nfl,nfl_20261004_los_angeles_rams_philadelphia_eagles,20261004NFL00049,DK,draftkings,change,20,2026-09-28T23:20:00,Sep 28,11:20 PM ET,5h ago,away,Los Angeles Rams,-2.5,98.0,69.0,44.5,85.0,76.0,-148.0,97.0,72.0
2026-09-29T04:26:09,nfl,nfl_20261004_los_angeles_rams_philadelphia_eagles,20261004NFL00049,DK,draftkings,change,20,2026-09-28T23:20:00,Sep 28,11:20 PM ET,5h ago,home,Philadelphia Eagles,2.5,2.0,31.0,44.5,15.0,24.0,124.0,3.0,28.0
2026-09-29T04:26:09,nfl,nfl_20261004_los_angeles_rams_philadelphia_eagles,20261004NFL00049,DK,draftkings,change,21,2026-09-28T20:00:00,Sep 28,8:00 PM ET,8h ago,away,Los Angeles Rams,-2.5,98.0,70.0,45.5,85.0,76.0,-135.0,97.0,72.0
2026-09-29T04:26:09,nfl,nfl_20261004_los_angeles_rams_philadelphia_eagles,20261004NFL00049,DK,draftkings,change,21,2026-09-28T20:00:00,Sep 28,8:00 PM ET,8h ago,home,Philadelphia Eagles,2.5,2.0,30.0,45.5,15.0,24.0,114.0,3.0,28.0
2026-09-29T04:26:09,nfl,nfl_20261004_los_angeles_rams_philadelphia_eagles,20261004NFL00049,DK,draftkings,change,22,2026-09-28T19:30:00,Sep 28,7:30 PM ET,8h ago,away,Los Angeles Rams,-2.5,98.0,69.0,45.5,68.0,75.0,-135.0,97.0,72.0
2026-09-29T04:26:09,nfl,nfl_20261004_los_angeles_rams_philadelphia_eagles,20261004NFL00049,DK,draftkings,change,22,2026-09-28T19:30:00,Sep 28,7:30 PM ET,8h ago,home,Philadelphia Eagles,2.5,2.0,31.0,45.5,32.0,25.0,114.0,3.0,28.0
2026-09-29T04:26:09,nfl,nfl_20261004_los_angeles_rams_philadelphia_eagles,20261004NFL00049,DK,draftkings,change,23,2026-09-28T19:00:00,Sep 28,7:00 PM ET,9h ago,away,Los Angeles Rams,-2.5,98.0,69.0,45.5,57.0,74.0,-135.0,97.0,72.0
2026-09-29T04:26:09,nfl,nfl_20261004_los_angeles_rams_philadelphia_eagles,20261004NFL00049,DK,draftkings,change,23,2026-09-28T19:00:00,Sep 28,7:00 PM ET,9h ago,home,Philadelphia Eagles,2.5,2.0,31.0,45.5,43.0,26.0,114.0,3.0,28.0
2026-09-29T04:26:09,nfl,nfl_20261004_los_angeles_rams_philadelphia_eagles,20261004NFL00049,DK,draftkings,change,24,2026-09-28T18:45:00,Sep 28,6:45 PM ET,9h ago,away,Los Angeles Rams,-2.5,98.0,69.0,45.5,57.0,73.0,-135.0,97.0,72.0
2026-09-29T04:26:09,nfl,nfl_20261004_los_angeles_rams_philadelphia_eagles,20261004NFL00049,DK,draftkings,change,24,2026-09-28T18:45:00,Sep 28,6:45 PM ET,9h ago,home,Philadelphia Eagles,2.5,2.0,31.0,45.5,43.0,27.0,114.0,3.0,28.0
2026-09-29T04:26:09,nfl,nfl_20261004_los_angeles_rams_philadelphia_eagles,20261004NFL00049,DK,draftkings,change,25,2026-09-28T18:10:00,Sep 28,6:10 PM ET,10h ago,away,Los Angeles Rams,-2.5,98.0,68.0,45.5,57.0,73.0,-135.0,97.0,72.0
2026-09-29T04:26:09,nfl,nfl_20261004_los_angeles_rams_philadelphia_eagles,20261004NFL00049,DK,draftkings,change,25,2026-09-28T18:10:00,Sep 28,6:10 PM ET,10h ago,home,Philadelphia Eagles,2.5,2.0,32.0,45.5,43.0,27.0,114.0,3.0,28.0
2026-09-29T04:26:09,nfl,nfl_20261004_los_angeles_rams_philadelphia_eagles,20261004NFL00049,DK,draftkings,change,26,2026-09-28T18:00:00,Sep 28,6:00 PM ET,10h ago,away,Los Angeles Rams,-2.5,98.0,70.0,45.5,57.0,73.0,-135.0,96.0,71.0
2026-09-29T04:26:09,nfl,nfl_20261004_los_angeles_rams_philadelphia_eagles,20261004NFL00049,DK,draftkings,change,26,2026-09-28T18:00:00,Sep 28,6:00 PM ET,10h ago,home,Philadelphia Eagles,2.5,2.0,30.0,45.5,43.0,27.0,114.0,4.0,29.0
2026-09-29T04:26:09,nfl,nfl_20261004_los_angeles_rams_philadelphia_eagles,20261004NFL00049,DK,draftkings,change,27,2026-09-28T17:40:00,Sep 28,5:40 PM ET,10h ago,away,Los Angeles Rams,-2.5,98.0,70.0,45.5,57.0,73.0,-135.0,96.0,72.0
2026-09-29T04:26:09,nfl,nfl_20261004_los_angeles_rams_philadelphia_eagles,20261004NFL00049,DK,draftkings,change,27,2026-09-28T17:40:00,Sep 28,5:40 PM ET,10h ago,home,Philadelphia Eagles,2.5,2.0,30.0,45.5,43.0,27.0,114.0,4.0,28.0
2026-09-29T04:26:10,nfl,nfl_20261004_los_angeles_rams_philadelphia_eagles,20261004NFL00049,CIRCA,circa,open,1,2026-09-28T10:30:00,Sep 28,10:30 AM ET,17h ago,away,Los Angeles Rams,-1.5,50.0,50.0,46.0,50.0,50.0,-125.0,50.0,50.0
2026-09-29T04:26:10,nfl,nfl_20261004_los_angeles_rams_philadelphia_eagles,20261004NFL00049,CIRCA,circa,open,1,2026-09-28T10:30:00,Sep 28,10:30 AM ET,17h ago,home,Philadelphia Eagles,1.5,50.0,50.0,46.0,50.0,50.0,105.0,50.0,50.0
2026-09-29T04:26:10,nfl,nfl_20261004_los_angeles_rams_philadelphia_eagles,20261004NFL00049,CIRCA,circa,change,2,2026-09-28T19:01:00,Sep 28,7:01 PM ET,9h ago,away,Los Angeles Rams,-2.5,100.0,83.0,46.0,0.0,0.0,-145.0,100.0,100.0
2026-09-29T04:26:10,nfl,nfl_20261004_los_angeles_rams_philadelphia_eagles,20261004NFL00049,CIRCA,circa,change,2,2026-09-28T19:01:00,Sep 28,7:01 PM ET,9h ago,home,Philadelphia Eagles,2.5,0.0,17.0,46.0,100.0,100.0,125.0,0.0,0.0
2026-09-29T04:26:10,nfl,nfl_20261004_los_angeles_rams_philadelphia_eagles,20261004NFL00049,CIRCA,circa,change,3,2026-09-28T17:05:00,Sep 28,5:05 PM ET,11h ago,away,Los Angeles Rams,-2.0,100.0,80.0,46.0,0.0,0.0,-135.0,100.0,100.0
2026-09-29T04:26:10,nfl,nfl_20261004_los_angeles_rams_philadelphia_eagles,20261004NFL00049,CIRCA,circa,change,3,2026-09-28T17:05:00,Sep 28,5:05 PM ET,11h ago,home,Philadelphia Eagles,2.0,0.0,20.0,46.0,100.0,100.0,115.0,0.0,0.0
2026-09-29T04:26:10,nfl,nfl_20261004_los_angeles_rams_philadelphia_eagles,20261004NFL00049,CIRCA,circa,change,4,2026-09-28T16:40:00,Sep 28,4:40 PM ET,11h ago,away,Los Angeles Rams,-2.0,92.0,75.0,46.0,0.0,0.0,-135.0,100.0,100.0
2026-09-29T04:26:10,nfl,nfl_20261004_los_angeles_rams_philadelphia_eagles,20261004NFL00049,CIRCA,circa,change,4,2026-09-28T16:40:00,Sep 28,4:40 PM ET,11h ago,home,Philadelphia Eagles,2.0,8.0,25.0,46.0,100.0,100.0,115.0,0.0,0.0
2026-09-29T04:26:10,nfl,nfl_20261004_los_angeles_rams_philadelphia_eagles,20261004NFL00049,CIRCA,circa,change,5,2026-09-28T14:40:00,Sep 28,2:40 PM ET,13h ago,away,Los Angeles Rams,-2.0,78.0,67.0,46.0,0.0,0.0,-135.0,100.0,100.0
2026-09-29T04:26:10,nfl,nfl_20261004_los_angeles_rams_philadelphia_eagles,20261004NFL00049,CIRCA,circa,change,5,2026-09-28T14:40:00,Sep 28,2:40 PM ET,13h ago,home,Philadelphia Eagles,2.0,22.0,33.0,46.0,100.0,100.0,115.0,0.0,0.0
2026-09-29T04:26:10,nfl,nfl_20261004_los_angeles_rams_philadelphia_eagles,20261004NFL00049,CIRCA,circa,change,6,2026-09-28T11:30:00,Sep 28,11:30 AM ET,16h ago,away,Los Angeles Rams,-2.0,100.0,100.0,46.0,50.0,50.0,-130.0,100.0,100.0
2026-09-29T04:26:10,nfl,nfl_20261004_los_angeles_rams_philadelphia_eagles,20261004NFL00049,CIRCA,circa,change,6,2026-09-28T11:30:00,Sep 28,11:30 AM ET,16h ago,home,Philadelphia Eagles,2.0,0.0,0.0,46.0,50.0,50.0,110.0,0.0,0.0
2026-09-29T04:26:10,nfl,nfl_20261004_los_angeles_rams_philadelphia_eagles,20261004NFL00049,CIRCA,circa,change,7,2026-09-28T10:55:00,Sep 28,10:55 AM ET,17h ago,away,Los Angeles Rams,-1.5,50.0,50.0,46.0,50.0,50.0,-125.0,100.0,100.0
2026-09-29T04:26:10,nfl,nfl_20261004_los_angeles_rams_philadelphia_eagles,20261004NFL00049,CIRCA,circa,change,7,2026-09-28T10:55:00,Sep 28,10:55 AM ET,17h ago,home,Philadelphia Eagles,1.5,50.0,50.0,46.0,50.0,50.0,105.0,0.0,0.0
2026-09-29T04:26:10,nfl,nfl_20261004_los_angeles_rams_philadelphia_eagles,20261004NFL00049,CIRCA,circa,change,8,2026-09-28T10:30:00,Sep 28,10:30 AM ET,17h ago,away,Los Angeles Rams,-1.5,50.0,50.0,46.0,50.0,50.0,-125.0,50.0,50.0
2026-09-29T04:26:10,nfl,nfl_20261004_los_angeles_rams_philadelphia_eagles,20261004NFL00049,CIRCA,circa,change,8,2026-09-28T10:30:00,Sep 28,10:30 AM ET,17h ago,home,Philadelphia Eagles,1.5,50.0,50.0,46.0,50.0,50.0,105.0,50.0,50.0
2026-09-29T04:26:11,nfl,nfl_20261004_new_york_jets_chicago_bears,20261004NFL00051,DK,draftkings,open,1,2026-05-14T21:20:00,May 14,9:20 PM ET,137d ago,away,New York Jets,,0.0,0.0,,0.0,0.0,300.0,0.0,0.0
2026-09-29T04:26:11,nfl,nfl_20261004_new_york_jets_chicago_bears,20261004NFL00051,DK,draftkings,open,1,2026-05-14T21:20:00,May 14,9:20 PM ET,137d ago,home,Chicago Bears,,0.0,0.0,,0.0,0.0,-380.0,100.0,100.0
2026-09-29T04:26:11,nfl,nfl_20261004_new_york_jets_chicago_bears,20261004NFL00051,DK,draftkings,first_full,2,2026-05-18T14:30:00,May 18,2:30 PM ET,133d ago,away,New York Jets,8.5,96.0,50.0,45.5,100.0,100.0,300.0,36.0,16.0
2026-09-29T04:26:11,nfl,nfl_20261004_new_york_jets_chicago_bears,20261004NFL00051,DK,draftkings,first_full,2,2026-05-18T14:30:00,May 18,2:30 PM ET,133d ago,home,Chicago Bears,-8.5,4.0,50.0,45.5,0.0,0.0,-380.0,64.0,84.0
2026-09-29T04:26:11,nfl,nfl_20261004_new_york_jets_chicago_bears,20261004NFL00051,DK,draftkings,change,3,2026-09-29T03:35:00,Sep 29,3:35 AM ET,50m ago,away,New York Jets,3.5,44.0,57.0,42.5,83.0,64.0,164.0,30.0,34.0
2026-09-29T04:26:11,nfl,nfl_20261004_new_york_jets_chicago_bears,20261004NFL00051,DK,draftkings,change,3,2026-09-29T03:35:00,Sep 29,3:35 AM ET,50m ago,home,Chicago Bears,-3.5,56.0,43.0,42.5,17.0,36.0,-198.0,70.0,66.0
2026-09-29T04:26:11,nfl,nfl_20261004_new_york_jets_chicago_bears,20261004NFL00051,DK,draftkings,change,4,2026-09-29T03:20:00,Sep 29,3:20 AM ET,1h ago,away,New York Jets,3.5,44.0,58.0,42.5,83.0,64.0,164.0,30.0,34.0
2026-09-29T04:26:11,nfl,nfl_20261004_new_york_jets_chicago_bears,20261004NFL00051,DK,draftkings,change,4,2026-09-29T03:20:00,Sep 29,3:20 AM ET,1h ago,home,Chicago Bears,-3.5,56.0,43.0,42.5,17.0,36.0,-198.0,70.0,66.0
2026-09-29T04:26:11,nfl,nfl_20261004_new_york_jets_chicago_bears,20261004NFL00051,DK,draftkings,change,5,2026-09-29T01:50:00,Sep 29,1:50 AM ET,2h ago,away,New York Jets,3.5,44.0,58.0,42.5,83.0,64.0,164.0,30.0,34.0
2026-09-29T04:26:11,nfl,nfl_20261004_new_york_jets_chicago_bears,20261004NFL00051,DK,draftkings,change,5,2026-09-29T01:50:00,Sep 29,1:50 AM ET,2h ago,home,Chicago Bears,-3.5,56.0,42.0,42.5,17.0,36.0,-198.0,70.0,66.0
2026-09-29T04:26:11,nfl,nfl_20261004_new_york_jets_chicago_bears,20261004NFL00051,DK,draftkings,change,6,2026-09-29T01:20:00,Sep 29,1:20 AM ET,3h ago,away,New York Jets,3.5,45.0,59.0,42.5,83.0,64.0,164.0,30.0,34.0
2026-09-29T04:26:11,nfl,nfl_20261004_new_york_jets_chicago_bears,20261004NFL00051,DK,draftkings,change,6,2026-09-29T01:20:00,Sep 29,1:20 AM ET,3h ago,home,Chicago Bears,-3.5,55.0,41.0,42.5,17.0,36.0,-198.0,70.0,66.0
2026-09-29T04:26:11,nfl,nfl_20261004_new_york_jets_chicago_bears,20261004NFL00051,DK,draftkings,change,7,2026-09-29T01:05:00,Sep 29,1:05 AM ET,3h ago,away,New York Jets,3.5,44.0,59.0,42.5,83.0,64.0,164.0,29.0,35.0
2026-09-29T04:26:11,nfl,nfl_20261004_new_york_jets_chicago_bears,20261004NFL00051,DK,draftkings,change,7,2026-09-29T01:05:00,Sep 29,1:05 AM ET,3h ago,home,Chicago Bears,-3.5,56.0,41.0,42.5,17.0,36.0,-198.0,71.0,65.0
2026-09-29T04:26:11,nfl,nfl_20261004_new_york_jets_chicago_bears,20261004NFL00051,DK,draftkings,change,8,2026-09-29T00:50:00,Sep 29,12:50 AM ET,3h ago,away,New York Jets,3.5,44.0,58.0,42.5,83.0,64.0,164.0,29.0,35.0
2026-09-29T04:26:11,nfl,nfl_20261004_new_york_jets_chicago_bears,20261004NFL00051,DK,draftkings,change,8,2026-09-29T00:50:00,Sep 29,12:50 AM ET,3h ago,home,Chicago Bears,-3.5,56.0,42.0,42.5,17.0,36.0,-198.0,71.0,65.0
2026-09-29T04:26:11,nfl,nfl_20261004_new_york_jets_chicago_bears,20261004NFL00051,DK,draftkings,change,9,2026-09-29T00:40:00,Sep 29,12:40 AM ET,3h ago,away,New York Jets,3.5,44.0,59.0,42.5,83.0,64.0,164.0,29.0,35.0
2026-09-29T04:26:11,nfl,nfl_20261004_new_york_jets_chicago_bears,20261004NFL00051,DK,draftkings,change,9,2026-09-29T00:40:00,Sep 29,12:40 AM ET,3h ago,home,Chicago Bears,-3.5,56.0,41.0,42.5,17.0,36.0,-198.0,71.0,65.0
2026-09-29T04:26:11,nfl,nfl_20261004_new_york_jets_chicago_bears,20261004NFL00051,DK,draftkings,change,10,2026-09-29T00:25:00,Sep 29,12:25 AM ET,4h ago,away,New York Jets,3.5,44.0,60.0,42.5,83.0,64.0,164.0,27.0,35.0
2026-09-29T04:26:11,nfl,nfl_20261004_new_york_jets_chicago_bears,20261004NFL00051,DK,draftkings,change,10,2026-09-29T00:25:00,Sep 29,12:25 AM ET,4h ago,home,Chicago Bears,-3.5,56.0,40.0,42.5,17.0,36.0,-198.0,73.0,65.0
2026-09-29T04:26:11,nfl,nfl_20261004_new_york_jets_chicago_bears,20261004NFL00051,DK,draftkings,change,11,2026-09-29T00:15:00,Sep 29,12:15 AM ET,4h ago,away,New York Jets,3.5,44.0,60.0,42.5,83.0,64.0,164.0,25.0,35.0
2026-09-29T04:26:11,nfl,nfl_20261004_new_york_jets_chicago_bears,20261004NFL00051,DK,draftkings,change,11,2026-09-29T00:15:00,Sep 29,12:15 AM ET,4h ago,home,Chicago Bears,-3.5,56.0,40.0,42.5,17.0,36.0,-198.0,75.0,65.0
2026-09-29T04:26:11,nfl,nfl_20261004_new_york_jets_chicago_bears,20261004NFL00051,DK,draftkings,change,12,2026-09-29T00:10:00,Sep 29,12:10 AM ET,4h ago,away,New York Jets,3.5,42.0,60.0,42.5,83.0,63.0,164.0,25.0,35.0
2026-09-29T04:26:11,nfl,nfl_20261004_new_york_jets_chicago_bears,20261004NFL00051,DK,draftkings,change,12,2026-09-29T00:10:00,Sep 29,12:10 AM ET,4h ago,home,Chicago Bears,-3.5,58.0,40.0,42.5,17.0,37.0,-198.0,75.0,65.0
2026-09-29T04:26:11,nfl,nfl_20261004_new_york_jets_chicago_bears,20261004NFL00051,DK,draftkings,change,13,2026-09-29T00:05:00,Sep 29,12:05 AM ET,4h ago,away,New York Jets,3.5,42.0,60.0,42.5,83.0,65.0,164.0,25.0,35.0
2026-09-29T04:26:11,nfl,nfl_20261004_new_york_jets_chicago_bears,20261004NFL00051,DK,draftkings,change,13,2026-09-29T00:05:00,Sep 29,12:05 AM ET,4h ago,home,Chicago Bears,-3.5,58.0,40.0,42.5,17.0,35.0,-198.0,75.0,65.0
2026-09-29T04:26:11,nfl,nfl_20261004_new_york_jets_chicago_bears,20261004NFL00051,DK,draftkings,change,14,2026-09-29T00:00:00,Sep 29,12:00 AM ET,4h ago,away,New York Jets,3.5,42.0,60.0,42.5,83.0,66.0,164.0,25.0,35.0
2026-09-29T04:26:11,nfl,nfl_20261004_new_york_jets_chicago_bears,20261004NFL00051,DK,draftkings,change,14,2026-09-29T00:00:00,Sep 29,12:00 AM ET,4h ago,home,Chicago Bears,-3.5,58.0,40.0,42.5,17.0,34.0,-198.0,75.0,65.0
2026-09-29T04:26:11,nfl,nfl_20261004_new_york_jets_chicago_bears,20261004NFL00051,DK,draftkings,change,15,2026-09-28T23:45:00,Sep 28,11:45 PM ET,4h ago,away,New York Jets,3.5,42.0,60.0,42.5,83.0,65.0,164.0,25.0,35.0
2026-09-29T04:26:11,nfl,nfl_20261004_new_york_jets_chicago_bears,20261004NFL00051,DK,draftkings,change,15,2026-09-28T23:45:00,Sep 28,11:45 PM ET,4h ago,home,Chicago Bears,-3.5,58.0,40.0,42.5,17.0,35.0,-198.0,75.0,65.0
2026-09-29T04:26:11,nfl,nfl_20261004_new_york_jets_chicago_bears,20261004NFL00051,DK,draftkings,change,16,2026-09-28T23:40:00,Sep 28,11:40 PM ET,4h ago,away,New York Jets,3.5,43.0,60.0,42.5,83.0,65.0,164.0,25.0,35.0
2026-09-29T04:26:11,nfl,nfl_20261004_new_york_jets_chicago_bears,20261004NFL00051,DK,draftkings,change,16,2026-09-28T23:40:00,Sep 28,11:40 PM ET,4h ago,home,Chicago Bears,-3.5,57.0,40.0,42.5,17.0,35.0,-198.0,75.0,65.0
2026-09-29T04:26:11,nfl,nfl_20261004_new_york_jets_chicago_bears,20261004NFL00051,DK,draftkings,change,17,2026-09-28T23:30:00,Sep 28,11:30 PM ET,4h ago,away,New York Jets,3.5,47.0,61.0,42.5,85.0,67.0,164.0,24.0,36.0
2026-09-29T04:26:11,nfl,nfl_20261004_new_york_jets_chicago_bears,20261004NFL00051,DK,draftkings,change,17,2026-09-28T23:30:00,Sep 28,11:30 PM ET,4h ago,home,Chicago Bears,-3.5,53.0,39.0,42.5,15.0,33.0,-198.0,76.0,64.0
2026-09-29T04:26:11,nfl,nfl_20261004_new_york_jets_chicago_bears,20261004NFL00051,DK,draftkings,change,18,2026-09-28T23:25:00,Sep 28,11:25 PM ET,5h ago,away,New York Jets,3.5,43.0,63.0,42.5,85.0,67.0,164.0,23.0,37.0
2026-09-29T04:26:11,nfl,nfl_20261004_new_york_jets_chicago_bears,20261004NFL00051,DK,draftkings,change,18,2026-09-28T23:25:00,Sep 28,11:25 PM ET,5h ago,home,Chicago Bears,-3.5,57.0,37.0,42.5,15.0,33.0,-198.0,77.0,63.0
2026-09-29T04:26:11,nfl,nfl_20261004_new_york_jets_chicago_bears,20261004NFL00051,DK,draftkings,change,19,2026-09-28T20:00:00,Sep 28,8:00 PM ET,8h ago,away,New York Jets,3.0,44.0,63.0,43.5,84.0,66.0,130.0,23.0,37.0
2026-09-29T04:26:11,nfl,nfl_20261004_new_york_jets_chicago_bears,20261004NFL00051,DK,draftkings,change,19,2026-09-28T20:00:00,Sep 28,8:00 PM ET,8h ago,home,Chicago Bears,-3.0,56.0,37.0,43.5,16.0,34.0,-155.0,77.0,63.0
2026-09-29T04:26:11,nfl,nfl_20261004_new_york_jets_chicago_bears,20261004NFL00051,DK,draftkings,change,20,2026-09-28T19:50:00,Sep 28,7:50 PM ET,8h ago,away,New York Jets,3.0,44.0,63.0,43.5,84.0,66.0,130.0,23.0,36.0
2026-09-29T04:26:11,nfl,nfl_20261004_new_york_jets_chicago_bears,20261004NFL00051,DK,draftkings,change,20,2026-09-28T19:50:00,Sep 28,7:50 PM ET,8h ago,home,Chicago Bears,-3.0,56.0,37.0,43.5,16.0,34.0,-155.0,77.0,64.0
2026-09-29T04:26:11,nfl,nfl_20261004_new_york_jets_chicago_bears,20261004NFL00051,DK,draftkings,change,21,2026-09-28T19:40:00,Sep 28,7:40 PM ET,8h ago,away,New York Jets,3.0,44.0,62.0,43.5,84.0,66.0,130.0,23.0,36.0
2026-09-29T04:26:11,nfl,nfl_20261004_new_york_jets_chicago_bears,20261004NFL00051,DK,draftkings,change,21,2026-09-28T19:40:00,Sep 28,7:40 PM ET,8h ago,home,Chicago Bears,-3.0,56.0,38.0,43.5,16.0,34.0,-155.0,77.0,64.0
2026-09-29T04:26:11,nfl,nfl_20261004_new_york_jets_chicago_bears,20261004NFL00051,DK,draftkings,change,22,2026-09-28T19:20:00,Sep 28,7:20 PM ET,9h ago,away,New York Jets,3.0,44.0,62.0,43.5,84.0,66.0,130.0,23.0,35.0
2026-09-29T04:26:11,nfl,nfl_20261004_new_york_jets_chicago_bears,20261004NFL00051,DK,draftkings,change,22,2026-09-28T19:20:00,Sep 28,7:20 PM ET,9h ago,home,Chicago Bears,-3.0,56.0,38.0,43.5,16.0,34.0,-155.0,77.0,65.0
2026-09-29T04:26:11,nfl,nfl_20261004_new_york_jets_chicago_bears,20261004NFL00051,DK,draftkings,change,23,2026-09-28T19:10:00,Sep 28,7:10 PM ET,9h ago,away,New York Jets,3.0,44.0,62.0,43.5,99.0,67.0,130.0,23.0,35.0
2026-09-29T04:26:11,nfl,nfl_20261004_new_york_jets_chicago_bears,20261004NFL00051,DK,draftkings,change,23,2026-09-28T19:10:00,Sep 28,7:10 PM ET,9h ago,home,Chicago Bears,-3.0,56.0,38.0,43.5,1.0,33.0,-155.0,77.0,65.0
2026-09-29T04:26:11,nfl,nfl_20261004_new_york_jets_chicago_bears,20261004NFL00051,DK,draftkings,change,24,2026-09-28T19:00:00,Sep 28,7:00 PM ET,9h ago,away,New York Jets,3.0,43.0,62.0,43.5,99.0,67.0,130.0,23.0,35.0
2026-09-29T04:26:11,nfl,nfl_20261004_new_york_jets_chicago_bears,20261004NFL00051,DK,draftkings,change,24,2026-09-28T19:00:00,Sep 28,7:00 PM ET,9h ago,home,Chicago Bears,-3.0,57.0,38.0,43.5,1.0,33.0,-155.0,77.0,65.0
2026-09-29T04:26:11,nfl,nfl_20261004_new_york_jets_chicago_bears,20261004NFL00051,DK,draftkings,change,25,2026-09-28T18:35:00,Sep 28,6:35 PM ET,9h ago,away,New York Jets,3.0,43.0,61.0,43.5,99.0,67.0,130.0,23.0,35.0
2026-09-29T04:26:11,nfl,nfl_20261004_new_york_jets_chicago_bears,20261004NFL00051,DK,draftkings,change,25,2026-09-28T18:35:00,Sep 28,6:35 PM ET,9h ago,home,Chicago Bears,-3.0,57.0,39.0,43.5,1.0,33.0,-155.0,77.0,65.0
2026-09-29T04:26:11,nfl,nfl_20261004_new_york_jets_chicago_bears,20261004NFL00051,DK,draftkings,change,26,2026-09-28T18:25:00,Sep 28,6:25 PM ET,10h ago,away,New York Jets,3.0,42.0,61.0,43.5,99.0,67.0,130.0,23.0,35.0
2026-09-29T04:26:11,nfl,nfl_20261004_new_york_jets_chicago_bears,20261004NFL00051,DK,draftkings,change,26,2026-09-28T18:25:00,Sep 28,6:25 PM ET,10h ago,home,Chicago Bears,-3.0,58.0,39.0,43.5,1.0,33.0,-155.0,77.0,65.0
2026-09-29T04:26:11,nfl,nfl_20261004_new_york_jets_chicago_bears,20261004NFL00051,DK,draftkings,change,27,2026-09-28T18:10:00,Sep 28,6:10 PM ET,10h ago,away,New York Jets,3.0,42.0,61.0,43.5,99.0,67.0,130.0,22.0,35.0
2026-09-29T04:26:11,nfl,nfl_20261004_new_york_jets_chicago_bears,20261004NFL00051,DK,draftkings,change,27,2026-09-28T18:10:00,Sep 28,6:10 PM ET,10h ago,home,Chicago Bears,-3.0,58.0,39.0,43.5,1.0,33.0,-155.0,78.0,65.0
2026-09-29T04:26:12,nfl,nfl_20261004_new_york_jets_chicago_bears,20261004NFL00051,CIRCA,circa,open,1,2026-09-27T21:00:00,Sep 27,9:00 PM ET,1d ago,away,New York Jets,3.0,50.0,50.0,43.0,50.0,50.0,135.0,50.0,50.0
2026-09-29T04:26:12,nfl,nfl_20261004_new_york_jets_chicago_bears,20261004NFL00051,CIRCA,circa,open,1,2026-09-27T21:00:00,Sep 27,9:00 PM ET,1d ago,home,Chicago Bears,-3.0,50.0,50.0,43.0,50.0,50.0,-155.0,50.0,50.0
2026-09-29T04:26:12,nfl,nfl_20261004_new_york_jets_chicago_bears,20261004NFL00051,CIRCA,circa,change,2,2026-09-28T14:35:00,Sep 28,2:35 PM ET,13h ago,away,New York Jets,3.0,100.0,100.0,43.0,0.0,0.0,135.0,0.0,0.0
2026-09-29T04:26:12,nfl,nfl_20261004_new_york_jets_chicago_bears,20261004NFL00051,CIRCA,circa,change,2,2026-09-28T14:35:00,Sep 28,2:35 PM ET,13h ago,home,Chicago Bears,-3.0,0.0,0.0,43.0,100.0,100.0,-155.0,100.0,100.0
2026-09-29T04:26:12,nfl,nfl_20261004_new_york_jets_chicago_bears,20261004NFL00051,CIRCA,circa,change,3,2026-09-28T11:30:00,Sep 28,11:30 AM ET,16h ago,away,New York Jets,3.0,50.0,50.0,43.0,0.0,0.0,135.0,0.0,0.0
2026-09-29T04:26:12,nfl,nfl_20261004_new_york_jets_chicago_bears,20261004NFL00051,CIRCA,circa,change,3,2026-09-28T11:30:00,Sep 28,11:30 AM ET,16h ago,home,Chicago Bears,-3.0,50.0,50.0,43.0,100.0,100.0,-155.0,100.0,100.0
2026-09-29T04:26:12,nfl,nfl_20261004_new_york_jets_chicago_bears,20261004NFL00051,CIRCA,circa,change,4,2026-09-28T11:15:00,Sep 28,11:15 AM ET,17h ago,away,New York Jets,3.0,50.0,50.0,43.0,50.0,50.0,135.0,0.0,0.0
2026-09-29T04:26:12,nfl,nfl_20261004_new_york_jets_chicago_bears,20261004NFL00051,CIRCA,circa,change,4,2026-09-28T11:15:00,Sep 28,11:15 AM ET,17h ago,home,Chicago Bears,-3.0,50.0,50.0,43.0,50.0,50.0,-155.0,100.0,100.0
2026-09-29T04:26:12,nfl,nfl_20261004_new_york_jets_chicago_bears,20261004NFL00051,CIRCA,circa,change,5,2026-09-27T21:00:00,Sep 27,9:00 PM ET,1d ago,away,New York Jets,3.0,50.0,50.0,43.0,50.0,50.0,135.0,50.0,50.0
2026-09-29T04:26:12,nfl,nfl_20261004_new_york_jets_chicago_bears,20261004NFL00051,CIRCA,circa,change,5,2026-09-27T21:00:00,Sep 27,9:00 PM ET,1d ago,home,Chicago Bears,-3.0,50.0,50.0,43.0,50.0,50.0,-155.0,50.0,50.0
2026-09-29T04:26:14,nfl,nfl_20261004_green_bay_packers_tampa_bay_buccaneers,20261004NFL00058,DK,draftkings,open,1,2026-05-15T05:55:00,May 15,5:55 AM ET,136d ago,away,Green Bay Packers,,0.0,0.0,,0.0,0.0,-125.0,100.0,100.0
2026-09-29T04:26:14,nfl,nfl_20261004_green_bay_packers_tampa_bay_buccaneers,20261004NFL00058,DK,draftkings,open,1,2026-05-15T05:55:00,May 15,5:55 AM ET,136d ago,home,Tampa Bay Buccaneers,,0.0,0.0,,0.0,0.0,105.0,0.0,0.0
2026-09-29T04:26:14,nfl,nfl_20261004_green_bay_packers_tampa_bay_buccaneers,20261004NFL00058,DK,draftkings,first_full,2,2026-05-17T13:40:00,May 17,1:40 PM ET,134d ago,away,Green Bay Packers,-1.5,93.0,50.0,47.5,100.0,100.0,-125.0,26.0,69.0
2026-09-29T04:26:14,nfl,nfl_20261004_green_bay_packers_tampa_bay_buccaneers,20261004NFL00058,DK,draftkings,first_full,2,2026-05-17T13:40:00,May 17,1:40 PM ET,134d ago,home,Tampa Bay Buccaneers,1.5,7.0,50.0,47.5,0.0,0.0,105.0,74.0,31.0
2026-09-29T04:26:14,nfl,nfl_20261004_green_bay_packers_tampa_bay_buccaneers,20261004NFL00058,DK,draftkings,change,3,2026-09-29T04:25:00,Sep 29,4:25 AM ET,59s ago,away,Green Bay Packers,-3.5,52.0,41.0,39.5,35.0,61.0,-192.0,50.0,72.0
2026-09-29T04:26:14,nfl,nfl_20261004_green_bay_packers_tampa_bay_buccaneers,20261004NFL00058,DK,draftkings,change,3,2026-09-29T04:25:00,Sep 29,4:25 AM ET,59s ago,home,Tampa Bay Buccaneers,3.5,48.0,59.0,39.5,65.0,39.0,160.0,50.0,28.0
2026-09-29T04:26:14,nfl,nfl_20261004_green_bay_packers_tampa_bay_buccaneers,20261004NFL00058,DK,draftkings,change,4,2026-09-29T03:00:00,Sep 29,3:00 AM ET,1h ago,away,Green Bay Packers,-3.5,52.0,42.0,39.5,35.0,61.0,-192.0,50.0,72.0
2026-09-29T04:26:14,nfl,nfl_20261004_green_bay_packers_tampa_bay_buccaneers,20261004NFL00058,DK,draftkings,change,4,2026-09-29T03:00:00,Sep 29,3:00 AM ET,1h ago,home,Tampa Bay Buccaneers,3.5,48.0,58.0,39.5,65.0,39.0,160.0,50.0,28.0
2026-09-29T04:26:14,nfl,nfl_20261004_green_bay_packers_tampa_bay_buccaneers,20261004NFL00058,DK,draftkings,change,5,2026-09-29T01:55:00,Sep 29,1:55 AM ET,2h ago,away,Green Bay Packers,-3.5,52.0,42.0,39.5,35.0,61.0,-192.0,50.0,73.0
2026-09-29T04:26:14,nfl,nfl_20261004_green_bay_packers_tampa_bay_buccaneers,20261004NFL00058,DK,draftkings,change,5,2026-09-29T01:55:00,Sep 29,1:55 AM ET,2h ago,home,Tampa Bay Buccaneers,3.5,48.0,58.0,39.5,65.0,39.0,160.0,50.0,27.0
2026-09-29T04:26:14,nfl,nfl_20261004_green_bay_packers_tampa_bay_buccaneers,20261004NFL00058,DK,draftkings,change,6,2026-09-29T01:10:00,Sep 29,1:10 AM ET,3h ago,away,Green Bay Packers,-3.5,52.0,42.0,39.5,35.0,61.0,-192.0,51.0,73.0
2026-09-29T04:26:14,nfl,nfl_20261004_green_bay_packers_tampa_bay_buccaneers,20261004NFL00058,DK,draftkings,change,6,2026-09-29T01:10:00,Sep 29,1:10 AM ET,3h ago,home,Tampa Bay Buccaneers,3.5,48.0,58.0,39.5,65.0,39.0,160.0,49.0,27.0
2026-09-29T04:26:14,nfl,nfl_20261004_green_bay_packers_tampa_bay_buccaneers,20261004NFL00058,DK,draftkings,change,7,2026-09-29T00:40:00,Sep 29,12:40 AM ET,3h ago,away,Green Bay Packers,-3.5,52.0,42.0,39.5,35.0,62.0,-192.0,51.0,73.0
2026-09-29T04:26:14,nfl,nfl_20261004_green_bay_packers_tampa_bay_buccaneers,20261004NFL00058,DK,draftkings,change,7,2026-09-29T00:40:00,Sep 29,12:40 AM ET,3h ago,home,Tampa Bay Buccaneers,3.5,48.0,58.0,39.5,65.0,38.0,160.0,49.0,27.0
2026-09-29T04:26:14,nfl,nfl_20261004_green_bay_packers_tampa_bay_buccaneers,20261004NFL00058,DK,draftkings,change,8,2026-09-29T00:15:00,Sep 29,12:15 AM ET,4h ago,away,Green Bay Packers,-3.5,52.0,41.0,39.5,35.0,62.0,-192.0,51.0,73.0
2026-09-29T04:26:14,nfl,nfl_20261004_green_bay_packers_tampa_bay_buccaneers,20261004NFL00058,DK,draftkings,change,8,2026-09-29T00:15:00,Sep 29,12:15 AM ET,4h ago,home,Tampa Bay Buccaneers,3.5,48.0,59.0,39.5,65.0,38.0,160.0,49.0,27.0
2026-09-29T04:26:14,nfl,nfl_20261004_green_bay_packers_tampa_bay_buccaneers,20261004NFL00058,DK,draftkings,change,9,2026-09-29T00:10:00,Sep 29,12:10 AM ET,4h ago,away,Green Bay Packers,-3.5,52.0,41.0,39.5,35.0,61.0,-192.0,51.0,73.0
2026-09-29T04:26:14,nfl,nfl_20261004_green_bay_packers_tampa_bay_buccaneers,20261004NFL00058,DK,draftkings,change,9,2026-09-29T00:10:00,Sep 29,12:10 AM ET,4h ago,home,Tampa Bay Buccaneers,3.5,48.0,59.0,39.5,65.0,39.0,160.0,49.0,27.0
2026-09-29T04:26:14,nfl,nfl_20261004_green_bay_packers_tampa_bay_buccaneers,20261004NFL00058,DK,draftkings,change,10,2026-09-29T00:00:00,Sep 29,12:00 AM ET,4h ago,away,Green Bay Packers,-3.5,52.0,41.0,39.5,35.0,60.0,-192.0,51.0,73.0
2026-09-29T04:26:14,nfl,nfl_20261004_green_bay_packers_tampa_bay_buccaneers,20261004NFL00058,DK,draftkings,change,10,2026-09-29T00:00:00,Sep 29,12:00 AM ET,4h ago,home,Tampa Bay Buccaneers,3.5,48.0,59.0,39.5,65.0,40.0,160.0,49.0,27.0
2026-09-29T04:26:14,nfl,nfl_20261004_green_bay_packers_tampa_bay_buccaneers,20261004NFL00058,DK,draftkings,change,11,2026-09-28T23:50:00,Sep 28,11:50 PM ET,4h ago,away,Green Bay Packers,-3.5,52.0,40.0,39.5,35.0,60.0,-192.0,51.0,73.0
2026-09-29T04:26:14,nfl,nfl_20261004_green_bay_packers_tampa_bay_buccaneers,20261004NFL00058,DK,draftkings,change,11,2026-09-28T23:50:00,Sep 28,11:50 PM ET,4h ago,home,Tampa Bay Buccaneers,3.5,48.0,60.0,39.5,65.0,40.0,160.0,49.0,27.0
2026-09-29T04:26:14,nfl,nfl_20261004_green_bay_packers_tampa_bay_buccaneers,20261004NFL00058,DK,draftkings,change,12,2026-09-28T23:40:00,Sep 28,11:40 PM ET,4h ago,away,Green Bay Packers,-3.5,53.0,40.0,39.5,35.0,60.0,-192.0,51.0,73.0
2026-09-29T04:26:14,nfl,nfl_20261004_green_bay_packers_tampa_bay_buccaneers,20261004NFL00058,DK,draftkings,change,12,2026-09-28T23:40:00,Sep 28,11:40 PM ET,4h ago,home,Tampa Bay Buccaneers,3.5,47.0,60.0,39.5,65.0,40.0,160.0,49.0,27.0
2026-09-29T04:26:14,nfl,nfl_20261004_green_bay_packers_tampa_bay_buccaneers,20261004NFL00058,DK,draftkings,change,13,2026-09-28T23:30:00,Sep 28,11:30 PM ET,4h ago,away,Green Bay Packers,-3.5,53.0,41.0,39.5,54.0,62.0,-192.0,51.0,73.0
2026-09-29T04:26:14,nfl,nfl_20261004_green_bay_packers_tampa_bay_buccaneers,20261004NFL00058,DK,draftkings,change,13,2026-09-28T23:30:00,Sep 28,11:30 PM ET,4h ago,home,Tampa Bay Buccaneers,3.5,47.0,59.0,39.5,46.0,38.0,160.0,49.0,27.0
2026-09-29T04:26:14,nfl,nfl_20261004_green_bay_packers_tampa_bay_buccaneers,20261004NFL00058,DK,draftkings,change,14,2026-09-28T23:25:00,Sep 28,11:25 PM ET,5h ago,away,Green Bay Packers,-3.5,53.0,40.0,39.5,53.0,61.0,-192.0,51.0,72.0
2026-09-29T04:26:14,nfl,nfl_20261004_green_bay_packers_tampa_bay_buccaneers,20261004NFL00058,DK,draftkings,change,14,2026-09-28T23:25:00,Sep 28,11:25 PM ET,5h ago,home,Tampa Bay Buccaneers,3.5,47.0,60.0,39.5,47.0,39.0,160.0,49.0,28.0
2026-09-29T04:26:14,nfl,nfl_20261004_green_bay_packers_tampa_bay_buccaneers,20261004NFL00058,DK,draftkings,change,15,2026-09-28T23:20:00,Sep 28,11:20 PM ET,5h ago,away,Green Bay Packers,-3.5,53.0,40.0,39.5,53.0,61.0,-192.0,51.0,71.0
2026-09-29T04:26:14,nfl,nfl_20261004_green_bay_packers_tampa_bay_buccaneers,20261004NFL00058,DK,draftkings,change,15,2026-09-28T23:20:00,Sep 28,11:20 PM ET,5h ago,home,Tampa Bay Buccaneers,3.5,47.0,60.0,39.5,47.0,39.0,160.0,49.0,29.0
2026-09-29T04:26:14,nfl,nfl_20261004_green_bay_packers_tampa_bay_buccaneers,20261004NFL00058,DK,draftkings,change,16,2026-09-28T23:10:00,Sep 28,11:10 PM ET,5h ago,away,Green Bay Packers,-3.5,53.0,40.0,39.5,53.0,60.0,-192.0,51.0,71.0
2026-09-29T04:26:14,nfl,nfl_20261004_green_bay_packers_tampa_bay_buccaneers,20261004NFL00058,DK,draftkings,change,16,2026-09-28T23:10:00,Sep 28,11:10 PM ET,5h ago,home,Tampa Bay Buccaneers,3.5,47.0,60.0,39.5,47.0,40.0,160.0,49.0,29.0
2026-09-29T04:26:14,nfl,nfl_20261004_green_bay_packers_tampa_bay_buccaneers,20261004NFL00058,DK,draftkings,change,17,2026-09-28T23:00:00,Sep 28,11:00 PM ET,5h ago,away,Green Bay Packers,-3.5,53.0,40.0,39.5,53.0,60.0,-192.0,30.0,71.0
2026-09-29T04:26:14,nfl,nfl_20261004_green_bay_packers_tampa_bay_buccaneers,20261004NFL00058,DK,draftkings,change,17,2026-09-28T23:00:00,Sep 28,11:00 PM ET,5h ago,home,Tampa Bay Buccaneers,3.5,47.0,60.0,39.5,47.0,40.0,160.0,70.0,29.0
2026-09-29T04:26:14,nfl,nfl_20261004_green_bay_packers_tampa_bay_buccaneers,20261004NFL00058,DK,draftkings,change,18,2026-09-28T22:40:00,Sep 28,10:40 PM ET,5h ago,away,Green Bay Packers,-3.5,53.0,40.0,39.5,52.0,59.0,-192.0,30.0,71.0
2026-09-29T04:26:14,nfl,nfl_20261004_green_bay_packers_tampa_bay_buccaneers,20261004NFL00058,DK,draftkings,change,18,2026-09-28T22:40:00,Sep 28,10:40 PM ET,5h ago,home,Tampa Bay Buccaneers,3.5,47.0,60.0,39.5,48.0,41.0,160.0,70.0,29.0
2026-09-29T04:26:14,nfl,nfl_20261004_green_bay_packers_tampa_bay_buccaneers,20261004NFL00058,DK,draftkings,change,19,2026-09-28T22:30:00,Sep 28,10:30 PM ET,5h ago,away,Green Bay Packers,-3.5,53.0,40.0,39.5,52.0,58.0,-192.0,30.0,71.0
2026-09-29T04:26:14,nfl,nfl_20261004_green_bay_packers_tampa_bay_buccaneers,20261004NFL00058,DK,draftkings,change,19,2026-09-28T22:30:00,Sep 28,10:30 PM ET,5h ago,home,Tampa Bay Buccaneers,3.5,47.0,60.0,39.5,48.0,42.0,160.0,70.0,29.0
2026-09-29T04:26:14,nfl,nfl_20261004_green_bay_packers_tampa_bay_buccaneers,20261004NFL00058,DK,draftkings,change,20,2026-09-28T22:15:00,Sep 28,10:15 PM ET,6h ago,away,Green Bay Packers,-3.5,53.0,40.0,39.5,52.0,58.0,-192.0,29.0,71.0
2026-09-29T04:26:14,nfl,nfl_20261004_green_bay_packers_tampa_bay_buccaneers,20261004NFL00058,DK,draftkings,change,20,2026-09-28T22:15:00,Sep 28,10:15 PM ET,6h ago,home,Tampa Bay Buccaneers,3.5,47.0,60.0,39.5,48.0,42.0,160.0,71.0,29.0
2026-09-29T04:26:14,nfl,nfl_20261004_green_bay_packers_tampa_bay_buccaneers,20261004NFL00058,DK,draftkings,change,21,2026-09-28T22:10:00,Sep 28,10:10 PM ET,6h ago,away,Green Bay Packers,-3.5,53.0,40.0,39.5,52.0,58.0,-192.0,30.0,71.0
2026-09-29T04:26:14,nfl,nfl_20261004_green_bay_packers_tampa_bay_buccaneers,20261004NFL00058,DK,draftkings,change,21,2026-09-28T22:10:00,Sep 28,10:10 PM ET,6h ago,home,Tampa Bay Buccaneers,3.5,47.0,60.0,39.5,48.0,42.0,160.0,70.0,29.0
2026-09-29T04:26:14,nfl,nfl_20261004_green_bay_packers_tampa_bay_buccaneers,20261004NFL00058,DK,draftkings,change,22,2026-09-28T22:05:00,Sep 28,10:05 PM ET,6h ago,away,Green Bay Packers,-3.5,53.0,39.0,39.5,52.0,58.0,-192.0,30.0,70.0
2026-09-29T04:26:14,nfl,nfl_20261004_green_bay_packers_tampa_bay_buccaneers,20261004NFL00058,DK,draftkings,change,22,2026-09-28T22:05:00,Sep 28,10:05 PM ET,6h ago,home,Tampa Bay Buccaneers,3.5,47.0,61.0,39.5,48.0,42.0,160.0,70.0,30.0
2026-09-29T04:26:14,nfl,nfl_20261004_green_bay_packers_tampa_bay_buccaneers,20261004NFL00058,DK,draftkings,change,23,2026-09-28T21:50:00,Sep 28,9:50 PM ET,6h ago,away,Green Bay Packers,-3.5,52.0,39.0,39.5,52.0,58.0,-192.0,30.0,70.0
2026-09-29T04:26:14,nfl,nfl_20261004_green_bay_packers_tampa_bay_buccaneers,20261004NFL00058,DK,draftkings,change,23,2026-09-28T21:50:00,Sep 28,9:50 PM ET,6h ago,home,Tampa Bay Buccaneers,3.5,48.0,61.0,39.5,48.0,42.0,160.0,70.0,30.0
2026-09-29T04:26:14,nfl,nfl_20261004_green_bay_packers_tampa_bay_buccaneers,20261004NFL00058,DK,draftkings,change,24,2026-09-28T21:35:00,Sep 28,9:35 PM ET,6h ago,away,Green Bay Packers,-3.5,52.0,38.0,39.5,52.0,58.0,-192.0,30.0,70.0
2026-09-29T04:26:14,nfl,nfl_20261004_green_bay_packers_tampa_bay_buccaneers,20261004NFL00058,DK,draftkings,change,24,2026-09-28T21:35:00,Sep 28,9:35 PM ET,6h ago,home,Tampa Bay Buccaneers,3.5,48.0,62.0,39.5,48.0,42.0,160.0,70.0,30.0
2026-09-29T04:26:14,nfl,nfl_20261004_green_bay_packers_tampa_bay_buccaneers,20261004NFL00058,DK,draftkings,change,25,2026-09-28T21:25:00,Sep 28,9:25 PM ET,7h ago,away,Green Bay Packers,-3.5,54.0,38.0,39.5,52.0,58.0,-192.0,30.0,70.0
2026-09-29T04:26:14,nfl,nfl_20261004_green_bay_packers_tampa_bay_buccaneers,20261004NFL00058,DK,draftkings,change,25,2026-09-28T21:25:00,Sep 28,9:25 PM ET,7h ago,home,Tampa Bay Buccaneers,3.5,46.0,62.0,39.5,48.0,42.0,160.0,70.0,30.0
2026-09-29T04:26:14,nfl,nfl_20261004_green_bay_packers_tampa_bay_buccaneers,20261004NFL00058,DK,draftkings,change,26,2026-09-28T21:20:00,Sep 28,9:20 PM ET,7h ago,away,Green Bay Packers,-3.5,54.0,38.0,39.5,52.0,58.0,-192.0,30.0,71.0
2026-09-29T04:26:14,nfl,nfl_20261004_green_bay_packers_tampa_bay_buccaneers,20261004NFL00058,DK,draftkings,change,26,2026-09-28T21:20:00,Sep 28,9:20 PM ET,7h ago,home,Tampa Bay Buccaneers,3.5,46.0,62.0,39.5,48.0,42.0,160.0,70.0,29.0
2026-09-29T04:26:14,nfl,nfl_20261004_green_bay_packers_tampa_bay_buccaneers,20261004NFL00058,DK,draftkings,change,27,2026-09-28T21:10:00,Sep 28,9:10 PM ET,7h ago,away,Green Bay Packers,-3.5,54.0,38.0,39.5,52.0,58.0,-192.0,30.0,70.0
2026-09-29T04:26:14,nfl,nfl_20261004_green_bay_packers_tampa_bay_buccaneers,20261004NFL00058,DK,draftkings,change,27,2026-09-28T21:10:00,Sep 28,9:10 PM ET,7h ago,home,Tampa Bay Buccaneers,3.5,46.0,62.0,39.5,48.0,42.0,160.0,70.0,30.0
2026-09-29T04:26:16,nfl,nfl_20261004_green_bay_packers_tampa_bay_buccaneers,20261004NFL00058,CIRCA,circa,open,1,2026-09-27T21:05:00,Sep 27,9:05 PM ET,1d ago,away,Green Bay Packers,-3.5,50.0,50.0,43.0,50.0,50.0,-170.0,50.0,50.0
2026-09-29T04:26:16,nfl,nfl_20261004_green_bay_packers_tampa_bay_buccaneers,20261004NFL00058,CIRCA,circa,open,1,2026-09-27T21:05:00,Sep 27,9:05 PM ET,1d ago,home,Tampa Bay Buccaneers,3.5,50.0,50.0,43.0,50.0,50.0,150.0,50.0,50.0
2026-09-29T04:26:16,nfl,nfl_20261004_green_bay_packers_tampa_bay_buccaneers,20261004NFL00058,CIRCA,circa,change,2,2026-09-28T19:20:00,Sep 28,7:20 PM ET,9h ago,away,Green Bay Packers,-4.0,100.0,75.0,40.0,0.0,0.0,-200.0,100.0,100.0
2026-09-29T04:26:16,nfl,nfl_20261004_green_bay_packers_tampa_bay_buccaneers,20261004NFL00058,CIRCA,circa,change,2,2026-09-28T19:20:00,Sep 28,7:20 PM ET,9h ago,home,Tampa Bay Buccaneers,4.0,0.0,25.0,40.0,100.0,100.0,175.0,0.0,0.0
2026-09-29T04:26:16,nfl,nfl_20261004_green_bay_packers_tampa_bay_buccaneers,20261004NFL00058,CIRCA,circa,change,3,2026-09-28T16:00:00,Sep 28,4:00 PM ET,12h ago,away,Green Bay Packers,-3.5,100.0,75.0,40.0,0.0,0.0,-185.0,50.0,50.0
2026-09-29T04:26:16,nfl,nfl_20261004_green_bay_packers_tampa_bay_buccaneers,20261004NFL00058,CIRCA,circa,change,3,2026-09-28T16:00:00,Sep 28,4:00 PM ET,12h ago,home,Tampa Bay Buccaneers,3.5,0.0,25.0,40.0,100.0,100.0,160.0,50.0,50.0
2026-09-29T04:26:16,nfl,nfl_20261004_green_bay_packers_tampa_bay_buccaneers,20261004NFL00058,CIRCA,circa,change,4,2026-09-28T15:30:00,Sep 28,3:30 PM ET,12h ago,away,Green Bay Packers,-3.5,99.0,67.0,40.0,0.0,0.0,-185.0,50.0,50.0
2026-09-29T04:26:16,nfl,nfl_20261004_green_bay_packers_tampa_bay_buccaneers,20261004NFL00058,CIRCA,circa,change,4,2026-09-28T15:30:00,Sep 28,3:30 PM ET,12h ago,home,Tampa Bay Buccaneers,3.5,1.0,33.0,40.0,100.0,100.0,160.0,50.0,50.0
2026-09-29T04:26:16,nfl,nfl_20261004_green_bay_packers_tampa_bay_buccaneers,20261004NFL00058,CIRCA,circa,change,5,2026-09-28T14:40:00,Sep 28,2:40 PM ET,13h ago,away,Green Bay Packers,-3.5,99.0,50.0,40.0,0.0,0.0,-185.0,50.0,50.0
2026-09-29T04:26:16,nfl,nfl_20261004_green_bay_packers_tampa_bay_buccaneers,20261004NFL00058,CIRCA,circa,change,5,2026-09-28T14:40:00,Sep 28,2:40 PM ET,13h ago,home,Tampa Bay Buccaneers,3.5,1.0,50.0,40.0,100.0,100.0,160.0,50.0,50.0
2026-09-29T04:26:16,nfl,nfl_20261004_green_bay_packers_tampa_bay_buccaneers,20261004NFL00058,CIRCA,circa,change,6,2026-09-28T00:53:00,Sep 28,12:53 AM ET,1d ago,away,Green Bay Packers,-3.0,100.0,100.0,40.0,50.0,50.0,-160.0,50.0,50.0
2026-09-29T04:26:16,nfl,nfl_20261004_green_bay_packers_tampa_bay_buccaneers,20261004NFL00058,CIRCA,circa,change,6,2026-09-28T00:53:00,Sep 28,12:53 AM ET,1d ago,home,Tampa Bay Buccaneers,3.0,0.0,0.0,40.0,50.0,50.0,140.0,50.0,50.0
2026-09-29T04:26:16,nfl,nfl_20261004_green_bay_packers_tampa_bay_buccaneers,20261004NFL00058,CIRCA,circa,change,7,2026-09-27T21:05:00,Sep 27,9:05 PM ET,1d ago,away,Green Bay Packers,-3.5,50.0,50.0,43.0,50.0,50.0,-170.0,50.0,50.0
2026-09-29T04:26:16,nfl,nfl_20261004_green_bay_packers_tampa_bay_buccaneers,20261004NFL00058,CIRCA,circa,change,7,2026-09-27T21:05:00,Sep 27,9:05 PM ET,1d ago,home,Tampa Bay Buccaneers,3.5,50.0,50.0,43.0,50.0,50.0,150.0,50.0,50.0
2026-09-29T04:26:18,nfl,nfl_20261004_miami_dolphins_minnesota_vikings,20261004NFL00054,DK,draftkings,open,1,2026-05-14T22:05:00,May 14,10:05 PM ET,137d ago,away,Miami Dolphins,,0.0,0.0,,0.0,0.0,310.0,0.0,0.0
2026-09-29T04:26:18,nfl,nfl_20261004_miami_dolphins_minnesota_vikings,20261004NFL00054,DK,draftkings,open,1,2026-05-14T22:05:00,May 14,10:05 PM ET,137d ago,home,Minnesota Vikings,,0.0,0.0,,0.0,0.0,-395.0,100.0,100.0
2026-09-29T04:26:18,nfl,nfl_20261004_miami_dolphins_minnesota_vikings,20261004NFL00054,DK,draftkings,first_full,2,2026-05-15T10:25:00,May 15,10:25 AM ET,136d ago,away,Miami Dolphins,7.5,100.0,100.0,43.5,100.0,100.0,310.0,2.0,13.0
2026-09-29T04:26:18,nfl,nfl_20261004_miami_dolphins_minnesota_vikings,20261004NFL00054,DK,draftkings,first_full,2,2026-05-15T10:25:00,May 15,10:25 AM ET,136d ago,home,Minnesota Vikings,-7.5,0.0,0.0,43.5,0.0,0.0,-395.0,98.0,88.0
2026-09-29T04:26:18,nfl,nfl_20261004_miami_dolphins_minnesota_vikings,20261004NFL00054,DK,draftkings,change,3,2026-09-29T02:05:00,Sep 29,2:05 AM ET,2h ago,away,Miami Dolphins,10.5,62.0,44.0,38.5,18.0,61.0,525.0,62.0,10.0
2026-09-29T04:26:18,nfl,nfl_20261004_miami_dolphins_minnesota_vikings,20261004NFL00054,DK,draftkings,change,3,2026-09-29T02:05:00,Sep 29,2:05 AM ET,2h ago,home,Minnesota Vikings,-10.5,38.0,56.0,38.5,82.0,39.0,-750.0,38.0,90.0
2026-09-29T04:26:18,nfl,nfl_20261004_miami_dolphins_minnesota_vikings,20261004NFL00054,DK,draftkings,change,4,2026-09-29T01:05:00,Sep 29,1:05 AM ET,3h ago,away,Miami Dolphins,10.5,62.0,44.0,38.5,17.0,61.0,525.0,62.0,10.0
2026-09-29T04:26:18,nfl,nfl_20261004_miami_dolphins_minnesota_vikings,20261004NFL00054,DK,draftkings,change,4,2026-09-29T01:05:00,Sep 29,1:05 AM ET,3h ago,home,Minnesota Vikings,-10.5,38.0,56.0,38.5,83.0,39.0,-750.0,38.0,90.0
2026-09-29T04:26:18,nfl,nfl_20261004_miami_dolphins_minnesota_vikings,20261004NFL00054,DK,draftkings,change,5,2026-09-29T00:50:00,Sep 29,12:50 AM ET,3h ago,away,Miami Dolphins,10.5,62.0,43.0,38.5,17.0,61.0,525.0,62.0,10.0
2026-09-29T04:26:18,nfl,nfl_20261004_miami_dolphins_minnesota_vikings,20261004NFL00054,DK,draftkings,change,5,2026-09-29T00:50:00,Sep 29,12:50 AM ET,3h ago,home,Minnesota Vikings,-10.5,38.0,57.0,38.5,83.0,39.0,-750.0,38.0,90.0
2026-09-29T04:26:18,nfl,nfl_20261004_miami_dolphins_minnesota_vikings,20261004NFL00054,DK,draftkings,change,6,2026-09-29T00:40:00,Sep 29,12:40 AM ET,3h ago,away,Miami Dolphins,10.5,62.0,44.0,38.5,17.0,61.0,525.0,62.0,10.0
2026-09-29T04:26:18,nfl,nfl_20261004_miami_dolphins_minnesota_vikings,20261004NFL00054,DK,draftkings,change,6,2026-09-29T00:40:00,Sep 29,12:40 AM ET,3h ago,home,Minnesota Vikings,-10.5,38.0,56.0,38.5,83.0,39.0,-750.0,38.0,90.0
2026-09-29T04:26:18,nfl,nfl_20261004_miami_dolphins_minnesota_vikings,20261004NFL00054,DK,draftkings,change,7,2026-09-29T00:10:00,Sep 29,12:10 AM ET,4h ago,away,Miami Dolphins,10.5,62.0,43.0,38.5,17.0,61.0,500.0,62.0,10.0
2026-09-29T04:26:18,nfl,nfl_20261004_miami_dolphins_minnesota_vikings,20261004NFL00054,DK,draftkings,change,7,2026-09-29T00:10:00,Sep 29,12:10 AM ET,4h ago,home,Minnesota Vikings,-10.5,38.0,57.0,38.5,83.0,39.0,-700.0,38.0,90.0
2026-09-29T04:26:18,nfl,nfl_20261004_miami_dolphins_minnesota_vikings,20261004NFL00054,DK,draftkings,change,8,2026-09-29T00:05:00,Sep 29,12:05 AM ET,4h ago,away,Miami Dolphins,10.5,62.0,43.0,38.5,17.0,62.0,500.0,62.0,10.0
2026-09-29T04:26:18,nfl,nfl_20261004_miami_dolphins_minnesota_vikings,20261004NFL00054,DK,draftkings,change,8,2026-09-29T00:05:00,Sep 29,12:05 AM ET,4h ago,home,Minnesota Vikings,-10.5,38.0,57.0,38.5,83.0,38.0,-700.0,38.0,90.0
2026-09-29T04:26:18,nfl,nfl_20261004_miami_dolphins_minnesota_vikings,20261004NFL00054,DK,draftkings,change,9,2026-09-29T00:00:00,Sep 29,12:00 AM ET,4h ago,away,Miami Dolphins,10.5,62.0,43.0,38.5,17.0,63.0,500.0,62.0,10.0
2026-09-29T04:26:18,nfl,nfl_20261004_miami_dolphins_minnesota_vikings,20261004NFL00054,DK,draftkings,change,9,2026-09-29T00:00:00,Sep 29,12:00 AM ET,4h ago,home,Minnesota Vikings,-10.5,38.0,57.0,38.5,83.0,38.0,-700.0,38.0,90.0
2026-09-29T04:26:18,nfl,nfl_20261004_miami_dolphins_minnesota_vikings,20261004NFL00054,DK,draftkings,change,10,2026-09-28T23:45:00,Sep 28,11:45 PM ET,4h ago,away,Miami Dolphins,10.5,62.0,44.0,38.5,17.0,63.0,500.0,63.0,10.0
2026-09-29T04:26:18,nfl,nfl_20261004_miami_dolphins_minnesota_vikings,20261004NFL00054,DK,draftkings,change,10,2026-09-28T23:45:00,Sep 28,11:45 PM ET,4h ago,home,Minnesota Vikings,-10.5,38.0,56.0,38.5,83.0,38.0,-700.0,37.0,90.0
2026-09-29T04:26:18,nfl,nfl_20261004_miami_dolphins_minnesota_vikings,20261004NFL00054,DK,draftkings,change,11,2026-09-28T23:40:00,Sep 28,11:40 PM ET,4h ago,away,Miami Dolphins,10.5,61.0,44.0,38.5,17.0,63.0,500.0,63.0,10.0
2026-09-29T04:26:18,nfl,nfl_20261004_miami_dolphins_minnesota_vikings,20261004NFL00054,DK,draftkings,change,11,2026-09-28T23:40:00,Sep 28,11:40 PM ET,4h ago,home,Minnesota Vikings,-10.5,39.0,56.0,38.5,83.0,38.0,-700.0,37.0,90.0
2026-09-29T04:26:18,nfl,nfl_20261004_miami_dolphins_minnesota_vikings,20261004NFL00054,DK,draftkings,change,12,2026-09-28T23:20:00,Sep 28,11:20 PM ET,5h ago,away,Miami Dolphins,10.5,61.0,43.0,38.5,17.0,62.0,500.0,63.0,11.0
2026-09-29T04:26:18,nfl,nfl_20261004_miami_dolphins_minnesota_vikings,20261004NFL00054,DK,draftkings,change,12,2026-09-28T23:20:00,Sep 28,11:20 PM ET,5h ago,home,Minnesota Vikings,-10.5,39.0,57.0,38.5,83.0,38.0,-700.0,37.0,89.0
2026-09-29T04:26:18,nfl,nfl_20261004_miami_dolphins_minnesota_vikings,20261004NFL00054,DK,draftkings,change,13,2026-09-28T23:10:00,Sep 28,11:10 PM ET,5h ago,away,Miami Dolphins,10.5,61.0,43.0,38.5,17.0,61.0,500.0,63.0,11.0
2026-09-29T04:26:18,nfl,nfl_20261004_miami_dolphins_minnesota_vikings,20261004NFL00054,DK,draftkings,change,13,2026-09-28T23:10:00,Sep 28,11:10 PM ET,5h ago,home,Minnesota Vikings,-10.5,39.0,57.0,38.5,83.0,39.0,-700.0,37.0,89.0
2026-09-29T04:26:18,nfl,nfl_20261004_miami_dolphins_minnesota_vikings,20261004NFL00054,DK,draftkings,change,14,2026-09-28T22:15:00,Sep 28,10:15 PM ET,6h ago,away,Miami Dolphins,10.5,64.0,43.0,38.5,17.0,61.0,490.0,63.0,11.0
2026-09-29T04:26:18,nfl,nfl_20261004_miami_dolphins_minnesota_vikings,20261004NFL00054,DK,draftkings,change,14,2026-09-28T22:15:00,Sep 28,10:15 PM ET,6h ago,home,Minnesota Vikings,-10.5,36.0,57.0,38.5,83.0,39.0,-675.0,37.0,89.0
2026-09-29T04:26:18,nfl,nfl_20261004_miami_dolphins_minnesota_vikings,20261004NFL00054,DK,draftkings,change,15,2026-09-28T22:05:00,Sep 28,10:05 PM ET,6h ago,away,Miami Dolphins,10.5,64.0,44.0,38.5,17.0,61.0,490.0,63.0,11.0
2026-09-29T04:26:18,nfl,nfl_20261004_miami_dolphins_minnesota_vikings,20261004NFL00054,DK,draftkings,change,15,2026-09-28T22:05:00,Sep 28,10:05 PM ET,6h ago,home,Minnesota Vikings,-10.5,36.0,56.0,38.5,83.0,39.0,-675.0,37.0,89.0
2026-09-29T04:26:18,nfl,nfl_20261004_miami_dolphins_minnesota_vikings,20261004NFL00054,DK,draftkings,change,16,2026-09-28T22:00:00,Sep 28,10:00 PM ET,6h ago,away,Miami Dolphins,10.5,65.0,44.0,38.5,17.0,61.0,490.0,63.0,11.0
2026-09-29T04:26:18,nfl,nfl_20261004_miami_dolphins_minnesota_vikings,20261004NFL00054,DK,draftkings,change,16,2026-09-28T22:00:00,Sep 28,10:00 PM ET,6h ago,home,Minnesota Vikings,-10.5,35.0,56.0,38.5,83.0,39.0,-675.0,37.0,89.0
2026-09-29T04:26:18,nfl,nfl_20261004_miami_dolphins_minnesota_vikings,20261004NFL00054,DK,draftkings,change,17,2026-09-28T21:55:00,Sep 28,9:55 PM ET,6h ago,away,Miami Dolphins,10.5,65.0,43.0,38.5,17.0,61.0,490.0,63.0,11.0
2026-09-29T04:26:18,nfl,nfl_20261004_miami_dolphins_minnesota_vikings,20261004NFL00054,DK,draftkings,change,17,2026-09-28T21:55:00,Sep 28,9:55 PM ET,6h ago,home,Minnesota Vikings,-10.5,35.0,57.0,38.5,83.0,39.0,-675.0,37.0,89.0
2026-09-29T04:26:18,nfl,nfl_20261004_miami_dolphins_minnesota_vikings,20261004NFL00054,DK,draftkings,change,18,2026-09-28T21:10:00,Sep 28,9:10 PM ET,7h ago,away,Miami Dolphins,10.5,65.0,43.0,38.5,17.0,60.0,490.0,63.0,11.0
2026-09-29T04:26:18,nfl,nfl_20261004_miami_dolphins_minnesota_vikings,20261004NFL00054,DK,draftkings,change,18,2026-09-28T21:10:00,Sep 28,9:10 PM ET,7h ago,home,Minnesota Vikings,-10.5,35.0,57.0,38.5,83.0,40.0,-675.0,37.0,89.0
2026-09-29T04:26:18,nfl,nfl_20261004_miami_dolphins_minnesota_vikings,20261004NFL00054,DK,draftkings,change,19,2026-09-28T21:00:00,Sep 28,9:00 PM ET,7h ago,away,Miami Dolphins,10.5,65.0,44.0,38.5,17.0,60.0,490.0,63.0,11.0
2026-09-29T04:26:18,nfl,nfl_20261004_miami_dolphins_minnesota_vikings,20261004NFL00054,DK,draftkings,change,19,2026-09-28T21:00:00,Sep 28,9:00 PM ET,7h ago,home,Minnesota Vikings,-10.5,35.0,56.0,38.5,83.0,40.0,-675.0,37.0,89.0
2026-09-29T04:26:18,nfl,nfl_20261004_miami_dolphins_minnesota_vikings,20261004NFL00054,DK,draftkings,change,20,2026-09-28T20:45:00,Sep 28,8:45 PM ET,7h ago,away,Miami Dolphins,10.5,65.0,44.0,38.5,17.0,60.0,490.0,64.0,11.0
2026-09-29T04:26:18,nfl,nfl_20261004_miami_dolphins_minnesota_vikings,20261004NFL00054,DK,draftkings,change,20,2026-09-28T20:45:00,Sep 28,8:45 PM ET,7h ago,home,Minnesota Vikings,-10.5,35.0,56.0,38.5,83.0,40.0,-675.0,36.0,89.0
2026-09-29T04:26:18,nfl,nfl_20261004_miami_dolphins_minnesota_vikings,20261004NFL00054,DK,draftkings,change,21,2026-09-28T20:40:00,Sep 28,8:40 PM ET,7h ago,away,Miami Dolphins,10.5,65.0,45.0,38.5,17.0,60.0,490.0,64.0,11.0
2026-09-29T04:26:18,nfl,nfl_20261004_miami_dolphins_minnesota_vikings,20261004NFL00054,DK,draftkings,change,21,2026-09-28T20:40:00,Sep 28,8:40 PM ET,7h ago,home,Minnesota Vikings,-10.5,35.0,55.0,38.5,83.0,40.0,-675.0,36.0,89.0
2026-09-29T04:26:18,nfl,nfl_20261004_miami_dolphins_minnesota_vikings,20261004NFL00054,DK,draftkings,change,22,2026-09-28T20:30:00,Sep 28,8:30 PM ET,7h ago,away,Miami Dolphins,10.5,66.0,45.0,38.5,17.0,59.0,490.0,64.0,11.0
2026-09-29T04:26:18,nfl,nfl_20261004_miami_dolphins_minnesota_vikings,20261004NFL00054,DK,draftkings,change,22,2026-09-28T20:30:00,Sep 28,8:30 PM ET,7h ago,home,Minnesota Vikings,-10.5,34.0,55.0,38.5,83.0,41.0,-675.0,36.0,89.0
2026-09-29T04:26:18,nfl,nfl_20261004_miami_dolphins_minnesota_vikings,20261004NFL00054,DK,draftkings,change,23,2026-09-28T20:10:00,Sep 28,8:10 PM ET,8h ago,away,Miami Dolphins,10.5,66.0,45.0,38.5,17.0,58.0,490.0,64.0,11.0
2026-09-29T04:26:18,nfl,nfl_20261004_miami_dolphins_minnesota_vikings,20261004NFL00054,DK,draftkings,change,23,2026-09-28T20:10:00,Sep 28,8:10 PM ET,8h ago,home,Minnesota Vikings,-10.5,34.0,55.0,38.5,83.0,42.0,-675.0,36.0,89.0
2026-09-29T04:26:18,nfl,nfl_20261004_miami_dolphins_minnesota_vikings,20261004NFL00054,DK,draftkings,change,24,2026-09-28T20:00:00,Sep 28,8:00 PM ET,8h ago,away,Miami Dolphins,10.5,66.0,46.0,38.5,11.0,56.0,490.0,64.0,11.0
2026-09-29T04:26:18,nfl,nfl_20261004_miami_dolphins_minnesota_vikings,20261004NFL00054,DK,draftkings,change,24,2026-09-28T20:00:00,Sep 28,8:00 PM ET,8h ago,home,Minnesota Vikings,-10.5,34.0,54.0,38.5,89.0,44.0,-675.0,36.0,89.0
2026-09-29T04:26:18,nfl,nfl_20261004_miami_dolphins_minnesota_vikings,20261004NFL00054,DK,draftkings,change,25,2026-09-28T19:50:00,Sep 28,7:50 PM ET,8h ago,away,Miami Dolphins,10.5,66.0,46.0,38.5,10.0,56.0,490.0,64.0,10.0
2026-09-29T04:26:18,nfl,nfl_20261004_miami_dolphins_minnesota_vikings,20261004NFL00054,DK,draftkings,change,25,2026-09-28T19:50:00,Sep 28,7:50 PM ET,8h ago,home,Minnesota Vikings,-10.5,34.0,54.0,38.5,90.0,44.0,-675.0,36.0,90.0
2026-09-29T04:26:18,nfl,nfl_20261004_miami_dolphins_minnesota_vikings,20261004NFL00054,DK,draftkings,change,26,2026-09-28T19:40:00,Sep 28,7:40 PM ET,8h ago,away,Miami Dolphins,10.5,68.0,47.0,38.5,10.0,56.0,490.0,65.0,10.0
2026-09-29T04:26:18,nfl,nfl_20261004_miami_dolphins_minnesota_vikings,20261004NFL00054,DK,draftkings,change,26,2026-09-28T19:40:00,Sep 28,7:40 PM ET,8h ago,home,Minnesota Vikings,-10.5,32.0,53.0,38.5,90.0,44.0,-675.0,35.0,90.0
2026-09-29T04:26:18,nfl,nfl_20261004_miami_dolphins_minnesota_vikings,20261004NFL00054,DK,draftkings,change,27,2026-09-28T19:15:00,Sep 28,7:15 PM ET,9h ago,away,Miami Dolphins,10.5,68.0,46.0,38.5,10.0,56.0,490.0,65.0,10.0
2026-09-29T04:26:18,nfl,nfl_20261004_miami_dolphins_minnesota_vikings,20261004NFL00054,DK,draftkings,change,27,2026-09-28T19:15:00,Sep 28,7:15 PM ET,9h ago,home,Minnesota Vikings,-10.5,32.0,54.0,38.5,90.0,44.0,-675.0,35.0,90.0
2026-09-29T04:26:19,nfl,nfl_20261004_miami_dolphins_minnesota_vikings,20261004NFL00054,CIRCA,circa,open,1,2026-09-27T21:05:00,Sep 27,9:05 PM ET,1d ago,away,Miami Dolphins,10.0,50.0,50.0,41.0,50.0,50.0,425.0,50.0,50.0
2026-09-29T04:26:19,nfl,nfl_20261004_miami_dolphins_minnesota_vikings,20261004NFL00054,CIRCA,circa,open,1,2026-09-27T21:05:00,Sep 27,9:05 PM ET,1d ago,home,Minnesota Vikings,-10.0,50.0,50.0,41.0,50.0,50.0,-550.0,50.0,50.0
2026-09-29T04:26:19,nfl,nfl_20261004_miami_dolphins_minnesota_vikings,20261004NFL00054,CIRCA,circa,change,2,2026-09-29T02:30:00,Sep 29,2:30 AM ET,1h ago,away,Miami Dolphins,11.5,9.0,56.0,39.0,0.0,0.0,490.0,50.0,50.0
2026-09-29T04:26:19,nfl,nfl_20261004_miami_dolphins_minnesota_vikings,20261004NFL00054,CIRCA,circa,change,2,2026-09-29T02:30:00,Sep 29,2:30 AM ET,1h ago,home,Minnesota Vikings,-11.5,91.0,44.0,39.0,100.0,100.0,-650.0,50.0,50.0
2026-09-29T04:26:19,nfl,nfl_20261004_miami_dolphins_minnesota_vikings,20261004NFL00054,CIRCA,circa,change,3,2026-09-28T21:40:00,Sep 28,9:40 PM ET,6h ago,away,Miami Dolphins,11.5,8.0,50.0,39.0,0.0,0.0,490.0,50.0,50.0
2026-09-29T04:26:19,nfl,nfl_20261004_miami_dolphins_minnesota_vikings,20261004NFL00054,CIRCA,circa,change,3,2026-09-28T21:40:00,Sep 28,9:40 PM ET,6h ago,home,Minnesota Vikings,-11.5,92.0,50.0,39.0,100.0,100.0,-650.0,50.0,50.0
2026-09-29T04:26:19,nfl,nfl_20261004_miami_dolphins_minnesota_vikings,20261004NFL00054,CIRCA,circa,change,4,2026-09-28T16:00:00,Sep 28,4:00 PM ET,12h ago,away,Miami Dolphins,11.5,7.0,43.0,39.0,0.0,0.0,490.0,50.0,50.0
2026-09-29T04:26:19,nfl,nfl_20261004_miami_dolphins_minnesota_vikings,20261004NFL00054,CIRCA,circa,change,4,2026-09-28T16:00:00,Sep 28,4:00 PM ET,12h ago,home,Minnesota Vikings,-11.5,93.0,57.0,39.0,100.0,100.0,-650.0,50.0,50.0
2026-09-29T04:26:19,nfl,nfl_20261004_miami_dolphins_minnesota_vikings,20261004NFL00054,CIRCA,circa,change,5,2026-09-28T15:50:00,Sep 28,3:50 PM ET,12h ago,away,Miami Dolphins,10.0,1.0,33.0,39.0,0.0,0.0,425.0,50.0,50.0
2026-09-29T04:26:19,nfl,nfl_20261004_miami_dolphins_minnesota_vikings,20261004NFL00054,CIRCA,circa,change,5,2026-09-28T15:50:00,Sep 28,3:50 PM ET,12h ago,home,Minnesota Vikings,-10.0,99.0,67.0,39.0,100.0,100.0,-550.0,50.0,50.0
2026-09-29T04:26:19,nfl,nfl_20261004_miami_dolphins_minnesota_vikings,20261004NFL00054,CIRCA,circa,change,6,2026-09-28T14:40:00,Sep 28,2:40 PM ET,13h ago,away,Miami Dolphins,10.0,8.0,40.0,39.0,0.0,0.0,425.0,50.0,50.0
2026-09-29T04:26:19,nfl,nfl_20261004_miami_dolphins_minnesota_vikings,20261004NFL00054,CIRCA,circa,change,6,2026-09-28T14:40:00,Sep 28,2:40 PM ET,13h ago,home,Minnesota Vikings,-10.0,92.0,60.0,39.0,100.0,100.0,-550.0,50.0,50.0
2026-09-29T04:26:19,nfl,nfl_20261004_miami_dolphins_minnesota_vikings,20261004NFL00054,CIRCA,circa,change,7,2026-09-28T12:30:00,Sep 28,12:30 PM ET,15h ago,away,Miami Dolphins,10.0,8.0,25.0,39.0,0.0,0.0,425.0,50.0,50.0
2026-09-29T04:26:19,nfl,nfl_20261004_miami_dolphins_minnesota_vikings,20261004NFL00054,CIRCA,circa,change,7,2026-09-28T12:30:00,Sep 28,12:30 PM ET,15h ago,home,Minnesota Vikings,-10.0,92.0,75.0,39.0,100.0,100.0,-550.0,50.0,50.0
2026-09-29T04:26:19,nfl,nfl_20261004_miami_dolphins_minnesota_vikings,20261004NFL00054,CIRCA,circa,change,8,2026-09-28T12:15:00,Sep 28,12:15 PM ET,16h ago,away,Miami Dolphins,10.0,8.0,33.0,39.0,0.0,0.0,425.0,50.0,50.0
2026-09-29T04:26:19,nfl,nfl_20261004_miami_dolphins_minnesota_vikings,20261004NFL00054,CIRCA,circa,change,8,2026-09-28T12:15:00,Sep 28,12:15 PM ET,16h ago,home,Minnesota Vikings,-10.0,92.0,67.0,39.0,100.0,100.0,-550.0,50.0,50.0
2026-09-29T04:26:19,nfl,nfl_20261004_miami_dolphins_minnesota_vikings,20261004NFL00054,CIRCA,circa,change,9,2026-09-28T05:30:00,Sep 28,5:30 AM ET,22h ago,away,Miami Dolphins,10.0,33.0,50.0,39.5,0.0,0.0,425.0,50.0,50.0
2026-09-29T04:26:19,nfl,nfl_20261004_miami_dolphins_minnesota_vikings,20261004NFL00054,CIRCA,circa,change,9,2026-09-28T05:30:00,Sep 28,5:30 AM ET,22h ago,home,Minnesota Vikings,-10.0,67.0,50.0,39.5,100.0,100.0,-550.0,50.0,50.0
2026-09-29T04:26:19,nfl,nfl_20261004_miami_dolphins_minnesota_vikings,20261004NFL00054,CIRCA,circa,change,10,2026-09-28T01:05:00,Sep 28,1:05 AM ET,1d ago,away,Miami Dolphins,10.0,0.0,0.0,40.0,0.0,0.0,425.0,50.0,50.0
2026-09-29T04:26:19,nfl,nfl_20261004_miami_dolphins_minnesota_vikings,20261004NFL00054,CIRCA,circa,change,10,2026-09-28T01:05:00,Sep 28,1:05 AM ET,1d ago,home,Minnesota Vikings,-10.0,100.0,100.0,40.0,100.0,100.0,-550.0,50.0,50.0
2026-09-29T04:26:19,nfl,nfl_20261004_miami_dolphins_minnesota_vikings,20261004NFL00054,CIRCA,circa,change,11,2026-09-27T21:25:00,Sep 27,9:25 PM ET,1d ago,away,Miami Dolphins,10.0,0.0,0.0,41.0,50.0,50.0,425.0,50.0,50.0
2026-09-29T04:26:19,nfl,nfl_20261004_miami_dolphins_minnesota_vikings,20261004NFL00054,CIRCA,circa,change,11,2026-09-27T21:25:00,Sep 27,9:25 PM ET,1d ago,home,Minnesota Vikings,-10.0,100.0,100.0,41.0,50.0,50.0,-550.0,50.0,50.0
2026-09-29T04:26:19,nfl,nfl_20261004_miami_dolphins_minnesota_vikings,20261004NFL00054,CIRCA,circa,change,12,2026-09-27T21:05:00,Sep 27,9:05 PM ET,1d ago,away,Miami Dolphins,10.0,50.0,50.0,41.0,50.0,50.0,425.0,50.0,50.0
2026-09-29T04:26:19,nfl,nfl_20261004_miami_dolphins_minnesota_vikings,20261004NFL00054,CIRCA,circa,change,12,2026-09-27T21:05:00,Sep 27,9:05 PM ET,1d ago,home,Minnesota Vikings,-10.0,50.0,50.0,41.0,50.0,50.0,-550.0,50.0,50.0
2026-09-29T04:26:20,nfl,nfl_20261004_kansas_city_chiefs_las_vegas_raiders,20261004NFL00045,DK,draftkings,open,1,2026-05-15T05:55:00,May 15,5:55 AM ET,136d ago,away,Kansas City Chiefs,-5.5,100.0,100.0,,0.0,0.0,,0.0,0.0
2026-09-29T04:26:20,nfl,nfl_20261004_kansas_city_chiefs_las_vegas_raiders,20261004NFL00045,DK,draftkings,open,1,2026-05-15T05:55:00,May 15,5:55 AM ET,136d ago,home,Las Vegas Raiders,5.5,0.0,0.0,,0.0,0.0,,0.0,0.0
2026-09-29T04:26:20,nfl,nfl_20261004_kansas_city_chiefs_las_vegas_raiders,20261004NFL00045,DK,draftkings,first_full,2,2026-05-18T10:55:00,May 18,10:55 AM ET,133d ago,away,Kansas City Chiefs,-5.5,100.0,71.0,43.5,100.0,100.0,-258.0,32.0,82.0
2026-09-29T04:26:20,nfl,nfl_20261004_kansas_city_chiefs_las_vegas_raiders,20261004NFL00045,DK,draftkings,first_full,2,2026-05-18T10:55:00,May 18,10:55 AM ET,133d ago,home,Las Vegas Raiders,5.5,0.0,29.0,43.5,0.0,0.0,210.0,68.0,18.0
2026-09-29T04:26:20,nfl,nfl_20261004_kansas_city_chiefs_las_vegas_raiders,20261004NFL00045,DK,draftkings,change,3,2026-09-29T03:15:00,Sep 29,3:15 AM ET,1h ago,away,Kansas City Chiefs,-4.5,16.0,40.0,47.5,88.0,74.0,-230.0,60.0,80.0
2026-09-29T04:26:20,nfl,nfl_20261004_kansas_city_chiefs_las_vegas_raiders,20261004NFL00045,DK,draftkings,change,3,2026-09-29T03:15:00,Sep 29,3:15 AM ET,1h ago,home,Las Vegas Raiders,4.5,84.0,60.0,47.5,12.0,26.0,190.0,40.0,20.0
2026-09-29T04:26:20,nfl,nfl_20261004_kansas_city_chiefs_las_vegas_raiders,20261004NFL00045,DK,draftkings,change,4,2026-09-29T02:30:00,Sep 29,2:30 AM ET,1h ago,away,Kansas City Chiefs,-4.5,16.0,39.0,47.5,88.0,74.0,-230.0,60.0,80.0
2026-09-29T04:26:20,nfl,nfl_20261004_kansas_city_chiefs_las_vegas_raiders,20261004NFL00045,DK,draftkings,change,4,2026-09-29T02:30:00,Sep 29,2:30 AM ET,1h ago,home,Las Vegas Raiders,4.5,84.0,61.0,47.5,12.0,26.0,190.0,40.0,20.0
2026-09-29T04:26:20,nfl,nfl_20261004_kansas_city_chiefs_las_vegas_raiders,20261004NFL00045,DK,draftkings,change,5,2026-09-29T00:55:00,Sep 29,12:55 AM ET,3h ago,away,Kansas City Chiefs,-4.5,16.0,39.0,47.5,89.0,75.0,-230.0,60.0,80.0
2026-09-29T04:26:20,nfl,nfl_20261004_kansas_city_chiefs_las_vegas_raiders,20261004NFL00045,DK,draftkings,change,5,2026-09-29T00:55:00,Sep 29,12:55 AM ET,3h ago,home,Las Vegas Raiders,4.5,84.0,61.0,47.5,11.0,25.0,190.0,40.0,20.0
2026-09-29T04:26:20,nfl,nfl_20261004_kansas_city_chiefs_las_vegas_raiders,20261004NFL00045,DK,draftkings,change,6,2026-09-29T00:10:00,Sep 29,12:10 AM ET,4h ago,away,Kansas City Chiefs,-4.5,16.0,39.0,47.5,89.0,74.0,-230.0,60.0,80.0
2026-09-29T04:26:20,nfl,nfl_20261004_kansas_city_chiefs_las_vegas_raiders,20261004NFL00045,DK,draftkings,change,6,2026-09-29T00:10:00,Sep 29,12:10 AM ET,4h ago,home,Las Vegas Raiders,4.5,84.0,61.0,47.5,11.0,26.0,190.0,40.0,20.0
2026-09-29T04:26:20,nfl,nfl_20261004_kansas_city_chiefs_las_vegas_raiders,20261004NFL00045,DK,draftkings,change,7,2026-09-28T23:30:00,Sep 28,11:30 PM ET,4h ago,away,Kansas City Chiefs,-4.5,16.0,39.0,47.5,89.0,75.0,-230.0,60.0,80.0
2026-09-29T04:26:20,nfl,nfl_20261004_kansas_city_chiefs_las_vegas_raiders,20261004NFL00045,DK,draftkings,change,7,2026-09-28T23:30:00,Sep 28,11:30 PM ET,4h ago,home,Las Vegas Raiders,4.5,84.0,61.0,47.5,11.0,25.0,190.0,40.0,20.0
2026-09-29T04:26:20,nfl,nfl_20261004_kansas_city_chiefs_las_vegas_raiders,20261004NFL00045,DK,draftkings,change,8,2026-09-28T23:25:00,Sep 28,11:25 PM ET,5h ago,away,Kansas City Chiefs,-4.5,16.0,39.0,47.5,89.0,75.0,-230.0,60.0,79.0
2026-09-29T04:26:20,nfl,nfl_20261004_kansas_city_chiefs_las_vegas_raiders,20261004NFL00045,DK,draftkings,change,8,2026-09-28T23:25:00,Sep 28,11:25 PM ET,5h ago,home,Las Vegas Raiders,4.5,84.0,61.0,47.5,11.0,25.0,190.0,40.0,21.0
2026-09-29T04:26:20,nfl,nfl_20261004_kansas_city_chiefs_las_vegas_raiders,20261004NFL00045,DK,draftkings,change,9,2026-09-28T23:00:00,Sep 28,11:00 PM ET,5h ago,away,Kansas City Chiefs,-4.5,16.0,39.0,47.5,89.0,75.0,-230.0,59.0,79.0
2026-09-29T04:26:20,nfl,nfl_20261004_kansas_city_chiefs_las_vegas_raiders,20261004NFL00045,DK,draftkings,change,9,2026-09-28T23:00:00,Sep 28,11:00 PM ET,5h ago,home,Las Vegas Raiders,4.5,84.0,61.0,47.5,11.0,25.0,190.0,41.0,21.0
2026-09-29T04:26:20,nfl,nfl_20261004_kansas_city_chiefs_las_vegas_raiders,20261004NFL00045,DK,draftkings,change,10,2026-09-28T22:40:00,Sep 28,10:40 PM ET,5h ago,away,Kansas City Chiefs,-4.5,16.0,39.0,47.5,89.0,76.0,-230.0,59.0,79.0
2026-09-29T04:26:20,nfl,nfl_20261004_kansas_city_chiefs_las_vegas_raiders,20261004NFL00045,DK,draftkings,change,10,2026-09-28T22:40:00,Sep 28,10:40 PM ET,5h ago,home,Las Vegas Raiders,4.5,84.0,61.0,47.5,11.0,24.0,190.0,41.0,21.0
2026-09-29T04:26:20,nfl,nfl_20261004_kansas_city_chiefs_las_vegas_raiders,20261004NFL00045,DK,draftkings,change,11,2026-09-28T21:55:00,Sep 28,9:55 PM ET,6h ago,away,Kansas City Chiefs,-4.5,16.0,39.0,47.5,89.0,75.0,-230.0,59.0,79.0
2026-09-29T04:26:20,nfl,nfl_20261004_kansas_city_chiefs_las_vegas_raiders,20261004NFL00045,DK,draftkings,change,11,2026-09-28T21:55:00,Sep 28,9:55 PM ET,6h ago,home,Las Vegas Raiders,4.5,84.0,61.0,47.5,11.0,25.0,190.0,41.0,21.0
2026-09-29T04:26:20,nfl,nfl_20261004_kansas_city_chiefs_las_vegas_raiders,20261004NFL00045,DK,draftkings,change,12,2026-09-28T21:15:00,Sep 28,9:15 PM ET,7h ago,away,Kansas City Chiefs,-4.5,16.0,38.0,47.5,89.0,75.0,-230.0,59.0,79.0
2026-09-29T04:26:20,nfl,nfl_20261004_kansas_city_chiefs_las_vegas_raiders,20261004NFL00045,DK,draftkings,change,12,2026-09-28T21:15:00,Sep 28,9:15 PM ET,7h ago,home,Las Vegas Raiders,4.5,84.0,62.0,47.5,11.0,25.0,190.0,41.0,21.0
2026-09-29T04:26:20,nfl,nfl_20261004_kansas_city_chiefs_las_vegas_raiders,20261004NFL00045,DK,draftkings,change,13,2026-09-28T21:10:00,Sep 28,9:10 PM ET,7h ago,away,Kansas City Chiefs,-4.5,16.0,38.0,47.5,89.0,75.0,-230.0,59.0,80.0
2026-09-29T04:26:20,nfl,nfl_20261004_kansas_city_chiefs_las_vegas_raiders,20261004NFL00045,DK,draftkings,change,13,2026-09-28T21:10:00,Sep 28,9:10 PM ET,7h ago,home,Las Vegas Raiders,4.5,84.0,62.0,47.5,11.0,25.0,190.0,41.0,20.0
2026-09-29T04:26:20,nfl,nfl_20261004_kansas_city_chiefs_las_vegas_raiders,20261004NFL00045,DK,draftkings,change,14,2026-09-28T21:00:00,Sep 28,9:00 PM ET,7h ago,away,Kansas City Chiefs,-4.5,16.0,38.0,47.5,89.0,75.0,-230.0,59.0,79.0
2026-09-29T04:26:20,nfl,nfl_20261004_kansas_city_chiefs_las_vegas_raiders,20261004NFL00045,DK,draftkings,change,14,2026-09-28T21:00:00,Sep 28,9:00 PM ET,7h ago,home,Las Vegas Raiders,4.5,84.0,62.0,47.5,11.0,25.0,190.0,41.0,21.0
2026-09-29T04:26:20,nfl,nfl_20261004_kansas_city_chiefs_las_vegas_raiders,20261004NFL00045,DK,draftkings,change,15,2026-09-28T20:30:00,Sep 28,8:30 PM ET,7h ago,away,Kansas City Chiefs,-4.5,16.0,38.0,47.5,89.0,75.0,-230.0,59.0,80.0
2026-09-29T04:26:20,nfl,nfl_20261004_kansas_city_chiefs_las_vegas_raiders,20261004NFL00045,DK,draftkings,change,15,2026-09-28T20:30:00,Sep 28,8:30 PM ET,7h ago,home,Las Vegas Raiders,4.5,84.0,62.0,47.5,11.0,25.0,190.0,41.0,20.0
2026-09-29T04:26:20,nfl,nfl_20261004_kansas_city_chiefs_las_vegas_raiders,20261004NFL00045,DK,draftkings,change,16,2026-09-28T20:20:00,Sep 28,8:20 PM ET,8h ago,away,Kansas City Chiefs,-4.5,17.0,38.0,47.5,89.0,74.0,-230.0,59.0,80.0
2026-09-29T04:26:20,nfl,nfl_20261004_kansas_city_chiefs_las_vegas_raiders,20261004NFL00045,DK,draftkings,change,16,2026-09-28T20:20:00,Sep 28,8:20 PM ET,8h ago,home,Las Vegas Raiders,4.5,83.0,62.0,47.5,11.0,26.0,190.0,41.0,20.0
2026-09-29T04:26:20,nfl,nfl_20261004_kansas_city_chiefs_las_vegas_raiders,20261004NFL00045,DK,draftkings,change,17,2026-09-28T20:10:00,Sep 28,8:10 PM ET,8h ago,away,Kansas City Chiefs,-4.5,17.0,39.0,47.5,89.0,74.0,-230.0,59.0,80.0
2026-09-29T04:26:20,nfl,nfl_20261004_kansas_city_chiefs_las_vegas_raiders,20261004NFL00045,DK,draftkings,change,17,2026-09-28T20:10:00,Sep 28,8:10 PM ET,8h ago,home,Las Vegas Raiders,4.5,83.0,61.0,47.5,11.0,26.0,190.0,41.0,20.0
2026-09-29T04:26:20,nfl,nfl_20261004_kansas_city_chiefs_las_vegas_raiders,20261004NFL00045,DK,draftkings,change,18,2026-09-28T19:00:00,Sep 28,7:00 PM ET,9h ago,away,Kansas City Chiefs,-4.5,16.0,38.0,47.5,89.0,74.0,-230.0,59.0,80.0
2026-09-29T04:26:20,nfl,nfl_20261004_kansas_city_chiefs_las_vegas_raiders,20261004NFL00045,DK,draftkings,change,18,2026-09-28T19:00:00,Sep 28,7:00 PM ET,9h ago,home,Las Vegas Raiders,4.5,84.0,62.0,47.5,11.0,26.0,190.0,41.0,20.0
2026-09-29T04:26:20,nfl,nfl_20261004_kansas_city_chiefs_las_vegas_raiders,20261004NFL00045,DK,draftkings,change,19,2026-09-28T18:45:00,Sep 28,6:45 PM ET,9h ago,away,Kansas City Chiefs,-4.5,7.0,38.0,47.5,89.0,73.0,-230.0,59.0,80.0
2026-09-29T04:26:20,nfl,nfl_20261004_kansas_city_chiefs_las_vegas_raiders,20261004NFL00045,DK,draftkings,change,19,2026-09-28T18:45:00,Sep 28,6:45 PM ET,9h ago,home,Las Vegas Raiders,4.5,93.0,62.0,47.5,11.0,27.0,190.0,41.0,20.0
2026-09-29T04:26:20,nfl,nfl_20261004_kansas_city_chiefs_las_vegas_raiders,20261004NFL00045,DK,draftkings,change,20,2026-09-28T18:35:00,Sep 28,6:35 PM ET,9h ago,away,Kansas City Chiefs,-4.5,7.0,37.0,47.5,89.0,73.0,-230.0,60.0,80.0
2026-09-29T04:26:20,nfl,nfl_20261004_kansas_city_chiefs_las_vegas_raiders,20261004NFL00045,DK,draftkings,change,20,2026-09-28T18:35:00,Sep 28,6:35 PM ET,9h ago,home,Las Vegas Raiders,4.5,93.0,63.0,47.5,11.0,27.0,190.0,40.0,20.0
2026-09-29T04:26:20,nfl,nfl_20261004_kansas_city_chiefs_las_vegas_raiders,20261004NFL00045,DK,draftkings,change,21,2026-09-28T17:40:00,Sep 28,5:40 PM ET,10h ago,away,Kansas City Chiefs,-4.5,7.0,38.0,47.5,89.0,73.0,-230.0,59.0,80.0
2026-09-29T04:26:20,nfl,nfl_20261004_kansas_city_chiefs_las_vegas_raiders,20261004NFL00045,DK,draftkings,change,21,2026-09-28T17:40:00,Sep 28,5:40 PM ET,10h ago,home,Las Vegas Raiders,4.5,93.0,62.0,47.5,11.0,27.0,190.0,41.0,20.0
2026-09-29T04:26:20,nfl,nfl_20261004_kansas_city_chiefs_las_vegas_raiders,20261004NFL00045,DK,draftkings,change,22,2026-09-28T17:30:00,Sep 28,5:30 PM ET,10h ago,away,Kansas City Chiefs,-4.5,7.0,39.0,47.5,89.0,72.0,-230.0,59.0,80.0
2026-09-29T04:26:20,nfl,nfl_20261004_kansas_city_chiefs_las_vegas_raiders,20261004NFL00045,DK,draftkings,change,22,2026-09-28T17:30:00,Sep 28,5:30 PM ET,10h ago,home,Las Vegas Raiders,4.5,93.0,61.0,47.5,11.0,28.0,190.0,41.0,20.0
2026-09-29T04:26:20,nfl,nfl_20261004_kansas_city_chiefs_las_vegas_raiders,20261004NFL00045,DK,draftkings,change,23,2026-09-28T17:15:00,Sep 28,5:15 PM ET,11h ago,away,Kansas City Chiefs,-4.5,7.0,38.0,47.5,89.0,72.0,-230.0,59.0,80.0
2026-09-29T04:26:20,nfl,nfl_20261004_kansas_city_chiefs_las_vegas_raiders,20261004NFL00045,DK,draftkings,change,23,2026-09-28T17:15:00,Sep 28,5:15 PM ET,11h ago,home,Las Vegas Raiders,4.5,93.0,62.0,47.5,11.0,28.0,190.0,41.0,20.0
2026-09-29T04:26:20,nfl,nfl_20261004_kansas_city_chiefs_las_vegas_raiders,20261004NFL00045,DK,draftkings,change,24,2026-09-28T17:10:00,Sep 28,5:10 PM ET,11h ago,away,Kansas City Chiefs,-4.5,7.0,38.0,47.5,88.0,72.0,-218.0,59.0,80.0
2026-09-29T04:26:20,nfl,nfl_20261004_kansas_city_chiefs_las_vegas_raiders,20261004NFL00045,DK,draftkings,change,24,2026-09-28T17:10:00,Sep 28,5:10 PM ET,11h ago,home,Las Vegas Raiders,4.5,93.0,62.0,47.5,12.0,28.0,180.0,41.0,20.0
2026-09-29T04:26:20,nfl,nfl_20261004_kansas_city_chiefs_las_vegas_raiders,20261004NFL00045,DK,draftkings,change,25,2026-09-28T16:50:00,Sep 28,4:50 PM ET,11h ago,away,Kansas City Chiefs,-4.5,7.0,38.0,47.5,88.0,71.0,-218.0,59.0,80.0
2026-09-29T04:26:20,nfl,nfl_20261004_kansas_city_chiefs_las_vegas_raiders,20261004NFL00045,DK,draftkings,change,25,2026-09-28T16:50:00,Sep 28,4:50 PM ET,11h ago,home,Las Vegas Raiders,4.5,93.0,62.0,47.5,12.0,29.0,180.0,41.0,20.0
2026-09-29T04:26:20,nfl,nfl_20261004_kansas_city_chiefs_las_vegas_raiders,20261004NFL00045,DK,draftkings,change,26,2026-09-28T16:10:00,Sep 28,4:10 PM ET,12h ago,away,Kansas City Chiefs,-4.5,7.0,37.0,47.5,88.0,71.0,-218.0,59.0,80.0
2026-09-29T04:26:20,nfl,nfl_20261004_kansas_city_chiefs_las_vegas_raiders,20261004NFL00045,DK,draftkings,change,26,2026-09-28T16:10:00,Sep 28,4:10 PM ET,12h ago,home,Las Vegas Raiders,4.5,93.0,63.0,47.5,12.0,29.0,180.0,41.0,20.0
2026-09-29T04:26:20,nfl,nfl_20261004_kansas_city_chiefs_las_vegas_raiders,20261004NFL00045,DK,draftkings,change,27,2026-09-28T16:00:00,Sep 28,4:00 PM ET,12h ago,away,Kansas City Chiefs,-4.5,7.0,37.0,47.5,88.0,71.0,-218.0,59.0,79.0
2026-09-29T04:26:20,nfl,nfl_20261004_kansas_city_chiefs_las_vegas_raiders,20261004NFL00045,DK,draftkings,change,27,2026-09-28T16:00:00,Sep 28,4:00 PM ET,12h ago,home,Las Vegas Raiders,4.5,93.0,63.0,47.5,12.0,29.0,180.0,41.0,21.0
2026-09-29T04:26:21,nfl,nfl_20261004_kansas_city_chiefs_las_vegas_raiders,20261004NFL00045,CIRCA,circa,open,1,2026-09-27T21:05:00,Sep 27,9:05 PM ET,1d ago,away,Kansas City Chiefs,-4.5,50.0,50.0,47.0,50.0,50.0,-220.0,50.0,50.0
2026-09-29T04:26:21,nfl,nfl_20261004_kansas_city_chiefs_las_vegas_raiders,20261004NFL00045,CIRCA,circa,open,1,2026-09-27T21:05:00,Sep 27,9:05 PM ET,1d ago,home,Las Vegas Raiders,4.5,50.0,50.0,47.0,50.0,50.0,190.0,50.0,50.0
2026-09-29T04:26:21,nfl,nfl_20261004_kansas_city_chiefs_las_vegas_raiders,20261004NFL00045,CIRCA,circa,change,2,2026-09-29T02:55:00,Sep 29,2:55 AM ET,1h ago,away,Kansas City Chiefs,-4.5,87.0,33.0,48.0,61.0,50.0,-215.0,99.0,75.0
2026-09-29T04:26:21,nfl,nfl_20261004_kansas_city_chiefs_las_vegas_raiders,20261004NFL00045,CIRCA,circa,change,2,2026-09-29T02:55:00,Sep 29,2:55 AM ET,1h ago,home,Las Vegas Raiders,4.5,13.0,67.0,48.0,39.0,50.0,185.0,1.0,25.0
2026-09-29T04:26:21,nfl,nfl_20261004_kansas_city_chiefs_las_vegas_raiders,20261004NFL00045,CIRCA,circa,change,3,2026-09-29T01:05:00,Sep 29,1:05 AM ET,3h ago,away,Kansas City Chiefs,-4.5,89.0,36.0,48.0,61.0,50.0,-215.0,99.0,75.0
2026-09-29T04:26:21,nfl,nfl_20261004_kansas_city_chiefs_las_vegas_raiders,20261004NFL00045,CIRCA,circa,change,3,2026-09-29T01:05:00,Sep 29,1:05 AM ET,3h ago,home,Las Vegas Raiders,4.5,11.0,64.0,48.0,39.0,50.0,185.0,1.0,25.0
2026-09-29T04:26:21,nfl,nfl_20261004_kansas_city_chiefs_las_vegas_raiders,20261004NFL00045,CIRCA,circa,change,4,2026-09-28T20:45:00,Sep 28,8:45 PM ET,7h ago,away,Kansas City Chiefs,-4.5,89.0,36.0,48.0,61.0,50.0,-215.0,98.0,67.0
2026-09-29T04:26:21,nfl,nfl_20261004_kansas_city_chiefs_las_vegas_raiders,20261004NFL00045,CIRCA,circa,change,4,2026-09-28T20:45:00,Sep 28,8:45 PM ET,7h ago,home,Las Vegas Raiders,4.5,11.0,64.0,48.0,39.0,50.0,185.0,2.0,33.0
2026-09-29T04:26:21,nfl,nfl_20261004_kansas_city_chiefs_las_vegas_raiders,20261004NFL00045,CIRCA,circa,change,5,2026-09-28T18:26:00,Sep 28,6:26 PM ET,10h ago,away,Kansas City Chiefs,-4.5,89.0,36.0,48.0,61.0,50.0,-215.0,9.0,50.0
2026-09-29T04:26:21,nfl,nfl_20261004_kansas_city_chiefs_las_vegas_raiders,20261004NFL00045,CIRCA,circa,change,5,2026-09-28T18:26:00,Sep 28,6:26 PM ET,10h ago,home,Las Vegas Raiders,4.5,11.0,64.0,48.0,39.0,50.0,185.0,91.0,50.0
2026-09-29T04:26:21,nfl,nfl_20261004_kansas_city_chiefs_las_vegas_raiders,20261004NFL00045,CIRCA,circa,change,6,2026-09-28T18:01:00,Sep 28,6:01 PM ET,10h ago,away,Kansas City Chiefs,-4.5,88.0,30.0,48.0,61.0,50.0,-215.0,9.0,50.0
2026-09-29T04:26:21,nfl,nfl_20261004_kansas_city_chiefs_las_vegas_raiders,20261004NFL00045,CIRCA,circa,change,6,2026-09-28T18:01:00,Sep 28,6:01 PM ET,10h ago,home,Las Vegas Raiders,4.5,12.0,70.0,48.0,39.0,50.0,185.0,91.0,50.0
2026-09-29T04:26:21,nfl,nfl_20261004_kansas_city_chiefs_las_vegas_raiders,20261004NFL00045,CIRCA,circa,change,7,2026-09-28T17:05:00,Sep 28,5:05 PM ET,11h ago,away,Kansas City Chiefs,-4.5,89.0,33.0,48.0,61.0,50.0,-215.0,9.0,50.0
2026-09-29T04:26:21,nfl,nfl_20261004_kansas_city_chiefs_las_vegas_raiders,20261004NFL00045,CIRCA,circa,change,7,2026-09-28T17:05:00,Sep 28,5:05 PM ET,11h ago,home,Las Vegas Raiders,4.5,11.0,67.0,48.0,39.0,50.0,185.0,91.0,50.0
2026-09-29T04:26:21,nfl,nfl_20261004_kansas_city_chiefs_las_vegas_raiders,20261004NFL00045,CIRCA,circa,change,8,2026-09-28T14:40:00,Sep 28,2:40 PM ET,13h ago,away,Kansas City Chiefs,-4.5,5.0,25.0,48.0,61.0,50.0,-215.0,9.0,50.0
2026-09-29T04:26:21,nfl,nfl_20261004_kansas_city_chiefs_las_vegas_raiders,20261004NFL00045,CIRCA,circa,change,8,2026-09-28T14:40:00,Sep 28,2:40 PM ET,13h ago,home,Las Vegas Raiders,4.5,95.0,75.0,48.0,39.0,50.0,185.0,91.0,50.0
2026-09-29T04:26:21,nfl,nfl_20261004_kansas_city_chiefs_las_vegas_raiders,20261004NFL00045,CIRCA,circa,change,9,2026-09-28T13:50:00,Sep 28,1:50 PM ET,14h ago,away,Kansas City Chiefs,-4.5,6.0,29.0,48.0,100.0,100.0,-215.0,9.0,50.0
2026-09-29T04:26:21,nfl,nfl_20261004_kansas_city_chiefs_las_vegas_raiders,20261004NFL00045,CIRCA,circa,change,9,2026-09-28T13:50:00,Sep 28,1:50 PM ET,14h ago,home,Las Vegas Raiders,4.5,94.0,71.0,48.0,0.0,0.0,185.0,91.0,50.0
2026-09-29T04:26:21,nfl,nfl_20261004_kansas_city_chiefs_las_vegas_raiders,20261004NFL00045,CIRCA,circa,change,10,2026-09-28T12:50:00,Sep 28,12:50 PM ET,15h ago,away,Kansas City Chiefs,-4.5,6.0,29.0,48.0,100.0,100.0,-215.0,0.0,0.0
2026-09-29T04:26:21,nfl,nfl_20261004_kansas_city_chiefs_las_vegas_raiders,20261004NFL00045,CIRCA,circa,change,10,2026-09-28T12:50:00,Sep 28,12:50 PM ET,15h ago,home,Las Vegas Raiders,4.5,94.0,71.0,48.0,0.0,0.0,185.0,100.0,100.0
2026-09-29T04:26:21,nfl,nfl_20261004_kansas_city_chiefs_las_vegas_raiders,20261004NFL00045,CIRCA,circa,change,11,2026-09-28T12:30:00,Sep 28,12:30 PM ET,15h ago,away,Kansas City Chiefs,-4.5,1.0,17.0,47.0,100.0,100.0,-215.0,0.0,0.0
2026-09-29T04:26:21,nfl,nfl_20261004_kansas_city_chiefs_las_vegas_raiders,20261004NFL00045,CIRCA,circa,change,11,2026-09-28T12:30:00,Sep 28,12:30 PM ET,15h ago,home,Las Vegas Raiders,4.5,99.0,83.0,47.0,0.0,0.0,185.0,100.0,100.0
2026-09-29T04:26:21,nfl,nfl_20261004_kansas_city_chiefs_las_vegas_raiders,20261004NFL00045,CIRCA,circa,change,12,2026-09-28T00:45:00,Sep 28,12:45 AM ET,1d ago,away,Kansas City Chiefs,-4.5,0.0,0.0,47.0,100.0,100.0,-200.0,0.0,0.0
2026-09-29T04:26:21,nfl,nfl_20261004_kansas_city_chiefs_las_vegas_raiders,20261004NFL00045,CIRCA,circa,change,12,2026-09-28T00:45:00,Sep 28,12:45 AM ET,1d ago,home,Las Vegas Raiders,4.5,100.0,100.0,47.0,0.0,0.0,175.0,100.0,100.0
2026-09-29T04:26:21,nfl,nfl_20261004_kansas_city_chiefs_las_vegas_raiders,20261004NFL00045,CIRCA,circa,change,13,2026-09-28T00:25:00,Sep 28,12:25 AM ET,1d ago,away,Kansas City Chiefs,-4.5,0.0,0.0,47.0,50.0,50.0,-200.0,0.0,0.0
2026-09-29T04:26:21,nfl,nfl_20261004_kansas_city_chiefs_las_vegas_raiders,20261004NFL00045,CIRCA,circa,change,13,2026-09-28T00:25:00,Sep 28,12:25 AM ET,1d ago,home,Las Vegas Raiders,4.5,100.0,100.0,47.0,50.0,50.0,175.0,100.0,100.0
2026-09-29T04:26:21,nfl,nfl_20261004_kansas_city_chiefs_las_vegas_raiders,20261004NFL00045,CIRCA,circa,change,14,2026-09-27T23:20:00,Sep 27,11:20 PM ET,1d ago,away,Kansas City Chiefs,-4.5,50.0,50.0,47.0,50.0,50.0,-220.0,0.0,0.0
2026-09-29T04:26:21,nfl,nfl_20261004_kansas_city_chiefs_las_vegas_raiders,20261004NFL00045,CIRCA,circa,change,14,2026-09-27T23:20:00,Sep 27,11:20 PM ET,1d ago,home,Las Vegas Raiders,4.5,50.0,50.0,47.0,50.0,50.0,190.0,100.0,100.0
2026-09-29T04:26:21,nfl,nfl_20261004_kansas_city_chiefs_las_vegas_raiders,20261004NFL00045,CIRCA,circa,change,15,2026-09-27T21:05:00,Sep 27,9:05 PM ET,1d ago,away,Kansas City Chiefs,-4.5,50.0,50.0,47.0,50.0,50.0,-220.0,50.0,50.0
2026-09-29T04:26:21,nfl,nfl_20261004_kansas_city_chiefs_las_vegas_raiders,20261004NFL00045,CIRCA,circa,change,15,2026-09-27T21:05:00,Sep 27,9:05 PM ET,1d ago,home,Las Vegas Raiders,4.5,50.0,50.0,47.0,50.0,50.0,190.0,50.0,50.0
2026-09-29T04:26:22,nfl,nfl_20261004_denver_broncos_san_francisco_49ers,20261004NFL00060,DK,draftkings,open,1,2026-05-15T05:55:00,May 15,5:55 AM ET,136d ago,away,Denver Broncos,,0.0,0.0,,0.0,0.0,114.0,0.0,0.0
2026-09-29T04:26:22,nfl,nfl_20261004_denver_broncos_san_francisco_49ers,20261004NFL00060,DK,draftkings,open,1,2026-05-15T05:55:00,May 15,5:55 AM ET,136d ago,home,San Francisco 49ers,,0.0,0.0,,0.0,0.0,-135.0,100.0,100.0
2026-09-29T04:26:22,nfl,nfl_20261004_denver_broncos_san_francisco_49ers,20261004NFL00060,DK,draftkings,first_full,2,2026-05-19T18:20:00,May 19,6:20 PM ET,132d ago,away,Denver Broncos,2.5,100.0,100.0,46.5,100.0,100.0,114.0,88.0,50.0
2026-09-29T04:26:22,nfl,nfl_20261004_denver_broncos_san_francisco_49ers,20261004NFL00060,DK,draftkings,first_full,2,2026-05-19T18:20:00,May 19,6:20 PM ET,132d ago,home,San Francisco 49ers,-2.5,0.0,0.0,46.5,0.0,0.0,-135.0,12.0,50.0
2026-09-29T04:26:22,nfl,nfl_20261004_denver_broncos_san_francisco_49ers,20261004NFL00060,DK,draftkings,change,3,2026-09-29T01:15:00,Sep 29,1:15 AM ET,3h ago,away,Denver Broncos,3.0,38.0,53.0,46.5,96.0,80.0,124.0,89.0,31.0
2026-09-29T04:26:22,nfl,nfl_20261004_denver_broncos_san_francisco_49ers,20261004NFL00060,DK,draftkings,change,3,2026-09-29T01:15:00,Sep 29,1:15 AM ET,3h ago,home,San Francisco 49ers,-3.0,62.0,47.0,46.5,4.0,20.0,-148.0,11.0,69.0
2026-09-29T04:26:22,nfl,nfl_20261004_denver_broncos_san_francisco_49ers,20261004NFL00060,DK,draftkings,change,4,2026-09-29T01:00:00,Sep 29,1:00 AM ET,3h ago,away,Denver Broncos,3.0,39.0,53.0,46.5,96.0,80.0,124.0,89.0,31.0
2026-09-29T04:26:22,nfl,nfl_20261004_denver_broncos_san_francisco_49ers,20261004NFL00060,DK,draftkings,change,4,2026-09-29T01:00:00,Sep 29,1:00 AM ET,3h ago,home,San Francisco 49ers,-3.0,61.0,47.0,46.5,4.0,20.0,-148.0,11.0,69.0
2026-09-29T04:26:22,nfl,nfl_20261004_denver_broncos_san_francisco_49ers,20261004NFL00060,DK,draftkings,change,5,2026-09-29T00:15:00,Sep 29,12:15 AM ET,4h ago,away,Denver Broncos,3.0,39.0,54.0,46.5,96.0,80.0,130.0,89.0,31.0
2026-09-29T04:26:22,nfl,nfl_20261004_denver_broncos_san_francisco_49ers,20261004NFL00060,DK,draftkings,change,5,2026-09-29T00:15:00,Sep 29,12:15 AM ET,4h ago,home,San Francisco 49ers,-3.0,61.0,46.0,46.5,4.0,20.0,-155.0,11.0,69.0
2026-09-29T04:26:22,nfl,nfl_20261004_denver_broncos_san_francisco_49ers,20261004NFL00060,DK,draftkings,change,6,2026-09-29T00:10:00,Sep 29,12:10 AM ET,4h ago,away,Denver Broncos,3.0,38.0,54.0,46.5,96.0,80.0,130.0,89.0,31.0
2026-09-29T04:26:22,nfl,nfl_20261004_denver_broncos_san_francisco_49ers,20261004NFL00060,DK,draftkings,change,6,2026-09-29T00:10:00,Sep 29,12:10 AM ET,4h ago,home,San Francisco 49ers,-3.0,62.0,46.0,46.5,4.0,20.0,-155.0,11.0,69.0
2026-09-29T04:26:22,nfl,nfl_20261004_denver_broncos_san_francisco_49ers,20261004NFL00060,DK,draftkings,change,7,2026-09-29T00:00:00,Sep 29,12:00 AM ET,4h ago,away,Denver Broncos,3.0,38.0,54.0,46.5,96.0,79.0,130.0,89.0,31.0
2026-09-29T04:26:22,nfl,nfl_20261004_denver_broncos_san_francisco_49ers,20261004NFL00060,DK,draftkings,change,7,2026-09-29T00:00:00,Sep 29,12:00 AM ET,4h ago,home,San Francisco 49ers,-3.0,62.0,46.0,46.5,4.0,21.0,-155.0,11.0,69.0
2026-09-29T04:26:22,nfl,nfl_20261004_denver_broncos_san_francisco_49ers,20261004NFL00060,DK,draftkings,change,8,2026-09-28T23:50:00,Sep 28,11:50 PM ET,4h ago,away,Denver Broncos,3.0,38.0,54.0,46.5,96.0,78.0,130.0,89.0,32.0
2026-09-29T04:26:22,nfl,nfl_20261004_denver_broncos_san_francisco_49ers,20261004NFL00060,DK,draftkings,change,8,2026-09-28T23:50:00,Sep 28,11:50 PM ET,4h ago,home,San Francisco 49ers,-3.0,62.0,46.0,46.5,4.0,22.0,-155.0,11.0,68.0
2026-09-29T04:26:22,nfl,nfl_20261004_denver_broncos_san_francisco_49ers,20261004NFL00060,DK,draftkings,change,9,2026-09-28T23:40:00,Sep 28,11:40 PM ET,4h ago,away,Denver Broncos,3.0,38.0,55.0,46.5,96.0,77.0,130.0,90.0,32.0
2026-09-29T04:26:22,nfl,nfl_20261004_denver_broncos_san_francisco_49ers,20261004NFL00060,DK,draftkings,change,9,2026-09-28T23:40:00,Sep 28,11:40 PM ET,4h ago,home,San Francisco 49ers,-3.0,62.0,45.0,46.5,4.0,23.0,-155.0,10.0,68.0
2026-09-29T04:26:22,nfl,nfl_20261004_denver_broncos_san_francisco_49ers,20261004NFL00060,DK,draftkings,change,10,2026-09-28T23:30:00,Sep 28,11:30 PM ET,4h ago,away,Denver Broncos,3.0,38.0,55.0,46.5,98.0,78.0,130.0,90.0,33.0
2026-09-29T04:26:22,nfl,nfl_20261004_denver_broncos_san_francisco_49ers,20261004NFL00060,DK,draftkings,change,10,2026-09-28T23:30:00,Sep 28,11:30 PM ET,4h ago,home,San Francisco 49ers,-3.0,62.0,45.0,46.5,2.0,23.0,-155.0,10.0,67.0
2026-09-29T04:26:22,nfl,nfl_20261004_denver_broncos_san_francisco_49ers,20261004NFL00060,DK,draftkings,change,11,2026-09-28T23:25:00,Sep 28,11:25 PM ET,5h ago,away,Denver Broncos,3.0,38.0,52.0,46.5,98.0,78.0,130.0,90.0,33.0
2026-09-29T04:26:22,nfl,nfl_20261004_denver_broncos_san_francisco_49ers,20261004NFL00060,DK,draftkings,change,11,2026-09-28T23:25:00,Sep 28,11:25 PM ET,5h ago,home,San Francisco 49ers,-3.0,62.0,48.0,46.5,2.0,23.0,-155.0,10.0,67.0
2026-09-29T04:26:22,nfl,nfl_20261004_denver_broncos_san_francisco_49ers,20261004NFL00060,DK,draftkings,change,12,2026-09-28T23:20:00,Sep 28,11:20 PM ET,5h ago,away,Denver Broncos,3.0,38.0,52.0,46.5,98.0,77.0,130.0,90.0,34.0
2026-09-29T04:26:22,nfl,nfl_20261004_denver_broncos_san_francisco_49ers,20261004NFL00060,DK,draftkings,change,12,2026-09-28T23:20:00,Sep 28,11:20 PM ET,5h ago,home,San Francisco 49ers,-3.0,62.0,48.0,46.5,2.0,23.0,-155.0,10.0,66.0
2026-09-29T04:26:22,nfl,nfl_20261004_denver_broncos_san_francisco_49ers,20261004NFL00060,DK,draftkings,change,13,2026-09-28T23:00:00,Sep 28,11:00 PM ET,5h ago,away,Denver Broncos,3.0,38.0,52.0,46.5,98.0,76.0,130.0,90.0,34.0
2026-09-29T04:26:22,nfl,nfl_20261004_denver_broncos_san_francisco_49ers,20261004NFL00060,DK,draftkings,change,13,2026-09-28T23:00:00,Sep 28,11:00 PM ET,5h ago,home,San Francisco 49ers,-3.0,62.0,48.0,46.5,2.0,24.0,-155.0,10.0,66.0
2026-09-29T04:26:22,nfl,nfl_20261004_denver_broncos_san_francisco_49ers,20261004NFL00060,DK,draftkings,change,14,2026-09-28T22:50:00,Sep 28,10:50 PM ET,5h ago,away,Denver Broncos,3.0,38.0,52.0,46.5,98.0,76.0,130.0,90.0,33.0
2026-09-29T04:26:22,nfl,nfl_20261004_denver_broncos_san_francisco_49ers,20261004NFL00060,DK,draftkings,change,14,2026-09-28T22:50:00,Sep 28,10:50 PM ET,5h ago,home,San Francisco 49ers,-3.0,62.0,48.0,46.5,2.0,24.0,-155.0,10.0,67.0
2026-09-29T04:26:22,nfl,nfl_20261004_denver_broncos_san_francisco_49ers,20261004NFL00060,DK,draftkings,change,15,2026-09-28T22:00:00,Sep 28,10:00 PM ET,6h ago,away,Denver Broncos,3.0,38.0,52.0,46.5,98.0,76.0,130.0,90.0,34.0
2026-09-29T04:26:22,nfl,nfl_20261004_denver_broncos_san_francisco_49ers,20261004NFL00060,DK,draftkings,change,15,2026-09-28T22:00:00,Sep 28,10:00 PM ET,6h ago,home,San Francisco 49ers,-3.0,62.0,48.0,46.5,2.0,24.0,-155.0,10.0,66.0
2026-09-29T04:26:22,nfl,nfl_20261004_denver_broncos_san_francisco_49ers,20261004NFL00060,DK,draftkings,change,16,2026-09-28T21:45:00,Sep 28,9:45 PM ET,6h ago,away,Denver Broncos,3.0,38.0,53.0,46.5,98.0,76.0,130.0,90.0,34.0
2026-09-29T04:26:22,nfl,nfl_20261004_denver_broncos_san_francisco_49ers,20261004NFL00060,DK,draftkings,change,16,2026-09-28T21:45:00,Sep 28,9:45 PM ET,6h ago,home,San Francisco 49ers,-3.0,62.0,47.0,46.5,2.0,24.0,-155.0,10.0,66.0
2026-09-29T04:26:22,nfl,nfl_20261004_denver_broncos_san_francisco_49ers,20261004NFL00060,DK,draftkings,change,17,2026-09-28T21:30:00,Sep 28,9:30 PM ET,6h ago,away,Denver Broncos,3.0,38.0,53.0,46.5,98.0,76.0,130.0,90.0,35.0
2026-09-29T04:26:22,nfl,nfl_20261004_denver_broncos_san_francisco_49ers,20261004NFL00060,DK,draftkings,change,17,2026-09-28T21:30:00,Sep 28,9:30 PM ET,6h ago,home,San Francisco 49ers,-3.0,62.0,47.0,46.5,2.0,24.0,-155.0,10.0,65.0
2026-09-29T04:26:22,nfl,nfl_20261004_denver_broncos_san_francisco_49ers,20261004NFL00060,DK,draftkings,change,18,2026-09-28T21:10:00,Sep 28,9:10 PM ET,7h ago,away,Denver Broncos,3.0,38.0,53.0,46.5,98.0,76.0,130.0,91.0,35.0
2026-09-29T04:26:22,nfl,nfl_20261004_denver_broncos_san_francisco_49ers,20261004NFL00060,DK,draftkings,change,18,2026-09-28T21:10:00,Sep 28,9:10 PM ET,7h ago,home,San Francisco 49ers,-3.0,62.0,47.0,46.5,2.0,24.0,-155.0,9.0,65.0
2026-09-29T04:26:22,nfl,nfl_20261004_denver_broncos_san_francisco_49ers,20261004NFL00060,DK,draftkings,change,19,2026-09-28T20:40:00,Sep 28,8:40 PM ET,7h ago,away,Denver Broncos,3.0,38.0,54.0,46.5,98.0,76.0,130.0,91.0,35.0
2026-09-29T04:26:22,nfl,nfl_20261004_denver_broncos_san_francisco_49ers,20261004NFL00060,DK,draftkings,change,19,2026-09-28T20:40:00,Sep 28,8:40 PM ET,7h ago,home,San Francisco 49ers,-3.0,62.0,46.0,46.5,2.0,24.0,-155.0,9.0,65.0
2026-09-29T04:26:22,nfl,nfl_20261004_denver_broncos_san_francisco_49ers,20261004NFL00060,DK,draftkings,change,20,2026-09-28T20:20:00,Sep 28,8:20 PM ET,8h ago,away,Denver Broncos,3.0,38.0,55.0,46.5,98.0,76.0,130.0,91.0,35.0
2026-09-29T04:26:22,nfl,nfl_20261004_denver_broncos_san_francisco_49ers,20261004NFL00060,DK,draftkings,change,20,2026-09-28T20:20:00,Sep 28,8:20 PM ET,8h ago,home,San Francisco 49ers,-3.0,62.0,45.0,46.5,2.0,24.0,-155.0,9.0,65.0
2026-09-29T04:26:22,nfl,nfl_20261004_denver_broncos_san_francisco_49ers,20261004NFL00060,DK,draftkings,change,21,2026-09-28T20:10:00,Sep 28,8:10 PM ET,8h ago,away,Denver Broncos,3.0,39.0,55.0,46.5,98.0,76.0,130.0,91.0,36.0
2026-09-29T04:26:22,nfl,nfl_20261004_denver_broncos_san_francisco_49ers,20261004NFL00060,DK,draftkings,change,21,2026-09-28T20:10:00,Sep 28,8:10 PM ET,8h ago,home,San Francisco 49ers,-3.0,61.0,45.0,46.5,2.0,24.0,-155.0,9.0,64.0
2026-09-29T04:26:22,nfl,nfl_20261004_denver_broncos_san_francisco_49ers,20261004NFL00060,DK,draftkings,change,22,2026-09-28T20:00:00,Sep 28,8:00 PM ET,8h ago,away,Denver Broncos,3.0,39.0,56.0,46.5,98.0,76.0,130.0,91.0,36.0
2026-09-29T04:26:22,nfl,nfl_20261004_denver_broncos_san_francisco_49ers,20261004NFL00060,DK,draftkings,change,22,2026-09-28T20:00:00,Sep 28,8:00 PM ET,8h ago,home,San Francisco 49ers,-3.0,61.0,44.0,46.5,2.0,24.0,-155.0,9.0,64.0
2026-09-29T04:26:22,nfl,nfl_20261004_denver_broncos_san_francisco_49ers,20261004NFL00060,DK,draftkings,change,23,2026-09-28T19:50:00,Sep 28,7:50 PM ET,8h ago,away,Denver Broncos,3.0,39.0,56.0,46.5,98.0,76.0,130.0,91.0,35.0
2026-09-29T04:26:22,nfl,nfl_20261004_denver_broncos_san_francisco_49ers,20261004NFL00060,DK,draftkings,change,23,2026-09-28T19:50:00,Sep 28,7:50 PM ET,8h ago,home,San Francisco 49ers,-3.0,61.0,44.0,46.5,2.0,24.0,-155.0,9.0,65.0
2026-09-29T04:26:22,nfl,nfl_20261004_denver_broncos_san_francisco_49ers,20261004NFL00060,DK,draftkings,change,24,2026-09-28T19:40:00,Sep 28,7:40 PM ET,8h ago,away,Denver Broncos,3.0,39.0,57.0,46.5,98.0,76.0,130.0,91.0,35.0
2026-09-29T04:26:22,nfl,nfl_20261004_denver_broncos_san_francisco_49ers,20261004NFL00060,DK,draftkings,change,24,2026-09-28T19:40:00,Sep 28,7:40 PM ET,8h ago,home,San Francisco 49ers,-3.0,61.0,43.0,46.5,2.0,24.0,-155.0,9.0,65.0
2026-09-29T04:26:22,nfl,nfl_20261004_denver_broncos_san_francisco_49ers,20261004NFL00060,DK,draftkings,change,25,2026-09-28T19:30:00,Sep 28,7:30 PM ET,8h ago,away,Denver Broncos,3.0,39.0,58.0,46.5,98.0,76.0,130.0,91.0,35.0
2026-09-29T04:26:22,nfl,nfl_20261004_denver_broncos_san_francisco_49ers,20261004NFL00060,DK,draftkings,change,25,2026-09-28T19:30:00,Sep 28,7:30 PM ET,8h ago,home,San Francisco 49ers,-3.0,61.0,42.0,46.5,2.0,24.0,-155.0,9.0,65.0
2026-09-29T04:26:22,nfl,nfl_20261004_denver_broncos_san_francisco_49ers,20261004NFL00060,DK,draftkings,change,26,2026-09-28T19:10:00,Sep 28,7:10 PM ET,9h ago,away,Denver Broncos,3.0,39.0,57.0,46.5,97.0,75.0,130.0,91.0,35.0
2026-09-29T04:26:22,nfl,nfl_20261004_denver_broncos_san_francisco_49ers,20261004NFL00060,DK,draftkings,change,26,2026-09-28T19:10:00,Sep 28,7:10 PM ET,9h ago,home,San Francisco 49ers,-3.0,61.0,43.0,46.5,3.0,25.0,-155.0,9.0,65.0
2026-09-29T04:26:22,nfl,nfl_20261004_denver_broncos_san_francisco_49ers,20261004NFL00060,DK,draftkings,change,27,2026-09-28T19:00:00,Sep 28,7:00 PM ET,9h ago,away,Denver Broncos,3.0,39.0,58.0,46.5,97.0,77.0,130.0,91.0,35.0
2026-09-29T04:26:22,nfl,nfl_20261004_denver_broncos_san_francisco_49ers,20261004NFL00060,DK,draftkings,change,27,2026-09-28T19:00:00,Sep 28,7:00 PM ET,9h ago,home,San Francisco 49ers,-3.0,61.0,42.0,46.5,3.0,23.0,-155.0,9.0,65.0
2026-09-29T04:26:23,nfl,nfl_20261004_denver_broncos_san_francisco_49ers,20261004NFL00060,CIRCA,circa,open,1,2026-09-28T10:25:00,Sep 28,10:25 AM ET,18h ago,away,Denver Broncos,2.5,50.0,50.0,46.0,50.0,50.0,125.0,50.0,50.0
2026-09-29T04:26:23,nfl,nfl_20261004_denver_broncos_san_francisco_49ers,20261004NFL00060,CIRCA,circa,open,1,2026-09-28T10:25:00,Sep 28,10:25 AM ET,18h ago,home,San Francisco 49ers,-2.5,50.0,50.0,46.0,50.0,50.0,-145.0,50.0,50.0
2026-09-29T04:26:23,nfl,nfl_20261004_denver_broncos_san_francisco_49ers,20261004NFL00060,CIRCA,circa,change,2,2026-09-29T00:15:00,Sep 29,12:15 AM ET,4h ago,away,Denver Broncos,2.5,3.0,14.0,47.0,0.0,0.0,130.0,0.0,0.0
2026-09-29T04:26:23,nfl,nfl_20261004_denver_broncos_san_francisco_49ers,20261004NFL00060,CIRCA,circa,change,2,2026-09-29T00:15:00,Sep 29,12:15 AM ET,4h ago,home,San Francisco 49ers,-2.5,97.0,86.0,47.0,100.0,100.0,-150.0,100.0,100.0
2026-09-29T04:26:23,nfl,nfl_20261004_denver_broncos_san_francisco_49ers,20261004NFL00060,CIRCA,circa,change,3,2026-09-28T20:20:00,Sep 28,8:20 PM ET,8h ago,away,Denver Broncos,2.5,4.0,17.0,47.0,0.0,0.0,130.0,0.0,0.0
2026-09-29T04:26:23,nfl,nfl_20261004_denver_broncos_san_francisco_49ers,20261004NFL00060,CIRCA,circa,change,3,2026-09-28T20:20:00,Sep 28,8:20 PM ET,8h ago,home,San Francisco 49ers,-2.5,96.0,83.0,47.0,100.0,100.0,-150.0,100.0,100.0
2026-09-29T04:26:23,nfl,nfl_20261004_denver_broncos_san_francisco_49ers,20261004NFL00060,CIRCA,circa,change,4,2026-09-28T18:26:00,Sep 28,6:26 PM ET,10h ago,away,Denver Broncos,2.5,4.0,17.0,47.0,0.0,0.0,130.0,50.0,50.0
2026-09-29T04:26:23,nfl,nfl_20261004_denver_broncos_san_francisco_49ers,20261004NFL00060,CIRCA,circa,change,4,2026-09-28T18:26:00,Sep 28,6:26 PM ET,10h ago,home,San Francisco 49ers,-2.5,96.0,83.0,47.0,100.0,100.0,-150.0,50.0,50.0
2026-09-29T04:26:23,nfl,nfl_20261004_denver_broncos_san_francisco_49ers,20261004NFL00060,CIRCA,circa,change,5,2026-09-28T15:20:00,Sep 28,3:20 PM ET,13h ago,away,Denver Broncos,2.5,5.0,20.0,47.0,0.0,0.0,130.0,50.0,50.0
2026-09-29T04:26:23,nfl,nfl_20261004_denver_broncos_san_francisco_49ers,20261004NFL00060,CIRCA,circa,change,5,2026-09-28T15:20:00,Sep 28,3:20 PM ET,13h ago,home,San Francisco 49ers,-2.5,95.0,80.0,47.0,100.0,100.0,-150.0,50.0,50.0
2026-09-29T04:26:23,nfl,nfl_20261004_denver_broncos_san_francisco_49ers,20261004NFL00060,CIRCA,circa,change,6,2026-09-28T14:40:00,Sep 28,2:40 PM ET,13h ago,away,Denver Broncos,2.5,6.0,25.0,47.0,0.0,0.0,130.0,50.0,50.0
2026-09-29T04:26:23,nfl,nfl_20261004_denver_broncos_san_francisco_49ers,20261004NFL00060,CIRCA,circa,change,6,2026-09-28T14:40:00,Sep 28,2:40 PM ET,13h ago,home,San Francisco 49ers,-2.5,94.0,75.0,47.0,100.0,100.0,-150.0,50.0,50.0
2026-09-29T04:26:23,nfl,nfl_20261004_denver_broncos_san_francisco_49ers,20261004NFL00060,CIRCA,circa,change,7,2026-09-28T11:30:00,Sep 28,11:30 AM ET,16h ago,away,Denver Broncos,2.5,0.0,0.0,46.0,50.0,50.0,130.0,50.0,50.0
2026-09-29T04:26:23,nfl,nfl_20261004_denver_broncos_san_francisco_49ers,20261004NFL00060,CIRCA,circa,change,7,2026-09-28T11:30:00,Sep 28,11:30 AM ET,16h ago,home,San Francisco 49ers,-2.5,100.0,100.0,46.0,50.0,50.0,-150.0,50.0,50.0
2026-09-29T04:26:23,nfl,nfl_20261004_denver_broncos_san_francisco_49ers,20261004NFL00060,CIRCA,circa,change,8,2026-09-28T10:25:00,Sep 28,10:25 AM ET,18h ago,away,Denver Broncos,2.5,50.0,50.0,46.0,50.0,50.0,125.0,50.0,50.0
2026-09-29T04:26:23,nfl,nfl_20261004_denver_broncos_san_francisco_49ers,20261004NFL00060,CIRCA,circa,change,8,2026-09-28T10:25:00,Sep 28,10:25 AM ET,18h ago,home,San Francisco 49ers,-2.5,50.0,50.0,46.0,50.0,50.0,-145.0,50.0,50.0
2026-09-29T04:26:24,nfl,nfl_20261004_los_angeles_chargers_seattle_seahawks,20261004NFL00061,DK,draftkings,open,1,2026-05-14T22:00:00,May 14,10:00 PM ET,137d ago,away,Los Angeles Chargers,,0.0,0.0,,0.0,0.0,136.0,100.0,100.0
2026-09-29T04:26:24,nfl,nfl_20261004_los_angeles_chargers_seattle_seahawks,20261004NFL00061,DK,draftkings,open,1,2026-05-14T22:00:00,May 14,10:00 PM ET,137d ago,home,Seattle Seahawks,,0.0,0.0,,0.0,0.0,-162.0,0.0,0.0
2026-09-29T04:26:24,nfl,nfl_20261004_los_angeles_chargers_seattle_seahawks,20261004NFL00061,DK,draftkings,first_full,2,2026-05-18T14:30:00,May 18,2:30 PM ET,133d ago,away,Los Angeles Chargers,3.0,10.0,60.0,45.5,100.0,100.0,136.0,98.0,72.0
2026-09-29T04:26:24,nfl,nfl_20261004_los_angeles_chargers_seattle_seahawks,20261004NFL00061,DK,draftkings,first_full,2,2026-05-18T14:30:00,May 18,2:30 PM ET,133d ago,home,Seattle Seahawks,-3.0,90.0,40.0,45.5,0.0,0.0,-162.0,2.0,28.0
2026-09-29T04:26:24,nfl,nfl_20261004_los_angeles_chargers_seattle_seahawks,20261004NFL00061,DK,draftkings,change,3,2026-09-29T04:25:00,Sep 29,4:25 AM ET,1m ago,away,Los Angeles Chargers,7.0,2.0,43.0,42.5,61.0,71.0,280.0,4.0,22.0
2026-09-29T04:26:24,nfl,nfl_20261004_los_angeles_chargers_seattle_seahawks,20261004NFL00061,DK,draftkings,change,3,2026-09-29T04:25:00,Sep 29,4:25 AM ET,1m ago,home,Seattle Seahawks,-7.0,98.0,57.0,42.5,39.0,29.0,-355.0,96.0,78.0
2026-09-29T04:26:24,nfl,nfl_20261004_los_angeles_chargers_seattle_seahawks,20261004NFL00061,DK,draftkings,change,4,2026-09-29T02:15:00,Sep 29,2:15 AM ET,2h ago,away,Los Angeles Chargers,7.0,2.0,43.0,42.5,61.0,72.0,280.0,4.0,22.0
2026-09-29T04:26:24,nfl,nfl_20261004_los_angeles_chargers_seattle_seahawks,20261004NFL00061,DK,draftkings,change,4,2026-09-29T02:15:00,Sep 29,2:15 AM ET,2h ago,home,Seattle Seahawks,-7.0,98.0,57.0,42.5,39.0,28.0,-355.0,96.0,78.0
2026-09-29T04:26:24,nfl,nfl_20261004_los_angeles_chargers_seattle_seahawks,20261004NFL00061,DK,draftkings,change,5,2026-09-29T01:55:00,Sep 29,1:55 AM ET,2h ago,away,Los Angeles Chargers,7.0,2.0,43.0,42.5,61.0,72.0,280.0,4.0,23.0
2026-09-29T04:26:24,nfl,nfl_20261004_los_angeles_chargers_seattle_seahawks,20261004NFL00061,DK,draftkings,change,5,2026-09-29T01:55:00,Sep 29,1:55 AM ET,2h ago,home,Seattle Seahawks,-7.0,98.0,57.0,42.5,39.0,28.0,-355.0,96.0,77.0
2026-09-29T04:26:24,nfl,nfl_20261004_los_angeles_chargers_seattle_seahawks,20261004NFL00061,DK,draftkings,change,6,2026-09-29T01:50:00,Sep 29,1:50 AM ET,2h ago,away,Los Angeles Chargers,7.0,2.0,43.0,42.5,61.0,72.0,280.0,4.0,22.0
2026-09-29T04:26:24,nfl,nfl_20261004_los_angeles_chargers_seattle_seahawks,20261004NFL00061,DK,draftkings,change,6,2026-09-29T01:50:00,Sep 29,1:50 AM ET,2h ago,home,Seattle Seahawks,-7.0,98.0,57.0,42.5,39.0,28.0,-355.0,96.0,78.0
2026-09-29T04:26:24,nfl,nfl_20261004_los_angeles_chargers_seattle_seahawks,20261004NFL00061,DK,draftkings,change,7,2026-09-29T01:40:00,Sep 29,1:40 AM ET,2h ago,away,Los Angeles Chargers,7.0,2.0,44.0,42.5,61.0,72.0,280.0,4.0,23.0
2026-09-29T04:26:24,nfl,nfl_20261004_los_angeles_chargers_seattle_seahawks,20261004NFL00061,DK,draftkings,change,7,2026-09-29T01:40:00,Sep 29,1:40 AM ET,2h ago,home,Seattle Seahawks,-7.0,98.0,56.0,42.5,39.0,28.0,-355.0,96.0,77.0
2026-09-29T04:26:24,nfl,nfl_20261004_los_angeles_chargers_seattle_seahawks,20261004NFL00061,DK,draftkings,change,8,2026-09-29T01:30:00,Sep 29,1:30 AM ET,2h ago,away,Los Angeles Chargers,7.0,2.0,44.0,42.5,61.0,72.0,280.0,4.0,22.0
2026-09-29T04:26:24,nfl,nfl_20261004_los_angeles_chargers_seattle_seahawks,20261004NFL00061,DK,draftkings,change,8,2026-09-29T01:30:00,Sep 29,1:30 AM ET,2h ago,home,Seattle Seahawks,-7.0,98.0,56.0,42.5,39.0,28.0,-355.0,96.0,78.0
2026-09-29T04:26:24,nfl,nfl_20261004_los_angeles_chargers_seattle_seahawks,20261004NFL00061,DK,draftkings,change,9,2026-09-29T00:40:00,Sep 29,12:40 AM ET,3h ago,away,Los Angeles Chargers,7.0,2.0,43.0,42.5,61.0,72.0,280.0,4.0,22.0
2026-09-29T04:26:24,nfl,nfl_20261004_los_angeles_chargers_seattle_seahawks,20261004NFL00061,DK,draftkings,change,9,2026-09-29T00:40:00,Sep 29,12:40 AM ET,3h ago,home,Seattle Seahawks,-7.0,98.0,57.0,42.5,39.0,28.0,-355.0,96.0,78.0
2026-09-29T04:26:24,nfl,nfl_20261004_los_angeles_chargers_seattle_seahawks,20261004NFL00061,DK,draftkings,change,10,2026-09-29T00:35:00,Sep 29,12:35 AM ET,3h ago,away,Los Angeles Chargers,7.0,2.0,42.0,42.5,61.0,72.0,285.0,4.0,22.0
2026-09-29T04:26:24,nfl,nfl_20261004_los_angeles_chargers_seattle_seahawks,20261004NFL00061,DK,draftkings,change,10,2026-09-29T00:35:00,Sep 29,12:35 AM ET,3h ago,home,Seattle Seahawks,-7.0,98.0,58.0,42.5,39.0,28.0,-360.0,96.0,78.0
2026-09-29T04:26:24,nfl,nfl_20261004_los_angeles_chargers_seattle_seahawks,20261004NFL00061,DK,draftkings,change,11,2026-09-29T00:10:00,Sep 29,12:10 AM ET,4h ago,away,Los Angeles Chargers,7.0,2.0,42.0,42.5,61.0,72.0,280.0,3.0,22.0
2026-09-29T04:26:24,nfl,nfl_20261004_los_angeles_chargers_seattle_seahawks,20261004NFL00061,DK,draftkings,change,11,2026-09-29T00:10:00,Sep 29,12:10 AM ET,4h ago,home,Seattle Seahawks,-7.0,98.0,58.0,42.5,39.0,28.0,-355.0,97.0,78.0
2026-09-29T04:26:24,nfl,nfl_20261004_los_angeles_chargers_seattle_seahawks,20261004NFL00061,DK,draftkings,change,12,2026-09-29T00:00:00,Sep 29,12:00 AM ET,4h ago,away,Los Angeles Chargers,7.0,2.0,42.0,42.5,61.0,71.0,280.0,3.0,22.0
2026-09-29T04:26:24,nfl,nfl_20261004_los_angeles_chargers_seattle_seahawks,20261004NFL00061,DK,draftkings,change,12,2026-09-29T00:00:00,Sep 29,12:00 AM ET,4h ago,home,Seattle Seahawks,-7.0,98.0,58.0,42.5,39.0,29.0,-355.0,97.0,78.0
2026-09-29T04:26:24,nfl,nfl_20261004_los_angeles_chargers_seattle_seahawks,20261004NFL00061,DK,draftkings,change,13,2026-09-28T23:50:00,Sep 28,11:50 PM ET,4h ago,away,Los Angeles Chargers,7.0,2.0,42.0,42.5,61.0,71.0,280.0,5.0,22.0
2026-09-29T04:26:24,nfl,nfl_20261004_los_angeles_chargers_seattle_seahawks,20261004NFL00061,DK,draftkings,change,13,2026-09-28T23:50:00,Sep 28,11:50 PM ET,4h ago,home,Seattle Seahawks,-7.0,98.0,58.0,42.5,39.0,29.0,-355.0,95.0,78.0
2026-09-29T04:26:24,nfl,nfl_20261004_los_angeles_chargers_seattle_seahawks,20261004NFL00061,DK,draftkings,change,14,2026-09-28T23:40:00,Sep 28,11:40 PM ET,4h ago,away,Los Angeles Chargers,7.0,2.0,42.0,42.5,61.0,71.0,280.0,5.0,23.0
2026-09-29T04:26:24,nfl,nfl_20261004_los_angeles_chargers_seattle_seahawks,20261004NFL00061,DK,draftkings,change,14,2026-09-28T23:40:00,Sep 28,11:40 PM ET,4h ago,home,Seattle Seahawks,-7.0,98.0,58.0,42.5,39.0,29.0,-355.0,95.0,77.0
2026-09-29T04:26:24,nfl,nfl_20261004_los_angeles_chargers_seattle_seahawks,20261004NFL00061,DK,draftkings,change,15,2026-09-28T23:30:00,Sep 28,11:30 PM ET,4h ago,away,Los Angeles Chargers,7.0,2.0,41.0,42.5,61.0,69.0,280.0,5.0,23.0
2026-09-29T04:26:24,nfl,nfl_20261004_los_angeles_chargers_seattle_seahawks,20261004NFL00061,DK,draftkings,change,15,2026-09-28T23:30:00,Sep 28,11:30 PM ET,4h ago,home,Seattle Seahawks,-7.0,98.0,59.0,42.5,39.0,31.0,-355.0,95.0,77.0
2026-09-29T04:26:24,nfl,nfl_20261004_los_angeles_chargers_seattle_seahawks,20261004NFL00061,DK,draftkings,change,16,2026-09-28T23:15:00,Sep 28,11:15 PM ET,5h ago,away,Los Angeles Chargers,7.0,2.0,37.0,42.5,61.0,69.0,280.0,4.0,23.0
2026-09-29T04:26:24,nfl,nfl_20261004_los_angeles_chargers_seattle_seahawks,20261004NFL00061,DK,draftkings,change,16,2026-09-28T23:15:00,Sep 28,11:15 PM ET,5h ago,home,Seattle Seahawks,-7.0,98.0,63.0,42.5,39.0,31.0,-355.0,96.0,77.0
2026-09-29T04:26:24,nfl,nfl_20261004_los_angeles_chargers_seattle_seahawks,20261004NFL00061,DK,draftkings,change,17,2026-09-28T23:10:00,Sep 28,11:10 PM ET,5h ago,away,Los Angeles Chargers,7.0,2.0,36.0,42.5,61.0,69.0,280.0,4.0,23.0
2026-09-29T04:26:24,nfl,nfl_20261004_los_angeles_chargers_seattle_seahawks,20261004NFL00061,DK,draftkings,change,17,2026-09-28T23:10:00,Sep 28,11:10 PM ET,5h ago,home,Seattle Seahawks,-7.0,98.0,64.0,42.5,39.0,31.0,-355.0,96.0,77.0
2026-09-29T04:26:24,nfl,nfl_20261004_los_angeles_chargers_seattle_seahawks,20261004NFL00061,DK,draftkings,change,18,2026-09-28T23:00:00,Sep 28,11:00 PM ET,5h ago,away,Los Angeles Chargers,7.0,2.0,37.0,42.5,47.0,68.0,280.0,4.0,23.0
2026-09-29T04:26:24,nfl,nfl_20261004_los_angeles_chargers_seattle_seahawks,20261004NFL00061,DK,draftkings,change,18,2026-09-28T23:00:00,Sep 28,11:00 PM ET,5h ago,home,Seattle Seahawks,-7.0,98.0,63.0,42.5,53.0,32.0,-355.0,96.0,77.0
2026-09-29T04:26:24,nfl,nfl_20261004_los_angeles_chargers_seattle_seahawks,20261004NFL00061,DK,draftkings,change,19,2026-09-28T22:50:00,Sep 28,10:50 PM ET,5h ago,away,Los Angeles Chargers,7.0,2.0,36.0,42.5,47.0,67.0,280.0,4.0,23.0
2026-09-29T04:26:24,nfl,nfl_20261004_los_angeles_chargers_seattle_seahawks,20261004NFL00061,DK,draftkings,change,19,2026-09-28T22:50:00,Sep 28,10:50 PM ET,5h ago,home,Seattle Seahawks,-7.0,98.0,64.0,42.5,53.0,33.0,-355.0,96.0,77.0
2026-09-29T04:26:24,nfl,nfl_20261004_los_angeles_chargers_seattle_seahawks,20261004NFL00061,DK,draftkings,change,20,2026-09-28T22:15:00,Sep 28,10:15 PM ET,6h ago,away,Los Angeles Chargers,7.0,2.0,37.0,42.5,47.0,67.0,280.0,4.0,23.0
2026-09-29T04:26:24,nfl,nfl_20261004_los_angeles_chargers_seattle_seahawks,20261004NFL00061,DK,draftkings,change,20,2026-09-28T22:15:00,Sep 28,10:15 PM ET,6h ago,home,Seattle Seahawks,-7.0,98.0,63.0,42.5,53.0,33.0,-355.0,96.0,77.0
2026-09-29T04:26:24,nfl,nfl_20261004_los_angeles_chargers_seattle_seahawks,20261004NFL00061,DK,draftkings,change,21,2026-09-28T22:00:00,Sep 28,10:00 PM ET,6h ago,away,Los Angeles Chargers,7.0,2.0,37.0,42.5,47.0,67.0,280.0,4.0,24.0
2026-09-29T04:26:24,nfl,nfl_20261004_los_angeles_chargers_seattle_seahawks,20261004NFL00061,DK,draftkings,change,21,2026-09-28T22:00:00,Sep 28,10:00 PM ET,6h ago,home,Seattle Seahawks,-7.0,98.0,63.0,42.5,53.0,33.0,-355.0,96.0,76.0
2026-09-29T04:26:24,nfl,nfl_20261004_los_angeles_chargers_seattle_seahawks,20261004NFL00061,DK,draftkings,change,22,2026-09-28T21:30:00,Sep 28,9:30 PM ET,6h ago,away,Los Angeles Chargers,7.0,2.0,36.0,43.5,47.0,67.0,280.0,4.0,24.0
2026-09-29T04:26:24,nfl,nfl_20261004_los_angeles_chargers_seattle_seahawks,20261004NFL00061,DK,draftkings,change,22,2026-09-28T21:30:00,Sep 28,9:30 PM ET,6h ago,home,Seattle Seahawks,-7.0,98.0,64.0,43.5,53.0,33.0,-355.0,96.0,76.0
2026-09-29T04:26:24,nfl,nfl_20261004_los_angeles_chargers_seattle_seahawks,20261004NFL00061,DK,draftkings,change,23,2026-09-28T21:20:00,Sep 28,9:20 PM ET,7h ago,away,Los Angeles Chargers,7.0,2.0,36.0,43.5,46.0,66.0,280.0,4.0,24.0
2026-09-29T04:26:24,nfl,nfl_20261004_los_angeles_chargers_seattle_seahawks,20261004NFL00061,DK,draftkings,change,23,2026-09-28T21:20:00,Sep 28,9:20 PM ET,7h ago,home,Seattle Seahawks,-7.0,98.0,64.0,43.5,54.0,34.0,-355.0,96.0,76.0
2026-09-29T04:26:24,nfl,nfl_20261004_los_angeles_chargers_seattle_seahawks,20261004NFL00061,DK,draftkings,change,24,2026-09-28T21:15:00,Sep 28,9:15 PM ET,7h ago,away,Los Angeles Chargers,7.0,2.0,36.0,43.5,46.0,66.0,280.0,3.0,24.0
2026-09-29T04:26:24,nfl,nfl_20261004_los_angeles_chargers_seattle_seahawks,20261004NFL00061,DK,draftkings,change,24,2026-09-28T21:15:00,Sep 28,9:15 PM ET,7h ago,home,Seattle Seahawks,-7.0,98.0,64.0,43.5,54.0,34.0,-355.0,97.0,76.0
2026-09-29T04:26:24,nfl,nfl_20261004_los_angeles_chargers_seattle_seahawks,20261004NFL00061,DK,draftkings,change,25,2026-09-28T21:10:00,Sep 28,9:10 PM ET,7h ago,away,Los Angeles Chargers,7.0,2.0,36.0,43.5,46.0,66.0,280.0,4.0,24.0
2026-09-29T04:26:24,nfl,nfl_20261004_los_angeles_chargers_seattle_seahawks,20261004NFL00061,DK,draftkings,change,25,2026-09-28T21:10:00,Sep 28,9:10 PM ET,7h ago,home,Seattle Seahawks,-7.0,98.0,64.0,43.5,54.0,34.0,-355.0,96.0,76.0
2026-09-29T04:26:24,nfl,nfl_20261004_los_angeles_chargers_seattle_seahawks,20261004NFL00061,DK,draftkings,change,26,2026-09-28T20:50:00,Sep 28,8:50 PM ET,7h ago,away,Los Angeles Chargers,7.0,2.0,36.0,43.5,46.0,66.0,280.0,3.0,24.0
2026-09-29T04:26:24,nfl,nfl_20261004_los_angeles_chargers_seattle_seahawks,20261004NFL00061,DK,draftkings,change,26,2026-09-28T20:50:00,Sep 28,8:50 PM ET,7h ago,home,Seattle Seahawks,-7.0,98.0,64.0,43.5,54.0,34.0,-355.0,97.0,76.0
2026-09-29T04:26:24,nfl,nfl_20261004_los_angeles_chargers_seattle_seahawks,20261004NFL00061,DK,draftkings,change,27,2026-09-28T20:45:00,Sep 28,8:45 PM ET,7h ago,away,Los Angeles Chargers,7.0,2.0,35.0,43.5,46.0,66.0,280.0,3.0,24.0
2026-09-29T04:26:24,nfl,nfl_20261004_los_angeles_chargers_seattle_seahawks,20261004NFL00061,DK,draftkings,change,27,2026-09-28T20:45:00,Sep 28,8:45 PM ET,7h ago,home,Seattle Seahawks,-7.0,98.0,65.0,43.5,54.0,34.0,-355.0,97.0,76.0
2026-09-29T04:26:26,nfl,nfl_20261004_los_angeles_chargers_seattle_seahawks,20261004NFL00061,CIRCA,circa,open,1,2026-09-27T21:05:00,Sep 27,9:05 PM ET,1d ago,away,Los Angeles Chargers,6.5,50.0,50.0,44.0,50.0,50.0,250.0,50.0,50.0
2026-09-29T04:26:26,nfl,nfl_20261004_los_angeles_chargers_seattle_seahawks,20261004NFL00061,CIRCA,circa,open,1,2026-09-27T21:05:00,Sep 27,9:05 PM ET,1d ago,home,Seattle Seahawks,-6.5,50.0,50.0,44.0,50.0,50.0,-300.0,50.0,50.0
2026-09-29T04:26:26,nfl,nfl_20261004_los_angeles_chargers_seattle_seahawks,20261004NFL00061,CIRCA,circa,change,2,2026-09-28T17:00:00,Sep 28,5:00 PM ET,11h ago,away,Los Angeles Chargers,7.0,1.0,40.0,43.0,0.0,0.0,275.0,50.0,50.0
2026-09-29T04:26:26,nfl,nfl_20261004_los_angeles_chargers_seattle_seahawks,20261004NFL00061,CIRCA,circa,change,2,2026-09-28T17:00:00,Sep 28,5:00 PM ET,11h ago,home,Seattle Seahawks,-7.0,99.0,60.0,43.0,100.0,100.0,-330.0,50.0,50.0
2026-09-29T04:26:26,nfl,nfl_20261004_los_angeles_chargers_seattle_seahawks,20261004NFL00061,CIRCA,circa,change,3,2026-09-28T16:55:00,Sep 28,4:55 PM ET,11h ago,away,Los Angeles Chargers,6.5,52.0,50.0,43.0,0.0,0.0,260.0,50.0,50.0
2026-09-29T04:26:26,nfl,nfl_20261004_los_angeles_chargers_seattle_seahawks,20261004NFL00061,CIRCA,circa,change,3,2026-09-28T16:55:00,Sep 28,4:55 PM ET,11h ago,home,Seattle Seahawks,-6.5,48.0,50.0,43.0,100.0,100.0,-310.0,50.0,50.0
2026-09-29T04:26:26,nfl,nfl_20261004_los_angeles_chargers_seattle_seahawks,20261004NFL00061,CIRCA,circa,change,4,2026-09-28T15:00:00,Sep 28,3:00 PM ET,13h ago,away,Los Angeles Chargers,6.5,6.0,33.0,43.0,0.0,0.0,260.0,50.0,50.0
2026-09-29T04:26:26,nfl,nfl_20261004_los_angeles_chargers_seattle_seahawks,20261004NFL00061,CIRCA,circa,change,4,2026-09-28T15:00:00,Sep 28,3:00 PM ET,13h ago,home,Seattle Seahawks,-6.5,94.0,67.0,43.0,100.0,100.0,-310.0,50.0,50.0
2026-09-29T04:26:26,nfl,nfl_20261004_los_angeles_chargers_seattle_seahawks,20261004NFL00061,CIRCA,circa,change,5,2026-09-28T14:40:00,Sep 28,2:40 PM ET,13h ago,away,Los Angeles Chargers,6.5,89.0,50.0,43.0,0.0,0.0,260.0,50.0,50.0
2026-09-29T04:26:26,nfl,nfl_20261004_los_angeles_chargers_seattle_seahawks,20261004NFL00061,CIRCA,circa,change,5,2026-09-28T14:40:00,Sep 28,2:40 PM ET,13h ago,home,Seattle Seahawks,-6.5,11.0,50.0,43.0,100.0,100.0,-310.0,50.0,50.0
2026-09-29T04:26:26,nfl,nfl_20261004_los_angeles_chargers_seattle_seahawks,20261004NFL00061,CIRCA,circa,change,6,2026-09-28T12:30:00,Sep 28,12:30 PM ET,15h ago,away,Los Angeles Chargers,6.5,0.0,0.0,43.0,0.0,0.0,260.0,50.0,50.0
2026-09-29T04:26:26,nfl,nfl_20261004_los_angeles_chargers_seattle_seahawks,20261004NFL00061,CIRCA,circa,change,6,2026-09-28T12:30:00,Sep 28,12:30 PM ET,15h ago,home,Seattle Seahawks,-6.5,100.0,100.0,43.0,100.0,100.0,-310.0,50.0,50.0
2026-09-29T04:26:26,nfl,nfl_20261004_los_angeles_chargers_seattle_seahawks,20261004NFL00061,CIRCA,circa,change,7,2026-09-28T00:25:00,Sep 28,12:25 AM ET,1d ago,away,Los Angeles Chargers,6.5,50.0,50.0,44.0,0.0,0.0,250.0,50.0,50.0
2026-09-29T04:26:26,nfl,nfl_20261004_los_angeles_chargers_seattle_seahawks,20261004NFL00061,CIRCA,circa,change,7,2026-09-28T00:25:00,Sep 28,12:25 AM ET,1d ago,home,Seattle Seahawks,-6.5,50.0,50.0,44.0,100.0,100.0,-300.0,50.0,50.0
2026-09-29T04:26:26,nfl,nfl_20261004_los_angeles_chargers_seattle_seahawks,20261004NFL00061,CIRCA,circa,change,8,2026-09-27T21:05:00,Sep 27,9:05 PM ET,1d ago,away,Los Angeles Chargers,6.5,50.0,50.0,44.0,50.0,50.0,250.0,50.0,50.0
2026-09-29T04:26:26,nfl,nfl_20261004_los_angeles_chargers_seattle_seahawks,20261004NFL00061,CIRCA,circa,change,8,2026-09-27T21:05:00,Sep 27,9:05 PM ET,1d ago,home,Seattle Seahawks,-6.5,50.0,50.0,44.0,50.0,50.0,-300.0,50.0,50.0
2026-09-29T04:26:27,nfl,nfl_20261004_detroit_lions_carolina_panthers,20261004NFL00056,DK,draftkings,open,1,2026-05-14T21:20:00,May 14,9:20 PM ET,137d ago,away,Detroit Lions,-3.0,89.0,75.0,,0.0,0.0,-155.0,100.0,100.0
2026-09-29T04:26:27,nfl,nfl_20261004_detroit_lions_carolina_panthers,20261004NFL00056,DK,draftkings,open,1,2026-05-14T21:20:00,May 14,9:20 PM ET,137d ago,home,Carolina Panthers,3.0,11.0,25.0,,0.0,0.0,130.0,0.0,0.0
2026-09-29T04:26:27,nfl,nfl_20261004_detroit_lions_carolina_panthers,20261004NFL00056,DK,draftkings,first_full,2,2026-05-17T13:40:00,May 17,1:40 PM ET,134d ago,away,Detroit Lions,-3.0,89.0,79.0,47.5,100.0,100.0,-155.0,80.0,77.0
2026-09-29T04:26:27,nfl,nfl_20261004_detroit_lions_carolina_panthers,20261004NFL00056,DK,draftkings,first_full,2,2026-05-17T13:40:00,May 17,1:40 PM ET,134d ago,home,Carolina Panthers,3.0,11.0,21.0,47.5,0.0,0.0,130.0,20.0,23.0
2026-09-29T04:26:27,nfl,nfl_20261004_detroit_lions_carolina_panthers,20261004NFL00056,DK,draftkings,change,3,2026-09-29T02:35:00,Sep 29,2:35 AM ET,1h ago,away,Detroit Lions,-3.5,52.0,55.0,50.5,95.0,86.0,-192.0,92.0,84.0
2026-09-29T04:26:27,nfl,nfl_20261004_detroit_lions_carolina_panthers,20261004NFL00056,DK,draftkings,change,3,2026-09-29T02:35:00,Sep 29,2:35 AM ET,1h ago,home,Carolina Panthers,3.5,48.0,45.0,50.5,5.0,14.0,160.0,8.0,16.0
2026-09-29T04:26:27,nfl,nfl_20261004_detroit_lions_carolina_panthers,20261004NFL00056,DK,draftkings,change,4,2026-09-29T02:20:00,Sep 29,2:20 AM ET,2h ago,away,Detroit Lions,-3.5,52.0,55.0,50.5,95.0,86.0,-192.0,92.0,85.0
2026-09-29T04:26:27,nfl,nfl_20261004_detroit_lions_carolina_panthers,20261004NFL00056,DK,draftkings,change,4,2026-09-29T02:20:00,Sep 29,2:20 AM ET,2h ago,home,Carolina Panthers,3.5,48.0,45.0,50.5,5.0,14.0,160.0,8.0,15.0
2026-09-29T04:26:27,nfl,nfl_20261004_detroit_lions_carolina_panthers,20261004NFL00056,DK,draftkings,change,5,2026-09-29T01:30:00,Sep 29,1:30 AM ET,2h ago,away,Detroit Lions,-3.5,52.0,54.0,50.5,95.0,86.0,-192.0,92.0,84.0
2026-09-29T04:26:27,nfl,nfl_20261004_detroit_lions_carolina_panthers,20261004NFL00056,DK,draftkings,change,5,2026-09-29T01:30:00,Sep 29,1:30 AM ET,2h ago,home,Carolina Panthers,3.5,48.0,46.0,50.5,5.0,14.0,160.0,8.0,16.0
2026-09-29T04:26:27,nfl,nfl_20261004_detroit_lions_carolina_panthers,20261004NFL00056,DK,draftkings,change,6,2026-09-29T00:10:00,Sep 29,12:10 AM ET,4h ago,away,Detroit Lions,-3.5,52.0,55.0,50.5,95.0,86.0,-192.0,92.0,84.0
2026-09-29T04:26:27,nfl,nfl_20261004_detroit_lions_carolina_panthers,20261004NFL00056,DK,draftkings,change,6,2026-09-29T00:10:00,Sep 29,12:10 AM ET,4h ago,home,Carolina Panthers,3.5,48.0,45.0,50.5,5.0,14.0,160.0,8.0,16.0
2026-09-29T04:26:27,nfl,nfl_20261004_detroit_lions_carolina_panthers,20261004NFL00056,DK,draftkings,change,7,2026-09-29T00:05:00,Sep 29,12:05 AM ET,4h ago,away,Detroit Lions,-3.5,52.0,55.0,50.5,95.0,87.0,-192.0,92.0,84.0
2026-09-29T04:26:27,nfl,nfl_20261004_detroit_lions_carolina_panthers,20261004NFL00056,DK,draftkings,change,7,2026-09-29T00:05:00,Sep 29,12:05 AM ET,4h ago,home,Carolina Panthers,3.5,48.0,45.0,50.5,5.0,13.0,160.0,8.0,16.0
2026-09-29T04:26:27,nfl,nfl_20261004_detroit_lions_carolina_panthers,20261004NFL00056,DK,draftkings,change,8,2026-09-29T00:00:00,Sep 29,12:00 AM ET,4h ago,away,Detroit Lions,-3.5,52.0,55.0,50.5,95.0,88.0,-185.0,92.0,84.0
2026-09-29T04:26:27,nfl,nfl_20261004_detroit_lions_carolina_panthers,20261004NFL00056,DK,draftkings,change,8,2026-09-29T00:00:00,Sep 29,12:00 AM ET,4h ago,home,Carolina Panthers,3.5,48.0,45.0,50.5,5.0,12.0,154.0,8.0,16.0
2026-09-29T04:26:27,nfl,nfl_20261004_detroit_lions_carolina_panthers,20261004NFL00056,DK,draftkings,change,9,2026-09-28T23:50:00,Sep 28,11:50 PM ET,4h ago,away,Detroit Lions,-3.5,52.0,55.0,50.5,95.0,87.0,-185.0,92.0,84.0
2026-09-29T04:26:27,nfl,nfl_20261004_detroit_lions_carolina_panthers,20261004NFL00056,DK,draftkings,change,9,2026-09-28T23:50:00,Sep 28,11:50 PM ET,4h ago,home,Carolina Panthers,3.5,48.0,45.0,50.5,5.0,13.0,154.0,8.0,16.0
2026-09-29T04:26:27,nfl,nfl_20261004_detroit_lions_carolina_panthers,20261004NFL00056,DK,draftkings,change,10,2026-09-28T23:45:00,Sep 28,11:45 PM ET,4h ago,away,Detroit Lions,-3.5,52.0,55.0,50.5,95.0,87.0,-185.0,92.0,85.0
2026-09-29T04:26:27,nfl,nfl_20261004_detroit_lions_carolina_panthers,20261004NFL00056,DK,draftkings,change,10,2026-09-28T23:45:00,Sep 28,11:45 PM ET,4h ago,home,Carolina Panthers,3.5,48.0,45.0,50.5,5.0,13.0,154.0,8.0,15.0
2026-09-29T04:26:27,nfl,nfl_20261004_detroit_lions_carolina_panthers,20261004NFL00056,DK,draftkings,change,11,2026-09-28T23:40:00,Sep 28,11:40 PM ET,4h ago,away,Detroit Lions,-3.5,52.0,55.0,50.5,95.0,88.0,-185.0,92.0,84.0
2026-09-29T04:26:27,nfl,nfl_20261004_detroit_lions_carolina_panthers,20261004NFL00056,DK,draftkings,change,11,2026-09-28T23:40:00,Sep 28,11:40 PM ET,4h ago,home,Carolina Panthers,3.5,48.0,45.0,50.5,5.0,12.0,154.0,8.0,16.0
2026-09-29T04:26:27,nfl,nfl_20261004_detroit_lions_carolina_panthers,20261004NFL00056,DK,draftkings,change,12,2026-09-28T23:30:00,Sep 28,11:30 PM ET,4h ago,away,Detroit Lions,-3.5,53.0,56.0,50.5,95.0,88.0,-185.0,92.0,84.0
2026-09-29T04:26:27,nfl,nfl_20261004_detroit_lions_carolina_panthers,20261004NFL00056,DK,draftkings,change,12,2026-09-28T23:30:00,Sep 28,11:30 PM ET,4h ago,home,Carolina Panthers,3.5,47.0,44.0,50.5,5.0,12.0,154.0,8.0,16.0
2026-09-29T04:26:27,nfl,nfl_20261004_detroit_lions_carolina_panthers,20261004NFL00056,DK,draftkings,change,13,2026-09-28T23:15:00,Sep 28,11:15 PM ET,5h ago,away,Detroit Lions,-3.5,53.0,61.0,50.5,95.0,88.0,-185.0,92.0,84.0
2026-09-29T04:26:27,nfl,nfl_20261004_detroit_lions_carolina_panthers,20261004NFL00056,DK,draftkings,change,13,2026-09-28T23:15:00,Sep 28,11:15 PM ET,5h ago,home,Carolina Panthers,3.5,47.0,39.0,50.5,5.0,12.0,154.0,8.0,16.0
2026-09-29T04:26:27,nfl,nfl_20261004_detroit_lions_carolina_panthers,20261004NFL00056,DK,draftkings,change,14,2026-09-28T23:10:00,Sep 28,11:10 PM ET,5h ago,away,Detroit Lions,-3.5,53.0,61.0,50.5,95.0,88.0,-185.0,92.0,85.0
2026-09-29T04:26:27,nfl,nfl_20261004_detroit_lions_carolina_panthers,20261004NFL00056,DK,draftkings,change,14,2026-09-28T23:10:00,Sep 28,11:10 PM ET,5h ago,home,Carolina Panthers,3.5,47.0,39.0,50.5,5.0,12.0,154.0,8.0,15.0
2026-09-29T04:26:27,nfl,nfl_20261004_detroit_lions_carolina_panthers,20261004NFL00056,DK,draftkings,change,15,2026-09-28T23:00:00,Sep 28,11:00 PM ET,5h ago,away,Detroit Lions,-3.5,53.0,61.0,50.5,95.0,88.0,-185.0,92.0,84.0
2026-09-29T04:26:27,nfl,nfl_20261004_detroit_lions_carolina_panthers,20261004NFL00056,DK,draftkings,change,15,2026-09-28T23:00:00,Sep 28,11:00 PM ET,5h ago,home,Carolina Panthers,3.5,47.0,39.0,50.5,5.0,12.0,154.0,8.0,16.0
2026-09-29T04:26:27,nfl,nfl_20261004_detroit_lions_carolina_panthers,20261004NFL00056,DK,draftkings,change,16,2026-09-28T22:50:00,Sep 28,10:50 PM ET,5h ago,away,Detroit Lions,-3.5,53.0,61.0,50.5,95.0,87.0,-185.0,92.0,85.0
2026-09-29T04:26:27,nfl,nfl_20261004_detroit_lions_carolina_panthers,20261004NFL00056,DK,draftkings,change,16,2026-09-28T22:50:00,Sep 28,10:50 PM ET,5h ago,home,Carolina Panthers,3.5,47.0,39.0,50.5,5.0,13.0,154.0,8.0,15.0
2026-09-29T04:26:27,nfl,nfl_20261004_detroit_lions_carolina_panthers,20261004NFL00056,DK,draftkings,change,17,2026-09-28T22:40:00,Sep 28,10:40 PM ET,5h ago,away,Detroit Lions,-3.5,53.0,61.0,50.5,95.0,87.0,-185.0,92.0,84.0
2026-09-29T04:26:27,nfl,nfl_20261004_detroit_lions_carolina_panthers,20261004NFL00056,DK,draftkings,change,17,2026-09-28T22:40:00,Sep 28,10:40 PM ET,5h ago,home,Carolina Panthers,3.5,47.0,39.0,50.5,5.0,13.0,154.0,8.0,16.0
2026-09-29T04:26:27,nfl,nfl_20261004_detroit_lions_carolina_panthers,20261004NFL00056,DK,draftkings,change,18,2026-09-28T22:05:00,Sep 28,10:05 PM ET,6h ago,away,Detroit Lions,-3.5,53.0,61.0,50.5,95.0,88.0,-185.0,92.0,84.0
2026-09-29T04:26:27,nfl,nfl_20261004_detroit_lions_carolina_panthers,20261004NFL00056,DK,draftkings,change,18,2026-09-28T22:05:00,Sep 28,10:05 PM ET,6h ago,home,Carolina Panthers,3.5,47.0,39.0,50.5,5.0,12.0,154.0,8.0,16.0
2026-09-29T04:26:27,nfl,nfl_20261004_detroit_lions_carolina_panthers,20261004NFL00056,DK,draftkings,change,19,2026-09-28T21:35:00,Sep 28,9:35 PM ET,6h ago,away,Detroit Lions,-3.5,52.0,61.0,50.5,95.0,88.0,-185.0,92.0,84.0
2026-09-29T04:26:27,nfl,nfl_20261004_detroit_lions_carolina_panthers,20261004NFL00056,DK,draftkings,change,19,2026-09-28T21:35:00,Sep 28,9:35 PM ET,6h ago,home,Carolina Panthers,3.5,48.0,39.0,50.5,5.0,12.0,154.0,8.0,16.0
2026-09-29T04:26:27,nfl,nfl_20261004_detroit_lions_carolina_panthers,20261004NFL00056,DK,draftkings,change,20,2026-09-28T21:25:00,Sep 28,9:25 PM ET,7h ago,away,Detroit Lions,-3.5,52.0,61.0,50.5,95.0,88.0,-185.0,93.0,84.0
2026-09-29T04:26:27,nfl,nfl_20261004_detroit_lions_carolina_panthers,20261004NFL00056,DK,draftkings,change,20,2026-09-28T21:25:00,Sep 28,9:25 PM ET,7h ago,home,Carolina Panthers,3.5,48.0,39.0,50.5,5.0,12.0,154.0,7.0,16.0
2026-09-29T04:26:27,nfl,nfl_20261004_detroit_lions_carolina_panthers,20261004NFL00056,DK,draftkings,change,21,2026-09-28T21:10:00,Sep 28,9:10 PM ET,7h ago,away,Detroit Lions,-3.5,52.0,62.0,50.5,95.0,88.0,-185.0,93.0,85.0
2026-09-29T04:26:27,nfl,nfl_20261004_detroit_lions_carolina_panthers,20261004NFL00056,DK,draftkings,change,21,2026-09-28T21:10:00,Sep 28,9:10 PM ET,7h ago,home,Carolina Panthers,3.5,48.0,38.0,50.5,5.0,12.0,154.0,7.0,15.0
2026-09-29T04:26:27,nfl,nfl_20261004_detroit_lions_carolina_panthers,20261004NFL00056,DK,draftkings,change,22,2026-09-28T21:00:00,Sep 28,9:00 PM ET,7h ago,away,Detroit Lions,-3.5,52.0,61.0,50.5,95.0,88.0,-185.0,93.0,84.0
2026-09-29T04:26:27,nfl,nfl_20261004_detroit_lions_carolina_panthers,20261004NFL00056,DK,draftkings,change,22,2026-09-28T21:00:00,Sep 28,9:00 PM ET,7h ago,home,Carolina Panthers,3.5,48.0,39.0,50.5,5.0,12.0,154.0,7.0,16.0
2026-09-29T04:26:27,nfl,nfl_20261004_detroit_lions_carolina_panthers,20261004NFL00056,DK,draftkings,change,23,2026-09-28T20:40:00,Sep 28,8:40 PM ET,7h ago,away,Detroit Lions,-3.5,52.0,62.0,50.5,95.0,88.0,-185.0,93.0,85.0
2026-09-29T04:26:27,nfl,nfl_20261004_detroit_lions_carolina_panthers,20261004NFL00056,DK,draftkings,change,23,2026-09-28T20:40:00,Sep 28,8:40 PM ET,7h ago,home,Carolina Panthers,3.5,48.0,38.0,50.5,5.0,12.0,154.0,7.0,15.0
2026-09-29T04:26:27,nfl,nfl_20261004_detroit_lions_carolina_panthers,20261004NFL00056,DK,draftkings,change,24,2026-09-28T20:30:00,Sep 28,8:30 PM ET,7h ago,away,Detroit Lions,-3.5,53.0,62.0,50.5,95.0,88.0,-185.0,93.0,85.0
2026-09-29T04:26:27,nfl,nfl_20261004_detroit_lions_carolina_panthers,20261004NFL00056,DK,draftkings,change,24,2026-09-28T20:30:00,Sep 28,8:30 PM ET,7h ago,home,Carolina Panthers,3.5,47.0,38.0,50.5,5.0,12.0,154.0,7.0,15.0
2026-09-29T04:26:27,nfl,nfl_20261004_detroit_lions_carolina_panthers,20261004NFL00056,DK,draftkings,change,25,2026-09-28T20:20:00,Sep 28,8:20 PM ET,8h ago,away,Detroit Lions,-3.5,53.0,61.0,50.5,95.0,88.0,-185.0,93.0,85.0
2026-09-29T04:26:27,nfl,nfl_20261004_detroit_lions_carolina_panthers,20261004NFL00056,DK,draftkings,change,25,2026-09-28T20:20:00,Sep 28,8:20 PM ET,8h ago,home,Carolina Panthers,3.5,47.0,39.0,50.5,5.0,12.0,154.0,7.0,15.0
2026-09-29T04:26:27,nfl,nfl_20261004_detroit_lions_carolina_panthers,20261004NFL00056,DK,draftkings,change,26,2026-09-28T20:00:00,Sep 28,8:00 PM ET,8h ago,away,Detroit Lions,-3.5,49.0,61.0,50.5,95.0,88.0,-185.0,93.0,85.0
2026-09-29T04:26:27,nfl,nfl_20261004_detroit_lions_carolina_panthers,20261004NFL00056,DK,draftkings,change,26,2026-09-28T20:00:00,Sep 28,8:00 PM ET,8h ago,home,Carolina Panthers,3.5,51.0,39.0,50.5,5.0,12.0,154.0,7.0,15.0
2026-09-29T04:26:27,nfl,nfl_20261004_detroit_lions_carolina_panthers,20261004NFL00056,DK,draftkings,change,27,2026-09-28T19:50:00,Sep 28,7:50 PM ET,8h ago,away,Detroit Lions,-3.5,49.0,61.0,50.5,95.0,88.0,-185.0,93.0,84.0
2026-09-29T04:26:27,nfl,nfl_20261004_detroit_lions_carolina_panthers,20261004NFL00056,DK,draftkings,change,27,2026-09-28T19:50:00,Sep 28,7:50 PM ET,8h ago,home,Carolina Panthers,3.5,51.0,39.0,50.5,5.0,12.0,154.0,7.0,16.0
2026-09-29T04:26:28,nfl,nfl_20261004_detroit_lions_carolina_panthers,20261004NFL00056,CIRCA,circa,open,1,2026-09-27T21:05:00,Sep 27,9:05 PM ET,1d ago,away,Detroit Lions,-3.0,50.0,50.0,50.0,50.0,50.0,-155.0,50.0,50.0
2026-09-29T04:26:28,nfl,nfl_20261004_detroit_lions_carolina_panthers,20261004NFL00056,CIRCA,circa,open,1,2026-09-27T21:05:00,Sep 27,9:05 PM ET,1d ago,home,Carolina Panthers,3.0,50.0,50.0,50.0,50.0,50.0,135.0,50.0,50.0
2026-09-29T04:26:28,nfl,nfl_20261004_detroit_lions_carolina_panthers,20261004NFL00056,CIRCA,circa,change,2,2026-09-29T01:21:00,Sep 29,1:21 AM ET,3h ago,away,Detroit Lions,-3.5,86.0,63.0,50.0,97.0,80.0,-200.0,10.0,67.0
2026-09-29T04:26:28,nfl,nfl_20261004_detroit_lions_carolina_panthers,20261004NFL00056,CIRCA,circa,change,2,2026-09-29T01:21:00,Sep 29,1:21 AM ET,3h ago,home,Carolina Panthers,3.5,14.0,38.0,50.0,3.0,20.0,175.0,90.0,33.0
2026-09-29T04:26:28,nfl,nfl_20261004_detroit_lions_carolina_panthers,20261004NFL00056,CIRCA,circa,change,3,2026-09-28T23:30:00,Sep 28,11:30 PM ET,4h ago,away,Detroit Lions,-3.5,86.0,63.0,50.0,97.0,80.0,-200.0,9.0,50.0
2026-09-29T04:26:28,nfl,nfl_20261004_detroit_lions_carolina_panthers,20261004NFL00056,CIRCA,circa,change,3,2026-09-28T23:30:00,Sep 28,11:30 PM ET,4h ago,home,Carolina Panthers,3.5,14.0,38.0,50.0,3.0,20.0,175.0,91.0,50.0
2026-09-29T04:26:28,nfl,nfl_20261004_detroit_lions_carolina_panthers,20261004NFL00056,CIRCA,circa,change,4,2026-09-28T21:40:00,Sep 28,9:40 PM ET,6h ago,away,Detroit Lions,-3.5,86.0,63.0,50.0,96.0,75.0,-200.0,9.0,50.0
2026-09-29T04:26:28,nfl,nfl_20261004_detroit_lions_carolina_panthers,20261004NFL00056,CIRCA,circa,change,4,2026-09-28T21:40:00,Sep 28,9:40 PM ET,6h ago,home,Carolina Panthers,3.5,14.0,38.0,50.0,4.0,25.0,175.0,91.0,50.0
2026-09-29T04:26:28,nfl,nfl_20261004_detroit_lions_carolina_panthers,20261004NFL00056,CIRCA,circa,change,5,2026-09-28T20:05:00,Sep 28,8:05 PM ET,8h ago,away,Detroit Lions,-3.5,86.0,63.0,50.0,96.0,67.0,-200.0,9.0,50.0
2026-09-29T04:26:28,nfl,nfl_20261004_detroit_lions_carolina_panthers,20261004NFL00056,CIRCA,circa,change,5,2026-09-28T20:05:00,Sep 28,8:05 PM ET,8h ago,home,Carolina Panthers,3.5,14.0,38.0,50.0,4.0,33.0,175.0,91.0,50.0
2026-09-29T04:26:28,nfl,nfl_20261004_detroit_lions_carolina_panthers,20261004NFL00056,CIRCA,circa,change,6,2026-09-28T16:35:00,Sep 28,4:35 PM ET,11h ago,away,Detroit Lions,-3.5,86.0,63.0,50.0,75.0,50.0,-200.0,9.0,50.0
2026-09-29T04:26:28,nfl,nfl_20261004_detroit_lions_carolina_panthers,20261004NFL00056,CIRCA,circa,change,6,2026-09-28T16:35:00,Sep 28,4:35 PM ET,11h ago,home,Carolina Panthers,3.5,14.0,38.0,50.0,25.0,50.0,175.0,91.0,50.0
2026-09-29T04:26:28,nfl,nfl_20261004_detroit_lions_carolina_panthers,20261004NFL00056,CIRCA,circa,change,7,2026-09-28T15:00:00,Sep 28,3:00 PM ET,13h ago,away,Detroit Lions,-3.5,86.0,63.0,50.0,0.0,0.0,-200.0,9.0,50.0
2026-09-29T04:26:28,nfl,nfl_20261004_detroit_lions_carolina_panthers,20261004NFL00056,CIRCA,circa,change,7,2026-09-28T15:00:00,Sep 28,3:00 PM ET,13h ago,home,Carolina Panthers,3.5,14.0,38.0,50.0,100.0,100.0,175.0,91.0,50.0
2026-09-29T04:26:28,nfl,nfl_20261004_detroit_lions_carolina_panthers,20261004NFL00056,CIRCA,circa,change,8,2026-09-28T14:25:00,Sep 28,2:25 PM ET,14h ago,away,Detroit Lions,-3.5,91.0,71.0,50.0,0.0,0.0,-200.0,9.0,50.0
2026-09-29T04:26:28,nfl,nfl_20261004_detroit_lions_carolina_panthers,20261004NFL00056,CIRCA,circa,change,8,2026-09-28T14:25:00,Sep 28,2:25 PM ET,14h ago,home,Carolina Panthers,3.5,9.0,29.0,50.0,100.0,100.0,175.0,91.0,50.0
2026-09-29T04:26:28,nfl,nfl_20261004_detroit_lions_carolina_panthers,20261004NFL00056,CIRCA,circa,change,9,2026-09-28T14:15:00,Sep 28,2:15 PM ET,14h ago,away,Detroit Lions,-3.5,90.0,67.0,50.0,0.0,0.0,-200.0,9.0,50.0
2026-09-29T04:26:28,nfl,nfl_20261004_detroit_lions_carolina_panthers,20261004NFL00056,CIRCA,circa,change,9,2026-09-28T14:15:00,Sep 28,2:15 PM ET,14h ago,home,Carolina Panthers,3.5,10.0,33.0,50.0,100.0,100.0,175.0,91.0,50.0
2026-09-29T04:26:28,nfl,nfl_20261004_detroit_lions_carolina_panthers,20261004NFL00056,CIRCA,circa,change,10,2026-09-28T13:50:00,Sep 28,1:50 PM ET,14h ago,away,Detroit Lions,-3.5,100.0,80.0,50.0,0.0,0.0,-200.0,9.0,50.0
2026-09-29T04:26:28,nfl,nfl_20261004_detroit_lions_carolina_panthers,20261004NFL00056,CIRCA,circa,change,10,2026-09-28T13:50:00,Sep 28,1:50 PM ET,14h ago,home,Carolina Panthers,3.5,0.0,20.0,50.0,100.0,100.0,175.0,91.0,50.0
2026-09-29T04:26:28,nfl,nfl_20261004_detroit_lions_carolina_panthers,20261004NFL00056,CIRCA,circa,change,11,2026-09-28T13:40:00,Sep 28,1:40 PM ET,14h ago,away,Detroit Lions,-3.5,100.0,80.0,50.0,0.0,0.0,-195.0,100.0,100.0
2026-09-29T04:26:28,nfl,nfl_20261004_detroit_lions_carolina_panthers,20261004NFL00056,CIRCA,circa,change,11,2026-09-28T13:40:00,Sep 28,1:40 PM ET,14h ago,home,Carolina Panthers,3.5,0.0,20.0,50.0,100.0,100.0,170.0,0.0,0.0
2026-09-29T04:26:28,nfl,nfl_20261004_detroit_lions_carolina_panthers,20261004NFL00056,CIRCA,circa,change,12,2026-09-28T13:20:00,Sep 28,1:20 PM ET,15h ago,away,Detroit Lions,-3.0,98.0,75.0,50.0,0.0,0.0,-170.0,100.0,100.0
2026-09-29T04:26:28,nfl,nfl_20261004_detroit_lions_carolina_panthers,20261004NFL00056,CIRCA,circa,change,12,2026-09-28T13:20:00,Sep 28,1:20 PM ET,15h ago,home,Carolina Panthers,3.0,2.0,25.0,50.0,100.0,100.0,150.0,0.0,0.0
2026-09-29T04:26:28,nfl,nfl_20261004_detroit_lions_carolina_panthers,20261004NFL00056,CIRCA,circa,change,13,2026-09-28T13:15:00,Sep 28,1:15 PM ET,15h ago,away,Detroit Lions,-3.0,98.0,67.0,50.0,0.0,0.0,-170.0,100.0,100.0
2026-09-29T04:26:28,nfl,nfl_20261004_detroit_lions_carolina_panthers,20261004NFL00056,CIRCA,circa,change,13,2026-09-28T13:15:00,Sep 28,1:15 PM ET,15h ago,home,Carolina Panthers,3.0,2.0,33.0,50.0,100.0,100.0,150.0,0.0,0.0
2026-09-29T04:26:28,nfl,nfl_20261004_detroit_lions_carolina_panthers,20261004NFL00056,CIRCA,circa,change,14,2026-09-28T11:30:00,Sep 28,11:30 AM ET,16h ago,away,Detroit Lions,-3.0,100.0,100.0,50.0,0.0,0.0,-170.0,100.0,100.0
2026-09-29T04:26:28,nfl,nfl_20261004_detroit_lions_carolina_panthers,20261004NFL00056,CIRCA,circa,change,14,2026-09-28T11:30:00,Sep 28,11:30 AM ET,16h ago,home,Carolina Panthers,3.0,0.0,0.0,50.0,100.0,100.0,150.0,0.0,0.0
2026-09-29T04:26:28,nfl,nfl_20261004_detroit_lions_carolina_panthers,20261004NFL00056,CIRCA,circa,change,15,2026-09-28T05:41:00,Sep 28,5:41 AM ET,22h ago,away,Detroit Lions,-3.0,100.0,100.0,50.0,50.0,50.0,-155.0,100.0,100.0
2026-09-29T04:26:28,nfl,nfl_20261004_detroit_lions_carolina_panthers,20261004NFL00056,CIRCA,circa,change,15,2026-09-28T05:41:00,Sep 28,5:41 AM ET,22h ago,home,Carolina Panthers,3.0,0.0,0.0,50.0,50.0,50.0,135.0,0.0,0.0
2026-09-29T04:26:28,nfl,nfl_20261004_detroit_lions_carolina_panthers,20261004NFL00056,CIRCA,circa,change,16,2026-09-28T02:10:00,Sep 28,2:10 AM ET,1d ago,away,Detroit Lions,-3.0,100.0,100.0,50.0,50.0,50.0,-155.0,50.0,50.0
2026-09-29T04:26:28,nfl,nfl_20261004_detroit_lions_carolina_panthers,20261004NFL00056,CIRCA,circa,change,16,2026-09-28T02:10:00,Sep 28,2:10 AM ET,1d ago,home,Carolina Panthers,3.0,0.0,0.0,50.0,50.0,50.0,135.0,50.0,50.0
2026-09-29T04:26:28,nfl,nfl_20261004_detroit_lions_carolina_panthers,20261004NFL00056,CIRCA,circa,change,17,2026-09-27T21:05:00,Sep 27,9:05 PM ET,1d ago,away,Detroit Lions,-3.0,50.0,50.0,50.0,50.0,50.0,-155.0,50.0,50.0
2026-09-29T04:26:28,nfl,nfl_20261004_detroit_lions_carolina_panthers,20261004NFL00056,CIRCA,circa,change,17,2026-09-27T21:05:00,Sep 27,9:05 PM ET,1d ago,home,Carolina Panthers,3.0,50.0,50.0,50.0,50.0,50.0,135.0,50.0,50.0
2026-09-29T04:26:29,nfl,nfl_20261005_atlanta_falcons_new_orleans_saints,20261005NFL00057,DK,draftkings,open,1,2026-05-14T21:20:00,May 14,9:20 PM ET,137d ago,away,Atlanta Falcons,2.5,100.0,100.0,,0.0,0.0,114.0,100.0,100.0
2026-09-29T04:26:29,nfl,nfl_20261005_atlanta_falcons_new_orleans_saints,20261005NFL00057,DK,draftkings,open,1,2026-05-14T21:20:00,May 14,9:20 PM ET,137d ago,home,New Orleans Saints,-2.5,0.0,0.0,,0.0,0.0,-135.0,0.0,0.0
2026-09-29T04:26:29,nfl,nfl_20261005_atlanta_falcons_new_orleans_saints,20261005NFL00057,DK,draftkings,first_full,2,2026-05-18T14:30:00,May 18,2:30 PM ET,133d ago,away,Atlanta Falcons,2.5,4.0,40.0,45.5,100.0,100.0,114.0,58.0,73.0
2026-09-29T04:26:29,nfl,nfl_20261005_atlanta_falcons_new_orleans_saints,20261005NFL00057,DK,draftkings,first_full,2,2026-05-18T14:30:00,May 18,2:30 PM ET,133d ago,home,New Orleans Saints,-2.5,96.0,60.0,45.5,0.0,0.0,-135.0,42.0,27.0
2026-09-29T04:26:29,nfl,nfl_20261005_atlanta_falcons_new_orleans_saints,20261005NFL00057,DK,draftkings,change,3,2026-09-29T03:35:00,Sep 29,3:35 AM ET,51m ago,away,Atlanta Falcons,3.0,2.0,33.0,48.5,36.0,51.0,130.0,4.0,31.0
2026-09-29T04:26:29,nfl,nfl_20261005_atlanta_falcons_new_orleans_saints,20261005NFL00057,DK,draftkings,change,3,2026-09-29T03:35:00,Sep 29,3:35 AM ET,51m ago,home,New Orleans Saints,-3.0,98.0,67.0,48.5,64.0,49.0,-155.0,96.0,69.0
2026-09-29T04:26:29,nfl,nfl_20261005_atlanta_falcons_new_orleans_saints,20261005NFL00057,DK,draftkings,change,4,2026-09-29T03:15:00,Sep 29,3:15 AM ET,1h ago,away,Atlanta Falcons,3.0,2.0,32.0,48.5,36.0,51.0,130.0,4.0,31.0
2026-09-29T04:26:29,nfl,nfl_20261005_atlanta_falcons_new_orleans_saints,20261005NFL00057,DK,draftkings,change,4,2026-09-29T03:15:00,Sep 29,3:15 AM ET,1h ago,home,New Orleans Saints,-3.0,98.0,68.0,48.5,64.0,49.0,-155.0,96.0,69.0
2026-09-29T04:26:29,nfl,nfl_20261005_atlanta_falcons_new_orleans_saints,20261005NFL00057,DK,draftkings,change,5,2026-09-29T01:25:00,Sep 29,1:25 AM ET,3h ago,away,Atlanta Falcons,3.0,2.0,32.0,48.5,36.0,50.0,130.0,4.0,31.0
2026-09-29T04:26:29,nfl,nfl_20261005_atlanta_falcons_new_orleans_saints,20261005NFL00057,DK,draftkings,change,5,2026-09-29T01:25:00,Sep 29,1:25 AM ET,3h ago,home,New Orleans Saints,-3.0,98.0,68.0,48.5,64.0,50.0,-155.0,96.0,69.0
2026-09-29T04:26:29,nfl,nfl_20261005_atlanta_falcons_new_orleans_saints,20261005NFL00057,DK,draftkings,change,6,2026-09-29T01:15:00,Sep 29,1:15 AM ET,3h ago,away,Atlanta Falcons,3.0,2.0,32.0,48.5,35.0,49.0,130.0,4.0,31.0
2026-09-29T04:26:29,nfl,nfl_20261005_atlanta_falcons_new_orleans_saints,20261005NFL00057,DK,draftkings,change,6,2026-09-29T01:15:00,Sep 29,1:15 AM ET,3h ago,home,New Orleans Saints,-3.0,98.0,68.0,48.5,65.0,51.0,-155.0,96.0,69.0
2026-09-29T04:26:29,nfl,nfl_20261005_atlanta_falcons_new_orleans_saints,20261005NFL00057,DK,draftkings,change,7,2026-09-29T01:10:00,Sep 29,1:10 AM ET,3h ago,away,Atlanta Falcons,3.0,2.0,32.0,48.5,34.0,48.0,130.0,4.0,31.0
2026-09-29T04:26:29,nfl,nfl_20261005_atlanta_falcons_new_orleans_saints,20261005NFL00057,DK,draftkings,change,7,2026-09-29T01:10:00,Sep 29,1:10 AM ET,3h ago,home,New Orleans Saints,-3.0,98.0,68.0,48.5,66.0,52.0,-155.0,96.0,69.0
2026-09-29T04:26:29,nfl,nfl_20261005_atlanta_falcons_new_orleans_saints,20261005NFL00057,DK,draftkings,change,8,2026-09-29T01:05:00,Sep 29,1:05 AM ET,3h ago,away,Atlanta Falcons,3.0,2.0,32.0,48.5,34.0,48.0,130.0,4.0,30.0
2026-09-29T04:26:29,nfl,nfl_20261005_atlanta_falcons_new_orleans_saints,20261005NFL00057,DK,draftkings,change,8,2026-09-29T01:05:00,Sep 29,1:05 AM ET,3h ago,home,New Orleans Saints,-3.0,98.0,68.0,48.5,66.0,52.0,-155.0,96.0,70.0
2026-09-29T04:26:29,nfl,nfl_20261005_atlanta_falcons_new_orleans_saints,20261005NFL00057,DK,draftkings,change,9,2026-09-29T00:50:00,Sep 29,12:50 AM ET,3h ago,away,Atlanta Falcons,3.0,2.0,32.0,48.5,34.0,48.0,130.0,4.0,31.0
2026-09-29T04:26:29,nfl,nfl_20261005_atlanta_falcons_new_orleans_saints,20261005NFL00057,DK,draftkings,change,9,2026-09-29T00:50:00,Sep 29,12:50 AM ET,3h ago,home,New Orleans Saints,-3.0,98.0,68.0,48.5,66.0,52.0,-155.0,96.0,69.0
2026-09-29T04:26:29,nfl,nfl_20261005_atlanta_falcons_new_orleans_saints,20261005NFL00057,DK,draftkings,change,10,2026-09-29T00:15:00,Sep 29,12:15 AM ET,4h ago,away,Atlanta Falcons,3.0,2.0,33.0,48.5,34.0,48.0,130.0,4.0,31.0
2026-09-29T04:26:29,nfl,nfl_20261005_atlanta_falcons_new_orleans_saints,20261005NFL00057,DK,draftkings,change,10,2026-09-29T00:15:00,Sep 29,12:15 AM ET,4h ago,home,New Orleans Saints,-3.0,98.0,67.0,48.5,66.0,52.0,-155.0,96.0,69.0
2026-09-29T04:26:29,nfl,nfl_20261005_atlanta_falcons_new_orleans_saints,20261005NFL00057,DK,draftkings,change,11,2026-09-28T23:50:00,Sep 28,11:50 PM ET,4h ago,away,Atlanta Falcons,3.0,1.0,33.0,48.5,34.0,48.0,130.0,4.0,31.0
2026-09-29T04:26:29,nfl,nfl_20261005_atlanta_falcons_new_orleans_saints,20261005NFL00057,DK,draftkings,change,11,2026-09-28T23:50:00,Sep 28,11:50 PM ET,4h ago,home,New Orleans Saints,-3.0,99.0,67.0,48.5,66.0,52.0,-155.0,96.0,69.0
2026-09-29T04:26:29,nfl,nfl_20261005_atlanta_falcons_new_orleans_saints,20261005NFL00057,DK,draftkings,change,12,2026-09-28T23:45:00,Sep 28,11:45 PM ET,4h ago,away,Atlanta Falcons,3.0,1.0,33.0,48.5,34.0,48.0,130.0,4.0,30.0
2026-09-29T04:26:29,nfl,nfl_20261005_atlanta_falcons_new_orleans_saints,20261005NFL00057,DK,draftkings,change,12,2026-09-28T23:45:00,Sep 28,11:45 PM ET,4h ago,home,New Orleans Saints,-3.0,99.0,67.0,48.5,66.0,52.0,-155.0,96.0,70.0
2026-09-29T04:26:29,nfl,nfl_20261005_atlanta_falcons_new_orleans_saints,20261005NFL00057,DK,draftkings,change,13,2026-09-28T23:40:00,Sep 28,11:40 PM ET,4h ago,away,Atlanta Falcons,3.0,1.0,32.0,48.5,34.0,48.0,130.0,4.0,30.0
2026-09-29T04:26:29,nfl,nfl_20261005_atlanta_falcons_new_orleans_saints,20261005NFL00057,DK,draftkings,change,13,2026-09-28T23:40:00,Sep 28,11:40 PM ET,4h ago,home,New Orleans Saints,-3.0,99.0,68.0,48.5,66.0,52.0,-155.0,96.0,70.0
2026-09-29T04:26:29,nfl,nfl_20261005_atlanta_falcons_new_orleans_saints,20261005NFL00057,DK,draftkings,change,14,2026-09-28T23:30:00,Sep 28,11:30 PM ET,4h ago,away,Atlanta Falcons,3.0,1.0,33.0,48.5,34.0,48.0,130.0,4.0,30.0
2026-09-29T04:26:29,nfl,nfl_20261005_atlanta_falcons_new_orleans_saints,20261005NFL00057,DK,draftkings,change,14,2026-09-28T23:30:00,Sep 28,11:30 PM ET,4h ago,home,New Orleans Saints,-3.0,99.0,67.0,48.5,66.0,52.0,-155.0,96.0,70.0
2026-09-29T04:26:29,nfl,nfl_20261005_atlanta_falcons_new_orleans_saints,20261005NFL00057,DK,draftkings,change,15,2026-09-28T23:00:00,Sep 28,11:00 PM ET,5h ago,away,Atlanta Falcons,3.0,1.0,34.0,48.5,34.0,48.0,130.0,4.0,31.0
2026-09-29T04:26:29,nfl,nfl_20261005_atlanta_falcons_new_orleans_saints,20261005NFL00057,DK,draftkings,change,15,2026-09-28T23:00:00,Sep 28,11:00 PM ET,5h ago,home,New Orleans Saints,-3.0,99.0,66.0,48.5,66.0,52.0,-155.0,96.0,69.0
2026-09-29T04:26:29,nfl,nfl_20261005_atlanta_falcons_new_orleans_saints,20261005NFL00057,DK,draftkings,change,16,2026-09-28T22:50:00,Sep 28,10:50 PM ET,5h ago,away,Atlanta Falcons,3.0,1.0,34.0,48.5,34.0,47.0,130.0,4.0,31.0
2026-09-29T04:26:29,nfl,nfl_20261005_atlanta_falcons_new_orleans_saints,20261005NFL00057,DK,draftkings,change,16,2026-09-28T22:50:00,Sep 28,10:50 PM ET,5h ago,home,New Orleans Saints,-3.0,99.0,66.0,48.5,66.0,53.0,-155.0,96.0,69.0
2026-09-29T04:26:29,nfl,nfl_20261005_atlanta_falcons_new_orleans_saints,20261005NFL00057,DK,draftkings,change,17,2026-09-28T22:40:00,Sep 28,10:40 PM ET,5h ago,away,Atlanta Falcons,3.0,1.0,34.0,48.5,33.0,45.0,130.0,4.0,31.0
2026-09-29T04:26:29,nfl,nfl_20261005_atlanta_falcons_new_orleans_saints,20261005NFL00057,DK,draftkings,change,17,2026-09-28T22:40:00,Sep 28,10:40 PM ET,5h ago,home,New Orleans Saints,-3.0,99.0,66.0,48.5,67.0,55.0,-155.0,96.0,69.0
2026-09-29T04:26:29,nfl,nfl_20261005_atlanta_falcons_new_orleans_saints,20261005NFL00057,DK,draftkings,change,18,2026-09-28T22:15:00,Sep 28,10:15 PM ET,6h ago,away,Atlanta Falcons,3.0,1.0,34.0,48.5,33.0,44.0,130.0,4.0,31.0
2026-09-29T04:26:29,nfl,nfl_20261005_atlanta_falcons_new_orleans_saints,20261005NFL00057,DK,draftkings,change,18,2026-09-28T22:15:00,Sep 28,10:15 PM ET,6h ago,home,New Orleans Saints,-3.0,99.0,66.0,48.5,67.0,56.0,-155.0,96.0,69.0
2026-09-29T04:26:29,nfl,nfl_20261005_atlanta_falcons_new_orleans_saints,20261005NFL00057,DK,draftkings,change,19,2026-09-28T22:10:00,Sep 28,10:10 PM ET,6h ago,away,Atlanta Falcons,3.0,1.0,34.0,48.5,33.0,45.0,130.0,4.0,31.0
2026-09-29T04:26:29,nfl,nfl_20261005_atlanta_falcons_new_orleans_saints,20261005NFL00057,DK,draftkings,change,19,2026-09-28T22:10:00,Sep 28,10:10 PM ET,6h ago,home,New Orleans Saints,-3.0,99.0,66.0,48.5,67.0,55.0,-155.0,96.0,69.0
2026-09-29T04:26:29,nfl,nfl_20261005_atlanta_falcons_new_orleans_saints,20261005NFL00057,DK,draftkings,change,20,2026-09-28T21:55:00,Sep 28,9:55 PM ET,6h ago,away,Atlanta Falcons,3.0,1.0,34.0,48.5,33.0,45.0,130.0,3.0,31.0
2026-09-29T04:26:29,nfl,nfl_20261005_atlanta_falcons_new_orleans_saints,20261005NFL00057,DK,draftkings,change,20,2026-09-28T21:55:00,Sep 28,9:55 PM ET,6h ago,home,New Orleans Saints,-3.0,99.0,66.0,48.5,67.0,55.0,-155.0,97.0,69.0
2026-09-29T04:26:29,nfl,nfl_20261005_atlanta_falcons_new_orleans_saints,20261005NFL00057,DK,draftkings,change,21,2026-09-28T21:20:00,Sep 28,9:20 PM ET,7h ago,away,Atlanta Falcons,3.0,1.0,35.0,48.5,33.0,45.0,130.0,3.0,31.0
2026-09-29T04:26:29,nfl,nfl_20261005_atlanta_falcons_new_orleans_saints,20261005NFL00057,DK,draftkings,change,21,2026-09-28T21:20:00,Sep 28,9:20 PM ET,7h ago,home,New Orleans Saints,-3.0,99.0,65.0,48.5,67.0,55.0,-155.0,97.0,69.0
2026-09-29T04:26:29,nfl,nfl_20261005_atlanta_falcons_new_orleans_saints,20261005NFL00057,DK,draftkings,change,22,2026-09-28T21:00:00,Sep 28,9:00 PM ET,7h ago,away,Atlanta Falcons,3.0,1.0,36.0,48.5,33.0,45.0,130.0,3.0,31.0
2026-09-29T04:26:29,nfl,nfl_20261005_atlanta_falcons_new_orleans_saints,20261005NFL00057,DK,draftkings,change,22,2026-09-28T21:00:00,Sep 28,9:00 PM ET,7h ago,home,New Orleans Saints,-3.0,99.0,64.0,48.5,67.0,55.0,-155.0,97.0,69.0
2026-09-29T04:26:29,nfl,nfl_20261005_atlanta_falcons_new_orleans_saints,20261005NFL00057,DK,draftkings,change,23,2026-09-28T20:50:00,Sep 28,8:50 PM ET,7h ago,away,Atlanta Falcons,3.0,1.0,35.0,48.5,33.0,45.0,130.0,3.0,31.0
2026-09-29T04:26:29,nfl,nfl_20261005_atlanta_falcons_new_orleans_saints,20261005NFL00057,DK,draftkings,change,23,2026-09-28T20:50:00,Sep 28,8:50 PM ET,7h ago,home,New Orleans Saints,-3.0,99.0,65.0,48.5,67.0,55.0,-155.0,97.0,69.0
2026-09-29T04:26:29,nfl,nfl_20261005_atlanta_falcons_new_orleans_saints,20261005NFL00057,DK,draftkings,change,24,2026-09-28T20:20:00,Sep 28,8:20 PM ET,8h ago,away,Atlanta Falcons,3.0,1.0,36.0,48.5,33.0,45.0,130.0,3.0,31.0
2026-09-29T04:26:29,nfl,nfl_20261005_atlanta_falcons_new_orleans_saints,20261005NFL00057,DK,draftkings,change,24,2026-09-28T20:20:00,Sep 28,8:20 PM ET,8h ago,home,New Orleans Saints,-3.0,99.0,64.0,48.5,67.0,55.0,-155.0,97.0,69.0
2026-09-29T04:26:29,nfl,nfl_20261005_atlanta_falcons_new_orleans_saints,20261005NFL00057,DK,draftkings,change,25,2026-09-28T20:10:00,Sep 28,8:10 PM ET,8h ago,away,Atlanta Falcons,2.5,1.0,37.0,48.5,33.0,45.0,130.0,3.0,31.0
2026-09-29T04:26:29,nfl,nfl_20261005_atlanta_falcons_new_orleans_saints,20261005NFL00057,DK,draftkings,change,25,2026-09-28T20:10:00,Sep 28,8:10 PM ET,8h ago,home,New Orleans Saints,-2.5,99.0,63.0,48.5,67.0,55.0,-155.0,97.0,69.0
2026-09-29T04:26:29,nfl,nfl_20261005_atlanta_falcons_new_orleans_saints,20261005NFL00057,DK,draftkings,change,26,2026-09-28T20:00:00,Sep 28,8:00 PM ET,8h ago,away,Atlanta Falcons,2.5,1.0,37.0,48.5,33.0,45.0,130.0,31.0,31.0
2026-09-29T04:26:29,nfl,nfl_20261005_atlanta_falcons_new_orleans_saints,20261005NFL00057,DK,draftkings,change,26,2026-09-28T20:00:00,Sep 28,8:00 PM ET,8h ago,home,New Orleans Saints,-2.5,99.0,63.0,48.5,67.0,55.0,-155.0,69.0,69.0
2026-09-29T04:26:29,nfl,nfl_20261005_atlanta_falcons_new_orleans_saints,20261005NFL00057,DK,draftkings,change,27,2026-09-28T19:50:00,Sep 28,7:50 PM ET,8h ago,away,Atlanta Falcons,2.5,22.0,36.0,48.5,33.0,44.0,130.0,31.0,31.0
2026-09-29T04:26:29,nfl,nfl_20261005_atlanta_falcons_new_orleans_saints,20261005NFL00057,DK,draftkings,change,27,2026-09-28T19:50:00,Sep 28,7:50 PM ET,8h ago,home,New Orleans Saints,-2.5,78.0,64.0,48.5,67.0,56.0,-155.0,69.0,69.0
2026-09-29T04:26:30,nfl,nfl_20261005_atlanta_falcons_new_orleans_saints,20261005NFL00057,CIRCA,circa,open,1,2026-09-27T21:05:00,Sep 27,9:05 PM ET,1d ago,away,Atlanta Falcons,3.0,50.0,50.0,47.5,50.0,50.0,130.0,50.0,50.0
2026-09-29T04:26:30,nfl,nfl_20261005_atlanta_falcons_new_orleans_saints,20261005NFL00057,CIRCA,circa,open,1,2026-09-27T21:05:00,Sep 27,9:05 PM ET,1d ago,home,New Orleans Saints,-3.0,50.0,50.0,47.5,50.0,50.0,-150.0,50.0,50.0
2026-09-29T04:26:30,nfl,nfl_20261005_atlanta_falcons_new_orleans_saints,20261005NFL00057,CIRCA,circa,change,2,2026-09-29T01:30:00,Sep 29,1:30 AM ET,2h ago,away,Atlanta Falcons,3.0,100.0,100.0,48.5,50.0,50.0,130.0,69.0,50.0
2026-09-29T04:26:30,nfl,nfl_20261005_atlanta_falcons_new_orleans_saints,20261005NFL00057,CIRCA,circa,change,2,2026-09-29T01:30:00,Sep 29,1:30 AM ET,2h ago,home,New Orleans Saints,-3.0,0.0,0.0,48.5,50.0,50.0,-150.0,31.0,50.0
2026-09-29T04:26:30,nfl,nfl_20261005_atlanta_falcons_new_orleans_saints,20261005NFL00057,CIRCA,circa,change,3,2026-09-28T11:30:00,Sep 28,11:30 AM ET,16h ago,away,Atlanta Falcons,3.0,100.0,100.0,48.5,50.0,50.0,130.0,100.0,100.0
2026-09-29T04:26:30,nfl,nfl_20261005_atlanta_falcons_new_orleans_saints,20261005NFL00057,CIRCA,circa,change,3,2026-09-28T11:30:00,Sep 28,11:30 AM ET,16h ago,home,New Orleans Saints,-3.0,0.0,0.0,48.5,50.0,50.0,-150.0,0.0,0.0
2026-09-29T04:26:30,nfl,nfl_20261005_atlanta_falcons_new_orleans_saints,20261005NFL00057,CIRCA,circa,change,4,2026-09-28T01:21:00,Sep 28,1:21 AM ET,1d ago,away,Atlanta Falcons,3.0,100.0,100.0,47.5,50.0,50.0,130.0,50.0,50.0
2026-09-29T04:26:30,nfl,nfl_20261005_atlanta_falcons_new_orleans_saints,20261005NFL00057,CIRCA,circa,change,4,2026-09-28T01:21:00,Sep 28,1:21 AM ET,1d ago,home,New Orleans Saints,-3.0,0.0,0.0,47.5,50.0,50.0,-150.0,50.0,50.0
2026-09-29T04:26:30,nfl,nfl_20261005_atlanta_falcons_new_orleans_saints,20261005NFL00057,CIRCA,circa,change,5,2026-09-27T21:05:00,Sep 27,9:05 PM ET,1d ago,away,Atlanta Falcons,3.0,50.0,50.0,47.5,50.0,50.0,130.0,50.0,50.0
2026-09-29T04:26:30,nfl,nfl_20261005_atlanta_falcons_new_orleans_saints,20261005NFL00057,CIRCA,circa,change,5,2026-09-27T21:05:00,Sep 27,9:05 PM ET,1d ago,home,New Orleans Saints,-3.0,50.0,50.0,47.5,50.0,50.0,-150.0,50.0,50.0
2026-09-29T04:26:31,nfl,nfl_20261008_tampa_bay_buccaneers_dallas_cowboys,20261008NFL00047,DK,draftkings,open,1,2026-05-14T21:20:00,May 14,9:20 PM ET,137d ago,away,Tampa Bay Buccaneers,3.5,100.0,100.0,,0.0,0.0,170.0,87.0,33.0
2026-09-29T04:26:31,nfl,nfl_20261008_tampa_bay_buccaneers_dallas_cowboys,20261008NFL00047,DK,draftkings,open,1,2026-05-14T21:20:00,May 14,9:20 PM ET,137d ago,home,Dallas Cowboys,-3.5,0.0,0.0,,0.0,0.0,-205.0,13.0,67.0
2026-09-29T04:26:31,nfl,nfl_20261008_tampa_bay_buccaneers_dallas_cowboys,20261008NFL00047,DK,draftkings,change,2,2026-09-12T19:40:00,Sep 12,7:40 PM ET,16d ago,away,Tampa Bay Buccaneers,3.5,0.0,33.0,52.5,0.0,0.0,170.0,28.0,3.0
2026-09-29T04:26:31,nfl,nfl_20261008_tampa_bay_buccaneers_dallas_cowboys,20261008NFL00047,DK,draftkings,change,2,2026-09-12T19:40:00,Sep 12,7:40 PM ET,16d ago,home,Dallas Cowboys,-3.5,100.0,67.0,52.5,100.0,100.0,-205.0,72.0,97.0
2026-09-29T04:26:31,nfl,nfl_20261008_tampa_bay_buccaneers_dallas_cowboys,20261008NFL00047,DK,draftkings,change,3,2026-09-09T20:10:00,Sep 9,8:10 PM ET,19d ago,away,Tampa Bay Buccaneers,3.5,0.0,25.0,52.5,0.0,0.0,170.0,28.0,3.0
2026-09-29T04:26:31,nfl,nfl_20261008_tampa_bay_buccaneers_dallas_cowboys,20261008NFL00047,DK,draftkings,change,3,2026-09-09T20:10:00,Sep 9,8:10 PM ET,19d ago,home,Dallas Cowboys,-3.5,100.0,75.0,52.5,100.0,100.0,-205.0,72.0,97.0
2026-09-29T04:26:31,nfl,nfl_20261008_tampa_bay_buccaneers_dallas_cowboys,20261008NFL00047,DK,draftkings,change,4,2026-09-04T01:35:00,Sep 4,1:35 AM ET,25d ago,away,Tampa Bay Buccaneers,3.5,0.0,29.0,52.5,0.0,0.0,170.0,28.0,3.0
2026-09-29T04:26:31,nfl,nfl_20261008_tampa_bay_buccaneers_dallas_cowboys,20261008NFL00047,DK,draftkings,change,4,2026-09-04T01:35:00,Sep 4,1:35 AM ET,25d ago,home,Dallas Cowboys,-3.5,100.0,71.0,52.5,100.0,100.0,-205.0,72.0,97.0
2026-09-29T04:26:31,nfl,nfl_20261008_tampa_bay_buccaneers_dallas_cowboys,20261008NFL00047,DK,draftkings,change,5,2026-08-27T17:30:00,Aug 27,5:30 PM ET,32d ago,away,Tampa Bay Buccaneers,3.5,0.0,33.0,52.5,0.0,0.0,170.0,28.0,3.0
2026-09-29T04:26:31,nfl,nfl_20261008_tampa_bay_buccaneers_dallas_cowboys,20261008NFL00047,DK,draftkings,change,5,2026-08-27T17:30:00,Aug 27,5:30 PM ET,32d ago,home,Dallas Cowboys,-3.5,100.0,67.0,52.5,100.0,100.0,-205.0,72.0,97.0
2026-09-29T04:26:31,nfl,nfl_20261008_tampa_bay_buccaneers_dallas_cowboys,20261008NFL00047,DK,draftkings,change,6,2026-08-19T17:30:00,Aug 19,5:30 PM ET,40d ago,away,Tampa Bay Buccaneers,3.5,0.0,40.0,52.5,0.0,0.0,170.0,28.0,3.0
2026-09-29T04:26:31,nfl,nfl_20261008_tampa_bay_buccaneers_dallas_cowboys,20261008NFL00047,DK,draftkings,change,6,2026-08-19T17:30:00,Aug 19,5:30 PM ET,40d ago,home,Dallas Cowboys,-3.5,100.0,60.0,52.5,100.0,100.0,-205.0,72.0,97.0
2026-09-29T04:26:31,nfl,nfl_20261008_tampa_bay_buccaneers_dallas_cowboys,20261008NFL00047,DK,draftkings,change,7,2026-08-16T00:50:00,Aug 16,12:50 AM ET,44d ago,away,Tampa Bay Buccaneers,3.5,12.0,50.0,52.5,0.0,0.0,164.0,28.0,3.0
2026-09-29T04:26:31,nfl,nfl_20261008_tampa_bay_buccaneers_dallas_cowboys,20261008NFL00047,DK,draftkings,change,7,2026-08-16T00:50:00,Aug 16,12:50 AM ET,44d ago,home,Dallas Cowboys,-3.5,88.0,50.0,52.5,100.0,100.0,-198.0,72.0,97.0
2026-09-29T04:26:31,nfl,nfl_20261008_tampa_bay_buccaneers_dallas_cowboys,20261008NFL00047,DK,draftkings,change,8,2026-08-16T00:40:00,Aug 16,12:40 AM ET,44d ago,away,Tampa Bay Buccaneers,3.5,12.0,50.0,52.5,0.0,0.0,164.0,28.0,4.0
2026-09-29T04:26:31,nfl,nfl_20261008_tampa_bay_buccaneers_dallas_cowboys,20261008NFL00047,DK,draftkings,change,8,2026-08-16T00:40:00,Aug 16,12:40 AM ET,44d ago,home,Dallas Cowboys,-3.5,88.0,50.0,52.5,100.0,100.0,-198.0,72.0,96.0
2026-09-29T04:26:31,nfl,nfl_20261008_tampa_bay_buccaneers_dallas_cowboys,20261008NFL00047,DK,draftkings,change,9,2026-08-16T00:30:00,Aug 16,12:30 AM ET,44d ago,away,Tampa Bay Buccaneers,3.5,12.0,50.0,52.5,0.0,0.0,164.0,28.0,5.0
2026-09-29T04:26:31,nfl,nfl_20261008_tampa_bay_buccaneers_dallas_cowboys,20261008NFL00047,DK,draftkings,change,9,2026-08-16T00:30:00,Aug 16,12:30 AM ET,44d ago,home,Dallas Cowboys,-3.5,88.0,50.0,52.5,100.0,100.0,-198.0,72.0,95.0
2026-09-29T04:26:31,nfl,nfl_20261008_tampa_bay_buccaneers_dallas_cowboys,20261008NFL00047,DK,draftkings,change,10,2026-08-16T00:20:00,Aug 16,12:20 AM ET,44d ago,away,Tampa Bay Buccaneers,3.5,12.0,50.0,52.5,0.0,0.0,164.0,28.0,7.0
2026-09-29T04:26:31,nfl,nfl_20261008_tampa_bay_buccaneers_dallas_cowboys,20261008NFL00047,DK,draftkings,change,10,2026-08-16T00:20:00,Aug 16,12:20 AM ET,44d ago,home,Dallas Cowboys,-3.5,88.0,50.0,52.5,100.0,100.0,-198.0,72.0,93.0
2026-09-29T04:26:31,nfl,nfl_20261008_tampa_bay_buccaneers_dallas_cowboys,20261008NFL00047,DK,draftkings,change,11,2026-08-16T00:15:00,Aug 16,12:15 AM ET,44d ago,away,Tampa Bay Buccaneers,3.5,12.0,50.0,52.5,0.0,0.0,164.0,28.0,10.0
2026-09-29T04:26:31,nfl,nfl_20261008_tampa_bay_buccaneers_dallas_cowboys,20261008NFL00047,DK,draftkings,change,11,2026-08-16T00:15:00,Aug 16,12:15 AM ET,44d ago,home,Dallas Cowboys,-3.5,88.0,50.0,52.5,100.0,100.0,-198.0,72.0,90.0
2026-09-29T04:26:31,nfl,nfl_20261008_tampa_bay_buccaneers_dallas_cowboys,20261008NFL00047,DK,draftkings,change,12,2026-08-15T23:30:00,Aug 15,11:30 PM ET,44d ago,away,Tampa Bay Buccaneers,3.5,12.0,50.0,52.5,0.0,0.0,164.0,28.0,11.0
2026-09-29T04:26:31,nfl,nfl_20261008_tampa_bay_buccaneers_dallas_cowboys,20261008NFL00047,DK,draftkings,change,12,2026-08-15T23:30:00,Aug 15,11:30 PM ET,44d ago,home,Dallas Cowboys,-3.5,88.0,50.0,52.5,100.0,100.0,-198.0,72.0,89.0
2026-09-29T04:26:31,nfl,nfl_20261008_tampa_bay_buccaneers_dallas_cowboys,20261008NFL00047,DK,draftkings,change,13,2026-08-12T15:35:00,Aug 12,3:35 PM ET,47d ago,away,Tampa Bay Buccaneers,3.5,12.0,50.0,52.5,0.0,0.0,160.0,29.0,12.0
2026-09-29T04:26:31,nfl,nfl_20261008_tampa_bay_buccaneers_dallas_cowboys,20261008NFL00047,DK,draftkings,change,13,2026-08-12T15:35:00,Aug 12,3:35 PM ET,47d ago,home,Dallas Cowboys,-3.5,88.0,50.0,52.5,100.0,100.0,-192.0,71.0,88.0
2026-09-29T04:26:31,nfl,nfl_20261008_tampa_bay_buccaneers_dallas_cowboys,20261008NFL00047,DK,draftkings,change,14,2026-08-12T15:12:00,Aug 12,3:12 PM ET,47d ago,away,Tampa Bay Buccaneers,3.5,2.0,14.0,,0.0,0.0,160.0,8.0,8.0
2026-09-29T04:26:31,nfl,nfl_20261008_tampa_bay_buccaneers_dallas_cowboys,20261008NFL00047,DK,draftkings,change,14,2026-08-12T15:12:00,Aug 12,3:12 PM ET,47d ago,home,Dallas Cowboys,-3.5,98.0,86.0,,0.0,0.0,-192.0,92.0,92.0
2026-09-29T04:26:31,nfl,nfl_20261008_tampa_bay_buccaneers_dallas_cowboys,20261008NFL00047,DK,draftkings,change,15,2026-06-04T11:20:00,Jun 4,11:20 AM ET,116d ago,away,Tampa Bay Buccaneers,,0.0,0.0,,0.0,0.0,164.0,100.0,100.0
2026-09-29T04:26:31,nfl,nfl_20261008_tampa_bay_buccaneers_dallas_cowboys,20261008NFL00047,DK,draftkings,change,15,2026-06-04T11:20:00,Jun 4,11:20 AM ET,116d ago,home,Dallas Cowboys,,0.0,0.0,,0.0,0.0,-198.0,0.0,0.0
2026-09-29T04:26:31,nfl,nfl_20261008_tampa_bay_buccaneers_dallas_cowboys,20261008NFL00047,DK,draftkings,change,16,2026-06-04T02:55:00,Jun 4,2:55 AM ET,117d ago,away,Tampa Bay Buccaneers,3.5,92.0,43.0,52.5,0.0,0.0,164.0,64.0,32.0
2026-09-29T04:26:31,nfl,nfl_20261008_tampa_bay_buccaneers_dallas_cowboys,20261008NFL00047,DK,draftkings,change,16,2026-06-04T02:55:00,Jun 4,2:55 AM ET,117d ago,home,Dallas Cowboys,-3.5,8.0,57.0,52.5,100.0,100.0,-198.0,36.0,68.0
2026-09-29T04:26:31,nfl,nfl_20261008_tampa_bay_buccaneers_dallas_cowboys,20261008NFL00047,DK,draftkings,change,17,2026-06-02T15:00:00,Jun 2,3:00 PM ET,118d ago,away,Tampa Bay Buccaneers,3.5,92.0,43.0,52.5,0.0,0.0,164.0,64.0,33.0
2026-09-29T04:26:31,nfl,nfl_20261008_tampa_bay_buccaneers_dallas_cowboys,20261008NFL00047,DK,draftkings,change,17,2026-06-02T15:00:00,Jun 2,3:00 PM ET,118d ago,home,Dallas Cowboys,-3.5,8.0,57.0,52.5,100.0,100.0,-198.0,36.0,67.0
2026-09-29T04:26:31,nfl,nfl_20261008_tampa_bay_buccaneers_dallas_cowboys,20261008NFL00047,DK,draftkings,change,18,2026-06-01T19:55:00,Jun 1,7:55 PM ET,119d ago,away,Tampa Bay Buccaneers,3.5,92.0,43.0,52.5,0.0,0.0,164.0,64.0,34.0
2026-09-29T04:26:31,nfl,nfl_20261008_tampa_bay_buccaneers_dallas_cowboys,20261008NFL00047,DK,draftkings,change,18,2026-06-01T19:55:00,Jun 1,7:55 PM ET,119d ago,home,Dallas Cowboys,-3.5,8.0,57.0,52.5,100.0,100.0,-198.0,36.0,66.0
2026-09-29T04:26:31,nfl,nfl_20261008_tampa_bay_buccaneers_dallas_cowboys,20261008NFL00047,DK,draftkings,change,19,2026-06-01T11:05:00,Jun 1,11:05 AM ET,119d ago,away,Tampa Bay Buccaneers,3.5,92.0,43.0,52.5,0.0,0.0,164.0,64.0,35.0
2026-09-29T04:26:31,nfl,nfl_20261008_tampa_bay_buccaneers_dallas_cowboys,20261008NFL00047,DK,draftkings,change,19,2026-06-01T11:05:00,Jun 1,11:05 AM ET,119d ago,home,Dallas Cowboys,-3.5,8.0,57.0,52.5,100.0,100.0,-198.0,36.0,65.0
2026-09-29T04:26:31,nfl,nfl_20261008_tampa_bay_buccaneers_dallas_cowboys,20261008NFL00047,DK,draftkings,change,20,2026-06-01T10:05:00,Jun 1,10:05 AM ET,119d ago,away,Tampa Bay Buccaneers,3.5,92.0,43.0,52.5,0.0,0.0,164.0,64.0,33.0
2026-09-29T04:26:31,nfl,nfl_20261008_tampa_bay_buccaneers_dallas_cowboys,20261008NFL00047,DK,draftkings,change,20,2026-06-01T10:05:00,Jun 1,10:05 AM ET,119d ago,home,Dallas Cowboys,-3.5,8.0,57.0,52.5,100.0,100.0,-198.0,36.0,67.0
2026-09-29T04:26:31,nfl,nfl_20261008_tampa_bay_buccaneers_dallas_cowboys,20261008NFL00047,DK,draftkings,change,21,2026-05-31T22:20:00,May 31,10:20 PM ET,120d ago,away,Tampa Bay Buccaneers,3.5,92.0,43.0,52.5,0.0,0.0,164.0,64.0,34.0
2026-09-29T04:26:31,nfl,nfl_20261008_tampa_bay_buccaneers_dallas_cowboys,20261008NFL00047,DK,draftkings,change,21,2026-05-31T22:20:00,May 31,10:20 PM ET,120d ago,home,Dallas Cowboys,-3.5,8.0,57.0,52.5,100.0,100.0,-198.0,36.0,66.0
2026-09-29T04:26:31,nfl,nfl_20261008_tampa_bay_buccaneers_dallas_cowboys,20261008NFL00047,DK,draftkings,change,22,2026-05-31T19:10:00,May 31,7:10 PM ET,120d ago,away,Tampa Bay Buccaneers,3.5,92.0,43.0,52.5,0.0,0.0,164.0,64.0,32.0
2026-09-29T04:26:31,nfl,nfl_20261008_tampa_bay_buccaneers_dallas_cowboys,20261008NFL00047,DK,draftkings,change,22,2026-05-31T19:10:00,May 31,7:10 PM ET,120d ago,home,Dallas Cowboys,-3.5,8.0,57.0,52.5,100.0,100.0,-198.0,36.0,68.0
2026-09-29T04:26:31,nfl,nfl_20261008_tampa_bay_buccaneers_dallas_cowboys,20261008NFL00047,DK,draftkings,change,23,2026-05-31T19:00:00,May 31,7:00 PM ET,120d ago,away,Tampa Bay Buccaneers,3.5,92.0,43.0,52.5,0.0,0.0,164.0,64.0,33.0
2026-09-29T04:26:31,nfl,nfl_20261008_tampa_bay_buccaneers_dallas_cowboys,20261008NFL00047,DK,draftkings,change,23,2026-05-31T19:00:00,May 31,7:00 PM ET,120d ago,home,Dallas Cowboys,-3.5,8.0,57.0,52.5,100.0,100.0,-198.0,36.0,67.0
2026-09-29T04:26:31,nfl,nfl_20261008_tampa_bay_buccaneers_dallas_cowboys,20261008NFL00047,DK,draftkings,change,24,2026-05-31T15:20:00,May 31,3:20 PM ET,120d ago,away,Tampa Bay Buccaneers,3.5,92.0,43.0,52.5,0.0,0.0,164.0,64.0,36.0
2026-09-29T04:26:31,nfl,nfl_20261008_tampa_bay_buccaneers_dallas_cowboys,20261008NFL00047,DK,draftkings,change,24,2026-05-31T15:20:00,May 31,3:20 PM ET,120d ago,home,Dallas Cowboys,-3.5,8.0,57.0,52.5,100.0,100.0,-198.0,36.0,64.0
2026-09-29T04:26:31,nfl,nfl_20261008_tampa_bay_buccaneers_dallas_cowboys,20261008NFL00047,DK,draftkings,change,25,2026-05-31T12:30:00,May 31,12:30 PM ET,120d ago,away,Tampa Bay Buccaneers,3.5,92.0,43.0,52.5,0.0,0.0,164.0,64.0,38.0
2026-09-29T04:26:31,nfl,nfl_20261008_tampa_bay_buccaneers_dallas_cowboys,20261008NFL00047,DK,draftkings,change,25,2026-05-31T12:30:00,May 31,12:30 PM ET,120d ago,home,Dallas Cowboys,-3.5,8.0,57.0,52.5,100.0,100.0,-198.0,36.0,63.0
2026-09-29T04:26:31,nfl,nfl_20261008_tampa_bay_buccaneers_dallas_cowboys,20261008NFL00047,DK,draftkings,change,26,2026-05-31T09:40:00,May 31,9:40 AM ET,120d ago,away,Tampa Bay Buccaneers,3.5,92.0,43.0,52.5,0.0,0.0,164.0,64.0,35.0
2026-09-29T04:26:31,nfl,nfl_20261008_tampa_bay_buccaneers_dallas_cowboys,20261008NFL00047,DK,draftkings,change,26,2026-05-31T09:40:00,May 31,9:40 AM ET,120d ago,home,Dallas Cowboys,-3.5,8.0,57.0,52.5,100.0,100.0,-198.0,36.0,65.0
2026-09-29T04:26:34,nfl,nfl_20261011_philadelphia_eagles_jacksonville_jaguars,20261011NFL00041,DK,draftkings,open,1,2026-05-13T13:30:00,May 13,1:30 PM ET,138d ago,away,Philadelphia Eagles,-1.5,100.0,100.0,,0.0,0.0,-130.0,46.0,56.0
2026-09-29T04:26:34,nfl,nfl_20261011_philadelphia_eagles_jacksonville_jaguars,20261011NFL00041,DK,draftkings,open,1,2026-05-13T13:30:00,May 13,1:30 PM ET,138d ago,home,Jacksonville Jaguars,1.5,0.0,0.0,,0.0,0.0,110.0,54.0,44.0
2026-09-29T04:26:34,nfl,nfl_20261011_philadelphia_eagles_jacksonville_jaguars,20261011NFL00041,DK,draftkings,first_full,2,2026-05-14T09:00:00,May 14,9:00 AM ET,137d ago,away,Philadelphia Eagles,-2.5,70.0,73.0,44.5,30.0,67.0,-130.0,50.0,74.0
2026-09-29T04:26:34,nfl,nfl_20261011_philadelphia_eagles_jacksonville_jaguars,20261011NFL00041,DK,draftkings,first_full,2,2026-05-14T09:00:00,May 14,9:00 AM ET,137d ago,home,Jacksonville Jaguars,2.5,30.0,27.0,44.5,70.0,33.0,110.0,50.0,26.0
2026-09-29T04:26:34,nfl,nfl_20261011_philadelphia_eagles_jacksonville_jaguars,20261011NFL00041,DK,draftkings,change,3,2026-09-10T18:10:00,Sep 10,6:10 PM ET,18d ago,away,Philadelphia Eagles,-1.5,17.0,20.0,45.5,23.0,67.0,-125.0,21.0,77.0
2026-09-29T04:26:34,nfl,nfl_20261011_philadelphia_eagles_jacksonville_jaguars,20261011NFL00041,DK,draftkings,change,3,2026-09-10T18:10:00,Sep 10,6:10 PM ET,18d ago,home,Jacksonville Jaguars,1.5,83.0,80.0,45.5,77.0,33.0,105.0,79.0,23.0
2026-09-29T04:26:34,nfl,nfl_20261011_philadelphia_eagles_jacksonville_jaguars,20261011NFL00041,DK,draftkings,change,4,2026-08-27T17:30:00,Aug 27,5:30 PM ET,32d ago,away,Philadelphia Eagles,-1.5,17.0,20.0,45.5,23.0,67.0,-125.0,21.0,76.0
2026-09-29T04:26:34,nfl,nfl_20261011_philadelphia_eagles_jacksonville_jaguars,20261011NFL00041,DK,draftkings,change,4,2026-08-27T17:30:00,Aug 27,5:30 PM ET,32d ago,home,Jacksonville Jaguars,1.5,83.0,80.0,45.5,77.0,33.0,105.0,79.0,24.0
2026-09-29T04:26:34,nfl,nfl_20261011_philadelphia_eagles_jacksonville_jaguars,20261011NFL00041,DK,draftkings,change,5,2026-08-24T22:55:00,Aug 24,10:55 PM ET,35d ago,away,Philadelphia Eagles,-1.5,17.0,20.0,45.5,23.0,67.0,-125.0,21.0,77.0
2026-09-29T04:26:34,nfl,nfl_20261011_philadelphia_eagles_jacksonville_jaguars,20261011NFL00041,DK,draftkings,change,5,2026-08-24T22:55:00,Aug 24,10:55 PM ET,35d ago,home,Jacksonville Jaguars,1.5,83.0,80.0,45.5,77.0,33.0,105.0,79.0,23.0
2026-09-29T04:26:34,nfl,nfl_20261011_philadelphia_eagles_jacksonville_jaguars,20261011NFL00041,DK,draftkings,change,6,2026-08-23T12:05:00,Aug 23,12:05 PM ET,36d ago,away,Philadelphia Eagles,-1.5,15.0,19.0,45.5,23.0,67.0,-125.0,21.0,77.0
2026-09-29T04:26:34,nfl,nfl_20261011_philadelphia_eagles_jacksonville_jaguars,20261011NFL00041,DK,draftkings,change,6,2026-08-23T12:05:00,Aug 23,12:05 PM ET,36d ago,home,Jacksonville Jaguars,1.5,85.0,81.0,45.5,77.0,33.0,105.0,79.0,23.0
2026-09-29T04:26:34,nfl,nfl_20261011_philadelphia_eagles_jacksonville_jaguars,20261011NFL00041,DK,draftkings,change,7,2026-08-16T17:10:00,Aug 16,5:10 PM ET,43d ago,away,Philadelphia Eagles,-1.5,15.0,19.0,45.5,23.0,67.0,-125.0,21.0,76.0
2026-09-29T04:26:34,nfl,nfl_20261011_philadelphia_eagles_jacksonville_jaguars,20261011NFL00041,DK,draftkings,change,7,2026-08-16T17:10:00,Aug 16,5:10 PM ET,43d ago,home,Jacksonville Jaguars,1.5,85.0,81.0,45.5,77.0,33.0,105.0,79.0,24.0
2026-09-29T04:26:34,nfl,nfl_20261011_philadelphia_eagles_jacksonville_jaguars,20261011NFL00041,DK,draftkings,change,8,2026-08-16T00:50:00,Aug 16,12:50 AM ET,44d ago,away,Philadelphia Eagles,-1.5,15.0,19.0,45.5,23.0,67.0,-125.0,21.0,77.0
2026-09-29T04:26:34,nfl,nfl_20261011_philadelphia_eagles_jacksonville_jaguars,20261011NFL00041,DK,draftkings,change,8,2026-08-16T00:50:00,Aug 16,12:50 AM ET,44d ago,home,Jacksonville Jaguars,1.5,85.0,81.0,45.5,77.0,33.0,105.0,79.0,23.0
2026-09-29T04:26:34,nfl,nfl_20261011_philadelphia_eagles_jacksonville_jaguars,20261011NFL00041,DK,draftkings,change,9,2026-08-16T00:45:00,Aug 16,12:45 AM ET,44d ago,away,Philadelphia Eagles,-1.5,15.0,22.0,45.5,23.0,67.0,-125.0,21.0,77.0
2026-09-29T04:26:34,nfl,nfl_20261011_philadelphia_eagles_jacksonville_jaguars,20261011NFL00041,DK,draftkings,change,9,2026-08-16T00:45:00,Aug 16,12:45 AM ET,44d ago,home,Jacksonville Jaguars,1.5,85.0,78.0,45.5,77.0,33.0,105.0,79.0,23.0
2026-09-29T04:26:34,nfl,nfl_20261011_philadelphia_eagles_jacksonville_jaguars,20261011NFL00041,DK,draftkings,change,10,2026-08-16T00:40:00,Aug 16,12:40 AM ET,44d ago,away,Philadelphia Eagles,-1.5,15.0,26.0,45.5,23.0,67.0,-125.0,21.0,77.0
2026-09-29T04:26:34,nfl,nfl_20261011_philadelphia_eagles_jacksonville_jaguars,20261011NFL00041,DK,draftkings,change,10,2026-08-16T00:40:00,Aug 16,12:40 AM ET,44d ago,home,Jacksonville Jaguars,1.5,85.0,74.0,45.5,77.0,33.0,105.0,79.0,23.0
2026-09-29T04:26:34,nfl,nfl_20261011_philadelphia_eagles_jacksonville_jaguars,20261011NFL00041,DK,draftkings,change,11,2026-08-16T00:30:00,Aug 16,12:30 AM ET,44d ago,away,Philadelphia Eagles,-1.5,15.0,31.0,45.5,23.0,67.0,-125.0,21.0,77.0
2026-09-29T04:26:34,nfl,nfl_20261011_philadelphia_eagles_jacksonville_jaguars,20261011NFL00041,DK,draftkings,change,11,2026-08-16T00:30:00,Aug 16,12:30 AM ET,44d ago,home,Jacksonville Jaguars,1.5,85.0,69.0,45.5,77.0,33.0,105.0,79.0,23.0
2026-09-29T04:26:34,nfl,nfl_20261011_philadelphia_eagles_jacksonville_jaguars,20261011NFL00041,DK,draftkings,change,12,2026-08-16T00:20:00,Aug 16,12:20 AM ET,44d ago,away,Philadelphia Eagles,-1.5,15.0,45.0,45.5,23.0,67.0,-125.0,21.0,77.0
2026-09-29T04:26:34,nfl,nfl_20261011_philadelphia_eagles_jacksonville_jaguars,20261011NFL00041,DK,draftkings,change,12,2026-08-16T00:20:00,Aug 16,12:20 AM ET,44d ago,home,Jacksonville Jaguars,1.5,85.0,55.0,45.5,77.0,33.0,105.0,79.0,23.0
2026-09-29T04:26:34,nfl,nfl_20261011_philadelphia_eagles_jacksonville_jaguars,20261011NFL00041,DK,draftkings,change,13,2026-08-16T00:15:00,Aug 16,12:15 AM ET,44d ago,away,Philadelphia Eagles,-1.5,15.0,71.0,45.5,23.0,67.0,-125.0,21.0,77.0
2026-09-29T04:26:34,nfl,nfl_20261011_philadelphia_eagles_jacksonville_jaguars,20261011NFL00041,DK,draftkings,change,13,2026-08-16T00:15:00,Aug 16,12:15 AM ET,44d ago,home,Jacksonville Jaguars,1.5,85.0,29.0,45.5,77.0,33.0,105.0,79.0,23.0
2026-09-29T04:26:34,nfl,nfl_20261011_philadelphia_eagles_jacksonville_jaguars,20261011NFL00041,DK,draftkings,change,14,2026-08-12T15:35:00,Aug 12,3:35 PM ET,47d ago,away,Philadelphia Eagles,-1.5,15.0,88.0,45.5,23.0,67.0,-125.0,21.0,77.0
2026-09-29T04:26:34,nfl,nfl_20261011_philadelphia_eagles_jacksonville_jaguars,20261011NFL00041,DK,draftkings,change,14,2026-08-12T15:35:00,Aug 12,3:35 PM ET,47d ago,home,Jacksonville Jaguars,1.5,85.0,12.0,45.5,77.0,33.0,105.0,79.0,23.0
2026-09-29T04:26:34,nfl,nfl_20261011_philadelphia_eagles_jacksonville_jaguars,20261011NFL00041,DK,draftkings,change,15,2026-08-12T15:12:00,Aug 12,3:12 PM ET,47d ago,away,Philadelphia Eagles,-1.5,91.0,70.0,45.5,100.0,100.0,-125.0,99.0,85.0
2026-09-29T04:26:34,nfl,nfl_20261011_philadelphia_eagles_jacksonville_jaguars,20261011NFL00041,DK,draftkings,change,15,2026-08-12T15:12:00,Aug 12,3:12 PM ET,47d ago,home,Jacksonville Jaguars,1.5,9.0,30.0,45.5,0.0,0.0,105.0,1.0,15.0
2026-09-29T04:26:34,nfl,nfl_20261011_philadelphia_eagles_jacksonville_jaguars,20261011NFL00041,DK,draftkings,change,16,2026-06-04T11:20:00,Jun 4,11:20 AM ET,116d ago,away,Philadelphia Eagles,,0.0,0.0,,0.0,0.0,-130.0,100.0,100.0
2026-09-29T04:26:34,nfl,nfl_20261011_philadelphia_eagles_jacksonville_jaguars,20261011NFL00041,DK,draftkings,change,16,2026-06-04T11:20:00,Jun 4,11:20 AM ET,116d ago,home,Jacksonville Jaguars,,0.0,0.0,,0.0,0.0,110.0,0.0,0.0
2026-09-29T04:26:34,nfl,nfl_20261011_philadelphia_eagles_jacksonville_jaguars,20261011NFL00041,DK,draftkings,change,17,2026-06-04T01:50:00,Jun 4,1:50 AM ET,117d ago,away,Philadelphia Eagles,-2.5,87.0,71.0,44.5,11.0,63.0,-130.0,60.0,69.0
2026-09-29T04:26:34,nfl,nfl_20261011_philadelphia_eagles_jacksonville_jaguars,20261011NFL00041,DK,draftkings,change,17,2026-06-04T01:50:00,Jun 4,1:50 AM ET,117d ago,home,Jacksonville Jaguars,2.5,13.0,29.0,44.5,89.0,38.0,110.0,40.0,31.0
2026-09-29T04:26:34,nfl,nfl_20261011_philadelphia_eagles_jacksonville_jaguars,20261011NFL00041,DK,draftkings,change,18,2026-06-03T15:05:00,Jun 3,3:05 PM ET,117d ago,away,Philadelphia Eagles,-2.5,87.0,71.0,44.5,11.0,63.0,-130.0,60.0,68.0
2026-09-29T04:26:34,nfl,nfl_20261011_philadelphia_eagles_jacksonville_jaguars,20261011NFL00041,DK,draftkings,change,18,2026-06-03T15:05:00,Jun 3,3:05 PM ET,117d ago,home,Jacksonville Jaguars,2.5,13.0,29.0,44.5,89.0,38.0,110.0,40.0,32.0
2026-09-29T04:26:34,nfl,nfl_20261011_philadelphia_eagles_jacksonville_jaguars,20261011NFL00041,DK,draftkings,change,19,2026-06-02T21:45:00,Jun 2,9:45 PM ET,118d ago,away,Philadelphia Eagles,-2.5,87.0,71.0,44.5,11.0,60.0,-130.0,60.0,68.0
2026-09-29T04:26:34,nfl,nfl_20261011_philadelphia_eagles_jacksonville_jaguars,20261011NFL00041,DK,draftkings,change,19,2026-06-02T21:45:00,Jun 2,9:45 PM ET,118d ago,home,Jacksonville Jaguars,2.5,13.0,29.0,44.5,89.0,40.0,110.0,40.0,32.0
2026-09-29T04:26:34,nfl,nfl_20261011_philadelphia_eagles_jacksonville_jaguars,20261011NFL00041,DK,draftkings,change,20,2026-06-02T00:20:00,Jun 2,12:20 AM ET,119d ago,away,Philadelphia Eagles,-2.5,87.0,72.0,43.5,11.0,60.0,-130.0,60.0,68.0
2026-09-29T04:26:34,nfl,nfl_20261011_philadelphia_eagles_jacksonville_jaguars,20261011NFL00041,DK,draftkings,change,20,2026-06-02T00:20:00,Jun 2,12:20 AM ET,119d ago,home,Jacksonville Jaguars,2.5,13.0,28.0,43.5,89.0,40.0,110.0,40.0,32.0
2026-09-29T04:26:34,nfl,nfl_20261011_philadelphia_eagles_jacksonville_jaguars,20261011NFL00041,DK,draftkings,change,21,2026-06-01T19:55:00,Jun 1,7:55 PM ET,119d ago,away,Philadelphia Eagles,-2.5,87.0,72.0,43.5,11.0,60.0,-130.0,59.0,68.0
2026-09-29T04:26:34,nfl,nfl_20261011_philadelphia_eagles_jacksonville_jaguars,20261011NFL00041,DK,draftkings,change,21,2026-06-01T19:55:00,Jun 1,7:55 PM ET,119d ago,home,Jacksonville Jaguars,2.5,13.0,28.0,43.5,89.0,40.0,110.0,41.0,32.0
2026-09-29T04:26:34,nfl,nfl_20261011_philadelphia_eagles_jacksonville_jaguars,20261011NFL00041,DK,draftkings,change,22,2026-06-01T12:25:00,Jun 1,12:25 PM ET,119d ago,away,Philadelphia Eagles,-2.5,87.0,72.0,43.5,11.0,60.0,-130.0,59.0,67.0
2026-09-29T04:26:34,nfl,nfl_20261011_philadelphia_eagles_jacksonville_jaguars,20261011NFL00041,DK,draftkings,change,22,2026-06-01T12:25:00,Jun 1,12:25 PM ET,119d ago,home,Jacksonville Jaguars,2.5,13.0,28.0,43.5,89.0,40.0,110.0,41.0,33.0
2026-09-29T04:26:34,nfl,nfl_20261011_philadelphia_eagles_jacksonville_jaguars,20261011NFL00041,DK,draftkings,change,23,2026-06-01T11:05:00,Jun 1,11:05 AM ET,119d ago,away,Philadelphia Eagles,-2.5,87.0,72.0,43.5,11.0,60.0,-130.0,54.0,67.0
2026-09-29T04:26:34,nfl,nfl_20261011_philadelphia_eagles_jacksonville_jaguars,20261011NFL00041,DK,draftkings,change,23,2026-06-01T11:05:00,Jun 1,11:05 AM ET,119d ago,home,Jacksonville Jaguars,2.5,13.0,28.0,43.5,89.0,40.0,110.0,46.0,33.0
2026-09-29T04:26:34,nfl,nfl_20261011_philadelphia_eagles_jacksonville_jaguars,20261011NFL00041,DK,draftkings,change,24,2026-06-01T08:50:00,Jun 1,8:50 AM ET,119d ago,away,Philadelphia Eagles,-2.5,87.0,71.0,43.5,11.0,60.0,-130.0,54.0,67.0
2026-09-29T04:26:34,nfl,nfl_20261011_philadelphia_eagles_jacksonville_jaguars,20261011NFL00041,DK,draftkings,change,24,2026-06-01T08:50:00,Jun 1,8:50 AM ET,119d ago,home,Jacksonville Jaguars,2.5,13.0,29.0,43.5,89.0,40.0,110.0,46.0,33.0
2026-09-29T04:26:34,nfl,nfl_20261011_philadelphia_eagles_jacksonville_jaguars,20261011NFL00041,DK,draftkings,change,25,2026-06-01T07:10:00,Jun 1,7:10 AM ET,119d ago,away,Philadelphia Eagles,-2.5,87.0,71.0,43.5,9.0,62.0,-130.0,54.0,67.0
2026-09-29T04:26:34,nfl,nfl_20261011_philadelphia_eagles_jacksonville_jaguars,20261011NFL00041,DK,draftkings,change,25,2026-06-01T07:10:00,Jun 1,7:10 AM ET,119d ago,home,Jacksonville Jaguars,2.5,13.0,29.0,43.5,91.0,38.0,110.0,46.0,33.0
2026-09-29T04:26:34,nfl,nfl_20261011_philadelphia_eagles_jacksonville_jaguars,20261011NFL00041,DK,draftkings,change,26,2026-05-31T12:30:00,May 31,12:30 PM ET,120d ago,away,Philadelphia Eagles,-2.5,87.0,70.0,43.5,9.0,62.0,-130.0,54.0,67.0
2026-09-29T04:26:34,nfl,nfl_20261011_philadelphia_eagles_jacksonville_jaguars,20261011NFL00041,DK,draftkings,change,26,2026-05-31T12:30:00,May 31,12:30 PM ET,120d ago,home,Jacksonville Jaguars,2.5,13.0,30.0,43.5,91.0,38.0,110.0,46.0,33.0
2026-09-29T04:26:34,nfl,nfl_20261011_philadelphia_eagles_jacksonville_jaguars,20261011NFL00041,DK,draftkings,change,27,2026-05-31T08:20:00,May 31,8:20 AM ET,120d ago,away,Philadelphia Eagles,-2.5,87.0,70.0,43.5,9.0,62.0,-130.0,54.0,68.0
2026-09-29T04:26:34,nfl,nfl_20261011_philadelphia_eagles_jacksonville_jaguars,20261011NFL00041,DK,draftkings,change,27,2026-05-31T08:20:00,May 31,8:20 AM ET,120d ago,home,Jacksonville Jaguars,2.5,13.0,30.0,43.5,91.0,38.0,110.0,46.0,32.0
2026-09-29T04:26:36,nfl,nfl_20261011_cincinnati_bengals_miami_dolphins,20261011NFL00032,DK,draftkings,open,1,2026-05-15T05:55:00,May 15,5:55 AM ET,136d ago,away,Cincinnati Bengals,-5.5,100.0,100.0,,0.0,0.0,,0.0,0.0
2026-09-29T04:26:36,nfl,nfl_20261011_cincinnati_bengals_miami_dolphins,20261011NFL00032,DK,draftkings,open,1,2026-05-15T05:55:00,May 15,5:55 AM ET,136d ago,home,Miami Dolphins,5.5,0.0,0.0,,0.0,0.0,,0.0,0.0
2026-09-29T04:26:36,nfl,nfl_20261011_cincinnati_bengals_miami_dolphins,20261011NFL00032,DK,draftkings,first_full,2,2026-05-18T14:30:00,May 18,2:30 PM ET,133d ago,away,Cincinnati Bengals,-5.5,100.0,100.0,49.5,100.0,100.0,-245.0,51.0,74.0
2026-09-29T04:26:36,nfl,nfl_20261011_cincinnati_bengals_miami_dolphins,20261011NFL00032,DK,draftkings,first_full,2,2026-05-18T14:30:00,May 18,2:30 PM ET,133d ago,home,Miami Dolphins,5.5,0.0,0.0,49.5,0.0,0.0,200.0,49.0,26.0
2026-09-29T04:26:36,nfl,nfl_20261011_cincinnati_bengals_miami_dolphins,20261011NFL00032,DK,draftkings,change,3,2026-09-11T19:50:00,Sep 11,7:50 PM ET,17d ago,away,Cincinnati Bengals,-6.0,100.0,92.0,49.5,0.0,0.0,-278.0,23.0,96.0
2026-09-29T04:26:36,nfl,nfl_20261011_cincinnati_bengals_miami_dolphins,20261011NFL00032,DK,draftkings,change,3,2026-09-11T19:50:00,Sep 11,7:50 PM ET,17d ago,home,Miami Dolphins,6.0,0.0,8.0,49.5,100.0,100.0,225.0,77.0,4.0
2026-09-29T04:26:36,nfl,nfl_20261011_cincinnati_bengals_miami_dolphins,20261011NFL00032,DK,draftkings,change,4,2026-09-10T02:35:00,Sep 10,2:35 AM ET,19d ago,away,Cincinnati Bengals,-6.0,100.0,92.0,49.5,0.0,0.0,-278.0,40.0,97.0
2026-09-29T04:26:36,nfl,nfl_20261011_cincinnati_bengals_miami_dolphins,20261011NFL00032,DK,draftkings,change,4,2026-09-10T02:35:00,Sep 10,2:35 AM ET,19d ago,home,Miami Dolphins,6.0,0.0,8.0,49.5,100.0,100.0,225.0,60.0,3.0
2026-09-29T04:26:36,nfl,nfl_20261011_cincinnati_bengals_miami_dolphins,20261011NFL00032,DK,draftkings,change,5,2026-09-08T23:40:00,Sep 8,11:40 PM ET,20d ago,away,Cincinnati Bengals,-6.0,100.0,92.0,49.5,0.0,0.0,-270.0,27.0,97.0
2026-09-29T04:26:36,nfl,nfl_20261011_cincinnati_bengals_miami_dolphins,20261011NFL00032,DK,draftkings,change,5,2026-09-08T23:40:00,Sep 8,11:40 PM ET,20d ago,home,Miami Dolphins,6.0,0.0,8.0,49.5,100.0,100.0,220.0,73.0,3.0
2026-09-29T04:26:36,nfl,nfl_20261011_cincinnati_bengals_miami_dolphins,20261011NFL00032,DK,draftkings,change,6,2026-09-06T23:10:00,Sep 6,11:10 PM ET,22d ago,away,Cincinnati Bengals,-6.0,100.0,92.0,49.5,0.0,0.0,-278.0,26.0,97.0
2026-09-29T04:26:36,nfl,nfl_20261011_cincinnati_bengals_miami_dolphins,20261011NFL00032,DK,draftkings,change,6,2026-09-06T23:10:00,Sep 6,11:10 PM ET,22d ago,home,Miami Dolphins,6.0,0.0,8.0,49.5,100.0,100.0,225.0,74.0,3.0
2026-09-29T04:26:36,nfl,nfl_20261011_cincinnati_bengals_miami_dolphins,20261011NFL00032,DK,draftkings,change,7,2026-09-03T08:30:00,Sep 3,8:30 AM ET,25d ago,away,Cincinnati Bengals,-6.0,100.0,92.0,49.5,0.0,0.0,-278.0,21.0,97.0
2026-09-29T04:26:36,nfl,nfl_20261011_cincinnati_bengals_miami_dolphins,20261011NFL00032,DK,draftkings,change,7,2026-09-03T08:30:00,Sep 3,8:30 AM ET,25d ago,home,Miami Dolphins,6.0,0.0,8.0,49.5,100.0,100.0,225.0,79.0,3.0
2026-09-29T04:26:36,nfl,nfl_20261011_cincinnati_bengals_miami_dolphins,20261011NFL00032,DK,draftkings,change,8,2026-09-02T21:25:00,Sep 2,9:25 PM ET,26d ago,away,Cincinnati Bengals,-6.0,100.0,92.0,49.5,0.0,0.0,-278.0,19.0,97.0
2026-09-29T04:26:36,nfl,nfl_20261011_cincinnati_bengals_miami_dolphins,20261011NFL00032,DK,draftkings,change,8,2026-09-02T21:25:00,Sep 2,9:25 PM ET,26d ago,home,Miami Dolphins,6.0,0.0,8.0,49.5,100.0,100.0,225.0,81.0,3.0
2026-09-29T04:26:36,nfl,nfl_20261011_cincinnati_bengals_miami_dolphins,20261011NFL00032,DK,draftkings,change,9,2026-09-02T20:40:00,Sep 2,8:40 PM ET,26d ago,away,Cincinnati Bengals,-6.0,100.0,92.0,49.5,0.0,0.0,-278.0,26.0,98.0
2026-09-29T04:26:36,nfl,nfl_20261011_cincinnati_bengals_miami_dolphins,20261011NFL00032,DK,draftkings,change,9,2026-09-02T20:40:00,Sep 2,8:40 PM ET,26d ago,home,Miami Dolphins,6.0,0.0,8.0,49.5,100.0,100.0,225.0,74.0,2.0
2026-09-29T04:26:36,nfl,nfl_20261011_cincinnati_bengals_miami_dolphins,20261011NFL00032,DK,draftkings,change,10,2026-09-01T10:40:00,Sep 1,10:40 AM ET,27d ago,away,Cincinnati Bengals,-6.0,100.0,92.0,49.5,0.0,0.0,-270.0,25.0,98.0
2026-09-29T04:26:36,nfl,nfl_20261011_cincinnati_bengals_miami_dolphins,20261011NFL00032,DK,draftkings,change,10,2026-09-01T10:40:00,Sep 1,10:40 AM ET,27d ago,home,Miami Dolphins,6.0,0.0,8.0,49.5,100.0,100.0,220.0,75.0,2.0
2026-09-29T04:26:36,nfl,nfl_20261011_cincinnati_bengals_miami_dolphins,20261011NFL00032,DK,draftkings,change,11,2026-08-30T18:20:00,Aug 30,6:20 PM ET,29d ago,away,Cincinnati Bengals,-6.0,100.0,92.0,49.5,0.0,0.0,-270.0,21.0,98.0
2026-09-29T04:26:36,nfl,nfl_20261011_cincinnati_bengals_miami_dolphins,20261011NFL00032,DK,draftkings,change,11,2026-08-30T18:20:00,Aug 30,6:20 PM ET,29d ago,home,Miami Dolphins,6.0,0.0,8.0,49.5,100.0,100.0,220.0,79.0,2.0
2026-09-29T04:26:36,nfl,nfl_20261011_cincinnati_bengals_miami_dolphins,20261011NFL00032,DK,draftkings,change,12,2026-08-17T19:10:00,Aug 17,7:10 PM ET,42d ago,away,Cincinnati Bengals,-6.0,100.0,92.0,49.5,0.0,0.0,-258.0,20.0,98.0
2026-09-29T04:26:36,nfl,nfl_20261011_cincinnati_bengals_miami_dolphins,20261011NFL00032,DK,draftkings,change,12,2026-08-17T19:10:00,Aug 17,7:10 PM ET,42d ago,home,Miami Dolphins,6.0,0.0,8.0,49.5,100.0,100.0,210.0,80.0,2.0
2026-09-29T04:26:36,nfl,nfl_20261011_cincinnati_bengals_miami_dolphins,20261011NFL00032,DK,draftkings,change,13,2026-08-16T00:55:00,Aug 16,12:55 AM ET,44d ago,away,Cincinnati Bengals,-6.0,100.0,92.0,49.5,0.0,0.0,-258.0,18.0,98.0
2026-09-29T04:26:36,nfl,nfl_20261011_cincinnati_bengals_miami_dolphins,20261011NFL00032,DK,draftkings,change,13,2026-08-16T00:55:00,Aug 16,12:55 AM ET,44d ago,home,Miami Dolphins,6.0,0.0,8.0,49.5,100.0,100.0,210.0,82.0,2.0
2026-09-29T04:26:36,nfl,nfl_20261011_cincinnati_bengals_miami_dolphins,20261011NFL00032,DK,draftkings,change,14,2026-08-16T00:30:00,Aug 16,12:30 AM ET,44d ago,away,Cincinnati Bengals,-6.0,100.0,92.0,49.5,0.0,0.0,-258.0,18.0,97.0
2026-09-29T04:26:36,nfl,nfl_20261011_cincinnati_bengals_miami_dolphins,20261011NFL00032,DK,draftkings,change,14,2026-08-16T00:30:00,Aug 16,12:30 AM ET,44d ago,home,Miami Dolphins,6.0,0.0,8.0,49.5,100.0,100.0,210.0,82.0,3.0
2026-09-29T04:26:36,nfl,nfl_20261011_cincinnati_bengals_miami_dolphins,20261011NFL00032,DK,draftkings,change,15,2026-08-16T00:20:00,Aug 16,12:20 AM ET,44d ago,away,Cincinnati Bengals,-6.0,100.0,92.0,49.5,0.0,0.0,-258.0,18.0,96.0
2026-09-29T04:26:36,nfl,nfl_20261011_cincinnati_bengals_miami_dolphins,20261011NFL00032,DK,draftkings,change,15,2026-08-16T00:20:00,Aug 16,12:20 AM ET,44d ago,home,Miami Dolphins,6.0,0.0,8.0,49.5,100.0,100.0,210.0,82.0,4.0
2026-09-29T04:26:36,nfl,nfl_20261011_cincinnati_bengals_miami_dolphins,20261011NFL00032,DK,draftkings,change,16,2026-08-15T23:30:00,Aug 15,11:30 PM ET,44d ago,away,Cincinnati Bengals,-6.0,100.0,92.0,49.5,0.0,0.0,-258.0,18.0,95.0
2026-09-29T04:26:36,nfl,nfl_20261011_cincinnati_bengals_miami_dolphins,20261011NFL00032,DK,draftkings,change,16,2026-08-15T23:30:00,Aug 15,11:30 PM ET,44d ago,home,Miami Dolphins,6.0,0.0,8.0,49.5,100.0,100.0,210.0,82.0,5.0
2026-09-29T04:26:36,nfl,nfl_20261011_cincinnati_bengals_miami_dolphins,20261011NFL00032,DK,draftkings,change,17,2026-08-15T08:10:00,Aug 15,8:10 AM ET,44d ago,away,Cincinnati Bengals,-6.0,100.0,92.0,49.5,0.0,0.0,-258.0,11.0,95.0
2026-09-29T04:26:36,nfl,nfl_20261011_cincinnati_bengals_miami_dolphins,20261011NFL00032,DK,draftkings,change,17,2026-08-15T08:10:00,Aug 15,8:10 AM ET,44d ago,home,Miami Dolphins,6.0,0.0,8.0,49.5,100.0,100.0,210.0,89.0,5.0
2026-09-29T04:26:36,nfl,nfl_20261011_cincinnati_bengals_miami_dolphins,20261011NFL00032,DK,draftkings,change,18,2026-08-12T15:35:00,Aug 12,3:35 PM ET,47d ago,away,Cincinnati Bengals,-6.0,100.0,91.0,49.5,0.0,0.0,-258.0,11.0,95.0
2026-09-29T04:26:36,nfl,nfl_20261011_cincinnati_bengals_miami_dolphins,20261011NFL00032,DK,draftkings,change,18,2026-08-12T15:35:00,Aug 12,3:35 PM ET,47d ago,home,Miami Dolphins,6.0,0.0,9.0,49.5,100.0,100.0,210.0,89.0,5.0
2026-09-29T04:26:36,nfl,nfl_20261011_cincinnati_bengals_miami_dolphins,20261011NFL00032,DK,draftkings,change,19,2026-08-12T15:12:00,Aug 12,3:12 PM ET,47d ago,away,Cincinnati Bengals,-6.0,98.0,86.0,49.5,0.0,0.0,-258.0,75.0,90.0
2026-09-29T04:26:36,nfl,nfl_20261011_cincinnati_bengals_miami_dolphins,20261011NFL00032,DK,draftkings,change,19,2026-08-12T15:12:00,Aug 12,3:12 PM ET,47d ago,home,Miami Dolphins,6.0,2.0,14.0,49.5,100.0,100.0,210.0,25.0,10.0
2026-09-29T04:26:36,nfl,nfl_20261011_cincinnati_bengals_miami_dolphins,20261011NFL00032,DK,draftkings,change,20,2026-08-06T19:15:00,Aug 6,7:15 PM ET,53d ago,away,Cincinnati Bengals,,0.0,0.0,,0.0,0.0,-250.0,100.0,100.0
2026-09-29T04:26:36,nfl,nfl_20261011_cincinnati_bengals_miami_dolphins,20261011NFL00032,DK,draftkings,change,20,2026-08-06T19:15:00,Aug 6,7:15 PM ET,53d ago,home,Miami Dolphins,,0.0,0.0,,0.0,0.0,205.0,0.0,0.0
2026-09-29T04:26:36,nfl,nfl_20261011_cincinnati_bengals_miami_dolphins,20261011NFL00032,DK,draftkings,change,21,2026-06-03T00:30:00,Jun 3,12:30 AM ET,118d ago,away,Cincinnati Bengals,-5.5,17.0,81.0,49.5,87.0,67.0,-250.0,63.0,87.0
2026-09-29T04:26:36,nfl,nfl_20261011_cincinnati_bengals_miami_dolphins,20261011NFL00032,DK,draftkings,change,21,2026-06-03T00:30:00,Jun 3,12:30 AM ET,118d ago,home,Miami Dolphins,5.5,83.0,19.0,49.5,13.0,33.0,205.0,37.0,13.0
2026-09-29T04:26:36,nfl,nfl_20261011_cincinnati_bengals_miami_dolphins,20261011NFL00032,DK,draftkings,change,22,2026-06-02T01:30:00,Jun 2,1:30 AM ET,119d ago,away,Cincinnati Bengals,-5.5,17.0,81.0,49.5,87.0,67.0,-245.0,63.0,86.0
2026-09-29T04:26:36,nfl,nfl_20261011_cincinnati_bengals_miami_dolphins,20261011NFL00032,DK,draftkings,change,22,2026-06-02T01:30:00,Jun 2,1:30 AM ET,119d ago,home,Miami Dolphins,5.5,83.0,19.0,49.5,13.0,33.0,200.0,37.0,14.0
2026-09-29T04:26:36,nfl,nfl_20261011_cincinnati_bengals_miami_dolphins,20261011NFL00032,DK,draftkings,change,23,2026-06-01T11:05:00,Jun 1,11:05 AM ET,119d ago,away,Cincinnati Bengals,-5.5,17.0,81.0,49.5,87.0,67.0,-245.0,62.0,85.0
2026-09-29T04:26:36,nfl,nfl_20261011_cincinnati_bengals_miami_dolphins,20261011NFL00032,DK,draftkings,change,23,2026-06-01T11:05:00,Jun 1,11:05 AM ET,119d ago,home,Miami Dolphins,5.5,83.0,19.0,49.5,13.0,33.0,200.0,38.0,15.0
2026-09-29T04:26:36,nfl,nfl_20261011_cincinnati_bengals_miami_dolphins,20261011NFL00032,DK,draftkings,change,24,2026-06-01T10:05:00,Jun 1,10:05 AM ET,119d ago,away,Cincinnati Bengals,-5.5,17.0,80.0,49.5,87.0,67.0,-245.0,62.0,85.0
2026-09-29T04:26:36,nfl,nfl_20261011_cincinnati_bengals_miami_dolphins,20261011NFL00032,DK,draftkings,change,24,2026-06-01T10:05:00,Jun 1,10:05 AM ET,119d ago,home,Miami Dolphins,5.5,83.0,20.0,49.5,13.0,33.0,200.0,38.0,15.0
2026-09-29T04:26:36,nfl,nfl_20261011_cincinnati_bengals_miami_dolphins,20261011NFL00032,DK,draftkings,change,25,2026-05-31T22:20:00,May 31,10:20 PM ET,120d ago,away,Cincinnati Bengals,-5.5,17.0,80.0,49.5,87.0,67.0,-245.0,62.0,84.0
2026-09-29T04:26:36,nfl,nfl_20261011_cincinnati_bengals_miami_dolphins,20261011NFL00032,DK,draftkings,change,25,2026-05-31T22:20:00,May 31,10:20 PM ET,120d ago,home,Miami Dolphins,5.5,83.0,20.0,49.5,13.0,33.0,200.0,38.0,16.0
2026-09-29T04:26:36,nfl,nfl_20261011_cincinnati_bengals_miami_dolphins,20261011NFL00032,DK,draftkings,change,26,2026-05-31T22:10:00,May 31,10:10 PM ET,120d ago,away,Cincinnati Bengals,-5.5,17.0,79.0,49.5,87.0,67.0,-245.0,62.0,84.0
2026-09-29T04:26:36,nfl,nfl_20261011_cincinnati_bengals_miami_dolphins,20261011NFL00032,DK,draftkings,change,26,2026-05-31T22:10:00,May 31,10:10 PM ET,120d ago,home,Miami Dolphins,5.5,83.0,21.0,49.5,13.0,33.0,200.0,38.0,16.0
2026-09-29T04:26:36,nfl,nfl_20261011_cincinnati_bengals_miami_dolphins,20261011NFL00032,DK,draftkings,change,27,2026-05-31T04:00:00,May 31,4:00 AM ET,121d ago,away,Cincinnati Bengals,-5.5,17.0,79.0,49.5,87.0,67.0,-245.0,51.0,84.0
2026-09-29T04:26:36,nfl,nfl_20261011_cincinnati_bengals_miami_dolphins,20261011NFL00032,DK,draftkings,change,27,2026-05-31T04:00:00,May 31,4:00 AM ET,121d ago,home,Miami Dolphins,5.5,83.0,21.0,49.5,13.0,33.0,200.0,49.0,16.0
2026-09-29T04:26:38,nfl,nfl_20261011_las_vegas_raiders_new_england_patriots,20261011NFL00033,DK,draftkings,open,1,2026-05-15T00:30:00,May 15,12:30 AM ET,137d ago,away,Las Vegas Raiders,,0.0,0.0,,0.0,0.0,330.0,0.0,0.0
2026-09-29T04:26:38,nfl,nfl_20261011_las_vegas_raiders_new_england_patriots,20261011NFL00033,DK,draftkings,open,1,2026-05-15T00:30:00,May 15,12:30 AM ET,137d ago,home,New England Patriots,,0.0,0.0,,0.0,0.0,-425.0,100.0,100.0
2026-09-29T04:26:38,nfl,nfl_20261011_las_vegas_raiders_new_england_patriots,20261011NFL00033,DK,draftkings,first_full,2,2026-05-18T14:30:00,May 18,2:30 PM ET,133d ago,away,Las Vegas Raiders,8.5,100.0,100.0,44.5,100.0,100.0,330.0,75.0,23.0
2026-09-29T04:26:38,nfl,nfl_20261011_las_vegas_raiders_new_england_patriots,20261011NFL00033,DK,draftkings,first_full,2,2026-05-18T14:30:00,May 18,2:30 PM ET,133d ago,home,New England Patriots,-8.5,0.0,0.0,44.5,0.0,0.0,-425.0,25.0,77.0
2026-09-29T04:26:38,nfl,nfl_20261011_las_vegas_raiders_new_england_patriots,20261011NFL00033,DK,draftkings,change,3,2026-09-01T11:40:00,Sep 1,11:40 AM ET,27d ago,away,Las Vegas Raiders,8.5,22.0,15.0,,0.0,0.0,320.0,13.0,0.0
2026-09-29T04:26:38,nfl,nfl_20261011_las_vegas_raiders_new_england_patriots,20261011NFL00033,DK,draftkings,change,3,2026-09-01T11:40:00,Sep 1,11:40 AM ET,27d ago,home,New England Patriots,-8.5,78.0,85.0,,0.0,0.0,-410.0,87.0,100.0
2026-09-29T04:26:38,nfl,nfl_20261011_las_vegas_raiders_new_england_patriots,20261011NFL00033,DK,draftkings,change,4,2026-08-29T23:20:00,Aug 29,11:20 PM ET,30d ago,away,Las Vegas Raiders,8.5,22.0,15.0,,0.0,0.0,310.0,14.0,0.0
2026-09-29T04:26:38,nfl,nfl_20261011_las_vegas_raiders_new_england_patriots,20261011NFL00033,DK,draftkings,change,4,2026-08-29T23:20:00,Aug 29,11:20 PM ET,30d ago,home,New England Patriots,-8.5,78.0,85.0,,0.0,0.0,-395.0,86.0,100.0
2026-09-29T04:26:38,nfl,nfl_20261011_las_vegas_raiders_new_england_patriots,20261011NFL00033,DK,draftkings,change,5,2026-08-25T17:00:00,Aug 25,5:00 PM ET,34d ago,away,Las Vegas Raiders,8.5,22.0,15.0,,0.0,0.0,310.0,14.0,1.0
2026-09-29T04:26:38,nfl,nfl_20261011_las_vegas_raiders_new_england_patriots,20261011NFL00033,DK,draftkings,change,5,2026-08-25T17:00:00,Aug 25,5:00 PM ET,34d ago,home,New England Patriots,-8.5,78.0,85.0,,0.0,0.0,-395.0,86.0,100.0
2026-09-29T04:26:38,nfl,nfl_20261011_las_vegas_raiders_new_england_patriots,20261011NFL00033,DK,draftkings,change,6,2026-08-25T03:10:00,Aug 25,3:10 AM ET,35d ago,away,Las Vegas Raiders,8.5,22.0,15.0,,0.0,0.0,310.0,14.0,1.0
2026-09-29T04:26:38,nfl,nfl_20261011_las_vegas_raiders_new_england_patriots,20261011NFL00033,DK,draftkings,change,6,2026-08-25T03:10:00,Aug 25,3:10 AM ET,35d ago,home,New England Patriots,-8.5,78.0,85.0,,0.0,0.0,-395.0,86.0,99.0
2026-09-29T04:26:38,nfl,nfl_20261011_las_vegas_raiders_new_england_patriots,20261011NFL00033,DK,draftkings,change,7,2026-08-24T08:50:00,Aug 24,8:50 AM ET,35d ago,away,Las Vegas Raiders,8.5,22.0,15.0,,0.0,0.0,310.0,18.0,1.0
2026-09-29T04:26:38,nfl,nfl_20261011_las_vegas_raiders_new_england_patriots,20261011NFL00033,DK,draftkings,change,7,2026-08-24T08:50:00,Aug 24,8:50 AM ET,35d ago,home,New England Patriots,-8.5,78.0,85.0,,0.0,0.0,-395.0,82.0,99.0
2026-09-29T04:26:38,nfl,nfl_20261011_las_vegas_raiders_new_england_patriots,20261011NFL00033,DK,draftkings,change,8,2026-08-17T11:45:00,Aug 17,11:45 AM ET,42d ago,away,Las Vegas Raiders,8.5,22.0,15.0,,0.0,0.0,310.0,19.0,1.0
2026-09-29T04:26:38,nfl,nfl_20261011_las_vegas_raiders_new_england_patriots,20261011NFL00033,DK,draftkings,change,8,2026-08-17T11:45:00,Aug 17,11:45 AM ET,42d ago,home,New England Patriots,-8.5,78.0,85.0,,0.0,0.0,-395.0,81.0,99.0
2026-09-29T04:26:38,nfl,nfl_20261011_las_vegas_raiders_new_england_patriots,20261011NFL00033,DK,draftkings,change,9,2026-08-15T23:30:00,Aug 15,11:30 PM ET,44d ago,away,Las Vegas Raiders,8.5,22.0,15.0,,0.0,0.0,310.0,20.0,1.0
2026-09-29T04:26:38,nfl,nfl_20261011_las_vegas_raiders_new_england_patriots,20261011NFL00033,DK,draftkings,change,9,2026-08-15T23:30:00,Aug 15,11:30 PM ET,44d ago,home,New England Patriots,-8.5,78.0,85.0,,0.0,0.0,-395.0,80.0,99.0
2026-09-29T04:26:38,nfl,nfl_20261011_las_vegas_raiders_new_england_patriots,20261011NFL00033,DK,draftkings,change,10,2026-08-15T22:10:00,Aug 15,10:10 PM ET,44d ago,away,Las Vegas Raiders,8.5,22.0,15.0,,0.0,0.0,310.0,23.0,1.0
2026-09-29T04:26:38,nfl,nfl_20261011_las_vegas_raiders_new_england_patriots,20261011NFL00033,DK,draftkings,change,10,2026-08-15T22:10:00,Aug 15,10:10 PM ET,44d ago,home,New England Patriots,-8.5,78.0,85.0,,0.0,0.0,-395.0,77.0,99.0
2026-09-29T04:26:38,nfl,nfl_20261011_las_vegas_raiders_new_england_patriots,20261011NFL00033,DK,draftkings,change,11,2026-08-15T21:55:00,Aug 15,9:55 PM ET,44d ago,away,Las Vegas Raiders,8.5,22.0,15.0,,0.0,0.0,310.0,25.0,1.0
2026-09-29T04:26:38,nfl,nfl_20261011_las_vegas_raiders_new_england_patriots,20261011NFL00033,DK,draftkings,change,11,2026-08-15T21:55:00,Aug 15,9:55 PM ET,44d ago,home,New England Patriots,-8.5,78.0,85.0,,0.0,0.0,-395.0,75.0,99.0
2026-09-29T04:26:38,nfl,nfl_20261011_las_vegas_raiders_new_england_patriots,20261011NFL00033,DK,draftkings,change,12,2026-08-12T15:35:00,Aug 12,3:35 PM ET,47d ago,away,Las Vegas Raiders,8.5,22.0,15.0,,0.0,0.0,320.0,33.0,1.0
2026-09-29T04:26:38,nfl,nfl_20261011_las_vegas_raiders_new_england_patriots,20261011NFL00033,DK,draftkings,change,12,2026-08-12T15:35:00,Aug 12,3:35 PM ET,47d ago,home,New England Patriots,-8.5,78.0,85.0,,0.0,0.0,-410.0,67.0,99.0
2026-09-29T04:26:38,nfl,nfl_20261011_las_vegas_raiders_new_england_patriots,20261011NFL00033,DK,draftkings,change,13,2026-08-12T15:12:00,Aug 12,3:12 PM ET,47d ago,away,Las Vegas Raiders,8.5,2.0,78.0,44.5,100.0,100.0,310.0,42.0,4.0
2026-09-29T04:26:38,nfl,nfl_20261011_las_vegas_raiders_new_england_patriots,20261011NFL00033,DK,draftkings,change,13,2026-08-12T15:12:00,Aug 12,3:12 PM ET,47d ago,home,New England Patriots,-8.5,98.0,22.0,44.5,0.0,0.0,-395.0,58.0,96.0
2026-09-29T04:26:38,nfl,nfl_20261011_las_vegas_raiders_new_england_patriots,20261011NFL00033,DK,draftkings,change,14,2026-06-04T11:20:00,Jun 4,11:20 AM ET,116d ago,away,Las Vegas Raiders,,0.0,0.0,,0.0,0.0,320.0,0.0,0.0
2026-09-29T04:26:38,nfl,nfl_20261011_las_vegas_raiders_new_england_patriots,20261011NFL00033,DK,draftkings,change,14,2026-06-04T11:20:00,Jun 4,11:20 AM ET,116d ago,home,New England Patriots,,0.0,0.0,,0.0,0.0,-410.0,100.0,100.0
2026-09-29T04:26:38,nfl,nfl_20261011_las_vegas_raiders_new_england_patriots,20261011NFL00033,DK,draftkings,change,15,2026-06-04T00:10:00,Jun 4,12:10 AM ET,117d ago,away,Las Vegas Raiders,8.5,9.0,42.0,44.5,56.0,67.0,320.0,56.0,8.0
2026-09-29T04:26:38,nfl,nfl_20261011_las_vegas_raiders_new_england_patriots,20261011NFL00033,DK,draftkings,change,15,2026-06-04T00:10:00,Jun 4,12:10 AM ET,117d ago,home,New England Patriots,-8.5,91.0,58.0,44.5,44.0,33.0,-410.0,44.0,92.0
2026-09-29T04:26:38,nfl,nfl_20261011_las_vegas_raiders_new_england_patriots,20261011NFL00033,DK,draftkings,change,16,2026-06-02T15:00:00,Jun 2,3:00 PM ET,118d ago,away,Las Vegas Raiders,8.5,9.0,42.0,44.5,56.0,67.0,320.0,57.0,8.0
2026-09-29T04:26:38,nfl,nfl_20261011_las_vegas_raiders_new_england_patriots,20261011NFL00033,DK,draftkings,change,16,2026-06-02T15:00:00,Jun 2,3:00 PM ET,118d ago,home,New England Patriots,-8.5,91.0,58.0,44.5,44.0,33.0,-410.0,43.0,92.0
2026-09-29T04:26:38,nfl,nfl_20261011_las_vegas_raiders_new_england_patriots,20261011NFL00033,DK,draftkings,change,17,2026-06-01T19:55:00,Jun 1,7:55 PM ET,119d ago,away,Las Vegas Raiders,8.5,8.0,36.0,44.5,56.0,67.0,320.0,57.0,8.0
2026-09-29T04:26:38,nfl,nfl_20261011_las_vegas_raiders_new_england_patriots,20261011NFL00033,DK,draftkings,change,17,2026-06-01T19:55:00,Jun 1,7:55 PM ET,119d ago,home,New England Patriots,-8.5,92.0,64.0,44.5,44.0,33.0,-410.0,43.0,92.0
2026-09-29T04:26:38,nfl,nfl_20261011_las_vegas_raiders_new_england_patriots,20261011NFL00033,DK,draftkings,change,18,2026-06-01T19:00:00,Jun 1,7:00 PM ET,119d ago,away,Las Vegas Raiders,8.5,8.0,36.0,44.5,10.0,50.0,320.0,57.0,8.0
2026-09-29T04:26:38,nfl,nfl_20261011_las_vegas_raiders_new_england_patriots,20261011NFL00033,DK,draftkings,change,18,2026-06-01T19:00:00,Jun 1,7:00 PM ET,119d ago,home,New England Patriots,-8.5,92.0,64.0,44.5,90.0,50.0,-410.0,43.0,92.0
2026-09-29T04:26:38,nfl,nfl_20261011_las_vegas_raiders_new_england_patriots,20261011NFL00033,DK,draftkings,change,19,2026-06-01T18:50:00,Jun 1,6:50 PM ET,119d ago,away,Las Vegas Raiders,8.5,8.0,36.0,44.5,10.0,50.0,320.0,76.0,8.0
2026-09-29T04:26:38,nfl,nfl_20261011_las_vegas_raiders_new_england_patriots,20261011NFL00033,DK,draftkings,change,19,2026-06-01T18:50:00,Jun 1,6:50 PM ET,119d ago,home,New England Patriots,-8.5,92.0,64.0,44.5,90.0,50.0,-410.0,24.0,92.0
2026-09-29T04:26:38,nfl,nfl_20261011_las_vegas_raiders_new_england_patriots,20261011NFL00033,DK,draftkings,change,20,2026-06-01T11:05:00,Jun 1,11:05 AM ET,119d ago,away,Las Vegas Raiders,8.5,8.0,36.0,44.5,10.0,50.0,320.0,76.0,9.0
2026-09-29T04:26:38,nfl,nfl_20261011_las_vegas_raiders_new_england_patriots,20261011NFL00033,DK,draftkings,change,20,2026-06-01T11:05:00,Jun 1,11:05 AM ET,119d ago,home,New England Patriots,-8.5,92.0,64.0,44.5,90.0,50.0,-410.0,24.0,91.0
2026-09-29T04:26:38,nfl,nfl_20261011_las_vegas_raiders_new_england_patriots,20261011NFL00033,DK,draftkings,change,21,2026-05-31T22:20:00,May 31,10:20 PM ET,120d ago,away,Las Vegas Raiders,8.5,8.0,40.0,44.5,10.0,50.0,320.0,76.0,9.0
2026-09-29T04:26:38,nfl,nfl_20261011_las_vegas_raiders_new_england_patriots,20261011NFL00033,DK,draftkings,change,21,2026-05-31T22:20:00,May 31,10:20 PM ET,120d ago,home,New England Patriots,-8.5,92.0,60.0,44.5,90.0,50.0,-410.0,24.0,91.0
2026-09-29T04:26:38,nfl,nfl_20261011_las_vegas_raiders_new_england_patriots,20261011NFL00033,DK,draftkings,change,22,2026-05-31T00:40:00,May 31,12:40 AM ET,121d ago,away,Las Vegas Raiders,8.5,8.0,44.0,44.5,10.0,50.0,320.0,76.0,9.0
2026-09-29T04:26:38,nfl,nfl_20261011_las_vegas_raiders_new_england_patriots,20261011NFL00033,DK,draftkings,change,22,2026-05-31T00:40:00,May 31,12:40 AM ET,121d ago,home,New England Patriots,-8.5,92.0,56.0,44.5,90.0,50.0,-410.0,24.0,91.0
2026-09-29T04:26:38,nfl,nfl_20261011_las_vegas_raiders_new_england_patriots,20261011NFL00033,DK,draftkings,change,23,2026-05-30T19:05:00,May 30,7:05 PM ET,121d ago,away,Las Vegas Raiders,8.5,8.0,44.0,44.5,10.0,50.0,320.0,77.0,9.0
2026-09-29T04:26:38,nfl,nfl_20261011_las_vegas_raiders_new_england_patriots,20261011NFL00033,DK,draftkings,change,23,2026-05-30T19:05:00,May 30,7:05 PM ET,121d ago,home,New England Patriots,-8.5,92.0,56.0,44.5,90.0,50.0,-410.0,23.0,91.0
2026-09-29T04:26:38,nfl,nfl_20261011_las_vegas_raiders_new_england_patriots,20261011NFL00033,DK,draftkings,change,24,2026-05-30T15:40:00,May 30,3:40 PM ET,121d ago,away,Las Vegas Raiders,8.5,8.0,44.0,44.5,10.0,50.0,320.0,77.0,8.0
2026-09-29T04:26:38,nfl,nfl_20261011_las_vegas_raiders_new_england_patriots,20261011NFL00033,DK,draftkings,change,24,2026-05-30T15:40:00,May 30,3:40 PM ET,121d ago,home,New England Patriots,-8.5,92.0,56.0,44.5,90.0,50.0,-410.0,23.0,92.0
2026-09-29T04:26:38,nfl,nfl_20261011_las_vegas_raiders_new_england_patriots,20261011NFL00033,DK,draftkings,change,25,2026-05-27T11:35:00,May 27,11:35 AM ET,124d ago,away,Las Vegas Raiders,8.5,8.0,44.0,44.5,10.0,50.0,330.0,77.0,9.0
2026-09-29T04:26:38,nfl,nfl_20261011_las_vegas_raiders_new_england_patriots,20261011NFL00033,DK,draftkings,change,25,2026-05-27T11:35:00,May 27,11:35 AM ET,124d ago,home,New England Patriots,-8.5,92.0,56.0,44.5,90.0,50.0,-425.0,23.0,91.0
2026-09-29T04:26:38,nfl,nfl_20261011_las_vegas_raiders_new_england_patriots,20261011NFL00033,DK,draftkings,change,26,2026-05-27T11:30:00,May 27,11:30 AM ET,124d ago,away,Las Vegas Raiders,8.5,8.0,44.0,44.5,10.0,50.0,330.0,77.0,11.0
2026-09-29T04:26:38,nfl,nfl_20261011_las_vegas_raiders_new_england_patriots,20261011NFL00033,DK,draftkings,change,26,2026-05-27T11:30:00,May 27,11:30 AM ET,124d ago,home,New England Patriots,-8.5,92.0,56.0,44.5,90.0,50.0,-425.0,23.0,89.0
2026-09-29T04:26:38,nfl,nfl_20261011_las_vegas_raiders_new_england_patriots,20261011NFL00033,DK,draftkings,change,27,2026-05-27T11:25:00,May 27,11:25 AM ET,124d ago,away,Las Vegas Raiders,8.5,8.0,44.0,44.5,10.0,50.0,330.0,78.0,13.0
2026-09-29T04:26:38,nfl,nfl_20261011_las_vegas_raiders_new_england_patriots,20261011NFL00033,DK,draftkings,change,27,2026-05-27T11:25:00,May 27,11:25 AM ET,124d ago,home,New England Patriots,-8.5,92.0,56.0,44.5,90.0,50.0,-425.0,22.0,87.0
2026-09-29T04:26:40,nfl,nfl_20261011_cleveland_browns_new_york_jets,20261011NFL00034,DK,draftkings,open,1,2026-05-14T23:45:00,May 14,11:45 PM ET,137d ago,away,Cleveland Browns,,0.0,0.0,,0.0,0.0,105.0,100.0,100.0
2026-09-29T04:26:40,nfl,nfl_20261011_cleveland_browns_new_york_jets,20261011NFL00034,DK,draftkings,open,1,2026-05-14T23:45:00,May 14,11:45 PM ET,137d ago,home,New York Jets,,0.0,0.0,,0.0,0.0,-125.0,0.0,0.0
2026-09-29T04:26:40,nfl,nfl_20261011_cleveland_browns_new_york_jets,20261011NFL00034,DK,draftkings,first_full,2,2026-05-16T03:50:00,May 16,3:50 AM ET,136d ago,away,Cleveland Browns,1.5,100.0,100.0,39.5,100.0,100.0,105.0,91.0,70.0
2026-09-29T04:26:40,nfl,nfl_20261011_cleveland_browns_new_york_jets,20261011NFL00034,DK,draftkings,first_full,2,2026-05-16T03:50:00,May 16,3:50 AM ET,136d ago,home,New York Jets,-1.5,0.0,0.0,39.5,0.0,0.0,-125.0,9.0,30.0
2026-09-29T04:26:40,nfl,nfl_20261011_cleveland_browns_new_york_jets,20261011NFL00034,DK,draftkings,change,3,2026-09-13T01:15:00,Sep 13,1:15 AM ET,16d ago,away,Cleveland Browns,1.5,37.0,97.0,39.5,0.0,0.0,110.0,81.0,65.0
2026-09-29T04:26:40,nfl,nfl_20261011_cleveland_browns_new_york_jets,20261011NFL00034,DK,draftkings,change,3,2026-09-13T01:15:00,Sep 13,1:15 AM ET,16d ago,home,New York Jets,-1.5,63.0,3.0,39.5,100.0,100.0,-130.0,19.0,35.0
2026-09-29T04:26:40,nfl,nfl_20261011_cleveland_browns_new_york_jets,20261011NFL00034,DK,draftkings,change,4,2026-09-11T19:10:00,Sep 11,7:10 PM ET,17d ago,away,Cleveland Browns,2.5,37.0,97.0,39.5,0.0,0.0,110.0,81.0,69.0
2026-09-29T04:26:40,nfl,nfl_20261011_cleveland_browns_new_york_jets,20261011NFL00034,DK,draftkings,change,4,2026-09-11T19:10:00,Sep 11,7:10 PM ET,17d ago,home,New York Jets,-2.5,63.0,3.0,39.5,100.0,100.0,-130.0,19.0,31.0
2026-09-29T04:26:40,nfl,nfl_20261011_cleveland_browns_new_york_jets,20261011NFL00034,DK,draftkings,change,5,2026-09-11T18:30:00,Sep 11,6:30 PM ET,17d ago,away,Cleveland Browns,2.5,38.0,99.0,39.5,0.0,0.0,110.0,82.0,73.0
2026-09-29T04:26:40,nfl,nfl_20261011_cleveland_browns_new_york_jets,20261011NFL00034,DK,draftkings,change,5,2026-09-11T18:30:00,Sep 11,6:30 PM ET,17d ago,home,New York Jets,-2.5,62.0,1.0,39.5,100.0,100.0,-130.0,18.0,27.0
2026-09-29T04:26:40,nfl,nfl_20261011_cleveland_browns_new_york_jets,20261011NFL00034,DK,draftkings,change,6,2026-09-10T11:00:00,Sep 10,11:00 AM ET,18d ago,away,Cleveland Browns,2.5,38.0,99.0,39.5,0.0,0.0,110.0,77.0,71.0
2026-09-29T04:26:40,nfl,nfl_20261011_cleveland_browns_new_york_jets,20261011NFL00034,DK,draftkings,change,6,2026-09-10T11:00:00,Sep 10,11:00 AM ET,18d ago,home,New York Jets,-2.5,62.0,1.0,39.5,100.0,100.0,-130.0,23.0,29.0
2026-09-29T04:26:40,nfl,nfl_20261011_cleveland_browns_new_york_jets,20261011NFL00034,DK,draftkings,change,7,2026-09-10T10:05:00,Sep 10,10:05 AM ET,18d ago,away,Cleveland Browns,2.5,1.0,99.0,39.5,0.0,0.0,110.0,77.0,71.0
2026-09-29T04:26:40,nfl,nfl_20261011_cleveland_browns_new_york_jets,20261011NFL00034,DK,draftkings,change,7,2026-09-10T10:05:00,Sep 10,10:05 AM ET,18d ago,home,New York Jets,-2.5,99.0,1.0,39.5,100.0,100.0,-130.0,23.0,29.0
2026-09-29T04:26:40,nfl,nfl_20261011_cleveland_browns_new_york_jets,20261011NFL00034,DK,draftkings,change,8,2026-09-06T21:45:00,Sep 6,9:45 PM ET,22d ago,away,Cleveland Browns,1.5,1.0,99.0,39.5,0.0,0.0,110.0,90.0,77.0
2026-09-29T04:26:40,nfl,nfl_20261011_cleveland_browns_new_york_jets,20261011NFL00034,DK,draftkings,change,8,2026-09-06T21:45:00,Sep 6,9:45 PM ET,22d ago,home,New York Jets,-1.5,99.0,1.0,39.5,100.0,100.0,-130.0,10.0,23.0
2026-09-29T04:26:40,nfl,nfl_20261011_cleveland_browns_new_york_jets,20261011NFL00034,DK,draftkings,change,9,2026-08-28T08:15:00,Aug 28,8:15 AM ET,31d ago,away,Cleveland Browns,1.5,1.0,99.0,39.5,0.0,0.0,110.0,99.0,83.0
2026-09-29T04:26:40,nfl,nfl_20261011_cleveland_browns_new_york_jets,20261011NFL00034,DK,draftkings,change,9,2026-08-28T08:15:00,Aug 28,8:15 AM ET,31d ago,home,New York Jets,-1.5,99.0,1.0,39.5,100.0,100.0,-130.0,1.0,17.0
2026-09-29T04:26:40,nfl,nfl_20261011_cleveland_browns_new_york_jets,20261011NFL00034,DK,draftkings,change,10,2026-08-12T15:35:00,Aug 12,3:35 PM ET,47d ago,away,Cleveland Browns,2.5,100.0,100.0,39.5,0.0,0.0,110.0,99.0,83.0
2026-09-29T04:26:40,nfl,nfl_20261011_cleveland_browns_new_york_jets,20261011NFL00034,DK,draftkings,change,10,2026-08-12T15:35:00,Aug 12,3:35 PM ET,47d ago,home,New York Jets,-2.5,0.0,0.0,39.5,100.0,100.0,-130.0,1.0,17.0
2026-09-29T04:26:40,nfl,nfl_20261011_cleveland_browns_new_york_jets,20261011NFL00034,DK,draftkings,change,11,2026-08-12T15:12:00,Aug 12,3:12 PM ET,47d ago,away,Cleveland Browns,2.5,3.0,20.0,39.5,61.0,50.0,110.0,54.0,22.0
2026-09-29T04:26:40,nfl,nfl_20261011_cleveland_browns_new_york_jets,20261011NFL00034,DK,draftkings,change,11,2026-08-12T15:12:00,Aug 12,3:12 PM ET,47d ago,home,New York Jets,-2.5,97.0,80.0,39.5,39.0,50.0,-130.0,46.0,78.0
2026-09-29T04:26:40,nfl,nfl_20261011_cleveland_browns_new_york_jets,20261011NFL00034,DK,draftkings,change,12,2026-06-04T01:05:00,Jun 4,1:05 AM ET,117d ago,away,Cleveland Browns,2.5,100.0,85.0,40.5,43.0,50.0,114.0,91.0,71.0
2026-09-29T04:26:40,nfl,nfl_20261011_cleveland_browns_new_york_jets,20261011NFL00034,DK,draftkings,change,12,2026-06-04T01:05:00,Jun 4,1:05 AM ET,117d ago,home,New York Jets,-2.5,0.0,15.0,40.5,57.0,50.0,-135.0,9.0,29.0
2026-09-29T04:26:40,nfl,nfl_20261011_cleveland_browns_new_york_jets,20261011NFL00034,DK,draftkings,change,13,2026-06-03T22:30:00,Jun 3,10:30 PM ET,117d ago,away,Cleveland Browns,2.5,100.0,85.0,40.5,43.0,50.0,114.0,91.0,73.0
2026-09-29T04:26:40,nfl,nfl_20261011_cleveland_browns_new_york_jets,20261011NFL00034,DK,draftkings,change,13,2026-06-03T22:30:00,Jun 3,10:30 PM ET,117d ago,home,New York Jets,-2.5,0.0,15.0,40.5,57.0,50.0,-135.0,9.0,27.0
2026-09-29T04:26:40,nfl,nfl_20261011_cleveland_browns_new_york_jets,20261011NFL00034,DK,draftkings,change,14,2026-06-03T18:35:00,Jun 3,6:35 PM ET,117d ago,away,Cleveland Browns,2.5,100.0,85.0,40.5,43.0,50.0,114.0,91.0,72.0
2026-09-29T04:26:40,nfl,nfl_20261011_cleveland_browns_new_york_jets,20261011NFL00034,DK,draftkings,change,14,2026-06-03T18:35:00,Jun 3,6:35 PM ET,117d ago,home,New York Jets,-2.5,0.0,15.0,40.5,57.0,50.0,-135.0,9.0,28.0
2026-09-29T04:26:40,nfl,nfl_20261011_cleveland_browns_new_york_jets,20261011NFL00034,DK,draftkings,change,15,2026-06-03T00:45:00,Jun 3,12:45 AM ET,118d ago,away,Cleveland Browns,2.5,100.0,85.0,40.5,43.0,50.0,114.0,91.0,74.0
2026-09-29T04:26:40,nfl,nfl_20261011_cleveland_browns_new_york_jets,20261011NFL00034,DK,draftkings,change,15,2026-06-03T00:45:00,Jun 3,12:45 AM ET,118d ago,home,New York Jets,-2.5,0.0,15.0,40.5,57.0,50.0,-135.0,9.0,26.0
2026-09-29T04:26:40,nfl,nfl_20261011_cleveland_browns_new_york_jets,20261011NFL00034,DK,draftkings,change,16,2026-06-03T00:30:00,Jun 3,12:30 AM ET,118d ago,away,Cleveland Browns,2.5,100.0,85.0,40.5,43.0,50.0,114.0,91.0,76.0
2026-09-29T04:26:40,nfl,nfl_20261011_cleveland_browns_new_york_jets,20261011NFL00034,DK,draftkings,change,16,2026-06-03T00:30:00,Jun 3,12:30 AM ET,118d ago,home,New York Jets,-2.5,0.0,15.0,40.5,57.0,50.0,-135.0,9.0,24.0
2026-09-29T04:26:40,nfl,nfl_20261011_cleveland_browns_new_york_jets,20261011NFL00034,DK,draftkings,change,17,2026-06-02T17:40:00,Jun 2,5:40 PM ET,118d ago,away,Cleveland Browns,2.5,100.0,85.0,40.5,43.0,50.0,114.0,91.0,75.0
2026-09-29T04:26:40,nfl,nfl_20261011_cleveland_browns_new_york_jets,20261011NFL00034,DK,draftkings,change,17,2026-06-02T17:40:00,Jun 2,5:40 PM ET,118d ago,home,New York Jets,-2.5,0.0,15.0,40.5,57.0,50.0,-135.0,9.0,25.0
2026-09-29T04:26:40,nfl,nfl_20261011_cleveland_browns_new_york_jets,20261011NFL00034,DK,draftkings,change,18,2026-06-02T15:00:00,Jun 2,3:00 PM ET,118d ago,away,Cleveland Browns,2.5,100.0,85.0,40.5,43.0,50.0,114.0,91.0,77.0
2026-09-29T04:26:40,nfl,nfl_20261011_cleveland_browns_new_york_jets,20261011NFL00034,DK,draftkings,change,18,2026-06-02T15:00:00,Jun 2,3:00 PM ET,118d ago,home,New York Jets,-2.5,0.0,15.0,40.5,57.0,50.0,-135.0,9.0,23.0
2026-09-29T04:26:40,nfl,nfl_20261011_cleveland_browns_new_york_jets,20261011NFL00034,DK,draftkings,change,19,2026-06-02T01:30:00,Jun 2,1:30 AM ET,119d ago,away,Cleveland Browns,2.5,100.0,85.0,40.5,43.0,50.0,114.0,91.0,79.0
2026-09-29T04:26:40,nfl,nfl_20261011_cleveland_browns_new_york_jets,20261011NFL00034,DK,draftkings,change,19,2026-06-02T01:30:00,Jun 2,1:30 AM ET,119d ago,home,New York Jets,-2.5,0.0,15.0,40.5,57.0,50.0,-135.0,9.0,21.0
2026-09-29T04:26:40,nfl,nfl_20261011_cleveland_browns_new_york_jets,20261011NFL00034,DK,draftkings,change,20,2026-06-01T19:55:00,Jun 1,7:55 PM ET,119d ago,away,Cleveland Browns,2.5,100.0,85.0,40.5,43.0,50.0,114.0,91.0,78.0
2026-09-29T04:26:40,nfl,nfl_20261011_cleveland_browns_new_york_jets,20261011NFL00034,DK,draftkings,change,20,2026-06-01T19:55:00,Jun 1,7:55 PM ET,119d ago,home,New York Jets,-2.5,0.0,15.0,40.5,57.0,50.0,-135.0,9.0,22.0
2026-09-29T04:26:40,nfl,nfl_20261011_cleveland_browns_new_york_jets,20261011NFL00034,DK,draftkings,change,21,2026-06-01T17:30:00,Jun 1,5:30 PM ET,119d ago,away,Cleveland Browns,2.5,100.0,92.0,40.5,43.0,50.0,114.0,91.0,78.0
2026-09-29T04:26:40,nfl,nfl_20261011_cleveland_browns_new_york_jets,20261011NFL00034,DK,draftkings,change,21,2026-06-01T17:30:00,Jun 1,5:30 PM ET,119d ago,home,New York Jets,-2.5,0.0,8.0,40.5,57.0,50.0,-135.0,9.0,22.0
2026-09-29T04:26:40,nfl,nfl_20261011_cleveland_browns_new_york_jets,20261011NFL00034,DK,draftkings,change,22,2026-06-01T11:50:00,Jun 1,11:50 AM ET,119d ago,away,Cleveland Browns,1.5,100.0,91.0,39.5,43.0,50.0,105.0,91.0,78.0
2026-09-29T04:26:40,nfl,nfl_20261011_cleveland_browns_new_york_jets,20261011NFL00034,DK,draftkings,change,22,2026-06-01T11:50:00,Jun 1,11:50 AM ET,119d ago,home,New York Jets,-1.5,0.0,9.0,39.5,57.0,50.0,-125.0,9.0,22.0
2026-09-29T04:26:40,nfl,nfl_20261011_cleveland_browns_new_york_jets,20261011NFL00034,DK,draftkings,change,23,2026-06-01T11:05:00,Jun 1,11:05 AM ET,119d ago,away,Cleveland Browns,1.5,100.0,91.0,39.5,43.0,50.0,105.0,91.0,78.0
2026-09-29T04:26:40,nfl,nfl_20261011_cleveland_browns_new_york_jets,20261011NFL00034,DK,draftkings,change,23,2026-06-01T11:05:00,Jun 1,11:05 AM ET,119d ago,home,New York Jets,-1.5,0.0,9.0,39.5,57.0,50.0,-125.0,9.0,23.0
2026-09-29T04:26:40,nfl,nfl_20261011_cleveland_browns_new_york_jets,20261011NFL00034,DK,draftkings,change,24,2026-06-01T10:05:00,Jun 1,10:05 AM ET,119d ago,away,Cleveland Browns,1.5,100.0,91.0,39.5,43.0,50.0,105.0,91.0,77.0
2026-09-29T04:26:40,nfl,nfl_20261011_cleveland_browns_new_york_jets,20261011NFL00034,DK,draftkings,change,24,2026-06-01T10:05:00,Jun 1,10:05 AM ET,119d ago,home,New York Jets,-1.5,0.0,9.0,39.5,57.0,50.0,-125.0,9.0,23.0
2026-09-29T04:26:40,nfl,nfl_20261011_cleveland_browns_new_york_jets,20261011NFL00034,DK,draftkings,change,25,2026-05-31T00:50:00,May 31,12:50 AM ET,121d ago,away,Cleveland Browns,1.5,100.0,91.0,39.5,43.0,50.0,105.0,91.0,76.0
2026-09-29T04:26:40,nfl,nfl_20261011_cleveland_browns_new_york_jets,20261011NFL00034,DK,draftkings,change,25,2026-05-31T00:50:00,May 31,12:50 AM ET,121d ago,home,New York Jets,-1.5,0.0,9.0,39.5,57.0,50.0,-125.0,9.0,24.0
2026-09-29T04:26:40,nfl,nfl_20261011_cleveland_browns_new_york_jets,20261011NFL00034,DK,draftkings,change,26,2026-05-30T19:05:00,May 30,7:05 PM ET,121d ago,away,Cleveland Browns,1.5,100.0,90.0,39.5,43.0,50.0,105.0,91.0,76.0
2026-09-29T04:26:40,nfl,nfl_20261011_cleveland_browns_new_york_jets,20261011NFL00034,DK,draftkings,change,26,2026-05-30T19:05:00,May 30,7:05 PM ET,121d ago,home,New York Jets,-1.5,0.0,10.0,39.5,57.0,50.0,-125.0,9.0,24.0
2026-09-29T04:26:40,nfl,nfl_20261011_cleveland_browns_new_york_jets,20261011NFL00034,DK,draftkings,change,27,2026-05-30T04:20:00,May 30,4:20 AM ET,122d ago,away,Cleveland Browns,1.5,100.0,100.0,39.5,43.0,50.0,105.0,91.0,76.0
2026-09-29T04:26:40,nfl,nfl_20261011_cleveland_browns_new_york_jets,20261011NFL00034,DK,draftkings,change,27,2026-05-30T04:20:00,May 30,4:20 AM ET,122d ago,home,New York Jets,-1.5,0.0,0.0,39.5,57.0,50.0,-125.0,9.0,24.0
2026-09-29T04:27:01,nfl,nfl_20261011_indianapolis_colts_pittsburgh_steelers,20261011NFL00038,DK,draftkings,open,1,2026-05-14T22:50:00,May 14,10:50 PM ET,137d ago,away,Indianapolis Colts,2.5,100.0,100.0,,0.0,0.0,,0.0,0.0
2026-09-29T04:27:01,nfl,nfl_20261011_indianapolis_colts_pittsburgh_steelers,20261011NFL00038,DK,draftkings,open,1,2026-05-14T22:50:00,May 14,10:50 PM ET,137d ago,home,Pittsburgh Steelers,-2.5,0.0,0.0,,0.0,0.0,,0.0,0.0
2026-09-29T04:27:01,nfl,nfl_20261011_indianapolis_colts_pittsburgh_steelers,20261011NFL00038,DK,draftkings,first_full,2,2026-05-18T14:30:00,May 18,2:30 PM ET,133d ago,away,Indianapolis Colts,2.5,10.0,60.0,47.5,100.0,100.0,120.0,99.0,59.0
2026-09-29T04:27:01,nfl,nfl_20261011_indianapolis_colts_pittsburgh_steelers,20261011NFL00038,DK,draftkings,first_full,2,2026-05-18T14:30:00,May 18,2:30 PM ET,133d ago,home,Pittsburgh Steelers,-2.5,90.0,40.0,47.5,0.0,0.0,-142.0,1.0,41.0
2026-09-29T04:27:01,nfl,nfl_20261011_indianapolis_colts_pittsburgh_steelers,20261011NFL00038,DK,draftkings,change,3,2026-09-09T16:10:00,Sep 9,4:10 PM ET,19d ago,away,Indianapolis Colts,2.5,6.0,99.0,,0.0,0.0,120.0,97.0,81.0
2026-09-29T04:27:01,nfl,nfl_20261011_indianapolis_colts_pittsburgh_steelers,20261011NFL00038,DK,draftkings,change,3,2026-09-09T16:10:00,Sep 9,4:10 PM ET,19d ago,home,Pittsburgh Steelers,-2.5,94.0,1.0,,0.0,0.0,-142.0,3.0,19.0
2026-09-29T04:27:01,nfl,nfl_20261011_indianapolis_colts_pittsburgh_steelers,20261011NFL00038,DK,draftkings,change,4,2026-09-09T14:00:00,Sep 9,2:00 PM ET,19d ago,away,Indianapolis Colts,2.5,6.0,99.0,,0.0,0.0,120.0,97.0,78.0
2026-09-29T04:27:01,nfl,nfl_20261011_indianapolis_colts_pittsburgh_steelers,20261011NFL00038,DK,draftkings,change,4,2026-09-09T14:00:00,Sep 9,2:00 PM ET,19d ago,home,Pittsburgh Steelers,-2.5,94.0,1.0,,0.0,0.0,-142.0,3.0,22.0
2026-09-29T04:27:01,nfl,nfl_20261011_indianapolis_colts_pittsburgh_steelers,20261011NFL00038,DK,draftkings,change,5,2026-09-08T18:00:00,Sep 8,6:00 PM ET,20d ago,away,Indianapolis Colts,2.5,6.0,99.0,,0.0,0.0,120.0,97.0,54.0
2026-09-29T04:27:01,nfl,nfl_20261011_indianapolis_colts_pittsburgh_steelers,20261011NFL00038,DK,draftkings,change,5,2026-09-08T18:00:00,Sep 8,6:00 PM ET,20d ago,home,Pittsburgh Steelers,-2.5,94.0,1.0,,0.0,0.0,-142.0,3.0,46.0
2026-09-29T04:27:01,nfl,nfl_20261011_indianapolis_colts_pittsburgh_steelers,20261011NFL00038,DK,draftkings,change,6,2026-08-28T08:15:00,Aug 28,8:15 AM ET,31d ago,away,Indianapolis Colts,2.5,6.0,99.0,,0.0,0.0,120.0,97.0,50.0
2026-09-29T04:27:01,nfl,nfl_20261011_indianapolis_colts_pittsburgh_steelers,20261011NFL00038,DK,draftkings,change,6,2026-08-28T08:15:00,Aug 28,8:15 AM ET,31d ago,home,Pittsburgh Steelers,-2.5,94.0,1.0,,0.0,0.0,-142.0,3.0,50.0
2026-09-29T04:27:01,nfl,nfl_20261011_indianapolis_colts_pittsburgh_steelers,20261011NFL00038,DK,draftkings,change,7,2026-08-12T15:35:00,Aug 12,3:35 PM ET,47d ago,away,Indianapolis Colts,2.5,100.0,100.0,,0.0,0.0,114.0,97.0,50.0
2026-09-29T04:27:01,nfl,nfl_20261011_indianapolis_colts_pittsburgh_steelers,20261011NFL00038,DK,draftkings,change,7,2026-08-12T15:35:00,Aug 12,3:35 PM ET,47d ago,home,Pittsburgh Steelers,-2.5,0.0,0.0,,0.0,0.0,-135.0,3.0,50.0
2026-09-29T04:27:01,nfl,nfl_20261011_indianapolis_colts_pittsburgh_steelers,20261011NFL00038,DK,draftkings,change,8,2026-08-12T15:12:00,Aug 12,3:12 PM ET,47d ago,away,Indianapolis Colts,2.5,0.0,17.0,47.5,0.0,0.0,114.0,19.0,11.0
2026-09-29T04:27:01,nfl,nfl_20261011_indianapolis_colts_pittsburgh_steelers,20261011NFL00038,DK,draftkings,change,8,2026-08-12T15:12:00,Aug 12,3:12 PM ET,47d ago,home,Pittsburgh Steelers,-2.5,100.0,83.0,47.5,100.0,100.0,-135.0,81.0,89.0
2026-09-29T04:27:01,nfl,nfl_20261011_indianapolis_colts_pittsburgh_steelers,20261011NFL00038,DK,draftkings,change,9,2026-06-03T00:30:00,Jun 3,12:30 AM ET,118d ago,away,Indianapolis Colts,2.5,9.0,60.0,47.5,10.0,50.0,120.0,98.0,48.0
2026-09-29T04:27:01,nfl,nfl_20261011_indianapolis_colts_pittsburgh_steelers,20261011NFL00038,DK,draftkings,change,9,2026-06-03T00:30:00,Jun 3,12:30 AM ET,118d ago,home,Pittsburgh Steelers,-2.5,91.0,40.0,47.5,90.0,50.0,-142.0,2.0,52.0
2026-09-29T04:27:01,nfl,nfl_20261011_indianapolis_colts_pittsburgh_steelers,20261011NFL00038,DK,draftkings,change,10,2026-06-02T15:00:00,Jun 2,3:00 PM ET,118d ago,away,Indianapolis Colts,2.5,9.0,60.0,47.5,10.0,50.0,120.0,98.0,46.0
2026-09-29T04:27:01,nfl,nfl_20261011_indianapolis_colts_pittsburgh_steelers,20261011NFL00038,DK,draftkings,change,10,2026-06-02T15:00:00,Jun 2,3:00 PM ET,118d ago,home,Pittsburgh Steelers,-2.5,91.0,40.0,47.5,90.0,50.0,-142.0,2.0,54.0
2026-09-29T04:27:01,nfl,nfl_20261011_indianapolis_colts_pittsburgh_steelers,20261011NFL00038,DK,draftkings,change,11,2026-06-02T01:30:00,Jun 2,1:30 AM ET,119d ago,away,Indianapolis Colts,2.5,9.0,60.0,47.5,10.0,50.0,120.0,98.0,48.0
2026-09-29T04:27:01,nfl,nfl_20261011_indianapolis_colts_pittsburgh_steelers,20261011NFL00038,DK,draftkings,change,11,2026-06-02T01:30:00,Jun 2,1:30 AM ET,119d ago,home,Pittsburgh Steelers,-2.5,91.0,40.0,47.5,90.0,50.0,-142.0,2.0,52.0
2026-09-29T04:27:01,nfl,nfl_20261011_indianapolis_colts_pittsburgh_steelers,20261011NFL00038,DK,draftkings,change,12,2026-06-01T19:55:00,Jun 1,7:55 PM ET,119d ago,away,Indianapolis Colts,2.5,9.0,60.0,47.5,10.0,50.0,120.0,98.0,50.0
2026-09-29T04:27:01,nfl,nfl_20261011_indianapolis_colts_pittsburgh_steelers,20261011NFL00038,DK,draftkings,change,12,2026-06-01T19:55:00,Jun 1,7:55 PM ET,119d ago,home,Pittsburgh Steelers,-2.5,91.0,40.0,47.5,90.0,50.0,-142.0,2.0,50.0
2026-09-29T04:27:01,nfl,nfl_20261011_indianapolis_colts_pittsburgh_steelers,20261011NFL00038,DK,draftkings,change,13,2026-06-01T11:50:00,Jun 1,11:50 AM ET,119d ago,away,Indianapolis Colts,2.5,9.0,60.0,47.5,10.0,50.0,120.0,98.0,52.0
2026-09-29T04:27:01,nfl,nfl_20261011_indianapolis_colts_pittsburgh_steelers,20261011NFL00038,DK,draftkings,change,13,2026-06-01T11:50:00,Jun 1,11:50 AM ET,119d ago,home,Pittsburgh Steelers,-2.5,91.0,40.0,47.5,90.0,50.0,-142.0,2.0,48.0
2026-09-29T04:27:01,nfl,nfl_20261011_indianapolis_colts_pittsburgh_steelers,20261011NFL00038,DK,draftkings,change,14,2026-06-01T11:05:00,Jun 1,11:05 AM ET,119d ago,away,Indianapolis Colts,2.5,9.0,60.0,47.5,10.0,50.0,120.0,98.0,50.0
2026-09-29T04:27:01,nfl,nfl_20261011_indianapolis_colts_pittsburgh_steelers,20261011NFL00038,DK,draftkings,change,14,2026-06-01T11:05:00,Jun 1,11:05 AM ET,119d ago,home,Pittsburgh Steelers,-2.5,91.0,40.0,47.5,90.0,50.0,-142.0,2.0,50.0
2026-09-29T04:27:01,nfl,nfl_20261011_indianapolis_colts_pittsburgh_steelers,20261011NFL00038,DK,draftkings,change,15,2026-06-01T10:05:00,Jun 1,10:05 AM ET,119d ago,away,Indianapolis Colts,2.5,9.0,64.0,47.5,10.0,50.0,120.0,98.0,50.0
2026-09-29T04:27:01,nfl,nfl_20261011_indianapolis_colts_pittsburgh_steelers,20261011NFL00038,DK,draftkings,change,15,2026-06-01T10:05:00,Jun 1,10:05 AM ET,119d ago,home,Pittsburgh Steelers,-2.5,91.0,36.0,47.5,90.0,50.0,-142.0,2.0,50.0
2026-09-29T04:27:01,nfl,nfl_20261011_indianapolis_colts_pittsburgh_steelers,20261011NFL00038,DK,draftkings,change,16,2026-05-31T22:20:00,May 31,10:20 PM ET,120d ago,away,Indianapolis Colts,2.5,9.0,64.0,47.5,10.0,50.0,120.0,98.0,48.0
2026-09-29T04:27:01,nfl,nfl_20261011_indianapolis_colts_pittsburgh_steelers,20261011NFL00038,DK,draftkings,change,16,2026-05-31T22:20:00,May 31,10:20 PM ET,120d ago,home,Pittsburgh Steelers,-2.5,91.0,36.0,47.5,90.0,50.0,-142.0,2.0,52.0
2026-09-29T04:27:01,nfl,nfl_20261011_indianapolis_colts_pittsburgh_steelers,20261011NFL00038,DK,draftkings,change,17,2026-05-31T00:50:00,May 31,12:50 AM ET,121d ago,away,Indianapolis Colts,2.5,9.0,69.0,47.5,10.0,50.0,120.0,98.0,48.0
2026-09-29T04:27:01,nfl,nfl_20261011_indianapolis_colts_pittsburgh_steelers,20261011NFL00038,DK,draftkings,change,17,2026-05-31T00:50:00,May 31,12:50 AM ET,121d ago,home,Pittsburgh Steelers,-2.5,91.0,31.0,47.5,90.0,50.0,-142.0,2.0,52.0
2026-09-29T04:27:01,nfl,nfl_20261011_indianapolis_colts_pittsburgh_steelers,20261011NFL00038,DK,draftkings,change,18,2026-05-30T19:05:00,May 30,7:05 PM ET,121d ago,away,Indianapolis Colts,2.5,9.0,69.0,47.5,10.0,50.0,120.0,98.0,50.0
2026-09-29T04:27:01,nfl,nfl_20261011_indianapolis_colts_pittsburgh_steelers,20261011NFL00038,DK,draftkings,change,18,2026-05-30T19:05:00,May 30,7:05 PM ET,121d ago,home,Pittsburgh Steelers,-2.5,91.0,31.0,47.5,90.0,50.0,-142.0,2.0,50.0
2026-09-29T04:27:01,nfl,nfl_20261011_indianapolis_colts_pittsburgh_steelers,20261011NFL00038,DK,draftkings,change,19,2026-05-28T16:20:00,May 28,4:20 PM ET,123d ago,away,Indianapolis Colts,2.5,9.0,75.0,47.5,10.0,50.0,120.0,98.0,50.0
2026-09-29T04:27:01,nfl,nfl_20261011_indianapolis_colts_pittsburgh_steelers,20261011NFL00038,DK,draftkings,change,19,2026-05-28T16:20:00,May 28,4:20 PM ET,123d ago,home,Pittsburgh Steelers,-2.5,91.0,25.0,47.5,90.0,50.0,-142.0,2.0,50.0
2026-09-29T04:27:01,nfl,nfl_20261011_indianapolis_colts_pittsburgh_steelers,20261011NFL00038,DK,draftkings,change,20,2026-05-28T15:00:00,May 28,3:00 PM ET,123d ago,away,Indianapolis Colts,2.5,9.0,70.0,47.5,10.0,50.0,120.0,98.0,50.0
2026-09-29T04:27:01,nfl,nfl_20261011_indianapolis_colts_pittsburgh_steelers,20261011NFL00038,DK,draftkings,change,20,2026-05-28T15:00:00,May 28,3:00 PM ET,123d ago,home,Pittsburgh Steelers,-2.5,91.0,30.0,47.5,90.0,50.0,-142.0,2.0,50.0
2026-09-29T04:27:01,nfl,nfl_20261011_indianapolis_colts_pittsburgh_steelers,20261011NFL00038,DK,draftkings,change,21,2026-05-27T22:30:00,May 27,10:30 PM ET,124d ago,away,Indianapolis Colts,2.5,8.0,67.0,47.5,10.0,50.0,120.0,98.0,50.0
2026-09-29T04:27:01,nfl,nfl_20261011_indianapolis_colts_pittsburgh_steelers,20261011NFL00038,DK,draftkings,change,21,2026-05-27T22:30:00,May 27,10:30 PM ET,124d ago,home,Pittsburgh Steelers,-2.5,92.0,33.0,47.5,90.0,50.0,-142.0,2.0,50.0
2026-09-29T04:27:01,nfl,nfl_20261011_indianapolis_colts_pittsburgh_steelers,20261011NFL00038,DK,draftkings,change,22,2026-05-27T13:20:00,May 27,1:20 PM ET,124d ago,away,Indianapolis Colts,2.5,8.0,67.0,47.5,10.0,50.0,120.0,98.0,48.0
2026-09-29T04:27:01,nfl,nfl_20261011_indianapolis_colts_pittsburgh_steelers,20261011NFL00038,DK,draftkings,change,22,2026-05-27T13:20:00,May 27,1:20 PM ET,124d ago,home,Pittsburgh Steelers,-2.5,92.0,33.0,47.5,90.0,50.0,-142.0,2.0,52.0
2026-09-29T04:27:01,nfl,nfl_20261011_indianapolis_colts_pittsburgh_steelers,20261011NFL00038,DK,draftkings,change,23,2026-05-25T04:10:00,May 25,4:10 AM ET,127d ago,away,Indianapolis Colts,2.5,8.0,67.0,47.5,10.0,50.0,120.0,98.0,50.0
2026-09-29T04:27:01,nfl,nfl_20261011_indianapolis_colts_pittsburgh_steelers,20261011NFL00038,DK,draftkings,change,23,2026-05-25T04:10:00,May 25,4:10 AM ET,127d ago,home,Pittsburgh Steelers,-2.5,92.0,33.0,47.5,90.0,50.0,-142.0,2.0,50.0
2026-09-29T04:27:01,nfl,nfl_20261011_indianapolis_colts_pittsburgh_steelers,20261011NFL00038,DK,draftkings,change,24,2026-05-23T02:50:00,May 23,2:50 AM ET,129d ago,away,Indianapolis Colts,2.5,8.0,67.0,47.5,10.0,50.0,120.0,99.0,53.0
2026-09-29T04:27:01,nfl,nfl_20261011_indianapolis_colts_pittsburgh_steelers,20261011NFL00038,DK,draftkings,change,24,2026-05-23T02:50:00,May 23,2:50 AM ET,129d ago,home,Pittsburgh Steelers,-2.5,92.0,33.0,47.5,90.0,50.0,-142.0,1.0,47.0
2026-09-29T04:27:01,nfl,nfl_20261011_indianapolis_colts_pittsburgh_steelers,20261011NFL00038,DK,draftkings,change,25,2026-05-21T19:25:00,May 21,7:25 PM ET,130d ago,away,Indianapolis Colts,2.5,8.0,63.0,47.5,10.0,50.0,120.0,99.0,53.0
2026-09-29T04:27:01,nfl,nfl_20261011_indianapolis_colts_pittsburgh_steelers,20261011NFL00038,DK,draftkings,change,25,2026-05-21T19:25:00,May 21,7:25 PM ET,130d ago,home,Pittsburgh Steelers,-2.5,92.0,38.0,47.5,90.0,50.0,-142.0,1.0,47.0
2026-09-29T04:27:01,nfl,nfl_20261011_indianapolis_colts_pittsburgh_steelers,20261011NFL00038,DK,draftkings,change,26,2026-05-20T17:35:00,May 20,5:35 PM ET,131d ago,away,Indianapolis Colts,2.5,8.0,63.0,47.5,10.0,50.0,120.0,99.0,56.0
2026-09-29T04:27:01,nfl,nfl_20261011_indianapolis_colts_pittsburgh_steelers,20261011NFL00038,DK,draftkings,change,26,2026-05-20T17:35:00,May 20,5:35 PM ET,131d ago,home,Pittsburgh Steelers,-2.5,92.0,38.0,47.5,90.0,50.0,-142.0,1.0,44.0
2026-09-29T04:27:01,nfl,nfl_20261011_indianapolis_colts_pittsburgh_steelers,20261011NFL00038,DK,draftkings,change,27,2026-05-19T21:10:00,May 19,9:10 PM ET,132d ago,away,Indianapolis Colts,2.5,8.0,63.0,47.5,100.0,100.0,120.0,99.0,56.0
2026-09-29T04:27:01,nfl,nfl_20261011_indianapolis_colts_pittsburgh_steelers,20261011NFL00038,DK,draftkings,change,27,2026-05-19T21:10:00,May 19,9:10 PM ET,132d ago,home,Pittsburgh Steelers,-2.5,92.0,38.0,47.5,0.0,0.0,-142.0,1.0,44.0
2026-09-29T04:27:04,nfl,nfl_20261011_houston_texans_tennessee_titans,20261011NFL00042,DK,draftkings,open,1,2026-05-15T05:55:00,May 15,5:55 AM ET,136d ago,away,Houston Texans,,0.0,0.0,,0.0,0.0,-192.0,100.0,100.0
2026-09-29T04:27:04,nfl,nfl_20261011_houston_texans_tennessee_titans,20261011NFL00042,DK,draftkings,open,1,2026-05-15T05:55:00,May 15,5:55 AM ET,136d ago,home,Tennessee Titans,,0.0,0.0,,0.0,0.0,160.0,0.0,0.0
2026-09-29T04:27:04,nfl,nfl_20261011_houston_texans_tennessee_titans,20261011NFL00042,DK,draftkings,first_full,2,2026-05-18T14:30:00,May 18,2:30 PM ET,133d ago,away,Houston Texans,-3.5,100.0,100.0,43.5,100.0,100.0,-192.0,43.0,69.0
2026-09-29T04:27:04,nfl,nfl_20261011_houston_texans_tennessee_titans,20261011NFL00042,DK,draftkings,first_full,2,2026-05-18T14:30:00,May 18,2:30 PM ET,133d ago,home,Tennessee Titans,3.5,0.0,0.0,43.5,0.0,0.0,160.0,57.0,31.0
2026-09-29T04:27:04,nfl,nfl_20261011_houston_texans_tennessee_titans,20261011NFL00042,DK,draftkings,change,3,2026-09-12T19:40:00,Sep 12,7:40 PM ET,16d ago,away,Houston Texans,-3.5,100.0,7.0,,0.0,0.0,-185.0,83.0,99.0
2026-09-29T04:27:04,nfl,nfl_20261011_houston_texans_tennessee_titans,20261011NFL00042,DK,draftkings,change,3,2026-09-12T19:40:00,Sep 12,7:40 PM ET,16d ago,home,Tennessee Titans,3.5,0.0,93.0,,0.0,0.0,154.0,17.0,1.0
2026-09-29T04:27:04,nfl,nfl_20261011_houston_texans_tennessee_titans,20261011NFL00042,DK,draftkings,change,4,2026-09-10T14:35:00,Sep 10,2:35 PM ET,18d ago,away,Houston Texans,-3.5,100.0,6.0,,0.0,0.0,-185.0,83.0,99.0
2026-09-29T04:27:04,nfl,nfl_20261011_houston_texans_tennessee_titans,20261011NFL00042,DK,draftkings,change,4,2026-09-10T14:35:00,Sep 10,2:35 PM ET,18d ago,home,Tennessee Titans,3.5,0.0,94.0,,0.0,0.0,154.0,17.0,1.0
2026-09-29T04:27:04,nfl,nfl_20261011_houston_texans_tennessee_titans,20261011NFL00042,DK,draftkings,change,5,2026-09-08T19:45:00,Sep 8,7:45 PM ET,20d ago,away,Houston Texans,-3.5,100.0,6.0,,0.0,0.0,-185.0,82.0,99.0
2026-09-29T04:27:04,nfl,nfl_20261011_houston_texans_tennessee_titans,20261011NFL00042,DK,draftkings,change,5,2026-09-08T19:45:00,Sep 8,7:45 PM ET,20d ago,home,Tennessee Titans,3.5,0.0,94.0,,0.0,0.0,154.0,18.0,1.0
2026-09-29T04:27:04,nfl,nfl_20261011_houston_texans_tennessee_titans,20261011NFL00042,DK,draftkings,change,6,2026-09-07T10:30:00,Sep 7,10:30 AM ET,21d ago,away,Houston Texans,-3.5,100.0,6.0,,0.0,0.0,-185.0,45.0,99.0
2026-09-29T04:27:04,nfl,nfl_20261011_houston_texans_tennessee_titans,20261011NFL00042,DK,draftkings,change,6,2026-09-07T10:30:00,Sep 7,10:30 AM ET,21d ago,home,Tennessee Titans,3.5,0.0,94.0,,0.0,0.0,154.0,55.0,1.0
2026-09-29T04:27:04,nfl,nfl_20261011_houston_texans_tennessee_titans,20261011NFL00042,DK,draftkings,change,7,2026-09-06T23:10:00,Sep 6,11:10 PM ET,22d ago,away,Houston Texans,-3.5,95.0,4.0,,0.0,0.0,-185.0,45.0,99.0
2026-09-29T04:27:04,nfl,nfl_20261011_houston_texans_tennessee_titans,20261011NFL00042,DK,draftkings,change,7,2026-09-06T23:10:00,Sep 6,11:10 PM ET,22d ago,home,Tennessee Titans,3.5,5.0,96.0,,0.0,0.0,154.0,55.0,1.0
2026-09-29T04:27:04,nfl,nfl_20261011_houston_texans_tennessee_titans,20261011NFL00042,DK,draftkings,change,8,2026-09-06T17:50:00,Sep 6,5:50 PM ET,22d ago,away,Houston Texans,-3.5,95.0,4.0,,0.0,0.0,-185.0,36.0,99.0
2026-09-29T04:27:04,nfl,nfl_20261011_houston_texans_tennessee_titans,20261011NFL00042,DK,draftkings,change,8,2026-09-06T17:50:00,Sep 6,5:50 PM ET,22d ago,home,Tennessee Titans,3.5,5.0,96.0,,0.0,0.0,154.0,64.0,1.0
2026-09-29T04:27:04,nfl,nfl_20261011_houston_texans_tennessee_titans,20261011NFL00042,DK,draftkings,change,9,2026-09-01T10:40:00,Sep 1,10:40 AM ET,27d ago,away,Houston Texans,-3.5,95.0,4.0,,0.0,0.0,-185.0,35.0,99.0
2026-09-29T04:27:04,nfl,nfl_20261011_houston_texans_tennessee_titans,20261011NFL00042,DK,draftkings,change,9,2026-09-01T10:40:00,Sep 1,10:40 AM ET,27d ago,home,Tennessee Titans,3.5,5.0,96.0,,0.0,0.0,154.0,65.0,1.0
2026-09-29T04:27:04,nfl,nfl_20261011_houston_texans_tennessee_titans,20261011NFL00042,DK,draftkings,change,10,2026-08-31T16:05:00,Aug 31,4:05 PM ET,28d ago,away,Houston Texans,-3.5,95.0,4.0,,0.0,0.0,-192.0,29.0,99.0
2026-09-29T04:27:04,nfl,nfl_20261011_houston_texans_tennessee_titans,20261011NFL00042,DK,draftkings,change,10,2026-08-31T16:05:00,Aug 31,4:05 PM ET,28d ago,home,Tennessee Titans,3.5,5.0,96.0,,0.0,0.0,160.0,71.0,1.0
2026-09-29T04:27:04,nfl,nfl_20261011_houston_texans_tennessee_titans,20261011NFL00042,DK,draftkings,change,11,2026-08-29T23:20:00,Aug 29,11:20 PM ET,30d ago,away,Houston Texans,-3.5,95.0,4.0,,0.0,0.0,-185.0,29.0,98.0
2026-09-29T04:27:04,nfl,nfl_20261011_houston_texans_tennessee_titans,20261011NFL00042,DK,draftkings,change,11,2026-08-29T23:20:00,Aug 29,11:20 PM ET,30d ago,home,Tennessee Titans,3.5,5.0,96.0,,0.0,0.0,154.0,71.0,2.0
2026-09-29T04:27:04,nfl,nfl_20261011_houston_texans_tennessee_titans,20261011NFL00042,DK,draftkings,change,12,2026-08-16T00:55:00,Aug 16,12:55 AM ET,44d ago,away,Houston Texans,-3.5,95.0,4.0,,0.0,0.0,-185.0,28.0,98.0
2026-09-29T04:27:04,nfl,nfl_20261011_houston_texans_tennessee_titans,20261011NFL00042,DK,draftkings,change,12,2026-08-16T00:55:00,Aug 16,12:55 AM ET,44d ago,home,Tennessee Titans,3.5,5.0,96.0,,0.0,0.0,154.0,72.0,2.0
2026-09-29T04:27:04,nfl,nfl_20261011_houston_texans_tennessee_titans,20261011NFL00042,DK,draftkings,change,13,2026-08-16T00:50:00,Aug 16,12:50 AM ET,44d ago,away,Houston Texans,-3.5,95.0,5.0,,0.0,0.0,-185.0,28.0,98.0
2026-09-29T04:27:04,nfl,nfl_20261011_houston_texans_tennessee_titans,20261011NFL00042,DK,draftkings,change,13,2026-08-16T00:50:00,Aug 16,12:50 AM ET,44d ago,home,Tennessee Titans,3.5,5.0,95.0,,0.0,0.0,154.0,72.0,2.0
2026-09-29T04:27:04,nfl,nfl_20261011_houston_texans_tennessee_titans,20261011NFL00042,DK,draftkings,change,14,2026-08-16T00:45:00,Aug 16,12:45 AM ET,44d ago,away,Houston Texans,-3.5,96.0,5.0,,0.0,0.0,-185.0,28.0,98.0
2026-09-29T04:27:04,nfl,nfl_20261011_houston_texans_tennessee_titans,20261011NFL00042,DK,draftkings,change,14,2026-08-16T00:45:00,Aug 16,12:45 AM ET,44d ago,home,Tennessee Titans,3.5,4.0,95.0,,0.0,0.0,154.0,72.0,2.0
2026-09-29T04:27:04,nfl,nfl_20261011_houston_texans_tennessee_titans,20261011NFL00042,DK,draftkings,change,15,2026-08-16T00:40:00,Aug 16,12:40 AM ET,44d ago,away,Houston Texans,-3.5,97.0,7.0,,0.0,0.0,-185.0,28.0,98.0
2026-09-29T04:27:04,nfl,nfl_20261011_houston_texans_tennessee_titans,20261011NFL00042,DK,draftkings,change,15,2026-08-16T00:40:00,Aug 16,12:40 AM ET,44d ago,home,Tennessee Titans,3.5,3.0,93.0,,0.0,0.0,154.0,72.0,2.0
2026-09-29T04:27:04,nfl,nfl_20261011_houston_texans_tennessee_titans,20261011NFL00042,DK,draftkings,change,16,2026-08-16T00:30:00,Aug 16,12:30 AM ET,44d ago,away,Houston Texans,-3.5,97.0,9.0,,0.0,0.0,-185.0,28.0,98.0
2026-09-29T04:27:04,nfl,nfl_20261011_houston_texans_tennessee_titans,20261011NFL00042,DK,draftkings,change,16,2026-08-16T00:30:00,Aug 16,12:30 AM ET,44d ago,home,Tennessee Titans,3.5,3.0,91.0,,0.0,0.0,154.0,72.0,2.0
2026-09-29T04:27:04,nfl,nfl_20261011_houston_texans_tennessee_titans,20261011NFL00042,DK,draftkings,change,17,2026-08-16T00:20:00,Aug 16,12:20 AM ET,44d ago,away,Houston Texans,-3.5,98.0,16.0,,0.0,0.0,-185.0,28.0,98.0
2026-09-29T04:27:04,nfl,nfl_20261011_houston_texans_tennessee_titans,20261011NFL00042,DK,draftkings,change,17,2026-08-16T00:20:00,Aug 16,12:20 AM ET,44d ago,home,Tennessee Titans,3.5,2.0,84.0,,0.0,0.0,154.0,72.0,2.0
2026-09-29T04:27:04,nfl,nfl_20261011_houston_texans_tennessee_titans,20261011NFL00042,DK,draftkings,change,18,2026-08-16T00:15:00,Aug 16,12:15 AM ET,44d ago,away,Houston Texans,-3.5,99.0,43.0,,0.0,0.0,-185.0,28.0,98.0
2026-09-29T04:27:04,nfl,nfl_20261011_houston_texans_tennessee_titans,20261011NFL00042,DK,draftkings,change,18,2026-08-16T00:15:00,Aug 16,12:15 AM ET,44d ago,home,Tennessee Titans,3.5,1.0,57.0,,0.0,0.0,154.0,72.0,2.0
2026-09-29T04:27:04,nfl,nfl_20261011_houston_texans_tennessee_titans,20261011NFL00042,DK,draftkings,change,19,2026-08-12T15:35:00,Aug 12,3:35 PM ET,47d ago,away,Houston Texans,-3.5,100.0,100.0,,0.0,0.0,-192.0,28.0,98.0
2026-09-29T04:27:04,nfl,nfl_20261011_houston_texans_tennessee_titans,20261011NFL00042,DK,draftkings,change,19,2026-08-12T15:35:00,Aug 12,3:35 PM ET,47d ago,home,Tennessee Titans,3.5,0.0,0.0,,0.0,0.0,160.0,72.0,2.0
2026-09-29T04:27:04,nfl,nfl_20261011_houston_texans_tennessee_titans,20261011NFL00042,DK,draftkings,change,20,2026-08-12T15:12:00,Aug 12,3:12 PM ET,47d ago,away,Houston Texans,-3.5,100.0,100.0,,0.0,0.0,-192.0,100.0,100.0
2026-09-29T04:27:04,nfl,nfl_20261011_houston_texans_tennessee_titans,20261011NFL00042,DK,draftkings,change,20,2026-08-12T15:12:00,Aug 12,3:12 PM ET,47d ago,home,Tennessee Titans,3.5,0.0,0.0,,0.0,0.0,160.0,0.0,0.0
2026-09-29T04:27:04,nfl,nfl_20261011_houston_texans_tennessee_titans,20261011NFL00042,DK,draftkings,change,21,2026-06-04T02:55:00,Jun 4,2:55 AM ET,117d ago,away,Houston Texans,-3.5,100.0,100.0,43.5,0.0,25.0,-192.0,95.0,85.0
2026-09-29T04:27:04,nfl,nfl_20261011_houston_texans_tennessee_titans,20261011NFL00042,DK,draftkings,change,21,2026-06-04T02:55:00,Jun 4,2:55 AM ET,117d ago,home,Tennessee Titans,3.5,0.0,0.0,43.5,100.0,75.0,160.0,5.0,15.0
2026-09-29T04:27:04,nfl,nfl_20261011_houston_texans_tennessee_titans,20261011NFL00042,DK,draftkings,change,22,2026-06-03T00:30:00,Jun 3,12:30 AM ET,118d ago,away,Houston Texans,-3.5,100.0,100.0,43.5,0.0,25.0,-192.0,95.0,87.0
2026-09-29T04:27:04,nfl,nfl_20261011_houston_texans_tennessee_titans,20261011NFL00042,DK,draftkings,change,22,2026-06-03T00:30:00,Jun 3,12:30 AM ET,118d ago,home,Tennessee Titans,3.5,0.0,0.0,43.5,100.0,75.0,160.0,5.0,13.0
2026-09-29T04:27:04,nfl,nfl_20261011_houston_texans_tennessee_titans,20261011NFL00042,DK,draftkings,change,23,2026-06-02T01:30:00,Jun 2,1:30 AM ET,119d ago,away,Houston Texans,-3.5,100.0,100.0,43.5,0.0,25.0,-192.0,95.0,86.0
2026-09-29T04:27:04,nfl,nfl_20261011_houston_texans_tennessee_titans,20261011NFL00042,DK,draftkings,change,23,2026-06-02T01:30:00,Jun 2,1:30 AM ET,119d ago,home,Tennessee Titans,3.5,0.0,0.0,43.5,100.0,75.0,160.0,5.0,14.0
2026-09-29T04:27:04,nfl,nfl_20261011_houston_texans_tennessee_titans,20261011NFL00042,DK,draftkings,change,24,2026-06-01T19:55:00,Jun 1,7:55 PM ET,119d ago,away,Houston Texans,-3.5,100.0,100.0,43.5,0.0,25.0,-192.0,95.0,89.0
2026-09-29T04:27:04,nfl,nfl_20261011_houston_texans_tennessee_titans,20261011NFL00042,DK,draftkings,change,24,2026-06-01T19:55:00,Jun 1,7:55 PM ET,119d ago,home,Tennessee Titans,3.5,0.0,0.0,43.5,100.0,75.0,160.0,5.0,11.0
2026-09-29T04:27:04,nfl,nfl_20261011_houston_texans_tennessee_titans,20261011NFL00042,DK,draftkings,change,25,2026-06-01T10:05:00,Jun 1,10:05 AM ET,119d ago,away,Houston Texans,-3.5,100.0,100.0,43.5,0.0,25.0,-192.0,95.0,88.0
2026-09-29T04:27:04,nfl,nfl_20261011_houston_texans_tennessee_titans,20261011NFL00042,DK,draftkings,change,25,2026-06-01T10:05:00,Jun 1,10:05 AM ET,119d ago,home,Tennessee Titans,3.5,0.0,0.0,43.5,100.0,75.0,160.0,5.0,12.0
2026-09-29T04:27:04,nfl,nfl_20261011_houston_texans_tennessee_titans,20261011NFL00042,DK,draftkings,change,26,2026-05-31T19:10:00,May 31,7:10 PM ET,120d ago,away,Houston Texans,-3.5,100.0,100.0,43.5,0.0,25.0,-192.0,95.0,88.0
2026-09-29T04:27:04,nfl,nfl_20261011_houston_texans_tennessee_titans,20261011NFL00042,DK,draftkings,change,26,2026-05-31T19:10:00,May 31,7:10 PM ET,120d ago,home,Tennessee Titans,3.5,0.0,0.0,43.5,100.0,75.0,160.0,5.0,13.0
2026-09-29T04:27:04,nfl,nfl_20261011_houston_texans_tennessee_titans,20261011NFL00042,DK,draftkings,change,27,2026-05-31T19:00:00,May 31,7:00 PM ET,120d ago,away,Houston Texans,-3.5,100.0,100.0,43.5,0.0,25.0,-192.0,95.0,87.0
2026-09-29T04:27:04,nfl,nfl_20261011_houston_texans_tennessee_titans,20261011NFL00042,DK,draftkings,change,27,2026-05-31T19:00:00,May 31,7:00 PM ET,120d ago,home,Tennessee Titans,3.5,0.0,0.0,43.5,100.0,75.0,160.0,5.0,13.0
2026-09-29T04:27:06,nfl,nfl_20261011_new_york_giants_wash_commanders,20261011NFL00050,DK,draftkings,open,1,2026-05-14T21:20:00,May 14,9:20 PM ET,137d ago,away,New York Giants,2.5,100.0,100.0,,0.0,0.0,114.0,0.0,0.0
2026-09-29T04:27:06,nfl,nfl_20261011_new_york_giants_wash_commanders,20261011NFL00050,DK,draftkings,open,1,2026-05-14T21:20:00,May 14,9:20 PM ET,137d ago,home,Wash Commanders,-2.5,0.0,0.0,,0.0,0.0,-135.0,100.0,100.0
2026-09-29T04:27:06,nfl,nfl_20261011_new_york_giants_wash_commanders,20261011NFL00050,DK,draftkings,first_full,2,2026-05-18T14:30:00,May 18,2:30 PM ET,133d ago,away,New York Giants,2.5,13.0,57.0,48.5,100.0,100.0,114.0,51.0,55.0
2026-09-29T04:27:06,nfl,nfl_20261011_new_york_giants_wash_commanders,20261011NFL00050,DK,draftkings,first_full,2,2026-05-18T14:30:00,May 18,2:30 PM ET,133d ago,home,Wash Commanders,-2.5,87.0,43.0,48.5,0.0,0.0,-135.0,49.0,45.0
2026-09-29T04:27:06,nfl,nfl_20261011_new_york_giants_wash_commanders,20261011NFL00050,DK,draftkings,change,3,2026-09-12T19:40:00,Sep 12,7:40 PM ET,16d ago,away,New York Giants,2.5,100.0,90.0,48.5,0.0,0.0,110.0,77.0,63.0
2026-09-29T04:27:06,nfl,nfl_20261011_new_york_giants_wash_commanders,20261011NFL00050,DK,draftkings,change,3,2026-09-12T19:40:00,Sep 12,7:40 PM ET,16d ago,home,Wash Commanders,-2.5,0.0,10.0,48.5,100.0,100.0,-130.0,23.0,38.0
2026-09-29T04:27:06,nfl,nfl_20261011_new_york_giants_wash_commanders,20261011NFL00050,DK,draftkings,change,4,2026-09-11T20:40:00,Sep 11,8:40 PM ET,17d ago,away,New York Giants,2.5,100.0,91.0,48.5,0.0,0.0,110.0,77.0,63.0
2026-09-29T04:27:06,nfl,nfl_20261011_new_york_giants_wash_commanders,20261011NFL00050,DK,draftkings,change,4,2026-09-11T20:40:00,Sep 11,8:40 PM ET,17d ago,home,Wash Commanders,-2.5,0.0,9.0,48.5,100.0,100.0,-130.0,23.0,38.0
2026-09-29T04:27:06,nfl,nfl_20261011_new_york_giants_wash_commanders,20261011NFL00050,DK,draftkings,change,5,2026-09-08T08:10:00,Sep 8,8:10 AM ET,20d ago,away,New York Giants,1.5,100.0,91.0,48.5,0.0,0.0,110.0,80.0,65.0
2026-09-29T04:27:06,nfl,nfl_20261011_new_york_giants_wash_commanders,20261011NFL00050,DK,draftkings,change,5,2026-09-08T08:10:00,Sep 8,8:10 AM ET,20d ago,home,Wash Commanders,-1.5,0.0,9.0,48.5,100.0,100.0,-130.0,20.0,35.0
2026-09-29T04:27:06,nfl,nfl_20261011_new_york_giants_wash_commanders,20261011NFL00050,DK,draftkings,change,6,2026-09-06T08:10:00,Sep 6,8:10 AM ET,22d ago,away,New York Giants,2.5,100.0,91.0,48.5,0.0,0.0,110.0,72.0,64.0
2026-09-29T04:27:06,nfl,nfl_20261011_new_york_giants_wash_commanders,20261011NFL00050,DK,draftkings,change,6,2026-09-06T08:10:00,Sep 6,8:10 AM ET,22d ago,home,Wash Commanders,-2.5,0.0,9.0,48.5,100.0,100.0,-130.0,28.0,36.0
2026-09-29T04:27:06,nfl,nfl_20261011_new_york_giants_wash_commanders,20261011NFL00050,DK,draftkings,change,7,2026-09-03T20:10:00,Sep 3,8:10 PM ET,25d ago,away,New York Giants,1.5,100.0,91.0,48.5,0.0,0.0,110.0,72.0,62.0
2026-09-29T04:27:06,nfl,nfl_20261011_new_york_giants_wash_commanders,20261011NFL00050,DK,draftkings,change,7,2026-09-03T20:10:00,Sep 3,8:10 PM ET,25d ago,home,Wash Commanders,-1.5,0.0,9.0,48.5,100.0,100.0,-130.0,28.0,38.0
2026-09-29T04:27:06,nfl,nfl_20261011_new_york_giants_wash_commanders,20261011NFL00050,DK,draftkings,change,8,2026-08-30T11:50:00,Aug 30,11:50 AM ET,29d ago,away,New York Giants,1.5,100.0,91.0,48.5,0.0,0.0,110.0,76.0,65.0
2026-09-29T04:27:06,nfl,nfl_20261011_new_york_giants_wash_commanders,20261011NFL00050,DK,draftkings,change,8,2026-08-30T11:50:00,Aug 30,11:50 AM ET,29d ago,home,Wash Commanders,-1.5,0.0,9.0,48.5,100.0,100.0,-130.0,24.0,35.0
2026-09-29T04:27:06,nfl,nfl_20261011_new_york_giants_wash_commanders,20261011NFL00050,DK,draftkings,change,9,2026-08-29T23:20:00,Aug 29,11:20 PM ET,30d ago,away,New York Giants,1.5,100.0,91.0,48.5,0.0,0.0,110.0,70.0,63.0
2026-09-29T04:27:06,nfl,nfl_20261011_new_york_giants_wash_commanders,20261011NFL00050,DK,draftkings,change,9,2026-08-29T23:20:00,Aug 29,11:20 PM ET,30d ago,home,Wash Commanders,-1.5,0.0,9.0,48.5,100.0,100.0,-130.0,30.0,37.0
2026-09-29T04:27:06,nfl,nfl_20261011_new_york_giants_wash_commanders,20261011NFL00050,DK,draftkings,change,10,2026-08-28T08:15:00,Aug 28,8:15 AM ET,31d ago,away,New York Giants,1.5,100.0,91.0,48.5,0.0,0.0,110.0,70.0,67.0
2026-09-29T04:27:06,nfl,nfl_20261011_new_york_giants_wash_commanders,20261011NFL00050,DK,draftkings,change,10,2026-08-28T08:15:00,Aug 28,8:15 AM ET,31d ago,home,Wash Commanders,-1.5,0.0,9.0,48.5,100.0,100.0,-130.0,30.0,33.0
2026-09-29T04:27:06,nfl,nfl_20261011_new_york_giants_wash_commanders,20261011NFL00050,DK,draftkings,change,11,2026-08-24T21:30:00,Aug 24,9:30 PM ET,35d ago,away,New York Giants,1.5,100.0,91.0,48.5,0.0,0.0,110.0,66.0,65.0
2026-09-29T04:27:06,nfl,nfl_20261011_new_york_giants_wash_commanders,20261011NFL00050,DK,draftkings,change,11,2026-08-24T21:30:00,Aug 24,9:30 PM ET,35d ago,home,Wash Commanders,-1.5,0.0,9.0,48.5,100.0,100.0,-130.0,34.0,35.0
2026-09-29T04:27:06,nfl,nfl_20261011_new_york_giants_wash_commanders,20261011NFL00050,DK,draftkings,change,12,2026-08-16T19:20:00,Aug 16,7:20 PM ET,43d ago,away,New York Giants,2.5,100.0,91.0,48.5,0.0,0.0,110.0,71.0,69.0
2026-09-29T04:27:06,nfl,nfl_20261011_new_york_giants_wash_commanders,20261011NFL00050,DK,draftkings,change,12,2026-08-16T19:20:00,Aug 16,7:20 PM ET,43d ago,home,Wash Commanders,-2.5,0.0,9.0,48.5,100.0,100.0,-130.0,29.0,31.0
2026-09-29T04:27:06,nfl,nfl_20261011_new_york_giants_wash_commanders,20261011NFL00050,DK,draftkings,change,13,2026-08-16T00:55:00,Aug 16,12:55 AM ET,44d ago,away,New York Giants,1.5,100.0,91.0,48.5,0.0,0.0,110.0,77.0,73.0
2026-09-29T04:27:06,nfl,nfl_20261011_new_york_giants_wash_commanders,20261011NFL00050,DK,draftkings,change,13,2026-08-16T00:55:00,Aug 16,12:55 AM ET,44d ago,home,Wash Commanders,-1.5,0.0,9.0,48.5,100.0,100.0,-130.0,23.0,27.0
2026-09-29T04:27:06,nfl,nfl_20261011_new_york_giants_wash_commanders,20261011NFL00050,DK,draftkings,change,14,2026-08-16T00:50:00,Aug 16,12:50 AM ET,44d ago,away,New York Giants,1.5,100.0,90.0,48.5,0.0,0.0,110.0,77.0,73.0
2026-09-29T04:27:06,nfl,nfl_20261011_new_york_giants_wash_commanders,20261011NFL00050,DK,draftkings,change,14,2026-08-16T00:50:00,Aug 16,12:50 AM ET,44d ago,home,Wash Commanders,-1.5,0.0,10.0,48.5,100.0,100.0,-130.0,23.0,27.0
2026-09-29T04:27:06,nfl,nfl_20261011_new_york_giants_wash_commanders,20261011NFL00050,DK,draftkings,change,15,2026-08-16T00:45:00,Aug 16,12:45 AM ET,44d ago,away,New York Giants,1.5,100.0,89.0,48.5,0.0,0.0,110.0,77.0,73.0
2026-09-29T04:27:06,nfl,nfl_20261011_new_york_giants_wash_commanders,20261011NFL00050,DK,draftkings,change,15,2026-08-16T00:45:00,Aug 16,12:45 AM ET,44d ago,home,Wash Commanders,-1.5,0.0,11.0,48.5,100.0,100.0,-130.0,23.0,27.0
2026-09-29T04:27:06,nfl,nfl_20261011_new_york_giants_wash_commanders,20261011NFL00050,DK,draftkings,change,16,2026-08-16T00:40:00,Aug 16,12:40 AM ET,44d ago,away,New York Giants,1.5,100.0,87.0,48.5,0.0,0.0,110.0,77.0,73.0
2026-09-29T04:27:06,nfl,nfl_20261011_new_york_giants_wash_commanders,20261011NFL00050,DK,draftkings,change,16,2026-08-16T00:40:00,Aug 16,12:40 AM ET,44d ago,home,Wash Commanders,-1.5,0.0,13.0,48.5,100.0,100.0,-130.0,23.0,27.0
2026-09-29T04:27:06,nfl,nfl_20261011_new_york_giants_wash_commanders,20261011NFL00050,DK,draftkings,change,17,2026-08-16T00:30:00,Aug 16,12:30 AM ET,44d ago,away,New York Giants,1.5,100.0,84.0,48.5,0.0,0.0,110.0,77.0,73.0
2026-09-29T04:27:06,nfl,nfl_20261011_new_york_giants_wash_commanders,20261011NFL00050,DK,draftkings,change,17,2026-08-16T00:30:00,Aug 16,12:30 AM ET,44d ago,home,Wash Commanders,-1.5,0.0,16.0,48.5,100.0,100.0,-130.0,23.0,27.0
2026-09-29T04:27:06,nfl,nfl_20261011_new_york_giants_wash_commanders,20261011NFL00050,DK,draftkings,change,18,2026-08-16T00:20:00,Aug 16,12:20 AM ET,44d ago,away,New York Giants,1.5,100.0,75.0,48.5,0.0,0.0,110.0,77.0,73.0
2026-09-29T04:27:06,nfl,nfl_20261011_new_york_giants_wash_commanders,20261011NFL00050,DK,draftkings,change,18,2026-08-16T00:20:00,Aug 16,12:20 AM ET,44d ago,home,Wash Commanders,-1.5,0.0,25.0,48.5,100.0,100.0,-130.0,23.0,27.0
2026-09-29T04:27:06,nfl,nfl_20261011_new_york_giants_wash_commanders,20261011NFL00050,DK,draftkings,change,19,2026-08-16T00:15:00,Aug 16,12:15 AM ET,44d ago,away,New York Giants,1.5,100.0,56.0,48.5,0.0,0.0,110.0,77.0,73.0
2026-09-29T04:27:06,nfl,nfl_20261011_new_york_giants_wash_commanders,20261011NFL00050,DK,draftkings,change,19,2026-08-16T00:15:00,Aug 16,12:15 AM ET,44d ago,home,Wash Commanders,-1.5,0.0,44.0,48.5,100.0,100.0,-130.0,23.0,27.0
2026-09-29T04:27:06,nfl,nfl_20261011_new_york_giants_wash_commanders,20261011NFL00050,DK,draftkings,change,20,2026-08-14T16:45:00,Aug 14,4:45 PM ET,45d ago,away,New York Giants,1.5,100.0,42.0,48.5,0.0,0.0,110.0,77.0,73.0
2026-09-29T04:27:06,nfl,nfl_20261011_new_york_giants_wash_commanders,20261011NFL00050,DK,draftkings,change,20,2026-08-14T16:45:00,Aug 14,4:45 PM ET,45d ago,home,Wash Commanders,-1.5,0.0,58.0,48.5,100.0,100.0,-130.0,23.0,27.0
2026-09-29T04:27:06,nfl,nfl_20261011_new_york_giants_wash_commanders,20261011NFL00050,DK,draftkings,change,21,2026-08-14T16:30:00,Aug 14,4:30 PM ET,45d ago,away,New York Giants,1.5,100.0,42.0,48.5,0.0,0.0,110.0,87.0,79.0
2026-09-29T04:27:06,nfl,nfl_20261011_new_york_giants_wash_commanders,20261011NFL00050,DK,draftkings,change,21,2026-08-14T16:30:00,Aug 14,4:30 PM ET,45d ago,home,Wash Commanders,-1.5,0.0,58.0,48.5,100.0,100.0,-130.0,13.0,21.0
2026-09-29T04:27:06,nfl,nfl_20261011_new_york_giants_wash_commanders,20261011NFL00050,DK,draftkings,change,22,2026-08-12T15:35:00,Aug 12,3:35 PM ET,47d ago,away,New York Giants,1.5,100.0,42.0,48.5,0.0,0.0,110.0,100.0,85.0
2026-09-29T04:27:06,nfl,nfl_20261011_new_york_giants_wash_commanders,20261011NFL00050,DK,draftkings,change,22,2026-08-12T15:35:00,Aug 12,3:35 PM ET,47d ago,home,Wash Commanders,-1.5,0.0,58.0,48.5,100.0,100.0,-130.0,0.0,15.0
2026-09-29T04:27:06,nfl,nfl_20261011_new_york_giants_wash_commanders,20261011NFL00050,DK,draftkings,change,23,2026-08-12T15:12:00,Aug 12,3:12 PM ET,47d ago,away,New York Giants,1.5,76.0,75.0,,0.0,0.0,110.0,100.0,91.0
2026-09-29T04:27:06,nfl,nfl_20261011_new_york_giants_wash_commanders,20261011NFL00050,DK,draftkings,change,23,2026-08-12T15:12:00,Aug 12,3:12 PM ET,47d ago,home,Wash Commanders,-1.5,24.0,25.0,,0.0,0.0,-130.0,0.0,9.0
2026-09-29T04:27:06,nfl,nfl_20261011_new_york_giants_wash_commanders,20261011NFL00050,DK,draftkings,change,24,2026-08-11T10:20:00,Aug 11,10:20 AM ET,48d ago,away,New York Giants,,0.0,0.0,,0.0,0.0,110.0,0.0,0.0
2026-09-29T04:27:06,nfl,nfl_20261011_new_york_giants_wash_commanders,20261011NFL00050,DK,draftkings,change,24,2026-08-11T10:20:00,Aug 11,10:20 AM ET,48d ago,home,Wash Commanders,,0.0,0.0,,0.0,0.0,-130.0,100.0,100.0
2026-09-29T04:27:06,nfl,nfl_20261011_new_york_giants_wash_commanders,20261011NFL00050,DK,draftkings,change,25,2026-06-03T00:30:00,Jun 3,12:30 AM ET,118d ago,away,New York Giants,2.5,13.0,33.0,48.5,10.0,50.0,114.0,69.0,59.0
2026-09-29T04:27:06,nfl,nfl_20261011_new_york_giants_wash_commanders,20261011NFL00050,DK,draftkings,change,25,2026-06-03T00:30:00,Jun 3,12:30 AM ET,118d ago,home,Wash Commanders,-2.5,87.0,67.0,48.5,90.0,50.0,-135.0,31.0,41.0
2026-09-29T04:27:06,nfl,nfl_20261011_new_york_giants_wash_commanders,20261011NFL00050,DK,draftkings,change,26,2026-06-03T00:10:00,Jun 3,12:10 AM ET,118d ago,away,New York Giants,2.5,13.0,33.0,48.5,10.0,50.0,114.0,69.0,61.0
2026-09-29T04:27:06,nfl,nfl_20261011_new_york_giants_wash_commanders,20261011NFL00050,DK,draftkings,change,26,2026-06-03T00:10:00,Jun 3,12:10 AM ET,118d ago,home,Wash Commanders,-2.5,87.0,67.0,48.5,90.0,50.0,-135.0,31.0,39.0
2026-09-29T04:27:06,nfl,nfl_20261011_new_york_giants_wash_commanders,20261011NFL00050,DK,draftkings,change,27,2026-06-02T15:00:00,Jun 2,3:00 PM ET,118d ago,away,New York Giants,2.5,13.0,33.0,48.5,10.0,50.0,114.0,69.0,59.0
2026-09-29T04:27:06,nfl,nfl_20261011_new_york_giants_wash_commanders,20261011NFL00050,DK,draftkings,change,27,2026-06-02T15:00:00,Jun 2,3:00 PM ET,118d ago,home,Wash Commanders,-2.5,87.0,67.0,48.5,90.0,50.0,-135.0,31.0,41.0
2026-09-29T04:27:08,nfl,nfl_20261011_minnesota_vikings_new_orleans_saints,20261011NFL00057,DK,draftkings,open,1,2026-05-15T05:55:00,May 15,5:55 AM ET,136d ago,away,Minnesota Vikings,,0.0,0.0,,0.0,0.0,-120.0,100.0,100.0
2026-09-29T04:27:08,nfl,nfl_20261011_minnesota_vikings_new_orleans_saints,20261011NFL00057,DK,draftkings,open,1,2026-05-15T05:55:00,May 15,5:55 AM ET,136d ago,home,New Orleans Saints,,0.0,0.0,,0.0,0.0,100.0,0.0,0.0
2026-09-29T04:27:08,nfl,nfl_20261011_minnesota_vikings_new_orleans_saints,20261011NFL00057,DK,draftkings,first_full,2,2026-05-18T14:30:00,May 18,2:30 PM ET,133d ago,away,Minnesota Vikings,-1.5,99.0,75.0,44.5,100.0,100.0,-120.0,19.0,33.0
2026-09-29T04:27:08,nfl,nfl_20261011_minnesota_vikings_new_orleans_saints,20261011NFL00057,DK,draftkings,first_full,2,2026-05-18T14:30:00,May 18,2:30 PM ET,133d ago,home,New Orleans Saints,1.5,1.0,25.0,44.5,0.0,0.0,100.0,81.0,67.0
2026-09-29T04:27:08,nfl,nfl_20261011_minnesota_vikings_new_orleans_saints,20261011NFL00057,DK,draftkings,change,3,2026-09-12T19:40:00,Sep 12,7:40 PM ET,16d ago,away,Minnesota Vikings,-1.5,100.0,80.0,44.5,0.0,0.0,-125.0,5.0,88.0
2026-09-29T04:27:08,nfl,nfl_20261011_minnesota_vikings_new_orleans_saints,20261011NFL00057,DK,draftkings,change,3,2026-09-12T19:40:00,Sep 12,7:40 PM ET,16d ago,home,New Orleans Saints,1.5,0.0,20.0,44.5,100.0,100.0,105.0,95.0,12.0
2026-09-29T04:27:08,nfl,nfl_20261011_minnesota_vikings_new_orleans_saints,20261011NFL00057,DK,draftkings,change,4,2026-09-07T17:50:00,Sep 7,5:50 PM ET,21d ago,away,Minnesota Vikings,-1.5,100.0,75.0,44.5,0.0,0.0,-125.0,5.0,88.0
2026-09-29T04:27:08,nfl,nfl_20261011_minnesota_vikings_new_orleans_saints,20261011NFL00057,DK,draftkings,change,4,2026-09-07T17:50:00,Sep 7,5:50 PM ET,21d ago,home,New Orleans Saints,1.5,0.0,25.0,44.5,100.0,100.0,105.0,95.0,12.0
2026-09-29T04:27:08,nfl,nfl_20261011_minnesota_vikings_new_orleans_saints,20261011NFL00057,DK,draftkings,change,5,2026-08-19T17:30:00,Aug 19,5:30 PM ET,40d ago,away,Minnesota Vikings,-1.5,14.0,67.0,44.5,0.0,0.0,-125.0,5.0,88.0
2026-09-29T04:27:08,nfl,nfl_20261011_minnesota_vikings_new_orleans_saints,20261011NFL00057,DK,draftkings,change,5,2026-08-19T17:30:00,Aug 19,5:30 PM ET,40d ago,home,New Orleans Saints,1.5,86.0,33.0,44.5,100.0,100.0,105.0,95.0,12.0
2026-09-29T04:27:08,nfl,nfl_20261011_minnesota_vikings_new_orleans_saints,20261011NFL00057,DK,draftkings,change,6,2026-08-17T15:25:00,Aug 17,3:25 PM ET,42d ago,away,Minnesota Vikings,-1.5,14.0,67.0,44.5,0.0,0.0,-125.0,9.0,89.0
2026-09-29T04:27:08,nfl,nfl_20261011_minnesota_vikings_new_orleans_saints,20261011NFL00057,DK,draftkings,change,6,2026-08-17T15:25:00,Aug 17,3:25 PM ET,42d ago,home,New Orleans Saints,1.5,86.0,33.0,44.5,100.0,100.0,105.0,91.0,11.0
2026-09-29T04:27:08,nfl,nfl_20261011_minnesota_vikings_new_orleans_saints,20261011NFL00057,DK,draftkings,change,7,2026-08-17T13:50:00,Aug 17,1:50 PM ET,42d ago,away,Minnesota Vikings,-1.5,14.0,67.0,44.5,0.0,0.0,-125.0,7.0,89.0
2026-09-29T04:27:08,nfl,nfl_20261011_minnesota_vikings_new_orleans_saints,20261011NFL00057,DK,draftkings,change,7,2026-08-17T13:50:00,Aug 17,1:50 PM ET,42d ago,home,New Orleans Saints,1.5,86.0,33.0,44.5,100.0,100.0,105.0,93.0,11.0
2026-09-29T04:27:08,nfl,nfl_20261011_minnesota_vikings_new_orleans_saints,20261011NFL00057,DK,draftkings,change,8,2026-08-16T00:55:00,Aug 16,12:55 AM ET,44d ago,away,Minnesota Vikings,-1.5,14.0,67.0,44.5,0.0,0.0,-125.0,3.0,89.0
2026-09-29T04:27:08,nfl,nfl_20261011_minnesota_vikings_new_orleans_saints,20261011NFL00057,DK,draftkings,change,8,2026-08-16T00:55:00,Aug 16,12:55 AM ET,44d ago,home,New Orleans Saints,1.5,86.0,33.0,44.5,100.0,100.0,105.0,97.0,11.0
2026-09-29T04:27:08,nfl,nfl_20261011_minnesota_vikings_new_orleans_saints,20261011NFL00057,DK,draftkings,change,9,2026-08-16T00:50:00,Aug 16,12:50 AM ET,44d ago,away,Minnesota Vikings,-1.5,14.0,67.0,44.5,0.0,0.0,-125.0,3.0,88.0
2026-09-29T04:27:08,nfl,nfl_20261011_minnesota_vikings_new_orleans_saints,20261011NFL00057,DK,draftkings,change,9,2026-08-16T00:50:00,Aug 16,12:50 AM ET,44d ago,home,New Orleans Saints,1.5,86.0,33.0,44.5,100.0,100.0,105.0,97.0,12.0
2026-09-29T04:27:08,nfl,nfl_20261011_minnesota_vikings_new_orleans_saints,20261011NFL00057,DK,draftkings,change,10,2026-08-16T00:45:00,Aug 16,12:45 AM ET,44d ago,away,Minnesota Vikings,-1.5,14.0,67.0,44.5,0.0,0.0,-125.0,3.0,87.0
2026-09-29T04:27:08,nfl,nfl_20261011_minnesota_vikings_new_orleans_saints,20261011NFL00057,DK,draftkings,change,10,2026-08-16T00:45:00,Aug 16,12:45 AM ET,44d ago,home,New Orleans Saints,1.5,86.0,33.0,44.5,100.0,100.0,105.0,97.0,13.0
2026-09-29T04:27:08,nfl,nfl_20261011_minnesota_vikings_new_orleans_saints,20261011NFL00057,DK,draftkings,change,11,2026-08-16T00:40:00,Aug 16,12:40 AM ET,44d ago,away,Minnesota Vikings,-1.5,14.0,67.0,44.5,0.0,0.0,-125.0,3.0,84.0
2026-09-29T04:27:08,nfl,nfl_20261011_minnesota_vikings_new_orleans_saints,20261011NFL00057,DK,draftkings,change,11,2026-08-16T00:40:00,Aug 16,12:40 AM ET,44d ago,home,New Orleans Saints,1.5,86.0,33.0,44.5,100.0,100.0,105.0,97.0,16.0
2026-09-29T04:27:08,nfl,nfl_20261011_minnesota_vikings_new_orleans_saints,20261011NFL00057,DK,draftkings,change,12,2026-08-16T00:30:00,Aug 16,12:30 AM ET,44d ago,away,Minnesota Vikings,-1.5,14.0,67.0,44.5,0.0,0.0,-125.0,3.0,81.0
2026-09-29T04:27:08,nfl,nfl_20261011_minnesota_vikings_new_orleans_saints,20261011NFL00057,DK,draftkings,change,12,2026-08-16T00:30:00,Aug 16,12:30 AM ET,44d ago,home,New Orleans Saints,1.5,86.0,33.0,44.5,100.0,100.0,105.0,97.0,19.0
2026-09-29T04:27:08,nfl,nfl_20261011_minnesota_vikings_new_orleans_saints,20261011NFL00057,DK,draftkings,change,13,2026-08-16T00:20:00,Aug 16,12:20 AM ET,44d ago,away,Minnesota Vikings,-1.5,14.0,67.0,44.5,0.0,0.0,-125.0,3.0,72.0
2026-09-29T04:27:08,nfl,nfl_20261011_minnesota_vikings_new_orleans_saints,20261011NFL00057,DK,draftkings,change,13,2026-08-16T00:20:00,Aug 16,12:20 AM ET,44d ago,home,New Orleans Saints,1.5,86.0,33.0,44.5,100.0,100.0,105.0,97.0,28.0
2026-09-29T04:27:08,nfl,nfl_20261011_minnesota_vikings_new_orleans_saints,20261011NFL00057,DK,draftkings,change,14,2026-08-16T00:15:00,Aug 16,12:15 AM ET,44d ago,away,Minnesota Vikings,-1.5,14.0,67.0,44.5,0.0,0.0,-125.0,3.0,55.0
2026-09-29T04:27:08,nfl,nfl_20261011_minnesota_vikings_new_orleans_saints,20261011NFL00057,DK,draftkings,change,14,2026-08-16T00:15:00,Aug 16,12:15 AM ET,44d ago,home,New Orleans Saints,1.5,86.0,33.0,44.5,100.0,100.0,105.0,97.0,45.0
2026-09-29T04:27:08,nfl,nfl_20261011_minnesota_vikings_new_orleans_saints,20261011NFL00057,DK,draftkings,change,15,2026-08-14T16:45:00,Aug 14,4:45 PM ET,45d ago,away,Minnesota Vikings,-1.5,14.0,67.0,44.5,0.0,0.0,-125.0,3.0,44.0
2026-09-29T04:27:08,nfl,nfl_20261011_minnesota_vikings_new_orleans_saints,20261011NFL00057,DK,draftkings,change,15,2026-08-14T16:45:00,Aug 14,4:45 PM ET,45d ago,home,New Orleans Saints,1.5,86.0,33.0,44.5,100.0,100.0,105.0,97.0,56.0
2026-09-29T04:27:08,nfl,nfl_20261011_minnesota_vikings_new_orleans_saints,20261011NFL00057,DK,draftkings,change,16,2026-08-12T15:35:00,Aug 12,3:35 PM ET,47d ago,away,Minnesota Vikings,-1.5,14.0,67.0,44.5,0.0,0.0,-125.0,6.0,47.0
2026-09-29T04:27:08,nfl,nfl_20261011_minnesota_vikings_new_orleans_saints,20261011NFL00057,DK,draftkings,change,16,2026-08-12T15:35:00,Aug 12,3:35 PM ET,47d ago,home,New Orleans Saints,1.5,86.0,33.0,44.5,100.0,100.0,105.0,94.0,53.0
2026-09-29T04:27:08,nfl,nfl_20261011_minnesota_vikings_new_orleans_saints,20261011NFL00057,DK,draftkings,change,17,2026-08-12T15:12:00,Aug 12,3:12 PM ET,47d ago,away,Minnesota Vikings,-1.5,100.0,89.0,,0.0,0.0,-125.0,100.0,100.0
2026-09-29T04:27:08,nfl,nfl_20261011_minnesota_vikings_new_orleans_saints,20261011NFL00057,DK,draftkings,change,17,2026-08-12T15:12:00,Aug 12,3:12 PM ET,47d ago,home,New Orleans Saints,1.5,0.0,11.0,,0.0,0.0,105.0,0.0,0.0
2026-09-29T04:27:08,nfl,nfl_20261011_minnesota_vikings_new_orleans_saints,20261011NFL00057,DK,draftkings,change,18,2026-06-03T19:35:00,Jun 3,7:35 PM ET,117d ago,away,Minnesota Vikings,-1.5,99.0,80.0,44.5,10.0,50.0,-120.0,21.0,50.0
2026-09-29T04:27:08,nfl,nfl_20261011_minnesota_vikings_new_orleans_saints,20261011NFL00057,DK,draftkings,change,18,2026-06-03T19:35:00,Jun 3,7:35 PM ET,117d ago,home,New Orleans Saints,1.5,1.0,20.0,44.5,90.0,50.0,100.0,79.0,50.0
2026-09-29T04:27:08,nfl,nfl_20261011_minnesota_vikings_new_orleans_saints,20261011NFL00057,DK,draftkings,change,19,2026-06-03T00:30:00,Jun 3,12:30 AM ET,118d ago,away,Minnesota Vikings,-1.5,99.0,80.0,44.5,10.0,50.0,-120.0,21.0,51.0
2026-09-29T04:27:08,nfl,nfl_20261011_minnesota_vikings_new_orleans_saints,20261011NFL00057,DK,draftkings,change,19,2026-06-03T00:30:00,Jun 3,12:30 AM ET,118d ago,home,New Orleans Saints,1.5,1.0,20.0,44.5,90.0,50.0,100.0,79.0,49.0
2026-09-29T04:27:08,nfl,nfl_20261011_minnesota_vikings_new_orleans_saints,20261011NFL00057,DK,draftkings,change,20,2026-06-02T15:00:00,Jun 2,3:00 PM ET,118d ago,away,Minnesota Vikings,-1.5,99.0,80.0,44.5,10.0,50.0,-120.0,21.0,50.0
2026-09-29T04:27:08,nfl,nfl_20261011_minnesota_vikings_new_orleans_saints,20261011NFL00057,DK,draftkings,change,20,2026-06-02T15:00:00,Jun 2,3:00 PM ET,118d ago,home,New Orleans Saints,1.5,1.0,20.0,44.5,90.0,50.0,100.0,79.0,50.0
2026-09-29T04:27:08,nfl,nfl_20261011_minnesota_vikings_new_orleans_saints,20261011NFL00057,DK,draftkings,change,21,2026-06-02T01:30:00,Jun 2,1:30 AM ET,119d ago,away,Minnesota Vikings,-1.5,99.0,80.0,44.5,10.0,50.0,-120.0,21.0,49.0
2026-09-29T04:27:08,nfl,nfl_20261011_minnesota_vikings_new_orleans_saints,20261011NFL00057,DK,draftkings,change,21,2026-06-02T01:30:00,Jun 2,1:30 AM ET,119d ago,home,New Orleans Saints,1.5,1.0,20.0,44.5,90.0,50.0,100.0,79.0,51.0
2026-09-29T04:27:08,nfl,nfl_20261011_minnesota_vikings_new_orleans_saints,20261011NFL00057,DK,draftkings,change,22,2026-06-01T19:55:00,Jun 1,7:55 PM ET,119d ago,away,Minnesota Vikings,-1.5,99.0,80.0,44.5,10.0,50.0,-120.0,21.0,50.0
2026-09-29T04:27:08,nfl,nfl_20261011_minnesota_vikings_new_orleans_saints,20261011NFL00057,DK,draftkings,change,22,2026-06-01T19:55:00,Jun 1,7:55 PM ET,119d ago,home,New Orleans Saints,1.5,1.0,20.0,44.5,90.0,50.0,100.0,79.0,50.0
2026-09-29T04:27:08,nfl,nfl_20261011_minnesota_vikings_new_orleans_saints,20261011NFL00057,DK,draftkings,change,23,2026-05-31T00:50:00,May 31,12:50 AM ET,121d ago,away,Minnesota Vikings,-1.5,99.0,78.0,44.5,10.0,50.0,-120.0,21.0,50.0
2026-09-29T04:27:08,nfl,nfl_20261011_minnesota_vikings_new_orleans_saints,20261011NFL00057,DK,draftkings,change,23,2026-05-31T00:50:00,May 31,12:50 AM ET,121d ago,home,New Orleans Saints,1.5,1.0,22.0,44.5,90.0,50.0,100.0,79.0,50.0
2026-09-29T04:27:08,nfl,nfl_20261011_minnesota_vikings_new_orleans_saints,20261011NFL00057,DK,draftkings,change,24,2026-05-30T19:05:00,May 30,7:05 PM ET,121d ago,away,Minnesota Vikings,-1.5,99.0,88.0,44.5,10.0,50.0,-120.0,21.0,50.0
2026-09-29T04:27:08,nfl,nfl_20261011_minnesota_vikings_new_orleans_saints,20261011NFL00057,DK,draftkings,change,24,2026-05-30T19:05:00,May 30,7:05 PM ET,121d ago,home,New Orleans Saints,1.5,1.0,13.0,44.5,90.0,50.0,100.0,79.0,50.0
2026-09-29T04:27:08,nfl,nfl_20261011_minnesota_vikings_new_orleans_saints,20261011NFL00057,DK,draftkings,change,25,2026-05-28T23:30:00,May 28,11:30 PM ET,123d ago,away,Minnesota Vikings,-1.5,99.0,86.0,44.5,10.0,50.0,-120.0,21.0,50.0
2026-09-29T04:27:08,nfl,nfl_20261011_minnesota_vikings_new_orleans_saints,20261011NFL00057,DK,draftkings,change,25,2026-05-28T23:30:00,May 28,11:30 PM ET,123d ago,home,New Orleans Saints,1.5,1.0,14.0,44.5,90.0,50.0,100.0,79.0,50.0
2026-09-29T04:27:08,nfl,nfl_20261011_minnesota_vikings_new_orleans_saints,20261011NFL00057,DK,draftkings,change,26,2026-05-28T19:30:00,May 28,7:30 PM ET,123d ago,away,Minnesota Vikings,-1.5,99.0,83.0,44.5,10.0,50.0,-120.0,21.0,50.0
2026-09-29T04:27:08,nfl,nfl_20261011_minnesota_vikings_new_orleans_saints,20261011NFL00057,DK,draftkings,change,26,2026-05-28T19:30:00,May 28,7:30 PM ET,123d ago,home,New Orleans Saints,1.5,1.0,17.0,44.5,90.0,50.0,100.0,79.0,50.0
2026-09-29T04:27:08,nfl,nfl_20261011_minnesota_vikings_new_orleans_saints,20261011NFL00057,DK,draftkings,change,27,2026-05-27T22:30:00,May 27,10:30 PM ET,124d ago,away,Minnesota Vikings,-1.5,99.0,83.0,44.5,10.0,50.0,-120.0,21.0,51.0
2026-09-29T04:27:08,nfl,nfl_20261011_minnesota_vikings_new_orleans_saints,20261011NFL00057,DK,draftkings,change,27,2026-05-27T22:30:00,May 27,10:30 PM ET,124d ago,home,New Orleans Saints,1.5,1.0,17.0,44.5,90.0,50.0,100.0,79.0,49.0
2026-09-29T04:27:10,nfl,nfl_20261011_denver_broncos_los_angeles_chargers,20261011NFL00046,DK,draftkings,open,1,2026-05-14T22:50:00,May 14,10:50 PM ET,137d ago,away,Denver Broncos,2.5,0.0,0.0,,0.0,0.0,,0.0,0.0
2026-09-29T04:27:10,nfl,nfl_20261011_denver_broncos_los_angeles_chargers,20261011NFL00046,DK,draftkings,open,1,2026-05-14T22:50:00,May 14,10:50 PM ET,137d ago,home,Los Angeles Chargers,-2.5,100.0,100.0,,0.0,0.0,,0.0,0.0
2026-09-29T04:27:10,nfl,nfl_20261011_denver_broncos_los_angeles_chargers,20261011NFL00046,DK,draftkings,first_full,2,2026-05-19T14:35:00,May 19,2:35 PM ET,132d ago,away,Denver Broncos,2.5,4.0,20.0,44.5,100.0,100.0,120.0,98.0,68.0
2026-09-29T04:27:10,nfl,nfl_20261011_denver_broncos_los_angeles_chargers,20261011NFL00046,DK,draftkings,first_full,2,2026-05-19T14:35:00,May 19,2:35 PM ET,132d ago,home,Los Angeles Chargers,-2.5,96.0,80.0,44.5,0.0,0.0,-142.0,2.0,32.0
2026-09-29T04:27:10,nfl,nfl_20261011_denver_broncos_los_angeles_chargers,20261011NFL00046,DK,draftkings,change,3,2026-09-12T19:40:00,Sep 12,7:40 PM ET,16d ago,away,Denver Broncos,2.5,28.0,96.0,,0.0,0.0,120.0,98.0,77.0
2026-09-29T04:27:10,nfl,nfl_20261011_denver_broncos_los_angeles_chargers,20261011NFL00046,DK,draftkings,change,3,2026-09-12T19:40:00,Sep 12,7:40 PM ET,16d ago,home,Los Angeles Chargers,-2.5,72.0,4.0,,0.0,0.0,-142.0,2.0,23.0
2026-09-29T04:27:10,nfl,nfl_20261011_denver_broncos_los_angeles_chargers,20261011NFL00046,DK,draftkings,change,4,2026-08-29T23:20:00,Aug 29,11:20 PM ET,30d ago,away,Denver Broncos,2.5,29.0,97.0,,0.0,0.0,114.0,98.0,77.0
2026-09-29T04:27:10,nfl,nfl_20261011_denver_broncos_los_angeles_chargers,20261011NFL00046,DK,draftkings,change,4,2026-08-29T23:20:00,Aug 29,11:20 PM ET,30d ago,home,Los Angeles Chargers,-2.5,71.0,3.0,,0.0,0.0,-135.0,2.0,23.0
2026-09-29T04:27:10,nfl,nfl_20261011_denver_broncos_los_angeles_chargers,20261011NFL00046,DK,draftkings,change,5,2026-08-29T05:55:00,Aug 29,5:55 AM ET,30d ago,away,Denver Broncos,2.5,29.0,97.0,,0.0,0.0,114.0,98.0,75.0
2026-09-29T04:27:10,nfl,nfl_20261011_denver_broncos_los_angeles_chargers,20261011NFL00046,DK,draftkings,change,5,2026-08-29T05:55:00,Aug 29,5:55 AM ET,30d ago,home,Los Angeles Chargers,-2.5,71.0,3.0,,0.0,0.0,-135.0,2.0,25.0
2026-09-29T04:27:10,nfl,nfl_20261011_denver_broncos_los_angeles_chargers,20261011NFL00046,DK,draftkings,change,6,2026-08-20T11:55:00,Aug 20,11:55 AM ET,39d ago,away,Denver Broncos,2.5,29.0,97.0,,0.0,0.0,120.0,98.0,82.0
2026-09-29T04:27:10,nfl,nfl_20261011_denver_broncos_los_angeles_chargers,20261011NFL00046,DK,draftkings,change,6,2026-08-20T11:55:00,Aug 20,11:55 AM ET,39d ago,home,Los Angeles Chargers,-2.5,71.0,3.0,,0.0,0.0,-142.0,2.0,18.0
2026-09-29T04:27:10,nfl,nfl_20261011_denver_broncos_los_angeles_chargers,20261011NFL00046,DK,draftkings,change,7,2026-08-16T00:55:00,Aug 16,12:55 AM ET,44d ago,away,Denver Broncos,2.5,29.0,97.0,,0.0,0.0,114.0,98.0,90.0
2026-09-29T04:27:10,nfl,nfl_20261011_denver_broncos_los_angeles_chargers,20261011NFL00046,DK,draftkings,change,7,2026-08-16T00:55:00,Aug 16,12:55 AM ET,44d ago,home,Los Angeles Chargers,-2.5,71.0,3.0,,0.0,0.0,-135.0,2.0,10.0
2026-09-29T04:27:10,nfl,nfl_20261011_denver_broncos_los_angeles_chargers,20261011NFL00046,DK,draftkings,change,8,2026-08-16T00:50:00,Aug 16,12:50 AM ET,44d ago,away,Denver Broncos,2.5,28.0,97.0,,0.0,0.0,114.0,98.0,90.0
2026-09-29T04:27:10,nfl,nfl_20261011_denver_broncos_los_angeles_chargers,20261011NFL00046,DK,draftkings,change,8,2026-08-16T00:50:00,Aug 16,12:50 AM ET,44d ago,home,Los Angeles Chargers,-2.5,72.0,3.0,,0.0,0.0,-135.0,2.0,10.0
2026-09-29T04:27:10,nfl,nfl_20261011_denver_broncos_los_angeles_chargers,20261011NFL00046,DK,draftkings,change,9,2026-08-16T00:45:00,Aug 16,12:45 AM ET,44d ago,away,Denver Broncos,2.5,24.0,96.0,,0.0,0.0,114.0,98.0,90.0
2026-09-29T04:27:10,nfl,nfl_20261011_denver_broncos_los_angeles_chargers,20261011NFL00046,DK,draftkings,change,9,2026-08-16T00:45:00,Aug 16,12:45 AM ET,44d ago,home,Los Angeles Chargers,-2.5,76.0,4.0,,0.0,0.0,-135.0,2.0,10.0
2026-09-29T04:27:10,nfl,nfl_20261011_denver_broncos_los_angeles_chargers,20261011NFL00046,DK,draftkings,change,10,2026-08-16T00:40:00,Aug 16,12:40 AM ET,44d ago,away,Denver Broncos,2.5,20.0,95.0,,0.0,0.0,114.0,98.0,90.0
2026-09-29T04:27:10,nfl,nfl_20261011_denver_broncos_los_angeles_chargers,20261011NFL00046,DK,draftkings,change,10,2026-08-16T00:40:00,Aug 16,12:40 AM ET,44d ago,home,Los Angeles Chargers,-2.5,80.0,5.0,,0.0,0.0,-135.0,2.0,10.0
2026-09-29T04:27:10,nfl,nfl_20261011_denver_broncos_los_angeles_chargers,20261011NFL00046,DK,draftkings,change,11,2026-08-16T00:30:00,Aug 16,12:30 AM ET,44d ago,away,Denver Broncos,2.5,18.0,94.0,,0.0,0.0,114.0,98.0,90.0
2026-09-29T04:27:10,nfl,nfl_20261011_denver_broncos_los_angeles_chargers,20261011NFL00046,DK,draftkings,change,11,2026-08-16T00:30:00,Aug 16,12:30 AM ET,44d ago,home,Los Angeles Chargers,-2.5,82.0,6.0,,0.0,0.0,-135.0,2.0,10.0
2026-09-29T04:27:10,nfl,nfl_20261011_denver_broncos_los_angeles_chargers,20261011NFL00046,DK,draftkings,change,12,2026-08-16T00:20:00,Aug 16,12:20 AM ET,44d ago,away,Denver Broncos,2.5,11.0,89.0,,0.0,0.0,114.0,98.0,90.0
2026-09-29T04:27:10,nfl,nfl_20261011_denver_broncos_los_angeles_chargers,20261011NFL00046,DK,draftkings,change,12,2026-08-16T00:20:00,Aug 16,12:20 AM ET,44d ago,home,Los Angeles Chargers,-2.5,89.0,11.0,,0.0,0.0,-135.0,2.0,10.0
2026-09-29T04:27:10,nfl,nfl_20261011_denver_broncos_los_angeles_chargers,20261011NFL00046,DK,draftkings,change,13,2026-08-16T00:15:00,Aug 16,12:15 AM ET,44d ago,away,Denver Broncos,2.5,5.0,71.0,,0.0,0.0,114.0,98.0,90.0
2026-09-29T04:27:10,nfl,nfl_20261011_denver_broncos_los_angeles_chargers,20261011NFL00046,DK,draftkings,change,13,2026-08-16T00:15:00,Aug 16,12:15 AM ET,44d ago,home,Los Angeles Chargers,-2.5,95.0,29.0,,0.0,0.0,-135.0,2.0,10.0
2026-09-29T04:27:10,nfl,nfl_20261011_denver_broncos_los_angeles_chargers,20261011NFL00046,DK,draftkings,change,14,2026-08-13T17:05:00,Aug 13,5:05 PM ET,46d ago,away,Denver Broncos,2.5,1.0,33.0,,0.0,0.0,114.0,98.0,90.0
2026-09-29T04:27:10,nfl,nfl_20261011_denver_broncos_los_angeles_chargers,20261011NFL00046,DK,draftkings,change,14,2026-08-13T17:05:00,Aug 13,5:05 PM ET,46d ago,home,Los Angeles Chargers,-2.5,99.0,67.0,,0.0,0.0,-135.0,2.0,10.0
2026-09-29T04:27:10,nfl,nfl_20261011_denver_broncos_los_angeles_chargers,20261011NFL00046,DK,draftkings,change,15,2026-08-13T13:30:00,Aug 13,1:30 PM ET,46d ago,away,Denver Broncos,2.5,1.0,33.0,,0.0,0.0,114.0,98.0,88.0
2026-09-29T04:27:10,nfl,nfl_20261011_denver_broncos_los_angeles_chargers,20261011NFL00046,DK,draftkings,change,15,2026-08-13T13:30:00,Aug 13,1:30 PM ET,46d ago,home,Los Angeles Chargers,-2.5,99.0,67.0,,0.0,0.0,-135.0,2.0,13.0
2026-09-29T04:27:10,nfl,nfl_20261011_denver_broncos_los_angeles_chargers,20261011NFL00046,DK,draftkings,change,16,2026-08-12T15:35:00,Aug 12,3:35 PM ET,47d ago,away,Denver Broncos,2.5,1.0,33.0,,0.0,0.0,114.0,98.0,86.0
2026-09-29T04:27:10,nfl,nfl_20261011_denver_broncos_los_angeles_chargers,20261011NFL00046,DK,draftkings,change,16,2026-08-12T15:35:00,Aug 12,3:35 PM ET,47d ago,home,Los Angeles Chargers,-2.5,99.0,67.0,,0.0,0.0,-135.0,2.0,14.0
2026-09-29T04:27:10,nfl,nfl_20261011_denver_broncos_los_angeles_chargers,20261011NFL00046,DK,draftkings,change,17,2026-08-12T15:12:00,Aug 12,3:12 PM ET,47d ago,away,Denver Broncos,2.5,0.0,0.0,,0.0,0.0,114.0,17.0,10.0
2026-09-29T04:27:10,nfl,nfl_20261011_denver_broncos_los_angeles_chargers,20261011NFL00046,DK,draftkings,change,17,2026-08-12T15:12:00,Aug 12,3:12 PM ET,47d ago,home,Los Angeles Chargers,-2.5,100.0,100.0,,0.0,0.0,-135.0,83.0,90.0
2026-09-29T04:27:10,nfl,nfl_20261011_denver_broncos_los_angeles_chargers,20261011NFL00046,DK,draftkings,change,18,2026-06-03T00:30:00,Jun 3,12:30 AM ET,118d ago,away,Denver Broncos,2.5,11.0,38.0,44.5,10.0,50.0,120.0,75.0,52.0
2026-09-29T04:27:10,nfl,nfl_20261011_denver_broncos_los_angeles_chargers,20261011NFL00046,DK,draftkings,change,18,2026-06-03T00:30:00,Jun 3,12:30 AM ET,118d ago,home,Los Angeles Chargers,-2.5,89.0,63.0,44.5,90.0,50.0,-142.0,25.0,48.0
2026-09-29T04:27:10,nfl,nfl_20261011_denver_broncos_los_angeles_chargers,20261011NFL00046,DK,draftkings,change,19,2026-06-02T19:15:00,Jun 2,7:15 PM ET,118d ago,away,Denver Broncos,2.5,11.0,38.0,44.5,10.0,50.0,120.0,75.0,53.0
2026-09-29T04:27:10,nfl,nfl_20261011_denver_broncos_los_angeles_chargers,20261011NFL00046,DK,draftkings,change,19,2026-06-02T19:15:00,Jun 2,7:15 PM ET,118d ago,home,Los Angeles Chargers,-2.5,89.0,63.0,44.5,90.0,50.0,-142.0,25.0,47.0
2026-09-29T04:27:10,nfl,nfl_20261011_denver_broncos_los_angeles_chargers,20261011NFL00046,DK,draftkings,change,20,2026-06-02T15:00:00,Jun 2,3:00 PM ET,118d ago,away,Denver Broncos,2.5,9.0,29.0,44.5,10.0,50.0,120.0,75.0,53.0
2026-09-29T04:27:10,nfl,nfl_20261011_denver_broncos_los_angeles_chargers,20261011NFL00046,DK,draftkings,change,20,2026-06-02T15:00:00,Jun 2,3:00 PM ET,118d ago,home,Los Angeles Chargers,-2.5,91.0,71.0,44.5,90.0,50.0,-142.0,25.0,47.0
2026-09-29T04:27:10,nfl,nfl_20261011_denver_broncos_los_angeles_chargers,20261011NFL00046,DK,draftkings,change,21,2026-06-02T01:30:00,Jun 2,1:30 AM ET,119d ago,away,Denver Broncos,2.5,9.0,29.0,44.5,10.0,50.0,120.0,75.0,55.0
2026-09-29T04:27:10,nfl,nfl_20261011_denver_broncos_los_angeles_chargers,20261011NFL00046,DK,draftkings,change,21,2026-06-02T01:30:00,Jun 2,1:30 AM ET,119d ago,home,Los Angeles Chargers,-2.5,91.0,71.0,44.5,90.0,50.0,-142.0,25.0,45.0
2026-09-29T04:27:10,nfl,nfl_20261011_denver_broncos_los_angeles_chargers,20261011NFL00046,DK,draftkings,change,22,2026-06-01T22:40:00,Jun 1,10:40 PM ET,119d ago,away,Denver Broncos,2.5,9.0,29.0,44.5,10.0,50.0,120.0,75.0,57.0
2026-09-29T04:27:10,nfl,nfl_20261011_denver_broncos_los_angeles_chargers,20261011NFL00046,DK,draftkings,change,22,2026-06-01T22:40:00,Jun 1,10:40 PM ET,119d ago,home,Los Angeles Chargers,-2.5,91.0,71.0,44.5,90.0,50.0,-142.0,25.0,43.0
2026-09-29T04:27:10,nfl,nfl_20261011_denver_broncos_los_angeles_chargers,20261011NFL00046,DK,draftkings,change,23,2026-06-01T19:55:00,Jun 1,7:55 PM ET,119d ago,away,Denver Broncos,2.5,9.0,29.0,44.5,10.0,50.0,120.0,97.0,59.0
2026-09-29T04:27:10,nfl,nfl_20261011_denver_broncos_los_angeles_chargers,20261011NFL00046,DK,draftkings,change,23,2026-06-01T19:55:00,Jun 1,7:55 PM ET,119d ago,home,Los Angeles Chargers,-2.5,91.0,71.0,44.5,90.0,50.0,-142.0,3.0,41.0
2026-09-29T04:27:10,nfl,nfl_20261011_denver_broncos_los_angeles_chargers,20261011NFL00046,DK,draftkings,change,24,2026-06-01T11:05:00,Jun 1,11:05 AM ET,119d ago,away,Denver Broncos,2.5,9.0,29.0,44.5,10.0,50.0,120.0,97.0,62.0
2026-09-29T04:27:10,nfl,nfl_20261011_denver_broncos_los_angeles_chargers,20261011NFL00046,DK,draftkings,change,24,2026-06-01T11:05:00,Jun 1,11:05 AM ET,119d ago,home,Los Angeles Chargers,-2.5,91.0,71.0,44.5,90.0,50.0,-142.0,3.0,38.0
2026-09-29T04:27:10,nfl,nfl_20261011_denver_broncos_los_angeles_chargers,20261011NFL00046,DK,draftkings,change,25,2026-05-31T22:20:00,May 31,10:20 PM ET,120d ago,away,Denver Broncos,2.5,9.0,29.0,44.5,10.0,50.0,120.0,97.0,60.0
2026-09-29T04:27:10,nfl,nfl_20261011_denver_broncos_los_angeles_chargers,20261011NFL00046,DK,draftkings,change,25,2026-05-31T22:20:00,May 31,10:20 PM ET,120d ago,home,Los Angeles Chargers,-2.5,91.0,71.0,44.5,90.0,50.0,-142.0,3.0,40.0
2026-09-29T04:27:10,nfl,nfl_20261011_denver_broncos_los_angeles_chargers,20261011NFL00046,DK,draftkings,change,26,2026-05-31T00:50:00,May 31,12:50 AM ET,121d ago,away,Denver Broncos,2.5,9.0,29.0,44.5,10.0,50.0,120.0,97.0,58.0
2026-09-29T04:27:10,nfl,nfl_20261011_denver_broncos_los_angeles_chargers,20261011NFL00046,DK,draftkings,change,26,2026-05-31T00:50:00,May 31,12:50 AM ET,121d ago,home,Los Angeles Chargers,-2.5,91.0,71.0,44.5,90.0,50.0,-142.0,3.0,42.0
2026-09-29T04:27:10,nfl,nfl_20261011_denver_broncos_los_angeles_chargers,20261011NFL00046,DK,draftkings,change,27,2026-05-30T19:05:00,May 30,7:05 PM ET,121d ago,away,Denver Broncos,2.5,9.0,29.0,44.5,10.0,50.0,120.0,97.0,61.0
2026-09-29T04:27:10,nfl,nfl_20261011_denver_broncos_los_angeles_chargers,20261011NFL00046,DK,draftkings,change,27,2026-05-30T19:05:00,May 30,7:05 PM ET,121d ago,home,Los Angeles Chargers,-2.5,91.0,71.0,44.5,90.0,50.0,-142.0,3.0,39.0
2026-09-29T04:27:13,nfl,nfl_20261011_chicago_bears_green_bay_packers,20261011NFL00053,DK,draftkings,open,1,2026-05-14T21:20:00,May 14,9:20 PM ET,137d ago,away,Chicago Bears,3.0,100.0,100.0,,0.0,0.0,140.0,99.0,80.0
2026-09-29T04:27:13,nfl,nfl_20261011_chicago_bears_green_bay_packers,20261011NFL00053,DK,draftkings,open,1,2026-05-14T21:20:00,May 14,9:20 PM ET,137d ago,home,Green Bay Packers,-3.0,0.0,0.0,,0.0,0.0,-166.0,1.0,20.0
2026-09-29T04:27:13,nfl,nfl_20261011_chicago_bears_green_bay_packers,20261011NFL00053,DK,draftkings,first_full,2,2026-05-18T14:30:00,May 18,2:30 PM ET,133d ago,away,Chicago Bears,3.0,96.0,14.0,49.5,100.0,100.0,140.0,97.0,65.0
2026-09-29T04:27:13,nfl,nfl_20261011_chicago_bears_green_bay_packers,20261011NFL00053,DK,draftkings,first_full,2,2026-05-18T14:30:00,May 18,2:30 PM ET,133d ago,home,Green Bay Packers,-3.0,4.0,86.0,49.5,0.0,0.0,-166.0,3.0,35.0
2026-09-29T04:27:13,nfl,nfl_20261011_chicago_bears_green_bay_packers,20261011NFL00053,DK,draftkings,change,3,2026-09-02T19:25:00,Sep 2,7:25 PM ET,26d ago,away,Chicago Bears,3.0,99.0,85.0,49.5,0.0,0.0,140.0,85.0,31.0
2026-09-29T04:27:13,nfl,nfl_20261011_chicago_bears_green_bay_packers,20261011NFL00053,DK,draftkings,change,3,2026-09-02T19:25:00,Sep 2,7:25 PM ET,26d ago,home,Green Bay Packers,-3.0,1.0,15.0,49.5,100.0,100.0,-166.0,15.0,69.0
2026-09-29T04:27:13,nfl,nfl_20261011_chicago_bears_green_bay_packers,20261011NFL00053,DK,draftkings,change,4,2026-09-02T19:20:00,Sep 2,7:20 PM ET,26d ago,away,Chicago Bears,3.0,99.0,85.0,49.5,0.0,0.0,140.0,44.0,27.0
2026-09-29T04:27:13,nfl,nfl_20261011_chicago_bears_green_bay_packers,20261011NFL00053,DK,draftkings,change,4,2026-09-02T19:20:00,Sep 2,7:20 PM ET,26d ago,home,Green Bay Packers,-3.0,1.0,15.0,49.5,100.0,100.0,-166.0,56.0,73.0
2026-09-29T04:27:13,nfl,nfl_20261011_chicago_bears_green_bay_packers,20261011NFL00053,DK,draftkings,change,5,2026-09-01T21:15:00,Sep 1,9:15 PM ET,27d ago,away,Chicago Bears,3.0,19.0,84.0,49.5,0.0,0.0,140.0,44.0,27.0
2026-09-29T04:27:13,nfl,nfl_20261011_chicago_bears_green_bay_packers,20261011NFL00053,DK,draftkings,change,5,2026-09-01T21:15:00,Sep 1,9:15 PM ET,27d ago,home,Green Bay Packers,-3.0,81.0,16.0,49.5,100.0,100.0,-166.0,56.0,73.0
2026-09-29T04:27:13,nfl,nfl_20261011_chicago_bears_green_bay_packers,20261011NFL00053,DK,draftkings,change,6,2026-08-29T23:20:00,Aug 29,11:20 PM ET,30d ago,away,Chicago Bears,3.0,19.0,84.0,49.5,0.0,0.0,140.0,96.0,29.0
2026-09-29T04:27:13,nfl,nfl_20261011_chicago_bears_green_bay_packers,20261011NFL00053,DK,draftkings,change,6,2026-08-29T23:20:00,Aug 29,11:20 PM ET,30d ago,home,Green Bay Packers,-3.0,81.0,16.0,49.5,100.0,100.0,-166.0,4.0,71.0
2026-09-29T04:27:13,nfl,nfl_20261011_chicago_bears_green_bay_packers,20261011NFL00053,DK,draftkings,change,7,2026-08-16T00:55:00,Aug 16,12:55 AM ET,44d ago,away,Chicago Bears,3.0,19.0,84.0,49.5,0.0,0.0,140.0,96.0,31.0
2026-09-29T04:27:13,nfl,nfl_20261011_chicago_bears_green_bay_packers,20261011NFL00053,DK,draftkings,change,7,2026-08-16T00:55:00,Aug 16,12:55 AM ET,44d ago,home,Green Bay Packers,-3.0,81.0,16.0,49.5,100.0,100.0,-166.0,4.0,69.0
2026-09-29T04:27:13,nfl,nfl_20261011_chicago_bears_green_bay_packers,20261011NFL00053,DK,draftkings,change,8,2026-08-16T00:50:00,Aug 16,12:50 AM ET,44d ago,away,Chicago Bears,3.0,18.0,84.0,49.5,0.0,0.0,140.0,96.0,31.0
2026-09-29T04:27:13,nfl,nfl_20261011_chicago_bears_green_bay_packers,20261011NFL00053,DK,draftkings,change,8,2026-08-16T00:50:00,Aug 16,12:50 AM ET,44d ago,home,Green Bay Packers,-3.0,82.0,16.0,49.5,100.0,100.0,-166.0,4.0,69.0
2026-09-29T04:27:13,nfl,nfl_20261011_chicago_bears_green_bay_packers,20261011NFL00053,DK,draftkings,change,9,2026-08-16T00:45:00,Aug 16,12:45 AM ET,44d ago,away,Chicago Bears,3.0,16.0,82.0,49.5,0.0,0.0,140.0,96.0,31.0
2026-09-29T04:27:13,nfl,nfl_20261011_chicago_bears_green_bay_packers,20261011NFL00053,DK,draftkings,change,9,2026-08-16T00:45:00,Aug 16,12:45 AM ET,44d ago,home,Green Bay Packers,-3.0,84.0,18.0,49.5,100.0,100.0,-166.0,4.0,69.0
2026-09-29T04:27:13,nfl,nfl_20261011_chicago_bears_green_bay_packers,20261011NFL00053,DK,draftkings,change,10,2026-08-16T00:40:00,Aug 16,12:40 AM ET,44d ago,away,Chicago Bears,3.0,13.0,77.0,49.5,0.0,0.0,140.0,96.0,31.0
2026-09-29T04:27:13,nfl,nfl_20261011_chicago_bears_green_bay_packers,20261011NFL00053,DK,draftkings,change,10,2026-08-16T00:40:00,Aug 16,12:40 AM ET,44d ago,home,Green Bay Packers,-3.0,87.0,23.0,49.5,100.0,100.0,-166.0,4.0,69.0
2026-09-29T04:27:13,nfl,nfl_20261011_chicago_bears_green_bay_packers,20261011NFL00053,DK,draftkings,change,11,2026-08-16T00:30:00,Aug 16,12:30 AM ET,44d ago,away,Chicago Bears,3.0,11.0,73.0,49.5,0.0,0.0,140.0,96.0,31.0
2026-09-29T04:27:13,nfl,nfl_20261011_chicago_bears_green_bay_packers,20261011NFL00053,DK,draftkings,change,11,2026-08-16T00:30:00,Aug 16,12:30 AM ET,44d ago,home,Green Bay Packers,-3.0,89.0,27.0,49.5,100.0,100.0,-166.0,4.0,69.0
2026-09-29T04:27:13,nfl,nfl_20261011_chicago_bears_green_bay_packers,20261011NFL00053,DK,draftkings,change,12,2026-08-16T00:20:00,Aug 16,12:20 AM ET,44d ago,away,Chicago Bears,3.0,7.0,59.0,49.5,0.0,0.0,140.0,96.0,31.0
2026-09-29T04:27:13,nfl,nfl_20261011_chicago_bears_green_bay_packers,20261011NFL00053,DK,draftkings,change,12,2026-08-16T00:20:00,Aug 16,12:20 AM ET,44d ago,home,Green Bay Packers,-3.0,93.0,41.0,49.5,100.0,100.0,-166.0,4.0,69.0
2026-09-29T04:27:13,nfl,nfl_20261011_chicago_bears_green_bay_packers,20261011NFL00053,DK,draftkings,change,13,2026-08-16T00:15:00,Aug 16,12:15 AM ET,44d ago,away,Chicago Bears,3.0,3.0,29.0,49.5,0.0,0.0,140.0,96.0,31.0
2026-09-29T04:27:13,nfl,nfl_20261011_chicago_bears_green_bay_packers,20261011NFL00053,DK,draftkings,change,13,2026-08-16T00:15:00,Aug 16,12:15 AM ET,44d ago,home,Green Bay Packers,-3.0,97.0,71.0,49.5,100.0,100.0,-166.0,4.0,69.0
2026-09-29T04:27:13,nfl,nfl_20261011_chicago_bears_green_bay_packers,20261011NFL00053,DK,draftkings,change,14,2026-08-14T23:30:00,Aug 14,11:30 PM ET,45d ago,away,Chicago Bears,3.0,1.0,8.0,49.5,0.0,0.0,140.0,96.0,31.0
2026-09-29T04:27:13,nfl,nfl_20261011_chicago_bears_green_bay_packers,20261011NFL00053,DK,draftkings,change,14,2026-08-14T23:30:00,Aug 14,11:30 PM ET,45d ago,home,Green Bay Packers,-3.0,99.0,92.0,49.5,100.0,100.0,-166.0,4.0,69.0
2026-09-29T04:27:13,nfl,nfl_20261011_chicago_bears_green_bay_packers,20261011NFL00053,DK,draftkings,change,15,2026-08-12T15:35:00,Aug 12,3:35 PM ET,47d ago,away,Chicago Bears,3.0,2.0,8.0,49.5,0.0,0.0,140.0,96.0,31.0
2026-09-29T04:27:13,nfl,nfl_20261011_chicago_bears_green_bay_packers,20261011NFL00053,DK,draftkings,change,15,2026-08-12T15:35:00,Aug 12,3:35 PM ET,47d ago,home,Green Bay Packers,-3.0,98.0,92.0,49.5,100.0,100.0,-166.0,4.0,69.0
2026-09-29T04:27:13,nfl,nfl_20261011_chicago_bears_green_bay_packers,20261011NFL00053,DK,draftkings,change,16,2026-08-12T15:12:00,Aug 12,3:12 PM ET,47d ago,away,Chicago Bears,3.0,99.0,80.0,,0.0,0.0,140.0,99.0,90.0
2026-09-29T04:27:13,nfl,nfl_20261011_chicago_bears_green_bay_packers,20261011NFL00053,DK,draftkings,change,16,2026-08-12T15:12:00,Aug 12,3:12 PM ET,47d ago,home,Green Bay Packers,-3.0,1.0,20.0,,0.0,0.0,-166.0,1.0,10.0
2026-09-29T04:27:13,nfl,nfl_20261011_chicago_bears_green_bay_packers,20261011NFL00053,DK,draftkings,change,17,2026-06-07T22:40:00,Jun 7,10:40 PM ET,113d ago,away,Chicago Bears,3.0,0.0,0.0,,0.0,0.0,140.0,0.0,0.0
2026-09-29T04:27:13,nfl,nfl_20261011_chicago_bears_green_bay_packers,20261011NFL00053,DK,draftkings,change,17,2026-06-07T22:40:00,Jun 7,10:40 PM ET,113d ago,home,Green Bay Packers,-3.0,100.0,100.0,,0.0,0.0,-166.0,100.0,100.0
2026-09-29T04:27:13,nfl,nfl_20261011_chicago_bears_green_bay_packers,20261011NFL00053,DK,draftkings,change,18,2026-06-04T11:20:00,Jun 4,11:20 AM ET,116d ago,away,Chicago Bears,3.0,0.0,0.0,,0.0,0.0,,0.0,0.0
2026-09-29T04:27:13,nfl,nfl_20261011_chicago_bears_green_bay_packers,20261011NFL00053,DK,draftkings,change,18,2026-06-04T11:20:00,Jun 4,11:20 AM ET,116d ago,home,Green Bay Packers,-3.0,100.0,100.0,,0.0,0.0,,0.0,0.0
2026-09-29T04:27:13,nfl,nfl_20261011_chicago_bears_green_bay_packers,20261011NFL00053,DK,draftkings,change,19,2026-06-03T00:45:00,Jun 3,12:45 AM ET,118d ago,away,Chicago Bears,3.0,96.0,20.0,49.5,10.0,50.0,136.0,98.0,66.0
2026-09-29T04:27:13,nfl,nfl_20261011_chicago_bears_green_bay_packers,20261011NFL00053,DK,draftkings,change,19,2026-06-03T00:45:00,Jun 3,12:45 AM ET,118d ago,home,Green Bay Packers,-3.0,4.0,80.0,49.5,90.0,50.0,-162.0,2.0,34.0
2026-09-29T04:27:13,nfl,nfl_20261011_chicago_bears_green_bay_packers,20261011NFL00053,DK,draftkings,change,20,2026-06-03T00:30:00,Jun 3,12:30 AM ET,118d ago,away,Chicago Bears,3.0,96.0,20.0,49.5,10.0,50.0,136.0,98.0,65.0
2026-09-29T04:27:13,nfl,nfl_20261011_chicago_bears_green_bay_packers,20261011NFL00053,DK,draftkings,change,20,2026-06-03T00:30:00,Jun 3,12:30 AM ET,118d ago,home,Green Bay Packers,-3.0,4.0,80.0,49.5,90.0,50.0,-162.0,2.0,35.0
2026-09-29T04:27:13,nfl,nfl_20261011_chicago_bears_green_bay_packers,20261011NFL00053,DK,draftkings,change,21,2026-06-02T19:15:00,Jun 2,7:15 PM ET,118d ago,away,Chicago Bears,3.0,96.0,20.0,49.5,10.0,50.0,136.0,98.0,67.0
2026-09-29T04:27:13,nfl,nfl_20261011_chicago_bears_green_bay_packers,20261011NFL00053,DK,draftkings,change,21,2026-06-02T19:15:00,Jun 2,7:15 PM ET,118d ago,home,Green Bay Packers,-3.0,4.0,80.0,49.5,90.0,50.0,-162.0,2.0,33.0
2026-09-29T04:27:13,nfl,nfl_20261011_chicago_bears_green_bay_packers,20261011NFL00053,DK,draftkings,change,22,2026-06-02T15:00:00,Jun 2,3:00 PM ET,118d ago,away,Chicago Bears,3.0,96.0,21.0,49.5,10.0,50.0,136.0,98.0,67.0
2026-09-29T04:27:13,nfl,nfl_20261011_chicago_bears_green_bay_packers,20261011NFL00053,DK,draftkings,change,22,2026-06-02T15:00:00,Jun 2,3:00 PM ET,118d ago,home,Green Bay Packers,-3.0,4.0,79.0,49.5,90.0,50.0,-162.0,2.0,33.0
2026-09-29T04:27:13,nfl,nfl_20261011_chicago_bears_green_bay_packers,20261011NFL00053,DK,draftkings,change,23,2026-06-02T07:25:00,Jun 2,7:25 AM ET,118d ago,away,Chicago Bears,3.0,96.0,19.0,49.5,10.0,50.0,136.0,98.0,67.0
2026-09-29T04:27:13,nfl,nfl_20261011_chicago_bears_green_bay_packers,20261011NFL00053,DK,draftkings,change,23,2026-06-02T07:25:00,Jun 2,7:25 AM ET,118d ago,home,Green Bay Packers,-3.0,4.0,81.0,49.5,90.0,50.0,-162.0,2.0,33.0
2026-09-29T04:27:13,nfl,nfl_20261011_chicago_bears_green_bay_packers,20261011NFL00053,DK,draftkings,change,24,2026-06-02T01:30:00,Jun 2,1:30 AM ET,119d ago,away,Chicago Bears,3.0,96.0,19.0,49.5,10.0,50.0,136.0,98.0,66.0
2026-09-29T04:27:13,nfl,nfl_20261011_chicago_bears_green_bay_packers,20261011NFL00053,DK,draftkings,change,24,2026-06-02T01:30:00,Jun 2,1:30 AM ET,119d ago,home,Green Bay Packers,-3.0,4.0,81.0,49.5,90.0,50.0,-162.0,2.0,34.0
2026-09-29T04:27:13,nfl,nfl_20261011_chicago_bears_green_bay_packers,20261011NFL00053,DK,draftkings,change,25,2026-06-01T19:55:00,Jun 1,7:55 PM ET,119d ago,away,Chicago Bears,3.0,96.0,18.0,49.5,10.0,50.0,136.0,98.0,66.0
2026-09-29T04:27:13,nfl,nfl_20261011_chicago_bears_green_bay_packers,20261011NFL00053,DK,draftkings,change,25,2026-06-01T19:55:00,Jun 1,7:55 PM ET,119d ago,home,Green Bay Packers,-3.0,4.0,82.0,49.5,90.0,50.0,-162.0,2.0,34.0
2026-09-29T04:27:13,nfl,nfl_20261011_chicago_bears_green_bay_packers,20261011NFL00053,DK,draftkings,change,26,2026-06-01T18:50:00,Jun 1,6:50 PM ET,119d ago,away,Chicago Bears,3.0,96.0,18.0,49.5,10.0,50.0,136.0,98.0,65.0
2026-09-29T04:27:13,nfl,nfl_20261011_chicago_bears_green_bay_packers,20261011NFL00053,DK,draftkings,change,26,2026-06-01T18:50:00,Jun 1,6:50 PM ET,119d ago,home,Green Bay Packers,-3.0,4.0,82.0,49.5,90.0,50.0,-162.0,2.0,35.0
2026-09-29T04:27:13,nfl,nfl_20261011_chicago_bears_green_bay_packers,20261011NFL00053,DK,draftkings,change,27,2026-06-01T11:50:00,Jun 1,11:50 AM ET,119d ago,away,Chicago Bears,3.0,97.0,18.0,49.5,10.0,50.0,136.0,98.0,65.0
2026-09-29T04:27:13,nfl,nfl_20261011_chicago_bears_green_bay_packers,20261011NFL00053,DK,draftkings,change,27,2026-06-01T11:50:00,Jun 1,11:50 AM ET,119d ago,home,Green Bay Packers,-3.0,3.0,82.0,49.5,90.0,50.0,-162.0,2.0,35.0
2026-09-29T04:27:15,nfl,nfl_20261011_detroit_lions_arizona_cardinals,20261011NFL00059,DK,draftkings,open,1,2026-05-14T21:50:00,May 14,9:50 PM ET,137d ago,away,Detroit Lions,-8.5,100.0,100.0,,0.0,0.0,-395.0,100.0,100.0
2026-09-29T04:27:15,nfl,nfl_20261011_detroit_lions_arizona_cardinals,20261011NFL00059,DK,draftkings,open,1,2026-05-14T21:50:00,May 14,9:50 PM ET,137d ago,home,Arizona Cardinals,8.5,0.0,0.0,,0.0,0.0,310.0,0.0,0.0
2026-09-29T04:27:15,nfl,nfl_20261011_detroit_lions_arizona_cardinals,20261011NFL00059,DK,draftkings,first_full,2,2026-05-18T14:30:00,May 18,2:30 PM ET,133d ago,away,Detroit Lions,-8.5,8.0,58.0,49.5,100.0,100.0,-395.0,51.0,69.0
2026-09-29T04:27:15,nfl,nfl_20261011_detroit_lions_arizona_cardinals,20261011NFL00059,DK,draftkings,first_full,2,2026-05-18T14:30:00,May 18,2:30 PM ET,133d ago,home,Arizona Cardinals,8.5,92.0,42.0,49.5,0.0,0.0,310.0,49.0,31.0
2026-09-29T04:27:15,nfl,nfl_20261011_detroit_lions_arizona_cardinals,20261011NFL00059,DK,draftkings,change,3,2026-09-10T02:35:00,Sep 10,2:35 AM ET,19d ago,away,Detroit Lions,-8.5,100.0,100.0,48.5,0.0,0.0,-395.0,46.0,99.0
2026-09-29T04:27:15,nfl,nfl_20261011_detroit_lions_arizona_cardinals,20261011NFL00059,DK,draftkings,change,3,2026-09-10T02:35:00,Sep 10,2:35 AM ET,19d ago,home,Arizona Cardinals,8.5,0.0,0.0,48.5,100.0,100.0,310.0,54.0,1.0
2026-09-29T04:27:15,nfl,nfl_20261011_detroit_lions_arizona_cardinals,20261011NFL00059,DK,draftkings,change,4,2026-09-09T20:40:00,Sep 9,8:40 PM ET,19d ago,away,Detroit Lions,-8.5,100.0,100.0,48.5,0.0,0.0,-395.0,30.0,99.0
2026-09-29T04:27:15,nfl,nfl_20261011_detroit_lions_arizona_cardinals,20261011NFL00059,DK,draftkings,change,4,2026-09-09T20:40:00,Sep 9,8:40 PM ET,19d ago,home,Arizona Cardinals,8.5,0.0,0.0,48.5,100.0,100.0,310.0,70.0,1.0
2026-09-29T04:27:15,nfl,nfl_20261011_detroit_lions_arizona_cardinals,20261011NFL00059,DK,draftkings,change,5,2026-09-08T23:40:00,Sep 8,11:40 PM ET,20d ago,away,Detroit Lions,-8.5,100.0,100.0,48.5,0.0,0.0,-395.0,24.0,99.0
2026-09-29T04:27:15,nfl,nfl_20261011_detroit_lions_arizona_cardinals,20261011NFL00059,DK,draftkings,change,5,2026-09-08T23:40:00,Sep 8,11:40 PM ET,20d ago,home,Arizona Cardinals,8.5,0.0,0.0,48.5,100.0,100.0,310.0,76.0,1.0
2026-09-29T04:27:15,nfl,nfl_20261011_detroit_lions_arizona_cardinals,20261011NFL00059,DK,draftkings,change,6,2026-08-16T00:50:00,Aug 16,12:50 AM ET,44d ago,away,Detroit Lions,-8.5,100.0,100.0,48.5,0.0,0.0,-360.0,22.0,99.0
2026-09-29T04:27:15,nfl,nfl_20261011_detroit_lions_arizona_cardinals,20261011NFL00059,DK,draftkings,change,6,2026-08-16T00:50:00,Aug 16,12:50 AM ET,44d ago,home,Arizona Cardinals,8.5,0.0,0.0,48.5,100.0,100.0,285.0,78.0,1.0
2026-09-29T04:27:15,nfl,nfl_20261011_detroit_lions_arizona_cardinals,20261011NFL00059,DK,draftkings,change,7,2026-08-16T00:20:00,Aug 16,12:20 AM ET,44d ago,away,Detroit Lions,-8.5,100.0,100.0,48.5,0.0,0.0,-360.0,22.0,98.0
2026-09-29T04:27:15,nfl,nfl_20261011_detroit_lions_arizona_cardinals,20261011NFL00059,DK,draftkings,change,7,2026-08-16T00:20:00,Aug 16,12:20 AM ET,44d ago,home,Arizona Cardinals,8.5,0.0,0.0,48.5,100.0,100.0,285.0,78.0,2.0
2026-09-29T04:27:15,nfl,nfl_20261011_detroit_lions_arizona_cardinals,20261011NFL00059,DK,draftkings,change,8,2026-08-12T15:35:00,Aug 12,3:35 PM ET,47d ago,away,Detroit Lions,-8.5,100.0,100.0,48.5,0.0,0.0,-360.0,21.0,98.0
2026-09-29T04:27:15,nfl,nfl_20261011_detroit_lions_arizona_cardinals,20261011NFL00059,DK,draftkings,change,8,2026-08-12T15:35:00,Aug 12,3:35 PM ET,47d ago,home,Arizona Cardinals,8.5,0.0,0.0,48.5,100.0,100.0,285.0,79.0,2.0
2026-09-29T04:27:15,nfl,nfl_20261011_detroit_lions_arizona_cardinals,20261011NFL00059,DK,draftkings,change,9,2026-08-12T15:12:00,Aug 12,3:12 PM ET,47d ago,away,Detroit Lions,-8.5,0.0,0.0,48.5,0.0,0.0,-360.0,58.0,89.0
2026-09-29T04:27:15,nfl,nfl_20261011_detroit_lions_arizona_cardinals,20261011NFL00059,DK,draftkings,change,9,2026-08-12T15:12:00,Aug 12,3:12 PM ET,47d ago,home,Arizona Cardinals,8.5,100.0,100.0,48.5,100.0,100.0,285.0,42.0,11.0
2026-09-29T04:27:15,nfl,nfl_20261011_detroit_lions_arizona_cardinals,20261011NFL00059,DK,draftkings,change,10,2026-08-06T19:15:00,Aug 6,7:15 PM ET,53d ago,away,Detroit Lions,,0.0,0.0,,0.0,0.0,-375.0,100.0,100.0
2026-09-29T04:27:15,nfl,nfl_20261011_detroit_lions_arizona_cardinals,20261011NFL00059,DK,draftkings,change,10,2026-08-06T19:15:00,Aug 6,7:15 PM ET,53d ago,home,Arizona Cardinals,,0.0,0.0,,0.0,0.0,295.0,0.0,0.0
2026-09-29T04:27:15,nfl,nfl_20261011_detroit_lions_arizona_cardinals,20261011NFL00059,DK,draftkings,change,11,2026-06-04T01:05:00,Jun 4,1:05 AM ET,117d ago,away,Detroit Lions,-8.5,16.0,67.0,49.5,3.0,13.0,-380.0,92.0,87.0
2026-09-29T04:27:15,nfl,nfl_20261011_detroit_lions_arizona_cardinals,20261011NFL00059,DK,draftkings,change,11,2026-06-04T01:05:00,Jun 4,1:05 AM ET,117d ago,home,Arizona Cardinals,8.5,84.0,33.0,49.5,97.0,87.0,300.0,8.0,13.0
2026-09-29T04:27:15,nfl,nfl_20261011_detroit_lions_arizona_cardinals,20261011NFL00059,DK,draftkings,change,12,2026-06-03T18:35:00,Jun 3,6:35 PM ET,117d ago,away,Detroit Lions,-8.5,16.0,67.0,49.5,3.0,14.0,-380.0,92.0,87.0
2026-09-29T04:27:15,nfl,nfl_20261011_detroit_lions_arizona_cardinals,20261011NFL00059,DK,draftkings,change,12,2026-06-03T18:35:00,Jun 3,6:35 PM ET,117d ago,home,Arizona Cardinals,8.5,84.0,33.0,49.5,97.0,86.0,300.0,8.0,13.0
2026-09-29T04:27:15,nfl,nfl_20261011_detroit_lions_arizona_cardinals,20261011NFL00059,DK,draftkings,change,13,2026-06-02T17:40:00,Jun 2,5:40 PM ET,118d ago,away,Detroit Lions,-8.5,16.0,67.0,49.5,3.0,15.0,-380.0,92.0,87.0
2026-09-29T04:27:15,nfl,nfl_20261011_detroit_lions_arizona_cardinals,20261011NFL00059,DK,draftkings,change,13,2026-06-02T17:40:00,Jun 2,5:40 PM ET,118d ago,home,Arizona Cardinals,8.5,84.0,33.0,49.5,97.0,85.0,300.0,8.0,13.0
2026-09-29T04:27:15,nfl,nfl_20261011_detroit_lions_arizona_cardinals,20261011NFL00059,DK,draftkings,change,14,2026-06-02T15:00:00,Jun 2,3:00 PM ET,118d ago,away,Detroit Lions,-8.5,16.0,67.0,49.5,3.0,17.0,-380.0,92.0,87.0
2026-09-29T04:27:15,nfl,nfl_20261011_detroit_lions_arizona_cardinals,20261011NFL00059,DK,draftkings,change,14,2026-06-02T15:00:00,Jun 2,3:00 PM ET,118d ago,home,Arizona Cardinals,8.5,84.0,33.0,49.5,97.0,83.0,300.0,8.0,13.0
2026-09-29T04:27:15,nfl,nfl_20261011_detroit_lions_arizona_cardinals,20261011NFL00059,DK,draftkings,change,15,2026-06-01T18:10:00,Jun 1,6:10 PM ET,119d ago,away,Detroit Lions,-8.5,16.0,67.0,49.5,3.0,17.0,-380.0,92.0,86.0
2026-09-29T04:27:15,nfl,nfl_20261011_detroit_lions_arizona_cardinals,20261011NFL00059,DK,draftkings,change,15,2026-06-01T18:10:00,Jun 1,6:10 PM ET,119d ago,home,Arizona Cardinals,8.5,84.0,33.0,49.5,97.0,83.0,300.0,8.0,14.0
2026-09-29T04:27:15,nfl,nfl_20261011_detroit_lions_arizona_cardinals,20261011NFL00059,DK,draftkings,change,16,2026-06-01T18:05:00,Jun 1,6:05 PM ET,119d ago,away,Detroit Lions,-8.5,16.0,67.0,49.5,3.0,17.0,-380.0,91.0,85.0
2026-09-29T04:27:15,nfl,nfl_20261011_detroit_lions_arizona_cardinals,20261011NFL00059,DK,draftkings,change,16,2026-06-01T18:05:00,Jun 1,6:05 PM ET,119d ago,home,Arizona Cardinals,8.5,84.0,33.0,49.5,97.0,83.0,300.0,9.0,15.0
2026-09-29T04:27:15,nfl,nfl_20261011_detroit_lions_arizona_cardinals,20261011NFL00059,DK,draftkings,change,17,2026-06-01T17:50:00,Jun 1,5:50 PM ET,119d ago,away,Detroit Lions,-8.5,16.0,67.0,49.5,3.0,17.0,-380.0,90.0,85.0
2026-09-29T04:27:15,nfl,nfl_20261011_detroit_lions_arizona_cardinals,20261011NFL00059,DK,draftkings,change,17,2026-06-01T17:50:00,Jun 1,5:50 PM ET,119d ago,home,Arizona Cardinals,8.5,84.0,33.0,49.5,97.0,83.0,300.0,10.0,15.0
2026-09-29T04:27:15,nfl,nfl_20261011_detroit_lions_arizona_cardinals,20261011NFL00059,DK,draftkings,change,18,2026-06-01T11:05:00,Jun 1,11:05 AM ET,119d ago,away,Detroit Lions,-8.5,16.0,67.0,49.5,3.0,17.0,-380.0,89.0,85.0
2026-09-29T04:27:15,nfl,nfl_20261011_detroit_lions_arizona_cardinals,20261011NFL00059,DK,draftkings,change,18,2026-06-01T11:05:00,Jun 1,11:05 AM ET,119d ago,home,Arizona Cardinals,8.5,84.0,33.0,49.5,97.0,83.0,300.0,11.0,15.0
2026-09-29T04:27:15,nfl,nfl_20261011_detroit_lions_arizona_cardinals,20261011NFL00059,DK,draftkings,change,19,2026-06-01T10:40:00,Jun 1,10:40 AM ET,119d ago,away,Detroit Lions,-8.5,16.0,65.0,49.5,3.0,17.0,-380.0,89.0,85.0
2026-09-29T04:27:15,nfl,nfl_20261011_detroit_lions_arizona_cardinals,20261011NFL00059,DK,draftkings,change,19,2026-06-01T10:40:00,Jun 1,10:40 AM ET,119d ago,home,Arizona Cardinals,8.5,84.0,35.0,49.5,97.0,83.0,300.0,11.0,15.0
2026-09-29T04:27:15,nfl,nfl_20261011_detroit_lions_arizona_cardinals,20261011NFL00059,DK,draftkings,change,20,2026-06-01T00:35:00,Jun 1,12:35 AM ET,120d ago,away,Detroit Lions,-8.5,16.0,65.0,49.5,3.0,17.0,-380.0,89.0,84.0
2026-09-29T04:27:15,nfl,nfl_20261011_detroit_lions_arizona_cardinals,20261011NFL00059,DK,draftkings,change,20,2026-06-01T00:35:00,Jun 1,12:35 AM ET,120d ago,home,Arizona Cardinals,8.5,84.0,35.0,49.5,97.0,83.0,300.0,11.0,16.0
2026-09-29T04:27:15,nfl,nfl_20261011_detroit_lions_arizona_cardinals,20261011NFL00059,DK,draftkings,change,21,2026-05-31T22:20:00,May 31,10:20 PM ET,120d ago,away,Detroit Lions,-8.5,14.0,63.0,49.5,3.0,17.0,-380.0,89.0,84.0
2026-09-29T04:27:15,nfl,nfl_20261011_detroit_lions_arizona_cardinals,20261011NFL00059,DK,draftkings,change,21,2026-05-31T22:20:00,May 31,10:20 PM ET,120d ago,home,Arizona Cardinals,8.5,86.0,38.0,49.5,97.0,83.0,300.0,11.0,16.0
2026-09-29T04:27:15,nfl,nfl_20261011_detroit_lions_arizona_cardinals,20261011NFL00059,DK,draftkings,change,22,2026-05-31T21:20:00,May 31,9:20 PM ET,120d ago,away,Detroit Lions,-8.5,14.0,60.0,49.5,3.0,17.0,-380.0,89.0,84.0
2026-09-29T04:27:15,nfl,nfl_20261011_detroit_lions_arizona_cardinals,20261011NFL00059,DK,draftkings,change,22,2026-05-31T21:20:00,May 31,9:20 PM ET,120d ago,home,Arizona Cardinals,8.5,86.0,40.0,49.5,97.0,83.0,300.0,11.0,16.0
2026-09-29T04:27:15,nfl,nfl_20261011_detroit_lions_arizona_cardinals,20261011NFL00059,DK,draftkings,change,23,2026-05-28T23:30:00,May 28,11:30 PM ET,123d ago,away,Detroit Lions,-8.5,10.0,57.0,49.5,3.0,17.0,-380.0,89.0,84.0
2026-09-29T04:27:15,nfl,nfl_20261011_detroit_lions_arizona_cardinals,20261011NFL00059,DK,draftkings,change,23,2026-05-28T23:30:00,May 28,11:30 PM ET,123d ago,home,Arizona Cardinals,8.5,90.0,43.0,49.5,97.0,83.0,300.0,11.0,16.0
2026-09-29T04:27:15,nfl,nfl_20261011_detroit_lions_arizona_cardinals,20261011NFL00059,DK,draftkings,change,24,2026-05-28T13:10:00,May 28,1:10 PM ET,123d ago,away,Detroit Lions,-8.5,8.0,54.0,49.5,3.0,17.0,-380.0,89.0,84.0
2026-09-29T04:27:15,nfl,nfl_20261011_detroit_lions_arizona_cardinals,20261011NFL00059,DK,draftkings,change,24,2026-05-28T13:10:00,May 28,1:10 PM ET,123d ago,home,Arizona Cardinals,8.5,92.0,46.0,49.5,97.0,83.0,300.0,11.0,16.0
2026-09-29T04:27:15,nfl,nfl_20261011_detroit_lions_arizona_cardinals,20261011NFL00059,DK,draftkings,change,25,2026-05-28T01:20:00,May 28,1:20 AM ET,124d ago,away,Detroit Lions,-8.5,8.0,54.0,49.5,3.0,17.0,-380.0,89.0,83.0
2026-09-29T04:27:15,nfl,nfl_20261011_detroit_lions_arizona_cardinals,20261011NFL00059,DK,draftkings,change,25,2026-05-28T01:20:00,May 28,1:20 AM ET,124d ago,home,Arizona Cardinals,8.5,92.0,46.0,49.5,97.0,83.0,300.0,11.0,17.0
2026-09-29T04:27:15,nfl,nfl_20261011_detroit_lions_arizona_cardinals,20261011NFL00059,DK,draftkings,change,26,2026-05-27T22:50:00,May 27,10:50 PM ET,124d ago,away,Detroit Lions,-8.5,8.0,54.0,49.5,4.0,18.0,-380.0,89.0,83.0
2026-09-29T04:27:15,nfl,nfl_20261011_detroit_lions_arizona_cardinals,20261011NFL00059,DK,draftkings,change,26,2026-05-27T22:50:00,May 27,10:50 PM ET,124d ago,home,Arizona Cardinals,8.5,92.0,46.0,49.5,96.0,82.0,300.0,11.0,17.0
2026-09-29T04:27:15,nfl,nfl_20261011_detroit_lions_arizona_cardinals,20261011NFL00059,DK,draftkings,change,27,2026-05-27T12:40:00,May 27,12:40 PM ET,124d ago,away,Detroit Lions,-8.5,8.0,54.0,49.5,4.0,20.0,-380.0,89.0,83.0
2026-09-29T04:27:15,nfl,nfl_20261011_detroit_lions_arizona_cardinals,20261011NFL00059,DK,draftkings,change,27,2026-05-27T12:40:00,May 27,12:40 PM ET,124d ago,home,Arizona Cardinals,8.5,92.0,46.0,49.5,96.0,80.0,300.0,11.0,17.0
2026-09-29T04:27:17,nfl,nfl_20261011_san_francisco_49ers_seattle_seahawks,20261011NFL00061,DK,draftkings,open,1,2026-05-14T22:10:00,May 14,10:10 PM ET,137d ago,away,San Francisco 49ers,,0.0,0.0,,0.0,0.0,170.0,100.0,100.0
2026-09-29T04:27:17,nfl,nfl_20261011_san_francisco_49ers_seattle_seahawks,20261011NFL00061,DK,draftkings,open,1,2026-05-14T22:10:00,May 14,10:10 PM ET,137d ago,home,Seattle Seahawks,,0.0,0.0,,0.0,0.0,-205.0,0.0,0.0
2026-09-29T04:27:17,nfl,nfl_20261011_san_francisco_49ers_seattle_seahawks,20261011NFL00061,DK,draftkings,first_full,2,2026-05-18T14:30:00,May 18,2:30 PM ET,133d ago,away,San Francisco 49ers,3.5,100.0,100.0,48.5,100.0,100.0,170.0,99.0,70.0
2026-09-29T04:27:17,nfl,nfl_20261011_san_francisco_49ers_seattle_seahawks,20261011NFL00061,DK,draftkings,first_full,2,2026-05-18T14:30:00,May 18,2:30 PM ET,133d ago,home,Seattle Seahawks,-3.5,0.0,0.0,48.5,0.0,0.0,-205.0,1.0,30.0
2026-09-29T04:27:17,nfl,nfl_20261011_san_francisco_49ers_seattle_seahawks,20261011NFL00061,DK,draftkings,change,3,2026-08-31T12:10:00,Aug 31,12:10 PM ET,28d ago,away,San Francisco 49ers,3.5,0.0,0.0,48.5,100.0,100.0,170.0,99.0,8.0
2026-09-29T04:27:17,nfl,nfl_20261011_san_francisco_49ers_seattle_seahawks,20261011NFL00061,DK,draftkings,change,3,2026-08-31T12:10:00,Aug 31,12:10 PM ET,28d ago,home,Seattle Seahawks,-3.5,100.0,100.0,48.5,0.0,0.0,-205.0,1.0,92.0
2026-09-29T04:27:17,nfl,nfl_20261011_san_francisco_49ers_seattle_seahawks,20261011NFL00061,DK,draftkings,change,4,2026-08-29T23:20:00,Aug 29,11:20 PM ET,30d ago,away,San Francisco 49ers,3.5,0.0,0.0,48.5,100.0,100.0,170.0,99.0,7.0
2026-09-29T04:27:17,nfl,nfl_20261011_san_francisco_49ers_seattle_seahawks,20261011NFL00061,DK,draftkings,change,4,2026-08-29T23:20:00,Aug 29,11:20 PM ET,30d ago,home,Seattle Seahawks,-3.5,100.0,100.0,48.5,0.0,0.0,-205.0,1.0,93.0
2026-09-29T04:27:17,nfl,nfl_20261011_san_francisco_49ers_seattle_seahawks,20261011NFL00061,DK,draftkings,change,5,2026-08-21T19:20:00,Aug 21,7:20 PM ET,38d ago,away,San Francisco 49ers,3.5,0.0,0.0,48.5,100.0,100.0,170.0,99.0,6.0
2026-09-29T04:27:17,nfl,nfl_20261011_san_francisco_49ers_seattle_seahawks,20261011NFL00061,DK,draftkings,change,5,2026-08-21T19:20:00,Aug 21,7:20 PM ET,38d ago,home,Seattle Seahawks,-3.5,100.0,100.0,48.5,0.0,0.0,-205.0,1.0,94.0
2026-09-29T04:27:17,nfl,nfl_20261011_san_francisco_49ers_seattle_seahawks,20261011NFL00061,DK,draftkings,change,6,2026-08-16T00:55:00,Aug 16,12:55 AM ET,44d ago,away,San Francisco 49ers,3.5,0.0,0.0,48.5,100.0,100.0,160.0,99.0,4.0
2026-09-29T04:27:17,nfl,nfl_20261011_san_francisco_49ers_seattle_seahawks,20261011NFL00061,DK,draftkings,change,6,2026-08-16T00:55:00,Aug 16,12:55 AM ET,44d ago,home,Seattle Seahawks,-3.5,100.0,100.0,48.5,0.0,0.0,-192.0,1.0,96.0
2026-09-29T04:27:17,nfl,nfl_20261011_san_francisco_49ers_seattle_seahawks,20261011NFL00061,DK,draftkings,change,7,2026-08-16T00:45:00,Aug 16,12:45 AM ET,44d ago,away,San Francisco 49ers,3.5,0.0,0.0,48.5,100.0,100.0,160.0,99.0,5.0
2026-09-29T04:27:17,nfl,nfl_20261011_san_francisco_49ers_seattle_seahawks,20261011NFL00061,DK,draftkings,change,7,2026-08-16T00:45:00,Aug 16,12:45 AM ET,44d ago,home,Seattle Seahawks,-3.5,100.0,100.0,48.5,0.0,0.0,-192.0,1.0,95.0
2026-09-29T04:27:17,nfl,nfl_20261011_san_francisco_49ers_seattle_seahawks,20261011NFL00061,DK,draftkings,change,8,2026-08-16T00:40:00,Aug 16,12:40 AM ET,44d ago,away,San Francisco 49ers,3.5,0.0,0.0,48.5,100.0,100.0,160.0,99.0,6.0
2026-09-29T04:27:17,nfl,nfl_20261011_san_francisco_49ers_seattle_seahawks,20261011NFL00061,DK,draftkings,change,8,2026-08-16T00:40:00,Aug 16,12:40 AM ET,44d ago,home,Seattle Seahawks,-3.5,100.0,100.0,48.5,0.0,0.0,-192.0,1.0,94.0
2026-09-29T04:27:17,nfl,nfl_20261011_san_francisco_49ers_seattle_seahawks,20261011NFL00061,DK,draftkings,change,9,2026-08-16T00:30:00,Aug 16,12:30 AM ET,44d ago,away,San Francisco 49ers,3.5,0.0,0.0,48.5,100.0,100.0,160.0,99.0,7.0
2026-09-29T04:27:17,nfl,nfl_20261011_san_francisco_49ers_seattle_seahawks,20261011NFL00061,DK,draftkings,change,9,2026-08-16T00:30:00,Aug 16,12:30 AM ET,44d ago,home,Seattle Seahawks,-3.5,100.0,100.0,48.5,0.0,0.0,-192.0,1.0,93.0
2026-09-29T04:27:17,nfl,nfl_20261011_san_francisco_49ers_seattle_seahawks,20261011NFL00061,DK,draftkings,change,10,2026-08-16T00:20:00,Aug 16,12:20 AM ET,44d ago,away,San Francisco 49ers,3.5,0.0,0.0,48.5,100.0,100.0,160.0,99.0,10.0
2026-09-29T04:27:17,nfl,nfl_20261011_san_francisco_49ers_seattle_seahawks,20261011NFL00061,DK,draftkings,change,10,2026-08-16T00:20:00,Aug 16,12:20 AM ET,44d ago,home,Seattle Seahawks,-3.5,100.0,100.0,48.5,0.0,0.0,-192.0,1.0,90.0
2026-09-29T04:27:17,nfl,nfl_20261011_san_francisco_49ers_seattle_seahawks,20261011NFL00061,DK,draftkings,change,11,2026-08-16T00:15:00,Aug 16,12:15 AM ET,44d ago,away,San Francisco 49ers,3.5,0.0,0.0,48.5,100.0,100.0,160.0,99.0,14.0
2026-09-29T04:27:17,nfl,nfl_20261011_san_francisco_49ers_seattle_seahawks,20261011NFL00061,DK,draftkings,change,11,2026-08-16T00:15:00,Aug 16,12:15 AM ET,44d ago,home,Seattle Seahawks,-3.5,100.0,100.0,48.5,0.0,0.0,-192.0,1.0,86.0
2026-09-29T04:27:17,nfl,nfl_20261011_san_francisco_49ers_seattle_seahawks,20261011NFL00061,DK,draftkings,change,12,2026-08-12T15:35:00,Aug 12,3:35 PM ET,47d ago,away,San Francisco 49ers,3.5,0.0,0.0,48.5,100.0,100.0,160.0,99.0,16.0
2026-09-29T04:27:17,nfl,nfl_20261011_san_francisco_49ers_seattle_seahawks,20261011NFL00061,DK,draftkings,change,12,2026-08-12T15:35:00,Aug 12,3:35 PM ET,47d ago,home,Seattle Seahawks,-3.5,100.0,100.0,48.5,0.0,0.0,-192.0,1.0,84.0
2026-09-29T04:27:17,nfl,nfl_20261011_san_francisco_49ers_seattle_seahawks,20261011NFL00061,DK,draftkings,change,13,2026-08-12T15:12:00,Aug 12,3:12 PM ET,47d ago,away,San Francisco 49ers,3.5,100.0,100.0,48.5,0.0,0.0,160.0,100.0,89.0
2026-09-29T04:27:17,nfl,nfl_20261011_san_francisco_49ers_seattle_seahawks,20261011NFL00061,DK,draftkings,change,13,2026-08-12T15:12:00,Aug 12,3:12 PM ET,47d ago,home,Seattle Seahawks,-3.5,0.0,0.0,48.5,100.0,100.0,-192.0,0.0,11.0
2026-09-29T04:27:17,nfl,nfl_20261011_san_francisco_49ers_seattle_seahawks,20261011NFL00061,DK,draftkings,change,14,2026-07-31T07:30:00,Jul 31,7:30 AM ET,59d ago,away,San Francisco 49ers,,0.0,0.0,,0.0,0.0,164.0,100.0,100.0
2026-09-29T04:27:17,nfl,nfl_20261011_san_francisco_49ers_seattle_seahawks,20261011NFL00061,DK,draftkings,change,14,2026-07-31T07:30:00,Jul 31,7:30 AM ET,59d ago,home,Seattle Seahawks,,0.0,0.0,,0.0,0.0,-198.0,0.0,0.0
2026-09-29T04:27:17,nfl,nfl_20261011_san_francisco_49ers_seattle_seahawks,20261011NFL00061,DK,draftkings,change,15,2026-06-03T00:30:00,Jun 3,12:30 AM ET,118d ago,away,San Francisco 49ers,3.5,100.0,73.0,48.5,5.0,33.0,170.0,100.0,64.0
2026-09-29T04:27:17,nfl,nfl_20261011_san_francisco_49ers_seattle_seahawks,20261011NFL00061,DK,draftkings,change,15,2026-06-03T00:30:00,Jun 3,12:30 AM ET,118d ago,home,Seattle Seahawks,-3.5,0.0,27.0,48.5,95.0,67.0,-205.0,0.0,36.0
2026-09-29T04:27:17,nfl,nfl_20261011_san_francisco_49ers_seattle_seahawks,20261011NFL00061,DK,draftkings,change,16,2026-06-02T15:00:00,Jun 2,3:00 PM ET,118d ago,away,San Francisco 49ers,3.5,100.0,73.0,48.5,5.0,33.0,170.0,100.0,67.0
2026-09-29T04:27:17,nfl,nfl_20261011_san_francisco_49ers_seattle_seahawks,20261011NFL00061,DK,draftkings,change,16,2026-06-02T15:00:00,Jun 2,3:00 PM ET,118d ago,home,Seattle Seahawks,-3.5,0.0,27.0,48.5,95.0,67.0,-205.0,0.0,33.0
2026-09-29T04:27:17,nfl,nfl_20261011_san_francisco_49ers_seattle_seahawks,20261011NFL00061,DK,draftkings,change,17,2026-06-02T01:30:00,Jun 2,1:30 AM ET,119d ago,away,San Francisco 49ers,3.5,100.0,70.0,48.5,5.0,33.0,170.0,100.0,67.0
2026-09-29T04:27:17,nfl,nfl_20261011_san_francisco_49ers_seattle_seahawks,20261011NFL00061,DK,draftkings,change,17,2026-06-02T01:30:00,Jun 2,1:30 AM ET,119d ago,home,Seattle Seahawks,-3.5,0.0,30.0,48.5,95.0,67.0,-205.0,0.0,33.0
2026-09-29T04:27:17,nfl,nfl_20261011_san_francisco_49ers_seattle_seahawks,20261011NFL00061,DK,draftkings,change,18,2026-06-01T19:55:00,Jun 1,7:55 PM ET,119d ago,away,San Francisco 49ers,3.5,100.0,70.0,48.5,5.0,33.0,170.0,100.0,65.0
2026-09-29T04:27:17,nfl,nfl_20261011_san_francisco_49ers_seattle_seahawks,20261011NFL00061,DK,draftkings,change,18,2026-06-01T19:55:00,Jun 1,7:55 PM ET,119d ago,home,Seattle Seahawks,-3.5,0.0,30.0,48.5,95.0,67.0,-205.0,0.0,35.0
2026-09-29T04:27:17,nfl,nfl_20261011_san_francisco_49ers_seattle_seahawks,20261011NFL00061,DK,draftkings,change,19,2026-06-01T11:05:00,Jun 1,11:05 AM ET,119d ago,away,San Francisco 49ers,3.5,100.0,70.0,48.5,10.0,50.0,170.0,100.0,65.0
2026-09-29T04:27:17,nfl,nfl_20261011_san_francisco_49ers_seattle_seahawks,20261011NFL00061,DK,draftkings,change,19,2026-06-01T11:05:00,Jun 1,11:05 AM ET,119d ago,home,Seattle Seahawks,-3.5,0.0,30.0,48.5,90.0,50.0,-205.0,0.0,35.0
2026-09-29T04:27:17,nfl,nfl_20261011_san_francisco_49ers_seattle_seahawks,20261011NFL00061,DK,draftkings,change,20,2026-05-31T22:20:00,May 31,10:20 PM ET,120d ago,away,San Francisco 49ers,3.5,100.0,78.0,48.5,10.0,50.0,170.0,100.0,65.0
2026-09-29T04:27:17,nfl,nfl_20261011_san_francisco_49ers_seattle_seahawks,20261011NFL00061,DK,draftkings,change,20,2026-05-31T22:20:00,May 31,10:20 PM ET,120d ago,home,Seattle Seahawks,-3.5,0.0,22.0,48.5,90.0,50.0,-205.0,0.0,35.0
2026-09-29T04:27:17,nfl,nfl_20261011_san_francisco_49ers_seattle_seahawks,20261011NFL00061,DK,draftkings,change,21,2026-05-31T10:45:00,May 31,10:45 AM ET,120d ago,away,San Francisco 49ers,3.5,100.0,88.0,48.5,10.0,50.0,170.0,100.0,65.0
2026-09-29T04:27:17,nfl,nfl_20261011_san_francisco_49ers_seattle_seahawks,20261011NFL00061,DK,draftkings,change,21,2026-05-31T10:45:00,May 31,10:45 AM ET,120d ago,home,Seattle Seahawks,-3.5,0.0,13.0,48.5,90.0,50.0,-205.0,0.0,35.0
2026-09-29T04:27:17,nfl,nfl_20261011_san_francisco_49ers_seattle_seahawks,20261011NFL00061,DK,draftkings,change,22,2026-05-31T00:50:00,May 31,12:50 AM ET,121d ago,away,San Francisco 49ers,3.5,100.0,88.0,48.5,10.0,50.0,170.0,100.0,63.0
2026-09-29T04:27:17,nfl,nfl_20261011_san_francisco_49ers_seattle_seahawks,20261011NFL00061,DK,draftkings,change,22,2026-05-31T00:50:00,May 31,12:50 AM ET,121d ago,home,Seattle Seahawks,-3.5,0.0,13.0,48.5,90.0,50.0,-205.0,0.0,37.0
2026-09-29T04:27:17,nfl,nfl_20261011_san_francisco_49ers_seattle_seahawks,20261011NFL00061,DK,draftkings,change,23,2026-05-30T19:05:00,May 30,7:05 PM ET,121d ago,away,San Francisco 49ers,3.5,100.0,88.0,48.5,10.0,50.0,170.0,100.0,67.0
2026-09-29T04:27:17,nfl,nfl_20261011_san_francisco_49ers_seattle_seahawks,20261011NFL00061,DK,draftkings,change,23,2026-05-30T19:05:00,May 30,7:05 PM ET,121d ago,home,Seattle Seahawks,-3.5,0.0,13.0,48.5,90.0,50.0,-205.0,0.0,33.0
2026-09-29T04:27:17,nfl,nfl_20261011_san_francisco_49ers_seattle_seahawks,20261011NFL00061,DK,draftkings,change,24,2026-05-30T10:35:00,May 30,10:35 AM ET,121d ago,away,San Francisco 49ers,3.5,100.0,88.0,48.5,10.0,50.0,170.0,100.0,65.0
2026-09-29T04:27:17,nfl,nfl_20261011_san_francisco_49ers_seattle_seahawks,20261011NFL00061,DK,draftkings,change,24,2026-05-30T10:35:00,May 30,10:35 AM ET,121d ago,home,Seattle Seahawks,-3.5,0.0,13.0,48.5,90.0,50.0,-205.0,0.0,35.0
2026-09-29T04:27:17,nfl,nfl_20261011_san_francisco_49ers_seattle_seahawks,20261011NFL00061,DK,draftkings,change,25,2026-05-28T19:30:00,May 28,7:30 PM ET,123d ago,away,San Francisco 49ers,3.5,100.0,88.0,48.5,10.0,50.0,170.0,99.0,63.0
2026-09-29T04:27:17,nfl,nfl_20261011_san_francisco_49ers_seattle_seahawks,20261011NFL00061,DK,draftkings,change,25,2026-05-28T19:30:00,May 28,7:30 PM ET,123d ago,home,Seattle Seahawks,-3.5,0.0,13.0,48.5,90.0,50.0,-205.0,1.0,38.0
2026-09-29T04:27:17,nfl,nfl_20261011_san_francisco_49ers_seattle_seahawks,20261011NFL00061,DK,draftkings,change,26,2026-05-27T22:30:00,May 27,10:30 PM ET,124d ago,away,San Francisco 49ers,3.5,100.0,88.0,48.5,10.0,50.0,170.0,98.0,60.0
2026-09-29T04:27:17,nfl,nfl_20261011_san_francisco_49ers_seattle_seahawks,20261011NFL00061,DK,draftkings,change,26,2026-05-27T22:30:00,May 27,10:30 PM ET,124d ago,home,Seattle Seahawks,-3.5,0.0,13.0,48.5,90.0,50.0,-205.0,2.0,40.0
2026-09-29T04:27:17,nfl,nfl_20261011_san_francisco_49ers_seattle_seahawks,20261011NFL00061,DK,draftkings,change,27,2026-05-27T13:20:00,May 27,1:20 PM ET,124d ago,away,San Francisco 49ers,3.5,100.0,88.0,48.5,10.0,50.0,170.0,98.0,57.0
2026-09-29T04:27:17,nfl,nfl_20261011_san_francisco_49ers_seattle_seahawks,20261011NFL00061,DK,draftkings,change,27,2026-05-27T13:20:00,May 27,1:20 PM ET,124d ago,home,Seattle Seahawks,-3.5,0.0,13.0,48.5,90.0,50.0,-205.0,2.0,43.0
2026-09-29T04:27:19,nfl,nfl_20261011_baltimore_ravens_atlanta_falcons,20261011NFL00055,DK,draftkings,open,1,2026-05-14T21:20:00,May 14,9:20 PM ET,137d ago,away,Baltimore Ravens,-4.5,100.0,100.0,,0.0,0.0,-218.0,100.0,100.0
2026-09-29T04:27:19,nfl,nfl_20261011_baltimore_ravens_atlanta_falcons,20261011NFL00055,DK,draftkings,open,1,2026-05-14T21:20:00,May 14,9:20 PM ET,137d ago,home,Atlanta Falcons,4.5,0.0,0.0,,0.0,0.0,180.0,0.0,0.0
2026-09-29T04:27:19,nfl,nfl_20261011_baltimore_ravens_atlanta_falcons,20261011NFL00055,DK,draftkings,first_full,2,2026-05-18T14:30:00,May 18,2:30 PM ET,133d ago,away,Baltimore Ravens,-4.5,100.0,60.0,48.5,100.0,100.0,-218.0,100.0,94.0
2026-09-29T04:27:19,nfl,nfl_20261011_baltimore_ravens_atlanta_falcons,20261011NFL00055,DK,draftkings,first_full,2,2026-05-18T14:30:00,May 18,2:30 PM ET,133d ago,home,Atlanta Falcons,4.5,0.0,40.0,48.5,0.0,0.0,180.0,0.0,6.0
2026-09-29T04:27:19,nfl,nfl_20261011_baltimore_ravens_atlanta_falcons,20261011NFL00055,DK,draftkings,change,3,2026-09-09T20:10:00,Sep 9,8:10 PM ET,19d ago,away,Baltimore Ravens,-4.5,1.0,93.0,48.5,89.0,50.0,-205.0,74.0,98.0
2026-09-29T04:27:19,nfl,nfl_20261011_baltimore_ravens_atlanta_falcons,20261011NFL00055,DK,draftkings,change,3,2026-09-09T20:10:00,Sep 9,8:10 PM ET,19d ago,home,Atlanta Falcons,4.5,99.0,7.0,48.5,11.0,50.0,170.0,26.0,2.0
2026-09-29T04:27:19,nfl,nfl_20261011_baltimore_ravens_atlanta_falcons,20261011NFL00055,DK,draftkings,change,4,2026-09-06T23:10:00,Sep 6,11:10 PM ET,22d ago,away,Baltimore Ravens,-4.5,100.0,100.0,48.5,89.0,50.0,-205.0,74.0,98.0
2026-09-29T04:27:19,nfl,nfl_20261011_baltimore_ravens_atlanta_falcons,20261011NFL00055,DK,draftkings,change,4,2026-09-06T23:10:00,Sep 6,11:10 PM ET,22d ago,home,Atlanta Falcons,4.5,0.0,0.0,48.5,11.0,50.0,170.0,26.0,2.0
2026-09-29T04:27:19,nfl,nfl_20261011_baltimore_ravens_atlanta_falcons,20261011NFL00055,DK,draftkings,change,5,2026-09-05T13:40:00,Sep 5,1:40 PM ET,23d ago,away,Baltimore Ravens,-4.5,100.0,100.0,48.5,89.0,50.0,-205.0,73.0,98.0
2026-09-29T04:27:19,nfl,nfl_20261011_baltimore_ravens_atlanta_falcons,20261011NFL00055,DK,draftkings,change,5,2026-09-05T13:40:00,Sep 5,1:40 PM ET,23d ago,home,Atlanta Falcons,4.5,0.0,0.0,48.5,11.0,50.0,170.0,27.0,2.0
2026-09-29T04:27:19,nfl,nfl_20261011_baltimore_ravens_atlanta_falcons,20261011NFL00055,DK,draftkings,change,6,2026-08-31T16:30:00,Aug 31,4:30 PM ET,28d ago,away,Baltimore Ravens,-4.5,100.0,100.0,48.5,89.0,50.0,-205.0,37.0,98.0
2026-09-29T04:27:19,nfl,nfl_20261011_baltimore_ravens_atlanta_falcons,20261011NFL00055,DK,draftkings,change,6,2026-08-31T16:30:00,Aug 31,4:30 PM ET,28d ago,home,Atlanta Falcons,4.5,0.0,0.0,48.5,11.0,50.0,170.0,63.0,2.0
2026-09-29T04:27:19,nfl,nfl_20261011_baltimore_ravens_atlanta_falcons,20261011NFL00055,DK,draftkings,change,7,2026-08-30T23:40:00,Aug 30,11:40 PM ET,29d ago,away,Baltimore Ravens,-4.5,100.0,100.0,48.5,89.0,50.0,-205.0,36.0,98.0
2026-09-29T04:27:19,nfl,nfl_20261011_baltimore_ravens_atlanta_falcons,20261011NFL00055,DK,draftkings,change,7,2026-08-30T23:40:00,Aug 30,11:40 PM ET,29d ago,home,Atlanta Falcons,4.5,0.0,0.0,48.5,11.0,50.0,170.0,64.0,2.0
2026-09-29T04:27:19,nfl,nfl_20261011_baltimore_ravens_atlanta_falcons,20261011NFL00055,DK,draftkings,change,8,2026-08-29T23:20:00,Aug 29,11:20 PM ET,30d ago,away,Baltimore Ravens,-4.5,100.0,100.0,48.5,89.0,50.0,-205.0,28.0,98.0
2026-09-29T04:27:19,nfl,nfl_20261011_baltimore_ravens_atlanta_falcons,20261011NFL00055,DK,draftkings,change,8,2026-08-29T23:20:00,Aug 29,11:20 PM ET,30d ago,home,Atlanta Falcons,4.5,0.0,0.0,48.5,11.0,50.0,170.0,72.0,2.0
2026-09-29T04:27:19,nfl,nfl_20261011_baltimore_ravens_atlanta_falcons,20261011NFL00055,DK,draftkings,change,9,2026-08-24T08:50:00,Aug 24,8:50 AM ET,35d ago,away,Baltimore Ravens,-4.5,100.0,100.0,48.5,89.0,50.0,-198.0,27.0,98.0
2026-09-29T04:27:19,nfl,nfl_20261011_baltimore_ravens_atlanta_falcons,20261011NFL00055,DK,draftkings,change,9,2026-08-24T08:50:00,Aug 24,8:50 AM ET,35d ago,home,Atlanta Falcons,4.5,0.0,0.0,48.5,11.0,50.0,164.0,73.0,2.0
2026-09-29T04:27:19,nfl,nfl_20261011_baltimore_ravens_atlanta_falcons,20261011NFL00055,DK,draftkings,change,10,2026-08-21T08:05:00,Aug 21,8:05 AM ET,38d ago,away,Baltimore Ravens,-4.5,100.0,100.0,48.5,89.0,50.0,-198.0,26.0,98.0
2026-09-29T04:27:19,nfl,nfl_20261011_baltimore_ravens_atlanta_falcons,20261011NFL00055,DK,draftkings,change,10,2026-08-21T08:05:00,Aug 21,8:05 AM ET,38d ago,home,Atlanta Falcons,4.5,0.0,0.0,48.5,11.0,50.0,164.0,74.0,2.0
2026-09-29T04:27:19,nfl,nfl_20261011_baltimore_ravens_atlanta_falcons,20261011NFL00055,DK,draftkings,change,11,2026-08-16T00:40:00,Aug 16,12:40 AM ET,44d ago,away,Baltimore Ravens,-4.5,100.0,100.0,48.5,89.0,50.0,-205.0,25.0,98.0
2026-09-29T04:27:19,nfl,nfl_20261011_baltimore_ravens_atlanta_falcons,20261011NFL00055,DK,draftkings,change,11,2026-08-16T00:40:00,Aug 16,12:40 AM ET,44d ago,home,Atlanta Falcons,4.5,0.0,0.0,48.5,11.0,50.0,170.0,75.0,2.0
2026-09-29T04:27:19,nfl,nfl_20261011_baltimore_ravens_atlanta_falcons,20261011NFL00055,DK,draftkings,change,12,2026-08-16T00:15:00,Aug 16,12:15 AM ET,44d ago,away,Baltimore Ravens,-4.5,100.0,100.0,48.5,89.0,50.0,-205.0,25.0,97.0
2026-09-29T04:27:19,nfl,nfl_20261011_baltimore_ravens_atlanta_falcons,20261011NFL00055,DK,draftkings,change,12,2026-08-16T00:15:00,Aug 16,12:15 AM ET,44d ago,home,Atlanta Falcons,4.5,0.0,0.0,48.5,11.0,50.0,170.0,75.0,3.0
2026-09-29T04:27:19,nfl,nfl_20261011_baltimore_ravens_atlanta_falcons,20261011NFL00055,DK,draftkings,change,13,2026-08-15T23:30:00,Aug 15,11:30 PM ET,44d ago,away,Baltimore Ravens,-4.5,100.0,100.0,48.5,89.0,50.0,-205.0,24.0,96.0
2026-09-29T04:27:19,nfl,nfl_20261011_baltimore_ravens_atlanta_falcons,20261011NFL00055,DK,draftkings,change,13,2026-08-15T23:30:00,Aug 15,11:30 PM ET,44d ago,home,Atlanta Falcons,4.5,0.0,0.0,48.5,11.0,50.0,170.0,76.0,4.0
2026-09-29T04:27:19,nfl,nfl_20261011_baltimore_ravens_atlanta_falcons,20261011NFL00055,DK,draftkings,change,14,2026-08-12T15:35:00,Aug 12,3:35 PM ET,47d ago,away,Baltimore Ravens,-4.5,100.0,100.0,48.5,89.0,50.0,-205.0,18.0,96.0
2026-09-29T04:27:19,nfl,nfl_20261011_baltimore_ravens_atlanta_falcons,20261011NFL00055,DK,draftkings,change,14,2026-08-12T15:35:00,Aug 12,3:35 PM ET,47d ago,home,Atlanta Falcons,4.5,0.0,0.0,48.5,11.0,50.0,170.0,82.0,4.0
2026-09-29T04:27:19,nfl,nfl_20261011_baltimore_ravens_atlanta_falcons,20261011NFL00055,DK,draftkings,change,15,2026-08-12T15:12:00,Aug 12,3:12 PM ET,47d ago,away,Baltimore Ravens,-4.5,0.0,13.0,48.5,0.0,0.0,-205.0,6.0,17.0
2026-09-29T04:27:19,nfl,nfl_20261011_baltimore_ravens_atlanta_falcons,20261011NFL00055,DK,draftkings,change,15,2026-08-12T15:12:00,Aug 12,3:12 PM ET,47d ago,home,Atlanta Falcons,4.5,100.0,88.0,48.5,100.0,100.0,170.0,94.0,83.0
2026-09-29T04:27:19,nfl,nfl_20261011_baltimore_ravens_atlanta_falcons,20261011NFL00055,DK,draftkings,change,16,2026-06-14T17:20:00,Jun 14,5:20 PM ET,106d ago,away,Baltimore Ravens,-4.5,100.0,100.0,,0.0,0.0,,0.0,0.0
2026-09-29T04:27:19,nfl,nfl_20261011_baltimore_ravens_atlanta_falcons,20261011NFL00055,DK,draftkings,change,16,2026-06-14T17:20:00,Jun 14,5:20 PM ET,106d ago,home,Atlanta Falcons,4.5,0.0,0.0,,0.0,0.0,,0.0,0.0
2026-09-29T04:27:19,nfl,nfl_20261011_baltimore_ravens_atlanta_falcons,20261011NFL00055,DK,draftkings,change,17,2026-06-03T00:45:00,Jun 3,12:45 AM ET,118d ago,away,Baltimore Ravens,-4.5,99.0,54.0,48.5,49.0,50.0,-218.0,46.0,87.0
2026-09-29T04:27:19,nfl,nfl_20261011_baltimore_ravens_atlanta_falcons,20261011NFL00055,DK,draftkings,change,17,2026-06-03T00:45:00,Jun 3,12:45 AM ET,118d ago,home,Atlanta Falcons,4.5,1.0,46.0,48.5,51.0,50.0,180.0,54.0,13.0
2026-09-29T04:27:19,nfl,nfl_20261011_baltimore_ravens_atlanta_falcons,20261011NFL00055,DK,draftkings,change,18,2026-06-03T00:15:00,Jun 3,12:15 AM ET,118d ago,away,Baltimore Ravens,-4.5,99.0,54.0,48.5,49.0,50.0,-218.0,46.0,86.0
2026-09-29T04:27:19,nfl,nfl_20261011_baltimore_ravens_atlanta_falcons,20261011NFL00055,DK,draftkings,change,18,2026-06-03T00:15:00,Jun 3,12:15 AM ET,118d ago,home,Atlanta Falcons,4.5,1.0,46.0,48.5,51.0,50.0,180.0,54.0,14.0
2026-09-29T04:27:19,nfl,nfl_20261011_baltimore_ravens_atlanta_falcons,20261011NFL00055,DK,draftkings,change,19,2026-06-02T21:45:00,Jun 2,9:45 PM ET,118d ago,away,Baltimore Ravens,-4.5,99.0,50.0,48.5,10.0,50.0,-218.0,43.0,86.0
2026-09-29T04:27:19,nfl,nfl_20261011_baltimore_ravens_atlanta_falcons,20261011NFL00055,DK,draftkings,change,19,2026-06-02T21:45:00,Jun 2,9:45 PM ET,118d ago,home,Atlanta Falcons,4.5,1.0,50.0,48.5,90.0,50.0,180.0,57.0,14.0
2026-09-29T04:27:19,nfl,nfl_20261011_baltimore_ravens_atlanta_falcons,20261011NFL00055,DK,draftkings,change,20,2026-06-02T15:00:00,Jun 2,3:00 PM ET,118d ago,away,Baltimore Ravens,-4.5,99.0,50.0,48.5,10.0,50.0,-218.0,43.0,85.0
2026-09-29T04:27:19,nfl,nfl_20261011_baltimore_ravens_atlanta_falcons,20261011NFL00055,DK,draftkings,change,20,2026-06-02T15:00:00,Jun 2,3:00 PM ET,118d ago,home,Atlanta Falcons,4.5,1.0,50.0,48.5,90.0,50.0,180.0,57.0,15.0
2026-09-29T04:27:19,nfl,nfl_20261011_baltimore_ravens_atlanta_falcons,20261011NFL00055,DK,draftkings,change,21,2026-06-01T15:30:00,Jun 1,3:30 PM ET,119d ago,away,Baltimore Ravens,-4.5,99.0,55.0,48.5,10.0,50.0,-218.0,43.0,85.0
2026-09-29T04:27:19,nfl,nfl_20261011_baltimore_ravens_atlanta_falcons,20261011NFL00055,DK,draftkings,change,21,2026-06-01T15:30:00,Jun 1,3:30 PM ET,119d ago,home,Atlanta Falcons,4.5,1.0,45.0,48.5,90.0,50.0,180.0,57.0,15.0
2026-09-29T04:27:19,nfl,nfl_20261011_baltimore_ravens_atlanta_falcons,20261011NFL00055,DK,draftkings,change,22,2026-05-31T20:30:00,May 31,8:30 PM ET,120d ago,away,Baltimore Ravens,-4.5,99.0,55.0,48.5,10.0,50.0,-218.0,42.0,84.0
2026-09-29T04:27:19,nfl,nfl_20261011_baltimore_ravens_atlanta_falcons,20261011NFL00055,DK,draftkings,change,22,2026-05-31T20:30:00,May 31,8:30 PM ET,120d ago,home,Atlanta Falcons,4.5,1.0,45.0,48.5,90.0,50.0,180.0,58.0,16.0
2026-09-29T04:27:19,nfl,nfl_20261011_baltimore_ravens_atlanta_falcons,20261011NFL00055,DK,draftkings,change,23,2026-05-31T12:20:00,May 31,12:20 PM ET,120d ago,away,Baltimore Ravens,-4.5,99.0,55.0,48.5,10.0,50.0,-218.0,42.0,83.0
2026-09-29T04:27:19,nfl,nfl_20261011_baltimore_ravens_atlanta_falcons,20261011NFL00055,DK,draftkings,change,23,2026-05-31T12:20:00,May 31,12:20 PM ET,120d ago,home,Atlanta Falcons,4.5,1.0,45.0,48.5,90.0,50.0,180.0,58.0,17.0
2026-09-29T04:27:19,nfl,nfl_20261011_baltimore_ravens_atlanta_falcons,20261011NFL00055,DK,draftkings,change,24,2026-05-31T00:50:00,May 31,12:50 AM ET,121d ago,away,Baltimore Ravens,-4.5,99.0,55.0,48.5,10.0,50.0,-218.0,42.0,82.0
2026-09-29T04:27:19,nfl,nfl_20261011_baltimore_ravens_atlanta_falcons,20261011NFL00055,DK,draftkings,change,24,2026-05-31T00:50:00,May 31,12:50 AM ET,121d ago,home,Atlanta Falcons,4.5,1.0,45.0,48.5,90.0,50.0,180.0,58.0,18.0
2026-09-29T04:27:19,nfl,nfl_20261011_baltimore_ravens_atlanta_falcons,20261011NFL00055,DK,draftkings,change,25,2026-05-30T19:05:00,May 30,7:05 PM ET,121d ago,away,Baltimore Ravens,-4.5,99.0,60.0,48.5,10.0,50.0,-218.0,42.0,82.0
2026-09-29T04:27:19,nfl,nfl_20261011_baltimore_ravens_atlanta_falcons,20261011NFL00055,DK,draftkings,change,25,2026-05-30T19:05:00,May 30,7:05 PM ET,121d ago,home,Atlanta Falcons,4.5,1.0,40.0,48.5,90.0,50.0,180.0,58.0,18.0
2026-09-29T04:27:19,nfl,nfl_20261011_baltimore_ravens_atlanta_falcons,20261011NFL00055,DK,draftkings,change,26,2026-05-27T22:30:00,May 27,10:30 PM ET,124d ago,away,Baltimore Ravens,-4.5,99.0,60.0,48.5,10.0,50.0,-218.0,42.0,84.0
2026-09-29T04:27:19,nfl,nfl_20261011_baltimore_ravens_atlanta_falcons,20261011NFL00055,DK,draftkings,change,26,2026-05-27T22:30:00,May 27,10:30 PM ET,124d ago,home,Atlanta Falcons,4.5,1.0,40.0,48.5,90.0,50.0,180.0,58.0,16.0
2026-09-29T04:27:19,nfl,nfl_20261011_baltimore_ravens_atlanta_falcons,20261011NFL00055,DK,draftkings,change,27,2026-05-27T13:20:00,May 27,1:20 PM ET,124d ago,away,Baltimore Ravens,-4.5,99.0,56.0,48.5,10.0,50.0,-218.0,42.0,84.0
2026-09-29T04:27:19,nfl,nfl_20261011_baltimore_ravens_atlanta_falcons,20261011NFL00055,DK,draftkings,change,27,2026-05-27T13:20:00,May 27,1:20 PM ET,124d ago,home,Atlanta Falcons,4.5,1.0,44.0,48.5,90.0,50.0,180.0,58.0,16.0
