collected_at,sport,game_id,gamecode,source,book,kind,entry_idx,ts_iso,ts_date,ts_time,ts_rel,side,team,spread,spread_handle_pct,spread_bets_pct,total,total_handle_pct,total_bets_pct,ml,ml_handle_pct,ml_bets_pct
2026-09-24T03:37:10,nfl,nfl_20260924_atlanta_falcons_green_bay_packers,20260924NFL00053,DK,draftkings,open,1,2026-05-14T21:20:00,May 14,9:20 PM ET,132d ago,away,Atlanta Falcons,7.5,17.0,50.0,,0.0,0.0,285.0,0.0,0.0
2026-09-24T03:37:10,nfl,nfl_20260924_atlanta_falcons_green_bay_packers,20260924NFL00053,DK,draftkings,open,1,2026-05-14T21:20:00,May 14,9:20 PM ET,132d ago,home,Green Bay Packers,-7.5,83.0,50.0,,0.0,0.0,-360.0,100.0,100.0
2026-09-24T03:37:10,nfl,nfl_20260924_atlanta_falcons_green_bay_packers,20260924NFL00053,DK,draftkings,first_full,2,2026-05-15T07:25:00,May 15,7:25 AM ET,131d ago,away,Atlanta Falcons,7.5,22.0,60.0,46.5,100.0,100.0,285.0,2.0,9.0
2026-09-24T03:37:10,nfl,nfl_20260924_atlanta_falcons_green_bay_packers,20260924NFL00053,DK,draftkings,first_full,2,2026-05-15T07:25:00,May 15,7:25 AM ET,131d ago,home,Green Bay Packers,-7.5,78.0,40.0,46.5,0.0,0.0,-360.0,98.0,91.0
2026-09-24T03:37:10,nfl,nfl_20260924_atlanta_falcons_green_bay_packers,20260924NFL00053,DK,draftkings,change,3,2026-09-24T03:30:00,Sep 24,3:30 AM ET,6m ago,away,Atlanta Falcons,4.5,39.0,36.0,42.5,66.0,60.0,200.0,69.0,19.0
2026-09-24T03:37:10,nfl,nfl_20260924_atlanta_falcons_green_bay_packers,20260924NFL00053,DK,draftkings,change,3,2026-09-24T03:30:00,Sep 24,3:30 AM ET,6m ago,home,Green Bay Packers,-4.5,61.0,64.0,42.5,34.0,40.0,-245.0,31.0,81.0
2026-09-24T03:37:10,nfl,nfl_20260924_atlanta_falcons_green_bay_packers,20260924NFL00053,DK,draftkings,change,4,2026-09-24T03:10:00,Sep 24,3:10 AM ET,26m ago,away,Atlanta Falcons,4.5,39.0,36.0,42.5,66.0,60.0,200.0,70.0,20.0
2026-09-24T03:37:10,nfl,nfl_20260924_atlanta_falcons_green_bay_packers,20260924NFL00053,DK,draftkings,change,4,2026-09-24T03:10:00,Sep 24,3:10 AM ET,26m ago,home,Green Bay Packers,-4.5,61.0,64.0,42.5,34.0,40.0,-245.0,30.0,80.0
2026-09-24T03:37:10,nfl,nfl_20260924_atlanta_falcons_green_bay_packers,20260924NFL00053,DK,draftkings,change,5,2026-09-24T02:25:00,Sep 24,2:25 AM ET,1h ago,away,Atlanta Falcons,4.5,39.0,36.0,42.5,66.0,60.0,200.0,70.0,19.0
2026-09-24T03:37:10,nfl,nfl_20260924_atlanta_falcons_green_bay_packers,20260924NFL00053,DK,draftkings,change,5,2026-09-24T02:25:00,Sep 24,2:25 AM ET,1h ago,home,Green Bay Packers,-4.5,61.0,64.0,42.5,34.0,40.0,-245.0,30.0,81.0
2026-09-24T03:37:10,nfl,nfl_20260924_atlanta_falcons_green_bay_packers,20260924NFL00053,DK,draftkings,change,6,2026-09-24T01:55:00,Sep 24,1:55 AM ET,1h ago,away,Atlanta Falcons,4.5,38.0,36.0,42.5,66.0,60.0,200.0,69.0,19.0
2026-09-24T03:37:10,nfl,nfl_20260924_atlanta_falcons_green_bay_packers,20260924NFL00053,DK,draftkings,change,6,2026-09-24T01:55:00,Sep 24,1:55 AM ET,1h ago,home,Green Bay Packers,-4.5,62.0,64.0,42.5,34.0,40.0,-245.0,31.0,81.0
2026-09-24T03:37:10,nfl,nfl_20260924_atlanta_falcons_green_bay_packers,20260924NFL00053,DK,draftkings,change,7,2026-09-23T23:50:00,Sep 23,11:50 PM ET,3h ago,away,Atlanta Falcons,5.5,38.0,36.0,42.5,67.0,60.0,200.0,69.0,19.0
2026-09-24T03:37:10,nfl,nfl_20260924_atlanta_falcons_green_bay_packers,20260924NFL00053,DK,draftkings,change,7,2026-09-23T23:50:00,Sep 23,11:50 PM ET,3h ago,home,Green Bay Packers,-5.5,62.0,64.0,42.5,33.0,40.0,-245.0,31.0,81.0
2026-09-24T03:37:10,nfl,nfl_20260924_atlanta_falcons_green_bay_packers,20260924NFL00053,DK,draftkings,change,8,2026-09-23T23:30:00,Sep 23,11:30 PM ET,4h ago,away,Atlanta Falcons,5.5,39.0,36.0,42.5,67.0,60.0,200.0,69.0,19.0
2026-09-24T03:37:10,nfl,nfl_20260924_atlanta_falcons_green_bay_packers,20260924NFL00053,DK,draftkings,change,8,2026-09-23T23:30:00,Sep 23,11:30 PM ET,4h ago,home,Green Bay Packers,-5.5,61.0,64.0,42.5,33.0,40.0,-245.0,31.0,81.0
2026-09-24T03:37:10,nfl,nfl_20260924_atlanta_falcons_green_bay_packers,20260924NFL00053,DK,draftkings,change,9,2026-09-23T23:00:00,Sep 23,11:00 PM ET,4h ago,away,Atlanta Falcons,5.5,37.0,36.0,42.5,67.0,60.0,205.0,69.0,19.0
2026-09-24T03:37:10,nfl,nfl_20260924_atlanta_falcons_green_bay_packers,20260924NFL00053,DK,draftkings,change,9,2026-09-23T23:00:00,Sep 23,11:00 PM ET,4h ago,home,Green Bay Packers,-5.5,63.0,64.0,42.5,33.0,40.0,-250.0,31.0,81.0
2026-09-24T03:37:10,nfl,nfl_20260924_atlanta_falcons_green_bay_packers,20260924NFL00053,DK,draftkings,change,10,2026-09-23T22:35:00,Sep 23,10:35 PM ET,5h ago,away,Atlanta Falcons,5.5,37.0,36.0,42.5,67.0,59.0,205.0,69.0,19.0
2026-09-24T03:37:10,nfl,nfl_20260924_atlanta_falcons_green_bay_packers,20260924NFL00053,DK,draftkings,change,10,2026-09-23T22:35:00,Sep 23,10:35 PM ET,5h ago,home,Green Bay Packers,-5.5,63.0,64.0,42.5,33.0,41.0,-250.0,31.0,81.0
2026-09-24T03:37:10,nfl,nfl_20260924_atlanta_falcons_green_bay_packers,20260924NFL00053,DK,draftkings,change,11,2026-09-23T22:30:00,Sep 23,10:30 PM ET,5h ago,away,Atlanta Falcons,5.5,39.0,35.0,42.5,67.0,59.0,205.0,69.0,19.0
2026-09-24T03:37:10,nfl,nfl_20260924_atlanta_falcons_green_bay_packers,20260924NFL00053,DK,draftkings,change,11,2026-09-23T22:30:00,Sep 23,10:30 PM ET,5h ago,home,Green Bay Packers,-5.5,61.0,65.0,42.5,33.0,41.0,-250.0,31.0,81.0
2026-09-24T03:37:10,nfl,nfl_20260924_atlanta_falcons_green_bay_packers,20260924NFL00053,DK,draftkings,change,12,2026-09-23T22:20:00,Sep 23,10:20 PM ET,5h ago,away,Atlanta Falcons,5.5,39.0,35.0,42.5,67.0,60.0,205.0,69.0,19.0
2026-09-24T03:37:10,nfl,nfl_20260924_atlanta_falcons_green_bay_packers,20260924NFL00053,DK,draftkings,change,12,2026-09-23T22:20:00,Sep 23,10:20 PM ET,5h ago,home,Green Bay Packers,-5.5,61.0,65.0,42.5,33.0,40.0,-250.0,31.0,81.0
2026-09-24T03:37:10,nfl,nfl_20260924_atlanta_falcons_green_bay_packers,20260924NFL00053,DK,draftkings,change,13,2026-09-23T20:55:00,Sep 23,8:55 PM ET,6h ago,away,Atlanta Falcons,5.5,39.0,35.0,42.5,67.0,59.0,205.0,69.0,19.0
2026-09-24T03:37:10,nfl,nfl_20260924_atlanta_falcons_green_bay_packers,20260924NFL00053,DK,draftkings,change,13,2026-09-23T20:55:00,Sep 23,8:55 PM ET,6h ago,home,Green Bay Packers,-5.5,61.0,65.0,42.5,33.0,41.0,-250.0,31.0,81.0
2026-09-24T03:37:10,nfl,nfl_20260924_atlanta_falcons_green_bay_packers,20260924NFL00053,DK,draftkings,change,14,2026-09-23T20:20:00,Sep 23,8:20 PM ET,7h ago,away,Atlanta Falcons,5.5,39.0,35.0,42.5,67.0,59.0,205.0,70.0,19.0
2026-09-24T03:37:10,nfl,nfl_20260924_atlanta_falcons_green_bay_packers,20260924NFL00053,DK,draftkings,change,14,2026-09-23T20:20:00,Sep 23,8:20 PM ET,7h ago,home,Green Bay Packers,-5.5,61.0,65.0,42.5,33.0,41.0,-250.0,30.0,81.0
2026-09-24T03:37:10,nfl,nfl_20260924_atlanta_falcons_green_bay_packers,20260924NFL00053,DK,draftkings,change,15,2026-09-23T20:00:00,Sep 23,8:00 PM ET,7h ago,away,Atlanta Falcons,5.5,39.0,35.0,42.5,66.0,58.0,205.0,70.0,19.0
2026-09-24T03:37:10,nfl,nfl_20260924_atlanta_falcons_green_bay_packers,20260924NFL00053,DK,draftkings,change,15,2026-09-23T20:00:00,Sep 23,8:00 PM ET,7h ago,home,Green Bay Packers,-5.5,61.0,65.0,42.5,34.0,42.0,-250.0,30.0,81.0
2026-09-24T03:37:10,nfl,nfl_20260924_atlanta_falcons_green_bay_packers,20260924NFL00053,DK,draftkings,change,16,2026-09-23T19:50:00,Sep 23,7:50 PM ET,7h ago,away,Atlanta Falcons,5.5,39.0,35.0,42.5,66.0,57.0,205.0,70.0,19.0
2026-09-24T03:37:10,nfl,nfl_20260924_atlanta_falcons_green_bay_packers,20260924NFL00053,DK,draftkings,change,16,2026-09-23T19:50:00,Sep 23,7:50 PM ET,7h ago,home,Green Bay Packers,-5.5,61.0,65.0,42.5,34.0,43.0,-250.0,30.0,81.0
2026-09-24T03:37:10,nfl,nfl_20260924_atlanta_falcons_green_bay_packers,20260924NFL00053,DK,draftkings,change,17,2026-09-23T18:50:00,Sep 23,6:50 PM ET,8h ago,away,Atlanta Falcons,5.5,35.0,35.0,42.5,66.0,57.0,205.0,70.0,19.0
2026-09-24T03:37:10,nfl,nfl_20260924_atlanta_falcons_green_bay_packers,20260924NFL00053,DK,draftkings,change,17,2026-09-23T18:50:00,Sep 23,6:50 PM ET,8h ago,home,Green Bay Packers,-5.5,65.0,65.0,42.5,34.0,43.0,-250.0,30.0,81.0
2026-09-24T03:37:10,nfl,nfl_20260924_atlanta_falcons_green_bay_packers,20260924NFL00053,DK,draftkings,change,18,2026-09-23T18:30:00,Sep 23,6:30 PM ET,9h ago,away,Atlanta Falcons,5.5,35.0,35.0,42.5,64.0,57.0,205.0,70.0,19.0
2026-09-24T03:37:10,nfl,nfl_20260924_atlanta_falcons_green_bay_packers,20260924NFL00053,DK,draftkings,change,18,2026-09-23T18:30:00,Sep 23,6:30 PM ET,9h ago,home,Green Bay Packers,-5.5,65.0,65.0,42.5,36.0,43.0,-250.0,30.0,81.0
2026-09-24T03:37:10,nfl,nfl_20260924_atlanta_falcons_green_bay_packers,20260924NFL00053,DK,draftkings,change,19,2026-09-23T18:10:00,Sep 23,6:10 PM ET,9h ago,away,Atlanta Falcons,5.5,35.0,35.0,42.5,64.0,57.0,205.0,71.0,19.0
2026-09-24T03:37:10,nfl,nfl_20260924_atlanta_falcons_green_bay_packers,20260924NFL00053,DK,draftkings,change,19,2026-09-23T18:10:00,Sep 23,6:10 PM ET,9h ago,home,Green Bay Packers,-5.5,65.0,65.0,42.5,36.0,43.0,-250.0,29.0,81.0
2026-09-24T03:37:10,nfl,nfl_20260924_atlanta_falcons_green_bay_packers,20260924NFL00053,DK,draftkings,change,20,2026-09-23T17:40:00,Sep 23,5:40 PM ET,9h ago,away,Atlanta Falcons,5.5,35.0,35.0,42.5,64.0,56.0,205.0,71.0,19.0
2026-09-24T03:37:10,nfl,nfl_20260924_atlanta_falcons_green_bay_packers,20260924NFL00053,DK,draftkings,change,20,2026-09-23T17:40:00,Sep 23,5:40 PM ET,9h ago,home,Green Bay Packers,-5.5,65.0,65.0,42.5,36.0,44.0,-250.0,29.0,81.0
2026-09-24T03:37:10,nfl,nfl_20260924_atlanta_falcons_green_bay_packers,20260924NFL00053,DK,draftkings,change,21,2026-09-23T17:20:00,Sep 23,5:20 PM ET,10h ago,away,Atlanta Falcons,5.5,34.0,34.0,42.5,62.0,56.0,205.0,71.0,19.0
2026-09-24T03:37:10,nfl,nfl_20260924_atlanta_falcons_green_bay_packers,20260924NFL00053,DK,draftkings,change,21,2026-09-23T17:20:00,Sep 23,5:20 PM ET,10h ago,home,Green Bay Packers,-5.5,66.0,66.0,42.5,38.0,44.0,-250.0,29.0,81.0
2026-09-24T03:37:10,nfl,nfl_20260924_atlanta_falcons_green_bay_packers,20260924NFL00053,DK,draftkings,change,22,2026-09-23T16:10:00,Sep 23,4:10 PM ET,11h ago,away,Atlanta Falcons,4.5,34.0,34.0,42.5,62.0,55.0,190.0,69.0,19.0
2026-09-24T03:37:10,nfl,nfl_20260924_atlanta_falcons_green_bay_packers,20260924NFL00053,DK,draftkings,change,22,2026-09-23T16:10:00,Sep 23,4:10 PM ET,11h ago,home,Green Bay Packers,-4.5,66.0,66.0,42.5,38.0,45.0,-230.0,31.0,81.0
2026-09-24T03:37:10,nfl,nfl_20260924_atlanta_falcons_green_bay_packers,20260924NFL00053,DK,draftkings,change,23,2026-09-23T15:55:00,Sep 23,3:55 PM ET,11h ago,away,Atlanta Falcons,4.5,34.0,34.0,42.5,62.0,55.0,210.0,68.0,19.0
2026-09-24T03:37:10,nfl,nfl_20260924_atlanta_falcons_green_bay_packers,20260924NFL00053,DK,draftkings,change,23,2026-09-23T15:55:00,Sep 23,3:55 PM ET,11h ago,home,Green Bay Packers,-4.5,66.0,66.0,42.5,38.0,45.0,-258.0,32.0,81.0
2026-09-24T03:37:10,nfl,nfl_20260924_atlanta_falcons_green_bay_packers,20260924NFL00053,DK,draftkings,change,24,2026-09-23T15:45:00,Sep 23,3:45 PM ET,11h ago,away,Atlanta Falcons,4.5,34.0,33.0,42.5,62.0,55.0,210.0,68.0,19.0
2026-09-24T03:37:10,nfl,nfl_20260924_atlanta_falcons_green_bay_packers,20260924NFL00053,DK,draftkings,change,24,2026-09-23T15:45:00,Sep 23,3:45 PM ET,11h ago,home,Green Bay Packers,-4.5,66.0,67.0,42.5,38.0,45.0,-258.0,32.0,81.0
2026-09-24T03:37:10,nfl,nfl_20260924_atlanta_falcons_green_bay_packers,20260924NFL00053,DK,draftkings,change,25,2026-09-23T15:35:00,Sep 23,3:35 PM ET,12h ago,away,Atlanta Falcons,4.5,34.0,33.0,42.5,62.0,55.0,210.0,69.0,19.0
2026-09-24T03:37:10,nfl,nfl_20260924_atlanta_falcons_green_bay_packers,20260924NFL00053,DK,draftkings,change,25,2026-09-23T15:35:00,Sep 23,3:35 PM ET,12h ago,home,Green Bay Packers,-4.5,66.0,67.0,42.5,38.0,45.0,-258.0,31.0,81.0
2026-09-24T03:37:10,nfl,nfl_20260924_atlanta_falcons_green_bay_packers,20260924NFL00053,DK,draftkings,change,26,2026-09-23T15:20:00,Sep 23,3:20 PM ET,12h ago,away,Atlanta Falcons,4.5,34.0,34.0,42.5,62.0,55.0,210.0,68.0,19.0
2026-09-24T03:37:10,nfl,nfl_20260924_atlanta_falcons_green_bay_packers,20260924NFL00053,DK,draftkings,change,26,2026-09-23T15:20:00,Sep 23,3:20 PM ET,12h ago,home,Green Bay Packers,-4.5,66.0,66.0,42.5,38.0,45.0,-258.0,32.0,81.0
2026-09-24T03:37:10,nfl,nfl_20260924_atlanta_falcons_green_bay_packers,20260924NFL00053,DK,draftkings,change,27,2026-09-23T15:10:00,Sep 23,3:10 PM ET,12h ago,away,Atlanta Falcons,4.5,34.0,34.0,42.5,62.0,56.0,210.0,68.0,19.0
2026-09-24T03:37:10,nfl,nfl_20260924_atlanta_falcons_green_bay_packers,20260924NFL00053,DK,draftkings,change,27,2026-09-23T15:10:00,Sep 23,3:10 PM ET,12h ago,home,Green Bay Packers,-4.5,66.0,66.0,42.5,38.0,44.0,-258.0,32.0,81.0
2026-09-24T03:37:11,nfl,nfl_20260924_atlanta_falcons_green_bay_packers,20260924NFL00053,CIRCA,circa,open,1,2026-09-20T20:55:00,Sep 20,8:55 PM ET,3d ago,away,Atlanta Falcons,6.5,50.0,50.0,45.0,50.0,50.0,245.0,50.0,50.0
2026-09-24T03:37:11,nfl,nfl_20260924_atlanta_falcons_green_bay_packers,20260924NFL00053,CIRCA,circa,open,1,2026-09-20T20:55:00,Sep 20,8:55 PM ET,3d ago,home,Green Bay Packers,-6.5,50.0,50.0,45.0,50.0,50.0,-290.0,50.0,50.0
2026-09-24T03:37:11,nfl,nfl_20260924_atlanta_falcons_green_bay_packers,20260924NFL00053,CIRCA,circa,change,2,2026-09-24T01:40:00,Sep 24,1:40 AM ET,1h ago,away,Atlanta Falcons,4.5,72.0,28.0,43.0,57.0,57.0,200.0,1.0,50.0
2026-09-24T03:37:11,nfl,nfl_20260924_atlanta_falcons_green_bay_packers,20260924NFL00053,CIRCA,circa,change,2,2026-09-24T01:40:00,Sep 24,1:40 AM ET,1h ago,home,Green Bay Packers,-4.5,28.0,72.0,43.0,43.0,43.0,-235.0,99.0,50.0
2026-09-24T03:37:11,nfl,nfl_20260924_atlanta_falcons_green_bay_packers,20260924NFL00053,CIRCA,circa,change,3,2026-09-24T01:15:00,Sep 24,1:15 AM ET,2h ago,away,Atlanta Falcons,4.5,71.0,27.0,43.0,57.0,57.0,200.0,1.0,50.0
2026-09-24T03:37:11,nfl,nfl_20260924_atlanta_falcons_green_bay_packers,20260924NFL00053,CIRCA,circa,change,3,2026-09-24T01:15:00,Sep 24,1:15 AM ET,2h ago,home,Green Bay Packers,-4.5,29.0,73.0,43.0,43.0,43.0,-235.0,99.0,50.0
2026-09-24T03:37:11,nfl,nfl_20260924_atlanta_falcons_green_bay_packers,20260924NFL00053,CIRCA,circa,change,4,2026-09-24T00:20:00,Sep 24,12:20 AM ET,3h ago,away,Atlanta Falcons,4.5,72.0,28.0,43.0,57.0,57.0,200.0,1.0,50.0
2026-09-24T03:37:11,nfl,nfl_20260924_atlanta_falcons_green_bay_packers,20260924NFL00053,CIRCA,circa,change,4,2026-09-24T00:20:00,Sep 24,12:20 AM ET,3h ago,home,Green Bay Packers,-4.5,28.0,72.0,43.0,43.0,43.0,-235.0,99.0,50.0
2026-09-24T03:37:11,nfl,nfl_20260924_atlanta_falcons_green_bay_packers,20260924NFL00053,CIRCA,circa,change,5,2026-09-23T23:05:00,Sep 23,11:05 PM ET,4h ago,away,Atlanta Falcons,4.5,72.0,28.0,43.0,57.0,57.0,200.0,1.0,55.0
2026-09-24T03:37:11,nfl,nfl_20260924_atlanta_falcons_green_bay_packers,20260924NFL00053,CIRCA,circa,change,5,2026-09-23T23:05:00,Sep 23,11:05 PM ET,4h ago,home,Green Bay Packers,-4.5,28.0,72.0,43.0,43.0,43.0,-235.0,99.0,45.0
2026-09-24T03:37:11,nfl,nfl_20260924_atlanta_falcons_green_bay_packers,20260924NFL00053,CIRCA,circa,change,6,2026-09-23T23:00:00,Sep 23,11:00 PM ET,4h ago,away,Atlanta Falcons,4.5,72.0,27.0,43.0,57.0,55.0,200.0,1.0,55.0
2026-09-24T03:37:11,nfl,nfl_20260924_atlanta_falcons_green_bay_packers,20260924NFL00053,CIRCA,circa,change,6,2026-09-23T23:00:00,Sep 23,11:00 PM ET,4h ago,home,Green Bay Packers,-4.5,28.0,73.0,43.0,43.0,45.0,-235.0,99.0,45.0
2026-09-24T03:37:11,nfl,nfl_20260924_atlanta_falcons_green_bay_packers,20260924NFL00053,CIRCA,circa,change,7,2026-09-23T22:55:00,Sep 23,10:55 PM ET,4h ago,away,Atlanta Falcons,4.5,72.0,28.0,43.0,57.0,55.0,200.0,1.0,55.0
2026-09-24T03:37:11,nfl,nfl_20260924_atlanta_falcons_green_bay_packers,20260924NFL00053,CIRCA,circa,change,7,2026-09-23T22:55:00,Sep 23,10:55 PM ET,4h ago,home,Green Bay Packers,-4.5,28.0,72.0,43.0,43.0,45.0,-235.0,99.0,45.0
2026-09-24T03:37:11,nfl,nfl_20260924_atlanta_falcons_green_bay_packers,20260924NFL00053,CIRCA,circa,change,8,2026-09-23T22:46:00,Sep 23,10:46 PM ET,4h ago,away,Atlanta Falcons,4.5,72.0,27.0,43.0,57.0,55.0,200.0,1.0,55.0
2026-09-24T03:37:11,nfl,nfl_20260924_atlanta_falcons_green_bay_packers,20260924NFL00053,CIRCA,circa,change,8,2026-09-23T22:46:00,Sep 23,10:46 PM ET,4h ago,home,Green Bay Packers,-4.5,28.0,73.0,43.0,43.0,45.0,-235.0,99.0,45.0
2026-09-24T03:37:11,nfl,nfl_20260924_atlanta_falcons_green_bay_packers,20260924NFL00053,CIRCA,circa,change,9,2026-09-23T22:40:00,Sep 23,10:40 PM ET,4h ago,away,Atlanta Falcons,4.5,71.0,25.0,43.0,57.0,55.0,200.0,1.0,55.0
2026-09-24T03:37:11,nfl,nfl_20260924_atlanta_falcons_green_bay_packers,20260924NFL00053,CIRCA,circa,change,9,2026-09-23T22:40:00,Sep 23,10:40 PM ET,4h ago,home,Green Bay Packers,-4.5,29.0,75.0,43.0,43.0,45.0,-235.0,99.0,45.0
2026-09-24T03:37:11,nfl,nfl_20260924_atlanta_falcons_green_bay_packers,20260924NFL00053,CIRCA,circa,change,10,2026-09-23T22:35:00,Sep 23,10:35 PM ET,5h ago,away,Atlanta Falcons,4.5,71.0,25.0,43.0,58.0,58.0,200.0,1.0,55.0
2026-09-24T03:37:11,nfl,nfl_20260924_atlanta_falcons_green_bay_packers,20260924NFL00053,CIRCA,circa,change,10,2026-09-23T22:35:00,Sep 23,10:35 PM ET,5h ago,home,Green Bay Packers,-4.5,29.0,75.0,43.0,42.0,42.0,-235.0,99.0,45.0
2026-09-24T03:37:11,nfl,nfl_20260924_atlanta_falcons_green_bay_packers,20260924NFL00053,CIRCA,circa,change,11,2026-09-23T22:20:00,Sep 23,10:20 PM ET,5h ago,away,Atlanta Falcons,4.5,70.0,24.0,43.0,58.0,58.0,200.0,1.0,55.0
2026-09-24T03:37:11,nfl,nfl_20260924_atlanta_falcons_green_bay_packers,20260924NFL00053,CIRCA,circa,change,11,2026-09-23T22:20:00,Sep 23,10:20 PM ET,5h ago,home,Green Bay Packers,-4.5,30.0,76.0,43.0,42.0,42.0,-235.0,99.0,45.0
2026-09-24T03:37:11,nfl,nfl_20260924_atlanta_falcons_green_bay_packers,20260924NFL00053,CIRCA,circa,change,12,2026-09-23T21:50:00,Sep 23,9:50 PM ET,5h ago,away,Atlanta Falcons,4.5,70.0,25.0,43.0,58.0,58.0,200.0,1.0,55.0
2026-09-24T03:37:11,nfl,nfl_20260924_atlanta_falcons_green_bay_packers,20260924NFL00053,CIRCA,circa,change,12,2026-09-23T21:50:00,Sep 23,9:50 PM ET,5h ago,home,Green Bay Packers,-4.5,30.0,75.0,43.0,42.0,42.0,-235.0,99.0,45.0
2026-09-24T03:37:11,nfl,nfl_20260924_atlanta_falcons_green_bay_packers,20260924NFL00053,CIRCA,circa,change,13,2026-09-23T21:35:00,Sep 23,9:35 PM ET,6h ago,away,Atlanta Falcons,4.5,70.0,25.0,43.0,58.0,56.0,200.0,1.0,67.0
2026-09-24T03:37:11,nfl,nfl_20260924_atlanta_falcons_green_bay_packers,20260924NFL00053,CIRCA,circa,change,13,2026-09-23T21:35:00,Sep 23,9:35 PM ET,6h ago,home,Green Bay Packers,-4.5,30.0,75.0,43.0,42.0,44.0,-235.0,99.0,33.0
2026-09-24T03:37:11,nfl,nfl_20260924_atlanta_falcons_green_bay_packers,20260924NFL00053,CIRCA,circa,change,14,2026-09-23T21:25:00,Sep 23,9:25 PM ET,6h ago,away,Atlanta Falcons,4.5,70.0,25.0,43.0,58.0,56.0,200.0,1.0,63.0
2026-09-24T03:37:11,nfl,nfl_20260924_atlanta_falcons_green_bay_packers,20260924NFL00053,CIRCA,circa,change,14,2026-09-23T21:25:00,Sep 23,9:25 PM ET,6h ago,home,Green Bay Packers,-4.5,30.0,75.0,43.0,42.0,44.0,-235.0,99.0,38.0
2026-09-24T03:37:11,nfl,nfl_20260924_atlanta_falcons_green_bay_packers,20260924NFL00053,CIRCA,circa,change,15,2026-09-23T21:05:00,Sep 23,9:05 PM ET,6h ago,away,Atlanta Falcons,4.5,71.0,25.0,43.0,58.0,56.0,200.0,1.0,63.0
2026-09-24T03:37:11,nfl,nfl_20260924_atlanta_falcons_green_bay_packers,20260924NFL00053,CIRCA,circa,change,15,2026-09-23T21:05:00,Sep 23,9:05 PM ET,6h ago,home,Green Bay Packers,-4.5,29.0,75.0,43.0,42.0,44.0,-235.0,99.0,38.0
2026-09-24T03:37:11,nfl,nfl_20260924_atlanta_falcons_green_bay_packers,20260924NFL00053,CIRCA,circa,change,16,2026-09-23T19:15:00,Sep 23,7:15 PM ET,8h ago,away,Atlanta Falcons,4.5,71.0,26.0,43.0,58.0,56.0,200.0,1.0,63.0
2026-09-24T03:37:11,nfl,nfl_20260924_atlanta_falcons_green_bay_packers,20260924NFL00053,CIRCA,circa,change,16,2026-09-23T19:15:00,Sep 23,7:15 PM ET,8h ago,home,Green Bay Packers,-4.5,29.0,74.0,43.0,42.0,44.0,-235.0,99.0,38.0
2026-09-24T03:37:11,nfl,nfl_20260924_atlanta_falcons_green_bay_packers,20260924NFL00053,CIRCA,circa,change,17,2026-09-23T18:30:00,Sep 23,6:30 PM ET,9h ago,away,Atlanta Falcons,4.5,71.0,25.0,43.0,58.0,56.0,200.0,1.0,63.0
2026-09-24T03:37:11,nfl,nfl_20260924_atlanta_falcons_green_bay_packers,20260924NFL00053,CIRCA,circa,change,17,2026-09-23T18:30:00,Sep 23,6:30 PM ET,9h ago,home,Green Bay Packers,-4.5,29.0,75.0,43.0,42.0,44.0,-235.0,99.0,38.0
2026-09-24T03:37:11,nfl,nfl_20260924_atlanta_falcons_green_bay_packers,20260924NFL00053,CIRCA,circa,change,18,2026-09-23T18:15:00,Sep 23,6:15 PM ET,9h ago,away,Atlanta Falcons,4.5,71.0,26.0,43.0,58.0,56.0,200.0,1.0,63.0
2026-09-24T03:37:11,nfl,nfl_20260924_atlanta_falcons_green_bay_packers,20260924NFL00053,CIRCA,circa,change,18,2026-09-23T18:15:00,Sep 23,6:15 PM ET,9h ago,home,Green Bay Packers,-4.5,29.0,74.0,43.0,42.0,44.0,-235.0,99.0,38.0
2026-09-24T03:37:11,nfl,nfl_20260924_atlanta_falcons_green_bay_packers,20260924NFL00053,CIRCA,circa,change,19,2026-09-23T17:20:00,Sep 23,5:20 PM ET,10h ago,away,Atlanta Falcons,4.5,71.0,27.0,43.0,58.0,56.0,200.0,1.0,63.0
2026-09-24T03:37:11,nfl,nfl_20260924_atlanta_falcons_green_bay_packers,20260924NFL00053,CIRCA,circa,change,19,2026-09-23T17:20:00,Sep 23,5:20 PM ET,10h ago,home,Green Bay Packers,-4.5,29.0,73.0,43.0,42.0,44.0,-235.0,99.0,38.0
2026-09-24T03:37:11,nfl,nfl_20260924_atlanta_falcons_green_bay_packers,20260924NFL00053,CIRCA,circa,change,20,2026-09-23T17:15:00,Sep 23,5:15 PM ET,10h ago,away,Atlanta Falcons,4.5,71.0,28.0,43.0,58.0,56.0,200.0,1.0,63.0
2026-09-24T03:37:11,nfl,nfl_20260924_atlanta_falcons_green_bay_packers,20260924NFL00053,CIRCA,circa,change,20,2026-09-23T17:15:00,Sep 23,5:15 PM ET,10h ago,home,Green Bay Packers,-4.5,29.0,72.0,43.0,42.0,44.0,-235.0,99.0,38.0
2026-09-24T03:37:11,nfl,nfl_20260924_atlanta_falcons_green_bay_packers,20260924NFL00053,CIRCA,circa,change,21,2026-09-23T17:00:00,Sep 23,5:00 PM ET,10h ago,away,Atlanta Falcons,4.5,71.0,28.0,43.0,58.0,53.0,200.0,1.0,63.0
2026-09-24T03:37:11,nfl,nfl_20260924_atlanta_falcons_green_bay_packers,20260924NFL00053,CIRCA,circa,change,21,2026-09-23T17:00:00,Sep 23,5:00 PM ET,10h ago,home,Green Bay Packers,-4.5,29.0,72.0,43.0,42.0,47.0,-235.0,99.0,38.0
2026-09-24T03:37:11,nfl,nfl_20260924_atlanta_falcons_green_bay_packers,20260924NFL00053,CIRCA,circa,change,22,2026-09-23T16:30:00,Sep 23,4:30 PM ET,11h ago,away,Atlanta Falcons,4.5,71.0,28.0,43.0,58.0,53.0,200.0,1.0,71.0
2026-09-24T03:37:11,nfl,nfl_20260924_atlanta_falcons_green_bay_packers,20260924NFL00053,CIRCA,circa,change,22,2026-09-23T16:30:00,Sep 23,4:30 PM ET,11h ago,home,Green Bay Packers,-4.5,29.0,72.0,43.0,42.0,47.0,-235.0,99.0,29.0
2026-09-24T03:37:11,nfl,nfl_20260924_atlanta_falcons_green_bay_packers,20260924NFL00053,CIRCA,circa,change,23,2026-09-23T15:10:00,Sep 23,3:10 PM ET,12h ago,away,Atlanta Falcons,4.5,71.0,28.0,43.0,58.0,53.0,200.0,0.0,67.0
2026-09-24T03:37:11,nfl,nfl_20260924_atlanta_falcons_green_bay_packers,20260924NFL00053,CIRCA,circa,change,23,2026-09-23T15:10:00,Sep 23,3:10 PM ET,12h ago,home,Green Bay Packers,-4.5,29.0,72.0,43.0,42.0,47.0,-235.0,100.0,33.0
2026-09-24T03:37:11,nfl,nfl_20260924_atlanta_falcons_green_bay_packers,20260924NFL00053,CIRCA,circa,change,24,2026-09-23T15:00:00,Sep 23,3:00 PM ET,12h ago,away,Atlanta Falcons,4.5,71.0,29.0,43.0,57.0,50.0,200.0,0.0,67.0
2026-09-24T03:37:11,nfl,nfl_20260924_atlanta_falcons_green_bay_packers,20260924NFL00053,CIRCA,circa,change,24,2026-09-23T15:00:00,Sep 23,3:00 PM ET,12h ago,home,Green Bay Packers,-4.5,29.0,71.0,43.0,43.0,50.0,-235.0,100.0,33.0
2026-09-24T03:37:11,nfl,nfl_20260924_atlanta_falcons_green_bay_packers,20260924NFL00053,CIRCA,circa,change,25,2026-09-23T14:55:00,Sep 23,2:55 PM ET,12h ago,away,Atlanta Falcons,4.5,71.0,30.0,43.0,57.0,50.0,200.0,0.0,67.0
2026-09-24T03:37:11,nfl,nfl_20260924_atlanta_falcons_green_bay_packers,20260924NFL00053,CIRCA,circa,change,25,2026-09-23T14:55:00,Sep 23,2:55 PM ET,12h ago,home,Green Bay Packers,-4.5,29.0,70.0,43.0,43.0,50.0,-235.0,100.0,33.0
2026-09-24T03:37:11,nfl,nfl_20260924_atlanta_falcons_green_bay_packers,20260924NFL00053,CIRCA,circa,change,26,2026-09-23T14:40:00,Sep 23,2:40 PM ET,12h ago,away,Atlanta Falcons,4.0,96.0,30.0,43.0,57.0,50.0,200.0,0.0,67.0
2026-09-24T03:37:11,nfl,nfl_20260924_atlanta_falcons_green_bay_packers,20260924NFL00053,CIRCA,circa,change,26,2026-09-23T14:40:00,Sep 23,2:40 PM ET,12h ago,home,Green Bay Packers,-4.0,4.0,70.0,43.0,43.0,50.0,-235.0,100.0,33.0
2026-09-24T03:37:12,nfl,nfl_20260927_los_angeles_chargers_buffalo_bills,20260927NFL00031,DK,draftkings,open,1,2026-05-14T21:20:00,May 14,9:20 PM ET,132d ago,away,Los Angeles Chargers,2.5,0.0,0.0,,0.0,0.0,,0.0,0.0
2026-09-24T03:37:12,nfl,nfl_20260927_los_angeles_chargers_buffalo_bills,20260927NFL00031,DK,draftkings,open,1,2026-05-14T21:20:00,May 14,9:20 PM ET,132d ago,home,Buffalo Bills,-2.5,100.0,100.0,,0.0,0.0,,0.0,0.0
2026-09-24T03:37:12,nfl,nfl_20260927_los_angeles_chargers_buffalo_bills,20260927NFL00031,DK,draftkings,first_full,2,2026-09-16T11:20:00,Sep 16,11:20 AM ET,7d ago,away,Los Angeles Chargers,4.5,1.0,77.0,49.5,100.0,100.0,180.0,20.0,9.0
2026-09-24T03:37:12,nfl,nfl_20260927_los_angeles_chargers_buffalo_bills,20260927NFL00031,DK,draftkings,first_full,2,2026-09-16T11:20:00,Sep 16,11:20 AM ET,7d ago,home,Buffalo Bills,-4.5,99.0,23.0,49.5,0.0,0.0,-218.0,80.0,91.0
2026-09-24T03:37:12,nfl,nfl_20260927_los_angeles_chargers_buffalo_bills,20260927NFL00031,DK,draftkings,change,3,2026-09-23T23:40:00,Sep 23,11:40 PM ET,3h ago,away,Los Angeles Chargers,7.0,14.0,16.0,50.5,89.0,67.0,275.0,8.0,9.0
2026-09-24T03:37:12,nfl,nfl_20260927_los_angeles_chargers_buffalo_bills,20260927NFL00031,DK,draftkings,change,3,2026-09-23T23:40:00,Sep 23,11:40 PM ET,3h ago,home,Buffalo Bills,-7.0,86.0,84.0,50.5,11.0,33.0,-345.0,92.0,91.0
2026-09-24T03:37:12,nfl,nfl_20260927_los_angeles_chargers_buffalo_bills,20260927NFL00031,DK,draftkings,change,4,2026-09-23T21:35:00,Sep 23,9:35 PM ET,6h ago,away,Los Angeles Chargers,7.0,14.0,16.0,50.5,90.0,67.0,275.0,8.0,9.0
2026-09-24T03:37:12,nfl,nfl_20260927_los_angeles_chargers_buffalo_bills,20260927NFL00031,DK,draftkings,change,4,2026-09-23T21:35:00,Sep 23,9:35 PM ET,6h ago,home,Buffalo Bills,-7.0,86.0,84.0,50.5,10.0,33.0,-345.0,92.0,91.0
2026-09-24T03:37:12,nfl,nfl_20260927_los_angeles_chargers_buffalo_bills,20260927NFL00031,DK,draftkings,change,5,2026-09-23T21:30:00,Sep 23,9:30 PM ET,6h ago,away,Los Angeles Chargers,7.0,14.0,16.0,50.5,90.0,66.0,275.0,8.0,9.0
2026-09-24T03:37:12,nfl,nfl_20260927_los_angeles_chargers_buffalo_bills,20260927NFL00031,DK,draftkings,change,5,2026-09-23T21:30:00,Sep 23,9:30 PM ET,6h ago,home,Buffalo Bills,-7.0,86.0,84.0,50.5,10.0,34.0,-345.0,92.0,91.0
2026-09-24T03:37:12,nfl,nfl_20260927_los_angeles_chargers_buffalo_bills,20260927NFL00031,DK,draftkings,change,6,2026-09-23T21:20:00,Sep 23,9:20 PM ET,6h ago,away,Los Angeles Chargers,7.0,14.0,16.0,50.5,90.0,67.0,275.0,8.0,9.0
2026-09-24T03:37:12,nfl,nfl_20260927_los_angeles_chargers_buffalo_bills,20260927NFL00031,DK,draftkings,change,6,2026-09-23T21:20:00,Sep 23,9:20 PM ET,6h ago,home,Buffalo Bills,-7.0,86.0,84.0,50.5,10.0,33.0,-345.0,92.0,91.0
2026-09-24T03:37:12,nfl,nfl_20260927_los_angeles_chargers_buffalo_bills,20260927NFL00031,DK,draftkings,change,7,2026-09-23T14:10:00,Sep 23,2:10 PM ET,13h ago,away,Los Angeles Chargers,7.0,14.0,16.0,50.5,90.0,66.0,275.0,8.0,9.0
2026-09-24T03:37:12,nfl,nfl_20260927_los_angeles_chargers_buffalo_bills,20260927NFL00031,DK,draftkings,change,7,2026-09-23T14:10:00,Sep 23,2:10 PM ET,13h ago,home,Buffalo Bills,-7.0,86.0,84.0,50.5,10.0,34.0,-345.0,92.0,91.0
2026-09-24T03:37:12,nfl,nfl_20260927_los_angeles_chargers_buffalo_bills,20260927NFL00031,DK,draftkings,change,8,2026-09-23T12:55:00,Sep 23,12:55 PM ET,14h ago,away,Los Angeles Chargers,7.0,14.0,16.0,50.5,90.0,65.0,275.0,8.0,9.0
2026-09-24T03:37:12,nfl,nfl_20260927_los_angeles_chargers_buffalo_bills,20260927NFL00031,DK,draftkings,change,8,2026-09-23T12:55:00,Sep 23,12:55 PM ET,14h ago,home,Buffalo Bills,-7.0,86.0,84.0,50.5,10.0,35.0,-345.0,92.0,91.0
2026-09-24T03:37:12,nfl,nfl_20260927_los_angeles_chargers_buffalo_bills,20260927NFL00031,DK,draftkings,change,9,2026-09-23T12:35:00,Sep 23,12:35 PM ET,15h ago,away,Los Angeles Chargers,7.0,14.0,16.0,50.5,90.0,64.0,275.0,8.0,9.0
2026-09-24T03:37:12,nfl,nfl_20260927_los_angeles_chargers_buffalo_bills,20260927NFL00031,DK,draftkings,change,9,2026-09-23T12:35:00,Sep 23,12:35 PM ET,15h ago,home,Buffalo Bills,-7.0,86.0,84.0,50.5,10.0,36.0,-345.0,92.0,91.0
2026-09-24T03:37:12,nfl,nfl_20260927_los_angeles_chargers_buffalo_bills,20260927NFL00031,DK,draftkings,change,10,2026-09-23T11:40:00,Sep 23,11:40 AM ET,15h ago,away,Los Angeles Chargers,7.0,14.0,16.0,50.5,90.0,65.0,275.0,8.0,9.0
2026-09-24T03:37:12,nfl,nfl_20260927_los_angeles_chargers_buffalo_bills,20260927NFL00031,DK,draftkings,change,10,2026-09-23T11:40:00,Sep 23,11:40 AM ET,15h ago,home,Buffalo Bills,-7.0,86.0,84.0,50.5,10.0,35.0,-345.0,92.0,91.0
2026-09-24T03:37:12,nfl,nfl_20260927_los_angeles_chargers_buffalo_bills,20260927NFL00031,DK,draftkings,change,11,2026-09-23T11:30:00,Sep 23,11:30 AM ET,16h ago,away,Los Angeles Chargers,7.0,15.0,16.0,50.5,90.0,65.0,275.0,8.0,9.0
2026-09-24T03:37:12,nfl,nfl_20260927_los_angeles_chargers_buffalo_bills,20260927NFL00031,DK,draftkings,change,11,2026-09-23T11:30:00,Sep 23,11:30 AM ET,16h ago,home,Buffalo Bills,-7.0,85.0,84.0,50.5,10.0,35.0,-345.0,92.0,91.0
2026-09-24T03:37:12,nfl,nfl_20260927_los_angeles_chargers_buffalo_bills,20260927NFL00031,DK,draftkings,change,12,2026-09-23T11:10:00,Sep 23,11:10 AM ET,16h ago,away,Los Angeles Chargers,7.0,14.0,16.0,50.5,90.0,65.0,275.0,8.0,9.0
2026-09-24T03:37:12,nfl,nfl_20260927_los_angeles_chargers_buffalo_bills,20260927NFL00031,DK,draftkings,change,12,2026-09-23T11:10:00,Sep 23,11:10 AM ET,16h ago,home,Buffalo Bills,-7.0,86.0,84.0,50.5,10.0,35.0,-345.0,92.0,91.0
2026-09-24T03:37:12,nfl,nfl_20260927_los_angeles_chargers_buffalo_bills,20260927NFL00031,DK,draftkings,change,13,2026-09-23T09:40:00,Sep 23,9:40 AM ET,17h ago,away,Los Angeles Chargers,7.0,14.0,16.0,50.5,90.0,64.0,275.0,8.0,9.0
2026-09-24T03:37:12,nfl,nfl_20260927_los_angeles_chargers_buffalo_bills,20260927NFL00031,DK,draftkings,change,13,2026-09-23T09:40:00,Sep 23,9:40 AM ET,17h ago,home,Buffalo Bills,-7.0,86.0,84.0,50.5,10.0,36.0,-345.0,92.0,91.0
2026-09-24T03:37:12,nfl,nfl_20260927_los_angeles_chargers_buffalo_bills,20260927NFL00031,DK,draftkings,change,14,2026-09-23T08:30:00,Sep 23,8:30 AM ET,19h ago,away,Los Angeles Chargers,7.0,8.0,16.0,50.5,90.0,64.0,275.0,8.0,9.0
2026-09-24T03:37:12,nfl,nfl_20260927_los_angeles_chargers_buffalo_bills,20260927NFL00031,DK,draftkings,change,14,2026-09-23T08:30:00,Sep 23,8:30 AM ET,19h ago,home,Buffalo Bills,-7.0,92.0,84.0,50.5,10.0,36.0,-345.0,92.0,91.0
2026-09-24T03:37:12,nfl,nfl_20260927_los_angeles_chargers_buffalo_bills,20260927NFL00031,DK,draftkings,change,15,2026-09-23T08:20:00,Sep 23,8:20 AM ET,19h ago,away,Los Angeles Chargers,7.0,8.0,16.0,50.5,90.0,63.0,275.0,8.0,9.0
2026-09-24T03:37:12,nfl,nfl_20260927_los_angeles_chargers_buffalo_bills,20260927NFL00031,DK,draftkings,change,15,2026-09-23T08:20:00,Sep 23,8:20 AM ET,19h ago,home,Buffalo Bills,-7.0,92.0,84.0,50.5,10.0,37.0,-345.0,92.0,91.0
2026-09-24T03:37:12,nfl,nfl_20260927_los_angeles_chargers_buffalo_bills,20260927NFL00031,DK,draftkings,change,16,2026-09-23T08:00:00,Sep 23,8:00 AM ET,19h ago,away,Los Angeles Chargers,7.0,8.0,16.0,50.5,90.0,64.0,275.0,8.0,9.0
2026-09-24T03:37:12,nfl,nfl_20260927_los_angeles_chargers_buffalo_bills,20260927NFL00031,DK,draftkings,change,16,2026-09-23T08:00:00,Sep 23,8:00 AM ET,19h ago,home,Buffalo Bills,-7.0,92.0,84.0,50.5,10.0,36.0,-345.0,92.0,91.0
2026-09-24T03:37:12,nfl,nfl_20260927_los_angeles_chargers_buffalo_bills,20260927NFL00031,DK,draftkings,change,17,2026-09-23T07:55:00,Sep 23,7:55 AM ET,19h ago,away,Los Angeles Chargers,7.0,8.0,16.0,50.5,90.0,63.0,275.0,8.0,9.0
2026-09-24T03:37:12,nfl,nfl_20260927_los_angeles_chargers_buffalo_bills,20260927NFL00031,DK,draftkings,change,17,2026-09-23T07:55:00,Sep 23,7:55 AM ET,19h ago,home,Buffalo Bills,-7.0,92.0,84.0,50.5,10.0,37.0,-345.0,92.0,91.0
2026-09-24T03:37:12,nfl,nfl_20260927_los_angeles_chargers_buffalo_bills,20260927NFL00031,DK,draftkings,change,18,2026-09-23T06:50:00,Sep 23,6:50 AM ET,20h ago,away,Los Angeles Chargers,7.0,8.0,16.0,50.5,90.0,64.0,275.0,8.0,9.0
2026-09-24T03:37:12,nfl,nfl_20260927_los_angeles_chargers_buffalo_bills,20260927NFL00031,DK,draftkings,change,18,2026-09-23T06:50:00,Sep 23,6:50 AM ET,20h ago,home,Buffalo Bills,-7.0,92.0,84.0,50.5,10.0,36.0,-345.0,92.0,91.0
2026-09-24T03:37:12,nfl,nfl_20260927_los_angeles_chargers_buffalo_bills,20260927NFL00031,DK,draftkings,change,19,2026-09-23T06:35:00,Sep 23,6:35 AM ET,21h ago,away,Los Angeles Chargers,7.0,8.0,16.0,50.5,90.0,63.0,275.0,8.0,9.0
2026-09-24T03:37:12,nfl,nfl_20260927_los_angeles_chargers_buffalo_bills,20260927NFL00031,DK,draftkings,change,19,2026-09-23T06:35:00,Sep 23,6:35 AM ET,21h ago,home,Buffalo Bills,-7.0,92.0,84.0,50.5,10.0,37.0,-345.0,92.0,91.0
2026-09-24T03:37:12,nfl,nfl_20260927_los_angeles_chargers_buffalo_bills,20260927NFL00031,DK,draftkings,change,20,2026-09-23T00:20:00,Sep 23,12:20 AM ET,1d ago,away,Los Angeles Chargers,7.0,8.0,16.0,50.5,90.0,64.0,275.0,8.0,9.0
2026-09-24T03:37:12,nfl,nfl_20260927_los_angeles_chargers_buffalo_bills,20260927NFL00031,DK,draftkings,change,20,2026-09-23T00:20:00,Sep 23,12:20 AM ET,1d ago,home,Buffalo Bills,-7.0,92.0,84.0,50.5,10.0,36.0,-345.0,92.0,91.0
2026-09-24T03:37:12,nfl,nfl_20260927_los_angeles_chargers_buffalo_bills,20260927NFL00031,DK,draftkings,change,21,2026-09-23T00:15:00,Sep 23,12:15 AM ET,1d ago,away,Los Angeles Chargers,7.0,8.0,16.0,50.5,90.0,64.0,275.0,8.0,10.0
2026-09-24T03:37:12,nfl,nfl_20260927_los_angeles_chargers_buffalo_bills,20260927NFL00031,DK,draftkings,change,21,2026-09-23T00:15:00,Sep 23,12:15 AM ET,1d ago,home,Buffalo Bills,-7.0,92.0,84.0,50.5,10.0,36.0,-345.0,92.0,90.0
2026-09-24T03:37:12,nfl,nfl_20260927_los_angeles_chargers_buffalo_bills,20260927NFL00031,DK,draftkings,change,22,2026-09-23T00:10:00,Sep 23,12:10 AM ET,1d ago,away,Los Angeles Chargers,7.0,8.0,16.0,50.5,90.0,64.0,275.0,8.0,9.0
2026-09-24T03:37:12,nfl,nfl_20260927_los_angeles_chargers_buffalo_bills,20260927NFL00031,DK,draftkings,change,22,2026-09-23T00:10:00,Sep 23,12:10 AM ET,1d ago,home,Buffalo Bills,-7.0,92.0,84.0,50.5,10.0,36.0,-345.0,92.0,91.0
2026-09-24T03:37:12,nfl,nfl_20260927_los_angeles_chargers_buffalo_bills,20260927NFL00031,DK,draftkings,change,23,2026-09-22T22:50:00,Sep 22,10:50 PM ET,1d ago,away,Los Angeles Chargers,7.0,8.0,16.0,50.5,90.0,64.0,275.0,8.0,10.0
2026-09-24T03:37:12,nfl,nfl_20260927_los_angeles_chargers_buffalo_bills,20260927NFL00031,DK,draftkings,change,23,2026-09-22T22:50:00,Sep 22,10:50 PM ET,1d ago,home,Buffalo Bills,-7.0,92.0,84.0,50.5,10.0,36.0,-345.0,92.0,90.0
2026-09-24T03:37:12,nfl,nfl_20260927_los_angeles_chargers_buffalo_bills,20260927NFL00031,DK,draftkings,change,24,2026-09-22T22:45:00,Sep 22,10:45 PM ET,1d ago,away,Los Angeles Chargers,7.0,8.0,16.0,50.5,90.0,65.0,275.0,8.0,10.0
2026-09-24T03:37:12,nfl,nfl_20260927_los_angeles_chargers_buffalo_bills,20260927NFL00031,DK,draftkings,change,24,2026-09-22T22:45:00,Sep 22,10:45 PM ET,1d ago,home,Buffalo Bills,-7.0,92.0,84.0,50.5,10.0,35.0,-345.0,92.0,90.0
2026-09-24T03:37:12,nfl,nfl_20260927_los_angeles_chargers_buffalo_bills,20260927NFL00031,DK,draftkings,change,25,2026-09-22T22:25:00,Sep 22,10:25 PM ET,1d ago,away,Los Angeles Chargers,7.0,8.0,16.0,50.5,90.0,65.0,275.0,8.0,9.0
2026-09-24T03:37:12,nfl,nfl_20260927_los_angeles_chargers_buffalo_bills,20260927NFL00031,DK,draftkings,change,25,2026-09-22T22:25:00,Sep 22,10:25 PM ET,1d ago,home,Buffalo Bills,-7.0,92.0,84.0,50.5,10.0,35.0,-345.0,92.0,91.0
2026-09-24T03:37:12,nfl,nfl_20260927_los_angeles_chargers_buffalo_bills,20260927NFL00031,DK,draftkings,change,26,2026-09-22T22:20:00,Sep 22,10:20 PM ET,1d ago,away,Los Angeles Chargers,7.0,8.0,16.0,50.5,90.0,65.0,275.0,8.0,10.0
2026-09-24T03:37:12,nfl,nfl_20260927_los_angeles_chargers_buffalo_bills,20260927NFL00031,DK,draftkings,change,26,2026-09-22T22:20:00,Sep 22,10:20 PM ET,1d ago,home,Buffalo Bills,-7.0,92.0,84.0,50.5,10.0,35.0,-345.0,92.0,90.0
2026-09-24T03:37:12,nfl,nfl_20260927_los_angeles_chargers_buffalo_bills,20260927NFL00031,DK,draftkings,change,27,2026-09-22T22:05:00,Sep 22,10:05 PM ET,1d ago,away,Los Angeles Chargers,7.0,8.0,16.0,50.5,90.0,65.0,275.0,8.0,9.0
2026-09-24T03:37:12,nfl,nfl_20260927_los_angeles_chargers_buffalo_bills,20260927NFL00031,DK,draftkings,change,27,2026-09-22T22:05:00,Sep 22,10:05 PM ET,1d ago,home,Buffalo Bills,-7.0,92.0,84.0,50.5,10.0,35.0,-345.0,92.0,91.0
2026-09-24T03:37:14,nfl,nfl_20260927_los_angeles_chargers_buffalo_bills,20260927NFL00031,CIRCA,circa,open,1,2026-09-20T21:00:00,Sep 20,9:00 PM ET,3d ago,away,Los Angeles Chargers,6.5,50.0,50.0,50.0,50.0,50.0,250.0,50.0,50.0
2026-09-24T03:37:14,nfl,nfl_20260927_los_angeles_chargers_buffalo_bills,20260927NFL00031,CIRCA,circa,open,1,2026-09-20T21:00:00,Sep 20,9:00 PM ET,3d ago,home,Buffalo Bills,-6.5,50.0,50.0,50.0,50.0,50.0,-300.0,50.0,50.0
2026-09-24T03:37:14,nfl,nfl_20260927_los_angeles_chargers_buffalo_bills,20260927NFL00031,CIRCA,circa,change,2,2026-09-24T02:35:00,Sep 24,2:35 AM ET,1h ago,away,Los Angeles Chargers,7.0,1.0,12.0,50.0,19.0,33.0,275.0,0.0,0.0
2026-09-24T03:37:14,nfl,nfl_20260927_los_angeles_chargers_buffalo_bills,20260927NFL00031,CIRCA,circa,change,2,2026-09-24T02:35:00,Sep 24,2:35 AM ET,1h ago,home,Buffalo Bills,-7.0,99.0,88.0,50.0,81.0,67.0,-330.0,100.0,100.0
2026-09-24T03:37:14,nfl,nfl_20260927_los_angeles_chargers_buffalo_bills,20260927NFL00031,CIRCA,circa,change,3,2026-09-23T22:46:00,Sep 23,10:46 PM ET,4h ago,away,Los Angeles Chargers,7.0,1.0,13.0,50.0,19.0,33.0,275.0,0.0,0.0
2026-09-24T03:37:14,nfl,nfl_20260927_los_angeles_chargers_buffalo_bills,20260927NFL00031,CIRCA,circa,change,3,2026-09-23T22:46:00,Sep 23,10:46 PM ET,4h ago,home,Buffalo Bills,-7.0,99.0,88.0,50.0,81.0,67.0,-330.0,100.0,100.0
2026-09-24T03:37:14,nfl,nfl_20260927_los_angeles_chargers_buffalo_bills,20260927NFL00031,CIRCA,circa,change,4,2026-09-23T20:10:00,Sep 23,8:10 PM ET,7h ago,away,Los Angeles Chargers,7.0,2.0,13.0,50.0,19.0,33.0,275.0,0.0,0.0
2026-09-24T03:37:14,nfl,nfl_20260927_los_angeles_chargers_buffalo_bills,20260927NFL00031,CIRCA,circa,change,4,2026-09-23T20:10:00,Sep 23,8:10 PM ET,7h ago,home,Buffalo Bills,-7.0,98.0,87.0,50.0,81.0,67.0,-330.0,100.0,100.0
2026-09-24T03:37:14,nfl,nfl_20260927_los_angeles_chargers_buffalo_bills,20260927NFL00031,CIRCA,circa,change,5,2026-09-23T19:15:00,Sep 23,7:15 PM ET,8h ago,away,Los Angeles Chargers,7.0,3.0,14.0,50.0,19.0,33.0,275.0,0.0,0.0
2026-09-24T03:37:14,nfl,nfl_20260927_los_angeles_chargers_buffalo_bills,20260927NFL00031,CIRCA,circa,change,5,2026-09-23T19:15:00,Sep 23,7:15 PM ET,8h ago,home,Buffalo Bills,-7.0,97.0,86.0,50.0,81.0,67.0,-330.0,100.0,100.0
2026-09-24T03:37:14,nfl,nfl_20260927_los_angeles_chargers_buffalo_bills,20260927NFL00031,CIRCA,circa,change,6,2026-09-23T13:45:00,Sep 23,1:45 PM ET,13h ago,away,Los Angeles Chargers,7.0,3.0,14.0,50.0,0.0,0.0,275.0,0.0,0.0
2026-09-24T03:37:14,nfl,nfl_20260927_los_angeles_chargers_buffalo_bills,20260927NFL00031,CIRCA,circa,change,6,2026-09-23T13:45:00,Sep 23,1:45 PM ET,13h ago,home,Buffalo Bills,-7.0,97.0,86.0,50.0,100.0,100.0,-330.0,100.0,100.0
2026-09-24T03:37:14,nfl,nfl_20260927_los_angeles_chargers_buffalo_bills,20260927NFL00031,CIRCA,circa,change,7,2026-09-23T13:20:00,Sep 23,1:20 PM ET,14h ago,away,Los Angeles Chargers,7.0,3.0,15.0,50.0,0.0,0.0,275.0,0.0,0.0
2026-09-24T03:37:14,nfl,nfl_20260927_los_angeles_chargers_buffalo_bills,20260927NFL00031,CIRCA,circa,change,7,2026-09-23T13:20:00,Sep 23,1:20 PM ET,14h ago,home,Buffalo Bills,-7.0,97.0,85.0,50.0,100.0,100.0,-330.0,100.0,100.0
2026-09-24T03:37:14,nfl,nfl_20260927_los_angeles_chargers_buffalo_bills,20260927NFL00031,CIRCA,circa,change,8,2026-09-23T13:00:00,Sep 23,1:00 PM ET,14h ago,away,Los Angeles Chargers,7.0,3.0,16.0,50.0,0.0,0.0,275.0,0.0,0.0
2026-09-24T03:37:14,nfl,nfl_20260927_los_angeles_chargers_buffalo_bills,20260927NFL00031,CIRCA,circa,change,8,2026-09-23T13:00:00,Sep 23,1:00 PM ET,14h ago,home,Buffalo Bills,-7.0,97.0,84.0,50.0,100.0,100.0,-330.0,100.0,100.0
2026-09-24T03:37:14,nfl,nfl_20260927_los_angeles_chargers_buffalo_bills,20260927NFL00031,CIRCA,circa,change,9,2026-09-23T11:50:00,Sep 23,11:50 AM ET,15h ago,away,Los Angeles Chargers,7.0,3.0,17.0,50.0,0.0,0.0,275.0,0.0,0.0
2026-09-24T03:37:14,nfl,nfl_20260927_los_angeles_chargers_buffalo_bills,20260927NFL00031,CIRCA,circa,change,9,2026-09-23T11:50:00,Sep 23,11:50 AM ET,15h ago,home,Buffalo Bills,-7.0,97.0,83.0,50.0,100.0,100.0,-330.0,100.0,100.0
2026-09-24T03:37:14,nfl,nfl_20260927_los_angeles_chargers_buffalo_bills,20260927NFL00031,CIRCA,circa,change,10,2026-09-23T09:50:00,Sep 23,9:50 AM ET,17h ago,away,Los Angeles Chargers,7.0,4.0,18.0,50.0,0.0,0.0,275.0,0.0,0.0
2026-09-24T03:37:14,nfl,nfl_20260927_los_angeles_chargers_buffalo_bills,20260927NFL00031,CIRCA,circa,change,10,2026-09-23T09:50:00,Sep 23,9:50 AM ET,17h ago,home,Buffalo Bills,-7.0,96.0,82.0,50.0,100.0,100.0,-330.0,100.0,100.0
2026-09-24T03:37:14,nfl,nfl_20260927_los_angeles_chargers_buffalo_bills,20260927NFL00031,CIRCA,circa,change,11,2026-09-23T07:55:00,Sep 23,7:55 AM ET,19h ago,away,Los Angeles Chargers,7.0,4.0,19.0,50.0,0.0,0.0,275.0,0.0,0.0
2026-09-24T03:37:14,nfl,nfl_20260927_los_angeles_chargers_buffalo_bills,20260927NFL00031,CIRCA,circa,change,11,2026-09-23T07:55:00,Sep 23,7:55 AM ET,19h ago,home,Buffalo Bills,-7.0,96.0,81.0,50.0,100.0,100.0,-330.0,100.0,100.0
2026-09-24T03:37:14,nfl,nfl_20260927_los_angeles_chargers_buffalo_bills,20260927NFL00031,CIRCA,circa,change,12,2026-09-23T05:40:00,Sep 23,5:40 AM ET,21h ago,away,Los Angeles Chargers,7.0,2.0,13.0,50.0,0.0,0.0,275.0,0.0,0.0
2026-09-24T03:37:14,nfl,nfl_20260927_los_angeles_chargers_buffalo_bills,20260927NFL00031,CIRCA,circa,change,12,2026-09-23T05:40:00,Sep 23,5:40 AM ET,21h ago,home,Buffalo Bills,-7.0,98.0,87.0,50.0,100.0,100.0,-330.0,100.0,100.0
2026-09-24T03:37:14,nfl,nfl_20260927_los_angeles_chargers_buffalo_bills,20260927NFL00031,CIRCA,circa,change,13,2026-09-22T22:05:00,Sep 22,10:05 PM ET,1d ago,away,Los Angeles Chargers,7.0,2.0,14.0,50.0,0.0,0.0,275.0,0.0,0.0
2026-09-24T03:37:14,nfl,nfl_20260927_los_angeles_chargers_buffalo_bills,20260927NFL00031,CIRCA,circa,change,13,2026-09-22T22:05:00,Sep 22,10:05 PM ET,1d ago,home,Buffalo Bills,-7.0,98.0,86.0,50.0,100.0,100.0,-330.0,100.0,100.0
2026-09-24T03:37:14,nfl,nfl_20260927_los_angeles_chargers_buffalo_bills,20260927NFL00031,CIRCA,circa,change,14,2026-09-22T21:10:00,Sep 22,9:10 PM ET,1d ago,away,Los Angeles Chargers,7.0,2.0,15.0,50.0,0.0,0.0,275.0,0.0,0.0
2026-09-24T03:37:14,nfl,nfl_20260927_los_angeles_chargers_buffalo_bills,20260927NFL00031,CIRCA,circa,change,14,2026-09-22T21:10:00,Sep 22,9:10 PM ET,1d ago,home,Buffalo Bills,-7.0,98.0,85.0,50.0,100.0,100.0,-330.0,100.0,100.0
2026-09-24T03:37:14,nfl,nfl_20260927_los_angeles_chargers_buffalo_bills,20260927NFL00031,CIRCA,circa,change,15,2026-09-22T17:20:00,Sep 22,5:20 PM ET,1d ago,away,Los Angeles Chargers,7.0,2.0,17.0,50.0,0.0,0.0,275.0,0.0,0.0
2026-09-24T03:37:14,nfl,nfl_20260927_los_angeles_chargers_buffalo_bills,20260927NFL00031,CIRCA,circa,change,15,2026-09-22T17:20:00,Sep 22,5:20 PM ET,1d ago,home,Buffalo Bills,-7.0,98.0,83.0,50.0,100.0,100.0,-330.0,100.0,100.0
2026-09-24T03:37:14,nfl,nfl_20260927_los_angeles_chargers_buffalo_bills,20260927NFL00031,CIRCA,circa,change,16,2026-09-22T00:15:00,Sep 22,12:15 AM ET,2d ago,away,Los Angeles Chargers,7.0,1.0,9.0,50.0,0.0,0.0,275.0,0.0,0.0
2026-09-24T03:37:14,nfl,nfl_20260927_los_angeles_chargers_buffalo_bills,20260927NFL00031,CIRCA,circa,change,16,2026-09-22T00:15:00,Sep 22,12:15 AM ET,2d ago,home,Buffalo Bills,-7.0,99.0,91.0,50.0,100.0,100.0,-330.0,100.0,100.0
2026-09-24T03:37:14,nfl,nfl_20260927_los_angeles_chargers_buffalo_bills,20260927NFL00031,CIRCA,circa,change,17,2026-09-22T00:10:00,Sep 22,12:10 AM ET,2d ago,away,Los Angeles Chargers,7.0,2.0,10.0,50.0,0.0,0.0,275.0,0.0,0.0
2026-09-24T03:37:14,nfl,nfl_20260927_los_angeles_chargers_buffalo_bills,20260927NFL00031,CIRCA,circa,change,17,2026-09-22T00:10:00,Sep 22,12:10 AM ET,2d ago,home,Buffalo Bills,-7.0,98.0,90.0,50.0,100.0,100.0,-330.0,100.0,100.0
2026-09-24T03:37:14,nfl,nfl_20260927_los_angeles_chargers_buffalo_bills,20260927NFL00031,CIRCA,circa,change,18,2026-09-22T00:05:00,Sep 22,12:05 AM ET,2d ago,away,Los Angeles Chargers,7.0,2.0,11.0,50.0,0.0,0.0,275.0,0.0,0.0
2026-09-24T03:37:14,nfl,nfl_20260927_los_angeles_chargers_buffalo_bills,20260927NFL00031,CIRCA,circa,change,18,2026-09-22T00:05:00,Sep 22,12:05 AM ET,2d ago,home,Buffalo Bills,-7.0,98.0,89.0,50.0,100.0,100.0,-330.0,100.0,100.0
2026-09-24T03:37:14,nfl,nfl_20260927_los_angeles_chargers_buffalo_bills,20260927NFL00031,CIRCA,circa,change,19,2026-09-21T23:00:00,Sep 21,11:00 PM ET,2d ago,away,Los Angeles Chargers,7.0,2.0,13.0,50.0,0.0,0.0,275.0,0.0,0.0
2026-09-24T03:37:14,nfl,nfl_20260927_los_angeles_chargers_buffalo_bills,20260927NFL00031,CIRCA,circa,change,19,2026-09-21T23:00:00,Sep 21,11:00 PM ET,2d ago,home,Buffalo Bills,-7.0,98.0,88.0,50.0,100.0,100.0,-330.0,100.0,100.0
2026-09-24T03:37:14,nfl,nfl_20260927_los_angeles_chargers_buffalo_bills,20260927NFL00031,CIRCA,circa,change,20,2026-09-21T16:40:00,Sep 21,4:40 PM ET,2d ago,away,Los Angeles Chargers,7.0,2.0,14.0,50.0,0.0,0.0,275.0,0.0,0.0
2026-09-24T03:37:14,nfl,nfl_20260927_los_angeles_chargers_buffalo_bills,20260927NFL00031,CIRCA,circa,change,20,2026-09-21T16:40:00,Sep 21,4:40 PM ET,2d ago,home,Buffalo Bills,-7.0,98.0,86.0,50.0,100.0,100.0,-330.0,100.0,100.0
2026-09-24T03:37:14,nfl,nfl_20260927_los_angeles_chargers_buffalo_bills,20260927NFL00031,CIRCA,circa,change,21,2026-09-21T15:20:00,Sep 21,3:20 PM ET,2d ago,away,Los Angeles Chargers,7.0,2.0,17.0,50.0,0.0,0.0,275.0,0.0,0.0
2026-09-24T03:37:14,nfl,nfl_20260927_los_angeles_chargers_buffalo_bills,20260927NFL00031,CIRCA,circa,change,21,2026-09-21T15:20:00,Sep 21,3:20 PM ET,2d ago,home,Buffalo Bills,-7.0,98.0,83.0,50.0,100.0,100.0,-330.0,100.0,100.0
2026-09-24T03:37:14,nfl,nfl_20260927_los_angeles_chargers_buffalo_bills,20260927NFL00031,CIRCA,circa,change,22,2026-09-21T14:35:00,Sep 21,2:35 PM ET,2d ago,away,Los Angeles Chargers,7.0,2.0,17.0,50.0,50.0,50.0,275.0,0.0,0.0
2026-09-24T03:37:14,nfl,nfl_20260927_los_angeles_chargers_buffalo_bills,20260927NFL00031,CIRCA,circa,change,22,2026-09-21T14:35:00,Sep 21,2:35 PM ET,2d ago,home,Buffalo Bills,-7.0,98.0,83.0,50.0,50.0,50.0,-330.0,100.0,100.0
2026-09-24T03:37:14,nfl,nfl_20260927_los_angeles_chargers_buffalo_bills,20260927NFL00031,CIRCA,circa,change,23,2026-09-21T12:40:00,Sep 21,12:40 PM ET,2d ago,away,Los Angeles Chargers,7.0,2.0,17.0,50.0,50.0,50.0,275.0,50.0,50.0
2026-09-24T03:37:14,nfl,nfl_20260927_los_angeles_chargers_buffalo_bills,20260927NFL00031,CIRCA,circa,change,23,2026-09-21T12:40:00,Sep 21,12:40 PM ET,2d ago,home,Buffalo Bills,-7.0,98.0,83.0,50.0,50.0,50.0,-330.0,50.0,50.0
2026-09-24T03:37:14,nfl,nfl_20260927_los_angeles_chargers_buffalo_bills,20260927NFL00031,CIRCA,circa,change,24,2026-09-21T11:55:00,Sep 21,11:55 AM ET,2d ago,away,Los Angeles Chargers,7.0,2.0,20.0,50.0,50.0,50.0,275.0,50.0,50.0
2026-09-24T03:37:14,nfl,nfl_20260927_los_angeles_chargers_buffalo_bills,20260927NFL00031,CIRCA,circa,change,24,2026-09-21T11:55:00,Sep 21,11:55 AM ET,2d ago,home,Buffalo Bills,-7.0,98.0,80.0,50.0,50.0,50.0,-330.0,50.0,50.0
2026-09-24T03:37:14,nfl,nfl_20260927_los_angeles_chargers_buffalo_bills,20260927NFL00031,CIRCA,circa,change,25,2026-09-21T10:45:00,Sep 21,10:45 AM ET,2d ago,away,Los Angeles Chargers,7.0,2.0,25.0,50.0,50.0,50.0,275.0,50.0,50.0
2026-09-24T03:37:14,nfl,nfl_20260927_los_angeles_chargers_buffalo_bills,20260927NFL00031,CIRCA,circa,change,25,2026-09-21T10:45:00,Sep 21,10:45 AM ET,2d ago,home,Buffalo Bills,-7.0,98.0,75.0,50.0,50.0,50.0,-330.0,50.0,50.0
2026-09-24T03:37:14,nfl,nfl_20260927_los_angeles_chargers_buffalo_bills,20260927NFL00031,CIRCA,circa,change,26,2026-09-20T22:20:00,Sep 20,10:20 PM ET,3d ago,away,Los Angeles Chargers,6.5,0.0,0.0,50.0,50.0,50.0,250.0,50.0,50.0
2026-09-24T03:37:14,nfl,nfl_20260927_los_angeles_chargers_buffalo_bills,20260927NFL00031,CIRCA,circa,change,26,2026-09-20T22:20:00,Sep 20,10:20 PM ET,3d ago,home,Buffalo Bills,-6.5,100.0,100.0,50.0,50.0,50.0,-300.0,50.0,50.0
2026-09-24T03:37:15,nfl,nfl_20260927_kansas_city_chiefs_miami_dolphins,20260927NFL00032,DK,draftkings,open,1,2026-05-14T22:05:00,May 14,10:05 PM ET,132d ago,away,Kansas City Chiefs,,0.0,0.0,,0.0,0.0,-340.0,100.0,100.0
2026-09-24T03:37:15,nfl,nfl_20260927_kansas_city_chiefs_miami_dolphins,20260927NFL00032,DK,draftkings,open,1,2026-05-14T22:05:00,May 14,10:05 PM ET,132d ago,home,Miami Dolphins,,0.0,0.0,,0.0,0.0,270.0,0.0,0.0
2026-09-24T03:37:15,nfl,nfl_20260927_kansas_city_chiefs_miami_dolphins,20260927NFL00032,DK,draftkings,first_full,2,2026-05-18T14:25:00,May 18,2:25 PM ET,128d ago,away,Kansas City Chiefs,-7.0,100.0,86.0,44.5,10.0,50.0,-340.0,54.0,91.0
2026-09-24T03:37:15,nfl,nfl_20260927_kansas_city_chiefs_miami_dolphins,20260927NFL00032,DK,draftkings,first_full,2,2026-05-18T14:25:00,May 18,2:25 PM ET,128d ago,home,Miami Dolphins,7.0,0.0,14.0,44.5,90.0,50.0,270.0,46.0,9.0
2026-09-24T03:37:15,nfl,nfl_20260927_kansas_city_chiefs_miami_dolphins,20260927NFL00032,DK,draftkings,change,3,2026-09-24T02:00:00,Sep 24,2:00 AM ET,1h ago,away,Kansas City Chiefs,-10.5,74.0,82.0,46.5,50.0,50.0,-650.0,92.0,96.0
2026-09-24T03:37:15,nfl,nfl_20260927_kansas_city_chiefs_miami_dolphins,20260927NFL00032,DK,draftkings,change,3,2026-09-24T02:00:00,Sep 24,2:00 AM ET,1h ago,home,Miami Dolphins,10.5,26.0,18.0,46.5,50.0,50.0,470.0,8.0,4.0
2026-09-24T03:37:15,nfl,nfl_20260927_kansas_city_chiefs_miami_dolphins,20260927NFL00032,DK,draftkings,change,4,2026-09-24T01:55:00,Sep 24,1:55 AM ET,1h ago,away,Kansas City Chiefs,-10.5,74.0,83.0,46.5,50.0,50.0,-650.0,92.0,96.0
2026-09-24T03:37:15,nfl,nfl_20260927_kansas_city_chiefs_miami_dolphins,20260927NFL00032,DK,draftkings,change,4,2026-09-24T01:55:00,Sep 24,1:55 AM ET,1h ago,home,Miami Dolphins,10.5,26.0,17.0,46.5,50.0,50.0,470.0,8.0,4.0
2026-09-24T03:37:15,nfl,nfl_20260927_kansas_city_chiefs_miami_dolphins,20260927NFL00032,DK,draftkings,change,5,2026-09-24T00:50:00,Sep 24,12:50 AM ET,2h ago,away,Kansas City Chiefs,-10.5,74.0,82.0,46.5,50.0,50.0,-650.0,92.0,96.0
2026-09-24T03:37:15,nfl,nfl_20260927_kansas_city_chiefs_miami_dolphins,20260927NFL00032,DK,draftkings,change,5,2026-09-24T00:50:00,Sep 24,12:50 AM ET,2h ago,home,Miami Dolphins,10.5,26.0,18.0,46.5,50.0,50.0,470.0,8.0,4.0
2026-09-24T03:37:15,nfl,nfl_20260927_kansas_city_chiefs_miami_dolphins,20260927NFL00032,DK,draftkings,change,6,2026-09-23T23:30:00,Sep 23,11:30 PM ET,4h ago,away,Kansas City Chiefs,-10.5,74.0,82.0,46.5,51.0,50.0,-650.0,92.0,96.0
2026-09-24T03:37:15,nfl,nfl_20260927_kansas_city_chiefs_miami_dolphins,20260927NFL00032,DK,draftkings,change,6,2026-09-23T23:30:00,Sep 23,11:30 PM ET,4h ago,home,Miami Dolphins,10.5,26.0,18.0,46.5,49.0,50.0,470.0,8.0,4.0
2026-09-24T03:37:15,nfl,nfl_20260927_kansas_city_chiefs_miami_dolphins,20260927NFL00032,DK,draftkings,change,7,2026-09-23T23:20:00,Sep 23,11:20 PM ET,4h ago,away,Kansas City Chiefs,-10.5,73.0,82.0,46.5,51.0,50.0,-650.0,92.0,96.0
2026-09-24T03:37:15,nfl,nfl_20260927_kansas_city_chiefs_miami_dolphins,20260927NFL00032,DK,draftkings,change,7,2026-09-23T23:20:00,Sep 23,11:20 PM ET,4h ago,home,Miami Dolphins,10.5,27.0,18.0,46.5,49.0,50.0,470.0,8.0,4.0
2026-09-24T03:37:15,nfl,nfl_20260927_kansas_city_chiefs_miami_dolphins,20260927NFL00032,DK,draftkings,change,8,2026-09-23T22:55:00,Sep 23,10:55 PM ET,4h ago,away,Kansas City Chiefs,-10.5,73.0,82.0,46.5,51.0,50.0,-650.0,88.0,96.0
2026-09-24T03:37:15,nfl,nfl_20260927_kansas_city_chiefs_miami_dolphins,20260927NFL00032,DK,draftkings,change,8,2026-09-23T22:55:00,Sep 23,10:55 PM ET,4h ago,home,Miami Dolphins,10.5,27.0,18.0,46.5,49.0,50.0,470.0,12.0,4.0
2026-09-24T03:37:15,nfl,nfl_20260927_kansas_city_chiefs_miami_dolphins,20260927NFL00032,DK,draftkings,change,9,2026-09-23T22:40:00,Sep 23,10:40 PM ET,4h ago,away,Kansas City Chiefs,-11.5,73.0,82.0,46.5,51.0,50.0,-700.0,87.0,96.0
2026-09-24T03:37:15,nfl,nfl_20260927_kansas_city_chiefs_miami_dolphins,20260927NFL00032,DK,draftkings,change,9,2026-09-23T22:40:00,Sep 23,10:40 PM ET,4h ago,home,Miami Dolphins,11.5,27.0,18.0,46.5,49.0,50.0,500.0,13.0,4.0
2026-09-24T03:37:15,nfl,nfl_20260927_kansas_city_chiefs_miami_dolphins,20260927NFL00032,DK,draftkings,change,10,2026-09-23T22:30:00,Sep 23,10:30 PM ET,5h ago,away,Kansas City Chiefs,-11.5,73.0,82.0,46.5,38.0,50.0,-700.0,87.0,96.0
2026-09-24T03:37:15,nfl,nfl_20260927_kansas_city_chiefs_miami_dolphins,20260927NFL00032,DK,draftkings,change,10,2026-09-23T22:30:00,Sep 23,10:30 PM ET,5h ago,home,Miami Dolphins,11.5,27.0,18.0,46.5,62.0,50.0,500.0,13.0,4.0
2026-09-24T03:37:15,nfl,nfl_20260927_kansas_city_chiefs_miami_dolphins,20260927NFL00032,DK,draftkings,change,11,2026-09-23T22:10:00,Sep 23,10:10 PM ET,5h ago,away,Kansas City Chiefs,-11.5,73.0,82.0,46.5,39.0,50.0,-700.0,87.0,96.0
2026-09-24T03:37:15,nfl,nfl_20260927_kansas_city_chiefs_miami_dolphins,20260927NFL00032,DK,draftkings,change,11,2026-09-23T22:10:00,Sep 23,10:10 PM ET,5h ago,home,Miami Dolphins,11.5,27.0,18.0,46.5,61.0,50.0,500.0,13.0,4.0
2026-09-24T03:37:15,nfl,nfl_20260927_kansas_city_chiefs_miami_dolphins,20260927NFL00032,DK,draftkings,change,12,2026-09-23T21:50:00,Sep 23,9:50 PM ET,5h ago,away,Kansas City Chiefs,-11.5,73.0,82.0,46.5,38.0,50.0,-700.0,87.0,96.0
2026-09-24T03:37:15,nfl,nfl_20260927_kansas_city_chiefs_miami_dolphins,20260927NFL00032,DK,draftkings,change,12,2026-09-23T21:50:00,Sep 23,9:50 PM ET,5h ago,home,Miami Dolphins,11.5,27.0,18.0,46.5,62.0,50.0,500.0,13.0,4.0
2026-09-24T03:37:15,nfl,nfl_20260927_kansas_city_chiefs_miami_dolphins,20260927NFL00032,DK,draftkings,change,13,2026-09-23T21:45:00,Sep 23,9:45 PM ET,5h ago,away,Kansas City Chiefs,-11.5,73.0,82.0,46.5,38.0,50.0,-700.0,87.0,97.0
2026-09-24T03:37:15,nfl,nfl_20260927_kansas_city_chiefs_miami_dolphins,20260927NFL00032,DK,draftkings,change,13,2026-09-23T21:45:00,Sep 23,9:45 PM ET,5h ago,home,Miami Dolphins,11.5,27.0,18.0,46.5,62.0,50.0,500.0,13.0,3.0
2026-09-24T03:37:15,nfl,nfl_20260927_kansas_city_chiefs_miami_dolphins,20260927NFL00032,DK,draftkings,change,14,2026-09-23T21:35:00,Sep 23,9:35 PM ET,6h ago,away,Kansas City Chiefs,-11.5,73.0,82.0,46.5,38.0,50.0,-700.0,87.0,96.0
2026-09-24T03:37:15,nfl,nfl_20260927_kansas_city_chiefs_miami_dolphins,20260927NFL00032,DK,draftkings,change,14,2026-09-23T21:35:00,Sep 23,9:35 PM ET,6h ago,home,Miami Dolphins,11.5,27.0,18.0,46.5,62.0,50.0,500.0,13.0,4.0
2026-09-24T03:37:15,nfl,nfl_20260927_kansas_city_chiefs_miami_dolphins,20260927NFL00032,DK,draftkings,change,15,2026-09-23T21:30:00,Sep 23,9:30 PM ET,6h ago,away,Kansas City Chiefs,-11.5,73.0,82.0,46.5,38.0,50.0,-700.0,87.0,97.0
2026-09-24T03:37:15,nfl,nfl_20260927_kansas_city_chiefs_miami_dolphins,20260927NFL00032,DK,draftkings,change,15,2026-09-23T21:30:00,Sep 23,9:30 PM ET,6h ago,home,Miami Dolphins,11.5,27.0,18.0,46.5,62.0,50.0,500.0,13.0,3.0
2026-09-24T03:37:15,nfl,nfl_20260927_kansas_city_chiefs_miami_dolphins,20260927NFL00032,DK,draftkings,change,16,2026-09-23T19:10:00,Sep 23,7:10 PM ET,8h ago,away,Kansas City Chiefs,-11.5,73.0,82.0,46.5,48.0,50.0,-675.0,87.0,97.0
2026-09-24T03:37:15,nfl,nfl_20260927_kansas_city_chiefs_miami_dolphins,20260927NFL00032,DK,draftkings,change,16,2026-09-23T19:10:00,Sep 23,7:10 PM ET,8h ago,home,Miami Dolphins,11.5,27.0,18.0,46.5,52.0,50.0,490.0,13.0,3.0
2026-09-24T03:37:15,nfl,nfl_20260927_kansas_city_chiefs_miami_dolphins,20260927NFL00032,DK,draftkings,change,17,2026-09-23T18:30:00,Sep 23,6:30 PM ET,9h ago,away,Kansas City Chiefs,-11.5,73.0,82.0,46.5,48.0,50.0,-675.0,87.0,96.0
2026-09-24T03:37:15,nfl,nfl_20260927_kansas_city_chiefs_miami_dolphins,20260927NFL00032,DK,draftkings,change,17,2026-09-23T18:30:00,Sep 23,6:30 PM ET,9h ago,home,Miami Dolphins,11.5,27.0,18.0,46.5,52.0,50.0,490.0,13.0,4.0
2026-09-24T03:37:15,nfl,nfl_20260927_kansas_city_chiefs_miami_dolphins,20260927NFL00032,DK,draftkings,change,18,2026-09-23T16:30:00,Sep 23,4:30 PM ET,11h ago,away,Kansas City Chiefs,-11.5,76.0,82.0,46.5,48.0,50.0,-700.0,87.0,96.0
2026-09-24T03:37:15,nfl,nfl_20260927_kansas_city_chiefs_miami_dolphins,20260927NFL00032,DK,draftkings,change,18,2026-09-23T16:30:00,Sep 23,4:30 PM ET,11h ago,home,Miami Dolphins,11.5,24.0,18.0,46.5,52.0,50.0,500.0,13.0,4.0
2026-09-24T03:37:15,nfl,nfl_20260927_kansas_city_chiefs_miami_dolphins,20260927NFL00032,DK,draftkings,change,19,2026-09-23T16:00:00,Sep 23,4:00 PM ET,11h ago,away,Kansas City Chiefs,-11.5,75.0,82.0,46.5,48.0,50.0,-625.0,87.0,96.0
2026-09-24T03:37:15,nfl,nfl_20260927_kansas_city_chiefs_miami_dolphins,20260927NFL00032,DK,draftkings,change,19,2026-09-23T16:00:00,Sep 23,4:00 PM ET,11h ago,home,Miami Dolphins,11.5,25.0,18.0,46.5,52.0,50.0,455.0,13.0,4.0
2026-09-24T03:37:15,nfl,nfl_20260927_kansas_city_chiefs_miami_dolphins,20260927NFL00032,DK,draftkings,change,20,2026-09-23T15:35:00,Sep 23,3:35 PM ET,12h ago,away,Kansas City Chiefs,-11.5,76.0,82.0,46.5,48.0,50.0,-625.0,86.0,96.0
2026-09-24T03:37:15,nfl,nfl_20260927_kansas_city_chiefs_miami_dolphins,20260927NFL00032,DK,draftkings,change,20,2026-09-23T15:35:00,Sep 23,3:35 PM ET,12h ago,home,Miami Dolphins,11.5,24.0,18.0,46.5,52.0,50.0,455.0,14.0,4.0
2026-09-24T03:37:15,nfl,nfl_20260927_kansas_city_chiefs_miami_dolphins,20260927NFL00032,DK,draftkings,change,21,2026-09-23T15:20:00,Sep 23,3:20 PM ET,12h ago,away,Kansas City Chiefs,-11.5,75.0,82.0,46.5,48.0,50.0,-675.0,86.0,96.0
2026-09-24T03:37:15,nfl,nfl_20260927_kansas_city_chiefs_miami_dolphins,20260927NFL00032,DK,draftkings,change,21,2026-09-23T15:20:00,Sep 23,3:20 PM ET,12h ago,home,Miami Dolphins,11.5,25.0,18.0,46.5,52.0,50.0,490.0,14.0,4.0
2026-09-24T03:37:15,nfl,nfl_20260927_kansas_city_chiefs_miami_dolphins,20260927NFL00032,DK,draftkings,change,22,2026-09-23T15:10:00,Sep 23,3:10 PM ET,12h ago,away,Kansas City Chiefs,-11.5,75.0,82.0,46.5,48.0,49.0,-650.0,86.0,96.0
2026-09-24T03:37:15,nfl,nfl_20260927_kansas_city_chiefs_miami_dolphins,20260927NFL00032,DK,draftkings,change,22,2026-09-23T15:10:00,Sep 23,3:10 PM ET,12h ago,home,Miami Dolphins,11.5,25.0,18.0,46.5,52.0,51.0,470.0,14.0,4.0
2026-09-24T03:37:15,nfl,nfl_20260927_kansas_city_chiefs_miami_dolphins,20260927NFL00032,DK,draftkings,change,23,2026-09-23T14:35:00,Sep 23,2:35 PM ET,13h ago,away,Kansas City Chiefs,-11.5,75.0,82.0,46.5,47.0,49.0,-750.0,86.0,96.0
2026-09-24T03:37:15,nfl,nfl_20260927_kansas_city_chiefs_miami_dolphins,20260927NFL00032,DK,draftkings,change,23,2026-09-23T14:35:00,Sep 23,2:35 PM ET,13h ago,home,Miami Dolphins,11.5,25.0,18.0,46.5,53.0,51.0,525.0,14.0,4.0
2026-09-24T03:37:15,nfl,nfl_20260927_kansas_city_chiefs_miami_dolphins,20260927NFL00032,DK,draftkings,change,24,2026-09-23T14:25:00,Sep 23,2:25 PM ET,13h ago,away,Kansas City Chiefs,-11.5,75.0,82.0,46.5,47.0,49.0,-750.0,85.0,96.0
2026-09-24T03:37:15,nfl,nfl_20260927_kansas_city_chiefs_miami_dolphins,20260927NFL00032,DK,draftkings,change,24,2026-09-23T14:25:00,Sep 23,2:25 PM ET,13h ago,home,Miami Dolphins,11.5,25.0,18.0,46.5,53.0,51.0,525.0,15.0,4.0
2026-09-24T03:37:15,nfl,nfl_20260927_kansas_city_chiefs_miami_dolphins,20260927NFL00032,DK,draftkings,change,25,2026-09-23T13:45:00,Sep 23,1:45 PM ET,13h ago,away,Kansas City Chiefs,-11.5,75.0,82.0,46.5,47.0,48.0,-900.0,85.0,96.0
2026-09-24T03:37:15,nfl,nfl_20260927_kansas_city_chiefs_miami_dolphins,20260927NFL00032,DK,draftkings,change,25,2026-09-23T13:45:00,Sep 23,1:45 PM ET,13h ago,home,Miami Dolphins,11.5,25.0,18.0,46.5,53.0,52.0,600.0,15.0,4.0
2026-09-24T03:37:15,nfl,nfl_20260927_kansas_city_chiefs_miami_dolphins,20260927NFL00032,DK,draftkings,change,26,2026-09-23T13:35:00,Sep 23,1:35 PM ET,14h ago,away,Kansas City Chiefs,-11.5,76.0,82.0,46.5,47.0,48.0,-900.0,85.0,96.0
2026-09-24T03:37:15,nfl,nfl_20260927_kansas_city_chiefs_miami_dolphins,20260927NFL00032,DK,draftkings,change,26,2026-09-23T13:35:00,Sep 23,1:35 PM ET,14h ago,home,Miami Dolphins,11.5,24.0,18.0,46.5,53.0,52.0,600.0,15.0,4.0
2026-09-24T03:37:15,nfl,nfl_20260927_kansas_city_chiefs_miami_dolphins,20260927NFL00032,DK,draftkings,change,27,2026-09-23T11:35:00,Sep 23,11:35 AM ET,16h ago,away,Kansas City Chiefs,-11.5,76.0,82.0,46.5,47.0,48.0,-900.0,86.0,96.0
2026-09-24T03:37:15,nfl,nfl_20260927_kansas_city_chiefs_miami_dolphins,20260927NFL00032,DK,draftkings,change,27,2026-09-23T11:35:00,Sep 23,11:35 AM ET,16h ago,home,Miami Dolphins,11.5,24.0,18.0,46.5,53.0,52.0,600.0,14.0,4.0
2026-09-24T03:37:16,nfl,nfl_20260927_kansas_city_chiefs_miami_dolphins,20260927NFL00032,CIRCA,circa,open,1,2026-09-21T09:45:00,Sep 21,9:45 AM ET,2d ago,away,Kansas City Chiefs,-10.5,50.0,50.0,45.5,50.0,50.0,-650.0,50.0,50.0
2026-09-24T03:37:16,nfl,nfl_20260927_kansas_city_chiefs_miami_dolphins,20260927NFL00032,CIRCA,circa,open,1,2026-09-21T09:45:00,Sep 21,9:45 AM ET,2d ago,home,Miami Dolphins,10.5,50.0,50.0,45.5,50.0,50.0,490.0,50.0,50.0
2026-09-24T03:37:16,nfl,nfl_20260927_kansas_city_chiefs_miami_dolphins,20260927NFL00032,CIRCA,circa,change,2,2026-09-23T19:21:00,Sep 23,7:21 PM ET,8h ago,away,Kansas City Chiefs,-11.0,28.0,80.0,46.0,0.0,0.0,-750.0,100.0,100.0
2026-09-24T03:37:16,nfl,nfl_20260927_kansas_city_chiefs_miami_dolphins,20260927NFL00032,CIRCA,circa,change,2,2026-09-23T19:21:00,Sep 23,7:21 PM ET,8h ago,home,Miami Dolphins,11.0,72.0,20.0,46.0,100.0,100.0,550.0,0.0,0.0
2026-09-24T03:37:16,nfl,nfl_20260927_kansas_city_chiefs_miami_dolphins,20260927NFL00032,CIRCA,circa,change,3,2026-09-23T16:10:00,Sep 23,4:10 PM ET,11h ago,away,Kansas City Chiefs,-11.0,27.0,78.0,46.0,0.0,0.0,-750.0,100.0,100.0
2026-09-24T03:37:16,nfl,nfl_20260927_kansas_city_chiefs_miami_dolphins,20260927NFL00032,CIRCA,circa,change,3,2026-09-23T16:10:00,Sep 23,4:10 PM ET,11h ago,home,Miami Dolphins,11.0,73.0,22.0,46.0,100.0,100.0,550.0,0.0,0.0
2026-09-24T03:37:16,nfl,nfl_20260927_kansas_city_chiefs_miami_dolphins,20260927NFL00032,CIRCA,circa,change,4,2026-09-23T13:15:00,Sep 23,1:15 PM ET,14h ago,away,Kansas City Chiefs,-11.0,26.0,75.0,46.0,0.0,0.0,-750.0,100.0,100.0
2026-09-24T03:37:16,nfl,nfl_20260927_kansas_city_chiefs_miami_dolphins,20260927NFL00032,CIRCA,circa,change,4,2026-09-23T13:15:00,Sep 23,1:15 PM ET,14h ago,home,Miami Dolphins,11.0,74.0,25.0,46.0,100.0,100.0,550.0,0.0,0.0
2026-09-24T03:37:16,nfl,nfl_20260927_kansas_city_chiefs_miami_dolphins,20260927NFL00032,CIRCA,circa,change,5,2026-09-22T16:05:00,Sep 22,4:05 PM ET,1d ago,away,Kansas City Chiefs,-11.0,98.0,86.0,46.0,0.0,0.0,-750.0,100.0,100.0
2026-09-24T03:37:16,nfl,nfl_20260927_kansas_city_chiefs_miami_dolphins,20260927NFL00032,CIRCA,circa,change,5,2026-09-22T16:05:00,Sep 22,4:05 PM ET,1d ago,home,Miami Dolphins,11.0,2.0,14.0,46.0,100.0,100.0,550.0,0.0,0.0
2026-09-24T03:37:16,nfl,nfl_20260927_kansas_city_chiefs_miami_dolphins,20260927NFL00032,CIRCA,circa,change,6,2026-09-22T14:50:00,Sep 22,2:50 PM ET,1d ago,away,Kansas City Chiefs,-11.0,98.0,83.0,46.0,0.0,0.0,-750.0,100.0,100.0
2026-09-24T03:37:16,nfl,nfl_20260927_kansas_city_chiefs_miami_dolphins,20260927NFL00032,CIRCA,circa,change,6,2026-09-22T14:50:00,Sep 22,2:50 PM ET,1d ago,home,Miami Dolphins,11.0,2.0,17.0,46.0,100.0,100.0,550.0,0.0,0.0
2026-09-24T03:37:16,nfl,nfl_20260927_kansas_city_chiefs_miami_dolphins,20260927NFL00032,CIRCA,circa,change,7,2026-09-22T14:10:00,Sep 22,2:10 PM ET,1d ago,away,Kansas City Chiefs,-11.0,97.0,80.0,46.0,0.0,0.0,-750.0,100.0,100.0
2026-09-24T03:37:16,nfl,nfl_20260927_kansas_city_chiefs_miami_dolphins,20260927NFL00032,CIRCA,circa,change,7,2026-09-22T14:10:00,Sep 22,2:10 PM ET,1d ago,home,Miami Dolphins,11.0,3.0,20.0,46.0,100.0,100.0,550.0,0.0,0.0
2026-09-24T03:37:16,nfl,nfl_20260927_kansas_city_chiefs_miami_dolphins,20260927NFL00032,CIRCA,circa,change,8,2026-09-22T03:00:00,Sep 22,3:00 AM ET,2d ago,away,Kansas City Chiefs,-11.0,97.0,75.0,46.0,0.0,0.0,-750.0,100.0,100.0
2026-09-24T03:37:16,nfl,nfl_20260927_kansas_city_chiefs_miami_dolphins,20260927NFL00032,CIRCA,circa,change,8,2026-09-22T03:00:00,Sep 22,3:00 AM ET,2d ago,home,Miami Dolphins,11.0,3.0,25.0,46.0,100.0,100.0,550.0,0.0,0.0
2026-09-24T03:37:16,nfl,nfl_20260927_kansas_city_chiefs_miami_dolphins,20260927NFL00032,CIRCA,circa,change,9,2026-09-22T00:15:00,Sep 22,12:15 AM ET,2d ago,away,Kansas City Chiefs,-11.0,77.0,67.0,46.0,0.0,0.0,-750.0,100.0,100.0
2026-09-24T03:37:16,nfl,nfl_20260927_kansas_city_chiefs_miami_dolphins,20260927NFL00032,CIRCA,circa,change,9,2026-09-22T00:15:00,Sep 22,12:15 AM ET,2d ago,home,Miami Dolphins,11.0,23.0,33.0,46.0,100.0,100.0,550.0,0.0,0.0
2026-09-24T03:37:16,nfl,nfl_20260927_kansas_city_chiefs_miami_dolphins,20260927NFL00032,CIRCA,circa,change,10,2026-09-21T15:20:00,Sep 21,3:20 PM ET,2d ago,away,Kansas City Chiefs,-11.0,35.0,50.0,46.0,0.0,0.0,-750.0,100.0,100.0
2026-09-24T03:37:16,nfl,nfl_20260927_kansas_city_chiefs_miami_dolphins,20260927NFL00032,CIRCA,circa,change,10,2026-09-21T15:20:00,Sep 21,3:20 PM ET,2d ago,home,Miami Dolphins,11.0,65.0,50.0,46.0,100.0,100.0,550.0,0.0,0.0
2026-09-24T03:37:16,nfl,nfl_20260927_kansas_city_chiefs_miami_dolphins,20260927NFL00032,CIRCA,circa,change,11,2026-09-21T12:40:00,Sep 21,12:40 PM ET,2d ago,away,Kansas City Chiefs,-11.0,35.0,50.0,46.0,50.0,50.0,-670.0,100.0,100.0
2026-09-24T03:37:16,nfl,nfl_20260927_kansas_city_chiefs_miami_dolphins,20260927NFL00032,CIRCA,circa,change,11,2026-09-21T12:40:00,Sep 21,12:40 PM ET,2d ago,home,Miami Dolphins,11.0,65.0,50.0,46.0,50.0,50.0,500.0,0.0,0.0
2026-09-24T03:37:16,nfl,nfl_20260927_kansas_city_chiefs_miami_dolphins,20260927NFL00032,CIRCA,circa,change,12,2026-09-21T11:55:00,Sep 21,11:55 AM ET,2d ago,away,Kansas City Chiefs,-11.0,35.0,50.0,46.0,50.0,50.0,-670.0,50.0,50.0
2026-09-24T03:37:16,nfl,nfl_20260927_kansas_city_chiefs_miami_dolphins,20260927NFL00032,CIRCA,circa,change,12,2026-09-21T11:55:00,Sep 21,11:55 AM ET,2d ago,home,Miami Dolphins,11.0,65.0,50.0,46.0,50.0,50.0,500.0,50.0,50.0
2026-09-24T03:37:16,nfl,nfl_20260927_kansas_city_chiefs_miami_dolphins,20260927NFL00032,CIRCA,circa,change,13,2026-09-21T10:45:00,Sep 21,10:45 AM ET,2d ago,away,Kansas City Chiefs,-11.0,0.0,0.0,45.5,50.0,50.0,-670.0,50.0,50.0
2026-09-24T03:37:16,nfl,nfl_20260927_kansas_city_chiefs_miami_dolphins,20260927NFL00032,CIRCA,circa,change,13,2026-09-21T10:45:00,Sep 21,10:45 AM ET,2d ago,home,Miami Dolphins,11.0,100.0,100.0,45.5,50.0,50.0,500.0,50.0,50.0
2026-09-24T03:37:16,nfl,nfl_20260927_kansas_city_chiefs_miami_dolphins,20260927NFL00032,CIRCA,circa,change,14,2026-09-21T09:45:00,Sep 21,9:45 AM ET,2d ago,away,Kansas City Chiefs,-10.5,50.0,50.0,45.5,50.0,50.0,-650.0,50.0,50.0
2026-09-24T03:37:16,nfl,nfl_20260927_kansas_city_chiefs_miami_dolphins,20260927NFL00032,CIRCA,circa,change,14,2026-09-21T09:45:00,Sep 21,9:45 AM ET,2d ago,home,Miami Dolphins,10.5,50.0,50.0,45.5,50.0,50.0,490.0,50.0,50.0
2026-09-24T03:37:17,nfl,nfl_20260927_carolina_panthers_cleveland_browns,20260927NFL00037,DK,draftkings,open,1,2026-05-14T22:40:00,May 14,10:40 PM ET,132d ago,away,Carolina Panthers,,0.0,0.0,,0.0,0.0,-120.0,0.0,0.0
2026-09-24T03:37:17,nfl,nfl_20260927_carolina_panthers_cleveland_browns,20260927NFL00037,DK,draftkings,open,1,2026-05-14T22:40:00,May 14,10:40 PM ET,132d ago,home,Cleveland Browns,,0.0,0.0,,0.0,0.0,100.0,100.0,100.0
2026-09-24T03:37:17,nfl,nfl_20260927_carolina_panthers_cleveland_browns,20260927NFL00037,DK,draftkings,first_full,2,2026-05-15T18:35:00,May 15,6:35 PM ET,131d ago,away,Carolina Panthers,-1.5,95.0,33.0,39.5,100.0,100.0,-120.0,36.0,46.0
2026-09-24T03:37:17,nfl,nfl_20260927_carolina_panthers_cleveland_browns,20260927NFL00037,DK,draftkings,first_full,2,2026-05-15T18:35:00,May 15,6:35 PM ET,131d ago,home,Cleveland Browns,1.5,5.0,67.0,39.5,0.0,0.0,100.0,64.0,54.0
2026-09-24T03:37:17,nfl,nfl_20260927_carolina_panthers_cleveland_browns,20260927NFL00037,DK,draftkings,change,3,2026-09-24T01:55:00,Sep 24,1:55 AM ET,1h ago,away,Carolina Panthers,-2.5,91.0,85.0,42.5,46.0,52.0,-148.0,94.0,78.0
2026-09-24T03:37:17,nfl,nfl_20260927_carolina_panthers_cleveland_browns,20260927NFL00037,DK,draftkings,change,3,2026-09-24T01:55:00,Sep 24,1:55 AM ET,1h ago,home,Cleveland Browns,2.5,9.0,15.0,42.5,54.0,48.0,124.0,6.0,22.0
2026-09-24T03:37:17,nfl,nfl_20260927_carolina_panthers_cleveland_browns,20260927NFL00037,DK,draftkings,change,4,2026-09-24T00:40:00,Sep 24,12:40 AM ET,2h ago,away,Carolina Panthers,-2.5,91.0,85.0,42.5,46.0,52.0,-148.0,94.0,77.0
2026-09-24T03:37:17,nfl,nfl_20260927_carolina_panthers_cleveland_browns,20260927NFL00037,DK,draftkings,change,4,2026-09-24T00:40:00,Sep 24,12:40 AM ET,2h ago,home,Cleveland Browns,2.5,9.0,15.0,42.5,54.0,48.0,124.0,6.0,23.0
2026-09-24T03:37:17,nfl,nfl_20260927_carolina_panthers_cleveland_browns,20260927NFL00037,DK,draftkings,change,5,2026-09-24T00:20:00,Sep 24,12:20 AM ET,3h ago,away,Carolina Panthers,-2.5,91.0,85.0,42.5,47.0,52.0,-148.0,94.0,77.0
2026-09-24T03:37:17,nfl,nfl_20260927_carolina_panthers_cleveland_browns,20260927NFL00037,DK,draftkings,change,5,2026-09-24T00:20:00,Sep 24,12:20 AM ET,3h ago,home,Cleveland Browns,2.5,9.0,15.0,42.5,53.0,48.0,124.0,6.0,23.0
2026-09-24T03:37:17,nfl,nfl_20260927_carolina_panthers_cleveland_browns,20260927NFL00037,DK,draftkings,change,6,2026-09-23T22:10:00,Sep 23,10:10 PM ET,5h ago,away,Carolina Panthers,-2.5,91.0,85.0,42.5,46.0,52.0,-148.0,94.0,77.0
2026-09-24T03:37:17,nfl,nfl_20260927_carolina_panthers_cleveland_browns,20260927NFL00037,DK,draftkings,change,6,2026-09-23T22:10:00,Sep 23,10:10 PM ET,5h ago,home,Cleveland Browns,2.5,9.0,15.0,42.5,54.0,48.0,124.0,6.0,23.0
2026-09-24T03:37:17,nfl,nfl_20260927_carolina_panthers_cleveland_browns,20260927NFL00037,DK,draftkings,change,7,2026-09-23T21:35:00,Sep 23,9:35 PM ET,6h ago,away,Carolina Panthers,-2.5,91.0,84.0,42.5,46.0,52.0,-148.0,94.0,77.0
2026-09-24T03:37:17,nfl,nfl_20260927_carolina_panthers_cleveland_browns,20260927NFL00037,DK,draftkings,change,7,2026-09-23T21:35:00,Sep 23,9:35 PM ET,6h ago,home,Cleveland Browns,2.5,9.0,16.0,42.5,54.0,48.0,124.0,6.0,23.0
2026-09-24T03:37:17,nfl,nfl_20260927_carolina_panthers_cleveland_browns,20260927NFL00037,DK,draftkings,change,8,2026-09-23T21:30:00,Sep 23,9:30 PM ET,6h ago,away,Carolina Panthers,-2.5,91.0,84.0,42.5,46.0,51.0,-148.0,94.0,77.0
2026-09-24T03:37:17,nfl,nfl_20260927_carolina_panthers_cleveland_browns,20260927NFL00037,DK,draftkings,change,8,2026-09-23T21:30:00,Sep 23,9:30 PM ET,6h ago,home,Cleveland Browns,2.5,9.0,16.0,42.5,54.0,49.0,124.0,6.0,23.0
2026-09-24T03:37:17,nfl,nfl_20260927_carolina_panthers_cleveland_browns,20260927NFL00037,DK,draftkings,change,9,2026-09-23T21:05:00,Sep 23,9:05 PM ET,6h ago,away,Carolina Panthers,-2.5,90.0,84.0,42.5,46.0,52.0,-148.0,94.0,77.0
2026-09-24T03:37:17,nfl,nfl_20260927_carolina_panthers_cleveland_browns,20260927NFL00037,DK,draftkings,change,9,2026-09-23T21:05:00,Sep 23,9:05 PM ET,6h ago,home,Cleveland Browns,2.5,10.0,16.0,42.5,54.0,48.0,124.0,6.0,23.0
2026-09-24T03:37:17,nfl,nfl_20260927_carolina_panthers_cleveland_browns,20260927NFL00037,DK,draftkings,change,10,2026-09-23T21:00:00,Sep 23,9:00 PM ET,6h ago,away,Carolina Panthers,-2.5,90.0,84.0,42.5,46.0,51.0,-148.0,94.0,77.0
2026-09-24T03:37:17,nfl,nfl_20260927_carolina_panthers_cleveland_browns,20260927NFL00037,DK,draftkings,change,10,2026-09-23T21:00:00,Sep 23,9:00 PM ET,6h ago,home,Cleveland Browns,2.5,10.0,16.0,42.5,54.0,49.0,124.0,6.0,23.0
2026-09-24T03:37:17,nfl,nfl_20260927_carolina_panthers_cleveland_browns,20260927NFL00037,DK,draftkings,change,11,2026-09-23T20:50:00,Sep 23,8:50 PM ET,6h ago,away,Carolina Panthers,-2.5,90.0,84.0,42.5,46.0,52.0,-148.0,94.0,77.0
2026-09-24T03:37:17,nfl,nfl_20260927_carolina_panthers_cleveland_browns,20260927NFL00037,DK,draftkings,change,11,2026-09-23T20:50:00,Sep 23,8:50 PM ET,6h ago,home,Cleveland Browns,2.5,10.0,16.0,42.5,54.0,48.0,124.0,6.0,23.0
2026-09-24T03:37:17,nfl,nfl_20260927_carolina_panthers_cleveland_browns,20260927NFL00037,DK,draftkings,change,12,2026-09-23T20:20:00,Sep 23,8:20 PM ET,7h ago,away,Carolina Panthers,-2.5,90.0,84.0,42.5,46.0,51.0,-148.0,94.0,77.0
2026-09-24T03:37:17,nfl,nfl_20260927_carolina_panthers_cleveland_browns,20260927NFL00037,DK,draftkings,change,12,2026-09-23T20:20:00,Sep 23,8:20 PM ET,7h ago,home,Cleveland Browns,2.5,10.0,16.0,42.5,54.0,49.0,124.0,6.0,23.0
2026-09-24T03:37:17,nfl,nfl_20260927_carolina_panthers_cleveland_browns,20260927NFL00037,DK,draftkings,change,13,2026-09-23T19:55:00,Sep 23,7:55 PM ET,7h ago,away,Carolina Panthers,-2.5,90.0,84.0,42.5,47.0,51.0,-148.0,94.0,77.0
2026-09-24T03:37:17,nfl,nfl_20260927_carolina_panthers_cleveland_browns,20260927NFL00037,DK,draftkings,change,13,2026-09-23T19:55:00,Sep 23,7:55 PM ET,7h ago,home,Cleveland Browns,2.5,10.0,16.0,42.5,53.0,49.0,124.0,6.0,23.0
2026-09-24T03:37:17,nfl,nfl_20260927_carolina_panthers_cleveland_browns,20260927NFL00037,DK,draftkings,change,14,2026-09-23T18:10:00,Sep 23,6:10 PM ET,9h ago,away,Carolina Panthers,-2.5,90.0,84.0,42.5,46.0,51.0,-155.0,94.0,77.0
2026-09-24T03:37:17,nfl,nfl_20260927_carolina_panthers_cleveland_browns,20260927NFL00037,DK,draftkings,change,14,2026-09-23T18:10:00,Sep 23,6:10 PM ET,9h ago,home,Cleveland Browns,2.5,10.0,16.0,42.5,54.0,49.0,130.0,6.0,23.0
2026-09-24T03:37:17,nfl,nfl_20260927_carolina_panthers_cleveland_browns,20260927NFL00037,DK,draftkings,change,15,2026-09-23T15:40:00,Sep 23,3:40 PM ET,11h ago,away,Carolina Panthers,-2.5,90.0,84.0,42.5,47.0,51.0,-155.0,94.0,77.0
2026-09-24T03:37:17,nfl,nfl_20260927_carolina_panthers_cleveland_browns,20260927NFL00037,DK,draftkings,change,15,2026-09-23T15:40:00,Sep 23,3:40 PM ET,11h ago,home,Cleveland Browns,2.5,10.0,16.0,42.5,53.0,49.0,130.0,6.0,23.0
2026-09-24T03:37:17,nfl,nfl_20260927_carolina_panthers_cleveland_browns,20260927NFL00037,DK,draftkings,change,16,2026-09-23T13:55:00,Sep 23,1:55 PM ET,13h ago,away,Carolina Panthers,-2.5,90.0,84.0,42.5,47.0,50.0,-148.0,94.0,77.0
2026-09-24T03:37:17,nfl,nfl_20260927_carolina_panthers_cleveland_browns,20260927NFL00037,DK,draftkings,change,16,2026-09-23T13:55:00,Sep 23,1:55 PM ET,13h ago,home,Cleveland Browns,2.5,10.0,16.0,42.5,53.0,50.0,124.0,6.0,23.0
2026-09-24T03:37:17,nfl,nfl_20260927_carolina_panthers_cleveland_browns,20260927NFL00037,DK,draftkings,change,17,2026-09-23T13:20:00,Sep 23,1:20 PM ET,14h ago,away,Carolina Panthers,-2.5,90.0,84.0,42.5,47.0,51.0,-148.0,94.0,77.0
2026-09-24T03:37:17,nfl,nfl_20260927_carolina_panthers_cleveland_browns,20260927NFL00037,DK,draftkings,change,17,2026-09-23T13:20:00,Sep 23,1:20 PM ET,14h ago,home,Cleveland Browns,2.5,10.0,16.0,42.5,53.0,49.0,124.0,6.0,23.0
2026-09-24T03:37:17,nfl,nfl_20260927_carolina_panthers_cleveland_browns,20260927NFL00037,DK,draftkings,change,18,2026-09-23T12:30:00,Sep 23,12:30 PM ET,15h ago,away,Carolina Panthers,-2.5,90.0,84.0,42.5,46.0,51.0,-148.0,94.0,77.0
2026-09-24T03:37:17,nfl,nfl_20260927_carolina_panthers_cleveland_browns,20260927NFL00037,DK,draftkings,change,18,2026-09-23T12:30:00,Sep 23,12:30 PM ET,15h ago,home,Cleveland Browns,2.5,10.0,16.0,42.5,54.0,49.0,124.0,6.0,23.0
2026-09-24T03:37:17,nfl,nfl_20260927_carolina_panthers_cleveland_browns,20260927NFL00037,DK,draftkings,change,19,2026-09-23T12:15:00,Sep 23,12:15 PM ET,15h ago,away,Carolina Panthers,-2.5,90.0,84.0,42.5,46.0,50.0,-148.0,94.0,77.0
2026-09-24T03:37:17,nfl,nfl_20260927_carolina_panthers_cleveland_browns,20260927NFL00037,DK,draftkings,change,19,2026-09-23T12:15:00,Sep 23,12:15 PM ET,15h ago,home,Cleveland Browns,2.5,10.0,16.0,42.5,54.0,50.0,124.0,6.0,23.0
2026-09-24T03:37:17,nfl,nfl_20260927_carolina_panthers_cleveland_browns,20260927NFL00037,DK,draftkings,change,20,2026-09-23T11:40:00,Sep 23,11:40 AM ET,15h ago,away,Carolina Panthers,-2.5,90.0,84.0,42.5,47.0,51.0,-148.0,94.0,77.0
2026-09-24T03:37:17,nfl,nfl_20260927_carolina_panthers_cleveland_browns,20260927NFL00037,DK,draftkings,change,20,2026-09-23T11:40:00,Sep 23,11:40 AM ET,15h ago,home,Cleveland Browns,2.5,10.0,16.0,42.5,53.0,49.0,124.0,6.0,23.0
2026-09-24T03:37:17,nfl,nfl_20260927_carolina_panthers_cleveland_browns,20260927NFL00037,DK,draftkings,change,21,2026-09-23T11:35:00,Sep 23,11:35 AM ET,16h ago,away,Carolina Panthers,-2.5,90.0,83.0,42.5,48.0,51.0,-148.0,94.0,77.0
2026-09-24T03:37:17,nfl,nfl_20260927_carolina_panthers_cleveland_browns,20260927NFL00037,DK,draftkings,change,21,2026-09-23T11:35:00,Sep 23,11:35 AM ET,16h ago,home,Cleveland Browns,2.5,10.0,17.0,42.5,52.0,49.0,124.0,6.0,23.0
2026-09-24T03:37:17,nfl,nfl_20260927_carolina_panthers_cleveland_browns,20260927NFL00037,DK,draftkings,change,22,2026-09-23T11:30:00,Sep 23,11:30 AM ET,16h ago,away,Carolina Panthers,-2.5,90.0,84.0,42.5,48.0,51.0,-148.0,94.0,77.0
2026-09-24T03:37:17,nfl,nfl_20260927_carolina_panthers_cleveland_browns,20260927NFL00037,DK,draftkings,change,22,2026-09-23T11:30:00,Sep 23,11:30 AM ET,16h ago,home,Cleveland Browns,2.5,10.0,16.0,42.5,52.0,49.0,124.0,6.0,23.0
2026-09-24T03:37:17,nfl,nfl_20260927_carolina_panthers_cleveland_browns,20260927NFL00037,DK,draftkings,change,23,2026-09-23T11:25:00,Sep 23,11:25 AM ET,16h ago,away,Carolina Panthers,-2.5,90.0,83.0,42.5,48.0,51.0,-148.0,94.0,77.0
2026-09-24T03:37:17,nfl,nfl_20260927_carolina_panthers_cleveland_browns,20260927NFL00037,DK,draftkings,change,23,2026-09-23T11:25:00,Sep 23,11:25 AM ET,16h ago,home,Cleveland Browns,2.5,10.0,17.0,42.5,52.0,49.0,124.0,6.0,23.0
2026-09-24T03:37:17,nfl,nfl_20260927_carolina_panthers_cleveland_browns,20260927NFL00037,DK,draftkings,change,24,2026-09-23T10:50:00,Sep 23,10:50 AM ET,16h ago,away,Carolina Panthers,-2.5,89.0,83.0,42.5,48.0,51.0,-148.0,94.0,77.0
2026-09-24T03:37:17,nfl,nfl_20260927_carolina_panthers_cleveland_browns,20260927NFL00037,DK,draftkings,change,24,2026-09-23T10:50:00,Sep 23,10:50 AM ET,16h ago,home,Cleveland Browns,2.5,11.0,17.0,42.5,52.0,49.0,124.0,6.0,23.0
2026-09-24T03:37:17,nfl,nfl_20260927_carolina_panthers_cleveland_browns,20260927NFL00037,DK,draftkings,change,25,2026-09-23T10:40:00,Sep 23,10:40 AM ET,16h ago,away,Carolina Panthers,-2.5,89.0,83.0,42.5,48.0,50.0,-148.0,94.0,77.0
2026-09-24T03:37:17,nfl,nfl_20260927_carolina_panthers_cleveland_browns,20260927NFL00037,DK,draftkings,change,25,2026-09-23T10:40:00,Sep 23,10:40 AM ET,16h ago,home,Cleveland Browns,2.5,11.0,17.0,42.5,52.0,50.0,124.0,6.0,23.0
2026-09-24T03:37:17,nfl,nfl_20260927_carolina_panthers_cleveland_browns,20260927NFL00037,DK,draftkings,change,26,2026-09-23T10:20:00,Sep 23,10:20 AM ET,17h ago,away,Carolina Panthers,-2.5,90.0,83.0,42.5,48.0,50.0,-148.0,94.0,77.0
2026-09-24T03:37:17,nfl,nfl_20260927_carolina_panthers_cleveland_browns,20260927NFL00037,DK,draftkings,change,26,2026-09-23T10:20:00,Sep 23,10:20 AM ET,17h ago,home,Cleveland Browns,2.5,10.0,17.0,42.5,52.0,50.0,124.0,6.0,23.0
2026-09-24T03:37:17,nfl,nfl_20260927_carolina_panthers_cleveland_browns,20260927NFL00037,DK,draftkings,change,27,2026-09-23T09:40:00,Sep 23,9:40 AM ET,17h ago,away,Carolina Panthers,-2.5,89.0,83.0,42.5,48.0,50.0,-148.0,94.0,77.0
2026-09-24T03:37:17,nfl,nfl_20260927_carolina_panthers_cleveland_browns,20260927NFL00037,DK,draftkings,change,27,2026-09-23T09:40:00,Sep 23,9:40 AM ET,17h ago,home,Cleveland Browns,2.5,11.0,17.0,42.5,52.0,50.0,124.0,6.0,23.0
2026-09-24T03:37:18,nfl,nfl_20260927_carolina_panthers_cleveland_browns,20260927NFL00037,CIRCA,circa,open,1,2026-09-20T21:00:00,Sep 20,9:00 PM ET,3d ago,away,Carolina Panthers,-3.0,50.0,50.0,40.5,50.0,50.0,-155.0,50.0,50.0
2026-09-24T03:37:18,nfl,nfl_20260927_carolina_panthers_cleveland_browns,20260927NFL00037,CIRCA,circa,open,1,2026-09-20T21:00:00,Sep 20,9:00 PM ET,3d ago,home,Cleveland Browns,3.0,50.0,50.0,40.5,50.0,50.0,135.0,50.0,50.0
2026-09-24T03:37:18,nfl,nfl_20260927_carolina_panthers_cleveland_browns,20260927NFL00037,CIRCA,circa,change,2,2026-09-23T19:15:00,Sep 23,7:15 PM ET,8h ago,away,Carolina Panthers,-3.0,10.0,43.0,42.0,99.0,75.0,-150.0,100.0,100.0
2026-09-24T03:37:18,nfl,nfl_20260927_carolina_panthers_cleveland_browns,20260927NFL00037,CIRCA,circa,change,2,2026-09-23T19:15:00,Sep 23,7:15 PM ET,8h ago,home,Cleveland Browns,3.0,90.0,57.0,42.0,1.0,25.0,130.0,0.0,0.0
2026-09-24T03:37:18,nfl,nfl_20260927_carolina_panthers_cleveland_browns,20260927NFL00037,CIRCA,circa,change,3,2026-09-23T18:30:00,Sep 23,6:30 PM ET,9h ago,away,Carolina Panthers,-3.0,10.0,43.0,42.0,99.0,71.0,-150.0,100.0,100.0
2026-09-24T03:37:18,nfl,nfl_20260927_carolina_panthers_cleveland_browns,20260927NFL00037,CIRCA,circa,change,3,2026-09-23T18:30:00,Sep 23,6:30 PM ET,9h ago,home,Cleveland Browns,3.0,90.0,57.0,42.0,1.0,29.0,130.0,0.0,0.0
2026-09-24T03:37:18,nfl,nfl_20260927_carolina_panthers_cleveland_browns,20260927NFL00037,CIRCA,circa,change,4,2026-09-23T15:00:00,Sep 23,3:00 PM ET,12h ago,away,Carolina Panthers,-3.0,10.0,46.0,42.0,99.0,71.0,-150.0,100.0,100.0
2026-09-24T03:37:18,nfl,nfl_20260927_carolina_panthers_cleveland_browns,20260927NFL00037,CIRCA,circa,change,4,2026-09-23T15:00:00,Sep 23,3:00 PM ET,12h ago,home,Cleveland Browns,3.0,90.0,54.0,42.0,1.0,29.0,130.0,0.0,0.0
2026-09-24T03:37:18,nfl,nfl_20260927_carolina_panthers_cleveland_browns,20260927NFL00037,CIRCA,circa,change,5,2026-09-23T13:15:00,Sep 23,1:15 PM ET,14h ago,away,Carolina Panthers,-3.0,10.0,42.0,42.0,99.0,71.0,-150.0,100.0,100.0
2026-09-24T03:37:18,nfl,nfl_20260927_carolina_panthers_cleveland_browns,20260927NFL00037,CIRCA,circa,change,5,2026-09-23T13:15:00,Sep 23,1:15 PM ET,14h ago,home,Cleveland Browns,3.0,90.0,58.0,42.0,1.0,29.0,130.0,0.0,0.0
2026-09-24T03:37:18,nfl,nfl_20260927_carolina_panthers_cleveland_browns,20260927NFL00037,CIRCA,circa,change,6,2026-09-23T09:25:00,Sep 23,9:25 AM ET,18h ago,away,Carolina Panthers,-3.0,29.0,45.0,42.0,99.0,71.0,-150.0,100.0,100.0
2026-09-24T03:37:18,nfl,nfl_20260927_carolina_panthers_cleveland_browns,20260927NFL00037,CIRCA,circa,change,6,2026-09-23T09:25:00,Sep 23,9:25 AM ET,18h ago,home,Cleveland Browns,3.0,71.0,55.0,42.0,1.0,29.0,130.0,0.0,0.0
2026-09-24T03:37:18,nfl,nfl_20260927_carolina_panthers_cleveland_browns,20260927NFL00037,CIRCA,circa,change,7,2026-09-23T07:55:00,Sep 23,7:55 AM ET,19h ago,away,Carolina Panthers,-3.0,29.0,40.0,42.0,99.0,71.0,-150.0,100.0,100.0
2026-09-24T03:37:18,nfl,nfl_20260927_carolina_panthers_cleveland_browns,20260927NFL00037,CIRCA,circa,change,7,2026-09-23T07:55:00,Sep 23,7:55 AM ET,19h ago,home,Cleveland Browns,3.0,71.0,60.0,42.0,1.0,29.0,130.0,0.0,0.0
2026-09-24T03:37:18,nfl,nfl_20260927_carolina_panthers_cleveland_browns,20260927NFL00037,CIRCA,circa,change,8,2026-09-23T01:25:00,Sep 23,1:25 AM ET,1d ago,away,Carolina Panthers,-3.0,29.0,44.0,42.0,99.0,71.0,-150.0,100.0,100.0
2026-09-24T03:37:18,nfl,nfl_20260927_carolina_panthers_cleveland_browns,20260927NFL00037,CIRCA,circa,change,8,2026-09-23T01:25:00,Sep 23,1:25 AM ET,1d ago,home,Cleveland Browns,3.0,71.0,56.0,42.0,1.0,29.0,130.0,0.0,0.0
2026-09-24T03:37:18,nfl,nfl_20260927_carolina_panthers_cleveland_browns,20260927NFL00037,CIRCA,circa,change,9,2026-09-22T23:20:00,Sep 22,11:20 PM ET,1d ago,away,Carolina Panthers,-3.0,29.0,44.0,42.0,99.0,67.0,-150.0,100.0,100.0
2026-09-24T03:37:18,nfl,nfl_20260927_carolina_panthers_cleveland_browns,20260927NFL00037,CIRCA,circa,change,9,2026-09-22T23:20:00,Sep 22,11:20 PM ET,1d ago,home,Cleveland Browns,3.0,71.0,56.0,42.0,1.0,33.0,130.0,0.0,0.0
2026-09-24T03:37:18,nfl,nfl_20260927_carolina_panthers_cleveland_browns,20260927NFL00037,CIRCA,circa,change,10,2026-09-22T16:00:00,Sep 22,4:00 PM ET,1d ago,away,Carolina Panthers,-3.0,29.0,44.0,42.0,100.0,80.0,-150.0,100.0,100.0
2026-09-24T03:37:18,nfl,nfl_20260927_carolina_panthers_cleveland_browns,20260927NFL00037,CIRCA,circa,change,10,2026-09-22T16:00:00,Sep 22,4:00 PM ET,1d ago,home,Cleveland Browns,3.0,71.0,56.0,42.0,0.0,20.0,130.0,0.0,0.0
2026-09-24T03:37:18,nfl,nfl_20260927_carolina_panthers_cleveland_browns,20260927NFL00037,CIRCA,circa,change,11,2026-09-22T05:25:00,Sep 22,5:25 AM ET,1d ago,away,Carolina Panthers,-3.0,29.0,44.0,42.0,99.0,75.0,-150.0,100.0,100.0
2026-09-24T03:37:18,nfl,nfl_20260927_carolina_panthers_cleveland_browns,20260927NFL00037,CIRCA,circa,change,11,2026-09-22T05:25:00,Sep 22,5:25 AM ET,1d ago,home,Cleveland Browns,3.0,71.0,56.0,42.0,1.0,25.0,130.0,0.0,0.0
2026-09-24T03:37:18,nfl,nfl_20260927_carolina_panthers_cleveland_browns,20260927NFL00037,CIRCA,circa,change,12,2026-09-22T03:10:00,Sep 22,3:10 AM ET,2d ago,away,Carolina Panthers,-3.0,29.0,44.0,42.0,99.0,67.0,-150.0,100.0,100.0
2026-09-24T03:37:18,nfl,nfl_20260927_carolina_panthers_cleveland_browns,20260927NFL00037,CIRCA,circa,change,12,2026-09-22T03:10:00,Sep 22,3:10 AM ET,2d ago,home,Cleveland Browns,3.0,71.0,56.0,42.0,1.0,33.0,130.0,0.0,0.0
2026-09-24T03:37:18,nfl,nfl_20260927_carolina_panthers_cleveland_browns,20260927NFL00037,CIRCA,circa,change,13,2026-09-22T01:35:00,Sep 22,1:35 AM ET,2d ago,away,Carolina Panthers,-3.0,31.0,50.0,42.0,99.0,67.0,-150.0,100.0,100.0
2026-09-24T03:37:18,nfl,nfl_20260927_carolina_panthers_cleveland_browns,20260927NFL00037,CIRCA,circa,change,13,2026-09-22T01:35:00,Sep 22,1:35 AM ET,2d ago,home,Cleveland Browns,3.0,69.0,50.0,42.0,1.0,33.0,130.0,0.0,0.0
2026-09-24T03:37:18,nfl,nfl_20260927_carolina_panthers_cleveland_browns,20260927NFL00037,CIRCA,circa,change,14,2026-09-21T19:01:00,Sep 21,7:01 PM ET,2d ago,away,Carolina Panthers,-3.0,31.0,43.0,42.0,99.0,67.0,-150.0,100.0,100.0
2026-09-24T03:37:18,nfl,nfl_20260927_carolina_panthers_cleveland_browns,20260927NFL00037,CIRCA,circa,change,14,2026-09-21T19:01:00,Sep 21,7:01 PM ET,2d ago,home,Cleveland Browns,3.0,69.0,57.0,42.0,1.0,33.0,130.0,0.0,0.0
2026-09-24T03:37:18,nfl,nfl_20260927_carolina_panthers_cleveland_browns,20260927NFL00037,CIRCA,circa,change,15,2026-09-21T18:55:00,Sep 21,6:55 PM ET,2d ago,away,Carolina Panthers,-3.0,31.0,50.0,42.0,99.0,67.0,-150.0,100.0,100.0
2026-09-24T03:37:18,nfl,nfl_20260927_carolina_panthers_cleveland_browns,20260927NFL00037,CIRCA,circa,change,15,2026-09-21T18:55:00,Sep 21,6:55 PM ET,2d ago,home,Cleveland Browns,3.0,69.0,50.0,42.0,1.0,33.0,130.0,0.0,0.0
2026-09-24T03:37:18,nfl,nfl_20260927_carolina_panthers_cleveland_browns,20260927NFL00037,CIRCA,circa,change,16,2026-09-21T17:10:00,Sep 21,5:10 PM ET,2d ago,away,Carolina Panthers,-3.0,31.0,50.0,42.0,99.0,67.0,-150.0,50.0,50.0
2026-09-24T03:37:18,nfl,nfl_20260927_carolina_panthers_cleveland_browns,20260927NFL00037,CIRCA,circa,change,16,2026-09-21T17:10:00,Sep 21,5:10 PM ET,2d ago,home,Cleveland Browns,3.0,69.0,50.0,42.0,1.0,33.0,130.0,50.0,50.0
2026-09-24T03:37:18,nfl,nfl_20260927_carolina_panthers_cleveland_browns,20260927NFL00037,CIRCA,circa,change,17,2026-09-21T15:20:00,Sep 21,3:20 PM ET,2d ago,away,Carolina Panthers,-3.0,31.0,50.0,42.0,99.0,50.0,-150.0,50.0,50.0
2026-09-24T03:37:18,nfl,nfl_20260927_carolina_panthers_cleveland_browns,20260927NFL00037,CIRCA,circa,change,17,2026-09-21T15:20:00,Sep 21,3:20 PM ET,2d ago,home,Cleveland Browns,3.0,69.0,50.0,42.0,1.0,50.0,130.0,50.0,50.0
2026-09-24T03:37:18,nfl,nfl_20260927_carolina_panthers_cleveland_browns,20260927NFL00037,CIRCA,circa,change,18,2026-09-21T12:40:00,Sep 21,12:40 PM ET,2d ago,away,Carolina Panthers,-3.0,31.0,50.0,42.0,100.0,100.0,-150.0,50.0,50.0
2026-09-24T03:37:18,nfl,nfl_20260927_carolina_panthers_cleveland_browns,20260927NFL00037,CIRCA,circa,change,18,2026-09-21T12:40:00,Sep 21,12:40 PM ET,2d ago,home,Cleveland Browns,3.0,69.0,50.0,42.0,0.0,0.0,130.0,50.0,50.0
2026-09-24T03:37:18,nfl,nfl_20260927_carolina_panthers_cleveland_browns,20260927NFL00037,CIRCA,circa,change,19,2026-09-21T09:45:00,Sep 21,9:45 AM ET,2d ago,away,Carolina Panthers,-3.0,29.0,40.0,41.5,100.0,100.0,-150.0,50.0,50.0
2026-09-24T03:37:18,nfl,nfl_20260927_carolina_panthers_cleveland_browns,20260927NFL00037,CIRCA,circa,change,19,2026-09-21T09:45:00,Sep 21,9:45 AM ET,2d ago,home,Cleveland Browns,3.0,71.0,60.0,41.5,0.0,0.0,130.0,50.0,50.0
2026-09-24T03:37:18,nfl,nfl_20260927_carolina_panthers_cleveland_browns,20260927NFL00037,CIRCA,circa,change,20,2026-09-21T01:50:00,Sep 21,1:50 AM ET,3d ago,away,Carolina Panthers,-3.0,29.0,40.0,41.0,50.0,50.0,-155.0,50.0,50.0
2026-09-24T03:37:18,nfl,nfl_20260927_carolina_panthers_cleveland_browns,20260927NFL00037,CIRCA,circa,change,20,2026-09-21T01:50:00,Sep 21,1:50 AM ET,3d ago,home,Cleveland Browns,3.0,71.0,60.0,41.0,50.0,50.0,135.0,50.0,50.0
2026-09-24T03:37:18,nfl,nfl_20260927_carolina_panthers_cleveland_browns,20260927NFL00037,CIRCA,circa,change,21,2026-09-21T00:25:00,Sep 21,12:25 AM ET,3d ago,away,Carolina Panthers,-3.0,0.0,25.0,40.5,50.0,50.0,-155.0,50.0,50.0
2026-09-24T03:37:18,nfl,nfl_20260927_carolina_panthers_cleveland_browns,20260927NFL00037,CIRCA,circa,change,21,2026-09-21T00:25:00,Sep 21,12:25 AM ET,3d ago,home,Cleveland Browns,3.0,100.0,75.0,40.5,50.0,50.0,135.0,50.0,50.0
2026-09-24T03:37:18,nfl,nfl_20260927_carolina_panthers_cleveland_browns,20260927NFL00037,CIRCA,circa,change,22,2026-09-20T22:40:00,Sep 20,10:40 PM ET,3d ago,away,Carolina Panthers,-3.0,0.0,33.0,40.5,50.0,50.0,-155.0,50.0,50.0
2026-09-24T03:37:18,nfl,nfl_20260927_carolina_panthers_cleveland_browns,20260927NFL00037,CIRCA,circa,change,22,2026-09-20T22:40:00,Sep 20,10:40 PM ET,3d ago,home,Cleveland Browns,3.0,100.0,67.0,40.5,50.0,50.0,135.0,50.0,50.0
2026-09-24T03:37:18,nfl,nfl_20260927_carolina_panthers_cleveland_browns,20260927NFL00037,CIRCA,circa,change,23,2026-09-20T22:00:00,Sep 20,10:00 PM ET,3d ago,away,Carolina Panthers,-3.0,0.0,50.0,40.5,50.0,50.0,-155.0,50.0,50.0
2026-09-24T03:37:18,nfl,nfl_20260927_carolina_panthers_cleveland_browns,20260927NFL00037,CIRCA,circa,change,23,2026-09-20T22:00:00,Sep 20,10:00 PM ET,3d ago,home,Cleveland Browns,3.0,100.0,50.0,40.5,50.0,50.0,135.0,50.0,50.0
2026-09-24T03:37:18,nfl,nfl_20260927_carolina_panthers_cleveland_browns,20260927NFL00037,CIRCA,circa,change,24,2026-09-20T21:30:00,Sep 20,9:30 PM ET,3d ago,away,Carolina Panthers,-3.0,0.0,0.0,40.5,50.0,50.0,-155.0,50.0,50.0
2026-09-24T03:37:18,nfl,nfl_20260927_carolina_panthers_cleveland_browns,20260927NFL00037,CIRCA,circa,change,24,2026-09-20T21:30:00,Sep 20,9:30 PM ET,3d ago,home,Cleveland Browns,3.0,100.0,100.0,40.5,50.0,50.0,135.0,50.0,50.0
2026-09-24T03:37:18,nfl,nfl_20260927_carolina_panthers_cleveland_browns,20260927NFL00037,CIRCA,circa,change,25,2026-09-20T21:00:00,Sep 20,9:00 PM ET,3d ago,away,Carolina Panthers,-3.0,50.0,50.0,40.5,50.0,50.0,-155.0,50.0,50.0
2026-09-24T03:37:18,nfl,nfl_20260927_carolina_panthers_cleveland_browns,20260927NFL00037,CIRCA,circa,change,25,2026-09-20T21:00:00,Sep 20,9:00 PM ET,3d ago,home,Cleveland Browns,3.0,50.0,50.0,40.5,50.0,50.0,135.0,50.0,50.0
2026-09-24T03:37:19,nfl,nfl_20260927_cincinnati_bengals_pittsburgh_steelers,20260927NFL00038,DK,draftkings,open,1,2026-05-14T22:55:00,May 14,10:55 PM ET,132d ago,away,Cincinnati Bengals,,0.0,0.0,,0.0,0.0,-115.0,100.0,100.0
2026-09-24T03:37:19,nfl,nfl_20260927_cincinnati_bengals_pittsburgh_steelers,20260927NFL00038,DK,draftkings,open,1,2026-05-14T22:55:00,May 14,10:55 PM ET,132d ago,home,Pittsburgh Steelers,,0.0,0.0,,0.0,0.0,-105.0,0.0,0.0
2026-09-24T03:37:19,nfl,nfl_20260927_cincinnati_bengals_pittsburgh_steelers,20260927NFL00038,DK,draftkings,first_full,2,2026-05-17T13:40:00,May 17,1:40 PM ET,129d ago,away,Cincinnati Bengals,-1.5,100.0,100.0,47.5,4.0,50.0,-115.0,29.0,65.0
2026-09-24T03:37:19,nfl,nfl_20260927_cincinnati_bengals_pittsburgh_steelers,20260927NFL00038,DK,draftkings,first_full,2,2026-05-17T13:40:00,May 17,1:40 PM ET,129d ago,home,Pittsburgh Steelers,1.5,0.0,0.0,47.5,96.0,50.0,-105.0,71.0,35.0
2026-09-24T03:37:19,nfl,nfl_20260927_cincinnati_bengals_pittsburgh_steelers,20260927NFL00038,DK,draftkings,change,3,2026-09-24T02:50:00,Sep 24,2:50 AM ET,47m ago,away,Cincinnati Bengals,-3.5,62.0,76.0,42.5,12.0,34.0,-192.0,87.0,84.0
2026-09-24T03:37:19,nfl,nfl_20260927_cincinnati_bengals_pittsburgh_steelers,20260927NFL00038,DK,draftkings,change,3,2026-09-24T02:50:00,Sep 24,2:50 AM ET,47m ago,home,Pittsburgh Steelers,3.5,38.0,24.0,42.5,88.0,66.0,160.0,13.0,16.0
2026-09-24T03:37:19,nfl,nfl_20260927_cincinnati_bengals_pittsburgh_steelers,20260927NFL00038,DK,draftkings,change,4,2026-09-24T02:40:00,Sep 24,2:40 AM ET,57m ago,away,Cincinnati Bengals,-3.5,62.0,77.0,42.5,12.0,34.0,-192.0,87.0,84.0
2026-09-24T03:37:19,nfl,nfl_20260927_cincinnati_bengals_pittsburgh_steelers,20260927NFL00038,DK,draftkings,change,4,2026-09-24T02:40:00,Sep 24,2:40 AM ET,57m ago,home,Pittsburgh Steelers,3.5,38.0,23.0,42.5,88.0,66.0,160.0,13.0,16.0
2026-09-24T03:37:19,nfl,nfl_20260927_cincinnati_bengals_pittsburgh_steelers,20260927NFL00038,DK,draftkings,change,5,2026-09-24T02:25:00,Sep 24,2:25 AM ET,1h ago,away,Cincinnati Bengals,-3.5,62.0,76.0,42.5,12.0,34.0,-192.0,87.0,84.0
2026-09-24T03:37:19,nfl,nfl_20260927_cincinnati_bengals_pittsburgh_steelers,20260927NFL00038,DK,draftkings,change,5,2026-09-24T02:25:00,Sep 24,2:25 AM ET,1h ago,home,Pittsburgh Steelers,3.5,38.0,24.0,42.5,88.0,66.0,160.0,13.0,16.0
2026-09-24T03:37:19,nfl,nfl_20260927_cincinnati_bengals_pittsburgh_steelers,20260927NFL00038,DK,draftkings,change,6,2026-09-24T01:20:00,Sep 24,1:20 AM ET,2h ago,away,Cincinnati Bengals,-3.5,62.0,77.0,42.5,12.0,34.0,-192.0,87.0,84.0
2026-09-24T03:37:19,nfl,nfl_20260927_cincinnati_bengals_pittsburgh_steelers,20260927NFL00038,DK,draftkings,change,6,2026-09-24T01:20:00,Sep 24,1:20 AM ET,2h ago,home,Pittsburgh Steelers,3.5,38.0,23.0,42.5,88.0,66.0,160.0,13.0,16.0
2026-09-24T03:37:19,nfl,nfl_20260927_cincinnati_bengals_pittsburgh_steelers,20260927NFL00038,DK,draftkings,change,7,2026-09-24T01:15:00,Sep 24,1:15 AM ET,2h ago,away,Cincinnati Bengals,-3.5,62.0,76.0,42.5,12.0,34.0,-192.0,87.0,84.0
2026-09-24T03:37:19,nfl,nfl_20260927_cincinnati_bengals_pittsburgh_steelers,20260927NFL00038,DK,draftkings,change,7,2026-09-24T01:15:00,Sep 24,1:15 AM ET,2h ago,home,Pittsburgh Steelers,3.5,38.0,24.0,42.5,88.0,66.0,160.0,13.0,16.0
2026-09-24T03:37:19,nfl,nfl_20260927_cincinnati_bengals_pittsburgh_steelers,20260927NFL00038,DK,draftkings,change,8,2026-09-23T20:45:00,Sep 23,8:45 PM ET,6h ago,away,Cincinnati Bengals,-3.5,62.0,77.0,42.5,12.0,34.0,-192.0,87.0,84.0
2026-09-24T03:37:19,nfl,nfl_20260927_cincinnati_bengals_pittsburgh_steelers,20260927NFL00038,DK,draftkings,change,8,2026-09-23T20:45:00,Sep 23,8:45 PM ET,6h ago,home,Pittsburgh Steelers,3.5,38.0,23.0,42.5,88.0,66.0,160.0,13.0,16.0
2026-09-24T03:37:19,nfl,nfl_20260927_cincinnati_bengals_pittsburgh_steelers,20260927NFL00038,DK,draftkings,change,9,2026-09-23T20:40:00,Sep 23,8:40 PM ET,6h ago,away,Cincinnati Bengals,-3.5,62.0,77.0,42.5,12.0,33.0,-192.0,87.0,84.0
2026-09-24T03:37:19,nfl,nfl_20260927_cincinnati_bengals_pittsburgh_steelers,20260927NFL00038,DK,draftkings,change,9,2026-09-23T20:40:00,Sep 23,8:40 PM ET,6h ago,home,Pittsburgh Steelers,3.5,38.0,23.0,42.5,88.0,67.0,160.0,13.0,16.0
2026-09-24T03:37:19,nfl,nfl_20260927_cincinnati_bengals_pittsburgh_steelers,20260927NFL00038,DK,draftkings,change,10,2026-09-23T20:15:00,Sep 23,8:15 PM ET,7h ago,away,Cincinnati Bengals,-3.5,62.0,77.0,42.5,12.0,33.0,-192.0,86.0,84.0
2026-09-24T03:37:19,nfl,nfl_20260927_cincinnati_bengals_pittsburgh_steelers,20260927NFL00038,DK,draftkings,change,10,2026-09-23T20:15:00,Sep 23,8:15 PM ET,7h ago,home,Pittsburgh Steelers,3.5,38.0,23.0,42.5,88.0,67.0,160.0,14.0,16.0
2026-09-24T03:37:19,nfl,nfl_20260927_cincinnati_bengals_pittsburgh_steelers,20260927NFL00038,DK,draftkings,change,11,2026-09-23T19:10:00,Sep 23,7:10 PM ET,8h ago,away,Cincinnati Bengals,-3.5,62.0,78.0,42.5,12.0,33.0,-192.0,86.0,84.0
2026-09-24T03:37:19,nfl,nfl_20260927_cincinnati_bengals_pittsburgh_steelers,20260927NFL00038,DK,draftkings,change,11,2026-09-23T19:10:00,Sep 23,7:10 PM ET,8h ago,home,Pittsburgh Steelers,3.5,38.0,22.0,42.5,88.0,67.0,160.0,14.0,16.0
2026-09-24T03:37:19,nfl,nfl_20260927_cincinnati_bengals_pittsburgh_steelers,20260927NFL00038,DK,draftkings,change,12,2026-09-23T18:41:00,Sep 23,6:41 PM ET,8h ago,away,Cincinnati Bengals,-3.5,62.0,78.0,42.5,12.0,33.0,-185.0,85.0,84.0
2026-09-24T03:37:19,nfl,nfl_20260927_cincinnati_bengals_pittsburgh_steelers,20260927NFL00038,DK,draftkings,change,12,2026-09-23T18:41:00,Sep 23,6:41 PM ET,8h ago,home,Pittsburgh Steelers,3.5,38.0,22.0,42.5,88.0,67.0,154.0,15.0,16.0
2026-09-24T03:37:19,nfl,nfl_20260927_cincinnati_bengals_pittsburgh_steelers,20260927NFL00038,DK,draftkings,change,13,2026-09-23T18:30:00,Sep 23,6:30 PM ET,9h ago,away,Cincinnati Bengals,-3.5,62.0,78.0,42.5,12.0,33.0,-192.0,86.0,84.0
2026-09-24T03:37:19,nfl,nfl_20260927_cincinnati_bengals_pittsburgh_steelers,20260927NFL00038,DK,draftkings,change,13,2026-09-23T18:30:00,Sep 23,6:30 PM ET,9h ago,home,Pittsburgh Steelers,3.5,38.0,22.0,42.5,88.0,67.0,160.0,14.0,16.0
2026-09-24T03:37:19,nfl,nfl_20260927_cincinnati_bengals_pittsburgh_steelers,20260927NFL00038,DK,draftkings,change,14,2026-09-23T18:00:00,Sep 23,6:00 PM ET,9h ago,away,Cincinnati Bengals,-3.5,74.0,78.0,42.5,12.0,33.0,-192.0,87.0,84.0
2026-09-24T03:37:19,nfl,nfl_20260927_cincinnati_bengals_pittsburgh_steelers,20260927NFL00038,DK,draftkings,change,14,2026-09-23T18:00:00,Sep 23,6:00 PM ET,9h ago,home,Pittsburgh Steelers,3.5,26.0,22.0,42.5,88.0,67.0,160.0,13.0,16.0
2026-09-24T03:37:19,nfl,nfl_20260927_cincinnati_bengals_pittsburgh_steelers,20260927NFL00038,DK,draftkings,change,15,2026-09-23T17:40:00,Sep 23,5:40 PM ET,9h ago,away,Cincinnati Bengals,-3.5,77.0,78.0,42.5,12.0,33.0,-185.0,89.0,84.0
2026-09-24T03:37:19,nfl,nfl_20260927_cincinnati_bengals_pittsburgh_steelers,20260927NFL00038,DK,draftkings,change,15,2026-09-23T17:40:00,Sep 23,5:40 PM ET,9h ago,home,Pittsburgh Steelers,3.5,23.0,22.0,42.5,88.0,67.0,154.0,11.0,16.0
2026-09-24T03:37:19,nfl,nfl_20260927_cincinnati_bengals_pittsburgh_steelers,20260927NFL00038,DK,draftkings,change,16,2026-09-23T17:20:00,Sep 23,5:20 PM ET,10h ago,away,Cincinnati Bengals,-3.5,77.0,78.0,42.5,13.0,34.0,-185.0,89.0,84.0
2026-09-24T03:37:19,nfl,nfl_20260927_cincinnati_bengals_pittsburgh_steelers,20260927NFL00038,DK,draftkings,change,16,2026-09-23T17:20:00,Sep 23,5:20 PM ET,10h ago,home,Pittsburgh Steelers,3.5,23.0,22.0,42.5,87.0,66.0,154.0,11.0,16.0
2026-09-24T03:37:19,nfl,nfl_20260927_cincinnati_bengals_pittsburgh_steelers,20260927NFL00038,DK,draftkings,change,17,2026-09-23T17:10:00,Sep 23,5:10 PM ET,10h ago,away,Cincinnati Bengals,-3.5,77.0,78.0,42.5,12.0,33.0,-185.0,89.0,84.0
2026-09-24T03:37:19,nfl,nfl_20260927_cincinnati_bengals_pittsburgh_steelers,20260927NFL00038,DK,draftkings,change,17,2026-09-23T17:10:00,Sep 23,5:10 PM ET,10h ago,home,Pittsburgh Steelers,3.5,23.0,22.0,42.5,88.0,67.0,154.0,11.0,16.0
2026-09-24T03:37:19,nfl,nfl_20260927_cincinnati_bengals_pittsburgh_steelers,20260927NFL00038,DK,draftkings,change,18,2026-09-23T17:00:00,Sep 23,5:00 PM ET,10h ago,away,Cincinnati Bengals,-3.5,77.0,78.0,42.5,12.0,33.0,-185.0,91.0,84.0
2026-09-24T03:37:19,nfl,nfl_20260927_cincinnati_bengals_pittsburgh_steelers,20260927NFL00038,DK,draftkings,change,18,2026-09-23T17:00:00,Sep 23,5:00 PM ET,10h ago,home,Pittsburgh Steelers,3.5,23.0,22.0,42.5,88.0,67.0,154.0,9.0,16.0
2026-09-24T03:37:19,nfl,nfl_20260927_cincinnati_bengals_pittsburgh_steelers,20260927NFL00038,DK,draftkings,change,19,2026-09-23T16:30:00,Sep 23,4:30 PM ET,11h ago,away,Cincinnati Bengals,-3.5,76.0,78.0,42.5,12.0,33.0,-185.0,91.0,84.0
2026-09-24T03:37:19,nfl,nfl_20260927_cincinnati_bengals_pittsburgh_steelers,20260927NFL00038,DK,draftkings,change,19,2026-09-23T16:30:00,Sep 23,4:30 PM ET,11h ago,home,Pittsburgh Steelers,3.5,24.0,22.0,42.5,88.0,67.0,154.0,9.0,16.0
2026-09-24T03:37:19,nfl,nfl_20260927_cincinnati_bengals_pittsburgh_steelers,20260927NFL00038,DK,draftkings,change,20,2026-09-23T15:50:00,Sep 23,3:50 PM ET,11h ago,away,Cincinnati Bengals,-3.5,76.0,77.0,42.5,12.0,33.0,-192.0,90.0,84.0
2026-09-24T03:37:19,nfl,nfl_20260927_cincinnati_bengals_pittsburgh_steelers,20260927NFL00038,DK,draftkings,change,20,2026-09-23T15:50:00,Sep 23,3:50 PM ET,11h ago,home,Pittsburgh Steelers,3.5,24.0,23.0,42.5,88.0,67.0,160.0,10.0,16.0
2026-09-24T03:37:19,nfl,nfl_20260927_cincinnati_bengals_pittsburgh_steelers,20260927NFL00038,DK,draftkings,change,21,2026-09-23T15:40:00,Sep 23,3:40 PM ET,11h ago,away,Cincinnati Bengals,-3.5,76.0,77.0,42.5,12.0,33.0,-192.0,91.0,84.0
2026-09-24T03:37:19,nfl,nfl_20260927_cincinnati_bengals_pittsburgh_steelers,20260927NFL00038,DK,draftkings,change,21,2026-09-23T15:40:00,Sep 23,3:40 PM ET,11h ago,home,Pittsburgh Steelers,3.5,24.0,23.0,42.5,88.0,67.0,160.0,9.0,16.0
2026-09-24T03:37:19,nfl,nfl_20260927_cincinnati_bengals_pittsburgh_steelers,20260927NFL00038,DK,draftkings,change,22,2026-09-23T15:20:00,Sep 23,3:20 PM ET,12h ago,away,Cincinnati Bengals,-3.5,76.0,77.0,42.5,12.0,32.0,-192.0,91.0,84.0
2026-09-24T03:37:19,nfl,nfl_20260927_cincinnati_bengals_pittsburgh_steelers,20260927NFL00038,DK,draftkings,change,22,2026-09-23T15:20:00,Sep 23,3:20 PM ET,12h ago,home,Pittsburgh Steelers,3.5,24.0,23.0,42.5,88.0,68.0,160.0,9.0,16.0
2026-09-24T03:37:19,nfl,nfl_20260927_cincinnati_bengals_pittsburgh_steelers,20260927NFL00038,DK,draftkings,change,23,2026-09-23T14:10:00,Sep 23,2:10 PM ET,13h ago,away,Cincinnati Bengals,-3.5,77.0,77.0,42.5,12.0,32.0,-192.0,91.0,84.0
2026-09-24T03:37:19,nfl,nfl_20260927_cincinnati_bengals_pittsburgh_steelers,20260927NFL00038,DK,draftkings,change,23,2026-09-23T14:10:00,Sep 23,2:10 PM ET,13h ago,home,Pittsburgh Steelers,3.5,23.0,23.0,42.5,88.0,68.0,160.0,9.0,16.0
2026-09-24T03:37:19,nfl,nfl_20260927_cincinnati_bengals_pittsburgh_steelers,20260927NFL00038,DK,draftkings,change,24,2026-09-23T13:45:00,Sep 23,1:45 PM ET,13h ago,away,Cincinnati Bengals,-3.5,77.0,77.0,42.5,12.0,33.0,-192.0,91.0,84.0
2026-09-24T03:37:19,nfl,nfl_20260927_cincinnati_bengals_pittsburgh_steelers,20260927NFL00038,DK,draftkings,change,24,2026-09-23T13:45:00,Sep 23,1:45 PM ET,13h ago,home,Pittsburgh Steelers,3.5,23.0,23.0,42.5,88.0,67.0,160.0,9.0,16.0
2026-09-24T03:37:19,nfl,nfl_20260927_cincinnati_bengals_pittsburgh_steelers,20260927NFL00038,DK,draftkings,change,25,2026-09-23T13:35:00,Sep 23,1:35 PM ET,14h ago,away,Cincinnati Bengals,-3.5,77.0,77.0,42.5,13.0,33.0,-192.0,91.0,84.0
2026-09-24T03:37:19,nfl,nfl_20260927_cincinnati_bengals_pittsburgh_steelers,20260927NFL00038,DK,draftkings,change,25,2026-09-23T13:35:00,Sep 23,1:35 PM ET,14h ago,home,Pittsburgh Steelers,3.5,23.0,23.0,42.5,87.0,67.0,160.0,9.0,16.0
2026-09-24T03:37:19,nfl,nfl_20260927_cincinnati_bengals_pittsburgh_steelers,20260927NFL00038,DK,draftkings,change,26,2026-09-23T13:20:00,Sep 23,1:20 PM ET,14h ago,away,Cincinnati Bengals,-3.5,78.0,77.0,42.5,13.0,33.0,-192.0,91.0,84.0
2026-09-24T03:37:19,nfl,nfl_20260927_cincinnati_bengals_pittsburgh_steelers,20260927NFL00038,DK,draftkings,change,26,2026-09-23T13:20:00,Sep 23,1:20 PM ET,14h ago,home,Pittsburgh Steelers,3.5,22.0,23.0,42.5,87.0,67.0,160.0,9.0,16.0
2026-09-24T03:37:19,nfl,nfl_20260927_cincinnati_bengals_pittsburgh_steelers,20260927NFL00038,DK,draftkings,change,27,2026-09-23T12:15:00,Sep 23,12:15 PM ET,15h ago,away,Cincinnati Bengals,-3.5,79.0,77.0,42.5,13.0,32.0,-192.0,91.0,84.0
2026-09-24T03:37:19,nfl,nfl_20260927_cincinnati_bengals_pittsburgh_steelers,20260927NFL00038,DK,draftkings,change,27,2026-09-23T12:15:00,Sep 23,12:15 PM ET,15h ago,home,Pittsburgh Steelers,3.5,21.0,23.0,42.5,87.0,68.0,160.0,9.0,16.0
2026-09-24T03:37:21,nfl,nfl_20260927_cincinnati_bengals_pittsburgh_steelers,20260927NFL00038,CIRCA,circa,open,1,2026-09-20T21:00:00,Sep 20,9:00 PM ET,3d ago,away,Cincinnati Bengals,-3.0,50.0,50.0,43.0,50.0,50.0,-165.0,50.0,50.0
2026-09-24T03:37:21,nfl,nfl_20260927_cincinnati_bengals_pittsburgh_steelers,20260927NFL00038,CIRCA,circa,open,1,2026-09-20T21:00:00,Sep 20,9:00 PM ET,3d ago,home,Pittsburgh Steelers,3.0,50.0,50.0,43.0,50.0,50.0,145.0,50.0,50.0
2026-09-24T03:37:21,nfl,nfl_20260927_cincinnati_bengals_pittsburgh_steelers,20260927NFL00038,CIRCA,circa,change,2,2026-09-23T22:46:00,Sep 23,10:46 PM ET,4h ago,away,Cincinnati Bengals,-3.5,86.0,58.0,42.5,7.0,17.0,-185.0,100.0,100.0
2026-09-24T03:37:21,nfl,nfl_20260927_cincinnati_bengals_pittsburgh_steelers,20260927NFL00038,CIRCA,circa,change,2,2026-09-23T22:46:00,Sep 23,10:46 PM ET,4h ago,home,Pittsburgh Steelers,3.5,14.0,42.0,42.5,93.0,83.0,160.0,0.0,0.0
2026-09-24T03:37:21,nfl,nfl_20260927_cincinnati_bengals_pittsburgh_steelers,20260927NFL00038,CIRCA,circa,change,3,2026-09-23T22:20:00,Sep 23,10:20 PM ET,5h ago,away,Cincinnati Bengals,-3.5,86.0,58.0,42.5,25.0,18.0,-185.0,100.0,100.0
2026-09-24T03:37:21,nfl,nfl_20260927_cincinnati_bengals_pittsburgh_steelers,20260927NFL00038,CIRCA,circa,change,3,2026-09-23T22:20:00,Sep 23,10:20 PM ET,5h ago,home,Pittsburgh Steelers,3.5,14.0,42.0,42.5,75.0,82.0,160.0,0.0,0.0
2026-09-24T03:37:21,nfl,nfl_20260927_cincinnati_bengals_pittsburgh_steelers,20260927NFL00038,CIRCA,circa,change,4,2026-09-23T20:25:00,Sep 23,8:25 PM ET,7h ago,away,Cincinnati Bengals,-3.5,86.0,56.0,42.5,25.0,18.0,-185.0,100.0,100.0
2026-09-24T03:37:21,nfl,nfl_20260927_cincinnati_bengals_pittsburgh_steelers,20260927NFL00038,CIRCA,circa,change,4,2026-09-23T20:25:00,Sep 23,8:25 PM ET,7h ago,home,Pittsburgh Steelers,3.5,14.0,44.0,42.5,75.0,82.0,160.0,0.0,0.0
2026-09-24T03:37:21,nfl,nfl_20260927_cincinnati_bengals_pittsburgh_steelers,20260927NFL00038,CIRCA,circa,change,5,2026-09-23T19:15:00,Sep 23,7:15 PM ET,8h ago,away,Cincinnati Bengals,-3.5,87.0,58.0,42.5,25.0,18.0,-185.0,100.0,100.0
2026-09-24T03:37:21,nfl,nfl_20260927_cincinnati_bengals_pittsburgh_steelers,20260927NFL00038,CIRCA,circa,change,5,2026-09-23T19:15:00,Sep 23,7:15 PM ET,8h ago,home,Pittsburgh Steelers,3.5,13.0,42.0,42.5,75.0,82.0,160.0,0.0,0.0
2026-09-24T03:37:21,nfl,nfl_20260927_cincinnati_bengals_pittsburgh_steelers,20260927NFL00038,CIRCA,circa,change,6,2026-09-23T18:15:00,Sep 23,6:15 PM ET,9h ago,away,Cincinnati Bengals,-3.5,87.0,58.0,42.5,25.0,20.0,-185.0,100.0,100.0
2026-09-24T03:37:21,nfl,nfl_20260927_cincinnati_bengals_pittsburgh_steelers,20260927NFL00038,CIRCA,circa,change,6,2026-09-23T18:15:00,Sep 23,6:15 PM ET,9h ago,home,Pittsburgh Steelers,3.5,13.0,42.0,42.5,75.0,80.0,160.0,0.0,0.0
2026-09-24T03:37:21,nfl,nfl_20260927_cincinnati_bengals_pittsburgh_steelers,20260927NFL00038,CIRCA,circa,change,7,2026-09-23T15:10:00,Sep 23,3:10 PM ET,12h ago,away,Cincinnati Bengals,-3.5,87.0,58.0,42.5,28.0,22.0,-185.0,100.0,100.0
2026-09-24T03:37:21,nfl,nfl_20260927_cincinnati_bengals_pittsburgh_steelers,20260927NFL00038,CIRCA,circa,change,7,2026-09-23T15:10:00,Sep 23,3:10 PM ET,12h ago,home,Pittsburgh Steelers,3.5,13.0,42.0,42.5,72.0,78.0,160.0,0.0,0.0
2026-09-24T03:37:21,nfl,nfl_20260927_cincinnati_bengals_pittsburgh_steelers,20260927NFL00038,CIRCA,circa,change,8,2026-09-23T14:35:00,Sep 23,2:35 PM ET,13h ago,away,Cincinnati Bengals,-3.5,87.0,61.0,42.5,28.0,22.0,-185.0,100.0,100.0
2026-09-24T03:37:21,nfl,nfl_20260927_cincinnati_bengals_pittsburgh_steelers,20260927NFL00038,CIRCA,circa,change,8,2026-09-23T14:35:00,Sep 23,2:35 PM ET,13h ago,home,Pittsburgh Steelers,3.5,13.0,39.0,42.5,72.0,78.0,160.0,0.0,0.0
2026-09-24T03:37:21,nfl,nfl_20260927_cincinnati_bengals_pittsburgh_steelers,20260927NFL00038,CIRCA,circa,change,9,2026-09-23T12:55:00,Sep 23,12:55 PM ET,14h ago,away,Cincinnati Bengals,-3.5,87.0,61.0,42.5,21.0,13.0,-185.0,100.0,100.0
2026-09-24T03:37:21,nfl,nfl_20260927_cincinnati_bengals_pittsburgh_steelers,20260927NFL00038,CIRCA,circa,change,9,2026-09-23T12:55:00,Sep 23,12:55 PM ET,14h ago,home,Pittsburgh Steelers,3.5,13.0,39.0,42.5,79.0,88.0,160.0,0.0,0.0
2026-09-24T03:37:21,nfl,nfl_20260927_cincinnati_bengals_pittsburgh_steelers,20260927NFL00038,CIRCA,circa,change,10,2026-09-23T12:30:00,Sep 23,12:30 PM ET,15h ago,away,Cincinnati Bengals,-3.5,87.0,59.0,42.5,21.0,13.0,-185.0,100.0,100.0
2026-09-24T03:37:21,nfl,nfl_20260927_cincinnati_bengals_pittsburgh_steelers,20260927NFL00038,CIRCA,circa,change,10,2026-09-23T12:30:00,Sep 23,12:30 PM ET,15h ago,home,Pittsburgh Steelers,3.5,13.0,41.0,42.5,79.0,88.0,160.0,0.0,0.0
2026-09-24T03:37:21,nfl,nfl_20260927_cincinnati_bengals_pittsburgh_steelers,20260927NFL00038,CIRCA,circa,change,11,2026-09-23T12:00:00,Sep 23,12:00 PM ET,15h ago,away,Cincinnati Bengals,-3.5,92.0,60.0,42.5,21.0,13.0,-185.0,100.0,100.0
2026-09-24T03:37:21,nfl,nfl_20260927_cincinnati_bengals_pittsburgh_steelers,20260927NFL00038,CIRCA,circa,change,11,2026-09-23T12:00:00,Sep 23,12:00 PM ET,15h ago,home,Pittsburgh Steelers,3.5,8.0,40.0,42.5,79.0,88.0,160.0,0.0,0.0
2026-09-24T03:37:21,nfl,nfl_20260927_cincinnati_bengals_pittsburgh_steelers,20260927NFL00038,CIRCA,circa,change,12,2026-09-23T07:55:00,Sep 23,7:55 AM ET,19h ago,away,Cincinnati Bengals,-3.5,92.0,58.0,42.5,21.0,13.0,-185.0,100.0,100.0
2026-09-24T03:37:21,nfl,nfl_20260927_cincinnati_bengals_pittsburgh_steelers,20260927NFL00038,CIRCA,circa,change,12,2026-09-23T07:55:00,Sep 23,7:55 AM ET,19h ago,home,Pittsburgh Steelers,3.5,8.0,42.0,42.5,79.0,88.0,160.0,0.0,0.0
2026-09-24T03:37:21,nfl,nfl_20260927_cincinnati_bengals_pittsburgh_steelers,20260927NFL00038,CIRCA,circa,change,13,2026-09-23T05:36:00,Sep 23,5:36 AM ET,22h ago,away,Cincinnati Bengals,-3.5,92.0,61.0,42.5,21.0,13.0,-185.0,100.0,100.0
2026-09-24T03:37:21,nfl,nfl_20260927_cincinnati_bengals_pittsburgh_steelers,20260927NFL00038,CIRCA,circa,change,13,2026-09-23T05:36:00,Sep 23,5:36 AM ET,22h ago,home,Pittsburgh Steelers,3.5,8.0,39.0,42.5,79.0,88.0,160.0,0.0,0.0
2026-09-24T03:37:21,nfl,nfl_20260927_cincinnati_bengals_pittsburgh_steelers,20260927NFL00038,CIRCA,circa,change,14,2026-09-23T01:25:00,Sep 23,1:25 AM ET,1d ago,away,Cincinnati Bengals,-3.5,92.0,61.0,42.5,21.0,13.0,-185.0,50.0,50.0
2026-09-24T03:37:21,nfl,nfl_20260927_cincinnati_bengals_pittsburgh_steelers,20260927NFL00038,CIRCA,circa,change,14,2026-09-23T01:25:00,Sep 23,1:25 AM ET,1d ago,home,Pittsburgh Steelers,3.5,8.0,39.0,42.5,79.0,88.0,160.0,50.0,50.0
2026-09-24T03:37:21,nfl,nfl_20260927_cincinnati_bengals_pittsburgh_steelers,20260927NFL00038,CIRCA,circa,change,15,2026-09-22T17:40:00,Sep 22,5:40 PM ET,1d ago,away,Cincinnati Bengals,-3.5,92.0,59.0,42.5,21.0,13.0,-185.0,50.0,50.0
2026-09-24T03:37:21,nfl,nfl_20260927_cincinnati_bengals_pittsburgh_steelers,20260927NFL00038,CIRCA,circa,change,15,2026-09-22T17:40:00,Sep 22,5:40 PM ET,1d ago,home,Pittsburgh Steelers,3.5,8.0,41.0,42.5,79.0,88.0,160.0,50.0,50.0
2026-09-24T03:37:21,nfl,nfl_20260927_cincinnati_bengals_pittsburgh_steelers,20260927NFL00038,CIRCA,circa,change,16,2026-09-22T15:40:00,Sep 22,3:40 PM ET,1d ago,away,Cincinnati Bengals,-3.5,91.0,56.0,42.5,21.0,13.0,-185.0,50.0,50.0
2026-09-24T03:37:21,nfl,nfl_20260927_cincinnati_bengals_pittsburgh_steelers,20260927NFL00038,CIRCA,circa,change,16,2026-09-22T15:40:00,Sep 22,3:40 PM ET,1d ago,home,Pittsburgh Steelers,3.5,9.0,44.0,42.5,79.0,88.0,160.0,50.0,50.0
2026-09-24T03:37:21,nfl,nfl_20260927_cincinnati_bengals_pittsburgh_steelers,20260927NFL00038,CIRCA,circa,change,17,2026-09-22T13:05:00,Sep 22,1:05 PM ET,1d ago,away,Cincinnati Bengals,-3.5,91.0,56.0,42.5,22.0,14.0,-185.0,50.0,50.0
2026-09-24T03:37:21,nfl,nfl_20260927_cincinnati_bengals_pittsburgh_steelers,20260927NFL00038,CIRCA,circa,change,17,2026-09-22T13:05:00,Sep 22,1:05 PM ET,1d ago,home,Pittsburgh Steelers,3.5,9.0,44.0,42.5,78.0,86.0,160.0,50.0,50.0
2026-09-24T03:37:21,nfl,nfl_20260927_cincinnati_bengals_pittsburgh_steelers,20260927NFL00038,CIRCA,circa,change,18,2026-09-22T12:40:00,Sep 22,12:40 PM ET,1d ago,away,Cincinnati Bengals,-3.5,91.0,53.0,42.5,22.0,14.0,-185.0,50.0,50.0
2026-09-24T03:37:21,nfl,nfl_20260927_cincinnati_bengals_pittsburgh_steelers,20260927NFL00038,CIRCA,circa,change,18,2026-09-22T12:40:00,Sep 22,12:40 PM ET,1d ago,home,Pittsburgh Steelers,3.5,9.0,47.0,42.5,78.0,86.0,160.0,50.0,50.0
2026-09-24T03:37:21,nfl,nfl_20260927_cincinnati_bengals_pittsburgh_steelers,20260927NFL00038,CIRCA,circa,change,19,2026-09-22T11:45:00,Sep 22,11:45 AM ET,1d ago,away,Cincinnati Bengals,-3.5,93.0,57.0,42.5,22.0,14.0,-185.0,50.0,50.0
2026-09-24T03:37:21,nfl,nfl_20260927_cincinnati_bengals_pittsburgh_steelers,20260927NFL00038,CIRCA,circa,change,19,2026-09-22T11:45:00,Sep 22,11:45 AM ET,1d ago,home,Pittsburgh Steelers,3.5,7.0,43.0,42.5,78.0,86.0,160.0,50.0,50.0
2026-09-24T03:37:21,nfl,nfl_20260927_cincinnati_bengals_pittsburgh_steelers,20260927NFL00038,CIRCA,circa,change,20,2026-09-22T05:05:00,Sep 22,5:05 AM ET,1d ago,away,Cincinnati Bengals,-3.5,93.0,57.0,42.5,28.0,17.0,-185.0,50.0,50.0
2026-09-24T03:37:21,nfl,nfl_20260927_cincinnati_bengals_pittsburgh_steelers,20260927NFL00038,CIRCA,circa,change,20,2026-09-22T05:05:00,Sep 22,5:05 AM ET,1d ago,home,Pittsburgh Steelers,3.5,7.0,43.0,42.5,72.0,83.0,160.0,50.0,50.0
2026-09-24T03:37:21,nfl,nfl_20260927_cincinnati_bengals_pittsburgh_steelers,20260927NFL00038,CIRCA,circa,change,21,2026-09-22T03:10:00,Sep 22,3:10 AM ET,2d ago,away,Cincinnati Bengals,-3.5,93.0,57.0,42.5,64.0,20.0,-185.0,50.0,50.0
2026-09-24T03:37:21,nfl,nfl_20260927_cincinnati_bengals_pittsburgh_steelers,20260927NFL00038,CIRCA,circa,change,21,2026-09-22T03:10:00,Sep 22,3:10 AM ET,2d ago,home,Pittsburgh Steelers,3.5,7.0,43.0,42.5,36.0,80.0,160.0,50.0,50.0
2026-09-24T03:37:21,nfl,nfl_20260927_cincinnati_bengals_pittsburgh_steelers,20260927NFL00038,CIRCA,circa,change,22,2026-09-22T01:00:00,Sep 22,1:00 AM ET,2d ago,away,Cincinnati Bengals,-3.5,93.0,54.0,42.5,64.0,20.0,-185.0,50.0,50.0
2026-09-24T03:37:21,nfl,nfl_20260927_cincinnati_bengals_pittsburgh_steelers,20260927NFL00038,CIRCA,circa,change,22,2026-09-22T01:00:00,Sep 22,1:00 AM ET,2d ago,home,Pittsburgh Steelers,3.5,7.0,46.0,42.5,36.0,80.0,160.0,50.0,50.0
2026-09-24T03:37:21,nfl,nfl_20260927_cincinnati_bengals_pittsburgh_steelers,20260927NFL00038,CIRCA,circa,change,23,2026-09-21T21:55:00,Sep 21,9:55 PM ET,2d ago,away,Cincinnati Bengals,-3.5,93.0,54.0,42.5,66.0,25.0,-185.0,50.0,50.0
2026-09-24T03:37:21,nfl,nfl_20260927_cincinnati_bengals_pittsburgh_steelers,20260927NFL00038,CIRCA,circa,change,23,2026-09-21T21:55:00,Sep 21,9:55 PM ET,2d ago,home,Pittsburgh Steelers,3.5,7.0,46.0,42.5,34.0,75.0,160.0,50.0,50.0
2026-09-24T03:37:21,nfl,nfl_20260927_cincinnati_bengals_pittsburgh_steelers,20260927NFL00038,CIRCA,circa,change,24,2026-09-21T21:35:00,Sep 21,9:35 PM ET,2d ago,away,Cincinnati Bengals,-3.5,93.0,58.0,42.5,66.0,25.0,-185.0,50.0,50.0
2026-09-24T03:37:21,nfl,nfl_20260927_cincinnati_bengals_pittsburgh_steelers,20260927NFL00038,CIRCA,circa,change,24,2026-09-21T21:35:00,Sep 21,9:35 PM ET,2d ago,home,Pittsburgh Steelers,3.5,7.0,42.0,42.5,34.0,75.0,160.0,50.0,50.0
2026-09-24T03:37:21,nfl,nfl_20260927_cincinnati_bengals_pittsburgh_steelers,20260927NFL00038,CIRCA,circa,change,25,2026-09-21T15:20:00,Sep 21,3:20 PM ET,2d ago,away,Cincinnati Bengals,-3.5,93.0,55.0,42.5,66.0,25.0,-185.0,50.0,50.0
2026-09-24T03:37:21,nfl,nfl_20260927_cincinnati_bengals_pittsburgh_steelers,20260927NFL00038,CIRCA,circa,change,25,2026-09-21T15:20:00,Sep 21,3:20 PM ET,2d ago,home,Pittsburgh Steelers,3.5,7.0,45.0,42.5,34.0,75.0,160.0,50.0,50.0
2026-09-24T03:37:21,nfl,nfl_20260927_cincinnati_bengals_pittsburgh_steelers,20260927NFL00038,CIRCA,circa,change,26,2026-09-21T14:35:00,Sep 21,2:35 PM ET,2d ago,away,Cincinnati Bengals,-3.5,93.0,55.0,42.5,68.0,33.0,-185.0,50.0,50.0
2026-09-24T03:37:21,nfl,nfl_20260927_cincinnati_bengals_pittsburgh_steelers,20260927NFL00038,CIRCA,circa,change,26,2026-09-21T14:35:00,Sep 21,2:35 PM ET,2d ago,home,Pittsburgh Steelers,3.5,7.0,45.0,42.5,32.0,67.0,160.0,50.0,50.0
2026-09-24T03:37:22,nfl,nfl_20260927_houston_texans_indianapolis_colts,20260927NFL00040,DK,draftkings,open,1,2026-05-14T22:40:00,May 14,10:40 PM ET,132d ago,away,Houston Texans,,0.0,0.0,,0.0,0.0,-130.0,0.0,0.0
2026-09-24T03:37:22,nfl,nfl_20260927_houston_texans_indianapolis_colts,20260927NFL00040,DK,draftkings,open,1,2026-05-14T22:40:00,May 14,10:40 PM ET,132d ago,home,Indianapolis Colts,,0.0,0.0,,0.0,0.0,110.0,100.0,100.0
2026-09-24T03:37:22,nfl,nfl_20260927_houston_texans_indianapolis_colts,20260927NFL00040,DK,draftkings,first_full,2,2026-05-18T14:25:00,May 18,2:25 PM ET,128d ago,away,Houston Texans,-1.5,100.0,75.0,45.5,100.0,100.0,-130.0,35.0,54.0
2026-09-24T03:37:22,nfl,nfl_20260927_houston_texans_indianapolis_colts,20260927NFL00040,DK,draftkings,first_full,2,2026-05-18T14:25:00,May 18,2:25 PM ET,128d ago,home,Indianapolis Colts,1.5,0.0,25.0,45.5,0.0,0.0,110.0,65.0,46.0
2026-09-24T03:37:22,nfl,nfl_20260927_houston_texans_indianapolis_colts,20260927NFL00040,DK,draftkings,change,3,2026-09-24T03:30:00,Sep 24,3:30 AM ET,7m ago,away,Houston Texans,-2.5,71.0,46.0,42.5,44.0,65.0,-142.0,68.0,53.0
2026-09-24T03:37:22,nfl,nfl_20260927_houston_texans_indianapolis_colts,20260927NFL00040,DK,draftkings,change,3,2026-09-24T03:30:00,Sep 24,3:30 AM ET,7m ago,home,Indianapolis Colts,2.5,29.0,54.0,42.5,56.0,35.0,120.0,32.0,47.0
2026-09-24T03:37:22,nfl,nfl_20260927_houston_texans_indianapolis_colts,20260927NFL00040,DK,draftkings,change,4,2026-09-24T03:15:00,Sep 24,3:15 AM ET,22m ago,away,Houston Texans,-2.5,71.0,46.0,42.5,44.0,65.0,-142.0,67.0,52.0
2026-09-24T03:37:22,nfl,nfl_20260927_houston_texans_indianapolis_colts,20260927NFL00040,DK,draftkings,change,4,2026-09-24T03:15:00,Sep 24,3:15 AM ET,22m ago,home,Indianapolis Colts,2.5,29.0,54.0,42.5,56.0,35.0,120.0,33.0,48.0
2026-09-24T03:37:22,nfl,nfl_20260927_houston_texans_indianapolis_colts,20260927NFL00040,DK,draftkings,change,5,2026-09-24T02:10:00,Sep 24,2:10 AM ET,1h ago,away,Houston Texans,-2.5,71.0,46.0,42.5,44.0,65.0,-142.0,67.0,53.0
2026-09-24T03:37:22,nfl,nfl_20260927_houston_texans_indianapolis_colts,20260927NFL00040,DK,draftkings,change,5,2026-09-24T02:10:00,Sep 24,2:10 AM ET,1h ago,home,Indianapolis Colts,2.5,29.0,54.0,42.5,56.0,35.0,120.0,33.0,47.0
2026-09-24T03:37:22,nfl,nfl_20260927_houston_texans_indianapolis_colts,20260927NFL00040,DK,draftkings,change,6,2026-09-24T01:25:00,Sep 24,1:25 AM ET,2h ago,away,Houston Texans,-2.5,71.0,47.0,42.5,44.0,65.0,-142.0,67.0,53.0
2026-09-24T03:37:22,nfl,nfl_20260927_houston_texans_indianapolis_colts,20260927NFL00040,DK,draftkings,change,6,2026-09-24T01:25:00,Sep 24,1:25 AM ET,2h ago,home,Indianapolis Colts,2.5,29.0,53.0,42.5,56.0,35.0,120.0,33.0,47.0
2026-09-24T03:37:22,nfl,nfl_20260927_houston_texans_indianapolis_colts,20260927NFL00040,DK,draftkings,change,7,2026-09-24T00:50:00,Sep 24,12:50 AM ET,2h ago,away,Houston Texans,-2.5,71.0,46.0,42.5,44.0,65.0,-142.0,67.0,53.0
2026-09-24T03:37:22,nfl,nfl_20260927_houston_texans_indianapolis_colts,20260927NFL00040,DK,draftkings,change,7,2026-09-24T00:50:00,Sep 24,12:50 AM ET,2h ago,home,Indianapolis Colts,2.5,29.0,54.0,42.5,56.0,35.0,120.0,33.0,47.0
2026-09-24T03:37:22,nfl,nfl_20260927_houston_texans_indianapolis_colts,20260927NFL00040,DK,draftkings,change,8,2026-09-23T23:55:00,Sep 23,11:55 PM ET,3h ago,away,Houston Texans,-2.5,71.0,46.0,42.5,44.0,66.0,-142.0,67.0,53.0
2026-09-24T03:37:22,nfl,nfl_20260927_houston_texans_indianapolis_colts,20260927NFL00040,DK,draftkings,change,8,2026-09-23T23:55:00,Sep 23,11:55 PM ET,3h ago,home,Indianapolis Colts,2.5,29.0,54.0,42.5,56.0,34.0,120.0,33.0,47.0
2026-09-24T03:37:22,nfl,nfl_20260927_houston_texans_indianapolis_colts,20260927NFL00040,DK,draftkings,change,9,2026-09-23T23:20:00,Sep 23,11:20 PM ET,4h ago,away,Houston Texans,-2.5,71.0,46.0,42.5,44.0,66.0,-142.0,68.0,53.0
2026-09-24T03:37:22,nfl,nfl_20260927_houston_texans_indianapolis_colts,20260927NFL00040,DK,draftkings,change,9,2026-09-23T23:20:00,Sep 23,11:20 PM ET,4h ago,home,Indianapolis Colts,2.5,29.0,54.0,42.5,56.0,34.0,120.0,32.0,47.0
2026-09-24T03:37:22,nfl,nfl_20260927_houston_texans_indianapolis_colts,20260927NFL00040,DK,draftkings,change,10,2026-09-23T23:10:00,Sep 23,11:10 PM ET,4h ago,away,Houston Texans,-2.5,71.0,44.0,42.5,44.0,66.0,-142.0,68.0,52.0
2026-09-24T03:37:22,nfl,nfl_20260927_houston_texans_indianapolis_colts,20260927NFL00040,DK,draftkings,change,10,2026-09-23T23:10:00,Sep 23,11:10 PM ET,4h ago,home,Indianapolis Colts,2.5,29.0,56.0,42.5,56.0,34.0,120.0,32.0,48.0
2026-09-24T03:37:22,nfl,nfl_20260927_houston_texans_indianapolis_colts,20260927NFL00040,DK,draftkings,change,11,2026-09-23T23:05:00,Sep 23,11:05 PM ET,4h ago,away,Houston Texans,-2.5,71.0,45.0,42.5,44.0,66.0,-142.0,68.0,52.0
2026-09-24T03:37:22,nfl,nfl_20260927_houston_texans_indianapolis_colts,20260927NFL00040,DK,draftkings,change,11,2026-09-23T23:05:00,Sep 23,11:05 PM ET,4h ago,home,Indianapolis Colts,2.5,29.0,55.0,42.5,56.0,34.0,120.0,32.0,48.0
2026-09-24T03:37:22,nfl,nfl_20260927_houston_texans_indianapolis_colts,20260927NFL00040,DK,draftkings,change,12,2026-09-23T22:30:00,Sep 23,10:30 PM ET,5h ago,away,Houston Texans,-2.5,71.0,45.0,42.5,44.0,66.0,-142.0,68.0,53.0
2026-09-24T03:37:22,nfl,nfl_20260927_houston_texans_indianapolis_colts,20260927NFL00040,DK,draftkings,change,12,2026-09-23T22:30:00,Sep 23,10:30 PM ET,5h ago,home,Indianapolis Colts,2.5,29.0,55.0,42.5,56.0,34.0,120.0,32.0,47.0
2026-09-24T03:37:22,nfl,nfl_20260927_houston_texans_indianapolis_colts,20260927NFL00040,DK,draftkings,change,13,2026-09-23T22:00:00,Sep 23,10:00 PM ET,5h ago,away,Houston Texans,-2.5,71.0,44.0,42.5,44.0,66.0,-142.0,68.0,53.0
2026-09-24T03:37:22,nfl,nfl_20260927_houston_texans_indianapolis_colts,20260927NFL00040,DK,draftkings,change,13,2026-09-23T22:00:00,Sep 23,10:00 PM ET,5h ago,home,Indianapolis Colts,2.5,29.0,56.0,42.5,56.0,34.0,120.0,32.0,47.0
2026-09-24T03:37:22,nfl,nfl_20260927_houston_texans_indianapolis_colts,20260927NFL00040,DK,draftkings,change,14,2026-09-23T21:45:00,Sep 23,9:45 PM ET,5h ago,away,Houston Texans,-2.5,71.0,44.0,42.5,44.0,66.0,-142.0,69.0,53.0
2026-09-24T03:37:22,nfl,nfl_20260927_houston_texans_indianapolis_colts,20260927NFL00040,DK,draftkings,change,14,2026-09-23T21:45:00,Sep 23,9:45 PM ET,5h ago,home,Indianapolis Colts,2.5,29.0,56.0,42.5,56.0,34.0,120.0,31.0,47.0
2026-09-24T03:37:22,nfl,nfl_20260927_houston_texans_indianapolis_colts,20260927NFL00040,DK,draftkings,change,15,2026-09-23T21:30:00,Sep 23,9:30 PM ET,6h ago,away,Houston Texans,-2.5,71.0,44.0,42.5,24.0,66.0,-142.0,69.0,53.0
2026-09-24T03:37:22,nfl,nfl_20260927_houston_texans_indianapolis_colts,20260927NFL00040,DK,draftkings,change,15,2026-09-23T21:30:00,Sep 23,9:30 PM ET,6h ago,home,Indianapolis Colts,2.5,29.0,56.0,42.5,76.0,34.0,120.0,31.0,47.0
2026-09-24T03:37:22,nfl,nfl_20260927_houston_texans_indianapolis_colts,20260927NFL00040,DK,draftkings,change,16,2026-09-23T21:20:00,Sep 23,9:20 PM ET,6h ago,away,Houston Texans,-2.5,71.0,44.0,42.5,24.0,65.0,-142.0,69.0,53.0
2026-09-24T03:37:22,nfl,nfl_20260927_houston_texans_indianapolis_colts,20260927NFL00040,DK,draftkings,change,16,2026-09-23T21:20:00,Sep 23,9:20 PM ET,6h ago,home,Indianapolis Colts,2.5,29.0,56.0,42.5,76.0,35.0,120.0,31.0,47.0
2026-09-24T03:37:22,nfl,nfl_20260927_houston_texans_indianapolis_colts,20260927NFL00040,DK,draftkings,change,17,2026-09-23T21:05:00,Sep 23,9:05 PM ET,6h ago,away,Houston Texans,-2.5,71.0,44.0,42.5,25.0,66.0,-142.0,69.0,53.0
2026-09-24T03:37:22,nfl,nfl_20260927_houston_texans_indianapolis_colts,20260927NFL00040,DK,draftkings,change,17,2026-09-23T21:05:00,Sep 23,9:05 PM ET,6h ago,home,Indianapolis Colts,2.5,29.0,56.0,42.5,75.0,34.0,120.0,31.0,47.0
2026-09-24T03:37:22,nfl,nfl_20260927_houston_texans_indianapolis_colts,20260927NFL00040,DK,draftkings,change,18,2026-09-23T20:55:00,Sep 23,8:55 PM ET,6h ago,away,Houston Texans,-2.5,71.0,44.0,42.5,25.0,65.0,-142.0,69.0,53.0
2026-09-24T03:37:22,nfl,nfl_20260927_houston_texans_indianapolis_colts,20260927NFL00040,DK,draftkings,change,18,2026-09-23T20:55:00,Sep 23,8:55 PM ET,6h ago,home,Indianapolis Colts,2.5,29.0,56.0,42.5,75.0,35.0,120.0,31.0,47.0
2026-09-24T03:37:22,nfl,nfl_20260927_houston_texans_indianapolis_colts,20260927NFL00040,DK,draftkings,change,19,2026-09-23T20:50:00,Sep 23,8:50 PM ET,6h ago,away,Houston Texans,-2.5,71.0,44.0,42.5,25.0,65.0,-142.0,69.0,52.0
2026-09-24T03:37:22,nfl,nfl_20260927_houston_texans_indianapolis_colts,20260927NFL00040,DK,draftkings,change,19,2026-09-23T20:50:00,Sep 23,8:50 PM ET,6h ago,home,Indianapolis Colts,2.5,29.0,56.0,42.5,75.0,35.0,120.0,31.0,48.0
2026-09-24T03:37:22,nfl,nfl_20260927_houston_texans_indianapolis_colts,20260927NFL00040,DK,draftkings,change,20,2026-09-23T20:40:00,Sep 23,8:40 PM ET,6h ago,away,Houston Texans,-2.5,71.0,44.0,42.5,24.0,65.0,-142.0,69.0,53.0
2026-09-24T03:37:22,nfl,nfl_20260927_houston_texans_indianapolis_colts,20260927NFL00040,DK,draftkings,change,20,2026-09-23T20:40:00,Sep 23,8:40 PM ET,6h ago,home,Indianapolis Colts,2.5,29.0,56.0,42.5,76.0,35.0,120.0,31.0,47.0
2026-09-24T03:37:22,nfl,nfl_20260927_houston_texans_indianapolis_colts,20260927NFL00040,DK,draftkings,change,21,2026-09-23T20:30:00,Sep 23,8:30 PM ET,7h ago,away,Houston Texans,-2.5,71.0,44.0,42.5,24.0,65.0,-142.0,69.0,52.0
2026-09-24T03:37:22,nfl,nfl_20260927_houston_texans_indianapolis_colts,20260927NFL00040,DK,draftkings,change,21,2026-09-23T20:30:00,Sep 23,8:30 PM ET,7h ago,home,Indianapolis Colts,2.5,29.0,56.0,42.5,76.0,35.0,120.0,31.0,48.0
2026-09-24T03:37:22,nfl,nfl_20260927_houston_texans_indianapolis_colts,20260927NFL00040,DK,draftkings,change,22,2026-09-23T19:15:00,Sep 23,7:15 PM ET,8h ago,away,Houston Texans,-2.5,73.0,44.0,42.5,24.0,65.0,-142.0,69.0,53.0
2026-09-24T03:37:22,nfl,nfl_20260927_houston_texans_indianapolis_colts,20260927NFL00040,DK,draftkings,change,22,2026-09-23T19:15:00,Sep 23,7:15 PM ET,8h ago,home,Indianapolis Colts,2.5,27.0,56.0,42.5,76.0,35.0,120.0,31.0,47.0
2026-09-24T03:37:22,nfl,nfl_20260927_houston_texans_indianapolis_colts,20260927NFL00040,DK,draftkings,change,23,2026-09-23T18:50:00,Sep 23,6:50 PM ET,8h ago,away,Houston Texans,-2.5,73.0,44.0,42.5,24.0,65.0,-142.0,70.0,53.0
2026-09-24T03:37:22,nfl,nfl_20260927_houston_texans_indianapolis_colts,20260927NFL00040,DK,draftkings,change,23,2026-09-23T18:50:00,Sep 23,6:50 PM ET,8h ago,home,Indianapolis Colts,2.5,27.0,56.0,42.5,76.0,35.0,120.0,30.0,47.0
2026-09-24T03:37:22,nfl,nfl_20260927_houston_texans_indianapolis_colts,20260927NFL00040,DK,draftkings,change,24,2026-09-23T18:41:00,Sep 23,6:41 PM ET,8h ago,away,Houston Texans,-2.5,73.0,43.0,42.5,24.0,65.0,-142.0,70.0,53.0
2026-09-24T03:37:22,nfl,nfl_20260927_houston_texans_indianapolis_colts,20260927NFL00040,DK,draftkings,change,24,2026-09-23T18:41:00,Sep 23,6:41 PM ET,8h ago,home,Indianapolis Colts,2.5,27.0,57.0,42.5,76.0,35.0,120.0,30.0,47.0
2026-09-24T03:37:22,nfl,nfl_20260927_houston_texans_indianapolis_colts,20260927NFL00040,DK,draftkings,change,25,2026-09-23T18:30:00,Sep 23,6:30 PM ET,9h ago,away,Houston Texans,-2.5,73.0,44.0,42.5,24.0,65.0,-142.0,70.0,53.0
2026-09-24T03:37:22,nfl,nfl_20260927_houston_texans_indianapolis_colts,20260927NFL00040,DK,draftkings,change,25,2026-09-23T18:30:00,Sep 23,6:30 PM ET,9h ago,home,Indianapolis Colts,2.5,27.0,56.0,42.5,76.0,35.0,120.0,30.0,47.0
2026-09-24T03:37:22,nfl,nfl_20260927_houston_texans_indianapolis_colts,20260927NFL00040,DK,draftkings,change,26,2026-09-23T17:40:00,Sep 23,5:40 PM ET,9h ago,away,Houston Texans,-2.5,73.0,44.0,42.5,24.0,65.0,-142.0,69.0,53.0
2026-09-24T03:37:22,nfl,nfl_20260927_houston_texans_indianapolis_colts,20260927NFL00040,DK,draftkings,change,26,2026-09-23T17:40:00,Sep 23,5:40 PM ET,9h ago,home,Indianapolis Colts,2.5,27.0,56.0,42.5,76.0,35.0,120.0,31.0,47.0
2026-09-24T03:37:22,nfl,nfl_20260927_houston_texans_indianapolis_colts,20260927NFL00040,DK,draftkings,change,27,2026-09-23T17:10:00,Sep 23,5:10 PM ET,10h ago,away,Houston Texans,-2.5,73.0,44.0,42.5,24.0,66.0,-142.0,69.0,53.0
2026-09-24T03:37:22,nfl,nfl_20260927_houston_texans_indianapolis_colts,20260927NFL00040,DK,draftkings,change,27,2026-09-23T17:10:00,Sep 23,5:10 PM ET,10h ago,home,Indianapolis Colts,2.5,27.0,56.0,42.5,76.0,34.0,120.0,31.0,47.0
2026-09-24T03:37:23,nfl,nfl_20260927_houston_texans_indianapolis_colts,20260927NFL00040,CIRCA,circa,open,1,2026-09-21T09:45:00,Sep 21,9:45 AM ET,2d ago,away,Houston Texans,-2.5,50.0,50.0,44.5,50.0,50.0,-140.0,50.0,50.0
2026-09-24T03:37:23,nfl,nfl_20260927_houston_texans_indianapolis_colts,20260927NFL00040,CIRCA,circa,open,1,2026-09-21T09:45:00,Sep 21,9:45 AM ET,2d ago,home,Indianapolis Colts,2.5,50.0,50.0,44.5,50.0,50.0,120.0,50.0,50.0
2026-09-24T03:37:23,nfl,nfl_20260927_houston_texans_indianapolis_colts,20260927NFL00040,CIRCA,circa,change,2,2026-09-23T18:15:00,Sep 23,6:15 PM ET,9h ago,away,Houston Texans,-2.5,47.0,67.0,42.5,3.0,33.0,-140.0,98.0,60.0
2026-09-24T03:37:23,nfl,nfl_20260927_houston_texans_indianapolis_colts,20260927NFL00040,CIRCA,circa,change,2,2026-09-23T18:15:00,Sep 23,6:15 PM ET,9h ago,home,Indianapolis Colts,2.5,53.0,33.0,42.5,97.0,67.0,120.0,2.0,40.0
2026-09-24T03:37:23,nfl,nfl_20260927_houston_texans_indianapolis_colts,20260927NFL00040,CIRCA,circa,change,3,2026-09-23T14:05:00,Sep 23,2:05 PM ET,13h ago,away,Houston Texans,-2.5,47.0,64.0,42.5,3.0,33.0,-140.0,98.0,60.0
2026-09-24T03:37:23,nfl,nfl_20260927_houston_texans_indianapolis_colts,20260927NFL00040,CIRCA,circa,change,3,2026-09-23T14:05:00,Sep 23,2:05 PM ET,13h ago,home,Indianapolis Colts,2.5,53.0,36.0,42.5,97.0,67.0,120.0,2.0,40.0
2026-09-24T03:37:23,nfl,nfl_20260927_houston_texans_indianapolis_colts,20260927NFL00040,CIRCA,circa,change,4,2026-09-23T13:15:00,Sep 23,1:15 PM ET,14h ago,away,Houston Texans,-2.5,47.0,64.0,42.5,3.0,33.0,-140.0,99.0,75.0
2026-09-24T03:37:23,nfl,nfl_20260927_houston_texans_indianapolis_colts,20260927NFL00040,CIRCA,circa,change,4,2026-09-23T13:15:00,Sep 23,1:15 PM ET,14h ago,home,Indianapolis Colts,2.5,53.0,36.0,42.5,97.0,67.0,120.0,1.0,25.0
2026-09-24T03:37:23,nfl,nfl_20260927_houston_texans_indianapolis_colts,20260927NFL00040,CIRCA,circa,change,5,2026-09-23T07:55:00,Sep 23,7:55 AM ET,19h ago,away,Houston Texans,-2.5,33.0,60.0,42.5,3.0,33.0,-140.0,99.0,75.0
2026-09-24T03:37:23,nfl,nfl_20260927_houston_texans_indianapolis_colts,20260927NFL00040,CIRCA,circa,change,5,2026-09-23T07:55:00,Sep 23,7:55 AM ET,19h ago,home,Indianapolis Colts,2.5,67.0,40.0,42.5,97.0,67.0,120.0,1.0,25.0
2026-09-24T03:37:23,nfl,nfl_20260927_houston_texans_indianapolis_colts,20260927NFL00040,CIRCA,circa,change,6,2026-09-22T18:55:00,Sep 22,6:55 PM ET,1d ago,away,Houston Texans,-2.5,33.0,56.0,42.5,3.0,33.0,-140.0,99.0,75.0
2026-09-24T03:37:23,nfl,nfl_20260927_houston_texans_indianapolis_colts,20260927NFL00040,CIRCA,circa,change,6,2026-09-22T18:55:00,Sep 22,6:55 PM ET,1d ago,home,Indianapolis Colts,2.5,67.0,44.0,42.5,97.0,67.0,120.0,1.0,25.0
2026-09-24T03:37:23,nfl,nfl_20260927_houston_texans_indianapolis_colts,20260927NFL00040,CIRCA,circa,change,7,2026-09-22T15:10:00,Sep 22,3:10 PM ET,1d ago,away,Houston Texans,-2.5,33.0,56.0,43.5,94.0,50.0,-140.0,99.0,75.0
2026-09-24T03:37:23,nfl,nfl_20260927_houston_texans_indianapolis_colts,20260927NFL00040,CIRCA,circa,change,7,2026-09-22T15:10:00,Sep 22,3:10 PM ET,1d ago,home,Indianapolis Colts,2.5,67.0,44.0,43.5,6.0,50.0,120.0,1.0,25.0
2026-09-24T03:37:23,nfl,nfl_20260927_houston_texans_indianapolis_colts,20260927NFL00040,CIRCA,circa,change,8,2026-09-22T10:20:00,Sep 22,10:20 AM ET,1d ago,away,Houston Texans,-2.5,32.0,50.0,43.5,94.0,50.0,-140.0,99.0,75.0
2026-09-24T03:37:23,nfl,nfl_20260927_houston_texans_indianapolis_colts,20260927NFL00040,CIRCA,circa,change,8,2026-09-22T10:20:00,Sep 22,10:20 AM ET,1d ago,home,Indianapolis Colts,2.5,68.0,50.0,43.5,6.0,50.0,120.0,1.0,25.0
2026-09-24T03:37:23,nfl,nfl_20260927_houston_texans_indianapolis_colts,20260927NFL00040,CIRCA,circa,change,9,2026-09-22T03:10:00,Sep 22,3:10 AM ET,2d ago,away,Houston Texans,-2.5,32.0,50.0,43.5,94.0,50.0,-140.0,99.0,67.0
2026-09-24T03:37:23,nfl,nfl_20260927_houston_texans_indianapolis_colts,20260927NFL00040,CIRCA,circa,change,9,2026-09-22T03:10:00,Sep 22,3:10 AM ET,2d ago,home,Indianapolis Colts,2.5,68.0,50.0,43.5,6.0,50.0,120.0,1.0,33.0
2026-09-24T03:37:23,nfl,nfl_20260927_houston_texans_indianapolis_colts,20260927NFL00040,CIRCA,circa,change,10,2026-09-21T19:01:00,Sep 21,7:01 PM ET,2d ago,away,Houston Texans,-2.5,33.0,57.0,43.5,94.0,50.0,-140.0,99.0,67.0
2026-09-24T03:37:23,nfl,nfl_20260927_houston_texans_indianapolis_colts,20260927NFL00040,CIRCA,circa,change,10,2026-09-21T19:01:00,Sep 21,7:01 PM ET,2d ago,home,Indianapolis Colts,2.5,67.0,43.0,43.5,6.0,50.0,120.0,1.0,33.0
2026-09-24T03:37:23,nfl,nfl_20260927_houston_texans_indianapolis_colts,20260927NFL00040,CIRCA,circa,change,11,2026-09-21T17:01:00,Sep 21,5:01 PM ET,2d ago,away,Houston Texans,-2.5,33.0,67.0,43.5,94.0,50.0,-140.0,99.0,67.0
2026-09-24T03:37:23,nfl,nfl_20260927_houston_texans_indianapolis_colts,20260927NFL00040,CIRCA,circa,change,11,2026-09-21T17:01:00,Sep 21,5:01 PM ET,2d ago,home,Indianapolis Colts,2.5,67.0,33.0,43.5,6.0,50.0,120.0,1.0,33.0
2026-09-24T03:37:23,nfl,nfl_20260927_houston_texans_indianapolis_colts,20260927NFL00040,CIRCA,circa,change,12,2026-09-21T16:20:00,Sep 21,4:20 PM ET,2d ago,away,Houston Texans,-2.5,33.0,67.0,43.5,0.0,0.0,-140.0,99.0,67.0
2026-09-24T03:37:23,nfl,nfl_20260927_houston_texans_indianapolis_colts,20260927NFL00040,CIRCA,circa,change,12,2026-09-21T16:20:00,Sep 21,4:20 PM ET,2d ago,home,Indianapolis Colts,2.5,67.0,33.0,43.5,100.0,100.0,120.0,1.0,33.0
2026-09-24T03:37:23,nfl,nfl_20260927_houston_texans_indianapolis_colts,20260927NFL00040,CIRCA,circa,change,13,2026-09-21T15:20:00,Sep 21,3:20 PM ET,2d ago,away,Houston Texans,-2.5,32.0,60.0,43.5,0.0,0.0,-140.0,99.0,67.0
2026-09-24T03:37:23,nfl,nfl_20260927_houston_texans_indianapolis_colts,20260927NFL00040,CIRCA,circa,change,13,2026-09-21T15:20:00,Sep 21,3:20 PM ET,2d ago,home,Indianapolis Colts,2.5,68.0,40.0,43.5,100.0,100.0,120.0,1.0,33.0
2026-09-24T03:37:23,nfl,nfl_20260927_houston_texans_indianapolis_colts,20260927NFL00040,CIRCA,circa,change,14,2026-09-21T14:30:00,Sep 21,2:30 PM ET,2d ago,away,Houston Texans,-2.5,32.0,60.0,43.5,50.0,50.0,-140.0,61.0,50.0
2026-09-24T03:37:23,nfl,nfl_20260927_houston_texans_indianapolis_colts,20260927NFL00040,CIRCA,circa,change,14,2026-09-21T14:30:00,Sep 21,2:30 PM ET,2d ago,home,Indianapolis Colts,2.5,68.0,40.0,43.5,50.0,50.0,120.0,39.0,50.0
2026-09-24T03:37:23,nfl,nfl_20260927_houston_texans_indianapolis_colts,20260927NFL00040,CIRCA,circa,change,15,2026-09-21T13:20:00,Sep 21,1:20 PM ET,2d ago,away,Houston Texans,-3.0,93.0,75.0,43.5,50.0,50.0,-155.0,61.0,50.0
2026-09-24T03:37:23,nfl,nfl_20260927_houston_texans_indianapolis_colts,20260927NFL00040,CIRCA,circa,change,15,2026-09-21T13:20:00,Sep 21,1:20 PM ET,2d ago,home,Indianapolis Colts,3.0,7.0,25.0,43.5,50.0,50.0,135.0,39.0,50.0
2026-09-24T03:37:23,nfl,nfl_20260927_houston_texans_indianapolis_colts,20260927NFL00040,CIRCA,circa,change,16,2026-09-21T11:55:00,Sep 21,11:55 AM ET,2d ago,away,Houston Texans,-3.0,93.0,75.0,43.5,50.0,50.0,-155.0,0.0,0.0
2026-09-24T03:37:23,nfl,nfl_20260927_houston_texans_indianapolis_colts,20260927NFL00040,CIRCA,circa,change,16,2026-09-21T11:55:00,Sep 21,11:55 AM ET,2d ago,home,Indianapolis Colts,3.0,7.0,25.0,43.5,50.0,50.0,135.0,100.0,100.0
2026-09-24T03:37:23,nfl,nfl_20260927_houston_texans_indianapolis_colts,20260927NFL00040,CIRCA,circa,change,17,2026-09-21T11:36:00,Sep 21,11:36 AM ET,2d ago,away,Houston Texans,-3.0,93.0,75.0,43.5,50.0,50.0,-155.0,50.0,50.0
2026-09-24T03:37:23,nfl,nfl_20260927_houston_texans_indianapolis_colts,20260927NFL00040,CIRCA,circa,change,17,2026-09-21T11:36:00,Sep 21,11:36 AM ET,2d ago,home,Indianapolis Colts,3.0,7.0,25.0,43.5,50.0,50.0,135.0,50.0,50.0
2026-09-24T03:37:23,nfl,nfl_20260927_houston_texans_indianapolis_colts,20260927NFL00040,CIRCA,circa,change,18,2026-09-21T11:01:00,Sep 21,11:01 AM ET,2d ago,away,Houston Texans,-2.5,100.0,100.0,43.5,50.0,50.0,-145.0,50.0,50.0
2026-09-24T03:37:23,nfl,nfl_20260927_houston_texans_indianapolis_colts,20260927NFL00040,CIRCA,circa,change,18,2026-09-21T11:01:00,Sep 21,11:01 AM ET,2d ago,home,Indianapolis Colts,2.5,0.0,0.0,43.5,50.0,50.0,125.0,50.0,50.0
2026-09-24T03:37:23,nfl,nfl_20260927_houston_texans_indianapolis_colts,20260927NFL00040,CIRCA,circa,change,19,2026-09-21T09:45:00,Sep 21,9:45 AM ET,2d ago,away,Houston Texans,-2.5,50.0,50.0,44.5,50.0,50.0,-140.0,50.0,50.0
2026-09-24T03:37:23,nfl,nfl_20260927_houston_texans_indianapolis_colts,20260927NFL00040,CIRCA,circa,change,19,2026-09-21T09:45:00,Sep 21,9:45 AM ET,2d ago,home,Indianapolis Colts,2.5,50.0,50.0,44.5,50.0,50.0,120.0,50.0,50.0
2026-09-24T03:37:24,nfl,nfl_20260927_new_england_patriots_jacksonville_jaguars,20260927NFL00041,DK,draftkings,open,1,2026-05-15T00:45:00,May 15,12:45 AM ET,132d ago,away,New England Patriots,,0.0,0.0,,0.0,0.0,-102.0,0.0,0.0
2026-09-24T03:37:24,nfl,nfl_20260927_new_england_patriots_jacksonville_jaguars,20260927NFL00041,DK,draftkings,open,1,2026-05-15T00:45:00,May 15,12:45 AM ET,132d ago,home,Jacksonville Jaguars,,0.0,0.0,,0.0,0.0,-118.0,100.0,100.0
2026-09-24T03:37:24,nfl,nfl_20260927_new_england_patriots_jacksonville_jaguars,20260927NFL00041,DK,draftkings,first_full,2,2026-05-16T03:40:00,May 16,3:40 AM ET,130d ago,away,New England Patriots,1.5,27.0,67.0,45.5,100.0,100.0,-102.0,91.0,74.0
2026-09-24T03:37:24,nfl,nfl_20260927_new_england_patriots_jacksonville_jaguars,20260927NFL00041,DK,draftkings,first_full,2,2026-05-16T03:40:00,May 16,3:40 AM ET,130d ago,home,Jacksonville Jaguars,-1.5,73.0,33.0,45.5,0.0,0.0,-118.0,9.0,26.0
2026-09-24T03:37:24,nfl,nfl_20260927_new_england_patriots_jacksonville_jaguars,20260927NFL00041,DK,draftkings,change,3,2026-09-24T02:15:00,Sep 24,2:15 AM ET,1h ago,away,New England Patriots,3.0,29.0,47.0,45.5,84.0,50.0,130.0,66.0,42.0
2026-09-24T03:37:24,nfl,nfl_20260927_new_england_patriots_jacksonville_jaguars,20260927NFL00041,DK,draftkings,change,3,2026-09-24T02:15:00,Sep 24,2:15 AM ET,1h ago,home,Jacksonville Jaguars,-3.0,71.0,53.0,45.5,16.0,50.0,-155.0,34.0,58.0
2026-09-24T03:37:24,nfl,nfl_20260927_new_england_patriots_jacksonville_jaguars,20260927NFL00041,DK,draftkings,change,4,2026-09-24T01:25:00,Sep 24,1:25 AM ET,2h ago,away,New England Patriots,3.0,29.0,46.0,45.5,84.0,50.0,130.0,66.0,42.0
2026-09-24T03:37:24,nfl,nfl_20260927_new_england_patriots_jacksonville_jaguars,20260927NFL00041,DK,draftkings,change,4,2026-09-24T01:25:00,Sep 24,1:25 AM ET,2h ago,home,Jacksonville Jaguars,-3.0,71.0,54.0,45.5,16.0,50.0,-155.0,34.0,58.0
2026-09-24T03:37:24,nfl,nfl_20260927_new_england_patriots_jacksonville_jaguars,20260927NFL00041,DK,draftkings,change,5,2026-09-24T00:20:00,Sep 24,12:20 AM ET,3h ago,away,New England Patriots,3.0,29.0,47.0,45.5,84.0,50.0,130.0,66.0,42.0
2026-09-24T03:37:24,nfl,nfl_20260927_new_england_patriots_jacksonville_jaguars,20260927NFL00041,DK,draftkings,change,5,2026-09-24T00:20:00,Sep 24,12:20 AM ET,3h ago,home,Jacksonville Jaguars,-3.0,71.0,53.0,45.5,16.0,50.0,-155.0,34.0,58.0
2026-09-24T03:37:24,nfl,nfl_20260927_new_england_patriots_jacksonville_jaguars,20260927NFL00041,DK,draftkings,change,6,2026-09-23T23:30:00,Sep 23,11:30 PM ET,4h ago,away,New England Patriots,3.0,29.0,47.0,45.5,84.0,51.0,130.0,66.0,42.0
2026-09-24T03:37:24,nfl,nfl_20260927_new_england_patriots_jacksonville_jaguars,20260927NFL00041,DK,draftkings,change,6,2026-09-23T23:30:00,Sep 23,11:30 PM ET,4h ago,home,Jacksonville Jaguars,-3.0,71.0,53.0,45.5,16.0,49.0,-155.0,34.0,58.0
2026-09-24T03:37:24,nfl,nfl_20260927_new_england_patriots_jacksonville_jaguars,20260927NFL00041,DK,draftkings,change,7,2026-09-23T23:20:00,Sep 23,11:20 PM ET,4h ago,away,New England Patriots,3.0,29.0,47.0,45.5,84.0,50.0,130.0,66.0,42.0
2026-09-24T03:37:24,nfl,nfl_20260927_new_england_patriots_jacksonville_jaguars,20260927NFL00041,DK,draftkings,change,7,2026-09-23T23:20:00,Sep 23,11:20 PM ET,4h ago,home,Jacksonville Jaguars,-3.0,71.0,53.0,45.5,16.0,50.0,-155.0,34.0,58.0
2026-09-24T03:37:24,nfl,nfl_20260927_new_england_patriots_jacksonville_jaguars,20260927NFL00041,DK,draftkings,change,8,2026-09-23T23:10:00,Sep 23,11:10 PM ET,4h ago,away,New England Patriots,3.0,29.0,48.0,45.5,84.0,50.0,130.0,66.0,42.0
2026-09-24T03:37:24,nfl,nfl_20260927_new_england_patriots_jacksonville_jaguars,20260927NFL00041,DK,draftkings,change,8,2026-09-23T23:10:00,Sep 23,11:10 PM ET,4h ago,home,Jacksonville Jaguars,-3.0,71.0,52.0,45.5,16.0,50.0,-155.0,34.0,58.0
2026-09-24T03:37:24,nfl,nfl_20260927_new_england_patriots_jacksonville_jaguars,20260927NFL00041,DK,draftkings,change,9,2026-09-23T23:00:00,Sep 23,11:00 PM ET,4h ago,away,New England Patriots,3.0,29.0,48.0,45.5,84.0,51.0,130.0,66.0,43.0
2026-09-24T03:37:24,nfl,nfl_20260927_new_england_patriots_jacksonville_jaguars,20260927NFL00041,DK,draftkings,change,9,2026-09-23T23:00:00,Sep 23,11:00 PM ET,4h ago,home,Jacksonville Jaguars,-3.0,71.0,52.0,45.5,16.0,49.0,-155.0,34.0,57.0
2026-09-24T03:37:24,nfl,nfl_20260927_new_england_patriots_jacksonville_jaguars,20260927NFL00041,DK,draftkings,change,10,2026-09-23T22:55:00,Sep 23,10:55 PM ET,4h ago,away,New England Patriots,3.0,29.0,48.0,45.5,84.0,50.0,130.0,66.0,43.0
2026-09-24T03:37:24,nfl,nfl_20260927_new_england_patriots_jacksonville_jaguars,20260927NFL00041,DK,draftkings,change,10,2026-09-23T22:55:00,Sep 23,10:55 PM ET,4h ago,home,Jacksonville Jaguars,-3.0,71.0,52.0,45.5,16.0,50.0,-155.0,34.0,57.0
2026-09-24T03:37:24,nfl,nfl_20260927_new_england_patriots_jacksonville_jaguars,20260927NFL00041,DK,draftkings,change,11,2026-09-23T22:40:00,Sep 23,10:40 PM ET,4h ago,away,New England Patriots,3.0,29.0,48.0,45.5,84.0,51.0,130.0,66.0,43.0
2026-09-24T03:37:24,nfl,nfl_20260927_new_england_patriots_jacksonville_jaguars,20260927NFL00041,DK,draftkings,change,11,2026-09-23T22:40:00,Sep 23,10:40 PM ET,4h ago,home,Jacksonville Jaguars,-3.0,71.0,52.0,45.5,16.0,49.0,-155.0,34.0,57.0
2026-09-24T03:37:24,nfl,nfl_20260927_new_england_patriots_jacksonville_jaguars,20260927NFL00041,DK,draftkings,change,12,2026-09-23T21:35:00,Sep 23,9:35 PM ET,6h ago,away,New England Patriots,3.0,29.0,48.0,45.5,83.0,50.0,130.0,66.0,43.0
2026-09-24T03:37:24,nfl,nfl_20260927_new_england_patriots_jacksonville_jaguars,20260927NFL00041,DK,draftkings,change,12,2026-09-23T21:35:00,Sep 23,9:35 PM ET,6h ago,home,Jacksonville Jaguars,-3.0,71.0,52.0,45.5,17.0,50.0,-155.0,34.0,57.0
2026-09-24T03:37:24,nfl,nfl_20260927_new_england_patriots_jacksonville_jaguars,20260927NFL00041,DK,draftkings,change,13,2026-09-23T21:30:00,Sep 23,9:30 PM ET,6h ago,away,New England Patriots,3.0,29.0,48.0,45.5,83.0,50.0,130.0,66.0,42.0
2026-09-24T03:37:24,nfl,nfl_20260927_new_england_patriots_jacksonville_jaguars,20260927NFL00041,DK,draftkings,change,13,2026-09-23T21:30:00,Sep 23,9:30 PM ET,6h ago,home,Jacksonville Jaguars,-3.0,71.0,52.0,45.5,17.0,50.0,-155.0,34.0,58.0
2026-09-24T03:37:24,nfl,nfl_20260927_new_england_patriots_jacksonville_jaguars,20260927NFL00041,DK,draftkings,change,14,2026-09-23T21:05:00,Sep 23,9:05 PM ET,6h ago,away,New England Patriots,3.0,29.0,48.0,45.5,82.0,49.0,130.0,66.0,42.0
2026-09-24T03:37:24,nfl,nfl_20260927_new_england_patriots_jacksonville_jaguars,20260927NFL00041,DK,draftkings,change,14,2026-09-23T21:05:00,Sep 23,9:05 PM ET,6h ago,home,Jacksonville Jaguars,-3.0,71.0,52.0,45.5,18.0,51.0,-155.0,34.0,58.0
2026-09-24T03:37:24,nfl,nfl_20260927_new_england_patriots_jacksonville_jaguars,20260927NFL00041,DK,draftkings,change,15,2026-09-23T20:50:00,Sep 23,8:50 PM ET,6h ago,away,New England Patriots,3.0,29.0,48.0,45.5,34.0,49.0,130.0,66.0,42.0
2026-09-24T03:37:24,nfl,nfl_20260927_new_england_patriots_jacksonville_jaguars,20260927NFL00041,DK,draftkings,change,15,2026-09-23T20:50:00,Sep 23,8:50 PM ET,6h ago,home,Jacksonville Jaguars,-3.0,71.0,52.0,45.5,66.0,51.0,-155.0,34.0,58.0
2026-09-24T03:37:24,nfl,nfl_20260927_new_england_patriots_jacksonville_jaguars,20260927NFL00041,DK,draftkings,change,16,2026-09-23T20:45:00,Sep 23,8:45 PM ET,6h ago,away,New England Patriots,3.0,29.0,48.0,45.5,29.0,49.0,130.0,66.0,42.0
2026-09-24T03:37:24,nfl,nfl_20260927_new_england_patriots_jacksonville_jaguars,20260927NFL00041,DK,draftkings,change,16,2026-09-23T20:45:00,Sep 23,8:45 PM ET,6h ago,home,Jacksonville Jaguars,-3.0,71.0,52.0,45.5,71.0,51.0,-155.0,34.0,58.0
2026-09-24T03:37:24,nfl,nfl_20260927_new_england_patriots_jacksonville_jaguars,20260927NFL00041,DK,draftkings,change,17,2026-09-23T20:20:00,Sep 23,8:20 PM ET,7h ago,away,New England Patriots,3.0,29.0,48.0,45.5,28.0,49.0,130.0,66.0,42.0
2026-09-24T03:37:24,nfl,nfl_20260927_new_england_patriots_jacksonville_jaguars,20260927NFL00041,DK,draftkings,change,17,2026-09-23T20:20:00,Sep 23,8:20 PM ET,7h ago,home,Jacksonville Jaguars,-3.0,71.0,52.0,45.5,72.0,51.0,-155.0,34.0,58.0
2026-09-24T03:37:24,nfl,nfl_20260927_new_england_patriots_jacksonville_jaguars,20260927NFL00041,DK,draftkings,change,18,2026-09-23T19:45:00,Sep 23,7:45 PM ET,7h ago,away,New England Patriots,3.0,29.0,48.0,45.5,28.0,49.0,124.0,66.0,43.0
2026-09-24T03:37:24,nfl,nfl_20260927_new_england_patriots_jacksonville_jaguars,20260927NFL00041,DK,draftkings,change,18,2026-09-23T19:45:00,Sep 23,7:45 PM ET,7h ago,home,Jacksonville Jaguars,-3.0,71.0,52.0,45.5,72.0,51.0,-148.0,34.0,57.0
2026-09-24T03:37:24,nfl,nfl_20260927_new_england_patriots_jacksonville_jaguars,20260927NFL00041,DK,draftkings,change,19,2026-09-23T19:35:00,Sep 23,7:35 PM ET,8h ago,away,New England Patriots,3.0,29.0,48.0,45.5,27.0,49.0,124.0,66.0,43.0
2026-09-24T03:37:24,nfl,nfl_20260927_new_england_patriots_jacksonville_jaguars,20260927NFL00041,DK,draftkings,change,19,2026-09-23T19:35:00,Sep 23,7:35 PM ET,8h ago,home,Jacksonville Jaguars,-3.0,71.0,52.0,45.5,73.0,51.0,-148.0,34.0,57.0
2026-09-24T03:37:24,nfl,nfl_20260927_new_england_patriots_jacksonville_jaguars,20260927NFL00041,DK,draftkings,change,20,2026-09-23T18:50:00,Sep 23,6:50 PM ET,8h ago,away,New England Patriots,3.0,29.0,48.0,45.5,26.0,49.0,124.0,66.0,43.0
2026-09-24T03:37:24,nfl,nfl_20260927_new_england_patriots_jacksonville_jaguars,20260927NFL00041,DK,draftkings,change,20,2026-09-23T18:50:00,Sep 23,6:50 PM ET,8h ago,home,Jacksonville Jaguars,-3.0,71.0,52.0,45.5,74.0,51.0,-148.0,34.0,57.0
2026-09-24T03:37:24,nfl,nfl_20260927_new_england_patriots_jacksonville_jaguars,20260927NFL00041,DK,draftkings,change,21,2026-09-23T17:10:00,Sep 23,5:10 PM ET,10h ago,away,New England Patriots,3.0,29.0,48.0,45.5,17.0,49.0,124.0,66.0,43.0
2026-09-24T03:37:24,nfl,nfl_20260927_new_england_patriots_jacksonville_jaguars,20260927NFL00041,DK,draftkings,change,21,2026-09-23T17:10:00,Sep 23,5:10 PM ET,10h ago,home,Jacksonville Jaguars,-3.0,71.0,52.0,45.5,83.0,51.0,-148.0,34.0,57.0
2026-09-24T03:37:24,nfl,nfl_20260927_new_england_patriots_jacksonville_jaguars,20260927NFL00041,DK,draftkings,change,22,2026-09-23T17:00:00,Sep 23,5:00 PM ET,10h ago,away,New England Patriots,3.0,29.0,48.0,45.5,17.0,49.0,124.0,67.0,43.0
2026-09-24T03:37:24,nfl,nfl_20260927_new_england_patriots_jacksonville_jaguars,20260927NFL00041,DK,draftkings,change,22,2026-09-23T17:00:00,Sep 23,5:00 PM ET,10h ago,home,Jacksonville Jaguars,-3.0,71.0,52.0,45.5,83.0,51.0,-148.0,33.0,57.0
2026-09-24T03:37:24,nfl,nfl_20260927_new_england_patriots_jacksonville_jaguars,20260927NFL00041,DK,draftkings,change,23,2026-09-23T16:15:00,Sep 23,4:15 PM ET,11h ago,away,New England Patriots,3.0,29.0,48.0,45.5,17.0,49.0,124.0,67.0,44.0
2026-09-24T03:37:24,nfl,nfl_20260927_new_england_patriots_jacksonville_jaguars,20260927NFL00041,DK,draftkings,change,23,2026-09-23T16:15:00,Sep 23,4:15 PM ET,11h ago,home,Jacksonville Jaguars,-3.0,71.0,52.0,45.5,83.0,51.0,-148.0,33.0,56.0
2026-09-24T03:37:24,nfl,nfl_20260927_new_england_patriots_jacksonville_jaguars,20260927NFL00041,DK,draftkings,change,24,2026-09-23T15:55:00,Sep 23,3:55 PM ET,11h ago,away,New England Patriots,3.0,29.0,49.0,45.5,17.0,49.0,130.0,67.0,44.0
2026-09-24T03:37:24,nfl,nfl_20260927_new_england_patriots_jacksonville_jaguars,20260927NFL00041,DK,draftkings,change,24,2026-09-23T15:55:00,Sep 23,3:55 PM ET,11h ago,home,Jacksonville Jaguars,-3.0,71.0,51.0,45.5,83.0,51.0,-155.0,33.0,56.0
2026-09-24T03:37:24,nfl,nfl_20260927_new_england_patriots_jacksonville_jaguars,20260927NFL00041,DK,draftkings,change,25,2026-09-23T13:20:00,Sep 23,1:20 PM ET,14h ago,away,New England Patriots,3.0,29.0,48.0,45.5,17.0,49.0,124.0,67.0,44.0
2026-09-24T03:37:24,nfl,nfl_20260927_new_england_patriots_jacksonville_jaguars,20260927NFL00041,DK,draftkings,change,25,2026-09-23T13:20:00,Sep 23,1:20 PM ET,14h ago,home,Jacksonville Jaguars,-3.0,71.0,52.0,45.5,83.0,51.0,-148.0,33.0,56.0
2026-09-24T03:37:24,nfl,nfl_20260927_new_england_patriots_jacksonville_jaguars,20260927NFL00041,DK,draftkings,change,26,2026-09-23T13:10:00,Sep 23,1:10 PM ET,14h ago,away,New England Patriots,3.0,26.0,48.0,45.5,17.0,49.0,124.0,67.0,44.0
2026-09-24T03:37:24,nfl,nfl_20260927_new_england_patriots_jacksonville_jaguars,20260927NFL00041,DK,draftkings,change,26,2026-09-23T13:10:00,Sep 23,1:10 PM ET,14h ago,home,Jacksonville Jaguars,-3.0,74.0,52.0,45.5,83.0,51.0,-148.0,33.0,56.0
2026-09-24T03:37:24,nfl,nfl_20260927_new_england_patriots_jacksonville_jaguars,20260927NFL00041,DK,draftkings,change,27,2026-09-23T11:25:00,Sep 23,11:25 AM ET,16h ago,away,New England Patriots,3.0,26.0,48.0,45.5,19.0,49.0,130.0,67.0,44.0
2026-09-24T03:37:24,nfl,nfl_20260927_new_england_patriots_jacksonville_jaguars,20260927NFL00041,DK,draftkings,change,27,2026-09-23T11:25:00,Sep 23,11:25 AM ET,16h ago,home,Jacksonville Jaguars,-3.0,74.0,52.0,45.5,81.0,51.0,-155.0,33.0,56.0
2026-09-24T03:37:25,nfl,nfl_20260927_new_england_patriots_jacksonville_jaguars,20260927NFL00041,CIRCA,circa,open,1,2026-09-20T21:00:00,Sep 20,9:00 PM ET,3d ago,away,New England Patriots,2.5,50.0,50.0,45.0,50.0,50.0,120.0,50.0,50.0
2026-09-24T03:37:25,nfl,nfl_20260927_new_england_patriots_jacksonville_jaguars,20260927NFL00041,CIRCA,circa,open,1,2026-09-20T21:00:00,Sep 20,9:00 PM ET,3d ago,home,Jacksonville Jaguars,-2.5,50.0,50.0,45.0,50.0,50.0,-140.0,50.0,50.0
2026-09-24T03:37:25,nfl,nfl_20260927_new_england_patriots_jacksonville_jaguars,20260927NFL00041,CIRCA,circa,change,2,2026-09-24T02:05:00,Sep 24,2:05 AM ET,1h ago,away,New England Patriots,2.5,72.0,15.0,46.0,80.0,64.0,130.0,1.0,25.0
2026-09-24T03:37:25,nfl,nfl_20260927_new_england_patriots_jacksonville_jaguars,20260927NFL00041,CIRCA,circa,change,2,2026-09-24T02:05:00,Sep 24,2:05 AM ET,1h ago,home,Jacksonville Jaguars,-2.5,28.0,85.0,46.0,20.0,36.0,-150.0,99.0,75.0
2026-09-24T03:37:25,nfl,nfl_20260927_new_england_patriots_jacksonville_jaguars,20260927NFL00041,CIRCA,circa,change,3,2026-09-24T01:01:00,Sep 24,1:01 AM ET,2h ago,away,New England Patriots,2.5,74.0,16.0,46.0,80.0,64.0,130.0,1.0,25.0
2026-09-24T03:37:25,nfl,nfl_20260927_new_england_patriots_jacksonville_jaguars,20260927NFL00041,CIRCA,circa,change,3,2026-09-24T01:01:00,Sep 24,1:01 AM ET,2h ago,home,Jacksonville Jaguars,-2.5,26.0,84.0,46.0,20.0,36.0,-150.0,99.0,75.0
2026-09-24T03:37:25,nfl,nfl_20260927_new_england_patriots_jacksonville_jaguars,20260927NFL00041,CIRCA,circa,change,4,2026-09-23T23:50:00,Sep 23,11:50 PM ET,3h ago,away,New England Patriots,2.5,74.0,16.0,46.0,80.0,62.0,130.0,1.0,25.0
2026-09-24T03:37:25,nfl,nfl_20260927_new_england_patriots_jacksonville_jaguars,20260927NFL00041,CIRCA,circa,change,4,2026-09-23T23:50:00,Sep 23,11:50 PM ET,3h ago,home,Jacksonville Jaguars,-2.5,26.0,84.0,46.0,20.0,38.0,-150.0,99.0,75.0
2026-09-24T03:37:25,nfl,nfl_20260927_new_england_patriots_jacksonville_jaguars,20260927NFL00041,CIRCA,circa,change,5,2026-09-23T22:46:00,Sep 23,10:46 PM ET,4h ago,away,New England Patriots,2.5,74.0,17.0,46.0,80.0,62.0,130.0,1.0,25.0
2026-09-24T03:37:25,nfl,nfl_20260927_new_england_patriots_jacksonville_jaguars,20260927NFL00041,CIRCA,circa,change,5,2026-09-23T22:46:00,Sep 23,10:46 PM ET,4h ago,home,Jacksonville Jaguars,-2.5,26.0,83.0,46.0,20.0,38.0,-150.0,99.0,75.0
2026-09-24T03:37:25,nfl,nfl_20260927_new_england_patriots_jacksonville_jaguars,20260927NFL00041,CIRCA,circa,change,6,2026-09-23T22:20:00,Sep 23,10:20 PM ET,5h ago,away,New England Patriots,2.5,74.0,17.0,46.0,80.0,62.0,130.0,1.0,33.0
2026-09-24T03:37:25,nfl,nfl_20260927_new_england_patriots_jacksonville_jaguars,20260927NFL00041,CIRCA,circa,change,6,2026-09-23T22:20:00,Sep 23,10:20 PM ET,5h ago,home,Jacksonville Jaguars,-2.5,26.0,83.0,46.0,20.0,38.0,-150.0,99.0,67.0
2026-09-24T03:37:25,nfl,nfl_20260927_new_england_patriots_jacksonville_jaguars,20260927NFL00041,CIRCA,circa,change,7,2026-09-23T21:45:00,Sep 23,9:45 PM ET,5h ago,away,New England Patriots,2.5,74.0,17.0,46.0,80.0,67.0,130.0,1.0,33.0
2026-09-24T03:37:25,nfl,nfl_20260927_new_england_patriots_jacksonville_jaguars,20260927NFL00041,CIRCA,circa,change,7,2026-09-23T21:45:00,Sep 23,9:45 PM ET,5h ago,home,Jacksonville Jaguars,-2.5,26.0,83.0,46.0,20.0,33.0,-150.0,99.0,67.0
2026-09-24T03:37:25,nfl,nfl_20260927_new_england_patriots_jacksonville_jaguars,20260927NFL00041,CIRCA,circa,change,8,2026-09-23T20:55:00,Sep 23,8:55 PM ET,6h ago,away,New England Patriots,2.5,74.0,17.0,46.0,80.0,64.0,130.0,1.0,33.0
2026-09-24T03:37:25,nfl,nfl_20260927_new_england_patriots_jacksonville_jaguars,20260927NFL00041,CIRCA,circa,change,8,2026-09-23T20:55:00,Sep 23,8:55 PM ET,6h ago,home,Jacksonville Jaguars,-2.5,26.0,83.0,46.0,20.0,36.0,-150.0,99.0,67.0
2026-09-24T03:37:25,nfl,nfl_20260927_new_england_patriots_jacksonville_jaguars,20260927NFL00041,CIRCA,circa,change,9,2026-09-23T20:50:00,Sep 23,8:50 PM ET,6h ago,away,New England Patriots,2.5,74.0,17.0,46.0,79.0,60.0,130.0,1.0,33.0
2026-09-24T03:37:25,nfl,nfl_20260927_new_england_patriots_jacksonville_jaguars,20260927NFL00041,CIRCA,circa,change,9,2026-09-23T20:50:00,Sep 23,8:50 PM ET,6h ago,home,Jacksonville Jaguars,-2.5,26.0,83.0,46.0,21.0,40.0,-150.0,99.0,67.0
2026-09-24T03:37:25,nfl,nfl_20260927_new_england_patriots_jacksonville_jaguars,20260927NFL00041,CIRCA,circa,change,10,2026-09-23T20:45:00,Sep 23,8:45 PM ET,6h ago,away,New England Patriots,2.5,74.0,17.0,45.0,76.0,56.0,130.0,1.0,33.0
2026-09-24T03:37:25,nfl,nfl_20260927_new_england_patriots_jacksonville_jaguars,20260927NFL00041,CIRCA,circa,change,10,2026-09-23T20:45:00,Sep 23,8:45 PM ET,6h ago,home,Jacksonville Jaguars,-2.5,26.0,83.0,45.0,24.0,44.0,-150.0,99.0,67.0
2026-09-24T03:37:25,nfl,nfl_20260927_new_england_patriots_jacksonville_jaguars,20260927NFL00041,CIRCA,circa,change,11,2026-09-23T13:55:00,Sep 23,1:55 PM ET,13h ago,away,New England Patriots,2.5,74.0,17.0,45.0,69.0,33.0,130.0,1.0,33.0
2026-09-24T03:37:25,nfl,nfl_20260927_new_england_patriots_jacksonville_jaguars,20260927NFL00041,CIRCA,circa,change,11,2026-09-23T13:55:00,Sep 23,1:55 PM ET,13h ago,home,Jacksonville Jaguars,-2.5,26.0,83.0,45.0,31.0,67.0,-150.0,99.0,67.0
2026-09-24T03:37:25,nfl,nfl_20260927_new_england_patriots_jacksonville_jaguars,20260927NFL00041,CIRCA,circa,change,12,2026-09-23T13:15:00,Sep 23,1:15 PM ET,14h ago,away,New England Patriots,2.5,74.0,17.0,45.0,69.0,33.0,130.0,1.0,50.0
2026-09-24T03:37:25,nfl,nfl_20260927_new_england_patriots_jacksonville_jaguars,20260927NFL00041,CIRCA,circa,change,12,2026-09-23T13:15:00,Sep 23,1:15 PM ET,14h ago,home,Jacksonville Jaguars,-2.5,26.0,83.0,45.0,31.0,67.0,-150.0,99.0,50.0
2026-09-24T03:37:25,nfl,nfl_20260927_new_england_patriots_jacksonville_jaguars,20260927NFL00041,CIRCA,circa,change,13,2026-09-23T13:05:00,Sep 23,1:05 PM ET,14h ago,away,New England Patriots,3.0,74.0,17.0,45.0,72.0,40.0,135.0,1.0,50.0
2026-09-24T03:37:25,nfl,nfl_20260927_new_england_patriots_jacksonville_jaguars,20260927NFL00041,CIRCA,circa,change,13,2026-09-23T13:05:00,Sep 23,1:05 PM ET,14h ago,home,Jacksonville Jaguars,-3.0,26.0,83.0,45.0,28.0,60.0,-155.0,99.0,50.0
2026-09-24T03:37:25,nfl,nfl_20260927_new_england_patriots_jacksonville_jaguars,20260927NFL00041,CIRCA,circa,change,14,2026-09-23T09:55:00,Sep 23,9:55 AM ET,17h ago,away,New England Patriots,3.0,55.0,14.0,45.0,72.0,40.0,135.0,1.0,50.0
2026-09-24T03:37:25,nfl,nfl_20260927_new_england_patriots_jacksonville_jaguars,20260927NFL00041,CIRCA,circa,change,14,2026-09-23T09:55:00,Sep 23,9:55 AM ET,17h ago,home,Jacksonville Jaguars,-3.0,45.0,86.0,45.0,28.0,60.0,-155.0,99.0,50.0
2026-09-24T03:37:25,nfl,nfl_20260927_new_england_patriots_jacksonville_jaguars,20260927NFL00041,CIRCA,circa,change,15,2026-09-23T09:50:00,Sep 23,9:50 AM ET,17h ago,away,New England Patriots,3.0,55.0,14.0,45.0,71.0,25.0,135.0,1.0,50.0
2026-09-24T03:37:25,nfl,nfl_20260927_new_england_patriots_jacksonville_jaguars,20260927NFL00041,CIRCA,circa,change,15,2026-09-23T09:50:00,Sep 23,9:50 AM ET,17h ago,home,Jacksonville Jaguars,-3.0,45.0,86.0,45.0,29.0,75.0,-155.0,99.0,50.0
2026-09-24T03:37:25,nfl,nfl_20260927_new_england_patriots_jacksonville_jaguars,20260927NFL00041,CIRCA,circa,change,16,2026-09-23T07:55:00,Sep 23,7:55 AM ET,19h ago,away,New England Patriots,3.0,55.0,15.0,45.0,71.0,25.0,135.0,1.0,50.0
2026-09-24T03:37:25,nfl,nfl_20260927_new_england_patriots_jacksonville_jaguars,20260927NFL00041,CIRCA,circa,change,16,2026-09-23T07:55:00,Sep 23,7:55 AM ET,19h ago,home,Jacksonville Jaguars,-3.0,45.0,85.0,45.0,29.0,75.0,-155.0,99.0,50.0
2026-09-24T03:37:25,nfl,nfl_20260927_new_england_patriots_jacksonville_jaguars,20260927NFL00041,CIRCA,circa,change,17,2026-09-21T23:30:00,Sep 21,11:30 PM ET,2d ago,away,New England Patriots,3.0,55.0,11.0,46.0,71.0,25.0,135.0,1.0,50.0
2026-09-24T03:37:25,nfl,nfl_20260927_new_england_patriots_jacksonville_jaguars,20260927NFL00041,CIRCA,circa,change,17,2026-09-21T23:30:00,Sep 21,11:30 PM ET,2d ago,home,Jacksonville Jaguars,-3.0,45.0,89.0,46.0,29.0,75.0,-155.0,99.0,50.0
2026-09-24T03:37:25,nfl,nfl_20260927_new_england_patriots_jacksonville_jaguars,20260927NFL00041,CIRCA,circa,change,18,2026-09-21T23:20:00,Sep 21,11:20 PM ET,2d ago,away,New England Patriots,3.0,56.0,11.0,46.0,71.0,25.0,135.0,1.0,50.0
2026-09-24T03:37:25,nfl,nfl_20260927_new_england_patriots_jacksonville_jaguars,20260927NFL00041,CIRCA,circa,change,18,2026-09-21T23:20:00,Sep 21,11:20 PM ET,2d ago,home,Jacksonville Jaguars,-3.0,44.0,89.0,46.0,29.0,75.0,-155.0,99.0,50.0
2026-09-24T03:37:25,nfl,nfl_20260927_new_england_patriots_jacksonville_jaguars,20260927NFL00041,CIRCA,circa,change,19,2026-09-21T21:45:00,Sep 21,9:45 PM ET,2d ago,away,New England Patriots,3.0,56.0,11.0,46.0,86.0,33.0,135.0,1.0,50.0
2026-09-24T03:37:25,nfl,nfl_20260927_new_england_patriots_jacksonville_jaguars,20260927NFL00041,CIRCA,circa,change,19,2026-09-21T21:45:00,Sep 21,9:45 PM ET,2d ago,home,Jacksonville Jaguars,-3.0,44.0,89.0,46.0,14.0,67.0,-155.0,99.0,50.0
2026-09-24T03:37:25,nfl,nfl_20260927_new_england_patriots_jacksonville_jaguars,20260927NFL00041,CIRCA,circa,change,20,2026-09-21T19:15:00,Sep 21,7:15 PM ET,2d ago,away,New England Patriots,3.0,56.0,12.0,46.0,86.0,33.0,135.0,1.0,50.0
2026-09-24T03:37:25,nfl,nfl_20260927_new_england_patriots_jacksonville_jaguars,20260927NFL00041,CIRCA,circa,change,20,2026-09-21T19:15:00,Sep 21,7:15 PM ET,2d ago,home,Jacksonville Jaguars,-3.0,44.0,88.0,46.0,14.0,67.0,-155.0,99.0,50.0
2026-09-24T03:37:25,nfl,nfl_20260927_new_england_patriots_jacksonville_jaguars,20260927NFL00041,CIRCA,circa,change,21,2026-09-21T17:55:00,Sep 21,5:55 PM ET,2d ago,away,New England Patriots,3.0,56.0,13.0,46.0,86.0,33.0,135.0,1.0,50.0
2026-09-24T03:37:25,nfl,nfl_20260927_new_england_patriots_jacksonville_jaguars,20260927NFL00041,CIRCA,circa,change,21,2026-09-21T17:55:00,Sep 21,5:55 PM ET,2d ago,home,Jacksonville Jaguars,-3.0,44.0,88.0,46.0,14.0,67.0,-155.0,99.0,50.0
2026-09-24T03:37:25,nfl,nfl_20260927_new_england_patriots_jacksonville_jaguars,20260927NFL00041,CIRCA,circa,change,22,2026-09-21T17:25:00,Sep 21,5:25 PM ET,2d ago,away,New England Patriots,3.0,56.0,13.0,45.0,0.0,0.0,145.0,1.0,50.0
2026-09-24T03:37:25,nfl,nfl_20260927_new_england_patriots_jacksonville_jaguars,20260927NFL00041,CIRCA,circa,change,22,2026-09-21T17:25:00,Sep 21,5:25 PM ET,2d ago,home,Jacksonville Jaguars,-3.0,44.0,88.0,45.0,100.0,100.0,-165.0,99.0,50.0
2026-09-24T03:37:25,nfl,nfl_20260927_new_england_patriots_jacksonville_jaguars,20260927NFL00041,CIRCA,circa,change,23,2026-09-21T17:15:00,Sep 21,5:15 PM ET,2d ago,away,New England Patriots,3.0,47.0,7.0,45.0,0.0,0.0,135.0,1.0,50.0
2026-09-24T03:37:25,nfl,nfl_20260927_new_england_patriots_jacksonville_jaguars,20260927NFL00041,CIRCA,circa,change,23,2026-09-21T17:15:00,Sep 21,5:15 PM ET,2d ago,home,Jacksonville Jaguars,-3.0,53.0,93.0,45.0,100.0,100.0,-155.0,99.0,50.0
2026-09-24T03:37:25,nfl,nfl_20260927_new_england_patriots_jacksonville_jaguars,20260927NFL00041,CIRCA,circa,change,24,2026-09-21T15:20:00,Sep 21,3:20 PM ET,2d ago,away,New England Patriots,3.0,0.0,0.0,45.0,0.0,0.0,135.0,1.0,50.0
2026-09-24T03:37:25,nfl,nfl_20260927_new_england_patriots_jacksonville_jaguars,20260927NFL00041,CIRCA,circa,change,24,2026-09-21T15:20:00,Sep 21,3:20 PM ET,2d ago,home,Jacksonville Jaguars,-3.0,100.0,100.0,45.0,100.0,100.0,-155.0,99.0,50.0
2026-09-24T03:37:25,nfl,nfl_20260927_new_england_patriots_jacksonville_jaguars,20260927NFL00041,CIRCA,circa,change,25,2026-09-21T12:35:00,Sep 21,12:35 PM ET,2d ago,away,New England Patriots,3.0,0.0,0.0,45.0,50.0,50.0,135.0,1.0,50.0
2026-09-24T03:37:25,nfl,nfl_20260927_new_england_patriots_jacksonville_jaguars,20260927NFL00041,CIRCA,circa,change,25,2026-09-21T12:35:00,Sep 21,12:35 PM ET,2d ago,home,Jacksonville Jaguars,-3.0,100.0,100.0,45.0,50.0,50.0,-155.0,99.0,50.0
2026-09-24T03:37:25,nfl,nfl_20260927_new_england_patriots_jacksonville_jaguars,20260927NFL00041,CIRCA,circa,change,26,2026-09-21T12:00:00,Sep 21,12:00 PM ET,2d ago,away,New England Patriots,3.0,0.0,0.0,45.0,50.0,50.0,135.0,100.0,100.0
2026-09-24T03:37:25,nfl,nfl_20260927_new_england_patriots_jacksonville_jaguars,20260927NFL00041,CIRCA,circa,change,26,2026-09-21T12:00:00,Sep 21,12:00 PM ET,2d ago,home,Jacksonville Jaguars,-3.0,100.0,100.0,45.0,50.0,50.0,-155.0,0.0,0.0
2026-09-24T03:37:26,nfl,nfl_20260927_tennessee_titans_new_york_giants,20260927NFL00048,DK,draftkings,open,1,2026-05-14T21:20:00,May 14,9:20 PM ET,132d ago,away,Tennessee Titans,3.0,0.0,0.0,,0.0,0.0,145.0,0.0,50.0
2026-09-24T03:37:26,nfl,nfl_20260927_tennessee_titans_new_york_giants,20260927NFL00048,DK,draftkings,open,1,2026-05-14T21:20:00,May 14,9:20 PM ET,132d ago,home,New York Giants,-3.0,100.0,100.0,,0.0,0.0,-175.0,100.0,50.0
2026-09-24T03:37:26,nfl,nfl_20260927_tennessee_titans_new_york_giants,20260927NFL00048,DK,draftkings,first_full,2,2026-06-01T11:00:00,Jun 1,11:00 AM ET,114d ago,away,Tennessee Titans,3.0,6.0,12.0,45.5,98.0,67.0,145.0,40.0,27.0
2026-09-24T03:37:26,nfl,nfl_20260927_tennessee_titans_new_york_giants,20260927NFL00048,DK,draftkings,first_full,2,2026-06-01T11:00:00,Jun 1,11:00 AM ET,114d ago,home,New York Giants,-3.0,94.0,88.0,45.5,2.0,33.0,-175.0,60.0,73.0
2026-09-24T03:37:26,nfl,nfl_20260927_tennessee_titans_new_york_giants,20260927NFL00048,DK,draftkings,change,3,2026-09-24T02:15:00,Sep 24,2:15 AM ET,1h ago,away,Tennessee Titans,3.0,20.0,54.0,39.5,21.0,34.0,120.0,30.0,44.0
2026-09-24T03:37:26,nfl,nfl_20260927_tennessee_titans_new_york_giants,20260927NFL00048,DK,draftkings,change,3,2026-09-24T02:15:00,Sep 24,2:15 AM ET,1h ago,home,New York Giants,-3.0,80.0,46.0,39.5,79.0,66.0,-142.0,70.0,56.0
2026-09-24T03:37:26,nfl,nfl_20260927_tennessee_titans_new_york_giants,20260927NFL00048,DK,draftkings,change,4,2026-09-24T01:05:00,Sep 24,1:05 AM ET,2h ago,away,Tennessee Titans,2.5,20.0,54.0,39.5,22.0,35.0,120.0,30.0,44.0
2026-09-24T03:37:26,nfl,nfl_20260927_tennessee_titans_new_york_giants,20260927NFL00048,DK,draftkings,change,4,2026-09-24T01:05:00,Sep 24,1:05 AM ET,2h ago,home,New York Giants,-2.5,80.0,46.0,39.5,78.0,65.0,-142.0,70.0,56.0
2026-09-24T03:37:26,nfl,nfl_20260927_tennessee_titans_new_york_giants,20260927NFL00048,DK,draftkings,change,5,2026-09-24T00:50:00,Sep 24,12:50 AM ET,2h ago,away,Tennessee Titans,2.5,20.0,54.0,39.5,22.0,35.0,120.0,29.0,44.0
2026-09-24T03:37:26,nfl,nfl_20260927_tennessee_titans_new_york_giants,20260927NFL00048,DK,draftkings,change,5,2026-09-24T00:50:00,Sep 24,12:50 AM ET,2h ago,home,New York Giants,-2.5,80.0,46.0,39.5,78.0,65.0,-142.0,71.0,56.0
2026-09-24T03:37:26,nfl,nfl_20260927_tennessee_titans_new_york_giants,20260927NFL00048,DK,draftkings,change,6,2026-09-23T23:40:00,Sep 23,11:40 PM ET,3h ago,away,Tennessee Titans,2.5,20.0,54.0,39.5,23.0,35.0,120.0,29.0,44.0
2026-09-24T03:37:26,nfl,nfl_20260927_tennessee_titans_new_york_giants,20260927NFL00048,DK,draftkings,change,6,2026-09-23T23:40:00,Sep 23,11:40 PM ET,3h ago,home,New York Giants,-2.5,80.0,46.0,39.5,77.0,65.0,-142.0,71.0,56.0
2026-09-24T03:37:26,nfl,nfl_20260927_tennessee_titans_new_york_giants,20260927NFL00048,DK,draftkings,change,7,2026-09-23T22:35:00,Sep 23,10:35 PM ET,5h ago,away,Tennessee Titans,2.5,20.0,54.0,39.5,23.0,35.0,120.0,29.0,43.0
2026-09-24T03:37:26,nfl,nfl_20260927_tennessee_titans_new_york_giants,20260927NFL00048,DK,draftkings,change,7,2026-09-23T22:35:00,Sep 23,10:35 PM ET,5h ago,home,New York Giants,-2.5,80.0,46.0,39.5,77.0,65.0,-142.0,71.0,57.0
2026-09-24T03:37:26,nfl,nfl_20260927_tennessee_titans_new_york_giants,20260927NFL00048,DK,draftkings,change,8,2026-09-23T22:30:00,Sep 23,10:30 PM ET,5h ago,away,Tennessee Titans,2.5,20.0,54.0,39.5,23.0,36.0,120.0,29.0,44.0
2026-09-24T03:37:26,nfl,nfl_20260927_tennessee_titans_new_york_giants,20260927NFL00048,DK,draftkings,change,8,2026-09-23T22:30:00,Sep 23,10:30 PM ET,5h ago,home,New York Giants,-2.5,80.0,46.0,39.5,77.0,64.0,-142.0,71.0,56.0
2026-09-24T03:37:26,nfl,nfl_20260927_tennessee_titans_new_york_giants,20260927NFL00048,DK,draftkings,change,9,2026-09-23T22:15:00,Sep 23,10:15 PM ET,5h ago,away,Tennessee Titans,2.5,20.0,54.0,39.5,26.0,36.0,120.0,29.0,44.0
2026-09-24T03:37:26,nfl,nfl_20260927_tennessee_titans_new_york_giants,20260927NFL00048,DK,draftkings,change,9,2026-09-23T22:15:00,Sep 23,10:15 PM ET,5h ago,home,New York Giants,-2.5,80.0,46.0,39.5,74.0,64.0,-142.0,71.0,56.0
2026-09-24T03:37:26,nfl,nfl_20260927_tennessee_titans_new_york_giants,20260927NFL00048,DK,draftkings,change,10,2026-09-23T22:10:00,Sep 23,10:10 PM ET,5h ago,away,Tennessee Titans,2.5,20.0,54.0,39.5,26.0,36.0,120.0,29.0,43.0
2026-09-24T03:37:26,nfl,nfl_20260927_tennessee_titans_new_york_giants,20260927NFL00048,DK,draftkings,change,10,2026-09-23T22:10:00,Sep 23,10:10 PM ET,5h ago,home,New York Giants,-2.5,80.0,46.0,39.5,74.0,64.0,-142.0,71.0,57.0
2026-09-24T03:37:26,nfl,nfl_20260927_tennessee_titans_new_york_giants,20260927NFL00048,DK,draftkings,change,11,2026-09-23T22:00:00,Sep 23,10:00 PM ET,5h ago,away,Tennessee Titans,2.5,20.0,54.0,39.5,26.0,36.0,120.0,29.0,44.0
2026-09-24T03:37:26,nfl,nfl_20260927_tennessee_titans_new_york_giants,20260927NFL00048,DK,draftkings,change,11,2026-09-23T22:00:00,Sep 23,10:00 PM ET,5h ago,home,New York Giants,-2.5,80.0,46.0,39.5,74.0,64.0,-142.0,71.0,56.0
2026-09-24T03:37:26,nfl,nfl_20260927_tennessee_titans_new_york_giants,20260927NFL00048,DK,draftkings,change,12,2026-09-23T21:50:00,Sep 23,9:50 PM ET,5h ago,away,Tennessee Titans,2.5,20.0,54.0,39.5,26.0,36.0,120.0,29.0,43.0
2026-09-24T03:37:26,nfl,nfl_20260927_tennessee_titans_new_york_giants,20260927NFL00048,DK,draftkings,change,12,2026-09-23T21:50:00,Sep 23,9:50 PM ET,5h ago,home,New York Giants,-2.5,80.0,46.0,39.5,74.0,64.0,-142.0,71.0,57.0
2026-09-24T03:37:26,nfl,nfl_20260927_tennessee_titans_new_york_giants,20260927NFL00048,DK,draftkings,change,13,2026-09-23T21:40:00,Sep 23,9:40 PM ET,5h ago,away,Tennessee Titans,3.0,20.0,54.0,39.5,26.0,36.0,124.0,30.0,43.0
2026-09-24T03:37:26,nfl,nfl_20260927_tennessee_titans_new_york_giants,20260927NFL00048,DK,draftkings,change,13,2026-09-23T21:40:00,Sep 23,9:40 PM ET,5h ago,home,New York Giants,-3.0,80.0,46.0,39.5,74.0,64.0,-148.0,70.0,57.0
2026-09-24T03:37:26,nfl,nfl_20260927_tennessee_titans_new_york_giants,20260927NFL00048,DK,draftkings,change,14,2026-09-23T21:30:00,Sep 23,9:30 PM ET,6h ago,away,Tennessee Titans,3.0,20.0,54.0,39.5,26.0,36.0,124.0,30.0,44.0
2026-09-24T03:37:26,nfl,nfl_20260927_tennessee_titans_new_york_giants,20260927NFL00048,DK,draftkings,change,14,2026-09-23T21:30:00,Sep 23,9:30 PM ET,6h ago,home,New York Giants,-3.0,80.0,46.0,39.5,74.0,64.0,-148.0,70.0,56.0
2026-09-24T03:37:26,nfl,nfl_20260927_tennessee_titans_new_york_giants,20260927NFL00048,DK,draftkings,change,15,2026-09-23T21:20:00,Sep 23,9:20 PM ET,6h ago,away,Tennessee Titans,3.0,20.0,54.0,39.5,27.0,36.0,124.0,30.0,44.0
2026-09-24T03:37:26,nfl,nfl_20260927_tennessee_titans_new_york_giants,20260927NFL00048,DK,draftkings,change,15,2026-09-23T21:20:00,Sep 23,9:20 PM ET,6h ago,home,New York Giants,-3.0,80.0,46.0,39.5,73.0,64.0,-148.0,70.0,56.0
2026-09-24T03:37:26,nfl,nfl_20260927_tennessee_titans_new_york_giants,20260927NFL00048,DK,draftkings,change,16,2026-09-23T20:10:00,Sep 23,8:10 PM ET,7h ago,away,Tennessee Titans,3.0,20.0,54.0,39.5,27.0,36.0,124.0,29.0,43.0
2026-09-24T03:37:26,nfl,nfl_20260927_tennessee_titans_new_york_giants,20260927NFL00048,DK,draftkings,change,16,2026-09-23T20:10:00,Sep 23,8:10 PM ET,7h ago,home,New York Giants,-3.0,80.0,46.0,39.5,73.0,64.0,-148.0,71.0,57.0
2026-09-24T03:37:26,nfl,nfl_20260927_tennessee_titans_new_york_giants,20260927NFL00048,DK,draftkings,change,17,2026-09-23T19:25:00,Sep 23,7:25 PM ET,8h ago,away,Tennessee Titans,2.5,19.0,54.0,39.5,27.0,36.0,120.0,29.0,43.0
2026-09-24T03:37:26,nfl,nfl_20260927_tennessee_titans_new_york_giants,20260927NFL00048,DK,draftkings,change,17,2026-09-23T19:25:00,Sep 23,7:25 PM ET,8h ago,home,New York Giants,-2.5,81.0,46.0,39.5,73.0,64.0,-142.0,71.0,57.0
2026-09-24T03:37:26,nfl,nfl_20260927_tennessee_titans_new_york_giants,20260927NFL00048,DK,draftkings,change,18,2026-09-23T19:20:00,Sep 23,7:20 PM ET,8h ago,away,Tennessee Titans,2.5,19.0,54.0,39.5,27.0,37.0,120.0,29.0,42.0
2026-09-24T03:37:26,nfl,nfl_20260927_tennessee_titans_new_york_giants,20260927NFL00048,DK,draftkings,change,18,2026-09-23T19:20:00,Sep 23,7:20 PM ET,8h ago,home,New York Giants,-2.5,81.0,46.0,39.5,73.0,63.0,-142.0,71.0,58.0
2026-09-24T03:37:26,nfl,nfl_20260927_tennessee_titans_new_york_giants,20260927NFL00048,DK,draftkings,change,19,2026-09-23T19:10:00,Sep 23,7:10 PM ET,8h ago,away,Tennessee Titans,2.5,19.0,54.0,39.5,27.0,37.0,120.0,28.0,42.0
2026-09-24T03:37:26,nfl,nfl_20260927_tennessee_titans_new_york_giants,20260927NFL00048,DK,draftkings,change,19,2026-09-23T19:10:00,Sep 23,7:10 PM ET,8h ago,home,New York Giants,-2.5,81.0,46.0,39.5,73.0,63.0,-142.0,72.0,58.0
2026-09-24T03:37:26,nfl,nfl_20260927_tennessee_titans_new_york_giants,20260927NFL00048,DK,draftkings,change,20,2026-09-23T19:00:00,Sep 23,7:00 PM ET,8h ago,away,Tennessee Titans,2.5,19.0,54.0,39.5,29.0,37.0,120.0,28.0,42.0
2026-09-24T03:37:26,nfl,nfl_20260927_tennessee_titans_new_york_giants,20260927NFL00048,DK,draftkings,change,20,2026-09-23T19:00:00,Sep 23,7:00 PM ET,8h ago,home,New York Giants,-2.5,81.0,46.0,39.5,71.0,63.0,-142.0,72.0,58.0
2026-09-24T03:37:26,nfl,nfl_20260927_tennessee_titans_new_york_giants,20260927NFL00048,DK,draftkings,change,21,2026-09-23T18:30:00,Sep 23,6:30 PM ET,9h ago,away,Tennessee Titans,2.5,19.0,54.0,39.5,30.0,37.0,120.0,28.0,42.0
2026-09-24T03:37:26,nfl,nfl_20260927_tennessee_titans_new_york_giants,20260927NFL00048,DK,draftkings,change,21,2026-09-23T18:30:00,Sep 23,6:30 PM ET,9h ago,home,New York Giants,-2.5,81.0,46.0,39.5,70.0,63.0,-142.0,72.0,58.0
2026-09-24T03:37:26,nfl,nfl_20260927_tennessee_titans_new_york_giants,20260927NFL00048,DK,draftkings,change,22,2026-09-23T18:10:00,Sep 23,6:10 PM ET,9h ago,away,Tennessee Titans,2.5,19.0,54.0,39.5,30.0,38.0,120.0,29.0,42.0
2026-09-24T03:37:26,nfl,nfl_20260927_tennessee_titans_new_york_giants,20260927NFL00048,DK,draftkings,change,22,2026-09-23T18:10:00,Sep 23,6:10 PM ET,9h ago,home,New York Giants,-2.5,81.0,46.0,39.5,70.0,62.0,-142.0,71.0,58.0
2026-09-24T03:37:26,nfl,nfl_20260927_tennessee_titans_new_york_giants,20260927NFL00048,DK,draftkings,change,23,2026-09-23T17:50:00,Sep 23,5:50 PM ET,9h ago,away,Tennessee Titans,2.5,19.0,54.0,39.5,30.0,38.0,120.0,28.0,42.0
2026-09-24T03:37:26,nfl,nfl_20260927_tennessee_titans_new_york_giants,20260927NFL00048,DK,draftkings,change,23,2026-09-23T17:50:00,Sep 23,5:50 PM ET,9h ago,home,New York Giants,-2.5,81.0,46.0,39.5,70.0,63.0,-142.0,72.0,58.0
2026-09-24T03:37:26,nfl,nfl_20260927_tennessee_titans_new_york_giants,20260927NFL00048,DK,draftkings,change,24,2026-09-23T17:45:00,Sep 23,5:45 PM ET,9h ago,away,Tennessee Titans,2.5,19.0,54.0,39.5,30.0,38.0,120.0,28.0,42.0
2026-09-24T03:37:26,nfl,nfl_20260927_tennessee_titans_new_york_giants,20260927NFL00048,DK,draftkings,change,24,2026-09-23T17:45:00,Sep 23,5:45 PM ET,9h ago,home,New York Giants,-2.5,81.0,46.0,39.5,70.0,62.0,-142.0,72.0,58.0
2026-09-24T03:37:26,nfl,nfl_20260927_tennessee_titans_new_york_giants,20260927NFL00048,DK,draftkings,change,25,2026-09-23T17:40:00,Sep 23,5:40 PM ET,9h ago,away,Tennessee Titans,2.5,19.0,54.0,39.5,30.0,38.0,120.0,28.0,41.0
2026-09-24T03:37:26,nfl,nfl_20260927_tennessee_titans_new_york_giants,20260927NFL00048,DK,draftkings,change,25,2026-09-23T17:40:00,Sep 23,5:40 PM ET,9h ago,home,New York Giants,-2.5,81.0,46.0,39.5,70.0,62.0,-142.0,72.0,59.0
2026-09-24T03:37:26,nfl,nfl_20260927_tennessee_titans_new_york_giants,20260927NFL00048,DK,draftkings,change,26,2026-09-23T17:30:00,Sep 23,5:30 PM ET,10h ago,away,Tennessee Titans,2.5,19.0,54.0,39.5,30.0,38.0,120.0,29.0,41.0
2026-09-24T03:37:26,nfl,nfl_20260927_tennessee_titans_new_york_giants,20260927NFL00048,DK,draftkings,change,26,2026-09-23T17:30:00,Sep 23,5:30 PM ET,10h ago,home,New York Giants,-2.5,81.0,46.0,39.5,70.0,62.0,-142.0,71.0,59.0
2026-09-24T03:37:26,nfl,nfl_20260927_tennessee_titans_new_york_giants,20260927NFL00048,DK,draftkings,change,27,2026-09-23T17:25:00,Sep 23,5:25 PM ET,10h ago,away,Tennessee Titans,2.5,19.0,54.0,39.5,30.0,38.0,120.0,29.0,42.0
2026-09-24T03:37:26,nfl,nfl_20260927_tennessee_titans_new_york_giants,20260927NFL00048,DK,draftkings,change,27,2026-09-23T17:25:00,Sep 23,5:25 PM ET,10h ago,home,New York Giants,-2.5,81.0,46.0,39.5,70.0,62.0,-142.0,71.0,58.0
2026-09-24T03:37:27,nfl,nfl_20260927_tennessee_titans_new_york_giants,20260927NFL00048,CIRCA,circa,open,1,2026-09-20T21:00:00,Sep 20,9:00 PM ET,3d ago,away,Tennessee Titans,6.0,50.0,50.0,43.0,50.0,50.0,220.0,50.0,50.0
2026-09-24T03:37:27,nfl,nfl_20260927_tennessee_titans_new_york_giants,20260927NFL00048,CIRCA,circa,open,1,2026-09-20T21:00:00,Sep 20,9:00 PM ET,3d ago,home,New York Giants,-6.0,50.0,50.0,43.0,50.0,50.0,-260.0,50.0,50.0
2026-09-24T03:37:27,nfl,nfl_20260927_tennessee_titans_new_york_giants,20260927NFL00048,CIRCA,circa,change,2,2026-09-22T21:40:00,Sep 22,9:40 PM ET,1d ago,away,Tennessee Titans,3.0,100.0,100.0,39.5,0.0,0.0,125.0,82.0,75.0
2026-09-24T03:37:27,nfl,nfl_20260927_tennessee_titans_new_york_giants,20260927NFL00048,CIRCA,circa,change,2,2026-09-22T21:40:00,Sep 22,9:40 PM ET,1d ago,home,New York Giants,-3.0,0.0,0.0,39.5,100.0,100.0,-145.0,18.0,25.0
2026-09-24T03:37:27,nfl,nfl_20260927_tennessee_titans_new_york_giants,20260927NFL00048,CIRCA,circa,change,3,2026-09-22T16:55:00,Sep 22,4:55 PM ET,1d ago,away,Tennessee Titans,3.0,100.0,100.0,39.5,0.0,0.0,135.0,79.0,67.0
2026-09-24T03:37:27,nfl,nfl_20260927_tennessee_titans_new_york_giants,20260927NFL00048,CIRCA,circa,change,3,2026-09-22T16:55:00,Sep 22,4:55 PM ET,1d ago,home,New York Giants,-3.0,0.0,0.0,39.5,100.0,100.0,-155.0,21.0,33.0
2026-09-24T03:37:27,nfl,nfl_20260927_tennessee_titans_new_york_giants,20260927NFL00048,CIRCA,circa,change,4,2026-09-22T16:30:00,Sep 22,4:30 PM ET,1d ago,away,Tennessee Titans,3.0,100.0,100.0,40.5,0.0,0.0,135.0,12.0,50.0
2026-09-24T03:37:27,nfl,nfl_20260927_tennessee_titans_new_york_giants,20260927NFL00048,CIRCA,circa,change,4,2026-09-22T16:30:00,Sep 22,4:30 PM ET,1d ago,home,New York Giants,-3.0,0.0,0.0,40.5,100.0,100.0,-155.0,88.0,50.0
2026-09-24T03:37:27,nfl,nfl_20260927_tennessee_titans_new_york_giants,20260927NFL00048,CIRCA,circa,change,5,2026-09-22T15:00:00,Sep 22,3:00 PM ET,1d ago,away,Tennessee Titans,3.0,100.0,100.0,40.5,0.0,0.0,135.0,100.0,100.0
2026-09-24T03:37:27,nfl,nfl_20260927_tennessee_titans_new_york_giants,20260927NFL00048,CIRCA,circa,change,5,2026-09-22T15:00:00,Sep 22,3:00 PM ET,1d ago,home,New York Giants,-3.0,0.0,0.0,40.5,100.0,100.0,-155.0,0.0,0.0
2026-09-24T03:37:27,nfl,nfl_20260927_tennessee_titans_new_york_giants,20260927NFL00048,CIRCA,circa,change,6,2026-09-22T10:55:00,Sep 22,10:55 AM ET,1d ago,away,Tennessee Titans,3.5,100.0,100.0,40.5,0.0,0.0,155.0,50.0,50.0
2026-09-24T03:37:27,nfl,nfl_20260927_tennessee_titans_new_york_giants,20260927NFL00048,CIRCA,circa,change,6,2026-09-22T10:55:00,Sep 22,10:55 AM ET,1d ago,home,New York Giants,-3.5,0.0,0.0,40.5,100.0,100.0,-180.0,50.0,50.0
2026-09-24T03:37:27,nfl,nfl_20260927_tennessee_titans_new_york_giants,20260927NFL00048,CIRCA,circa,change,7,2026-09-21T15:20:00,Sep 21,3:20 PM ET,2d ago,away,Tennessee Titans,6.0,50.0,50.0,43.0,0.0,0.0,220.0,50.0,50.0
2026-09-24T03:37:27,nfl,nfl_20260927_tennessee_titans_new_york_giants,20260927NFL00048,CIRCA,circa,change,7,2026-09-21T15:20:00,Sep 21,3:20 PM ET,2d ago,home,New York Giants,-6.0,50.0,50.0,43.0,100.0,100.0,-260.0,50.0,50.0
2026-09-24T03:37:27,nfl,nfl_20260927_tennessee_titans_new_york_giants,20260927NFL00048,CIRCA,circa,change,8,2026-09-20T21:00:00,Sep 20,9:00 PM ET,3d ago,away,Tennessee Titans,6.0,50.0,50.0,43.0,50.0,50.0,220.0,50.0,50.0
2026-09-24T03:37:27,nfl,nfl_20260927_tennessee_titans_new_york_giants,20260927NFL00048,CIRCA,circa,change,8,2026-09-20T21:00:00,Sep 20,9:00 PM ET,3d ago,home,New York Giants,-6.0,50.0,50.0,43.0,50.0,50.0,-260.0,50.0,50.0
2026-09-24T03:37:29,nfl,nfl_20260927_seattle_seahawks_wash_commanders,20260927NFL00050,DK,draftkings,open,1,2026-05-14T22:50:00,May 14,10:50 PM ET,132d ago,away,Seattle Seahawks,,0.0,0.0,,0.0,0.0,-198.0,100.0,100.0
2026-09-24T03:37:29,nfl,nfl_20260927_seattle_seahawks_wash_commanders,20260927NFL00050,DK,draftkings,open,1,2026-05-14T22:50:00,May 14,10:50 PM ET,132d ago,home,Wash Commanders,,0.0,0.0,,0.0,0.0,164.0,0.0,0.0
2026-09-24T03:37:29,nfl,nfl_20260927_seattle_seahawks_wash_commanders,20260927NFL00050,DK,draftkings,first_full,2,2026-09-17T18:55:00,Sep 17,6:55 PM ET,6d ago,away,Seattle Seahawks,-2.5,100.0,92.0,41.5,100.0,100.0,-135.0,71.0,97.0
2026-09-24T03:37:29,nfl,nfl_20260927_seattle_seahawks_wash_commanders,20260927NFL00050,DK,draftkings,first_full,2,2026-09-17T18:55:00,Sep 17,6:55 PM ET,6d ago,home,Wash Commanders,2.5,0.0,8.0,41.5,0.0,0.0,114.0,29.0,3.0
2026-09-24T03:37:29,nfl,nfl_20260927_seattle_seahawks_wash_commanders,20260927NFL00050,DK,draftkings,change,3,2026-09-23T23:30:00,Sep 23,11:30 PM ET,4h ago,away,Seattle Seahawks,-7.0,90.0,88.0,40.5,74.0,54.0,-345.0,94.0,92.0
2026-09-24T03:37:29,nfl,nfl_20260927_seattle_seahawks_wash_commanders,20260927NFL00050,DK,draftkings,change,3,2026-09-23T23:30:00,Sep 23,11:30 PM ET,4h ago,home,Wash Commanders,7.0,10.0,12.0,40.5,26.0,46.0,275.0,6.0,8.0
2026-09-24T03:37:29,nfl,nfl_20260927_seattle_seahawks_wash_commanders,20260927NFL00050,DK,draftkings,change,4,2026-09-23T23:20:00,Sep 23,11:20 PM ET,4h ago,away,Seattle Seahawks,-7.0,90.0,89.0,40.5,74.0,54.0,-345.0,94.0,92.0
2026-09-24T03:37:29,nfl,nfl_20260927_seattle_seahawks_wash_commanders,20260927NFL00050,DK,draftkings,change,4,2026-09-23T23:20:00,Sep 23,11:20 PM ET,4h ago,home,Wash Commanders,7.0,10.0,11.0,40.5,26.0,46.0,275.0,6.0,8.0
2026-09-24T03:37:29,nfl,nfl_20260927_seattle_seahawks_wash_commanders,20260927NFL00050,DK,draftkings,change,5,2026-09-23T22:35:00,Sep 23,10:35 PM ET,5h ago,away,Seattle Seahawks,-7.0,90.0,88.0,40.5,74.0,54.0,-340.0,94.0,92.0
2026-09-24T03:37:29,nfl,nfl_20260927_seattle_seahawks_wash_commanders,20260927NFL00050,DK,draftkings,change,5,2026-09-23T22:35:00,Sep 23,10:35 PM ET,5h ago,home,Wash Commanders,7.0,10.0,12.0,40.5,26.0,46.0,270.0,6.0,8.0
2026-09-24T03:37:29,nfl,nfl_20260927_seattle_seahawks_wash_commanders,20260927NFL00050,DK,draftkings,change,6,2026-09-23T22:20:00,Sep 23,10:20 PM ET,5h ago,away,Seattle Seahawks,-7.0,90.0,89.0,40.5,74.0,54.0,-340.0,94.0,92.0
2026-09-24T03:37:29,nfl,nfl_20260927_seattle_seahawks_wash_commanders,20260927NFL00050,DK,draftkings,change,6,2026-09-23T22:20:00,Sep 23,10:20 PM ET,5h ago,home,Wash Commanders,7.0,10.0,11.0,40.5,26.0,46.0,270.0,6.0,8.0
2026-09-24T03:37:29,nfl,nfl_20260927_seattle_seahawks_wash_commanders,20260927NFL00050,DK,draftkings,change,7,2026-09-23T22:10:00,Sep 23,10:10 PM ET,5h ago,away,Seattle Seahawks,-7.0,90.0,88.0,40.5,74.0,54.0,-340.0,94.0,92.0
2026-09-24T03:37:29,nfl,nfl_20260927_seattle_seahawks_wash_commanders,20260927NFL00050,DK,draftkings,change,7,2026-09-23T22:10:00,Sep 23,10:10 PM ET,5h ago,home,Wash Commanders,7.0,10.0,12.0,40.5,26.0,46.0,270.0,6.0,8.0
2026-09-24T03:37:29,nfl,nfl_20260927_seattle_seahawks_wash_commanders,20260927NFL00050,DK,draftkings,change,8,2026-09-23T22:00:00,Sep 23,10:00 PM ET,5h ago,away,Seattle Seahawks,-7.0,90.0,89.0,40.5,74.0,54.0,-340.0,94.0,92.0
2026-09-24T03:37:29,nfl,nfl_20260927_seattle_seahawks_wash_commanders,20260927NFL00050,DK,draftkings,change,8,2026-09-23T22:00:00,Sep 23,10:00 PM ET,5h ago,home,Wash Commanders,7.0,10.0,11.0,40.5,26.0,46.0,270.0,6.0,8.0
2026-09-24T03:37:29,nfl,nfl_20260927_seattle_seahawks_wash_commanders,20260927NFL00050,DK,draftkings,change,9,2026-09-23T18:50:00,Sep 23,6:50 PM ET,8h ago,away,Seattle Seahawks,-7.0,91.0,89.0,40.5,74.0,54.0,-340.0,94.0,92.0
2026-09-24T03:37:29,nfl,nfl_20260927_seattle_seahawks_wash_commanders,20260927NFL00050,DK,draftkings,change,9,2026-09-23T18:50:00,Sep 23,6:50 PM ET,8h ago,home,Wash Commanders,7.0,9.0,11.0,40.5,26.0,46.0,270.0,6.0,8.0
2026-09-24T03:37:29,nfl,nfl_20260927_seattle_seahawks_wash_commanders,20260927NFL00050,DK,draftkings,change,10,2026-09-23T18:00:00,Sep 23,6:00 PM ET,9h ago,away,Seattle Seahawks,-7.0,92.0,89.0,40.5,74.0,54.0,-340.0,94.0,92.0
2026-09-24T03:37:29,nfl,nfl_20260927_seattle_seahawks_wash_commanders,20260927NFL00050,DK,draftkings,change,10,2026-09-23T18:00:00,Sep 23,6:00 PM ET,9h ago,home,Wash Commanders,7.0,8.0,11.0,40.5,26.0,46.0,270.0,6.0,8.0
2026-09-24T03:37:29,nfl,nfl_20260927_seattle_seahawks_wash_commanders,20260927NFL00050,DK,draftkings,change,11,2026-09-23T17:25:00,Sep 23,5:25 PM ET,10h ago,away,Seattle Seahawks,-7.0,92.0,89.0,40.5,75.0,54.0,-340.0,94.0,92.0
2026-09-24T03:37:29,nfl,nfl_20260927_seattle_seahawks_wash_commanders,20260927NFL00050,DK,draftkings,change,11,2026-09-23T17:25:00,Sep 23,5:25 PM ET,10h ago,home,Wash Commanders,7.0,8.0,11.0,40.5,25.0,46.0,270.0,6.0,8.0
2026-09-24T03:37:29,nfl,nfl_20260927_seattle_seahawks_wash_commanders,20260927NFL00050,DK,draftkings,change,12,2026-09-23T16:30:00,Sep 23,4:30 PM ET,11h ago,away,Seattle Seahawks,-7.0,91.0,89.0,40.5,75.0,54.0,-310.0,94.0,92.0
2026-09-24T03:37:29,nfl,nfl_20260927_seattle_seahawks_wash_commanders,20260927NFL00050,DK,draftkings,change,12,2026-09-23T16:30:00,Sep 23,4:30 PM ET,11h ago,home,Wash Commanders,7.0,9.0,11.0,40.5,25.0,46.0,250.0,6.0,8.0
2026-09-24T03:37:29,nfl,nfl_20260927_seattle_seahawks_wash_commanders,20260927NFL00050,DK,draftkings,change,13,2026-09-23T14:35:00,Sep 23,2:35 PM ET,13h ago,away,Seattle Seahawks,-7.0,92.0,89.0,40.5,75.0,54.0,-298.0,94.0,92.0
2026-09-24T03:37:29,nfl,nfl_20260927_seattle_seahawks_wash_commanders,20260927NFL00050,DK,draftkings,change,13,2026-09-23T14:35:00,Sep 23,2:35 PM ET,13h ago,home,Wash Commanders,7.0,8.0,11.0,40.5,25.0,46.0,240.0,6.0,8.0
2026-09-24T03:37:29,nfl,nfl_20260927_seattle_seahawks_wash_commanders,20260927NFL00050,DK,draftkings,change,14,2026-09-23T14:10:00,Sep 23,2:10 PM ET,13h ago,away,Seattle Seahawks,-7.0,92.0,90.0,40.5,75.0,54.0,-298.0,94.0,93.0
2026-09-24T03:37:29,nfl,nfl_20260927_seattle_seahawks_wash_commanders,20260927NFL00050,DK,draftkings,change,14,2026-09-23T14:10:00,Sep 23,2:10 PM ET,13h ago,home,Wash Commanders,7.0,8.0,10.0,40.5,25.0,46.0,240.0,6.0,7.0
2026-09-24T03:37:29,nfl,nfl_20260927_seattle_seahawks_wash_commanders,20260927NFL00050,DK,draftkings,change,15,2026-09-23T13:30:00,Sep 23,1:30 PM ET,14h ago,away,Seattle Seahawks,-7.0,92.0,90.0,40.5,75.0,55.0,-298.0,94.0,93.0
2026-09-24T03:37:29,nfl,nfl_20260927_seattle_seahawks_wash_commanders,20260927NFL00050,DK,draftkings,change,15,2026-09-23T13:30:00,Sep 23,1:30 PM ET,14h ago,home,Wash Commanders,7.0,8.0,10.0,40.5,25.0,45.0,240.0,6.0,7.0
2026-09-24T03:37:29,nfl,nfl_20260927_seattle_seahawks_wash_commanders,20260927NFL00050,DK,draftkings,change,16,2026-09-23T13:20:00,Sep 23,1:20 PM ET,14h ago,away,Seattle Seahawks,-7.0,91.0,90.0,40.5,75.0,55.0,-298.0,94.0,93.0
2026-09-24T03:37:29,nfl,nfl_20260927_seattle_seahawks_wash_commanders,20260927NFL00050,DK,draftkings,change,16,2026-09-23T13:20:00,Sep 23,1:20 PM ET,14h ago,home,Wash Commanders,7.0,9.0,10.0,40.5,25.0,45.0,240.0,6.0,7.0
2026-09-24T03:37:29,nfl,nfl_20260927_seattle_seahawks_wash_commanders,20260927NFL00050,DK,draftkings,change,17,2026-09-23T13:10:00,Sep 23,1:10 PM ET,14h ago,away,Seattle Seahawks,-7.0,91.0,89.0,40.5,75.0,55.0,-298.0,94.0,93.0
2026-09-24T03:37:29,nfl,nfl_20260927_seattle_seahawks_wash_commanders,20260927NFL00050,DK,draftkings,change,17,2026-09-23T13:10:00,Sep 23,1:10 PM ET,14h ago,home,Wash Commanders,7.0,9.0,11.0,40.5,25.0,45.0,240.0,6.0,7.0
2026-09-24T03:37:29,nfl,nfl_20260927_seattle_seahawks_wash_commanders,20260927NFL00050,DK,draftkings,change,18,2026-09-23T12:55:00,Sep 23,12:55 PM ET,14h ago,away,Seattle Seahawks,-7.0,91.0,90.0,40.5,75.0,55.0,-298.0,94.0,93.0
2026-09-24T03:37:29,nfl,nfl_20260927_seattle_seahawks_wash_commanders,20260927NFL00050,DK,draftkings,change,18,2026-09-23T12:55:00,Sep 23,12:55 PM ET,14h ago,home,Wash Commanders,7.0,9.0,10.0,40.5,25.0,45.0,240.0,6.0,7.0
2026-09-24T03:37:29,nfl,nfl_20260927_seattle_seahawks_wash_commanders,20260927NFL00050,DK,draftkings,change,19,2026-09-23T12:40:00,Sep 23,12:40 PM ET,14h ago,away,Seattle Seahawks,-7.0,91.0,89.0,40.5,75.0,55.0,-298.0,94.0,93.0
2026-09-24T03:37:29,nfl,nfl_20260927_seattle_seahawks_wash_commanders,20260927NFL00050,DK,draftkings,change,19,2026-09-23T12:40:00,Sep 23,12:40 PM ET,14h ago,home,Wash Commanders,7.0,9.0,11.0,40.5,25.0,45.0,240.0,6.0,7.0
2026-09-24T03:37:29,nfl,nfl_20260927_seattle_seahawks_wash_commanders,20260927NFL00050,DK,draftkings,change,20,2026-09-23T12:35:00,Sep 23,12:35 PM ET,15h ago,away,Seattle Seahawks,-7.0,91.0,90.0,40.5,75.0,55.0,-298.0,94.0,93.0
2026-09-24T03:37:29,nfl,nfl_20260927_seattle_seahawks_wash_commanders,20260927NFL00050,DK,draftkings,change,20,2026-09-23T12:35:00,Sep 23,12:35 PM ET,15h ago,home,Wash Commanders,7.0,9.0,10.0,40.5,25.0,45.0,240.0,6.0,7.0
2026-09-24T03:37:29,nfl,nfl_20260927_seattle_seahawks_wash_commanders,20260927NFL00050,DK,draftkings,change,21,2026-09-23T12:10:00,Sep 23,12:10 PM ET,15h ago,away,Seattle Seahawks,-7.0,91.0,90.0,40.5,75.0,54.0,-298.0,94.0,93.0
2026-09-24T03:37:29,nfl,nfl_20260927_seattle_seahawks_wash_commanders,20260927NFL00050,DK,draftkings,change,21,2026-09-23T12:10:00,Sep 23,12:10 PM ET,15h ago,home,Wash Commanders,7.0,9.0,10.0,40.5,25.0,46.0,240.0,6.0,7.0
2026-09-24T03:37:29,nfl,nfl_20260927_seattle_seahawks_wash_commanders,20260927NFL00050,DK,draftkings,change,22,2026-09-23T12:00:00,Sep 23,12:00 PM ET,15h ago,away,Seattle Seahawks,-7.0,92.0,90.0,40.5,75.0,54.0,-298.0,94.0,93.0
2026-09-24T03:37:29,nfl,nfl_20260927_seattle_seahawks_wash_commanders,20260927NFL00050,DK,draftkings,change,22,2026-09-23T12:00:00,Sep 23,12:00 PM ET,15h ago,home,Wash Commanders,7.0,8.0,10.0,40.5,25.0,46.0,240.0,6.0,7.0
2026-09-24T03:37:29,nfl,nfl_20260927_seattle_seahawks_wash_commanders,20260927NFL00050,DK,draftkings,change,23,2026-09-23T11:30:00,Sep 23,11:30 AM ET,16h ago,away,Seattle Seahawks,-7.0,91.0,90.0,40.5,75.0,54.0,-298.0,94.0,93.0
2026-09-24T03:37:29,nfl,nfl_20260927_seattle_seahawks_wash_commanders,20260927NFL00050,DK,draftkings,change,23,2026-09-23T11:30:00,Sep 23,11:30 AM ET,16h ago,home,Wash Commanders,7.0,9.0,10.0,40.5,25.0,46.0,240.0,6.0,7.0
2026-09-24T03:37:29,nfl,nfl_20260927_seattle_seahawks_wash_commanders,20260927NFL00050,DK,draftkings,change,24,2026-09-23T11:25:00,Sep 23,11:25 AM ET,16h ago,away,Seattle Seahawks,-7.0,92.0,90.0,40.5,75.0,54.0,-298.0,94.0,93.0
2026-09-24T03:37:29,nfl,nfl_20260927_seattle_seahawks_wash_commanders,20260927NFL00050,DK,draftkings,change,24,2026-09-23T11:25:00,Sep 23,11:25 AM ET,16h ago,home,Wash Commanders,7.0,8.0,10.0,40.5,25.0,46.0,240.0,6.0,7.0
2026-09-24T03:37:29,nfl,nfl_20260927_seattle_seahawks_wash_commanders,20260927NFL00050,DK,draftkings,change,25,2026-09-23T10:50:00,Sep 23,10:50 AM ET,16h ago,away,Seattle Seahawks,-7.0,91.0,90.0,40.5,75.0,54.0,-298.0,94.0,92.0
2026-09-24T03:37:29,nfl,nfl_20260927_seattle_seahawks_wash_commanders,20260927NFL00050,DK,draftkings,change,25,2026-09-23T10:50:00,Sep 23,10:50 AM ET,16h ago,home,Wash Commanders,7.0,9.0,10.0,40.5,25.0,46.0,240.0,6.0,8.0
2026-09-24T03:37:29,nfl,nfl_20260927_seattle_seahawks_wash_commanders,20260927NFL00050,DK,draftkings,change,26,2026-09-23T10:40:00,Sep 23,10:40 AM ET,16h ago,away,Seattle Seahawks,-7.0,91.0,89.0,40.5,75.0,54.0,-298.0,94.0,92.0
2026-09-24T03:37:29,nfl,nfl_20260927_seattle_seahawks_wash_commanders,20260927NFL00050,DK,draftkings,change,26,2026-09-23T10:40:00,Sep 23,10:40 AM ET,16h ago,home,Wash Commanders,7.0,9.0,11.0,40.5,25.0,46.0,240.0,6.0,8.0
2026-09-24T03:37:29,nfl,nfl_20260927_seattle_seahawks_wash_commanders,20260927NFL00050,DK,draftkings,change,27,2026-09-23T10:15:00,Sep 23,10:15 AM ET,17h ago,away,Seattle Seahawks,-7.0,91.0,90.0,40.5,75.0,54.0,-298.0,94.0,92.0
2026-09-24T03:37:29,nfl,nfl_20260927_seattle_seahawks_wash_commanders,20260927NFL00050,DK,draftkings,change,27,2026-09-23T10:15:00,Sep 23,10:15 AM ET,17h ago,home,Wash Commanders,7.0,9.0,10.0,40.5,25.0,46.0,240.0,6.0,8.0
2026-09-24T03:37:30,nfl,nfl_20260927_seattle_seahawks_wash_commanders,20260927NFL00050,CIRCA,circa,open,1,2026-09-20T21:00:00,Sep 20,9:00 PM ET,3d ago,away,Seattle Seahawks,-6.5,50.0,50.0,41.0,50.0,50.0,-290.0,0.0,0.0
2026-09-24T03:37:30,nfl,nfl_20260927_seattle_seahawks_wash_commanders,20260927NFL00050,CIRCA,circa,open,1,2026-09-20T21:00:00,Sep 20,9:00 PM ET,3d ago,home,Wash Commanders,6.5,50.0,50.0,41.0,50.0,50.0,245.0,100.0,100.0
2026-09-24T03:37:30,nfl,nfl_20260927_seattle_seahawks_wash_commanders,20260927NFL00050,CIRCA,circa,first_full,2,2026-09-21T18:55:00,Sep 21,6:55 PM ET,2d ago,away,Seattle Seahawks,-6.5,84.0,75.0,40.0,85.0,50.0,-290.0,11.0,50.0
2026-09-24T03:37:30,nfl,nfl_20260927_seattle_seahawks_wash_commanders,20260927NFL00050,CIRCA,circa,first_full,2,2026-09-21T18:55:00,Sep 21,6:55 PM ET,2d ago,home,Wash Commanders,6.5,16.0,25.0,40.0,15.0,50.0,245.0,89.0,50.0
2026-09-24T03:37:30,nfl,nfl_20260927_seattle_seahawks_wash_commanders,20260927NFL00050,CIRCA,circa,change,3,2026-09-23T22:30:00,Sep 23,10:30 PM ET,5h ago,away,Seattle Seahawks,-7.0,81.0,77.0,40.0,85.0,50.0,-330.0,98.0,67.0
2026-09-24T03:37:30,nfl,nfl_20260927_seattle_seahawks_wash_commanders,20260927NFL00050,CIRCA,circa,change,3,2026-09-23T22:30:00,Sep 23,10:30 PM ET,5h ago,home,Wash Commanders,7.0,19.0,23.0,40.0,15.0,50.0,275.0,2.0,33.0
2026-09-24T03:37:30,nfl,nfl_20260927_seattle_seahawks_wash_commanders,20260927NFL00050,CIRCA,circa,change,4,2026-09-23T21:35:00,Sep 23,9:35 PM ET,6h ago,away,Seattle Seahawks,-7.0,73.0,76.0,40.0,85.0,50.0,-300.0,98.0,67.0
2026-09-24T03:37:30,nfl,nfl_20260927_seattle_seahawks_wash_commanders,20260927NFL00050,CIRCA,circa,change,4,2026-09-23T21:35:00,Sep 23,9:35 PM ET,6h ago,home,Wash Commanders,7.0,27.0,24.0,40.0,15.0,50.0,250.0,2.0,33.0
2026-09-24T03:37:30,nfl,nfl_20260927_seattle_seahawks_wash_commanders,20260927NFL00050,CIRCA,circa,change,5,2026-09-23T19:55:00,Sep 23,7:55 PM ET,7h ago,away,Seattle Seahawks,-7.0,73.0,75.0,40.0,85.0,50.0,-300.0,98.0,67.0
2026-09-24T03:37:30,nfl,nfl_20260927_seattle_seahawks_wash_commanders,20260927NFL00050,CIRCA,circa,change,5,2026-09-23T19:55:00,Sep 23,7:55 PM ET,7h ago,home,Wash Commanders,7.0,27.0,25.0,40.0,15.0,50.0,250.0,2.0,33.0
2026-09-24T03:37:30,nfl,nfl_20260927_seattle_seahawks_wash_commanders,20260927NFL00050,CIRCA,circa,change,6,2026-09-23T19:50:00,Sep 23,7:50 PM ET,7h ago,away,Seattle Seahawks,-7.0,73.0,74.0,40.0,85.0,50.0,-300.0,98.0,67.0
2026-09-24T03:37:30,nfl,nfl_20260927_seattle_seahawks_wash_commanders,20260927NFL00050,CIRCA,circa,change,6,2026-09-23T19:50:00,Sep 23,7:50 PM ET,7h ago,home,Wash Commanders,7.0,27.0,26.0,40.0,15.0,50.0,250.0,2.0,33.0
2026-09-24T03:37:30,nfl,nfl_20260927_seattle_seahawks_wash_commanders,20260927NFL00050,CIRCA,circa,change,7,2026-09-23T18:15:00,Sep 23,6:15 PM ET,9h ago,away,Seattle Seahawks,-7.0,73.0,73.0,40.0,85.0,50.0,-300.0,98.0,67.0
2026-09-24T03:37:30,nfl,nfl_20260927_seattle_seahawks_wash_commanders,20260927NFL00050,CIRCA,circa,change,7,2026-09-23T18:15:00,Sep 23,6:15 PM ET,9h ago,home,Wash Commanders,7.0,27.0,27.0,40.0,15.0,50.0,250.0,2.0,33.0
2026-09-24T03:37:30,nfl,nfl_20260927_seattle_seahawks_wash_commanders,20260927NFL00050,CIRCA,circa,change,8,2026-09-23T15:10:00,Sep 23,3:10 PM ET,12h ago,away,Seattle Seahawks,-7.0,73.0,71.0,40.0,85.0,50.0,-300.0,98.0,67.0
2026-09-24T03:37:30,nfl,nfl_20260927_seattle_seahawks_wash_commanders,20260927NFL00050,CIRCA,circa,change,8,2026-09-23T15:10:00,Sep 23,3:10 PM ET,12h ago,home,Wash Commanders,7.0,27.0,29.0,40.0,15.0,50.0,250.0,2.0,33.0
2026-09-24T03:37:30,nfl,nfl_20260927_seattle_seahawks_wash_commanders,20260927NFL00050,CIRCA,circa,change,9,2026-09-23T13:15:00,Sep 23,1:15 PM ET,14h ago,away,Seattle Seahawks,-7.0,73.0,75.0,40.0,85.0,50.0,-300.0,98.0,67.0
2026-09-24T03:37:30,nfl,nfl_20260927_seattle_seahawks_wash_commanders,20260927NFL00050,CIRCA,circa,change,9,2026-09-23T13:15:00,Sep 23,1:15 PM ET,14h ago,home,Wash Commanders,7.0,27.0,25.0,40.0,15.0,50.0,250.0,2.0,33.0
2026-09-24T03:37:30,nfl,nfl_20260927_seattle_seahawks_wash_commanders,20260927NFL00050,CIRCA,circa,change,10,2026-09-23T10:35:00,Sep 23,10:35 AM ET,17h ago,away,Seattle Seahawks,-7.0,95.0,79.0,40.0,85.0,50.0,-300.0,98.0,67.0
2026-09-24T03:37:30,nfl,nfl_20260927_seattle_seahawks_wash_commanders,20260927NFL00050,CIRCA,circa,change,10,2026-09-23T10:35:00,Sep 23,10:35 AM ET,17h ago,home,Wash Commanders,7.0,5.0,21.0,40.0,15.0,50.0,250.0,2.0,33.0
2026-09-24T03:37:30,nfl,nfl_20260927_seattle_seahawks_wash_commanders,20260927NFL00050,CIRCA,circa,change,11,2026-09-22T21:05:00,Sep 22,9:05 PM ET,1d ago,away,Seattle Seahawks,-7.0,95.0,78.0,40.0,85.0,50.0,-300.0,98.0,67.0
2026-09-24T03:37:30,nfl,nfl_20260927_seattle_seahawks_wash_commanders,20260927NFL00050,CIRCA,circa,change,11,2026-09-22T21:05:00,Sep 22,9:05 PM ET,1d ago,home,Wash Commanders,7.0,5.0,22.0,40.0,15.0,50.0,250.0,2.0,33.0
2026-09-24T03:37:30,nfl,nfl_20260927_seattle_seahawks_wash_commanders,20260927NFL00050,CIRCA,circa,change,12,2026-09-22T19:55:00,Sep 22,7:55 PM ET,1d ago,away,Seattle Seahawks,-7.0,95.0,78.0,40.0,85.0,50.0,-300.0,11.0,50.0
2026-09-24T03:37:30,nfl,nfl_20260927_seattle_seahawks_wash_commanders,20260927NFL00050,CIRCA,circa,change,12,2026-09-22T19:55:00,Sep 22,7:55 PM ET,1d ago,home,Wash Commanders,7.0,5.0,22.0,40.0,15.0,50.0,250.0,89.0,50.0
2026-09-24T03:37:30,nfl,nfl_20260927_seattle_seahawks_wash_commanders,20260927NFL00050,CIRCA,circa,change,13,2026-09-22T16:30:00,Sep 22,4:30 PM ET,1d ago,away,Seattle Seahawks,-7.0,95.0,76.0,40.0,85.0,50.0,-300.0,11.0,50.0
2026-09-24T03:37:30,nfl,nfl_20260927_seattle_seahawks_wash_commanders,20260927NFL00050,CIRCA,circa,change,13,2026-09-22T16:30:00,Sep 22,4:30 PM ET,1d ago,home,Wash Commanders,7.0,5.0,24.0,40.0,15.0,50.0,250.0,89.0,50.0
2026-09-24T03:37:30,nfl,nfl_20260927_seattle_seahawks_wash_commanders,20260927NFL00050,CIRCA,circa,change,14,2026-09-22T14:10:00,Sep 22,2:10 PM ET,1d ago,away,Seattle Seahawks,-7.0,95.0,75.0,40.0,85.0,50.0,-300.0,11.0,50.0
2026-09-24T03:37:30,nfl,nfl_20260927_seattle_seahawks_wash_commanders,20260927NFL00050,CIRCA,circa,change,14,2026-09-22T14:10:00,Sep 22,2:10 PM ET,1d ago,home,Wash Commanders,7.0,5.0,25.0,40.0,15.0,50.0,250.0,89.0,50.0
2026-09-24T03:37:30,nfl,nfl_20260927_seattle_seahawks_wash_commanders,20260927NFL00050,CIRCA,circa,change,15,2026-09-22T08:55:00,Sep 22,8:55 AM ET,1d ago,away,Seattle Seahawks,-7.0,95.0,73.0,40.0,85.0,50.0,-300.0,11.0,50.0
2026-09-24T03:37:30,nfl,nfl_20260927_seattle_seahawks_wash_commanders,20260927NFL00050,CIRCA,circa,change,15,2026-09-22T08:55:00,Sep 22,8:55 AM ET,1d ago,home,Wash Commanders,7.0,5.0,27.0,40.0,15.0,50.0,250.0,89.0,50.0
2026-09-24T03:37:30,nfl,nfl_20260927_seattle_seahawks_wash_commanders,20260927NFL00050,CIRCA,circa,change,16,2026-09-22T03:10:00,Sep 22,3:10 AM ET,2d ago,away,Seattle Seahawks,-7.0,95.0,71.0,40.0,85.0,50.0,-300.0,11.0,50.0
2026-09-24T03:37:30,nfl,nfl_20260927_seattle_seahawks_wash_commanders,20260927NFL00050,CIRCA,circa,change,16,2026-09-22T03:10:00,Sep 22,3:10 AM ET,2d ago,home,Wash Commanders,7.0,5.0,29.0,40.0,15.0,50.0,250.0,89.0,50.0
2026-09-24T03:37:30,nfl,nfl_20260927_seattle_seahawks_wash_commanders,20260927NFL00050,CIRCA,circa,change,17,2026-09-22T01:35:00,Sep 22,1:35 AM ET,2d ago,away,Seattle Seahawks,-7.0,96.0,77.0,40.0,85.0,50.0,-300.0,11.0,50.0
2026-09-24T03:37:30,nfl,nfl_20260927_seattle_seahawks_wash_commanders,20260927NFL00050,CIRCA,circa,change,17,2026-09-22T01:35:00,Sep 22,1:35 AM ET,2d ago,home,Wash Commanders,7.0,4.0,23.0,40.0,15.0,50.0,250.0,89.0,50.0
2026-09-24T03:37:30,nfl,nfl_20260927_seattle_seahawks_wash_commanders,20260927NFL00050,CIRCA,circa,change,18,2026-09-21T23:15:00,Sep 21,11:15 PM ET,2d ago,away,Seattle Seahawks,-7.0,96.0,75.0,40.0,85.0,50.0,-300.0,11.0,50.0
2026-09-24T03:37:30,nfl,nfl_20260927_seattle_seahawks_wash_commanders,20260927NFL00050,CIRCA,circa,change,18,2026-09-21T23:15:00,Sep 21,11:15 PM ET,2d ago,home,Wash Commanders,7.0,4.0,25.0,40.0,15.0,50.0,250.0,89.0,50.0
2026-09-24T03:37:30,nfl,nfl_20260927_seattle_seahawks_wash_commanders,20260927NFL00050,CIRCA,circa,change,19,2026-09-21T21:40:00,Sep 21,9:40 PM ET,2d ago,away,Seattle Seahawks,-7.0,96.0,73.0,40.0,85.0,50.0,-300.0,11.0,50.0
2026-09-24T03:37:30,nfl,nfl_20260927_seattle_seahawks_wash_commanders,20260927NFL00050,CIRCA,circa,change,19,2026-09-21T21:40:00,Sep 21,9:40 PM ET,2d ago,home,Wash Commanders,7.0,4.0,27.0,40.0,15.0,50.0,250.0,89.0,50.0
2026-09-24T03:37:30,nfl,nfl_20260927_seattle_seahawks_wash_commanders,20260927NFL00050,CIRCA,circa,change,20,2026-09-21T21:25:00,Sep 21,9:25 PM ET,2d ago,away,Seattle Seahawks,-7.0,96.0,80.0,40.0,85.0,50.0,-300.0,11.0,50.0
2026-09-24T03:37:30,nfl,nfl_20260927_seattle_seahawks_wash_commanders,20260927NFL00050,CIRCA,circa,change,20,2026-09-21T21:25:00,Sep 21,9:25 PM ET,2d ago,home,Wash Commanders,7.0,4.0,20.0,40.0,15.0,50.0,250.0,89.0,50.0
2026-09-24T03:37:30,nfl,nfl_20260927_seattle_seahawks_wash_commanders,20260927NFL00050,CIRCA,circa,change,21,2026-09-21T21:15:00,Sep 21,9:15 PM ET,2d ago,away,Seattle Seahawks,-6.5,94.0,78.0,40.0,85.0,50.0,-300.0,11.0,50.0
2026-09-24T03:37:30,nfl,nfl_20260927_seattle_seahawks_wash_commanders,20260927NFL00050,CIRCA,circa,change,21,2026-09-21T21:15:00,Sep 21,9:15 PM ET,2d ago,home,Wash Commanders,6.5,6.0,22.0,40.0,15.0,50.0,250.0,89.0,50.0
2026-09-24T03:37:30,nfl,nfl_20260927_seattle_seahawks_wash_commanders,20260927NFL00050,CIRCA,circa,change,22,2026-09-21T18:55:00,Sep 21,6:55 PM ET,2d ago,away,Seattle Seahawks,-6.5,84.0,75.0,40.0,85.0,50.0,-290.0,11.0,50.0
2026-09-24T03:37:30,nfl,nfl_20260927_seattle_seahawks_wash_commanders,20260927NFL00050,CIRCA,circa,change,22,2026-09-21T18:55:00,Sep 21,6:55 PM ET,2d ago,home,Wash Commanders,6.5,16.0,25.0,40.0,15.0,50.0,245.0,89.0,50.0
2026-09-24T03:37:30,nfl,nfl_20260927_seattle_seahawks_wash_commanders,20260927NFL00050,CIRCA,circa,change,23,2026-09-21T17:05:00,Sep 21,5:05 PM ET,2d ago,away,Seattle Seahawks,-6.5,84.0,75.0,40.0,85.0,50.0,-290.0,0.0,0.0
2026-09-24T03:37:30,nfl,nfl_20260927_seattle_seahawks_wash_commanders,20260927NFL00050,CIRCA,circa,change,23,2026-09-21T17:05:00,Sep 21,5:05 PM ET,2d ago,home,Wash Commanders,6.5,16.0,25.0,40.0,15.0,50.0,245.0,100.0,100.0
2026-09-24T03:37:30,nfl,nfl_20260927_seattle_seahawks_wash_commanders,20260927NFL00050,CIRCA,circa,change,24,2026-09-21T16:25:00,Sep 21,4:25 PM ET,2d ago,away,Seattle Seahawks,-6.5,84.0,75.0,40.0,85.0,33.0,-290.0,0.0,0.0
2026-09-24T03:37:30,nfl,nfl_20260927_seattle_seahawks_wash_commanders,20260927NFL00050,CIRCA,circa,change,24,2026-09-21T16:25:00,Sep 21,4:25 PM ET,2d ago,home,Wash Commanders,6.5,16.0,25.0,40.0,15.0,67.0,245.0,100.0,100.0
2026-09-24T03:37:30,nfl,nfl_20260927_seattle_seahawks_wash_commanders,20260927NFL00050,CIRCA,circa,change,25,2026-09-21T15:25:00,Sep 21,3:25 PM ET,2d ago,away,Seattle Seahawks,-6.5,81.0,71.0,40.0,85.0,33.0,-290.0,0.0,0.0
2026-09-24T03:37:30,nfl,nfl_20260927_seattle_seahawks_wash_commanders,20260927NFL00050,CIRCA,circa,change,25,2026-09-21T15:25:00,Sep 21,3:25 PM ET,2d ago,home,Wash Commanders,6.5,19.0,29.0,40.0,15.0,67.0,245.0,100.0,100.0
2026-09-24T03:37:30,nfl,nfl_20260927_seattle_seahawks_wash_commanders,20260927NFL00050,CIRCA,circa,change,26,2026-09-21T15:20:00,Sep 21,3:20 PM ET,2d ago,away,Seattle Seahawks,-6.5,81.0,71.0,40.0,97.0,50.0,-290.0,0.0,0.0
2026-09-24T03:37:30,nfl,nfl_20260927_seattle_seahawks_wash_commanders,20260927NFL00050,CIRCA,circa,change,26,2026-09-21T15:20:00,Sep 21,3:20 PM ET,2d ago,home,Wash Commanders,6.5,19.0,29.0,40.0,3.0,50.0,245.0,100.0,100.0
2026-09-24T03:37:30,nfl,nfl_20260927_seattle_seahawks_wash_commanders,20260927NFL00050,CIRCA,circa,change,27,2026-09-21T12:40:00,Sep 21,12:40 PM ET,2d ago,away,Seattle Seahawks,-6.5,81.0,71.0,40.0,100.0,100.0,-290.0,0.0,0.0
2026-09-24T03:37:30,nfl,nfl_20260927_seattle_seahawks_wash_commanders,20260927NFL00050,CIRCA,circa,change,27,2026-09-21T12:40:00,Sep 21,12:40 PM ET,2d ago,home,Wash Commanders,6.5,19.0,29.0,40.0,0.0,0.0,245.0,100.0,100.0
2026-09-24T03:37:31,nfl,nfl_20260927_new_york_jets_detroit_lions,20260927NFL00052,DK,draftkings,open,1,2026-05-14T22:40:00,May 14,10:40 PM ET,132d ago,away,New York Jets,,0.0,0.0,,0.0,0.0,350.0,0.0,0.0
2026-09-24T03:37:31,nfl,nfl_20260927_new_york_jets_detroit_lions,20260927NFL00052,DK,draftkings,open,1,2026-05-14T22:40:00,May 14,10:40 PM ET,132d ago,home,Detroit Lions,,0.0,0.0,,0.0,0.0,-455.0,100.0,100.0
2026-09-24T03:37:31,nfl,nfl_20260927_new_york_jets_detroit_lions,20260927NFL00052,DK,draftkings,first_full,2,2026-05-18T13:55:00,May 18,1:55 PM ET,128d ago,away,New York Jets,9.5,33.0,27.0,45.5,100.0,100.0,350.0,9.0,8.0
2026-09-24T03:37:31,nfl,nfl_20260927_new_york_jets_detroit_lions,20260927NFL00052,DK,draftkings,first_full,2,2026-05-18T13:55:00,May 18,1:55 PM ET,128d ago,home,Detroit Lions,-9.5,67.0,73.0,45.5,0.0,0.0,-455.0,91.0,92.0
2026-09-24T03:37:31,nfl,nfl_20260927_new_york_jets_detroit_lions,20260927NFL00052,DK,draftkings,change,3,2026-09-24T03:20:00,Sep 24,3:20 AM ET,17m ago,away,New York Jets,6.5,27.0,33.0,47.5,82.0,54.0,245.0,15.0,12.0
2026-09-24T03:37:31,nfl,nfl_20260927_new_york_jets_detroit_lions,20260927NFL00052,DK,draftkings,change,3,2026-09-24T03:20:00,Sep 24,3:20 AM ET,17m ago,home,Detroit Lions,-6.5,73.0,67.0,47.5,18.0,46.0,-305.0,85.0,88.0
2026-09-24T03:37:31,nfl,nfl_20260927_new_york_jets_detroit_lions,20260927NFL00052,DK,draftkings,change,4,2026-09-24T03:10:00,Sep 24,3:10 AM ET,27m ago,away,New York Jets,6.5,27.0,33.0,47.5,82.0,53.0,245.0,15.0,12.0
2026-09-24T03:37:31,nfl,nfl_20260927_new_york_jets_detroit_lions,20260927NFL00052,DK,draftkings,change,4,2026-09-24T03:10:00,Sep 24,3:10 AM ET,27m ago,home,Detroit Lions,-6.5,73.0,67.0,47.5,18.0,47.0,-305.0,85.0,88.0
2026-09-24T03:37:31,nfl,nfl_20260927_new_york_jets_detroit_lions,20260927NFL00052,DK,draftkings,change,5,2026-09-24T01:55:00,Sep 24,1:55 AM ET,1h ago,away,New York Jets,6.5,27.0,32.0,47.5,82.0,53.0,240.0,15.0,12.0
2026-09-24T03:37:31,nfl,nfl_20260927_new_york_jets_detroit_lions,20260927NFL00052,DK,draftkings,change,5,2026-09-24T01:55:00,Sep 24,1:55 AM ET,1h ago,home,Detroit Lions,-6.5,73.0,68.0,47.5,18.0,47.0,-298.0,85.0,88.0
2026-09-24T03:37:31,nfl,nfl_20260927_new_york_jets_detroit_lions,20260927NFL00052,DK,draftkings,change,6,2026-09-24T01:00:00,Sep 24,1:00 AM ET,2h ago,away,New York Jets,6.5,27.0,33.0,47.5,82.0,53.0,240.0,15.0,12.0
2026-09-24T03:37:31,nfl,nfl_20260927_new_york_jets_detroit_lions,20260927NFL00052,DK,draftkings,change,6,2026-09-24T01:00:00,Sep 24,1:00 AM ET,2h ago,home,Detroit Lions,-6.5,73.0,67.0,47.5,18.0,47.0,-298.0,85.0,88.0
2026-09-24T03:37:31,nfl,nfl_20260927_new_york_jets_detroit_lions,20260927NFL00052,DK,draftkings,change,7,2026-09-24T00:55:00,Sep 24,12:55 AM ET,2h ago,away,New York Jets,6.5,27.0,33.0,47.5,82.0,53.0,245.0,15.0,13.0
2026-09-24T03:37:31,nfl,nfl_20260927_new_york_jets_detroit_lions,20260927NFL00052,DK,draftkings,change,7,2026-09-24T00:55:00,Sep 24,12:55 AM ET,2h ago,home,Detroit Lions,-6.5,73.0,67.0,47.5,18.0,47.0,-305.0,85.0,87.0
2026-09-24T03:37:31,nfl,nfl_20260927_new_york_jets_detroit_lions,20260927NFL00052,DK,draftkings,change,8,2026-09-24T00:20:00,Sep 24,12:20 AM ET,3h ago,away,New York Jets,6.5,27.0,33.0,47.5,82.0,53.0,245.0,16.0,13.0
2026-09-24T03:37:31,nfl,nfl_20260927_new_york_jets_detroit_lions,20260927NFL00052,DK,draftkings,change,8,2026-09-24T00:20:00,Sep 24,12:20 AM ET,3h ago,home,Detroit Lions,-6.5,73.0,67.0,47.5,18.0,47.0,-305.0,84.0,87.0
2026-09-24T03:37:31,nfl,nfl_20260927_new_york_jets_detroit_lions,20260927NFL00052,DK,draftkings,change,9,2026-09-23T23:55:00,Sep 23,11:55 PM ET,3h ago,away,New York Jets,6.5,27.0,32.0,47.5,82.0,53.0,245.0,16.0,13.0
2026-09-24T03:37:31,nfl,nfl_20260927_new_york_jets_detroit_lions,20260927NFL00052,DK,draftkings,change,9,2026-09-23T23:55:00,Sep 23,11:55 PM ET,3h ago,home,Detroit Lions,-6.5,73.0,68.0,47.5,18.0,47.0,-305.0,84.0,87.0
2026-09-24T03:37:31,nfl,nfl_20260927_new_york_jets_detroit_lions,20260927NFL00052,DK,draftkings,change,10,2026-09-23T23:50:00,Sep 23,11:50 PM ET,3h ago,away,New York Jets,6.5,27.0,33.0,47.5,82.0,53.0,245.0,16.0,13.0
2026-09-24T03:37:31,nfl,nfl_20260927_new_york_jets_detroit_lions,20260927NFL00052,DK,draftkings,change,10,2026-09-23T23:50:00,Sep 23,11:50 PM ET,3h ago,home,Detroit Lions,-6.5,73.0,67.0,47.5,18.0,47.0,-305.0,84.0,87.0
2026-09-24T03:37:31,nfl,nfl_20260927_new_york_jets_detroit_lions,20260927NFL00052,DK,draftkings,change,11,2026-09-23T23:40:00,Sep 23,11:40 PM ET,3h ago,away,New York Jets,6.5,27.0,32.0,47.5,82.0,53.0,245.0,16.0,13.0
2026-09-24T03:37:31,nfl,nfl_20260927_new_york_jets_detroit_lions,20260927NFL00052,DK,draftkings,change,11,2026-09-23T23:40:00,Sep 23,11:40 PM ET,3h ago,home,Detroit Lions,-6.5,73.0,68.0,47.5,18.0,47.0,-305.0,84.0,87.0
2026-09-24T03:37:31,nfl,nfl_20260927_new_york_jets_detroit_lions,20260927NFL00052,DK,draftkings,change,12,2026-09-23T23:30:00,Sep 23,11:30 PM ET,4h ago,away,New York Jets,6.5,27.0,32.0,47.5,82.0,52.0,245.0,16.0,13.0
2026-09-24T03:37:31,nfl,nfl_20260927_new_york_jets_detroit_lions,20260927NFL00052,DK,draftkings,change,12,2026-09-23T23:30:00,Sep 23,11:30 PM ET,4h ago,home,Detroit Lions,-6.5,73.0,68.0,47.5,18.0,48.0,-305.0,84.0,87.0
2026-09-24T03:37:31,nfl,nfl_20260927_new_york_jets_detroit_lions,20260927NFL00052,DK,draftkings,change,13,2026-09-23T20:25:00,Sep 23,8:25 PM ET,7h ago,away,New York Jets,6.5,27.0,32.0,47.5,82.0,53.0,245.0,16.0,13.0
2026-09-24T03:37:31,nfl,nfl_20260927_new_york_jets_detroit_lions,20260927NFL00052,DK,draftkings,change,13,2026-09-23T20:25:00,Sep 23,8:25 PM ET,7h ago,home,Detroit Lions,-6.5,73.0,68.0,47.5,18.0,47.0,-305.0,84.0,87.0
2026-09-24T03:37:31,nfl,nfl_20260927_new_york_jets_detroit_lions,20260927NFL00052,DK,draftkings,change,14,2026-09-23T20:20:00,Sep 23,8:20 PM ET,7h ago,away,New York Jets,6.5,27.0,33.0,47.5,82.0,53.0,245.0,16.0,13.0
2026-09-24T03:37:31,nfl,nfl_20260927_new_york_jets_detroit_lions,20260927NFL00052,DK,draftkings,change,14,2026-09-23T20:20:00,Sep 23,8:20 PM ET,7h ago,home,Detroit Lions,-6.5,73.0,67.0,47.5,18.0,47.0,-305.0,84.0,87.0
2026-09-24T03:37:31,nfl,nfl_20260927_new_york_jets_detroit_lions,20260927NFL00052,DK,draftkings,change,15,2026-09-23T19:50:00,Sep 23,7:50 PM ET,7h ago,away,New York Jets,6.5,27.0,33.0,47.5,82.0,53.0,245.0,15.0,13.0
2026-09-24T03:37:31,nfl,nfl_20260927_new_york_jets_detroit_lions,20260927NFL00052,DK,draftkings,change,15,2026-09-23T19:50:00,Sep 23,7:50 PM ET,7h ago,home,Detroit Lions,-6.5,73.0,67.0,47.5,18.0,47.0,-305.0,85.0,87.0
2026-09-24T03:37:31,nfl,nfl_20260927_new_york_jets_detroit_lions,20260927NFL00052,DK,draftkings,change,16,2026-09-23T19:45:00,Sep 23,7:45 PM ET,7h ago,away,New York Jets,6.5,27.0,33.0,47.5,81.0,53.0,245.0,15.0,13.0
2026-09-24T03:37:31,nfl,nfl_20260927_new_york_jets_detroit_lions,20260927NFL00052,DK,draftkings,change,16,2026-09-23T19:45:00,Sep 23,7:45 PM ET,7h ago,home,Detroit Lions,-6.5,73.0,67.0,47.5,19.0,47.0,-305.0,85.0,87.0
2026-09-24T03:37:31,nfl,nfl_20260927_new_york_jets_detroit_lions,20260927NFL00052,DK,draftkings,change,17,2026-09-23T19:15:00,Sep 23,7:15 PM ET,8h ago,away,New York Jets,6.5,28.0,33.0,47.5,81.0,53.0,245.0,15.0,13.0
2026-09-24T03:37:31,nfl,nfl_20260927_new_york_jets_detroit_lions,20260927NFL00052,DK,draftkings,change,17,2026-09-23T19:15:00,Sep 23,7:15 PM ET,8h ago,home,Detroit Lions,-6.5,72.0,67.0,47.5,19.0,47.0,-305.0,85.0,87.0
2026-09-24T03:37:31,nfl,nfl_20260927_new_york_jets_detroit_lions,20260927NFL00052,DK,draftkings,change,18,2026-09-23T19:10:00,Sep 23,7:10 PM ET,8h ago,away,New York Jets,6.5,28.0,33.0,47.5,81.0,54.0,245.0,15.0,13.0
2026-09-24T03:37:31,nfl,nfl_20260927_new_york_jets_detroit_lions,20260927NFL00052,DK,draftkings,change,18,2026-09-23T19:10:00,Sep 23,7:10 PM ET,8h ago,home,Detroit Lions,-6.5,72.0,67.0,47.5,19.0,46.0,-305.0,85.0,87.0
2026-09-24T03:37:31,nfl,nfl_20260927_new_york_jets_detroit_lions,20260927NFL00052,DK,draftkings,change,19,2026-09-23T18:50:00,Sep 23,6:50 PM ET,8h ago,away,New York Jets,6.5,28.0,33.0,47.5,81.0,53.0,245.0,15.0,13.0
2026-09-24T03:37:31,nfl,nfl_20260927_new_york_jets_detroit_lions,20260927NFL00052,DK,draftkings,change,19,2026-09-23T18:50:00,Sep 23,6:50 PM ET,8h ago,home,Detroit Lions,-6.5,72.0,67.0,47.5,19.0,47.0,-305.0,85.0,87.0
2026-09-24T03:37:31,nfl,nfl_20260927_new_york_jets_detroit_lions,20260927NFL00052,DK,draftkings,change,20,2026-09-23T18:30:00,Sep 23,6:30 PM ET,9h ago,away,New York Jets,6.5,28.0,33.0,47.5,81.0,54.0,245.0,15.0,13.0
2026-09-24T03:37:31,nfl,nfl_20260927_new_york_jets_detroit_lions,20260927NFL00052,DK,draftkings,change,20,2026-09-23T18:30:00,Sep 23,6:30 PM ET,9h ago,home,Detroit Lions,-6.5,72.0,67.0,47.5,19.0,46.0,-305.0,85.0,87.0
2026-09-24T03:37:31,nfl,nfl_20260927_new_york_jets_detroit_lions,20260927NFL00052,DK,draftkings,change,21,2026-09-23T17:00:00,Sep 23,5:00 PM ET,10h ago,away,New York Jets,6.5,28.0,32.0,47.5,81.0,54.0,245.0,15.0,13.0
2026-09-24T03:37:31,nfl,nfl_20260927_new_york_jets_detroit_lions,20260927NFL00052,DK,draftkings,change,21,2026-09-23T17:00:00,Sep 23,5:00 PM ET,10h ago,home,Detroit Lions,-6.5,72.0,68.0,47.5,19.0,46.0,-305.0,85.0,87.0
2026-09-24T03:37:31,nfl,nfl_20260927_new_york_jets_detroit_lions,20260927NFL00052,DK,draftkings,change,22,2026-09-23T16:20:00,Sep 23,4:20 PM ET,11h ago,away,New York Jets,6.5,28.0,33.0,47.5,81.0,54.0,240.0,15.0,13.0
2026-09-24T03:37:31,nfl,nfl_20260927_new_york_jets_detroit_lions,20260927NFL00052,DK,draftkings,change,22,2026-09-23T16:20:00,Sep 23,4:20 PM ET,11h ago,home,Detroit Lions,-6.5,72.0,67.0,47.5,19.0,46.0,-298.0,85.0,87.0
2026-09-24T03:37:31,nfl,nfl_20260927_new_york_jets_detroit_lions,20260927NFL00052,DK,draftkings,change,23,2026-09-23T16:00:00,Sep 23,4:00 PM ET,11h ago,away,New York Jets,6.5,28.0,33.0,47.5,82.0,54.0,235.0,15.0,13.0
2026-09-24T03:37:31,nfl,nfl_20260927_new_york_jets_detroit_lions,20260927NFL00052,DK,draftkings,change,23,2026-09-23T16:00:00,Sep 23,4:00 PM ET,11h ago,home,Detroit Lions,-6.5,72.0,67.0,47.5,18.0,46.0,-290.0,85.0,87.0
2026-09-24T03:37:31,nfl,nfl_20260927_new_york_jets_detroit_lions,20260927NFL00052,DK,draftkings,change,24,2026-09-23T15:10:00,Sep 23,3:10 PM ET,12h ago,away,New York Jets,6.5,28.0,33.0,47.5,81.0,54.0,245.0,15.0,13.0
2026-09-24T03:37:31,nfl,nfl_20260927_new_york_jets_detroit_lions,20260927NFL00052,DK,draftkings,change,24,2026-09-23T15:10:00,Sep 23,3:10 PM ET,12h ago,home,Detroit Lions,-6.5,72.0,67.0,47.5,19.0,46.0,-305.0,85.0,87.0
2026-09-24T03:37:31,nfl,nfl_20260927_new_york_jets_detroit_lions,20260927NFL00052,DK,draftkings,change,25,2026-09-23T14:35:00,Sep 23,2:35 PM ET,13h ago,away,New York Jets,6.5,29.0,33.0,47.5,81.0,54.0,245.0,15.0,13.0
2026-09-24T03:37:31,nfl,nfl_20260927_new_york_jets_detroit_lions,20260927NFL00052,DK,draftkings,change,25,2026-09-23T14:35:00,Sep 23,2:35 PM ET,13h ago,home,Detroit Lions,-6.5,71.0,67.0,47.5,19.0,46.0,-305.0,85.0,87.0
2026-09-24T03:37:31,nfl,nfl_20260927_new_york_jets_detroit_lions,20260927NFL00052,DK,draftkings,change,26,2026-09-23T14:10:00,Sep 23,2:10 PM ET,13h ago,away,New York Jets,6.5,29.0,32.0,47.5,81.0,54.0,245.0,15.0,13.0
2026-09-24T03:37:31,nfl,nfl_20260927_new_york_jets_detroit_lions,20260927NFL00052,DK,draftkings,change,26,2026-09-23T14:10:00,Sep 23,2:10 PM ET,13h ago,home,Detroit Lions,-6.5,71.0,68.0,47.5,19.0,46.0,-305.0,85.0,87.0
2026-09-24T03:37:31,nfl,nfl_20260927_new_york_jets_detroit_lions,20260927NFL00052,DK,draftkings,change,27,2026-09-23T13:35:00,Sep 23,1:35 PM ET,14h ago,away,New York Jets,6.5,29.0,32.0,47.5,81.0,53.0,245.0,15.0,13.0
2026-09-24T03:37:31,nfl,nfl_20260927_new_york_jets_detroit_lions,20260927NFL00052,DK,draftkings,change,27,2026-09-23T13:35:00,Sep 23,1:35 PM ET,14h ago,home,Detroit Lions,-6.5,71.0,68.0,47.5,19.0,47.0,-305.0,85.0,87.0
