collected_at,sport,game_id,gamecode,source,book,kind,entry_idx,ts_iso,ts_date,ts_time,ts_rel,side,team,spread,spread_handle_pct,spread_bets_pct,total,total_handle_pct,total_bets_pct,ml,ml_handle_pct,ml_bets_pct
2026-09-20T03:48:34,nfl,nfl_20260920_pittsburgh_steelers_new_england_patriots,20260920NFL00033,DK,draftkings,open,1,2026-05-14T22:40:00,May 14,10:40 PM ET,128d ago,away,Pittsburgh Steelers,,0.0,0.0,,0.0,0.0,185.0,0.0,0.0
2026-09-20T03:48:34,nfl,nfl_20260920_pittsburgh_steelers_new_england_patriots,20260920NFL00033,DK,draftkings,open,1,2026-05-14T22:40:00,May 14,10:40 PM ET,128d ago,home,New England Patriots,,0.0,0.0,,0.0,0.0,-225.0,100.0,100.0
2026-09-20T03:48:34,nfl,nfl_20260920_pittsburgh_steelers_new_england_patriots,20260920NFL00033,DK,draftkings,first_full,2,2026-08-12T15:12:00,Aug 12,3:12 PM ET,38d ago,away,Pittsburgh Steelers,4.5,100.0,75.0,43.5,100.0,100.0,190.0,1.0,26.0
2026-09-20T03:48:34,nfl,nfl_20260920_pittsburgh_steelers_new_england_patriots,20260920NFL00033,DK,draftkings,first_full,2,2026-08-12T15:12:00,Aug 12,3:12 PM ET,38d ago,home,New England Patriots,-4.5,0.0,25.0,43.5,0.0,0.0,-230.0,99.0,74.0
2026-09-20T03:48:34,nfl,nfl_20260920_pittsburgh_steelers_new_england_patriots,20260920NFL00033,DK,draftkings,change,3,2026-09-20T03:35:00,Sep 20,3:35 AM ET,13m ago,away,Pittsburgh Steelers,5.5,39.0,57.0,41.5,28.0,46.0,190.0,23.0,28.0
2026-09-20T03:48:34,nfl,nfl_20260920_pittsburgh_steelers_new_england_patriots,20260920NFL00033,DK,draftkings,change,3,2026-09-20T03:35:00,Sep 20,3:35 AM ET,13m ago,home,New England Patriots,-5.5,61.0,43.0,41.5,72.0,54.0,-230.0,77.0,72.0
2026-09-20T03:48:34,nfl,nfl_20260920_pittsburgh_steelers_new_england_patriots,20260920NFL00033,DK,draftkings,change,4,2026-09-20T03:25:00,Sep 20,3:25 AM ET,23m ago,away,Pittsburgh Steelers,5.5,38.0,57.0,41.5,28.0,46.0,190.0,23.0,28.0
2026-09-20T03:48:34,nfl,nfl_20260920_pittsburgh_steelers_new_england_patriots,20260920NFL00033,DK,draftkings,change,4,2026-09-20T03:25:00,Sep 20,3:25 AM ET,23m ago,home,New England Patriots,-5.5,62.0,43.0,41.5,72.0,54.0,-230.0,77.0,72.0
2026-09-20T03:48:34,nfl,nfl_20260920_pittsburgh_steelers_new_england_patriots,20260920NFL00033,DK,draftkings,change,5,2026-09-20T03:05:00,Sep 20,3:05 AM ET,43m ago,away,Pittsburgh Steelers,5.5,39.0,57.0,41.5,28.0,46.0,190.0,23.0,28.0
2026-09-20T03:48:34,nfl,nfl_20260920_pittsburgh_steelers_new_england_patriots,20260920NFL00033,DK,draftkings,change,5,2026-09-20T03:05:00,Sep 20,3:05 AM ET,43m ago,home,New England Patriots,-5.5,61.0,43.0,41.5,72.0,54.0,-230.0,77.0,72.0
2026-09-20T03:48:34,nfl,nfl_20260920_pittsburgh_steelers_new_england_patriots,20260920NFL00033,DK,draftkings,change,6,2026-09-20T02:05:00,Sep 20,2:05 AM ET,1h ago,away,Pittsburgh Steelers,5.5,41.0,57.0,41.5,28.0,46.0,190.0,22.0,28.0
2026-09-20T03:48:34,nfl,nfl_20260920_pittsburgh_steelers_new_england_patriots,20260920NFL00033,DK,draftkings,change,6,2026-09-20T02:05:00,Sep 20,2:05 AM ET,1h ago,home,New England Patriots,-5.5,59.0,43.0,41.5,72.0,54.0,-230.0,78.0,72.0
2026-09-20T03:48:34,nfl,nfl_20260920_pittsburgh_steelers_new_england_patriots,20260920NFL00033,DK,draftkings,change,7,2026-09-20T01:50:00,Sep 20,1:50 AM ET,1h ago,away,Pittsburgh Steelers,5.5,41.0,57.0,41.5,27.0,46.0,190.0,22.0,28.0
2026-09-20T03:48:34,nfl,nfl_20260920_pittsburgh_steelers_new_england_patriots,20260920NFL00033,DK,draftkings,change,7,2026-09-20T01:50:00,Sep 20,1:50 AM ET,1h ago,home,New England Patriots,-5.5,59.0,43.0,41.5,73.0,54.0,-230.0,78.0,72.0
2026-09-20T03:48:34,nfl,nfl_20260920_pittsburgh_steelers_new_england_patriots,20260920NFL00033,DK,draftkings,change,8,2026-09-20T01:45:00,Sep 20,1:45 AM ET,2h ago,away,Pittsburgh Steelers,5.5,42.0,57.0,41.5,27.0,46.0,190.0,22.0,28.0
2026-09-20T03:48:34,nfl,nfl_20260920_pittsburgh_steelers_new_england_patriots,20260920NFL00033,DK,draftkings,change,8,2026-09-20T01:45:00,Sep 20,1:45 AM ET,2h ago,home,New England Patriots,-5.5,58.0,43.0,41.5,73.0,54.0,-230.0,78.0,72.0
2026-09-20T03:48:34,nfl,nfl_20260920_pittsburgh_steelers_new_england_patriots,20260920NFL00033,DK,draftkings,change,9,2026-09-20T01:35:00,Sep 20,1:35 AM ET,2h ago,away,Pittsburgh Steelers,5.5,44.0,57.0,41.5,27.0,46.0,190.0,22.0,28.0
2026-09-20T03:48:34,nfl,nfl_20260920_pittsburgh_steelers_new_england_patriots,20260920NFL00033,DK,draftkings,change,9,2026-09-20T01:35:00,Sep 20,1:35 AM ET,2h ago,home,New England Patriots,-5.5,56.0,43.0,41.5,73.0,54.0,-230.0,78.0,72.0
2026-09-20T03:48:34,nfl,nfl_20260920_pittsburgh_steelers_new_england_patriots,20260920NFL00033,DK,draftkings,change,10,2026-09-20T00:40:00,Sep 20,12:40 AM ET,3h ago,away,Pittsburgh Steelers,5.5,43.0,57.0,41.5,27.0,46.0,190.0,22.0,28.0
2026-09-20T03:48:34,nfl,nfl_20260920_pittsburgh_steelers_new_england_patriots,20260920NFL00033,DK,draftkings,change,10,2026-09-20T00:40:00,Sep 20,12:40 AM ET,3h ago,home,New England Patriots,-5.5,57.0,43.0,41.5,73.0,54.0,-230.0,78.0,72.0
2026-09-20T03:48:34,nfl,nfl_20260920_pittsburgh_steelers_new_england_patriots,20260920NFL00033,DK,draftkings,change,11,2026-09-20T00:35:00,Sep 20,12:35 AM ET,3h ago,away,Pittsburgh Steelers,5.5,43.0,56.0,41.5,27.0,46.0,190.0,22.0,28.0
2026-09-20T03:48:34,nfl,nfl_20260920_pittsburgh_steelers_new_england_patriots,20260920NFL00033,DK,draftkings,change,11,2026-09-20T00:35:00,Sep 20,12:35 AM ET,3h ago,home,New England Patriots,-5.5,57.0,44.0,41.5,73.0,54.0,-230.0,78.0,72.0
2026-09-20T03:48:34,nfl,nfl_20260920_pittsburgh_steelers_new_england_patriots,20260920NFL00033,DK,draftkings,change,12,2026-09-20T00:20:00,Sep 20,12:20 AM ET,3h ago,away,Pittsburgh Steelers,5.5,42.0,56.0,41.5,27.0,45.0,190.0,22.0,28.0
2026-09-20T03:48:34,nfl,nfl_20260920_pittsburgh_steelers_new_england_patriots,20260920NFL00033,DK,draftkings,change,12,2026-09-20T00:20:00,Sep 20,12:20 AM ET,3h ago,home,New England Patriots,-5.5,58.0,44.0,41.5,73.0,55.0,-230.0,78.0,72.0
2026-09-20T03:48:34,nfl,nfl_20260920_pittsburgh_steelers_new_england_patriots,20260920NFL00033,DK,draftkings,change,13,2026-09-20T00:10:00,Sep 20,12:10 AM ET,3h ago,away,Pittsburgh Steelers,5.5,44.0,57.0,41.5,26.0,45.0,190.0,22.0,28.0
2026-09-20T03:48:34,nfl,nfl_20260920_pittsburgh_steelers_new_england_patriots,20260920NFL00033,DK,draftkings,change,13,2026-09-20T00:10:00,Sep 20,12:10 AM ET,3h ago,home,New England Patriots,-5.5,56.0,43.0,41.5,74.0,55.0,-230.0,78.0,72.0
2026-09-20T03:48:34,nfl,nfl_20260920_pittsburgh_steelers_new_england_patriots,20260920NFL00033,DK,draftkings,change,14,2026-09-19T23:55:00,Sep 19,11:55 PM ET,3h ago,away,Pittsburgh Steelers,5.5,43.0,57.0,41.5,26.0,45.0,185.0,22.0,28.0
2026-09-20T03:48:34,nfl,nfl_20260920_pittsburgh_steelers_new_england_patriots,20260920NFL00033,DK,draftkings,change,14,2026-09-19T23:55:00,Sep 19,11:55 PM ET,3h ago,home,New England Patriots,-5.5,57.0,43.0,41.5,74.0,55.0,-225.0,78.0,72.0
2026-09-20T03:48:34,nfl,nfl_20260920_pittsburgh_steelers_new_england_patriots,20260920NFL00033,DK,draftkings,change,15,2026-09-19T23:50:00,Sep 19,11:50 PM ET,3h ago,away,Pittsburgh Steelers,5.5,44.0,57.0,41.5,26.0,45.0,185.0,22.0,28.0
2026-09-20T03:48:34,nfl,nfl_20260920_pittsburgh_steelers_new_england_patriots,20260920NFL00033,DK,draftkings,change,15,2026-09-19T23:50:00,Sep 19,11:50 PM ET,3h ago,home,New England Patriots,-5.5,56.0,43.0,41.5,74.0,55.0,-225.0,78.0,72.0
2026-09-20T03:48:34,nfl,nfl_20260920_pittsburgh_steelers_new_england_patriots,20260920NFL00033,DK,draftkings,change,16,2026-09-19T23:40:00,Sep 19,11:40 PM ET,4h ago,away,Pittsburgh Steelers,5.5,41.0,57.0,41.5,25.0,45.0,185.0,22.0,28.0
2026-09-20T03:48:34,nfl,nfl_20260920_pittsburgh_steelers_new_england_patriots,20260920NFL00033,DK,draftkings,change,16,2026-09-19T23:40:00,Sep 19,11:40 PM ET,4h ago,home,New England Patriots,-5.5,59.0,43.0,41.5,75.0,55.0,-225.0,78.0,72.0
2026-09-20T03:48:34,nfl,nfl_20260920_pittsburgh_steelers_new_england_patriots,20260920NFL00033,DK,draftkings,change,17,2026-09-19T23:35:00,Sep 19,11:35 PM ET,4h ago,away,Pittsburgh Steelers,5.5,41.0,57.0,41.5,24.0,45.0,185.0,22.0,28.0
2026-09-20T03:48:34,nfl,nfl_20260920_pittsburgh_steelers_new_england_patriots,20260920NFL00033,DK,draftkings,change,17,2026-09-19T23:35:00,Sep 19,11:35 PM ET,4h ago,home,New England Patriots,-5.5,59.0,43.0,41.5,76.0,55.0,-225.0,78.0,72.0
2026-09-20T03:48:34,nfl,nfl_20260920_pittsburgh_steelers_new_england_patriots,20260920NFL00033,DK,draftkings,change,18,2026-09-19T23:20:00,Sep 19,11:20 PM ET,4h ago,away,Pittsburgh Steelers,5.5,41.0,57.0,41.5,23.0,45.0,185.0,22.0,28.0
2026-09-20T03:48:34,nfl,nfl_20260920_pittsburgh_steelers_new_england_patriots,20260920NFL00033,DK,draftkings,change,18,2026-09-19T23:20:00,Sep 19,11:20 PM ET,4h ago,home,New England Patriots,-5.5,59.0,43.0,41.5,77.0,55.0,-225.0,78.0,72.0
2026-09-20T03:48:34,nfl,nfl_20260920_pittsburgh_steelers_new_england_patriots,20260920NFL00033,DK,draftkings,change,19,2026-09-19T21:25:00,Sep 19,9:25 PM ET,6h ago,away,Pittsburgh Steelers,5.5,41.0,57.0,41.5,23.0,45.0,185.0,22.0,29.0
2026-09-20T03:48:34,nfl,nfl_20260920_pittsburgh_steelers_new_england_patriots,20260920NFL00033,DK,draftkings,change,19,2026-09-19T21:25:00,Sep 19,9:25 PM ET,6h ago,home,New England Patriots,-5.5,59.0,43.0,41.5,77.0,55.0,-225.0,78.0,71.0
2026-09-20T03:48:34,nfl,nfl_20260920_pittsburgh_steelers_new_england_patriots,20260920NFL00033,DK,draftkings,change,20,2026-09-19T21:20:00,Sep 19,9:20 PM ET,6h ago,away,Pittsburgh Steelers,5.5,38.0,57.0,41.5,23.0,45.0,185.0,22.0,29.0
2026-09-20T03:48:34,nfl,nfl_20260920_pittsburgh_steelers_new_england_patriots,20260920NFL00033,DK,draftkings,change,20,2026-09-19T21:20:00,Sep 19,9:20 PM ET,6h ago,home,New England Patriots,-5.5,62.0,43.0,41.5,77.0,55.0,-225.0,78.0,71.0
2026-09-20T03:48:34,nfl,nfl_20260920_pittsburgh_steelers_new_england_patriots,20260920NFL00033,DK,draftkings,change,21,2026-09-19T21:10:00,Sep 19,9:10 PM ET,6h ago,away,Pittsburgh Steelers,5.5,38.0,57.0,41.5,23.0,45.0,185.0,21.0,29.0
2026-09-20T03:48:34,nfl,nfl_20260920_pittsburgh_steelers_new_england_patriots,20260920NFL00033,DK,draftkings,change,21,2026-09-19T21:10:00,Sep 19,9:10 PM ET,6h ago,home,New England Patriots,-5.5,62.0,43.0,41.5,77.0,55.0,-225.0,79.0,71.0
2026-09-20T03:48:34,nfl,nfl_20260920_pittsburgh_steelers_new_england_patriots,20260920NFL00033,DK,draftkings,change,22,2026-09-19T21:00:00,Sep 19,9:00 PM ET,6h ago,away,Pittsburgh Steelers,5.5,39.0,57.0,41.5,23.0,45.0,185.0,21.0,29.0
2026-09-20T03:48:34,nfl,nfl_20260920_pittsburgh_steelers_new_england_patriots,20260920NFL00033,DK,draftkings,change,22,2026-09-19T21:00:00,Sep 19,9:00 PM ET,6h ago,home,New England Patriots,-5.5,61.0,43.0,41.5,77.0,55.0,-225.0,79.0,71.0
2026-09-20T03:48:34,nfl,nfl_20260920_pittsburgh_steelers_new_england_patriots,20260920NFL00033,DK,draftkings,change,23,2026-09-19T20:55:00,Sep 19,8:55 PM ET,6h ago,away,Pittsburgh Steelers,5.5,39.0,57.0,41.5,24.0,45.0,185.0,21.0,29.0
2026-09-20T03:48:34,nfl,nfl_20260920_pittsburgh_steelers_new_england_patriots,20260920NFL00033,DK,draftkings,change,23,2026-09-19T20:55:00,Sep 19,8:55 PM ET,6h ago,home,New England Patriots,-5.5,61.0,43.0,41.5,76.0,55.0,-225.0,79.0,71.0
2026-09-20T03:48:34,nfl,nfl_20260920_pittsburgh_steelers_new_england_patriots,20260920NFL00033,DK,draftkings,change,24,2026-09-19T20:50:00,Sep 19,8:50 PM ET,6h ago,away,Pittsburgh Steelers,5.5,39.0,57.0,41.5,23.0,45.0,185.0,21.0,29.0
2026-09-20T03:48:34,nfl,nfl_20260920_pittsburgh_steelers_new_england_patriots,20260920NFL00033,DK,draftkings,change,24,2026-09-19T20:50:00,Sep 19,8:50 PM ET,6h ago,home,New England Patriots,-5.5,61.0,43.0,41.5,77.0,55.0,-225.0,79.0,71.0
2026-09-20T03:48:34,nfl,nfl_20260920_pittsburgh_steelers_new_england_patriots,20260920NFL00033,DK,draftkings,change,25,2026-09-19T20:20:00,Sep 19,8:20 PM ET,7h ago,away,Pittsburgh Steelers,5.5,39.0,57.0,41.5,24.0,45.0,185.0,21.0,29.0
2026-09-20T03:48:34,nfl,nfl_20260920_pittsburgh_steelers_new_england_patriots,20260920NFL00033,DK,draftkings,change,25,2026-09-19T20:20:00,Sep 19,8:20 PM ET,7h ago,home,New England Patriots,-5.5,61.0,43.0,41.5,76.0,55.0,-225.0,79.0,71.0
2026-09-20T03:48:34,nfl,nfl_20260920_pittsburgh_steelers_new_england_patriots,20260920NFL00033,DK,draftkings,change,26,2026-09-19T20:10:00,Sep 19,8:10 PM ET,7h ago,away,Pittsburgh Steelers,5.5,39.0,57.0,41.5,23.0,45.0,185.0,21.0,29.0
2026-09-20T03:48:34,nfl,nfl_20260920_pittsburgh_steelers_new_england_patriots,20260920NFL00033,DK,draftkings,change,26,2026-09-19T20:10:00,Sep 19,8:10 PM ET,7h ago,home,New England Patriots,-5.5,61.0,43.0,41.5,77.0,55.0,-225.0,79.0,71.0
2026-09-20T03:48:34,nfl,nfl_20260920_pittsburgh_steelers_new_england_patriots,20260920NFL00033,DK,draftkings,change,27,2026-09-19T19:30:00,Sep 19,7:30 PM ET,8h ago,away,Pittsburgh Steelers,5.5,39.0,57.0,41.5,22.0,45.0,185.0,21.0,29.0
2026-09-20T03:48:34,nfl,nfl_20260920_pittsburgh_steelers_new_england_patriots,20260920NFL00033,DK,draftkings,change,27,2026-09-19T19:30:00,Sep 19,7:30 PM ET,8h ago,home,New England Patriots,-5.5,61.0,43.0,41.5,78.0,55.0,-225.0,79.0,71.0
2026-09-20T03:48:35,nfl,nfl_20260920_pittsburgh_steelers_new_england_patriots,20260920NFL00033,CIRCA,circa,open,1,2026-09-13T21:10:00,Sep 13,9:10 PM ET,6d ago,away,Pittsburgh Steelers,4.5,50.0,50.0,42.0,50.0,50.0,190.0,50.0,50.0
2026-09-20T03:48:35,nfl,nfl_20260920_pittsburgh_steelers_new_england_patriots,20260920NFL00033,CIRCA,circa,open,1,2026-09-13T21:10:00,Sep 13,9:10 PM ET,6d ago,home,New England Patriots,-4.5,50.0,50.0,42.0,50.0,50.0,-220.0,50.0,50.0
2026-09-20T03:48:35,nfl,nfl_20260920_pittsburgh_steelers_new_england_patriots,20260920NFL00033,CIRCA,circa,change,2,2026-09-20T03:30:00,Sep 20,3:30 AM ET,17m ago,away,Pittsburgh Steelers,5.5,5.0,42.0,41.5,83.0,31.0,200.0,16.0,50.0
2026-09-20T03:48:35,nfl,nfl_20260920_pittsburgh_steelers_new_england_patriots,20260920NFL00033,CIRCA,circa,change,2,2026-09-20T03:30:00,Sep 20,3:30 AM ET,17m ago,home,New England Patriots,-5.5,95.0,58.0,41.5,17.0,69.0,-235.0,84.0,50.0
2026-09-20T03:48:35,nfl,nfl_20260920_pittsburgh_steelers_new_england_patriots,20260920NFL00033,CIRCA,circa,change,3,2026-09-20T03:10:00,Sep 20,3:10 AM ET,37m ago,away,Pittsburgh Steelers,5.5,4.0,41.0,41.5,83.0,31.0,200.0,16.0,50.0
2026-09-20T03:48:35,nfl,nfl_20260920_pittsburgh_steelers_new_england_patriots,20260920NFL00033,CIRCA,circa,change,3,2026-09-20T03:10:00,Sep 20,3:10 AM ET,37m ago,home,New England Patriots,-5.5,96.0,59.0,41.5,17.0,69.0,-235.0,84.0,50.0
2026-09-20T03:48:35,nfl,nfl_20260920_pittsburgh_steelers_new_england_patriots,20260920NFL00033,CIRCA,circa,change,4,2026-09-20T02:25:00,Sep 20,2:25 AM ET,1h ago,away,Pittsburgh Steelers,5.5,4.0,42.0,41.5,83.0,31.0,200.0,16.0,50.0
2026-09-20T03:48:35,nfl,nfl_20260920_pittsburgh_steelers_new_england_patriots,20260920NFL00033,CIRCA,circa,change,4,2026-09-20T02:25:00,Sep 20,2:25 AM ET,1h ago,home,New England Patriots,-5.5,96.0,58.0,41.5,17.0,69.0,-235.0,84.0,50.0
2026-09-20T03:48:35,nfl,nfl_20260920_pittsburgh_steelers_new_england_patriots,20260920NFL00033,CIRCA,circa,change,5,2026-09-20T02:20:00,Sep 20,2:20 AM ET,1h ago,away,Pittsburgh Steelers,5.5,4.0,41.0,41.5,83.0,31.0,200.0,16.0,50.0
2026-09-20T03:48:35,nfl,nfl_20260920_pittsburgh_steelers_new_england_patriots,20260920NFL00033,CIRCA,circa,change,5,2026-09-20T02:20:00,Sep 20,2:20 AM ET,1h ago,home,New England Patriots,-5.5,96.0,59.0,41.5,17.0,69.0,-235.0,84.0,50.0
2026-09-20T03:48:35,nfl,nfl_20260920_pittsburgh_steelers_new_england_patriots,20260920NFL00033,CIRCA,circa,change,6,2026-09-20T02:15:00,Sep 20,2:15 AM ET,1h ago,away,Pittsburgh Steelers,5.5,4.0,41.0,41.5,83.0,31.0,200.0,15.0,47.0
2026-09-20T03:48:35,nfl,nfl_20260920_pittsburgh_steelers_new_england_patriots,20260920NFL00033,CIRCA,circa,change,6,2026-09-20T02:15:00,Sep 20,2:15 AM ET,1h ago,home,New England Patriots,-5.5,96.0,59.0,41.5,17.0,69.0,-235.0,85.0,53.0
2026-09-20T03:48:35,nfl,nfl_20260920_pittsburgh_steelers_new_england_patriots,20260920NFL00033,CIRCA,circa,change,7,2026-09-20T00:55:00,Sep 20,12:55 AM ET,2h ago,away,Pittsburgh Steelers,5.5,3.0,40.0,41.5,83.0,31.0,200.0,15.0,47.0
2026-09-20T03:48:35,nfl,nfl_20260920_pittsburgh_steelers_new_england_patriots,20260920NFL00033,CIRCA,circa,change,7,2026-09-20T00:55:00,Sep 20,12:55 AM ET,2h ago,home,New England Patriots,-5.5,97.0,60.0,41.5,17.0,69.0,-235.0,85.0,53.0
2026-09-20T03:48:35,nfl,nfl_20260920_pittsburgh_steelers_new_england_patriots,20260920NFL00033,CIRCA,circa,change,8,2026-09-20T00:45:00,Sep 20,12:45 AM ET,3h ago,away,Pittsburgh Steelers,5.5,3.0,40.0,41.5,83.0,27.0,200.0,15.0,47.0
2026-09-20T03:48:35,nfl,nfl_20260920_pittsburgh_steelers_new_england_patriots,20260920NFL00033,CIRCA,circa,change,8,2026-09-20T00:45:00,Sep 20,12:45 AM ET,3h ago,home,New England Patriots,-5.5,97.0,60.0,41.5,17.0,73.0,-235.0,85.0,53.0
2026-09-20T03:48:35,nfl,nfl_20260920_pittsburgh_steelers_new_england_patriots,20260920NFL00033,CIRCA,circa,change,9,2026-09-19T23:50:00,Sep 19,11:50 PM ET,3h ago,away,Pittsburgh Steelers,5.5,3.0,40.0,41.5,83.0,27.0,200.0,15.0,50.0
2026-09-20T03:48:35,nfl,nfl_20260920_pittsburgh_steelers_new_england_patriots,20260920NFL00033,CIRCA,circa,change,9,2026-09-19T23:50:00,Sep 19,11:50 PM ET,3h ago,home,New England Patriots,-5.5,97.0,60.0,41.5,17.0,73.0,-235.0,85.0,50.0
2026-09-20T03:48:35,nfl,nfl_20260920_pittsburgh_steelers_new_england_patriots,20260920NFL00033,CIRCA,circa,change,10,2026-09-19T23:15:00,Sep 19,11:15 PM ET,4h ago,away,Pittsburgh Steelers,5.5,3.0,41.0,41.5,82.0,21.0,205.0,15.0,50.0
2026-09-20T03:48:35,nfl,nfl_20260920_pittsburgh_steelers_new_england_patriots,20260920NFL00033,CIRCA,circa,change,10,2026-09-19T23:15:00,Sep 19,11:15 PM ET,4h ago,home,New England Patriots,-5.5,97.0,59.0,41.5,18.0,79.0,-240.0,85.0,50.0
2026-09-20T03:48:35,nfl,nfl_20260920_pittsburgh_steelers_new_england_patriots,20260920NFL00033,CIRCA,circa,change,11,2026-09-19T23:05:00,Sep 19,11:05 PM ET,4h ago,away,Pittsburgh Steelers,5.5,3.0,42.0,41.5,82.0,21.0,205.0,15.0,47.0
2026-09-20T03:48:35,nfl,nfl_20260920_pittsburgh_steelers_new_england_patriots,20260920NFL00033,CIRCA,circa,change,11,2026-09-19T23:05:00,Sep 19,11:05 PM ET,4h ago,home,New England Patriots,-5.5,97.0,58.0,41.5,18.0,79.0,-240.0,85.0,53.0
2026-09-20T03:48:35,nfl,nfl_20260920_pittsburgh_steelers_new_england_patriots,20260920NFL00033,CIRCA,circa,change,12,2026-09-19T22:25:00,Sep 19,10:25 PM ET,5h ago,away,Pittsburgh Steelers,5.5,3.0,42.0,41.5,82.0,21.0,205.0,15.0,50.0
2026-09-20T03:48:35,nfl,nfl_20260920_pittsburgh_steelers_new_england_patriots,20260920NFL00033,CIRCA,circa,change,12,2026-09-19T22:25:00,Sep 19,10:25 PM ET,5h ago,home,New England Patriots,-5.5,97.0,58.0,41.5,18.0,79.0,-240.0,85.0,50.0
2026-09-20T03:48:35,nfl,nfl_20260920_pittsburgh_steelers_new_england_patriots,20260920NFL00033,CIRCA,circa,change,13,2026-09-19T22:10:00,Sep 19,10:10 PM ET,5h ago,away,Pittsburgh Steelers,5.5,3.0,42.0,41.5,82.0,21.0,205.0,15.0,46.0
2026-09-20T03:48:35,nfl,nfl_20260920_pittsburgh_steelers_new_england_patriots,20260920NFL00033,CIRCA,circa,change,13,2026-09-19T22:10:00,Sep 19,10:10 PM ET,5h ago,home,New England Patriots,-5.5,97.0,58.0,41.5,18.0,79.0,-240.0,85.0,54.0
2026-09-20T03:48:35,nfl,nfl_20260920_pittsburgh_steelers_new_england_patriots,20260920NFL00033,CIRCA,circa,change,14,2026-09-19T21:55:00,Sep 19,9:55 PM ET,5h ago,away,Pittsburgh Steelers,5.5,3.0,41.0,41.5,82.0,21.0,205.0,15.0,46.0
2026-09-20T03:48:35,nfl,nfl_20260920_pittsburgh_steelers_new_england_patriots,20260920NFL00033,CIRCA,circa,change,14,2026-09-19T21:55:00,Sep 19,9:55 PM ET,5h ago,home,New England Patriots,-5.5,97.0,59.0,41.5,18.0,79.0,-240.0,85.0,54.0
2026-09-20T03:48:35,nfl,nfl_20260920_pittsburgh_steelers_new_england_patriots,20260920NFL00033,CIRCA,circa,change,15,2026-09-19T21:00:00,Sep 19,9:00 PM ET,6h ago,away,Pittsburgh Steelers,5.5,3.0,40.0,41.5,82.0,21.0,205.0,15.0,42.0
2026-09-20T03:48:35,nfl,nfl_20260920_pittsburgh_steelers_new_england_patriots,20260920NFL00033,CIRCA,circa,change,15,2026-09-19T21:00:00,Sep 19,9:00 PM ET,6h ago,home,New England Patriots,-5.5,97.0,60.0,41.5,18.0,79.0,-240.0,85.0,58.0
2026-09-20T03:48:35,nfl,nfl_20260920_pittsburgh_steelers_new_england_patriots,20260920NFL00033,CIRCA,circa,change,16,2026-09-19T20:50:00,Sep 19,8:50 PM ET,6h ago,away,Pittsburgh Steelers,5.5,3.0,38.0,41.5,82.0,21.0,205.0,15.0,42.0
2026-09-20T03:48:35,nfl,nfl_20260920_pittsburgh_steelers_new_england_patriots,20260920NFL00033,CIRCA,circa,change,16,2026-09-19T20:50:00,Sep 19,8:50 PM ET,6h ago,home,New England Patriots,-5.5,97.0,62.0,41.5,18.0,79.0,-240.0,85.0,58.0
2026-09-20T03:48:35,nfl,nfl_20260920_pittsburgh_steelers_new_england_patriots,20260920NFL00033,CIRCA,circa,change,17,2026-09-19T19:35:00,Sep 19,7:35 PM ET,8h ago,away,Pittsburgh Steelers,5.5,3.0,39.0,41.5,82.0,21.0,205.0,15.0,42.0
2026-09-20T03:48:35,nfl,nfl_20260920_pittsburgh_steelers_new_england_patriots,20260920NFL00033,CIRCA,circa,change,17,2026-09-19T19:35:00,Sep 19,7:35 PM ET,8h ago,home,New England Patriots,-5.5,97.0,61.0,41.5,18.0,79.0,-240.0,85.0,58.0
2026-09-20T03:48:35,nfl,nfl_20260920_pittsburgh_steelers_new_england_patriots,20260920NFL00033,CIRCA,circa,change,18,2026-09-19T19:30:00,Sep 19,7:30 PM ET,8h ago,away,Pittsburgh Steelers,5.5,3.0,39.0,41.5,82.0,21.0,205.0,15.0,45.0
2026-09-20T03:48:35,nfl,nfl_20260920_pittsburgh_steelers_new_england_patriots,20260920NFL00033,CIRCA,circa,change,18,2026-09-19T19:30:00,Sep 19,7:30 PM ET,8h ago,home,New England Patriots,-5.5,97.0,61.0,41.5,18.0,79.0,-240.0,85.0,55.0
2026-09-20T03:48:35,nfl,nfl_20260920_pittsburgh_steelers_new_england_patriots,20260920NFL00033,CIRCA,circa,change,19,2026-09-19T19:15:00,Sep 19,7:15 PM ET,8h ago,away,Pittsburgh Steelers,5.5,3.0,38.0,41.0,82.0,21.0,205.0,15.0,45.0
2026-09-20T03:48:35,nfl,nfl_20260920_pittsburgh_steelers_new_england_patriots,20260920NFL00033,CIRCA,circa,change,19,2026-09-19T19:15:00,Sep 19,7:15 PM ET,8h ago,home,New England Patriots,-5.5,97.0,62.0,41.0,18.0,79.0,-240.0,85.0,55.0
2026-09-20T03:48:35,nfl,nfl_20260920_pittsburgh_steelers_new_england_patriots,20260920NFL00033,CIRCA,circa,change,20,2026-09-19T17:45:00,Sep 19,5:45 PM ET,10h ago,away,Pittsburgh Steelers,5.5,3.0,38.0,41.0,11.0,15.0,205.0,15.0,45.0
2026-09-20T03:48:35,nfl,nfl_20260920_pittsburgh_steelers_new_england_patriots,20260920NFL00033,CIRCA,circa,change,20,2026-09-19T17:45:00,Sep 19,5:45 PM ET,10h ago,home,New England Patriots,-5.5,97.0,62.0,41.0,89.0,85.0,-240.0,85.0,55.0
2026-09-20T03:48:35,nfl,nfl_20260920_pittsburgh_steelers_new_england_patriots,20260920NFL00033,CIRCA,circa,change,21,2026-09-19T17:25:00,Sep 19,5:25 PM ET,10h ago,away,Pittsburgh Steelers,4.5,3.0,36.0,41.0,11.0,15.0,200.0,15.0,45.0
2026-09-20T03:48:35,nfl,nfl_20260920_pittsburgh_steelers_new_england_patriots,20260920NFL00033,CIRCA,circa,change,21,2026-09-19T17:25:00,Sep 19,5:25 PM ET,10h ago,home,New England Patriots,-4.5,97.0,64.0,41.0,89.0,85.0,-235.0,85.0,55.0
2026-09-20T03:48:35,nfl,nfl_20260920_pittsburgh_steelers_new_england_patriots,20260920NFL00033,CIRCA,circa,change,22,2026-09-19T16:35:00,Sep 19,4:35 PM ET,11h ago,away,Pittsburgh Steelers,4.5,13.0,39.0,41.0,11.0,17.0,200.0,15.0,45.0
2026-09-20T03:48:35,nfl,nfl_20260920_pittsburgh_steelers_new_england_patriots,20260920NFL00033,CIRCA,circa,change,22,2026-09-19T16:35:00,Sep 19,4:35 PM ET,11h ago,home,New England Patriots,-4.5,87.0,61.0,41.0,89.0,83.0,-235.0,85.0,55.0
2026-09-20T03:48:35,nfl,nfl_20260920_pittsburgh_steelers_new_england_patriots,20260920NFL00033,CIRCA,circa,change,23,2026-09-19T16:31:00,Sep 19,4:31 PM ET,11h ago,away,Pittsburgh Steelers,4.5,12.0,36.0,41.0,11.0,17.0,200.0,15.0,45.0
2026-09-20T03:48:35,nfl,nfl_20260920_pittsburgh_steelers_new_england_patriots,20260920NFL00033,CIRCA,circa,change,23,2026-09-19T16:31:00,Sep 19,4:31 PM ET,11h ago,home,New England Patriots,-4.5,88.0,64.0,41.0,89.0,83.0,-235.0,85.0,55.0
2026-09-20T03:48:35,nfl,nfl_20260920_pittsburgh_steelers_new_england_patriots,20260920NFL00033,CIRCA,circa,change,24,2026-09-19T16:25:00,Sep 19,4:25 PM ET,11h ago,away,Pittsburgh Steelers,4.5,8.0,34.0,41.0,11.0,17.0,200.0,15.0,45.0
2026-09-20T03:48:35,nfl,nfl_20260920_pittsburgh_steelers_new_england_patriots,20260920NFL00033,CIRCA,circa,change,24,2026-09-19T16:25:00,Sep 19,4:25 PM ET,11h ago,home,New England Patriots,-4.5,92.0,66.0,41.0,89.0,83.0,-235.0,85.0,55.0
2026-09-20T03:48:35,nfl,nfl_20260920_pittsburgh_steelers_new_england_patriots,20260920NFL00033,CIRCA,circa,change,25,2026-09-19T16:01:00,Sep 19,4:01 PM ET,11h ago,away,Pittsburgh Steelers,4.5,9.0,35.0,41.0,11.0,17.0,200.0,15.0,45.0
2026-09-20T03:48:35,nfl,nfl_20260920_pittsburgh_steelers_new_england_patriots,20260920NFL00033,CIRCA,circa,change,25,2026-09-19T16:01:00,Sep 19,4:01 PM ET,11h ago,home,New England Patriots,-4.5,91.0,65.0,41.0,89.0,83.0,-235.0,85.0,55.0
2026-09-20T03:48:35,nfl,nfl_20260920_pittsburgh_steelers_new_england_patriots,20260920NFL00033,CIRCA,circa,change,26,2026-09-19T15:25:00,Sep 19,3:25 PM ET,12h ago,away,Pittsburgh Steelers,4.5,9.0,35.0,41.5,11.0,17.0,200.0,14.0,40.0
2026-09-20T03:48:35,nfl,nfl_20260920_pittsburgh_steelers_new_england_patriots,20260920NFL00033,CIRCA,circa,change,26,2026-09-19T15:25:00,Sep 19,3:25 PM ET,12h ago,home,New England Patriots,-4.5,91.0,65.0,41.5,89.0,83.0,-235.0,86.0,60.0
2026-09-20T03:48:36,nfl,nfl_20260920_green_bay_packers_new_york_jets,20260920NFL00034,DK,draftkings,open,1,2026-05-14T22:55:00,May 14,10:55 PM ET,128d ago,away,Green Bay Packers,,0.0,0.0,,0.0,0.0,-285.0,100.0,100.0
2026-09-20T03:48:36,nfl,nfl_20260920_green_bay_packers_new_york_jets,20260920NFL00034,DK,draftkings,open,1,2026-05-14T22:55:00,May 14,10:55 PM ET,128d ago,home,New York Jets,,0.0,0.0,,0.0,0.0,230.0,0.0,0.0
2026-09-20T03:48:36,nfl,nfl_20260920_green_bay_packers_new_york_jets,20260920NFL00034,DK,draftkings,first_full,2,2026-05-17T20:40:00,May 17,8:40 PM ET,125d ago,away,Green Bay Packers,-6.5,72.0,85.0,42.5,100.0,100.0,-285.0,92.0,93.0
2026-09-20T03:48:36,nfl,nfl_20260920_green_bay_packers_new_york_jets,20260920NFL00034,DK,draftkings,first_full,2,2026-05-17T20:40:00,May 17,8:40 PM ET,125d ago,home,New York Jets,6.5,28.0,15.0,42.5,0.0,0.0,230.0,8.0,7.0
2026-09-20T03:48:36,nfl,nfl_20260920_green_bay_packers_new_york_jets,20260920NFL00034,DK,draftkings,change,3,2026-09-20T01:35:00,Sep 20,1:35 AM ET,2h ago,away,Green Bay Packers,-3.5,21.0,48.0,44.5,34.0,51.0,-185.0,23.0,71.0
2026-09-20T03:48:36,nfl,nfl_20260920_green_bay_packers_new_york_jets,20260920NFL00034,DK,draftkings,change,3,2026-09-20T01:35:00,Sep 20,1:35 AM ET,2h ago,home,New York Jets,3.5,79.0,52.0,44.5,66.0,49.0,154.0,77.0,29.0
2026-09-20T03:48:36,nfl,nfl_20260920_green_bay_packers_new_york_jets,20260920NFL00034,DK,draftkings,change,4,2026-09-20T01:30:00,Sep 20,1:30 AM ET,2h ago,away,Green Bay Packers,-3.5,21.0,48.0,44.5,34.0,50.0,-185.0,23.0,71.0
2026-09-20T03:48:36,nfl,nfl_20260920_green_bay_packers_new_york_jets,20260920NFL00034,DK,draftkings,change,4,2026-09-20T01:30:00,Sep 20,1:30 AM ET,2h ago,home,New York Jets,3.5,79.0,52.0,44.5,66.0,50.0,154.0,77.0,29.0
2026-09-20T03:48:36,nfl,nfl_20260920_green_bay_packers_new_york_jets,20260920NFL00034,DK,draftkings,change,5,2026-09-20T01:20:00,Sep 20,1:20 AM ET,2h ago,away,Green Bay Packers,-3.5,21.0,48.0,44.5,34.0,50.0,-185.0,23.0,72.0
2026-09-20T03:48:36,nfl,nfl_20260920_green_bay_packers_new_york_jets,20260920NFL00034,DK,draftkings,change,5,2026-09-20T01:20:00,Sep 20,1:20 AM ET,2h ago,home,New York Jets,3.5,79.0,52.0,44.5,66.0,50.0,154.0,77.0,28.0
2026-09-20T03:48:36,nfl,nfl_20260920_green_bay_packers_new_york_jets,20260920NFL00034,DK,draftkings,change,6,2026-09-20T01:15:00,Sep 20,1:15 AM ET,2h ago,away,Green Bay Packers,-3.5,20.0,48.0,44.5,34.0,50.0,-185.0,23.0,71.0
2026-09-20T03:48:36,nfl,nfl_20260920_green_bay_packers_new_york_jets,20260920NFL00034,DK,draftkings,change,6,2026-09-20T01:15:00,Sep 20,1:15 AM ET,2h ago,home,New York Jets,3.5,80.0,52.0,44.5,66.0,50.0,154.0,77.0,29.0
2026-09-20T03:48:36,nfl,nfl_20260920_green_bay_packers_new_york_jets,20260920NFL00034,DK,draftkings,change,7,2026-09-20T01:10:00,Sep 20,1:10 AM ET,2h ago,away,Green Bay Packers,-3.5,21.0,48.0,44.5,34.0,50.0,-185.0,23.0,72.0
2026-09-20T03:48:36,nfl,nfl_20260920_green_bay_packers_new_york_jets,20260920NFL00034,DK,draftkings,change,7,2026-09-20T01:10:00,Sep 20,1:10 AM ET,2h ago,home,New York Jets,3.5,79.0,52.0,44.5,66.0,50.0,154.0,77.0,28.0
2026-09-20T03:48:36,nfl,nfl_20260920_green_bay_packers_new_york_jets,20260920NFL00034,DK,draftkings,change,8,2026-09-20T00:35:00,Sep 20,12:35 AM ET,3h ago,away,Green Bay Packers,-3.5,20.0,48.0,44.5,34.0,50.0,-185.0,23.0,72.0
2026-09-20T03:48:36,nfl,nfl_20260920_green_bay_packers_new_york_jets,20260920NFL00034,DK,draftkings,change,8,2026-09-20T00:35:00,Sep 20,12:35 AM ET,3h ago,home,New York Jets,3.5,80.0,52.0,44.5,66.0,50.0,154.0,77.0,28.0
2026-09-20T03:48:36,nfl,nfl_20260920_green_bay_packers_new_york_jets,20260920NFL00034,DK,draftkings,change,9,2026-09-20T00:25:00,Sep 20,12:25 AM ET,3h ago,away,Green Bay Packers,-3.5,20.0,48.0,44.5,39.0,50.0,-185.0,23.0,72.0
2026-09-20T03:48:36,nfl,nfl_20260920_green_bay_packers_new_york_jets,20260920NFL00034,DK,draftkings,change,9,2026-09-20T00:25:00,Sep 20,12:25 AM ET,3h ago,home,New York Jets,3.5,80.0,52.0,44.5,61.0,50.0,154.0,77.0,28.0
2026-09-20T03:48:36,nfl,nfl_20260920_green_bay_packers_new_york_jets,20260920NFL00034,DK,draftkings,change,10,2026-09-20T00:00:00,Sep 20,12:00 AM ET,3h ago,away,Green Bay Packers,-3.5,20.0,48.0,44.5,39.0,50.0,-185.0,21.0,72.0
2026-09-20T03:48:36,nfl,nfl_20260920_green_bay_packers_new_york_jets,20260920NFL00034,DK,draftkings,change,10,2026-09-20T00:00:00,Sep 20,12:00 AM ET,3h ago,home,New York Jets,3.5,80.0,52.0,44.5,61.0,50.0,154.0,79.0,28.0
2026-09-20T03:48:36,nfl,nfl_20260920_green_bay_packers_new_york_jets,20260920NFL00034,DK,draftkings,change,11,2026-09-19T23:50:00,Sep 19,11:50 PM ET,3h ago,away,Green Bay Packers,-3.5,20.0,48.0,44.5,40.0,50.0,-185.0,21.0,72.0
2026-09-20T03:48:36,nfl,nfl_20260920_green_bay_packers_new_york_jets,20260920NFL00034,DK,draftkings,change,11,2026-09-19T23:50:00,Sep 19,11:50 PM ET,3h ago,home,New York Jets,3.5,80.0,52.0,44.5,60.0,50.0,154.0,79.0,28.0
2026-09-20T03:48:36,nfl,nfl_20260920_green_bay_packers_new_york_jets,20260920NFL00034,DK,draftkings,change,12,2026-09-19T23:40:00,Sep 19,11:40 PM ET,4h ago,away,Green Bay Packers,-3.5,19.0,48.0,44.5,40.0,50.0,-185.0,21.0,72.0
2026-09-20T03:48:36,nfl,nfl_20260920_green_bay_packers_new_york_jets,20260920NFL00034,DK,draftkings,change,12,2026-09-19T23:40:00,Sep 19,11:40 PM ET,4h ago,home,New York Jets,3.5,81.0,52.0,44.5,60.0,50.0,154.0,79.0,28.0
2026-09-20T03:48:36,nfl,nfl_20260920_green_bay_packers_new_york_jets,20260920NFL00034,DK,draftkings,change,13,2026-09-19T23:15:00,Sep 19,11:15 PM ET,4h ago,away,Green Bay Packers,-3.5,19.0,48.0,44.5,40.0,51.0,-185.0,23.0,72.0
2026-09-20T03:48:36,nfl,nfl_20260920_green_bay_packers_new_york_jets,20260920NFL00034,DK,draftkings,change,13,2026-09-19T23:15:00,Sep 19,11:15 PM ET,4h ago,home,New York Jets,3.5,81.0,52.0,44.5,60.0,49.0,154.0,77.0,28.0
2026-09-20T03:48:36,nfl,nfl_20260920_green_bay_packers_new_york_jets,20260920NFL00034,DK,draftkings,change,14,2026-09-19T22:45:00,Sep 19,10:45 PM ET,5h ago,away,Green Bay Packers,-3.5,19.0,48.0,44.5,39.0,51.0,-185.0,23.0,72.0
2026-09-20T03:48:36,nfl,nfl_20260920_green_bay_packers_new_york_jets,20260920NFL00034,DK,draftkings,change,14,2026-09-19T22:45:00,Sep 19,10:45 PM ET,5h ago,home,New York Jets,3.5,81.0,52.0,44.5,61.0,49.0,154.0,77.0,28.0
2026-09-20T03:48:36,nfl,nfl_20260920_green_bay_packers_new_york_jets,20260920NFL00034,DK,draftkings,change,15,2026-09-19T22:40:00,Sep 19,10:40 PM ET,5h ago,away,Green Bay Packers,-3.5,19.0,48.0,44.5,39.0,51.0,-185.0,22.0,72.0
2026-09-20T03:48:36,nfl,nfl_20260920_green_bay_packers_new_york_jets,20260920NFL00034,DK,draftkings,change,15,2026-09-19T22:40:00,Sep 19,10:40 PM ET,5h ago,home,New York Jets,3.5,81.0,52.0,44.5,61.0,49.0,154.0,78.0,28.0
2026-09-20T03:48:36,nfl,nfl_20260920_green_bay_packers_new_york_jets,20260920NFL00034,DK,draftkings,change,16,2026-09-19T22:10:00,Sep 19,10:10 PM ET,5h ago,away,Green Bay Packers,-3.5,19.0,48.0,44.5,38.0,50.0,-185.0,22.0,72.0
2026-09-20T03:48:36,nfl,nfl_20260920_green_bay_packers_new_york_jets,20260920NFL00034,DK,draftkings,change,16,2026-09-19T22:10:00,Sep 19,10:10 PM ET,5h ago,home,New York Jets,3.5,81.0,52.0,44.5,62.0,50.0,154.0,78.0,28.0
2026-09-20T03:48:36,nfl,nfl_20260920_green_bay_packers_new_york_jets,20260920NFL00034,DK,draftkings,change,17,2026-09-19T22:05:00,Sep 19,10:05 PM ET,5h ago,away,Green Bay Packers,-3.5,19.0,48.0,44.5,38.0,51.0,-185.0,22.0,72.0
2026-09-20T03:48:36,nfl,nfl_20260920_green_bay_packers_new_york_jets,20260920NFL00034,DK,draftkings,change,17,2026-09-19T22:05:00,Sep 19,10:05 PM ET,5h ago,home,New York Jets,3.5,81.0,52.0,44.5,62.0,49.0,154.0,78.0,28.0
2026-09-20T03:48:36,nfl,nfl_20260920_green_bay_packers_new_york_jets,20260920NFL00034,DK,draftkings,change,18,2026-09-19T21:40:00,Sep 19,9:40 PM ET,6h ago,away,Green Bay Packers,-3.5,19.0,48.0,44.5,39.0,51.0,-185.0,22.0,72.0
2026-09-20T03:48:36,nfl,nfl_20260920_green_bay_packers_new_york_jets,20260920NFL00034,DK,draftkings,change,18,2026-09-19T21:40:00,Sep 19,9:40 PM ET,6h ago,home,New York Jets,3.5,81.0,52.0,44.5,61.0,49.0,154.0,78.0,28.0
2026-09-20T03:48:36,nfl,nfl_20260920_green_bay_packers_new_york_jets,20260920NFL00034,DK,draftkings,change,19,2026-09-19T21:35:00,Sep 19,9:35 PM ET,6h ago,away,Green Bay Packers,-3.5,18.0,48.0,44.5,39.0,51.0,-185.0,22.0,72.0
2026-09-20T03:48:36,nfl,nfl_20260920_green_bay_packers_new_york_jets,20260920NFL00034,DK,draftkings,change,19,2026-09-19T21:35:00,Sep 19,9:35 PM ET,6h ago,home,New York Jets,3.5,82.0,52.0,44.5,61.0,49.0,154.0,78.0,28.0
2026-09-20T03:48:36,nfl,nfl_20260920_green_bay_packers_new_york_jets,20260920NFL00034,DK,draftkings,change,20,2026-09-19T21:15:00,Sep 19,9:15 PM ET,6h ago,away,Green Bay Packers,-3.5,17.0,48.0,44.5,39.0,51.0,-185.0,22.0,72.0
2026-09-20T03:48:36,nfl,nfl_20260920_green_bay_packers_new_york_jets,20260920NFL00034,DK,draftkings,change,20,2026-09-19T21:15:00,Sep 19,9:15 PM ET,6h ago,home,New York Jets,3.5,83.0,52.0,44.5,61.0,49.0,154.0,78.0,28.0
2026-09-20T03:48:36,nfl,nfl_20260920_green_bay_packers_new_york_jets,20260920NFL00034,DK,draftkings,change,21,2026-09-19T21:00:00,Sep 19,9:00 PM ET,6h ago,away,Green Bay Packers,-3.5,16.0,48.0,44.5,38.0,51.0,-185.0,22.0,72.0
2026-09-20T03:48:36,nfl,nfl_20260920_green_bay_packers_new_york_jets,20260920NFL00034,DK,draftkings,change,21,2026-09-19T21:00:00,Sep 19,9:00 PM ET,6h ago,home,New York Jets,3.5,84.0,52.0,44.5,62.0,49.0,154.0,78.0,28.0
2026-09-20T03:48:36,nfl,nfl_20260920_green_bay_packers_new_york_jets,20260920NFL00034,DK,draftkings,change,22,2026-09-19T20:40:00,Sep 19,8:40 PM ET,7h ago,away,Green Bay Packers,-3.5,16.0,48.0,44.5,38.0,51.0,-185.0,21.0,72.0
2026-09-20T03:48:36,nfl,nfl_20260920_green_bay_packers_new_york_jets,20260920NFL00034,DK,draftkings,change,22,2026-09-19T20:40:00,Sep 19,8:40 PM ET,7h ago,home,New York Jets,3.5,84.0,52.0,44.5,62.0,49.0,154.0,79.0,28.0
2026-09-20T03:48:36,nfl,nfl_20260920_green_bay_packers_new_york_jets,20260920NFL00034,DK,draftkings,change,23,2026-09-19T20:30:00,Sep 19,8:30 PM ET,7h ago,away,Green Bay Packers,-3.5,16.0,48.0,44.5,39.0,51.0,-185.0,21.0,72.0
2026-09-20T03:48:36,nfl,nfl_20260920_green_bay_packers_new_york_jets,20260920NFL00034,DK,draftkings,change,23,2026-09-19T20:30:00,Sep 19,8:30 PM ET,7h ago,home,New York Jets,3.5,84.0,52.0,44.5,61.0,49.0,154.0,79.0,28.0
2026-09-20T03:48:36,nfl,nfl_20260920_green_bay_packers_new_york_jets,20260920NFL00034,DK,draftkings,change,24,2026-09-19T19:50:00,Sep 19,7:50 PM ET,7h ago,away,Green Bay Packers,-3.5,16.0,48.0,44.5,37.0,51.0,-185.0,21.0,72.0
2026-09-20T03:48:36,nfl,nfl_20260920_green_bay_packers_new_york_jets,20260920NFL00034,DK,draftkings,change,24,2026-09-19T19:50:00,Sep 19,7:50 PM ET,7h ago,home,New York Jets,3.5,84.0,52.0,44.5,63.0,49.0,154.0,79.0,28.0
2026-09-20T03:48:36,nfl,nfl_20260920_green_bay_packers_new_york_jets,20260920NFL00034,DK,draftkings,change,25,2026-09-19T19:40:00,Sep 19,7:40 PM ET,8h ago,away,Green Bay Packers,-3.5,16.0,48.0,44.5,37.0,51.0,-185.0,21.0,72.0
2026-09-20T03:48:36,nfl,nfl_20260920_green_bay_packers_new_york_jets,20260920NFL00034,DK,draftkings,change,25,2026-09-19T19:40:00,Sep 19,7:40 PM ET,8h ago,home,New York Jets,3.5,84.0,53.0,44.5,63.0,49.0,154.0,79.0,28.0
2026-09-20T03:48:36,nfl,nfl_20260920_green_bay_packers_new_york_jets,20260920NFL00034,DK,draftkings,change,26,2026-09-19T18:55:00,Sep 19,6:55 PM ET,8h ago,away,Green Bay Packers,-3.5,16.0,47.0,44.5,37.0,51.0,-185.0,21.0,72.0
2026-09-20T03:48:36,nfl,nfl_20260920_green_bay_packers_new_york_jets,20260920NFL00034,DK,draftkings,change,26,2026-09-19T18:55:00,Sep 19,6:55 PM ET,8h ago,home,New York Jets,3.5,84.0,53.0,44.5,63.0,49.0,154.0,79.0,28.0
2026-09-20T03:48:36,nfl,nfl_20260920_green_bay_packers_new_york_jets,20260920NFL00034,DK,draftkings,change,27,2026-09-19T18:15:00,Sep 19,6:15 PM ET,9h ago,away,Green Bay Packers,-3.5,15.0,47.0,44.5,37.0,51.0,-185.0,21.0,72.0
2026-09-20T03:48:36,nfl,nfl_20260920_green_bay_packers_new_york_jets,20260920NFL00034,DK,draftkings,change,27,2026-09-19T18:15:00,Sep 19,6:15 PM ET,9h ago,home,New York Jets,3.5,85.0,53.0,44.5,63.0,49.0,154.0,79.0,28.0
2026-09-20T03:48:37,nfl,nfl_20260920_green_bay_packers_new_york_jets,20260920NFL00034,CIRCA,circa,open,1,2026-09-13T21:10:00,Sep 13,9:10 PM ET,6d ago,away,Green Bay Packers,-4.0,50.0,50.0,45.0,50.0,50.0,-210.0,50.0,50.0
2026-09-20T03:48:37,nfl,nfl_20260920_green_bay_packers_new_york_jets,20260920NFL00034,CIRCA,circa,open,1,2026-09-13T21:10:00,Sep 13,9:10 PM ET,6d ago,home,New York Jets,4.0,50.0,50.0,45.0,50.0,50.0,180.0,50.0,50.0
2026-09-20T03:48:37,nfl,nfl_20260920_green_bay_packers_new_york_jets,20260920NFL00034,CIRCA,circa,change,2,2026-09-20T03:10:00,Sep 20,3:10 AM ET,37m ago,away,Green Bay Packers,-3.0,89.0,69.0,44.5,58.0,31.0,-170.0,12.0,52.0
2026-09-20T03:48:37,nfl,nfl_20260920_green_bay_packers_new_york_jets,20260920NFL00034,CIRCA,circa,change,2,2026-09-20T03:10:00,Sep 20,3:10 AM ET,37m ago,home,New York Jets,3.0,11.0,31.0,44.5,42.0,69.0,150.0,88.0,48.0
2026-09-20T03:48:37,nfl,nfl_20260920_green_bay_packers_new_york_jets,20260920NFL00034,CIRCA,circa,change,3,2026-09-20T03:00:00,Sep 20,3:00 AM ET,47m ago,away,Green Bay Packers,-3.0,89.0,68.0,44.5,58.0,31.0,-170.0,12.0,52.0
2026-09-20T03:48:37,nfl,nfl_20260920_green_bay_packers_new_york_jets,20260920NFL00034,CIRCA,circa,change,3,2026-09-20T03:00:00,Sep 20,3:00 AM ET,47m ago,home,New York Jets,3.0,11.0,32.0,44.5,42.0,69.0,150.0,88.0,48.0
2026-09-20T03:48:37,nfl,nfl_20260920_green_bay_packers_new_york_jets,20260920NFL00034,CIRCA,circa,change,4,2026-09-20T02:56:00,Sep 20,2:56 AM ET,52m ago,away,Green Bay Packers,-3.0,89.0,68.0,44.5,58.0,31.0,-170.0,10.0,50.0
2026-09-20T03:48:37,nfl,nfl_20260920_green_bay_packers_new_york_jets,20260920NFL00034,CIRCA,circa,change,4,2026-09-20T02:56:00,Sep 20,2:56 AM ET,52m ago,home,New York Jets,3.0,11.0,32.0,44.5,42.0,69.0,150.0,90.0,50.0
2026-09-20T03:48:37,nfl,nfl_20260920_green_bay_packers_new_york_jets,20260920NFL00034,CIRCA,circa,change,5,2026-09-20T02:45:00,Sep 20,2:45 AM ET,1h ago,away,Green Bay Packers,-3.0,89.0,68.0,44.5,58.0,31.0,-170.0,10.0,52.0
2026-09-20T03:48:37,nfl,nfl_20260920_green_bay_packers_new_york_jets,20260920NFL00034,CIRCA,circa,change,5,2026-09-20T02:45:00,Sep 20,2:45 AM ET,1h ago,home,New York Jets,3.0,11.0,32.0,44.5,42.0,69.0,150.0,90.0,48.0
2026-09-20T03:48:37,nfl,nfl_20260920_green_bay_packers_new_york_jets,20260920NFL00034,CIRCA,circa,change,6,2026-09-20T02:42:00,Sep 20,2:42 AM ET,1h ago,away,Green Bay Packers,-3.0,89.0,68.0,44.5,57.0,27.0,-170.0,10.0,52.0
2026-09-20T03:48:37,nfl,nfl_20260920_green_bay_packers_new_york_jets,20260920NFL00034,CIRCA,circa,change,6,2026-09-20T02:42:00,Sep 20,2:42 AM ET,1h ago,home,New York Jets,3.0,11.0,32.0,44.5,43.0,73.0,150.0,90.0,48.0
2026-09-20T03:48:37,nfl,nfl_20260920_green_bay_packers_new_york_jets,20260920NFL00034,CIRCA,circa,change,7,2026-09-20T02:20:00,Sep 20,2:20 AM ET,1h ago,away,Green Bay Packers,-3.0,89.0,69.0,44.5,57.0,27.0,-170.0,10.0,52.0
2026-09-20T03:48:37,nfl,nfl_20260920_green_bay_packers_new_york_jets,20260920NFL00034,CIRCA,circa,change,7,2026-09-20T02:20:00,Sep 20,2:20 AM ET,1h ago,home,New York Jets,3.0,11.0,31.0,44.5,43.0,73.0,150.0,90.0,48.0
2026-09-20T03:48:37,nfl,nfl_20260920_green_bay_packers_new_york_jets,20260920NFL00034,CIRCA,circa,change,8,2026-09-20T02:15:00,Sep 20,2:15 AM ET,1h ago,away,Green Bay Packers,-3.0,89.0,68.0,44.5,57.0,27.0,-170.0,10.0,55.0
2026-09-20T03:48:37,nfl,nfl_20260920_green_bay_packers_new_york_jets,20260920NFL00034,CIRCA,circa,change,8,2026-09-20T02:15:00,Sep 20,2:15 AM ET,1h ago,home,New York Jets,3.0,11.0,32.0,44.5,43.0,73.0,150.0,90.0,45.0
2026-09-20T03:48:37,nfl,nfl_20260920_green_bay_packers_new_york_jets,20260920NFL00034,CIRCA,circa,change,9,2026-09-20T01:20:00,Sep 20,1:20 AM ET,2h ago,away,Green Bay Packers,-3.0,90.0,69.0,44.5,57.0,27.0,-170.0,10.0,55.0
2026-09-20T03:48:37,nfl,nfl_20260920_green_bay_packers_new_york_jets,20260920NFL00034,CIRCA,circa,change,9,2026-09-20T01:20:00,Sep 20,1:20 AM ET,2h ago,home,New York Jets,3.0,10.0,31.0,44.5,43.0,73.0,150.0,90.0,45.0
2026-09-20T03:48:37,nfl,nfl_20260920_green_bay_packers_new_york_jets,20260920NFL00034,CIRCA,circa,change,10,2026-09-20T01:15:00,Sep 20,1:15 AM ET,2h ago,away,Green Bay Packers,-3.0,90.0,69.0,44.5,57.0,27.0,-170.0,9.0,53.0
2026-09-20T03:48:37,nfl,nfl_20260920_green_bay_packers_new_york_jets,20260920NFL00034,CIRCA,circa,change,10,2026-09-20T01:15:00,Sep 20,1:15 AM ET,2h ago,home,New York Jets,3.0,10.0,31.0,44.5,43.0,73.0,150.0,91.0,47.0
2026-09-20T03:48:37,nfl,nfl_20260920_green_bay_packers_new_york_jets,20260920NFL00034,CIRCA,circa,change,11,2026-09-20T01:05:00,Sep 20,1:05 AM ET,2h ago,away,Green Bay Packers,-3.0,90.0,69.0,44.5,57.0,27.0,-170.0,9.0,59.0
2026-09-20T03:48:37,nfl,nfl_20260920_green_bay_packers_new_york_jets,20260920NFL00034,CIRCA,circa,change,11,2026-09-20T01:05:00,Sep 20,1:05 AM ET,2h ago,home,New York Jets,3.0,10.0,31.0,44.5,43.0,73.0,150.0,91.0,41.0
2026-09-20T03:48:37,nfl,nfl_20260920_green_bay_packers_new_york_jets,20260920NFL00034,CIRCA,circa,change,12,2026-09-20T00:55:00,Sep 20,12:55 AM ET,2h ago,away,Green Bay Packers,-3.0,90.0,69.0,44.5,57.0,27.0,-170.0,9.0,63.0
2026-09-20T03:48:37,nfl,nfl_20260920_green_bay_packers_new_york_jets,20260920NFL00034,CIRCA,circa,change,12,2026-09-20T00:55:00,Sep 20,12:55 AM ET,2h ago,home,New York Jets,3.0,10.0,31.0,44.5,43.0,73.0,150.0,91.0,38.0
2026-09-20T03:48:37,nfl,nfl_20260920_green_bay_packers_new_york_jets,20260920NFL00034,CIRCA,circa,change,13,2026-09-20T00:45:00,Sep 20,12:45 AM ET,3h ago,away,Green Bay Packers,-3.0,90.0,68.0,44.5,57.0,27.0,-170.0,9.0,63.0
2026-09-20T03:48:37,nfl,nfl_20260920_green_bay_packers_new_york_jets,20260920NFL00034,CIRCA,circa,change,13,2026-09-20T00:45:00,Sep 20,12:45 AM ET,3h ago,home,New York Jets,3.0,10.0,32.0,44.5,43.0,73.0,150.0,91.0,38.0
2026-09-20T03:48:37,nfl,nfl_20260920_green_bay_packers_new_york_jets,20260920NFL00034,CIRCA,circa,change,14,2026-09-20T00:40:00,Sep 20,12:40 AM ET,3h ago,away,Green Bay Packers,-3.0,90.0,69.0,44.5,57.0,29.0,-170.0,9.0,60.0
2026-09-20T03:48:37,nfl,nfl_20260920_green_bay_packers_new_york_jets,20260920NFL00034,CIRCA,circa,change,14,2026-09-20T00:40:00,Sep 20,12:40 AM ET,3h ago,home,New York Jets,3.0,10.0,31.0,44.5,43.0,71.0,150.0,91.0,40.0
2026-09-20T03:48:37,nfl,nfl_20260920_green_bay_packers_new_york_jets,20260920NFL00034,CIRCA,circa,change,15,2026-09-20T00:20:00,Sep 20,12:20 AM ET,3h ago,away,Green Bay Packers,-3.0,90.0,69.0,44.5,57.0,29.0,-170.0,9.0,64.0
2026-09-20T03:48:37,nfl,nfl_20260920_green_bay_packers_new_york_jets,20260920NFL00034,CIRCA,circa,change,15,2026-09-20T00:20:00,Sep 20,12:20 AM ET,3h ago,home,New York Jets,3.0,10.0,31.0,44.5,43.0,71.0,150.0,91.0,36.0
2026-09-20T03:48:37,nfl,nfl_20260920_green_bay_packers_new_york_jets,20260920NFL00034,CIRCA,circa,change,16,2026-09-20T00:10:00,Sep 20,12:10 AM ET,3h ago,away,Green Bay Packers,-3.0,90.0,68.0,44.5,57.0,31.0,-170.0,9.0,64.0
2026-09-20T03:48:37,nfl,nfl_20260920_green_bay_packers_new_york_jets,20260920NFL00034,CIRCA,circa,change,16,2026-09-20T00:10:00,Sep 20,12:10 AM ET,3h ago,home,New York Jets,3.0,10.0,32.0,44.5,43.0,69.0,150.0,91.0,36.0
2026-09-20T03:48:37,nfl,nfl_20260920_green_bay_packers_new_york_jets,20260920NFL00034,CIRCA,circa,change,17,2026-09-20T00:00:00,Sep 20,12:00 AM ET,3h ago,away,Green Bay Packers,-3.0,91.0,69.0,44.5,57.0,33.0,-170.0,9.0,64.0
2026-09-20T03:48:37,nfl,nfl_20260920_green_bay_packers_new_york_jets,20260920NFL00034,CIRCA,circa,change,17,2026-09-20T00:00:00,Sep 20,12:00 AM ET,3h ago,home,New York Jets,3.0,9.0,31.0,44.5,43.0,67.0,150.0,91.0,36.0
2026-09-20T03:48:37,nfl,nfl_20260920_green_bay_packers_new_york_jets,20260920NFL00034,CIRCA,circa,change,18,2026-09-19T23:50:00,Sep 19,11:50 PM ET,3h ago,away,Green Bay Packers,-3.0,91.0,68.0,44.5,57.0,33.0,-170.0,9.0,64.0
2026-09-20T03:48:37,nfl,nfl_20260920_green_bay_packers_new_york_jets,20260920NFL00034,CIRCA,circa,change,18,2026-09-19T23:50:00,Sep 19,11:50 PM ET,3h ago,home,New York Jets,3.0,9.0,32.0,44.5,43.0,67.0,150.0,91.0,36.0
2026-09-20T03:48:37,nfl,nfl_20260920_green_bay_packers_new_york_jets,20260920NFL00034,CIRCA,circa,change,19,2026-09-19T23:45:00,Sep 19,11:45 PM ET,4h ago,away,Green Bay Packers,-3.0,92.0,69.0,44.5,57.0,33.0,-170.0,9.0,64.0
2026-09-20T03:48:37,nfl,nfl_20260920_green_bay_packers_new_york_jets,20260920NFL00034,CIRCA,circa,change,19,2026-09-19T23:45:00,Sep 19,11:45 PM ET,4h ago,home,New York Jets,3.0,8.0,31.0,44.5,43.0,67.0,150.0,91.0,36.0
2026-09-20T03:48:37,nfl,nfl_20260920_green_bay_packers_new_york_jets,20260920NFL00034,CIRCA,circa,change,20,2026-09-19T23:10:00,Sep 19,11:10 PM ET,4h ago,away,Green Bay Packers,-3.0,92.0,68.0,44.5,57.0,33.0,-170.0,9.0,64.0
2026-09-20T03:48:37,nfl,nfl_20260920_green_bay_packers_new_york_jets,20260920NFL00034,CIRCA,circa,change,20,2026-09-19T23:10:00,Sep 19,11:10 PM ET,4h ago,home,New York Jets,3.0,8.0,32.0,44.5,43.0,67.0,150.0,91.0,36.0
2026-09-20T03:48:37,nfl,nfl_20260920_green_bay_packers_new_york_jets,20260920NFL00034,CIRCA,circa,change,21,2026-09-19T23:05:00,Sep 19,11:05 PM ET,4h ago,away,Green Bay Packers,-3.0,92.0,67.0,44.5,57.0,36.0,-170.0,9.0,64.0
2026-09-20T03:48:37,nfl,nfl_20260920_green_bay_packers_new_york_jets,20260920NFL00034,CIRCA,circa,change,21,2026-09-19T23:05:00,Sep 19,11:05 PM ET,4h ago,home,New York Jets,3.0,8.0,33.0,44.5,43.0,64.0,150.0,91.0,36.0
2026-09-20T03:48:37,nfl,nfl_20260920_green_bay_packers_new_york_jets,20260920NFL00034,CIRCA,circa,change,22,2026-09-19T22:20:00,Sep 19,10:20 PM ET,5h ago,away,Green Bay Packers,-3.0,92.0,68.0,44.5,57.0,36.0,-170.0,9.0,64.0
2026-09-20T03:48:37,nfl,nfl_20260920_green_bay_packers_new_york_jets,20260920NFL00034,CIRCA,circa,change,22,2026-09-19T22:20:00,Sep 19,10:20 PM ET,5h ago,home,New York Jets,3.0,8.0,32.0,44.5,43.0,64.0,150.0,91.0,36.0
2026-09-20T03:48:37,nfl,nfl_20260920_green_bay_packers_new_york_jets,20260920NFL00034,CIRCA,circa,change,23,2026-09-19T22:10:00,Sep 19,10:10 PM ET,5h ago,away,Green Bay Packers,-3.0,92.0,68.0,44.5,57.0,36.0,-170.0,9.0,62.0
2026-09-20T03:48:37,nfl,nfl_20260920_green_bay_packers_new_york_jets,20260920NFL00034,CIRCA,circa,change,23,2026-09-19T22:10:00,Sep 19,10:10 PM ET,5h ago,home,New York Jets,3.0,8.0,32.0,44.5,43.0,64.0,150.0,91.0,38.0
2026-09-20T03:48:37,nfl,nfl_20260920_green_bay_packers_new_york_jets,20260920NFL00034,CIRCA,circa,change,24,2026-09-19T21:35:00,Sep 19,9:35 PM ET,6h ago,away,Green Bay Packers,-3.0,92.0,69.0,44.5,57.0,36.0,-170.0,9.0,62.0
2026-09-20T03:48:37,nfl,nfl_20260920_green_bay_packers_new_york_jets,20260920NFL00034,CIRCA,circa,change,24,2026-09-19T21:35:00,Sep 19,9:35 PM ET,6h ago,home,New York Jets,3.0,8.0,31.0,44.5,43.0,64.0,150.0,91.0,38.0
2026-09-20T03:48:37,nfl,nfl_20260920_green_bay_packers_new_york_jets,20260920NFL00034,CIRCA,circa,change,25,2026-09-19T21:20:00,Sep 19,9:20 PM ET,6h ago,away,Green Bay Packers,-3.0,92.0,68.0,44.5,57.0,36.0,-170.0,9.0,62.0
2026-09-20T03:48:37,nfl,nfl_20260920_green_bay_packers_new_york_jets,20260920NFL00034,CIRCA,circa,change,25,2026-09-19T21:20:00,Sep 19,9:20 PM ET,6h ago,home,New York Jets,3.0,8.0,32.0,44.5,43.0,64.0,150.0,91.0,38.0
2026-09-20T03:48:37,nfl,nfl_20260920_green_bay_packers_new_york_jets,20260920NFL00034,CIRCA,circa,change,26,2026-09-19T20:50:00,Sep 19,8:50 PM ET,6h ago,away,Green Bay Packers,-3.0,91.0,67.0,44.5,57.0,36.0,-170.0,9.0,62.0
2026-09-20T03:48:37,nfl,nfl_20260920_green_bay_packers_new_york_jets,20260920NFL00034,CIRCA,circa,change,26,2026-09-19T20:50:00,Sep 19,8:50 PM ET,6h ago,home,New York Jets,3.0,9.0,33.0,44.5,43.0,64.0,150.0,91.0,38.0
2026-09-20T03:48:39,nfl,nfl_20260920_new_orleans_saints_baltimore_ravens,20260920NFL00035,DK,draftkings,open,1,2026-05-14T22:05:00,May 14,10:05 PM ET,128d ago,away,New Orleans Saints,,0.0,0.0,,0.0,0.0,300.0,0.0,0.0
2026-09-20T03:48:39,nfl,nfl_20260920_new_orleans_saints_baltimore_ravens,20260920NFL00035,DK,draftkings,open,1,2026-05-14T22:05:00,May 14,10:05 PM ET,128d ago,home,Baltimore Ravens,,0.0,0.0,,0.0,0.0,-380.0,100.0,100.0
2026-09-20T03:48:39,nfl,nfl_20260920_new_orleans_saints_baltimore_ravens,20260920NFL00035,DK,draftkings,first_full,2,2026-05-22T09:10:00,May 22,9:10 AM ET,120d ago,away,New Orleans Saints,7.5,14.0,28.0,46.5,90.0,50.0,295.0,23.0,7.0
2026-09-20T03:48:39,nfl,nfl_20260920_new_orleans_saints_baltimore_ravens,20260920NFL00035,DK,draftkings,first_full,2,2026-05-22T09:10:00,May 22,9:10 AM ET,120d ago,home,Baltimore Ravens,-7.5,86.0,72.0,46.5,10.0,50.0,-375.0,77.0,93.0
2026-09-20T03:48:39,nfl,nfl_20260920_new_orleans_saints_baltimore_ravens,20260920NFL00035,DK,draftkings,change,3,2026-09-20T03:35:00,Sep 20,3:35 AM ET,13m ago,away,New Orleans Saints,8.5,40.0,44.0,45.5,74.0,80.0,300.0,7.0,5.0
2026-09-20T03:48:39,nfl,nfl_20260920_new_orleans_saints_baltimore_ravens,20260920NFL00035,DK,draftkings,change,3,2026-09-20T03:35:00,Sep 20,3:35 AM ET,13m ago,home,Baltimore Ravens,-8.5,60.0,56.0,45.5,26.0,20.0,-380.0,93.0,95.0
2026-09-20T03:48:39,nfl,nfl_20260920_new_orleans_saints_baltimore_ravens,20260920NFL00035,DK,draftkings,change,4,2026-09-20T03:25:00,Sep 20,3:25 AM ET,23m ago,away,New Orleans Saints,8.5,40.0,44.0,45.5,73.0,80.0,300.0,7.0,5.0
2026-09-20T03:48:39,nfl,nfl_20260920_new_orleans_saints_baltimore_ravens,20260920NFL00035,DK,draftkings,change,4,2026-09-20T03:25:00,Sep 20,3:25 AM ET,23m ago,home,Baltimore Ravens,-8.5,60.0,56.0,45.5,27.0,20.0,-380.0,93.0,95.0
2026-09-20T03:48:39,nfl,nfl_20260920_new_orleans_saints_baltimore_ravens,20260920NFL00035,DK,draftkings,change,5,2026-09-20T02:15:00,Sep 20,2:15 AM ET,1h ago,away,New Orleans Saints,8.5,38.0,44.0,45.5,73.0,80.0,300.0,7.0,5.0
2026-09-20T03:48:39,nfl,nfl_20260920_new_orleans_saints_baltimore_ravens,20260920NFL00035,DK,draftkings,change,5,2026-09-20T02:15:00,Sep 20,2:15 AM ET,1h ago,home,Baltimore Ravens,-8.5,62.0,56.0,45.5,27.0,20.0,-380.0,93.0,95.0
2026-09-20T03:48:39,nfl,nfl_20260920_new_orleans_saints_baltimore_ravens,20260920NFL00035,DK,draftkings,change,6,2026-09-20T01:50:00,Sep 20,1:50 AM ET,1h ago,away,New Orleans Saints,8.5,38.0,44.0,45.5,75.0,80.0,300.0,7.0,5.0
2026-09-20T03:48:39,nfl,nfl_20260920_new_orleans_saints_baltimore_ravens,20260920NFL00035,DK,draftkings,change,6,2026-09-20T01:50:00,Sep 20,1:50 AM ET,1h ago,home,Baltimore Ravens,-8.5,62.0,56.0,45.5,25.0,20.0,-380.0,93.0,95.0
2026-09-20T03:48:39,nfl,nfl_20260920_new_orleans_saints_baltimore_ravens,20260920NFL00035,DK,draftkings,change,7,2026-09-20T01:30:00,Sep 20,1:30 AM ET,2h ago,away,New Orleans Saints,8.5,38.0,44.0,45.5,74.0,80.0,300.0,7.0,5.0
2026-09-20T03:48:39,nfl,nfl_20260920_new_orleans_saints_baltimore_ravens,20260920NFL00035,DK,draftkings,change,7,2026-09-20T01:30:00,Sep 20,1:30 AM ET,2h ago,home,Baltimore Ravens,-8.5,62.0,56.0,45.5,26.0,20.0,-380.0,93.0,95.0
2026-09-20T03:48:39,nfl,nfl_20260920_new_orleans_saints_baltimore_ravens,20260920NFL00035,DK,draftkings,change,8,2026-09-20T01:20:00,Sep 20,1:20 AM ET,2h ago,away,New Orleans Saints,8.5,37.0,44.0,45.5,74.0,80.0,300.0,7.0,5.0
2026-09-20T03:48:39,nfl,nfl_20260920_new_orleans_saints_baltimore_ravens,20260920NFL00035,DK,draftkings,change,8,2026-09-20T01:20:00,Sep 20,1:20 AM ET,2h ago,home,Baltimore Ravens,-8.5,63.0,56.0,45.5,26.0,20.0,-380.0,93.0,95.0
2026-09-20T03:48:39,nfl,nfl_20260920_new_orleans_saints_baltimore_ravens,20260920NFL00035,DK,draftkings,change,9,2026-09-20T01:00:00,Sep 20,1:00 AM ET,2h ago,away,New Orleans Saints,8.5,38.0,44.0,45.5,74.0,80.0,300.0,7.0,5.0
2026-09-20T03:48:39,nfl,nfl_20260920_new_orleans_saints_baltimore_ravens,20260920NFL00035,DK,draftkings,change,9,2026-09-20T01:00:00,Sep 20,1:00 AM ET,2h ago,home,Baltimore Ravens,-8.5,62.0,56.0,45.5,26.0,20.0,-380.0,93.0,95.0
2026-09-20T03:48:39,nfl,nfl_20260920_new_orleans_saints_baltimore_ravens,20260920NFL00035,DK,draftkings,change,10,2026-09-20T00:20:00,Sep 20,12:20 AM ET,3h ago,away,New Orleans Saints,8.5,39.0,44.0,45.5,74.0,80.0,300.0,7.0,5.0
2026-09-20T03:48:39,nfl,nfl_20260920_new_orleans_saints_baltimore_ravens,20260920NFL00035,DK,draftkings,change,10,2026-09-20T00:20:00,Sep 20,12:20 AM ET,3h ago,home,Baltimore Ravens,-8.5,61.0,56.0,45.5,26.0,20.0,-380.0,93.0,95.0
2026-09-20T03:48:39,nfl,nfl_20260920_new_orleans_saints_baltimore_ravens,20260920NFL00035,DK,draftkings,change,11,2026-09-19T23:55:00,Sep 19,11:55 PM ET,3h ago,away,New Orleans Saints,8.5,39.0,44.0,45.5,73.0,80.0,300.0,7.0,5.0
2026-09-20T03:48:39,nfl,nfl_20260920_new_orleans_saints_baltimore_ravens,20260920NFL00035,DK,draftkings,change,11,2026-09-19T23:55:00,Sep 19,11:55 PM ET,3h ago,home,Baltimore Ravens,-8.5,61.0,56.0,45.5,27.0,20.0,-380.0,93.0,95.0
2026-09-20T03:48:39,nfl,nfl_20260920_new_orleans_saints_baltimore_ravens,20260920NFL00035,DK,draftkings,change,12,2026-09-19T23:50:00,Sep 19,11:50 PM ET,3h ago,away,New Orleans Saints,8.5,38.0,44.0,45.5,73.0,80.0,300.0,7.0,5.0
2026-09-20T03:48:39,nfl,nfl_20260920_new_orleans_saints_baltimore_ravens,20260920NFL00035,DK,draftkings,change,12,2026-09-19T23:50:00,Sep 19,11:50 PM ET,3h ago,home,Baltimore Ravens,-8.5,62.0,56.0,45.5,27.0,20.0,-380.0,93.0,95.0
2026-09-20T03:48:39,nfl,nfl_20260920_new_orleans_saints_baltimore_ravens,20260920NFL00035,DK,draftkings,change,13,2026-09-19T23:40:00,Sep 19,11:40 PM ET,4h ago,away,New Orleans Saints,8.5,38.0,45.0,45.5,73.0,80.0,300.0,7.0,5.0
2026-09-20T03:48:39,nfl,nfl_20260920_new_orleans_saints_baltimore_ravens,20260920NFL00035,DK,draftkings,change,13,2026-09-19T23:40:00,Sep 19,11:40 PM ET,4h ago,home,Baltimore Ravens,-8.5,62.0,55.0,45.5,27.0,20.0,-380.0,93.0,95.0
2026-09-20T03:48:39,nfl,nfl_20260920_new_orleans_saints_baltimore_ravens,20260920NFL00035,DK,draftkings,change,14,2026-09-19T23:35:00,Sep 19,11:35 PM ET,4h ago,away,New Orleans Saints,8.5,38.0,45.0,45.5,73.0,79.0,300.0,7.0,5.0
2026-09-20T03:48:39,nfl,nfl_20260920_new_orleans_saints_baltimore_ravens,20260920NFL00035,DK,draftkings,change,14,2026-09-19T23:35:00,Sep 19,11:35 PM ET,4h ago,home,Baltimore Ravens,-8.5,62.0,55.0,45.5,27.0,21.0,-380.0,93.0,95.0
2026-09-20T03:48:39,nfl,nfl_20260920_new_orleans_saints_baltimore_ravens,20260920NFL00035,DK,draftkings,change,15,2026-09-19T23:15:00,Sep 19,11:15 PM ET,4h ago,away,New Orleans Saints,8.5,38.0,44.0,45.5,72.0,80.0,300.0,7.0,5.0
2026-09-20T03:48:39,nfl,nfl_20260920_new_orleans_saints_baltimore_ravens,20260920NFL00035,DK,draftkings,change,15,2026-09-19T23:15:00,Sep 19,11:15 PM ET,4h ago,home,Baltimore Ravens,-8.5,62.0,56.0,45.5,28.0,20.0,-380.0,93.0,95.0
2026-09-20T03:48:39,nfl,nfl_20260920_new_orleans_saints_baltimore_ravens,20260920NFL00035,DK,draftkings,change,16,2026-09-19T22:05:00,Sep 19,10:05 PM ET,5h ago,away,New Orleans Saints,8.5,38.0,44.0,45.5,72.0,79.0,295.0,7.0,5.0
2026-09-20T03:48:39,nfl,nfl_20260920_new_orleans_saints_baltimore_ravens,20260920NFL00035,DK,draftkings,change,16,2026-09-19T22:05:00,Sep 19,10:05 PM ET,5h ago,home,Baltimore Ravens,-8.5,62.0,56.0,45.5,28.0,21.0,-375.0,93.0,95.0
2026-09-20T03:48:39,nfl,nfl_20260920_new_orleans_saints_baltimore_ravens,20260920NFL00035,DK,draftkings,change,17,2026-09-19T21:45:00,Sep 19,9:45 PM ET,6h ago,away,New Orleans Saints,8.5,38.0,44.0,45.5,71.0,79.0,295.0,7.0,5.0
2026-09-20T03:48:39,nfl,nfl_20260920_new_orleans_saints_baltimore_ravens,20260920NFL00035,DK,draftkings,change,17,2026-09-19T21:45:00,Sep 19,9:45 PM ET,6h ago,home,Baltimore Ravens,-8.5,62.0,56.0,45.5,29.0,21.0,-375.0,93.0,95.0
2026-09-20T03:48:39,nfl,nfl_20260920_new_orleans_saints_baltimore_ravens,20260920NFL00035,DK,draftkings,change,18,2026-09-19T21:40:00,Sep 19,9:40 PM ET,6h ago,away,New Orleans Saints,8.5,38.0,44.0,45.5,70.0,79.0,295.0,7.0,5.0
2026-09-20T03:48:39,nfl,nfl_20260920_new_orleans_saints_baltimore_ravens,20260920NFL00035,DK,draftkings,change,18,2026-09-19T21:40:00,Sep 19,9:40 PM ET,6h ago,home,Baltimore Ravens,-8.5,62.0,56.0,45.5,30.0,21.0,-375.0,93.0,95.0
2026-09-20T03:48:39,nfl,nfl_20260920_new_orleans_saints_baltimore_ravens,20260920NFL00035,DK,draftkings,change,19,2026-09-19T21:20:00,Sep 19,9:20 PM ET,6h ago,away,New Orleans Saints,8.5,38.0,44.0,45.5,69.0,79.0,295.0,7.0,5.0
2026-09-20T03:48:39,nfl,nfl_20260920_new_orleans_saints_baltimore_ravens,20260920NFL00035,DK,draftkings,change,19,2026-09-19T21:20:00,Sep 19,9:20 PM ET,6h ago,home,Baltimore Ravens,-8.5,62.0,56.0,45.5,31.0,21.0,-375.0,93.0,95.0
2026-09-20T03:48:39,nfl,nfl_20260920_new_orleans_saints_baltimore_ravens,20260920NFL00035,DK,draftkings,change,20,2026-09-19T21:10:00,Sep 19,9:10 PM ET,6h ago,away,New Orleans Saints,8.5,37.0,44.0,45.5,69.0,79.0,295.0,7.0,5.0
2026-09-20T03:48:39,nfl,nfl_20260920_new_orleans_saints_baltimore_ravens,20260920NFL00035,DK,draftkings,change,20,2026-09-19T21:10:00,Sep 19,9:10 PM ET,6h ago,home,Baltimore Ravens,-8.5,63.0,56.0,45.5,31.0,21.0,-375.0,93.0,95.0
2026-09-20T03:48:39,nfl,nfl_20260920_new_orleans_saints_baltimore_ravens,20260920NFL00035,DK,draftkings,change,21,2026-09-19T21:00:00,Sep 19,9:00 PM ET,6h ago,away,New Orleans Saints,8.5,37.0,44.0,45.5,68.0,79.0,295.0,7.0,5.0
2026-09-20T03:48:39,nfl,nfl_20260920_new_orleans_saints_baltimore_ravens,20260920NFL00035,DK,draftkings,change,21,2026-09-19T21:00:00,Sep 19,9:00 PM ET,6h ago,home,Baltimore Ravens,-8.5,63.0,56.0,45.5,32.0,21.0,-375.0,93.0,95.0
2026-09-20T03:48:39,nfl,nfl_20260920_new_orleans_saints_baltimore_ravens,20260920NFL00035,DK,draftkings,change,22,2026-09-19T20:20:00,Sep 19,8:20 PM ET,7h ago,away,New Orleans Saints,8.5,38.0,44.0,46.5,68.0,79.0,295.0,7.0,5.0
2026-09-20T03:48:39,nfl,nfl_20260920_new_orleans_saints_baltimore_ravens,20260920NFL00035,DK,draftkings,change,22,2026-09-19T20:20:00,Sep 19,8:20 PM ET,7h ago,home,Baltimore Ravens,-8.5,62.0,56.0,46.5,32.0,21.0,-375.0,93.0,95.0
2026-09-20T03:48:39,nfl,nfl_20260920_new_orleans_saints_baltimore_ravens,20260920NFL00035,DK,draftkings,change,23,2026-09-19T20:10:00,Sep 19,8:10 PM ET,7h ago,away,New Orleans Saints,8.5,37.0,44.0,46.5,68.0,79.0,295.0,7.0,5.0
2026-09-20T03:48:39,nfl,nfl_20260920_new_orleans_saints_baltimore_ravens,20260920NFL00035,DK,draftkings,change,23,2026-09-19T20:10:00,Sep 19,8:10 PM ET,7h ago,home,Baltimore Ravens,-8.5,63.0,56.0,46.5,32.0,21.0,-375.0,93.0,95.0
2026-09-20T03:48:39,nfl,nfl_20260920_new_orleans_saints_baltimore_ravens,20260920NFL00035,DK,draftkings,change,24,2026-09-19T20:00:00,Sep 19,8:00 PM ET,7h ago,away,New Orleans Saints,8.5,37.0,44.0,46.5,68.0,79.0,295.0,8.0,5.0
2026-09-20T03:48:39,nfl,nfl_20260920_new_orleans_saints_baltimore_ravens,20260920NFL00035,DK,draftkings,change,24,2026-09-19T20:00:00,Sep 19,8:00 PM ET,7h ago,home,Baltimore Ravens,-8.5,63.0,56.0,46.5,32.0,21.0,-375.0,92.0,95.0
2026-09-20T03:48:39,nfl,nfl_20260920_new_orleans_saints_baltimore_ravens,20260920NFL00035,DK,draftkings,change,25,2026-09-19T19:30:00,Sep 19,7:30 PM ET,8h ago,away,New Orleans Saints,8.5,38.0,44.0,46.5,68.0,79.0,295.0,8.0,5.0
2026-09-20T03:48:39,nfl,nfl_20260920_new_orleans_saints_baltimore_ravens,20260920NFL00035,DK,draftkings,change,25,2026-09-19T19:30:00,Sep 19,7:30 PM ET,8h ago,home,Baltimore Ravens,-8.5,62.0,56.0,46.5,32.0,21.0,-375.0,92.0,95.0
2026-09-20T03:48:39,nfl,nfl_20260920_new_orleans_saints_baltimore_ravens,20260920NFL00035,DK,draftkings,change,26,2026-09-19T19:20:00,Sep 19,7:20 PM ET,8h ago,away,New Orleans Saints,8.5,38.0,45.0,46.5,67.0,79.0,295.0,8.0,5.0
2026-09-20T03:48:39,nfl,nfl_20260920_new_orleans_saints_baltimore_ravens,20260920NFL00035,DK,draftkings,change,26,2026-09-19T19:20:00,Sep 19,7:20 PM ET,8h ago,home,Baltimore Ravens,-8.5,62.0,55.0,46.5,33.0,21.0,-375.0,92.0,95.0
2026-09-20T03:48:39,nfl,nfl_20260920_new_orleans_saints_baltimore_ravens,20260920NFL00035,DK,draftkings,change,27,2026-09-19T19:10:00,Sep 19,7:10 PM ET,8h ago,away,New Orleans Saints,8.5,38.0,45.0,46.5,68.0,79.0,310.0,8.0,5.0
2026-09-20T03:48:39,nfl,nfl_20260920_new_orleans_saints_baltimore_ravens,20260920NFL00035,DK,draftkings,change,27,2026-09-19T19:10:00,Sep 19,7:10 PM ET,8h ago,home,Baltimore Ravens,-8.5,62.0,55.0,46.5,32.0,21.0,-395.0,92.0,95.0
2026-09-20T03:48:40,nfl,nfl_20260920_new_orleans_saints_baltimore_ravens,20260920NFL00035,CIRCA,circa,open,1,2026-09-13T21:10:00,Sep 13,9:10 PM ET,6d ago,away,New Orleans Saints,8.5,50.0,50.0,47.5,50.0,50.0,340.0,50.0,50.0
2026-09-20T03:48:40,nfl,nfl_20260920_new_orleans_saints_baltimore_ravens,20260920NFL00035,CIRCA,circa,open,1,2026-09-13T21:10:00,Sep 13,9:10 PM ET,6d ago,home,Baltimore Ravens,-8.5,50.0,50.0,47.5,50.0,50.0,-420.0,50.0,50.0
2026-09-20T03:48:40,nfl,nfl_20260920_new_orleans_saints_baltimore_ravens,20260920NFL00035,CIRCA,circa,change,2,2026-09-20T02:56:00,Sep 20,2:56 AM ET,52m ago,away,New Orleans Saints,8.5,40.0,50.0,45.0,16.0,68.0,340.0,3.0,14.0
2026-09-20T03:48:40,nfl,nfl_20260920_new_orleans_saints_baltimore_ravens,20260920NFL00035,CIRCA,circa,change,2,2026-09-20T02:56:00,Sep 20,2:56 AM ET,52m ago,home,Baltimore Ravens,-8.5,60.0,50.0,45.0,84.0,32.0,-420.0,97.0,86.0
2026-09-20T03:48:40,nfl,nfl_20260920_new_orleans_saints_baltimore_ravens,20260920NFL00035,CIRCA,circa,change,3,2026-09-20T02:50:00,Sep 20,2:50 AM ET,57m ago,away,New Orleans Saints,8.5,40.0,49.0,45.0,16.0,68.0,340.0,3.0,14.0
2026-09-20T03:48:40,nfl,nfl_20260920_new_orleans_saints_baltimore_ravens,20260920NFL00035,CIRCA,circa,change,3,2026-09-20T02:50:00,Sep 20,2:50 AM ET,57m ago,home,Baltimore Ravens,-8.5,60.0,51.0,45.0,84.0,32.0,-420.0,97.0,86.0
2026-09-20T03:48:40,nfl,nfl_20260920_new_orleans_saints_baltimore_ravens,20260920NFL00035,CIRCA,circa,change,4,2026-09-20T02:42:00,Sep 20,2:42 AM ET,1h ago,away,New Orleans Saints,8.5,40.0,49.0,45.0,16.0,68.0,340.0,3.0,17.0
2026-09-20T03:48:40,nfl,nfl_20260920_new_orleans_saints_baltimore_ravens,20260920NFL00035,CIRCA,circa,change,4,2026-09-20T02:42:00,Sep 20,2:42 AM ET,1h ago,home,Baltimore Ravens,-8.5,60.0,51.0,45.0,84.0,32.0,-420.0,97.0,83.0
2026-09-20T03:48:40,nfl,nfl_20260920_new_orleans_saints_baltimore_ravens,20260920NFL00035,CIRCA,circa,change,5,2026-09-20T02:35:00,Sep 20,2:35 AM ET,1h ago,away,New Orleans Saints,8.5,40.0,47.0,45.0,16.0,67.0,340.0,3.0,17.0
2026-09-20T03:48:40,nfl,nfl_20260920_new_orleans_saints_baltimore_ravens,20260920NFL00035,CIRCA,circa,change,5,2026-09-20T02:35:00,Sep 20,2:35 AM ET,1h ago,home,Baltimore Ravens,-8.5,60.0,53.0,45.0,84.0,33.0,-420.0,97.0,83.0
2026-09-20T03:48:40,nfl,nfl_20260920_new_orleans_saints_baltimore_ravens,20260920NFL00035,CIRCA,circa,change,6,2026-09-20T02:25:00,Sep 20,2:25 AM ET,1h ago,away,New Orleans Saints,8.5,46.0,49.0,45.0,16.0,67.0,340.0,3.0,17.0
2026-09-20T03:48:40,nfl,nfl_20260920_new_orleans_saints_baltimore_ravens,20260920NFL00035,CIRCA,circa,change,6,2026-09-20T02:25:00,Sep 20,2:25 AM ET,1h ago,home,Baltimore Ravens,-8.5,54.0,51.0,45.0,84.0,33.0,-420.0,97.0,83.0
2026-09-20T03:48:40,nfl,nfl_20260920_new_orleans_saints_baltimore_ravens,20260920NFL00035,CIRCA,circa,change,7,2026-09-20T01:00:00,Sep 20,1:00 AM ET,2h ago,away,New Orleans Saints,8.5,46.0,50.0,45.0,16.0,67.0,340.0,3.0,17.0
2026-09-20T03:48:40,nfl,nfl_20260920_new_orleans_saints_baltimore_ravens,20260920NFL00035,CIRCA,circa,change,7,2026-09-20T01:00:00,Sep 20,1:00 AM ET,2h ago,home,Baltimore Ravens,-8.5,54.0,50.0,45.0,84.0,33.0,-420.0,97.0,83.0
2026-09-20T03:48:40,nfl,nfl_20260920_new_orleans_saints_baltimore_ravens,20260920NFL00035,CIRCA,circa,change,8,2026-09-20T00:55:00,Sep 20,12:55 AM ET,2h ago,away,New Orleans Saints,8.5,46.0,50.0,45.0,16.0,71.0,340.0,3.0,17.0
2026-09-20T03:48:40,nfl,nfl_20260920_new_orleans_saints_baltimore_ravens,20260920NFL00035,CIRCA,circa,change,8,2026-09-20T00:55:00,Sep 20,12:55 AM ET,2h ago,home,Baltimore Ravens,-8.5,54.0,50.0,45.0,84.0,29.0,-420.0,97.0,83.0
2026-09-20T03:48:40,nfl,nfl_20260920_new_orleans_saints_baltimore_ravens,20260920NFL00035,CIRCA,circa,change,9,2026-09-20T00:50:00,Sep 20,12:50 AM ET,2h ago,away,New Orleans Saints,8.5,46.0,48.0,45.0,16.0,69.0,340.0,3.0,17.0
2026-09-20T03:48:40,nfl,nfl_20260920_new_orleans_saints_baltimore_ravens,20260920NFL00035,CIRCA,circa,change,9,2026-09-20T00:50:00,Sep 20,12:50 AM ET,2h ago,home,Baltimore Ravens,-8.5,54.0,52.0,45.0,84.0,31.0,-420.0,97.0,83.0
2026-09-20T03:48:40,nfl,nfl_20260920_new_orleans_saints_baltimore_ravens,20260920NFL00035,CIRCA,circa,change,10,2026-09-20T00:05:00,Sep 20,12:05 AM ET,3h ago,away,New Orleans Saints,8.5,46.0,50.0,45.0,16.0,69.0,340.0,3.0,17.0
2026-09-20T03:48:40,nfl,nfl_20260920_new_orleans_saints_baltimore_ravens,20260920NFL00035,CIRCA,circa,change,10,2026-09-20T00:05:00,Sep 20,12:05 AM ET,3h ago,home,Baltimore Ravens,-8.5,54.0,50.0,45.0,84.0,31.0,-420.0,97.0,83.0
2026-09-20T03:48:40,nfl,nfl_20260920_new_orleans_saints_baltimore_ravens,20260920NFL00035,CIRCA,circa,change,11,2026-09-20T00:00:00,Sep 20,12:00 AM ET,3h ago,away,New Orleans Saints,8.5,44.0,48.0,45.0,16.0,69.0,340.0,3.0,17.0
2026-09-20T03:48:40,nfl,nfl_20260920_new_orleans_saints_baltimore_ravens,20260920NFL00035,CIRCA,circa,change,11,2026-09-20T00:00:00,Sep 20,12:00 AM ET,3h ago,home,Baltimore Ravens,-8.5,56.0,52.0,45.0,84.0,31.0,-420.0,97.0,83.0
2026-09-20T03:48:40,nfl,nfl_20260920_new_orleans_saints_baltimore_ravens,20260920NFL00035,CIRCA,circa,change,12,2026-09-19T23:30:00,Sep 19,11:30 PM ET,4h ago,away,New Orleans Saints,8.5,44.0,48.0,45.0,15.0,67.0,340.0,3.0,17.0
2026-09-20T03:48:40,nfl,nfl_20260920_new_orleans_saints_baltimore_ravens,20260920NFL00035,CIRCA,circa,change,12,2026-09-19T23:30:00,Sep 19,11:30 PM ET,4h ago,home,Baltimore Ravens,-8.5,56.0,52.0,45.0,85.0,33.0,-420.0,97.0,83.0
2026-09-20T03:48:40,nfl,nfl_20260920_new_orleans_saints_baltimore_ravens,20260920NFL00035,CIRCA,circa,change,13,2026-09-19T23:25:00,Sep 19,11:25 PM ET,4h ago,away,New Orleans Saints,8.5,44.0,48.0,45.0,15.0,64.0,340.0,4.0,20.0
2026-09-20T03:48:40,nfl,nfl_20260920_new_orleans_saints_baltimore_ravens,20260920NFL00035,CIRCA,circa,change,13,2026-09-19T23:25:00,Sep 19,11:25 PM ET,4h ago,home,Baltimore Ravens,-8.5,56.0,52.0,45.0,85.0,36.0,-420.0,96.0,80.0
2026-09-20T03:48:40,nfl,nfl_20260920_new_orleans_saints_baltimore_ravens,20260920NFL00035,CIRCA,circa,change,14,2026-09-19T23:10:00,Sep 19,11:10 PM ET,4h ago,away,New Orleans Saints,8.5,44.0,48.0,45.0,11.0,62.0,340.0,4.0,20.0
2026-09-20T03:48:40,nfl,nfl_20260920_new_orleans_saints_baltimore_ravens,20260920NFL00035,CIRCA,circa,change,14,2026-09-19T23:10:00,Sep 19,11:10 PM ET,4h ago,home,Baltimore Ravens,-8.5,56.0,52.0,45.0,89.0,38.0,-420.0,96.0,80.0
2026-09-20T03:48:40,nfl,nfl_20260920_new_orleans_saints_baltimore_ravens,20260920NFL00035,CIRCA,circa,change,15,2026-09-19T22:10:00,Sep 19,10:10 PM ET,5h ago,away,New Orleans Saints,8.5,46.0,50.0,45.0,11.0,62.0,340.0,4.0,20.0
2026-09-20T03:48:40,nfl,nfl_20260920_new_orleans_saints_baltimore_ravens,20260920NFL00035,CIRCA,circa,change,15,2026-09-19T22:10:00,Sep 19,10:10 PM ET,5h ago,home,Baltimore Ravens,-8.5,54.0,50.0,45.0,89.0,38.0,-420.0,96.0,80.0
2026-09-20T03:48:40,nfl,nfl_20260920_new_orleans_saints_baltimore_ravens,20260920NFL00035,CIRCA,circa,change,16,2026-09-19T22:05:00,Sep 19,10:05 PM ET,5h ago,away,New Orleans Saints,8.5,46.0,48.0,45.0,11.0,62.0,340.0,4.0,20.0
2026-09-20T03:48:40,nfl,nfl_20260920_new_orleans_saints_baltimore_ravens,20260920NFL00035,CIRCA,circa,change,16,2026-09-19T22:05:00,Sep 19,10:05 PM ET,5h ago,home,Baltimore Ravens,-8.5,54.0,52.0,45.0,89.0,38.0,-420.0,96.0,80.0
2026-09-20T03:48:40,nfl,nfl_20260920_new_orleans_saints_baltimore_ravens,20260920NFL00035,CIRCA,circa,change,17,2026-09-19T21:35:00,Sep 19,9:35 PM ET,6h ago,away,New Orleans Saints,8.5,46.0,48.0,45.0,11.0,62.0,340.0,0.0,0.0
2026-09-20T03:48:40,nfl,nfl_20260920_new_orleans_saints_baltimore_ravens,20260920NFL00035,CIRCA,circa,change,17,2026-09-19T21:35:00,Sep 19,9:35 PM ET,6h ago,home,Baltimore Ravens,-8.5,54.0,52.0,45.0,89.0,38.0,-420.0,100.0,100.0
2026-09-20T03:48:40,nfl,nfl_20260920_new_orleans_saints_baltimore_ravens,20260920NFL00035,CIRCA,circa,change,18,2026-09-19T21:05:00,Sep 19,9:05 PM ET,6h ago,away,New Orleans Saints,8.5,46.0,48.0,45.0,11.0,67.0,340.0,0.0,0.0
2026-09-20T03:48:40,nfl,nfl_20260920_new_orleans_saints_baltimore_ravens,20260920NFL00035,CIRCA,circa,change,18,2026-09-19T21:05:00,Sep 19,9:05 PM ET,6h ago,home,Baltimore Ravens,-8.5,54.0,52.0,45.0,89.0,33.0,-420.0,100.0,100.0
2026-09-20T03:48:40,nfl,nfl_20260920_new_orleans_saints_baltimore_ravens,20260920NFL00035,CIRCA,circa,change,19,2026-09-19T20:30:00,Sep 19,8:30 PM ET,7h ago,away,New Orleans Saints,8.5,44.0,46.0,45.0,11.0,67.0,340.0,0.0,0.0
2026-09-20T03:48:40,nfl,nfl_20260920_new_orleans_saints_baltimore_ravens,20260920NFL00035,CIRCA,circa,change,19,2026-09-19T20:30:00,Sep 19,8:30 PM ET,7h ago,home,Baltimore Ravens,-8.5,56.0,54.0,45.0,89.0,33.0,-420.0,100.0,100.0
2026-09-20T03:48:40,nfl,nfl_20260920_new_orleans_saints_baltimore_ravens,20260920NFL00035,CIRCA,circa,change,20,2026-09-19T20:25:00,Sep 19,8:25 PM ET,7h ago,away,New Orleans Saints,8.5,44.0,44.0,45.0,11.0,67.0,340.0,0.0,0.0
2026-09-20T03:48:40,nfl,nfl_20260920_new_orleans_saints_baltimore_ravens,20260920NFL00035,CIRCA,circa,change,20,2026-09-19T20:25:00,Sep 19,8:25 PM ET,7h ago,home,Baltimore Ravens,-8.5,56.0,56.0,45.0,89.0,33.0,-420.0,100.0,100.0
2026-09-20T03:48:40,nfl,nfl_20260920_new_orleans_saints_baltimore_ravens,20260920NFL00035,CIRCA,circa,change,21,2026-09-19T19:30:00,Sep 19,7:30 PM ET,8h ago,away,New Orleans Saints,8.5,44.0,44.0,46.5,25.0,73.0,340.0,0.0,0.0
2026-09-20T03:48:40,nfl,nfl_20260920_new_orleans_saints_baltimore_ravens,20260920NFL00035,CIRCA,circa,change,21,2026-09-19T19:30:00,Sep 19,7:30 PM ET,8h ago,home,Baltimore Ravens,-8.5,56.0,56.0,46.5,75.0,27.0,-420.0,100.0,100.0
2026-09-20T03:48:40,nfl,nfl_20260920_new_orleans_saints_baltimore_ravens,20260920NFL00035,CIRCA,circa,change,22,2026-09-19T17:25:00,Sep 19,5:25 PM ET,10h ago,away,New Orleans Saints,8.5,43.0,42.0,46.5,25.0,73.0,340.0,0.0,0.0
2026-09-20T03:48:40,nfl,nfl_20260920_new_orleans_saints_baltimore_ravens,20260920NFL00035,CIRCA,circa,change,22,2026-09-19T17:25:00,Sep 19,5:25 PM ET,10h ago,home,Baltimore Ravens,-8.5,57.0,58.0,46.5,75.0,27.0,-420.0,100.0,100.0
2026-09-20T03:48:40,nfl,nfl_20260920_new_orleans_saints_baltimore_ravens,20260920NFL00035,CIRCA,circa,change,23,2026-09-19T16:40:00,Sep 19,4:40 PM ET,11h ago,away,New Orleans Saints,8.5,43.0,44.0,46.5,25.0,73.0,340.0,0.0,0.0
2026-09-20T03:48:40,nfl,nfl_20260920_new_orleans_saints_baltimore_ravens,20260920NFL00035,CIRCA,circa,change,23,2026-09-19T16:40:00,Sep 19,4:40 PM ET,11h ago,home,Baltimore Ravens,-8.5,57.0,56.0,46.5,75.0,27.0,-420.0,100.0,100.0
2026-09-20T03:48:40,nfl,nfl_20260920_new_orleans_saints_baltimore_ravens,20260920NFL00035,CIRCA,circa,change,24,2026-09-19T15:35:00,Sep 19,3:35 PM ET,12h ago,away,New Orleans Saints,8.5,51.0,46.0,46.5,25.0,73.0,340.0,0.0,0.0
2026-09-20T03:48:40,nfl,nfl_20260920_new_orleans_saints_baltimore_ravens,20260920NFL00035,CIRCA,circa,change,24,2026-09-19T15:35:00,Sep 19,3:35 PM ET,12h ago,home,Baltimore Ravens,-8.5,49.0,54.0,46.5,75.0,27.0,-420.0,100.0,100.0
2026-09-20T03:48:40,nfl,nfl_20260920_new_orleans_saints_baltimore_ravens,20260920NFL00035,CIRCA,circa,change,25,2026-09-19T09:30:00,Sep 19,9:30 AM ET,18h ago,away,New Orleans Saints,8.5,52.0,48.0,46.5,25.0,73.0,340.0,0.0,0.0
2026-09-20T03:48:40,nfl,nfl_20260920_new_orleans_saints_baltimore_ravens,20260920NFL00035,CIRCA,circa,change,25,2026-09-19T09:30:00,Sep 19,9:30 AM ET,18h ago,home,Baltimore Ravens,-8.5,48.0,52.0,46.5,75.0,27.0,-420.0,100.0,100.0
2026-09-20T03:48:40,nfl,nfl_20260920_new_orleans_saints_baltimore_ravens,20260920NFL00035,CIRCA,circa,change,26,2026-09-18T22:25:00,Sep 18,10:25 PM ET,1d ago,away,New Orleans Saints,8.5,52.0,45.0,46.5,25.0,73.0,340.0,0.0,0.0
2026-09-20T03:48:40,nfl,nfl_20260920_new_orleans_saints_baltimore_ravens,20260920NFL00035,CIRCA,circa,change,26,2026-09-18T22:25:00,Sep 18,10:25 PM ET,1d ago,home,Baltimore Ravens,-8.5,48.0,55.0,46.5,75.0,27.0,-420.0,100.0,100.0
2026-09-20T03:48:41,nfl,nfl_20260920_cincinnati_bengals_houston_texans,20260920NFL00039,DK,draftkings,open,1,2026-05-14T22:40:00,May 14,10:40 PM ET,128d ago,away,Cincinnati Bengals,,0.0,0.0,,0.0,0.0,114.0,100.0,100.0
2026-09-20T03:48:41,nfl,nfl_20260920_cincinnati_bengals_houston_texans,20260920NFL00039,DK,draftkings,open,1,2026-05-14T22:40:00,May 14,10:40 PM ET,128d ago,home,Houston Texans,,0.0,0.0,,0.0,0.0,-135.0,0.0,0.0
2026-09-20T03:48:41,nfl,nfl_20260920_cincinnati_bengals_houston_texans,20260920NFL00039,DK,draftkings,first_full,2,2026-05-18T19:45:00,May 18,7:45 PM ET,124d ago,away,Cincinnati Bengals,2.5,3.0,64.0,46.5,63.0,50.0,114.0,75.0,49.0
2026-09-20T03:48:41,nfl,nfl_20260920_cincinnati_bengals_houston_texans,20260920NFL00039,DK,draftkings,first_full,2,2026-05-18T19:45:00,May 18,7:45 PM ET,124d ago,home,Houston Texans,-2.5,97.0,36.0,46.5,37.0,50.0,-135.0,25.0,51.0
2026-09-20T03:48:41,nfl,nfl_20260920_cincinnati_bengals_houston_texans,20260920NFL00039,DK,draftkings,change,3,2026-09-20T03:25:00,Sep 20,3:25 AM ET,23m ago,away,Cincinnati Bengals,3.0,38.0,46.0,45.5,56.0,74.0,124.0,36.0,43.0
2026-09-20T03:48:41,nfl,nfl_20260920_cincinnati_bengals_houston_texans,20260920NFL00039,DK,draftkings,change,3,2026-09-20T03:25:00,Sep 20,3:25 AM ET,23m ago,home,Houston Texans,-3.0,62.0,54.0,45.5,44.0,26.0,-148.0,64.0,57.0
2026-09-20T03:48:41,nfl,nfl_20260920_cincinnati_bengals_houston_texans,20260920NFL00039,DK,draftkings,change,4,2026-09-20T02:45:00,Sep 20,2:45 AM ET,1h ago,away,Cincinnati Bengals,2.5,39.0,46.0,45.5,56.0,74.0,120.0,36.0,43.0
2026-09-20T03:48:41,nfl,nfl_20260920_cincinnati_bengals_houston_texans,20260920NFL00039,DK,draftkings,change,4,2026-09-20T02:45:00,Sep 20,2:45 AM ET,1h ago,home,Houston Texans,-2.5,61.0,54.0,45.5,44.0,26.0,-142.0,64.0,57.0
2026-09-20T03:48:41,nfl,nfl_20260920_cincinnati_bengals_houston_texans,20260920NFL00039,DK,draftkings,change,5,2026-09-20T02:40:00,Sep 20,2:40 AM ET,1h ago,away,Cincinnati Bengals,2.5,39.0,46.0,45.5,55.0,74.0,120.0,36.0,43.0
2026-09-20T03:48:41,nfl,nfl_20260920_cincinnati_bengals_houston_texans,20260920NFL00039,DK,draftkings,change,5,2026-09-20T02:40:00,Sep 20,2:40 AM ET,1h ago,home,Houston Texans,-2.5,61.0,54.0,45.5,45.0,26.0,-142.0,64.0,57.0
2026-09-20T03:48:41,nfl,nfl_20260920_cincinnati_bengals_houston_texans,20260920NFL00039,DK,draftkings,change,6,2026-09-20T02:30:00,Sep 20,2:30 AM ET,1h ago,away,Cincinnati Bengals,2.5,39.0,46.0,45.5,55.0,74.0,120.0,37.0,43.0
2026-09-20T03:48:41,nfl,nfl_20260920_cincinnati_bengals_houston_texans,20260920NFL00039,DK,draftkings,change,6,2026-09-20T02:30:00,Sep 20,2:30 AM ET,1h ago,home,Houston Texans,-2.5,61.0,54.0,45.5,45.0,26.0,-142.0,63.0,57.0
2026-09-20T03:48:41,nfl,nfl_20260920_cincinnati_bengals_houston_texans,20260920NFL00039,DK,draftkings,change,7,2026-09-20T01:50:00,Sep 20,1:50 AM ET,1h ago,away,Cincinnati Bengals,2.5,39.0,46.0,45.5,54.0,74.0,120.0,37.0,43.0
2026-09-20T03:48:41,nfl,nfl_20260920_cincinnati_bengals_houston_texans,20260920NFL00039,DK,draftkings,change,7,2026-09-20T01:50:00,Sep 20,1:50 AM ET,1h ago,home,Houston Texans,-2.5,61.0,54.0,45.5,46.0,26.0,-142.0,63.0,57.0
2026-09-20T03:48:41,nfl,nfl_20260920_cincinnati_bengals_houston_texans,20260920NFL00039,DK,draftkings,change,8,2026-09-20T01:35:00,Sep 20,1:35 AM ET,2h ago,away,Cincinnati Bengals,2.5,39.0,46.0,45.5,54.0,74.0,120.0,36.0,43.0
2026-09-20T03:48:41,nfl,nfl_20260920_cincinnati_bengals_houston_texans,20260920NFL00039,DK,draftkings,change,8,2026-09-20T01:35:00,Sep 20,1:35 AM ET,2h ago,home,Houston Texans,-2.5,61.0,54.0,45.5,46.0,26.0,-142.0,64.0,57.0
2026-09-20T03:48:41,nfl,nfl_20260920_cincinnati_bengals_houston_texans,20260920NFL00039,DK,draftkings,change,9,2026-09-20T00:35:00,Sep 20,12:35 AM ET,3h ago,away,Cincinnati Bengals,2.5,39.0,46.0,45.5,53.0,74.0,120.0,36.0,43.0
2026-09-20T03:48:41,nfl,nfl_20260920_cincinnati_bengals_houston_texans,20260920NFL00039,DK,draftkings,change,9,2026-09-20T00:35:00,Sep 20,12:35 AM ET,3h ago,home,Houston Texans,-2.5,61.0,54.0,45.5,47.0,26.0,-142.0,64.0,57.0
2026-09-20T03:48:41,nfl,nfl_20260920_cincinnati_bengals_houston_texans,20260920NFL00039,DK,draftkings,change,10,2026-09-20T00:10:00,Sep 20,12:10 AM ET,3h ago,away,Cincinnati Bengals,2.5,39.0,46.0,45.5,53.0,74.0,120.0,35.0,43.0
2026-09-20T03:48:41,nfl,nfl_20260920_cincinnati_bengals_houston_texans,20260920NFL00039,DK,draftkings,change,10,2026-09-20T00:10:00,Sep 20,12:10 AM ET,3h ago,home,Houston Texans,-2.5,61.0,54.0,45.5,47.0,26.0,-142.0,65.0,57.0
2026-09-20T03:48:41,nfl,nfl_20260920_cincinnati_bengals_houston_texans,20260920NFL00039,DK,draftkings,change,11,2026-09-19T23:55:00,Sep 19,11:55 PM ET,3h ago,away,Cincinnati Bengals,2.5,40.0,46.0,45.5,53.0,74.0,120.0,35.0,43.0
2026-09-20T03:48:41,nfl,nfl_20260920_cincinnati_bengals_houston_texans,20260920NFL00039,DK,draftkings,change,11,2026-09-19T23:55:00,Sep 19,11:55 PM ET,3h ago,home,Houston Texans,-2.5,60.0,54.0,45.5,47.0,26.0,-142.0,65.0,57.0
2026-09-20T03:48:41,nfl,nfl_20260920_cincinnati_bengals_houston_texans,20260920NFL00039,DK,draftkings,change,12,2026-09-19T23:35:00,Sep 19,11:35 PM ET,4h ago,away,Cincinnati Bengals,2.5,37.0,46.0,45.5,53.0,74.0,120.0,35.0,43.0
2026-09-20T03:48:41,nfl,nfl_20260920_cincinnati_bengals_houston_texans,20260920NFL00039,DK,draftkings,change,12,2026-09-19T23:35:00,Sep 19,11:35 PM ET,4h ago,home,Houston Texans,-2.5,63.0,54.0,45.5,47.0,26.0,-142.0,65.0,57.0
2026-09-20T03:48:41,nfl,nfl_20260920_cincinnati_bengals_houston_texans,20260920NFL00039,DK,draftkings,change,13,2026-09-19T23:20:00,Sep 19,11:20 PM ET,4h ago,away,Cincinnati Bengals,2.5,38.0,46.0,45.5,53.0,74.0,120.0,35.0,43.0
2026-09-20T03:48:41,nfl,nfl_20260920_cincinnati_bengals_houston_texans,20260920NFL00039,DK,draftkings,change,13,2026-09-19T23:20:00,Sep 19,11:20 PM ET,4h ago,home,Houston Texans,-2.5,62.0,54.0,45.5,47.0,26.0,-142.0,65.0,57.0
2026-09-20T03:48:41,nfl,nfl_20260920_cincinnati_bengals_houston_texans,20260920NFL00039,DK,draftkings,change,14,2026-09-19T23:10:00,Sep 19,11:10 PM ET,4h ago,away,Cincinnati Bengals,2.5,38.0,47.0,45.5,53.0,74.0,120.0,35.0,43.0
2026-09-20T03:48:41,nfl,nfl_20260920_cincinnati_bengals_houston_texans,20260920NFL00039,DK,draftkings,change,14,2026-09-19T23:10:00,Sep 19,11:10 PM ET,4h ago,home,Houston Texans,-2.5,62.0,53.0,45.5,47.0,26.0,-142.0,65.0,57.0
2026-09-20T03:48:41,nfl,nfl_20260920_cincinnati_bengals_houston_texans,20260920NFL00039,DK,draftkings,change,15,2026-09-19T23:00:00,Sep 19,11:00 PM ET,4h ago,away,Cincinnati Bengals,2.5,38.0,46.0,45.5,53.0,74.0,120.0,35.0,43.0
2026-09-20T03:48:41,nfl,nfl_20260920_cincinnati_bengals_houston_texans,20260920NFL00039,DK,draftkings,change,15,2026-09-19T23:00:00,Sep 19,11:00 PM ET,4h ago,home,Houston Texans,-2.5,62.0,54.0,45.5,47.0,26.0,-142.0,65.0,57.0
2026-09-20T03:48:41,nfl,nfl_20260920_cincinnati_bengals_houston_texans,20260920NFL00039,DK,draftkings,change,16,2026-09-19T22:15:00,Sep 19,10:15 PM ET,5h ago,away,Cincinnati Bengals,2.5,38.0,47.0,45.5,53.0,74.0,120.0,35.0,43.0
2026-09-20T03:48:41,nfl,nfl_20260920_cincinnati_bengals_houston_texans,20260920NFL00039,DK,draftkings,change,16,2026-09-19T22:15:00,Sep 19,10:15 PM ET,5h ago,home,Houston Texans,-2.5,62.0,53.0,45.5,47.0,26.0,-142.0,65.0,57.0
2026-09-20T03:48:41,nfl,nfl_20260920_cincinnati_bengals_houston_texans,20260920NFL00039,DK,draftkings,change,17,2026-09-19T22:05:00,Sep 19,10:05 PM ET,5h ago,away,Cincinnati Bengals,2.5,38.0,47.0,45.5,53.0,74.0,120.0,34.0,43.0
2026-09-20T03:48:41,nfl,nfl_20260920_cincinnati_bengals_houston_texans,20260920NFL00039,DK,draftkings,change,17,2026-09-19T22:05:00,Sep 19,10:05 PM ET,5h ago,home,Houston Texans,-2.5,62.0,53.0,45.5,47.0,26.0,-142.0,66.0,57.0
2026-09-20T03:48:41,nfl,nfl_20260920_cincinnati_bengals_houston_texans,20260920NFL00039,DK,draftkings,change,18,2026-09-19T21:35:00,Sep 19,9:35 PM ET,6h ago,away,Cincinnati Bengals,2.5,38.0,47.0,45.5,53.0,73.0,120.0,34.0,43.0
2026-09-20T03:48:41,nfl,nfl_20260920_cincinnati_bengals_houston_texans,20260920NFL00039,DK,draftkings,change,18,2026-09-19T21:35:00,Sep 19,9:35 PM ET,6h ago,home,Houston Texans,-2.5,62.0,53.0,45.5,47.0,27.0,-142.0,66.0,57.0
2026-09-20T03:48:41,nfl,nfl_20260920_cincinnati_bengals_houston_texans,20260920NFL00039,DK,draftkings,change,19,2026-09-19T21:30:00,Sep 19,9:30 PM ET,6h ago,away,Cincinnati Bengals,2.5,38.0,47.0,45.5,53.0,74.0,120.0,34.0,43.0
2026-09-20T03:48:41,nfl,nfl_20260920_cincinnati_bengals_houston_texans,20260920NFL00039,DK,draftkings,change,19,2026-09-19T21:30:00,Sep 19,9:30 PM ET,6h ago,home,Houston Texans,-2.5,62.0,53.0,45.5,47.0,26.0,-142.0,66.0,57.0
2026-09-20T03:48:41,nfl,nfl_20260920_cincinnati_bengals_houston_texans,20260920NFL00039,DK,draftkings,change,20,2026-09-19T21:00:00,Sep 19,9:00 PM ET,6h ago,away,Cincinnati Bengals,2.5,38.0,47.0,45.5,53.0,73.0,120.0,34.0,43.0
2026-09-20T03:48:41,nfl,nfl_20260920_cincinnati_bengals_houston_texans,20260920NFL00039,DK,draftkings,change,20,2026-09-19T21:00:00,Sep 19,9:00 PM ET,6h ago,home,Houston Texans,-2.5,62.0,53.0,45.5,47.0,27.0,-142.0,66.0,57.0
2026-09-20T03:48:41,nfl,nfl_20260920_cincinnati_bengals_houston_texans,20260920NFL00039,DK,draftkings,change,21,2026-09-19T20:20:00,Sep 19,8:20 PM ET,7h ago,away,Cincinnati Bengals,2.5,38.0,47.0,45.5,52.0,73.0,120.0,34.0,43.0
2026-09-20T03:48:41,nfl,nfl_20260920_cincinnati_bengals_houston_texans,20260920NFL00039,DK,draftkings,change,21,2026-09-19T20:20:00,Sep 19,8:20 PM ET,7h ago,home,Houston Texans,-2.5,62.0,53.0,45.5,48.0,27.0,-142.0,66.0,57.0
2026-09-20T03:48:41,nfl,nfl_20260920_cincinnati_bengals_houston_texans,20260920NFL00039,DK,draftkings,change,22,2026-09-19T20:10:00,Sep 19,8:10 PM ET,7h ago,away,Cincinnati Bengals,2.5,38.0,47.0,45.5,52.0,74.0,120.0,34.0,43.0
2026-09-20T03:48:41,nfl,nfl_20260920_cincinnati_bengals_houston_texans,20260920NFL00039,DK,draftkings,change,22,2026-09-19T20:10:00,Sep 19,8:10 PM ET,7h ago,home,Houston Texans,-2.5,62.0,53.0,45.5,48.0,26.0,-142.0,66.0,57.0
2026-09-20T03:48:41,nfl,nfl_20260920_cincinnati_bengals_houston_texans,20260920NFL00039,DK,draftkings,change,23,2026-09-19T19:50:00,Sep 19,7:50 PM ET,7h ago,away,Cincinnati Bengals,2.5,39.0,47.0,45.5,52.0,74.0,120.0,34.0,43.0
2026-09-20T03:48:41,nfl,nfl_20260920_cincinnati_bengals_houston_texans,20260920NFL00039,DK,draftkings,change,23,2026-09-19T19:50:00,Sep 19,7:50 PM ET,7h ago,home,Houston Texans,-2.5,61.0,53.0,45.5,48.0,26.0,-142.0,66.0,57.0
2026-09-20T03:48:41,nfl,nfl_20260920_cincinnati_bengals_houston_texans,20260920NFL00039,DK,draftkings,change,24,2026-09-19T19:30:00,Sep 19,7:30 PM ET,8h ago,away,Cincinnati Bengals,2.5,38.0,47.0,45.5,52.0,74.0,120.0,34.0,43.0
2026-09-20T03:48:41,nfl,nfl_20260920_cincinnati_bengals_houston_texans,20260920NFL00039,DK,draftkings,change,24,2026-09-19T19:30:00,Sep 19,7:30 PM ET,8h ago,home,Houston Texans,-2.5,62.0,53.0,45.5,48.0,26.0,-142.0,66.0,57.0
2026-09-20T03:48:41,nfl,nfl_20260920_cincinnati_bengals_houston_texans,20260920NFL00039,DK,draftkings,change,25,2026-09-19T19:20:00,Sep 19,7:20 PM ET,8h ago,away,Cincinnati Bengals,2.5,40.0,47.0,45.5,52.0,73.0,120.0,34.0,43.0
2026-09-20T03:48:41,nfl,nfl_20260920_cincinnati_bengals_houston_texans,20260920NFL00039,DK,draftkings,change,25,2026-09-19T19:20:00,Sep 19,7:20 PM ET,8h ago,home,Houston Texans,-2.5,60.0,53.0,45.5,48.0,27.0,-142.0,66.0,57.0
2026-09-20T03:48:41,nfl,nfl_20260920_cincinnati_bengals_houston_texans,20260920NFL00039,DK,draftkings,change,26,2026-09-19T19:10:00,Sep 19,7:10 PM ET,8h ago,away,Cincinnati Bengals,2.5,40.0,47.0,45.5,52.0,74.0,120.0,34.0,43.0
2026-09-20T03:48:41,nfl,nfl_20260920_cincinnati_bengals_houston_texans,20260920NFL00039,DK,draftkings,change,26,2026-09-19T19:10:00,Sep 19,7:10 PM ET,8h ago,home,Houston Texans,-2.5,60.0,53.0,45.5,48.0,26.0,-142.0,66.0,57.0
2026-09-20T03:48:41,nfl,nfl_20260920_cincinnati_bengals_houston_texans,20260920NFL00039,DK,draftkings,change,27,2026-09-19T19:05:00,Sep 19,7:05 PM ET,8h ago,away,Cincinnati Bengals,2.5,40.0,47.0,45.5,51.0,73.0,120.0,34.0,43.0
2026-09-20T03:48:41,nfl,nfl_20260920_cincinnati_bengals_houston_texans,20260920NFL00039,DK,draftkings,change,27,2026-09-19T19:05:00,Sep 19,7:05 PM ET,8h ago,home,Houston Texans,-2.5,60.0,53.0,45.5,49.0,27.0,-142.0,66.0,57.0
2026-09-20T03:48:42,nfl,nfl_20260920_cincinnati_bengals_houston_texans,20260920NFL00039,CIRCA,circa,open,1,2026-09-13T21:10:00,Sep 13,9:10 PM ET,6d ago,away,Cincinnati Bengals,3.0,50.0,50.0,47.5,50.0,50.0,135.0,50.0,50.0
2026-09-20T03:48:42,nfl,nfl_20260920_cincinnati_bengals_houston_texans,20260920NFL00039,CIRCA,circa,open,1,2026-09-13T21:10:00,Sep 13,9:10 PM ET,6d ago,home,Houston Texans,-3.0,50.0,50.0,47.5,50.0,50.0,-155.0,50.0,50.0
2026-09-20T03:48:42,nfl,nfl_20260920_cincinnati_bengals_houston_texans,20260920NFL00039,CIRCA,circa,change,2,2026-09-20T03:25:00,Sep 20,3:25 AM ET,22m ago,away,Cincinnati Bengals,2.5,71.0,30.0,45.5,1.0,20.0,130.0,96.0,79.0
2026-09-20T03:48:42,nfl,nfl_20260920_cincinnati_bengals_houston_texans,20260920NFL00039,CIRCA,circa,change,2,2026-09-20T03:25:00,Sep 20,3:25 AM ET,22m ago,home,Houston Texans,-2.5,29.0,70.0,45.5,99.0,80.0,-150.0,4.0,21.0
2026-09-20T03:48:42,nfl,nfl_20260920_cincinnati_bengals_houston_texans,20260920NFL00039,CIRCA,circa,change,3,2026-09-20T03:10:00,Sep 20,3:10 AM ET,37m ago,away,Cincinnati Bengals,2.5,72.0,30.0,45.5,1.0,20.0,130.0,96.0,79.0
2026-09-20T03:48:42,nfl,nfl_20260920_cincinnati_bengals_houston_texans,20260920NFL00039,CIRCA,circa,change,3,2026-09-20T03:10:00,Sep 20,3:10 AM ET,37m ago,home,Houston Texans,-2.5,28.0,70.0,45.5,99.0,80.0,-150.0,4.0,21.0
2026-09-20T03:48:42,nfl,nfl_20260920_cincinnati_bengals_houston_texans,20260920NFL00039,CIRCA,circa,change,4,2026-09-20T02:56:00,Sep 20,2:56 AM ET,52m ago,away,Cincinnati Bengals,2.5,73.0,31.0,45.5,1.0,20.0,130.0,96.0,79.0
2026-09-20T03:48:42,nfl,nfl_20260920_cincinnati_bengals_houston_texans,20260920NFL00039,CIRCA,circa,change,4,2026-09-20T02:56:00,Sep 20,2:56 AM ET,52m ago,home,Houston Texans,-2.5,27.0,69.0,45.5,99.0,80.0,-150.0,4.0,21.0
2026-09-20T03:48:42,nfl,nfl_20260920_cincinnati_bengals_houston_texans,20260920NFL00039,CIRCA,circa,change,5,2026-09-20T02:42:00,Sep 20,2:42 AM ET,1h ago,away,Cincinnati Bengals,2.5,73.0,32.0,45.5,1.0,20.0,130.0,96.0,79.0
2026-09-20T03:48:42,nfl,nfl_20260920_cincinnati_bengals_houston_texans,20260920NFL00039,CIRCA,circa,change,5,2026-09-20T02:42:00,Sep 20,2:42 AM ET,1h ago,home,Houston Texans,-2.5,27.0,68.0,45.5,99.0,80.0,-150.0,4.0,21.0
2026-09-20T03:48:42,nfl,nfl_20260920_cincinnati_bengals_houston_texans,20260920NFL00039,CIRCA,circa,change,6,2026-09-20T02:15:00,Sep 20,2:15 AM ET,1h ago,away,Cincinnati Bengals,2.5,73.0,32.0,45.5,1.0,20.0,130.0,96.0,77.0
2026-09-20T03:48:42,nfl,nfl_20260920_cincinnati_bengals_houston_texans,20260920NFL00039,CIRCA,circa,change,6,2026-09-20T02:15:00,Sep 20,2:15 AM ET,1h ago,home,Houston Texans,-2.5,27.0,68.0,45.5,99.0,80.0,-150.0,4.0,23.0
2026-09-20T03:48:42,nfl,nfl_20260920_cincinnati_bengals_houston_texans,20260920NFL00039,CIRCA,circa,change,7,2026-09-20T01:20:00,Sep 20,1:20 AM ET,2h ago,away,Cincinnati Bengals,2.5,73.0,31.0,45.5,1.0,20.0,130.0,96.0,77.0
2026-09-20T03:48:42,nfl,nfl_20260920_cincinnati_bengals_houston_texans,20260920NFL00039,CIRCA,circa,change,7,2026-09-20T01:20:00,Sep 20,1:20 AM ET,2h ago,home,Houston Texans,-2.5,27.0,69.0,45.5,99.0,80.0,-150.0,4.0,23.0
2026-09-20T03:48:42,nfl,nfl_20260920_cincinnati_bengals_houston_texans,20260920NFL00039,CIRCA,circa,change,8,2026-09-20T01:10:00,Sep 20,1:10 AM ET,2h ago,away,Cincinnati Bengals,2.5,73.0,31.0,45.5,1.0,20.0,130.0,96.0,75.0
2026-09-20T03:48:42,nfl,nfl_20260920_cincinnati_bengals_houston_texans,20260920NFL00039,CIRCA,circa,change,8,2026-09-20T01:10:00,Sep 20,1:10 AM ET,2h ago,home,Houston Texans,-2.5,27.0,69.0,45.5,99.0,80.0,-150.0,4.0,25.0
2026-09-20T03:48:42,nfl,nfl_20260920_cincinnati_bengals_houston_texans,20260920NFL00039,CIRCA,circa,change,9,2026-09-20T01:00:00,Sep 20,1:00 AM ET,2h ago,away,Cincinnati Bengals,2.5,73.0,32.0,45.5,1.0,20.0,130.0,96.0,75.0
2026-09-20T03:48:42,nfl,nfl_20260920_cincinnati_bengals_houston_texans,20260920NFL00039,CIRCA,circa,change,9,2026-09-20T01:00:00,Sep 20,1:00 AM ET,2h ago,home,Houston Texans,-2.5,27.0,68.0,45.5,99.0,80.0,-150.0,4.0,25.0
2026-09-20T03:48:42,nfl,nfl_20260920_cincinnati_bengals_houston_texans,20260920NFL00039,CIRCA,circa,change,10,2026-09-20T00:55:00,Sep 20,12:55 AM ET,2h ago,away,Cincinnati Bengals,2.5,73.0,31.0,45.5,1.0,20.0,130.0,96.0,75.0
2026-09-20T03:48:42,nfl,nfl_20260920_cincinnati_bengals_houston_texans,20260920NFL00039,CIRCA,circa,change,10,2026-09-20T00:55:00,Sep 20,12:55 AM ET,2h ago,home,Houston Texans,-2.5,27.0,69.0,45.5,99.0,80.0,-150.0,4.0,25.0
2026-09-20T03:48:42,nfl,nfl_20260920_cincinnati_bengals_houston_texans,20260920NFL00039,CIRCA,circa,change,11,2026-09-20T00:45:00,Sep 20,12:45 AM ET,3h ago,away,Cincinnati Bengals,2.5,73.0,30.0,45.5,1.0,20.0,130.0,96.0,75.0
2026-09-20T03:48:42,nfl,nfl_20260920_cincinnati_bengals_houston_texans,20260920NFL00039,CIRCA,circa,change,11,2026-09-20T00:45:00,Sep 20,12:45 AM ET,3h ago,home,Houston Texans,-2.5,27.0,70.0,45.5,99.0,80.0,-150.0,4.0,25.0
2026-09-20T03:48:42,nfl,nfl_20260920_cincinnati_bengals_houston_texans,20260920NFL00039,CIRCA,circa,change,12,2026-09-20T00:10:00,Sep 20,12:10 AM ET,3h ago,away,Cincinnati Bengals,2.5,73.0,29.0,45.5,1.0,20.0,130.0,96.0,75.0
2026-09-20T03:48:42,nfl,nfl_20260920_cincinnati_bengals_houston_texans,20260920NFL00039,CIRCA,circa,change,12,2026-09-20T00:10:00,Sep 20,12:10 AM ET,3h ago,home,Houston Texans,-2.5,27.0,71.0,45.5,99.0,80.0,-150.0,4.0,25.0
2026-09-20T03:48:42,nfl,nfl_20260920_cincinnati_bengals_houston_texans,20260920NFL00039,CIRCA,circa,change,13,2026-09-20T00:00:00,Sep 20,12:00 AM ET,3h ago,away,Cincinnati Bengals,2.5,74.0,30.0,45.5,1.0,20.0,130.0,96.0,75.0
2026-09-20T03:48:42,nfl,nfl_20260920_cincinnati_bengals_houston_texans,20260920NFL00039,CIRCA,circa,change,13,2026-09-20T00:00:00,Sep 20,12:00 AM ET,3h ago,home,Houston Texans,-2.5,26.0,70.0,45.5,99.0,80.0,-150.0,4.0,25.0
2026-09-20T03:48:42,nfl,nfl_20260920_cincinnati_bengals_houston_texans,20260920NFL00039,CIRCA,circa,change,14,2026-09-19T23:45:00,Sep 19,11:45 PM ET,4h ago,away,Cincinnati Bengals,2.5,75.0,30.0,45.5,1.0,20.0,130.0,96.0,75.0
2026-09-20T03:48:42,nfl,nfl_20260920_cincinnati_bengals_houston_texans,20260920NFL00039,CIRCA,circa,change,14,2026-09-19T23:45:00,Sep 19,11:45 PM ET,4h ago,home,Houston Texans,-2.5,25.0,70.0,45.5,99.0,80.0,-150.0,4.0,25.0
2026-09-20T03:48:42,nfl,nfl_20260920_cincinnati_bengals_houston_texans,20260920NFL00039,CIRCA,circa,change,15,2026-09-19T23:40:00,Sep 19,11:40 PM ET,4h ago,away,Cincinnati Bengals,2.5,75.0,30.0,45.5,1.0,22.0,130.0,96.0,75.0
2026-09-20T03:48:42,nfl,nfl_20260920_cincinnati_bengals_houston_texans,20260920NFL00039,CIRCA,circa,change,15,2026-09-19T23:40:00,Sep 19,11:40 PM ET,4h ago,home,Houston Texans,-2.5,25.0,70.0,45.5,99.0,78.0,-150.0,4.0,25.0
2026-09-20T03:48:42,nfl,nfl_20260920_cincinnati_bengals_houston_texans,20260920NFL00039,CIRCA,circa,change,16,2026-09-19T23:20:00,Sep 19,11:20 PM ET,4h ago,away,Cincinnati Bengals,2.5,75.0,30.0,45.5,1.0,22.0,130.0,95.0,73.0
2026-09-20T03:48:42,nfl,nfl_20260920_cincinnati_bengals_houston_texans,20260920NFL00039,CIRCA,circa,change,16,2026-09-19T23:20:00,Sep 19,11:20 PM ET,4h ago,home,Houston Texans,-2.5,25.0,70.0,45.5,99.0,78.0,-150.0,5.0,27.0
2026-09-20T03:48:42,nfl,nfl_20260920_cincinnati_bengals_houston_texans,20260920NFL00039,CIRCA,circa,change,17,2026-09-19T23:10:00,Sep 19,11:10 PM ET,4h ago,away,Cincinnati Bengals,2.5,75.0,31.0,45.5,1.0,22.0,130.0,95.0,73.0
2026-09-20T03:48:42,nfl,nfl_20260920_cincinnati_bengals_houston_texans,20260920NFL00039,CIRCA,circa,change,17,2026-09-19T23:10:00,Sep 19,11:10 PM ET,4h ago,home,Houston Texans,-2.5,25.0,69.0,45.5,99.0,78.0,-150.0,5.0,27.0
2026-09-20T03:48:42,nfl,nfl_20260920_cincinnati_bengals_houston_texans,20260920NFL00039,CIRCA,circa,change,18,2026-09-19T22:10:00,Sep 19,10:10 PM ET,5h ago,away,Cincinnati Bengals,2.5,76.0,32.0,45.5,1.0,22.0,130.0,95.0,73.0
2026-09-20T03:48:42,nfl,nfl_20260920_cincinnati_bengals_houston_texans,20260920NFL00039,CIRCA,circa,change,18,2026-09-19T22:10:00,Sep 19,10:10 PM ET,5h ago,home,Houston Texans,-2.5,24.0,68.0,45.5,99.0,78.0,-150.0,5.0,27.0
2026-09-20T03:48:42,nfl,nfl_20260920_cincinnati_bengals_houston_texans,20260920NFL00039,CIRCA,circa,change,19,2026-09-19T22:05:00,Sep 19,10:05 PM ET,5h ago,away,Cincinnati Bengals,2.5,76.0,31.0,45.5,1.0,22.0,130.0,94.0,70.0
2026-09-20T03:48:42,nfl,nfl_20260920_cincinnati_bengals_houston_texans,20260920NFL00039,CIRCA,circa,change,19,2026-09-19T22:05:00,Sep 19,10:05 PM ET,5h ago,home,Houston Texans,-2.5,24.0,69.0,45.5,99.0,78.0,-150.0,6.0,30.0
2026-09-20T03:48:42,nfl,nfl_20260920_cincinnati_bengals_houston_texans,20260920NFL00039,CIRCA,circa,change,20,2026-09-19T21:20:00,Sep 19,9:20 PM ET,6h ago,away,Cincinnati Bengals,2.5,76.0,31.0,45.5,1.0,22.0,130.0,94.0,63.0
2026-09-20T03:48:42,nfl,nfl_20260920_cincinnati_bengals_houston_texans,20260920NFL00039,CIRCA,circa,change,20,2026-09-19T21:20:00,Sep 19,9:20 PM ET,6h ago,home,Houston Texans,-2.5,24.0,69.0,45.5,99.0,78.0,-150.0,6.0,38.0
2026-09-20T03:48:42,nfl,nfl_20260920_cincinnati_bengals_houston_texans,20260920NFL00039,CIRCA,circa,change,21,2026-09-19T20:55:00,Sep 19,8:55 PM ET,6h ago,away,Cincinnati Bengals,2.5,77.0,31.0,45.5,1.0,22.0,130.0,94.0,63.0
2026-09-20T03:48:42,nfl,nfl_20260920_cincinnati_bengals_houston_texans,20260920NFL00039,CIRCA,circa,change,21,2026-09-19T20:55:00,Sep 19,8:55 PM ET,6h ago,home,Houston Texans,-2.5,23.0,69.0,45.5,99.0,78.0,-150.0,6.0,38.0
2026-09-20T03:48:42,nfl,nfl_20260920_cincinnati_bengals_houston_texans,20260920NFL00039,CIRCA,circa,change,22,2026-09-19T20:30:00,Sep 19,8:30 PM ET,7h ago,away,Cincinnati Bengals,2.5,77.0,31.0,45.5,1.0,22.0,130.0,96.0,71.0
2026-09-20T03:48:42,nfl,nfl_20260920_cincinnati_bengals_houston_texans,20260920NFL00039,CIRCA,circa,change,22,2026-09-19T20:30:00,Sep 19,8:30 PM ET,7h ago,home,Houston Texans,-2.5,23.0,69.0,45.5,99.0,78.0,-150.0,4.0,29.0
2026-09-20T03:48:42,nfl,nfl_20260920_cincinnati_bengals_houston_texans,20260920NFL00039,CIRCA,circa,change,23,2026-09-19T19:30:00,Sep 19,7:30 PM ET,8h ago,away,Cincinnati Bengals,2.5,77.0,31.0,45.5,1.0,25.0,130.0,96.0,71.0
2026-09-20T03:48:42,nfl,nfl_20260920_cincinnati_bengals_houston_texans,20260920NFL00039,CIRCA,circa,change,23,2026-09-19T19:30:00,Sep 19,7:30 PM ET,8h ago,home,Houston Texans,-2.5,23.0,69.0,45.5,99.0,75.0,-150.0,4.0,29.0
2026-09-20T03:48:42,nfl,nfl_20260920_cincinnati_bengals_houston_texans,20260920NFL00039,CIRCA,circa,change,24,2026-09-19T19:01:00,Sep 19,7:01 PM ET,8h ago,away,Cincinnati Bengals,2.5,77.0,32.0,45.5,1.0,25.0,130.0,96.0,71.0
2026-09-20T03:48:42,nfl,nfl_20260920_cincinnati_bengals_houston_texans,20260920NFL00039,CIRCA,circa,change,24,2026-09-19T19:01:00,Sep 19,7:01 PM ET,8h ago,home,Houston Texans,-2.5,23.0,68.0,45.5,99.0,75.0,-150.0,4.0,29.0
2026-09-20T03:48:42,nfl,nfl_20260920_cincinnati_bengals_houston_texans,20260920NFL00039,CIRCA,circa,change,25,2026-09-19T16:40:00,Sep 19,4:40 PM ET,11h ago,away,Cincinnati Bengals,2.5,78.0,33.0,45.5,1.0,25.0,130.0,96.0,71.0
2026-09-20T03:48:42,nfl,nfl_20260920_cincinnati_bengals_houston_texans,20260920NFL00039,CIRCA,circa,change,25,2026-09-19T16:40:00,Sep 19,4:40 PM ET,11h ago,home,Houston Texans,-2.5,22.0,67.0,45.5,99.0,75.0,-150.0,4.0,29.0
2026-09-20T03:48:42,nfl,nfl_20260920_cincinnati_bengals_houston_texans,20260920NFL00039,CIRCA,circa,change,26,2026-09-19T16:31:00,Sep 19,4:31 PM ET,11h ago,away,Cincinnati Bengals,2.5,79.0,34.0,45.5,1.0,25.0,130.0,96.0,71.0
2026-09-20T03:48:42,nfl,nfl_20260920_cincinnati_bengals_houston_texans,20260920NFL00039,CIRCA,circa,change,26,2026-09-19T16:31:00,Sep 19,4:31 PM ET,11h ago,home,Houston Texans,-2.5,21.0,66.0,45.5,99.0,75.0,-150.0,4.0,29.0
2026-09-20T03:48:43,nfl,nfl_20260920_philadelphia_eagles_tennessee_titans,20260920NFL00042,DK,draftkings,open,1,2026-05-14T21:25:00,May 14,9:25 PM ET,128d ago,away,Philadelphia Eagles,-4.5,100.0,100.0,,0.0,0.0,-218.0,100.0,100.0
2026-09-20T03:48:43,nfl,nfl_20260920_philadelphia_eagles_tennessee_titans,20260920NFL00042,DK,draftkings,open,1,2026-05-14T21:25:00,May 14,9:25 PM ET,128d ago,home,Tennessee Titans,4.5,0.0,0.0,,0.0,0.0,180.0,0.0,0.0
2026-09-20T03:48:43,nfl,nfl_20260920_philadelphia_eagles_tennessee_titans,20260920NFL00042,DK,draftkings,first_full,2,2026-05-17T20:40:00,May 17,8:40 PM ET,125d ago,away,Philadelphia Eagles,-4.5,63.0,88.0,42.5,100.0,100.0,-218.0,96.0,92.0
2026-09-20T03:48:43,nfl,nfl_20260920_philadelphia_eagles_tennessee_titans,20260920NFL00042,DK,draftkings,first_full,2,2026-05-17T20:40:00,May 17,8:40 PM ET,125d ago,home,Tennessee Titans,4.5,37.0,12.0,42.5,0.0,0.0,180.0,4.0,8.0
2026-09-20T03:48:43,nfl,nfl_20260920_philadelphia_eagles_tennessee_titans,20260920NFL00042,DK,draftkings,change,3,2026-09-20T03:05:00,Sep 20,3:05 AM ET,43m ago,away,Philadelphia Eagles,-7.0,92.0,91.0,39.5,32.0,67.0,-310.0,99.0,97.0
2026-09-20T03:48:43,nfl,nfl_20260920_philadelphia_eagles_tennessee_titans,20260920NFL00042,DK,draftkings,change,3,2026-09-20T03:05:00,Sep 20,3:05 AM ET,43m ago,home,Tennessee Titans,7.0,8.0,9.0,39.5,68.0,33.0,250.0,1.0,3.0
2026-09-20T03:48:43,nfl,nfl_20260920_philadelphia_eagles_tennessee_titans,20260920NFL00042,DK,draftkings,change,4,2026-09-20T02:30:00,Sep 20,2:30 AM ET,1h ago,away,Philadelphia Eagles,-7.0,92.0,91.0,39.5,31.0,67.0,-310.0,99.0,97.0
2026-09-20T03:48:43,nfl,nfl_20260920_philadelphia_eagles_tennessee_titans,20260920NFL00042,DK,draftkings,change,4,2026-09-20T02:30:00,Sep 20,2:30 AM ET,1h ago,home,Tennessee Titans,7.0,8.0,9.0,39.5,69.0,33.0,250.0,1.0,3.0
2026-09-20T03:48:43,nfl,nfl_20260920_philadelphia_eagles_tennessee_titans,20260920NFL00042,DK,draftkings,change,5,2026-09-20T02:00:00,Sep 20,2:00 AM ET,1h ago,away,Philadelphia Eagles,-7.0,93.0,91.0,39.5,31.0,67.0,-325.0,99.0,97.0
2026-09-20T03:48:43,nfl,nfl_20260920_philadelphia_eagles_tennessee_titans,20260920NFL00042,DK,draftkings,change,5,2026-09-20T02:00:00,Sep 20,2:00 AM ET,1h ago,home,Tennessee Titans,7.0,7.0,9.0,39.5,69.0,33.0,260.0,1.0,3.0
2026-09-20T03:48:43,nfl,nfl_20260920_philadelphia_eagles_tennessee_titans,20260920NFL00042,DK,draftkings,change,6,2026-09-20T00:20:00,Sep 20,12:20 AM ET,3h ago,away,Philadelphia Eagles,-7.0,93.0,91.0,39.5,30.0,67.0,-325.0,99.0,98.0
2026-09-20T03:48:43,nfl,nfl_20260920_philadelphia_eagles_tennessee_titans,20260920NFL00042,DK,draftkings,change,6,2026-09-20T00:20:00,Sep 20,12:20 AM ET,3h ago,home,Tennessee Titans,7.0,7.0,9.0,39.5,70.0,33.0,260.0,1.0,2.0
2026-09-20T03:48:43,nfl,nfl_20260920_philadelphia_eagles_tennessee_titans,20260920NFL00042,DK,draftkings,change,7,2026-09-19T23:30:00,Sep 19,11:30 PM ET,4h ago,away,Philadelphia Eagles,-7.0,93.0,91.0,39.5,29.0,67.0,-325.0,99.0,98.0
2026-09-20T03:48:43,nfl,nfl_20260920_philadelphia_eagles_tennessee_titans,20260920NFL00042,DK,draftkings,change,7,2026-09-19T23:30:00,Sep 19,11:30 PM ET,4h ago,home,Tennessee Titans,7.0,7.0,9.0,39.5,71.0,33.0,260.0,1.0,2.0
2026-09-20T03:48:43,nfl,nfl_20260920_philadelphia_eagles_tennessee_titans,20260920NFL00042,DK,draftkings,change,8,2026-09-19T22:45:00,Sep 19,10:45 PM ET,5h ago,away,Philadelphia Eagles,-7.0,92.0,91.0,39.5,28.0,67.0,-325.0,99.0,98.0
2026-09-20T03:48:43,nfl,nfl_20260920_philadelphia_eagles_tennessee_titans,20260920NFL00042,DK,draftkings,change,8,2026-09-19T22:45:00,Sep 19,10:45 PM ET,5h ago,home,Tennessee Titans,7.0,8.0,9.0,39.5,72.0,33.0,260.0,1.0,2.0
2026-09-20T03:48:43,nfl,nfl_20260920_philadelphia_eagles_tennessee_titans,20260920NFL00042,DK,draftkings,change,9,2026-09-19T22:40:00,Sep 19,10:40 PM ET,5h ago,away,Philadelphia Eagles,-7.0,92.0,90.0,39.5,28.0,67.0,-325.0,99.0,98.0
2026-09-20T03:48:43,nfl,nfl_20260920_philadelphia_eagles_tennessee_titans,20260920NFL00042,DK,draftkings,change,9,2026-09-19T22:40:00,Sep 19,10:40 PM ET,5h ago,home,Tennessee Titans,7.0,8.0,10.0,39.5,72.0,33.0,260.0,1.0,2.0
2026-09-20T03:48:43,nfl,nfl_20260920_philadelphia_eagles_tennessee_titans,20260920NFL00042,DK,draftkings,change,10,2026-09-19T22:30:00,Sep 19,10:30 PM ET,5h ago,away,Philadelphia Eagles,-7.0,94.0,90.0,39.5,28.0,67.0,-325.0,99.0,98.0
2026-09-20T03:48:43,nfl,nfl_20260920_philadelphia_eagles_tennessee_titans,20260920NFL00042,DK,draftkings,change,10,2026-09-19T22:30:00,Sep 19,10:30 PM ET,5h ago,home,Tennessee Titans,7.0,6.0,10.0,39.5,72.0,33.0,260.0,1.0,2.0
2026-09-20T03:48:43,nfl,nfl_20260920_philadelphia_eagles_tennessee_titans,20260920NFL00042,DK,draftkings,change,11,2026-09-19T22:10:00,Sep 19,10:10 PM ET,5h ago,away,Philadelphia Eagles,-7.0,94.0,90.0,39.5,28.0,66.0,-325.0,99.0,98.0
2026-09-20T03:48:43,nfl,nfl_20260920_philadelphia_eagles_tennessee_titans,20260920NFL00042,DK,draftkings,change,11,2026-09-19T22:10:00,Sep 19,10:10 PM ET,5h ago,home,Tennessee Titans,7.0,6.0,10.0,39.5,72.0,34.0,260.0,1.0,2.0
2026-09-20T03:48:43,nfl,nfl_20260920_philadelphia_eagles_tennessee_titans,20260920NFL00042,DK,draftkings,change,12,2026-09-19T22:00:00,Sep 19,10:00 PM ET,5h ago,away,Philadelphia Eagles,-7.0,93.0,90.0,39.5,28.0,66.0,-325.0,99.0,98.0
2026-09-20T03:48:43,nfl,nfl_20260920_philadelphia_eagles_tennessee_titans,20260920NFL00042,DK,draftkings,change,12,2026-09-19T22:00:00,Sep 19,10:00 PM ET,5h ago,home,Tennessee Titans,7.0,7.0,10.0,39.5,72.0,34.0,260.0,1.0,2.0
2026-09-20T03:48:43,nfl,nfl_20260920_philadelphia_eagles_tennessee_titans,20260920NFL00042,DK,draftkings,change,13,2026-09-19T21:30:00,Sep 19,9:30 PM ET,6h ago,away,Philadelphia Eagles,-7.0,94.0,90.0,39.5,27.0,66.0,-325.0,99.0,98.0
2026-09-20T03:48:43,nfl,nfl_20260920_philadelphia_eagles_tennessee_titans,20260920NFL00042,DK,draftkings,change,13,2026-09-19T21:30:00,Sep 19,9:30 PM ET,6h ago,home,Tennessee Titans,7.0,6.0,10.0,39.5,73.0,34.0,260.0,1.0,2.0
2026-09-20T03:48:43,nfl,nfl_20260920_philadelphia_eagles_tennessee_titans,20260920NFL00042,DK,draftkings,change,14,2026-09-19T21:25:00,Sep 19,9:25 PM ET,6h ago,away,Philadelphia Eagles,-7.0,93.0,90.0,39.5,27.0,66.0,-325.0,99.0,98.0
2026-09-20T03:48:43,nfl,nfl_20260920_philadelphia_eagles_tennessee_titans,20260920NFL00042,DK,draftkings,change,14,2026-09-19T21:25:00,Sep 19,9:25 PM ET,6h ago,home,Tennessee Titans,7.0,7.0,10.0,39.5,73.0,34.0,260.0,1.0,2.0
2026-09-20T03:48:43,nfl,nfl_20260920_philadelphia_eagles_tennessee_titans,20260920NFL00042,DK,draftkings,change,15,2026-09-19T21:00:00,Sep 19,9:00 PM ET,6h ago,away,Philadelphia Eagles,-7.0,94.0,90.0,39.5,27.0,66.0,-325.0,99.0,98.0
2026-09-20T03:48:43,nfl,nfl_20260920_philadelphia_eagles_tennessee_titans,20260920NFL00042,DK,draftkings,change,15,2026-09-19T21:00:00,Sep 19,9:00 PM ET,6h ago,home,Tennessee Titans,7.0,6.0,10.0,39.5,73.0,34.0,260.0,1.0,2.0
2026-09-20T03:48:43,nfl,nfl_20260920_philadelphia_eagles_tennessee_titans,20260920NFL00042,DK,draftkings,change,16,2026-09-19T20:50:00,Sep 19,8:50 PM ET,6h ago,away,Philadelphia Eagles,-7.0,93.0,90.0,39.5,27.0,66.0,-325.0,99.0,98.0
2026-09-20T03:48:43,nfl,nfl_20260920_philadelphia_eagles_tennessee_titans,20260920NFL00042,DK,draftkings,change,16,2026-09-19T20:50:00,Sep 19,8:50 PM ET,6h ago,home,Tennessee Titans,7.0,7.0,10.0,39.5,73.0,34.0,260.0,1.0,2.0
2026-09-20T03:48:43,nfl,nfl_20260920_philadelphia_eagles_tennessee_titans,20260920NFL00042,DK,draftkings,change,17,2026-09-19T20:30:00,Sep 19,8:30 PM ET,7h ago,away,Philadelphia Eagles,-7.0,94.0,90.0,39.5,27.0,66.0,-325.0,99.0,98.0
2026-09-20T03:48:43,nfl,nfl_20260920_philadelphia_eagles_tennessee_titans,20260920NFL00042,DK,draftkings,change,17,2026-09-19T20:30:00,Sep 19,8:30 PM ET,7h ago,home,Tennessee Titans,7.0,6.0,10.0,39.5,73.0,34.0,260.0,1.0,2.0
2026-09-20T03:48:43,nfl,nfl_20260920_philadelphia_eagles_tennessee_titans,20260920NFL00042,DK,draftkings,change,18,2026-09-19T20:00:00,Sep 19,8:00 PM ET,7h ago,away,Philadelphia Eagles,-7.0,94.0,90.0,39.5,26.0,66.0,-325.0,99.0,98.0
2026-09-20T03:48:43,nfl,nfl_20260920_philadelphia_eagles_tennessee_titans,20260920NFL00042,DK,draftkings,change,18,2026-09-19T20:00:00,Sep 19,8:00 PM ET,7h ago,home,Tennessee Titans,7.0,6.0,10.0,39.5,74.0,34.0,260.0,1.0,2.0
2026-09-20T03:48:43,nfl,nfl_20260920_philadelphia_eagles_tennessee_titans,20260920NFL00042,DK,draftkings,change,19,2026-09-19T19:40:00,Sep 19,7:40 PM ET,8h ago,away,Philadelphia Eagles,-7.0,94.0,90.0,39.5,24.0,66.0,-325.0,99.0,98.0
2026-09-20T03:48:43,nfl,nfl_20260920_philadelphia_eagles_tennessee_titans,20260920NFL00042,DK,draftkings,change,19,2026-09-19T19:40:00,Sep 19,7:40 PM ET,8h ago,home,Tennessee Titans,7.0,6.0,10.0,39.5,76.0,34.0,260.0,1.0,2.0
2026-09-20T03:48:43,nfl,nfl_20260920_philadelphia_eagles_tennessee_titans,20260920NFL00042,DK,draftkings,change,20,2026-09-19T19:30:00,Sep 19,7:30 PM ET,8h ago,away,Philadelphia Eagles,-7.0,95.0,90.0,39.5,24.0,66.0,-325.0,99.0,98.0
2026-09-20T03:48:43,nfl,nfl_20260920_philadelphia_eagles_tennessee_titans,20260920NFL00042,DK,draftkings,change,20,2026-09-19T19:30:00,Sep 19,7:30 PM ET,8h ago,home,Tennessee Titans,7.0,5.0,10.0,39.5,76.0,34.0,260.0,1.0,2.0
2026-09-20T03:48:43,nfl,nfl_20260920_philadelphia_eagles_tennessee_titans,20260920NFL00042,DK,draftkings,change,21,2026-09-19T18:00:00,Sep 19,6:00 PM ET,9h ago,away,Philadelphia Eagles,-7.0,95.0,90.0,39.5,24.0,65.0,-325.0,99.0,98.0
2026-09-20T03:48:43,nfl,nfl_20260920_philadelphia_eagles_tennessee_titans,20260920NFL00042,DK,draftkings,change,21,2026-09-19T18:00:00,Sep 19,6:00 PM ET,9h ago,home,Tennessee Titans,7.0,5.0,10.0,39.5,76.0,35.0,260.0,1.0,2.0
2026-09-20T03:48:43,nfl,nfl_20260920_philadelphia_eagles_tennessee_titans,20260920NFL00042,DK,draftkings,change,22,2026-09-19T17:25:00,Sep 19,5:25 PM ET,10h ago,away,Philadelphia Eagles,-7.0,95.0,90.0,39.5,23.0,65.0,-325.0,99.0,98.0
2026-09-20T03:48:43,nfl,nfl_20260920_philadelphia_eagles_tennessee_titans,20260920NFL00042,DK,draftkings,change,22,2026-09-19T17:25:00,Sep 19,5:25 PM ET,10h ago,home,Tennessee Titans,7.0,5.0,10.0,39.5,77.0,35.0,260.0,1.0,2.0
2026-09-20T03:48:43,nfl,nfl_20260920_philadelphia_eagles_tennessee_titans,20260920NFL00042,DK,draftkings,change,23,2026-09-19T17:20:00,Sep 19,5:20 PM ET,10h ago,away,Philadelphia Eagles,-7.0,95.0,90.0,39.5,23.0,64.0,-325.0,99.0,98.0
2026-09-20T03:48:43,nfl,nfl_20260920_philadelphia_eagles_tennessee_titans,20260920NFL00042,DK,draftkings,change,23,2026-09-19T17:20:00,Sep 19,5:20 PM ET,10h ago,home,Tennessee Titans,7.0,5.0,10.0,39.5,77.0,36.0,260.0,1.0,2.0
2026-09-20T03:48:43,nfl,nfl_20260920_philadelphia_eagles_tennessee_titans,20260920NFL00042,DK,draftkings,change,24,2026-09-19T17:10:00,Sep 19,5:10 PM ET,10h ago,away,Philadelphia Eagles,-7.0,95.0,90.0,39.5,23.0,65.0,-325.0,99.0,98.0
2026-09-20T03:48:43,nfl,nfl_20260920_philadelphia_eagles_tennessee_titans,20260920NFL00042,DK,draftkings,change,24,2026-09-19T17:10:00,Sep 19,5:10 PM ET,10h ago,home,Tennessee Titans,7.0,5.0,10.0,39.5,77.0,35.0,260.0,1.0,2.0
2026-09-20T03:48:43,nfl,nfl_20260920_philadelphia_eagles_tennessee_titans,20260920NFL00042,DK,draftkings,change,25,2026-09-19T11:30:00,Sep 19,11:30 AM ET,16h ago,away,Philadelphia Eagles,-7.0,95.0,90.0,39.5,23.0,64.0,-325.0,99.0,98.0
2026-09-20T03:48:43,nfl,nfl_20260920_philadelphia_eagles_tennessee_titans,20260920NFL00042,DK,draftkings,change,25,2026-09-19T11:30:00,Sep 19,11:30 AM ET,16h ago,home,Tennessee Titans,7.0,5.0,10.0,39.5,77.0,36.0,260.0,1.0,2.0
2026-09-20T03:48:43,nfl,nfl_20260920_philadelphia_eagles_tennessee_titans,20260920NFL00042,DK,draftkings,change,26,2026-09-19T02:00:00,Sep 19,2:00 AM ET,1d ago,away,Philadelphia Eagles,-7.0,95.0,90.0,39.5,23.0,63.0,-325.0,99.0,98.0
2026-09-20T03:48:43,nfl,nfl_20260920_philadelphia_eagles_tennessee_titans,20260920NFL00042,DK,draftkings,change,26,2026-09-19T02:00:00,Sep 19,2:00 AM ET,1d ago,home,Tennessee Titans,7.0,5.0,10.0,39.5,77.0,37.0,260.0,1.0,2.0
2026-09-20T03:48:43,nfl,nfl_20260920_philadelphia_eagles_tennessee_titans,20260920NFL00042,DK,draftkings,change,27,2026-09-19T00:10:00,Sep 19,12:10 AM ET,1d ago,away,Philadelphia Eagles,-7.0,95.0,90.0,39.5,22.0,63.0,-325.0,99.0,98.0
2026-09-20T03:48:43,nfl,nfl_20260920_philadelphia_eagles_tennessee_titans,20260920NFL00042,DK,draftkings,change,27,2026-09-19T00:10:00,Sep 19,12:10 AM ET,1d ago,home,Tennessee Titans,7.0,5.0,10.0,39.5,78.0,37.0,260.0,1.0,2.0
2026-09-20T03:48:44,nfl,nfl_20260920_philadelphia_eagles_tennessee_titans,20260920NFL00042,CIRCA,circa,open,1,2026-09-13T21:10:00,Sep 13,9:10 PM ET,6d ago,away,Philadelphia Eagles,-7.0,50.0,50.0,39.0,50.0,50.0,-320.0,50.0,50.0
2026-09-20T03:48:44,nfl,nfl_20260920_philadelphia_eagles_tennessee_titans,20260920NFL00042,CIRCA,circa,open,1,2026-09-13T21:10:00,Sep 13,9:10 PM ET,6d ago,home,Tennessee Titans,7.0,50.0,50.0,39.0,50.0,50.0,265.0,50.0,50.0
2026-09-20T03:48:44,nfl,nfl_20260920_philadelphia_eagles_tennessee_titans,20260920NFL00042,CIRCA,circa,change,2,2026-09-20T02:42:00,Sep 20,2:42 AM ET,1h ago,away,Philadelphia Eagles,-7.0,82.0,82.0,39.0,97.0,85.0,-330.0,100.0,100.0
2026-09-20T03:48:44,nfl,nfl_20260920_philadelphia_eagles_tennessee_titans,20260920NFL00042,CIRCA,circa,change,2,2026-09-20T02:42:00,Sep 20,2:42 AM ET,1h ago,home,Tennessee Titans,7.0,18.0,18.0,39.0,3.0,15.0,275.0,0.0,0.0
2026-09-20T03:48:44,nfl,nfl_20260920_philadelphia_eagles_tennessee_titans,20260920NFL00042,CIRCA,circa,change,3,2026-09-20T02:35:00,Sep 20,2:35 AM ET,1h ago,away,Philadelphia Eagles,-7.0,82.0,82.0,39.0,97.0,83.0,-330.0,100.0,100.0
2026-09-20T03:48:44,nfl,nfl_20260920_philadelphia_eagles_tennessee_titans,20260920NFL00042,CIRCA,circa,change,3,2026-09-20T02:35:00,Sep 20,2:35 AM ET,1h ago,home,Tennessee Titans,7.0,18.0,18.0,39.0,3.0,17.0,275.0,0.0,0.0
2026-09-20T03:48:44,nfl,nfl_20260920_philadelphia_eagles_tennessee_titans,20260920NFL00042,CIRCA,circa,change,4,2026-09-20T02:25:00,Sep 20,2:25 AM ET,1h ago,away,Philadelphia Eagles,-7.0,80.0,82.0,39.0,97.0,83.0,-330.0,100.0,100.0
2026-09-20T03:48:44,nfl,nfl_20260920_philadelphia_eagles_tennessee_titans,20260920NFL00042,CIRCA,circa,change,4,2026-09-20T02:25:00,Sep 20,2:25 AM ET,1h ago,home,Tennessee Titans,7.0,20.0,18.0,39.0,3.0,17.0,275.0,0.0,0.0
2026-09-20T03:48:44,nfl,nfl_20260920_philadelphia_eagles_tennessee_titans,20260920NFL00042,CIRCA,circa,change,5,2026-09-20T02:15:00,Sep 20,2:15 AM ET,1h ago,away,Philadelphia Eagles,-7.0,80.0,83.0,39.0,97.0,83.0,-330.0,100.0,100.0
2026-09-20T03:48:44,nfl,nfl_20260920_philadelphia_eagles_tennessee_titans,20260920NFL00042,CIRCA,circa,change,5,2026-09-20T02:15:00,Sep 20,2:15 AM ET,1h ago,home,Tennessee Titans,7.0,20.0,17.0,39.0,3.0,17.0,275.0,0.0,0.0
2026-09-20T03:48:44,nfl,nfl_20260920_philadelphia_eagles_tennessee_titans,20260920NFL00042,CIRCA,circa,change,6,2026-09-20T02:10:00,Sep 20,2:10 AM ET,1h ago,away,Philadelphia Eagles,-7.0,91.0,87.0,39.0,97.0,83.0,-330.0,100.0,100.0
2026-09-20T03:48:44,nfl,nfl_20260920_philadelphia_eagles_tennessee_titans,20260920NFL00042,CIRCA,circa,change,6,2026-09-20T02:10:00,Sep 20,2:10 AM ET,1h ago,home,Tennessee Titans,7.0,9.0,13.0,39.0,3.0,17.0,275.0,0.0,0.0
2026-09-20T03:48:44,nfl,nfl_20260920_philadelphia_eagles_tennessee_titans,20260920NFL00042,CIRCA,circa,change,7,2026-09-20T02:00:00,Sep 20,2:00 AM ET,1h ago,away,Philadelphia Eagles,-7.0,91.0,86.0,39.0,97.0,82.0,-330.0,100.0,100.0
2026-09-20T03:48:44,nfl,nfl_20260920_philadelphia_eagles_tennessee_titans,20260920NFL00042,CIRCA,circa,change,7,2026-09-20T02:00:00,Sep 20,2:00 AM ET,1h ago,home,Tennessee Titans,7.0,9.0,14.0,39.0,3.0,18.0,275.0,0.0,0.0
2026-09-20T03:48:44,nfl,nfl_20260920_philadelphia_eagles_tennessee_titans,20260920NFL00042,CIRCA,circa,change,8,2026-09-20T01:31:00,Sep 20,1:31 AM ET,2h ago,away,Philadelphia Eagles,-7.0,90.0,86.0,39.0,97.0,82.0,-330.0,100.0,100.0
2026-09-20T03:48:44,nfl,nfl_20260920_philadelphia_eagles_tennessee_titans,20260920NFL00042,CIRCA,circa,change,8,2026-09-20T01:31:00,Sep 20,1:31 AM ET,2h ago,home,Tennessee Titans,7.0,10.0,14.0,39.0,3.0,18.0,275.0,0.0,0.0
2026-09-20T03:48:44,nfl,nfl_20260920_philadelphia_eagles_tennessee_titans,20260920NFL00042,CIRCA,circa,change,9,2026-09-20T01:25:00,Sep 20,1:25 AM ET,2h ago,away,Philadelphia Eagles,-7.0,90.0,86.0,39.0,95.0,80.0,-330.0,100.0,100.0
2026-09-20T03:48:44,nfl,nfl_20260920_philadelphia_eagles_tennessee_titans,20260920NFL00042,CIRCA,circa,change,9,2026-09-20T01:25:00,Sep 20,1:25 AM ET,2h ago,home,Tennessee Titans,7.0,10.0,14.0,39.0,5.0,20.0,275.0,0.0,0.0
2026-09-20T03:48:44,nfl,nfl_20260920_philadelphia_eagles_tennessee_titans,20260920NFL00042,CIRCA,circa,change,10,2026-09-20T01:15:00,Sep 20,1:15 AM ET,2h ago,away,Philadelphia Eagles,-7.0,90.0,86.0,39.0,94.0,78.0,-330.0,100.0,100.0
2026-09-20T03:48:44,nfl,nfl_20260920_philadelphia_eagles_tennessee_titans,20260920NFL00042,CIRCA,circa,change,10,2026-09-20T01:15:00,Sep 20,1:15 AM ET,2h ago,home,Tennessee Titans,7.0,10.0,14.0,39.0,6.0,22.0,275.0,0.0,0.0
2026-09-20T03:48:44,nfl,nfl_20260920_philadelphia_eagles_tennessee_titans,20260920NFL00042,CIRCA,circa,change,11,2026-09-20T00:55:00,Sep 20,12:55 AM ET,2h ago,away,Philadelphia Eagles,-7.0,92.0,88.0,39.0,94.0,78.0,-330.0,100.0,100.0
2026-09-20T03:48:44,nfl,nfl_20260920_philadelphia_eagles_tennessee_titans,20260920NFL00042,CIRCA,circa,change,11,2026-09-20T00:55:00,Sep 20,12:55 AM ET,2h ago,home,Tennessee Titans,7.0,8.0,12.0,39.0,6.0,22.0,275.0,0.0,0.0
2026-09-20T03:48:44,nfl,nfl_20260920_philadelphia_eagles_tennessee_titans,20260920NFL00042,CIRCA,circa,change,12,2026-09-20T00:50:00,Sep 20,12:50 AM ET,2h ago,away,Philadelphia Eagles,-7.0,92.0,88.0,39.0,94.0,78.0,-330.0,100.0,100.0
2026-09-20T03:48:44,nfl,nfl_20260920_philadelphia_eagles_tennessee_titans,20260920NFL00042,CIRCA,circa,change,12,2026-09-20T00:50:00,Sep 20,12:50 AM ET,2h ago,home,Tennessee Titans,7.0,8.0,13.0,39.0,6.0,22.0,275.0,0.0,0.0
2026-09-20T03:48:44,nfl,nfl_20260920_philadelphia_eagles_tennessee_titans,20260920NFL00042,CIRCA,circa,change,13,2026-09-20T00:10:00,Sep 20,12:10 AM ET,3h ago,away,Philadelphia Eagles,-7.0,92.0,87.0,39.0,94.0,78.0,-330.0,100.0,100.0
2026-09-20T03:48:44,nfl,nfl_20260920_philadelphia_eagles_tennessee_titans,20260920NFL00042,CIRCA,circa,change,13,2026-09-20T00:10:00,Sep 20,12:10 AM ET,3h ago,home,Tennessee Titans,7.0,8.0,13.0,39.0,6.0,22.0,275.0,0.0,0.0
2026-09-20T03:48:44,nfl,nfl_20260920_philadelphia_eagles_tennessee_titans,20260920NFL00042,CIRCA,circa,change,14,2026-09-20T00:00:00,Sep 20,12:00 AM ET,3h ago,away,Philadelphia Eagles,-7.0,90.0,87.0,39.0,94.0,78.0,-330.0,100.0,100.0
2026-09-20T03:48:44,nfl,nfl_20260920_philadelphia_eagles_tennessee_titans,20260920NFL00042,CIRCA,circa,change,14,2026-09-20T00:00:00,Sep 20,12:00 AM ET,3h ago,home,Tennessee Titans,7.0,10.0,13.0,39.0,6.0,22.0,275.0,0.0,0.0
2026-09-20T03:48:44,nfl,nfl_20260920_philadelphia_eagles_tennessee_titans,20260920NFL00042,CIRCA,circa,change,15,2026-09-19T22:10:00,Sep 19,10:10 PM ET,5h ago,away,Philadelphia Eagles,-7.0,90.0,86.0,39.0,94.0,78.0,-330.0,100.0,100.0
2026-09-20T03:48:44,nfl,nfl_20260920_philadelphia_eagles_tennessee_titans,20260920NFL00042,CIRCA,circa,change,15,2026-09-19T22:10:00,Sep 19,10:10 PM ET,5h ago,home,Tennessee Titans,7.0,10.0,14.0,39.0,6.0,22.0,275.0,0.0,0.0
2026-09-20T03:48:44,nfl,nfl_20260920_philadelphia_eagles_tennessee_titans,20260920NFL00042,CIRCA,circa,change,16,2026-09-19T21:45:00,Sep 19,9:45 PM ET,6h ago,away,Philadelphia Eagles,-7.0,90.0,85.0,39.0,94.0,78.0,-330.0,100.0,100.0
2026-09-20T03:48:44,nfl,nfl_20260920_philadelphia_eagles_tennessee_titans,20260920NFL00042,CIRCA,circa,change,16,2026-09-19T21:45:00,Sep 19,9:45 PM ET,6h ago,home,Tennessee Titans,7.0,10.0,15.0,39.0,6.0,22.0,275.0,0.0,0.0
2026-09-20T03:48:44,nfl,nfl_20260920_philadelphia_eagles_tennessee_titans,20260920NFL00042,CIRCA,circa,change,17,2026-09-19T21:35:00,Sep 19,9:35 PM ET,6h ago,away,Philadelphia Eagles,-7.0,90.0,85.0,39.0,99.0,88.0,-330.0,100.0,100.0
2026-09-20T03:48:44,nfl,nfl_20260920_philadelphia_eagles_tennessee_titans,20260920NFL00042,CIRCA,circa,change,17,2026-09-19T21:35:00,Sep 19,9:35 PM ET,6h ago,home,Tennessee Titans,7.0,10.0,15.0,39.0,1.0,13.0,275.0,0.0,0.0
2026-09-20T03:48:44,nfl,nfl_20260920_philadelphia_eagles_tennessee_titans,20260920NFL00042,CIRCA,circa,change,18,2026-09-19T19:20:00,Sep 19,7:20 PM ET,8h ago,away,Philadelphia Eagles,-7.0,88.0,85.0,39.0,99.0,88.0,-330.0,100.0,100.0
2026-09-20T03:48:44,nfl,nfl_20260920_philadelphia_eagles_tennessee_titans,20260920NFL00042,CIRCA,circa,change,18,2026-09-19T19:20:00,Sep 19,7:20 PM ET,8h ago,home,Tennessee Titans,7.0,12.0,15.0,39.0,1.0,13.0,275.0,0.0,0.0
2026-09-20T03:48:44,nfl,nfl_20260920_philadelphia_eagles_tennessee_titans,20260920NFL00042,CIRCA,circa,change,19,2026-09-19T17:25:00,Sep 19,5:25 PM ET,10h ago,away,Philadelphia Eagles,-7.0,89.0,87.0,39.0,99.0,88.0,-330.0,100.0,100.0
2026-09-20T03:48:44,nfl,nfl_20260920_philadelphia_eagles_tennessee_titans,20260920NFL00042,CIRCA,circa,change,19,2026-09-19T17:25:00,Sep 19,5:25 PM ET,10h ago,home,Tennessee Titans,7.0,11.0,13.0,39.0,1.0,13.0,275.0,0.0,0.0
2026-09-20T03:48:44,nfl,nfl_20260920_philadelphia_eagles_tennessee_titans,20260920NFL00042,CIRCA,circa,change,20,2026-09-19T16:55:00,Sep 19,4:55 PM ET,10h ago,away,Philadelphia Eagles,-7.0,89.0,86.0,39.0,99.0,86.0,-330.0,100.0,100.0
2026-09-20T03:48:44,nfl,nfl_20260920_philadelphia_eagles_tennessee_titans,20260920NFL00042,CIRCA,circa,change,20,2026-09-19T16:55:00,Sep 19,4:55 PM ET,10h ago,home,Tennessee Titans,7.0,11.0,14.0,39.0,1.0,14.0,275.0,0.0,0.0
2026-09-20T03:48:44,nfl,nfl_20260920_philadelphia_eagles_tennessee_titans,20260920NFL00042,CIRCA,circa,change,21,2026-09-19T16:40:00,Sep 19,4:40 PM ET,11h ago,away,Philadelphia Eagles,-7.0,89.0,86.0,39.0,99.0,83.0,-330.0,100.0,100.0
2026-09-20T03:48:44,nfl,nfl_20260920_philadelphia_eagles_tennessee_titans,20260920NFL00042,CIRCA,circa,change,21,2026-09-19T16:40:00,Sep 19,4:40 PM ET,11h ago,home,Tennessee Titans,7.0,11.0,14.0,39.0,1.0,17.0,275.0,0.0,0.0
2026-09-20T03:48:44,nfl,nfl_20260920_philadelphia_eagles_tennessee_titans,20260920NFL00042,CIRCA,circa,change,22,2026-09-19T15:30:00,Sep 19,3:30 PM ET,12h ago,away,Philadelphia Eagles,-7.0,88.0,86.0,39.0,99.0,83.0,-330.0,100.0,100.0
2026-09-20T03:48:44,nfl,nfl_20260920_philadelphia_eagles_tennessee_titans,20260920NFL00042,CIRCA,circa,change,22,2026-09-19T15:30:00,Sep 19,3:30 PM ET,12h ago,home,Tennessee Titans,7.0,12.0,14.0,39.0,1.0,17.0,275.0,0.0,0.0
2026-09-20T03:48:44,nfl,nfl_20260920_philadelphia_eagles_tennessee_titans,20260920NFL00042,CIRCA,circa,change,23,2026-09-19T12:50:00,Sep 19,12:50 PM ET,14h ago,away,Philadelphia Eagles,-7.0,87.0,86.0,39.0,99.0,83.0,-330.0,100.0,100.0
2026-09-20T03:48:44,nfl,nfl_20260920_philadelphia_eagles_tennessee_titans,20260920NFL00042,CIRCA,circa,change,23,2026-09-19T12:50:00,Sep 19,12:50 PM ET,14h ago,home,Tennessee Titans,7.0,13.0,14.0,39.0,1.0,17.0,275.0,0.0,0.0
2026-09-20T03:48:44,nfl,nfl_20260920_philadelphia_eagles_tennessee_titans,20260920NFL00042,CIRCA,circa,change,24,2026-09-18T19:10:00,Sep 18,7:10 PM ET,1d ago,away,Philadelphia Eagles,-7.0,87.0,85.0,39.0,99.0,83.0,-330.0,100.0,100.0
2026-09-20T03:48:44,nfl,nfl_20260920_philadelphia_eagles_tennessee_titans,20260920NFL00042,CIRCA,circa,change,24,2026-09-18T19:10:00,Sep 18,7:10 PM ET,1d ago,home,Tennessee Titans,7.0,13.0,15.0,39.0,1.0,17.0,275.0,0.0,0.0
2026-09-20T03:48:44,nfl,nfl_20260920_philadelphia_eagles_tennessee_titans,20260920NFL00042,CIRCA,circa,change,25,2026-09-18T18:45:00,Sep 18,6:45 PM ET,1d ago,away,Philadelphia Eagles,-7.0,87.0,84.0,39.0,99.0,83.0,-330.0,100.0,100.0
2026-09-20T03:48:44,nfl,nfl_20260920_philadelphia_eagles_tennessee_titans,20260920NFL00042,CIRCA,circa,change,25,2026-09-18T18:45:00,Sep 18,6:45 PM ET,1d ago,home,Tennessee Titans,7.0,13.0,16.0,39.0,1.0,17.0,275.0,0.0,0.0
2026-09-20T03:48:44,nfl,nfl_20260920_philadelphia_eagles_tennessee_titans,20260920NFL00042,CIRCA,circa,change,26,2026-09-18T18:30:00,Sep 18,6:30 PM ET,1d ago,away,Philadelphia Eagles,-7.0,87.0,84.0,39.0,99.0,80.0,-330.0,100.0,100.0
2026-09-20T03:48:44,nfl,nfl_20260920_philadelphia_eagles_tennessee_titans,20260920NFL00042,CIRCA,circa,change,26,2026-09-18T18:30:00,Sep 18,6:30 PM ET,1d ago,home,Tennessee Titans,7.0,13.0,16.0,39.0,1.0,20.0,275.0,0.0,0.0
2026-09-20T03:48:45,nfl,nfl_20260920_minnesota_vikings_chicago_bears,20260920NFL00051,DK,draftkings,open,1,2026-05-14T21:20:00,May 14,9:20 PM ET,128d ago,away,Minnesota Vikings,3.5,0.0,0.0,,0.0,0.0,,0.0,0.0
2026-09-20T03:48:45,nfl,nfl_20260920_minnesota_vikings_chicago_bears,20260920NFL00051,DK,draftkings,open,1,2026-05-14T21:20:00,May 14,9:20 PM ET,128d ago,home,Chicago Bears,-3.5,100.0,100.0,,0.0,0.0,,0.0,0.0
2026-09-20T03:48:45,nfl,nfl_20260920_minnesota_vikings_chicago_bears,20260920NFL00051,DK,draftkings,first_full,2,2026-05-15T17:05:00,May 15,5:05 PM ET,127d ago,away,Minnesota Vikings,3.5,15.0,43.0,45.5,100.0,100.0,150.0,2.0,18.0
2026-09-20T03:48:45,nfl,nfl_20260920_minnesota_vikings_chicago_bears,20260920NFL00051,DK,draftkings,first_full,2,2026-05-15T17:05:00,May 15,5:05 PM ET,127d ago,home,Chicago Bears,-3.5,85.0,57.0,45.5,0.0,0.0,-180.0,98.0,82.0
2026-09-20T03:48:45,nfl,nfl_20260920_minnesota_vikings_chicago_bears,20260920NFL00051,DK,draftkings,change,3,2026-09-20T03:25:00,Sep 20,3:25 AM ET,23m ago,away,Minnesota Vikings,4.5,30.0,31.0,47.5,67.0,83.0,170.0,9.0,14.0
2026-09-20T03:48:45,nfl,nfl_20260920_minnesota_vikings_chicago_bears,20260920NFL00051,DK,draftkings,change,3,2026-09-20T03:25:00,Sep 20,3:25 AM ET,23m ago,home,Chicago Bears,-4.5,70.0,69.0,47.5,33.0,17.0,-205.0,91.0,86.0
2026-09-20T03:48:45,nfl,nfl_20260920_minnesota_vikings_chicago_bears,20260920NFL00051,DK,draftkings,change,4,2026-09-20T02:15:00,Sep 20,2:15 AM ET,1h ago,away,Minnesota Vikings,4.5,28.0,31.0,47.5,67.0,83.0,170.0,9.0,14.0
2026-09-20T03:48:45,nfl,nfl_20260920_minnesota_vikings_chicago_bears,20260920NFL00051,DK,draftkings,change,4,2026-09-20T02:15:00,Sep 20,2:15 AM ET,1h ago,home,Chicago Bears,-4.5,72.0,69.0,47.5,33.0,17.0,-205.0,91.0,86.0
2026-09-20T03:48:45,nfl,nfl_20260920_minnesota_vikings_chicago_bears,20260920NFL00051,DK,draftkings,change,5,2026-09-20T02:10:00,Sep 20,2:10 AM ET,1h ago,away,Minnesota Vikings,4.5,27.0,31.0,47.5,67.0,83.0,170.0,9.0,14.0
2026-09-20T03:48:45,nfl,nfl_20260920_minnesota_vikings_chicago_bears,20260920NFL00051,DK,draftkings,change,5,2026-09-20T02:10:00,Sep 20,2:10 AM ET,1h ago,home,Chicago Bears,-4.5,73.0,69.0,47.5,33.0,17.0,-205.0,91.0,86.0
2026-09-20T03:48:45,nfl,nfl_20260920_minnesota_vikings_chicago_bears,20260920NFL00051,DK,draftkings,change,6,2026-09-20T01:55:00,Sep 20,1:55 AM ET,1h ago,away,Minnesota Vikings,4.5,28.0,31.0,47.5,66.0,83.0,170.0,9.0,14.0
2026-09-20T03:48:45,nfl,nfl_20260920_minnesota_vikings_chicago_bears,20260920NFL00051,DK,draftkings,change,6,2026-09-20T01:55:00,Sep 20,1:55 AM ET,1h ago,home,Chicago Bears,-4.5,72.0,69.0,47.5,34.0,17.0,-205.0,91.0,86.0
2026-09-20T03:48:45,nfl,nfl_20260920_minnesota_vikings_chicago_bears,20260920NFL00051,DK,draftkings,change,7,2026-09-20T01:45:00,Sep 20,1:45 AM ET,2h ago,away,Minnesota Vikings,4.5,27.0,31.0,47.5,66.0,83.0,170.0,9.0,14.0
2026-09-20T03:48:45,nfl,nfl_20260920_minnesota_vikings_chicago_bears,20260920NFL00051,DK,draftkings,change,7,2026-09-20T01:45:00,Sep 20,1:45 AM ET,2h ago,home,Chicago Bears,-4.5,73.0,69.0,47.5,34.0,17.0,-205.0,91.0,86.0
2026-09-20T03:48:45,nfl,nfl_20260920_minnesota_vikings_chicago_bears,20260920NFL00051,DK,draftkings,change,8,2026-09-20T01:00:00,Sep 20,1:00 AM ET,2h ago,away,Minnesota Vikings,4.5,27.0,31.0,47.5,66.0,82.0,180.0,9.0,14.0
2026-09-20T03:48:45,nfl,nfl_20260920_minnesota_vikings_chicago_bears,20260920NFL00051,DK,draftkings,change,8,2026-09-20T01:00:00,Sep 20,1:00 AM ET,2h ago,home,Chicago Bears,-4.5,73.0,69.0,47.5,34.0,18.0,-218.0,91.0,86.0
2026-09-20T03:48:45,nfl,nfl_20260920_minnesota_vikings_chicago_bears,20260920NFL00051,DK,draftkings,change,9,2026-09-20T00:55:00,Sep 20,12:55 AM ET,2h ago,away,Minnesota Vikings,4.5,27.0,31.0,47.5,66.0,83.0,180.0,9.0,14.0
2026-09-20T03:48:45,nfl,nfl_20260920_minnesota_vikings_chicago_bears,20260920NFL00051,DK,draftkings,change,9,2026-09-20T00:55:00,Sep 20,12:55 AM ET,2h ago,home,Chicago Bears,-4.5,73.0,69.0,47.5,34.0,17.0,-218.0,91.0,86.0
2026-09-20T03:48:45,nfl,nfl_20260920_minnesota_vikings_chicago_bears,20260920NFL00051,DK,draftkings,change,10,2026-09-20T00:50:00,Sep 20,12:50 AM ET,2h ago,away,Minnesota Vikings,4.5,27.0,31.0,47.5,67.0,83.0,180.0,9.0,14.0
2026-09-20T03:48:45,nfl,nfl_20260920_minnesota_vikings_chicago_bears,20260920NFL00051,DK,draftkings,change,10,2026-09-20T00:50:00,Sep 20,12:50 AM ET,2h ago,home,Chicago Bears,-4.5,73.0,69.0,47.5,33.0,17.0,-218.0,91.0,86.0
2026-09-20T03:48:45,nfl,nfl_20260920_minnesota_vikings_chicago_bears,20260920NFL00051,DK,draftkings,change,11,2026-09-20T00:35:00,Sep 20,12:35 AM ET,3h ago,away,Minnesota Vikings,4.5,26.0,31.0,47.5,66.0,83.0,180.0,9.0,14.0
2026-09-20T03:48:45,nfl,nfl_20260920_minnesota_vikings_chicago_bears,20260920NFL00051,DK,draftkings,change,11,2026-09-20T00:35:00,Sep 20,12:35 AM ET,3h ago,home,Chicago Bears,-4.5,74.0,69.0,47.5,34.0,17.0,-218.0,91.0,86.0
2026-09-20T03:48:45,nfl,nfl_20260920_minnesota_vikings_chicago_bears,20260920NFL00051,DK,draftkings,change,12,2026-09-20T00:20:00,Sep 20,12:20 AM ET,3h ago,away,Minnesota Vikings,4.5,26.0,31.0,47.5,67.0,83.0,180.0,9.0,14.0
2026-09-20T03:48:45,nfl,nfl_20260920_minnesota_vikings_chicago_bears,20260920NFL00051,DK,draftkings,change,12,2026-09-20T00:20:00,Sep 20,12:20 AM ET,3h ago,home,Chicago Bears,-4.5,74.0,69.0,47.5,33.0,17.0,-218.0,91.0,86.0
2026-09-20T03:48:45,nfl,nfl_20260920_minnesota_vikings_chicago_bears,20260920NFL00051,DK,draftkings,change,13,2026-09-20T00:10:00,Sep 20,12:10 AM ET,3h ago,away,Minnesota Vikings,4.5,25.0,31.0,47.5,67.0,83.0,180.0,9.0,14.0
2026-09-20T03:48:45,nfl,nfl_20260920_minnesota_vikings_chicago_bears,20260920NFL00051,DK,draftkings,change,13,2026-09-20T00:10:00,Sep 20,12:10 AM ET,3h ago,home,Chicago Bears,-4.5,75.0,69.0,47.5,33.0,17.0,-218.0,91.0,86.0
2026-09-20T03:48:45,nfl,nfl_20260920_minnesota_vikings_chicago_bears,20260920NFL00051,DK,draftkings,change,14,2026-09-19T23:55:00,Sep 19,11:55 PM ET,3h ago,away,Minnesota Vikings,4.5,26.0,31.0,47.5,66.0,83.0,180.0,9.0,14.0
2026-09-20T03:48:45,nfl,nfl_20260920_minnesota_vikings_chicago_bears,20260920NFL00051,DK,draftkings,change,14,2026-09-19T23:55:00,Sep 19,11:55 PM ET,3h ago,home,Chicago Bears,-4.5,74.0,69.0,47.5,34.0,17.0,-218.0,91.0,86.0
2026-09-20T03:48:45,nfl,nfl_20260920_minnesota_vikings_chicago_bears,20260920NFL00051,DK,draftkings,change,15,2026-09-19T23:50:00,Sep 19,11:50 PM ET,3h ago,away,Minnesota Vikings,4.5,24.0,31.0,47.5,66.0,83.0,180.0,9.0,14.0
2026-09-20T03:48:45,nfl,nfl_20260920_minnesota_vikings_chicago_bears,20260920NFL00051,DK,draftkings,change,15,2026-09-19T23:50:00,Sep 19,11:50 PM ET,3h ago,home,Chicago Bears,-4.5,76.0,69.0,47.5,34.0,17.0,-218.0,91.0,86.0
2026-09-20T03:48:45,nfl,nfl_20260920_minnesota_vikings_chicago_bears,20260920NFL00051,DK,draftkings,change,16,2026-09-19T23:30:00,Sep 19,11:30 PM ET,4h ago,away,Minnesota Vikings,4.5,23.0,31.0,47.5,66.0,83.0,180.0,9.0,14.0
2026-09-20T03:48:45,nfl,nfl_20260920_minnesota_vikings_chicago_bears,20260920NFL00051,DK,draftkings,change,16,2026-09-19T23:30:00,Sep 19,11:30 PM ET,4h ago,home,Chicago Bears,-4.5,77.0,69.0,47.5,34.0,17.0,-218.0,91.0,86.0
2026-09-20T03:48:45,nfl,nfl_20260920_minnesota_vikings_chicago_bears,20260920NFL00051,DK,draftkings,change,17,2026-09-19T23:15:00,Sep 19,11:15 PM ET,4h ago,away,Minnesota Vikings,4.5,23.0,31.0,47.5,65.0,83.0,180.0,9.0,14.0
2026-09-20T03:48:45,nfl,nfl_20260920_minnesota_vikings_chicago_bears,20260920NFL00051,DK,draftkings,change,17,2026-09-19T23:15:00,Sep 19,11:15 PM ET,4h ago,home,Chicago Bears,-4.5,77.0,69.0,47.5,35.0,17.0,-218.0,91.0,86.0
2026-09-20T03:48:45,nfl,nfl_20260920_minnesota_vikings_chicago_bears,20260920NFL00051,DK,draftkings,change,18,2026-09-19T23:00:00,Sep 19,11:00 PM ET,4h ago,away,Minnesota Vikings,4.5,24.0,31.0,47.5,65.0,83.0,180.0,9.0,14.0
2026-09-20T03:48:45,nfl,nfl_20260920_minnesota_vikings_chicago_bears,20260920NFL00051,DK,draftkings,change,18,2026-09-19T23:00:00,Sep 19,11:00 PM ET,4h ago,home,Chicago Bears,-4.5,76.0,69.0,47.5,35.0,17.0,-218.0,91.0,86.0
2026-09-20T03:48:45,nfl,nfl_20260920_minnesota_vikings_chicago_bears,20260920NFL00051,DK,draftkings,change,19,2026-09-19T22:50:00,Sep 19,10:50 PM ET,4h ago,away,Minnesota Vikings,4.5,24.0,31.0,47.5,65.0,82.0,180.0,9.0,14.0
2026-09-20T03:48:45,nfl,nfl_20260920_minnesota_vikings_chicago_bears,20260920NFL00051,DK,draftkings,change,19,2026-09-19T22:50:00,Sep 19,10:50 PM ET,4h ago,home,Chicago Bears,-4.5,76.0,69.0,47.5,35.0,18.0,-218.0,91.0,86.0
2026-09-20T03:48:45,nfl,nfl_20260920_minnesota_vikings_chicago_bears,20260920NFL00051,DK,draftkings,change,20,2026-09-19T22:45:00,Sep 19,10:45 PM ET,5h ago,away,Minnesota Vikings,4.5,20.0,31.0,47.5,65.0,82.0,180.0,9.0,14.0
2026-09-20T03:48:45,nfl,nfl_20260920_minnesota_vikings_chicago_bears,20260920NFL00051,DK,draftkings,change,20,2026-09-19T22:45:00,Sep 19,10:45 PM ET,5h ago,home,Chicago Bears,-4.5,80.0,69.0,47.5,35.0,18.0,-218.0,91.0,86.0
2026-09-20T03:48:45,nfl,nfl_20260920_minnesota_vikings_chicago_bears,20260920NFL00051,DK,draftkings,change,21,2026-09-19T22:40:00,Sep 19,10:40 PM ET,5h ago,away,Minnesota Vikings,4.5,21.0,31.0,47.5,65.0,82.0,180.0,9.0,14.0
2026-09-20T03:48:45,nfl,nfl_20260920_minnesota_vikings_chicago_bears,20260920NFL00051,DK,draftkings,change,21,2026-09-19T22:40:00,Sep 19,10:40 PM ET,5h ago,home,Chicago Bears,-4.5,79.0,69.0,47.5,35.0,18.0,-218.0,91.0,86.0
2026-09-20T03:48:45,nfl,nfl_20260920_minnesota_vikings_chicago_bears,20260920NFL00051,DK,draftkings,change,22,2026-09-19T22:25:00,Sep 19,10:25 PM ET,5h ago,away,Minnesota Vikings,4.5,20.0,31.0,47.5,65.0,82.0,180.0,8.0,14.0
2026-09-20T03:48:45,nfl,nfl_20260920_minnesota_vikings_chicago_bears,20260920NFL00051,DK,draftkings,change,22,2026-09-19T22:25:00,Sep 19,10:25 PM ET,5h ago,home,Chicago Bears,-4.5,80.0,69.0,47.5,35.0,18.0,-218.0,92.0,86.0
2026-09-20T03:48:45,nfl,nfl_20260920_minnesota_vikings_chicago_bears,20260920NFL00051,DK,draftkings,change,23,2026-09-19T22:15:00,Sep 19,10:15 PM ET,5h ago,away,Minnesota Vikings,4.5,21.0,31.0,47.5,65.0,82.0,180.0,8.0,14.0
2026-09-20T03:48:45,nfl,nfl_20260920_minnesota_vikings_chicago_bears,20260920NFL00051,DK,draftkings,change,23,2026-09-19T22:15:00,Sep 19,10:15 PM ET,5h ago,home,Chicago Bears,-4.5,79.0,69.0,47.5,35.0,18.0,-218.0,92.0,86.0
2026-09-20T03:48:45,nfl,nfl_20260920_minnesota_vikings_chicago_bears,20260920NFL00051,DK,draftkings,change,24,2026-09-19T22:10:00,Sep 19,10:10 PM ET,5h ago,away,Minnesota Vikings,4.5,21.0,31.0,47.5,64.0,82.0,180.0,8.0,14.0
2026-09-20T03:48:45,nfl,nfl_20260920_minnesota_vikings_chicago_bears,20260920NFL00051,DK,draftkings,change,24,2026-09-19T22:10:00,Sep 19,10:10 PM ET,5h ago,home,Chicago Bears,-4.5,79.0,69.0,47.5,36.0,18.0,-218.0,92.0,86.0
2026-09-20T03:48:45,nfl,nfl_20260920_minnesota_vikings_chicago_bears,20260920NFL00051,DK,draftkings,change,25,2026-09-19T22:05:00,Sep 19,10:05 PM ET,5h ago,away,Minnesota Vikings,4.5,20.0,31.0,47.5,64.0,82.0,180.0,8.0,14.0
2026-09-20T03:48:45,nfl,nfl_20260920_minnesota_vikings_chicago_bears,20260920NFL00051,DK,draftkings,change,25,2026-09-19T22:05:00,Sep 19,10:05 PM ET,5h ago,home,Chicago Bears,-4.5,80.0,69.0,47.5,36.0,18.0,-218.0,92.0,86.0
2026-09-20T03:48:45,nfl,nfl_20260920_minnesota_vikings_chicago_bears,20260920NFL00051,DK,draftkings,change,26,2026-09-19T22:00:00,Sep 19,10:00 PM ET,5h ago,away,Minnesota Vikings,4.5,21.0,31.0,47.5,64.0,82.0,180.0,8.0,14.0
2026-09-20T03:48:45,nfl,nfl_20260920_minnesota_vikings_chicago_bears,20260920NFL00051,DK,draftkings,change,26,2026-09-19T22:00:00,Sep 19,10:00 PM ET,5h ago,home,Chicago Bears,-4.5,79.0,69.0,47.5,36.0,18.0,-218.0,92.0,86.0
2026-09-20T03:48:45,nfl,nfl_20260920_minnesota_vikings_chicago_bears,20260920NFL00051,DK,draftkings,change,27,2026-09-19T21:50:00,Sep 19,9:50 PM ET,5h ago,away,Minnesota Vikings,4.5,20.0,31.0,47.5,64.0,82.0,180.0,8.0,14.0
2026-09-20T03:48:45,nfl,nfl_20260920_minnesota_vikings_chicago_bears,20260920NFL00051,DK,draftkings,change,27,2026-09-19T21:50:00,Sep 19,9:50 PM ET,5h ago,home,Chicago Bears,-4.5,80.0,69.0,47.5,36.0,18.0,-218.0,92.0,86.0
2026-09-20T03:48:47,nfl,nfl_20260920_minnesota_vikings_chicago_bears,20260920NFL00051,CIRCA,circa,open,1,2026-09-13T21:10:00,Sep 13,9:10 PM ET,6d ago,away,Minnesota Vikings,5.5,50.0,50.0,48.5,50.0,50.0,200.0,50.0,50.0
2026-09-20T03:48:47,nfl,nfl_20260920_minnesota_vikings_chicago_bears,20260920NFL00051,CIRCA,circa,open,1,2026-09-13T21:10:00,Sep 13,9:10 PM ET,6d ago,home,Chicago Bears,-5.5,50.0,50.0,48.5,50.0,50.0,-235.0,50.0,50.0
2026-09-20T03:48:47,nfl,nfl_20260920_minnesota_vikings_chicago_bears,20260920NFL00051,CIRCA,circa,change,2,2026-09-20T03:05:00,Sep 20,3:05 AM ET,43m ago,away,Minnesota Vikings,4.5,75.0,28.0,47.5,38.0,74.0,185.0,29.0,50.0
2026-09-20T03:48:47,nfl,nfl_20260920_minnesota_vikings_chicago_bears,20260920NFL00051,CIRCA,circa,change,2,2026-09-20T03:05:00,Sep 20,3:05 AM ET,43m ago,home,Chicago Bears,-4.5,25.0,72.0,47.5,62.0,26.0,-215.0,71.0,50.0
2026-09-20T03:48:47,nfl,nfl_20260920_minnesota_vikings_chicago_bears,20260920NFL00051,CIRCA,circa,change,3,2026-09-20T02:42:00,Sep 20,2:42 AM ET,1h ago,away,Minnesota Vikings,4.5,75.0,28.0,47.5,38.0,73.0,185.0,29.0,50.0
2026-09-20T03:48:47,nfl,nfl_20260920_minnesota_vikings_chicago_bears,20260920NFL00051,CIRCA,circa,change,3,2026-09-20T02:42:00,Sep 20,2:42 AM ET,1h ago,home,Chicago Bears,-4.5,25.0,72.0,47.5,62.0,27.0,-215.0,71.0,50.0
2026-09-20T03:48:47,nfl,nfl_20260920_minnesota_vikings_chicago_bears,20260920NFL00051,CIRCA,circa,change,4,2026-09-20T02:25:00,Sep 20,2:25 AM ET,1h ago,away,Minnesota Vikings,4.5,76.0,29.0,47.5,38.0,73.0,185.0,29.0,50.0
2026-09-20T03:48:47,nfl,nfl_20260920_minnesota_vikings_chicago_bears,20260920NFL00051,CIRCA,circa,change,4,2026-09-20T02:25:00,Sep 20,2:25 AM ET,1h ago,home,Chicago Bears,-4.5,24.0,71.0,47.5,62.0,27.0,-215.0,71.0,50.0
2026-09-20T03:48:47,nfl,nfl_20260920_minnesota_vikings_chicago_bears,20260920NFL00051,CIRCA,circa,change,5,2026-09-20T02:20:00,Sep 20,2:20 AM ET,1h ago,away,Minnesota Vikings,4.5,76.0,30.0,47.5,38.0,73.0,185.0,29.0,53.0
2026-09-20T03:48:47,nfl,nfl_20260920_minnesota_vikings_chicago_bears,20260920NFL00051,CIRCA,circa,change,5,2026-09-20T02:20:00,Sep 20,2:20 AM ET,1h ago,home,Chicago Bears,-4.5,24.0,70.0,47.5,62.0,27.0,-215.0,71.0,47.0
2026-09-20T03:48:47,nfl,nfl_20260920_minnesota_vikings_chicago_bears,20260920NFL00051,CIRCA,circa,change,6,2026-09-20T02:10:00,Sep 20,2:10 AM ET,1h ago,away,Minnesota Vikings,4.5,76.0,30.0,47.5,38.0,73.0,185.0,19.0,50.0
2026-09-20T03:48:47,nfl,nfl_20260920_minnesota_vikings_chicago_bears,20260920NFL00051,CIRCA,circa,change,6,2026-09-20T02:10:00,Sep 20,2:10 AM ET,1h ago,home,Chicago Bears,-4.5,24.0,70.0,47.5,62.0,27.0,-215.0,81.0,50.0
2026-09-20T03:48:47,nfl,nfl_20260920_minnesota_vikings_chicago_bears,20260920NFL00051,CIRCA,circa,change,7,2026-09-20T01:50:00,Sep 20,1:50 AM ET,1h ago,away,Minnesota Vikings,4.5,76.0,30.0,47.5,37.0,73.0,185.0,19.0,50.0
2026-09-20T03:48:47,nfl,nfl_20260920_minnesota_vikings_chicago_bears,20260920NFL00051,CIRCA,circa,change,7,2026-09-20T01:50:00,Sep 20,1:50 AM ET,1h ago,home,Chicago Bears,-4.5,24.0,70.0,47.5,63.0,27.0,-215.0,81.0,50.0
2026-09-20T03:48:47,nfl,nfl_20260920_minnesota_vikings_chicago_bears,20260920NFL00051,CIRCA,circa,change,8,2026-09-20T01:15:00,Sep 20,1:15 AM ET,2h ago,away,Minnesota Vikings,4.5,77.0,30.0,47.5,37.0,73.0,185.0,19.0,50.0
2026-09-20T03:48:47,nfl,nfl_20260920_minnesota_vikings_chicago_bears,20260920NFL00051,CIRCA,circa,change,8,2026-09-20T01:15:00,Sep 20,1:15 AM ET,2h ago,home,Chicago Bears,-4.5,23.0,70.0,47.5,63.0,27.0,-215.0,81.0,50.0
2026-09-20T03:48:47,nfl,nfl_20260920_minnesota_vikings_chicago_bears,20260920NFL00051,CIRCA,circa,change,9,2026-09-20T01:05:00,Sep 20,1:05 AM ET,2h ago,away,Minnesota Vikings,4.5,77.0,30.0,47.5,37.0,73.0,185.0,19.0,53.0
2026-09-20T03:48:47,nfl,nfl_20260920_minnesota_vikings_chicago_bears,20260920NFL00051,CIRCA,circa,change,9,2026-09-20T01:05:00,Sep 20,1:05 AM ET,2h ago,home,Chicago Bears,-4.5,23.0,70.0,47.5,63.0,27.0,-215.0,81.0,47.0
2026-09-20T03:48:47,nfl,nfl_20260920_minnesota_vikings_chicago_bears,20260920NFL00051,CIRCA,circa,change,10,2026-09-20T00:55:00,Sep 20,12:55 AM ET,2h ago,away,Minnesota Vikings,4.5,79.0,30.0,47.5,37.0,73.0,185.0,19.0,53.0
2026-09-20T03:48:47,nfl,nfl_20260920_minnesota_vikings_chicago_bears,20260920NFL00051,CIRCA,circa,change,10,2026-09-20T00:55:00,Sep 20,12:55 AM ET,2h ago,home,Chicago Bears,-4.5,21.0,70.0,47.5,63.0,27.0,-215.0,81.0,47.0
2026-09-20T03:48:47,nfl,nfl_20260920_minnesota_vikings_chicago_bears,20260920NFL00051,CIRCA,circa,change,11,2026-09-20T00:45:00,Sep 20,12:45 AM ET,3h ago,away,Minnesota Vikings,4.5,78.0,30.0,47.5,37.0,73.0,185.0,20.0,57.0
2026-09-20T03:48:47,nfl,nfl_20260920_minnesota_vikings_chicago_bears,20260920NFL00051,CIRCA,circa,change,11,2026-09-20T00:45:00,Sep 20,12:45 AM ET,3h ago,home,Chicago Bears,-4.5,22.0,70.0,47.5,63.0,27.0,-215.0,80.0,43.0
2026-09-20T03:48:47,nfl,nfl_20260920_minnesota_vikings_chicago_bears,20260920NFL00051,CIRCA,circa,change,12,2026-09-20T00:40:00,Sep 20,12:40 AM ET,3h ago,away,Minnesota Vikings,4.5,78.0,29.0,47.5,37.0,73.0,185.0,20.0,57.0
2026-09-20T03:48:47,nfl,nfl_20260920_minnesota_vikings_chicago_bears,20260920NFL00051,CIRCA,circa,change,12,2026-09-20T00:40:00,Sep 20,12:40 AM ET,3h ago,home,Chicago Bears,-4.5,22.0,71.0,47.5,63.0,27.0,-215.0,80.0,43.0
2026-09-20T03:48:47,nfl,nfl_20260920_minnesota_vikings_chicago_bears,20260920NFL00051,CIRCA,circa,change,13,2026-09-20T00:10:00,Sep 20,12:10 AM ET,3h ago,away,Minnesota Vikings,4.5,79.0,30.0,47.5,37.0,73.0,185.0,20.0,57.0
2026-09-20T03:48:47,nfl,nfl_20260920_minnesota_vikings_chicago_bears,20260920NFL00051,CIRCA,circa,change,13,2026-09-20T00:10:00,Sep 20,12:10 AM ET,3h ago,home,Chicago Bears,-4.5,21.0,70.0,47.5,63.0,27.0,-215.0,80.0,43.0
2026-09-20T03:48:47,nfl,nfl_20260920_minnesota_vikings_chicago_bears,20260920NFL00051,CIRCA,circa,change,14,2026-09-19T23:50:00,Sep 19,11:50 PM ET,3h ago,away,Minnesota Vikings,4.5,79.0,30.0,47.5,33.0,72.0,185.0,20.0,57.0
2026-09-20T03:48:47,nfl,nfl_20260920_minnesota_vikings_chicago_bears,20260920NFL00051,CIRCA,circa,change,14,2026-09-19T23:50:00,Sep 19,11:50 PM ET,3h ago,home,Chicago Bears,-4.5,21.0,70.0,47.5,67.0,28.0,-215.0,80.0,43.0
2026-09-20T03:48:47,nfl,nfl_20260920_minnesota_vikings_chicago_bears,20260920NFL00051,CIRCA,circa,change,15,2026-09-19T23:45:00,Sep 19,11:45 PM ET,4h ago,away,Minnesota Vikings,4.5,79.0,30.0,47.5,33.0,74.0,185.0,20.0,57.0
2026-09-20T03:48:47,nfl,nfl_20260920_minnesota_vikings_chicago_bears,20260920NFL00051,CIRCA,circa,change,15,2026-09-19T23:45:00,Sep 19,11:45 PM ET,4h ago,home,Chicago Bears,-4.5,21.0,70.0,47.5,67.0,26.0,-215.0,80.0,43.0
2026-09-20T03:48:47,nfl,nfl_20260920_minnesota_vikings_chicago_bears,20260920NFL00051,CIRCA,circa,change,16,2026-09-19T23:40:00,Sep 19,11:40 PM ET,4h ago,away,Minnesota Vikings,4.5,79.0,31.0,47.5,33.0,74.0,185.0,20.0,57.0
2026-09-20T03:48:47,nfl,nfl_20260920_minnesota_vikings_chicago_bears,20260920NFL00051,CIRCA,circa,change,16,2026-09-19T23:40:00,Sep 19,11:40 PM ET,4h ago,home,Chicago Bears,-4.5,21.0,69.0,47.5,67.0,26.0,-215.0,80.0,43.0
2026-09-20T03:48:47,nfl,nfl_20260920_minnesota_vikings_chicago_bears,20260920NFL00051,CIRCA,circa,change,17,2026-09-19T23:25:00,Sep 19,11:25 PM ET,4h ago,away,Minnesota Vikings,4.5,79.0,31.0,47.5,34.0,76.0,185.0,20.0,57.0
2026-09-20T03:48:47,nfl,nfl_20260920_minnesota_vikings_chicago_bears,20260920NFL00051,CIRCA,circa,change,17,2026-09-19T23:25:00,Sep 19,11:25 PM ET,4h ago,home,Chicago Bears,-4.5,21.0,69.0,47.5,66.0,24.0,-215.0,80.0,43.0
2026-09-20T03:48:47,nfl,nfl_20260920_minnesota_vikings_chicago_bears,20260920NFL00051,CIRCA,circa,change,18,2026-09-19T22:50:00,Sep 19,10:50 PM ET,4h ago,away,Minnesota Vikings,4.5,79.0,31.0,47.5,33.0,75.0,185.0,20.0,57.0
2026-09-20T03:48:47,nfl,nfl_20260920_minnesota_vikings_chicago_bears,20260920NFL00051,CIRCA,circa,change,18,2026-09-19T22:50:00,Sep 19,10:50 PM ET,4h ago,home,Chicago Bears,-4.5,21.0,69.0,47.5,67.0,25.0,-215.0,80.0,43.0
2026-09-20T03:48:47,nfl,nfl_20260920_minnesota_vikings_chicago_bears,20260920NFL00051,CIRCA,circa,change,19,2026-09-19T22:40:00,Sep 19,10:40 PM ET,5h ago,away,Minnesota Vikings,4.5,79.0,30.0,47.5,33.0,75.0,185.0,20.0,57.0
2026-09-20T03:48:47,nfl,nfl_20260920_minnesota_vikings_chicago_bears,20260920NFL00051,CIRCA,circa,change,19,2026-09-19T22:40:00,Sep 19,10:40 PM ET,5h ago,home,Chicago Bears,-4.5,21.0,70.0,47.5,67.0,25.0,-215.0,80.0,43.0
2026-09-20T03:48:47,nfl,nfl_20260920_minnesota_vikings_chicago_bears,20260920NFL00051,CIRCA,circa,change,20,2026-09-19T22:10:00,Sep 19,10:10 PM ET,5h ago,away,Minnesota Vikings,4.5,79.0,31.0,47.5,33.0,74.0,185.0,20.0,57.0
2026-09-20T03:48:47,nfl,nfl_20260920_minnesota_vikings_chicago_bears,20260920NFL00051,CIRCA,circa,change,20,2026-09-19T22:10:00,Sep 19,10:10 PM ET,5h ago,home,Chicago Bears,-4.5,21.0,69.0,47.5,67.0,26.0,-215.0,80.0,43.0
2026-09-20T03:48:47,nfl,nfl_20260920_minnesota_vikings_chicago_bears,20260920NFL00051,CIRCA,circa,change,21,2026-09-19T22:05:00,Sep 19,10:05 PM ET,5h ago,away,Minnesota Vikings,4.5,79.0,32.0,47.5,33.0,74.0,185.0,20.0,57.0
2026-09-20T03:48:47,nfl,nfl_20260920_minnesota_vikings_chicago_bears,20260920NFL00051,CIRCA,circa,change,21,2026-09-19T22:05:00,Sep 19,10:05 PM ET,5h ago,home,Chicago Bears,-4.5,21.0,68.0,47.5,67.0,26.0,-215.0,80.0,43.0
2026-09-20T03:48:47,nfl,nfl_20260920_minnesota_vikings_chicago_bears,20260920NFL00051,CIRCA,circa,change,22,2026-09-19T22:00:00,Sep 19,10:00 PM ET,5h ago,away,Minnesota Vikings,4.5,79.0,32.0,47.5,33.0,74.0,185.0,20.0,62.0
2026-09-20T03:48:47,nfl,nfl_20260920_minnesota_vikings_chicago_bears,20260920NFL00051,CIRCA,circa,change,22,2026-09-19T22:00:00,Sep 19,10:00 PM ET,5h ago,home,Chicago Bears,-4.5,21.0,68.0,47.5,67.0,26.0,-215.0,80.0,38.0
2026-09-20T03:48:47,nfl,nfl_20260920_minnesota_vikings_chicago_bears,20260920NFL00051,CIRCA,circa,change,23,2026-09-19T21:45:00,Sep 19,9:45 PM ET,6h ago,away,Minnesota Vikings,4.5,79.0,31.0,47.5,33.0,74.0,185.0,20.0,62.0
2026-09-20T03:48:47,nfl,nfl_20260920_minnesota_vikings_chicago_bears,20260920NFL00051,CIRCA,circa,change,23,2026-09-19T21:45:00,Sep 19,9:45 PM ET,6h ago,home,Chicago Bears,-4.5,21.0,69.0,47.5,67.0,26.0,-215.0,80.0,38.0
2026-09-20T03:48:47,nfl,nfl_20260920_minnesota_vikings_chicago_bears,20260920NFL00051,CIRCA,circa,change,24,2026-09-19T21:35:00,Sep 19,9:35 PM ET,6h ago,away,Minnesota Vikings,4.5,80.0,32.0,47.5,33.0,74.0,185.0,20.0,62.0
2026-09-20T03:48:47,nfl,nfl_20260920_minnesota_vikings_chicago_bears,20260920NFL00051,CIRCA,circa,change,24,2026-09-19T21:35:00,Sep 19,9:35 PM ET,6h ago,home,Chicago Bears,-4.5,20.0,68.0,47.5,67.0,26.0,-215.0,80.0,38.0
2026-09-20T03:48:47,nfl,nfl_20260920_minnesota_vikings_chicago_bears,20260920NFL00051,CIRCA,circa,change,25,2026-09-19T21:00:00,Sep 19,9:00 PM ET,6h ago,away,Minnesota Vikings,4.5,80.0,32.0,47.5,34.0,76.0,185.0,20.0,62.0
2026-09-20T03:48:47,nfl,nfl_20260920_minnesota_vikings_chicago_bears,20260920NFL00051,CIRCA,circa,change,25,2026-09-19T21:00:00,Sep 19,9:00 PM ET,6h ago,home,Chicago Bears,-4.5,20.0,68.0,47.5,66.0,24.0,-215.0,80.0,38.0
2026-09-20T03:48:47,nfl,nfl_20260920_minnesota_vikings_chicago_bears,20260920NFL00051,CIRCA,circa,change,26,2026-09-19T20:50:00,Sep 19,8:50 PM ET,6h ago,away,Minnesota Vikings,4.5,80.0,32.0,47.5,34.0,76.0,185.0,14.0,58.0
2026-09-20T03:48:47,nfl,nfl_20260920_minnesota_vikings_chicago_bears,20260920NFL00051,CIRCA,circa,change,26,2026-09-19T20:50:00,Sep 19,8:50 PM ET,6h ago,home,Chicago Bears,-4.5,20.0,68.0,47.5,66.0,24.0,-215.0,86.0,42.0
2026-09-20T03:48:48,nfl,nfl_20260920_carolina_panthers_atlanta_falcons,20260920NFL00055,DK,draftkings,open,1,2026-05-14T22:45:00,May 14,10:45 PM ET,128d ago,away,Carolina Panthers,,0.0,0.0,,0.0,0.0,100.0,0.0,0.0
2026-09-20T03:48:48,nfl,nfl_20260920_carolina_panthers_atlanta_falcons,20260920NFL00055,DK,draftkings,open,1,2026-05-14T22:45:00,May 14,10:45 PM ET,128d ago,home,Atlanta Falcons,,0.0,0.0,,0.0,0.0,-120.0,100.0,100.0
2026-09-20T03:48:48,nfl,nfl_20260920_carolina_panthers_atlanta_falcons,20260920NFL00055,DK,draftkings,first_full,2,2026-05-25T17:30:00,May 25,5:30 PM ET,117d ago,away,Carolina Panthers,1.5,1.0,11.0,43.5,20.0,50.0,100.0,9.0,49.0
2026-09-20T03:48:48,nfl,nfl_20260920_carolina_panthers_atlanta_falcons,20260920NFL00055,DK,draftkings,first_full,2,2026-05-25T17:30:00,May 25,5:30 PM ET,117d ago,home,Atlanta Falcons,-1.5,99.0,89.0,43.5,80.0,50.0,-120.0,91.0,51.0
2026-09-20T03:48:48,nfl,nfl_20260920_carolina_panthers_atlanta_falcons,20260920NFL00055,DK,draftkings,change,3,2026-09-20T03:35:00,Sep 20,3:35 AM ET,13m ago,away,Carolina Panthers,-2.5,72.0,79.0,43.5,92.0,77.0,-155.0,25.0,81.0
2026-09-20T03:48:48,nfl,nfl_20260920_carolina_panthers_atlanta_falcons,20260920NFL00055,DK,draftkings,change,3,2026-09-20T03:35:00,Sep 20,3:35 AM ET,13m ago,home,Atlanta Falcons,2.5,28.0,21.0,43.5,8.0,23.0,130.0,75.0,19.0
2026-09-20T03:48:48,nfl,nfl_20260920_carolina_panthers_atlanta_falcons,20260920NFL00055,DK,draftkings,change,4,2026-09-20T03:20:00,Sep 20,3:20 AM ET,28m ago,away,Carolina Panthers,-2.5,71.0,79.0,43.5,92.0,77.0,-155.0,25.0,81.0
2026-09-20T03:48:48,nfl,nfl_20260920_carolina_panthers_atlanta_falcons,20260920NFL00055,DK,draftkings,change,4,2026-09-20T03:20:00,Sep 20,3:20 AM ET,28m ago,home,Atlanta Falcons,2.5,29.0,21.0,43.5,8.0,23.0,130.0,75.0,19.0
2026-09-20T03:48:48,nfl,nfl_20260920_carolina_panthers_atlanta_falcons,20260920NFL00055,DK,draftkings,change,5,2026-09-20T02:55:00,Sep 20,2:55 AM ET,53m ago,away,Carolina Panthers,-2.5,71.0,80.0,43.5,92.0,77.0,-155.0,25.0,81.0
2026-09-20T03:48:48,nfl,nfl_20260920_carolina_panthers_atlanta_falcons,20260920NFL00055,DK,draftkings,change,5,2026-09-20T02:55:00,Sep 20,2:55 AM ET,53m ago,home,Atlanta Falcons,2.5,29.0,20.0,43.5,8.0,23.0,130.0,75.0,19.0
2026-09-20T03:48:48,nfl,nfl_20260920_carolina_panthers_atlanta_falcons,20260920NFL00055,DK,draftkings,change,6,2026-09-20T02:30:00,Sep 20,2:30 AM ET,1h ago,away,Carolina Panthers,-2.5,71.0,80.0,43.5,92.0,77.0,-155.0,24.0,81.0
2026-09-20T03:48:48,nfl,nfl_20260920_carolina_panthers_atlanta_falcons,20260920NFL00055,DK,draftkings,change,6,2026-09-20T02:30:00,Sep 20,2:30 AM ET,1h ago,home,Atlanta Falcons,2.5,29.0,20.0,43.5,8.0,23.0,130.0,76.0,19.0
2026-09-20T03:48:48,nfl,nfl_20260920_carolina_panthers_atlanta_falcons,20260920NFL00055,DK,draftkings,change,7,2026-09-20T01:15:00,Sep 20,1:15 AM ET,2h ago,away,Carolina Panthers,-2.5,73.0,80.0,43.5,92.0,77.0,-155.0,24.0,81.0
2026-09-20T03:48:48,nfl,nfl_20260920_carolina_panthers_atlanta_falcons,20260920NFL00055,DK,draftkings,change,7,2026-09-20T01:15:00,Sep 20,1:15 AM ET,2h ago,home,Atlanta Falcons,2.5,27.0,20.0,43.5,8.0,23.0,130.0,76.0,19.0
2026-09-20T03:48:48,nfl,nfl_20260920_carolina_panthers_atlanta_falcons,20260920NFL00055,DK,draftkings,change,8,2026-09-20T00:50:00,Sep 20,12:50 AM ET,2h ago,away,Carolina Panthers,-2.5,73.0,80.0,43.5,92.0,77.0,-155.0,23.0,81.0
2026-09-20T03:48:48,nfl,nfl_20260920_carolina_panthers_atlanta_falcons,20260920NFL00055,DK,draftkings,change,8,2026-09-20T00:50:00,Sep 20,12:50 AM ET,2h ago,home,Atlanta Falcons,2.5,27.0,20.0,43.5,8.0,23.0,130.0,77.0,19.0
2026-09-20T03:48:48,nfl,nfl_20260920_carolina_panthers_atlanta_falcons,20260920NFL00055,DK,draftkings,change,9,2026-09-20T00:35:00,Sep 20,12:35 AM ET,3h ago,away,Carolina Panthers,-2.5,73.0,80.0,43.5,94.0,77.0,-155.0,23.0,81.0
2026-09-20T03:48:48,nfl,nfl_20260920_carolina_panthers_atlanta_falcons,20260920NFL00055,DK,draftkings,change,9,2026-09-20T00:35:00,Sep 20,12:35 AM ET,3h ago,home,Atlanta Falcons,2.5,27.0,20.0,43.5,6.0,23.0,130.0,77.0,19.0
2026-09-20T03:48:48,nfl,nfl_20260920_carolina_panthers_atlanta_falcons,20260920NFL00055,DK,draftkings,change,10,2026-09-20T00:00:00,Sep 20,12:00 AM ET,3h ago,away,Carolina Panthers,-2.5,72.0,80.0,43.5,94.0,77.0,-155.0,23.0,81.0
2026-09-20T03:48:48,nfl,nfl_20260920_carolina_panthers_atlanta_falcons,20260920NFL00055,DK,draftkings,change,10,2026-09-20T00:00:00,Sep 20,12:00 AM ET,3h ago,home,Atlanta Falcons,2.5,28.0,20.0,43.5,6.0,23.0,130.0,77.0,19.0
2026-09-20T03:48:48,nfl,nfl_20260920_carolina_panthers_atlanta_falcons,20260920NFL00055,DK,draftkings,change,11,2026-09-19T23:50:00,Sep 19,11:50 PM ET,3h ago,away,Carolina Panthers,-2.5,71.0,80.0,43.5,94.0,77.0,-155.0,23.0,81.0
2026-09-20T03:48:48,nfl,nfl_20260920_carolina_panthers_atlanta_falcons,20260920NFL00055,DK,draftkings,change,11,2026-09-19T23:50:00,Sep 19,11:50 PM ET,3h ago,home,Atlanta Falcons,2.5,29.0,20.0,43.5,6.0,23.0,130.0,77.0,19.0
2026-09-20T03:48:48,nfl,nfl_20260920_carolina_panthers_atlanta_falcons,20260920NFL00055,DK,draftkings,change,12,2026-09-19T23:10:00,Sep 19,11:10 PM ET,4h ago,away,Carolina Panthers,-2.5,71.0,80.0,43.5,94.0,77.0,-155.0,22.0,81.0
2026-09-20T03:48:48,nfl,nfl_20260920_carolina_panthers_atlanta_falcons,20260920NFL00055,DK,draftkings,change,12,2026-09-19T23:10:00,Sep 19,11:10 PM ET,4h ago,home,Atlanta Falcons,2.5,29.0,20.0,43.5,6.0,23.0,130.0,78.0,19.0
2026-09-20T03:48:48,nfl,nfl_20260920_carolina_panthers_atlanta_falcons,20260920NFL00055,DK,draftkings,change,13,2026-09-19T22:40:00,Sep 19,10:40 PM ET,5h ago,away,Carolina Panthers,-2.5,71.0,80.0,43.5,94.0,76.0,-155.0,22.0,81.0
2026-09-20T03:48:48,nfl,nfl_20260920_carolina_panthers_atlanta_falcons,20260920NFL00055,DK,draftkings,change,13,2026-09-19T22:40:00,Sep 19,10:40 PM ET,5h ago,home,Atlanta Falcons,2.5,29.0,20.0,43.5,6.0,24.0,130.0,78.0,19.0
2026-09-20T03:48:48,nfl,nfl_20260920_carolina_panthers_atlanta_falcons,20260920NFL00055,DK,draftkings,change,14,2026-09-19T21:35:00,Sep 19,9:35 PM ET,6h ago,away,Carolina Panthers,-2.5,71.0,80.0,43.5,94.0,76.0,-155.0,21.0,81.0
2026-09-20T03:48:48,nfl,nfl_20260920_carolina_panthers_atlanta_falcons,20260920NFL00055,DK,draftkings,change,14,2026-09-19T21:35:00,Sep 19,9:35 PM ET,6h ago,home,Atlanta Falcons,2.5,29.0,20.0,43.5,6.0,24.0,130.0,79.0,19.0
2026-09-20T03:48:48,nfl,nfl_20260920_carolina_panthers_atlanta_falcons,20260920NFL00055,DK,draftkings,change,15,2026-09-19T21:25:00,Sep 19,9:25 PM ET,6h ago,away,Carolina Panthers,-2.5,71.0,80.0,43.5,94.0,77.0,-155.0,21.0,81.0
2026-09-20T03:48:48,nfl,nfl_20260920_carolina_panthers_atlanta_falcons,20260920NFL00055,DK,draftkings,change,15,2026-09-19T21:25:00,Sep 19,9:25 PM ET,6h ago,home,Atlanta Falcons,2.5,29.0,20.0,43.5,6.0,23.0,130.0,79.0,19.0
2026-09-20T03:48:48,nfl,nfl_20260920_carolina_panthers_atlanta_falcons,20260920NFL00055,DK,draftkings,change,16,2026-09-19T21:10:00,Sep 19,9:10 PM ET,6h ago,away,Carolina Panthers,-2.5,71.0,80.0,43.5,94.0,76.0,-155.0,22.0,81.0
2026-09-20T03:48:48,nfl,nfl_20260920_carolina_panthers_atlanta_falcons,20260920NFL00055,DK,draftkings,change,16,2026-09-19T21:10:00,Sep 19,9:10 PM ET,6h ago,home,Atlanta Falcons,2.5,29.0,20.0,43.5,6.0,24.0,130.0,78.0,19.0
2026-09-20T03:48:48,nfl,nfl_20260920_carolina_panthers_atlanta_falcons,20260920NFL00055,DK,draftkings,change,17,2026-09-19T18:10:00,Sep 19,6:10 PM ET,9h ago,away,Carolina Panthers,-2.5,71.0,80.0,43.5,94.0,76.0,-155.0,21.0,81.0
2026-09-20T03:48:48,nfl,nfl_20260920_carolina_panthers_atlanta_falcons,20260920NFL00055,DK,draftkings,change,17,2026-09-19T18:10:00,Sep 19,6:10 PM ET,9h ago,home,Atlanta Falcons,2.5,29.0,20.0,43.5,6.0,24.0,130.0,79.0,19.0
2026-09-20T03:48:48,nfl,nfl_20260920_carolina_panthers_atlanta_falcons,20260920NFL00055,DK,draftkings,change,18,2026-09-19T17:10:00,Sep 19,5:10 PM ET,10h ago,away,Carolina Panthers,-2.5,71.0,80.0,43.5,94.0,76.0,-155.0,20.0,81.0
2026-09-20T03:48:48,nfl,nfl_20260920_carolina_panthers_atlanta_falcons,20260920NFL00055,DK,draftkings,change,18,2026-09-19T17:10:00,Sep 19,5:10 PM ET,10h ago,home,Atlanta Falcons,2.5,29.0,20.0,43.5,6.0,24.0,130.0,80.0,19.0
2026-09-20T03:48:48,nfl,nfl_20260920_carolina_panthers_atlanta_falcons,20260920NFL00055,DK,draftkings,change,19,2026-09-19T16:10:00,Sep 19,4:10 PM ET,11h ago,away,Carolina Panthers,-2.5,70.0,80.0,43.5,94.0,76.0,-155.0,20.0,81.0
2026-09-20T03:48:48,nfl,nfl_20260920_carolina_panthers_atlanta_falcons,20260920NFL00055,DK,draftkings,change,19,2026-09-19T16:10:00,Sep 19,4:10 PM ET,11h ago,home,Atlanta Falcons,2.5,30.0,20.0,43.5,6.0,24.0,130.0,80.0,19.0
2026-09-20T03:48:48,nfl,nfl_20260920_carolina_panthers_atlanta_falcons,20260920NFL00055,DK,draftkings,change,20,2026-09-19T15:45:00,Sep 19,3:45 PM ET,12h ago,away,Carolina Panthers,-2.5,69.0,80.0,43.5,94.0,76.0,-155.0,20.0,81.0
2026-09-20T03:48:48,nfl,nfl_20260920_carolina_panthers_atlanta_falcons,20260920NFL00055,DK,draftkings,change,20,2026-09-19T15:45:00,Sep 19,3:45 PM ET,12h ago,home,Atlanta Falcons,2.5,31.0,20.0,43.5,6.0,24.0,130.0,80.0,19.0
2026-09-20T03:48:48,nfl,nfl_20260920_carolina_panthers_atlanta_falcons,20260920NFL00055,DK,draftkings,change,21,2026-09-19T15:15:00,Sep 19,3:15 PM ET,12h ago,away,Carolina Panthers,-2.5,69.0,80.0,43.5,94.0,76.0,-155.0,19.0,81.0
2026-09-20T03:48:48,nfl,nfl_20260920_carolina_panthers_atlanta_falcons,20260920NFL00055,DK,draftkings,change,21,2026-09-19T15:15:00,Sep 19,3:15 PM ET,12h ago,home,Atlanta Falcons,2.5,31.0,20.0,43.5,6.0,24.0,130.0,81.0,19.0
2026-09-20T03:48:48,nfl,nfl_20260920_carolina_panthers_atlanta_falcons,20260920NFL00055,DK,draftkings,change,22,2026-09-19T14:10:00,Sep 19,2:10 PM ET,13h ago,away,Carolina Panthers,-2.5,69.0,79.0,43.5,94.0,76.0,-155.0,19.0,81.0
2026-09-20T03:48:48,nfl,nfl_20260920_carolina_panthers_atlanta_falcons,20260920NFL00055,DK,draftkings,change,22,2026-09-19T14:10:00,Sep 19,2:10 PM ET,13h ago,home,Atlanta Falcons,2.5,31.0,21.0,43.5,6.0,24.0,130.0,81.0,19.0
2026-09-20T03:48:48,nfl,nfl_20260920_carolina_panthers_atlanta_falcons,20260920NFL00055,DK,draftkings,change,23,2026-09-19T14:05:00,Sep 19,2:05 PM ET,13h ago,away,Carolina Panthers,-2.5,69.0,80.0,43.5,94.0,76.0,-155.0,19.0,81.0
2026-09-20T03:48:48,nfl,nfl_20260920_carolina_panthers_atlanta_falcons,20260920NFL00055,DK,draftkings,change,23,2026-09-19T14:05:00,Sep 19,2:05 PM ET,13h ago,home,Atlanta Falcons,2.5,31.0,20.0,43.5,6.0,24.0,130.0,81.0,19.0
2026-09-20T03:48:48,nfl,nfl_20260920_carolina_panthers_atlanta_falcons,20260920NFL00055,DK,draftkings,change,24,2026-09-19T13:10:00,Sep 19,1:10 PM ET,14h ago,away,Carolina Panthers,-2.5,69.0,79.0,43.5,94.0,76.0,-155.0,19.0,81.0
2026-09-20T03:48:48,nfl,nfl_20260920_carolina_panthers_atlanta_falcons,20260920NFL00055,DK,draftkings,change,24,2026-09-19T13:10:00,Sep 19,1:10 PM ET,14h ago,home,Atlanta Falcons,2.5,31.0,21.0,43.5,6.0,24.0,130.0,81.0,19.0
2026-09-20T03:48:48,nfl,nfl_20260920_carolina_panthers_atlanta_falcons,20260920NFL00055,DK,draftkings,change,25,2026-09-19T12:55:00,Sep 19,12:55 PM ET,14h ago,away,Carolina Panthers,-2.5,69.0,79.0,43.5,94.0,77.0,-155.0,19.0,81.0
2026-09-20T03:48:48,nfl,nfl_20260920_carolina_panthers_atlanta_falcons,20260920NFL00055,DK,draftkings,change,25,2026-09-19T12:55:00,Sep 19,12:55 PM ET,14h ago,home,Atlanta Falcons,2.5,31.0,21.0,43.5,6.0,23.0,130.0,81.0,19.0
2026-09-20T03:48:48,nfl,nfl_20260920_carolina_panthers_atlanta_falcons,20260920NFL00055,DK,draftkings,change,26,2026-09-19T12:45:00,Sep 19,12:45 PM ET,15h ago,away,Carolina Panthers,-2.5,69.0,79.0,43.5,94.0,76.0,-155.0,19.0,81.0
2026-09-20T03:48:48,nfl,nfl_20260920_carolina_panthers_atlanta_falcons,20260920NFL00055,DK,draftkings,change,26,2026-09-19T12:45:00,Sep 19,12:45 PM ET,15h ago,home,Atlanta Falcons,2.5,31.0,21.0,43.5,6.0,24.0,130.0,81.0,19.0
2026-09-20T03:48:48,nfl,nfl_20260920_carolina_panthers_atlanta_falcons,20260920NFL00055,DK,draftkings,change,27,2026-09-19T12:00:00,Sep 19,12:00 PM ET,15h ago,away,Carolina Panthers,-2.5,69.0,79.0,43.5,94.0,77.0,-155.0,19.0,81.0
2026-09-20T03:48:48,nfl,nfl_20260920_carolina_panthers_atlanta_falcons,20260920NFL00055,DK,draftkings,change,27,2026-09-19T12:00:00,Sep 19,12:00 PM ET,15h ago,home,Atlanta Falcons,2.5,31.0,21.0,43.5,6.0,23.0,130.0,81.0,19.0
2026-09-20T03:48:49,nfl,nfl_20260920_carolina_panthers_atlanta_falcons,20260920NFL00055,CIRCA,circa,open,1,2026-09-13T21:10:00,Sep 13,9:10 PM ET,6d ago,away,Carolina Panthers,1.5,50.0,50.0,43.5,50.0,50.0,100.0,50.0,50.0
2026-09-20T03:48:49,nfl,nfl_20260920_carolina_panthers_atlanta_falcons,20260920NFL00055,CIRCA,circa,open,1,2026-09-13T21:10:00,Sep 13,9:10 PM ET,6d ago,home,Atlanta Falcons,-1.5,50.0,50.0,43.5,50.0,50.0,-120.0,50.0,50.0
2026-09-20T03:48:49,nfl,nfl_20260920_carolina_panthers_atlanta_falcons,20260920NFL00055,CIRCA,circa,change,2,2026-09-20T02:30:00,Sep 20,2:30 AM ET,1h ago,away,Carolina Panthers,-2.5,51.0,79.0,43.5,22.0,50.0,-150.0,99.0,75.0
2026-09-20T03:48:49,nfl,nfl_20260920_carolina_panthers_atlanta_falcons,20260920NFL00055,CIRCA,circa,change,2,2026-09-20T02:30:00,Sep 20,2:30 AM ET,1h ago,home,Atlanta Falcons,2.5,49.0,21.0,43.5,78.0,50.0,130.0,1.0,25.0
2026-09-20T03:48:49,nfl,nfl_20260920_carolina_panthers_atlanta_falcons,20260920NFL00055,CIRCA,circa,change,3,2026-09-20T02:20:00,Sep 20,2:20 AM ET,1h ago,away,Carolina Panthers,-2.5,50.0,78.0,43.5,22.0,50.0,-150.0,99.0,75.0
2026-09-20T03:48:49,nfl,nfl_20260920_carolina_panthers_atlanta_falcons,20260920NFL00055,CIRCA,circa,change,3,2026-09-20T02:20:00,Sep 20,2:20 AM ET,1h ago,home,Atlanta Falcons,2.5,50.0,22.0,43.5,78.0,50.0,130.0,1.0,25.0
2026-09-20T03:48:49,nfl,nfl_20260920_carolina_panthers_atlanta_falcons,20260920NFL00055,CIRCA,circa,change,4,2026-09-20T02:15:00,Sep 20,2:15 AM ET,1h ago,away,Carolina Panthers,-2.5,49.0,78.0,43.5,22.0,50.0,-150.0,99.0,75.0
2026-09-20T03:48:49,nfl,nfl_20260920_carolina_panthers_atlanta_falcons,20260920NFL00055,CIRCA,circa,change,4,2026-09-20T02:15:00,Sep 20,2:15 AM ET,1h ago,home,Atlanta Falcons,2.5,51.0,22.0,43.5,78.0,50.0,130.0,1.0,25.0
2026-09-20T03:48:49,nfl,nfl_20260920_carolina_panthers_atlanta_falcons,20260920NFL00055,CIRCA,circa,change,5,2026-09-20T01:05:00,Sep 20,1:05 AM ET,2h ago,away,Carolina Panthers,-2.5,49.0,78.0,43.5,24.0,54.0,-150.0,99.0,75.0
2026-09-20T03:48:49,nfl,nfl_20260920_carolina_panthers_atlanta_falcons,20260920NFL00055,CIRCA,circa,change,5,2026-09-20T01:05:00,Sep 20,1:05 AM ET,2h ago,home,Atlanta Falcons,2.5,51.0,22.0,43.5,76.0,46.0,130.0,1.0,25.0
2026-09-20T03:48:49,nfl,nfl_20260920_carolina_panthers_atlanta_falcons,20260920NFL00055,CIRCA,circa,change,6,2026-09-20T01:00:00,Sep 20,1:00 AM ET,2h ago,away,Carolina Panthers,-2.5,48.0,77.0,43.5,24.0,54.0,-150.0,99.0,75.0
2026-09-20T03:48:49,nfl,nfl_20260920_carolina_panthers_atlanta_falcons,20260920NFL00055,CIRCA,circa,change,6,2026-09-20T01:00:00,Sep 20,1:00 AM ET,2h ago,home,Atlanta Falcons,2.5,52.0,23.0,43.5,76.0,46.0,130.0,1.0,25.0
2026-09-20T03:48:49,nfl,nfl_20260920_carolina_panthers_atlanta_falcons,20260920NFL00055,CIRCA,circa,change,7,2026-09-20T00:50:00,Sep 20,12:50 AM ET,2h ago,away,Carolina Panthers,-2.5,48.0,79.0,43.5,24.0,50.0,-150.0,99.0,75.0
2026-09-20T03:48:49,nfl,nfl_20260920_carolina_panthers_atlanta_falcons,20260920NFL00055,CIRCA,circa,change,7,2026-09-20T00:50:00,Sep 20,12:50 AM ET,2h ago,home,Atlanta Falcons,2.5,52.0,21.0,43.5,76.0,50.0,130.0,1.0,25.0
2026-09-20T03:48:49,nfl,nfl_20260920_carolina_panthers_atlanta_falcons,20260920NFL00055,CIRCA,circa,change,8,2026-09-20T00:20:00,Sep 20,12:20 AM ET,3h ago,away,Carolina Panthers,-2.5,48.0,78.0,43.5,24.0,50.0,-150.0,99.0,75.0
2026-09-20T03:48:49,nfl,nfl_20260920_carolina_panthers_atlanta_falcons,20260920NFL00055,CIRCA,circa,change,8,2026-09-20T00:20:00,Sep 20,12:20 AM ET,3h ago,home,Atlanta Falcons,2.5,52.0,22.0,43.5,76.0,50.0,130.0,1.0,25.0
2026-09-20T03:48:49,nfl,nfl_20260920_carolina_panthers_atlanta_falcons,20260920NFL00055,CIRCA,circa,change,9,2026-09-20T00:10:00,Sep 20,12:10 AM ET,3h ago,away,Carolina Panthers,-2.5,48.0,77.0,43.5,24.0,50.0,-150.0,99.0,75.0
2026-09-20T03:48:49,nfl,nfl_20260920_carolina_panthers_atlanta_falcons,20260920NFL00055,CIRCA,circa,change,9,2026-09-20T00:10:00,Sep 20,12:10 AM ET,3h ago,home,Atlanta Falcons,2.5,52.0,23.0,43.5,76.0,50.0,130.0,1.0,25.0
2026-09-20T03:48:49,nfl,nfl_20260920_carolina_panthers_atlanta_falcons,20260920NFL00055,CIRCA,circa,change,10,2026-09-19T23:45:00,Sep 19,11:45 PM ET,4h ago,away,Carolina Panthers,-2.5,51.0,79.0,43.5,24.0,50.0,-150.0,99.0,75.0
2026-09-20T03:48:49,nfl,nfl_20260920_carolina_panthers_atlanta_falcons,20260920NFL00055,CIRCA,circa,change,10,2026-09-19T23:45:00,Sep 19,11:45 PM ET,4h ago,home,Atlanta Falcons,2.5,49.0,21.0,43.5,76.0,50.0,130.0,1.0,25.0
2026-09-20T03:48:49,nfl,nfl_20260920_carolina_panthers_atlanta_falcons,20260920NFL00055,CIRCA,circa,change,11,2026-09-19T23:35:00,Sep 19,11:35 PM ET,4h ago,away,Carolina Panthers,-2.5,51.0,80.0,43.5,24.0,50.0,-150.0,99.0,75.0
2026-09-20T03:48:49,nfl,nfl_20260920_carolina_panthers_atlanta_falcons,20260920NFL00055,CIRCA,circa,change,11,2026-09-19T23:35:00,Sep 19,11:35 PM ET,4h ago,home,Atlanta Falcons,2.5,49.0,20.0,43.5,76.0,50.0,130.0,1.0,25.0
2026-09-20T03:48:49,nfl,nfl_20260920_carolina_panthers_atlanta_falcons,20260920NFL00055,CIRCA,circa,change,12,2026-09-19T23:30:00,Sep 19,11:30 PM ET,4h ago,away,Carolina Panthers,-2.5,92.0,83.0,43.5,24.0,50.0,-150.0,99.0,75.0
2026-09-20T03:48:49,nfl,nfl_20260920_carolina_panthers_atlanta_falcons,20260920NFL00055,CIRCA,circa,change,12,2026-09-19T23:30:00,Sep 19,11:30 PM ET,4h ago,home,Atlanta Falcons,2.5,8.0,18.0,43.5,76.0,50.0,130.0,1.0,25.0
2026-09-20T03:48:49,nfl,nfl_20260920_carolina_panthers_atlanta_falcons,20260920NFL00055,CIRCA,circa,change,13,2026-09-19T23:20:00,Sep 19,11:20 PM ET,4h ago,away,Carolina Panthers,-2.5,93.0,85.0,43.5,24.0,50.0,-150.0,99.0,75.0
2026-09-20T03:48:49,nfl,nfl_20260920_carolina_panthers_atlanta_falcons,20260920NFL00055,CIRCA,circa,change,13,2026-09-19T23:20:00,Sep 19,11:20 PM ET,4h ago,home,Atlanta Falcons,2.5,7.0,15.0,43.5,76.0,50.0,130.0,1.0,25.0
2026-09-20T03:48:49,nfl,nfl_20260920_carolina_panthers_atlanta_falcons,20260920NFL00055,CIRCA,circa,change,14,2026-09-19T23:10:00,Sep 19,11:10 PM ET,4h ago,away,Carolina Panthers,-2.5,93.0,85.0,43.5,24.0,45.0,-150.0,99.0,75.0
2026-09-20T03:48:49,nfl,nfl_20260920_carolina_panthers_atlanta_falcons,20260920NFL00055,CIRCA,circa,change,14,2026-09-19T23:10:00,Sep 19,11:10 PM ET,4h ago,home,Atlanta Falcons,2.5,7.0,15.0,43.5,76.0,55.0,130.0,1.0,25.0
2026-09-20T03:48:49,nfl,nfl_20260920_carolina_panthers_atlanta_falcons,20260920NFL00055,CIRCA,circa,change,15,2026-09-19T22:05:00,Sep 19,10:05 PM ET,5h ago,away,Carolina Panthers,-2.5,93.0,84.0,43.5,24.0,45.0,-150.0,99.0,75.0
2026-09-20T03:48:49,nfl,nfl_20260920_carolina_panthers_atlanta_falcons,20260920NFL00055,CIRCA,circa,change,15,2026-09-19T22:05:00,Sep 19,10:05 PM ET,5h ago,home,Atlanta Falcons,2.5,7.0,16.0,43.5,76.0,55.0,130.0,1.0,25.0
2026-09-20T03:48:49,nfl,nfl_20260920_carolina_panthers_atlanta_falcons,20260920NFL00055,CIRCA,circa,change,16,2026-09-19T21:55:00,Sep 19,9:55 PM ET,5h ago,away,Carolina Panthers,-2.5,93.0,84.0,43.5,24.0,45.0,-150.0,99.0,71.0
2026-09-20T03:48:49,nfl,nfl_20260920_carolina_panthers_atlanta_falcons,20260920NFL00055,CIRCA,circa,change,16,2026-09-19T21:55:00,Sep 19,9:55 PM ET,5h ago,home,Atlanta Falcons,2.5,7.0,16.0,43.5,76.0,55.0,130.0,1.0,29.0
2026-09-20T03:48:49,nfl,nfl_20260920_carolina_panthers_atlanta_falcons,20260920NFL00055,CIRCA,circa,change,17,2026-09-19T21:20:00,Sep 19,9:20 PM ET,6h ago,away,Carolina Panthers,-2.5,93.0,83.0,43.5,24.0,45.0,-150.0,99.0,71.0
2026-09-20T03:48:49,nfl,nfl_20260920_carolina_panthers_atlanta_falcons,20260920NFL00055,CIRCA,circa,change,17,2026-09-19T21:20:00,Sep 19,9:20 PM ET,6h ago,home,Atlanta Falcons,2.5,7.0,17.0,43.5,76.0,55.0,130.0,1.0,29.0
2026-09-20T03:48:49,nfl,nfl_20260920_carolina_panthers_atlanta_falcons,20260920NFL00055,CIRCA,circa,change,18,2026-09-19T20:30:00,Sep 19,8:30 PM ET,7h ago,away,Carolina Panthers,-2.5,93.0,82.0,43.5,24.0,45.0,-150.0,99.0,71.0
2026-09-20T03:48:49,nfl,nfl_20260920_carolina_panthers_atlanta_falcons,20260920NFL00055,CIRCA,circa,change,18,2026-09-19T20:30:00,Sep 19,8:30 PM ET,7h ago,home,Atlanta Falcons,2.5,7.0,18.0,43.5,76.0,55.0,130.0,1.0,29.0
2026-09-20T03:48:49,nfl,nfl_20260920_carolina_panthers_atlanta_falcons,20260920NFL00055,CIRCA,circa,change,19,2026-09-19T19:30:00,Sep 19,7:30 PM ET,8h ago,away,Carolina Panthers,-2.5,93.0,84.0,43.5,24.0,45.0,-150.0,99.0,71.0
2026-09-20T03:48:49,nfl,nfl_20260920_carolina_panthers_atlanta_falcons,20260920NFL00055,CIRCA,circa,change,19,2026-09-19T19:30:00,Sep 19,7:30 PM ET,8h ago,home,Atlanta Falcons,2.5,7.0,16.0,43.5,76.0,55.0,130.0,1.0,29.0
2026-09-20T03:48:49,nfl,nfl_20260920_carolina_panthers_atlanta_falcons,20260920NFL00055,CIRCA,circa,change,20,2026-09-19T16:01:00,Sep 19,4:01 PM ET,11h ago,away,Carolina Panthers,-2.5,93.0,84.0,43.5,23.0,40.0,-150.0,99.0,71.0
2026-09-20T03:48:49,nfl,nfl_20260920_carolina_panthers_atlanta_falcons,20260920NFL00055,CIRCA,circa,change,20,2026-09-19T16:01:00,Sep 19,4:01 PM ET,11h ago,home,Atlanta Falcons,2.5,7.0,16.0,43.5,77.0,60.0,130.0,1.0,29.0
2026-09-20T03:48:49,nfl,nfl_20260920_carolina_panthers_atlanta_falcons,20260920NFL00055,CIRCA,circa,change,21,2026-09-19T15:00:00,Sep 19,3:00 PM ET,12h ago,away,Carolina Panthers,-2.5,93.0,83.0,43.5,23.0,40.0,-150.0,99.0,71.0
2026-09-20T03:48:49,nfl,nfl_20260920_carolina_panthers_atlanta_falcons,20260920NFL00055,CIRCA,circa,change,21,2026-09-19T15:00:00,Sep 19,3:00 PM ET,12h ago,home,Atlanta Falcons,2.5,7.0,17.0,43.5,77.0,60.0,130.0,1.0,29.0
2026-09-20T03:48:49,nfl,nfl_20260920_carolina_panthers_atlanta_falcons,20260920NFL00055,CIRCA,circa,change,22,2026-09-19T13:50:00,Sep 19,1:50 PM ET,13h ago,away,Carolina Panthers,-2.5,93.0,83.0,43.5,23.0,40.0,-150.0,99.0,67.0
2026-09-20T03:48:49,nfl,nfl_20260920_carolina_panthers_atlanta_falcons,20260920NFL00055,CIRCA,circa,change,22,2026-09-19T13:50:00,Sep 19,1:50 PM ET,13h ago,home,Atlanta Falcons,2.5,7.0,17.0,43.5,77.0,60.0,130.0,1.0,33.0
2026-09-20T03:48:49,nfl,nfl_20260920_carolina_panthers_atlanta_falcons,20260920NFL00055,CIRCA,circa,change,23,2026-09-18T23:10:00,Sep 18,11:10 PM ET,1d ago,away,Carolina Panthers,-2.5,97.0,86.0,43.5,23.0,40.0,-150.0,99.0,67.0
2026-09-20T03:48:49,nfl,nfl_20260920_carolina_panthers_atlanta_falcons,20260920NFL00055,CIRCA,circa,change,23,2026-09-18T23:10:00,Sep 18,11:10 PM ET,1d ago,home,Atlanta Falcons,2.5,3.0,14.0,43.5,77.0,60.0,130.0,1.0,33.0
2026-09-20T03:48:49,nfl,nfl_20260920_carolina_panthers_atlanta_falcons,20260920NFL00055,CIRCA,circa,change,24,2026-09-18T23:00:00,Sep 18,11:00 PM ET,1d ago,away,Carolina Panthers,-2.5,97.0,86.0,43.5,23.0,33.0,-150.0,99.0,67.0
2026-09-20T03:48:49,nfl,nfl_20260920_carolina_panthers_atlanta_falcons,20260920NFL00055,CIRCA,circa,change,24,2026-09-18T23:00:00,Sep 18,11:00 PM ET,1d ago,home,Atlanta Falcons,2.5,3.0,14.0,43.5,77.0,67.0,130.0,1.0,33.0
2026-09-20T03:48:49,nfl,nfl_20260920_carolina_panthers_atlanta_falcons,20260920NFL00055,CIRCA,circa,change,25,2026-09-18T22:25:00,Sep 18,10:25 PM ET,1d ago,away,Carolina Panthers,-2.5,97.0,85.0,43.5,23.0,33.0,-150.0,99.0,67.0
2026-09-20T03:48:49,nfl,nfl_20260920_carolina_panthers_atlanta_falcons,20260920NFL00055,CIRCA,circa,change,25,2026-09-18T22:25:00,Sep 18,10:25 PM ET,1d ago,home,Atlanta Falcons,2.5,3.0,15.0,43.5,77.0,67.0,130.0,1.0,33.0
2026-09-20T03:48:49,nfl,nfl_20260920_carolina_panthers_atlanta_falcons,20260920NFL00055,CIRCA,circa,change,26,2026-09-18T20:15:00,Sep 18,8:15 PM ET,1d ago,away,Carolina Panthers,-2.5,97.0,85.0,43.5,23.0,38.0,-150.0,99.0,67.0
2026-09-20T03:48:49,nfl,nfl_20260920_carolina_panthers_atlanta_falcons,20260920NFL00055,CIRCA,circa,change,26,2026-09-18T20:15:00,Sep 18,8:15 PM ET,1d ago,home,Atlanta Falcons,2.5,3.0,15.0,43.5,77.0,63.0,130.0,1.0,33.0
2026-09-20T03:48:50,nfl,nfl_20260920_cleveland_browns_tampa_bay_buccaneers,20260920NFL00058,DK,draftkings,open,1,2026-05-14T22:40:00,May 14,10:40 PM ET,128d ago,away,Cleveland Browns,,0.0,0.0,,0.0,0.0,200.0,0.0,0.0
2026-09-20T03:48:50,nfl,nfl_20260920_cleveland_browns_tampa_bay_buccaneers,20260920NFL00058,DK,draftkings,open,1,2026-05-14T22:40:00,May 14,10:40 PM ET,128d ago,home,Tampa Bay Buccaneers,,0.0,0.0,,0.0,0.0,-245.0,100.0,100.0
2026-09-20T03:48:50,nfl,nfl_20260920_cleveland_browns_tampa_bay_buccaneers,20260920NFL00058,DK,draftkings,first_full,2,2026-05-15T14:20:00,May 15,2:20 PM ET,127d ago,away,Cleveland Browns,5.5,6.0,17.0,42.5,100.0,100.0,200.0,11.0,13.0
2026-09-20T03:48:50,nfl,nfl_20260920_cleveland_browns_tampa_bay_buccaneers,20260920NFL00058,DK,draftkings,first_full,2,2026-05-15T14:20:00,May 15,2:20 PM ET,127d ago,home,Tampa Bay Buccaneers,-5.5,94.0,83.0,42.5,0.0,0.0,-245.0,89.0,88.0
2026-09-20T03:48:50,nfl,nfl_20260920_cleveland_browns_tampa_bay_buccaneers,20260920NFL00058,DK,draftkings,change,3,2026-09-20T02:45:00,Sep 20,2:45 AM ET,1h ago,away,Cleveland Browns,7.5,15.0,19.0,41.5,72.0,66.0,340.0,9.0,4.0
2026-09-20T03:48:50,nfl,nfl_20260920_cleveland_browns_tampa_bay_buccaneers,20260920NFL00058,DK,draftkings,change,3,2026-09-20T02:45:00,Sep 20,2:45 AM ET,1h ago,home,Tampa Bay Buccaneers,-7.5,85.0,81.0,41.5,28.0,34.0,-440.0,91.0,96.0
2026-09-20T03:48:50,nfl,nfl_20260920_cleveland_browns_tampa_bay_buccaneers,20260920NFL00058,DK,draftkings,change,4,2026-09-20T01:50:00,Sep 20,1:50 AM ET,1h ago,away,Cleveland Browns,7.5,16.0,19.0,41.5,72.0,66.0,340.0,9.0,4.0
2026-09-20T03:48:50,nfl,nfl_20260920_cleveland_browns_tampa_bay_buccaneers,20260920NFL00058,DK,draftkings,change,4,2026-09-20T01:50:00,Sep 20,1:50 AM ET,1h ago,home,Tampa Bay Buccaneers,-7.5,84.0,81.0,41.5,28.0,34.0,-440.0,91.0,96.0
2026-09-20T03:48:50,nfl,nfl_20260920_cleveland_browns_tampa_bay_buccaneers,20260920NFL00058,DK,draftkings,change,5,2026-09-20T01:40:00,Sep 20,1:40 AM ET,2h ago,away,Cleveland Browns,7.5,15.0,19.0,41.5,72.0,66.0,340.0,9.0,4.0
2026-09-20T03:48:50,nfl,nfl_20260920_cleveland_browns_tampa_bay_buccaneers,20260920NFL00058,DK,draftkings,change,5,2026-09-20T01:40:00,Sep 20,1:40 AM ET,2h ago,home,Tampa Bay Buccaneers,-7.5,85.0,81.0,41.5,28.0,34.0,-440.0,91.0,96.0
2026-09-20T03:48:50,nfl,nfl_20260920_cleveland_browns_tampa_bay_buccaneers,20260920NFL00058,DK,draftkings,change,6,2026-09-20T00:50:00,Sep 20,12:50 AM ET,2h ago,away,Cleveland Browns,7.5,15.0,19.0,41.5,72.0,65.0,340.0,9.0,4.0
2026-09-20T03:48:50,nfl,nfl_20260920_cleveland_browns_tampa_bay_buccaneers,20260920NFL00058,DK,draftkings,change,6,2026-09-20T00:50:00,Sep 20,12:50 AM ET,2h ago,home,Tampa Bay Buccaneers,-7.5,85.0,81.0,41.5,28.0,35.0,-440.0,91.0,96.0
2026-09-20T03:48:50,nfl,nfl_20260920_cleveland_browns_tampa_bay_buccaneers,20260920NFL00058,DK,draftkings,change,7,2026-09-20T00:40:00,Sep 20,12:40 AM ET,3h ago,away,Cleveland Browns,7.5,16.0,19.0,41.5,73.0,66.0,340.0,9.0,4.0
2026-09-20T03:48:50,nfl,nfl_20260920_cleveland_browns_tampa_bay_buccaneers,20260920NFL00058,DK,draftkings,change,7,2026-09-20T00:40:00,Sep 20,12:40 AM ET,3h ago,home,Tampa Bay Buccaneers,-7.5,84.0,81.0,41.5,27.0,34.0,-440.0,91.0,96.0
2026-09-20T03:48:50,nfl,nfl_20260920_cleveland_browns_tampa_bay_buccaneers,20260920NFL00058,DK,draftkings,change,8,2026-09-20T00:35:00,Sep 20,12:35 AM ET,3h ago,away,Cleveland Browns,7.5,15.0,19.0,41.5,73.0,66.0,340.0,9.0,4.0
2026-09-20T03:48:50,nfl,nfl_20260920_cleveland_browns_tampa_bay_buccaneers,20260920NFL00058,DK,draftkings,change,8,2026-09-20T00:35:00,Sep 20,12:35 AM ET,3h ago,home,Tampa Bay Buccaneers,-7.5,85.0,81.0,41.5,27.0,34.0,-440.0,91.0,96.0
2026-09-20T03:48:50,nfl,nfl_20260920_cleveland_browns_tampa_bay_buccaneers,20260920NFL00058,DK,draftkings,change,9,2026-09-20T00:10:00,Sep 20,12:10 AM ET,3h ago,away,Cleveland Browns,7.5,16.0,19.0,41.5,73.0,66.0,340.0,9.0,4.0
2026-09-20T03:48:50,nfl,nfl_20260920_cleveland_browns_tampa_bay_buccaneers,20260920NFL00058,DK,draftkings,change,9,2026-09-20T00:10:00,Sep 20,12:10 AM ET,3h ago,home,Tampa Bay Buccaneers,-7.5,84.0,81.0,41.5,27.0,34.0,-440.0,91.0,96.0
2026-09-20T03:48:50,nfl,nfl_20260920_cleveland_browns_tampa_bay_buccaneers,20260920NFL00058,DK,draftkings,change,10,2026-09-19T23:55:00,Sep 19,11:55 PM ET,3h ago,away,Cleveland Browns,7.5,15.0,19.0,41.5,73.0,66.0,340.0,9.0,4.0
2026-09-20T03:48:50,nfl,nfl_20260920_cleveland_browns_tampa_bay_buccaneers,20260920NFL00058,DK,draftkings,change,10,2026-09-19T23:55:00,Sep 19,11:55 PM ET,3h ago,home,Tampa Bay Buccaneers,-7.5,85.0,81.0,41.5,27.0,34.0,-440.0,91.0,96.0
2026-09-20T03:48:50,nfl,nfl_20260920_cleveland_browns_tampa_bay_buccaneers,20260920NFL00058,DK,draftkings,change,11,2026-09-19T23:25:00,Sep 19,11:25 PM ET,4h ago,away,Cleveland Browns,7.5,16.0,19.0,41.5,73.0,66.0,340.0,9.0,4.0
2026-09-20T03:48:50,nfl,nfl_20260920_cleveland_browns_tampa_bay_buccaneers,20260920NFL00058,DK,draftkings,change,11,2026-09-19T23:25:00,Sep 19,11:25 PM ET,4h ago,home,Tampa Bay Buccaneers,-7.5,84.0,81.0,41.5,27.0,34.0,-440.0,91.0,96.0
2026-09-20T03:48:50,nfl,nfl_20260920_cleveland_browns_tampa_bay_buccaneers,20260920NFL00058,DK,draftkings,change,12,2026-09-19T23:20:00,Sep 19,11:20 PM ET,4h ago,away,Cleveland Browns,7.5,16.0,19.0,41.5,73.0,66.0,340.0,9.0,4.0
2026-09-20T03:48:50,nfl,nfl_20260920_cleveland_browns_tampa_bay_buccaneers,20260920NFL00058,DK,draftkings,change,12,2026-09-19T23:20:00,Sep 19,11:20 PM ET,4h ago,home,Tampa Bay Buccaneers,-7.5,84.0,81.0,41.5,27.0,35.0,-440.0,91.0,96.0
2026-09-20T03:48:50,nfl,nfl_20260920_cleveland_browns_tampa_bay_buccaneers,20260920NFL00058,DK,draftkings,change,13,2026-09-19T23:10:00,Sep 19,11:10 PM ET,4h ago,away,Cleveland Browns,7.5,16.0,19.0,41.5,73.0,66.0,340.0,9.0,4.0
2026-09-20T03:48:50,nfl,nfl_20260920_cleveland_browns_tampa_bay_buccaneers,20260920NFL00058,DK,draftkings,change,13,2026-09-19T23:10:00,Sep 19,11:10 PM ET,4h ago,home,Tampa Bay Buccaneers,-7.5,84.0,81.0,41.5,27.0,34.0,-440.0,91.0,96.0
2026-09-20T03:48:50,nfl,nfl_20260920_cleveland_browns_tampa_bay_buccaneers,20260920NFL00058,DK,draftkings,change,14,2026-09-19T22:10:00,Sep 19,10:10 PM ET,5h ago,away,Cleveland Browns,7.5,16.0,19.0,41.5,73.0,65.0,340.0,9.0,4.0
2026-09-20T03:48:50,nfl,nfl_20260920_cleveland_browns_tampa_bay_buccaneers,20260920NFL00058,DK,draftkings,change,14,2026-09-19T22:10:00,Sep 19,10:10 PM ET,5h ago,home,Tampa Bay Buccaneers,-7.5,84.0,81.0,41.5,27.0,35.0,-440.0,91.0,96.0
2026-09-20T03:48:50,nfl,nfl_20260920_cleveland_browns_tampa_bay_buccaneers,20260920NFL00058,DK,draftkings,change,15,2026-09-19T22:00:00,Sep 19,10:00 PM ET,5h ago,away,Cleveland Browns,7.5,17.0,19.0,41.5,73.0,65.0,340.0,9.0,4.0
2026-09-20T03:48:50,nfl,nfl_20260920_cleveland_browns_tampa_bay_buccaneers,20260920NFL00058,DK,draftkings,change,15,2026-09-19T22:00:00,Sep 19,10:00 PM ET,5h ago,home,Tampa Bay Buccaneers,-7.5,83.0,81.0,41.5,27.0,35.0,-440.0,91.0,96.0
2026-09-20T03:48:50,nfl,nfl_20260920_cleveland_browns_tampa_bay_buccaneers,20260920NFL00058,DK,draftkings,change,16,2026-09-19T21:50:00,Sep 19,9:50 PM ET,5h ago,away,Cleveland Browns,7.5,16.0,19.0,41.5,73.0,65.0,340.0,9.0,4.0
2026-09-20T03:48:50,nfl,nfl_20260920_cleveland_browns_tampa_bay_buccaneers,20260920NFL00058,DK,draftkings,change,16,2026-09-19T21:50:00,Sep 19,9:50 PM ET,5h ago,home,Tampa Bay Buccaneers,-7.5,84.0,81.0,41.5,27.0,35.0,-440.0,91.0,96.0
2026-09-20T03:48:50,nfl,nfl_20260920_cleveland_browns_tampa_bay_buccaneers,20260920NFL00058,DK,draftkings,change,17,2026-09-19T21:40:00,Sep 19,9:40 PM ET,6h ago,away,Cleveland Browns,7.5,16.0,19.0,41.5,75.0,65.0,340.0,9.0,4.0
2026-09-20T03:48:50,nfl,nfl_20260920_cleveland_browns_tampa_bay_buccaneers,20260920NFL00058,DK,draftkings,change,17,2026-09-19T21:40:00,Sep 19,9:40 PM ET,6h ago,home,Tampa Bay Buccaneers,-7.5,84.0,81.0,41.5,25.0,35.0,-440.0,91.0,96.0
2026-09-20T03:48:50,nfl,nfl_20260920_cleveland_browns_tampa_bay_buccaneers,20260920NFL00058,DK,draftkings,change,18,2026-09-19T21:35:00,Sep 19,9:35 PM ET,6h ago,away,Cleveland Browns,7.5,17.0,19.0,41.5,75.0,65.0,340.0,9.0,4.0
2026-09-20T03:48:50,nfl,nfl_20260920_cleveland_browns_tampa_bay_buccaneers,20260920NFL00058,DK,draftkings,change,18,2026-09-19T21:35:00,Sep 19,9:35 PM ET,6h ago,home,Tampa Bay Buccaneers,-7.5,83.0,81.0,41.5,25.0,35.0,-440.0,91.0,96.0
2026-09-20T03:48:50,nfl,nfl_20260920_cleveland_browns_tampa_bay_buccaneers,20260920NFL00058,DK,draftkings,change,19,2026-09-19T21:25:00,Sep 19,9:25 PM ET,6h ago,away,Cleveland Browns,7.5,17.0,19.0,41.5,75.0,66.0,340.0,9.0,4.0
2026-09-20T03:48:50,nfl,nfl_20260920_cleveland_browns_tampa_bay_buccaneers,20260920NFL00058,DK,draftkings,change,19,2026-09-19T21:25:00,Sep 19,9:25 PM ET,6h ago,home,Tampa Bay Buccaneers,-7.5,83.0,81.0,41.5,25.0,34.0,-440.0,91.0,96.0
2026-09-20T03:48:50,nfl,nfl_20260920_cleveland_browns_tampa_bay_buccaneers,20260920NFL00058,DK,draftkings,change,20,2026-09-19T21:00:00,Sep 19,9:00 PM ET,6h ago,away,Cleveland Browns,8.5,17.0,20.0,41.5,75.0,66.0,360.0,9.0,4.0
2026-09-20T03:48:50,nfl,nfl_20260920_cleveland_browns_tampa_bay_buccaneers,20260920NFL00058,DK,draftkings,change,20,2026-09-19T21:00:00,Sep 19,9:00 PM ET,6h ago,home,Tampa Bay Buccaneers,-8.5,83.0,80.0,41.5,25.0,34.0,-470.0,91.0,96.0
2026-09-20T03:48:50,nfl,nfl_20260920_cleveland_browns_tampa_bay_buccaneers,20260920NFL00058,DK,draftkings,change,21,2026-09-19T20:55:00,Sep 19,8:55 PM ET,6h ago,away,Cleveland Browns,8.5,16.0,20.0,41.5,75.0,66.0,360.0,9.0,4.0
2026-09-20T03:48:50,nfl,nfl_20260920_cleveland_browns_tampa_bay_buccaneers,20260920NFL00058,DK,draftkings,change,21,2026-09-19T20:55:00,Sep 19,8:55 PM ET,6h ago,home,Tampa Bay Buccaneers,-8.5,84.0,80.0,41.5,25.0,34.0,-470.0,91.0,96.0
2026-09-20T03:48:50,nfl,nfl_20260920_cleveland_browns_tampa_bay_buccaneers,20260920NFL00058,DK,draftkings,change,22,2026-09-19T19:20:00,Sep 19,7:20 PM ET,8h ago,away,Cleveland Browns,8.5,17.0,20.0,41.5,75.0,66.0,360.0,9.0,4.0
2026-09-20T03:48:50,nfl,nfl_20260920_cleveland_browns_tampa_bay_buccaneers,20260920NFL00058,DK,draftkings,change,22,2026-09-19T19:20:00,Sep 19,7:20 PM ET,8h ago,home,Tampa Bay Buccaneers,-8.5,83.0,80.0,41.5,25.0,34.0,-470.0,91.0,96.0
2026-09-20T03:48:50,nfl,nfl_20260920_cleveland_browns_tampa_bay_buccaneers,20260920NFL00058,DK,draftkings,change,23,2026-09-19T17:25:00,Sep 19,5:25 PM ET,10h ago,away,Cleveland Browns,8.5,16.0,20.0,41.5,75.0,66.0,350.0,9.0,4.0
2026-09-20T03:48:50,nfl,nfl_20260920_cleveland_browns_tampa_bay_buccaneers,20260920NFL00058,DK,draftkings,change,23,2026-09-19T17:25:00,Sep 19,5:25 PM ET,10h ago,home,Tampa Bay Buccaneers,-8.5,84.0,80.0,41.5,25.0,34.0,-455.0,91.0,96.0
2026-09-20T03:48:50,nfl,nfl_20260920_cleveland_browns_tampa_bay_buccaneers,20260920NFL00058,DK,draftkings,change,24,2026-09-19T15:45:00,Sep 19,3:45 PM ET,12h ago,away,Cleveland Browns,8.5,16.0,20.0,41.5,75.0,65.0,350.0,9.0,4.0
2026-09-20T03:48:50,nfl,nfl_20260920_cleveland_browns_tampa_bay_buccaneers,20260920NFL00058,DK,draftkings,change,24,2026-09-19T15:45:00,Sep 19,3:45 PM ET,12h ago,home,Tampa Bay Buccaneers,-8.5,84.0,80.0,41.5,25.0,35.0,-455.0,91.0,96.0
2026-09-20T03:48:50,nfl,nfl_20260920_cleveland_browns_tampa_bay_buccaneers,20260920NFL00058,DK,draftkings,change,25,2026-09-19T15:30:00,Sep 19,3:30 PM ET,12h ago,away,Cleveland Browns,8.5,16.0,20.0,41.5,75.0,66.0,350.0,9.0,4.0
2026-09-20T03:48:50,nfl,nfl_20260920_cleveland_browns_tampa_bay_buccaneers,20260920NFL00058,DK,draftkings,change,25,2026-09-19T15:30:00,Sep 19,3:30 PM ET,12h ago,home,Tampa Bay Buccaneers,-8.5,84.0,80.0,41.5,25.0,34.0,-455.0,91.0,96.0
2026-09-20T03:48:50,nfl,nfl_20260920_cleveland_browns_tampa_bay_buccaneers,20260920NFL00058,DK,draftkings,change,26,2026-09-19T15:20:00,Sep 19,3:20 PM ET,12h ago,away,Cleveland Browns,8.5,16.0,20.0,41.5,75.0,65.0,350.0,9.0,4.0
2026-09-20T03:48:50,nfl,nfl_20260920_cleveland_browns_tampa_bay_buccaneers,20260920NFL00058,DK,draftkings,change,26,2026-09-19T15:20:00,Sep 19,3:20 PM ET,12h ago,home,Tampa Bay Buccaneers,-8.5,84.0,80.0,41.5,25.0,35.0,-455.0,91.0,96.0
2026-09-20T03:48:50,nfl,nfl_20260920_cleveland_browns_tampa_bay_buccaneers,20260920NFL00058,DK,draftkings,change,27,2026-09-19T14:00:00,Sep 19,2:00 PM ET,13h ago,away,Cleveland Browns,8.5,16.0,20.0,41.5,75.0,66.0,350.0,9.0,4.0
2026-09-20T03:48:50,nfl,nfl_20260920_cleveland_browns_tampa_bay_buccaneers,20260920NFL00058,DK,draftkings,change,27,2026-09-19T14:00:00,Sep 19,2:00 PM ET,13h ago,home,Tampa Bay Buccaneers,-8.5,84.0,80.0,41.5,25.0,34.0,-455.0,91.0,96.0
2026-09-20T03:48:51,nfl,nfl_20260920_cleveland_browns_tampa_bay_buccaneers,20260920NFL00058,CIRCA,circa,open,1,2026-09-13T21:10:00,Sep 13,9:10 PM ET,6d ago,away,Cleveland Browns,8.5,50.0,50.0,41.0,50.0,50.0,340.0,50.0,50.0
2026-09-20T03:48:51,nfl,nfl_20260920_cleveland_browns_tampa_bay_buccaneers,20260920NFL00058,CIRCA,circa,open,1,2026-09-13T21:10:00,Sep 13,9:10 PM ET,6d ago,home,Tampa Bay Buccaneers,-8.5,50.0,50.0,41.0,50.0,50.0,-420.0,50.0,50.0
2026-09-20T03:48:51,nfl,nfl_20260920_cleveland_browns_tampa_bay_buccaneers,20260920NFL00058,CIRCA,circa,change,2,2026-09-20T03:25:00,Sep 20,3:25 AM ET,23m ago,away,Cleveland Browns,7.5,93.0,30.0,41.5,51.0,56.0,325.0,1.0,13.0
2026-09-20T03:48:51,nfl,nfl_20260920_cleveland_browns_tampa_bay_buccaneers,20260920NFL00058,CIRCA,circa,change,2,2026-09-20T03:25:00,Sep 20,3:25 AM ET,23m ago,home,Tampa Bay Buccaneers,-7.5,7.0,70.0,41.5,49.0,44.0,-400.0,99.0,87.0
2026-09-20T03:48:51,nfl,nfl_20260920_cleveland_browns_tampa_bay_buccaneers,20260920NFL00058,CIRCA,circa,change,3,2026-09-20T02:50:00,Sep 20,2:50 AM ET,58m ago,away,Cleveland Browns,7.5,94.0,30.0,41.5,51.0,56.0,325.0,1.0,13.0
2026-09-20T03:48:51,nfl,nfl_20260920_cleveland_browns_tampa_bay_buccaneers,20260920NFL00058,CIRCA,circa,change,3,2026-09-20T02:50:00,Sep 20,2:50 AM ET,58m ago,home,Tampa Bay Buccaneers,-7.5,6.0,70.0,41.5,49.0,44.0,-400.0,99.0,87.0
2026-09-20T03:48:51,nfl,nfl_20260920_cleveland_browns_tampa_bay_buccaneers,20260920NFL00058,CIRCA,circa,change,4,2026-09-20T02:30:00,Sep 20,2:30 AM ET,1h ago,away,Cleveland Browns,7.5,94.0,31.0,41.5,51.0,56.0,325.0,1.0,13.0
2026-09-20T03:48:51,nfl,nfl_20260920_cleveland_browns_tampa_bay_buccaneers,20260920NFL00058,CIRCA,circa,change,4,2026-09-20T02:30:00,Sep 20,2:30 AM ET,1h ago,home,Tampa Bay Buccaneers,-7.5,6.0,69.0,41.5,49.0,44.0,-400.0,99.0,87.0
2026-09-20T03:48:51,nfl,nfl_20260920_cleveland_browns_tampa_bay_buccaneers,20260920NFL00058,CIRCA,circa,change,5,2026-09-20T02:20:00,Sep 20,2:20 AM ET,1h ago,away,Cleveland Browns,7.5,95.0,32.0,41.5,51.0,56.0,325.0,1.0,13.0
2026-09-20T03:48:51,nfl,nfl_20260920_cleveland_browns_tampa_bay_buccaneers,20260920NFL00058,CIRCA,circa,change,5,2026-09-20T02:20:00,Sep 20,2:20 AM ET,1h ago,home,Tampa Bay Buccaneers,-7.5,5.0,68.0,41.5,49.0,44.0,-400.0,99.0,87.0
2026-09-20T03:48:51,nfl,nfl_20260920_cleveland_browns_tampa_bay_buccaneers,20260920NFL00058,CIRCA,circa,change,6,2026-09-20T01:31:00,Sep 20,1:31 AM ET,2h ago,away,Cleveland Browns,7.5,95.0,31.0,41.5,51.0,50.0,325.0,1.0,13.0
2026-09-20T03:48:51,nfl,nfl_20260920_cleveland_browns_tampa_bay_buccaneers,20260920NFL00058,CIRCA,circa,change,6,2026-09-20T01:31:00,Sep 20,1:31 AM ET,2h ago,home,Tampa Bay Buccaneers,-7.5,5.0,69.0,41.5,49.0,50.0,-400.0,99.0,87.0
2026-09-20T03:48:51,nfl,nfl_20260920_cleveland_browns_tampa_bay_buccaneers,20260920NFL00058,CIRCA,circa,change,7,2026-09-20T01:20:00,Sep 20,1:20 AM ET,2h ago,away,Cleveland Browns,7.5,95.0,32.0,41.5,51.0,50.0,325.0,1.0,13.0
2026-09-20T03:48:51,nfl,nfl_20260920_cleveland_browns_tampa_bay_buccaneers,20260920NFL00058,CIRCA,circa,change,7,2026-09-20T01:20:00,Sep 20,1:20 AM ET,2h ago,home,Tampa Bay Buccaneers,-7.5,5.0,68.0,41.5,49.0,50.0,-400.0,99.0,87.0
2026-09-20T03:48:51,nfl,nfl_20260920_cleveland_browns_tampa_bay_buccaneers,20260920NFL00058,CIRCA,circa,change,8,2026-09-20T01:05:00,Sep 20,1:05 AM ET,2h ago,away,Cleveland Browns,7.5,95.0,32.0,41.5,51.0,50.0,325.0,1.0,7.0
2026-09-20T03:48:51,nfl,nfl_20260920_cleveland_browns_tampa_bay_buccaneers,20260920NFL00058,CIRCA,circa,change,8,2026-09-20T01:05:00,Sep 20,1:05 AM ET,2h ago,home,Tampa Bay Buccaneers,-7.5,5.0,68.0,41.5,49.0,50.0,-400.0,99.0,93.0
2026-09-20T03:48:51,nfl,nfl_20260920_cleveland_browns_tampa_bay_buccaneers,20260920NFL00058,CIRCA,circa,change,9,2026-09-20T00:55:00,Sep 20,12:55 AM ET,2h ago,away,Cleveland Browns,7.5,95.0,33.0,41.5,51.0,50.0,325.0,1.0,7.0
2026-09-20T03:48:51,nfl,nfl_20260920_cleveland_browns_tampa_bay_buccaneers,20260920NFL00058,CIRCA,circa,change,9,2026-09-20T00:55:00,Sep 20,12:55 AM ET,2h ago,home,Tampa Bay Buccaneers,-7.5,5.0,67.0,41.5,49.0,50.0,-400.0,99.0,93.0
2026-09-20T03:48:51,nfl,nfl_20260920_cleveland_browns_tampa_bay_buccaneers,20260920NFL00058,CIRCA,circa,change,10,2026-09-20T00:50:00,Sep 20,12:50 AM ET,2h ago,away,Cleveland Browns,7.5,95.0,31.0,41.5,51.0,50.0,325.0,1.0,7.0
2026-09-20T03:48:51,nfl,nfl_20260920_cleveland_browns_tampa_bay_buccaneers,20260920NFL00058,CIRCA,circa,change,10,2026-09-20T00:50:00,Sep 20,12:50 AM ET,2h ago,home,Tampa Bay Buccaneers,-7.5,5.0,69.0,41.5,49.0,50.0,-400.0,99.0,93.0
2026-09-20T03:48:51,nfl,nfl_20260920_cleveland_browns_tampa_bay_buccaneers,20260920NFL00058,CIRCA,circa,change,11,2026-09-20T00:45:00,Sep 20,12:45 AM ET,3h ago,away,Cleveland Browns,7.5,95.0,32.0,41.5,51.0,50.0,325.0,1.0,7.0
2026-09-20T03:48:51,nfl,nfl_20260920_cleveland_browns_tampa_bay_buccaneers,20260920NFL00058,CIRCA,circa,change,11,2026-09-20T00:45:00,Sep 20,12:45 AM ET,3h ago,home,Tampa Bay Buccaneers,-7.5,5.0,68.0,41.5,49.0,50.0,-400.0,99.0,93.0
2026-09-20T03:48:51,nfl,nfl_20260920_cleveland_browns_tampa_bay_buccaneers,20260920NFL00058,CIRCA,circa,change,12,2026-09-20T00:10:00,Sep 20,12:10 AM ET,3h ago,away,Cleveland Browns,7.5,95.0,33.0,41.5,51.0,50.0,325.0,1.0,7.0
2026-09-20T03:48:51,nfl,nfl_20260920_cleveland_browns_tampa_bay_buccaneers,20260920NFL00058,CIRCA,circa,change,12,2026-09-20T00:10:00,Sep 20,12:10 AM ET,3h ago,home,Tampa Bay Buccaneers,-7.5,5.0,67.0,41.5,49.0,50.0,-400.0,99.0,93.0
2026-09-20T03:48:51,nfl,nfl_20260920_cleveland_browns_tampa_bay_buccaneers,20260920NFL00058,CIRCA,circa,change,13,2026-09-19T23:55:00,Sep 19,11:55 PM ET,3h ago,away,Cleveland Browns,7.5,96.0,33.0,41.5,51.0,50.0,325.0,1.0,7.0
2026-09-20T03:48:51,nfl,nfl_20260920_cleveland_browns_tampa_bay_buccaneers,20260920NFL00058,CIRCA,circa,change,13,2026-09-19T23:55:00,Sep 19,11:55 PM ET,3h ago,home,Tampa Bay Buccaneers,-7.5,4.0,67.0,41.5,49.0,50.0,-400.0,99.0,93.0
2026-09-20T03:48:51,nfl,nfl_20260920_cleveland_browns_tampa_bay_buccaneers,20260920NFL00058,CIRCA,circa,change,14,2026-09-19T23:50:00,Sep 19,11:50 PM ET,3h ago,away,Cleveland Browns,7.5,96.0,33.0,41.5,51.0,50.0,325.0,1.0,8.0
2026-09-20T03:48:51,nfl,nfl_20260920_cleveland_browns_tampa_bay_buccaneers,20260920NFL00058,CIRCA,circa,change,14,2026-09-19T23:50:00,Sep 19,11:50 PM ET,3h ago,home,Tampa Bay Buccaneers,-7.5,4.0,67.0,41.5,49.0,50.0,-400.0,99.0,92.0
2026-09-20T03:48:51,nfl,nfl_20260920_cleveland_browns_tampa_bay_buccaneers,20260920NFL00058,CIRCA,circa,change,15,2026-09-19T23:45:00,Sep 19,11:45 PM ET,4h ago,away,Cleveland Browns,7.5,96.0,32.0,41.5,51.0,50.0,325.0,1.0,8.0
2026-09-20T03:48:51,nfl,nfl_20260920_cleveland_browns_tampa_bay_buccaneers,20260920NFL00058,CIRCA,circa,change,15,2026-09-19T23:45:00,Sep 19,11:45 PM ET,4h ago,home,Tampa Bay Buccaneers,-7.5,4.0,68.0,41.5,49.0,50.0,-400.0,99.0,92.0
2026-09-20T03:48:51,nfl,nfl_20260920_cleveland_browns_tampa_bay_buccaneers,20260920NFL00058,CIRCA,circa,change,16,2026-09-19T23:20:00,Sep 19,11:20 PM ET,4h ago,away,Cleveland Browns,7.5,96.0,31.0,41.5,51.0,50.0,325.0,1.0,8.0
2026-09-20T03:48:51,nfl,nfl_20260920_cleveland_browns_tampa_bay_buccaneers,20260920NFL00058,CIRCA,circa,change,16,2026-09-19T23:20:00,Sep 19,11:20 PM ET,4h ago,home,Tampa Bay Buccaneers,-7.5,4.0,69.0,41.5,49.0,50.0,-400.0,99.0,92.0
2026-09-20T03:48:51,nfl,nfl_20260920_cleveland_browns_tampa_bay_buccaneers,20260920NFL00058,CIRCA,circa,change,17,2026-09-19T22:10:00,Sep 19,10:10 PM ET,5h ago,away,Cleveland Browns,7.5,96.0,32.0,41.5,51.0,50.0,325.0,1.0,8.0
2026-09-20T03:48:51,nfl,nfl_20260920_cleveland_browns_tampa_bay_buccaneers,20260920NFL00058,CIRCA,circa,change,17,2026-09-19T22:10:00,Sep 19,10:10 PM ET,5h ago,home,Tampa Bay Buccaneers,-7.5,4.0,68.0,41.5,49.0,50.0,-400.0,99.0,92.0
2026-09-20T03:48:51,nfl,nfl_20260920_cleveland_browns_tampa_bay_buccaneers,20260920NFL00058,CIRCA,circa,change,18,2026-09-19T22:00:00,Sep 19,10:00 PM ET,5h ago,away,Cleveland Browns,7.5,96.0,33.0,41.5,51.0,50.0,325.0,1.0,8.0
2026-09-20T03:48:51,nfl,nfl_20260920_cleveland_browns_tampa_bay_buccaneers,20260920NFL00058,CIRCA,circa,change,18,2026-09-19T22:00:00,Sep 19,10:00 PM ET,5h ago,home,Tampa Bay Buccaneers,-7.5,4.0,67.0,41.5,49.0,50.0,-400.0,99.0,92.0
2026-09-20T03:48:51,nfl,nfl_20260920_cleveland_browns_tampa_bay_buccaneers,20260920NFL00058,CIRCA,circa,change,19,2026-09-19T21:35:00,Sep 19,9:35 PM ET,6h ago,away,Cleveland Browns,7.5,96.0,34.0,41.5,51.0,50.0,325.0,1.0,8.0
2026-09-20T03:48:51,nfl,nfl_20260920_cleveland_browns_tampa_bay_buccaneers,20260920NFL00058,CIRCA,circa,change,19,2026-09-19T21:35:00,Sep 19,9:35 PM ET,6h ago,home,Tampa Bay Buccaneers,-7.5,4.0,66.0,41.5,49.0,50.0,-400.0,99.0,92.0
2026-09-20T03:48:51,nfl,nfl_20260920_cleveland_browns_tampa_bay_buccaneers,20260920NFL00058,CIRCA,circa,change,20,2026-09-19T21:20:00,Sep 19,9:20 PM ET,6h ago,away,Cleveland Browns,8.5,97.0,35.0,41.5,51.0,50.0,340.0,1.0,8.0
2026-09-20T03:48:51,nfl,nfl_20260920_cleveland_browns_tampa_bay_buccaneers,20260920NFL00058,CIRCA,circa,change,20,2026-09-19T21:20:00,Sep 19,9:20 PM ET,6h ago,home,Tampa Bay Buccaneers,-8.5,3.0,65.0,41.5,49.0,50.0,-420.0,99.0,92.0
2026-09-20T03:48:51,nfl,nfl_20260920_cleveland_browns_tampa_bay_buccaneers,20260920NFL00058,CIRCA,circa,change,21,2026-09-19T20:35:00,Sep 19,8:35 PM ET,7h ago,away,Cleveland Browns,8.5,18.0,33.0,41.5,51.0,50.0,340.0,1.0,8.0
2026-09-20T03:48:51,nfl,nfl_20260920_cleveland_browns_tampa_bay_buccaneers,20260920NFL00058,CIRCA,circa,change,21,2026-09-19T20:35:00,Sep 19,8:35 PM ET,7h ago,home,Tampa Bay Buccaneers,-8.5,82.0,67.0,41.5,49.0,50.0,-420.0,99.0,92.0
2026-09-20T03:48:51,nfl,nfl_20260920_cleveland_browns_tampa_bay_buccaneers,20260920NFL00058,CIRCA,circa,change,22,2026-09-19T20:30:00,Sep 19,8:30 PM ET,7h ago,away,Cleveland Browns,8.5,18.0,34.0,41.5,51.0,50.0,340.0,1.0,8.0
2026-09-20T03:48:51,nfl,nfl_20260920_cleveland_browns_tampa_bay_buccaneers,20260920NFL00058,CIRCA,circa,change,22,2026-09-19T20:30:00,Sep 19,8:30 PM ET,7h ago,home,Tampa Bay Buccaneers,-8.5,82.0,66.0,41.5,49.0,50.0,-420.0,99.0,92.0
2026-09-20T03:48:51,nfl,nfl_20260920_cleveland_browns_tampa_bay_buccaneers,20260920NFL00058,CIRCA,circa,change,23,2026-09-19T17:45:00,Sep 19,5:45 PM ET,10h ago,away,Cleveland Browns,8.5,17.0,32.0,41.5,51.0,50.0,340.0,1.0,8.0
2026-09-20T03:48:51,nfl,nfl_20260920_cleveland_browns_tampa_bay_buccaneers,20260920NFL00058,CIRCA,circa,change,23,2026-09-19T17:45:00,Sep 19,5:45 PM ET,10h ago,home,Tampa Bay Buccaneers,-8.5,83.0,68.0,41.5,49.0,50.0,-420.0,99.0,92.0
2026-09-20T03:48:51,nfl,nfl_20260920_cleveland_browns_tampa_bay_buccaneers,20260920NFL00058,CIRCA,circa,change,24,2026-09-19T17:30:00,Sep 19,5:30 PM ET,10h ago,away,Cleveland Browns,8.5,18.0,33.0,41.5,51.0,50.0,340.0,1.0,8.0
2026-09-20T03:48:51,nfl,nfl_20260920_cleveland_browns_tampa_bay_buccaneers,20260920NFL00058,CIRCA,circa,change,24,2026-09-19T17:30:00,Sep 19,5:30 PM ET,10h ago,home,Tampa Bay Buccaneers,-8.5,82.0,67.0,41.5,49.0,50.0,-420.0,99.0,92.0
2026-09-20T03:48:51,nfl,nfl_20260920_cleveland_browns_tampa_bay_buccaneers,20260920NFL00058,CIRCA,circa,change,25,2026-09-19T16:40:00,Sep 19,4:40 PM ET,11h ago,away,Cleveland Browns,8.5,18.0,33.0,41.5,51.0,43.0,340.0,1.0,8.0
2026-09-20T03:48:51,nfl,nfl_20260920_cleveland_browns_tampa_bay_buccaneers,20260920NFL00058,CIRCA,circa,change,25,2026-09-19T16:40:00,Sep 19,4:40 PM ET,11h ago,home,Tampa Bay Buccaneers,-8.5,82.0,67.0,41.5,49.0,57.0,-420.0,99.0,92.0
2026-09-20T03:48:51,nfl,nfl_20260920_cleveland_browns_tampa_bay_buccaneers,20260920NFL00058,CIRCA,circa,change,26,2026-09-19T15:05:00,Sep 19,3:05 PM ET,12h ago,away,Cleveland Browns,8.5,20.0,34.0,41.5,51.0,43.0,340.0,1.0,8.0
2026-09-20T03:48:51,nfl,nfl_20260920_cleveland_browns_tampa_bay_buccaneers,20260920NFL00058,CIRCA,circa,change,26,2026-09-19T15:05:00,Sep 19,3:05 PM ET,12h ago,home,Tampa Bay Buccaneers,-8.5,80.0,66.0,41.5,49.0,57.0,-420.0,99.0,92.0
2026-09-20T03:48:52,nfl,nfl_20260920_jacksonville_jaguars_denver_broncos,20260920NFL00043,DK,draftkings,open,1,2026-05-15T00:45:00,May 15,12:45 AM ET,128d ago,away,Jacksonville Jaguars,,0.0,0.0,,0.0,0.0,120.0,0.0,0.0
2026-09-20T03:48:52,nfl,nfl_20260920_jacksonville_jaguars_denver_broncos,20260920NFL00043,DK,draftkings,open,1,2026-05-15T00:45:00,May 15,12:45 AM ET,128d ago,home,Denver Broncos,,0.0,0.0,,0.0,0.0,-142.0,100.0,100.0
2026-09-20T03:48:52,nfl,nfl_20260920_jacksonville_jaguars_denver_broncos,20260920NFL00043,DK,draftkings,first_full,2,2026-05-17T20:40:00,May 17,8:40 PM ET,125d ago,away,Jacksonville Jaguars,2.5,1.0,19.0,43.5,100.0,100.0,120.0,1.0,21.0
2026-09-20T03:48:52,nfl,nfl_20260920_jacksonville_jaguars_denver_broncos,20260920NFL00043,DK,draftkings,first_full,2,2026-05-17T20:40:00,May 17,8:40 PM ET,125d ago,home,Denver Broncos,-2.5,99.0,81.0,43.5,0.0,0.0,-142.0,99.0,79.0
2026-09-20T03:48:52,nfl,nfl_20260920_jacksonville_jaguars_denver_broncos,20260920NFL00043,DK,draftkings,change,3,2026-09-20T02:55:00,Sep 20,2:55 AM ET,53m ago,away,Jacksonville Jaguars,3.0,33.0,63.0,45.5,90.0,69.0,130.0,76.0,61.0
2026-09-20T03:48:52,nfl,nfl_20260920_jacksonville_jaguars_denver_broncos,20260920NFL00043,DK,draftkings,change,3,2026-09-20T02:55:00,Sep 20,2:55 AM ET,53m ago,home,Denver Broncos,-3.0,67.0,37.0,45.5,10.0,31.0,-155.0,24.0,39.0
2026-09-20T03:48:52,nfl,nfl_20260920_jacksonville_jaguars_denver_broncos,20260920NFL00043,DK,draftkings,change,4,2026-09-20T02:30:00,Sep 20,2:30 AM ET,1h ago,away,Jacksonville Jaguars,3.0,33.0,63.0,45.5,90.0,70.0,130.0,76.0,61.0
2026-09-20T03:48:52,nfl,nfl_20260920_jacksonville_jaguars_denver_broncos,20260920NFL00043,DK,draftkings,change,4,2026-09-20T02:30:00,Sep 20,2:30 AM ET,1h ago,home,Denver Broncos,-3.0,67.0,37.0,45.5,10.0,30.0,-155.0,24.0,39.0
2026-09-20T03:48:52,nfl,nfl_20260920_jacksonville_jaguars_denver_broncos,20260920NFL00043,DK,draftkings,change,5,2026-09-20T01:55:00,Sep 20,1:55 AM ET,1h ago,away,Jacksonville Jaguars,3.0,33.0,63.0,45.5,90.0,70.0,130.0,77.0,61.0
2026-09-20T03:48:52,nfl,nfl_20260920_jacksonville_jaguars_denver_broncos,20260920NFL00043,DK,draftkings,change,5,2026-09-20T01:55:00,Sep 20,1:55 AM ET,1h ago,home,Denver Broncos,-3.0,67.0,37.0,45.5,10.0,30.0,-155.0,23.0,39.0
2026-09-20T03:48:52,nfl,nfl_20260920_jacksonville_jaguars_denver_broncos,20260920NFL00043,DK,draftkings,change,6,2026-09-20T01:30:00,Sep 20,1:30 AM ET,2h ago,away,Jacksonville Jaguars,3.0,33.0,63.0,45.5,90.0,70.0,130.0,76.0,61.0
2026-09-20T03:48:52,nfl,nfl_20260920_jacksonville_jaguars_denver_broncos,20260920NFL00043,DK,draftkings,change,6,2026-09-20T01:30:00,Sep 20,1:30 AM ET,2h ago,home,Denver Broncos,-3.0,67.0,37.0,45.5,10.0,30.0,-155.0,24.0,39.0
2026-09-20T03:48:52,nfl,nfl_20260920_jacksonville_jaguars_denver_broncos,20260920NFL00043,DK,draftkings,change,7,2026-09-20T01:00:00,Sep 20,1:00 AM ET,2h ago,away,Jacksonville Jaguars,3.0,33.0,63.0,45.5,89.0,70.0,130.0,76.0,61.0
2026-09-20T03:48:52,nfl,nfl_20260920_jacksonville_jaguars_denver_broncos,20260920NFL00043,DK,draftkings,change,7,2026-09-20T01:00:00,Sep 20,1:00 AM ET,2h ago,home,Denver Broncos,-3.0,67.0,37.0,45.5,11.0,30.0,-155.0,24.0,39.0
2026-09-20T03:48:52,nfl,nfl_20260920_jacksonville_jaguars_denver_broncos,20260920NFL00043,DK,draftkings,change,8,2026-09-20T00:55:00,Sep 20,12:55 AM ET,2h ago,away,Jacksonville Jaguars,3.0,33.0,63.0,45.5,89.0,70.0,130.0,77.0,61.0
2026-09-20T03:48:52,nfl,nfl_20260920_jacksonville_jaguars_denver_broncos,20260920NFL00043,DK,draftkings,change,8,2026-09-20T00:55:00,Sep 20,12:55 AM ET,2h ago,home,Denver Broncos,-3.0,67.0,37.0,45.5,11.0,30.0,-155.0,23.0,39.0
2026-09-20T03:48:52,nfl,nfl_20260920_jacksonville_jaguars_denver_broncos,20260920NFL00043,DK,draftkings,change,9,2026-09-20T00:50:00,Sep 20,12:50 AM ET,2h ago,away,Jacksonville Jaguars,3.0,33.0,63.0,45.5,89.0,70.0,130.0,76.0,61.0
2026-09-20T03:48:52,nfl,nfl_20260920_jacksonville_jaguars_denver_broncos,20260920NFL00043,DK,draftkings,change,9,2026-09-20T00:50:00,Sep 20,12:50 AM ET,2h ago,home,Denver Broncos,-3.0,67.0,37.0,45.5,11.0,30.0,-155.0,24.0,39.0
2026-09-20T03:48:52,nfl,nfl_20260920_jacksonville_jaguars_denver_broncos,20260920NFL00043,DK,draftkings,change,10,2026-09-20T00:40:00,Sep 20,12:40 AM ET,3h ago,away,Jacksonville Jaguars,3.0,33.0,63.0,45.5,88.0,71.0,130.0,77.0,61.0
2026-09-20T03:48:52,nfl,nfl_20260920_jacksonville_jaguars_denver_broncos,20260920NFL00043,DK,draftkings,change,10,2026-09-20T00:40:00,Sep 20,12:40 AM ET,3h ago,home,Denver Broncos,-3.0,67.0,37.0,45.5,12.0,29.0,-155.0,23.0,39.0
2026-09-20T03:48:52,nfl,nfl_20260920_jacksonville_jaguars_denver_broncos,20260920NFL00043,DK,draftkings,change,11,2026-09-20T00:35:00,Sep 20,12:35 AM ET,3h ago,away,Jacksonville Jaguars,3.0,33.0,63.0,45.5,88.0,70.0,130.0,77.0,61.0
2026-09-20T03:48:52,nfl,nfl_20260920_jacksonville_jaguars_denver_broncos,20260920NFL00043,DK,draftkings,change,11,2026-09-20T00:35:00,Sep 20,12:35 AM ET,3h ago,home,Denver Broncos,-3.0,67.0,37.0,45.5,12.0,30.0,-155.0,23.0,39.0
2026-09-20T03:48:52,nfl,nfl_20260920_jacksonville_jaguars_denver_broncos,20260920NFL00043,DK,draftkings,change,12,2026-09-19T23:50:00,Sep 19,11:50 PM ET,3h ago,away,Jacksonville Jaguars,3.0,32.0,63.0,45.5,88.0,70.0,130.0,76.0,61.0
2026-09-20T03:48:52,nfl,nfl_20260920_jacksonville_jaguars_denver_broncos,20260920NFL00043,DK,draftkings,change,12,2026-09-19T23:50:00,Sep 19,11:50 PM ET,3h ago,home,Denver Broncos,-3.0,68.0,37.0,45.5,12.0,30.0,-155.0,24.0,39.0
2026-09-20T03:48:52,nfl,nfl_20260920_jacksonville_jaguars_denver_broncos,20260920NFL00043,DK,draftkings,change,13,2026-09-19T23:30:00,Sep 19,11:30 PM ET,4h ago,away,Jacksonville Jaguars,3.0,33.0,63.0,45.5,90.0,70.0,130.0,76.0,61.0
2026-09-20T03:48:52,nfl,nfl_20260920_jacksonville_jaguars_denver_broncos,20260920NFL00043,DK,draftkings,change,13,2026-09-19T23:30:00,Sep 19,11:30 PM ET,4h ago,home,Denver Broncos,-3.0,67.0,37.0,45.5,10.0,30.0,-155.0,24.0,39.0
2026-09-20T03:48:52,nfl,nfl_20260920_jacksonville_jaguars_denver_broncos,20260920NFL00043,DK,draftkings,change,14,2026-09-19T23:15:00,Sep 19,11:15 PM ET,4h ago,away,Jacksonville Jaguars,3.0,32.0,63.0,45.5,90.0,70.0,130.0,76.0,61.0
2026-09-20T03:48:52,nfl,nfl_20260920_jacksonville_jaguars_denver_broncos,20260920NFL00043,DK,draftkings,change,14,2026-09-19T23:15:00,Sep 19,11:15 PM ET,4h ago,home,Denver Broncos,-3.0,68.0,37.0,45.5,10.0,30.0,-155.0,24.0,39.0
2026-09-20T03:48:52,nfl,nfl_20260920_jacksonville_jaguars_denver_broncos,20260920NFL00043,DK,draftkings,change,15,2026-09-19T23:10:00,Sep 19,11:10 PM ET,4h ago,away,Jacksonville Jaguars,3.0,32.0,63.0,45.5,90.0,71.0,130.0,76.0,61.0
2026-09-20T03:48:52,nfl,nfl_20260920_jacksonville_jaguars_denver_broncos,20260920NFL00043,DK,draftkings,change,15,2026-09-19T23:10:00,Sep 19,11:10 PM ET,4h ago,home,Denver Broncos,-3.0,68.0,37.0,45.5,10.0,29.0,-155.0,24.0,39.0
2026-09-20T03:48:52,nfl,nfl_20260920_jacksonville_jaguars_denver_broncos,20260920NFL00043,DK,draftkings,change,16,2026-09-19T22:50:00,Sep 19,10:50 PM ET,4h ago,away,Jacksonville Jaguars,3.0,32.0,63.0,45.5,90.0,70.0,130.0,76.0,61.0
2026-09-20T03:48:52,nfl,nfl_20260920_jacksonville_jaguars_denver_broncos,20260920NFL00043,DK,draftkings,change,16,2026-09-19T22:50:00,Sep 19,10:50 PM ET,4h ago,home,Denver Broncos,-3.0,68.0,37.0,45.5,10.0,30.0,-155.0,24.0,39.0
2026-09-20T03:48:52,nfl,nfl_20260920_jacksonville_jaguars_denver_broncos,20260920NFL00043,DK,draftkings,change,17,2026-09-19T22:45:00,Sep 19,10:45 PM ET,5h ago,away,Jacksonville Jaguars,3.0,31.0,63.0,45.5,90.0,70.0,130.0,76.0,61.0
2026-09-20T03:48:52,nfl,nfl_20260920_jacksonville_jaguars_denver_broncos,20260920NFL00043,DK,draftkings,change,17,2026-09-19T22:45:00,Sep 19,10:45 PM ET,5h ago,home,Denver Broncos,-3.0,69.0,37.0,45.5,10.0,30.0,-155.0,24.0,39.0
2026-09-20T03:48:52,nfl,nfl_20260920_jacksonville_jaguars_denver_broncos,20260920NFL00043,DK,draftkings,change,18,2026-09-19T22:40:00,Sep 19,10:40 PM ET,5h ago,away,Jacksonville Jaguars,3.0,31.0,63.0,45.5,90.0,71.0,130.0,76.0,61.0
2026-09-20T03:48:52,nfl,nfl_20260920_jacksonville_jaguars_denver_broncos,20260920NFL00043,DK,draftkings,change,18,2026-09-19T22:40:00,Sep 19,10:40 PM ET,5h ago,home,Denver Broncos,-3.0,69.0,37.0,45.5,10.0,29.0,-155.0,24.0,39.0
2026-09-20T03:48:52,nfl,nfl_20260920_jacksonville_jaguars_denver_broncos,20260920NFL00043,DK,draftkings,change,19,2026-09-19T22:15:00,Sep 19,10:15 PM ET,5h ago,away,Jacksonville Jaguars,3.0,31.0,63.0,45.5,90.0,70.0,130.0,75.0,61.0
2026-09-20T03:48:52,nfl,nfl_20260920_jacksonville_jaguars_denver_broncos,20260920NFL00043,DK,draftkings,change,19,2026-09-19T22:15:00,Sep 19,10:15 PM ET,5h ago,home,Denver Broncos,-3.0,69.0,37.0,45.5,10.0,30.0,-155.0,25.0,39.0
2026-09-20T03:48:52,nfl,nfl_20260920_jacksonville_jaguars_denver_broncos,20260920NFL00043,DK,draftkings,change,20,2026-09-19T22:00:00,Sep 19,10:00 PM ET,5h ago,away,Jacksonville Jaguars,3.0,31.0,63.0,45.5,90.0,71.0,130.0,75.0,61.0
2026-09-20T03:48:52,nfl,nfl_20260920_jacksonville_jaguars_denver_broncos,20260920NFL00043,DK,draftkings,change,20,2026-09-19T22:00:00,Sep 19,10:00 PM ET,5h ago,home,Denver Broncos,-3.0,69.0,37.0,45.5,10.0,29.0,-155.0,25.0,39.0
2026-09-20T03:48:52,nfl,nfl_20260920_jacksonville_jaguars_denver_broncos,20260920NFL00043,DK,draftkings,change,21,2026-09-19T21:50:00,Sep 19,9:50 PM ET,5h ago,away,Jacksonville Jaguars,3.0,31.0,63.0,45.5,90.0,70.0,130.0,75.0,61.0
2026-09-20T03:48:52,nfl,nfl_20260920_jacksonville_jaguars_denver_broncos,20260920NFL00043,DK,draftkings,change,21,2026-09-19T21:50:00,Sep 19,9:50 PM ET,5h ago,home,Denver Broncos,-3.0,69.0,37.0,45.5,10.0,30.0,-155.0,25.0,39.0
2026-09-20T03:48:52,nfl,nfl_20260920_jacksonville_jaguars_denver_broncos,20260920NFL00043,DK,draftkings,change,22,2026-09-19T21:45:00,Sep 19,9:45 PM ET,6h ago,away,Jacksonville Jaguars,3.0,31.0,63.0,45.5,90.0,71.0,130.0,75.0,61.0
2026-09-20T03:48:52,nfl,nfl_20260920_jacksonville_jaguars_denver_broncos,20260920NFL00043,DK,draftkings,change,22,2026-09-19T21:45:00,Sep 19,9:45 PM ET,6h ago,home,Denver Broncos,-3.0,69.0,37.0,45.5,10.0,29.0,-155.0,25.0,39.0
2026-09-20T03:48:52,nfl,nfl_20260920_jacksonville_jaguars_denver_broncos,20260920NFL00043,DK,draftkings,change,23,2026-09-19T21:40:00,Sep 19,9:40 PM ET,6h ago,away,Jacksonville Jaguars,3.0,31.0,63.0,45.5,90.0,70.0,130.0,75.0,61.0
2026-09-20T03:48:52,nfl,nfl_20260920_jacksonville_jaguars_denver_broncos,20260920NFL00043,DK,draftkings,change,23,2026-09-19T21:40:00,Sep 19,9:40 PM ET,6h ago,home,Denver Broncos,-3.0,69.0,37.0,45.5,10.0,30.0,-155.0,25.0,39.0
2026-09-20T03:48:52,nfl,nfl_20260920_jacksonville_jaguars_denver_broncos,20260920NFL00043,DK,draftkings,change,24,2026-09-19T21:35:00,Sep 19,9:35 PM ET,6h ago,away,Jacksonville Jaguars,3.0,31.0,63.0,45.5,90.0,71.0,130.0,75.0,61.0
2026-09-20T03:48:52,nfl,nfl_20260920_jacksonville_jaguars_denver_broncos,20260920NFL00043,DK,draftkings,change,24,2026-09-19T21:35:00,Sep 19,9:35 PM ET,6h ago,home,Denver Broncos,-3.0,69.0,37.0,45.5,10.0,29.0,-155.0,25.0,39.0
2026-09-20T03:48:52,nfl,nfl_20260920_jacksonville_jaguars_denver_broncos,20260920NFL00043,DK,draftkings,change,25,2026-09-19T21:30:00,Sep 19,9:30 PM ET,6h ago,away,Jacksonville Jaguars,3.0,30.0,63.0,45.5,90.0,71.0,130.0,75.0,61.0
2026-09-20T03:48:52,nfl,nfl_20260920_jacksonville_jaguars_denver_broncos,20260920NFL00043,DK,draftkings,change,25,2026-09-19T21:30:00,Sep 19,9:30 PM ET,6h ago,home,Denver Broncos,-3.0,70.0,37.0,45.5,10.0,29.0,-155.0,25.0,39.0
2026-09-20T03:48:52,nfl,nfl_20260920_jacksonville_jaguars_denver_broncos,20260920NFL00043,DK,draftkings,change,26,2026-09-19T21:20:00,Sep 19,9:20 PM ET,6h ago,away,Jacksonville Jaguars,3.0,31.0,63.0,45.5,90.0,70.0,130.0,75.0,61.0
2026-09-20T03:48:52,nfl,nfl_20260920_jacksonville_jaguars_denver_broncos,20260920NFL00043,DK,draftkings,change,26,2026-09-19T21:20:00,Sep 19,9:20 PM ET,6h ago,home,Denver Broncos,-3.0,69.0,37.0,45.5,10.0,30.0,-155.0,25.0,39.0
2026-09-20T03:48:52,nfl,nfl_20260920_jacksonville_jaguars_denver_broncos,20260920NFL00043,DK,draftkings,change,27,2026-09-19T21:15:00,Sep 19,9:15 PM ET,6h ago,away,Jacksonville Jaguars,3.0,31.0,63.0,45.5,90.0,71.0,130.0,75.0,61.0
2026-09-20T03:48:52,nfl,nfl_20260920_jacksonville_jaguars_denver_broncos,20260920NFL00043,DK,draftkings,change,27,2026-09-19T21:15:00,Sep 19,9:15 PM ET,6h ago,home,Denver Broncos,-3.0,69.0,37.0,45.5,10.0,29.0,-155.0,25.0,39.0
2026-09-20T03:48:54,nfl,nfl_20260920_jacksonville_jaguars_denver_broncos,20260920NFL00043,CIRCA,circa,open,1,2026-09-13T21:10:00,Sep 13,9:10 PM ET,6d ago,away,Jacksonville Jaguars,3.0,50.0,50.0,44.5,50.0,50.0,135.0,50.0,50.0
2026-09-20T03:48:54,nfl,nfl_20260920_jacksonville_jaguars_denver_broncos,20260920NFL00043,CIRCA,circa,open,1,2026-09-13T21:10:00,Sep 13,9:10 PM ET,6d ago,home,Denver Broncos,-3.0,50.0,50.0,44.5,50.0,50.0,-155.0,50.0,50.0
2026-09-20T03:48:54,nfl,nfl_20260920_jacksonville_jaguars_denver_broncos,20260920NFL00043,CIRCA,circa,change,2,2026-09-20T02:25:00,Sep 20,2:25 AM ET,1h ago,away,Jacksonville Jaguars,3.0,7.0,46.0,45.5,99.0,60.0,130.0,27.0,65.0
2026-09-20T03:48:54,nfl,nfl_20260920_jacksonville_jaguars_denver_broncos,20260920NFL00043,CIRCA,circa,change,2,2026-09-20T02:25:00,Sep 20,2:25 AM ET,1h ago,home,Denver Broncos,-3.0,93.0,54.0,45.5,1.0,40.0,-150.0,73.0,35.0
2026-09-20T03:48:54,nfl,nfl_20260920_jacksonville_jaguars_denver_broncos,20260920NFL00043,CIRCA,circa,change,3,2026-09-20T02:15:00,Sep 20,2:15 AM ET,1h ago,away,Jacksonville Jaguars,3.0,7.0,47.0,45.5,99.0,60.0,130.0,27.0,65.0
2026-09-20T03:48:54,nfl,nfl_20260920_jacksonville_jaguars_denver_broncos,20260920NFL00043,CIRCA,circa,change,3,2026-09-20T02:15:00,Sep 20,2:15 AM ET,1h ago,home,Denver Broncos,-3.0,93.0,53.0,45.5,1.0,40.0,-150.0,73.0,35.0
2026-09-20T03:48:54,nfl,nfl_20260920_jacksonville_jaguars_denver_broncos,20260920NFL00043,CIRCA,circa,change,4,2026-09-20T01:25:00,Sep 20,1:25 AM ET,2h ago,away,Jacksonville Jaguars,3.0,7.0,48.0,45.5,99.0,60.0,130.0,27.0,65.0
2026-09-20T03:48:54,nfl,nfl_20260920_jacksonville_jaguars_denver_broncos,20260920NFL00043,CIRCA,circa,change,4,2026-09-20T01:25:00,Sep 20,1:25 AM ET,2h ago,home,Denver Broncos,-3.0,93.0,52.0,45.5,1.0,40.0,-150.0,73.0,35.0
2026-09-20T03:48:54,nfl,nfl_20260920_jacksonville_jaguars_denver_broncos,20260920NFL00043,CIRCA,circa,change,5,2026-09-20T00:55:00,Sep 20,12:55 AM ET,2h ago,away,Jacksonville Jaguars,3.0,7.0,47.0,45.5,99.0,60.0,130.0,27.0,65.0
2026-09-20T03:48:54,nfl,nfl_20260920_jacksonville_jaguars_denver_broncos,20260920NFL00043,CIRCA,circa,change,5,2026-09-20T00:55:00,Sep 20,12:55 AM ET,2h ago,home,Denver Broncos,-3.0,93.0,53.0,45.5,1.0,40.0,-150.0,73.0,35.0
2026-09-20T03:48:54,nfl,nfl_20260920_jacksonville_jaguars_denver_broncos,20260920NFL00043,CIRCA,circa,change,6,2026-09-20T00:50:00,Sep 20,12:50 AM ET,2h ago,away,Jacksonville Jaguars,3.0,7.0,47.0,45.5,99.0,60.0,130.0,26.0,63.0
2026-09-20T03:48:54,nfl,nfl_20260920_jacksonville_jaguars_denver_broncos,20260920NFL00043,CIRCA,circa,change,6,2026-09-20T00:50:00,Sep 20,12:50 AM ET,2h ago,home,Denver Broncos,-3.0,93.0,53.0,45.5,1.0,40.0,-150.0,74.0,38.0
2026-09-20T03:48:54,nfl,nfl_20260920_jacksonville_jaguars_denver_broncos,20260920NFL00043,CIRCA,circa,change,7,2026-09-20T00:45:00,Sep 20,12:45 AM ET,3h ago,away,Jacksonville Jaguars,3.0,7.0,46.0,45.5,99.0,60.0,130.0,26.0,63.0
2026-09-20T03:48:54,nfl,nfl_20260920_jacksonville_jaguars_denver_broncos,20260920NFL00043,CIRCA,circa,change,7,2026-09-20T00:45:00,Sep 20,12:45 AM ET,3h ago,home,Denver Broncos,-3.0,93.0,54.0,45.5,1.0,40.0,-150.0,74.0,38.0
2026-09-20T03:48:54,nfl,nfl_20260920_jacksonville_jaguars_denver_broncos,20260920NFL00043,CIRCA,circa,change,8,2026-09-19T23:20:00,Sep 19,11:20 PM ET,4h ago,away,Jacksonville Jaguars,3.0,7.0,45.0,45.5,99.0,60.0,130.0,26.0,63.0
2026-09-20T03:48:54,nfl,nfl_20260920_jacksonville_jaguars_denver_broncos,20260920NFL00043,CIRCA,circa,change,8,2026-09-19T23:20:00,Sep 19,11:20 PM ET,4h ago,home,Denver Broncos,-3.0,93.0,55.0,45.5,1.0,40.0,-150.0,74.0,38.0
2026-09-20T03:48:54,nfl,nfl_20260920_jacksonville_jaguars_denver_broncos,20260920NFL00043,CIRCA,circa,change,9,2026-09-19T22:30:00,Sep 19,10:30 PM ET,5h ago,away,Jacksonville Jaguars,3.0,7.0,46.0,45.5,99.0,60.0,130.0,26.0,63.0
2026-09-20T03:48:54,nfl,nfl_20260920_jacksonville_jaguars_denver_broncos,20260920NFL00043,CIRCA,circa,change,9,2026-09-19T22:30:00,Sep 19,10:30 PM ET,5h ago,home,Denver Broncos,-3.0,93.0,54.0,45.5,1.0,40.0,-150.0,74.0,38.0
2026-09-20T03:48:54,nfl,nfl_20260920_jacksonville_jaguars_denver_broncos,20260920NFL00043,CIRCA,circa,change,10,2026-09-19T22:10:00,Sep 19,10:10 PM ET,5h ago,away,Jacksonville Jaguars,3.0,7.0,45.0,45.5,99.0,60.0,130.0,26.0,63.0
2026-09-20T03:48:54,nfl,nfl_20260920_jacksonville_jaguars_denver_broncos,20260920NFL00043,CIRCA,circa,change,10,2026-09-19T22:10:00,Sep 19,10:10 PM ET,5h ago,home,Denver Broncos,-3.0,93.0,55.0,45.5,1.0,40.0,-150.0,74.0,38.0
2026-09-20T03:48:54,nfl,nfl_20260920_jacksonville_jaguars_denver_broncos,20260920NFL00043,CIRCA,circa,change,11,2026-09-19T22:05:00,Sep 19,10:05 PM ET,5h ago,away,Jacksonville Jaguars,3.0,7.0,44.0,45.5,99.0,60.0,130.0,26.0,63.0
2026-09-20T03:48:54,nfl,nfl_20260920_jacksonville_jaguars_denver_broncos,20260920NFL00043,CIRCA,circa,change,11,2026-09-19T22:05:00,Sep 19,10:05 PM ET,5h ago,home,Denver Broncos,-3.0,93.0,56.0,45.5,1.0,40.0,-150.0,74.0,38.0
2026-09-20T03:48:54,nfl,nfl_20260920_jacksonville_jaguars_denver_broncos,20260920NFL00043,CIRCA,circa,change,12,2026-09-19T21:50:00,Sep 19,9:50 PM ET,5h ago,away,Jacksonville Jaguars,3.0,7.0,44.0,45.5,99.0,60.0,130.0,26.0,60.0
2026-09-20T03:48:54,nfl,nfl_20260920_jacksonville_jaguars_denver_broncos,20260920NFL00043,CIRCA,circa,change,12,2026-09-19T21:50:00,Sep 19,9:50 PM ET,5h ago,home,Denver Broncos,-3.0,93.0,56.0,45.5,1.0,40.0,-150.0,74.0,40.0
2026-09-20T03:48:54,nfl,nfl_20260920_jacksonville_jaguars_denver_broncos,20260920NFL00043,CIRCA,circa,change,13,2026-09-19T21:45:00,Sep 19,9:45 PM ET,6h ago,away,Jacksonville Jaguars,3.0,7.0,44.0,45.5,99.0,60.0,130.0,23.0,57.0
2026-09-20T03:48:54,nfl,nfl_20260920_jacksonville_jaguars_denver_broncos,20260920NFL00043,CIRCA,circa,change,13,2026-09-19T21:45:00,Sep 19,9:45 PM ET,6h ago,home,Denver Broncos,-3.0,93.0,56.0,45.5,1.0,40.0,-150.0,77.0,43.0
2026-09-20T03:48:54,nfl,nfl_20260920_jacksonville_jaguars_denver_broncos,20260920NFL00043,CIRCA,circa,change,14,2026-09-19T21:20:00,Sep 19,9:20 PM ET,6h ago,away,Jacksonville Jaguars,3.0,7.0,43.0,45.5,99.0,60.0,130.0,23.0,57.0
2026-09-20T03:48:54,nfl,nfl_20260920_jacksonville_jaguars_denver_broncos,20260920NFL00043,CIRCA,circa,change,14,2026-09-19T21:20:00,Sep 19,9:20 PM ET,6h ago,home,Denver Broncos,-3.0,93.0,57.0,45.5,1.0,40.0,-150.0,77.0,43.0
2026-09-20T03:48:54,nfl,nfl_20260920_jacksonville_jaguars_denver_broncos,20260920NFL00043,CIRCA,circa,change,15,2026-09-19T20:30:00,Sep 19,8:30 PM ET,7h ago,away,Jacksonville Jaguars,3.0,6.0,42.0,45.5,99.0,60.0,130.0,23.0,57.0
2026-09-20T03:48:54,nfl,nfl_20260920_jacksonville_jaguars_denver_broncos,20260920NFL00043,CIRCA,circa,change,15,2026-09-19T20:30:00,Sep 19,8:30 PM ET,7h ago,home,Denver Broncos,-3.0,94.0,58.0,45.5,1.0,40.0,-150.0,77.0,43.0
2026-09-20T03:48:54,nfl,nfl_20260920_jacksonville_jaguars_denver_broncos,20260920NFL00043,CIRCA,circa,change,16,2026-09-19T20:01:00,Sep 19,8:01 PM ET,7h ago,away,Jacksonville Jaguars,3.0,6.0,43.0,45.5,99.0,60.0,130.0,23.0,57.0
2026-09-20T03:48:54,nfl,nfl_20260920_jacksonville_jaguars_denver_broncos,20260920NFL00043,CIRCA,circa,change,16,2026-09-19T20:01:00,Sep 19,8:01 PM ET,7h ago,home,Denver Broncos,-3.0,94.0,57.0,45.5,1.0,40.0,-150.0,77.0,43.0
2026-09-20T03:48:54,nfl,nfl_20260920_jacksonville_jaguars_denver_broncos,20260920NFL00043,CIRCA,circa,change,17,2026-09-19T19:40:00,Sep 19,7:40 PM ET,8h ago,away,Jacksonville Jaguars,3.0,6.0,41.0,45.5,99.0,60.0,130.0,19.0,54.0
2026-09-20T03:48:54,nfl,nfl_20260920_jacksonville_jaguars_denver_broncos,20260920NFL00043,CIRCA,circa,change,17,2026-09-19T19:40:00,Sep 19,7:40 PM ET,8h ago,home,Denver Broncos,-3.0,94.0,59.0,45.5,1.0,40.0,-150.0,81.0,46.0
2026-09-20T03:48:54,nfl,nfl_20260920_jacksonville_jaguars_denver_broncos,20260920NFL00043,CIRCA,circa,change,18,2026-09-19T19:30:00,Sep 19,7:30 PM ET,8h ago,away,Jacksonville Jaguars,3.0,6.0,42.0,45.5,99.0,60.0,130.0,19.0,54.0
2026-09-20T03:48:54,nfl,nfl_20260920_jacksonville_jaguars_denver_broncos,20260920NFL00043,CIRCA,circa,change,18,2026-09-19T19:30:00,Sep 19,7:30 PM ET,8h ago,home,Denver Broncos,-3.0,94.0,58.0,45.5,1.0,40.0,-150.0,81.0,46.0
2026-09-20T03:48:54,nfl,nfl_20260920_jacksonville_jaguars_denver_broncos,20260920NFL00043,CIRCA,circa,change,19,2026-09-19T17:45:00,Sep 19,5:45 PM ET,10h ago,away,Jacksonville Jaguars,3.0,6.0,41.0,45.5,99.0,60.0,130.0,19.0,54.0
2026-09-20T03:48:54,nfl,nfl_20260920_jacksonville_jaguars_denver_broncos,20260920NFL00043,CIRCA,circa,change,19,2026-09-19T17:45:00,Sep 19,5:45 PM ET,10h ago,home,Denver Broncos,-3.0,94.0,59.0,45.5,1.0,40.0,-150.0,81.0,46.0
2026-09-20T03:48:54,nfl,nfl_20260920_jacksonville_jaguars_denver_broncos,20260920NFL00043,CIRCA,circa,change,20,2026-09-19T17:30:00,Sep 19,5:30 PM ET,10h ago,away,Jacksonville Jaguars,3.0,6.0,42.0,45.5,99.0,60.0,130.0,19.0,54.0
2026-09-20T03:48:54,nfl,nfl_20260920_jacksonville_jaguars_denver_broncos,20260920NFL00043,CIRCA,circa,change,20,2026-09-19T17:30:00,Sep 19,5:30 PM ET,10h ago,home,Denver Broncos,-3.0,94.0,58.0,45.5,1.0,40.0,-150.0,81.0,46.0
2026-09-20T03:48:54,nfl,nfl_20260920_jacksonville_jaguars_denver_broncos,20260920NFL00043,CIRCA,circa,change,21,2026-09-19T17:25:00,Sep 19,5:25 PM ET,10h ago,away,Jacksonville Jaguars,2.5,30.0,43.0,45.5,99.0,60.0,130.0,19.0,54.0
2026-09-20T03:48:54,nfl,nfl_20260920_jacksonville_jaguars_denver_broncos,20260920NFL00043,CIRCA,circa,change,21,2026-09-19T17:25:00,Sep 19,5:25 PM ET,10h ago,home,Denver Broncos,-2.5,70.0,57.0,45.5,1.0,40.0,-150.0,81.0,46.0
2026-09-20T03:48:54,nfl,nfl_20260920_jacksonville_jaguars_denver_broncos,20260920NFL00043,CIRCA,circa,change,22,2026-09-19T16:40:00,Sep 19,4:40 PM ET,11h ago,away,Jacksonville Jaguars,2.5,30.0,44.0,45.5,99.0,60.0,130.0,19.0,50.0
2026-09-20T03:48:54,nfl,nfl_20260920_jacksonville_jaguars_denver_broncos,20260920NFL00043,CIRCA,circa,change,22,2026-09-19T16:40:00,Sep 19,4:40 PM ET,11h ago,home,Denver Broncos,-2.5,70.0,56.0,45.5,1.0,40.0,-150.0,81.0,50.0
2026-09-20T03:48:54,nfl,nfl_20260920_jacksonville_jaguars_denver_broncos,20260920NFL00043,CIRCA,circa,change,23,2026-09-19T14:55:00,Sep 19,2:55 PM ET,12h ago,away,Jacksonville Jaguars,2.5,30.0,45.0,45.5,99.0,60.0,130.0,19.0,50.0
2026-09-20T03:48:54,nfl,nfl_20260920_jacksonville_jaguars_denver_broncos,20260920NFL00043,CIRCA,circa,change,23,2026-09-19T14:55:00,Sep 19,2:55 PM ET,12h ago,home,Denver Broncos,-2.5,70.0,55.0,45.5,1.0,40.0,-150.0,81.0,50.0
2026-09-20T03:48:54,nfl,nfl_20260920_jacksonville_jaguars_denver_broncos,20260920NFL00043,CIRCA,circa,change,24,2026-09-19T11:55:00,Sep 19,11:55 AM ET,15h ago,away,Jacksonville Jaguars,2.5,30.0,45.0,45.5,99.0,60.0,130.0,19.0,55.0
2026-09-20T03:48:54,nfl,nfl_20260920_jacksonville_jaguars_denver_broncos,20260920NFL00043,CIRCA,circa,change,24,2026-09-19T11:55:00,Sep 19,11:55 AM ET,15h ago,home,Denver Broncos,-2.5,70.0,55.0,45.5,1.0,40.0,-150.0,81.0,45.0
2026-09-20T03:48:54,nfl,nfl_20260920_jacksonville_jaguars_denver_broncos,20260920NFL00043,CIRCA,circa,change,25,2026-09-19T11:50:00,Sep 19,11:50 AM ET,15h ago,away,Jacksonville Jaguars,2.5,31.0,46.0,45.5,99.0,60.0,130.0,19.0,55.0
2026-09-20T03:48:54,nfl,nfl_20260920_jacksonville_jaguars_denver_broncos,20260920NFL00043,CIRCA,circa,change,25,2026-09-19T11:50:00,Sep 19,11:50 AM ET,15h ago,home,Denver Broncos,-2.5,69.0,54.0,45.5,1.0,40.0,-150.0,81.0,45.0
2026-09-20T03:48:54,nfl,nfl_20260920_jacksonville_jaguars_denver_broncos,20260920NFL00043,CIRCA,circa,change,26,2026-09-19T09:45:00,Sep 19,9:45 AM ET,18h ago,away,Jacksonville Jaguars,3.0,40.0,47.0,45.5,99.0,60.0,135.0,19.0,55.0
2026-09-20T03:48:54,nfl,nfl_20260920_jacksonville_jaguars_denver_broncos,20260920NFL00043,CIRCA,circa,change,26,2026-09-19T09:45:00,Sep 19,9:45 AM ET,18h ago,home,Denver Broncos,-3.0,60.0,53.0,45.5,1.0,40.0,-155.0,81.0,45.0
2026-09-20T03:48:55,nfl,nfl_20260920_las_vegas_raiders_los_angeles_chargers,20260920NFL00046,DK,draftkings,open,1,2026-05-14T22:05:00,May 14,10:05 PM ET,128d ago,away,Las Vegas Raiders,,0.0,0.0,,0.0,0.0,330.0,0.0,0.0
2026-09-20T03:48:55,nfl,nfl_20260920_las_vegas_raiders_los_angeles_chargers,20260920NFL00046,DK,draftkings,open,1,2026-05-14T22:05:00,May 14,10:05 PM ET,128d ago,home,Los Angeles Chargers,,0.0,0.0,,0.0,0.0,-425.0,100.0,100.0
2026-09-20T03:48:55,nfl,nfl_20260920_las_vegas_raiders_los_angeles_chargers,20260920NFL00046,DK,draftkings,first_full,2,2026-05-15T12:15:00,May 15,12:15 PM ET,127d ago,away,Las Vegas Raiders,8.5,3.0,25.0,42.5,100.0,100.0,330.0,1.0,7.0
2026-09-20T03:48:55,nfl,nfl_20260920_las_vegas_raiders_los_angeles_chargers,20260920NFL00046,DK,draftkings,first_full,2,2026-05-15T12:15:00,May 15,12:15 PM ET,127d ago,home,Los Angeles Chargers,-8.5,97.0,75.0,42.5,0.0,0.0,-425.0,99.0,93.0
2026-09-20T03:48:55,nfl,nfl_20260920_las_vegas_raiders_los_angeles_chargers,20260920NFL00046,DK,draftkings,change,3,2026-09-20T02:30:00,Sep 20,2:30 AM ET,1h ago,away,Las Vegas Raiders,7.0,42.0,48.0,43.5,58.0,67.0,260.0,12.0,19.0
2026-09-20T03:48:55,nfl,nfl_20260920_las_vegas_raiders_los_angeles_chargers,20260920NFL00046,DK,draftkings,change,3,2026-09-20T02:30:00,Sep 20,2:30 AM ET,1h ago,home,Los Angeles Chargers,-7.0,58.0,52.0,43.5,42.0,33.0,-325.0,88.0,81.0
2026-09-20T03:48:55,nfl,nfl_20260920_las_vegas_raiders_los_angeles_chargers,20260920NFL00046,DK,draftkings,change,4,2026-09-20T01:20:00,Sep 20,1:20 AM ET,2h ago,away,Las Vegas Raiders,7.0,43.0,48.0,43.5,58.0,67.0,260.0,12.0,19.0
2026-09-20T03:48:55,nfl,nfl_20260920_las_vegas_raiders_los_angeles_chargers,20260920NFL00046,DK,draftkings,change,4,2026-09-20T01:20:00,Sep 20,1:20 AM ET,2h ago,home,Los Angeles Chargers,-7.0,57.0,52.0,43.5,42.0,33.0,-325.0,88.0,81.0
2026-09-20T03:48:55,nfl,nfl_20260920_las_vegas_raiders_los_angeles_chargers,20260920NFL00046,DK,draftkings,change,5,2026-09-20T00:35:00,Sep 20,12:35 AM ET,3h ago,away,Las Vegas Raiders,7.0,43.0,48.0,43.5,58.0,67.0,260.0,11.0,19.0
2026-09-20T03:48:55,nfl,nfl_20260920_las_vegas_raiders_los_angeles_chargers,20260920NFL00046,DK,draftkings,change,5,2026-09-20T00:35:00,Sep 20,12:35 AM ET,3h ago,home,Los Angeles Chargers,-7.0,57.0,52.0,43.5,42.0,33.0,-325.0,89.0,81.0
2026-09-20T03:48:55,nfl,nfl_20260920_las_vegas_raiders_los_angeles_chargers,20260920NFL00046,DK,draftkings,change,6,2026-09-20T00:25:00,Sep 20,12:25 AM ET,3h ago,away,Las Vegas Raiders,7.0,42.0,48.0,43.5,58.0,67.0,260.0,11.0,19.0
2026-09-20T03:48:55,nfl,nfl_20260920_las_vegas_raiders_los_angeles_chargers,20260920NFL00046,DK,draftkings,change,6,2026-09-20T00:25:00,Sep 20,12:25 AM ET,3h ago,home,Los Angeles Chargers,-7.0,58.0,52.0,43.5,42.0,33.0,-325.0,89.0,81.0
2026-09-20T03:48:55,nfl,nfl_20260920_las_vegas_raiders_los_angeles_chargers,20260920NFL00046,DK,draftkings,change,7,2026-09-20T00:20:00,Sep 20,12:20 AM ET,3h ago,away,Las Vegas Raiders,7.0,43.0,48.0,43.5,58.0,67.0,260.0,11.0,19.0
2026-09-20T03:48:55,nfl,nfl_20260920_las_vegas_raiders_los_angeles_chargers,20260920NFL00046,DK,draftkings,change,7,2026-09-20T00:20:00,Sep 20,12:20 AM ET,3h ago,home,Los Angeles Chargers,-7.0,57.0,52.0,43.5,42.0,33.0,-325.0,89.0,81.0
2026-09-20T03:48:55,nfl,nfl_20260920_las_vegas_raiders_los_angeles_chargers,20260920NFL00046,DK,draftkings,change,8,2026-09-20T00:10:00,Sep 20,12:10 AM ET,3h ago,away,Las Vegas Raiders,6.5,43.0,48.0,43.5,58.0,67.0,245.0,12.0,19.0
2026-09-20T03:48:55,nfl,nfl_20260920_las_vegas_raiders_los_angeles_chargers,20260920NFL00046,DK,draftkings,change,8,2026-09-20T00:10:00,Sep 20,12:10 AM ET,3h ago,home,Los Angeles Chargers,-6.5,57.0,52.0,43.5,42.0,33.0,-305.0,88.0,81.0
2026-09-20T03:48:55,nfl,nfl_20260920_las_vegas_raiders_los_angeles_chargers,20260920NFL00046,DK,draftkings,change,9,2026-09-19T23:55:00,Sep 19,11:55 PM ET,3h ago,away,Las Vegas Raiders,6.5,44.0,48.0,43.5,57.0,67.0,245.0,11.0,19.0
2026-09-20T03:48:55,nfl,nfl_20260920_las_vegas_raiders_los_angeles_chargers,20260920NFL00046,DK,draftkings,change,9,2026-09-19T23:55:00,Sep 19,11:55 PM ET,3h ago,home,Los Angeles Chargers,-6.5,56.0,52.0,43.5,43.0,33.0,-305.0,89.0,81.0
2026-09-20T03:48:55,nfl,nfl_20260920_las_vegas_raiders_los_angeles_chargers,20260920NFL00046,DK,draftkings,change,10,2026-09-19T23:50:00,Sep 19,11:50 PM ET,3h ago,away,Las Vegas Raiders,6.5,44.0,48.0,43.5,57.0,67.0,245.0,11.0,20.0
2026-09-20T03:48:55,nfl,nfl_20260920_las_vegas_raiders_los_angeles_chargers,20260920NFL00046,DK,draftkings,change,10,2026-09-19T23:50:00,Sep 19,11:50 PM ET,3h ago,home,Los Angeles Chargers,-6.5,56.0,52.0,43.5,43.0,33.0,-305.0,89.0,80.0
2026-09-20T03:48:55,nfl,nfl_20260920_las_vegas_raiders_los_angeles_chargers,20260920NFL00046,DK,draftkings,change,11,2026-09-19T23:35:00,Sep 19,11:35 PM ET,4h ago,away,Las Vegas Raiders,6.5,38.0,48.0,43.5,57.0,67.0,245.0,11.0,20.0
2026-09-20T03:48:55,nfl,nfl_20260920_las_vegas_raiders_los_angeles_chargers,20260920NFL00046,DK,draftkings,change,11,2026-09-19T23:35:00,Sep 19,11:35 PM ET,4h ago,home,Los Angeles Chargers,-6.5,62.0,52.0,43.5,43.0,33.0,-305.0,89.0,80.0
2026-09-20T03:48:55,nfl,nfl_20260920_las_vegas_raiders_los_angeles_chargers,20260920NFL00046,DK,draftkings,change,12,2026-09-19T23:10:00,Sep 19,11:10 PM ET,4h ago,away,Las Vegas Raiders,6.5,38.0,48.0,43.5,56.0,67.0,245.0,11.0,20.0
2026-09-20T03:48:55,nfl,nfl_20260920_las_vegas_raiders_los_angeles_chargers,20260920NFL00046,DK,draftkings,change,12,2026-09-19T23:10:00,Sep 19,11:10 PM ET,4h ago,home,Los Angeles Chargers,-6.5,62.0,52.0,43.5,44.0,33.0,-305.0,89.0,80.0
2026-09-20T03:48:55,nfl,nfl_20260920_las_vegas_raiders_los_angeles_chargers,20260920NFL00046,DK,draftkings,change,13,2026-09-19T19:50:00,Sep 19,7:50 PM ET,7h ago,away,Las Vegas Raiders,6.5,38.0,48.0,43.5,56.0,66.0,245.0,11.0,20.0
2026-09-20T03:48:55,nfl,nfl_20260920_las_vegas_raiders_los_angeles_chargers,20260920NFL00046,DK,draftkings,change,13,2026-09-19T19:50:00,Sep 19,7:50 PM ET,7h ago,home,Los Angeles Chargers,-6.5,62.0,52.0,43.5,44.0,34.0,-305.0,89.0,80.0
2026-09-20T03:48:55,nfl,nfl_20260920_las_vegas_raiders_los_angeles_chargers,20260920NFL00046,DK,draftkings,change,14,2026-09-19T19:40:00,Sep 19,7:40 PM ET,8h ago,away,Las Vegas Raiders,6.5,38.0,48.0,43.5,56.0,66.0,245.0,10.0,20.0
2026-09-20T03:48:55,nfl,nfl_20260920_las_vegas_raiders_los_angeles_chargers,20260920NFL00046,DK,draftkings,change,14,2026-09-19T19:40:00,Sep 19,7:40 PM ET,8h ago,home,Los Angeles Chargers,-6.5,62.0,52.0,43.5,44.0,34.0,-305.0,90.0,80.0
2026-09-20T03:48:55,nfl,nfl_20260920_las_vegas_raiders_los_angeles_chargers,20260920NFL00046,DK,draftkings,change,15,2026-09-19T19:20:00,Sep 19,7:20 PM ET,8h ago,away,Las Vegas Raiders,6.5,37.0,48.0,43.5,56.0,66.0,245.0,10.0,20.0
2026-09-20T03:48:55,nfl,nfl_20260920_las_vegas_raiders_los_angeles_chargers,20260920NFL00046,DK,draftkings,change,15,2026-09-19T19:20:00,Sep 19,7:20 PM ET,8h ago,home,Los Angeles Chargers,-6.5,63.0,52.0,43.5,44.0,34.0,-305.0,90.0,80.0
2026-09-20T03:48:55,nfl,nfl_20260920_las_vegas_raiders_los_angeles_chargers,20260920NFL00046,DK,draftkings,change,16,2026-09-19T19:10:00,Sep 19,7:10 PM ET,8h ago,away,Las Vegas Raiders,6.5,38.0,48.0,43.5,56.0,66.0,245.0,10.0,20.0
2026-09-20T03:48:55,nfl,nfl_20260920_las_vegas_raiders_los_angeles_chargers,20260920NFL00046,DK,draftkings,change,16,2026-09-19T19:10:00,Sep 19,7:10 PM ET,8h ago,home,Los Angeles Chargers,-6.5,62.0,52.0,43.5,44.0,34.0,-305.0,90.0,80.0
2026-09-20T03:48:55,nfl,nfl_20260920_las_vegas_raiders_los_angeles_chargers,20260920NFL00046,DK,draftkings,change,17,2026-09-19T19:00:00,Sep 19,7:00 PM ET,8h ago,away,Las Vegas Raiders,6.5,37.0,48.0,43.5,56.0,66.0,245.0,10.0,20.0
2026-09-20T03:48:55,nfl,nfl_20260920_las_vegas_raiders_los_angeles_chargers,20260920NFL00046,DK,draftkings,change,17,2026-09-19T19:00:00,Sep 19,7:00 PM ET,8h ago,home,Los Angeles Chargers,-6.5,63.0,52.0,43.5,44.0,34.0,-305.0,90.0,80.0
2026-09-20T03:48:55,nfl,nfl_20260920_las_vegas_raiders_los_angeles_chargers,20260920NFL00046,DK,draftkings,change,18,2026-09-19T17:50:00,Sep 19,5:50 PM ET,9h ago,away,Las Vegas Raiders,6.5,38.0,48.0,43.5,56.0,66.0,245.0,10.0,20.0
2026-09-20T03:48:55,nfl,nfl_20260920_las_vegas_raiders_los_angeles_chargers,20260920NFL00046,DK,draftkings,change,18,2026-09-19T17:50:00,Sep 19,5:50 PM ET,9h ago,home,Los Angeles Chargers,-6.5,62.0,52.0,43.5,44.0,34.0,-305.0,90.0,80.0
2026-09-20T03:48:55,nfl,nfl_20260920_las_vegas_raiders_los_angeles_chargers,20260920NFL00046,DK,draftkings,change,19,2026-09-19T17:20:00,Sep 19,5:20 PM ET,10h ago,away,Las Vegas Raiders,6.5,39.0,48.0,43.5,56.0,66.0,250.0,10.0,20.0
2026-09-20T03:48:55,nfl,nfl_20260920_las_vegas_raiders_los_angeles_chargers,20260920NFL00046,DK,draftkings,change,19,2026-09-19T17:20:00,Sep 19,5:20 PM ET,10h ago,home,Los Angeles Chargers,-6.5,61.0,52.0,43.5,44.0,34.0,-310.0,90.0,80.0
2026-09-20T03:48:55,nfl,nfl_20260920_las_vegas_raiders_los_angeles_chargers,20260920NFL00046,DK,draftkings,change,20,2026-09-19T16:55:00,Sep 19,4:55 PM ET,10h ago,away,Las Vegas Raiders,6.5,39.0,49.0,43.5,56.0,66.0,250.0,10.0,20.0
2026-09-20T03:48:55,nfl,nfl_20260920_las_vegas_raiders_los_angeles_chargers,20260920NFL00046,DK,draftkings,change,20,2026-09-19T16:55:00,Sep 19,4:55 PM ET,10h ago,home,Los Angeles Chargers,-6.5,61.0,51.0,43.5,44.0,34.0,-310.0,90.0,80.0
2026-09-20T03:48:55,nfl,nfl_20260920_las_vegas_raiders_los_angeles_chargers,20260920NFL00046,DK,draftkings,change,21,2026-09-19T16:20:00,Sep 19,4:20 PM ET,11h ago,away,Las Vegas Raiders,6.5,39.0,49.0,43.5,55.0,66.0,250.0,10.0,20.0
2026-09-20T03:48:55,nfl,nfl_20260920_las_vegas_raiders_los_angeles_chargers,20260920NFL00046,DK,draftkings,change,21,2026-09-19T16:20:00,Sep 19,4:20 PM ET,11h ago,home,Los Angeles Chargers,-6.5,61.0,51.0,43.5,45.0,34.0,-310.0,90.0,80.0
2026-09-20T03:48:55,nfl,nfl_20260920_las_vegas_raiders_los_angeles_chargers,20260920NFL00046,DK,draftkings,change,22,2026-09-19T15:30:00,Sep 19,3:30 PM ET,12h ago,away,Las Vegas Raiders,6.5,39.0,49.0,43.5,54.0,66.0,250.0,10.0,20.0
2026-09-20T03:48:55,nfl,nfl_20260920_las_vegas_raiders_los_angeles_chargers,20260920NFL00046,DK,draftkings,change,22,2026-09-19T15:30:00,Sep 19,3:30 PM ET,12h ago,home,Los Angeles Chargers,-6.5,61.0,51.0,43.5,46.0,34.0,-310.0,90.0,80.0
2026-09-20T03:48:55,nfl,nfl_20260920_las_vegas_raiders_los_angeles_chargers,20260920NFL00046,DK,draftkings,change,23,2026-09-19T15:00:00,Sep 19,3:00 PM ET,12h ago,away,Las Vegas Raiders,6.5,37.0,49.0,43.5,54.0,66.0,250.0,10.0,20.0
2026-09-20T03:48:55,nfl,nfl_20260920_las_vegas_raiders_los_angeles_chargers,20260920NFL00046,DK,draftkings,change,23,2026-09-19T15:00:00,Sep 19,3:00 PM ET,12h ago,home,Los Angeles Chargers,-6.5,63.0,51.0,43.5,46.0,34.0,-310.0,90.0,80.0
2026-09-20T03:48:55,nfl,nfl_20260920_las_vegas_raiders_los_angeles_chargers,20260920NFL00046,DK,draftkings,change,24,2026-09-19T14:25:00,Sep 19,2:25 PM ET,13h ago,away,Las Vegas Raiders,6.5,38.0,49.0,43.5,54.0,66.0,250.0,10.0,20.0
2026-09-20T03:48:55,nfl,nfl_20260920_las_vegas_raiders_los_angeles_chargers,20260920NFL00046,DK,draftkings,change,24,2026-09-19T14:25:00,Sep 19,2:25 PM ET,13h ago,home,Los Angeles Chargers,-6.5,62.0,51.0,43.5,46.0,34.0,-310.0,90.0,80.0
2026-09-20T03:48:55,nfl,nfl_20260920_las_vegas_raiders_los_angeles_chargers,20260920NFL00046,DK,draftkings,change,25,2026-09-19T14:20:00,Sep 19,2:20 PM ET,13h ago,away,Las Vegas Raiders,6.5,39.0,49.0,43.5,54.0,66.0,250.0,10.0,20.0
2026-09-20T03:48:55,nfl,nfl_20260920_las_vegas_raiders_los_angeles_chargers,20260920NFL00046,DK,draftkings,change,25,2026-09-19T14:20:00,Sep 19,2:20 PM ET,13h ago,home,Los Angeles Chargers,-6.5,61.0,51.0,43.5,46.0,34.0,-310.0,90.0,80.0
2026-09-20T03:48:55,nfl,nfl_20260920_las_vegas_raiders_los_angeles_chargers,20260920NFL00046,DK,draftkings,change,26,2026-09-19T14:10:00,Sep 19,2:10 PM ET,13h ago,away,Las Vegas Raiders,6.5,40.0,49.0,43.5,54.0,66.0,250.0,10.0,20.0
2026-09-20T03:48:55,nfl,nfl_20260920_las_vegas_raiders_los_angeles_chargers,20260920NFL00046,DK,draftkings,change,26,2026-09-19T14:10:00,Sep 19,2:10 PM ET,13h ago,home,Los Angeles Chargers,-6.5,60.0,51.0,43.5,46.0,34.0,-310.0,90.0,80.0
2026-09-20T03:48:55,nfl,nfl_20260920_las_vegas_raiders_los_angeles_chargers,20260920NFL00046,DK,draftkings,change,27,2026-09-19T14:05:00,Sep 19,2:05 PM ET,13h ago,away,Las Vegas Raiders,6.5,39.0,49.0,43.5,54.0,66.0,250.0,10.0,20.0
2026-09-20T03:48:55,nfl,nfl_20260920_las_vegas_raiders_los_angeles_chargers,20260920NFL00046,DK,draftkings,change,27,2026-09-19T14:05:00,Sep 19,2:05 PM ET,13h ago,home,Los Angeles Chargers,-6.5,61.0,51.0,43.5,46.0,34.0,-310.0,90.0,80.0
2026-09-20T03:48:56,nfl,nfl_20260920_las_vegas_raiders_los_angeles_chargers,20260920NFL00046,CIRCA,circa,open,1,2026-09-13T21:10:00,Sep 13,9:10 PM ET,6d ago,away,Las Vegas Raiders,7.0,50.0,50.0,44.0,50.0,50.0,265.0,50.0,50.0
2026-09-20T03:48:56,nfl,nfl_20260920_las_vegas_raiders_los_angeles_chargers,20260920NFL00046,CIRCA,circa,open,1,2026-09-13T21:10:00,Sep 13,9:10 PM ET,6d ago,home,Los Angeles Chargers,-7.0,50.0,50.0,44.0,50.0,50.0,-320.0,50.0,50.0
2026-09-20T03:48:56,nfl,nfl_20260920_las_vegas_raiders_los_angeles_chargers,20260920NFL00046,CIRCA,circa,change,2,2026-09-20T02:56:00,Sep 20,2:56 AM ET,52m ago,away,Las Vegas Raiders,7.0,47.0,54.0,44.0,14.0,50.0,265.0,19.0,86.0
2026-09-20T03:48:56,nfl,nfl_20260920_las_vegas_raiders_los_angeles_chargers,20260920NFL00046,CIRCA,circa,change,2,2026-09-20T02:56:00,Sep 20,2:56 AM ET,52m ago,home,Los Angeles Chargers,-7.0,53.0,46.0,44.0,86.0,50.0,-320.0,81.0,14.0
2026-09-20T03:48:56,nfl,nfl_20260920_las_vegas_raiders_los_angeles_chargers,20260920NFL00046,CIRCA,circa,change,3,2026-09-20T02:30:00,Sep 20,2:30 AM ET,1h ago,away,Las Vegas Raiders,7.0,47.0,53.0,44.0,14.0,50.0,265.0,18.0,85.0
2026-09-20T03:48:56,nfl,nfl_20260920_las_vegas_raiders_los_angeles_chargers,20260920NFL00046,CIRCA,circa,change,3,2026-09-20T02:30:00,Sep 20,2:30 AM ET,1h ago,home,Los Angeles Chargers,-7.0,53.0,47.0,44.0,86.0,50.0,-320.0,82.0,15.0
2026-09-20T03:48:56,nfl,nfl_20260920_las_vegas_raiders_los_angeles_chargers,20260920NFL00046,CIRCA,circa,change,4,2026-09-20T02:10:00,Sep 20,2:10 AM ET,1h ago,away,Las Vegas Raiders,7.0,47.0,54.0,43.5,14.0,50.0,265.0,18.0,85.0
2026-09-20T03:48:56,nfl,nfl_20260920_las_vegas_raiders_los_angeles_chargers,20260920NFL00046,CIRCA,circa,change,4,2026-09-20T02:10:00,Sep 20,2:10 AM ET,1h ago,home,Los Angeles Chargers,-7.0,53.0,46.0,43.5,86.0,50.0,-320.0,82.0,15.0
2026-09-20T03:48:56,nfl,nfl_20260920_las_vegas_raiders_los_angeles_chargers,20260920NFL00046,CIRCA,circa,change,5,2026-09-20T01:40:00,Sep 20,1:40 AM ET,2h ago,away,Las Vegas Raiders,7.0,47.0,54.0,43.5,14.0,50.0,265.0,17.0,84.0
2026-09-20T03:48:56,nfl,nfl_20260920_las_vegas_raiders_los_angeles_chargers,20260920NFL00046,CIRCA,circa,change,5,2026-09-20T01:40:00,Sep 20,1:40 AM ET,2h ago,home,Los Angeles Chargers,-7.0,53.0,46.0,43.5,86.0,50.0,-320.0,83.0,16.0
2026-09-20T03:48:56,nfl,nfl_20260920_las_vegas_raiders_los_angeles_chargers,20260920NFL00046,CIRCA,circa,change,6,2026-09-20T01:20:00,Sep 20,1:20 AM ET,2h ago,away,Las Vegas Raiders,7.0,46.0,53.0,43.5,14.0,50.0,265.0,17.0,84.0
2026-09-20T03:48:56,nfl,nfl_20260920_las_vegas_raiders_los_angeles_chargers,20260920NFL00046,CIRCA,circa,change,6,2026-09-20T01:20:00,Sep 20,1:20 AM ET,2h ago,home,Los Angeles Chargers,-7.0,54.0,47.0,43.5,86.0,50.0,-320.0,83.0,16.0
2026-09-20T03:48:56,nfl,nfl_20260920_las_vegas_raiders_los_angeles_chargers,20260920NFL00046,CIRCA,circa,change,7,2026-09-20T01:10:00,Sep 20,1:10 AM ET,2h ago,away,Las Vegas Raiders,7.0,46.0,54.0,43.5,14.0,50.0,265.0,17.0,84.0
2026-09-20T03:48:56,nfl,nfl_20260920_las_vegas_raiders_los_angeles_chargers,20260920NFL00046,CIRCA,circa,change,7,2026-09-20T01:10:00,Sep 20,1:10 AM ET,2h ago,home,Los Angeles Chargers,-7.0,54.0,46.0,43.5,86.0,50.0,-320.0,83.0,16.0
2026-09-20T03:48:56,nfl,nfl_20260920_las_vegas_raiders_los_angeles_chargers,20260920NFL00046,CIRCA,circa,change,8,2026-09-20T01:00:00,Sep 20,1:00 AM ET,2h ago,away,Las Vegas Raiders,7.0,46.0,54.0,43.5,14.0,50.0,265.0,17.0,83.0
2026-09-20T03:48:56,nfl,nfl_20260920_las_vegas_raiders_los_angeles_chargers,20260920NFL00046,CIRCA,circa,change,8,2026-09-20T01:00:00,Sep 20,1:00 AM ET,2h ago,home,Los Angeles Chargers,-7.0,54.0,46.0,43.5,86.0,50.0,-320.0,83.0,17.0
2026-09-20T03:48:56,nfl,nfl_20260920_las_vegas_raiders_los_angeles_chargers,20260920NFL00046,CIRCA,circa,change,9,2026-09-20T00:55:00,Sep 20,12:55 AM ET,2h ago,away,Las Vegas Raiders,7.0,46.0,54.0,43.5,13.0,45.0,265.0,17.0,83.0
2026-09-20T03:48:56,nfl,nfl_20260920_las_vegas_raiders_los_angeles_chargers,20260920NFL00046,CIRCA,circa,change,9,2026-09-20T00:55:00,Sep 20,12:55 AM ET,2h ago,home,Los Angeles Chargers,-7.0,54.0,46.0,43.5,87.0,55.0,-320.0,83.0,17.0
2026-09-20T03:48:56,nfl,nfl_20260920_las_vegas_raiders_los_angeles_chargers,20260920NFL00046,CIRCA,circa,change,10,2026-09-20T00:50:00,Sep 20,12:50 AM ET,2h ago,away,Las Vegas Raiders,7.0,46.0,55.0,43.5,13.0,45.0,265.0,17.0,83.0
2026-09-20T03:48:56,nfl,nfl_20260920_las_vegas_raiders_los_angeles_chargers,20260920NFL00046,CIRCA,circa,change,10,2026-09-20T00:50:00,Sep 20,12:50 AM ET,2h ago,home,Los Angeles Chargers,-7.0,54.0,45.0,43.5,87.0,55.0,-320.0,83.0,17.0
2026-09-20T03:48:56,nfl,nfl_20260920_las_vegas_raiders_los_angeles_chargers,20260920NFL00046,CIRCA,circa,change,11,2026-09-20T00:05:00,Sep 20,12:05 AM ET,3h ago,away,Las Vegas Raiders,6.5,46.0,54.0,43.5,13.0,45.0,265.0,17.0,83.0
2026-09-20T03:48:56,nfl,nfl_20260920_las_vegas_raiders_los_angeles_chargers,20260920NFL00046,CIRCA,circa,change,11,2026-09-20T00:05:00,Sep 20,12:05 AM ET,3h ago,home,Los Angeles Chargers,-6.5,54.0,46.0,43.5,87.0,55.0,-320.0,83.0,17.0
2026-09-20T03:48:56,nfl,nfl_20260920_las_vegas_raiders_los_angeles_chargers,20260920NFL00046,CIRCA,circa,change,12,2026-09-19T23:30:00,Sep 19,11:30 PM ET,4h ago,away,Las Vegas Raiders,6.5,47.0,55.0,43.5,13.0,45.0,265.0,17.0,83.0
2026-09-20T03:48:56,nfl,nfl_20260920_las_vegas_raiders_los_angeles_chargers,20260920NFL00046,CIRCA,circa,change,12,2026-09-19T23:30:00,Sep 19,11:30 PM ET,4h ago,home,Los Angeles Chargers,-6.5,53.0,45.0,43.5,87.0,55.0,-320.0,83.0,17.0
2026-09-20T03:48:56,nfl,nfl_20260920_las_vegas_raiders_los_angeles_chargers,20260920NFL00046,CIRCA,circa,change,13,2026-09-19T23:15:00,Sep 19,11:15 PM ET,4h ago,away,Las Vegas Raiders,6.5,47.0,54.0,43.5,13.0,45.0,265.0,17.0,83.0
2026-09-20T03:48:56,nfl,nfl_20260920_las_vegas_raiders_los_angeles_chargers,20260920NFL00046,CIRCA,circa,change,13,2026-09-19T23:15:00,Sep 19,11:15 PM ET,4h ago,home,Los Angeles Chargers,-6.5,53.0,46.0,43.5,87.0,55.0,-320.0,83.0,17.0
2026-09-20T03:48:56,nfl,nfl_20260920_las_vegas_raiders_los_angeles_chargers,20260920NFL00046,CIRCA,circa,change,14,2026-09-19T22:55:00,Sep 19,10:55 PM ET,4h ago,away,Las Vegas Raiders,6.5,47.0,55.0,43.5,13.0,45.0,265.0,17.0,83.0
2026-09-20T03:48:56,nfl,nfl_20260920_las_vegas_raiders_los_angeles_chargers,20260920NFL00046,CIRCA,circa,change,14,2026-09-19T22:55:00,Sep 19,10:55 PM ET,4h ago,home,Los Angeles Chargers,-6.5,53.0,45.0,43.5,87.0,55.0,-320.0,83.0,17.0
2026-09-20T03:48:56,nfl,nfl_20260920_las_vegas_raiders_los_angeles_chargers,20260920NFL00046,CIRCA,circa,change,15,2026-09-19T22:50:00,Sep 19,10:50 PM ET,4h ago,away,Las Vegas Raiders,6.5,47.0,55.0,43.5,13.0,50.0,265.0,17.0,82.0
2026-09-20T03:48:56,nfl,nfl_20260920_las_vegas_raiders_los_angeles_chargers,20260920NFL00046,CIRCA,circa,change,15,2026-09-19T22:50:00,Sep 19,10:50 PM ET,4h ago,home,Los Angeles Chargers,-6.5,53.0,45.0,43.5,87.0,50.0,-320.0,83.0,18.0
2026-09-20T03:48:56,nfl,nfl_20260920_las_vegas_raiders_los_angeles_chargers,20260920NFL00046,CIRCA,circa,change,16,2026-09-19T22:10:00,Sep 19,10:10 PM ET,5h ago,away,Las Vegas Raiders,6.5,79.0,56.0,43.5,13.0,50.0,265.0,16.0,80.0
2026-09-20T03:48:56,nfl,nfl_20260920_las_vegas_raiders_los_angeles_chargers,20260920NFL00046,CIRCA,circa,change,16,2026-09-19T22:10:00,Sep 19,10:10 PM ET,5h ago,home,Los Angeles Chargers,-6.5,21.0,44.0,43.5,87.0,50.0,-320.0,84.0,20.0
2026-09-20T03:48:56,nfl,nfl_20260920_las_vegas_raiders_los_angeles_chargers,20260920NFL00046,CIRCA,circa,change,17,2026-09-19T22:00:00,Sep 19,10:00 PM ET,5h ago,away,Las Vegas Raiders,6.5,79.0,56.0,43.5,13.0,50.0,265.0,16.0,79.0
2026-09-20T03:48:56,nfl,nfl_20260920_las_vegas_raiders_los_angeles_chargers,20260920NFL00046,CIRCA,circa,change,17,2026-09-19T22:00:00,Sep 19,10:00 PM ET,5h ago,home,Los Angeles Chargers,-6.5,21.0,44.0,43.5,87.0,50.0,-320.0,84.0,21.0
2026-09-20T03:48:56,nfl,nfl_20260920_las_vegas_raiders_los_angeles_chargers,20260920NFL00046,CIRCA,circa,change,18,2026-09-19T21:05:00,Sep 19,9:05 PM ET,6h ago,away,Las Vegas Raiders,6.5,79.0,57.0,43.5,13.0,50.0,250.0,16.0,79.0
2026-09-20T03:48:56,nfl,nfl_20260920_las_vegas_raiders_los_angeles_chargers,20260920NFL00046,CIRCA,circa,change,18,2026-09-19T21:05:00,Sep 19,9:05 PM ET,6h ago,home,Los Angeles Chargers,-6.5,21.0,43.0,43.5,87.0,50.0,-300.0,84.0,21.0
2026-09-20T03:48:56,nfl,nfl_20260920_las_vegas_raiders_los_angeles_chargers,20260920NFL00046,CIRCA,circa,change,19,2026-09-19T21:00:00,Sep 19,9:00 PM ET,6h ago,away,Las Vegas Raiders,6.5,79.0,57.0,43.5,13.0,50.0,250.0,14.0,77.0
2026-09-20T03:48:56,nfl,nfl_20260920_las_vegas_raiders_los_angeles_chargers,20260920NFL00046,CIRCA,circa,change,19,2026-09-19T21:00:00,Sep 19,9:00 PM ET,6h ago,home,Los Angeles Chargers,-6.5,21.0,43.0,43.5,87.0,50.0,-300.0,86.0,23.0
2026-09-20T03:48:56,nfl,nfl_20260920_las_vegas_raiders_los_angeles_chargers,20260920NFL00046,CIRCA,circa,change,20,2026-09-19T20:55:00,Sep 19,8:55 PM ET,6h ago,away,Las Vegas Raiders,6.5,79.0,57.0,43.5,13.0,50.0,250.0,12.0,75.0
2026-09-20T03:48:56,nfl,nfl_20260920_las_vegas_raiders_los_angeles_chargers,20260920NFL00046,CIRCA,circa,change,20,2026-09-19T20:55:00,Sep 19,8:55 PM ET,6h ago,home,Los Angeles Chargers,-6.5,21.0,43.0,43.5,87.0,50.0,-300.0,88.0,25.0
2026-09-20T03:48:56,nfl,nfl_20260920_las_vegas_raiders_los_angeles_chargers,20260920NFL00046,CIRCA,circa,change,21,2026-09-19T20:30:00,Sep 19,8:30 PM ET,7h ago,away,Las Vegas Raiders,6.5,79.0,58.0,43.5,13.0,50.0,250.0,12.0,75.0
2026-09-20T03:48:56,nfl,nfl_20260920_las_vegas_raiders_los_angeles_chargers,20260920NFL00046,CIRCA,circa,change,21,2026-09-19T20:30:00,Sep 19,8:30 PM ET,7h ago,home,Los Angeles Chargers,-6.5,21.0,42.0,43.5,87.0,50.0,-300.0,88.0,25.0
2026-09-20T03:48:56,nfl,nfl_20260920_las_vegas_raiders_los_angeles_chargers,20260920NFL00046,CIRCA,circa,change,22,2026-09-19T19:30:00,Sep 19,7:30 PM ET,8h ago,away,Las Vegas Raiders,6.5,79.0,58.0,43.5,12.0,44.0,250.0,12.0,75.0
2026-09-20T03:48:56,nfl,nfl_20260920_las_vegas_raiders_los_angeles_chargers,20260920NFL00046,CIRCA,circa,change,22,2026-09-19T19:30:00,Sep 19,7:30 PM ET,8h ago,home,Los Angeles Chargers,-6.5,21.0,42.0,43.5,88.0,56.0,-300.0,88.0,25.0
2026-09-20T03:48:56,nfl,nfl_20260920_las_vegas_raiders_los_angeles_chargers,20260920NFL00046,CIRCA,circa,change,23,2026-09-19T19:10:00,Sep 19,7:10 PM ET,8h ago,away,Las Vegas Raiders,6.5,79.0,57.0,43.5,12.0,44.0,250.0,12.0,75.0
2026-09-20T03:48:56,nfl,nfl_20260920_las_vegas_raiders_los_angeles_chargers,20260920NFL00046,CIRCA,circa,change,23,2026-09-19T19:10:00,Sep 19,7:10 PM ET,8h ago,home,Los Angeles Chargers,-6.5,21.0,43.0,43.5,88.0,56.0,-300.0,88.0,25.0
2026-09-20T03:48:56,nfl,nfl_20260920_las_vegas_raiders_los_angeles_chargers,20260920NFL00046,CIRCA,circa,change,24,2026-09-19T17:30:00,Sep 19,5:30 PM ET,10h ago,away,Las Vegas Raiders,6.5,85.0,58.0,43.5,12.0,44.0,250.0,12.0,75.0
2026-09-20T03:48:56,nfl,nfl_20260920_las_vegas_raiders_los_angeles_chargers,20260920NFL00046,CIRCA,circa,change,24,2026-09-19T17:30:00,Sep 19,5:30 PM ET,10h ago,home,Los Angeles Chargers,-6.5,15.0,42.0,43.5,88.0,56.0,-300.0,88.0,25.0
2026-09-20T03:48:56,nfl,nfl_20260920_las_vegas_raiders_los_angeles_chargers,20260920NFL00046,CIRCA,circa,change,25,2026-09-19T17:25:00,Sep 19,5:25 PM ET,10h ago,away,Las Vegas Raiders,6.5,85.0,58.0,43.5,9.0,38.0,250.0,12.0,75.0
2026-09-20T03:48:56,nfl,nfl_20260920_las_vegas_raiders_los_angeles_chargers,20260920NFL00046,CIRCA,circa,change,25,2026-09-19T17:25:00,Sep 19,5:25 PM ET,10h ago,home,Los Angeles Chargers,-6.5,15.0,42.0,43.5,91.0,63.0,-300.0,88.0,25.0
2026-09-20T03:48:56,nfl,nfl_20260920_las_vegas_raiders_los_angeles_chargers,20260920NFL00046,CIRCA,circa,change,26,2026-09-19T15:20:00,Sep 19,3:20 PM ET,12h ago,away,Las Vegas Raiders,6.5,85.0,59.0,43.5,9.0,38.0,250.0,12.0,75.0
2026-09-20T03:48:56,nfl,nfl_20260920_las_vegas_raiders_los_angeles_chargers,20260920NFL00046,CIRCA,circa,change,26,2026-09-19T15:20:00,Sep 19,3:20 PM ET,12h ago,home,Los Angeles Chargers,-6.5,15.0,41.0,43.5,91.0,63.0,-300.0,88.0,25.0
2026-09-20T03:48:57,nfl,nfl_20260920_wash_commanders_dallas_cowboys,20260920NFL00047,DK,draftkings,open,1,2026-05-14T22:00:00,May 14,10:00 PM ET,128d ago,away,Wash Commanders,4.5,100.0,100.0,,0.0,0.0,,0.0,0.0
2026-09-20T03:48:57,nfl,nfl_20260920_wash_commanders_dallas_cowboys,20260920NFL00047,DK,draftkings,open,1,2026-05-14T22:00:00,May 14,10:00 PM ET,128d ago,home,Dallas Cowboys,-4.5,0.0,0.0,,0.0,0.0,,0.0,0.0
2026-09-20T03:48:57,nfl,nfl_20260920_wash_commanders_dallas_cowboys,20260920NFL00047,DK,draftkings,first_full,2,2026-05-22T09:10:00,May 22,9:10 AM ET,120d ago,away,Wash Commanders,4.5,99.0,22.0,51.5,55.0,25.0,170.0,47.0,26.0
2026-09-20T03:48:57,nfl,nfl_20260920_wash_commanders_dallas_cowboys,20260920NFL00047,DK,draftkings,first_full,2,2026-05-22T09:10:00,May 22,9:10 AM ET,120d ago,home,Dallas Cowboys,-4.5,1.0,78.0,51.5,45.0,75.0,-205.0,53.0,74.0
2026-09-20T03:48:57,nfl,nfl_20260920_wash_commanders_dallas_cowboys,20260920NFL00047,DK,draftkings,change,3,2026-09-20T03:40:00,Sep 20,3:40 AM ET,8m ago,away,Wash Commanders,4.5,32.0,45.0,50.5,85.0,68.0,185.0,52.0,24.0
2026-09-20T03:48:57,nfl,nfl_20260920_wash_commanders_dallas_cowboys,20260920NFL00047,DK,draftkings,change,3,2026-09-20T03:40:00,Sep 20,3:40 AM ET,8m ago,home,Dallas Cowboys,-4.5,68.0,55.0,50.5,15.0,32.0,-225.0,48.0,76.0
2026-09-20T03:48:57,nfl,nfl_20260920_wash_commanders_dallas_cowboys,20260920NFL00047,DK,draftkings,change,4,2026-09-20T03:35:00,Sep 20,3:35 AM ET,13m ago,away,Wash Commanders,4.5,32.0,45.0,50.5,85.0,67.0,185.0,52.0,24.0
2026-09-20T03:48:57,nfl,nfl_20260920_wash_commanders_dallas_cowboys,20260920NFL00047,DK,draftkings,change,4,2026-09-20T03:35:00,Sep 20,3:35 AM ET,13m ago,home,Dallas Cowboys,-4.5,68.0,55.0,50.5,15.0,33.0,-225.0,48.0,76.0
2026-09-20T03:48:57,nfl,nfl_20260920_wash_commanders_dallas_cowboys,20260920NFL00047,DK,draftkings,change,5,2026-09-20T02:15:00,Sep 20,2:15 AM ET,1h ago,away,Wash Commanders,3.5,32.0,45.0,50.5,85.0,68.0,180.0,52.0,24.0
2026-09-20T03:48:57,nfl,nfl_20260920_wash_commanders_dallas_cowboys,20260920NFL00047,DK,draftkings,change,5,2026-09-20T02:15:00,Sep 20,2:15 AM ET,1h ago,home,Dallas Cowboys,-3.5,68.0,55.0,50.5,15.0,32.0,-218.0,48.0,76.0
2026-09-20T03:48:57,nfl,nfl_20260920_wash_commanders_dallas_cowboys,20260920NFL00047,DK,draftkings,change,6,2026-09-20T02:10:00,Sep 20,2:10 AM ET,1h ago,away,Wash Commanders,3.5,32.0,45.0,50.5,85.0,69.0,180.0,52.0,24.0
2026-09-20T03:48:57,nfl,nfl_20260920_wash_commanders_dallas_cowboys,20260920NFL00047,DK,draftkings,change,6,2026-09-20T02:10:00,Sep 20,2:10 AM ET,1h ago,home,Dallas Cowboys,-3.5,68.0,55.0,50.5,15.0,31.0,-218.0,48.0,76.0
2026-09-20T03:48:57,nfl,nfl_20260920_wash_commanders_dallas_cowboys,20260920NFL00047,DK,draftkings,change,7,2026-09-20T00:50:00,Sep 20,12:50 AM ET,2h ago,away,Wash Commanders,3.5,32.0,45.0,50.5,84.0,68.0,180.0,52.0,24.0
2026-09-20T03:48:57,nfl,nfl_20260920_wash_commanders_dallas_cowboys,20260920NFL00047,DK,draftkings,change,7,2026-09-20T00:50:00,Sep 20,12:50 AM ET,2h ago,home,Dallas Cowboys,-3.5,68.0,55.0,50.5,16.0,32.0,-218.0,48.0,76.0
2026-09-20T03:48:57,nfl,nfl_20260920_wash_commanders_dallas_cowboys,20260920NFL00047,DK,draftkings,change,8,2026-09-20T00:00:00,Sep 20,12:00 AM ET,3h ago,away,Wash Commanders,3.5,32.0,45.0,50.5,84.0,69.0,180.0,53.0,24.0
2026-09-20T03:48:57,nfl,nfl_20260920_wash_commanders_dallas_cowboys,20260920NFL00047,DK,draftkings,change,8,2026-09-20T00:00:00,Sep 20,12:00 AM ET,3h ago,home,Dallas Cowboys,-3.5,68.0,55.0,50.5,16.0,31.0,-218.0,47.0,76.0
2026-09-20T03:48:57,nfl,nfl_20260920_wash_commanders_dallas_cowboys,20260920NFL00047,DK,draftkings,change,9,2026-09-19T23:50:00,Sep 19,11:50 PM ET,3h ago,away,Wash Commanders,3.5,32.0,45.0,50.5,84.0,69.0,180.0,54.0,24.0
2026-09-20T03:48:57,nfl,nfl_20260920_wash_commanders_dallas_cowboys,20260920NFL00047,DK,draftkings,change,9,2026-09-19T23:50:00,Sep 19,11:50 PM ET,3h ago,home,Dallas Cowboys,-3.5,68.0,55.0,50.5,16.0,31.0,-218.0,46.0,76.0
2026-09-20T03:48:57,nfl,nfl_20260920_wash_commanders_dallas_cowboys,20260920NFL00047,DK,draftkings,change,10,2026-09-19T23:25:00,Sep 19,11:25 PM ET,4h ago,away,Wash Commanders,3.5,32.0,46.0,50.5,84.0,69.0,180.0,54.0,24.0
2026-09-20T03:48:57,nfl,nfl_20260920_wash_commanders_dallas_cowboys,20260920NFL00047,DK,draftkings,change,10,2026-09-19T23:25:00,Sep 19,11:25 PM ET,4h ago,home,Dallas Cowboys,-3.5,68.0,54.0,50.5,16.0,31.0,-218.0,46.0,76.0
2026-09-20T03:48:57,nfl,nfl_20260920_wash_commanders_dallas_cowboys,20260920NFL00047,DK,draftkings,change,11,2026-09-19T21:40:00,Sep 19,9:40 PM ET,6h ago,away,Wash Commanders,3.5,32.0,46.0,50.5,84.0,68.0,180.0,54.0,24.0
2026-09-20T03:48:57,nfl,nfl_20260920_wash_commanders_dallas_cowboys,20260920NFL00047,DK,draftkings,change,11,2026-09-19T21:40:00,Sep 19,9:40 PM ET,6h ago,home,Dallas Cowboys,-3.5,68.0,54.0,50.5,16.0,32.0,-218.0,46.0,76.0
2026-09-20T03:48:57,nfl,nfl_20260920_wash_commanders_dallas_cowboys,20260920NFL00047,DK,draftkings,change,12,2026-09-19T20:50:00,Sep 19,8:50 PM ET,6h ago,away,Wash Commanders,3.5,32.0,46.0,50.5,84.0,68.0,180.0,55.0,24.0
2026-09-20T03:48:57,nfl,nfl_20260920_wash_commanders_dallas_cowboys,20260920NFL00047,DK,draftkings,change,12,2026-09-19T20:50:00,Sep 19,8:50 PM ET,6h ago,home,Dallas Cowboys,-3.5,68.0,54.0,50.5,16.0,32.0,-218.0,45.0,76.0
2026-09-20T03:48:57,nfl,nfl_20260920_wash_commanders_dallas_cowboys,20260920NFL00047,DK,draftkings,change,13,2026-09-19T20:40:00,Sep 19,8:40 PM ET,7h ago,away,Wash Commanders,3.5,32.0,46.0,50.5,96.0,68.0,180.0,55.0,24.0
2026-09-20T03:48:57,nfl,nfl_20260920_wash_commanders_dallas_cowboys,20260920NFL00047,DK,draftkings,change,13,2026-09-19T20:40:00,Sep 19,8:40 PM ET,7h ago,home,Dallas Cowboys,-3.5,68.0,54.0,50.5,4.0,32.0,-218.0,45.0,76.0
2026-09-20T03:48:57,nfl,nfl_20260920_wash_commanders_dallas_cowboys,20260920NFL00047,DK,draftkings,change,14,2026-09-19T20:30:00,Sep 19,8:30 PM ET,7h ago,away,Wash Commanders,3.5,33.0,46.0,50.5,96.0,68.0,180.0,55.0,24.0
2026-09-20T03:48:57,nfl,nfl_20260920_wash_commanders_dallas_cowboys,20260920NFL00047,DK,draftkings,change,14,2026-09-19T20:30:00,Sep 19,8:30 PM ET,7h ago,home,Dallas Cowboys,-3.5,67.0,54.0,50.5,4.0,32.0,-218.0,45.0,76.0
2026-09-20T03:48:57,nfl,nfl_20260920_wash_commanders_dallas_cowboys,20260920NFL00047,DK,draftkings,change,15,2026-09-19T20:20:00,Sep 19,8:20 PM ET,7h ago,away,Wash Commanders,3.5,33.0,47.0,50.5,96.0,68.0,180.0,55.0,24.0
2026-09-20T03:48:57,nfl,nfl_20260920_wash_commanders_dallas_cowboys,20260920NFL00047,DK,draftkings,change,15,2026-09-19T20:20:00,Sep 19,8:20 PM ET,7h ago,home,Dallas Cowboys,-3.5,67.0,53.0,50.5,4.0,32.0,-218.0,45.0,76.0
2026-09-20T03:48:57,nfl,nfl_20260920_wash_commanders_dallas_cowboys,20260920NFL00047,DK,draftkings,change,16,2026-09-19T20:10:00,Sep 19,8:10 PM ET,7h ago,away,Wash Commanders,3.5,33.0,47.0,50.5,91.0,68.0,180.0,55.0,24.0
2026-09-20T03:48:57,nfl,nfl_20260920_wash_commanders_dallas_cowboys,20260920NFL00047,DK,draftkings,change,16,2026-09-19T20:10:00,Sep 19,8:10 PM ET,7h ago,home,Dallas Cowboys,-3.5,67.0,53.0,50.5,9.0,32.0,-218.0,45.0,76.0
2026-09-20T03:48:57,nfl,nfl_20260920_wash_commanders_dallas_cowboys,20260920NFL00047,DK,draftkings,change,17,2026-09-19T19:50:00,Sep 19,7:50 PM ET,7h ago,away,Wash Commanders,3.5,33.0,47.0,50.5,92.0,68.0,180.0,55.0,24.0
2026-09-20T03:48:57,nfl,nfl_20260920_wash_commanders_dallas_cowboys,20260920NFL00047,DK,draftkings,change,17,2026-09-19T19:50:00,Sep 19,7:50 PM ET,7h ago,home,Dallas Cowboys,-3.5,67.0,53.0,50.5,8.0,32.0,-218.0,45.0,76.0
2026-09-20T03:48:57,nfl,nfl_20260920_wash_commanders_dallas_cowboys,20260920NFL00047,DK,draftkings,change,18,2026-09-19T19:30:00,Sep 19,7:30 PM ET,8h ago,away,Wash Commanders,3.5,33.0,47.0,50.5,91.0,67.0,180.0,55.0,24.0
2026-09-20T03:48:57,nfl,nfl_20260920_wash_commanders_dallas_cowboys,20260920NFL00047,DK,draftkings,change,18,2026-09-19T19:30:00,Sep 19,7:30 PM ET,8h ago,home,Dallas Cowboys,-3.5,67.0,53.0,50.5,9.0,33.0,-218.0,45.0,76.0
2026-09-20T03:48:57,nfl,nfl_20260920_wash_commanders_dallas_cowboys,20260920NFL00047,DK,draftkings,change,19,2026-09-19T19:20:00,Sep 19,7:20 PM ET,8h ago,away,Wash Commanders,3.5,34.0,47.0,50.5,91.0,67.0,180.0,55.0,24.0
2026-09-20T03:48:57,nfl,nfl_20260920_wash_commanders_dallas_cowboys,20260920NFL00047,DK,draftkings,change,19,2026-09-19T19:20:00,Sep 19,7:20 PM ET,8h ago,home,Dallas Cowboys,-3.5,66.0,53.0,50.5,9.0,33.0,-218.0,45.0,76.0
2026-09-20T03:48:57,nfl,nfl_20260920_wash_commanders_dallas_cowboys,20260920NFL00047,DK,draftkings,change,20,2026-09-19T18:50:00,Sep 19,6:50 PM ET,8h ago,away,Wash Commanders,3.5,34.0,47.0,50.5,90.0,67.0,180.0,55.0,24.0
2026-09-20T03:48:57,nfl,nfl_20260920_wash_commanders_dallas_cowboys,20260920NFL00047,DK,draftkings,change,20,2026-09-19T18:50:00,Sep 19,6:50 PM ET,8h ago,home,Dallas Cowboys,-3.5,66.0,53.0,50.5,10.0,33.0,-218.0,45.0,76.0
2026-09-20T03:48:57,nfl,nfl_20260920_wash_commanders_dallas_cowboys,20260920NFL00047,DK,draftkings,change,21,2026-09-19T18:20:00,Sep 19,6:20 PM ET,9h ago,away,Wash Commanders,3.5,35.0,47.0,50.5,90.0,67.0,180.0,55.0,24.0
2026-09-20T03:48:57,nfl,nfl_20260920_wash_commanders_dallas_cowboys,20260920NFL00047,DK,draftkings,change,21,2026-09-19T18:20:00,Sep 19,6:20 PM ET,9h ago,home,Dallas Cowboys,-3.5,65.0,53.0,50.5,10.0,33.0,-218.0,45.0,76.0
2026-09-20T03:48:57,nfl,nfl_20260920_wash_commanders_dallas_cowboys,20260920NFL00047,DK,draftkings,change,22,2026-09-19T18:15:00,Sep 19,6:15 PM ET,9h ago,away,Wash Commanders,3.5,35.0,47.0,50.5,90.0,67.0,180.0,56.0,24.0
2026-09-20T03:48:57,nfl,nfl_20260920_wash_commanders_dallas_cowboys,20260920NFL00047,DK,draftkings,change,22,2026-09-19T18:15:00,Sep 19,6:15 PM ET,9h ago,home,Dallas Cowboys,-3.5,65.0,53.0,50.5,10.0,33.0,-218.0,44.0,76.0
2026-09-20T03:48:57,nfl,nfl_20260920_wash_commanders_dallas_cowboys,20260920NFL00047,DK,draftkings,change,23,2026-09-19T17:50:00,Sep 19,5:50 PM ET,9h ago,away,Wash Commanders,3.5,35.0,47.0,50.5,90.0,66.0,180.0,56.0,24.0
2026-09-20T03:48:57,nfl,nfl_20260920_wash_commanders_dallas_cowboys,20260920NFL00047,DK,draftkings,change,23,2026-09-19T17:50:00,Sep 19,5:50 PM ET,9h ago,home,Dallas Cowboys,-3.5,65.0,53.0,50.5,10.0,34.0,-218.0,44.0,76.0
2026-09-20T03:48:57,nfl,nfl_20260920_wash_commanders_dallas_cowboys,20260920NFL00047,DK,draftkings,change,24,2026-09-19T17:35:00,Sep 19,5:35 PM ET,10h ago,away,Wash Commanders,3.5,36.0,47.0,50.5,90.0,66.0,180.0,55.0,24.0
2026-09-20T03:48:57,nfl,nfl_20260920_wash_commanders_dallas_cowboys,20260920NFL00047,DK,draftkings,change,24,2026-09-19T17:35:00,Sep 19,5:35 PM ET,10h ago,home,Dallas Cowboys,-3.5,64.0,53.0,50.5,10.0,34.0,-218.0,45.0,76.0
2026-09-20T03:48:57,nfl,nfl_20260920_wash_commanders_dallas_cowboys,20260920NFL00047,DK,draftkings,change,25,2026-09-19T17:10:00,Sep 19,5:10 PM ET,10h ago,away,Wash Commanders,3.5,36.0,47.0,50.5,91.0,66.0,180.0,55.0,24.0
2026-09-20T03:48:57,nfl,nfl_20260920_wash_commanders_dallas_cowboys,20260920NFL00047,DK,draftkings,change,25,2026-09-19T17:10:00,Sep 19,5:10 PM ET,10h ago,home,Dallas Cowboys,-3.5,64.0,53.0,50.5,9.0,34.0,-218.0,45.0,76.0
2026-09-20T03:48:57,nfl,nfl_20260920_wash_commanders_dallas_cowboys,20260920NFL00047,DK,draftkings,change,26,2026-09-19T16:55:00,Sep 19,4:55 PM ET,10h ago,away,Wash Commanders,3.5,37.0,47.0,50.5,91.0,66.0,180.0,55.0,24.0
2026-09-20T03:48:57,nfl,nfl_20260920_wash_commanders_dallas_cowboys,20260920NFL00047,DK,draftkings,change,26,2026-09-19T16:55:00,Sep 19,4:55 PM ET,10h ago,home,Dallas Cowboys,-3.5,63.0,53.0,50.5,9.0,34.0,-218.0,45.0,76.0
2026-09-20T03:48:57,nfl,nfl_20260920_wash_commanders_dallas_cowboys,20260920NFL00047,DK,draftkings,change,27,2026-09-19T16:10:00,Sep 19,4:10 PM ET,11h ago,away,Wash Commanders,3.5,36.0,47.0,50.5,91.0,67.0,180.0,55.0,24.0
2026-09-20T03:48:57,nfl,nfl_20260920_wash_commanders_dallas_cowboys,20260920NFL00047,DK,draftkings,change,27,2026-09-19T16:10:00,Sep 19,4:10 PM ET,11h ago,home,Dallas Cowboys,-3.5,64.0,53.0,50.5,9.0,33.0,-218.0,45.0,76.0
2026-09-20T03:48:58,nfl,nfl_20260920_wash_commanders_dallas_cowboys,20260920NFL00047,CIRCA,circa,open,1,2026-09-14T09:30:00,Sep 14,9:30 AM ET,5d ago,away,Wash Commanders,3.5,50.0,50.0,50.5,50.0,50.0,170.0,50.0,50.0
2026-09-20T03:48:58,nfl,nfl_20260920_wash_commanders_dallas_cowboys,20260920NFL00047,CIRCA,circa,open,1,2026-09-14T09:30:00,Sep 14,9:30 AM ET,5d ago,home,Dallas Cowboys,-3.5,50.0,50.0,50.5,50.0,50.0,-195.0,50.0,50.0
2026-09-20T03:48:58,nfl,nfl_20260920_wash_commanders_dallas_cowboys,20260920NFL00047,CIRCA,circa,change,2,2026-09-20T02:42:00,Sep 20,2:42 AM ET,1h ago,away,Wash Commanders,4.0,30.0,48.0,51.0,96.0,86.0,180.0,51.0,25.0
2026-09-20T03:48:58,nfl,nfl_20260920_wash_commanders_dallas_cowboys,20260920NFL00047,CIRCA,circa,change,2,2026-09-20T02:42:00,Sep 20,2:42 AM ET,1h ago,home,Dallas Cowboys,-4.0,70.0,52.0,51.0,4.0,14.0,-210.0,49.0,75.0
2026-09-20T03:48:58,nfl,nfl_20260920_wash_commanders_dallas_cowboys,20260920NFL00047,CIRCA,circa,change,3,2026-09-20T02:30:00,Sep 20,2:30 AM ET,1h ago,away,Wash Commanders,4.0,30.0,48.0,51.0,96.0,86.0,180.0,52.0,27.0
2026-09-20T03:48:58,nfl,nfl_20260920_wash_commanders_dallas_cowboys,20260920NFL00047,CIRCA,circa,change,3,2026-09-20T02:30:00,Sep 20,2:30 AM ET,1h ago,home,Dallas Cowboys,-4.0,70.0,52.0,51.0,4.0,14.0,-210.0,48.0,73.0
2026-09-20T03:48:58,nfl,nfl_20260920_wash_commanders_dallas_cowboys,20260920NFL00047,CIRCA,circa,change,4,2026-09-20T02:25:00,Sep 20,2:25 AM ET,1h ago,away,Wash Commanders,4.0,30.0,49.0,51.0,96.0,86.0,180.0,52.0,27.0
2026-09-20T03:48:58,nfl,nfl_20260920_wash_commanders_dallas_cowboys,20260920NFL00047,CIRCA,circa,change,4,2026-09-20T02:25:00,Sep 20,2:25 AM ET,1h ago,home,Dallas Cowboys,-4.0,70.0,51.0,51.0,4.0,14.0,-210.0,48.0,73.0
2026-09-20T03:48:58,nfl,nfl_20260920_wash_commanders_dallas_cowboys,20260920NFL00047,CIRCA,circa,change,5,2026-09-20T02:20:00,Sep 20,2:20 AM ET,1h ago,away,Wash Commanders,4.0,30.0,50.0,51.0,96.0,86.0,180.0,52.0,29.0
2026-09-20T03:48:58,nfl,nfl_20260920_wash_commanders_dallas_cowboys,20260920NFL00047,CIRCA,circa,change,5,2026-09-20T02:20:00,Sep 20,2:20 AM ET,1h ago,home,Dallas Cowboys,-4.0,70.0,50.0,51.0,4.0,14.0,-210.0,48.0,71.0
2026-09-20T03:48:58,nfl,nfl_20260920_wash_commanders_dallas_cowboys,20260920NFL00047,CIRCA,circa,change,6,2026-09-20T01:20:00,Sep 20,1:20 AM ET,2h ago,away,Wash Commanders,4.0,30.0,50.0,51.0,96.0,86.0,180.0,67.0,31.0
2026-09-20T03:48:58,nfl,nfl_20260920_wash_commanders_dallas_cowboys,20260920NFL00047,CIRCA,circa,change,6,2026-09-20T01:20:00,Sep 20,1:20 AM ET,2h ago,home,Dallas Cowboys,-4.0,70.0,50.0,51.0,4.0,14.0,-210.0,33.0,69.0
2026-09-20T03:48:58,nfl,nfl_20260920_wash_commanders_dallas_cowboys,20260920NFL00047,CIRCA,circa,change,7,2026-09-20T01:15:00,Sep 20,1:15 AM ET,2h ago,away,Wash Commanders,4.0,30.0,49.0,51.0,96.0,86.0,180.0,67.0,31.0
2026-09-20T03:48:58,nfl,nfl_20260920_wash_commanders_dallas_cowboys,20260920NFL00047,CIRCA,circa,change,7,2026-09-20T01:15:00,Sep 20,1:15 AM ET,2h ago,home,Dallas Cowboys,-4.0,70.0,51.0,51.0,4.0,14.0,-210.0,33.0,69.0
2026-09-20T03:48:58,nfl,nfl_20260920_wash_commanders_dallas_cowboys,20260920NFL00047,CIRCA,circa,change,8,2026-09-20T00:55:00,Sep 20,12:55 AM ET,2h ago,away,Wash Commanders,4.0,30.0,48.0,51.0,96.0,86.0,180.0,67.0,31.0
2026-09-20T03:48:58,nfl,nfl_20260920_wash_commanders_dallas_cowboys,20260920NFL00047,CIRCA,circa,change,8,2026-09-20T00:55:00,Sep 20,12:55 AM ET,2h ago,home,Dallas Cowboys,-4.0,70.0,52.0,51.0,4.0,14.0,-210.0,33.0,69.0
2026-09-20T03:48:58,nfl,nfl_20260920_wash_commanders_dallas_cowboys,20260920NFL00047,CIRCA,circa,change,9,2026-09-20T00:50:00,Sep 20,12:50 AM ET,2h ago,away,Wash Commanders,4.0,30.0,47.0,51.0,96.0,86.0,180.0,68.0,33.0
2026-09-20T03:48:58,nfl,nfl_20260920_wash_commanders_dallas_cowboys,20260920NFL00047,CIRCA,circa,change,9,2026-09-20T00:50:00,Sep 20,12:50 AM ET,2h ago,home,Dallas Cowboys,-4.0,70.0,53.0,51.0,4.0,14.0,-210.0,32.0,67.0
2026-09-20T03:48:58,nfl,nfl_20260920_wash_commanders_dallas_cowboys,20260920NFL00047,CIRCA,circa,change,10,2026-09-20T00:45:00,Sep 20,12:45 AM ET,3h ago,away,Wash Commanders,4.0,30.0,47.0,51.0,96.0,86.0,180.0,68.0,36.0
2026-09-20T03:48:58,nfl,nfl_20260920_wash_commanders_dallas_cowboys,20260920NFL00047,CIRCA,circa,change,10,2026-09-20T00:45:00,Sep 20,12:45 AM ET,3h ago,home,Dallas Cowboys,-4.0,70.0,53.0,51.0,4.0,14.0,-210.0,32.0,64.0
2026-09-20T03:48:58,nfl,nfl_20260920_wash_commanders_dallas_cowboys,20260920NFL00047,CIRCA,circa,change,11,2026-09-20T00:00:00,Sep 20,12:00 AM ET,3h ago,away,Wash Commanders,4.0,30.0,45.0,51.0,96.0,86.0,180.0,68.0,36.0
2026-09-20T03:48:58,nfl,nfl_20260920_wash_commanders_dallas_cowboys,20260920NFL00047,CIRCA,circa,change,11,2026-09-20T00:00:00,Sep 20,12:00 AM ET,3h ago,home,Dallas Cowboys,-4.0,70.0,55.0,51.0,4.0,14.0,-210.0,32.0,64.0
2026-09-20T03:48:58,nfl,nfl_20260920_wash_commanders_dallas_cowboys,20260920NFL00047,CIRCA,circa,change,12,2026-09-19T23:50:00,Sep 19,11:50 PM ET,3h ago,away,Wash Commanders,4.0,30.0,48.0,51.0,96.0,86.0,180.0,68.0,36.0
2026-09-20T03:48:58,nfl,nfl_20260920_wash_commanders_dallas_cowboys,20260920NFL00047,CIRCA,circa,change,12,2026-09-19T23:50:00,Sep 19,11:50 PM ET,3h ago,home,Dallas Cowboys,-4.0,70.0,53.0,51.0,4.0,14.0,-210.0,32.0,64.0
2026-09-20T03:48:58,nfl,nfl_20260920_wash_commanders_dallas_cowboys,20260920NFL00047,CIRCA,circa,change,13,2026-09-19T23:20:00,Sep 19,11:20 PM ET,4h ago,away,Wash Commanders,4.0,30.0,46.0,51.0,96.0,86.0,180.0,68.0,36.0
2026-09-20T03:48:58,nfl,nfl_20260920_wash_commanders_dallas_cowboys,20260920NFL00047,CIRCA,circa,change,13,2026-09-19T23:20:00,Sep 19,11:20 PM ET,4h ago,home,Dallas Cowboys,-4.0,70.0,54.0,51.0,4.0,14.0,-210.0,32.0,64.0
2026-09-20T03:48:58,nfl,nfl_20260920_wash_commanders_dallas_cowboys,20260920NFL00047,CIRCA,circa,change,14,2026-09-19T22:10:00,Sep 19,10:10 PM ET,5h ago,away,Wash Commanders,4.0,30.0,46.0,51.0,95.0,83.0,180.0,68.0,36.0
2026-09-20T03:48:58,nfl,nfl_20260920_wash_commanders_dallas_cowboys,20260920NFL00047,CIRCA,circa,change,14,2026-09-19T22:10:00,Sep 19,10:10 PM ET,5h ago,home,Dallas Cowboys,-4.0,70.0,54.0,51.0,5.0,17.0,-210.0,32.0,64.0
2026-09-20T03:48:58,nfl,nfl_20260920_wash_commanders_dallas_cowboys,20260920NFL00047,CIRCA,circa,change,15,2026-09-19T21:45:00,Sep 19,9:45 PM ET,6h ago,away,Wash Commanders,4.0,30.0,45.0,51.0,95.0,83.0,180.0,68.0,36.0
2026-09-20T03:48:58,nfl,nfl_20260920_wash_commanders_dallas_cowboys,20260920NFL00047,CIRCA,circa,change,15,2026-09-19T21:45:00,Sep 19,9:45 PM ET,6h ago,home,Dallas Cowboys,-4.0,70.0,55.0,51.0,5.0,17.0,-210.0,32.0,64.0
2026-09-20T03:48:58,nfl,nfl_20260920_wash_commanders_dallas_cowboys,20260920NFL00047,CIRCA,circa,change,16,2026-09-19T21:25:00,Sep 19,9:25 PM ET,6h ago,away,Wash Commanders,4.0,30.0,43.0,51.0,95.0,83.0,180.0,68.0,36.0
2026-09-20T03:48:58,nfl,nfl_20260920_wash_commanders_dallas_cowboys,20260920NFL00047,CIRCA,circa,change,16,2026-09-19T21:25:00,Sep 19,9:25 PM ET,6h ago,home,Dallas Cowboys,-4.0,70.0,57.0,51.0,5.0,17.0,-210.0,32.0,64.0
2026-09-20T03:48:58,nfl,nfl_20260920_wash_commanders_dallas_cowboys,20260920NFL00047,CIRCA,circa,change,17,2026-09-19T21:05:00,Sep 19,9:05 PM ET,6h ago,away,Wash Commanders,4.0,29.0,42.0,51.0,95.0,83.0,180.0,68.0,36.0
2026-09-20T03:48:58,nfl,nfl_20260920_wash_commanders_dallas_cowboys,20260920NFL00047,CIRCA,circa,change,17,2026-09-19T21:05:00,Sep 19,9:05 PM ET,6h ago,home,Dallas Cowboys,-4.0,71.0,58.0,51.0,5.0,17.0,-210.0,32.0,64.0
2026-09-20T03:48:58,nfl,nfl_20260920_wash_commanders_dallas_cowboys,20260920NFL00047,CIRCA,circa,change,18,2026-09-19T20:30:00,Sep 19,8:30 PM ET,7h ago,away,Wash Commanders,4.0,29.0,40.0,51.0,95.0,83.0,180.0,68.0,36.0
2026-09-20T03:48:58,nfl,nfl_20260920_wash_commanders_dallas_cowboys,20260920NFL00047,CIRCA,circa,change,18,2026-09-19T20:30:00,Sep 19,8:30 PM ET,7h ago,home,Dallas Cowboys,-4.0,71.0,60.0,51.0,5.0,17.0,-210.0,32.0,64.0
2026-09-20T03:48:58,nfl,nfl_20260920_wash_commanders_dallas_cowboys,20260920NFL00047,CIRCA,circa,change,19,2026-09-19T19:40:00,Sep 19,7:40 PM ET,8h ago,away,Wash Commanders,4.0,29.0,41.0,51.0,95.0,83.0,180.0,68.0,36.0
2026-09-20T03:48:58,nfl,nfl_20260920_wash_commanders_dallas_cowboys,20260920NFL00047,CIRCA,circa,change,19,2026-09-19T19:40:00,Sep 19,7:40 PM ET,8h ago,home,Dallas Cowboys,-4.0,71.0,59.0,51.0,5.0,17.0,-210.0,32.0,64.0
2026-09-20T03:48:58,nfl,nfl_20260920_wash_commanders_dallas_cowboys,20260920NFL00047,CIRCA,circa,change,20,2026-09-19T19:35:00,Sep 19,7:35 PM ET,8h ago,away,Wash Commanders,4.0,29.0,41.0,51.0,95.0,80.0,180.0,68.0,36.0
2026-09-20T03:48:58,nfl,nfl_20260920_wash_commanders_dallas_cowboys,20260920NFL00047,CIRCA,circa,change,20,2026-09-19T19:35:00,Sep 19,7:35 PM ET,8h ago,home,Dallas Cowboys,-4.0,71.0,59.0,51.0,5.0,20.0,-210.0,32.0,64.0
2026-09-20T03:48:58,nfl,nfl_20260920_wash_commanders_dallas_cowboys,20260920NFL00047,CIRCA,circa,change,21,2026-09-19T19:15:00,Sep 19,7:15 PM ET,8h ago,away,Wash Commanders,4.0,29.0,41.0,50.5,95.0,80.0,180.0,75.0,40.0
2026-09-20T03:48:58,nfl,nfl_20260920_wash_commanders_dallas_cowboys,20260920NFL00047,CIRCA,circa,change,21,2026-09-19T19:15:00,Sep 19,7:15 PM ET,8h ago,home,Dallas Cowboys,-4.0,71.0,59.0,50.5,5.0,20.0,-210.0,25.0,60.0
2026-09-20T03:48:58,nfl,nfl_20260920_wash_commanders_dallas_cowboys,20260920NFL00047,CIRCA,circa,change,22,2026-09-19T17:30:00,Sep 19,5:30 PM ET,10h ago,away,Wash Commanders,4.0,29.0,41.0,50.5,92.0,75.0,180.0,75.0,40.0
2026-09-20T03:48:58,nfl,nfl_20260920_wash_commanders_dallas_cowboys,20260920NFL00047,CIRCA,circa,change,22,2026-09-19T17:30:00,Sep 19,5:30 PM ET,10h ago,home,Dallas Cowboys,-4.0,71.0,59.0,50.5,8.0,25.0,-210.0,25.0,60.0
2026-09-20T03:48:58,nfl,nfl_20260920_wash_commanders_dallas_cowboys,20260920NFL00047,CIRCA,circa,change,23,2026-09-19T16:40:00,Sep 19,4:40 PM ET,11h ago,away,Wash Commanders,4.0,52.0,42.0,50.5,92.0,75.0,180.0,75.0,40.0
2026-09-20T03:48:58,nfl,nfl_20260920_wash_commanders_dallas_cowboys,20260920NFL00047,CIRCA,circa,change,23,2026-09-19T16:40:00,Sep 19,4:40 PM ET,11h ago,home,Dallas Cowboys,-4.0,48.0,58.0,50.5,8.0,25.0,-210.0,25.0,60.0
2026-09-20T03:48:58,nfl,nfl_20260920_wash_commanders_dallas_cowboys,20260920NFL00047,CIRCA,circa,change,24,2026-09-19T14:55:00,Sep 19,2:55 PM ET,12h ago,away,Wash Commanders,4.0,52.0,44.0,50.5,92.0,75.0,180.0,75.0,40.0
2026-09-20T03:48:58,nfl,nfl_20260920_wash_commanders_dallas_cowboys,20260920NFL00047,CIRCA,circa,change,24,2026-09-19T14:55:00,Sep 19,2:55 PM ET,12h ago,home,Dallas Cowboys,-4.0,48.0,56.0,50.5,8.0,25.0,-210.0,25.0,60.0
2026-09-20T03:48:58,nfl,nfl_20260920_wash_commanders_dallas_cowboys,20260920NFL00047,CIRCA,circa,change,25,2026-09-19T09:30:00,Sep 19,9:30 AM ET,18h ago,away,Wash Commanders,4.0,52.0,44.0,50.5,92.0,75.0,180.0,75.0,44.0
2026-09-20T03:48:58,nfl,nfl_20260920_wash_commanders_dallas_cowboys,20260920NFL00047,CIRCA,circa,change,25,2026-09-19T09:30:00,Sep 19,9:30 AM ET,18h ago,home,Dallas Cowboys,-4.0,48.0,56.0,50.5,8.0,25.0,-210.0,25.0,56.0
2026-09-20T03:48:58,nfl,nfl_20260920_wash_commanders_dallas_cowboys,20260920NFL00047,CIRCA,circa,change,26,2026-09-18T21:50:00,Sep 18,9:50 PM ET,1d ago,away,Wash Commanders,4.0,52.0,45.0,50.5,92.0,75.0,180.0,75.0,44.0
2026-09-20T03:48:58,nfl,nfl_20260920_wash_commanders_dallas_cowboys,20260920NFL00047,CIRCA,circa,change,26,2026-09-18T21:50:00,Sep 18,9:50 PM ET,1d ago,home,Dallas Cowboys,-4.0,48.0,55.0,50.5,8.0,25.0,-210.0,25.0,56.0
2026-09-20T03:48:59,nfl,nfl_20260920_seattle_seahawks_arizona_cardinals,20260920NFL00059,DK,draftkings,open,1,2026-05-14T22:10:00,May 14,10:10 PM ET,128d ago,away,Seattle Seahawks,-10.0,0.0,0.0,,0.0,0.0,-520.0,100.0,100.0
2026-09-20T03:48:59,nfl,nfl_20260920_seattle_seahawks_arizona_cardinals,20260920NFL00059,DK,draftkings,open,1,2026-05-14T22:10:00,May 14,10:10 PM ET,128d ago,home,Arizona Cardinals,10.0,100.0,100.0,,0.0,0.0,390.0,0.0,0.0
2026-09-20T03:48:59,nfl,nfl_20260920_seattle_seahawks_arizona_cardinals,20260920NFL00059,DK,draftkings,first_full,2,2026-06-02T14:55:00,Jun 2,2:55 PM ET,109d ago,away,Seattle Seahawks,-10.0,15.0,83.0,44.5,13.0,25.0,-520.0,37.0,91.0
2026-09-20T03:48:59,nfl,nfl_20260920_seattle_seahawks_arizona_cardinals,20260920NFL00059,DK,draftkings,first_full,2,2026-06-02T14:55:00,Jun 2,2:55 PM ET,109d ago,home,Arizona Cardinals,10.0,85.0,18.0,44.5,87.0,75.0,390.0,63.0,9.0
2026-09-20T03:48:59,nfl,nfl_20260920_seattle_seahawks_arizona_cardinals,20260920NFL00059,DK,draftkings,change,3,2026-09-20T02:30:00,Sep 20,2:30 AM ET,1h ago,away,Seattle Seahawks,-3.5,71.0,64.0,40.5,36.0,69.0,-205.0,67.0,86.0
2026-09-20T03:48:59,nfl,nfl_20260920_seattle_seahawks_arizona_cardinals,20260920NFL00059,DK,draftkings,change,3,2026-09-20T02:30:00,Sep 20,2:30 AM ET,1h ago,home,Arizona Cardinals,3.5,29.0,36.0,40.5,64.0,31.0,170.0,33.0,14.0
2026-09-20T03:48:59,nfl,nfl_20260920_seattle_seahawks_arizona_cardinals,20260920NFL00059,DK,draftkings,change,4,2026-09-20T01:55:00,Sep 20,1:55 AM ET,1h ago,away,Seattle Seahawks,-3.5,71.0,64.0,40.5,36.0,69.0,-205.0,66.0,86.0
2026-09-20T03:48:59,nfl,nfl_20260920_seattle_seahawks_arizona_cardinals,20260920NFL00059,DK,draftkings,change,4,2026-09-20T01:55:00,Sep 20,1:55 AM ET,1h ago,home,Arizona Cardinals,3.5,29.0,36.0,40.5,64.0,31.0,170.0,34.0,14.0
2026-09-20T03:48:59,nfl,nfl_20260920_seattle_seahawks_arizona_cardinals,20260920NFL00059,DK,draftkings,change,5,2026-09-20T01:50:00,Sep 20,1:50 AM ET,1h ago,away,Seattle Seahawks,-3.5,72.0,64.0,40.5,36.0,69.0,-205.0,66.0,86.0
2026-09-20T03:48:59,nfl,nfl_20260920_seattle_seahawks_arizona_cardinals,20260920NFL00059,DK,draftkings,change,5,2026-09-20T01:50:00,Sep 20,1:50 AM ET,1h ago,home,Arizona Cardinals,3.5,28.0,36.0,40.5,64.0,31.0,170.0,34.0,14.0
2026-09-20T03:48:59,nfl,nfl_20260920_seattle_seahawks_arizona_cardinals,20260920NFL00059,DK,draftkings,change,6,2026-09-20T01:45:00,Sep 20,1:45 AM ET,2h ago,away,Seattle Seahawks,-3.5,71.0,64.0,40.5,36.0,69.0,-205.0,66.0,86.0
2026-09-20T03:48:59,nfl,nfl_20260920_seattle_seahawks_arizona_cardinals,20260920NFL00059,DK,draftkings,change,6,2026-09-20T01:45:00,Sep 20,1:45 AM ET,2h ago,home,Arizona Cardinals,3.5,29.0,36.0,40.5,64.0,31.0,170.0,34.0,14.0
2026-09-20T03:48:59,nfl,nfl_20260920_seattle_seahawks_arizona_cardinals,20260920NFL00059,DK,draftkings,change,7,2026-09-20T01:15:00,Sep 20,1:15 AM ET,2h ago,away,Seattle Seahawks,-3.5,72.0,64.0,40.5,36.0,69.0,-205.0,66.0,86.0
2026-09-20T03:48:59,nfl,nfl_20260920_seattle_seahawks_arizona_cardinals,20260920NFL00059,DK,draftkings,change,7,2026-09-20T01:15:00,Sep 20,1:15 AM ET,2h ago,home,Arizona Cardinals,3.5,28.0,36.0,40.5,64.0,31.0,170.0,34.0,14.0
2026-09-20T03:48:59,nfl,nfl_20260920_seattle_seahawks_arizona_cardinals,20260920NFL00059,DK,draftkings,change,8,2026-09-20T00:35:00,Sep 20,12:35 AM ET,3h ago,away,Seattle Seahawks,-3.5,71.0,64.0,40.5,36.0,69.0,-205.0,66.0,86.0
2026-09-20T03:48:59,nfl,nfl_20260920_seattle_seahawks_arizona_cardinals,20260920NFL00059,DK,draftkings,change,8,2026-09-20T00:35:00,Sep 20,12:35 AM ET,3h ago,home,Arizona Cardinals,3.5,29.0,36.0,40.5,64.0,31.0,170.0,34.0,14.0
2026-09-20T03:48:59,nfl,nfl_20260920_seattle_seahawks_arizona_cardinals,20260920NFL00059,DK,draftkings,change,9,2026-09-19T23:50:00,Sep 19,11:50 PM ET,3h ago,away,Seattle Seahawks,-3.5,72.0,64.0,40.5,35.0,69.0,-205.0,65.0,86.0
2026-09-20T03:48:59,nfl,nfl_20260920_seattle_seahawks_arizona_cardinals,20260920NFL00059,DK,draftkings,change,9,2026-09-19T23:50:00,Sep 19,11:50 PM ET,3h ago,home,Arizona Cardinals,3.5,28.0,36.0,40.5,65.0,31.0,170.0,35.0,14.0
2026-09-20T03:48:59,nfl,nfl_20260920_seattle_seahawks_arizona_cardinals,20260920NFL00059,DK,draftkings,change,10,2026-09-19T23:40:00,Sep 19,11:40 PM ET,4h ago,away,Seattle Seahawks,-3.5,71.0,64.0,40.5,35.0,69.0,-205.0,64.0,86.0
2026-09-20T03:48:59,nfl,nfl_20260920_seattle_seahawks_arizona_cardinals,20260920NFL00059,DK,draftkings,change,10,2026-09-19T23:40:00,Sep 19,11:40 PM ET,4h ago,home,Arizona Cardinals,3.5,29.0,36.0,40.5,65.0,31.0,170.0,36.0,14.0
2026-09-20T03:48:59,nfl,nfl_20260920_seattle_seahawks_arizona_cardinals,20260920NFL00059,DK,draftkings,change,11,2026-09-19T22:25:00,Sep 19,10:25 PM ET,5h ago,away,Seattle Seahawks,-3.5,70.0,64.0,40.5,35.0,69.0,-205.0,65.0,86.0
2026-09-20T03:48:59,nfl,nfl_20260920_seattle_seahawks_arizona_cardinals,20260920NFL00059,DK,draftkings,change,11,2026-09-19T22:25:00,Sep 19,10:25 PM ET,5h ago,home,Arizona Cardinals,3.5,30.0,36.0,40.5,65.0,31.0,170.0,35.0,14.0
2026-09-20T03:48:59,nfl,nfl_20260920_seattle_seahawks_arizona_cardinals,20260920NFL00059,DK,draftkings,change,12,2026-09-19T22:15:00,Sep 19,10:15 PM ET,5h ago,away,Seattle Seahawks,-3.5,70.0,64.0,40.5,34.0,69.0,-205.0,65.0,86.0
2026-09-20T03:48:59,nfl,nfl_20260920_seattle_seahawks_arizona_cardinals,20260920NFL00059,DK,draftkings,change,12,2026-09-19T22:15:00,Sep 19,10:15 PM ET,5h ago,home,Arizona Cardinals,3.5,30.0,36.0,40.5,66.0,31.0,170.0,35.0,14.0
2026-09-20T03:48:59,nfl,nfl_20260920_seattle_seahawks_arizona_cardinals,20260920NFL00059,DK,draftkings,change,13,2026-09-19T21:40:00,Sep 19,9:40 PM ET,6h ago,away,Seattle Seahawks,-3.5,70.0,64.0,40.5,34.0,69.0,-205.0,64.0,86.0
2026-09-20T03:48:59,nfl,nfl_20260920_seattle_seahawks_arizona_cardinals,20260920NFL00059,DK,draftkings,change,13,2026-09-19T21:40:00,Sep 19,9:40 PM ET,6h ago,home,Arizona Cardinals,3.5,30.0,36.0,40.5,66.0,31.0,170.0,36.0,14.0
2026-09-20T03:48:59,nfl,nfl_20260920_seattle_seahawks_arizona_cardinals,20260920NFL00059,DK,draftkings,change,14,2026-09-19T21:35:00,Sep 19,9:35 PM ET,6h ago,away,Seattle Seahawks,-3.5,70.0,64.0,40.5,35.0,69.0,-205.0,64.0,86.0
2026-09-20T03:48:59,nfl,nfl_20260920_seattle_seahawks_arizona_cardinals,20260920NFL00059,DK,draftkings,change,14,2026-09-19T21:35:00,Sep 19,9:35 PM ET,6h ago,home,Arizona Cardinals,3.5,30.0,36.0,40.5,65.0,31.0,170.0,36.0,14.0
2026-09-20T03:48:59,nfl,nfl_20260920_seattle_seahawks_arizona_cardinals,20260920NFL00059,DK,draftkings,change,15,2026-09-19T21:15:00,Sep 19,9:15 PM ET,6h ago,away,Seattle Seahawks,-3.5,70.0,64.0,40.5,34.0,69.0,-205.0,64.0,86.0
2026-09-20T03:48:59,nfl,nfl_20260920_seattle_seahawks_arizona_cardinals,20260920NFL00059,DK,draftkings,change,15,2026-09-19T21:15:00,Sep 19,9:15 PM ET,6h ago,home,Arizona Cardinals,3.5,30.0,36.0,40.5,66.0,31.0,170.0,36.0,14.0
2026-09-20T03:48:59,nfl,nfl_20260920_seattle_seahawks_arizona_cardinals,20260920NFL00059,DK,draftkings,change,16,2026-09-19T19:30:00,Sep 19,7:30 PM ET,8h ago,away,Seattle Seahawks,-3.5,70.0,64.0,40.5,34.0,68.0,-205.0,64.0,86.0
2026-09-20T03:48:59,nfl,nfl_20260920_seattle_seahawks_arizona_cardinals,20260920NFL00059,DK,draftkings,change,16,2026-09-19T19:30:00,Sep 19,7:30 PM ET,8h ago,home,Arizona Cardinals,3.5,30.0,36.0,40.5,66.0,32.0,170.0,36.0,14.0
2026-09-20T03:48:59,nfl,nfl_20260920_seattle_seahawks_arizona_cardinals,20260920NFL00059,DK,draftkings,change,17,2026-09-19T18:40:00,Sep 19,6:40 PM ET,9h ago,away,Seattle Seahawks,-3.5,71.0,64.0,40.5,34.0,68.0,-205.0,64.0,86.0
2026-09-20T03:48:59,nfl,nfl_20260920_seattle_seahawks_arizona_cardinals,20260920NFL00059,DK,draftkings,change,17,2026-09-19T18:40:00,Sep 19,6:40 PM ET,9h ago,home,Arizona Cardinals,3.5,29.0,36.0,40.5,66.0,32.0,170.0,36.0,14.0
2026-09-20T03:48:59,nfl,nfl_20260920_seattle_seahawks_arizona_cardinals,20260920NFL00059,DK,draftkings,change,18,2026-09-19T15:55:00,Sep 19,3:55 PM ET,11h ago,away,Seattle Seahawks,-3.5,70.0,64.0,40.5,34.0,68.0,-218.0,64.0,86.0
2026-09-20T03:48:59,nfl,nfl_20260920_seattle_seahawks_arizona_cardinals,20260920NFL00059,DK,draftkings,change,18,2026-09-19T15:55:00,Sep 19,3:55 PM ET,11h ago,home,Arizona Cardinals,3.5,30.0,36.0,40.5,66.0,32.0,180.0,36.0,14.0
2026-09-20T03:48:59,nfl,nfl_20260920_seattle_seahawks_arizona_cardinals,20260920NFL00059,DK,draftkings,change,19,2026-09-19T15:40:00,Sep 19,3:40 PM ET,12h ago,away,Seattle Seahawks,-3.5,70.0,64.0,40.5,34.0,68.0,-218.0,63.0,86.0
2026-09-20T03:48:59,nfl,nfl_20260920_seattle_seahawks_arizona_cardinals,20260920NFL00059,DK,draftkings,change,19,2026-09-19T15:40:00,Sep 19,3:40 PM ET,12h ago,home,Arizona Cardinals,3.5,30.0,36.0,40.5,66.0,32.0,180.0,37.0,14.0
2026-09-20T03:48:59,nfl,nfl_20260920_seattle_seahawks_arizona_cardinals,20260920NFL00059,DK,draftkings,change,20,2026-09-19T15:20:00,Sep 19,3:20 PM ET,12h ago,away,Seattle Seahawks,-3.5,70.0,64.0,40.5,34.0,68.0,-218.0,60.0,86.0
2026-09-20T03:48:59,nfl,nfl_20260920_seattle_seahawks_arizona_cardinals,20260920NFL00059,DK,draftkings,change,20,2026-09-19T15:20:00,Sep 19,3:20 PM ET,12h ago,home,Arizona Cardinals,3.5,30.0,36.0,40.5,66.0,32.0,180.0,40.0,14.0
2026-09-20T03:48:59,nfl,nfl_20260920_seattle_seahawks_arizona_cardinals,20260920NFL00059,DK,draftkings,change,21,2026-09-19T15:00:00,Sep 19,3:00 PM ET,12h ago,away,Seattle Seahawks,-3.5,70.0,64.0,40.5,34.0,67.0,-218.0,60.0,86.0
2026-09-20T03:48:59,nfl,nfl_20260920_seattle_seahawks_arizona_cardinals,20260920NFL00059,DK,draftkings,change,21,2026-09-19T15:00:00,Sep 19,3:00 PM ET,12h ago,home,Arizona Cardinals,3.5,30.0,36.0,40.5,66.0,33.0,180.0,40.0,14.0
2026-09-20T03:48:59,nfl,nfl_20260920_seattle_seahawks_arizona_cardinals,20260920NFL00059,DK,draftkings,change,22,2026-09-19T12:40:00,Sep 19,12:40 PM ET,15h ago,away,Seattle Seahawks,-3.5,70.0,64.0,40.5,32.0,67.0,-205.0,60.0,86.0
2026-09-20T03:48:59,nfl,nfl_20260920_seattle_seahawks_arizona_cardinals,20260920NFL00059,DK,draftkings,change,22,2026-09-19T12:40:00,Sep 19,12:40 PM ET,15h ago,home,Arizona Cardinals,3.5,30.0,36.0,40.5,68.0,33.0,170.0,40.0,14.0
2026-09-20T03:48:59,nfl,nfl_20260920_seattle_seahawks_arizona_cardinals,20260920NFL00059,DK,draftkings,change,23,2026-09-19T12:00:00,Sep 19,12:00 PM ET,15h ago,away,Seattle Seahawks,-3.5,70.0,64.0,40.5,31.0,67.0,-205.0,60.0,86.0
2026-09-20T03:48:59,nfl,nfl_20260920_seattle_seahawks_arizona_cardinals,20260920NFL00059,DK,draftkings,change,23,2026-09-19T12:00:00,Sep 19,12:00 PM ET,15h ago,home,Arizona Cardinals,3.5,30.0,36.0,40.5,69.0,33.0,170.0,40.0,14.0
2026-09-20T03:48:59,nfl,nfl_20260920_seattle_seahawks_arizona_cardinals,20260920NFL00059,DK,draftkings,change,24,2026-09-19T10:40:00,Sep 19,10:40 AM ET,17h ago,away,Seattle Seahawks,-3.5,70.0,64.0,40.5,31.0,66.0,-205.0,60.0,86.0
2026-09-20T03:48:59,nfl,nfl_20260920_seattle_seahawks_arizona_cardinals,20260920NFL00059,DK,draftkings,change,24,2026-09-19T10:40:00,Sep 19,10:40 AM ET,17h ago,home,Arizona Cardinals,3.5,30.0,36.0,40.5,69.0,34.0,170.0,40.0,14.0
2026-09-20T03:48:59,nfl,nfl_20260920_seattle_seahawks_arizona_cardinals,20260920NFL00059,DK,draftkings,change,25,2026-09-19T10:15:00,Sep 19,10:15 AM ET,17h ago,away,Seattle Seahawks,-3.5,70.0,64.0,40.5,31.0,66.0,-205.0,60.0,85.0
2026-09-20T03:48:59,nfl,nfl_20260920_seattle_seahawks_arizona_cardinals,20260920NFL00059,DK,draftkings,change,25,2026-09-19T10:15:00,Sep 19,10:15 AM ET,17h ago,home,Arizona Cardinals,3.5,30.0,36.0,40.5,69.0,34.0,170.0,40.0,15.0
2026-09-20T03:48:59,nfl,nfl_20260920_seattle_seahawks_arizona_cardinals,20260920NFL00059,DK,draftkings,change,26,2026-09-19T09:50:00,Sep 19,9:50 AM ET,17h ago,away,Seattle Seahawks,-3.5,70.0,64.0,40.5,31.0,66.0,-205.0,60.0,86.0
2026-09-20T03:48:59,nfl,nfl_20260920_seattle_seahawks_arizona_cardinals,20260920NFL00059,DK,draftkings,change,26,2026-09-19T09:50:00,Sep 19,9:50 AM ET,17h ago,home,Arizona Cardinals,3.5,30.0,36.0,40.5,69.0,34.0,170.0,40.0,14.0
2026-09-20T03:48:59,nfl,nfl_20260920_seattle_seahawks_arizona_cardinals,20260920NFL00059,DK,draftkings,change,27,2026-09-19T09:10:00,Sep 19,9:10 AM ET,18h ago,away,Seattle Seahawks,-3.5,70.0,64.0,40.5,30.0,66.0,-205.0,60.0,86.0
2026-09-20T03:48:59,nfl,nfl_20260920_seattle_seahawks_arizona_cardinals,20260920NFL00059,DK,draftkings,change,27,2026-09-19T09:10:00,Sep 19,9:10 AM ET,18h ago,home,Arizona Cardinals,3.5,30.0,36.0,40.5,70.0,34.0,170.0,40.0,14.0
2026-09-20T03:49:00,nfl,nfl_20260920_seattle_seahawks_arizona_cardinals,20260920NFL00059,CIRCA,circa,open,1,2026-09-13T21:10:00,Sep 13,9:10 PM ET,6d ago,away,Seattle Seahawks,-5.5,50.0,50.0,41.0,50.0,50.0,-240.0,50.0,50.0
2026-09-20T03:49:00,nfl,nfl_20260920_seattle_seahawks_arizona_cardinals,20260920NFL00059,CIRCA,circa,open,1,2026-09-13T21:10:00,Sep 13,9:10 PM ET,6d ago,home,Arizona Cardinals,5.5,50.0,50.0,41.0,50.0,50.0,205.0,50.0,50.0
2026-09-20T03:49:00,nfl,nfl_20260920_seattle_seahawks_arizona_cardinals,20260920NFL00059,CIRCA,circa,change,2,2026-09-20T03:30:00,Sep 20,3:30 AM ET,18m ago,away,Seattle Seahawks,-4.0,37.0,69.0,40.5,5.0,38.0,-210.0,88.0,58.0
2026-09-20T03:49:00,nfl,nfl_20260920_seattle_seahawks_arizona_cardinals,20260920NFL00059,CIRCA,circa,change,2,2026-09-20T03:30:00,Sep 20,3:30 AM ET,18m ago,home,Arizona Cardinals,4.0,63.0,31.0,40.5,95.0,63.0,180.0,12.0,42.0
2026-09-20T03:49:00,nfl,nfl_20260920_seattle_seahawks_arizona_cardinals,20260920NFL00059,CIRCA,circa,change,3,2026-09-20T02:25:00,Sep 20,2:25 AM ET,1h ago,away,Seattle Seahawks,-4.0,37.0,69.0,40.5,5.0,38.0,-210.0,88.0,55.0
2026-09-20T03:49:00,nfl,nfl_20260920_seattle_seahawks_arizona_cardinals,20260920NFL00059,CIRCA,circa,change,3,2026-09-20T02:25:00,Sep 20,2:25 AM ET,1h ago,home,Arizona Cardinals,4.0,63.0,31.0,40.5,95.0,63.0,180.0,12.0,45.0
2026-09-20T03:49:00,nfl,nfl_20260920_seattle_seahawks_arizona_cardinals,20260920NFL00059,CIRCA,circa,change,4,2026-09-20T02:06:00,Sep 20,2:06 AM ET,1h ago,away,Seattle Seahawks,-4.0,37.0,68.0,41.0,5.0,38.0,-210.0,88.0,55.0
2026-09-20T03:49:00,nfl,nfl_20260920_seattle_seahawks_arizona_cardinals,20260920NFL00059,CIRCA,circa,change,4,2026-09-20T02:06:00,Sep 20,2:06 AM ET,1h ago,home,Arizona Cardinals,4.0,63.0,32.0,41.0,95.0,63.0,180.0,12.0,45.0
2026-09-20T03:49:00,nfl,nfl_20260920_seattle_seahawks_arizona_cardinals,20260920NFL00059,CIRCA,circa,change,5,2026-09-20T01:00:00,Sep 20,1:00 AM ET,2h ago,away,Seattle Seahawks,-4.0,37.0,68.0,41.0,5.0,38.0,-210.0,88.0,50.0
2026-09-20T03:49:00,nfl,nfl_20260920_seattle_seahawks_arizona_cardinals,20260920NFL00059,CIRCA,circa,change,5,2026-09-20T01:00:00,Sep 20,1:00 AM ET,2h ago,home,Arizona Cardinals,4.0,63.0,32.0,41.0,95.0,63.0,180.0,12.0,50.0
2026-09-20T03:49:00,nfl,nfl_20260920_seattle_seahawks_arizona_cardinals,20260920NFL00059,CIRCA,circa,change,6,2026-09-20T00:05:00,Sep 20,12:05 AM ET,3h ago,away,Seattle Seahawks,-4.0,37.0,67.0,41.0,4.0,29.0,-210.0,88.0,50.0
2026-09-20T03:49:00,nfl,nfl_20260920_seattle_seahawks_arizona_cardinals,20260920NFL00059,CIRCA,circa,change,6,2026-09-20T00:05:00,Sep 20,12:05 AM ET,3h ago,home,Arizona Cardinals,4.0,63.0,33.0,41.0,96.0,71.0,180.0,12.0,50.0
2026-09-20T03:49:00,nfl,nfl_20260920_seattle_seahawks_arizona_cardinals,20260920NFL00059,CIRCA,circa,change,7,2026-09-20T00:00:00,Sep 20,12:00 AM ET,3h ago,away,Seattle Seahawks,-4.0,37.0,67.0,41.0,4.0,29.0,-210.0,89.0,56.0
2026-09-20T03:49:00,nfl,nfl_20260920_seattle_seahawks_arizona_cardinals,20260920NFL00059,CIRCA,circa,change,7,2026-09-20T00:00:00,Sep 20,12:00 AM ET,3h ago,home,Arizona Cardinals,4.0,63.0,33.0,41.0,96.0,71.0,180.0,11.0,44.0
2026-09-20T03:49:00,nfl,nfl_20260920_seattle_seahawks_arizona_cardinals,20260920NFL00059,CIRCA,circa,change,8,2026-09-19T23:50:00,Sep 19,11:50 PM ET,3h ago,away,Seattle Seahawks,-4.0,36.0,65.0,41.0,4.0,29.0,-210.0,89.0,56.0
2026-09-20T03:49:00,nfl,nfl_20260920_seattle_seahawks_arizona_cardinals,20260920NFL00059,CIRCA,circa,change,8,2026-09-19T23:50:00,Sep 19,11:50 PM ET,3h ago,home,Arizona Cardinals,4.0,64.0,35.0,41.0,96.0,71.0,180.0,11.0,44.0
2026-09-20T03:49:00,nfl,nfl_20260920_seattle_seahawks_arizona_cardinals,20260920NFL00059,CIRCA,circa,change,9,2026-09-19T23:10:00,Sep 19,11:10 PM ET,4h ago,away,Seattle Seahawks,-4.0,36.0,67.0,41.0,2.0,17.0,-210.0,89.0,56.0
2026-09-20T03:49:00,nfl,nfl_20260920_seattle_seahawks_arizona_cardinals,20260920NFL00059,CIRCA,circa,change,9,2026-09-19T23:10:00,Sep 19,11:10 PM ET,4h ago,home,Arizona Cardinals,4.0,64.0,33.0,41.0,98.0,83.0,180.0,11.0,44.0
2026-09-20T03:49:00,nfl,nfl_20260920_seattle_seahawks_arizona_cardinals,20260920NFL00059,CIRCA,circa,change,10,2026-09-19T22:35:00,Sep 19,10:35 PM ET,5h ago,away,Seattle Seahawks,-4.0,36.0,66.0,41.0,2.0,17.0,-210.0,89.0,50.0
2026-09-20T03:49:00,nfl,nfl_20260920_seattle_seahawks_arizona_cardinals,20260920NFL00059,CIRCA,circa,change,10,2026-09-19T22:35:00,Sep 19,10:35 PM ET,5h ago,home,Arizona Cardinals,4.0,64.0,34.0,41.0,98.0,83.0,180.0,11.0,50.0
2026-09-20T03:49:00,nfl,nfl_20260920_seattle_seahawks_arizona_cardinals,20260920NFL00059,CIRCA,circa,change,11,2026-09-19T22:10:00,Sep 19,10:10 PM ET,5h ago,away,Seattle Seahawks,-4.0,36.0,65.0,41.0,2.0,17.0,-210.0,89.0,50.0
2026-09-20T03:49:00,nfl,nfl_20260920_seattle_seahawks_arizona_cardinals,20260920NFL00059,CIRCA,circa,change,11,2026-09-19T22:10:00,Sep 19,10:10 PM ET,5h ago,home,Arizona Cardinals,4.0,64.0,35.0,41.0,98.0,83.0,180.0,11.0,50.0
2026-09-20T03:49:00,nfl,nfl_20260920_seattle_seahawks_arizona_cardinals,20260920NFL00059,CIRCA,circa,change,12,2026-09-19T21:20:00,Sep 19,9:20 PM ET,6h ago,away,Seattle Seahawks,-4.0,35.0,66.0,41.0,2.0,17.0,-210.0,89.0,50.0
2026-09-20T03:49:00,nfl,nfl_20260920_seattle_seahawks_arizona_cardinals,20260920NFL00059,CIRCA,circa,change,12,2026-09-19T21:20:00,Sep 19,9:20 PM ET,6h ago,home,Arizona Cardinals,4.0,65.0,34.0,41.0,98.0,83.0,180.0,11.0,50.0
2026-09-20T03:49:00,nfl,nfl_20260920_seattle_seahawks_arizona_cardinals,20260920NFL00059,CIRCA,circa,change,13,2026-09-19T21:05:00,Sep 19,9:05 PM ET,6h ago,away,Seattle Seahawks,-4.0,35.0,65.0,41.0,2.0,17.0,-210.0,89.0,50.0
2026-09-20T03:49:00,nfl,nfl_20260920_seattle_seahawks_arizona_cardinals,20260920NFL00059,CIRCA,circa,change,13,2026-09-19T21:05:00,Sep 19,9:05 PM ET,6h ago,home,Arizona Cardinals,4.0,65.0,35.0,41.0,98.0,83.0,180.0,11.0,50.0
2026-09-20T03:49:00,nfl,nfl_20260920_seattle_seahawks_arizona_cardinals,20260920NFL00059,CIRCA,circa,change,14,2026-09-19T20:30:00,Sep 19,8:30 PM ET,7h ago,away,Seattle Seahawks,-4.0,35.0,64.0,41.0,2.0,17.0,-210.0,89.0,50.0
2026-09-20T03:49:00,nfl,nfl_20260920_seattle_seahawks_arizona_cardinals,20260920NFL00059,CIRCA,circa,change,14,2026-09-19T20:30:00,Sep 19,8:30 PM ET,7h ago,home,Arizona Cardinals,4.0,65.0,36.0,41.0,98.0,83.0,180.0,11.0,50.0
2026-09-20T03:49:00,nfl,nfl_20260920_seattle_seahawks_arizona_cardinals,20260920NFL00059,CIRCA,circa,change,15,2026-09-19T19:30:00,Sep 19,7:30 PM ET,8h ago,away,Seattle Seahawks,-4.0,35.0,63.0,41.0,2.0,17.0,-210.0,89.0,50.0
2026-09-20T03:49:00,nfl,nfl_20260920_seattle_seahawks_arizona_cardinals,20260920NFL00059,CIRCA,circa,change,15,2026-09-19T19:30:00,Sep 19,7:30 PM ET,8h ago,home,Arizona Cardinals,4.0,65.0,37.0,41.0,98.0,83.0,180.0,11.0,50.0
2026-09-20T03:49:00,nfl,nfl_20260920_seattle_seahawks_arizona_cardinals,20260920NFL00059,CIRCA,circa,change,16,2026-09-19T17:30:00,Sep 19,5:30 PM ET,10h ago,away,Seattle Seahawks,-4.0,35.0,64.0,41.0,2.0,17.0,-210.0,89.0,50.0
2026-09-20T03:49:00,nfl,nfl_20260920_seattle_seahawks_arizona_cardinals,20260920NFL00059,CIRCA,circa,change,16,2026-09-19T17:30:00,Sep 19,5:30 PM ET,10h ago,home,Arizona Cardinals,4.0,65.0,36.0,41.0,98.0,83.0,180.0,11.0,50.0
2026-09-20T03:49:00,nfl,nfl_20260920_seattle_seahawks_arizona_cardinals,20260920NFL00059,CIRCA,circa,change,17,2026-09-19T16:10:00,Sep 19,4:10 PM ET,11h ago,away,Seattle Seahawks,-4.0,35.0,63.0,41.0,2.0,17.0,-210.0,89.0,50.0
2026-09-20T03:49:00,nfl,nfl_20260920_seattle_seahawks_arizona_cardinals,20260920NFL00059,CIRCA,circa,change,17,2026-09-19T16:10:00,Sep 19,4:10 PM ET,11h ago,home,Arizona Cardinals,4.0,65.0,37.0,41.0,98.0,83.0,180.0,11.0,50.0
2026-09-20T03:49:00,nfl,nfl_20260920_seattle_seahawks_arizona_cardinals,20260920NFL00059,CIRCA,circa,change,18,2026-09-19T15:35:00,Sep 19,3:35 PM ET,12h ago,away,Seattle Seahawks,-4.0,35.0,65.0,41.0,2.0,17.0,-210.0,89.0,50.0
2026-09-20T03:49:00,nfl,nfl_20260920_seattle_seahawks_arizona_cardinals,20260920NFL00059,CIRCA,circa,change,18,2026-09-19T15:35:00,Sep 19,3:35 PM ET,12h ago,home,Arizona Cardinals,4.0,65.0,35.0,41.0,98.0,83.0,180.0,11.0,50.0
2026-09-20T03:49:00,nfl,nfl_20260920_seattle_seahawks_arizona_cardinals,20260920NFL00059,CIRCA,circa,change,19,2026-09-19T14:55:00,Sep 19,2:55 PM ET,12h ago,away,Seattle Seahawks,-4.0,35.0,67.0,41.0,2.0,17.0,-210.0,89.0,50.0
2026-09-20T03:49:00,nfl,nfl_20260920_seattle_seahawks_arizona_cardinals,20260920NFL00059,CIRCA,circa,change,19,2026-09-19T14:55:00,Sep 19,2:55 PM ET,12h ago,home,Arizona Cardinals,4.0,65.0,33.0,41.0,98.0,83.0,180.0,11.0,50.0
2026-09-20T03:49:00,nfl,nfl_20260920_seattle_seahawks_arizona_cardinals,20260920NFL00059,CIRCA,circa,change,20,2026-09-19T09:35:00,Sep 19,9:35 AM ET,18h ago,away,Seattle Seahawks,-4.0,35.0,67.0,41.0,2.0,17.0,-210.0,89.0,43.0
2026-09-20T03:49:00,nfl,nfl_20260920_seattle_seahawks_arizona_cardinals,20260920NFL00059,CIRCA,circa,change,20,2026-09-19T09:35:00,Sep 19,9:35 AM ET,18h ago,home,Arizona Cardinals,4.0,65.0,33.0,41.0,98.0,83.0,180.0,11.0,57.0
2026-09-20T03:49:00,nfl,nfl_20260920_seattle_seahawks_arizona_cardinals,20260920NFL00059,CIRCA,circa,change,21,2026-09-19T06:00:00,Sep 19,6:00 AM ET,21h ago,away,Seattle Seahawks,-4.0,35.0,68.0,41.0,2.0,17.0,-210.0,89.0,43.0
2026-09-20T03:49:00,nfl,nfl_20260920_seattle_seahawks_arizona_cardinals,20260920NFL00059,CIRCA,circa,change,21,2026-09-19T06:00:00,Sep 19,6:00 AM ET,21h ago,home,Arizona Cardinals,4.0,65.0,32.0,41.0,98.0,83.0,180.0,11.0,57.0
2026-09-20T03:49:00,nfl,nfl_20260920_seattle_seahawks_arizona_cardinals,20260920NFL00059,CIRCA,circa,change,22,2026-09-19T03:20:00,Sep 19,3:20 AM ET,1d ago,away,Seattle Seahawks,-4.0,35.0,68.0,41.0,0.0,0.0,-210.0,89.0,43.0
2026-09-20T03:49:00,nfl,nfl_20260920_seattle_seahawks_arizona_cardinals,20260920NFL00059,CIRCA,circa,change,22,2026-09-19T03:20:00,Sep 19,3:20 AM ET,1d ago,home,Arizona Cardinals,4.0,65.0,32.0,41.0,100.0,100.0,180.0,11.0,57.0
2026-09-20T03:49:00,nfl,nfl_20260920_seattle_seahawks_arizona_cardinals,20260920NFL00059,CIRCA,circa,change,23,2026-09-18T20:20:00,Sep 18,8:20 PM ET,1d ago,away,Seattle Seahawks,-4.0,35.0,69.0,41.0,0.0,0.0,-210.0,89.0,43.0
2026-09-20T03:49:00,nfl,nfl_20260920_seattle_seahawks_arizona_cardinals,20260920NFL00059,CIRCA,circa,change,23,2026-09-18T20:20:00,Sep 18,8:20 PM ET,1d ago,home,Arizona Cardinals,4.0,65.0,31.0,41.0,100.0,100.0,180.0,11.0,57.0
2026-09-20T03:49:00,nfl,nfl_20260920_seattle_seahawks_arizona_cardinals,20260920NFL00059,CIRCA,circa,change,24,2026-09-18T19:55:00,Sep 18,7:55 PM ET,1d ago,away,Seattle Seahawks,-4.0,36.0,71.0,41.0,0.0,0.0,-210.0,89.0,43.0
2026-09-20T03:49:00,nfl,nfl_20260920_seattle_seahawks_arizona_cardinals,20260920NFL00059,CIRCA,circa,change,24,2026-09-18T19:55:00,Sep 18,7:55 PM ET,1d ago,home,Arizona Cardinals,4.0,64.0,29.0,41.0,100.0,100.0,180.0,11.0,57.0
2026-09-20T03:49:00,nfl,nfl_20260920_seattle_seahawks_arizona_cardinals,20260920NFL00059,CIRCA,circa,change,25,2026-09-18T19:30:00,Sep 18,7:30 PM ET,1d ago,away,Seattle Seahawks,-4.0,36.0,74.0,41.0,0.0,0.0,-210.0,89.0,43.0
2026-09-20T03:49:00,nfl,nfl_20260920_seattle_seahawks_arizona_cardinals,20260920NFL00059,CIRCA,circa,change,25,2026-09-18T19:30:00,Sep 18,7:30 PM ET,1d ago,home,Arizona Cardinals,4.0,64.0,26.0,41.0,100.0,100.0,180.0,11.0,57.0
2026-09-20T03:49:00,nfl,nfl_20260920_seattle_seahawks_arizona_cardinals,20260920NFL00059,CIRCA,circa,change,26,2026-09-18T18:05:00,Sep 18,6:05 PM ET,1d ago,away,Seattle Seahawks,-4.0,36.0,73.0,41.0,0.0,0.0,-210.0,89.0,43.0
2026-09-20T03:49:00,nfl,nfl_20260920_seattle_seahawks_arizona_cardinals,20260920NFL00059,CIRCA,circa,change,26,2026-09-18T18:05:00,Sep 18,6:05 PM ET,1d ago,home,Arizona Cardinals,4.0,64.0,27.0,41.0,100.0,100.0,180.0,11.0,57.0
2026-09-20T03:49:02,nfl,nfl_20260920_miami_dolphins_san_francisco_49ers,20260920NFL00060,DK,draftkings,open,1,2026-05-14T22:10:00,May 14,10:10 PM ET,128d ago,away,Miami Dolphins,10.5,0.0,0.0,,0.0,0.0,425.0,0.0,0.0
2026-09-20T03:49:02,nfl,nfl_20260920_miami_dolphins_san_francisco_49ers,20260920NFL00060,DK,draftkings,open,1,2026-05-14T22:10:00,May 14,10:10 PM ET,128d ago,home,San Francisco 49ers,-10.5,100.0,100.0,,0.0,0.0,-575.0,100.0,100.0
2026-09-20T03:49:02,nfl,nfl_20260920_miami_dolphins_san_francisco_49ers,20260920NFL00060,DK,draftkings,first_full,2,2026-05-25T17:40:00,May 25,5:40 PM ET,117d ago,away,Miami Dolphins,10.5,85.0,24.0,46.5,5.0,17.0,410.0,10.0,4.0
2026-09-20T03:49:02,nfl,nfl_20260920_miami_dolphins_san_francisco_49ers,20260920NFL00060,DK,draftkings,first_full,2,2026-05-25T17:40:00,May 25,5:40 PM ET,117d ago,home,San Francisco 49ers,-10.5,15.0,76.0,46.5,95.0,83.0,-550.0,90.0,96.0
2026-09-20T03:49:02,nfl,nfl_20260920_miami_dolphins_san_francisco_49ers,20260920NFL00060,DK,draftkings,change,3,2026-09-20T02:05:00,Sep 20,2:05 AM ET,1h ago,away,Miami Dolphins,13.5,11.0,18.0,44.5,30.0,61.0,625.0,7.0,3.0
2026-09-20T03:49:02,nfl,nfl_20260920_miami_dolphins_san_francisco_49ers,20260920NFL00060,DK,draftkings,change,3,2026-09-20T02:05:00,Sep 20,2:05 AM ET,1h ago,home,San Francisco 49ers,-13.5,89.0,82.0,44.5,70.0,39.0,-950.0,93.0,97.0
2026-09-20T03:49:02,nfl,nfl_20260920_miami_dolphins_san_francisco_49ers,20260920NFL00060,DK,draftkings,change,4,2026-09-20T01:55:00,Sep 20,1:55 AM ET,1h ago,away,Miami Dolphins,13.5,11.0,18.0,44.5,29.0,61.0,625.0,7.0,3.0
2026-09-20T03:49:02,nfl,nfl_20260920_miami_dolphins_san_francisco_49ers,20260920NFL00060,DK,draftkings,change,4,2026-09-20T01:55:00,Sep 20,1:55 AM ET,1h ago,home,San Francisco 49ers,-13.5,89.0,82.0,44.5,71.0,39.0,-950.0,93.0,97.0
2026-09-20T03:49:02,nfl,nfl_20260920_miami_dolphins_san_francisco_49ers,20260920NFL00060,DK,draftkings,change,5,2026-09-20T00:35:00,Sep 20,12:35 AM ET,3h ago,away,Miami Dolphins,13.5,11.0,18.0,44.5,29.0,60.0,625.0,7.0,3.0
2026-09-20T03:49:02,nfl,nfl_20260920_miami_dolphins_san_francisco_49ers,20260920NFL00060,DK,draftkings,change,5,2026-09-20T00:35:00,Sep 20,12:35 AM ET,3h ago,home,San Francisco 49ers,-13.5,89.0,82.0,44.5,71.0,40.0,-950.0,93.0,97.0
2026-09-20T03:49:02,nfl,nfl_20260920_miami_dolphins_san_francisco_49ers,20260920NFL00060,DK,draftkings,change,6,2026-09-20T00:25:00,Sep 20,12:25 AM ET,3h ago,away,Miami Dolphins,13.5,11.0,17.0,44.5,29.0,60.0,625.0,7.0,3.0
2026-09-20T03:49:02,nfl,nfl_20260920_miami_dolphins_san_francisco_49ers,20260920NFL00060,DK,draftkings,change,6,2026-09-20T00:25:00,Sep 20,12:25 AM ET,3h ago,home,San Francisco 49ers,-13.5,89.0,83.0,44.5,71.0,40.0,-950.0,93.0,97.0
2026-09-20T03:49:02,nfl,nfl_20260920_miami_dolphins_san_francisco_49ers,20260920NFL00060,DK,draftkings,change,7,2026-09-20T00:20:00,Sep 20,12:20 AM ET,3h ago,away,Miami Dolphins,13.5,11.0,17.0,44.5,30.0,60.0,625.0,7.0,3.0
2026-09-20T03:49:02,nfl,nfl_20260920_miami_dolphins_san_francisco_49ers,20260920NFL00060,DK,draftkings,change,7,2026-09-20T00:20:00,Sep 20,12:20 AM ET,3h ago,home,San Francisco 49ers,-13.5,89.0,83.0,44.5,70.0,40.0,-950.0,93.0,97.0
2026-09-20T03:49:02,nfl,nfl_20260920_miami_dolphins_san_francisco_49ers,20260920NFL00060,DK,draftkings,change,8,2026-09-20T00:10:00,Sep 20,12:10 AM ET,3h ago,away,Miami Dolphins,13.5,11.0,17.0,44.5,29.0,60.0,625.0,7.0,3.0
2026-09-20T03:49:02,nfl,nfl_20260920_miami_dolphins_san_francisco_49ers,20260920NFL00060,DK,draftkings,change,8,2026-09-20T00:10:00,Sep 20,12:10 AM ET,3h ago,home,San Francisco 49ers,-13.5,89.0,83.0,44.5,71.0,40.0,-950.0,93.0,97.0
2026-09-20T03:49:02,nfl,nfl_20260920_miami_dolphins_san_francisco_49ers,20260920NFL00060,DK,draftkings,change,9,2026-09-19T22:40:00,Sep 19,10:40 PM ET,5h ago,away,Miami Dolphins,13.5,10.0,17.0,44.5,29.0,60.0,625.0,7.0,3.0
2026-09-20T03:49:02,nfl,nfl_20260920_miami_dolphins_san_francisco_49ers,20260920NFL00060,DK,draftkings,change,9,2026-09-19T22:40:00,Sep 19,10:40 PM ET,5h ago,home,San Francisco 49ers,-13.5,90.0,83.0,44.5,71.0,40.0,-950.0,93.0,97.0
2026-09-20T03:49:02,nfl,nfl_20260920_miami_dolphins_san_francisco_49ers,20260920NFL00060,DK,draftkings,change,10,2026-09-19T22:30:00,Sep 19,10:30 PM ET,5h ago,away,Miami Dolphins,13.5,10.0,17.0,44.5,28.0,59.0,625.0,7.0,3.0
2026-09-20T03:49:02,nfl,nfl_20260920_miami_dolphins_san_francisco_49ers,20260920NFL00060,DK,draftkings,change,10,2026-09-19T22:30:00,Sep 19,10:30 PM ET,5h ago,home,San Francisco 49ers,-13.5,90.0,83.0,44.5,72.0,41.0,-950.0,93.0,97.0
2026-09-20T03:49:02,nfl,nfl_20260920_miami_dolphins_san_francisco_49ers,20260920NFL00060,DK,draftkings,change,11,2026-09-19T22:25:00,Sep 19,10:25 PM ET,5h ago,away,Miami Dolphins,13.5,10.0,17.0,44.5,29.0,59.0,625.0,7.0,3.0
2026-09-20T03:49:02,nfl,nfl_20260920_miami_dolphins_san_francisco_49ers,20260920NFL00060,DK,draftkings,change,11,2026-09-19T22:25:00,Sep 19,10:25 PM ET,5h ago,home,San Francisco 49ers,-13.5,90.0,83.0,44.5,71.0,41.0,-950.0,93.0,97.0
2026-09-20T03:49:02,nfl,nfl_20260920_miami_dolphins_san_francisco_49ers,20260920NFL00060,DK,draftkings,change,12,2026-09-19T21:40:00,Sep 19,9:40 PM ET,6h ago,away,Miami Dolphins,13.5,10.0,17.0,44.5,28.0,59.0,625.0,7.0,3.0
2026-09-20T03:49:02,nfl,nfl_20260920_miami_dolphins_san_francisco_49ers,20260920NFL00060,DK,draftkings,change,12,2026-09-19T21:40:00,Sep 19,9:40 PM ET,6h ago,home,San Francisco 49ers,-13.5,90.0,83.0,44.5,72.0,41.0,-950.0,93.0,97.0
2026-09-20T03:49:02,nfl,nfl_20260920_miami_dolphins_san_francisco_49ers,20260920NFL00060,DK,draftkings,change,13,2026-09-19T21:30:00,Sep 19,9:30 PM ET,6h ago,away,Miami Dolphins,13.5,10.0,17.0,44.5,29.0,60.0,625.0,7.0,3.0
2026-09-20T03:49:02,nfl,nfl_20260920_miami_dolphins_san_francisco_49ers,20260920NFL00060,DK,draftkings,change,13,2026-09-19T21:30:00,Sep 19,9:30 PM ET,6h ago,home,San Francisco 49ers,-13.5,90.0,83.0,44.5,71.0,40.0,-950.0,93.0,97.0
2026-09-20T03:49:02,nfl,nfl_20260920_miami_dolphins_san_francisco_49ers,20260920NFL00060,DK,draftkings,change,14,2026-09-19T21:05:00,Sep 19,9:05 PM ET,6h ago,away,Miami Dolphins,13.5,10.0,17.0,44.5,29.0,59.0,625.0,7.0,3.0
2026-09-20T03:49:02,nfl,nfl_20260920_miami_dolphins_san_francisco_49ers,20260920NFL00060,DK,draftkings,change,14,2026-09-19T21:05:00,Sep 19,9:05 PM ET,6h ago,home,San Francisco 49ers,-13.5,90.0,83.0,44.5,71.0,41.0,-950.0,93.0,97.0
2026-09-20T03:49:02,nfl,nfl_20260920_miami_dolphins_san_francisco_49ers,20260920NFL00060,DK,draftkings,change,15,2026-09-19T18:40:00,Sep 19,6:40 PM ET,9h ago,away,Miami Dolphins,13.5,10.0,17.0,44.5,28.0,59.0,625.0,7.0,3.0
2026-09-20T03:49:02,nfl,nfl_20260920_miami_dolphins_san_francisco_49ers,20260920NFL00060,DK,draftkings,change,15,2026-09-19T18:40:00,Sep 19,6:40 PM ET,9h ago,home,San Francisco 49ers,-13.5,90.0,83.0,44.5,72.0,41.0,-950.0,93.0,97.0
2026-09-20T03:49:02,nfl,nfl_20260920_miami_dolphins_san_francisco_49ers,20260920NFL00060,DK,draftkings,change,16,2026-09-19T16:10:00,Sep 19,4:10 PM ET,11h ago,away,Miami Dolphins,13.5,10.0,17.0,44.5,28.0,58.0,600.0,7.0,3.0
2026-09-20T03:49:02,nfl,nfl_20260920_miami_dolphins_san_francisco_49ers,20260920NFL00060,DK,draftkings,change,16,2026-09-19T16:10:00,Sep 19,4:10 PM ET,11h ago,home,San Francisco 49ers,-13.5,90.0,83.0,44.5,72.0,42.0,-900.0,93.0,97.0
2026-09-20T03:49:02,nfl,nfl_20260920_miami_dolphins_san_francisco_49ers,20260920NFL00060,DK,draftkings,change,17,2026-09-19T15:30:00,Sep 19,3:30 PM ET,12h ago,away,Miami Dolphins,13.5,10.0,18.0,44.5,28.0,58.0,600.0,7.0,3.0
2026-09-20T03:49:02,nfl,nfl_20260920_miami_dolphins_san_francisco_49ers,20260920NFL00060,DK,draftkings,change,17,2026-09-19T15:30:00,Sep 19,3:30 PM ET,12h ago,home,San Francisco 49ers,-13.5,90.0,82.0,44.5,72.0,42.0,-900.0,93.0,97.0
2026-09-20T03:49:02,nfl,nfl_20260920_miami_dolphins_san_francisco_49ers,20260920NFL00060,DK,draftkings,change,18,2026-09-19T14:15:00,Sep 19,2:15 PM ET,13h ago,away,Miami Dolphins,13.5,10.0,18.0,44.5,27.0,58.0,625.0,7.0,3.0
2026-09-20T03:49:02,nfl,nfl_20260920_miami_dolphins_san_francisco_49ers,20260920NFL00060,DK,draftkings,change,18,2026-09-19T14:15:00,Sep 19,2:15 PM ET,13h ago,home,San Francisco 49ers,-13.5,90.0,82.0,44.5,73.0,42.0,-950.0,93.0,97.0
2026-09-20T03:49:02,nfl,nfl_20260920_miami_dolphins_san_francisco_49ers,20260920NFL00060,DK,draftkings,change,19,2026-09-19T13:20:00,Sep 19,1:20 PM ET,14h ago,away,Miami Dolphins,13.5,10.0,18.0,44.5,26.0,58.0,625.0,7.0,3.0
2026-09-20T03:49:02,nfl,nfl_20260920_miami_dolphins_san_francisco_49ers,20260920NFL00060,DK,draftkings,change,19,2026-09-19T13:20:00,Sep 19,1:20 PM ET,14h ago,home,San Francisco 49ers,-13.5,90.0,82.0,44.5,74.0,42.0,-950.0,93.0,97.0
2026-09-20T03:49:02,nfl,nfl_20260920_miami_dolphins_san_francisco_49ers,20260920NFL00060,DK,draftkings,change,20,2026-09-19T13:10:00,Sep 19,1:10 PM ET,14h ago,away,Miami Dolphins,13.5,10.0,18.0,44.5,26.0,59.0,625.0,7.0,3.0
2026-09-20T03:49:02,nfl,nfl_20260920_miami_dolphins_san_francisco_49ers,20260920NFL00060,DK,draftkings,change,20,2026-09-19T13:10:00,Sep 19,1:10 PM ET,14h ago,home,San Francisco 49ers,-13.5,90.0,82.0,44.5,74.0,41.0,-950.0,93.0,97.0
2026-09-20T03:49:02,nfl,nfl_20260920_miami_dolphins_san_francisco_49ers,20260920NFL00060,DK,draftkings,change,21,2026-09-19T11:20:00,Sep 19,11:20 AM ET,16h ago,away,Miami Dolphins,13.5,10.0,18.0,44.5,26.0,58.0,625.0,7.0,3.0
2026-09-20T03:49:02,nfl,nfl_20260920_miami_dolphins_san_francisco_49ers,20260920NFL00060,DK,draftkings,change,21,2026-09-19T11:20:00,Sep 19,11:20 AM ET,16h ago,home,San Francisco 49ers,-13.5,90.0,82.0,44.5,74.0,42.0,-950.0,93.0,97.0
2026-09-20T03:49:02,nfl,nfl_20260920_miami_dolphins_san_francisco_49ers,20260920NFL00060,DK,draftkings,change,22,2026-09-19T11:00:00,Sep 19,11:00 AM ET,16h ago,away,Miami Dolphins,13.5,11.0,18.0,44.5,26.0,58.0,625.0,7.0,3.0
2026-09-20T03:49:02,nfl,nfl_20260920_miami_dolphins_san_francisco_49ers,20260920NFL00060,DK,draftkings,change,22,2026-09-19T11:00:00,Sep 19,11:00 AM ET,16h ago,home,San Francisco 49ers,-13.5,89.0,82.0,44.5,74.0,42.0,-950.0,93.0,97.0
2026-09-20T03:49:02,nfl,nfl_20260920_miami_dolphins_san_francisco_49ers,20260920NFL00060,DK,draftkings,change,23,2026-09-19T10:00:00,Sep 19,10:00 AM ET,17h ago,away,Miami Dolphins,13.5,11.0,18.0,44.5,26.0,57.0,625.0,7.0,3.0
2026-09-20T03:49:02,nfl,nfl_20260920_miami_dolphins_san_francisco_49ers,20260920NFL00060,DK,draftkings,change,23,2026-09-19T10:00:00,Sep 19,10:00 AM ET,17h ago,home,San Francisco 49ers,-13.5,89.0,82.0,44.5,74.0,43.0,-950.0,93.0,97.0
2026-09-20T03:49:02,nfl,nfl_20260920_miami_dolphins_san_francisco_49ers,20260920NFL00060,DK,draftkings,change,24,2026-09-19T09:50:00,Sep 19,9:50 AM ET,17h ago,away,Miami Dolphins,13.5,11.0,18.0,44.5,25.0,57.0,600.0,7.0,3.0
2026-09-20T03:49:02,nfl,nfl_20260920_miami_dolphins_san_francisco_49ers,20260920NFL00060,DK,draftkings,change,24,2026-09-19T09:50:00,Sep 19,9:50 AM ET,17h ago,home,San Francisco 49ers,-13.5,89.0,82.0,44.5,75.0,43.0,-900.0,93.0,97.0
2026-09-20T03:49:02,nfl,nfl_20260920_miami_dolphins_san_francisco_49ers,20260920NFL00060,DK,draftkings,change,25,2026-09-19T09:30:00,Sep 19,9:30 AM ET,18h ago,away,Miami Dolphins,13.5,11.0,18.0,44.5,25.0,57.0,600.0,6.0,3.0
2026-09-20T03:49:02,nfl,nfl_20260920_miami_dolphins_san_francisco_49ers,20260920NFL00060,DK,draftkings,change,25,2026-09-19T09:30:00,Sep 19,9:30 AM ET,18h ago,home,San Francisco 49ers,-13.5,89.0,82.0,44.5,75.0,43.0,-900.0,94.0,97.0
2026-09-20T03:49:02,nfl,nfl_20260920_miami_dolphins_san_francisco_49ers,20260920NFL00060,DK,draftkings,change,26,2026-09-19T09:20:00,Sep 19,9:20 AM ET,18h ago,away,Miami Dolphins,13.5,11.0,18.0,44.5,25.0,57.0,600.0,7.0,3.0
2026-09-20T03:49:02,nfl,nfl_20260920_miami_dolphins_san_francisco_49ers,20260920NFL00060,DK,draftkings,change,26,2026-09-19T09:20:00,Sep 19,9:20 AM ET,18h ago,home,San Francisco 49ers,-13.5,89.0,82.0,44.5,75.0,43.0,-900.0,93.0,97.0
2026-09-20T03:49:02,nfl,nfl_20260920_miami_dolphins_san_francisco_49ers,20260920NFL00060,DK,draftkings,change,27,2026-09-19T08:10:00,Sep 19,8:10 AM ET,19h ago,away,Miami Dolphins,13.5,10.0,18.0,44.5,25.0,57.0,600.0,6.0,3.0
2026-09-20T03:49:02,nfl,nfl_20260920_miami_dolphins_san_francisco_49ers,20260920NFL00060,DK,draftkings,change,27,2026-09-19T08:10:00,Sep 19,8:10 AM ET,19h ago,home,San Francisco 49ers,-13.5,90.0,82.0,44.5,75.0,43.0,-900.0,94.0,97.0
2026-09-20T03:49:03,nfl,nfl_20260920_miami_dolphins_san_francisco_49ers,20260920NFL00060,CIRCA,circa,open,1,2026-09-13T21:10:00,Sep 13,9:10 PM ET,6d ago,away,Miami Dolphins,13.0,50.0,50.0,45.5,50.0,50.0,600.0,50.0,50.0
2026-09-20T03:49:03,nfl,nfl_20260920_miami_dolphins_san_francisco_49ers,20260920NFL00060,CIRCA,circa,open,1,2026-09-13T21:10:00,Sep 13,9:10 PM ET,6d ago,home,San Francisco 49ers,-13.0,50.0,50.0,45.5,50.0,50.0,-850.0,50.0,50.0
2026-09-20T03:49:03,nfl,nfl_20260920_miami_dolphins_san_francisco_49ers,20260920NFL00060,CIRCA,circa,change,2,2026-09-20T02:50:00,Sep 20,2:50 AM ET,58m ago,away,Miami Dolphins,13.5,1.0,13.0,45.0,9.0,50.0,675.0,5.0,43.0
2026-09-20T03:49:03,nfl,nfl_20260920_miami_dolphins_san_francisco_49ers,20260920NFL00060,CIRCA,circa,change,2,2026-09-20T02:50:00,Sep 20,2:50 AM ET,58m ago,home,San Francisco 49ers,-13.5,99.0,87.0,45.0,91.0,50.0,-1.0,95.0,57.0
2026-09-20T03:49:03,nfl,nfl_20260920_miami_dolphins_san_francisco_49ers,20260920NFL00060,CIRCA,circa,change,3,2026-09-20T02:42:00,Sep 20,2:42 AM ET,1h ago,away,Miami Dolphins,13.5,1.0,13.0,45.0,9.0,50.0,675.0,5.0,46.0
2026-09-20T03:49:03,nfl,nfl_20260920_miami_dolphins_san_francisco_49ers,20260920NFL00060,CIRCA,circa,change,3,2026-09-20T02:42:00,Sep 20,2:42 AM ET,1h ago,home,San Francisco 49ers,-13.5,99.0,87.0,45.0,91.0,50.0,-1.0,95.0,54.0
2026-09-20T03:49:03,nfl,nfl_20260920_miami_dolphins_san_francisco_49ers,20260920NFL00060,CIRCA,circa,change,4,2026-09-20T02:20:00,Sep 20,2:20 AM ET,1h ago,away,Miami Dolphins,13.5,1.0,12.0,45.0,9.0,50.0,675.0,5.0,46.0
2026-09-20T03:49:03,nfl,nfl_20260920_miami_dolphins_san_francisco_49ers,20260920NFL00060,CIRCA,circa,change,4,2026-09-20T02:20:00,Sep 20,2:20 AM ET,1h ago,home,San Francisco 49ers,-13.5,99.0,88.0,45.0,91.0,50.0,-1.0,95.0,54.0
2026-09-20T03:49:03,nfl,nfl_20260920_miami_dolphins_san_francisco_49ers,20260920NFL00060,CIRCA,circa,change,5,2026-09-20T02:06:00,Sep 20,2:06 AM ET,1h ago,away,Miami Dolphins,13.5,1.0,10.0,45.0,8.0,40.0,675.0,5.0,46.0
2026-09-20T03:49:03,nfl,nfl_20260920_miami_dolphins_san_francisco_49ers,20260920NFL00060,CIRCA,circa,change,5,2026-09-20T02:06:00,Sep 20,2:06 AM ET,1h ago,home,San Francisco 49ers,-13.5,99.0,90.0,45.0,92.0,60.0,-1.0,95.0,54.0
2026-09-20T03:49:03,nfl,nfl_20260920_miami_dolphins_san_francisco_49ers,20260920NFL00060,CIRCA,circa,change,6,2026-09-20T01:31:00,Sep 20,1:31 AM ET,2h ago,away,Miami Dolphins,13.5,1.0,10.0,45.0,8.0,40.0,675.0,5.0,50.0
2026-09-20T03:49:03,nfl,nfl_20260920_miami_dolphins_san_francisco_49ers,20260920NFL00060,CIRCA,circa,change,6,2026-09-20T01:31:00,Sep 20,1:31 AM ET,2h ago,home,San Francisco 49ers,-13.5,99.0,90.0,45.0,92.0,60.0,-1.0,95.0,50.0
2026-09-20T03:49:03,nfl,nfl_20260920_miami_dolphins_san_francisco_49ers,20260920NFL00060,CIRCA,circa,change,7,2026-09-20T01:20:00,Sep 20,1:20 AM ET,2h ago,away,Miami Dolphins,13.5,1.0,11.0,45.0,8.0,40.0,675.0,5.0,50.0
2026-09-20T03:49:03,nfl,nfl_20260920_miami_dolphins_san_francisco_49ers,20260920NFL00060,CIRCA,circa,change,7,2026-09-20T01:20:00,Sep 20,1:20 AM ET,2h ago,home,San Francisco 49ers,-13.5,99.0,89.0,45.0,92.0,60.0,-1.0,95.0,50.0
2026-09-20T03:49:03,nfl,nfl_20260920_miami_dolphins_san_francisco_49ers,20260920NFL00060,CIRCA,circa,change,8,2026-09-20T01:00:00,Sep 20,1:00 AM ET,2h ago,away,Miami Dolphins,13.5,1.0,11.0,45.0,8.0,40.0,675.0,5.0,45.0
2026-09-20T03:49:03,nfl,nfl_20260920_miami_dolphins_san_francisco_49ers,20260920NFL00060,CIRCA,circa,change,8,2026-09-20T01:00:00,Sep 20,1:00 AM ET,2h ago,home,San Francisco 49ers,-13.5,99.0,89.0,45.0,92.0,60.0,-1.0,95.0,55.0
2026-09-20T03:49:03,nfl,nfl_20260920_miami_dolphins_san_francisco_49ers,20260920NFL00060,CIRCA,circa,change,9,2026-09-19T23:05:00,Sep 19,11:05 PM ET,4h ago,away,Miami Dolphins,13.0,1.0,9.0,45.0,7.0,25.0,675.0,5.0,45.0
2026-09-20T03:49:03,nfl,nfl_20260920_miami_dolphins_san_francisco_49ers,20260920NFL00060,CIRCA,circa,change,9,2026-09-19T23:05:00,Sep 19,11:05 PM ET,4h ago,home,San Francisco 49ers,-13.0,99.0,91.0,45.0,93.0,75.0,-1.0,95.0,55.0
2026-09-20T03:49:03,nfl,nfl_20260920_miami_dolphins_san_francisco_49ers,20260920NFL00060,CIRCA,circa,change,10,2026-09-19T22:55:00,Sep 19,10:55 PM ET,4h ago,away,Miami Dolphins,13.0,1.0,10.0,45.0,7.0,25.0,675.0,5.0,45.0
2026-09-20T03:49:03,nfl,nfl_20260920_miami_dolphins_san_francisco_49ers,20260920NFL00060,CIRCA,circa,change,10,2026-09-19T22:55:00,Sep 19,10:55 PM ET,4h ago,home,San Francisco 49ers,-13.0,99.0,90.0,45.0,93.0,75.0,-1.0,95.0,55.0
2026-09-20T03:49:03,nfl,nfl_20260920_miami_dolphins_san_francisco_49ers,20260920NFL00060,CIRCA,circa,change,11,2026-09-19T22:05:00,Sep 19,10:05 PM ET,5h ago,away,Miami Dolphins,13.0,1.0,10.0,45.0,7.0,25.0,675.0,5.0,40.0
2026-09-20T03:49:03,nfl,nfl_20260920_miami_dolphins_san_francisco_49ers,20260920NFL00060,CIRCA,circa,change,11,2026-09-19T22:05:00,Sep 19,10:05 PM ET,5h ago,home,San Francisco 49ers,-13.0,99.0,90.0,45.0,93.0,75.0,-1.0,95.0,60.0
2026-09-20T03:49:03,nfl,nfl_20260920_miami_dolphins_san_francisco_49ers,20260920NFL00060,CIRCA,circa,change,12,2026-09-19T21:20:00,Sep 19,9:20 PM ET,6h ago,away,Miami Dolphins,13.0,1.0,10.0,45.0,7.0,25.0,675.0,4.0,33.0
2026-09-20T03:49:03,nfl,nfl_20260920_miami_dolphins_san_francisco_49ers,20260920NFL00060,CIRCA,circa,change,12,2026-09-19T21:20:00,Sep 19,9:20 PM ET,6h ago,home,San Francisco 49ers,-13.0,99.0,90.0,45.0,93.0,75.0,-1.0,96.0,67.0
2026-09-20T03:49:03,nfl,nfl_20260920_miami_dolphins_san_francisco_49ers,20260920NFL00060,CIRCA,circa,change,13,2026-09-19T20:30:00,Sep 19,8:30 PM ET,7h ago,away,Miami Dolphins,13.0,1.0,8.0,45.0,7.0,25.0,675.0,4.0,33.0
2026-09-20T03:49:03,nfl,nfl_20260920_miami_dolphins_san_francisco_49ers,20260920NFL00060,CIRCA,circa,change,13,2026-09-19T20:30:00,Sep 19,8:30 PM ET,7h ago,home,San Francisco 49ers,-13.0,99.0,92.0,45.0,93.0,75.0,-1.0,96.0,67.0
2026-09-20T03:49:03,nfl,nfl_20260920_miami_dolphins_san_francisco_49ers,20260920NFL00060,CIRCA,circa,change,14,2026-09-19T19:30:00,Sep 19,7:30 PM ET,8h ago,away,Miami Dolphins,13.0,0.0,6.0,45.0,7.0,25.0,675.0,4.0,33.0
2026-09-20T03:49:03,nfl,nfl_20260920_miami_dolphins_san_francisco_49ers,20260920NFL00060,CIRCA,circa,change,14,2026-09-19T19:30:00,Sep 19,7:30 PM ET,8h ago,home,San Francisco 49ers,-13.0,100.0,94.0,45.0,93.0,75.0,-1.0,96.0,67.0
2026-09-20T03:49:03,nfl,nfl_20260920_miami_dolphins_san_francisco_49ers,20260920NFL00060,CIRCA,circa,change,15,2026-09-19T16:05:00,Sep 19,4:05 PM ET,11h ago,away,Miami Dolphins,13.0,0.0,7.0,45.0,7.0,25.0,675.0,4.0,33.0
2026-09-20T03:49:03,nfl,nfl_20260920_miami_dolphins_san_francisco_49ers,20260920NFL00060,CIRCA,circa,change,15,2026-09-19T16:05:00,Sep 19,4:05 PM ET,11h ago,home,San Francisco 49ers,-13.0,100.0,93.0,45.0,93.0,75.0,-1.0,96.0,67.0
2026-09-20T03:49:03,nfl,nfl_20260920_miami_dolphins_san_francisco_49ers,20260920NFL00060,CIRCA,circa,change,16,2026-09-19T15:35:00,Sep 19,3:35 PM ET,12h ago,away,Miami Dolphins,13.0,0.0,8.0,45.0,7.0,25.0,675.0,4.0,33.0
2026-09-20T03:49:03,nfl,nfl_20260920_miami_dolphins_san_francisco_49ers,20260920NFL00060,CIRCA,circa,change,16,2026-09-19T15:35:00,Sep 19,3:35 PM ET,12h ago,home,San Francisco 49ers,-13.0,100.0,93.0,45.0,93.0,75.0,-1.0,96.0,67.0
2026-09-20T03:49:03,nfl,nfl_20260920_miami_dolphins_san_francisco_49ers,20260920NFL00060,CIRCA,circa,change,17,2026-09-19T15:20:00,Sep 19,3:20 PM ET,12h ago,away,Miami Dolphins,13.0,0.0,8.0,45.0,7.0,25.0,675.0,4.0,33.0
2026-09-20T03:49:03,nfl,nfl_20260920_miami_dolphins_san_francisco_49ers,20260920NFL00060,CIRCA,circa,change,17,2026-09-19T15:20:00,Sep 19,3:20 PM ET,12h ago,home,San Francisco 49ers,-13.0,100.0,92.0,45.0,93.0,75.0,-1.0,96.0,67.0
2026-09-20T03:49:03,nfl,nfl_20260920_miami_dolphins_san_francisco_49ers,20260920NFL00060,CIRCA,circa,change,18,2026-09-18T21:50:00,Sep 18,9:50 PM ET,1d ago,away,Miami Dolphins,13.0,0.0,9.0,45.0,9.0,33.0,675.0,4.0,33.0
2026-09-20T03:49:03,nfl,nfl_20260920_miami_dolphins_san_francisco_49ers,20260920NFL00060,CIRCA,circa,change,18,2026-09-18T21:50:00,Sep 18,9:50 PM ET,1d ago,home,San Francisco 49ers,-13.0,100.0,91.0,45.0,91.0,67.0,-1.0,96.0,67.0
2026-09-20T03:49:03,nfl,nfl_20260920_miami_dolphins_san_francisco_49ers,20260920NFL00060,CIRCA,circa,change,19,2026-09-18T20:00:00,Sep 18,8:00 PM ET,1d ago,away,Miami Dolphins,13.0,0.0,9.0,45.0,9.0,33.0,675.0,2.0,25.0
2026-09-20T03:49:03,nfl,nfl_20260920_miami_dolphins_san_francisco_49ers,20260920NFL00060,CIRCA,circa,change,19,2026-09-18T20:00:00,Sep 18,8:00 PM ET,1d ago,home,San Francisco 49ers,-13.0,100.0,91.0,45.0,91.0,67.0,-1.0,98.0,75.0
2026-09-20T03:49:03,nfl,nfl_20260920_miami_dolphins_san_francisco_49ers,20260920NFL00060,CIRCA,circa,change,20,2026-09-18T19:35:00,Sep 18,7:35 PM ET,1d ago,away,Miami Dolphins,13.0,0.0,6.0,45.0,9.0,33.0,675.0,2.0,25.0
2026-09-20T03:49:03,nfl,nfl_20260920_miami_dolphins_san_francisco_49ers,20260920NFL00060,CIRCA,circa,change,20,2026-09-18T19:35:00,Sep 18,7:35 PM ET,1d ago,home,San Francisco 49ers,-13.0,100.0,94.0,45.0,91.0,67.0,-1.0,98.0,75.0
2026-09-20T03:49:03,nfl,nfl_20260920_miami_dolphins_san_francisco_49ers,20260920NFL00060,CIRCA,circa,change,21,2026-09-18T15:10:00,Sep 18,3:10 PM ET,1d ago,away,Miami Dolphins,13.0,0.0,7.0,45.0,9.0,33.0,675.0,2.0,25.0
2026-09-20T03:49:03,nfl,nfl_20260920_miami_dolphins_san_francisco_49ers,20260920NFL00060,CIRCA,circa,change,21,2026-09-18T15:10:00,Sep 18,3:10 PM ET,1d ago,home,San Francisco 49ers,-13.0,100.0,93.0,45.0,91.0,67.0,-1.0,98.0,75.0
2026-09-20T03:49:03,nfl,nfl_20260920_miami_dolphins_san_francisco_49ers,20260920NFL00060,CIRCA,circa,change,22,2026-09-18T13:45:00,Sep 18,1:45 PM ET,1d ago,away,Miami Dolphins,13.0,0.0,7.0,45.0,9.0,33.0,675.0,1.0,14.0
2026-09-20T03:49:03,nfl,nfl_20260920_miami_dolphins_san_francisco_49ers,20260920NFL00060,CIRCA,circa,change,22,2026-09-18T13:45:00,Sep 18,1:45 PM ET,1d ago,home,San Francisco 49ers,-13.0,100.0,93.0,45.0,91.0,67.0,-1.0,99.0,86.0
2026-09-20T03:49:03,nfl,nfl_20260920_miami_dolphins_san_francisco_49ers,20260920NFL00060,CIRCA,circa,change,23,2026-09-18T10:40:00,Sep 18,10:40 AM ET,1d ago,away,Miami Dolphins,13.0,0.0,8.0,45.5,9.0,33.0,675.0,1.0,14.0
2026-09-20T03:49:03,nfl,nfl_20260920_miami_dolphins_san_francisco_49ers,20260920NFL00060,CIRCA,circa,change,23,2026-09-18T10:40:00,Sep 18,10:40 AM ET,1d ago,home,San Francisco 49ers,-13.0,100.0,92.0,45.5,91.0,67.0,-1.0,99.0,86.0
2026-09-20T03:49:03,nfl,nfl_20260920_miami_dolphins_san_francisco_49ers,20260920NFL00060,CIRCA,circa,change,24,2026-09-18T07:40:00,Sep 18,7:40 AM ET,1d ago,away,Miami Dolphins,13.0,0.0,9.0,45.5,9.0,33.0,675.0,1.0,14.0
2026-09-20T03:49:03,nfl,nfl_20260920_miami_dolphins_san_francisco_49ers,20260920NFL00060,CIRCA,circa,change,24,2026-09-18T07:40:00,Sep 18,7:40 AM ET,1d ago,home,San Francisco 49ers,-13.0,100.0,91.0,45.5,91.0,67.0,-1.0,99.0,86.0
2026-09-20T03:49:03,nfl,nfl_20260920_miami_dolphins_san_francisco_49ers,20260920NFL00060,CIRCA,circa,change,25,2026-09-18T05:00:00,Sep 18,5:00 AM ET,1d ago,away,Miami Dolphins,13.0,0.0,9.0,45.5,83.0,50.0,675.0,1.0,14.0
2026-09-20T03:49:03,nfl,nfl_20260920_miami_dolphins_san_francisco_49ers,20260920NFL00060,CIRCA,circa,change,25,2026-09-18T05:00:00,Sep 18,5:00 AM ET,1d ago,home,San Francisco 49ers,-13.0,100.0,91.0,45.5,18.0,50.0,-1.0,99.0,86.0
2026-09-20T03:49:03,nfl,nfl_20260920_miami_dolphins_san_francisco_49ers,20260920NFL00060,CIRCA,circa,change,26,2026-09-18T00:05:00,Sep 18,12:05 AM ET,2d ago,away,Miami Dolphins,13.0,0.0,9.0,45.5,83.0,50.0,675.0,1.0,17.0
2026-09-20T03:49:03,nfl,nfl_20260920_miami_dolphins_san_francisco_49ers,20260920NFL00060,CIRCA,circa,change,26,2026-09-18T00:05:00,Sep 18,12:05 AM ET,2d ago,home,San Francisco 49ers,-13.0,100.0,91.0,45.5,18.0,50.0,-1.0,99.0,83.0
2026-09-20T03:49:04,nfl,nfl_20260920_indianapolis_colts_kansas_city_chiefs,20260920NFL00044,DK,draftkings,open,1,2026-05-14T21:20:00,May 14,9:20 PM ET,128d ago,away,Indianapolis Colts,5.5,2.0,33.0,,0.0,0.0,205.0,0.0,0.0
2026-09-20T03:49:04,nfl,nfl_20260920_indianapolis_colts_kansas_city_chiefs,20260920NFL00044,DK,draftkings,open,1,2026-05-14T21:20:00,May 14,9:20 PM ET,128d ago,home,Kansas City Chiefs,-5.5,98.0,67.0,,0.0,0.0,-250.0,100.0,100.0
2026-09-20T03:49:04,nfl,nfl_20260920_indianapolis_colts_kansas_city_chiefs,20260920NFL00044,DK,draftkings,first_full,2,2026-05-25T17:40:00,May 25,5:40 PM ET,117d ago,away,Indianapolis Colts,5.5,36.0,54.0,47.5,1.0,13.0,205.0,26.0,19.0
2026-09-20T03:49:04,nfl,nfl_20260920_indianapolis_colts_kansas_city_chiefs,20260920NFL00044,DK,draftkings,first_full,2,2026-05-25T17:40:00,May 25,5:40 PM ET,117d ago,home,Kansas City Chiefs,-5.5,64.0,46.0,47.5,99.0,88.0,-250.0,74.0,81.0
2026-09-20T03:49:04,nfl,nfl_20260920_indianapolis_colts_kansas_city_chiefs,20260920NFL00044,DK,draftkings,change,3,2026-09-20T03:10:00,Sep 20,3:10 AM ET,38m ago,away,Indianapolis Colts,6.0,24.0,25.0,46.5,43.0,62.0,220.0,11.0,5.0
2026-09-20T03:49:04,nfl,nfl_20260920_indianapolis_colts_kansas_city_chiefs,20260920NFL00044,DK,draftkings,change,3,2026-09-20T03:10:00,Sep 20,3:10 AM ET,38m ago,home,Kansas City Chiefs,-6.0,76.0,75.0,46.5,57.0,38.0,-270.0,89.0,95.0
2026-09-20T03:49:04,nfl,nfl_20260920_indianapolis_colts_kansas_city_chiefs,20260920NFL00044,DK,draftkings,change,4,2026-09-20T03:05:00,Sep 20,3:05 AM ET,43m ago,away,Indianapolis Colts,6.0,24.0,25.0,46.5,43.0,63.0,220.0,11.0,5.0
2026-09-20T03:49:04,nfl,nfl_20260920_indianapolis_colts_kansas_city_chiefs,20260920NFL00044,DK,draftkings,change,4,2026-09-20T03:05:00,Sep 20,3:05 AM ET,43m ago,home,Kansas City Chiefs,-6.0,76.0,75.0,46.5,57.0,37.0,-270.0,89.0,95.0
2026-09-20T03:49:04,nfl,nfl_20260920_indianapolis_colts_kansas_city_chiefs,20260920NFL00044,DK,draftkings,change,5,2026-09-20T02:55:00,Sep 20,2:55 AM ET,53m ago,away,Indianapolis Colts,6.0,24.0,25.0,46.5,42.0,63.0,220.0,11.0,5.0
2026-09-20T03:49:04,nfl,nfl_20260920_indianapolis_colts_kansas_city_chiefs,20260920NFL00044,DK,draftkings,change,5,2026-09-20T02:55:00,Sep 20,2:55 AM ET,53m ago,home,Kansas City Chiefs,-6.0,76.0,75.0,46.5,58.0,37.0,-270.0,89.0,95.0
2026-09-20T03:49:04,nfl,nfl_20260920_indianapolis_colts_kansas_city_chiefs,20260920NFL00044,DK,draftkings,change,6,2026-09-20T02:20:00,Sep 20,2:20 AM ET,1h ago,away,Indianapolis Colts,6.0,24.0,25.0,46.5,42.0,63.0,220.0,12.0,5.0
2026-09-20T03:49:04,nfl,nfl_20260920_indianapolis_colts_kansas_city_chiefs,20260920NFL00044,DK,draftkings,change,6,2026-09-20T02:20:00,Sep 20,2:20 AM ET,1h ago,home,Kansas City Chiefs,-6.0,76.0,75.0,46.5,58.0,37.0,-270.0,88.0,95.0
2026-09-20T03:49:04,nfl,nfl_20260920_indianapolis_colts_kansas_city_chiefs,20260920NFL00044,DK,draftkings,change,7,2026-09-20T02:10:00,Sep 20,2:10 AM ET,1h ago,away,Indianapolis Colts,6.0,23.0,25.0,46.5,42.0,63.0,220.0,12.0,5.0
2026-09-20T03:49:04,nfl,nfl_20260920_indianapolis_colts_kansas_city_chiefs,20260920NFL00044,DK,draftkings,change,7,2026-09-20T02:10:00,Sep 20,2:10 AM ET,1h ago,home,Kansas City Chiefs,-6.0,77.0,75.0,46.5,58.0,37.0,-270.0,88.0,95.0
2026-09-20T03:49:04,nfl,nfl_20260920_indianapolis_colts_kansas_city_chiefs,20260920NFL00044,DK,draftkings,change,8,2026-09-20T01:50:00,Sep 20,1:50 AM ET,1h ago,away,Indianapolis Colts,6.0,23.0,25.0,46.5,40.0,63.0,220.0,12.0,5.0
2026-09-20T03:49:04,nfl,nfl_20260920_indianapolis_colts_kansas_city_chiefs,20260920NFL00044,DK,draftkings,change,8,2026-09-20T01:50:00,Sep 20,1:50 AM ET,1h ago,home,Kansas City Chiefs,-6.0,77.0,75.0,46.5,60.0,37.0,-270.0,88.0,95.0
2026-09-20T03:49:04,nfl,nfl_20260920_indianapolis_colts_kansas_city_chiefs,20260920NFL00044,DK,draftkings,change,9,2026-09-20T01:45:00,Sep 20,1:45 AM ET,2h ago,away,Indianapolis Colts,6.0,24.0,25.0,46.5,40.0,63.0,220.0,12.0,5.0
2026-09-20T03:49:04,nfl,nfl_20260920_indianapolis_colts_kansas_city_chiefs,20260920NFL00044,DK,draftkings,change,9,2026-09-20T01:45:00,Sep 20,1:45 AM ET,2h ago,home,Kansas City Chiefs,-6.0,76.0,75.0,46.5,60.0,37.0,-270.0,88.0,95.0
2026-09-20T03:49:04,nfl,nfl_20260920_indianapolis_colts_kansas_city_chiefs,20260920NFL00044,DK,draftkings,change,10,2026-09-20T01:40:00,Sep 20,1:40 AM ET,2h ago,away,Indianapolis Colts,6.0,23.0,25.0,46.5,40.0,63.0,220.0,12.0,5.0
2026-09-20T03:49:04,nfl,nfl_20260920_indianapolis_colts_kansas_city_chiefs,20260920NFL00044,DK,draftkings,change,10,2026-09-20T01:40:00,Sep 20,1:40 AM ET,2h ago,home,Kansas City Chiefs,-6.0,77.0,75.0,46.5,60.0,37.0,-270.0,88.0,95.0
2026-09-20T03:49:04,nfl,nfl_20260920_indianapolis_colts_kansas_city_chiefs,20260920NFL00044,DK,draftkings,change,11,2026-09-20T01:30:00,Sep 20,1:30 AM ET,2h ago,away,Indianapolis Colts,6.0,24.0,25.0,46.5,39.0,63.0,220.0,12.0,5.0
2026-09-20T03:49:04,nfl,nfl_20260920_indianapolis_colts_kansas_city_chiefs,20260920NFL00044,DK,draftkings,change,11,2026-09-20T01:30:00,Sep 20,1:30 AM ET,2h ago,home,Kansas City Chiefs,-6.0,76.0,75.0,46.5,61.0,37.0,-270.0,88.0,95.0
2026-09-20T03:49:04,nfl,nfl_20260920_indianapolis_colts_kansas_city_chiefs,20260920NFL00044,DK,draftkings,change,12,2026-09-20T01:20:00,Sep 20,1:20 AM ET,2h ago,away,Indianapolis Colts,6.0,24.0,25.0,46.5,44.0,63.0,220.0,12.0,5.0
2026-09-20T03:49:04,nfl,nfl_20260920_indianapolis_colts_kansas_city_chiefs,20260920NFL00044,DK,draftkings,change,12,2026-09-20T01:20:00,Sep 20,1:20 AM ET,2h ago,home,Kansas City Chiefs,-6.0,76.0,75.0,46.5,56.0,37.0,-270.0,88.0,95.0
2026-09-20T03:49:04,nfl,nfl_20260920_indianapolis_colts_kansas_city_chiefs,20260920NFL00044,DK,draftkings,change,13,2026-09-20T01:15:00,Sep 20,1:15 AM ET,2h ago,away,Indianapolis Colts,6.0,24.0,25.0,46.5,43.0,63.0,220.0,12.0,5.0
2026-09-20T03:49:04,nfl,nfl_20260920_indianapolis_colts_kansas_city_chiefs,20260920NFL00044,DK,draftkings,change,13,2026-09-20T01:15:00,Sep 20,1:15 AM ET,2h ago,home,Kansas City Chiefs,-6.0,76.0,75.0,46.5,57.0,37.0,-270.0,88.0,95.0
2026-09-20T03:49:04,nfl,nfl_20260920_indianapolis_colts_kansas_city_chiefs,20260920NFL00044,DK,draftkings,change,14,2026-09-20T00:50:00,Sep 20,12:50 AM ET,2h ago,away,Indianapolis Colts,6.0,24.0,25.0,46.5,42.0,63.0,220.0,12.0,5.0
2026-09-20T03:49:04,nfl,nfl_20260920_indianapolis_colts_kansas_city_chiefs,20260920NFL00044,DK,draftkings,change,14,2026-09-20T00:50:00,Sep 20,12:50 AM ET,2h ago,home,Kansas City Chiefs,-6.0,76.0,75.0,46.5,58.0,37.0,-270.0,88.0,95.0
2026-09-20T03:49:04,nfl,nfl_20260920_indianapolis_colts_kansas_city_chiefs,20260920NFL00044,DK,draftkings,change,15,2026-09-20T00:40:00,Sep 20,12:40 AM ET,3h ago,away,Indianapolis Colts,6.0,24.0,25.0,46.5,41.0,63.0,220.0,12.0,5.0
2026-09-20T03:49:04,nfl,nfl_20260920_indianapolis_colts_kansas_city_chiefs,20260920NFL00044,DK,draftkings,change,15,2026-09-20T00:40:00,Sep 20,12:40 AM ET,3h ago,home,Kansas City Chiefs,-6.0,76.0,75.0,46.5,59.0,37.0,-270.0,88.0,95.0
2026-09-20T03:49:04,nfl,nfl_20260920_indianapolis_colts_kansas_city_chiefs,20260920NFL00044,DK,draftkings,change,16,2026-09-20T00:35:00,Sep 20,12:35 AM ET,3h ago,away,Indianapolis Colts,6.0,24.0,25.0,46.5,40.0,63.0,220.0,12.0,5.0
2026-09-20T03:49:04,nfl,nfl_20260920_indianapolis_colts_kansas_city_chiefs,20260920NFL00044,DK,draftkings,change,16,2026-09-20T00:35:00,Sep 20,12:35 AM ET,3h ago,home,Kansas City Chiefs,-6.0,76.0,75.0,46.5,60.0,37.0,-270.0,88.0,95.0
2026-09-20T03:49:04,nfl,nfl_20260920_indianapolis_colts_kansas_city_chiefs,20260920NFL00044,DK,draftkings,change,17,2026-09-20T00:25:00,Sep 20,12:25 AM ET,3h ago,away,Indianapolis Colts,6.0,24.0,25.0,46.5,39.0,63.0,220.0,12.0,5.0
2026-09-20T03:49:04,nfl,nfl_20260920_indianapolis_colts_kansas_city_chiefs,20260920NFL00044,DK,draftkings,change,17,2026-09-20T00:25:00,Sep 20,12:25 AM ET,3h ago,home,Kansas City Chiefs,-6.0,76.0,75.0,46.5,61.0,37.0,-270.0,88.0,95.0
2026-09-20T03:49:04,nfl,nfl_20260920_indianapolis_colts_kansas_city_chiefs,20260920NFL00044,DK,draftkings,change,18,2026-09-20T00:20:00,Sep 20,12:20 AM ET,3h ago,away,Indianapolis Colts,6.0,24.0,25.0,46.5,35.0,62.0,220.0,12.0,5.0
2026-09-20T03:49:04,nfl,nfl_20260920_indianapolis_colts_kansas_city_chiefs,20260920NFL00044,DK,draftkings,change,18,2026-09-20T00:20:00,Sep 20,12:20 AM ET,3h ago,home,Kansas City Chiefs,-6.0,76.0,75.0,46.5,65.0,38.0,-270.0,88.0,95.0
2026-09-20T03:49:04,nfl,nfl_20260920_indianapolis_colts_kansas_city_chiefs,20260920NFL00044,DK,draftkings,change,19,2026-09-19T23:50:00,Sep 19,11:50 PM ET,3h ago,away,Indianapolis Colts,6.0,24.0,25.0,46.5,28.0,60.0,230.0,12.0,5.0
2026-09-20T03:49:04,nfl,nfl_20260920_indianapolis_colts_kansas_city_chiefs,20260920NFL00044,DK,draftkings,change,19,2026-09-19T23:50:00,Sep 19,11:50 PM ET,3h ago,home,Kansas City Chiefs,-6.0,76.0,75.0,46.5,72.0,40.0,-285.0,88.0,95.0
2026-09-20T03:49:04,nfl,nfl_20260920_indianapolis_colts_kansas_city_chiefs,20260920NFL00044,DK,draftkings,change,20,2026-09-19T23:25:00,Sep 19,11:25 PM ET,4h ago,away,Indianapolis Colts,6.0,21.0,26.0,46.5,27.0,60.0,230.0,12.0,5.0
2026-09-20T03:49:04,nfl,nfl_20260920_indianapolis_colts_kansas_city_chiefs,20260920NFL00044,DK,draftkings,change,20,2026-09-19T23:25:00,Sep 19,11:25 PM ET,4h ago,home,Kansas City Chiefs,-6.0,79.0,74.0,46.5,73.0,40.0,-285.0,88.0,95.0
2026-09-20T03:49:04,nfl,nfl_20260920_indianapolis_colts_kansas_city_chiefs,20260920NFL00044,DK,draftkings,change,21,2026-09-19T22:45:00,Sep 19,10:45 PM ET,5h ago,away,Indianapolis Colts,6.0,21.0,26.0,46.5,26.0,60.0,230.0,12.0,5.0
2026-09-20T03:49:04,nfl,nfl_20260920_indianapolis_colts_kansas_city_chiefs,20260920NFL00044,DK,draftkings,change,21,2026-09-19T22:45:00,Sep 19,10:45 PM ET,5h ago,home,Kansas City Chiefs,-6.0,79.0,74.0,46.5,74.0,40.0,-285.0,88.0,95.0
2026-09-20T03:49:04,nfl,nfl_20260920_indianapolis_colts_kansas_city_chiefs,20260920NFL00044,DK,draftkings,change,22,2026-09-19T22:40:00,Sep 19,10:40 PM ET,5h ago,away,Indianapolis Colts,6.0,21.0,26.0,46.5,26.0,61.0,230.0,12.0,5.0
2026-09-20T03:49:04,nfl,nfl_20260920_indianapolis_colts_kansas_city_chiefs,20260920NFL00044,DK,draftkings,change,22,2026-09-19T22:40:00,Sep 19,10:40 PM ET,5h ago,home,Kansas City Chiefs,-6.0,79.0,74.0,46.5,74.0,39.0,-285.0,88.0,95.0
2026-09-20T03:49:04,nfl,nfl_20260920_indianapolis_colts_kansas_city_chiefs,20260920NFL00044,DK,draftkings,change,23,2026-09-19T22:30:00,Sep 19,10:30 PM ET,5h ago,away,Indianapolis Colts,6.0,21.0,26.0,46.5,26.0,60.0,230.0,12.0,5.0
2026-09-20T03:49:04,nfl,nfl_20260920_indianapolis_colts_kansas_city_chiefs,20260920NFL00044,DK,draftkings,change,23,2026-09-19T22:30:00,Sep 19,10:30 PM ET,5h ago,home,Kansas City Chiefs,-6.0,79.0,74.0,46.5,74.0,40.0,-285.0,88.0,95.0
2026-09-20T03:49:04,nfl,nfl_20260920_indianapolis_colts_kansas_city_chiefs,20260920NFL00044,DK,draftkings,change,24,2026-09-19T22:25:00,Sep 19,10:25 PM ET,5h ago,away,Indianapolis Colts,6.0,21.0,26.0,46.5,26.0,61.0,230.0,12.0,5.0
2026-09-20T03:49:04,nfl,nfl_20260920_indianapolis_colts_kansas_city_chiefs,20260920NFL00044,DK,draftkings,change,24,2026-09-19T22:25:00,Sep 19,10:25 PM ET,5h ago,home,Kansas City Chiefs,-6.0,79.0,74.0,46.5,74.0,39.0,-285.0,88.0,95.0
2026-09-20T03:49:04,nfl,nfl_20260920_indianapolis_colts_kansas_city_chiefs,20260920NFL00044,DK,draftkings,change,25,2026-09-19T22:20:00,Sep 19,10:20 PM ET,5h ago,away,Indianapolis Colts,6.0,21.0,26.0,46.5,26.0,60.0,230.0,12.0,5.0
2026-09-20T03:49:04,nfl,nfl_20260920_indianapolis_colts_kansas_city_chiefs,20260920NFL00044,DK,draftkings,change,25,2026-09-19T22:20:00,Sep 19,10:20 PM ET,5h ago,home,Kansas City Chiefs,-6.0,79.0,74.0,46.5,74.0,40.0,-285.0,88.0,95.0
2026-09-20T03:49:04,nfl,nfl_20260920_indianapolis_colts_kansas_city_chiefs,20260920NFL00044,DK,draftkings,change,26,2026-09-19T21:40:00,Sep 19,9:40 PM ET,6h ago,away,Indianapolis Colts,6.0,21.0,26.0,46.5,26.0,61.0,230.0,12.0,5.0
2026-09-20T03:49:04,nfl,nfl_20260920_indianapolis_colts_kansas_city_chiefs,20260920NFL00044,DK,draftkings,change,26,2026-09-19T21:40:00,Sep 19,9:40 PM ET,6h ago,home,Kansas City Chiefs,-6.0,79.0,74.0,46.5,74.0,39.0,-285.0,88.0,95.0
2026-09-20T03:49:04,nfl,nfl_20260920_indianapolis_colts_kansas_city_chiefs,20260920NFL00044,DK,draftkings,change,27,2026-09-19T21:30:00,Sep 19,9:30 PM ET,6h ago,away,Indianapolis Colts,6.0,21.0,26.0,46.5,26.0,61.0,230.0,13.0,5.0
2026-09-20T03:49:04,nfl,nfl_20260920_indianapolis_colts_kansas_city_chiefs,20260920NFL00044,DK,draftkings,change,27,2026-09-19T21:30:00,Sep 19,9:30 PM ET,6h ago,home,Kansas City Chiefs,-6.0,79.0,74.0,46.5,74.0,39.0,-285.0,87.0,95.0
2026-09-20T03:49:05,nfl,nfl_20260920_indianapolis_colts_kansas_city_chiefs,20260920NFL00044,CIRCA,circa,open,1,2026-09-13T21:10:00,Sep 13,9:10 PM ET,6d ago,away,Indianapolis Colts,6.5,50.0,50.0,47.5,50.0,50.0,250.0,50.0,50.0
2026-09-20T03:49:05,nfl,nfl_20260920_indianapolis_colts_kansas_city_chiefs,20260920NFL00044,CIRCA,circa,open,1,2026-09-13T21:10:00,Sep 13,9:10 PM ET,6d ago,home,Kansas City Chiefs,-6.5,50.0,50.0,47.5,50.0,50.0,-300.0,50.0,50.0
2026-09-20T03:49:05,nfl,nfl_20260920_indianapolis_colts_kansas_city_chiefs,20260920NFL00044,CIRCA,circa,change,2,2026-09-20T02:30:00,Sep 20,2:30 AM ET,1h ago,away,Indianapolis Colts,6.0,96.0,31.0,46.5,5.0,42.0,245.0,43.0,33.0
2026-09-20T03:49:05,nfl,nfl_20260920_indianapolis_colts_kansas_city_chiefs,20260920NFL00044,CIRCA,circa,change,2,2026-09-20T02:30:00,Sep 20,2:30 AM ET,1h ago,home,Kansas City Chiefs,-6.0,4.0,69.0,46.5,95.0,58.0,-290.0,57.0,67.0
2026-09-20T03:49:05,nfl,nfl_20260920_indianapolis_colts_kansas_city_chiefs,20260920NFL00044,CIRCA,circa,change,3,2026-09-20T02:25:00,Sep 20,2:25 AM ET,1h ago,away,Indianapolis Colts,6.0,96.0,32.0,46.5,5.0,42.0,245.0,43.0,33.0
2026-09-20T03:49:05,nfl,nfl_20260920_indianapolis_colts_kansas_city_chiefs,20260920NFL00044,CIRCA,circa,change,3,2026-09-20T02:25:00,Sep 20,2:25 AM ET,1h ago,home,Kansas City Chiefs,-6.0,4.0,68.0,46.5,95.0,58.0,-290.0,57.0,67.0
2026-09-20T03:49:05,nfl,nfl_20260920_indianapolis_colts_kansas_city_chiefs,20260920NFL00044,CIRCA,circa,change,4,2026-09-20T01:20:00,Sep 20,1:20 AM ET,2h ago,away,Indianapolis Colts,6.0,96.0,32.0,46.5,5.0,42.0,245.0,43.0,36.0
2026-09-20T03:49:05,nfl,nfl_20260920_indianapolis_colts_kansas_city_chiefs,20260920NFL00044,CIRCA,circa,change,4,2026-09-20T01:20:00,Sep 20,1:20 AM ET,2h ago,home,Kansas City Chiefs,-6.0,4.0,68.0,46.5,95.0,58.0,-290.0,57.0,64.0
2026-09-20T03:49:05,nfl,nfl_20260920_indianapolis_colts_kansas_city_chiefs,20260920NFL00044,CIRCA,circa,change,5,2026-09-20T01:00:00,Sep 20,1:00 AM ET,2h ago,away,Indianapolis Colts,6.0,96.0,31.0,46.5,5.0,42.0,245.0,43.0,31.0
2026-09-20T03:49:05,nfl,nfl_20260920_indianapolis_colts_kansas_city_chiefs,20260920NFL00044,CIRCA,circa,change,5,2026-09-20T01:00:00,Sep 20,1:00 AM ET,2h ago,home,Kansas City Chiefs,-6.0,4.0,69.0,46.5,95.0,58.0,-290.0,57.0,69.0
2026-09-20T03:49:05,nfl,nfl_20260920_indianapolis_colts_kansas_city_chiefs,20260920NFL00044,CIRCA,circa,change,6,2026-09-20T00:50:00,Sep 20,12:50 AM ET,2h ago,away,Indianapolis Colts,6.0,96.0,30.0,46.5,5.0,42.0,245.0,43.0,31.0
2026-09-20T03:49:05,nfl,nfl_20260920_indianapolis_colts_kansas_city_chiefs,20260920NFL00044,CIRCA,circa,change,6,2026-09-20T00:50:00,Sep 20,12:50 AM ET,2h ago,home,Kansas City Chiefs,-6.0,4.0,70.0,46.5,95.0,58.0,-290.0,57.0,69.0
2026-09-20T03:49:05,nfl,nfl_20260920_indianapolis_colts_kansas_city_chiefs,20260920NFL00044,CIRCA,circa,change,7,2026-09-20T00:25:00,Sep 20,12:25 AM ET,3h ago,away,Indianapolis Colts,6.0,96.0,31.0,46.5,5.0,42.0,245.0,43.0,31.0
2026-09-20T03:49:05,nfl,nfl_20260920_indianapolis_colts_kansas_city_chiefs,20260920NFL00044,CIRCA,circa,change,7,2026-09-20T00:25:00,Sep 20,12:25 AM ET,3h ago,home,Kansas City Chiefs,-6.0,4.0,69.0,46.5,95.0,58.0,-290.0,57.0,69.0
2026-09-20T03:49:05,nfl,nfl_20260920_indianapolis_colts_kansas_city_chiefs,20260920NFL00044,CIRCA,circa,change,8,2026-09-20T00:00:00,Sep 20,12:00 AM ET,3h ago,away,Indianapolis Colts,6.0,97.0,32.0,46.5,5.0,42.0,245.0,43.0,31.0
2026-09-20T03:49:05,nfl,nfl_20260920_indianapolis_colts_kansas_city_chiefs,20260920NFL00044,CIRCA,circa,change,8,2026-09-20T00:00:00,Sep 20,12:00 AM ET,3h ago,home,Kansas City Chiefs,-6.0,3.0,68.0,46.5,95.0,58.0,-290.0,57.0,69.0
2026-09-20T03:49:05,nfl,nfl_20260920_indianapolis_colts_kansas_city_chiefs,20260920NFL00044,CIRCA,circa,change,9,2026-09-19T23:30:00,Sep 19,11:30 PM ET,4h ago,away,Indianapolis Colts,6.0,97.0,33.0,46.5,5.0,42.0,245.0,34.0,25.0
2026-09-20T03:49:05,nfl,nfl_20260920_indianapolis_colts_kansas_city_chiefs,20260920NFL00044,CIRCA,circa,change,9,2026-09-19T23:30:00,Sep 19,11:30 PM ET,4h ago,home,Kansas City Chiefs,-6.0,3.0,67.0,46.5,95.0,58.0,-290.0,66.0,75.0
2026-09-20T03:49:05,nfl,nfl_20260920_indianapolis_colts_kansas_city_chiefs,20260920NFL00044,CIRCA,circa,change,10,2026-09-19T23:10:00,Sep 19,11:10 PM ET,4h ago,away,Indianapolis Colts,6.0,97.0,33.0,46.5,5.0,42.0,245.0,35.0,27.0
2026-09-20T03:49:05,nfl,nfl_20260920_indianapolis_colts_kansas_city_chiefs,20260920NFL00044,CIRCA,circa,change,10,2026-09-19T23:10:00,Sep 19,11:10 PM ET,4h ago,home,Kansas City Chiefs,-6.0,3.0,67.0,46.5,95.0,58.0,-290.0,65.0,73.0
2026-09-20T03:49:05,nfl,nfl_20260920_indianapolis_colts_kansas_city_chiefs,20260920NFL00044,CIRCA,circa,change,11,2026-09-19T22:55:00,Sep 19,10:55 PM ET,4h ago,away,Indianapolis Colts,6.0,97.0,33.0,46.5,5.0,42.0,245.0,36.0,30.0
2026-09-20T03:49:05,nfl,nfl_20260920_indianapolis_colts_kansas_city_chiefs,20260920NFL00044,CIRCA,circa,change,11,2026-09-19T22:55:00,Sep 19,10:55 PM ET,4h ago,home,Kansas City Chiefs,-6.0,3.0,67.0,46.5,95.0,58.0,-290.0,64.0,70.0
2026-09-20T03:49:05,nfl,nfl_20260920_indianapolis_colts_kansas_city_chiefs,20260920NFL00044,CIRCA,circa,change,12,2026-09-19T22:30:00,Sep 19,10:30 PM ET,5h ago,away,Indianapolis Colts,6.0,97.0,32.0,46.5,5.0,42.0,245.0,36.0,30.0
2026-09-20T03:49:05,nfl,nfl_20260920_indianapolis_colts_kansas_city_chiefs,20260920NFL00044,CIRCA,circa,change,12,2026-09-19T22:30:00,Sep 19,10:30 PM ET,5h ago,home,Kansas City Chiefs,-6.0,3.0,68.0,46.5,95.0,58.0,-290.0,64.0,70.0
2026-09-20T03:49:05,nfl,nfl_20260920_indianapolis_colts_kansas_city_chiefs,20260920NFL00044,CIRCA,circa,change,13,2026-09-19T22:15:00,Sep 19,10:15 PM ET,5h ago,away,Indianapolis Colts,6.0,97.0,32.0,46.5,5.0,36.0,245.0,36.0,30.0
2026-09-20T03:49:05,nfl,nfl_20260920_indianapolis_colts_kansas_city_chiefs,20260920NFL00044,CIRCA,circa,change,13,2026-09-19T22:15:00,Sep 19,10:15 PM ET,5h ago,home,Kansas City Chiefs,-6.0,3.0,68.0,46.5,95.0,64.0,-290.0,64.0,70.0
2026-09-20T03:49:05,nfl,nfl_20260920_indianapolis_colts_kansas_city_chiefs,20260920NFL00044,CIRCA,circa,change,14,2026-09-19T22:00:00,Sep 19,10:00 PM ET,5h ago,away,Indianapolis Colts,6.0,97.0,33.0,46.5,5.0,36.0,245.0,36.0,30.0
2026-09-20T03:49:05,nfl,nfl_20260920_indianapolis_colts_kansas_city_chiefs,20260920NFL00044,CIRCA,circa,change,14,2026-09-19T22:00:00,Sep 19,10:00 PM ET,5h ago,home,Kansas City Chiefs,-6.0,3.0,67.0,46.5,95.0,64.0,-290.0,64.0,70.0
2026-09-20T03:49:05,nfl,nfl_20260920_indianapolis_colts_kansas_city_chiefs,20260920NFL00044,CIRCA,circa,change,15,2026-09-19T21:20:00,Sep 19,9:20 PM ET,6h ago,away,Indianapolis Colts,6.0,97.0,32.0,46.5,5.0,36.0,245.0,36.0,30.0
2026-09-20T03:49:05,nfl,nfl_20260920_indianapolis_colts_kansas_city_chiefs,20260920NFL00044,CIRCA,circa,change,15,2026-09-19T21:20:00,Sep 19,9:20 PM ET,6h ago,home,Kansas City Chiefs,-6.0,3.0,68.0,46.5,95.0,64.0,-290.0,64.0,70.0
2026-09-20T03:49:05,nfl,nfl_20260920_indianapolis_colts_kansas_city_chiefs,20260920NFL00044,CIRCA,circa,change,16,2026-09-19T20:40:00,Sep 19,8:40 PM ET,7h ago,away,Indianapolis Colts,6.0,97.0,33.0,46.5,5.0,36.0,245.0,36.0,30.0
2026-09-20T03:49:05,nfl,nfl_20260920_indianapolis_colts_kansas_city_chiefs,20260920NFL00044,CIRCA,circa,change,16,2026-09-19T20:40:00,Sep 19,8:40 PM ET,7h ago,home,Kansas City Chiefs,-6.0,3.0,67.0,46.5,95.0,64.0,-290.0,64.0,70.0
2026-09-20T03:49:05,nfl,nfl_20260920_indianapolis_colts_kansas_city_chiefs,20260920NFL00044,CIRCA,circa,change,17,2026-09-19T19:40:00,Sep 19,7:40 PM ET,8h ago,away,Indianapolis Colts,6.0,97.0,33.0,46.5,5.0,36.0,245.0,36.0,33.0
2026-09-20T03:49:05,nfl,nfl_20260920_indianapolis_colts_kansas_city_chiefs,20260920NFL00044,CIRCA,circa,change,17,2026-09-19T19:40:00,Sep 19,7:40 PM ET,8h ago,home,Kansas City Chiefs,-6.0,3.0,67.0,46.5,95.0,64.0,-290.0,64.0,67.0
2026-09-20T03:49:05,nfl,nfl_20260920_indianapolis_colts_kansas_city_chiefs,20260920NFL00044,CIRCA,circa,change,18,2026-09-19T19:35:00,Sep 19,7:35 PM ET,8h ago,away,Indianapolis Colts,6.0,97.0,32.0,46.5,5.0,36.0,245.0,36.0,33.0
2026-09-20T03:49:05,nfl,nfl_20260920_indianapolis_colts_kansas_city_chiefs,20260920NFL00044,CIRCA,circa,change,18,2026-09-19T19:35:00,Sep 19,7:35 PM ET,8h ago,home,Kansas City Chiefs,-6.0,3.0,68.0,46.5,95.0,64.0,-290.0,64.0,67.0
2026-09-20T03:49:05,nfl,nfl_20260920_indianapolis_colts_kansas_city_chiefs,20260920NFL00044,CIRCA,circa,change,19,2026-09-19T17:45:00,Sep 19,5:45 PM ET,10h ago,away,Indianapolis Colts,6.0,97.0,31.0,46.5,5.0,36.0,245.0,36.0,33.0
2026-09-20T03:49:05,nfl,nfl_20260920_indianapolis_colts_kansas_city_chiefs,20260920NFL00044,CIRCA,circa,change,19,2026-09-19T17:45:00,Sep 19,5:45 PM ET,10h ago,home,Kansas City Chiefs,-6.0,3.0,69.0,46.5,95.0,64.0,-290.0,64.0,67.0
2026-09-20T03:49:05,nfl,nfl_20260920_indianapolis_colts_kansas_city_chiefs,20260920NFL00044,CIRCA,circa,change,20,2026-09-19T17:40:00,Sep 19,5:40 PM ET,10h ago,away,Indianapolis Colts,6.0,97.0,30.0,46.5,5.0,36.0,245.0,36.0,33.0
2026-09-20T03:49:05,nfl,nfl_20260920_indianapolis_colts_kansas_city_chiefs,20260920NFL00044,CIRCA,circa,change,20,2026-09-19T17:40:00,Sep 19,5:40 PM ET,10h ago,home,Kansas City Chiefs,-6.0,3.0,70.0,46.5,95.0,64.0,-290.0,64.0,67.0
2026-09-20T03:49:05,nfl,nfl_20260920_indianapolis_colts_kansas_city_chiefs,20260920NFL00044,CIRCA,circa,change,21,2026-09-19T17:25:00,Sep 19,5:25 PM ET,10h ago,away,Indianapolis Colts,6.0,97.0,30.0,46.5,4.0,30.0,245.0,36.0,33.0
2026-09-20T03:49:05,nfl,nfl_20260920_indianapolis_colts_kansas_city_chiefs,20260920NFL00044,CIRCA,circa,change,21,2026-09-19T17:25:00,Sep 19,5:25 PM ET,10h ago,home,Kansas City Chiefs,-6.0,3.0,70.0,46.5,96.0,70.0,-290.0,64.0,67.0
2026-09-20T03:49:05,nfl,nfl_20260920_indianapolis_colts_kansas_city_chiefs,20260920NFL00044,CIRCA,circa,change,22,2026-09-19T17:05:00,Sep 19,5:05 PM ET,10h ago,away,Indianapolis Colts,6.5,94.0,29.0,46.5,4.0,30.0,245.0,36.0,33.0
2026-09-20T03:49:05,nfl,nfl_20260920_indianapolis_colts_kansas_city_chiefs,20260920NFL00044,CIRCA,circa,change,22,2026-09-19T17:05:00,Sep 19,5:05 PM ET,10h ago,home,Kansas City Chiefs,-6.5,6.0,71.0,46.5,96.0,70.0,-290.0,64.0,67.0
2026-09-20T03:49:05,nfl,nfl_20260920_indianapolis_colts_kansas_city_chiefs,20260920NFL00044,CIRCA,circa,change,23,2026-09-19T16:31:00,Sep 19,4:31 PM ET,11h ago,away,Indianapolis Colts,6.5,94.0,27.0,46.5,4.0,30.0,245.0,36.0,33.0
2026-09-20T03:49:05,nfl,nfl_20260920_indianapolis_colts_kansas_city_chiefs,20260920NFL00044,CIRCA,circa,change,23,2026-09-19T16:31:00,Sep 19,4:31 PM ET,11h ago,home,Kansas City Chiefs,-6.5,6.0,73.0,46.5,96.0,70.0,-290.0,64.0,67.0
2026-09-20T03:49:05,nfl,nfl_20260920_indianapolis_colts_kansas_city_chiefs,20260920NFL00044,CIRCA,circa,change,24,2026-09-19T16:10:00,Sep 19,4:10 PM ET,11h ago,away,Indianapolis Colts,6.5,94.0,28.0,46.5,4.0,30.0,245.0,36.0,33.0
2026-09-20T03:49:05,nfl,nfl_20260920_indianapolis_colts_kansas_city_chiefs,20260920NFL00044,CIRCA,circa,change,24,2026-09-19T16:10:00,Sep 19,4:10 PM ET,11h ago,home,Kansas City Chiefs,-6.5,6.0,72.0,46.5,96.0,70.0,-290.0,64.0,67.0
2026-09-20T03:49:05,nfl,nfl_20260920_indianapolis_colts_kansas_city_chiefs,20260920NFL00044,CIRCA,circa,change,25,2026-09-19T15:20:00,Sep 19,3:20 PM ET,12h ago,away,Indianapolis Colts,6.5,94.0,29.0,46.5,4.0,30.0,245.0,36.0,33.0
2026-09-20T03:49:05,nfl,nfl_20260920_indianapolis_colts_kansas_city_chiefs,20260920NFL00044,CIRCA,circa,change,25,2026-09-19T15:20:00,Sep 19,3:20 PM ET,12h ago,home,Kansas City Chiefs,-6.5,6.0,71.0,46.5,96.0,70.0,-290.0,64.0,67.0
2026-09-20T03:49:05,nfl,nfl_20260920_indianapolis_colts_kansas_city_chiefs,20260920NFL00044,CIRCA,circa,change,26,2026-09-19T14:45:00,Sep 19,2:45 PM ET,13h ago,away,Indianapolis Colts,6.5,95.0,30.0,46.5,4.0,30.0,245.0,36.0,33.0
2026-09-20T03:49:05,nfl,nfl_20260920_indianapolis_colts_kansas_city_chiefs,20260920NFL00044,CIRCA,circa,change,26,2026-09-19T14:45:00,Sep 19,2:45 PM ET,13h ago,home,Kansas City Chiefs,-6.5,5.0,70.0,46.5,96.0,70.0,-290.0,64.0,67.0
2026-09-20T03:49:06,nfl,nfl_20260921_new_york_giants_los_angeles_rams,20260921NFL00062,DK,draftkings,open,1,2026-05-14T21:20:00,May 14,9:20 PM ET,128d ago,away,New York Giants,8.5,100.0,100.0,47.5,100.0,100.0,295.0,0.0,0.0
2026-09-20T03:49:06,nfl,nfl_20260921_new_york_giants_los_angeles_rams,20260921NFL00062,DK,draftkings,open,1,2026-05-14T21:20:00,May 14,9:20 PM ET,128d ago,home,Los Angeles Rams,-8.5,0.0,0.0,47.5,0.0,0.0,-375.0,100.0,100.0
2026-09-20T03:49:06,nfl,nfl_20260921_new_york_giants_los_angeles_rams,20260921NFL00062,DK,draftkings,first_full,2,2026-05-14T22:10:00,May 14,10:10 PM ET,128d ago,away,New York Giants,8.5,98.0,75.0,47.5,100.0,100.0,295.0,97.0,17.0
2026-09-20T03:49:06,nfl,nfl_20260921_new_york_giants_los_angeles_rams,20260921NFL00062,DK,draftkings,first_full,2,2026-05-14T22:10:00,May 14,10:10 PM ET,128d ago,home,Los Angeles Rams,-8.5,2.0,25.0,47.5,0.0,0.0,-375.0,3.0,83.0
2026-09-20T03:49:06,nfl,nfl_20260921_new_york_giants_los_angeles_rams,20260921NFL00062,DK,draftkings,change,3,2026-09-20T03:10:00,Sep 20,3:10 AM ET,38m ago,away,New York Giants,7.0,78.0,82.0,47.5,46.0,61.0,245.0,69.0,40.0
2026-09-20T03:49:06,nfl,nfl_20260921_new_york_giants_los_angeles_rams,20260921NFL00062,DK,draftkings,change,3,2026-09-20T03:10:00,Sep 20,3:10 AM ET,38m ago,home,Los Angeles Rams,-7.0,22.0,18.0,47.5,54.0,39.0,-305.0,31.0,60.0
2026-09-20T03:49:06,nfl,nfl_20260921_new_york_giants_los_angeles_rams,20260921NFL00062,DK,draftkings,change,4,2026-09-20T02:45:00,Sep 20,2:45 AM ET,1h ago,away,New York Giants,7.0,78.0,82.0,47.5,46.0,62.0,245.0,69.0,40.0
2026-09-20T03:49:06,nfl,nfl_20260921_new_york_giants_los_angeles_rams,20260921NFL00062,DK,draftkings,change,4,2026-09-20T02:45:00,Sep 20,2:45 AM ET,1h ago,home,Los Angeles Rams,-7.0,22.0,18.0,47.5,54.0,38.0,-305.0,31.0,60.0
2026-09-20T03:49:06,nfl,nfl_20260921_new_york_giants_los_angeles_rams,20260921NFL00062,DK,draftkings,change,5,2026-09-20T02:15:00,Sep 20,2:15 AM ET,1h ago,away,New York Giants,7.0,78.0,82.0,47.5,46.0,63.0,245.0,69.0,40.0
2026-09-20T03:49:06,nfl,nfl_20260921_new_york_giants_los_angeles_rams,20260921NFL00062,DK,draftkings,change,5,2026-09-20T02:15:00,Sep 20,2:15 AM ET,1h ago,home,Los Angeles Rams,-7.0,22.0,18.0,47.5,54.0,37.0,-305.0,31.0,60.0
2026-09-20T03:49:06,nfl,nfl_20260921_new_york_giants_los_angeles_rams,20260921NFL00062,DK,draftkings,change,6,2026-09-20T02:10:00,Sep 20,2:10 AM ET,1h ago,away,New York Giants,7.0,78.0,82.0,47.5,46.0,64.0,245.0,69.0,40.0
2026-09-20T03:49:06,nfl,nfl_20260921_new_york_giants_los_angeles_rams,20260921NFL00062,DK,draftkings,change,6,2026-09-20T02:10:00,Sep 20,2:10 AM ET,1h ago,home,Los Angeles Rams,-7.0,22.0,18.0,47.5,54.0,36.0,-305.0,31.0,60.0
2026-09-20T03:49:06,nfl,nfl_20260921_new_york_giants_los_angeles_rams,20260921NFL00062,DK,draftkings,change,7,2026-09-20T00:50:00,Sep 20,12:50 AM ET,2h ago,away,New York Giants,7.0,78.0,82.0,47.5,45.0,64.0,245.0,69.0,40.0
2026-09-20T03:49:06,nfl,nfl_20260921_new_york_giants_los_angeles_rams,20260921NFL00062,DK,draftkings,change,7,2026-09-20T00:50:00,Sep 20,12:50 AM ET,2h ago,home,Los Angeles Rams,-7.0,22.0,18.0,47.5,55.0,36.0,-305.0,31.0,60.0
2026-09-20T03:49:06,nfl,nfl_20260921_new_york_giants_los_angeles_rams,20260921NFL00062,DK,draftkings,change,8,2026-09-19T23:00:00,Sep 19,11:00 PM ET,4h ago,away,New York Giants,7.0,78.0,82.0,47.5,44.0,64.0,250.0,69.0,40.0
2026-09-20T03:49:06,nfl,nfl_20260921_new_york_giants_los_angeles_rams,20260921NFL00062,DK,draftkings,change,8,2026-09-19T23:00:00,Sep 19,11:00 PM ET,4h ago,home,Los Angeles Rams,-7.0,22.0,18.0,47.5,56.0,36.0,-310.0,31.0,60.0
2026-09-20T03:49:06,nfl,nfl_20260921_new_york_giants_los_angeles_rams,20260921NFL00062,DK,draftkings,change,9,2026-09-19T22:50:00,Sep 19,10:50 PM ET,4h ago,away,New York Giants,7.0,78.0,83.0,47.5,44.0,64.0,250.0,69.0,40.0
2026-09-20T03:49:06,nfl,nfl_20260921_new_york_giants_los_angeles_rams,20260921NFL00062,DK,draftkings,change,9,2026-09-19T22:50:00,Sep 19,10:50 PM ET,4h ago,home,Los Angeles Rams,-7.0,22.0,17.0,47.5,56.0,36.0,-310.0,31.0,60.0
2026-09-20T03:49:06,nfl,nfl_20260921_new_york_giants_los_angeles_rams,20260921NFL00062,DK,draftkings,change,10,2026-09-19T22:00:00,Sep 19,10:00 PM ET,5h ago,away,New York Giants,7.0,78.0,82.0,47.5,44.0,64.0,250.0,69.0,40.0
2026-09-20T03:49:06,nfl,nfl_20260921_new_york_giants_los_angeles_rams,20260921NFL00062,DK,draftkings,change,10,2026-09-19T22:00:00,Sep 19,10:00 PM ET,5h ago,home,Los Angeles Rams,-7.0,22.0,18.0,47.5,56.0,36.0,-310.0,31.0,60.0
2026-09-20T03:49:06,nfl,nfl_20260921_new_york_giants_los_angeles_rams,20260921NFL00062,DK,draftkings,change,11,2026-09-19T21:55:00,Sep 19,9:55 PM ET,5h ago,away,New York Giants,7.0,78.0,83.0,47.5,44.0,64.0,250.0,69.0,40.0
2026-09-20T03:49:06,nfl,nfl_20260921_new_york_giants_los_angeles_rams,20260921NFL00062,DK,draftkings,change,11,2026-09-19T21:55:00,Sep 19,9:55 PM ET,5h ago,home,Los Angeles Rams,-7.0,22.0,17.0,47.5,56.0,36.0,-310.0,31.0,60.0
2026-09-20T03:49:06,nfl,nfl_20260921_new_york_giants_los_angeles_rams,20260921NFL00062,DK,draftkings,change,12,2026-09-19T21:40:00,Sep 19,9:40 PM ET,6h ago,away,New York Giants,7.0,78.0,82.0,47.5,43.0,64.0,250.0,69.0,40.0
2026-09-20T03:49:06,nfl,nfl_20260921_new_york_giants_los_angeles_rams,20260921NFL00062,DK,draftkings,change,12,2026-09-19T21:40:00,Sep 19,9:40 PM ET,6h ago,home,Los Angeles Rams,-7.0,22.0,18.0,47.5,57.0,36.0,-310.0,31.0,60.0
2026-09-20T03:49:06,nfl,nfl_20260921_new_york_giants_los_angeles_rams,20260921NFL00062,DK,draftkings,change,13,2026-09-19T21:10:00,Sep 19,9:10 PM ET,6h ago,away,New York Giants,7.0,78.0,82.0,47.5,44.0,64.0,250.0,69.0,40.0
2026-09-20T03:49:06,nfl,nfl_20260921_new_york_giants_los_angeles_rams,20260921NFL00062,DK,draftkings,change,13,2026-09-19T21:10:00,Sep 19,9:10 PM ET,6h ago,home,Los Angeles Rams,-7.0,22.0,18.0,47.5,56.0,36.0,-310.0,31.0,60.0
2026-09-20T03:49:06,nfl,nfl_20260921_new_york_giants_los_angeles_rams,20260921NFL00062,DK,draftkings,change,14,2026-09-19T20:55:00,Sep 19,8:55 PM ET,6h ago,away,New York Giants,7.0,78.0,82.0,47.5,47.0,64.0,250.0,69.0,40.0
2026-09-20T03:49:06,nfl,nfl_20260921_new_york_giants_los_angeles_rams,20260921NFL00062,DK,draftkings,change,14,2026-09-19T20:55:00,Sep 19,8:55 PM ET,6h ago,home,Los Angeles Rams,-7.0,22.0,18.0,47.5,53.0,36.0,-310.0,31.0,60.0
2026-09-20T03:49:06,nfl,nfl_20260921_new_york_giants_los_angeles_rams,20260921NFL00062,DK,draftkings,change,15,2026-09-19T20:25:00,Sep 19,8:25 PM ET,7h ago,away,New York Giants,7.0,78.0,82.0,47.5,45.0,64.0,250.0,69.0,40.0
2026-09-20T03:49:06,nfl,nfl_20260921_new_york_giants_los_angeles_rams,20260921NFL00062,DK,draftkings,change,15,2026-09-19T20:25:00,Sep 19,8:25 PM ET,7h ago,home,Los Angeles Rams,-7.0,22.0,18.0,47.5,55.0,36.0,-310.0,31.0,60.0
2026-09-20T03:49:06,nfl,nfl_20260921_new_york_giants_los_angeles_rams,20260921NFL00062,DK,draftkings,change,16,2026-09-19T20:20:00,Sep 19,8:20 PM ET,7h ago,away,New York Giants,7.0,78.0,82.0,47.5,45.0,63.0,250.0,69.0,40.0
2026-09-20T03:49:06,nfl,nfl_20260921_new_york_giants_los_angeles_rams,20260921NFL00062,DK,draftkings,change,16,2026-09-19T20:20:00,Sep 19,8:20 PM ET,7h ago,home,Los Angeles Rams,-7.0,22.0,18.0,47.5,55.0,37.0,-310.0,31.0,60.0
2026-09-20T03:49:06,nfl,nfl_20260921_new_york_giants_los_angeles_rams,20260921NFL00062,DK,draftkings,change,17,2026-09-19T18:30:00,Sep 19,6:30 PM ET,9h ago,away,New York Giants,7.0,78.0,82.0,47.5,45.0,63.0,250.0,68.0,40.0
2026-09-20T03:49:06,nfl,nfl_20260921_new_york_giants_los_angeles_rams,20260921NFL00062,DK,draftkings,change,17,2026-09-19T18:30:00,Sep 19,6:30 PM ET,9h ago,home,Los Angeles Rams,-7.0,22.0,18.0,47.5,55.0,37.0,-310.0,32.0,60.0
2026-09-20T03:49:06,nfl,nfl_20260921_new_york_giants_los_angeles_rams,20260921NFL00062,DK,draftkings,change,18,2026-09-19T17:30:00,Sep 19,5:30 PM ET,10h ago,away,New York Giants,7.0,78.0,82.0,47.5,44.0,63.0,250.0,68.0,40.0
2026-09-20T03:49:06,nfl,nfl_20260921_new_york_giants_los_angeles_rams,20260921NFL00062,DK,draftkings,change,18,2026-09-19T17:30:00,Sep 19,5:30 PM ET,10h ago,home,Los Angeles Rams,-7.0,22.0,18.0,47.5,56.0,37.0,-310.0,32.0,60.0
2026-09-20T03:49:06,nfl,nfl_20260921_new_york_giants_los_angeles_rams,20260921NFL00062,DK,draftkings,change,19,2026-09-19T17:25:00,Sep 19,5:25 PM ET,10h ago,away,New York Giants,7.0,78.0,83.0,47.5,44.0,63.0,250.0,68.0,40.0
2026-09-20T03:49:06,nfl,nfl_20260921_new_york_giants_los_angeles_rams,20260921NFL00062,DK,draftkings,change,19,2026-09-19T17:25:00,Sep 19,5:25 PM ET,10h ago,home,Los Angeles Rams,-7.0,22.0,17.0,47.5,56.0,38.0,-310.0,32.0,60.0
2026-09-20T03:49:06,nfl,nfl_20260921_new_york_giants_los_angeles_rams,20260921NFL00062,DK,draftkings,change,20,2026-09-19T17:20:00,Sep 19,5:20 PM ET,10h ago,away,New York Giants,7.0,78.0,82.0,47.5,44.0,62.0,250.0,68.0,40.0
2026-09-20T03:49:06,nfl,nfl_20260921_new_york_giants_los_angeles_rams,20260921NFL00062,DK,draftkings,change,20,2026-09-19T17:20:00,Sep 19,5:20 PM ET,10h ago,home,Los Angeles Rams,-7.0,22.0,18.0,47.5,56.0,38.0,-310.0,32.0,60.0
2026-09-20T03:49:06,nfl,nfl_20260921_new_york_giants_los_angeles_rams,20260921NFL00062,DK,draftkings,change,21,2026-09-19T16:45:00,Sep 19,4:45 PM ET,11h ago,away,New York Giants,7.0,78.0,82.0,47.5,44.0,62.0,250.0,68.0,39.0
2026-09-20T03:49:06,nfl,nfl_20260921_new_york_giants_los_angeles_rams,20260921NFL00062,DK,draftkings,change,21,2026-09-19T16:45:00,Sep 19,4:45 PM ET,11h ago,home,Los Angeles Rams,-7.0,22.0,18.0,47.5,56.0,38.0,-310.0,32.0,61.0
2026-09-20T03:49:06,nfl,nfl_20260921_new_york_giants_los_angeles_rams,20260921NFL00062,DK,draftkings,change,22,2026-09-19T15:30:00,Sep 19,3:30 PM ET,12h ago,away,New York Giants,7.0,78.0,83.0,47.5,44.0,62.0,245.0,68.0,39.0
2026-09-20T03:49:06,nfl,nfl_20260921_new_york_giants_los_angeles_rams,20260921NFL00062,DK,draftkings,change,22,2026-09-19T15:30:00,Sep 19,3:30 PM ET,12h ago,home,Los Angeles Rams,-7.0,22.0,17.0,47.5,56.0,38.0,-305.0,32.0,61.0
2026-09-20T03:49:06,nfl,nfl_20260921_new_york_giants_los_angeles_rams,20260921NFL00062,DK,draftkings,change,23,2026-09-19T14:55:00,Sep 19,2:55 PM ET,12h ago,away,New York Giants,7.0,78.0,83.0,48.5,44.0,61.0,240.0,68.0,39.0
2026-09-20T03:49:06,nfl,nfl_20260921_new_york_giants_los_angeles_rams,20260921NFL00062,DK,draftkings,change,23,2026-09-19T14:55:00,Sep 19,2:55 PM ET,12h ago,home,Los Angeles Rams,-7.0,22.0,17.0,48.5,56.0,39.0,-298.0,32.0,61.0
2026-09-20T03:49:06,nfl,nfl_20260921_new_york_giants_los_angeles_rams,20260921NFL00062,DK,draftkings,change,24,2026-09-19T12:20:00,Sep 19,12:20 PM ET,15h ago,away,New York Giants,7.0,78.0,83.0,48.5,44.0,61.0,280.0,67.0,39.0
2026-09-20T03:49:06,nfl,nfl_20260921_new_york_giants_los_angeles_rams,20260921NFL00062,DK,draftkings,change,24,2026-09-19T12:20:00,Sep 19,12:20 PM ET,15h ago,home,Los Angeles Rams,-7.0,22.0,17.0,48.5,56.0,39.0,-355.0,33.0,61.0
2026-09-20T03:49:06,nfl,nfl_20260921_new_york_giants_los_angeles_rams,20260921NFL00062,DK,draftkings,change,25,2026-09-19T12:00:00,Sep 19,12:00 PM ET,15h ago,away,New York Giants,7.0,79.0,83.0,48.5,44.0,61.0,280.0,67.0,39.0
2026-09-20T03:49:06,nfl,nfl_20260921_new_york_giants_los_angeles_rams,20260921NFL00062,DK,draftkings,change,25,2026-09-19T12:00:00,Sep 19,12:00 PM ET,15h ago,home,Los Angeles Rams,-7.0,21.0,17.0,48.5,56.0,39.0,-355.0,33.0,61.0
2026-09-20T03:49:06,nfl,nfl_20260921_new_york_giants_los_angeles_rams,20260921NFL00062,DK,draftkings,change,26,2026-09-19T10:40:00,Sep 19,10:40 AM ET,17h ago,away,New York Giants,7.0,79.0,83.0,48.5,42.0,61.0,280.0,67.0,39.0
2026-09-20T03:49:06,nfl,nfl_20260921_new_york_giants_los_angeles_rams,20260921NFL00062,DK,draftkings,change,26,2026-09-19T10:40:00,Sep 19,10:40 AM ET,17h ago,home,Los Angeles Rams,-7.0,21.0,17.0,48.5,58.0,39.0,-355.0,33.0,61.0
2026-09-20T03:49:06,nfl,nfl_20260921_new_york_giants_los_angeles_rams,20260921NFL00062,DK,draftkings,change,27,2026-09-19T10:15:00,Sep 19,10:15 AM ET,17h ago,away,New York Giants,7.0,79.0,83.0,48.5,42.0,61.0,280.0,66.0,39.0
2026-09-20T03:49:06,nfl,nfl_20260921_new_york_giants_los_angeles_rams,20260921NFL00062,DK,draftkings,change,27,2026-09-19T10:15:00,Sep 19,10:15 AM ET,17h ago,home,Los Angeles Rams,-7.0,21.0,17.0,48.5,58.0,39.0,-355.0,34.0,61.0
2026-09-20T03:49:07,nfl,nfl_20260921_new_york_giants_los_angeles_rams,20260921NFL00062,CIRCA,circa,open,1,2026-09-14T09:35:00,Sep 14,9:35 AM ET,5d ago,away,New York Giants,7.0,50.0,50.0,48.5,50.0,50.0,290.0,50.0,50.0
2026-09-20T03:49:07,nfl,nfl_20260921_new_york_giants_los_angeles_rams,20260921NFL00062,CIRCA,circa,open,1,2026-09-14T09:35:00,Sep 14,9:35 AM ET,5d ago,home,Los Angeles Rams,-7.0,50.0,50.0,48.5,50.0,50.0,-350.0,50.0,50.0
2026-09-20T03:49:07,nfl,nfl_20260921_new_york_giants_los_angeles_rams,20260921NFL00062,CIRCA,circa,change,2,2026-09-20T03:40:00,Sep 20,3:40 AM ET,8m ago,away,New York Giants,7.0,33.0,53.0,47.5,10.0,33.0,265.0,76.0,80.0
2026-09-20T03:49:07,nfl,nfl_20260921_new_york_giants_los_angeles_rams,20260921NFL00062,CIRCA,circa,change,2,2026-09-20T03:40:00,Sep 20,3:40 AM ET,8m ago,home,Los Angeles Rams,-7.0,67.0,47.0,47.5,90.0,67.0,-320.0,24.0,20.0
2026-09-20T03:49:07,nfl,nfl_20260921_new_york_giants_los_angeles_rams,20260921NFL00062,CIRCA,circa,change,3,2026-09-20T02:42:00,Sep 20,2:42 AM ET,1h ago,away,New York Giants,7.0,33.0,54.0,47.5,10.0,33.0,265.0,76.0,80.0
2026-09-20T03:49:07,nfl,nfl_20260921_new_york_giants_los_angeles_rams,20260921NFL00062,CIRCA,circa,change,3,2026-09-20T02:42:00,Sep 20,2:42 AM ET,1h ago,home,Los Angeles Rams,-7.0,67.0,46.0,47.5,90.0,67.0,-320.0,24.0,20.0
2026-09-20T03:49:07,nfl,nfl_20260921_new_york_giants_los_angeles_rams,20260921NFL00062,CIRCA,circa,change,4,2026-09-20T01:15:00,Sep 20,1:15 AM ET,2h ago,away,New York Giants,7.0,33.0,56.0,47.5,10.0,33.0,265.0,76.0,80.0
2026-09-20T03:49:07,nfl,nfl_20260921_new_york_giants_los_angeles_rams,20260921NFL00062,CIRCA,circa,change,4,2026-09-20T01:15:00,Sep 20,1:15 AM ET,2h ago,home,Los Angeles Rams,-7.0,67.0,44.0,47.5,90.0,67.0,-320.0,24.0,20.0
2026-09-20T03:49:07,nfl,nfl_20260921_new_york_giants_los_angeles_rams,20260921NFL00062,CIRCA,circa,change,5,2026-09-20T01:00:00,Sep 20,1:00 AM ET,2h ago,away,New York Giants,7.0,33.0,55.0,47.5,10.0,33.0,265.0,76.0,80.0
2026-09-20T03:49:07,nfl,nfl_20260921_new_york_giants_los_angeles_rams,20260921NFL00062,CIRCA,circa,change,5,2026-09-20T01:00:00,Sep 20,1:00 AM ET,2h ago,home,Los Angeles Rams,-7.0,67.0,45.0,47.5,90.0,67.0,-320.0,24.0,20.0
2026-09-20T03:49:07,nfl,nfl_20260921_new_york_giants_los_angeles_rams,20260921NFL00062,CIRCA,circa,change,6,2026-09-20T00:00:00,Sep 20,12:00 AM ET,3h ago,away,New York Giants,7.0,33.0,53.0,47.5,10.0,33.0,265.0,76.0,80.0
2026-09-20T03:49:07,nfl,nfl_20260921_new_york_giants_los_angeles_rams,20260921NFL00062,CIRCA,circa,change,6,2026-09-20T00:00:00,Sep 20,12:00 AM ET,3h ago,home,Los Angeles Rams,-7.0,67.0,47.0,47.5,90.0,67.0,-320.0,24.0,20.0
2026-09-20T03:49:07,nfl,nfl_20260921_new_york_giants_los_angeles_rams,20260921NFL00062,CIRCA,circa,change,7,2026-09-19T22:10:00,Sep 19,10:10 PM ET,5h ago,away,New York Giants,7.0,33.0,53.0,47.5,10.0,33.0,265.0,75.0,79.0
2026-09-20T03:49:07,nfl,nfl_20260921_new_york_giants_los_angeles_rams,20260921NFL00062,CIRCA,circa,change,7,2026-09-19T22:10:00,Sep 19,10:10 PM ET,5h ago,home,Los Angeles Rams,-7.0,67.0,47.0,47.5,90.0,67.0,-320.0,25.0,21.0
2026-09-20T03:49:07,nfl,nfl_20260921_new_york_giants_los_angeles_rams,20260921NFL00062,CIRCA,circa,change,8,2026-09-19T21:05:00,Sep 19,9:05 PM ET,6h ago,away,New York Giants,7.0,33.0,52.0,47.5,10.0,33.0,265.0,75.0,79.0
2026-09-20T03:49:07,nfl,nfl_20260921_new_york_giants_los_angeles_rams,20260921NFL00062,CIRCA,circa,change,8,2026-09-19T21:05:00,Sep 19,9:05 PM ET,6h ago,home,Los Angeles Rams,-7.0,67.0,48.0,47.5,90.0,67.0,-320.0,25.0,21.0
2026-09-20T03:49:07,nfl,nfl_20260921_new_york_giants_los_angeles_rams,20260921NFL00062,CIRCA,circa,change,9,2026-09-19T20:15:00,Sep 19,8:15 PM ET,7h ago,away,New York Giants,7.0,33.0,51.0,47.5,10.0,33.0,265.0,75.0,79.0
2026-09-20T03:49:07,nfl,nfl_20260921_new_york_giants_los_angeles_rams,20260921NFL00062,CIRCA,circa,change,9,2026-09-19T20:15:00,Sep 19,8:15 PM ET,7h ago,home,Los Angeles Rams,-7.0,67.0,49.0,47.5,90.0,67.0,-320.0,25.0,21.0
2026-09-20T03:49:07,nfl,nfl_20260921_new_york_giants_los_angeles_rams,20260921NFL00062,CIRCA,circa,change,10,2026-09-19T19:35:00,Sep 19,7:35 PM ET,8h ago,away,New York Giants,7.0,33.0,51.0,47.5,10.0,33.0,265.0,75.0,77.0
2026-09-20T03:49:07,nfl,nfl_20260921_new_york_giants_los_angeles_rams,20260921NFL00062,CIRCA,circa,change,10,2026-09-19T19:35:00,Sep 19,7:35 PM ET,8h ago,home,Los Angeles Rams,-7.0,67.0,49.0,47.5,90.0,67.0,-320.0,25.0,23.0
2026-09-20T03:49:07,nfl,nfl_20260921_new_york_giants_los_angeles_rams,20260921NFL00062,CIRCA,circa,change,11,2026-09-19T16:25:00,Sep 19,4:25 PM ET,11h ago,away,New York Giants,7.0,33.0,51.0,47.5,10.0,33.0,265.0,93.0,83.0
2026-09-20T03:49:07,nfl,nfl_20260921_new_york_giants_los_angeles_rams,20260921NFL00062,CIRCA,circa,change,11,2026-09-19T16:25:00,Sep 19,4:25 PM ET,11h ago,home,Los Angeles Rams,-7.0,67.0,49.0,47.5,90.0,67.0,-320.0,7.0,17.0
2026-09-20T03:49:07,nfl,nfl_20260921_new_york_giants_los_angeles_rams,20260921NFL00062,CIRCA,circa,change,12,2026-09-19T16:10:00,Sep 19,4:10 PM ET,11h ago,away,New York Giants,7.0,33.0,51.0,47.5,10.0,33.0,265.0,93.0,82.0
2026-09-20T03:49:07,nfl,nfl_20260921_new_york_giants_los_angeles_rams,20260921NFL00062,CIRCA,circa,change,12,2026-09-19T16:10:00,Sep 19,4:10 PM ET,11h ago,home,Los Angeles Rams,-7.0,67.0,49.0,47.5,90.0,67.0,-320.0,8.0,18.0
2026-09-20T03:49:07,nfl,nfl_20260921_new_york_giants_los_angeles_rams,20260921NFL00062,CIRCA,circa,change,13,2026-09-19T15:00:00,Sep 19,3:00 PM ET,12h ago,away,New York Giants,7.0,33.0,50.0,47.5,10.0,33.0,265.0,93.0,82.0
2026-09-20T03:49:07,nfl,nfl_20260921_new_york_giants_los_angeles_rams,20260921NFL00062,CIRCA,circa,change,13,2026-09-19T15:00:00,Sep 19,3:00 PM ET,12h ago,home,Los Angeles Rams,-7.0,67.0,50.0,47.5,90.0,67.0,-320.0,8.0,18.0
2026-09-20T03:49:07,nfl,nfl_20260921_new_york_giants_los_angeles_rams,20260921NFL00062,CIRCA,circa,change,14,2026-09-19T14:40:00,Sep 19,2:40 PM ET,13h ago,away,New York Giants,6.5,85.0,51.0,48.0,10.0,33.0,245.0,93.0,82.0
2026-09-20T03:49:07,nfl,nfl_20260921_new_york_giants_los_angeles_rams,20260921NFL00062,CIRCA,circa,change,14,2026-09-19T14:40:00,Sep 19,2:40 PM ET,13h ago,home,Los Angeles Rams,-6.5,15.0,49.0,48.0,90.0,67.0,-290.0,8.0,18.0
2026-09-20T03:49:07,nfl,nfl_20260921_new_york_giants_los_angeles_rams,20260921NFL00062,CIRCA,circa,change,15,2026-09-19T14:25:00,Sep 19,2:25 PM ET,13h ago,away,New York Giants,7.0,22.0,50.0,48.0,10.0,33.0,280.0,93.0,82.0
2026-09-20T03:49:07,nfl,nfl_20260921_new_york_giants_los_angeles_rams,20260921NFL00062,CIRCA,circa,change,15,2026-09-19T14:25:00,Sep 19,2:25 PM ET,13h ago,home,Los Angeles Rams,-7.0,78.0,50.0,48.0,90.0,67.0,-340.0,8.0,18.0
2026-09-20T03:49:07,nfl,nfl_20260921_new_york_giants_los_angeles_rams,20260921NFL00062,CIRCA,circa,change,16,2026-09-19T14:20:00,Sep 19,2:20 PM ET,13h ago,away,New York Giants,7.0,22.0,49.0,48.0,10.0,33.0,280.0,93.0,82.0
2026-09-20T03:49:07,nfl,nfl_20260921_new_york_giants_los_angeles_rams,20260921NFL00062,CIRCA,circa,change,16,2026-09-19T14:20:00,Sep 19,2:20 PM ET,13h ago,home,Los Angeles Rams,-7.0,78.0,51.0,48.0,90.0,67.0,-340.0,8.0,18.0
2026-09-20T03:49:07,nfl,nfl_20260921_new_york_giants_los_angeles_rams,20260921NFL00062,CIRCA,circa,change,17,2026-09-19T12:40:00,Sep 19,12:40 PM ET,15h ago,away,New York Giants,7.0,22.0,51.0,48.0,10.0,33.0,280.0,93.0,82.0
2026-09-20T03:49:07,nfl,nfl_20260921_new_york_giants_los_angeles_rams,20260921NFL00062,CIRCA,circa,change,17,2026-09-19T12:40:00,Sep 19,12:40 PM ET,15h ago,home,Los Angeles Rams,-7.0,78.0,49.0,48.0,90.0,67.0,-340.0,8.0,18.0
2026-09-20T03:49:07,nfl,nfl_20260921_new_york_giants_los_angeles_rams,20260921NFL00062,CIRCA,circa,change,18,2026-09-18T23:50:00,Sep 18,11:50 PM ET,1d ago,away,New York Giants,7.0,22.0,51.0,48.0,10.0,33.0,280.0,92.0,80.0
2026-09-20T03:49:07,nfl,nfl_20260921_new_york_giants_los_angeles_rams,20260921NFL00062,CIRCA,circa,change,18,2026-09-18T23:50:00,Sep 18,11:50 PM ET,1d ago,home,Los Angeles Rams,-7.0,78.0,49.0,48.0,90.0,67.0,-340.0,8.0,20.0
2026-09-20T03:49:07,nfl,nfl_20260921_new_york_giants_los_angeles_rams,20260921NFL00062,CIRCA,circa,change,19,2026-09-18T20:20:00,Sep 18,8:20 PM ET,1d ago,away,New York Giants,7.0,21.0,50.0,48.0,10.0,33.0,280.0,92.0,80.0
2026-09-20T03:49:07,nfl,nfl_20260921_new_york_giants_los_angeles_rams,20260921NFL00062,CIRCA,circa,change,19,2026-09-18T20:20:00,Sep 18,8:20 PM ET,1d ago,home,Los Angeles Rams,-7.0,79.0,50.0,48.0,90.0,67.0,-340.0,8.0,20.0
2026-09-20T03:49:07,nfl,nfl_20260921_new_york_giants_los_angeles_rams,20260921NFL00062,CIRCA,circa,change,20,2026-09-18T20:05:00,Sep 18,8:05 PM ET,1d ago,away,New York Giants,7.0,26.0,52.0,48.0,10.0,33.0,280.0,92.0,80.0
2026-09-20T03:49:07,nfl,nfl_20260921_new_york_giants_los_angeles_rams,20260921NFL00062,CIRCA,circa,change,20,2026-09-18T20:05:00,Sep 18,8:05 PM ET,1d ago,home,Los Angeles Rams,-7.0,74.0,48.0,48.0,90.0,67.0,-340.0,8.0,20.0
2026-09-20T03:49:07,nfl,nfl_20260921_new_york_giants_los_angeles_rams,20260921NFL00062,CIRCA,circa,change,21,2026-09-18T19:35:00,Sep 18,7:35 PM ET,1d ago,away,New York Giants,7.0,24.0,50.0,48.0,10.0,33.0,280.0,92.0,80.0
2026-09-20T03:49:07,nfl,nfl_20260921_new_york_giants_los_angeles_rams,20260921NFL00062,CIRCA,circa,change,21,2026-09-18T19:35:00,Sep 18,7:35 PM ET,1d ago,home,Los Angeles Rams,-7.0,76.0,50.0,48.0,90.0,67.0,-340.0,8.0,20.0
2026-09-20T03:49:07,nfl,nfl_20260921_new_york_giants_los_angeles_rams,20260921NFL00062,CIRCA,circa,change,22,2026-09-18T18:00:00,Sep 18,6:00 PM ET,1d ago,away,New York Giants,7.0,24.0,48.0,48.0,10.0,33.0,280.0,92.0,80.0
2026-09-20T03:49:07,nfl,nfl_20260921_new_york_giants_los_angeles_rams,20260921NFL00062,CIRCA,circa,change,22,2026-09-18T18:00:00,Sep 18,6:00 PM ET,1d ago,home,Los Angeles Rams,-7.0,76.0,52.0,48.0,90.0,67.0,-340.0,8.0,20.0
2026-09-20T03:49:07,nfl,nfl_20260921_new_york_giants_los_angeles_rams,20260921NFL00062,CIRCA,circa,change,23,2026-09-18T16:00:00,Sep 18,4:00 PM ET,1d ago,away,New York Giants,7.0,24.0,48.0,48.0,10.0,33.0,280.0,95.0,89.0
2026-09-20T03:49:07,nfl,nfl_20260921_new_york_giants_los_angeles_rams,20260921NFL00062,CIRCA,circa,change,23,2026-09-18T16:00:00,Sep 18,4:00 PM ET,1d ago,home,Los Angeles Rams,-7.0,76.0,52.0,48.0,90.0,67.0,-340.0,5.0,11.0
2026-09-20T03:49:07,nfl,nfl_20260921_new_york_giants_los_angeles_rams,20260921NFL00062,CIRCA,circa,change,24,2026-09-18T13:45:00,Sep 18,1:45 PM ET,1d ago,away,New York Giants,7.0,25.0,50.0,48.0,10.0,33.0,280.0,95.0,89.0
2026-09-20T03:49:07,nfl,nfl_20260921_new_york_giants_los_angeles_rams,20260921NFL00062,CIRCA,circa,change,24,2026-09-18T13:45:00,Sep 18,1:45 PM ET,1d ago,home,Los Angeles Rams,-7.0,75.0,50.0,48.0,90.0,67.0,-340.0,5.0,11.0
2026-09-20T03:49:07,nfl,nfl_20260921_new_york_giants_los_angeles_rams,20260921NFL00062,CIRCA,circa,change,25,2026-09-18T12:45:00,Sep 18,12:45 PM ET,1d ago,away,New York Giants,7.0,25.0,52.0,48.0,10.0,33.0,280.0,95.0,89.0
2026-09-20T03:49:07,nfl,nfl_20260921_new_york_giants_los_angeles_rams,20260921NFL00062,CIRCA,circa,change,25,2026-09-18T12:45:00,Sep 18,12:45 PM ET,1d ago,home,Los Angeles Rams,-7.0,75.0,48.0,48.0,90.0,67.0,-340.0,5.0,11.0
2026-09-20T03:49:07,nfl,nfl_20260921_new_york_giants_los_angeles_rams,20260921NFL00062,CIRCA,circa,change,26,2026-09-18T08:30:00,Sep 18,8:30 AM ET,1d ago,away,New York Giants,7.0,25.0,50.0,48.0,10.0,33.0,280.0,95.0,89.0
2026-09-20T03:49:07,nfl,nfl_20260921_new_york_giants_los_angeles_rams,20260921NFL00062,CIRCA,circa,change,26,2026-09-18T08:30:00,Sep 18,8:30 AM ET,1d ago,home,Los Angeles Rams,-7.0,75.0,50.0,48.0,90.0,67.0,-340.0,5.0,11.0
2026-09-20T03:49:08,nfl,nfl_20260924_atlanta_falcons_green_bay_packers,20260924NFL00053,DK,draftkings,open,1,2026-05-14T21:20:00,May 14,9:20 PM ET,128d ago,away,Atlanta Falcons,7.5,17.0,50.0,,0.0,0.0,285.0,0.0,0.0
2026-09-20T03:49:08,nfl,nfl_20260924_atlanta_falcons_green_bay_packers,20260924NFL00053,DK,draftkings,open,1,2026-05-14T21:20:00,May 14,9:20 PM ET,128d ago,home,Green Bay Packers,-7.5,83.0,50.0,,0.0,0.0,-360.0,100.0,100.0
2026-09-20T03:49:08,nfl,nfl_20260924_atlanta_falcons_green_bay_packers,20260924NFL00053,DK,draftkings,first_full,2,2026-05-15T07:25:00,May 15,7:25 AM ET,127d ago,away,Atlanta Falcons,7.5,22.0,60.0,46.5,100.0,100.0,285.0,2.0,9.0
2026-09-20T03:49:08,nfl,nfl_20260924_atlanta_falcons_green_bay_packers,20260924NFL00053,DK,draftkings,first_full,2,2026-05-15T07:25:00,May 15,7:25 AM ET,127d ago,home,Green Bay Packers,-7.5,78.0,40.0,46.5,0.0,0.0,-360.0,98.0,91.0
2026-09-20T03:49:08,nfl,nfl_20260924_atlanta_falcons_green_bay_packers,20260924NFL00053,DK,draftkings,change,3,2026-09-20T01:55:00,Sep 20,1:55 AM ET,1h ago,away,Atlanta Falcons,6.5,65.0,72.0,46.5,50.0,30.0,240.0,18.0,6.0
2026-09-20T03:49:08,nfl,nfl_20260924_atlanta_falcons_green_bay_packers,20260924NFL00053,DK,draftkings,change,3,2026-09-20T01:55:00,Sep 20,1:55 AM ET,1h ago,home,Green Bay Packers,-6.5,35.0,28.0,46.5,50.0,70.0,-298.0,82.0,94.0
2026-09-20T03:49:08,nfl,nfl_20260924_atlanta_falcons_green_bay_packers,20260924NFL00053,DK,draftkings,change,4,2026-09-20T01:40:00,Sep 20,1:40 AM ET,2h ago,away,Atlanta Falcons,6.5,65.0,72.0,46.5,50.0,30.0,240.0,19.0,6.0
2026-09-20T03:49:08,nfl,nfl_20260924_atlanta_falcons_green_bay_packers,20260924NFL00053,DK,draftkings,change,4,2026-09-20T01:40:00,Sep 20,1:40 AM ET,2h ago,home,Green Bay Packers,-6.5,35.0,28.0,46.5,50.0,70.0,-298.0,81.0,94.0
2026-09-20T03:49:08,nfl,nfl_20260924_atlanta_falcons_green_bay_packers,20260924NFL00053,DK,draftkings,change,5,2026-09-20T01:30:00,Sep 20,1:30 AM ET,2h ago,away,Atlanta Falcons,6.5,65.0,72.0,46.5,50.0,32.0,240.0,17.0,6.0
2026-09-20T03:49:08,nfl,nfl_20260924_atlanta_falcons_green_bay_packers,20260924NFL00053,DK,draftkings,change,5,2026-09-20T01:30:00,Sep 20,1:30 AM ET,2h ago,home,Green Bay Packers,-6.5,35.0,28.0,46.5,50.0,68.0,-298.0,83.0,94.0
2026-09-20T03:49:08,nfl,nfl_20260924_atlanta_falcons_green_bay_packers,20260924NFL00053,DK,draftkings,change,6,2026-09-20T01:15:00,Sep 20,1:15 AM ET,2h ago,away,Atlanta Falcons,6.5,65.0,72.0,46.5,50.0,33.0,240.0,17.0,6.0
2026-09-20T03:49:08,nfl,nfl_20260924_atlanta_falcons_green_bay_packers,20260924NFL00053,DK,draftkings,change,6,2026-09-20T01:15:00,Sep 20,1:15 AM ET,2h ago,home,Green Bay Packers,-6.5,35.0,28.0,46.5,50.0,67.0,-298.0,83.0,94.0
2026-09-20T03:49:08,nfl,nfl_20260924_atlanta_falcons_green_bay_packers,20260924NFL00053,DK,draftkings,change,7,2026-09-20T00:20:00,Sep 20,12:20 AM ET,3h ago,away,Atlanta Falcons,6.5,65.0,72.0,46.5,50.0,33.0,240.0,18.0,6.0
2026-09-20T03:49:08,nfl,nfl_20260924_atlanta_falcons_green_bay_packers,20260924NFL00053,DK,draftkings,change,7,2026-09-20T00:20:00,Sep 20,12:20 AM ET,3h ago,home,Green Bay Packers,-6.5,35.0,28.0,46.5,50.0,67.0,-298.0,82.0,94.0
2026-09-20T03:49:08,nfl,nfl_20260924_atlanta_falcons_green_bay_packers,20260924NFL00053,DK,draftkings,change,8,2026-09-20T00:00:00,Sep 20,12:00 AM ET,3h ago,away,Atlanta Falcons,6.5,65.0,72.0,46.5,50.0,25.0,240.0,18.0,6.0
2026-09-20T03:49:08,nfl,nfl_20260924_atlanta_falcons_green_bay_packers,20260924NFL00053,DK,draftkings,change,8,2026-09-20T00:00:00,Sep 20,12:00 AM ET,3h ago,home,Green Bay Packers,-6.5,35.0,28.0,46.5,50.0,75.0,-298.0,82.0,94.0
2026-09-20T03:49:08,nfl,nfl_20260924_atlanta_falcons_green_bay_packers,20260924NFL00053,DK,draftkings,change,9,2026-09-19T23:35:00,Sep 19,11:35 PM ET,4h ago,away,Atlanta Falcons,6.5,65.0,72.0,46.5,50.0,25.0,240.0,21.0,6.0
2026-09-20T03:49:08,nfl,nfl_20260924_atlanta_falcons_green_bay_packers,20260924NFL00053,DK,draftkings,change,9,2026-09-19T23:35:00,Sep 19,11:35 PM ET,4h ago,home,Green Bay Packers,-6.5,35.0,28.0,46.5,50.0,75.0,-298.0,79.0,94.0
2026-09-20T03:49:08,nfl,nfl_20260924_atlanta_falcons_green_bay_packers,20260924NFL00053,DK,draftkings,change,10,2026-09-19T23:00:00,Sep 19,11:00 PM ET,4h ago,away,Atlanta Falcons,6.5,65.0,72.0,46.5,50.0,25.0,240.0,20.0,5.0
2026-09-20T03:49:08,nfl,nfl_20260924_atlanta_falcons_green_bay_packers,20260924NFL00053,DK,draftkings,change,10,2026-09-19T23:00:00,Sep 19,11:00 PM ET,4h ago,home,Green Bay Packers,-6.5,35.0,28.0,46.5,50.0,75.0,-298.0,80.0,95.0
2026-09-20T03:49:08,nfl,nfl_20260924_atlanta_falcons_green_bay_packers,20260924NFL00053,DK,draftkings,change,11,2026-09-19T22:30:00,Sep 19,10:30 PM ET,5h ago,away,Atlanta Falcons,6.5,65.0,73.0,46.5,50.0,25.0,240.0,20.0,5.0
2026-09-20T03:49:08,nfl,nfl_20260924_atlanta_falcons_green_bay_packers,20260924NFL00053,DK,draftkings,change,11,2026-09-19T22:30:00,Sep 19,10:30 PM ET,5h ago,home,Green Bay Packers,-6.5,35.0,27.0,46.5,50.0,75.0,-298.0,80.0,95.0
2026-09-20T03:49:08,nfl,nfl_20260924_atlanta_falcons_green_bay_packers,20260924NFL00053,DK,draftkings,change,12,2026-09-19T22:25:00,Sep 19,10:25 PM ET,5h ago,away,Atlanta Falcons,6.5,65.0,74.0,46.5,50.0,25.0,240.0,19.0,5.0
2026-09-20T03:49:08,nfl,nfl_20260924_atlanta_falcons_green_bay_packers,20260924NFL00053,DK,draftkings,change,12,2026-09-19T22:25:00,Sep 19,10:25 PM ET,5h ago,home,Green Bay Packers,-6.5,35.0,26.0,46.5,50.0,75.0,-298.0,81.0,95.0
2026-09-20T03:49:08,nfl,nfl_20260924_atlanta_falcons_green_bay_packers,20260924NFL00053,DK,draftkings,change,13,2026-09-19T20:20:00,Sep 19,8:20 PM ET,7h ago,away,Atlanta Falcons,6.5,65.0,74.0,46.5,50.0,25.0,240.0,20.0,5.0
2026-09-20T03:49:08,nfl,nfl_20260924_atlanta_falcons_green_bay_packers,20260924NFL00053,DK,draftkings,change,13,2026-09-19T20:20:00,Sep 19,8:20 PM ET,7h ago,home,Green Bay Packers,-6.5,35.0,26.0,46.5,50.0,75.0,-298.0,80.0,95.0
2026-09-20T03:49:08,nfl,nfl_20260924_atlanta_falcons_green_bay_packers,20260924NFL00053,DK,draftkings,change,14,2026-09-19T18:55:00,Sep 19,6:55 PM ET,8h ago,away,Atlanta Falcons,6.5,66.0,75.0,46.5,50.0,25.0,240.0,20.0,5.0
2026-09-20T03:49:08,nfl,nfl_20260924_atlanta_falcons_green_bay_packers,20260924NFL00053,DK,draftkings,change,14,2026-09-19T18:55:00,Sep 19,6:55 PM ET,8h ago,home,Green Bay Packers,-6.5,34.0,25.0,46.5,50.0,75.0,-298.0,80.0,95.0
2026-09-20T03:49:08,nfl,nfl_20260924_atlanta_falcons_green_bay_packers,20260924NFL00053,DK,draftkings,change,15,2026-09-19T18:40:00,Sep 19,6:40 PM ET,9h ago,away,Atlanta Falcons,6.5,66.0,75.0,46.5,50.0,25.0,240.0,27.0,5.0
2026-09-20T03:49:08,nfl,nfl_20260924_atlanta_falcons_green_bay_packers,20260924NFL00053,DK,draftkings,change,15,2026-09-19T18:40:00,Sep 19,6:40 PM ET,9h ago,home,Green Bay Packers,-6.5,34.0,25.0,46.5,50.0,75.0,-298.0,73.0,95.0
2026-09-20T03:49:08,nfl,nfl_20260924_atlanta_falcons_green_bay_packers,20260924NFL00053,DK,draftkings,change,16,2026-09-19T17:10:00,Sep 19,5:10 PM ET,10h ago,away,Atlanta Falcons,6.5,67.0,76.0,46.5,50.0,25.0,240.0,27.0,5.0
2026-09-20T03:49:08,nfl,nfl_20260924_atlanta_falcons_green_bay_packers,20260924NFL00053,DK,draftkings,change,16,2026-09-19T17:10:00,Sep 19,5:10 PM ET,10h ago,home,Green Bay Packers,-6.5,33.0,24.0,46.5,50.0,75.0,-298.0,73.0,95.0
2026-09-20T03:49:08,nfl,nfl_20260924_atlanta_falcons_green_bay_packers,20260924NFL00053,DK,draftkings,change,17,2026-09-19T16:45:00,Sep 19,4:45 PM ET,11h ago,away,Atlanta Falcons,6.5,67.0,76.0,46.5,50.0,25.0,240.0,28.0,5.0
2026-09-20T03:49:08,nfl,nfl_20260924_atlanta_falcons_green_bay_packers,20260924NFL00053,DK,draftkings,change,17,2026-09-19T16:45:00,Sep 19,4:45 PM ET,11h ago,home,Green Bay Packers,-6.5,33.0,24.0,46.5,50.0,75.0,-298.0,72.0,95.0
2026-09-20T03:49:08,nfl,nfl_20260924_atlanta_falcons_green_bay_packers,20260924NFL00053,DK,draftkings,change,18,2026-09-19T16:20:00,Sep 19,4:20 PM ET,11h ago,away,Atlanta Falcons,6.5,67.0,77.0,46.5,50.0,25.0,240.0,28.0,5.0
2026-09-20T03:49:08,nfl,nfl_20260924_atlanta_falcons_green_bay_packers,20260924NFL00053,DK,draftkings,change,18,2026-09-19T16:20:00,Sep 19,4:20 PM ET,11h ago,home,Green Bay Packers,-6.5,33.0,23.0,46.5,50.0,75.0,-298.0,72.0,95.0
2026-09-20T03:49:08,nfl,nfl_20260924_atlanta_falcons_green_bay_packers,20260924NFL00053,DK,draftkings,change,19,2026-09-19T15:05:00,Sep 19,3:05 PM ET,12h ago,away,Atlanta Falcons,6.5,67.0,78.0,46.5,50.0,25.0,240.0,28.0,5.0
2026-09-20T03:49:08,nfl,nfl_20260924_atlanta_falcons_green_bay_packers,20260924NFL00053,DK,draftkings,change,19,2026-09-19T15:05:00,Sep 19,3:05 PM ET,12h ago,home,Green Bay Packers,-6.5,33.0,22.0,46.5,50.0,75.0,-298.0,72.0,95.0
2026-09-20T03:49:08,nfl,nfl_20260924_atlanta_falcons_green_bay_packers,20260924NFL00053,DK,draftkings,change,20,2026-09-19T14:30:00,Sep 19,2:30 PM ET,13h ago,away,Atlanta Falcons,6.5,67.0,78.0,46.5,50.0,27.0,240.0,28.0,5.0
2026-09-20T03:49:08,nfl,nfl_20260924_atlanta_falcons_green_bay_packers,20260924NFL00053,DK,draftkings,change,20,2026-09-19T14:30:00,Sep 19,2:30 PM ET,13h ago,home,Green Bay Packers,-6.5,33.0,22.0,46.5,50.0,73.0,-298.0,72.0,95.0
2026-09-20T03:49:08,nfl,nfl_20260924_atlanta_falcons_green_bay_packers,20260924NFL00053,DK,draftkings,change,21,2026-09-19T14:05:00,Sep 19,2:05 PM ET,13h ago,away,Atlanta Falcons,6.5,67.0,79.0,46.5,50.0,27.0,240.0,28.0,5.0
2026-09-20T03:49:08,nfl,nfl_20260924_atlanta_falcons_green_bay_packers,20260924NFL00053,DK,draftkings,change,21,2026-09-19T14:05:00,Sep 19,2:05 PM ET,13h ago,home,Green Bay Packers,-6.5,33.0,21.0,46.5,50.0,73.0,-298.0,72.0,95.0
2026-09-20T03:49:08,nfl,nfl_20260924_atlanta_falcons_green_bay_packers,20260924NFL00053,DK,draftkings,change,22,2026-09-19T13:50:00,Sep 19,1:50 PM ET,13h ago,away,Atlanta Falcons,6.5,67.0,79.0,46.5,50.0,27.0,240.0,28.0,6.0
2026-09-20T03:49:08,nfl,nfl_20260924_atlanta_falcons_green_bay_packers,20260924NFL00053,DK,draftkings,change,22,2026-09-19T13:50:00,Sep 19,1:50 PM ET,13h ago,home,Green Bay Packers,-6.5,33.0,21.0,46.5,50.0,73.0,-298.0,72.0,94.0
2026-09-20T03:49:08,nfl,nfl_20260924_atlanta_falcons_green_bay_packers,20260924NFL00053,DK,draftkings,change,23,2026-09-19T12:05:00,Sep 19,12:05 PM ET,15h ago,away,Atlanta Falcons,6.5,68.0,79.0,46.5,50.0,27.0,240.0,28.0,6.0
2026-09-20T03:49:08,nfl,nfl_20260924_atlanta_falcons_green_bay_packers,20260924NFL00053,DK,draftkings,change,23,2026-09-19T12:05:00,Sep 19,12:05 PM ET,15h ago,home,Green Bay Packers,-6.5,32.0,21.0,46.5,50.0,73.0,-298.0,72.0,94.0
2026-09-20T03:49:08,nfl,nfl_20260924_atlanta_falcons_green_bay_packers,20260924NFL00053,DK,draftkings,change,24,2026-09-19T11:45:00,Sep 19,11:45 AM ET,16h ago,away,Atlanta Falcons,6.5,68.0,79.0,46.5,50.0,29.0,240.0,28.0,6.0
2026-09-20T03:49:08,nfl,nfl_20260924_atlanta_falcons_green_bay_packers,20260924NFL00053,DK,draftkings,change,24,2026-09-19T11:45:00,Sep 19,11:45 AM ET,16h ago,home,Green Bay Packers,-6.5,32.0,21.0,46.5,50.0,71.0,-298.0,72.0,94.0
2026-09-20T03:49:08,nfl,nfl_20260924_atlanta_falcons_green_bay_packers,20260924NFL00053,DK,draftkings,change,25,2026-09-19T10:25:00,Sep 19,10:25 AM ET,17h ago,away,Atlanta Falcons,6.5,68.0,80.0,46.5,50.0,29.0,240.0,28.0,6.0
2026-09-20T03:49:08,nfl,nfl_20260924_atlanta_falcons_green_bay_packers,20260924NFL00053,DK,draftkings,change,25,2026-09-19T10:25:00,Sep 19,10:25 AM ET,17h ago,home,Green Bay Packers,-6.5,32.0,20.0,46.5,50.0,71.0,-298.0,72.0,94.0
2026-09-20T03:49:08,nfl,nfl_20260924_atlanta_falcons_green_bay_packers,20260924NFL00053,DK,draftkings,change,26,2026-09-19T10:00:00,Sep 19,10:00 AM ET,17h ago,away,Atlanta Falcons,6.5,68.0,80.0,46.5,50.0,29.0,240.0,29.0,6.0
2026-09-20T03:49:08,nfl,nfl_20260924_atlanta_falcons_green_bay_packers,20260924NFL00053,DK,draftkings,change,26,2026-09-19T10:00:00,Sep 19,10:00 AM ET,17h ago,home,Green Bay Packers,-6.5,32.0,20.0,46.5,50.0,71.0,-298.0,71.0,94.0
2026-09-20T03:49:08,nfl,nfl_20260924_atlanta_falcons_green_bay_packers,20260924NFL00053,DK,draftkings,change,27,2026-09-19T09:50:00,Sep 19,9:50 AM ET,17h ago,away,Atlanta Falcons,6.5,68.0,80.0,46.5,50.0,29.0,240.0,30.0,6.0
2026-09-20T03:49:08,nfl,nfl_20260924_atlanta_falcons_green_bay_packers,20260924NFL00053,DK,draftkings,change,27,2026-09-19T09:50:00,Sep 19,9:50 AM ET,17h ago,home,Green Bay Packers,-6.5,32.0,20.0,46.5,50.0,71.0,-298.0,70.0,94.0
2026-09-20T03:49:11,nfl,nfl_20260927_los_angeles_chargers_buffalo_bills,20260927NFL00031,DK,draftkings,open,1,2026-05-14T21:20:00,May 14,9:20 PM ET,128d ago,away,Los Angeles Chargers,2.5,0.0,0.0,,0.0,0.0,,0.0,0.0
2026-09-20T03:49:11,nfl,nfl_20260927_los_angeles_chargers_buffalo_bills,20260927NFL00031,DK,draftkings,open,1,2026-05-14T21:20:00,May 14,9:20 PM ET,128d ago,home,Buffalo Bills,-2.5,100.0,100.0,,0.0,0.0,,0.0,0.0
2026-09-20T03:49:11,nfl,nfl_20260927_los_angeles_chargers_buffalo_bills,20260927NFL00031,DK,draftkings,first_full,2,2026-09-16T11:20:00,Sep 16,11:20 AM ET,3d ago,away,Los Angeles Chargers,4.5,1.0,77.0,49.5,100.0,100.0,180.0,20.0,9.0
2026-09-20T03:49:11,nfl,nfl_20260927_los_angeles_chargers_buffalo_bills,20260927NFL00031,DK,draftkings,first_full,2,2026-09-16T11:20:00,Sep 16,11:20 AM ET,3d ago,home,Buffalo Bills,-4.5,99.0,23.0,49.5,0.0,0.0,-218.0,80.0,91.0
2026-09-20T03:49:11,nfl,nfl_20260927_los_angeles_chargers_buffalo_bills,20260927NFL00031,DK,draftkings,change,3,2026-09-17T19:30:00,Sep 17,7:30 PM ET,2d ago,away,Los Angeles Chargers,4.5,1.0,68.0,49.5,100.0,100.0,185.0,20.0,9.0
2026-09-20T03:49:11,nfl,nfl_20260927_los_angeles_chargers_buffalo_bills,20260927NFL00031,DK,draftkings,change,3,2026-09-17T19:30:00,Sep 17,7:30 PM ET,2d ago,home,Buffalo Bills,-4.5,99.0,32.0,49.5,0.0,0.0,-225.0,80.0,91.0
2026-09-20T03:49:11,nfl,nfl_20260927_los_angeles_chargers_buffalo_bills,20260927NFL00031,DK,draftkings,change,4,2026-09-17T19:20:00,Sep 17,7:20 PM ET,2d ago,away,Los Angeles Chargers,4.5,1.0,69.0,49.5,100.0,100.0,185.0,20.0,9.0
2026-09-20T03:49:11,nfl,nfl_20260927_los_angeles_chargers_buffalo_bills,20260927NFL00031,DK,draftkings,change,4,2026-09-17T19:20:00,Sep 17,7:20 PM ET,2d ago,home,Buffalo Bills,-4.5,99.0,31.0,49.5,0.0,0.0,-225.0,80.0,91.0
2026-09-20T03:49:11,nfl,nfl_20260927_los_angeles_chargers_buffalo_bills,20260927NFL00031,DK,draftkings,change,5,2026-09-17T18:50:00,Sep 17,6:50 PM ET,2d ago,away,Los Angeles Chargers,4.5,1.0,69.0,49.5,100.0,100.0,185.0,21.0,9.0
2026-09-20T03:49:11,nfl,nfl_20260927_los_angeles_chargers_buffalo_bills,20260927NFL00031,DK,draftkings,change,5,2026-09-17T18:50:00,Sep 17,6:50 PM ET,2d ago,home,Buffalo Bills,-4.5,99.0,31.0,49.5,0.0,0.0,-225.0,79.0,91.0
2026-09-20T03:49:11,nfl,nfl_20260927_los_angeles_chargers_buffalo_bills,20260927NFL00031,DK,draftkings,change,6,2026-09-17T18:05:00,Sep 17,6:05 PM ET,2d ago,away,Los Angeles Chargers,4.5,1.0,70.0,49.5,100.0,100.0,185.0,21.0,9.0
2026-09-20T03:49:11,nfl,nfl_20260927_los_angeles_chargers_buffalo_bills,20260927NFL00031,DK,draftkings,change,6,2026-09-17T18:05:00,Sep 17,6:05 PM ET,2d ago,home,Buffalo Bills,-4.5,99.0,30.0,49.5,0.0,0.0,-225.0,79.0,91.0
2026-09-20T03:49:11,nfl,nfl_20260927_los_angeles_chargers_buffalo_bills,20260927NFL00031,DK,draftkings,change,7,2026-09-17T17:10:00,Sep 17,5:10 PM ET,2d ago,away,Los Angeles Chargers,4.5,1.0,70.0,49.5,100.0,100.0,185.0,15.0,8.0
2026-09-20T03:49:11,nfl,nfl_20260927_los_angeles_chargers_buffalo_bills,20260927NFL00031,DK,draftkings,change,7,2026-09-17T17:10:00,Sep 17,5:10 PM ET,2d ago,home,Buffalo Bills,-4.5,99.0,30.0,49.5,0.0,0.0,-225.0,85.0,92.0
2026-09-20T03:49:11,nfl,nfl_20260927_los_angeles_chargers_buffalo_bills,20260927NFL00031,DK,draftkings,change,8,2026-09-17T16:15:00,Sep 17,4:15 PM ET,2d ago,away,Los Angeles Chargers,4.5,1.0,70.0,49.5,100.0,100.0,185.0,16.0,8.0
2026-09-20T03:49:11,nfl,nfl_20260927_los_angeles_chargers_buffalo_bills,20260927NFL00031,DK,draftkings,change,8,2026-09-17T16:15:00,Sep 17,4:15 PM ET,2d ago,home,Buffalo Bills,-4.5,99.0,30.0,49.5,0.0,0.0,-225.0,84.0,92.0
2026-09-20T03:49:11,nfl,nfl_20260927_los_angeles_chargers_buffalo_bills,20260927NFL00031,DK,draftkings,change,9,2026-09-17T13:30:00,Sep 17,1:30 PM ET,2d ago,away,Los Angeles Chargers,4.5,1.0,71.0,49.5,100.0,100.0,185.0,16.0,8.0
2026-09-20T03:49:11,nfl,nfl_20260927_los_angeles_chargers_buffalo_bills,20260927NFL00031,DK,draftkings,change,9,2026-09-17T13:30:00,Sep 17,1:30 PM ET,2d ago,home,Buffalo Bills,-4.5,99.0,29.0,49.5,0.0,0.0,-225.0,84.0,92.0
2026-09-20T03:49:11,nfl,nfl_20260927_los_angeles_chargers_buffalo_bills,20260927NFL00031,DK,draftkings,change,10,2026-09-17T12:25:00,Sep 17,12:25 PM ET,2d ago,away,Los Angeles Chargers,4.5,1.0,72.0,49.5,100.0,100.0,185.0,16.0,8.0
2026-09-20T03:49:11,nfl,nfl_20260927_los_angeles_chargers_buffalo_bills,20260927NFL00031,DK,draftkings,change,10,2026-09-17T12:25:00,Sep 17,12:25 PM ET,2d ago,home,Buffalo Bills,-4.5,99.0,28.0,49.5,0.0,0.0,-225.0,84.0,92.0
2026-09-20T03:49:11,nfl,nfl_20260927_los_angeles_chargers_buffalo_bills,20260927NFL00031,DK,draftkings,change,11,2026-09-17T01:20:00,Sep 17,1:20 AM ET,3d ago,away,Los Angeles Chargers,4.5,1.0,72.0,49.5,100.0,100.0,185.0,16.0,9.0
2026-09-20T03:49:11,nfl,nfl_20260927_los_angeles_chargers_buffalo_bills,20260927NFL00031,DK,draftkings,change,11,2026-09-17T01:20:00,Sep 17,1:20 AM ET,3d ago,home,Buffalo Bills,-4.5,99.0,28.0,49.5,0.0,0.0,-225.0,84.0,91.0
2026-09-20T03:49:11,nfl,nfl_20260927_los_angeles_chargers_buffalo_bills,20260927NFL00031,DK,draftkings,change,12,2026-09-16T22:50:00,Sep 16,10:50 PM ET,3d ago,away,Los Angeles Chargers,4.5,1.0,72.0,49.5,100.0,100.0,185.0,20.0,9.0
2026-09-20T03:49:11,nfl,nfl_20260927_los_angeles_chargers_buffalo_bills,20260927NFL00031,DK,draftkings,change,12,2026-09-16T22:50:00,Sep 16,10:50 PM ET,3d ago,home,Buffalo Bills,-4.5,99.0,28.0,49.5,0.0,0.0,-225.0,80.0,91.0
2026-09-20T03:49:11,nfl,nfl_20260927_los_angeles_chargers_buffalo_bills,20260927NFL00031,DK,draftkings,change,13,2026-09-16T22:40:00,Sep 16,10:40 PM ET,3d ago,away,Los Angeles Chargers,4.5,1.0,72.0,49.5,100.0,100.0,185.0,20.0,8.0
2026-09-20T03:49:11,nfl,nfl_20260927_los_angeles_chargers_buffalo_bills,20260927NFL00031,DK,draftkings,change,13,2026-09-16T22:40:00,Sep 16,10:40 PM ET,3d ago,home,Buffalo Bills,-4.5,99.0,28.0,49.5,0.0,0.0,-225.0,80.0,92.0
2026-09-20T03:49:11,nfl,nfl_20260927_los_angeles_chargers_buffalo_bills,20260927NFL00031,DK,draftkings,change,14,2026-09-16T21:00:00,Sep 16,9:00 PM ET,3d ago,away,Los Angeles Chargers,4.5,1.0,73.0,49.5,100.0,100.0,185.0,20.0,8.0
2026-09-20T03:49:11,nfl,nfl_20260927_los_angeles_chargers_buffalo_bills,20260927NFL00031,DK,draftkings,change,14,2026-09-16T21:00:00,Sep 16,9:00 PM ET,3d ago,home,Buffalo Bills,-4.5,99.0,27.0,49.5,0.0,0.0,-225.0,80.0,92.0
2026-09-20T03:49:11,nfl,nfl_20260927_los_angeles_chargers_buffalo_bills,20260927NFL00031,DK,draftkings,change,15,2026-09-16T20:50:00,Sep 16,8:50 PM ET,3d ago,away,Los Angeles Chargers,4.5,1.0,73.0,49.5,100.0,100.0,185.0,20.0,9.0
2026-09-20T03:49:11,nfl,nfl_20260927_los_angeles_chargers_buffalo_bills,20260927NFL00031,DK,draftkings,change,15,2026-09-16T20:50:00,Sep 16,8:50 PM ET,3d ago,home,Buffalo Bills,-4.5,99.0,27.0,49.5,0.0,0.0,-225.0,80.0,91.0
2026-09-20T03:49:11,nfl,nfl_20260927_los_angeles_chargers_buffalo_bills,20260927NFL00031,DK,draftkings,change,16,2026-09-16T18:30:00,Sep 16,6:30 PM ET,3d ago,away,Los Angeles Chargers,4.5,1.0,74.0,49.5,100.0,100.0,185.0,20.0,9.0
2026-09-20T03:49:11,nfl,nfl_20260927_los_angeles_chargers_buffalo_bills,20260927NFL00031,DK,draftkings,change,16,2026-09-16T18:30:00,Sep 16,6:30 PM ET,3d ago,home,Buffalo Bills,-4.5,99.0,26.0,49.5,0.0,0.0,-225.0,80.0,91.0
2026-09-20T03:49:11,nfl,nfl_20260927_los_angeles_chargers_buffalo_bills,20260927NFL00031,DK,draftkings,change,17,2026-09-16T13:00:00,Sep 16,1:00 PM ET,3d ago,away,Los Angeles Chargers,4.5,1.0,75.0,49.5,100.0,100.0,185.0,20.0,9.0
2026-09-20T03:49:11,nfl,nfl_20260927_los_angeles_chargers_buffalo_bills,20260927NFL00031,DK,draftkings,change,17,2026-09-16T13:00:00,Sep 16,1:00 PM ET,3d ago,home,Buffalo Bills,-4.5,99.0,25.0,49.5,0.0,0.0,-225.0,80.0,91.0
2026-09-20T03:49:11,nfl,nfl_20260927_los_angeles_chargers_buffalo_bills,20260927NFL00031,DK,draftkings,change,18,2026-09-16T11:55:00,Sep 16,11:55 AM ET,3d ago,away,Los Angeles Chargers,4.5,1.0,76.0,49.5,100.0,100.0,185.0,20.0,9.0
2026-09-20T03:49:11,nfl,nfl_20260927_los_angeles_chargers_buffalo_bills,20260927NFL00031,DK,draftkings,change,18,2026-09-16T11:55:00,Sep 16,11:55 AM ET,3d ago,home,Buffalo Bills,-4.5,99.0,24.0,49.5,0.0,0.0,-225.0,80.0,91.0
2026-09-20T03:49:11,nfl,nfl_20260927_los_angeles_chargers_buffalo_bills,20260927NFL00031,DK,draftkings,change,19,2026-09-16T11:20:00,Sep 16,11:20 AM ET,3d ago,away,Los Angeles Chargers,4.5,1.0,77.0,49.5,100.0,100.0,180.0,20.0,9.0
2026-09-20T03:49:11,nfl,nfl_20260927_los_angeles_chargers_buffalo_bills,20260927NFL00031,DK,draftkings,change,19,2026-09-16T11:20:00,Sep 16,11:20 AM ET,3d ago,home,Buffalo Bills,-4.5,99.0,23.0,49.5,0.0,0.0,-218.0,80.0,91.0
2026-09-20T03:49:11,nfl,nfl_20260927_los_angeles_chargers_buffalo_bills,20260927NFL00031,DK,draftkings,change,20,2026-09-16T11:10:00,Sep 16,11:10 AM ET,3d ago,away,Los Angeles Chargers,4.5,0.0,77.0,49.5,100.0,100.0,180.0,20.0,9.0
2026-09-20T03:49:11,nfl,nfl_20260927_los_angeles_chargers_buffalo_bills,20260927NFL00031,DK,draftkings,change,20,2026-09-16T11:10:00,Sep 16,11:10 AM ET,3d ago,home,Buffalo Bills,-4.5,100.0,23.0,49.5,0.0,0.0,-218.0,80.0,91.0
2026-09-20T03:49:11,nfl,nfl_20260927_los_angeles_chargers_buffalo_bills,20260927NFL00031,DK,draftkings,change,21,2026-09-16T11:00:00,Sep 16,11:00 AM ET,3d ago,away,Los Angeles Chargers,4.5,0.0,77.0,49.5,100.0,100.0,180.0,17.0,8.0
2026-09-20T03:49:11,nfl,nfl_20260927_los_angeles_chargers_buffalo_bills,20260927NFL00031,DK,draftkings,change,21,2026-09-16T11:00:00,Sep 16,11:00 AM ET,3d ago,home,Buffalo Bills,-4.5,100.0,23.0,49.5,0.0,0.0,-218.0,83.0,92.0
2026-09-20T03:49:11,nfl,nfl_20260927_los_angeles_chargers_buffalo_bills,20260927NFL00031,DK,draftkings,change,22,2026-09-16T08:35:00,Sep 16,8:35 AM ET,3d ago,away,Los Angeles Chargers,4.5,0.0,77.0,49.5,100.0,100.0,180.0,17.0,9.0
2026-09-20T03:49:11,nfl,nfl_20260927_los_angeles_chargers_buffalo_bills,20260927NFL00031,DK,draftkings,change,22,2026-09-16T08:35:00,Sep 16,8:35 AM ET,3d ago,home,Buffalo Bills,-4.5,100.0,23.0,49.5,0.0,0.0,-218.0,83.0,91.0
2026-09-20T03:49:11,nfl,nfl_20260927_los_angeles_chargers_buffalo_bills,20260927NFL00031,DK,draftkings,change,23,2026-09-16T04:10:00,Sep 16,4:10 AM ET,3d ago,away,Los Angeles Chargers,4.5,0.0,77.0,49.5,100.0,100.0,180.0,18.0,9.0
2026-09-20T03:49:11,nfl,nfl_20260927_los_angeles_chargers_buffalo_bills,20260927NFL00031,DK,draftkings,change,23,2026-09-16T04:10:00,Sep 16,4:10 AM ET,3d ago,home,Buffalo Bills,-4.5,100.0,23.0,49.5,0.0,0.0,-218.0,82.0,91.0
2026-09-20T03:49:11,nfl,nfl_20260927_los_angeles_chargers_buffalo_bills,20260927NFL00031,DK,draftkings,change,24,2026-09-16T00:45:00,Sep 16,12:45 AM ET,4d ago,away,Los Angeles Chargers,4.5,0.0,77.0,49.5,100.0,100.0,180.0,19.0,9.0
2026-09-20T03:49:11,nfl,nfl_20260927_los_angeles_chargers_buffalo_bills,20260927NFL00031,DK,draftkings,change,24,2026-09-16T00:45:00,Sep 16,12:45 AM ET,4d ago,home,Buffalo Bills,-4.5,100.0,23.0,49.5,0.0,0.0,-218.0,81.0,91.0
2026-09-20T03:49:11,nfl,nfl_20260927_los_angeles_chargers_buffalo_bills,20260927NFL00031,DK,draftkings,change,25,2026-09-15T23:00:00,Sep 15,11:00 PM ET,4d ago,away,Los Angeles Chargers,4.5,0.0,78.0,49.5,100.0,100.0,180.0,19.0,9.0
2026-09-20T03:49:11,nfl,nfl_20260927_los_angeles_chargers_buffalo_bills,20260927NFL00031,DK,draftkings,change,25,2026-09-15T23:00:00,Sep 15,11:00 PM ET,4d ago,home,Buffalo Bills,-4.5,100.0,22.0,49.5,0.0,0.0,-218.0,81.0,91.0
2026-09-20T03:49:11,nfl,nfl_20260927_los_angeles_chargers_buffalo_bills,20260927NFL00031,DK,draftkings,change,26,2026-09-15T19:50:00,Sep 15,7:50 PM ET,4d ago,away,Los Angeles Chargers,4.5,0.0,79.0,49.5,100.0,100.0,180.0,19.0,9.0
2026-09-20T03:49:11,nfl,nfl_20260927_los_angeles_chargers_buffalo_bills,20260927NFL00031,DK,draftkings,change,26,2026-09-15T19:50:00,Sep 15,7:50 PM ET,4d ago,home,Buffalo Bills,-4.5,100.0,21.0,49.5,0.0,0.0,-218.0,81.0,91.0
2026-09-20T03:49:11,nfl,nfl_20260927_los_angeles_chargers_buffalo_bills,20260927NFL00031,DK,draftkings,change,27,2026-09-13T12:30:00,Sep 13,12:30 PM ET,6d ago,away,Los Angeles Chargers,3.0,0.0,79.0,48.5,100.0,100.0,136.0,19.0,10.0
2026-09-20T03:49:11,nfl,nfl_20260927_los_angeles_chargers_buffalo_bills,20260927NFL00031,DK,draftkings,change,27,2026-09-13T12:30:00,Sep 13,12:30 PM ET,6d ago,home,Buffalo Bills,-3.0,100.0,21.0,48.5,0.0,0.0,-162.0,81.0,90.0
2026-09-20T03:49:13,nfl,nfl_20260927_kansas_city_chiefs_miami_dolphins,20260927NFL00032,DK,draftkings,open,1,2026-05-14T22:05:00,May 14,10:05 PM ET,128d ago,away,Kansas City Chiefs,,0.0,0.0,,0.0,0.0,-340.0,100.0,100.0
2026-09-20T03:49:13,nfl,nfl_20260927_kansas_city_chiefs_miami_dolphins,20260927NFL00032,DK,draftkings,open,1,2026-05-14T22:05:00,May 14,10:05 PM ET,128d ago,home,Miami Dolphins,,0.0,0.0,,0.0,0.0,270.0,0.0,0.0
2026-09-20T03:49:13,nfl,nfl_20260927_kansas_city_chiefs_miami_dolphins,20260927NFL00032,DK,draftkings,first_full,2,2026-05-18T14:25:00,May 18,2:25 PM ET,124d ago,away,Kansas City Chiefs,-7.0,100.0,86.0,44.5,10.0,50.0,-340.0,54.0,91.0
2026-09-20T03:49:13,nfl,nfl_20260927_kansas_city_chiefs_miami_dolphins,20260927NFL00032,DK,draftkings,first_full,2,2026-05-18T14:25:00,May 18,2:25 PM ET,124d ago,home,Miami Dolphins,7.0,0.0,14.0,44.5,90.0,50.0,270.0,46.0,9.0
2026-09-20T03:49:13,nfl,nfl_20260927_kansas_city_chiefs_miami_dolphins,20260927NFL00032,DK,draftkings,change,3,2026-09-20T01:45:00,Sep 20,1:45 AM ET,2h ago,away,Kansas City Chiefs,-8.5,98.0,94.0,44.5,42.0,60.0,-455.0,96.0,97.0
2026-09-20T03:49:13,nfl,nfl_20260927_kansas_city_chiefs_miami_dolphins,20260927NFL00032,DK,draftkings,change,3,2026-09-20T01:45:00,Sep 20,1:45 AM ET,2h ago,home,Miami Dolphins,8.5,2.0,6.0,44.5,58.0,40.0,350.0,4.0,3.0
2026-09-20T03:49:13,nfl,nfl_20260927_kansas_city_chiefs_miami_dolphins,20260927NFL00032,DK,draftkings,change,4,2026-09-19T22:40:00,Sep 19,10:40 PM ET,5h ago,away,Kansas City Chiefs,-8.5,98.0,97.0,44.5,42.0,60.0,-455.0,96.0,97.0
2026-09-20T03:49:13,nfl,nfl_20260927_kansas_city_chiefs_miami_dolphins,20260927NFL00032,DK,draftkings,change,4,2026-09-19T22:40:00,Sep 19,10:40 PM ET,5h ago,home,Miami Dolphins,8.5,2.0,3.0,44.5,58.0,40.0,350.0,4.0,3.0
2026-09-20T03:49:13,nfl,nfl_20260927_kansas_city_chiefs_miami_dolphins,20260927NFL00032,DK,draftkings,change,5,2026-09-19T22:25:00,Sep 19,10:25 PM ET,5h ago,away,Kansas City Chiefs,-8.5,100.0,98.0,44.5,42.0,60.0,-455.0,96.0,97.0
2026-09-20T03:49:13,nfl,nfl_20260927_kansas_city_chiefs_miami_dolphins,20260927NFL00032,DK,draftkings,change,5,2026-09-19T22:25:00,Sep 19,10:25 PM ET,5h ago,home,Miami Dolphins,8.5,0.0,2.0,44.5,58.0,40.0,350.0,4.0,3.0
2026-09-20T03:49:13,nfl,nfl_20260927_kansas_city_chiefs_miami_dolphins,20260927NFL00032,DK,draftkings,change,6,2026-09-19T19:20:00,Sep 19,7:20 PM ET,8h ago,away,Kansas City Chiefs,-8.5,100.0,98.0,44.5,41.0,50.0,-455.0,96.0,97.0
2026-09-20T03:49:13,nfl,nfl_20260927_kansas_city_chiefs_miami_dolphins,20260927NFL00032,DK,draftkings,change,6,2026-09-19T19:20:00,Sep 19,7:20 PM ET,8h ago,home,Miami Dolphins,8.5,0.0,2.0,44.5,59.0,50.0,350.0,4.0,3.0
2026-09-20T03:49:13,nfl,nfl_20260927_kansas_city_chiefs_miami_dolphins,20260927NFL00032,DK,draftkings,change,7,2026-09-19T18:50:00,Sep 19,6:50 PM ET,8h ago,away,Kansas City Chiefs,-8.5,100.0,98.0,44.5,41.0,33.0,-455.0,96.0,97.0
2026-09-20T03:49:13,nfl,nfl_20260927_kansas_city_chiefs_miami_dolphins,20260927NFL00032,DK,draftkings,change,7,2026-09-19T18:50:00,Sep 19,6:50 PM ET,8h ago,home,Miami Dolphins,8.5,0.0,2.0,44.5,59.0,67.0,350.0,4.0,3.0
2026-09-20T03:49:13,nfl,nfl_20260927_kansas_city_chiefs_miami_dolphins,20260927NFL00032,DK,draftkings,change,8,2026-09-19T17:10:00,Sep 19,5:10 PM ET,10h ago,away,Kansas City Chiefs,-8.5,100.0,100.0,44.5,41.0,33.0,-455.0,97.0,98.0
2026-09-20T03:49:13,nfl,nfl_20260927_kansas_city_chiefs_miami_dolphins,20260927NFL00032,DK,draftkings,change,8,2026-09-19T17:10:00,Sep 19,5:10 PM ET,10h ago,home,Miami Dolphins,8.5,0.0,0.0,44.5,59.0,67.0,350.0,3.0,2.0
2026-09-20T03:49:13,nfl,nfl_20260927_kansas_city_chiefs_miami_dolphins,20260927NFL00032,DK,draftkings,change,9,2026-09-19T15:05:00,Sep 19,3:05 PM ET,12h ago,away,Kansas City Chiefs,-8.5,100.0,100.0,44.5,41.0,33.0,-455.0,97.0,98.0
2026-09-20T03:49:13,nfl,nfl_20260927_kansas_city_chiefs_miami_dolphins,20260927NFL00032,DK,draftkings,change,9,2026-09-19T15:05:00,Sep 19,3:05 PM ET,12h ago,home,Miami Dolphins,8.5,0.0,0.0,44.5,59.0,67.0,350.0,3.0,3.0
2026-09-20T03:49:13,nfl,nfl_20260927_kansas_city_chiefs_miami_dolphins,20260927NFL00032,DK,draftkings,change,10,2026-09-19T11:00:00,Sep 19,11:00 AM ET,16h ago,away,Kansas City Chiefs,-8.5,100.0,100.0,44.5,41.0,33.0,-455.0,97.0,97.0
2026-09-20T03:49:13,nfl,nfl_20260927_kansas_city_chiefs_miami_dolphins,20260927NFL00032,DK,draftkings,change,10,2026-09-19T11:00:00,Sep 19,11:00 AM ET,16h ago,home,Miami Dolphins,8.5,0.0,0.0,44.5,59.0,67.0,350.0,3.0,3.0
2026-09-20T03:49:13,nfl,nfl_20260927_kansas_city_chiefs_miami_dolphins,20260927NFL00032,DK,draftkings,change,11,2026-09-19T09:35:00,Sep 19,9:35 AM ET,18h ago,away,Kansas City Chiefs,-8.5,100.0,100.0,44.5,56.0,50.0,-455.0,97.0,97.0
2026-09-20T03:49:13,nfl,nfl_20260927_kansas_city_chiefs_miami_dolphins,20260927NFL00032,DK,draftkings,change,11,2026-09-19T09:35:00,Sep 19,9:35 AM ET,18h ago,home,Miami Dolphins,8.5,0.0,0.0,44.5,44.0,50.0,350.0,3.0,3.0
2026-09-20T03:49:13,nfl,nfl_20260927_kansas_city_chiefs_miami_dolphins,20260927NFL00032,DK,draftkings,change,12,2026-09-18T18:10:00,Sep 18,6:10 PM ET,1d ago,away,Kansas City Chiefs,-8.5,100.0,100.0,44.5,56.0,50.0,-455.0,97.0,98.0
2026-09-20T03:49:13,nfl,nfl_20260927_kansas_city_chiefs_miami_dolphins,20260927NFL00032,DK,draftkings,change,12,2026-09-18T18:10:00,Sep 18,6:10 PM ET,1d ago,home,Miami Dolphins,8.5,0.0,0.0,44.5,44.0,50.0,350.0,3.0,2.0
2026-09-20T03:49:13,nfl,nfl_20260927_kansas_city_chiefs_miami_dolphins,20260927NFL00032,DK,draftkings,change,13,2026-09-18T12:20:00,Sep 18,12:20 PM ET,1d ago,away,Kansas City Chiefs,-8.5,100.0,100.0,44.5,56.0,50.0,-455.0,96.0,97.0
2026-09-20T03:49:13,nfl,nfl_20260927_kansas_city_chiefs_miami_dolphins,20260927NFL00032,DK,draftkings,change,13,2026-09-18T12:20:00,Sep 18,12:20 PM ET,1d ago,home,Miami Dolphins,8.5,0.0,0.0,44.5,44.0,50.0,350.0,4.0,3.0
2026-09-20T03:49:13,nfl,nfl_20260927_kansas_city_chiefs_miami_dolphins,20260927NFL00032,DK,draftkings,change,14,2026-09-18T03:55:00,Sep 18,3:55 AM ET,1d ago,away,Kansas City Chiefs,-8.5,100.0,100.0,44.5,56.0,50.0,-455.0,96.0,98.0
2026-09-20T03:49:13,nfl,nfl_20260927_kansas_city_chiefs_miami_dolphins,20260927NFL00032,DK,draftkings,change,14,2026-09-18T03:55:00,Sep 18,3:55 AM ET,1d ago,home,Miami Dolphins,8.5,0.0,0.0,44.5,44.0,50.0,350.0,4.0,2.0
2026-09-20T03:49:13,nfl,nfl_20260927_kansas_city_chiefs_miami_dolphins,20260927NFL00032,DK,draftkings,change,15,2026-09-18T03:50:00,Sep 18,3:50 AM ET,1d ago,away,Kansas City Chiefs,-8.5,100.0,100.0,44.5,56.0,50.0,-455.0,96.0,98.0
2026-09-20T03:49:13,nfl,nfl_20260927_kansas_city_chiefs_miami_dolphins,20260927NFL00032,DK,draftkings,change,15,2026-09-18T03:50:00,Sep 18,3:50 AM ET,1d ago,home,Miami Dolphins,8.5,0.0,0.0,44.5,44.0,50.0,350.0,4.0,3.0
2026-09-20T03:49:13,nfl,nfl_20260927_kansas_city_chiefs_miami_dolphins,20260927NFL00032,DK,draftkings,change,16,2026-09-18T01:15:00,Sep 18,1:15 AM ET,2d ago,away,Kansas City Chiefs,-8.5,100.0,100.0,44.5,56.0,50.0,-455.0,96.0,97.0
2026-09-20T03:49:13,nfl,nfl_20260927_kansas_city_chiefs_miami_dolphins,20260927NFL00032,DK,draftkings,change,16,2026-09-18T01:15:00,Sep 18,1:15 AM ET,2d ago,home,Miami Dolphins,8.5,0.0,0.0,44.5,44.0,50.0,350.0,4.0,3.0
2026-09-20T03:49:13,nfl,nfl_20260927_kansas_city_chiefs_miami_dolphins,20260927NFL00032,DK,draftkings,change,17,2026-09-18T00:40:00,Sep 18,12:40 AM ET,2d ago,away,Kansas City Chiefs,-8.5,100.0,100.0,44.5,56.0,50.0,-455.0,94.0,97.0
2026-09-20T03:49:13,nfl,nfl_20260927_kansas_city_chiefs_miami_dolphins,20260927NFL00032,DK,draftkings,change,17,2026-09-18T00:40:00,Sep 18,12:40 AM ET,2d ago,home,Miami Dolphins,8.5,0.0,0.0,44.5,44.0,50.0,350.0,6.0,3.0
2026-09-20T03:49:13,nfl,nfl_20260927_kansas_city_chiefs_miami_dolphins,20260927NFL00032,DK,draftkings,change,18,2026-09-18T00:30:00,Sep 18,12:30 AM ET,2d ago,away,Kansas City Chiefs,-8.5,100.0,100.0,44.5,56.0,50.0,-455.0,93.0,97.0
2026-09-20T03:49:13,nfl,nfl_20260927_kansas_city_chiefs_miami_dolphins,20260927NFL00032,DK,draftkings,change,18,2026-09-18T00:30:00,Sep 18,12:30 AM ET,2d ago,home,Miami Dolphins,8.5,0.0,0.0,44.5,44.0,50.0,350.0,7.0,3.0
2026-09-20T03:49:13,nfl,nfl_20260927_kansas_city_chiefs_miami_dolphins,20260927NFL00032,DK,draftkings,change,19,2026-09-17T07:00:00,Sep 17,7:00 AM ET,2d ago,away,Kansas City Chiefs,-8.5,100.0,100.0,44.5,56.0,50.0,-455.0,93.0,98.0
2026-09-20T03:49:13,nfl,nfl_20260927_kansas_city_chiefs_miami_dolphins,20260927NFL00032,DK,draftkings,change,19,2026-09-17T07:00:00,Sep 17,7:00 AM ET,2d ago,home,Miami Dolphins,8.5,0.0,0.0,44.5,44.0,50.0,350.0,7.0,2.0
2026-09-20T03:49:13,nfl,nfl_20260927_kansas_city_chiefs_miami_dolphins,20260927NFL00032,DK,draftkings,change,20,2026-09-17T03:55:00,Sep 17,3:55 AM ET,2d ago,away,Kansas City Chiefs,-8.5,100.0,100.0,44.5,56.0,50.0,-455.0,82.0,98.0
2026-09-20T03:49:13,nfl,nfl_20260927_kansas_city_chiefs_miami_dolphins,20260927NFL00032,DK,draftkings,change,20,2026-09-17T03:55:00,Sep 17,3:55 AM ET,2d ago,home,Miami Dolphins,8.5,0.0,0.0,44.5,44.0,50.0,350.0,18.0,2.0
2026-09-20T03:49:13,nfl,nfl_20260927_kansas_city_chiefs_miami_dolphins,20260927NFL00032,DK,draftkings,change,21,2026-09-17T01:20:00,Sep 17,1:20 AM ET,3d ago,away,Kansas City Chiefs,-8.5,100.0,100.0,44.5,56.0,50.0,-455.0,83.0,98.0
2026-09-20T03:49:13,nfl,nfl_20260927_kansas_city_chiefs_miami_dolphins,20260927NFL00032,DK,draftkings,change,21,2026-09-17T01:20:00,Sep 17,1:20 AM ET,3d ago,home,Miami Dolphins,8.5,0.0,0.0,44.5,44.0,50.0,350.0,17.0,2.0
2026-09-20T03:49:13,nfl,nfl_20260927_kansas_city_chiefs_miami_dolphins,20260927NFL00032,DK,draftkings,change,22,2026-09-16T03:10:00,Sep 16,3:10 AM ET,4d ago,away,Kansas City Chiefs,-8.5,100.0,100.0,44.5,56.0,50.0,-455.0,79.0,98.0
2026-09-20T03:49:13,nfl,nfl_20260927_kansas_city_chiefs_miami_dolphins,20260927NFL00032,DK,draftkings,change,22,2026-09-16T03:10:00,Sep 16,3:10 AM ET,4d ago,home,Miami Dolphins,8.5,0.0,0.0,44.5,44.0,50.0,350.0,21.0,2.0
2026-09-20T03:49:13,nfl,nfl_20260927_kansas_city_chiefs_miami_dolphins,20260927NFL00032,DK,draftkings,change,23,2026-09-15T23:40:00,Sep 15,11:40 PM ET,4d ago,away,Kansas City Chiefs,-8.5,100.0,100.0,44.5,56.0,50.0,-455.0,78.0,98.0
2026-09-20T03:49:13,nfl,nfl_20260927_kansas_city_chiefs_miami_dolphins,20260927NFL00032,DK,draftkings,change,23,2026-09-15T23:40:00,Sep 15,11:40 PM ET,4d ago,home,Miami Dolphins,8.5,0.0,0.0,44.5,44.0,50.0,350.0,22.0,2.0
2026-09-20T03:49:13,nfl,nfl_20260927_kansas_city_chiefs_miami_dolphins,20260927NFL00032,DK,draftkings,change,24,2026-09-15T21:35:00,Sep 15,9:35 PM ET,4d ago,away,Kansas City Chiefs,-8.5,100.0,100.0,44.5,100.0,100.0,-455.0,78.0,98.0
2026-09-20T03:49:13,nfl,nfl_20260927_kansas_city_chiefs_miami_dolphins,20260927NFL00032,DK,draftkings,change,24,2026-09-15T21:35:00,Sep 15,9:35 PM ET,4d ago,home,Miami Dolphins,8.5,0.0,0.0,44.5,0.0,0.0,350.0,22.0,2.0
2026-09-20T03:49:13,nfl,nfl_20260927_kansas_city_chiefs_miami_dolphins,20260927NFL00032,DK,draftkings,change,25,2026-09-15T20:30:00,Sep 15,8:30 PM ET,4d ago,away,Kansas City Chiefs,-8.5,100.0,100.0,44.5,100.0,100.0,-455.0,61.0,98.0
2026-09-20T03:49:13,nfl,nfl_20260927_kansas_city_chiefs_miami_dolphins,20260927NFL00032,DK,draftkings,change,25,2026-09-15T20:30:00,Sep 15,8:30 PM ET,4d ago,home,Miami Dolphins,8.5,0.0,0.0,44.5,0.0,0.0,350.0,39.0,2.0
2026-09-20T03:49:13,nfl,nfl_20260927_kansas_city_chiefs_miami_dolphins,20260927NFL00032,DK,draftkings,change,26,2026-09-15T16:00:00,Sep 15,4:00 PM ET,4d ago,away,Kansas City Chiefs,-8.5,100.0,100.0,44.5,100.0,100.0,-455.0,60.0,98.0
2026-09-20T03:49:13,nfl,nfl_20260927_kansas_city_chiefs_miami_dolphins,20260927NFL00032,DK,draftkings,change,26,2026-09-15T16:00:00,Sep 15,4:00 PM ET,4d ago,home,Miami Dolphins,8.5,0.0,0.0,44.5,0.0,0.0,350.0,40.0,2.0
2026-09-20T03:49:13,nfl,nfl_20260927_kansas_city_chiefs_miami_dolphins,20260927NFL00032,DK,draftkings,change,27,2026-09-13T08:30:00,Sep 13,8:30 AM ET,6d ago,away,Kansas City Chiefs,-7.5,100.0,100.0,44.5,100.0,100.0,-395.0,59.0,98.0
2026-09-20T03:49:13,nfl,nfl_20260927_kansas_city_chiefs_miami_dolphins,20260927NFL00032,DK,draftkings,change,27,2026-09-13T08:30:00,Sep 13,8:30 AM ET,6d ago,home,Miami Dolphins,7.5,0.0,0.0,44.5,0.0,0.0,310.0,41.0,2.0
2026-09-20T03:49:15,nfl,nfl_20260927_carolina_panthers_cleveland_browns,20260927NFL00037,DK,draftkings,open,1,2026-05-14T22:40:00,May 14,10:40 PM ET,128d ago,away,Carolina Panthers,,0.0,0.0,,0.0,0.0,-120.0,0.0,0.0
2026-09-20T03:49:15,nfl,nfl_20260927_carolina_panthers_cleveland_browns,20260927NFL00037,DK,draftkings,open,1,2026-05-14T22:40:00,May 14,10:40 PM ET,128d ago,home,Cleveland Browns,,0.0,0.0,,0.0,0.0,100.0,100.0,100.0
2026-09-20T03:49:15,nfl,nfl_20260927_carolina_panthers_cleveland_browns,20260927NFL00037,DK,draftkings,first_full,2,2026-05-15T18:35:00,May 15,6:35 PM ET,127d ago,away,Carolina Panthers,-1.5,95.0,33.0,39.5,100.0,100.0,-120.0,36.0,46.0
2026-09-20T03:49:15,nfl,nfl_20260927_carolina_panthers_cleveland_browns,20260927NFL00037,DK,draftkings,first_full,2,2026-05-15T18:35:00,May 15,6:35 PM ET,127d ago,home,Cleveland Browns,1.5,5.0,67.0,39.5,0.0,0.0,100.0,64.0,54.0
2026-09-20T03:49:15,nfl,nfl_20260927_carolina_panthers_cleveland_browns,20260927NFL00037,DK,draftkings,change,3,2026-09-20T00:35:00,Sep 20,12:35 AM ET,3h ago,away,Carolina Panthers,-2.5,98.0,40.0,40.5,13.0,11.0,-142.0,92.0,89.0
2026-09-20T03:49:15,nfl,nfl_20260927_carolina_panthers_cleveland_browns,20260927NFL00037,DK,draftkings,change,3,2026-09-20T00:35:00,Sep 20,12:35 AM ET,3h ago,home,Cleveland Browns,2.5,2.0,60.0,40.5,87.0,89.0,120.0,8.0,11.0
2026-09-20T03:49:15,nfl,nfl_20260927_carolina_panthers_cleveland_browns,20260927NFL00037,DK,draftkings,change,4,2026-09-19T22:30:00,Sep 19,10:30 PM ET,5h ago,away,Carolina Panthers,-2.5,98.0,40.0,40.5,13.0,11.0,-142.0,92.0,91.0
2026-09-20T03:49:15,nfl,nfl_20260927_carolina_panthers_cleveland_browns,20260927NFL00037,DK,draftkings,change,4,2026-09-19T22:30:00,Sep 19,10:30 PM ET,5h ago,home,Cleveland Browns,2.5,2.0,60.0,40.5,87.0,89.0,120.0,8.0,9.0
2026-09-20T03:49:15,nfl,nfl_20260927_carolina_panthers_cleveland_browns,20260927NFL00037,DK,draftkings,change,5,2026-09-19T22:05:00,Sep 19,10:05 PM ET,5h ago,away,Carolina Panthers,-2.5,98.0,40.0,40.5,13.0,10.0,-142.0,92.0,91.0
2026-09-20T03:49:15,nfl,nfl_20260927_carolina_panthers_cleveland_browns,20260927NFL00037,DK,draftkings,change,5,2026-09-19T22:05:00,Sep 19,10:05 PM ET,5h ago,home,Cleveland Browns,2.5,2.0,60.0,40.5,87.0,90.0,120.0,8.0,9.0
2026-09-20T03:49:15,nfl,nfl_20260927_carolina_panthers_cleveland_browns,20260927NFL00037,DK,draftkings,change,6,2026-09-19T20:20:00,Sep 19,8:20 PM ET,7h ago,away,Carolina Panthers,-2.5,98.0,40.0,40.5,13.0,10.0,-142.0,92.0,90.0
2026-09-20T03:49:15,nfl,nfl_20260927_carolina_panthers_cleveland_browns,20260927NFL00037,DK,draftkings,change,6,2026-09-19T20:20:00,Sep 19,8:20 PM ET,7h ago,home,Cleveland Browns,2.5,2.0,60.0,40.5,87.0,90.0,120.0,8.0,10.0
2026-09-20T03:49:15,nfl,nfl_20260927_carolina_panthers_cleveland_browns,20260927NFL00037,DK,draftkings,change,7,2026-09-19T18:30:00,Sep 19,6:30 PM ET,9h ago,away,Carolina Panthers,-2.5,98.0,39.0,40.5,13.0,10.0,-142.0,92.0,90.0
2026-09-20T03:49:15,nfl,nfl_20260927_carolina_panthers_cleveland_browns,20260927NFL00037,DK,draftkings,change,7,2026-09-19T18:30:00,Sep 19,6:30 PM ET,9h ago,home,Cleveland Browns,2.5,2.0,61.0,40.5,87.0,90.0,120.0,8.0,10.0
2026-09-20T03:49:15,nfl,nfl_20260927_carolina_panthers_cleveland_browns,20260927NFL00037,DK,draftkings,change,8,2026-09-19T18:00:00,Sep 19,6:00 PM ET,9h ago,away,Carolina Panthers,-2.5,98.0,38.0,40.5,13.0,10.0,-142.0,92.0,90.0
2026-09-20T03:49:15,nfl,nfl_20260927_carolina_panthers_cleveland_browns,20260927NFL00037,DK,draftkings,change,8,2026-09-19T18:00:00,Sep 19,6:00 PM ET,9h ago,home,Cleveland Browns,2.5,2.0,62.0,40.5,87.0,90.0,120.0,8.0,10.0
2026-09-20T03:49:15,nfl,nfl_20260927_carolina_panthers_cleveland_browns,20260927NFL00037,DK,draftkings,change,9,2026-09-19T14:45:00,Sep 19,2:45 PM ET,13h ago,away,Carolina Panthers,-2.5,98.0,38.0,40.5,13.0,10.0,-142.0,92.0,91.0
2026-09-20T03:49:15,nfl,nfl_20260927_carolina_panthers_cleveland_browns,20260927NFL00037,DK,draftkings,change,9,2026-09-19T14:45:00,Sep 19,2:45 PM ET,13h ago,home,Cleveland Browns,2.5,2.0,62.0,40.5,87.0,90.0,120.0,8.0,9.0
2026-09-20T03:49:15,nfl,nfl_20260927_carolina_panthers_cleveland_browns,20260927NFL00037,DK,draftkings,change,10,2026-09-19T14:15:00,Sep 19,2:15 PM ET,13h ago,away,Carolina Panthers,-2.5,98.0,38.0,40.5,13.0,10.0,-142.0,92.0,91.0
2026-09-20T03:49:15,nfl,nfl_20260927_carolina_panthers_cleveland_browns,20260927NFL00037,DK,draftkings,change,10,2026-09-19T14:15:00,Sep 19,2:15 PM ET,13h ago,home,Cleveland Browns,2.5,2.0,63.0,40.5,87.0,90.0,120.0,8.0,9.0
2026-09-20T03:49:15,nfl,nfl_20260927_carolina_panthers_cleveland_browns,20260927NFL00037,DK,draftkings,change,11,2026-09-19T08:50:00,Sep 19,8:50 AM ET,18h ago,away,Carolina Panthers,-2.5,98.0,38.0,40.5,13.0,9.0,-142.0,92.0,91.0
2026-09-20T03:49:15,nfl,nfl_20260927_carolina_panthers_cleveland_browns,20260927NFL00037,DK,draftkings,change,11,2026-09-19T08:50:00,Sep 19,8:50 AM ET,18h ago,home,Cleveland Browns,2.5,2.0,63.0,40.5,87.0,91.0,120.0,8.0,9.0
2026-09-20T03:49:15,nfl,nfl_20260927_carolina_panthers_cleveland_browns,20260927NFL00037,DK,draftkings,change,12,2026-09-19T02:30:00,Sep 19,2:30 AM ET,1d ago,away,Carolina Panthers,-2.5,98.0,37.0,40.5,13.0,9.0,-142.0,92.0,91.0
2026-09-20T03:49:15,nfl,nfl_20260927_carolina_panthers_cleveland_browns,20260927NFL00037,DK,draftkings,change,12,2026-09-19T02:30:00,Sep 19,2:30 AM ET,1d ago,home,Cleveland Browns,2.5,2.0,63.0,40.5,87.0,91.0,120.0,8.0,9.0
2026-09-20T03:49:15,nfl,nfl_20260927_carolina_panthers_cleveland_browns,20260927NFL00037,DK,draftkings,change,13,2026-09-19T01:55:00,Sep 19,1:55 AM ET,1d ago,away,Carolina Panthers,-2.5,98.0,37.0,40.5,13.0,8.0,-142.0,92.0,91.0
2026-09-20T03:49:15,nfl,nfl_20260927_carolina_panthers_cleveland_browns,20260927NFL00037,DK,draftkings,change,13,2026-09-19T01:55:00,Sep 19,1:55 AM ET,1d ago,home,Cleveland Browns,2.5,2.0,63.0,40.5,87.0,92.0,120.0,8.0,9.0
2026-09-20T03:49:15,nfl,nfl_20260927_carolina_panthers_cleveland_browns,20260927NFL00037,DK,draftkings,change,14,2026-09-19T00:30:00,Sep 19,12:30 AM ET,1d ago,away,Carolina Panthers,-2.5,98.0,36.0,40.5,13.0,8.0,-142.0,92.0,91.0
2026-09-20T03:49:15,nfl,nfl_20260927_carolina_panthers_cleveland_browns,20260927NFL00037,DK,draftkings,change,14,2026-09-19T00:30:00,Sep 19,12:30 AM ET,1d ago,home,Cleveland Browns,2.5,2.0,64.0,40.5,87.0,92.0,120.0,8.0,9.0
2026-09-20T03:49:15,nfl,nfl_20260927_carolina_panthers_cleveland_browns,20260927NFL00037,DK,draftkings,change,15,2026-09-18T21:10:00,Sep 18,9:10 PM ET,1d ago,away,Carolina Panthers,-2.5,98.0,35.0,40.5,13.0,8.0,-142.0,92.0,91.0
2026-09-20T03:49:15,nfl,nfl_20260927_carolina_panthers_cleveland_browns,20260927NFL00037,DK,draftkings,change,15,2026-09-18T21:10:00,Sep 18,9:10 PM ET,1d ago,home,Cleveland Browns,2.5,2.0,65.0,40.5,87.0,92.0,120.0,8.0,9.0
2026-09-20T03:49:15,nfl,nfl_20260927_carolina_panthers_cleveland_browns,20260927NFL00037,DK,draftkings,change,16,2026-09-18T18:40:00,Sep 18,6:40 PM ET,1d ago,away,Carolina Panthers,-2.5,98.0,34.0,40.5,13.0,8.0,-142.0,92.0,91.0
2026-09-20T03:49:15,nfl,nfl_20260927_carolina_panthers_cleveland_browns,20260927NFL00037,DK,draftkings,change,16,2026-09-18T18:40:00,Sep 18,6:40 PM ET,1d ago,home,Cleveland Browns,2.5,2.0,66.0,40.5,87.0,92.0,120.0,8.0,9.0
2026-09-20T03:49:15,nfl,nfl_20260927_carolina_panthers_cleveland_browns,20260927NFL00037,DK,draftkings,change,17,2026-09-18T18:25:00,Sep 18,6:25 PM ET,1d ago,away,Carolina Panthers,-2.5,98.0,34.0,40.5,13.0,8.0,-142.0,91.0,91.0
2026-09-20T03:49:15,nfl,nfl_20260927_carolina_panthers_cleveland_browns,20260927NFL00037,DK,draftkings,change,17,2026-09-18T18:25:00,Sep 18,6:25 PM ET,1d ago,home,Cleveland Browns,2.5,2.0,66.0,40.5,87.0,92.0,120.0,9.0,9.0
2026-09-20T03:49:15,nfl,nfl_20260927_carolina_panthers_cleveland_browns,20260927NFL00037,DK,draftkings,change,18,2026-09-18T16:30:00,Sep 18,4:30 PM ET,1d ago,away,Carolina Panthers,-2.5,98.0,34.0,40.5,13.0,8.0,-142.0,91.0,90.0
2026-09-20T03:49:15,nfl,nfl_20260927_carolina_panthers_cleveland_browns,20260927NFL00037,DK,draftkings,change,18,2026-09-18T16:30:00,Sep 18,4:30 PM ET,1d ago,home,Cleveland Browns,2.5,2.0,66.0,40.5,87.0,92.0,120.0,9.0,10.0
2026-09-20T03:49:15,nfl,nfl_20260927_carolina_panthers_cleveland_browns,20260927NFL00037,DK,draftkings,change,19,2026-09-18T16:15:00,Sep 18,4:15 PM ET,1d ago,away,Carolina Panthers,-2.5,98.0,33.0,40.5,13.0,8.0,-142.0,91.0,90.0
2026-09-20T03:49:15,nfl,nfl_20260927_carolina_panthers_cleveland_browns,20260927NFL00037,DK,draftkings,change,19,2026-09-18T16:15:00,Sep 18,4:15 PM ET,1d ago,home,Cleveland Browns,2.5,2.0,67.0,40.5,87.0,92.0,120.0,9.0,10.0
2026-09-20T03:49:15,nfl,nfl_20260927_carolina_panthers_cleveland_browns,20260927NFL00037,DK,draftkings,change,20,2026-09-18T14:20:00,Sep 18,2:20 PM ET,1d ago,away,Carolina Panthers,-2.5,98.0,32.0,40.5,13.0,8.0,-142.0,91.0,90.0
2026-09-20T03:49:15,nfl,nfl_20260927_carolina_panthers_cleveland_browns,20260927NFL00037,DK,draftkings,change,20,2026-09-18T14:20:00,Sep 18,2:20 PM ET,1d ago,home,Cleveland Browns,2.5,2.0,68.0,40.5,87.0,92.0,120.0,9.0,10.0
2026-09-20T03:49:15,nfl,nfl_20260927_carolina_panthers_cleveland_browns,20260927NFL00037,DK,draftkings,change,21,2026-09-18T13:30:00,Sep 18,1:30 PM ET,1d ago,away,Carolina Panthers,-2.5,98.0,31.0,40.5,13.0,8.0,-142.0,91.0,90.0
2026-09-20T03:49:15,nfl,nfl_20260927_carolina_panthers_cleveland_browns,20260927NFL00037,DK,draftkings,change,21,2026-09-18T13:30:00,Sep 18,1:30 PM ET,1d ago,home,Cleveland Browns,2.5,2.0,69.0,40.5,87.0,92.0,120.0,9.0,10.0
2026-09-20T03:49:15,nfl,nfl_20260927_carolina_panthers_cleveland_browns,20260927NFL00037,DK,draftkings,change,22,2026-09-18T12:40:00,Sep 18,12:40 PM ET,1d ago,away,Carolina Panthers,-2.5,98.0,30.0,40.5,13.0,8.0,-142.0,91.0,90.0
2026-09-20T03:49:15,nfl,nfl_20260927_carolina_panthers_cleveland_browns,20260927NFL00037,DK,draftkings,change,22,2026-09-18T12:40:00,Sep 18,12:40 PM ET,1d ago,home,Cleveland Browns,2.5,2.0,70.0,40.5,87.0,92.0,120.0,9.0,10.0
2026-09-20T03:49:15,nfl,nfl_20260927_carolina_panthers_cleveland_browns,20260927NFL00037,DK,draftkings,change,23,2026-09-18T12:10:00,Sep 18,12:10 PM ET,1d ago,away,Carolina Panthers,-2.5,98.0,29.0,40.5,13.0,8.0,-142.0,90.0,90.0
2026-09-20T03:49:15,nfl,nfl_20260927_carolina_panthers_cleveland_browns,20260927NFL00037,DK,draftkings,change,23,2026-09-18T12:10:00,Sep 18,12:10 PM ET,1d ago,home,Cleveland Browns,2.5,2.0,71.0,40.5,87.0,92.0,120.0,10.0,10.0
2026-09-20T03:49:15,nfl,nfl_20260927_carolina_panthers_cleveland_browns,20260927NFL00037,DK,draftkings,change,24,2026-09-18T09:25:00,Sep 18,9:25 AM ET,1d ago,away,Carolina Panthers,-2.5,98.0,29.0,40.5,12.0,7.0,-142.0,90.0,90.0
2026-09-20T03:49:15,nfl,nfl_20260927_carolina_panthers_cleveland_browns,20260927NFL00037,DK,draftkings,change,24,2026-09-18T09:25:00,Sep 18,9:25 AM ET,1d ago,home,Cleveland Browns,2.5,2.0,71.0,40.5,88.0,93.0,120.0,10.0,10.0
2026-09-20T03:49:15,nfl,nfl_20260927_carolina_panthers_cleveland_browns,20260927NFL00037,DK,draftkings,change,25,2026-09-18T08:55:00,Sep 18,8:55 AM ET,1d ago,away,Carolina Panthers,-2.5,98.0,29.0,40.5,12.0,7.0,-142.0,89.0,90.0
2026-09-20T03:49:15,nfl,nfl_20260927_carolina_panthers_cleveland_browns,20260927NFL00037,DK,draftkings,change,25,2026-09-18T08:55:00,Sep 18,8:55 AM ET,1d ago,home,Cleveland Browns,2.5,2.0,71.0,40.5,88.0,93.0,120.0,11.0,10.0
2026-09-20T03:49:15,nfl,nfl_20260927_carolina_panthers_cleveland_browns,20260927NFL00037,DK,draftkings,change,26,2026-09-18T06:10:00,Sep 18,6:10 AM ET,1d ago,away,Carolina Panthers,-2.5,98.0,28.0,40.5,12.0,7.0,-142.0,89.0,90.0
2026-09-20T03:49:15,nfl,nfl_20260927_carolina_panthers_cleveland_browns,20260927NFL00037,DK,draftkings,change,26,2026-09-18T06:10:00,Sep 18,6:10 AM ET,1d ago,home,Cleveland Browns,2.5,2.0,72.0,40.5,88.0,93.0,120.0,11.0,10.0
2026-09-20T03:49:15,nfl,nfl_20260927_carolina_panthers_cleveland_browns,20260927NFL00037,DK,draftkings,change,27,2026-09-17T23:50:00,Sep 17,11:50 PM ET,2d ago,away,Carolina Panthers,-2.5,98.0,28.0,40.5,12.0,7.0,-142.0,89.0,89.0
2026-09-20T03:49:15,nfl,nfl_20260927_carolina_panthers_cleveland_browns,20260927NFL00037,DK,draftkings,change,27,2026-09-17T23:50:00,Sep 17,11:50 PM ET,2d ago,home,Cleveland Browns,2.5,2.0,72.0,40.5,88.0,93.0,120.0,11.0,11.0
2026-09-20T03:49:17,nfl,nfl_20260927_cincinnati_bengals_pittsburgh_steelers,20260927NFL00038,DK,draftkings,open,1,2026-05-14T22:55:00,May 14,10:55 PM ET,128d ago,away,Cincinnati Bengals,,0.0,0.0,,0.0,0.0,-115.0,100.0,100.0
2026-09-20T03:49:17,nfl,nfl_20260927_cincinnati_bengals_pittsburgh_steelers,20260927NFL00038,DK,draftkings,open,1,2026-05-14T22:55:00,May 14,10:55 PM ET,128d ago,home,Pittsburgh Steelers,,0.0,0.0,,0.0,0.0,-105.0,0.0,0.0
2026-09-20T03:49:17,nfl,nfl_20260927_cincinnati_bengals_pittsburgh_steelers,20260927NFL00038,DK,draftkings,first_full,2,2026-05-17T13:40:00,May 17,1:40 PM ET,125d ago,away,Cincinnati Bengals,-1.5,100.0,100.0,47.5,4.0,50.0,-115.0,29.0,65.0
2026-09-20T03:49:17,nfl,nfl_20260927_cincinnati_bengals_pittsburgh_steelers,20260927NFL00038,DK,draftkings,first_full,2,2026-05-17T13:40:00,May 17,1:40 PM ET,125d ago,home,Pittsburgh Steelers,1.5,0.0,0.0,47.5,96.0,50.0,-105.0,71.0,35.0
2026-09-20T03:49:17,nfl,nfl_20260927_cincinnati_bengals_pittsburgh_steelers,20260927NFL00038,DK,draftkings,change,3,2026-09-20T03:15:00,Sep 20,3:15 AM ET,34m ago,away,Cincinnati Bengals,-2.5,98.0,30.0,45.5,0.0,7.0,-135.0,88.0,86.0
2026-09-20T03:49:17,nfl,nfl_20260927_cincinnati_bengals_pittsburgh_steelers,20260927NFL00038,DK,draftkings,change,3,2026-09-20T03:15:00,Sep 20,3:15 AM ET,34m ago,home,Pittsburgh Steelers,2.5,2.0,70.0,45.5,100.0,93.0,114.0,12.0,14.0
2026-09-20T03:49:17,nfl,nfl_20260927_cincinnati_bengals_pittsburgh_steelers,20260927NFL00038,DK,draftkings,change,4,2026-09-20T03:05:00,Sep 20,3:05 AM ET,44m ago,away,Cincinnati Bengals,-2.5,98.0,30.0,45.5,0.0,7.0,-135.0,87.0,86.0
2026-09-20T03:49:17,nfl,nfl_20260927_cincinnati_bengals_pittsburgh_steelers,20260927NFL00038,DK,draftkings,change,4,2026-09-20T03:05:00,Sep 20,3:05 AM ET,44m ago,home,Pittsburgh Steelers,2.5,2.0,70.0,45.5,100.0,93.0,114.0,13.0,14.0
2026-09-20T03:49:17,nfl,nfl_20260927_cincinnati_bengals_pittsburgh_steelers,20260927NFL00038,DK,draftkings,change,5,2026-09-20T02:45:00,Sep 20,2:45 AM ET,1h ago,away,Cincinnati Bengals,-2.5,98.0,30.0,45.5,0.0,7.0,-135.0,87.0,87.0
2026-09-20T03:49:17,nfl,nfl_20260927_cincinnati_bengals_pittsburgh_steelers,20260927NFL00038,DK,draftkings,change,5,2026-09-20T02:45:00,Sep 20,2:45 AM ET,1h ago,home,Pittsburgh Steelers,2.5,2.0,70.0,45.5,100.0,93.0,114.0,13.0,13.0
2026-09-20T03:49:17,nfl,nfl_20260927_cincinnati_bengals_pittsburgh_steelers,20260927NFL00038,DK,draftkings,change,6,2026-09-20T00:35:00,Sep 20,12:35 AM ET,3h ago,away,Cincinnati Bengals,-2.5,98.0,30.0,45.5,0.0,7.0,-135.0,87.0,86.0
2026-09-20T03:49:17,nfl,nfl_20260927_cincinnati_bengals_pittsburgh_steelers,20260927NFL00038,DK,draftkings,change,6,2026-09-20T00:35:00,Sep 20,12:35 AM ET,3h ago,home,Pittsburgh Steelers,2.5,2.0,70.0,45.5,100.0,93.0,114.0,13.0,14.0
2026-09-20T03:49:17,nfl,nfl_20260927_cincinnati_bengals_pittsburgh_steelers,20260927NFL00038,DK,draftkings,change,7,2026-09-19T22:45:00,Sep 19,10:45 PM ET,5h ago,away,Cincinnati Bengals,-2.5,98.0,30.0,45.5,0.0,7.0,-135.0,87.0,87.0
2026-09-20T03:49:17,nfl,nfl_20260927_cincinnati_bengals_pittsburgh_steelers,20260927NFL00038,DK,draftkings,change,7,2026-09-19T22:45:00,Sep 19,10:45 PM ET,5h ago,home,Pittsburgh Steelers,2.5,2.0,70.0,45.5,100.0,93.0,114.0,13.0,13.0
2026-09-20T03:49:17,nfl,nfl_20260927_cincinnati_bengals_pittsburgh_steelers,20260927NFL00038,DK,draftkings,change,8,2026-09-19T22:25:00,Sep 19,10:25 PM ET,5h ago,away,Cincinnati Bengals,-2.5,98.0,30.0,45.5,0.0,7.0,-135.0,88.0,87.0
2026-09-20T03:49:17,nfl,nfl_20260927_cincinnati_bengals_pittsburgh_steelers,20260927NFL00038,DK,draftkings,change,8,2026-09-19T22:25:00,Sep 19,10:25 PM ET,5h ago,home,Pittsburgh Steelers,2.5,2.0,70.0,45.5,100.0,93.0,114.0,12.0,13.0
2026-09-20T03:49:17,nfl,nfl_20260927_cincinnati_bengals_pittsburgh_steelers,20260927NFL00038,DK,draftkings,change,9,2026-09-19T21:30:00,Sep 19,9:30 PM ET,6h ago,away,Cincinnati Bengals,-2.5,98.0,30.0,45.5,0.0,5.0,-135.0,88.0,87.0
2026-09-20T03:49:17,nfl,nfl_20260927_cincinnati_bengals_pittsburgh_steelers,20260927NFL00038,DK,draftkings,change,9,2026-09-19T21:30:00,Sep 19,9:30 PM ET,6h ago,home,Pittsburgh Steelers,2.5,2.0,70.0,45.5,100.0,95.0,114.0,12.0,13.0
2026-09-20T03:49:17,nfl,nfl_20260927_cincinnati_bengals_pittsburgh_steelers,20260927NFL00038,DK,draftkings,change,10,2026-09-19T20:55:00,Sep 19,8:55 PM ET,6h ago,away,Cincinnati Bengals,-2.5,98.0,29.0,45.5,0.0,5.0,-135.0,88.0,87.0
2026-09-20T03:49:17,nfl,nfl_20260927_cincinnati_bengals_pittsburgh_steelers,20260927NFL00038,DK,draftkings,change,10,2026-09-19T20:55:00,Sep 19,8:55 PM ET,6h ago,home,Pittsburgh Steelers,2.5,2.0,71.0,45.5,100.0,95.0,114.0,12.0,13.0
2026-09-20T03:49:17,nfl,nfl_20260927_cincinnati_bengals_pittsburgh_steelers,20260927NFL00038,DK,draftkings,change,11,2026-09-19T17:30:00,Sep 19,5:30 PM ET,10h ago,away,Cincinnati Bengals,-2.5,98.0,29.0,45.5,0.0,5.0,-135.0,87.0,87.0
2026-09-20T03:49:17,nfl,nfl_20260927_cincinnati_bengals_pittsburgh_steelers,20260927NFL00038,DK,draftkings,change,11,2026-09-19T17:30:00,Sep 19,5:30 PM ET,10h ago,home,Pittsburgh Steelers,2.5,2.0,71.0,45.5,100.0,95.0,114.0,13.0,13.0
2026-09-20T03:49:17,nfl,nfl_20260927_cincinnati_bengals_pittsburgh_steelers,20260927NFL00038,DK,draftkings,change,12,2026-09-19T16:55:00,Sep 19,4:55 PM ET,10h ago,away,Cincinnati Bengals,-2.5,98.0,29.0,45.5,0.0,5.0,-135.0,87.0,88.0
2026-09-20T03:49:17,nfl,nfl_20260927_cincinnati_bengals_pittsburgh_steelers,20260927NFL00038,DK,draftkings,change,12,2026-09-19T16:55:00,Sep 19,4:55 PM ET,10h ago,home,Pittsburgh Steelers,2.5,2.0,71.0,45.5,100.0,95.0,114.0,13.0,12.0
2026-09-20T03:49:17,nfl,nfl_20260927_cincinnati_bengals_pittsburgh_steelers,20260927NFL00038,DK,draftkings,change,13,2026-09-19T14:00:00,Sep 19,2:00 PM ET,13h ago,away,Cincinnati Bengals,-2.5,98.0,28.0,45.5,0.0,5.0,-135.0,87.0,88.0
2026-09-20T03:49:17,nfl,nfl_20260927_cincinnati_bengals_pittsburgh_steelers,20260927NFL00038,DK,draftkings,change,13,2026-09-19T14:00:00,Sep 19,2:00 PM ET,13h ago,home,Pittsburgh Steelers,2.5,2.0,72.0,45.5,100.0,95.0,114.0,13.0,12.0
2026-09-20T03:49:17,nfl,nfl_20260927_cincinnati_bengals_pittsburgh_steelers,20260927NFL00038,DK,draftkings,change,14,2026-09-19T11:30:00,Sep 19,11:30 AM ET,16h ago,away,Cincinnati Bengals,-2.5,98.0,28.0,45.5,0.0,5.0,-135.0,87.0,88.0
2026-09-20T03:49:17,nfl,nfl_20260927_cincinnati_bengals_pittsburgh_steelers,20260927NFL00038,DK,draftkings,change,14,2026-09-19T11:30:00,Sep 19,11:30 AM ET,16h ago,home,Pittsburgh Steelers,2.5,2.0,72.0,45.5,100.0,95.0,114.0,13.0,13.0
2026-09-20T03:49:17,nfl,nfl_20260927_cincinnati_bengals_pittsburgh_steelers,20260927NFL00038,DK,draftkings,change,15,2026-09-19T10:40:00,Sep 19,10:40 AM ET,17h ago,away,Cincinnati Bengals,-2.5,98.0,28.0,45.5,0.0,5.0,-135.0,87.0,87.0
2026-09-20T03:49:17,nfl,nfl_20260927_cincinnati_bengals_pittsburgh_steelers,20260927NFL00038,DK,draftkings,change,15,2026-09-19T10:40:00,Sep 19,10:40 AM ET,17h ago,home,Pittsburgh Steelers,2.5,2.0,72.0,45.5,100.0,95.0,114.0,13.0,13.0
2026-09-20T03:49:17,nfl,nfl_20260927_cincinnati_bengals_pittsburgh_steelers,20260927NFL00038,DK,draftkings,change,16,2026-09-19T08:40:00,Sep 19,8:40 AM ET,19h ago,away,Cincinnati Bengals,-2.5,98.0,29.0,45.5,0.0,5.0,-135.0,87.0,87.0
2026-09-20T03:49:17,nfl,nfl_20260927_cincinnati_bengals_pittsburgh_steelers,20260927NFL00038,DK,draftkings,change,16,2026-09-19T08:40:00,Sep 19,8:40 AM ET,19h ago,home,Pittsburgh Steelers,2.5,2.0,71.0,45.5,100.0,95.0,114.0,13.0,13.0
2026-09-20T03:49:17,nfl,nfl_20260927_cincinnati_bengals_pittsburgh_steelers,20260927NFL00038,DK,draftkings,change,17,2026-09-19T02:30:00,Sep 19,2:30 AM ET,1d ago,away,Cincinnati Bengals,-2.5,98.0,29.0,45.5,0.0,5.0,-135.0,89.0,88.0
2026-09-20T03:49:17,nfl,nfl_20260927_cincinnati_bengals_pittsburgh_steelers,20260927NFL00038,DK,draftkings,change,17,2026-09-19T02:30:00,Sep 19,2:30 AM ET,1d ago,home,Pittsburgh Steelers,2.5,2.0,71.0,45.5,100.0,95.0,114.0,11.0,12.0
2026-09-20T03:49:17,nfl,nfl_20260927_cincinnati_bengals_pittsburgh_steelers,20260927NFL00038,DK,draftkings,change,18,2026-09-19T02:25:00,Sep 19,2:25 AM ET,1d ago,away,Cincinnati Bengals,-2.5,98.0,29.0,45.5,0.0,4.0,-135.0,89.0,88.0
2026-09-20T03:49:17,nfl,nfl_20260927_cincinnati_bengals_pittsburgh_steelers,20260927NFL00038,DK,draftkings,change,18,2026-09-19T02:25:00,Sep 19,2:25 AM ET,1d ago,home,Pittsburgh Steelers,2.5,2.0,71.0,45.5,100.0,96.0,114.0,11.0,12.0
2026-09-20T03:49:17,nfl,nfl_20260927_cincinnati_bengals_pittsburgh_steelers,20260927NFL00038,DK,draftkings,change,19,2026-09-18T22:40:00,Sep 18,10:40 PM ET,1d ago,away,Cincinnati Bengals,-2.5,98.0,28.0,45.5,0.0,4.0,-135.0,89.0,88.0
2026-09-20T03:49:17,nfl,nfl_20260927_cincinnati_bengals_pittsburgh_steelers,20260927NFL00038,DK,draftkings,change,19,2026-09-18T22:40:00,Sep 18,10:40 PM ET,1d ago,home,Pittsburgh Steelers,2.5,2.0,72.0,45.5,100.0,96.0,114.0,11.0,12.0
2026-09-20T03:49:17,nfl,nfl_20260927_cincinnati_bengals_pittsburgh_steelers,20260927NFL00038,DK,draftkings,change,20,2026-09-18T19:00:00,Sep 18,7:00 PM ET,1d ago,away,Cincinnati Bengals,-2.5,98.0,27.0,45.5,0.0,4.0,-135.0,89.0,88.0
2026-09-20T03:49:17,nfl,nfl_20260927_cincinnati_bengals_pittsburgh_steelers,20260927NFL00038,DK,draftkings,change,20,2026-09-18T19:00:00,Sep 18,7:00 PM ET,1d ago,home,Pittsburgh Steelers,2.5,2.0,73.0,45.5,100.0,96.0,114.0,11.0,12.0
2026-09-20T03:49:17,nfl,nfl_20260927_cincinnati_bengals_pittsburgh_steelers,20260927NFL00038,DK,draftkings,change,21,2026-09-18T18:55:00,Sep 18,6:55 PM ET,1d ago,away,Cincinnati Bengals,-2.5,98.0,27.0,45.5,0.0,4.0,-135.0,89.0,89.0
2026-09-20T03:49:17,nfl,nfl_20260927_cincinnati_bengals_pittsburgh_steelers,20260927NFL00038,DK,draftkings,change,21,2026-09-18T18:55:00,Sep 18,6:55 PM ET,1d ago,home,Pittsburgh Steelers,2.5,2.0,73.0,45.5,100.0,96.0,114.0,11.0,11.0
2026-09-20T03:49:17,nfl,nfl_20260927_cincinnati_bengals_pittsburgh_steelers,20260927NFL00038,DK,draftkings,change,22,2026-09-18T18:15:00,Sep 18,6:15 PM ET,1d ago,away,Cincinnati Bengals,-2.5,98.0,27.0,45.5,0.0,4.0,-135.0,90.0,89.0
2026-09-20T03:49:17,nfl,nfl_20260927_cincinnati_bengals_pittsburgh_steelers,20260927NFL00038,DK,draftkings,change,22,2026-09-18T18:15:00,Sep 18,6:15 PM ET,1d ago,home,Pittsburgh Steelers,2.5,2.0,73.0,45.5,100.0,96.0,114.0,10.0,11.0
2026-09-20T03:49:17,nfl,nfl_20260927_cincinnati_bengals_pittsburgh_steelers,20260927NFL00038,DK,draftkings,change,23,2026-09-18T16:50:00,Sep 18,4:50 PM ET,1d ago,away,Cincinnati Bengals,-2.5,98.0,28.0,45.5,0.0,4.0,-135.0,90.0,89.0
2026-09-20T03:49:17,nfl,nfl_20260927_cincinnati_bengals_pittsburgh_steelers,20260927NFL00038,DK,draftkings,change,23,2026-09-18T16:50:00,Sep 18,4:50 PM ET,1d ago,home,Pittsburgh Steelers,2.5,2.0,72.0,45.5,100.0,96.0,114.0,10.0,11.0
2026-09-20T03:49:17,nfl,nfl_20260927_cincinnati_bengals_pittsburgh_steelers,20260927NFL00038,DK,draftkings,change,24,2026-09-18T16:40:00,Sep 18,4:40 PM ET,1d ago,away,Cincinnati Bengals,-2.5,98.0,27.0,45.5,0.0,4.0,-135.0,90.0,89.0
2026-09-20T03:49:17,nfl,nfl_20260927_cincinnati_bengals_pittsburgh_steelers,20260927NFL00038,DK,draftkings,change,24,2026-09-18T16:40:00,Sep 18,4:40 PM ET,1d ago,home,Pittsburgh Steelers,2.5,2.0,73.0,45.5,100.0,96.0,114.0,10.0,11.0
2026-09-20T03:49:17,nfl,nfl_20260927_cincinnati_bengals_pittsburgh_steelers,20260927NFL00038,DK,draftkings,change,25,2026-09-18T16:30:00,Sep 18,4:30 PM ET,1d ago,away,Cincinnati Bengals,-2.5,98.0,27.0,45.5,0.0,4.0,-135.0,90.0,90.0
2026-09-20T03:49:17,nfl,nfl_20260927_cincinnati_bengals_pittsburgh_steelers,20260927NFL00038,DK,draftkings,change,25,2026-09-18T16:30:00,Sep 18,4:30 PM ET,1d ago,home,Pittsburgh Steelers,2.5,2.0,73.0,45.5,100.0,96.0,114.0,10.0,10.0
2026-09-20T03:49:17,nfl,nfl_20260927_cincinnati_bengals_pittsburgh_steelers,20260927NFL00038,DK,draftkings,change,26,2026-09-18T14:20:00,Sep 18,2:20 PM ET,1d ago,away,Cincinnati Bengals,-2.5,98.0,27.0,45.5,0.0,4.0,-135.0,89.0,90.0
2026-09-20T03:49:17,nfl,nfl_20260927_cincinnati_bengals_pittsburgh_steelers,20260927NFL00038,DK,draftkings,change,26,2026-09-18T14:20:00,Sep 18,2:20 PM ET,1d ago,home,Pittsburgh Steelers,2.5,2.0,73.0,45.5,100.0,96.0,114.0,11.0,10.0
2026-09-20T03:49:17,nfl,nfl_20260927_cincinnati_bengals_pittsburgh_steelers,20260927NFL00038,DK,draftkings,change,27,2026-09-18T13:40:00,Sep 18,1:40 PM ET,1d ago,away,Cincinnati Bengals,-2.5,98.0,26.0,45.5,0.0,4.0,-135.0,89.0,90.0
2026-09-20T03:49:17,nfl,nfl_20260927_cincinnati_bengals_pittsburgh_steelers,20260927NFL00038,DK,draftkings,change,27,2026-09-18T13:40:00,Sep 18,1:40 PM ET,1d ago,home,Pittsburgh Steelers,2.5,2.0,74.0,45.5,100.0,96.0,114.0,11.0,10.0
2026-09-20T03:49:20,nfl,nfl_20260927_houston_texans_indianapolis_colts,20260927NFL00040,DK,draftkings,open,1,2026-05-14T22:40:00,May 14,10:40 PM ET,128d ago,away,Houston Texans,,0.0,0.0,,0.0,0.0,-130.0,0.0,0.0
2026-09-20T03:49:20,nfl,nfl_20260927_houston_texans_indianapolis_colts,20260927NFL00040,DK,draftkings,open,1,2026-05-14T22:40:00,May 14,10:40 PM ET,128d ago,home,Indianapolis Colts,,0.0,0.0,,0.0,0.0,110.0,100.0,100.0
2026-09-20T03:49:20,nfl,nfl_20260927_houston_texans_indianapolis_colts,20260927NFL00040,DK,draftkings,first_full,2,2026-05-18T14:25:00,May 18,2:25 PM ET,124d ago,away,Houston Texans,-1.5,100.0,75.0,45.5,100.0,100.0,-130.0,35.0,54.0
2026-09-20T03:49:20,nfl,nfl_20260927_houston_texans_indianapolis_colts,20260927NFL00040,DK,draftkings,first_full,2,2026-05-18T14:25:00,May 18,2:25 PM ET,124d ago,home,Indianapolis Colts,1.5,0.0,25.0,45.5,0.0,0.0,110.0,65.0,46.0
2026-09-20T03:49:20,nfl,nfl_20260927_houston_texans_indianapolis_colts,20260927NFL00040,DK,draftkings,change,3,2026-09-20T02:40:00,Sep 20,2:40 AM ET,1h ago,away,Houston Texans,-2.5,91.0,28.0,45.5,1.0,14.0,-135.0,89.0,88.0
2026-09-20T03:49:20,nfl,nfl_20260927_houston_texans_indianapolis_colts,20260927NFL00040,DK,draftkings,change,3,2026-09-20T02:40:00,Sep 20,2:40 AM ET,1h ago,home,Indianapolis Colts,2.5,9.0,72.0,45.5,99.0,86.0,114.0,11.0,12.0
2026-09-20T03:49:20,nfl,nfl_20260927_houston_texans_indianapolis_colts,20260927NFL00040,DK,draftkings,change,4,2026-09-20T00:35:00,Sep 20,12:35 AM ET,3h ago,away,Houston Texans,-2.5,91.0,27.0,45.5,1.0,14.0,-135.0,89.0,88.0
2026-09-20T03:49:20,nfl,nfl_20260927_houston_texans_indianapolis_colts,20260927NFL00040,DK,draftkings,change,4,2026-09-20T00:35:00,Sep 20,12:35 AM ET,3h ago,home,Indianapolis Colts,2.5,9.0,73.0,45.5,99.0,86.0,114.0,11.0,12.0
2026-09-20T03:49:20,nfl,nfl_20260927_houston_texans_indianapolis_colts,20260927NFL00040,DK,draftkings,change,5,2026-09-19T22:45:00,Sep 19,10:45 PM ET,5h ago,away,Houston Texans,-2.5,91.0,27.0,45.5,1.0,14.0,-135.0,89.0,89.0
2026-09-20T03:49:20,nfl,nfl_20260927_houston_texans_indianapolis_colts,20260927NFL00040,DK,draftkings,change,5,2026-09-19T22:45:00,Sep 19,10:45 PM ET,5h ago,home,Indianapolis Colts,2.5,9.0,73.0,45.5,99.0,86.0,114.0,11.0,11.0
2026-09-20T03:49:20,nfl,nfl_20260927_houston_texans_indianapolis_colts,20260927NFL00040,DK,draftkings,change,6,2026-09-19T22:25:00,Sep 19,10:25 PM ET,5h ago,away,Houston Texans,-2.5,91.0,26.0,45.5,1.0,14.0,-135.0,89.0,89.0
2026-09-20T03:49:20,nfl,nfl_20260927_houston_texans_indianapolis_colts,20260927NFL00040,DK,draftkings,change,6,2026-09-19T22:25:00,Sep 19,10:25 PM ET,5h ago,home,Indianapolis Colts,2.5,9.0,74.0,45.5,99.0,86.0,114.0,11.0,11.0
2026-09-20T03:49:20,nfl,nfl_20260927_houston_texans_indianapolis_colts,20260927NFL00040,DK,draftkings,change,7,2026-09-19T22:05:00,Sep 19,10:05 PM ET,5h ago,away,Houston Texans,-2.5,91.0,26.0,45.5,0.0,0.0,-135.0,89.0,89.0
2026-09-20T03:49:20,nfl,nfl_20260927_houston_texans_indianapolis_colts,20260927NFL00040,DK,draftkings,change,7,2026-09-19T22:05:00,Sep 19,10:05 PM ET,5h ago,home,Indianapolis Colts,2.5,9.0,74.0,45.5,100.0,100.0,114.0,11.0,11.0
2026-09-20T03:49:20,nfl,nfl_20260927_houston_texans_indianapolis_colts,20260927NFL00040,DK,draftkings,change,8,2026-09-19T20:55:00,Sep 19,8:55 PM ET,6h ago,away,Houston Texans,-2.5,91.0,25.0,45.5,0.0,0.0,-135.0,89.0,89.0
2026-09-20T03:49:20,nfl,nfl_20260927_houston_texans_indianapolis_colts,20260927NFL00040,DK,draftkings,change,8,2026-09-19T20:55:00,Sep 19,8:55 PM ET,6h ago,home,Indianapolis Colts,2.5,9.0,75.0,45.5,100.0,100.0,114.0,11.0,11.0
2026-09-20T03:49:20,nfl,nfl_20260927_houston_texans_indianapolis_colts,20260927NFL00040,DK,draftkings,change,9,2026-09-19T20:50:00,Sep 19,8:50 PM ET,6h ago,away,Houston Texans,-2.5,91.0,25.0,45.5,0.0,0.0,-135.0,88.0,89.0
2026-09-20T03:49:20,nfl,nfl_20260927_houston_texans_indianapolis_colts,20260927NFL00040,DK,draftkings,change,9,2026-09-19T20:50:00,Sep 19,8:50 PM ET,6h ago,home,Indianapolis Colts,2.5,9.0,75.0,45.5,100.0,100.0,114.0,12.0,11.0
2026-09-20T03:49:20,nfl,nfl_20260927_houston_texans_indianapolis_colts,20260927NFL00040,DK,draftkings,change,10,2026-09-19T18:35:00,Sep 19,6:35 PM ET,9h ago,away,Houston Texans,-2.5,93.0,26.0,45.5,0.0,0.0,-135.0,88.0,89.0
2026-09-20T03:49:20,nfl,nfl_20260927_houston_texans_indianapolis_colts,20260927NFL00040,DK,draftkings,change,10,2026-09-19T18:35:00,Sep 19,6:35 PM ET,9h ago,home,Indianapolis Colts,2.5,7.0,74.0,45.5,100.0,100.0,114.0,12.0,11.0
2026-09-20T03:49:20,nfl,nfl_20260927_houston_texans_indianapolis_colts,20260927NFL00040,DK,draftkings,change,11,2026-09-19T18:30:00,Sep 19,6:30 PM ET,9h ago,away,Houston Texans,-2.5,93.0,25.0,45.5,0.0,0.0,-135.0,88.0,89.0
2026-09-20T03:49:20,nfl,nfl_20260927_houston_texans_indianapolis_colts,20260927NFL00040,DK,draftkings,change,11,2026-09-19T18:30:00,Sep 19,6:30 PM ET,9h ago,home,Indianapolis Colts,2.5,7.0,75.0,45.5,100.0,100.0,114.0,12.0,11.0
2026-09-20T03:49:20,nfl,nfl_20260927_houston_texans_indianapolis_colts,20260927NFL00040,DK,draftkings,change,12,2026-09-19T14:00:00,Sep 19,2:00 PM ET,13h ago,away,Houston Texans,-2.5,93.0,24.0,45.5,0.0,0.0,-135.0,88.0,89.0
2026-09-20T03:49:20,nfl,nfl_20260927_houston_texans_indianapolis_colts,20260927NFL00040,DK,draftkings,change,12,2026-09-19T14:00:00,Sep 19,2:00 PM ET,13h ago,home,Indianapolis Colts,2.5,7.0,76.0,45.5,100.0,100.0,114.0,12.0,11.0
2026-09-20T03:49:20,nfl,nfl_20260927_houston_texans_indianapolis_colts,20260927NFL00040,DK,draftkings,change,13,2026-09-19T12:00:00,Sep 19,12:00 PM ET,15h ago,away,Houston Texans,-2.5,93.0,24.0,45.5,0.0,0.0,-135.0,88.0,90.0
2026-09-20T03:49:20,nfl,nfl_20260927_houston_texans_indianapolis_colts,20260927NFL00040,DK,draftkings,change,13,2026-09-19T12:00:00,Sep 19,12:00 PM ET,15h ago,home,Indianapolis Colts,2.5,7.0,76.0,45.5,100.0,100.0,114.0,12.0,10.0
2026-09-20T03:49:20,nfl,nfl_20260927_houston_texans_indianapolis_colts,20260927NFL00040,DK,draftkings,change,14,2026-09-19T11:05:00,Sep 19,11:05 AM ET,16h ago,away,Houston Texans,-2.5,93.0,23.0,45.5,0.0,0.0,-135.0,88.0,90.0
2026-09-20T03:49:20,nfl,nfl_20260927_houston_texans_indianapolis_colts,20260927NFL00040,DK,draftkings,change,14,2026-09-19T11:05:00,Sep 19,11:05 AM ET,16h ago,home,Indianapolis Colts,2.5,7.0,77.0,45.5,100.0,100.0,114.0,12.0,10.0
2026-09-20T03:49:20,nfl,nfl_20260927_houston_texans_indianapolis_colts,20260927NFL00040,DK,draftkings,change,15,2026-09-19T10:25:00,Sep 19,10:25 AM ET,17h ago,away,Houston Texans,-2.5,92.0,22.0,45.5,0.0,0.0,-135.0,88.0,90.0
2026-09-20T03:49:20,nfl,nfl_20260927_houston_texans_indianapolis_colts,20260927NFL00040,DK,draftkings,change,15,2026-09-19T10:25:00,Sep 19,10:25 AM ET,17h ago,home,Indianapolis Colts,2.5,8.0,78.0,45.5,100.0,100.0,114.0,12.0,10.0
2026-09-20T03:49:20,nfl,nfl_20260927_houston_texans_indianapolis_colts,20260927NFL00040,DK,draftkings,change,16,2026-09-19T09:20:00,Sep 19,9:20 AM ET,18h ago,away,Houston Texans,-2.5,92.0,21.0,45.5,0.0,0.0,-135.0,88.0,90.0
2026-09-20T03:49:20,nfl,nfl_20260927_houston_texans_indianapolis_colts,20260927NFL00040,DK,draftkings,change,16,2026-09-19T09:20:00,Sep 19,9:20 AM ET,18h ago,home,Indianapolis Colts,2.5,8.0,79.0,45.5,100.0,100.0,114.0,12.0,10.0
2026-09-20T03:49:20,nfl,nfl_20260927_houston_texans_indianapolis_colts,20260927NFL00040,DK,draftkings,change,17,2026-09-19T09:00:00,Sep 19,9:00 AM ET,18h ago,away,Houston Texans,-2.5,92.0,21.0,45.5,0.0,0.0,-135.0,88.0,89.0
2026-09-20T03:49:20,nfl,nfl_20260927_houston_texans_indianapolis_colts,20260927NFL00040,DK,draftkings,change,17,2026-09-19T09:00:00,Sep 19,9:00 AM ET,18h ago,home,Indianapolis Colts,2.5,8.0,79.0,45.5,100.0,100.0,114.0,12.0,11.0
2026-09-20T03:49:20,nfl,nfl_20260927_houston_texans_indianapolis_colts,20260927NFL00040,DK,draftkings,change,18,2026-09-19T07:30:00,Sep 19,7:30 AM ET,20h ago,away,Houston Texans,-2.5,87.0,20.0,45.5,0.0,0.0,-135.0,86.0,89.0
2026-09-20T03:49:20,nfl,nfl_20260927_houston_texans_indianapolis_colts,20260927NFL00040,DK,draftkings,change,18,2026-09-19T07:30:00,Sep 19,7:30 AM ET,20h ago,home,Indianapolis Colts,2.5,13.0,80.0,45.5,100.0,100.0,114.0,14.0,11.0
2026-09-20T03:49:20,nfl,nfl_20260927_houston_texans_indianapolis_colts,20260927NFL00040,DK,draftkings,change,19,2026-09-18T16:50:00,Sep 18,4:50 PM ET,1d ago,away,Houston Texans,-2.5,87.0,19.0,45.5,0.0,0.0,-135.0,86.0,89.0
2026-09-20T03:49:20,nfl,nfl_20260927_houston_texans_indianapolis_colts,20260927NFL00040,DK,draftkings,change,19,2026-09-18T16:50:00,Sep 18,4:50 PM ET,1d ago,home,Indianapolis Colts,2.5,13.0,81.0,45.5,100.0,100.0,114.0,14.0,11.0
2026-09-20T03:49:20,nfl,nfl_20260927_houston_texans_indianapolis_colts,20260927NFL00040,DK,draftkings,change,20,2026-09-18T14:00:00,Sep 18,2:00 PM ET,1d ago,away,Houston Texans,-2.5,87.0,18.0,45.5,0.0,0.0,-135.0,86.0,89.0
2026-09-20T03:49:20,nfl,nfl_20260927_houston_texans_indianapolis_colts,20260927NFL00040,DK,draftkings,change,20,2026-09-18T14:00:00,Sep 18,2:00 PM ET,1d ago,home,Indianapolis Colts,2.5,13.0,82.0,45.5,100.0,100.0,114.0,14.0,11.0
2026-09-20T03:49:20,nfl,nfl_20260927_houston_texans_indianapolis_colts,20260927NFL00040,DK,draftkings,change,21,2026-09-18T09:25:00,Sep 18,9:25 AM ET,1d ago,away,Houston Texans,-2.5,87.0,18.0,45.5,0.0,0.0,-135.0,85.0,89.0
2026-09-20T03:49:20,nfl,nfl_20260927_houston_texans_indianapolis_colts,20260927NFL00040,DK,draftkings,change,21,2026-09-18T09:25:00,Sep 18,9:25 AM ET,1d ago,home,Indianapolis Colts,2.5,13.0,82.0,45.5,100.0,100.0,114.0,15.0,11.0
2026-09-20T03:49:20,nfl,nfl_20260927_houston_texans_indianapolis_colts,20260927NFL00040,DK,draftkings,change,22,2026-09-18T00:50:00,Sep 18,12:50 AM ET,2d ago,away,Houston Texans,-2.5,87.0,18.0,45.5,0.0,0.0,-135.0,89.0,89.0
2026-09-20T03:49:20,nfl,nfl_20260927_houston_texans_indianapolis_colts,20260927NFL00040,DK,draftkings,change,22,2026-09-18T00:50:00,Sep 18,12:50 AM ET,2d ago,home,Indianapolis Colts,2.5,13.0,82.0,45.5,100.0,100.0,114.0,11.0,11.0
2026-09-20T03:49:20,nfl,nfl_20260927_houston_texans_indianapolis_colts,20260927NFL00040,DK,draftkings,change,23,2026-09-17T22:30:00,Sep 17,10:30 PM ET,2d ago,away,Houston Texans,-2.5,87.0,18.0,,0.0,0.0,-135.0,89.0,89.0
2026-09-20T03:49:20,nfl,nfl_20260927_houston_texans_indianapolis_colts,20260927NFL00040,DK,draftkings,change,23,2026-09-17T22:30:00,Sep 17,10:30 PM ET,2d ago,home,Indianapolis Colts,2.5,13.0,82.0,,0.0,0.0,114.0,11.0,11.0
2026-09-20T03:49:20,nfl,nfl_20260927_houston_texans_indianapolis_colts,20260927NFL00040,DK,draftkings,change,24,2026-09-17T22:15:00,Sep 17,10:15 PM ET,2d ago,away,Houston Texans,-2.5,87.0,17.0,,0.0,0.0,-135.0,89.0,89.0
2026-09-20T03:49:20,nfl,nfl_20260927_houston_texans_indianapolis_colts,20260927NFL00040,DK,draftkings,change,24,2026-09-17T22:15:00,Sep 17,10:15 PM ET,2d ago,home,Indianapolis Colts,2.5,13.0,83.0,,0.0,0.0,114.0,11.0,11.0
2026-09-20T03:49:20,nfl,nfl_20260927_houston_texans_indianapolis_colts,20260927NFL00040,DK,draftkings,change,25,2026-09-17T19:50:00,Sep 17,7:50 PM ET,2d ago,away,Houston Texans,-2.5,87.0,17.0,,0.0,0.0,-135.0,86.0,89.0
2026-09-20T03:49:20,nfl,nfl_20260927_houston_texans_indianapolis_colts,20260927NFL00040,DK,draftkings,change,25,2026-09-17T19:50:00,Sep 17,7:50 PM ET,2d ago,home,Indianapolis Colts,2.5,13.0,83.0,,0.0,0.0,114.0,14.0,11.0
2026-09-20T03:49:20,nfl,nfl_20260927_houston_texans_indianapolis_colts,20260927NFL00040,DK,draftkings,change,26,2026-09-17T17:45:00,Sep 17,5:45 PM ET,2d ago,away,Houston Texans,-2.5,87.0,18.0,,0.0,0.0,-135.0,86.0,89.0
2026-09-20T03:49:20,nfl,nfl_20260927_houston_texans_indianapolis_colts,20260927NFL00040,DK,draftkings,change,26,2026-09-17T17:45:00,Sep 17,5:45 PM ET,2d ago,home,Indianapolis Colts,2.5,13.0,83.0,,0.0,0.0,114.0,14.0,11.0
2026-09-20T03:49:20,nfl,nfl_20260927_houston_texans_indianapolis_colts,20260927NFL00040,DK,draftkings,change,27,2026-09-17T17:25:00,Sep 17,5:25 PM ET,2d ago,away,Houston Texans,-2.5,87.0,16.0,,0.0,0.0,-135.0,86.0,89.0
2026-09-20T03:49:20,nfl,nfl_20260927_houston_texans_indianapolis_colts,20260927NFL00040,DK,draftkings,change,27,2026-09-17T17:25:00,Sep 17,5:25 PM ET,2d ago,home,Indianapolis Colts,2.5,13.0,84.0,,0.0,0.0,114.0,14.0,11.0
2026-09-20T03:49:22,nfl,nfl_20260927_new_england_patriots_jacksonville_jaguars,20260927NFL00041,DK,draftkings,open,1,2026-05-15T00:45:00,May 15,12:45 AM ET,128d ago,away,New England Patriots,,0.0,0.0,,0.0,0.0,-102.0,0.0,0.0
2026-09-20T03:49:22,nfl,nfl_20260927_new_england_patriots_jacksonville_jaguars,20260927NFL00041,DK,draftkings,open,1,2026-05-15T00:45:00,May 15,12:45 AM ET,128d ago,home,Jacksonville Jaguars,,0.0,0.0,,0.0,0.0,-118.0,100.0,100.0
2026-09-20T03:49:22,nfl,nfl_20260927_new_england_patriots_jacksonville_jaguars,20260927NFL00041,DK,draftkings,first_full,2,2026-05-16T03:40:00,May 16,3:40 AM ET,127d ago,away,New England Patriots,1.5,27.0,67.0,45.5,100.0,100.0,-102.0,91.0,74.0
2026-09-20T03:49:22,nfl,nfl_20260927_new_england_patriots_jacksonville_jaguars,20260927NFL00041,DK,draftkings,first_full,2,2026-05-16T03:40:00,May 16,3:40 AM ET,127d ago,home,Jacksonville Jaguars,-1.5,73.0,33.0,45.5,0.0,0.0,-118.0,9.0,26.0
2026-09-20T03:49:22,nfl,nfl_20260927_new_england_patriots_jacksonville_jaguars,20260927NFL00041,DK,draftkings,change,3,2026-09-20T03:05:00,Sep 20,3:05 AM ET,44m ago,away,New England Patriots,2.5,14.0,75.0,45.5,58.0,63.0,114.0,91.0,43.0
2026-09-20T03:49:22,nfl,nfl_20260927_new_england_patriots_jacksonville_jaguars,20260927NFL00041,DK,draftkings,change,3,2026-09-20T03:05:00,Sep 20,3:05 AM ET,44m ago,home,Jacksonville Jaguars,-2.5,86.0,25.0,45.5,42.0,38.0,-135.0,9.0,57.0
2026-09-20T03:49:22,nfl,nfl_20260927_new_england_patriots_jacksonville_jaguars,20260927NFL00041,DK,draftkings,change,4,2026-09-20T02:40:00,Sep 20,2:40 AM ET,1h ago,away,New England Patriots,2.5,14.0,75.0,45.5,58.0,63.0,114.0,91.0,42.0
2026-09-20T03:49:22,nfl,nfl_20260927_new_england_patriots_jacksonville_jaguars,20260927NFL00041,DK,draftkings,change,4,2026-09-20T02:40:00,Sep 20,2:40 AM ET,1h ago,home,Jacksonville Jaguars,-2.5,86.0,25.0,45.5,42.0,38.0,-135.0,9.0,58.0
2026-09-20T03:49:22,nfl,nfl_20260927_new_england_patriots_jacksonville_jaguars,20260927NFL00041,DK,draftkings,change,5,2026-09-20T00:35:00,Sep 20,12:35 AM ET,3h ago,away,New England Patriots,2.5,14.0,76.0,45.5,58.0,63.0,114.0,91.0,43.0
2026-09-20T03:49:22,nfl,nfl_20260927_new_england_patriots_jacksonville_jaguars,20260927NFL00041,DK,draftkings,change,5,2026-09-20T00:35:00,Sep 20,12:35 AM ET,3h ago,home,Jacksonville Jaguars,-2.5,86.0,24.0,45.5,42.0,38.0,-135.0,9.0,57.0
2026-09-20T03:49:22,nfl,nfl_20260927_new_england_patriots_jacksonville_jaguars,20260927NFL00041,DK,draftkings,change,6,2026-09-19T23:00:00,Sep 19,11:00 PM ET,4h ago,away,New England Patriots,2.5,14.0,76.0,45.5,58.0,63.0,114.0,91.0,42.0
2026-09-20T03:49:22,nfl,nfl_20260927_new_england_patriots_jacksonville_jaguars,20260927NFL00041,DK,draftkings,change,6,2026-09-19T23:00:00,Sep 19,11:00 PM ET,4h ago,home,Jacksonville Jaguars,-2.5,86.0,24.0,45.5,42.0,38.0,-135.0,9.0,58.0
2026-09-20T03:49:22,nfl,nfl_20260927_new_england_patriots_jacksonville_jaguars,20260927NFL00041,DK,draftkings,change,7,2026-09-19T22:25:00,Sep 19,10:25 PM ET,5h ago,away,New England Patriots,2.5,14.0,76.0,45.5,58.0,63.0,114.0,91.0,41.0
2026-09-20T03:49:22,nfl,nfl_20260927_new_england_patriots_jacksonville_jaguars,20260927NFL00041,DK,draftkings,change,7,2026-09-19T22:25:00,Sep 19,10:25 PM ET,5h ago,home,Jacksonville Jaguars,-2.5,86.0,24.0,45.5,42.0,38.0,-135.0,9.0,59.0
2026-09-20T03:49:22,nfl,nfl_20260927_new_england_patriots_jacksonville_jaguars,20260927NFL00041,DK,draftkings,change,8,2026-09-19T22:00:00,Sep 19,10:00 PM ET,5h ago,away,New England Patriots,2.5,14.0,76.0,45.5,58.0,57.0,114.0,91.0,42.0
2026-09-20T03:49:22,nfl,nfl_20260927_new_england_patriots_jacksonville_jaguars,20260927NFL00041,DK,draftkings,change,8,2026-09-19T22:00:00,Sep 19,10:00 PM ET,5h ago,home,Jacksonville Jaguars,-2.5,86.0,24.0,45.5,42.0,43.0,-135.0,9.0,58.0
2026-09-20T03:49:22,nfl,nfl_20260927_new_england_patriots_jacksonville_jaguars,20260927NFL00041,DK,draftkings,change,9,2026-09-19T19:50:00,Sep 19,7:50 PM ET,7h ago,away,New England Patriots,2.5,14.0,76.0,45.5,58.0,57.0,114.0,91.0,41.0
2026-09-20T03:49:22,nfl,nfl_20260927_new_england_patriots_jacksonville_jaguars,20260927NFL00041,DK,draftkings,change,9,2026-09-19T19:50:00,Sep 19,7:50 PM ET,7h ago,home,Jacksonville Jaguars,-2.5,86.0,24.0,45.5,42.0,43.0,-135.0,9.0,59.0
2026-09-20T03:49:22,nfl,nfl_20260927_new_england_patriots_jacksonville_jaguars,20260927NFL00041,DK,draftkings,change,10,2026-09-19T17:50:00,Sep 19,5:50 PM ET,9h ago,away,New England Patriots,2.5,14.0,75.0,45.5,58.0,57.0,114.0,91.0,41.0
2026-09-20T03:49:22,nfl,nfl_20260927_new_england_patriots_jacksonville_jaguars,20260927NFL00041,DK,draftkings,change,10,2026-09-19T17:50:00,Sep 19,5:50 PM ET,9h ago,home,Jacksonville Jaguars,-2.5,86.0,25.0,45.5,42.0,43.0,-135.0,9.0,59.0
2026-09-20T03:49:22,nfl,nfl_20260927_new_england_patriots_jacksonville_jaguars,20260927NFL00041,DK,draftkings,change,11,2026-09-19T17:35:00,Sep 19,5:35 PM ET,10h ago,away,New England Patriots,2.5,14.0,75.0,45.5,58.0,57.0,114.0,91.0,41.0
2026-09-20T03:49:22,nfl,nfl_20260927_new_england_patriots_jacksonville_jaguars,20260927NFL00041,DK,draftkings,change,11,2026-09-19T17:35:00,Sep 19,5:35 PM ET,10h ago,home,Jacksonville Jaguars,-2.5,86.0,25.0,45.5,42.0,43.0,-135.0,9.0,60.0
2026-09-20T03:49:22,nfl,nfl_20260927_new_england_patriots_jacksonville_jaguars,20260927NFL00041,DK,draftkings,change,12,2026-09-19T12:10:00,Sep 19,12:10 PM ET,15h ago,away,New England Patriots,2.5,14.0,75.0,45.5,58.0,57.0,114.0,92.0,41.0
2026-09-20T03:49:22,nfl,nfl_20260927_new_england_patriots_jacksonville_jaguars,20260927NFL00041,DK,draftkings,change,12,2026-09-19T12:10:00,Sep 19,12:10 PM ET,15h ago,home,Jacksonville Jaguars,-2.5,86.0,25.0,45.5,42.0,43.0,-135.0,8.0,59.0
2026-09-20T03:49:22,nfl,nfl_20260927_new_england_patriots_jacksonville_jaguars,20260927NFL00041,DK,draftkings,change,13,2026-09-19T11:00:00,Sep 19,11:00 AM ET,16h ago,away,New England Patriots,2.5,14.0,75.0,45.5,58.0,57.0,114.0,92.0,40.0
2026-09-20T03:49:22,nfl,nfl_20260927_new_england_patriots_jacksonville_jaguars,20260927NFL00041,DK,draftkings,change,13,2026-09-19T11:00:00,Sep 19,11:00 AM ET,16h ago,home,Jacksonville Jaguars,-2.5,86.0,25.0,45.5,42.0,43.0,-135.0,8.0,60.0
2026-09-20T03:49:22,nfl,nfl_20260927_new_england_patriots_jacksonville_jaguars,20260927NFL00041,DK,draftkings,change,14,2026-09-18T21:10:00,Sep 18,9:10 PM ET,1d ago,away,New England Patriots,2.5,14.0,76.0,45.5,58.0,57.0,114.0,92.0,40.0
2026-09-20T03:49:22,nfl,nfl_20260927_new_england_patriots_jacksonville_jaguars,20260927NFL00041,DK,draftkings,change,14,2026-09-18T21:10:00,Sep 18,9:10 PM ET,1d ago,home,Jacksonville Jaguars,-2.5,86.0,24.0,45.5,42.0,43.0,-135.0,8.0,60.0
2026-09-20T03:49:22,nfl,nfl_20260927_new_england_patriots_jacksonville_jaguars,20260927NFL00041,DK,draftkings,change,15,2026-09-18T21:00:00,Sep 18,9:00 PM ET,1d ago,away,New England Patriots,2.5,14.0,76.0,45.5,58.0,57.0,114.0,93.0,40.0
2026-09-20T03:49:22,nfl,nfl_20260927_new_england_patriots_jacksonville_jaguars,20260927NFL00041,DK,draftkings,change,15,2026-09-18T21:00:00,Sep 18,9:00 PM ET,1d ago,home,Jacksonville Jaguars,-2.5,86.0,24.0,45.5,42.0,43.0,-135.0,7.0,60.0
2026-09-20T03:49:22,nfl,nfl_20260927_new_england_patriots_jacksonville_jaguars,20260927NFL00041,DK,draftkings,change,16,2026-09-18T20:55:00,Sep 18,8:55 PM ET,1d ago,away,New England Patriots,2.5,21.0,77.0,45.5,58.0,57.0,114.0,93.0,40.0
2026-09-20T03:49:22,nfl,nfl_20260927_new_england_patriots_jacksonville_jaguars,20260927NFL00041,DK,draftkings,change,16,2026-09-18T20:55:00,Sep 18,8:55 PM ET,1d ago,home,Jacksonville Jaguars,-2.5,79.0,23.0,45.5,42.0,43.0,-135.0,7.0,60.0
2026-09-20T03:49:22,nfl,nfl_20260927_new_england_patriots_jacksonville_jaguars,20260927NFL00041,DK,draftkings,change,17,2026-09-18T18:25:00,Sep 18,6:25 PM ET,1d ago,away,New England Patriots,2.5,21.0,78.0,45.5,58.0,57.0,114.0,93.0,40.0
2026-09-20T03:49:22,nfl,nfl_20260927_new_england_patriots_jacksonville_jaguars,20260927NFL00041,DK,draftkings,change,17,2026-09-18T18:25:00,Sep 18,6:25 PM ET,1d ago,home,Jacksonville Jaguars,-2.5,79.0,22.0,45.5,42.0,43.0,-135.0,7.0,60.0
2026-09-20T03:49:22,nfl,nfl_20260927_new_england_patriots_jacksonville_jaguars,20260927NFL00041,DK,draftkings,change,18,2026-09-18T18:10:00,Sep 18,6:10 PM ET,1d ago,away,New England Patriots,2.5,21.0,78.0,45.5,58.0,57.0,114.0,93.0,41.0
2026-09-20T03:49:22,nfl,nfl_20260927_new_england_patriots_jacksonville_jaguars,20260927NFL00041,DK,draftkings,change,18,2026-09-18T18:10:00,Sep 18,6:10 PM ET,1d ago,home,Jacksonville Jaguars,-2.5,79.0,22.0,45.5,42.0,43.0,-135.0,7.0,59.0
2026-09-20T03:49:22,nfl,nfl_20260927_new_england_patriots_jacksonville_jaguars,20260927NFL00041,DK,draftkings,change,19,2026-09-18T14:55:00,Sep 18,2:55 PM ET,1d ago,away,New England Patriots,2.5,21.0,78.0,45.5,58.0,57.0,114.0,93.0,42.0
2026-09-20T03:49:22,nfl,nfl_20260927_new_england_patriots_jacksonville_jaguars,20260927NFL00041,DK,draftkings,change,19,2026-09-18T14:55:00,Sep 18,2:55 PM ET,1d ago,home,Jacksonville Jaguars,-2.5,79.0,22.0,45.5,42.0,43.0,-135.0,7.0,58.0
2026-09-20T03:49:22,nfl,nfl_20260927_new_england_patriots_jacksonville_jaguars,20260927NFL00041,DK,draftkings,change,20,2026-09-18T10:55:00,Sep 18,10:55 AM ET,1d ago,away,New England Patriots,2.5,21.0,78.0,45.5,58.0,57.0,114.0,93.0,43.0
2026-09-20T03:49:22,nfl,nfl_20260927_new_england_patriots_jacksonville_jaguars,20260927NFL00041,DK,draftkings,change,20,2026-09-18T10:55:00,Sep 18,10:55 AM ET,1d ago,home,Jacksonville Jaguars,-2.5,79.0,22.0,45.5,42.0,43.0,-135.0,7.0,57.0
2026-09-20T03:49:22,nfl,nfl_20260927_new_england_patriots_jacksonville_jaguars,20260927NFL00041,DK,draftkings,change,21,2026-09-18T05:40:00,Sep 18,5:40 AM ET,1d ago,away,New England Patriots,2.5,21.0,78.0,45.5,58.0,57.0,114.0,93.0,44.0
2026-09-20T03:49:22,nfl,nfl_20260927_new_england_patriots_jacksonville_jaguars,20260927NFL00041,DK,draftkings,change,21,2026-09-18T05:40:00,Sep 18,5:40 AM ET,1d ago,home,Jacksonville Jaguars,-2.5,79.0,22.0,45.5,42.0,43.0,-135.0,7.0,56.0
2026-09-20T03:49:22,nfl,nfl_20260927_new_england_patriots_jacksonville_jaguars,20260927NFL00041,DK,draftkings,change,22,2026-09-18T00:35:00,Sep 18,12:35 AM ET,2d ago,away,New England Patriots,2.5,21.0,78.0,45.5,58.0,57.0,114.0,93.0,45.0
2026-09-20T03:49:22,nfl,nfl_20260927_new_england_patriots_jacksonville_jaguars,20260927NFL00041,DK,draftkings,change,22,2026-09-18T00:35:00,Sep 18,12:35 AM ET,2d ago,home,Jacksonville Jaguars,-2.5,79.0,22.0,45.5,42.0,43.0,-135.0,7.0,55.0
2026-09-20T03:49:22,nfl,nfl_20260927_new_england_patriots_jacksonville_jaguars,20260927NFL00041,DK,draftkings,change,23,2026-09-17T22:30:00,Sep 17,10:30 PM ET,2d ago,away,New England Patriots,2.5,22.0,79.0,45.5,58.0,57.0,114.0,93.0,45.0
2026-09-20T03:49:22,nfl,nfl_20260927_new_england_patriots_jacksonville_jaguars,20260927NFL00041,DK,draftkings,change,23,2026-09-17T22:30:00,Sep 17,10:30 PM ET,2d ago,home,Jacksonville Jaguars,-2.5,78.0,21.0,45.5,42.0,43.0,-135.0,7.0,55.0
2026-09-20T03:49:22,nfl,nfl_20260927_new_england_patriots_jacksonville_jaguars,20260927NFL00041,DK,draftkings,change,24,2026-09-17T18:55:00,Sep 17,6:55 PM ET,2d ago,away,New England Patriots,2.5,22.0,80.0,45.5,58.0,57.0,114.0,93.0,45.0
2026-09-20T03:49:22,nfl,nfl_20260927_new_england_patriots_jacksonville_jaguars,20260927NFL00041,DK,draftkings,change,24,2026-09-17T18:55:00,Sep 17,6:55 PM ET,2d ago,home,Jacksonville Jaguars,-2.5,78.0,20.0,45.5,42.0,43.0,-135.0,7.0,55.0
2026-09-20T03:49:22,nfl,nfl_20260927_new_england_patriots_jacksonville_jaguars,20260927NFL00041,DK,draftkings,change,25,2026-09-17T17:45:00,Sep 17,5:45 PM ET,2d ago,away,New England Patriots,2.5,22.0,80.0,45.5,57.0,50.0,114.0,93.0,45.0
2026-09-20T03:49:22,nfl,nfl_20260927_new_england_patriots_jacksonville_jaguars,20260927NFL00041,DK,draftkings,change,25,2026-09-17T17:45:00,Sep 17,5:45 PM ET,2d ago,home,Jacksonville Jaguars,-2.5,78.0,20.0,45.5,43.0,50.0,-135.0,7.0,55.0
2026-09-20T03:49:22,nfl,nfl_20260927_new_england_patriots_jacksonville_jaguars,20260927NFL00041,DK,draftkings,change,26,2026-09-17T16:15:00,Sep 17,4:15 PM ET,2d ago,away,New England Patriots,2.5,22.0,81.0,45.5,57.0,50.0,114.0,93.0,45.0
2026-09-20T03:49:22,nfl,nfl_20260927_new_england_patriots_jacksonville_jaguars,20260927NFL00041,DK,draftkings,change,26,2026-09-17T16:15:00,Sep 17,4:15 PM ET,2d ago,home,Jacksonville Jaguars,-2.5,78.0,19.0,45.5,43.0,50.0,-135.0,7.0,55.0
2026-09-20T03:49:22,nfl,nfl_20260927_new_england_patriots_jacksonville_jaguars,20260927NFL00041,DK,draftkings,change,27,2026-09-17T14:20:00,Sep 17,2:20 PM ET,2d ago,away,New England Patriots,2.5,22.0,82.0,45.5,57.0,50.0,114.0,93.0,45.0
2026-09-20T03:49:22,nfl,nfl_20260927_new_england_patriots_jacksonville_jaguars,20260927NFL00041,DK,draftkings,change,27,2026-09-17T14:20:00,Sep 17,2:20 PM ET,2d ago,home,Jacksonville Jaguars,-2.5,78.0,18.0,45.5,43.0,50.0,-135.0,7.0,55.0
2026-09-20T03:49:24,nfl,nfl_20260927_tennessee_titans_new_york_giants,20260927NFL00048,DK,draftkings,open,1,2026-05-14T21:20:00,May 14,9:20 PM ET,128d ago,away,Tennessee Titans,3.0,0.0,0.0,,0.0,0.0,145.0,0.0,50.0
2026-09-20T03:49:24,nfl,nfl_20260927_tennessee_titans_new_york_giants,20260927NFL00048,DK,draftkings,open,1,2026-05-14T21:20:00,May 14,9:20 PM ET,128d ago,home,New York Giants,-3.0,100.0,100.0,,0.0,0.0,-175.0,100.0,50.0
2026-09-20T03:49:24,nfl,nfl_20260927_tennessee_titans_new_york_giants,20260927NFL00048,DK,draftkings,first_full,2,2026-06-01T11:00:00,Jun 1,11:00 AM ET,110d ago,away,Tennessee Titans,3.0,6.0,12.0,45.5,98.0,67.0,145.0,40.0,27.0
2026-09-20T03:49:24,nfl,nfl_20260927_tennessee_titans_new_york_giants,20260927NFL00048,DK,draftkings,first_full,2,2026-06-01T11:00:00,Jun 1,11:00 AM ET,110d ago,home,New York Giants,-3.0,94.0,88.0,45.5,2.0,33.0,-175.0,60.0,73.0
2026-09-20T03:49:24,nfl,nfl_20260927_tennessee_titans_new_york_giants,20260927NFL00048,DK,draftkings,change,3,2026-09-19T23:50:00,Sep 19,11:50 PM ET,3h ago,away,Tennessee Titans,5.5,0.0,43.0,43.5,100.0,78.0,205.0,3.0,5.0
2026-09-20T03:49:24,nfl,nfl_20260927_tennessee_titans_new_york_giants,20260927NFL00048,DK,draftkings,change,3,2026-09-19T23:50:00,Sep 19,11:50 PM ET,3h ago,home,New York Giants,-5.5,100.0,57.0,43.5,0.0,22.0,-250.0,97.0,95.0
2026-09-20T03:49:24,nfl,nfl_20260927_tennessee_titans_new_york_giants,20260927NFL00048,DK,draftkings,change,4,2026-09-19T23:10:00,Sep 19,11:10 PM ET,4h ago,away,Tennessee Titans,5.5,0.0,43.0,43.5,100.0,88.0,205.0,3.0,4.0
2026-09-20T03:49:24,nfl,nfl_20260927_tennessee_titans_new_york_giants,20260927NFL00048,DK,draftkings,change,4,2026-09-19T23:10:00,Sep 19,11:10 PM ET,4h ago,home,New York Giants,-5.5,100.0,57.0,43.5,0.0,13.0,-250.0,97.0,96.0
2026-09-20T03:49:24,nfl,nfl_20260927_tennessee_titans_new_york_giants,20260927NFL00048,DK,draftkings,change,5,2026-09-19T22:25:00,Sep 19,10:25 PM ET,5h ago,away,Tennessee Titans,5.5,0.0,44.0,43.5,100.0,88.0,205.0,3.0,4.0
2026-09-20T03:49:24,nfl,nfl_20260927_tennessee_titans_new_york_giants,20260927NFL00048,DK,draftkings,change,5,2026-09-19T22:25:00,Sep 19,10:25 PM ET,5h ago,home,New York Giants,-5.5,100.0,56.0,43.5,0.0,13.0,-250.0,97.0,96.0
2026-09-20T03:49:24,nfl,nfl_20260927_tennessee_titans_new_york_giants,20260927NFL00048,DK,draftkings,change,6,2026-09-19T20:20:00,Sep 19,8:20 PM ET,7h ago,away,Tennessee Titans,5.5,0.0,44.0,43.5,100.0,86.0,205.0,3.0,4.0
2026-09-20T03:49:24,nfl,nfl_20260927_tennessee_titans_new_york_giants,20260927NFL00048,DK,draftkings,change,6,2026-09-19T20:20:00,Sep 19,8:20 PM ET,7h ago,home,New York Giants,-5.5,100.0,56.0,43.5,0.0,14.0,-250.0,97.0,96.0
2026-09-20T03:49:24,nfl,nfl_20260927_tennessee_titans_new_york_giants,20260927NFL00048,DK,draftkings,change,7,2026-09-19T15:30:00,Sep 19,3:30 PM ET,12h ago,away,Tennessee Titans,5.5,0.0,45.0,43.5,100.0,86.0,205.0,3.0,4.0
2026-09-20T03:49:24,nfl,nfl_20260927_tennessee_titans_new_york_giants,20260927NFL00048,DK,draftkings,change,7,2026-09-19T15:30:00,Sep 19,3:30 PM ET,12h ago,home,New York Giants,-5.5,100.0,55.0,43.5,0.0,14.0,-250.0,97.0,96.0
2026-09-20T03:49:24,nfl,nfl_20260927_tennessee_titans_new_york_giants,20260927NFL00048,DK,draftkings,change,8,2026-09-19T13:00:00,Sep 19,1:00 PM ET,14h ago,away,Tennessee Titans,5.5,0.0,46.0,43.5,100.0,86.0,205.0,3.0,4.0
2026-09-20T03:49:24,nfl,nfl_20260927_tennessee_titans_new_york_giants,20260927NFL00048,DK,draftkings,change,8,2026-09-19T13:00:00,Sep 19,1:00 PM ET,14h ago,home,New York Giants,-5.5,100.0,54.0,43.5,0.0,14.0,-250.0,97.0,96.0
2026-09-20T03:49:24,nfl,nfl_20260927_tennessee_titans_new_york_giants,20260927NFL00048,DK,draftkings,change,9,2026-09-19T09:50:00,Sep 19,9:50 AM ET,17h ago,away,Tennessee Titans,5.5,0.0,47.0,43.5,100.0,86.0,205.0,3.0,4.0
2026-09-20T03:49:24,nfl,nfl_20260927_tennessee_titans_new_york_giants,20260927NFL00048,DK,draftkings,change,9,2026-09-19T09:50:00,Sep 19,9:50 AM ET,17h ago,home,New York Giants,-5.5,100.0,53.0,43.5,0.0,14.0,-250.0,97.0,96.0
2026-09-20T03:49:24,nfl,nfl_20260927_tennessee_titans_new_york_giants,20260927NFL00048,DK,draftkings,change,10,2026-09-19T08:00:00,Sep 19,8:00 AM ET,19h ago,away,Tennessee Titans,5.5,0.0,48.0,43.5,100.0,86.0,205.0,3.0,4.0
2026-09-20T03:49:24,nfl,nfl_20260927_tennessee_titans_new_york_giants,20260927NFL00048,DK,draftkings,change,10,2026-09-19T08:00:00,Sep 19,8:00 AM ET,19h ago,home,New York Giants,-5.5,100.0,52.0,43.5,0.0,14.0,-250.0,97.0,96.0
2026-09-20T03:49:24,nfl,nfl_20260927_tennessee_titans_new_york_giants,20260927NFL00048,DK,draftkings,change,11,2026-09-19T01:30:00,Sep 19,1:30 AM ET,1d ago,away,Tennessee Titans,5.5,0.0,49.0,43.5,100.0,86.0,205.0,3.0,4.0
2026-09-20T03:49:24,nfl,nfl_20260927_tennessee_titans_new_york_giants,20260927NFL00048,DK,draftkings,change,11,2026-09-19T01:30:00,Sep 19,1:30 AM ET,1d ago,home,New York Giants,-5.5,100.0,51.0,43.5,0.0,14.0,-250.0,97.0,96.0
2026-09-20T03:49:24,nfl,nfl_20260927_tennessee_titans_new_york_giants,20260927NFL00048,DK,draftkings,change,12,2026-09-19T01:20:00,Sep 19,1:20 AM ET,1d ago,away,Tennessee Titans,5.5,0.0,50.0,43.5,100.0,86.0,205.0,3.0,4.0
2026-09-20T03:49:24,nfl,nfl_20260927_tennessee_titans_new_york_giants,20260927NFL00048,DK,draftkings,change,12,2026-09-19T01:20:00,Sep 19,1:20 AM ET,1d ago,home,New York Giants,-5.5,100.0,50.0,43.5,0.0,14.0,-250.0,97.0,96.0
2026-09-20T03:49:24,nfl,nfl_20260927_tennessee_titans_new_york_giants,20260927NFL00048,DK,draftkings,change,13,2026-09-19T00:45:00,Sep 19,12:45 AM ET,1d ago,away,Tennessee Titans,5.5,0.0,50.0,43.5,100.0,86.0,205.0,3.0,5.0
2026-09-20T03:49:24,nfl,nfl_20260927_tennessee_titans_new_york_giants,20260927NFL00048,DK,draftkings,change,13,2026-09-19T00:45:00,Sep 19,12:45 AM ET,1d ago,home,New York Giants,-5.5,100.0,50.0,43.5,0.0,14.0,-250.0,97.0,95.0
2026-09-20T03:49:24,nfl,nfl_20260927_tennessee_titans_new_york_giants,20260927NFL00048,DK,draftkings,change,14,2026-09-19T00:30:00,Sep 19,12:30 AM ET,1d ago,away,Tennessee Titans,5.5,1.0,50.0,43.5,100.0,86.0,205.0,3.0,5.0
2026-09-20T03:49:24,nfl,nfl_20260927_tennessee_titans_new_york_giants,20260927NFL00048,DK,draftkings,change,14,2026-09-19T00:30:00,Sep 19,12:30 AM ET,1d ago,home,New York Giants,-5.5,99.0,50.0,43.5,0.0,14.0,-250.0,97.0,95.0
2026-09-20T03:49:24,nfl,nfl_20260927_tennessee_titans_new_york_giants,20260927NFL00048,DK,draftkings,change,15,2026-09-18T21:45:00,Sep 18,9:45 PM ET,1d ago,away,Tennessee Titans,5.5,1.0,51.0,43.5,100.0,86.0,205.0,3.0,5.0
2026-09-20T03:49:24,nfl,nfl_20260927_tennessee_titans_new_york_giants,20260927NFL00048,DK,draftkings,change,15,2026-09-18T21:45:00,Sep 18,9:45 PM ET,1d ago,home,New York Giants,-5.5,99.0,49.0,43.5,0.0,14.0,-250.0,97.0,95.0
2026-09-20T03:49:24,nfl,nfl_20260927_tennessee_titans_new_york_giants,20260927NFL00048,DK,draftkings,change,16,2026-09-18T18:45:00,Sep 18,6:45 PM ET,1d ago,away,Tennessee Titans,5.5,1.0,52.0,43.5,100.0,86.0,205.0,3.0,5.0
2026-09-20T03:49:24,nfl,nfl_20260927_tennessee_titans_new_york_giants,20260927NFL00048,DK,draftkings,change,16,2026-09-18T18:45:00,Sep 18,6:45 PM ET,1d ago,home,New York Giants,-5.5,99.0,48.0,43.5,0.0,14.0,-250.0,97.0,95.0
2026-09-20T03:49:24,nfl,nfl_20260927_tennessee_titans_new_york_giants,20260927NFL00048,DK,draftkings,change,17,2026-09-18T16:50:00,Sep 18,4:50 PM ET,1d ago,away,Tennessee Titans,5.5,0.0,52.0,43.5,100.0,86.0,205.0,3.0,5.0
2026-09-20T03:49:24,nfl,nfl_20260927_tennessee_titans_new_york_giants,20260927NFL00048,DK,draftkings,change,17,2026-09-18T16:50:00,Sep 18,4:50 PM ET,1d ago,home,New York Giants,-5.5,100.0,48.0,43.5,0.0,14.0,-250.0,97.0,95.0
2026-09-20T03:49:24,nfl,nfl_20260927_tennessee_titans_new_york_giants,20260927NFL00048,DK,draftkings,change,18,2026-09-18T16:40:00,Sep 18,4:40 PM ET,1d ago,away,Tennessee Titans,5.5,0.0,53.0,43.5,100.0,86.0,205.0,3.0,5.0
2026-09-20T03:49:24,nfl,nfl_20260927_tennessee_titans_new_york_giants,20260927NFL00048,DK,draftkings,change,18,2026-09-18T16:40:00,Sep 18,4:40 PM ET,1d ago,home,New York Giants,-5.5,100.0,47.0,43.5,0.0,14.0,-250.0,97.0,95.0
2026-09-20T03:49:24,nfl,nfl_20260927_tennessee_titans_new_york_giants,20260927NFL00048,DK,draftkings,change,19,2026-09-18T14:20:00,Sep 18,2:20 PM ET,1d ago,away,Tennessee Titans,5.5,0.0,54.0,43.5,100.0,86.0,205.0,3.0,4.0
2026-09-20T03:49:24,nfl,nfl_20260927_tennessee_titans_new_york_giants,20260927NFL00048,DK,draftkings,change,19,2026-09-18T14:20:00,Sep 18,2:20 PM ET,1d ago,home,New York Giants,-5.5,100.0,46.0,43.5,0.0,14.0,-250.0,97.0,96.0
2026-09-20T03:49:24,nfl,nfl_20260927_tennessee_titans_new_york_giants,20260927NFL00048,DK,draftkings,change,20,2026-09-18T13:50:00,Sep 18,1:50 PM ET,1d ago,away,Tennessee Titans,5.5,0.0,54.0,43.5,100.0,86.0,205.0,5.0,4.0
2026-09-20T03:49:24,nfl,nfl_20260927_tennessee_titans_new_york_giants,20260927NFL00048,DK,draftkings,change,20,2026-09-18T13:50:00,Sep 18,1:50 PM ET,1d ago,home,New York Giants,-5.5,100.0,46.0,43.5,0.0,14.0,-250.0,95.0,96.0
2026-09-20T03:49:24,nfl,nfl_20260927_tennessee_titans_new_york_giants,20260927NFL00048,DK,draftkings,change,21,2026-09-18T12:50:00,Sep 18,12:50 PM ET,1d ago,away,Tennessee Titans,5.5,0.0,54.0,43.5,100.0,86.0,205.0,5.0,5.0
2026-09-20T03:49:24,nfl,nfl_20260927_tennessee_titans_new_york_giants,20260927NFL00048,DK,draftkings,change,21,2026-09-18T12:50:00,Sep 18,12:50 PM ET,1d ago,home,New York Giants,-5.5,100.0,46.0,43.5,0.0,14.0,-250.0,95.0,96.0
2026-09-20T03:49:24,nfl,nfl_20260927_tennessee_titans_new_york_giants,20260927NFL00048,DK,draftkings,change,22,2026-09-18T10:25:00,Sep 18,10:25 AM ET,1d ago,away,Tennessee Titans,5.5,0.0,54.0,43.5,100.0,86.0,205.0,5.0,5.0
2026-09-20T03:49:24,nfl,nfl_20260927_tennessee_titans_new_york_giants,20260927NFL00048,DK,draftkings,change,22,2026-09-18T10:25:00,Sep 18,10:25 AM ET,1d ago,home,New York Giants,-5.5,100.0,46.0,43.5,0.0,14.0,-250.0,95.0,95.0
2026-09-20T03:49:24,nfl,nfl_20260927_tennessee_titans_new_york_giants,20260927NFL00048,DK,draftkings,change,23,2026-09-18T09:05:00,Sep 18,9:05 AM ET,1d ago,away,Tennessee Titans,5.5,0.0,55.0,43.5,100.0,86.0,205.0,5.0,5.0
2026-09-20T03:49:24,nfl,nfl_20260927_tennessee_titans_new_york_giants,20260927NFL00048,DK,draftkings,change,23,2026-09-18T09:05:00,Sep 18,9:05 AM ET,1d ago,home,New York Giants,-5.5,100.0,45.0,43.5,0.0,14.0,-250.0,95.0,95.0
2026-09-20T03:49:24,nfl,nfl_20260927_tennessee_titans_new_york_giants,20260927NFL00048,DK,draftkings,change,24,2026-09-18T08:15:00,Sep 18,8:15 AM ET,1d ago,away,Tennessee Titans,5.5,0.0,56.0,43.5,100.0,86.0,205.0,5.0,5.0
2026-09-20T03:49:24,nfl,nfl_20260927_tennessee_titans_new_york_giants,20260927NFL00048,DK,draftkings,change,24,2026-09-18T08:15:00,Sep 18,8:15 AM ET,1d ago,home,New York Giants,-5.5,100.0,44.0,43.5,0.0,14.0,-250.0,95.0,95.0
2026-09-20T03:49:24,nfl,nfl_20260927_tennessee_titans_new_york_giants,20260927NFL00048,DK,draftkings,change,25,2026-09-18T06:15:00,Sep 18,6:15 AM ET,1d ago,away,Tennessee Titans,5.5,0.0,57.0,43.5,100.0,86.0,205.0,5.0,5.0
2026-09-20T03:49:24,nfl,nfl_20260927_tennessee_titans_new_york_giants,20260927NFL00048,DK,draftkings,change,25,2026-09-18T06:15:00,Sep 18,6:15 AM ET,1d ago,home,New York Giants,-5.5,100.0,43.0,43.5,0.0,14.0,-250.0,95.0,95.0
2026-09-20T03:49:24,nfl,nfl_20260927_tennessee_titans_new_york_giants,20260927NFL00048,DK,draftkings,change,26,2026-09-18T06:10:00,Sep 18,6:10 AM ET,1d ago,away,Tennessee Titans,5.5,0.0,56.0,43.5,100.0,86.0,205.0,5.0,5.0
2026-09-20T03:49:24,nfl,nfl_20260927_tennessee_titans_new_york_giants,20260927NFL00048,DK,draftkings,change,26,2026-09-18T06:10:00,Sep 18,6:10 AM ET,1d ago,home,New York Giants,-5.5,100.0,44.0,43.5,0.0,14.0,-250.0,95.0,95.0
2026-09-20T03:49:24,nfl,nfl_20260927_tennessee_titans_new_york_giants,20260927NFL00048,DK,draftkings,change,27,2026-09-18T02:00:00,Sep 18,2:00 AM ET,2d ago,away,Tennessee Titans,5.5,0.0,57.0,43.5,100.0,86.0,205.0,5.0,5.0
2026-09-20T03:49:24,nfl,nfl_20260927_tennessee_titans_new_york_giants,20260927NFL00048,DK,draftkings,change,27,2026-09-18T02:00:00,Sep 18,2:00 AM ET,2d ago,home,New York Giants,-5.5,100.0,43.0,43.5,0.0,14.0,-250.0,95.0,95.0
2026-09-20T03:49:26,nfl,nfl_20260927_seattle_seahawks_wash_commanders,20260927NFL00050,DK,draftkings,open,1,2026-05-14T22:50:00,May 14,10:50 PM ET,128d ago,away,Seattle Seahawks,,0.0,0.0,,0.0,0.0,-198.0,100.0,100.0
2026-09-20T03:49:26,nfl,nfl_20260927_seattle_seahawks_wash_commanders,20260927NFL00050,DK,draftkings,open,1,2026-05-14T22:50:00,May 14,10:50 PM ET,128d ago,home,Wash Commanders,,0.0,0.0,,0.0,0.0,164.0,0.0,0.0
2026-09-20T03:49:26,nfl,nfl_20260927_seattle_seahawks_wash_commanders,20260927NFL00050,DK,draftkings,first_full,2,2026-09-17T18:55:00,Sep 17,6:55 PM ET,2d ago,away,Seattle Seahawks,-2.5,100.0,92.0,41.5,100.0,100.0,-135.0,71.0,97.0
2026-09-20T03:49:26,nfl,nfl_20260927_seattle_seahawks_wash_commanders,20260927NFL00050,DK,draftkings,first_full,2,2026-09-17T18:55:00,Sep 17,6:55 PM ET,2d ago,home,Wash Commanders,2.5,0.0,8.0,41.5,0.0,0.0,114.0,29.0,3.0
2026-09-20T03:49:26,nfl,nfl_20260927_seattle_seahawks_wash_commanders,20260927NFL00050,DK,draftkings,change,3,2026-09-20T02:40:00,Sep 20,2:40 AM ET,1h ago,away,Seattle Seahawks,-2.5,100.0,93.0,41.5,100.0,100.0,-135.0,78.0,96.0
2026-09-20T03:49:26,nfl,nfl_20260927_seattle_seahawks_wash_commanders,20260927NFL00050,DK,draftkings,change,3,2026-09-20T02:40:00,Sep 20,2:40 AM ET,1h ago,home,Wash Commanders,2.5,0.0,7.0,41.5,0.0,0.0,114.0,22.0,4.0
2026-09-20T03:49:26,nfl,nfl_20260927_seattle_seahawks_wash_commanders,20260927NFL00050,DK,draftkings,change,4,2026-09-20T00:40:00,Sep 20,12:40 AM ET,3h ago,away,Seattle Seahawks,-2.5,100.0,93.0,41.5,100.0,100.0,-135.0,78.0,95.0
2026-09-20T03:49:26,nfl,nfl_20260927_seattle_seahawks_wash_commanders,20260927NFL00050,DK,draftkings,change,4,2026-09-20T00:40:00,Sep 20,12:40 AM ET,3h ago,home,Wash Commanders,2.5,0.0,7.0,41.5,0.0,0.0,114.0,22.0,5.0
2026-09-20T03:49:26,nfl,nfl_20260927_seattle_seahawks_wash_commanders,20260927NFL00050,DK,draftkings,change,5,2026-09-20T00:35:00,Sep 20,12:35 AM ET,3h ago,away,Seattle Seahawks,-2.5,100.0,93.0,41.5,100.0,100.0,-135.0,77.0,95.0
2026-09-20T03:49:26,nfl,nfl_20260927_seattle_seahawks_wash_commanders,20260927NFL00050,DK,draftkings,change,5,2026-09-20T00:35:00,Sep 20,12:35 AM ET,3h ago,home,Wash Commanders,2.5,0.0,7.0,41.5,0.0,0.0,114.0,23.0,5.0
2026-09-20T03:49:26,nfl,nfl_20260927_seattle_seahawks_wash_commanders,20260927NFL00050,DK,draftkings,change,6,2026-09-19T21:30:00,Sep 19,9:30 PM ET,6h ago,away,Seattle Seahawks,-2.5,100.0,93.0,41.5,100.0,100.0,-135.0,77.0,96.0
2026-09-20T03:49:26,nfl,nfl_20260927_seattle_seahawks_wash_commanders,20260927NFL00050,DK,draftkings,change,6,2026-09-19T21:30:00,Sep 19,9:30 PM ET,6h ago,home,Wash Commanders,2.5,0.0,7.0,41.5,0.0,0.0,114.0,23.0,4.0
2026-09-20T03:49:26,nfl,nfl_20260927_seattle_seahawks_wash_commanders,20260927NFL00050,DK,draftkings,change,7,2026-09-19T20:55:00,Sep 19,8:55 PM ET,6h ago,away,Seattle Seahawks,-2.5,100.0,92.0,41.5,100.0,100.0,-135.0,77.0,96.0
2026-09-20T03:49:26,nfl,nfl_20260927_seattle_seahawks_wash_commanders,20260927NFL00050,DK,draftkings,change,7,2026-09-19T20:55:00,Sep 19,8:55 PM ET,6h ago,home,Wash Commanders,2.5,0.0,8.0,41.5,0.0,0.0,114.0,23.0,4.0
2026-09-20T03:49:26,nfl,nfl_20260927_seattle_seahawks_wash_commanders,20260927NFL00050,DK,draftkings,change,8,2026-09-19T19:20:00,Sep 19,7:20 PM ET,8h ago,away,Seattle Seahawks,-2.5,100.0,92.0,41.5,100.0,100.0,-135.0,75.0,96.0
2026-09-20T03:49:26,nfl,nfl_20260927_seattle_seahawks_wash_commanders,20260927NFL00050,DK,draftkings,change,8,2026-09-19T19:20:00,Sep 19,7:20 PM ET,8h ago,home,Wash Commanders,2.5,0.0,8.0,41.5,0.0,0.0,114.0,25.0,4.0
2026-09-20T03:49:26,nfl,nfl_20260927_seattle_seahawks_wash_commanders,20260927NFL00050,DK,draftkings,change,9,2026-09-19T05:05:00,Sep 19,5:05 AM ET,22h ago,away,Seattle Seahawks,-2.5,100.0,92.0,41.5,100.0,100.0,-135.0,74.0,96.0
2026-09-20T03:49:26,nfl,nfl_20260927_seattle_seahawks_wash_commanders,20260927NFL00050,DK,draftkings,change,9,2026-09-19T05:05:00,Sep 19,5:05 AM ET,22h ago,home,Wash Commanders,2.5,0.0,8.0,41.5,0.0,0.0,114.0,26.0,4.0
2026-09-20T03:49:26,nfl,nfl_20260927_seattle_seahawks_wash_commanders,20260927NFL00050,DK,draftkings,change,10,2026-09-19T02:25:00,Sep 19,2:25 AM ET,1d ago,away,Seattle Seahawks,-2.5,100.0,92.0,41.5,100.0,100.0,-135.0,73.0,96.0
2026-09-20T03:49:26,nfl,nfl_20260927_seattle_seahawks_wash_commanders,20260927NFL00050,DK,draftkings,change,10,2026-09-19T02:25:00,Sep 19,2:25 AM ET,1d ago,home,Wash Commanders,2.5,0.0,8.0,41.5,0.0,0.0,114.0,27.0,4.0
2026-09-20T03:49:26,nfl,nfl_20260927_seattle_seahawks_wash_commanders,20260927NFL00050,DK,draftkings,change,11,2026-09-19T01:20:00,Sep 19,1:20 AM ET,1d ago,away,Seattle Seahawks,-2.5,100.0,96.0,41.5,100.0,100.0,-135.0,73.0,96.0
2026-09-20T03:49:26,nfl,nfl_20260927_seattle_seahawks_wash_commanders,20260927NFL00050,DK,draftkings,change,11,2026-09-19T01:20:00,Sep 19,1:20 AM ET,1d ago,home,Wash Commanders,2.5,0.0,4.0,41.5,0.0,0.0,114.0,27.0,4.0
2026-09-20T03:49:26,nfl,nfl_20260927_seattle_seahawks_wash_commanders,20260927NFL00050,DK,draftkings,change,12,2026-09-18T16:15:00,Sep 18,4:15 PM ET,1d ago,away,Seattle Seahawks,-2.5,100.0,95.0,41.5,100.0,100.0,-135.0,73.0,96.0
2026-09-20T03:49:26,nfl,nfl_20260927_seattle_seahawks_wash_commanders,20260927NFL00050,DK,draftkings,change,12,2026-09-18T16:15:00,Sep 18,4:15 PM ET,1d ago,home,Wash Commanders,2.5,0.0,5.0,41.5,0.0,0.0,114.0,27.0,4.0
2026-09-20T03:49:26,nfl,nfl_20260927_seattle_seahawks_wash_commanders,20260927NFL00050,DK,draftkings,change,13,2026-09-18T12:10:00,Sep 18,12:10 PM ET,1d ago,away,Seattle Seahawks,-2.5,100.0,94.0,41.5,100.0,100.0,-135.0,73.0,96.0
2026-09-20T03:49:26,nfl,nfl_20260927_seattle_seahawks_wash_commanders,20260927NFL00050,DK,draftkings,change,13,2026-09-18T12:10:00,Sep 18,12:10 PM ET,1d ago,home,Wash Commanders,2.5,0.0,6.0,41.5,0.0,0.0,114.0,27.0,4.0
2026-09-20T03:49:26,nfl,nfl_20260927_seattle_seahawks_wash_commanders,20260927NFL00050,DK,draftkings,change,14,2026-09-18T09:05:00,Sep 18,9:05 AM ET,1d ago,away,Seattle Seahawks,-2.5,100.0,93.0,41.5,100.0,100.0,-135.0,73.0,96.0
2026-09-20T03:49:26,nfl,nfl_20260927_seattle_seahawks_wash_commanders,20260927NFL00050,DK,draftkings,change,14,2026-09-18T09:05:00,Sep 18,9:05 AM ET,1d ago,home,Wash Commanders,2.5,0.0,7.0,41.5,0.0,0.0,114.0,27.0,4.0
2026-09-20T03:49:26,nfl,nfl_20260927_seattle_seahawks_wash_commanders,20260927NFL00050,DK,draftkings,change,15,2026-09-18T05:40:00,Sep 18,5:40 AM ET,1d ago,away,Seattle Seahawks,-2.5,100.0,92.0,41.5,100.0,100.0,-135.0,73.0,96.0
2026-09-20T03:49:26,nfl,nfl_20260927_seattle_seahawks_wash_commanders,20260927NFL00050,DK,draftkings,change,15,2026-09-18T05:40:00,Sep 18,5:40 AM ET,1d ago,home,Wash Commanders,2.5,0.0,8.0,41.5,0.0,0.0,114.0,27.0,4.0
2026-09-20T03:49:26,nfl,nfl_20260927_seattle_seahawks_wash_commanders,20260927NFL00050,DK,draftkings,change,16,2026-09-18T05:35:00,Sep 18,5:35 AM ET,1d ago,away,Seattle Seahawks,-2.5,100.0,92.0,41.5,100.0,100.0,-135.0,72.0,96.0
2026-09-20T03:49:26,nfl,nfl_20260927_seattle_seahawks_wash_commanders,20260927NFL00050,DK,draftkings,change,16,2026-09-18T05:35:00,Sep 18,5:35 AM ET,1d ago,home,Wash Commanders,2.5,0.0,8.0,41.5,0.0,0.0,114.0,28.0,4.0
2026-09-20T03:49:26,nfl,nfl_20260927_seattle_seahawks_wash_commanders,20260927NFL00050,DK,draftkings,change,17,2026-09-17T23:55:00,Sep 17,11:55 PM ET,2d ago,away,Seattle Seahawks,-2.5,100.0,92.0,41.5,100.0,100.0,-135.0,73.0,97.0
2026-09-20T03:49:26,nfl,nfl_20260927_seattle_seahawks_wash_commanders,20260927NFL00050,DK,draftkings,change,17,2026-09-17T23:55:00,Sep 17,11:55 PM ET,2d ago,home,Wash Commanders,2.5,0.0,8.0,41.5,0.0,0.0,114.0,27.0,3.0
2026-09-20T03:49:26,nfl,nfl_20260927_seattle_seahawks_wash_commanders,20260927NFL00050,DK,draftkings,change,18,2026-09-17T20:25:00,Sep 17,8:25 PM ET,2d ago,away,Seattle Seahawks,-2.5,100.0,92.0,41.5,100.0,100.0,-135.0,72.0,97.0
2026-09-20T03:49:26,nfl,nfl_20260927_seattle_seahawks_wash_commanders,20260927NFL00050,DK,draftkings,change,18,2026-09-17T20:25:00,Sep 17,8:25 PM ET,2d ago,home,Wash Commanders,2.5,0.0,8.0,41.5,0.0,0.0,114.0,28.0,3.0
2026-09-20T03:49:26,nfl,nfl_20260927_seattle_seahawks_wash_commanders,20260927NFL00050,DK,draftkings,change,19,2026-09-17T18:55:00,Sep 17,6:55 PM ET,2d ago,away,Seattle Seahawks,-2.5,100.0,92.0,41.5,100.0,100.0,-135.0,71.0,97.0
2026-09-20T03:49:26,nfl,nfl_20260927_seattle_seahawks_wash_commanders,20260927NFL00050,DK,draftkings,change,19,2026-09-17T18:55:00,Sep 17,6:55 PM ET,2d ago,home,Wash Commanders,2.5,0.0,8.0,41.5,0.0,0.0,114.0,29.0,3.0
2026-09-20T03:49:26,nfl,nfl_20260927_seattle_seahawks_wash_commanders,20260927NFL00050,DK,draftkings,change,20,2026-09-17T16:50:00,Sep 17,4:50 PM ET,2d ago,away,Seattle Seahawks,-2.5,100.0,92.0,,0.0,0.0,-135.0,71.0,97.0
2026-09-20T03:49:26,nfl,nfl_20260927_seattle_seahawks_wash_commanders,20260927NFL00050,DK,draftkings,change,20,2026-09-17T16:50:00,Sep 17,4:50 PM ET,2d ago,home,Wash Commanders,2.5,0.0,8.0,,0.0,0.0,114.0,29.0,3.0
2026-09-20T03:49:26,nfl,nfl_20260927_seattle_seahawks_wash_commanders,20260927NFL00050,DK,draftkings,change,21,2026-09-17T16:10:00,Sep 17,4:10 PM ET,2d ago,away,Seattle Seahawks,-2.5,100.0,92.0,,0.0,0.0,-135.0,70.0,97.0
2026-09-20T03:49:26,nfl,nfl_20260927_seattle_seahawks_wash_commanders,20260927NFL00050,DK,draftkings,change,21,2026-09-17T16:10:00,Sep 17,4:10 PM ET,2d ago,home,Wash Commanders,2.5,0.0,8.0,,0.0,0.0,114.0,30.0,3.0
2026-09-20T03:49:26,nfl,nfl_20260927_seattle_seahawks_wash_commanders,20260927NFL00050,DK,draftkings,change,22,2026-09-16T23:00:00,Sep 16,11:00 PM ET,3d ago,away,Seattle Seahawks,-2.5,100.0,91.0,,0.0,0.0,-135.0,70.0,97.0
2026-09-20T03:49:26,nfl,nfl_20260927_seattle_seahawks_wash_commanders,20260927NFL00050,DK,draftkings,change,22,2026-09-16T23:00:00,Sep 16,11:00 PM ET,3d ago,home,Wash Commanders,2.5,0.0,9.0,,0.0,0.0,114.0,30.0,3.0
2026-09-20T03:49:26,nfl,nfl_20260927_seattle_seahawks_wash_commanders,20260927NFL00050,DK,draftkings,change,23,2026-09-16T22:50:00,Sep 16,10:50 PM ET,3d ago,away,Seattle Seahawks,-2.5,100.0,91.0,,0.0,0.0,-135.0,81.0,97.0
2026-09-20T03:49:26,nfl,nfl_20260927_seattle_seahawks_wash_commanders,20260927NFL00050,DK,draftkings,change,23,2026-09-16T22:50:00,Sep 16,10:50 PM ET,3d ago,home,Wash Commanders,2.5,0.0,9.0,,0.0,0.0,114.0,19.0,3.0
2026-09-20T03:49:26,nfl,nfl_20260927_seattle_seahawks_wash_commanders,20260927NFL00050,DK,draftkings,change,24,2026-09-16T21:00:00,Sep 16,9:00 PM ET,3d ago,away,Seattle Seahawks,-2.5,100.0,90.0,,0.0,0.0,-135.0,81.0,97.0
2026-09-20T03:49:26,nfl,nfl_20260927_seattle_seahawks_wash_commanders,20260927NFL00050,DK,draftkings,change,24,2026-09-16T21:00:00,Sep 16,9:00 PM ET,3d ago,home,Wash Commanders,2.5,0.0,10.0,,0.0,0.0,114.0,19.0,3.0
2026-09-20T03:49:26,nfl,nfl_20260927_seattle_seahawks_wash_commanders,20260927NFL00050,DK,draftkings,change,25,2026-09-16T18:20:00,Sep 16,6:20 PM ET,3d ago,away,Seattle Seahawks,-2.5,100.0,90.0,,0.0,0.0,-135.0,81.0,98.0
2026-09-20T03:49:26,nfl,nfl_20260927_seattle_seahawks_wash_commanders,20260927NFL00050,DK,draftkings,change,25,2026-09-16T18:20:00,Sep 16,6:20 PM ET,3d ago,home,Wash Commanders,2.5,0.0,10.0,,0.0,0.0,114.0,19.0,3.0
2026-09-20T03:49:26,nfl,nfl_20260927_seattle_seahawks_wash_commanders,20260927NFL00050,DK,draftkings,change,26,2026-09-16T13:40:00,Sep 16,1:40 PM ET,3d ago,away,Seattle Seahawks,-2.5,100.0,90.0,,0.0,0.0,-135.0,81.0,97.0
2026-09-20T03:49:26,nfl,nfl_20260927_seattle_seahawks_wash_commanders,20260927NFL00050,DK,draftkings,change,26,2026-09-16T13:40:00,Sep 16,1:40 PM ET,3d ago,home,Wash Commanders,2.5,0.0,10.0,,0.0,0.0,114.0,19.0,3.0
2026-09-20T03:49:26,nfl,nfl_20260927_seattle_seahawks_wash_commanders,20260927NFL00050,DK,draftkings,change,27,2026-09-16T12:20:00,Sep 16,12:20 PM ET,3d ago,away,Seattle Seahawks,-2.5,100.0,89.0,,0.0,0.0,-135.0,81.0,97.0
2026-09-20T03:49:26,nfl,nfl_20260927_seattle_seahawks_wash_commanders,20260927NFL00050,DK,draftkings,change,27,2026-09-16T12:20:00,Sep 16,12:20 PM ET,3d ago,home,Wash Commanders,2.5,0.0,11.0,,0.0,0.0,114.0,19.0,3.0
2026-09-20T03:49:29,nfl,nfl_20260927_new_york_jets_detroit_lions,20260927NFL00052,DK,draftkings,open,1,2026-05-14T22:40:00,May 14,10:40 PM ET,128d ago,away,New York Jets,,0.0,0.0,,0.0,0.0,350.0,0.0,0.0
2026-09-20T03:49:29,nfl,nfl_20260927_new_york_jets_detroit_lions,20260927NFL00052,DK,draftkings,open,1,2026-05-14T22:40:00,May 14,10:40 PM ET,128d ago,home,Detroit Lions,,0.0,0.0,,0.0,0.0,-455.0,100.0,100.0
2026-09-20T03:49:29,nfl,nfl_20260927_new_york_jets_detroit_lions,20260927NFL00052,DK,draftkings,first_full,2,2026-05-18T13:55:00,May 18,1:55 PM ET,124d ago,away,New York Jets,9.5,33.0,27.0,45.5,100.0,100.0,350.0,9.0,8.0
2026-09-20T03:49:29,nfl,nfl_20260927_new_york_jets_detroit_lions,20260927NFL00052,DK,draftkings,first_full,2,2026-05-18T13:55:00,May 18,1:55 PM ET,124d ago,home,Detroit Lions,-9.5,67.0,73.0,45.5,0.0,0.0,-455.0,91.0,92.0
2026-09-20T03:49:29,nfl,nfl_20260927_new_york_jets_detroit_lions,20260927NFL00052,DK,draftkings,change,3,2026-09-17T18:55:00,Sep 17,6:55 PM ET,2d ago,away,New York Jets,7.0,81.0,19.0,48.5,0.0,0.0,275.0,7.0,3.0
2026-09-20T03:49:29,nfl,nfl_20260927_new_york_jets_detroit_lions,20260927NFL00052,DK,draftkings,change,3,2026-09-17T18:55:00,Sep 17,6:55 PM ET,2d ago,home,Detroit Lions,-7.0,19.0,81.0,48.5,100.0,100.0,-345.0,93.0,97.0
2026-09-20T03:49:29,nfl,nfl_20260927_new_york_jets_detroit_lions,20260927NFL00052,DK,draftkings,change,4,2026-09-17T18:15:00,Sep 17,6:15 PM ET,2d ago,away,New York Jets,7.0,81.0,20.0,48.5,0.0,0.0,275.0,7.0,3.0
2026-09-20T03:49:29,nfl,nfl_20260927_new_york_jets_detroit_lions,20260927NFL00052,DK,draftkings,change,4,2026-09-17T18:15:00,Sep 17,6:15 PM ET,2d ago,home,Detroit Lions,-7.0,19.0,80.0,48.5,100.0,100.0,-345.0,93.0,97.0
2026-09-20T03:49:29,nfl,nfl_20260927_new_york_jets_detroit_lions,20260927NFL00052,DK,draftkings,change,5,2026-09-17T18:00:00,Sep 17,6:00 PM ET,2d ago,away,New York Jets,7.0,80.0,18.0,48.5,0.0,0.0,275.0,7.0,3.0
2026-09-20T03:49:29,nfl,nfl_20260927_new_york_jets_detroit_lions,20260927NFL00052,DK,draftkings,change,5,2026-09-17T18:00:00,Sep 17,6:00 PM ET,2d ago,home,Detroit Lions,-7.0,20.0,82.0,48.5,100.0,100.0,-345.0,93.0,97.0
2026-09-20T03:49:29,nfl,nfl_20260927_new_york_jets_detroit_lions,20260927NFL00052,DK,draftkings,change,6,2026-09-17T16:15:00,Sep 17,4:15 PM ET,2d ago,away,New York Jets,7.0,80.0,19.0,48.5,0.0,0.0,275.0,7.0,3.0
2026-09-20T03:49:29,nfl,nfl_20260927_new_york_jets_detroit_lions,20260927NFL00052,DK,draftkings,change,6,2026-09-17T16:15:00,Sep 17,4:15 PM ET,2d ago,home,Detroit Lions,-7.0,20.0,81.0,48.5,100.0,100.0,-345.0,93.0,97.0
2026-09-20T03:49:29,nfl,nfl_20260927_new_york_jets_detroit_lions,20260927NFL00052,DK,draftkings,change,7,2026-09-17T15:45:00,Sep 17,3:45 PM ET,2d ago,away,New York Jets,7.0,81.0,20.0,48.5,0.0,0.0,275.0,7.0,3.0
2026-09-20T03:49:29,nfl,nfl_20260927_new_york_jets_detroit_lions,20260927NFL00052,DK,draftkings,change,7,2026-09-17T15:45:00,Sep 17,3:45 PM ET,2d ago,home,Detroit Lions,-7.0,19.0,80.0,48.5,100.0,100.0,-345.0,93.0,97.0
2026-09-20T03:49:29,nfl,nfl_20260927_new_york_jets_detroit_lions,20260927NFL00052,DK,draftkings,change,8,2026-09-17T13:30:00,Sep 17,1:30 PM ET,2d ago,away,New York Jets,7.0,81.0,20.0,48.5,0.0,0.0,275.0,6.0,3.0
2026-09-20T03:49:29,nfl,nfl_20260927_new_york_jets_detroit_lions,20260927NFL00052,DK,draftkings,change,8,2026-09-17T13:30:00,Sep 17,1:30 PM ET,2d ago,home,Detroit Lions,-7.0,19.0,80.0,48.5,100.0,100.0,-345.0,94.0,97.0
2026-09-20T03:49:29,nfl,nfl_20260927_new_york_jets_detroit_lions,20260927NFL00052,DK,draftkings,change,9,2026-09-17T11:55:00,Sep 17,11:55 AM ET,2d ago,away,New York Jets,7.0,78.0,18.0,48.5,0.0,0.0,270.0,6.0,3.0
2026-09-20T03:49:29,nfl,nfl_20260927_new_york_jets_detroit_lions,20260927NFL00052,DK,draftkings,change,9,2026-09-17T11:55:00,Sep 17,11:55 AM ET,2d ago,home,Detroit Lions,-7.0,22.0,82.0,48.5,100.0,100.0,-340.0,94.0,97.0
2026-09-20T03:49:29,nfl,nfl_20260927_new_york_jets_detroit_lions,20260927NFL00052,DK,draftkings,change,10,2026-09-17T10:50:00,Sep 17,10:50 AM ET,2d ago,away,New York Jets,7.0,78.0,18.0,48.5,0.0,0.0,270.0,6.0,2.0
2026-09-20T03:49:29,nfl,nfl_20260927_new_york_jets_detroit_lions,20260927NFL00052,DK,draftkings,change,10,2026-09-17T10:50:00,Sep 17,10:50 AM ET,2d ago,home,Detroit Lions,-7.0,22.0,82.0,48.5,100.0,100.0,-340.0,94.0,98.0
2026-09-20T03:49:29,nfl,nfl_20260927_new_york_jets_detroit_lions,20260927NFL00052,DK,draftkings,change,11,2026-09-17T10:00:00,Sep 17,10:00 AM ET,2d ago,away,New York Jets,7.0,62.0,16.0,48.5,0.0,0.0,270.0,6.0,2.0
2026-09-20T03:49:29,nfl,nfl_20260927_new_york_jets_detroit_lions,20260927NFL00052,DK,draftkings,change,11,2026-09-17T10:00:00,Sep 17,10:00 AM ET,2d ago,home,Detroit Lions,-7.0,38.0,84.0,48.5,100.0,100.0,-340.0,94.0,98.0
2026-09-20T03:49:29,nfl,nfl_20260927_new_york_jets_detroit_lions,20260927NFL00052,DK,draftkings,change,12,2026-09-16T23:40:00,Sep 16,11:40 PM ET,3d ago,away,New York Jets,7.0,62.0,17.0,48.5,0.0,0.0,270.0,6.0,2.0
2026-09-20T03:49:29,nfl,nfl_20260927_new_york_jets_detroit_lions,20260927NFL00052,DK,draftkings,change,12,2026-09-16T23:40:00,Sep 16,11:40 PM ET,3d ago,home,Detroit Lions,-7.0,38.0,83.0,48.5,100.0,100.0,-340.0,94.0,98.0
2026-09-20T03:49:29,nfl,nfl_20260927_new_york_jets_detroit_lions,20260927NFL00052,DK,draftkings,change,13,2026-09-16T23:10:00,Sep 16,11:10 PM ET,3d ago,away,New York Jets,7.0,62.0,17.0,48.5,0.0,0.0,270.0,5.0,2.0
2026-09-20T03:49:29,nfl,nfl_20260927_new_york_jets_detroit_lions,20260927NFL00052,DK,draftkings,change,13,2026-09-16T23:10:00,Sep 16,11:10 PM ET,3d ago,home,Detroit Lions,-7.0,38.0,83.0,48.5,100.0,100.0,-340.0,95.0,98.0
2026-09-20T03:49:29,nfl,nfl_20260927_new_york_jets_detroit_lions,20260927NFL00052,DK,draftkings,change,14,2026-09-16T23:00:00,Sep 16,11:00 PM ET,3d ago,away,New York Jets,7.0,60.0,16.0,48.5,0.0,0.0,270.0,5.0,2.0
2026-09-20T03:49:29,nfl,nfl_20260927_new_york_jets_detroit_lions,20260927NFL00052,DK,draftkings,change,14,2026-09-16T23:00:00,Sep 16,11:00 PM ET,3d ago,home,Detroit Lions,-7.0,40.0,84.0,48.5,100.0,100.0,-340.0,95.0,98.0
2026-09-20T03:49:29,nfl,nfl_20260927_new_york_jets_detroit_lions,20260927NFL00052,DK,draftkings,change,15,2026-09-16T18:40:00,Sep 16,6:40 PM ET,3d ago,away,New York Jets,7.0,59.0,14.0,48.5,0.0,0.0,270.0,5.0,2.0
2026-09-20T03:49:29,nfl,nfl_20260927_new_york_jets_detroit_lions,20260927NFL00052,DK,draftkings,change,15,2026-09-16T18:40:00,Sep 16,6:40 PM ET,3d ago,home,Detroit Lions,-7.0,41.0,86.0,48.5,100.0,100.0,-340.0,95.0,98.0
2026-09-20T03:49:29,nfl,nfl_20260927_new_york_jets_detroit_lions,20260927NFL00052,DK,draftkings,change,16,2026-09-16T17:10:00,Sep 16,5:10 PM ET,3d ago,away,New York Jets,7.0,60.0,14.0,48.5,0.0,0.0,270.0,5.0,2.0
2026-09-20T03:49:29,nfl,nfl_20260927_new_york_jets_detroit_lions,20260927NFL00052,DK,draftkings,change,16,2026-09-16T17:10:00,Sep 16,5:10 PM ET,3d ago,home,Detroit Lions,-7.0,40.0,86.0,48.5,100.0,100.0,-340.0,95.0,98.0
2026-09-20T03:49:29,nfl,nfl_20260927_new_york_jets_detroit_lions,20260927NFL00052,DK,draftkings,change,17,2026-09-16T13:10:00,Sep 16,1:10 PM ET,3d ago,away,New York Jets,7.0,60.0,14.0,48.5,0.0,0.0,270.0,4.0,2.0
2026-09-20T03:49:29,nfl,nfl_20260927_new_york_jets_detroit_lions,20260927NFL00052,DK,draftkings,change,17,2026-09-16T13:10:00,Sep 16,1:10 PM ET,3d ago,home,Detroit Lions,-7.0,40.0,86.0,48.5,100.0,100.0,-340.0,96.0,98.0
2026-09-20T03:49:29,nfl,nfl_20260927_new_york_jets_detroit_lions,20260927NFL00052,DK,draftkings,change,18,2026-09-16T13:00:00,Sep 16,1:00 PM ET,3d ago,away,New York Jets,7.0,63.0,14.0,48.5,0.0,0.0,270.0,4.0,2.0
2026-09-20T03:49:29,nfl,nfl_20260927_new_york_jets_detroit_lions,20260927NFL00052,DK,draftkings,change,18,2026-09-16T13:00:00,Sep 16,1:00 PM ET,3d ago,home,Detroit Lions,-7.0,37.0,86.0,48.5,100.0,100.0,-340.0,96.0,98.0
2026-09-20T03:49:29,nfl,nfl_20260927_new_york_jets_detroit_lions,20260927NFL00052,DK,draftkings,change,19,2026-09-16T12:30:00,Sep 16,12:30 PM ET,3d ago,away,New York Jets,7.0,63.0,15.0,48.5,0.0,0.0,270.0,4.0,2.0
2026-09-20T03:49:29,nfl,nfl_20260927_new_york_jets_detroit_lions,20260927NFL00052,DK,draftkings,change,19,2026-09-16T12:30:00,Sep 16,12:30 PM ET,3d ago,home,Detroit Lions,-7.0,37.0,85.0,48.5,100.0,100.0,-340.0,96.0,98.0
2026-09-20T03:49:29,nfl,nfl_20260927_new_york_jets_detroit_lions,20260927NFL00052,DK,draftkings,change,20,2026-09-16T11:55:00,Sep 16,11:55 AM ET,3d ago,away,New York Jets,7.0,63.0,13.0,48.5,0.0,0.0,270.0,4.0,2.0
2026-09-20T03:49:29,nfl,nfl_20260927_new_york_jets_detroit_lions,20260927NFL00052,DK,draftkings,change,20,2026-09-16T11:55:00,Sep 16,11:55 AM ET,3d ago,home,Detroit Lions,-7.0,37.0,88.0,48.5,100.0,100.0,-340.0,96.0,98.0
2026-09-20T03:49:29,nfl,nfl_20260927_new_york_jets_detroit_lions,20260927NFL00052,DK,draftkings,change,21,2026-09-16T10:40:00,Sep 16,10:40 AM ET,3d ago,away,New York Jets,7.0,63.0,13.0,48.5,0.0,0.0,270.0,4.0,2.0
2026-09-20T03:49:29,nfl,nfl_20260927_new_york_jets_detroit_lions,20260927NFL00052,DK,draftkings,change,21,2026-09-16T10:40:00,Sep 16,10:40 AM ET,3d ago,home,Detroit Lions,-7.0,37.0,87.0,48.5,100.0,100.0,-340.0,96.0,98.0
2026-09-20T03:49:29,nfl,nfl_20260927_new_york_jets_detroit_lions,20260927NFL00052,DK,draftkings,change,22,2026-09-16T08:40:00,Sep 16,8:40 AM ET,3d ago,away,New York Jets,7.0,60.0,11.0,48.5,0.0,0.0,270.0,4.0,2.0
2026-09-20T03:49:29,nfl,nfl_20260927_new_york_jets_detroit_lions,20260927NFL00052,DK,draftkings,change,22,2026-09-16T08:40:00,Sep 16,8:40 AM ET,3d ago,home,Detroit Lions,-7.0,40.0,89.0,48.5,100.0,100.0,-340.0,96.0,98.0
2026-09-20T03:49:29,nfl,nfl_20260927_new_york_jets_detroit_lions,20260927NFL00052,DK,draftkings,change,23,2026-09-16T07:50:00,Sep 16,7:50 AM ET,3d ago,away,New York Jets,7.0,56.0,8.0,48.5,0.0,0.0,270.0,4.0,2.0
2026-09-20T03:49:29,nfl,nfl_20260927_new_york_jets_detroit_lions,20260927NFL00052,DK,draftkings,change,23,2026-09-16T07:50:00,Sep 16,7:50 AM ET,3d ago,home,Detroit Lions,-7.0,44.0,92.0,48.5,100.0,100.0,-340.0,96.0,98.0
2026-09-20T03:49:29,nfl,nfl_20260927_new_york_jets_detroit_lions,20260927NFL00052,DK,draftkings,change,24,2026-09-15T21:35:00,Sep 15,9:35 PM ET,4d ago,away,New York Jets,7.0,56.0,8.0,48.5,0.0,0.0,270.0,3.0,2.0
2026-09-20T03:49:29,nfl,nfl_20260927_new_york_jets_detroit_lions,20260927NFL00052,DK,draftkings,change,24,2026-09-15T21:35:00,Sep 15,9:35 PM ET,4d ago,home,Detroit Lions,-7.0,44.0,92.0,48.5,100.0,100.0,-340.0,97.0,98.0
2026-09-20T03:49:29,nfl,nfl_20260927_new_york_jets_detroit_lions,20260927NFL00052,DK,draftkings,change,25,2026-09-15T21:30:00,Sep 15,9:30 PM ET,4d ago,away,New York Jets,7.0,56.0,6.0,48.5,0.0,0.0,270.0,3.0,2.0
2026-09-20T03:49:29,nfl,nfl_20260927_new_york_jets_detroit_lions,20260927NFL00052,DK,draftkings,change,25,2026-09-15T21:30:00,Sep 15,9:30 PM ET,4d ago,home,Detroit Lions,-7.0,44.0,94.0,48.5,100.0,100.0,-340.0,97.0,98.0
2026-09-20T03:49:29,nfl,nfl_20260927_new_york_jets_detroit_lions,20260927NFL00052,DK,draftkings,change,26,2026-09-15T21:15:00,Sep 15,9:15 PM ET,4d ago,away,New York Jets,7.0,56.0,6.0,48.5,0.0,0.0,270.0,4.0,2.0
2026-09-20T03:49:29,nfl,nfl_20260927_new_york_jets_detroit_lions,20260927NFL00052,DK,draftkings,change,26,2026-09-15T21:15:00,Sep 15,9:15 PM ET,4d ago,home,Detroit Lions,-7.0,44.0,94.0,48.5,100.0,100.0,-340.0,96.0,98.0
2026-09-20T03:49:29,nfl,nfl_20260927_new_york_jets_detroit_lions,20260927NFL00052,DK,draftkings,change,27,2026-09-15T20:40:00,Sep 15,8:40 PM ET,4d ago,away,New York Jets,7.0,80.0,6.0,48.5,0.0,0.0,270.0,4.0,2.0
2026-09-20T03:49:29,nfl,nfl_20260927_new_york_jets_detroit_lions,20260927NFL00052,DK,draftkings,change,27,2026-09-15T20:40:00,Sep 15,8:40 PM ET,4d ago,home,Detroit Lions,-7.0,20.0,94.0,48.5,100.0,100.0,-340.0,96.0,98.0
2026-09-20T03:49:31,nfl,nfl_20260927_minnesota_vikings_tampa_bay_buccaneers,20260927NFL00058,DK,draftkings,open,1,2026-05-14T22:40:00,May 14,10:40 PM ET,128d ago,away,Minnesota Vikings,,0.0,0.0,,0.0,0.0,105.0,0.0,0.0
2026-09-20T03:49:31,nfl,nfl_20260927_minnesota_vikings_tampa_bay_buccaneers,20260927NFL00058,DK,draftkings,open,1,2026-05-14T22:40:00,May 14,10:40 PM ET,128d ago,home,Tampa Bay Buccaneers,,0.0,0.0,,0.0,0.0,-125.0,100.0,100.0
2026-09-20T03:49:31,nfl,nfl_20260927_minnesota_vikings_tampa_bay_buccaneers,20260927NFL00058,DK,draftkings,first_full,2,2026-05-16T03:40:00,May 16,3:40 AM ET,127d ago,away,Minnesota Vikings,1.5,100.0,100.0,44.5,100.0,100.0,105.0,8.0,31.0
2026-09-20T03:49:31,nfl,nfl_20260927_minnesota_vikings_tampa_bay_buccaneers,20260927NFL00058,DK,draftkings,first_full,2,2026-05-16T03:40:00,May 16,3:40 AM ET,127d ago,home,Tampa Bay Buccaneers,-1.5,0.0,0.0,44.5,0.0,0.0,-125.0,92.0,69.0
2026-09-20T03:49:31,nfl,nfl_20260927_minnesota_vikings_tampa_bay_buccaneers,20260927NFL00058,DK,draftkings,change,3,2026-09-20T03:05:00,Sep 20,3:05 AM ET,44m ago,away,Minnesota Vikings,1.5,6.0,87.0,45.5,99.0,94.0,105.0,58.0,34.0
2026-09-20T03:49:31,nfl,nfl_20260927_minnesota_vikings_tampa_bay_buccaneers,20260927NFL00058,DK,draftkings,change,3,2026-09-20T03:05:00,Sep 20,3:05 AM ET,44m ago,home,Tampa Bay Buccaneers,-1.5,94.0,13.0,45.5,1.0,6.0,-125.0,42.0,66.0
2026-09-20T03:49:31,nfl,nfl_20260927_minnesota_vikings_tampa_bay_buccaneers,20260927NFL00058,DK,draftkings,change,4,2026-09-20T02:40:00,Sep 20,2:40 AM ET,1h ago,away,Minnesota Vikings,1.5,6.0,87.0,45.5,99.0,94.0,105.0,58.0,35.0
2026-09-20T03:49:31,nfl,nfl_20260927_minnesota_vikings_tampa_bay_buccaneers,20260927NFL00058,DK,draftkings,change,4,2026-09-20T02:40:00,Sep 20,2:40 AM ET,1h ago,home,Tampa Bay Buccaneers,-1.5,94.0,13.0,45.5,1.0,6.0,-125.0,42.0,65.0
2026-09-20T03:49:31,nfl,nfl_20260927_minnesota_vikings_tampa_bay_buccaneers,20260927NFL00058,DK,draftkings,change,5,2026-09-20T00:35:00,Sep 20,12:35 AM ET,3h ago,away,Minnesota Vikings,1.5,6.0,88.0,45.5,99.0,94.0,105.0,58.0,35.0
2026-09-20T03:49:31,nfl,nfl_20260927_minnesota_vikings_tampa_bay_buccaneers,20260927NFL00058,DK,draftkings,change,5,2026-09-20T00:35:00,Sep 20,12:35 AM ET,3h ago,home,Tampa Bay Buccaneers,-1.5,94.0,13.0,45.5,1.0,6.0,-125.0,42.0,65.0
2026-09-20T03:49:31,nfl,nfl_20260927_minnesota_vikings_tampa_bay_buccaneers,20260927NFL00058,DK,draftkings,change,6,2026-09-19T23:30:00,Sep 19,11:30 PM ET,4h ago,away,Minnesota Vikings,1.5,6.0,88.0,45.5,99.0,94.0,105.0,58.0,33.0
2026-09-20T03:49:31,nfl,nfl_20260927_minnesota_vikings_tampa_bay_buccaneers,20260927NFL00058,DK,draftkings,change,6,2026-09-19T23:30:00,Sep 19,11:30 PM ET,4h ago,home,Tampa Bay Buccaneers,-1.5,94.0,13.0,45.5,1.0,6.0,-125.0,42.0,67.0
2026-09-20T03:49:31,nfl,nfl_20260927_minnesota_vikings_tampa_bay_buccaneers,20260927NFL00058,DK,draftkings,change,7,2026-09-19T23:00:00,Sep 19,11:00 PM ET,4h ago,away,Minnesota Vikings,1.5,6.0,88.0,45.5,99.0,94.0,105.0,59.0,34.0
2026-09-20T03:49:31,nfl,nfl_20260927_minnesota_vikings_tampa_bay_buccaneers,20260927NFL00058,DK,draftkings,change,7,2026-09-19T23:00:00,Sep 19,11:00 PM ET,4h ago,home,Tampa Bay Buccaneers,-1.5,94.0,13.0,45.5,1.0,6.0,-125.0,41.0,66.0
2026-09-20T03:49:31,nfl,nfl_20260927_minnesota_vikings_tampa_bay_buccaneers,20260927NFL00058,DK,draftkings,change,8,2026-09-19T22:05:00,Sep 19,10:05 PM ET,5h ago,away,Minnesota Vikings,1.5,6.0,89.0,45.5,99.0,94.0,105.0,59.0,34.0
2026-09-20T03:49:31,nfl,nfl_20260927_minnesota_vikings_tampa_bay_buccaneers,20260927NFL00058,DK,draftkings,change,8,2026-09-19T22:05:00,Sep 19,10:05 PM ET,5h ago,home,Tampa Bay Buccaneers,-1.5,94.0,11.0,45.5,1.0,6.0,-125.0,41.0,66.0
2026-09-20T03:49:31,nfl,nfl_20260927_minnesota_vikings_tampa_bay_buccaneers,20260927NFL00058,DK,draftkings,change,9,2026-09-19T21:25:00,Sep 19,9:25 PM ET,6h ago,away,Minnesota Vikings,1.5,5.0,88.0,45.5,99.0,94.0,105.0,59.0,34.0
2026-09-20T03:49:31,nfl,nfl_20260927_minnesota_vikings_tampa_bay_buccaneers,20260927NFL00058,DK,draftkings,change,9,2026-09-19T21:25:00,Sep 19,9:25 PM ET,6h ago,home,Tampa Bay Buccaneers,-1.5,95.0,12.0,45.5,1.0,6.0,-125.0,41.0,66.0
2026-09-20T03:49:31,nfl,nfl_20260927_minnesota_vikings_tampa_bay_buccaneers,20260927NFL00058,DK,draftkings,change,10,2026-09-19T20:25:00,Sep 19,8:25 PM ET,7h ago,away,Minnesota Vikings,1.5,5.0,88.0,45.5,99.0,94.0,105.0,59.0,35.0
2026-09-20T03:49:31,nfl,nfl_20260927_minnesota_vikings_tampa_bay_buccaneers,20260927NFL00058,DK,draftkings,change,10,2026-09-19T20:25:00,Sep 19,8:25 PM ET,7h ago,home,Tampa Bay Buccaneers,-1.5,95.0,12.0,45.5,1.0,6.0,-125.0,41.0,65.0
2026-09-20T03:49:31,nfl,nfl_20260927_minnesota_vikings_tampa_bay_buccaneers,20260927NFL00058,DK,draftkings,change,11,2026-09-19T19:50:00,Sep 19,7:50 PM ET,7h ago,away,Minnesota Vikings,1.5,5.0,88.0,45.5,99.0,94.0,105.0,59.0,34.0
2026-09-20T03:49:31,nfl,nfl_20260927_minnesota_vikings_tampa_bay_buccaneers,20260927NFL00058,DK,draftkings,change,11,2026-09-19T19:50:00,Sep 19,7:50 PM ET,7h ago,home,Tampa Bay Buccaneers,-1.5,95.0,12.0,45.5,1.0,6.0,-125.0,41.0,66.0
2026-09-20T03:49:31,nfl,nfl_20260927_minnesota_vikings_tampa_bay_buccaneers,20260927NFL00058,DK,draftkings,change,12,2026-09-19T19:20:00,Sep 19,7:20 PM ET,8h ago,away,Minnesota Vikings,1.5,5.0,88.0,45.5,99.0,94.0,105.0,59.0,32.0
2026-09-20T03:49:31,nfl,nfl_20260927_minnesota_vikings_tampa_bay_buccaneers,20260927NFL00058,DK,draftkings,change,12,2026-09-19T19:20:00,Sep 19,7:20 PM ET,8h ago,home,Tampa Bay Buccaneers,-1.5,95.0,12.0,45.5,1.0,6.0,-125.0,41.0,68.0
2026-09-20T03:49:31,nfl,nfl_20260927_minnesota_vikings_tampa_bay_buccaneers,20260927NFL00058,DK,draftkings,change,13,2026-09-19T15:05:00,Sep 19,3:05 PM ET,12h ago,away,Minnesota Vikings,1.5,5.0,88.0,45.5,99.0,94.0,105.0,60.0,32.0
2026-09-20T03:49:31,nfl,nfl_20260927_minnesota_vikings_tampa_bay_buccaneers,20260927NFL00058,DK,draftkings,change,13,2026-09-19T15:05:00,Sep 19,3:05 PM ET,12h ago,home,Tampa Bay Buccaneers,-1.5,95.0,12.0,45.5,1.0,6.0,-125.0,40.0,68.0
2026-09-20T03:49:31,nfl,nfl_20260927_minnesota_vikings_tampa_bay_buccaneers,20260927NFL00058,DK,draftkings,change,14,2026-09-19T14:10:00,Sep 19,2:10 PM ET,13h ago,away,Minnesota Vikings,1.5,5.0,88.0,45.5,99.0,94.0,105.0,60.0,33.0
2026-09-20T03:49:31,nfl,nfl_20260927_minnesota_vikings_tampa_bay_buccaneers,20260927NFL00058,DK,draftkings,change,14,2026-09-19T14:10:00,Sep 19,2:10 PM ET,13h ago,home,Tampa Bay Buccaneers,-1.5,95.0,12.0,45.5,1.0,6.0,-125.0,40.0,67.0
2026-09-20T03:49:31,nfl,nfl_20260927_minnesota_vikings_tampa_bay_buccaneers,20260927NFL00058,DK,draftkings,change,15,2026-09-19T14:00:00,Sep 19,2:00 PM ET,13h ago,away,Minnesota Vikings,1.5,5.0,88.0,45.5,99.0,94.0,105.0,60.0,32.0
2026-09-20T03:49:31,nfl,nfl_20260927_minnesota_vikings_tampa_bay_buccaneers,20260927NFL00058,DK,draftkings,change,15,2026-09-19T14:00:00,Sep 19,2:00 PM ET,13h ago,home,Tampa Bay Buccaneers,-1.5,95.0,12.0,45.5,1.0,6.0,-125.0,40.0,68.0
2026-09-20T03:49:31,nfl,nfl_20260927_minnesota_vikings_tampa_bay_buccaneers,20260927NFL00058,DK,draftkings,change,16,2026-09-19T11:05:00,Sep 19,11:05 AM ET,16h ago,away,Minnesota Vikings,1.5,5.0,88.0,45.5,99.0,94.0,105.0,60.0,31.0
2026-09-20T03:49:31,nfl,nfl_20260927_minnesota_vikings_tampa_bay_buccaneers,20260927NFL00058,DK,draftkings,change,16,2026-09-19T11:05:00,Sep 19,11:05 AM ET,16h ago,home,Tampa Bay Buccaneers,-1.5,95.0,12.0,45.5,1.0,6.0,-125.0,40.0,69.0
2026-09-20T03:49:31,nfl,nfl_20260927_minnesota_vikings_tampa_bay_buccaneers,20260927NFL00058,DK,draftkings,change,17,2026-09-19T10:00:00,Sep 19,10:00 AM ET,17h ago,away,Minnesota Vikings,1.5,5.0,88.0,45.5,99.0,94.0,105.0,49.0,30.0
2026-09-20T03:49:31,nfl,nfl_20260927_minnesota_vikings_tampa_bay_buccaneers,20260927NFL00058,DK,draftkings,change,17,2026-09-19T10:00:00,Sep 19,10:00 AM ET,17h ago,home,Tampa Bay Buccaneers,-1.5,95.0,12.0,45.5,1.0,6.0,-125.0,51.0,70.0
2026-09-20T03:49:31,nfl,nfl_20260927_minnesota_vikings_tampa_bay_buccaneers,20260927NFL00058,DK,draftkings,change,18,2026-09-19T09:35:00,Sep 19,9:35 AM ET,18h ago,away,Minnesota Vikings,1.5,5.0,88.0,45.5,99.0,94.0,105.0,49.0,31.0
2026-09-20T03:49:31,nfl,nfl_20260927_minnesota_vikings_tampa_bay_buccaneers,20260927NFL00058,DK,draftkings,change,18,2026-09-19T09:35:00,Sep 19,9:35 AM ET,18h ago,home,Tampa Bay Buccaneers,-1.5,95.0,12.0,45.5,1.0,6.0,-125.0,51.0,69.0
2026-09-20T03:49:31,nfl,nfl_20260927_minnesota_vikings_tampa_bay_buccaneers,20260927NFL00058,DK,draftkings,change,19,2026-09-18T21:20:00,Sep 18,9:20 PM ET,1d ago,away,Minnesota Vikings,1.5,5.0,88.0,45.5,99.0,94.0,105.0,50.0,31.0
2026-09-20T03:49:31,nfl,nfl_20260927_minnesota_vikings_tampa_bay_buccaneers,20260927NFL00058,DK,draftkings,change,19,2026-09-18T21:20:00,Sep 18,9:20 PM ET,1d ago,home,Tampa Bay Buccaneers,-1.5,95.0,12.0,45.5,1.0,6.0,-125.0,50.0,69.0
2026-09-20T03:49:31,nfl,nfl_20260927_minnesota_vikings_tampa_bay_buccaneers,20260927NFL00058,DK,draftkings,change,20,2026-09-18T19:20:00,Sep 18,7:20 PM ET,1d ago,away,Minnesota Vikings,1.5,5.0,88.0,45.5,99.0,94.0,105.0,50.0,32.0
2026-09-20T03:49:31,nfl,nfl_20260927_minnesota_vikings_tampa_bay_buccaneers,20260927NFL00058,DK,draftkings,change,20,2026-09-18T19:20:00,Sep 18,7:20 PM ET,1d ago,home,Tampa Bay Buccaneers,-1.5,95.0,12.0,45.5,1.0,6.0,-125.0,50.0,68.0
2026-09-20T03:49:31,nfl,nfl_20260927_minnesota_vikings_tampa_bay_buccaneers,20260927NFL00058,DK,draftkings,change,21,2026-09-18T18:25:00,Sep 18,6:25 PM ET,1d ago,away,Minnesota Vikings,1.5,5.0,88.0,45.5,99.0,94.0,105.0,46.0,31.0
2026-09-20T03:49:31,nfl,nfl_20260927_minnesota_vikings_tampa_bay_buccaneers,20260927NFL00058,DK,draftkings,change,21,2026-09-18T18:25:00,Sep 18,6:25 PM ET,1d ago,home,Tampa Bay Buccaneers,-1.5,95.0,12.0,45.5,1.0,6.0,-125.0,54.0,69.0
2026-09-20T03:49:31,nfl,nfl_20260927_minnesota_vikings_tampa_bay_buccaneers,20260927NFL00058,DK,draftkings,change,22,2026-09-18T18:15:00,Sep 18,6:15 PM ET,1d ago,away,Minnesota Vikings,1.5,5.0,88.0,45.5,99.0,94.0,105.0,46.0,32.0
2026-09-20T03:49:31,nfl,nfl_20260927_minnesota_vikings_tampa_bay_buccaneers,20260927NFL00058,DK,draftkings,change,22,2026-09-18T18:15:00,Sep 18,6:15 PM ET,1d ago,home,Tampa Bay Buccaneers,-1.5,95.0,12.0,45.5,1.0,6.0,-125.0,54.0,68.0
2026-09-20T03:49:31,nfl,nfl_20260927_minnesota_vikings_tampa_bay_buccaneers,20260927NFL00058,DK,draftkings,change,23,2026-09-18T18:10:00,Sep 18,6:10 PM ET,1d ago,away,Minnesota Vikings,1.5,5.0,88.0,45.5,99.0,94.0,105.0,46.0,33.0
2026-09-20T03:49:31,nfl,nfl_20260927_minnesota_vikings_tampa_bay_buccaneers,20260927NFL00058,DK,draftkings,change,23,2026-09-18T18:10:00,Sep 18,6:10 PM ET,1d ago,home,Tampa Bay Buccaneers,-1.5,95.0,12.0,45.5,1.0,6.0,-125.0,54.0,67.0
2026-09-20T03:49:31,nfl,nfl_20260927_minnesota_vikings_tampa_bay_buccaneers,20260927NFL00058,DK,draftkings,change,24,2026-09-18T18:00:00,Sep 18,6:00 PM ET,1d ago,away,Minnesota Vikings,1.5,5.0,88.0,45.5,99.0,94.0,105.0,46.0,34.0
2026-09-20T03:49:31,nfl,nfl_20260927_minnesota_vikings_tampa_bay_buccaneers,20260927NFL00058,DK,draftkings,change,24,2026-09-18T18:00:00,Sep 18,6:00 PM ET,1d ago,home,Tampa Bay Buccaneers,-1.5,95.0,12.0,45.5,1.0,6.0,-125.0,54.0,66.0
2026-09-20T03:49:31,nfl,nfl_20260927_minnesota_vikings_tampa_bay_buccaneers,20260927NFL00058,DK,draftkings,change,25,2026-09-18T17:25:00,Sep 18,5:25 PM ET,1d ago,away,Minnesota Vikings,1.5,5.0,88.0,45.5,99.0,94.0,105.0,46.0,33.0
2026-09-20T03:49:31,nfl,nfl_20260927_minnesota_vikings_tampa_bay_buccaneers,20260927NFL00058,DK,draftkings,change,25,2026-09-18T17:25:00,Sep 18,5:25 PM ET,1d ago,home,Tampa Bay Buccaneers,-1.5,95.0,12.0,45.5,1.0,6.0,-125.0,54.0,67.0
2026-09-20T03:49:31,nfl,nfl_20260927_minnesota_vikings_tampa_bay_buccaneers,20260927NFL00058,DK,draftkings,change,26,2026-09-18T17:00:00,Sep 18,5:00 PM ET,1d ago,away,Minnesota Vikings,1.5,5.0,88.0,45.5,99.0,94.0,105.0,47.0,33.0
2026-09-20T03:49:31,nfl,nfl_20260927_minnesota_vikings_tampa_bay_buccaneers,20260927NFL00058,DK,draftkings,change,26,2026-09-18T17:00:00,Sep 18,5:00 PM ET,1d ago,home,Tampa Bay Buccaneers,-1.5,95.0,12.0,45.5,1.0,6.0,-125.0,53.0,67.0
2026-09-20T03:49:31,nfl,nfl_20260927_minnesota_vikings_tampa_bay_buccaneers,20260927NFL00058,DK,draftkings,change,27,2026-09-18T16:40:00,Sep 18,4:40 PM ET,1d ago,away,Minnesota Vikings,1.5,5.0,88.0,45.5,99.0,94.0,105.0,64.0,34.0
2026-09-20T03:49:31,nfl,nfl_20260927_minnesota_vikings_tampa_bay_buccaneers,20260927NFL00058,DK,draftkings,change,27,2026-09-18T16:40:00,Sep 18,4:40 PM ET,1d ago,home,Tampa Bay Buccaneers,-1.5,95.0,12.0,45.5,1.0,6.0,-125.0,36.0,66.0
2026-09-20T03:49:33,nfl,nfl_20260927_arizona_cardinals_san_francisco_49ers,20260927NFL00060,DK,draftkings,open,1,2026-05-14T22:40:00,May 14,10:40 PM ET,128d ago,away,Arizona Cardinals,,0.0,0.0,,0.0,0.0,470.0,0.0,0.0
2026-09-20T03:49:33,nfl,nfl_20260927_arizona_cardinals_san_francisco_49ers,20260927NFL00060,DK,draftkings,open,1,2026-05-14T22:40:00,May 14,10:40 PM ET,128d ago,home,San Francisco 49ers,,0.0,0.0,,0.0,0.0,-650.0,100.0,100.0
2026-09-20T03:49:33,nfl,nfl_20260927_arizona_cardinals_san_francisco_49ers,20260927NFL00060,DK,draftkings,first_full,2,2026-05-18T14:25:00,May 18,2:25 PM ET,124d ago,away,Arizona Cardinals,11.5,90.0,38.0,46.5,30.0,50.0,470.0,90.0,35.0
2026-09-20T03:49:33,nfl,nfl_20260927_arizona_cardinals_san_francisco_49ers,20260927NFL00060,DK,draftkings,first_full,2,2026-05-18T14:25:00,May 18,2:25 PM ET,124d ago,home,San Francisco 49ers,-11.5,10.0,63.0,46.5,70.0,50.0,-650.0,10.0,65.0
2026-09-20T03:49:33,nfl,nfl_20260927_arizona_cardinals_san_francisco_49ers,20260927NFL00060,DK,draftkings,change,3,2026-09-19T23:50:00,Sep 19,11:50 PM ET,3h ago,away,Arizona Cardinals,8.5,32.0,37.0,47.5,84.0,50.0,350.0,53.0,3.0
2026-09-20T03:49:33,nfl,nfl_20260927_arizona_cardinals_san_francisco_49ers,20260927NFL00060,DK,draftkings,change,3,2026-09-19T23:50:00,Sep 19,11:50 PM ET,3h ago,home,San Francisco 49ers,-8.5,68.0,63.0,47.5,16.0,50.0,-455.0,47.0,97.0
2026-09-20T03:49:33,nfl,nfl_20260927_arizona_cardinals_san_francisco_49ers,20260927NFL00060,DK,draftkings,change,4,2026-09-19T23:15:00,Sep 19,11:15 PM ET,4h ago,away,Arizona Cardinals,8.5,32.0,37.0,47.5,84.0,50.0,350.0,54.0,3.0
2026-09-20T03:49:33,nfl,nfl_20260927_arizona_cardinals_san_francisco_49ers,20260927NFL00060,DK,draftkings,change,4,2026-09-19T23:15:00,Sep 19,11:15 PM ET,4h ago,home,San Francisco 49ers,-8.5,68.0,63.0,47.5,16.0,50.0,-455.0,46.0,97.0
2026-09-20T03:49:33,nfl,nfl_20260927_arizona_cardinals_san_francisco_49ers,20260927NFL00060,DK,draftkings,change,5,2026-09-19T23:00:00,Sep 19,11:00 PM ET,4h ago,away,Arizona Cardinals,8.5,32.0,37.0,47.5,84.0,50.0,350.0,61.0,3.0
2026-09-20T03:49:33,nfl,nfl_20260927_arizona_cardinals_san_francisco_49ers,20260927NFL00060,DK,draftkings,change,5,2026-09-19T23:00:00,Sep 19,11:00 PM ET,4h ago,home,San Francisco 49ers,-8.5,68.0,63.0,47.5,16.0,50.0,-455.0,39.0,97.0
2026-09-20T03:49:33,nfl,nfl_20260927_arizona_cardinals_san_francisco_49ers,20260927NFL00060,DK,draftkings,change,6,2026-09-19T22:45:00,Sep 19,10:45 PM ET,5h ago,away,Arizona Cardinals,8.5,32.0,39.0,47.5,84.0,50.0,350.0,61.0,3.0
2026-09-20T03:49:33,nfl,nfl_20260927_arizona_cardinals_san_francisco_49ers,20260927NFL00060,DK,draftkings,change,6,2026-09-19T22:45:00,Sep 19,10:45 PM ET,5h ago,home,San Francisco 49ers,-8.5,68.0,61.0,47.5,16.0,50.0,-455.0,39.0,97.0
2026-09-20T03:49:33,nfl,nfl_20260927_arizona_cardinals_san_francisco_49ers,20260927NFL00060,DK,draftkings,change,7,2026-09-19T22:25:00,Sep 19,10:25 PM ET,5h ago,away,Arizona Cardinals,8.5,32.0,35.0,47.5,84.0,50.0,350.0,61.0,3.0
2026-09-20T03:49:33,nfl,nfl_20260927_arizona_cardinals_san_francisco_49ers,20260927NFL00060,DK,draftkings,change,7,2026-09-19T22:25:00,Sep 19,10:25 PM ET,5h ago,home,San Francisco 49ers,-8.5,68.0,65.0,47.5,16.0,50.0,-455.0,39.0,97.0
2026-09-20T03:49:33,nfl,nfl_20260927_arizona_cardinals_san_francisco_49ers,20260927NFL00060,DK,draftkings,change,8,2026-09-19T22:05:00,Sep 19,10:05 PM ET,5h ago,away,Arizona Cardinals,8.5,32.0,35.0,47.5,100.0,67.0,350.0,61.0,3.0
2026-09-20T03:49:33,nfl,nfl_20260927_arizona_cardinals_san_francisco_49ers,20260927NFL00060,DK,draftkings,change,8,2026-09-19T22:05:00,Sep 19,10:05 PM ET,5h ago,home,San Francisco 49ers,-8.5,68.0,65.0,47.5,0.0,33.0,-455.0,39.0,97.0
2026-09-20T03:49:33,nfl,nfl_20260927_arizona_cardinals_san_francisco_49ers,20260927NFL00060,DK,draftkings,change,9,2026-09-19T20:55:00,Sep 19,8:55 PM ET,6h ago,away,Arizona Cardinals,8.5,32.0,38.0,47.5,100.0,67.0,350.0,61.0,3.0
2026-09-20T03:49:33,nfl,nfl_20260927_arizona_cardinals_san_francisco_49ers,20260927NFL00060,DK,draftkings,change,9,2026-09-19T20:55:00,Sep 19,8:55 PM ET,6h ago,home,San Francisco 49ers,-8.5,68.0,63.0,47.5,0.0,33.0,-455.0,39.0,97.0
2026-09-20T03:49:33,nfl,nfl_20260927_arizona_cardinals_san_francisco_49ers,20260927NFL00060,DK,draftkings,change,10,2026-09-19T20:25:00,Sep 19,8:25 PM ET,7h ago,away,Arizona Cardinals,8.5,32.0,40.0,47.5,100.0,67.0,350.0,61.0,3.0
2026-09-20T03:49:33,nfl,nfl_20260927_arizona_cardinals_san_francisco_49ers,20260927NFL00060,DK,draftkings,change,10,2026-09-19T20:25:00,Sep 19,8:25 PM ET,7h ago,home,San Francisco 49ers,-8.5,68.0,60.0,47.5,0.0,33.0,-455.0,39.0,97.0
2026-09-20T03:49:33,nfl,nfl_20260927_arizona_cardinals_san_francisco_49ers,20260927NFL00060,DK,draftkings,change,11,2026-09-19T19:30:00,Sep 19,7:30 PM ET,8h ago,away,Arizona Cardinals,8.5,32.0,36.0,47.5,100.0,67.0,350.0,61.0,3.0
2026-09-20T03:49:33,nfl,nfl_20260927_arizona_cardinals_san_francisco_49ers,20260927NFL00060,DK,draftkings,change,11,2026-09-19T19:30:00,Sep 19,7:30 PM ET,8h ago,home,San Francisco 49ers,-8.5,68.0,64.0,47.5,0.0,33.0,-455.0,39.0,97.0
2026-09-20T03:49:33,nfl,nfl_20260927_arizona_cardinals_san_francisco_49ers,20260927NFL00060,DK,draftkings,change,12,2026-09-19T18:35:00,Sep 19,6:35 PM ET,9h ago,away,Arizona Cardinals,8.5,68.0,38.0,47.5,100.0,67.0,350.0,61.0,3.0
2026-09-20T03:49:33,nfl,nfl_20260927_arizona_cardinals_san_francisco_49ers,20260927NFL00060,DK,draftkings,change,12,2026-09-19T18:35:00,Sep 19,6:35 PM ET,9h ago,home,San Francisco 49ers,-8.5,32.0,62.0,47.5,0.0,33.0,-455.0,39.0,97.0
2026-09-20T03:49:33,nfl,nfl_20260927_arizona_cardinals_san_francisco_49ers,20260927NFL00060,DK,draftkings,change,13,2026-09-19T18:30:00,Sep 19,6:30 PM ET,9h ago,away,Arizona Cardinals,8.5,68.0,42.0,47.5,100.0,67.0,350.0,61.0,3.0
2026-09-20T03:49:33,nfl,nfl_20260927_arizona_cardinals_san_francisco_49ers,20260927NFL00060,DK,draftkings,change,13,2026-09-19T18:30:00,Sep 19,6:30 PM ET,9h ago,home,San Francisco 49ers,-8.5,32.0,58.0,47.5,0.0,33.0,-455.0,39.0,97.0
2026-09-20T03:49:33,nfl,nfl_20260927_arizona_cardinals_san_francisco_49ers,20260927NFL00060,DK,draftkings,change,14,2026-09-19T17:20:00,Sep 19,5:20 PM ET,10h ago,away,Arizona Cardinals,8.5,69.0,45.0,47.5,100.0,67.0,350.0,61.0,3.0
2026-09-20T03:49:33,nfl,nfl_20260927_arizona_cardinals_san_francisco_49ers,20260927NFL00060,DK,draftkings,change,14,2026-09-19T17:20:00,Sep 19,5:20 PM ET,10h ago,home,San Francisco 49ers,-8.5,31.0,55.0,47.5,0.0,33.0,-455.0,39.0,97.0
2026-09-20T03:49:33,nfl,nfl_20260927_arizona_cardinals_san_francisco_49ers,20260927NFL00060,DK,draftkings,change,15,2026-09-19T12:40:00,Sep 19,12:40 PM ET,15h ago,away,Arizona Cardinals,8.5,69.0,45.0,47.5,100.0,67.0,360.0,62.0,3.0
2026-09-20T03:49:33,nfl,nfl_20260927_arizona_cardinals_san_francisco_49ers,20260927NFL00060,DK,draftkings,change,15,2026-09-19T12:40:00,Sep 19,12:40 PM ET,15h ago,home,San Francisco 49ers,-8.5,31.0,55.0,47.5,0.0,33.0,-470.0,38.0,97.0
2026-09-20T03:49:33,nfl,nfl_20260927_arizona_cardinals_san_francisco_49ers,20260927NFL00060,DK,draftkings,change,16,2026-09-19T10:40:00,Sep 19,10:40 AM ET,17h ago,away,Arizona Cardinals,8.5,72.0,50.0,47.5,100.0,67.0,360.0,62.0,3.0
2026-09-20T03:49:33,nfl,nfl_20260927_arizona_cardinals_san_francisco_49ers,20260927NFL00060,DK,draftkings,change,16,2026-09-19T10:40:00,Sep 19,10:40 AM ET,17h ago,home,San Francisco 49ers,-8.5,28.0,50.0,47.5,0.0,33.0,-470.0,38.0,97.0
2026-09-20T03:49:33,nfl,nfl_20260927_arizona_cardinals_san_francisco_49ers,20260927NFL00060,DK,draftkings,change,17,2026-09-19T10:20:00,Sep 19,10:20 AM ET,17h ago,away,Arizona Cardinals,8.5,77.0,56.0,47.5,100.0,67.0,360.0,62.0,3.0
2026-09-20T03:49:33,nfl,nfl_20260927_arizona_cardinals_san_francisco_49ers,20260927NFL00060,DK,draftkings,change,17,2026-09-19T10:20:00,Sep 19,10:20 AM ET,17h ago,home,San Francisco 49ers,-8.5,23.0,44.0,47.5,0.0,33.0,-470.0,38.0,97.0
2026-09-20T03:49:33,nfl,nfl_20260927_arizona_cardinals_san_francisco_49ers,20260927NFL00060,DK,draftkings,change,18,2026-09-19T09:50:00,Sep 19,9:50 AM ET,17h ago,away,Arizona Cardinals,8.5,77.0,56.0,47.5,100.0,67.0,360.0,65.0,3.0
2026-09-20T03:49:33,nfl,nfl_20260927_arizona_cardinals_san_francisco_49ers,20260927NFL00060,DK,draftkings,change,18,2026-09-19T09:50:00,Sep 19,9:50 AM ET,17h ago,home,San Francisco 49ers,-8.5,23.0,44.0,47.5,0.0,33.0,-470.0,35.0,97.0
2026-09-20T03:49:33,nfl,nfl_20260927_arizona_cardinals_san_francisco_49ers,20260927NFL00060,DK,draftkings,change,19,2026-09-19T09:20:00,Sep 19,9:20 AM ET,18h ago,away,Arizona Cardinals,8.5,88.0,63.0,47.5,100.0,67.0,360.0,65.0,3.0
2026-09-20T03:49:33,nfl,nfl_20260927_arizona_cardinals_san_francisco_49ers,20260927NFL00060,DK,draftkings,change,19,2026-09-19T09:20:00,Sep 19,9:20 AM ET,18h ago,home,San Francisco 49ers,-8.5,12.0,38.0,47.5,0.0,33.0,-470.0,35.0,97.0
2026-09-20T03:49:33,nfl,nfl_20260927_arizona_cardinals_san_francisco_49ers,20260927NFL00060,DK,draftkings,change,20,2026-09-19T02:25:00,Sep 19,2:25 AM ET,1d ago,away,Arizona Cardinals,8.5,88.0,63.0,47.5,100.0,67.0,360.0,64.0,2.0
2026-09-20T03:49:33,nfl,nfl_20260927_arizona_cardinals_san_francisco_49ers,20260927NFL00060,DK,draftkings,change,20,2026-09-19T02:25:00,Sep 19,2:25 AM ET,1d ago,home,San Francisco 49ers,-8.5,12.0,38.0,47.5,0.0,33.0,-470.0,36.0,98.0
2026-09-20T03:49:33,nfl,nfl_20260927_arizona_cardinals_san_francisco_49ers,20260927NFL00060,DK,draftkings,change,21,2026-09-18T23:40:00,Sep 18,11:40 PM ET,1d ago,away,Arizona Cardinals,8.5,88.0,57.0,47.5,100.0,67.0,360.0,64.0,2.0
2026-09-20T03:49:33,nfl,nfl_20260927_arizona_cardinals_san_francisco_49ers,20260927NFL00060,DK,draftkings,change,21,2026-09-18T23:40:00,Sep 18,11:40 PM ET,1d ago,home,San Francisco 49ers,-8.5,12.0,43.0,47.5,0.0,33.0,-470.0,36.0,98.0
2026-09-20T03:49:33,nfl,nfl_20260927_arizona_cardinals_san_francisco_49ers,20260927NFL00060,DK,draftkings,change,22,2026-09-18T21:50:00,Sep 18,9:50 PM ET,1d ago,away,Arizona Cardinals,8.5,88.0,57.0,47.5,100.0,67.0,360.0,62.0,2.0
2026-09-20T03:49:33,nfl,nfl_20260927_arizona_cardinals_san_francisco_49ers,20260927NFL00060,DK,draftkings,change,22,2026-09-18T21:50:00,Sep 18,9:50 PM ET,1d ago,home,San Francisco 49ers,-8.5,12.0,43.0,47.5,0.0,33.0,-470.0,38.0,98.0
2026-09-20T03:49:33,nfl,nfl_20260927_arizona_cardinals_san_francisco_49ers,20260927NFL00060,DK,draftkings,change,23,2026-09-18T21:30:00,Sep 18,9:30 PM ET,1d ago,away,Arizona Cardinals,8.5,88.0,57.0,47.5,100.0,67.0,360.0,63.0,2.0
2026-09-20T03:49:33,nfl,nfl_20260927_arizona_cardinals_san_francisco_49ers,20260927NFL00060,DK,draftkings,change,23,2026-09-18T21:30:00,Sep 18,9:30 PM ET,1d ago,home,San Francisco 49ers,-8.5,12.0,43.0,47.5,0.0,33.0,-470.0,37.0,98.0
2026-09-20T03:49:33,nfl,nfl_20260927_arizona_cardinals_san_francisco_49ers,20260927NFL00060,DK,draftkings,change,24,2026-09-18T18:00:00,Sep 18,6:00 PM ET,1d ago,away,Arizona Cardinals,8.5,88.0,57.0,47.5,100.0,67.0,360.0,64.0,2.0
2026-09-20T03:49:33,nfl,nfl_20260927_arizona_cardinals_san_francisco_49ers,20260927NFL00060,DK,draftkings,change,24,2026-09-18T18:00:00,Sep 18,6:00 PM ET,1d ago,home,San Francisco 49ers,-8.5,12.0,43.0,47.5,0.0,33.0,-470.0,36.0,98.0
2026-09-20T03:49:33,nfl,nfl_20260927_arizona_cardinals_san_francisco_49ers,20260927NFL00060,DK,draftkings,change,25,2026-09-18T17:00:00,Sep 18,5:00 PM ET,1d ago,away,Arizona Cardinals,8.5,94.0,67.0,47.5,100.0,67.0,370.0,64.0,2.0
2026-09-20T03:49:33,nfl,nfl_20260927_arizona_cardinals_san_francisco_49ers,20260927NFL00060,DK,draftkings,change,25,2026-09-18T17:00:00,Sep 18,5:00 PM ET,1d ago,home,San Francisco 49ers,-8.5,6.0,33.0,47.5,0.0,33.0,-485.0,36.0,98.0
2026-09-20T03:49:33,nfl,nfl_20260927_arizona_cardinals_san_francisco_49ers,20260927NFL00060,DK,draftkings,change,26,2026-09-18T15:40:00,Sep 18,3:40 PM ET,1d ago,away,Arizona Cardinals,8.5,94.0,67.0,47.5,100.0,67.0,370.0,65.0,2.0
2026-09-20T03:49:33,nfl,nfl_20260927_arizona_cardinals_san_francisco_49ers,20260927NFL00060,DK,draftkings,change,26,2026-09-18T15:40:00,Sep 18,3:40 PM ET,1d ago,home,San Francisco 49ers,-8.5,6.0,33.0,47.5,0.0,33.0,-485.0,35.0,98.0
2026-09-20T03:49:33,nfl,nfl_20260927_arizona_cardinals_san_francisco_49ers,20260927NFL00060,DK,draftkings,change,27,2026-09-18T14:20:00,Sep 18,2:20 PM ET,1d ago,away,Arizona Cardinals,8.5,94.0,67.0,47.5,100.0,67.0,370.0,71.0,2.0
2026-09-20T03:49:33,nfl,nfl_20260927_arizona_cardinals_san_francisco_49ers,20260927NFL00060,DK,draftkings,change,27,2026-09-18T14:20:00,Sep 18,2:20 PM ET,1d ago,home,San Francisco 49ers,-8.5,6.0,33.0,47.5,0.0,33.0,-485.0,29.0,98.0
2026-09-20T03:49:35,nfl,nfl_20260927_baltimore_ravens_dallas_cowboys,20260927NFL00047,DK,draftkings,open,1,2026-05-12T12:15:00,May 12,12:15 PM ET,130d ago,away,Baltimore Ravens,,0.0,0.0,50.5,0.0,0.0,-135.0,100.0,100.0
2026-09-20T03:49:35,nfl,nfl_20260927_baltimore_ravens_dallas_cowboys,20260927NFL00047,DK,draftkings,open,1,2026-05-12T12:15:00,May 12,12:15 PM ET,130d ago,home,Dallas Cowboys,,0.0,0.0,50.5,100.0,100.0,114.0,0.0,0.0
2026-09-20T03:49:35,nfl,nfl_20260927_baltimore_ravens_dallas_cowboys,20260927NFL00047,DK,draftkings,first_full,2,2026-05-17T13:40:00,May 17,1:40 PM ET,125d ago,away,Baltimore Ravens,-2.5,80.0,64.0,52.5,1.0,40.0,-135.0,41.0,53.0
2026-09-20T03:49:35,nfl,nfl_20260927_baltimore_ravens_dallas_cowboys,20260927NFL00047,DK,draftkings,first_full,2,2026-05-17T13:40:00,May 17,1:40 PM ET,125d ago,home,Dallas Cowboys,2.5,20.0,36.0,52.5,99.0,60.0,114.0,59.0,47.0
2026-09-20T03:49:35,nfl,nfl_20260927_baltimore_ravens_dallas_cowboys,20260927NFL00047,DK,draftkings,change,3,2026-09-20T02:45:00,Sep 20,2:45 AM ET,1h ago,away,Baltimore Ravens,-3.0,93.0,25.0,52.5,1.0,23.0,-155.0,75.0,81.0
2026-09-20T03:49:35,nfl,nfl_20260927_baltimore_ravens_dallas_cowboys,20260927NFL00047,DK,draftkings,change,3,2026-09-20T02:45:00,Sep 20,2:45 AM ET,1h ago,home,Dallas Cowboys,3.0,7.0,75.0,52.5,99.0,77.0,130.0,25.0,19.0
2026-09-20T03:49:35,nfl,nfl_20260927_baltimore_ravens_dallas_cowboys,20260927NFL00047,DK,draftkings,change,4,2026-09-20T02:40:00,Sep 20,2:40 AM ET,1h ago,away,Baltimore Ravens,-3.0,93.0,24.0,52.5,1.0,23.0,-155.0,75.0,81.0
2026-09-20T03:49:35,nfl,nfl_20260927_baltimore_ravens_dallas_cowboys,20260927NFL00047,DK,draftkings,change,4,2026-09-20T02:40:00,Sep 20,2:40 AM ET,1h ago,home,Dallas Cowboys,3.0,7.0,76.0,52.5,99.0,77.0,130.0,25.0,19.0
2026-09-20T03:49:35,nfl,nfl_20260927_baltimore_ravens_dallas_cowboys,20260927NFL00047,DK,draftkings,change,5,2026-09-20T01:00:00,Sep 20,1:00 AM ET,2h ago,away,Baltimore Ravens,-3.0,93.0,24.0,52.5,1.0,23.0,-155.0,75.0,80.0
2026-09-20T03:49:35,nfl,nfl_20260927_baltimore_ravens_dallas_cowboys,20260927NFL00047,DK,draftkings,change,5,2026-09-20T01:00:00,Sep 20,1:00 AM ET,2h ago,home,Dallas Cowboys,3.0,7.0,76.0,52.5,99.0,77.0,130.0,25.0,20.0
2026-09-20T03:49:35,nfl,nfl_20260927_baltimore_ravens_dallas_cowboys,20260927NFL00047,DK,draftkings,change,6,2026-09-20T00:35:00,Sep 20,12:35 AM ET,3h ago,away,Baltimore Ravens,-3.0,93.0,24.0,52.5,1.0,23.0,-155.0,76.0,81.0
2026-09-20T03:49:35,nfl,nfl_20260927_baltimore_ravens_dallas_cowboys,20260927NFL00047,DK,draftkings,change,6,2026-09-20T00:35:00,Sep 20,12:35 AM ET,3h ago,home,Dallas Cowboys,3.0,7.0,76.0,52.5,99.0,77.0,130.0,24.0,19.0
2026-09-20T03:49:35,nfl,nfl_20260927_baltimore_ravens_dallas_cowboys,20260927NFL00047,DK,draftkings,change,7,2026-09-20T00:25:00,Sep 20,12:25 AM ET,3h ago,away,Baltimore Ravens,-3.0,93.0,24.0,52.5,1.0,23.0,-155.0,76.0,82.0
2026-09-20T03:49:35,nfl,nfl_20260927_baltimore_ravens_dallas_cowboys,20260927NFL00047,DK,draftkings,change,7,2026-09-20T00:25:00,Sep 20,12:25 AM ET,3h ago,home,Dallas Cowboys,3.0,7.0,76.0,52.5,99.0,77.0,130.0,24.0,18.0
2026-09-20T03:49:35,nfl,nfl_20260927_baltimore_ravens_dallas_cowboys,20260927NFL00047,DK,draftkings,change,8,2026-09-19T22:00:00,Sep 19,10:00 PM ET,5h ago,away,Baltimore Ravens,-3.0,93.0,24.0,52.5,1.0,24.0,-155.0,76.0,82.0
2026-09-20T03:49:35,nfl,nfl_20260927_baltimore_ravens_dallas_cowboys,20260927NFL00047,DK,draftkings,change,8,2026-09-19T22:00:00,Sep 19,10:00 PM ET,5h ago,home,Dallas Cowboys,3.0,7.0,76.0,52.5,99.0,76.0,130.0,24.0,18.0
2026-09-20T03:49:35,nfl,nfl_20260927_baltimore_ravens_dallas_cowboys,20260927NFL00047,DK,draftkings,change,9,2026-09-19T21:35:00,Sep 19,9:35 PM ET,6h ago,away,Baltimore Ravens,-3.0,93.0,24.0,52.5,1.0,24.0,-155.0,76.0,81.0
2026-09-20T03:49:35,nfl,nfl_20260927_baltimore_ravens_dallas_cowboys,20260927NFL00047,DK,draftkings,change,9,2026-09-19T21:35:00,Sep 19,9:35 PM ET,6h ago,home,Dallas Cowboys,3.0,7.0,76.0,52.5,99.0,76.0,130.0,24.0,19.0
2026-09-20T03:49:35,nfl,nfl_20260927_baltimore_ravens_dallas_cowboys,20260927NFL00047,DK,draftkings,change,10,2026-09-19T20:25:00,Sep 19,8:25 PM ET,7h ago,away,Baltimore Ravens,-3.0,93.0,24.0,52.5,1.0,24.0,-155.0,76.0,82.0
2026-09-20T03:49:35,nfl,nfl_20260927_baltimore_ravens_dallas_cowboys,20260927NFL00047,DK,draftkings,change,10,2026-09-19T20:25:00,Sep 19,8:25 PM ET,7h ago,home,Dallas Cowboys,3.0,7.0,76.0,52.5,99.0,76.0,130.0,24.0,18.0
2026-09-20T03:49:35,nfl,nfl_20260927_baltimore_ravens_dallas_cowboys,20260927NFL00047,DK,draftkings,change,11,2026-09-19T20:10:00,Sep 19,8:10 PM ET,7h ago,away,Baltimore Ravens,-3.0,93.0,24.0,52.5,1.0,24.0,-155.0,76.0,81.0
2026-09-20T03:49:35,nfl,nfl_20260927_baltimore_ravens_dallas_cowboys,20260927NFL00047,DK,draftkings,change,11,2026-09-19T20:10:00,Sep 19,8:10 PM ET,7h ago,home,Dallas Cowboys,3.0,7.0,76.0,52.5,99.0,76.0,130.0,24.0,19.0
2026-09-20T03:49:35,nfl,nfl_20260927_baltimore_ravens_dallas_cowboys,20260927NFL00047,DK,draftkings,change,12,2026-09-19T19:50:00,Sep 19,7:50 PM ET,7h ago,away,Baltimore Ravens,-3.0,93.0,24.0,52.5,1.0,24.0,-155.0,76.0,82.0
2026-09-20T03:49:35,nfl,nfl_20260927_baltimore_ravens_dallas_cowboys,20260927NFL00047,DK,draftkings,change,12,2026-09-19T19:50:00,Sep 19,7:50 PM ET,7h ago,home,Dallas Cowboys,3.0,7.0,76.0,52.5,99.0,76.0,130.0,24.0,18.0
2026-09-20T03:49:35,nfl,nfl_20260927_baltimore_ravens_dallas_cowboys,20260927NFL00047,DK,draftkings,change,13,2026-09-19T18:50:00,Sep 19,6:50 PM ET,8h ago,away,Baltimore Ravens,-3.0,93.0,24.0,52.5,1.0,24.0,-155.0,75.0,82.0
2026-09-20T03:49:35,nfl,nfl_20260927_baltimore_ravens_dallas_cowboys,20260927NFL00047,DK,draftkings,change,13,2026-09-19T18:50:00,Sep 19,6:50 PM ET,8h ago,home,Dallas Cowboys,3.0,7.0,76.0,52.5,99.0,76.0,130.0,25.0,18.0
2026-09-20T03:49:35,nfl,nfl_20260927_baltimore_ravens_dallas_cowboys,20260927NFL00047,DK,draftkings,change,14,2026-09-19T18:20:00,Sep 19,6:20 PM ET,9h ago,away,Baltimore Ravens,-3.0,93.0,23.0,52.5,1.0,24.0,-155.0,75.0,82.0
2026-09-20T03:49:35,nfl,nfl_20260927_baltimore_ravens_dallas_cowboys,20260927NFL00047,DK,draftkings,change,14,2026-09-19T18:20:00,Sep 19,6:20 PM ET,9h ago,home,Dallas Cowboys,3.0,7.0,77.0,52.5,99.0,76.0,130.0,25.0,18.0
2026-09-20T03:49:35,nfl,nfl_20260927_baltimore_ravens_dallas_cowboys,20260927NFL00047,DK,draftkings,change,15,2026-09-19T18:15:00,Sep 19,6:15 PM ET,9h ago,away,Baltimore Ravens,-3.0,94.0,23.0,52.5,1.0,24.0,-155.0,75.0,82.0
2026-09-20T03:49:35,nfl,nfl_20260927_baltimore_ravens_dallas_cowboys,20260927NFL00047,DK,draftkings,change,15,2026-09-19T18:15:00,Sep 19,6:15 PM ET,9h ago,home,Dallas Cowboys,3.0,6.0,77.0,52.5,99.0,76.0,130.0,25.0,18.0
2026-09-20T03:49:35,nfl,nfl_20260927_baltimore_ravens_dallas_cowboys,20260927NFL00047,DK,draftkings,change,16,2026-09-19T18:10:00,Sep 19,6:10 PM ET,9h ago,away,Baltimore Ravens,-3.0,95.0,23.0,52.5,1.0,24.0,-155.0,75.0,82.0
2026-09-20T03:49:35,nfl,nfl_20260927_baltimore_ravens_dallas_cowboys,20260927NFL00047,DK,draftkings,change,16,2026-09-19T18:10:00,Sep 19,6:10 PM ET,9h ago,home,Dallas Cowboys,3.0,5.0,77.0,52.5,99.0,76.0,130.0,25.0,18.0
2026-09-20T03:49:35,nfl,nfl_20260927_baltimore_ravens_dallas_cowboys,20260927NFL00047,DK,draftkings,change,17,2026-09-19T17:25:00,Sep 19,5:25 PM ET,10h ago,away,Baltimore Ravens,-3.0,95.0,24.0,52.5,1.0,24.0,-155.0,75.0,82.0
2026-09-20T03:49:35,nfl,nfl_20260927_baltimore_ravens_dallas_cowboys,20260927NFL00047,DK,draftkings,change,17,2026-09-19T17:25:00,Sep 19,5:25 PM ET,10h ago,home,Dallas Cowboys,3.0,5.0,76.0,52.5,99.0,76.0,130.0,25.0,18.0
2026-09-20T03:49:35,nfl,nfl_20260927_baltimore_ravens_dallas_cowboys,20260927NFL00047,DK,draftkings,change,18,2026-09-19T14:45:00,Sep 19,2:45 PM ET,13h ago,away,Baltimore Ravens,-3.0,95.0,23.0,52.5,1.0,24.0,-155.0,75.0,82.0
2026-09-20T03:49:35,nfl,nfl_20260927_baltimore_ravens_dallas_cowboys,20260927NFL00047,DK,draftkings,change,18,2026-09-19T14:45:00,Sep 19,2:45 PM ET,13h ago,home,Dallas Cowboys,3.0,5.0,77.0,52.5,99.0,76.0,130.0,25.0,18.0
2026-09-20T03:49:35,nfl,nfl_20260927_baltimore_ravens_dallas_cowboys,20260927NFL00047,DK,draftkings,change,19,2026-09-19T11:15:00,Sep 19,11:15 AM ET,16h ago,away,Baltimore Ravens,-3.0,95.0,22.0,52.5,1.0,24.0,-155.0,75.0,82.0
2026-09-20T03:49:35,nfl,nfl_20260927_baltimore_ravens_dallas_cowboys,20260927NFL00047,DK,draftkings,change,19,2026-09-19T11:15:00,Sep 19,11:15 AM ET,16h ago,home,Dallas Cowboys,3.0,5.0,78.0,52.5,99.0,76.0,130.0,25.0,18.0
2026-09-20T03:49:35,nfl,nfl_20260927_baltimore_ravens_dallas_cowboys,20260927NFL00047,DK,draftkings,change,20,2026-09-19T10:25:00,Sep 19,10:25 AM ET,17h ago,away,Baltimore Ravens,-3.0,95.0,21.0,52.5,1.0,24.0,-155.0,75.0,82.0
2026-09-20T03:49:35,nfl,nfl_20260927_baltimore_ravens_dallas_cowboys,20260927NFL00047,DK,draftkings,change,20,2026-09-19T10:25:00,Sep 19,10:25 AM ET,17h ago,home,Dallas Cowboys,3.0,5.0,79.0,52.5,99.0,76.0,130.0,25.0,18.0
2026-09-20T03:49:35,nfl,nfl_20260927_baltimore_ravens_dallas_cowboys,20260927NFL00047,DK,draftkings,change,21,2026-09-19T10:05:00,Sep 19,10:05 AM ET,17h ago,away,Baltimore Ravens,-3.0,95.0,21.0,52.5,0.0,20.0,-155.0,75.0,82.0
2026-09-20T03:49:35,nfl,nfl_20260927_baltimore_ravens_dallas_cowboys,20260927NFL00047,DK,draftkings,change,21,2026-09-19T10:05:00,Sep 19,10:05 AM ET,17h ago,home,Dallas Cowboys,3.0,5.0,79.0,52.5,100.0,80.0,130.0,25.0,18.0
2026-09-20T03:49:35,nfl,nfl_20260927_baltimore_ravens_dallas_cowboys,20260927NFL00047,DK,draftkings,change,22,2026-09-19T08:50:00,Sep 19,8:50 AM ET,18h ago,away,Baltimore Ravens,-3.0,95.0,20.0,52.5,0.0,20.0,-155.0,75.0,82.0
2026-09-20T03:49:35,nfl,nfl_20260927_baltimore_ravens_dallas_cowboys,20260927NFL00047,DK,draftkings,change,22,2026-09-19T08:50:00,Sep 19,8:50 AM ET,18h ago,home,Dallas Cowboys,3.0,5.0,80.0,52.5,100.0,80.0,130.0,25.0,18.0
2026-09-20T03:49:35,nfl,nfl_20260927_baltimore_ravens_dallas_cowboys,20260927NFL00047,DK,draftkings,change,23,2026-09-19T07:45:00,Sep 19,7:45 AM ET,20h ago,away,Baltimore Ravens,-3.0,95.0,20.0,52.5,0.0,20.0,-155.0,75.0,83.0
2026-09-20T03:49:35,nfl,nfl_20260927_baltimore_ravens_dallas_cowboys,20260927NFL00047,DK,draftkings,change,23,2026-09-19T07:45:00,Sep 19,7:45 AM ET,20h ago,home,Dallas Cowboys,3.0,5.0,80.0,52.5,100.0,80.0,130.0,25.0,17.0
2026-09-20T03:49:35,nfl,nfl_20260927_baltimore_ravens_dallas_cowboys,20260927NFL00047,DK,draftkings,change,24,2026-09-18T23:00:00,Sep 18,11:00 PM ET,1d ago,away,Baltimore Ravens,-3.0,95.0,20.0,52.5,0.0,21.0,-155.0,75.0,83.0
2026-09-20T03:49:35,nfl,nfl_20260927_baltimore_ravens_dallas_cowboys,20260927NFL00047,DK,draftkings,change,24,2026-09-18T23:00:00,Sep 18,11:00 PM ET,1d ago,home,Dallas Cowboys,3.0,5.0,80.0,52.5,100.0,79.0,130.0,25.0,17.0
2026-09-20T03:49:35,nfl,nfl_20260927_baltimore_ravens_dallas_cowboys,20260927NFL00047,DK,draftkings,change,25,2026-09-18T21:00:00,Sep 18,9:00 PM ET,1d ago,away,Baltimore Ravens,-3.0,95.0,19.0,52.5,0.0,21.0,-155.0,75.0,83.0
2026-09-20T03:49:35,nfl,nfl_20260927_baltimore_ravens_dallas_cowboys,20260927NFL00047,DK,draftkings,change,25,2026-09-18T21:00:00,Sep 18,9:00 PM ET,1d ago,home,Dallas Cowboys,3.0,5.0,81.0,52.5,100.0,79.0,130.0,25.0,17.0
2026-09-20T03:49:35,nfl,nfl_20260927_baltimore_ravens_dallas_cowboys,20260927NFL00047,DK,draftkings,change,26,2026-09-18T20:55:00,Sep 18,8:55 PM ET,1d ago,away,Baltimore Ravens,-3.0,95.0,19.0,52.5,0.0,21.0,-155.0,73.0,82.0
2026-09-20T03:49:35,nfl,nfl_20260927_baltimore_ravens_dallas_cowboys,20260927NFL00047,DK,draftkings,change,26,2026-09-18T20:55:00,Sep 18,8:55 PM ET,1d ago,home,Dallas Cowboys,3.0,5.0,81.0,52.5,100.0,79.0,130.0,27.0,18.0
2026-09-20T03:49:35,nfl,nfl_20260927_baltimore_ravens_dallas_cowboys,20260927NFL00047,DK,draftkings,change,27,2026-09-18T18:55:00,Sep 18,6:55 PM ET,1d ago,away,Baltimore Ravens,-3.0,95.0,19.0,52.5,0.0,21.0,-155.0,71.0,82.0
2026-09-20T03:49:35,nfl,nfl_20260927_baltimore_ravens_dallas_cowboys,20260927NFL00047,DK,draftkings,change,27,2026-09-18T18:55:00,Sep 18,6:55 PM ET,1d ago,home,Dallas Cowboys,3.0,5.0,81.0,52.5,100.0,79.0,130.0,29.0,18.0
2026-09-20T03:49:38,nfl,nfl_20260927_las_vegas_raiders_new_orleans_saints,20260927NFL00057,DK,draftkings,open,1,2026-05-14T22:40:00,May 14,10:40 PM ET,128d ago,away,Las Vegas Raiders,,0.0,0.0,,0.0,0.0,140.0,0.0,0.0
2026-09-20T03:49:38,nfl,nfl_20260927_las_vegas_raiders_new_orleans_saints,20260927NFL00057,DK,draftkings,open,1,2026-05-14T22:40:00,May 14,10:40 PM ET,128d ago,home,New Orleans Saints,,0.0,0.0,,0.0,0.0,-166.0,100.0,100.0
2026-09-20T03:49:38,nfl,nfl_20260927_las_vegas_raiders_new_orleans_saints,20260927NFL00057,DK,draftkings,first_full,2,2026-09-19T02:30:00,Sep 19,2:30 AM ET,1d ago,away,Las Vegas Raiders,3.0,3.0,39.0,45.5,49.0,20.0,136.0,70.0,10.0
2026-09-20T03:49:38,nfl,nfl_20260927_las_vegas_raiders_new_orleans_saints,20260927NFL00057,DK,draftkings,first_full,2,2026-09-19T02:30:00,Sep 19,2:30 AM ET,1d ago,home,New Orleans Saints,-3.0,97.0,61.0,45.5,51.0,80.0,-162.0,30.0,90.0
2026-09-20T03:49:38,nfl,nfl_20260927_las_vegas_raiders_new_orleans_saints,20260927NFL00057,DK,draftkings,change,3,2026-09-20T03:05:00,Sep 20,3:05 AM ET,44m ago,away,Las Vegas Raiders,3.0,3.0,33.0,45.5,90.0,33.0,136.0,66.0,11.0
2026-09-20T03:49:38,nfl,nfl_20260927_las_vegas_raiders_new_orleans_saints,20260927NFL00057,DK,draftkings,change,3,2026-09-20T03:05:00,Sep 20,3:05 AM ET,44m ago,home,New Orleans Saints,-3.0,97.0,67.0,45.5,10.0,67.0,-162.0,34.0,89.0
2026-09-20T03:49:38,nfl,nfl_20260927_las_vegas_raiders_new_orleans_saints,20260927NFL00057,DK,draftkings,change,4,2026-09-20T02:40:00,Sep 20,2:40 AM ET,1h ago,away,Las Vegas Raiders,3.0,3.0,34.0,45.5,90.0,33.0,136.0,66.0,11.0
2026-09-20T03:49:38,nfl,nfl_20260927_las_vegas_raiders_new_orleans_saints,20260927NFL00057,DK,draftkings,change,4,2026-09-20T02:40:00,Sep 20,2:40 AM ET,1h ago,home,New Orleans Saints,-3.0,97.0,66.0,45.5,10.0,67.0,-162.0,34.0,89.0
2026-09-20T03:49:38,nfl,nfl_20260927_las_vegas_raiders_new_orleans_saints,20260927NFL00057,DK,draftkings,change,5,2026-09-20T00:35:00,Sep 20,12:35 AM ET,3h ago,away,Las Vegas Raiders,3.0,3.0,35.0,45.5,90.0,33.0,136.0,66.0,11.0
2026-09-20T03:49:38,nfl,nfl_20260927_las_vegas_raiders_new_orleans_saints,20260927NFL00057,DK,draftkings,change,5,2026-09-20T00:35:00,Sep 20,12:35 AM ET,3h ago,home,New Orleans Saints,-3.0,97.0,65.0,45.5,10.0,67.0,-162.0,34.0,89.0
2026-09-20T03:49:38,nfl,nfl_20260927_las_vegas_raiders_new_orleans_saints,20260927NFL00057,DK,draftkings,change,6,2026-09-19T23:00:00,Sep 19,11:00 PM ET,4h ago,away,Las Vegas Raiders,3.0,3.0,35.0,45.5,90.0,33.0,136.0,66.0,10.0
2026-09-20T03:49:38,nfl,nfl_20260927_las_vegas_raiders_new_orleans_saints,20260927NFL00057,DK,draftkings,change,6,2026-09-19T23:00:00,Sep 19,11:00 PM ET,4h ago,home,New Orleans Saints,-3.0,97.0,65.0,45.5,10.0,67.0,-162.0,34.0,90.0
2026-09-20T03:49:38,nfl,nfl_20260927_las_vegas_raiders_new_orleans_saints,20260927NFL00057,DK,draftkings,change,7,2026-09-19T22:25:00,Sep 19,10:25 PM ET,5h ago,away,Las Vegas Raiders,3.0,3.0,36.0,45.5,90.0,33.0,136.0,66.0,10.0
2026-09-20T03:49:38,nfl,nfl_20260927_las_vegas_raiders_new_orleans_saints,20260927NFL00057,DK,draftkings,change,7,2026-09-19T22:25:00,Sep 19,10:25 PM ET,5h ago,home,New Orleans Saints,-3.0,97.0,64.0,45.5,10.0,67.0,-162.0,34.0,90.0
2026-09-20T03:49:38,nfl,nfl_20260927_las_vegas_raiders_new_orleans_saints,20260927NFL00057,DK,draftkings,change,8,2026-09-19T19:50:00,Sep 19,7:50 PM ET,7h ago,away,Las Vegas Raiders,3.0,3.0,36.0,45.5,49.0,20.0,136.0,66.0,10.0
2026-09-20T03:49:38,nfl,nfl_20260927_las_vegas_raiders_new_orleans_saints,20260927NFL00057,DK,draftkings,change,8,2026-09-19T19:50:00,Sep 19,7:50 PM ET,7h ago,home,New Orleans Saints,-3.0,97.0,64.0,45.5,51.0,80.0,-162.0,34.0,90.0
2026-09-20T03:49:38,nfl,nfl_20260927_las_vegas_raiders_new_orleans_saints,20260927NFL00057,DK,draftkings,change,9,2026-09-19T18:35:00,Sep 19,6:35 PM ET,9h ago,away,Las Vegas Raiders,3.0,3.0,36.0,45.5,49.0,20.0,136.0,66.0,9.0
2026-09-20T03:49:38,nfl,nfl_20260927_las_vegas_raiders_new_orleans_saints,20260927NFL00057,DK,draftkings,change,9,2026-09-19T18:35:00,Sep 19,6:35 PM ET,9h ago,home,New Orleans Saints,-3.0,97.0,64.0,45.5,51.0,80.0,-162.0,34.0,91.0
2026-09-20T03:49:38,nfl,nfl_20260927_las_vegas_raiders_new_orleans_saints,20260927NFL00057,DK,draftkings,change,10,2026-09-19T18:30:00,Sep 19,6:30 PM ET,9h ago,away,Las Vegas Raiders,3.0,3.0,38.0,45.5,49.0,20.0,136.0,66.0,9.0
2026-09-20T03:49:38,nfl,nfl_20260927_las_vegas_raiders_new_orleans_saints,20260927NFL00057,DK,draftkings,change,10,2026-09-19T18:30:00,Sep 19,6:30 PM ET,9h ago,home,New Orleans Saints,-3.0,97.0,63.0,45.5,51.0,80.0,-162.0,34.0,91.0
2026-09-20T03:49:38,nfl,nfl_20260927_las_vegas_raiders_new_orleans_saints,20260927NFL00057,DK,draftkings,change,11,2026-09-19T17:40:00,Sep 19,5:40 PM ET,10h ago,away,Las Vegas Raiders,3.0,3.0,39.0,45.5,49.0,20.0,136.0,66.0,9.0
2026-09-20T03:49:38,nfl,nfl_20260927_las_vegas_raiders_new_orleans_saints,20260927NFL00057,DK,draftkings,change,11,2026-09-19T17:40:00,Sep 19,5:40 PM ET,10h ago,home,New Orleans Saints,-3.0,97.0,61.0,45.5,51.0,80.0,-162.0,34.0,91.0
2026-09-20T03:49:38,nfl,nfl_20260927_las_vegas_raiders_new_orleans_saints,20260927NFL00057,DK,draftkings,change,12,2026-09-19T14:45:00,Sep 19,2:45 PM ET,13h ago,away,Las Vegas Raiders,3.0,3.0,39.0,45.5,49.0,20.0,136.0,70.0,9.0
2026-09-20T03:49:38,nfl,nfl_20260927_las_vegas_raiders_new_orleans_saints,20260927NFL00057,DK,draftkings,change,12,2026-09-19T14:45:00,Sep 19,2:45 PM ET,13h ago,home,New Orleans Saints,-3.0,97.0,61.0,45.5,51.0,80.0,-162.0,30.0,91.0
2026-09-20T03:49:38,nfl,nfl_20260927_las_vegas_raiders_new_orleans_saints,20260927NFL00057,DK,draftkings,change,13,2026-09-19T14:10:00,Sep 19,2:10 PM ET,13h ago,away,Las Vegas Raiders,3.0,3.0,40.0,45.5,49.0,20.0,136.0,70.0,9.0
2026-09-20T03:49:38,nfl,nfl_20260927_las_vegas_raiders_new_orleans_saints,20260927NFL00057,DK,draftkings,change,13,2026-09-19T14:10:00,Sep 19,2:10 PM ET,13h ago,home,New Orleans Saints,-3.0,97.0,60.0,45.5,51.0,80.0,-162.0,30.0,91.0
2026-09-20T03:49:38,nfl,nfl_20260927_las_vegas_raiders_new_orleans_saints,20260927NFL00057,DK,draftkings,change,14,2026-09-19T14:00:00,Sep 19,2:00 PM ET,13h ago,away,Las Vegas Raiders,3.0,3.0,40.0,45.5,49.0,20.0,136.0,70.0,10.0
2026-09-20T03:49:38,nfl,nfl_20260927_las_vegas_raiders_new_orleans_saints,20260927NFL00057,DK,draftkings,change,14,2026-09-19T14:00:00,Sep 19,2:00 PM ET,13h ago,home,New Orleans Saints,-3.0,97.0,60.0,45.5,51.0,80.0,-162.0,30.0,91.0
2026-09-20T03:49:38,nfl,nfl_20260927_las_vegas_raiders_new_orleans_saints,20260927NFL00057,DK,draftkings,change,15,2026-09-19T11:15:00,Sep 19,11:15 AM ET,16h ago,away,Las Vegas Raiders,3.0,3.0,40.0,45.5,49.0,20.0,136.0,70.0,10.0
2026-09-20T03:49:38,nfl,nfl_20260927_las_vegas_raiders_new_orleans_saints,20260927NFL00057,DK,draftkings,change,15,2026-09-19T11:15:00,Sep 19,11:15 AM ET,16h ago,home,New Orleans Saints,-3.0,97.0,60.0,45.5,51.0,80.0,-162.0,30.0,90.0
2026-09-20T03:49:38,nfl,nfl_20260927_las_vegas_raiders_new_orleans_saints,20260927NFL00057,DK,draftkings,change,16,2026-09-19T11:05:00,Sep 19,11:05 AM ET,16h ago,away,Las Vegas Raiders,3.0,3.0,38.0,45.5,49.0,20.0,136.0,70.0,10.0
2026-09-20T03:49:38,nfl,nfl_20260927_las_vegas_raiders_new_orleans_saints,20260927NFL00057,DK,draftkings,change,16,2026-09-19T11:05:00,Sep 19,11:05 AM ET,16h ago,home,New Orleans Saints,-3.0,97.0,62.0,45.5,51.0,80.0,-162.0,30.0,90.0
2026-09-20T03:49:38,nfl,nfl_20260927_las_vegas_raiders_new_orleans_saints,20260927NFL00057,DK,draftkings,change,17,2026-09-19T02:30:00,Sep 19,2:30 AM ET,1d ago,away,Las Vegas Raiders,3.0,3.0,39.0,45.5,49.0,20.0,136.0,70.0,10.0
2026-09-20T03:49:38,nfl,nfl_20260927_las_vegas_raiders_new_orleans_saints,20260927NFL00057,DK,draftkings,change,17,2026-09-19T02:30:00,Sep 19,2:30 AM ET,1d ago,home,New Orleans Saints,-3.0,97.0,61.0,45.5,51.0,80.0,-162.0,30.0,90.0
2026-09-20T03:49:38,nfl,nfl_20260927_las_vegas_raiders_new_orleans_saints,20260927NFL00057,DK,draftkings,change,18,2026-09-19T02:25:00,Sep 19,2:25 AM ET,1d ago,away,Las Vegas Raiders,3.0,3.0,39.0,45.5,0.0,0.0,136.0,70.0,10.0
2026-09-20T03:49:38,nfl,nfl_20260927_las_vegas_raiders_new_orleans_saints,20260927NFL00057,DK,draftkings,change,18,2026-09-19T02:25:00,Sep 19,2:25 AM ET,1d ago,home,New Orleans Saints,-3.0,97.0,61.0,45.5,100.0,100.0,-162.0,30.0,90.0
2026-09-20T03:49:38,nfl,nfl_20260927_las_vegas_raiders_new_orleans_saints,20260927NFL00057,DK,draftkings,change,19,2026-09-18T23:00:00,Sep 18,11:00 PM ET,1d ago,away,Las Vegas Raiders,3.0,3.0,37.0,45.5,0.0,0.0,136.0,70.0,10.0
2026-09-20T03:49:38,nfl,nfl_20260927_las_vegas_raiders_new_orleans_saints,20260927NFL00057,DK,draftkings,change,19,2026-09-18T23:00:00,Sep 18,11:00 PM ET,1d ago,home,New Orleans Saints,-3.0,97.0,63.0,45.5,100.0,100.0,-162.0,30.0,90.0
2026-09-20T03:49:38,nfl,nfl_20260927_las_vegas_raiders_new_orleans_saints,20260927NFL00057,DK,draftkings,change,20,2026-09-18T22:40:00,Sep 18,10:40 PM ET,1d ago,away,Las Vegas Raiders,3.0,3.0,38.0,45.5,0.0,0.0,136.0,70.0,10.0
2026-09-20T03:49:38,nfl,nfl_20260927_las_vegas_raiders_new_orleans_saints,20260927NFL00057,DK,draftkings,change,20,2026-09-18T22:40:00,Sep 18,10:40 PM ET,1d ago,home,New Orleans Saints,-3.0,97.0,62.0,45.5,100.0,100.0,-162.0,30.0,90.0
2026-09-20T03:49:38,nfl,nfl_20260927_las_vegas_raiders_new_orleans_saints,20260927NFL00057,DK,draftkings,change,21,2026-09-18T21:10:00,Sep 18,9:10 PM ET,1d ago,away,Las Vegas Raiders,3.0,3.0,38.0,45.5,0.0,0.0,136.0,64.0,9.0
2026-09-20T03:49:38,nfl,nfl_20260927_las_vegas_raiders_new_orleans_saints,20260927NFL00057,DK,draftkings,change,21,2026-09-18T21:10:00,Sep 18,9:10 PM ET,1d ago,home,New Orleans Saints,-3.0,97.0,62.0,45.5,100.0,100.0,-162.0,36.0,91.0
2026-09-20T03:49:38,nfl,nfl_20260927_las_vegas_raiders_new_orleans_saints,20260927NFL00057,DK,draftkings,change,22,2026-09-18T18:25:00,Sep 18,6:25 PM ET,1d ago,away,Las Vegas Raiders,3.0,3.0,40.0,45.5,0.0,0.0,136.0,64.0,9.0
2026-09-20T03:49:38,nfl,nfl_20260927_las_vegas_raiders_new_orleans_saints,20260927NFL00057,DK,draftkings,change,22,2026-09-18T18:25:00,Sep 18,6:25 PM ET,1d ago,home,New Orleans Saints,-3.0,97.0,60.0,45.5,100.0,100.0,-162.0,36.0,91.0
2026-09-20T03:49:38,nfl,nfl_20260927_las_vegas_raiders_new_orleans_saints,20260927NFL00057,DK,draftkings,change,23,2026-09-18T18:15:00,Sep 18,6:15 PM ET,1d ago,away,Las Vegas Raiders,3.0,3.0,38.0,45.5,0.0,0.0,136.0,64.0,9.0
2026-09-20T03:49:38,nfl,nfl_20260927_las_vegas_raiders_new_orleans_saints,20260927NFL00057,DK,draftkings,change,23,2026-09-18T18:15:00,Sep 18,6:15 PM ET,1d ago,home,New Orleans Saints,-3.0,97.0,63.0,45.5,100.0,100.0,-162.0,36.0,91.0
2026-09-20T03:49:38,nfl,nfl_20260927_las_vegas_raiders_new_orleans_saints,20260927NFL00057,DK,draftkings,change,24,2026-09-18T18:10:00,Sep 18,6:10 PM ET,1d ago,away,Las Vegas Raiders,3.0,3.0,32.0,45.5,0.0,0.0,136.0,64.0,9.0
2026-09-20T03:49:38,nfl,nfl_20260927_las_vegas_raiders_new_orleans_saints,20260927NFL00057,DK,draftkings,change,24,2026-09-18T18:10:00,Sep 18,6:10 PM ET,1d ago,home,New Orleans Saints,-3.0,97.0,68.0,45.5,100.0,100.0,-162.0,36.0,91.0
2026-09-20T03:49:38,nfl,nfl_20260927_las_vegas_raiders_new_orleans_saints,20260927NFL00057,DK,draftkings,change,25,2026-09-18T16:50:00,Sep 18,4:50 PM ET,1d ago,away,Las Vegas Raiders,3.0,3.0,29.0,45.5,0.0,0.0,136.0,64.0,9.0
2026-09-20T03:49:38,nfl,nfl_20260927_las_vegas_raiders_new_orleans_saints,20260927NFL00057,DK,draftkings,change,25,2026-09-18T16:50:00,Sep 18,4:50 PM ET,1d ago,home,New Orleans Saints,-3.0,97.0,71.0,45.5,100.0,100.0,-162.0,36.0,91.0
2026-09-20T03:49:38,nfl,nfl_20260927_las_vegas_raiders_new_orleans_saints,20260927NFL00057,DK,draftkings,change,26,2026-09-18T16:40:00,Sep 18,4:40 PM ET,1d ago,away,Las Vegas Raiders,3.0,3.0,30.0,45.5,0.0,0.0,136.0,64.0,9.0
2026-09-20T03:49:38,nfl,nfl_20260927_las_vegas_raiders_new_orleans_saints,20260927NFL00057,DK,draftkings,change,26,2026-09-18T16:40:00,Sep 18,4:40 PM ET,1d ago,home,New Orleans Saints,-3.0,97.0,70.0,45.5,100.0,100.0,-162.0,36.0,91.0
2026-09-20T03:49:38,nfl,nfl_20260927_las_vegas_raiders_new_orleans_saints,20260927NFL00057,DK,draftkings,change,27,2026-09-18T15:30:00,Sep 18,3:30 PM ET,1d ago,away,Las Vegas Raiders,3.0,3.0,30.0,45.5,0.0,0.0,136.0,64.0,8.0
2026-09-20T03:49:38,nfl,nfl_20260927_las_vegas_raiders_new_orleans_saints,20260927NFL00057,DK,draftkings,change,27,2026-09-18T15:30:00,Sep 18,3:30 PM ET,1d ago,home,New Orleans Saints,-3.0,97.0,70.0,45.5,100.0,100.0,-162.0,36.0,92.0
2026-09-20T03:49:40,nfl,nfl_20260927_los_angeles_rams_denver_broncos,20260927NFL00043,DK,draftkings,open,1,2026-05-14T21:20:00,May 14,9:20 PM ET,128d ago,away,Los Angeles Rams,-2.5,52.0,33.0,,0.0,0.0,-142.0,94.0,50.0
2026-09-20T03:49:40,nfl,nfl_20260927_los_angeles_rams_denver_broncos,20260927NFL00043,DK,draftkings,open,1,2026-05-14T21:20:00,May 14,9:20 PM ET,128d ago,home,Denver Broncos,2.5,48.0,67.0,,0.0,0.0,120.0,6.0,50.0
2026-09-20T03:49:40,nfl,nfl_20260927_los_angeles_rams_denver_broncos,20260927NFL00043,DK,draftkings,first_full,2,2026-05-17T14:00:00,May 17,2:00 PM ET,125d ago,away,Los Angeles Rams,-2.5,92.0,33.0,45.5,100.0,100.0,-142.0,26.0,54.0
2026-09-20T03:49:40,nfl,nfl_20260927_los_angeles_rams_denver_broncos,20260927NFL00043,DK,draftkings,first_full,2,2026-05-17T14:00:00,May 17,2:00 PM ET,125d ago,home,Denver Broncos,2.5,8.0,67.0,45.5,0.0,0.0,120.0,74.0,46.0
2026-09-20T03:49:40,nfl,nfl_20260927_los_angeles_rams_denver_broncos,20260927NFL00043,DK,draftkings,change,3,2026-09-20T02:40:00,Sep 20,2:40 AM ET,1h ago,away,Los Angeles Rams,-2.5,6.0,6.0,46.5,78.0,75.0,-135.0,32.0,77.0
2026-09-20T03:49:40,nfl,nfl_20260927_los_angeles_rams_denver_broncos,20260927NFL00043,DK,draftkings,change,3,2026-09-20T02:40:00,Sep 20,2:40 AM ET,1h ago,home,Denver Broncos,2.5,94.0,94.0,46.5,22.0,25.0,114.0,68.0,23.0
2026-09-20T03:49:40,nfl,nfl_20260927_los_angeles_rams_denver_broncos,20260927NFL00043,DK,draftkings,change,4,2026-09-20T00:20:00,Sep 20,12:20 AM ET,3h ago,away,Los Angeles Rams,-2.5,6.0,6.0,46.5,78.0,75.0,-135.0,32.0,76.0
2026-09-20T03:49:40,nfl,nfl_20260927_los_angeles_rams_denver_broncos,20260927NFL00043,DK,draftkings,change,4,2026-09-20T00:20:00,Sep 20,12:20 AM ET,3h ago,home,Denver Broncos,2.5,94.0,94.0,46.5,22.0,25.0,114.0,68.0,24.0
2026-09-20T03:49:40,nfl,nfl_20260927_los_angeles_rams_denver_broncos,20260927NFL00043,DK,draftkings,change,5,2026-09-19T22:45:00,Sep 19,10:45 PM ET,5h ago,away,Los Angeles Rams,-2.5,6.0,6.0,46.5,78.0,75.0,-135.0,31.0,76.0
2026-09-20T03:49:40,nfl,nfl_20260927_los_angeles_rams_denver_broncos,20260927NFL00043,DK,draftkings,change,5,2026-09-19T22:45:00,Sep 19,10:45 PM ET,5h ago,home,Denver Broncos,2.5,94.0,94.0,46.5,22.0,25.0,114.0,69.0,24.0
2026-09-20T03:49:40,nfl,nfl_20260927_los_angeles_rams_denver_broncos,20260927NFL00043,DK,draftkings,change,6,2026-09-19T22:25:00,Sep 19,10:25 PM ET,5h ago,away,Los Angeles Rams,-2.5,6.0,6.0,46.5,78.0,75.0,-135.0,31.0,77.0
2026-09-20T03:49:40,nfl,nfl_20260927_los_angeles_rams_denver_broncos,20260927NFL00043,DK,draftkings,change,6,2026-09-19T22:25:00,Sep 19,10:25 PM ET,5h ago,home,Denver Broncos,2.5,94.0,94.0,46.5,22.0,25.0,114.0,69.0,23.0
2026-09-20T03:49:40,nfl,nfl_20260927_los_angeles_rams_denver_broncos,20260927NFL00043,DK,draftkings,change,7,2026-09-19T22:05:00,Sep 19,10:05 PM ET,5h ago,away,Los Angeles Rams,-2.5,6.0,6.0,46.5,76.0,67.0,-135.0,31.0,77.0
2026-09-20T03:49:40,nfl,nfl_20260927_los_angeles_rams_denver_broncos,20260927NFL00043,DK,draftkings,change,7,2026-09-19T22:05:00,Sep 19,10:05 PM ET,5h ago,home,Denver Broncos,2.5,94.0,94.0,46.5,24.0,33.0,114.0,69.0,23.0
2026-09-20T03:49:40,nfl,nfl_20260927_los_angeles_rams_denver_broncos,20260927NFL00043,DK,draftkings,change,8,2026-09-19T22:00:00,Sep 19,10:00 PM ET,5h ago,away,Los Angeles Rams,-2.5,6.0,6.0,46.5,76.0,67.0,-135.0,31.0,76.0
2026-09-20T03:49:40,nfl,nfl_20260927_los_angeles_rams_denver_broncos,20260927NFL00043,DK,draftkings,change,8,2026-09-19T22:00:00,Sep 19,10:00 PM ET,5h ago,home,Denver Broncos,2.5,94.0,94.0,46.5,24.0,33.0,114.0,69.0,24.0
2026-09-20T03:49:40,nfl,nfl_20260927_los_angeles_rams_denver_broncos,20260927NFL00043,DK,draftkings,change,9,2026-09-19T20:55:00,Sep 19,8:55 PM ET,6h ago,away,Los Angeles Rams,-2.5,6.0,6.0,46.5,76.0,67.0,-135.0,31.0,75.0
2026-09-20T03:49:40,nfl,nfl_20260927_los_angeles_rams_denver_broncos,20260927NFL00043,DK,draftkings,change,9,2026-09-19T20:55:00,Sep 19,8:55 PM ET,6h ago,home,Denver Broncos,2.5,94.0,94.0,46.5,24.0,33.0,114.0,69.0,25.0
2026-09-20T03:49:40,nfl,nfl_20260927_los_angeles_rams_denver_broncos,20260927NFL00043,DK,draftkings,change,10,2026-09-19T20:20:00,Sep 19,8:20 PM ET,7h ago,away,Los Angeles Rams,-2.5,6.0,6.0,46.5,76.0,67.0,-135.0,45.0,76.0
2026-09-20T03:49:40,nfl,nfl_20260927_los_angeles_rams_denver_broncos,20260927NFL00043,DK,draftkings,change,10,2026-09-19T20:20:00,Sep 19,8:20 PM ET,7h ago,home,Denver Broncos,2.5,94.0,94.0,46.5,24.0,33.0,114.0,55.0,24.0
2026-09-20T03:49:40,nfl,nfl_20260927_los_angeles_rams_denver_broncos,20260927NFL00043,DK,draftkings,change,11,2026-09-19T19:50:00,Sep 19,7:50 PM ET,7h ago,away,Los Angeles Rams,-2.5,6.0,6.0,46.5,76.0,67.0,-135.0,48.0,77.0
2026-09-20T03:49:40,nfl,nfl_20260927_los_angeles_rams_denver_broncos,20260927NFL00043,DK,draftkings,change,11,2026-09-19T19:50:00,Sep 19,7:50 PM ET,7h ago,home,Denver Broncos,2.5,94.0,94.0,46.5,24.0,33.0,114.0,52.0,23.0
2026-09-20T03:49:40,nfl,nfl_20260927_los_angeles_rams_denver_broncos,20260927NFL00043,DK,draftkings,change,12,2026-09-19T18:40:00,Sep 19,6:40 PM ET,9h ago,away,Los Angeles Rams,-2.5,6.0,6.0,46.5,76.0,67.0,-135.0,41.0,76.0
2026-09-20T03:49:40,nfl,nfl_20260927_los_angeles_rams_denver_broncos,20260927NFL00043,DK,draftkings,change,12,2026-09-19T18:40:00,Sep 19,6:40 PM ET,9h ago,home,Denver Broncos,2.5,94.0,94.0,46.5,24.0,33.0,114.0,59.0,24.0
2026-09-20T03:49:40,nfl,nfl_20260927_los_angeles_rams_denver_broncos,20260927NFL00043,DK,draftkings,change,13,2026-09-19T18:35:00,Sep 19,6:35 PM ET,9h ago,away,Los Angeles Rams,-2.5,6.0,6.0,46.5,14.0,50.0,-135.0,41.0,76.0
2026-09-20T03:49:40,nfl,nfl_20260927_los_angeles_rams_denver_broncos,20260927NFL00043,DK,draftkings,change,13,2026-09-19T18:35:00,Sep 19,6:35 PM ET,9h ago,home,Denver Broncos,2.5,94.0,94.0,46.5,86.0,50.0,114.0,59.0,24.0
2026-09-20T03:49:40,nfl,nfl_20260927_los_angeles_rams_denver_broncos,20260927NFL00043,DK,draftkings,change,14,2026-09-19T15:55:00,Sep 19,3:55 PM ET,11h ago,away,Los Angeles Rams,-2.5,6.0,5.0,46.5,14.0,50.0,-135.0,41.0,76.0
2026-09-20T03:49:40,nfl,nfl_20260927_los_angeles_rams_denver_broncos,20260927NFL00043,DK,draftkings,change,14,2026-09-19T15:55:00,Sep 19,3:55 PM ET,11h ago,home,Denver Broncos,2.5,94.0,95.0,46.5,86.0,50.0,114.0,59.0,24.0
2026-09-20T03:49:40,nfl,nfl_20260927_los_angeles_rams_denver_broncos,20260927NFL00043,DK,draftkings,change,15,2026-09-19T14:00:00,Sep 19,2:00 PM ET,13h ago,away,Los Angeles Rams,-2.5,6.0,5.0,46.5,14.0,50.0,-135.0,40.0,76.0
2026-09-20T03:49:40,nfl,nfl_20260927_los_angeles_rams_denver_broncos,20260927NFL00043,DK,draftkings,change,15,2026-09-19T14:00:00,Sep 19,2:00 PM ET,13h ago,home,Denver Broncos,2.5,94.0,95.0,46.5,86.0,50.0,114.0,60.0,24.0
2026-09-20T03:49:40,nfl,nfl_20260927_los_angeles_rams_denver_broncos,20260927NFL00043,DK,draftkings,change,16,2026-09-19T11:15:00,Sep 19,11:15 AM ET,16h ago,away,Los Angeles Rams,-2.5,6.0,5.0,46.5,14.0,50.0,-135.0,40.0,77.0
2026-09-20T03:49:40,nfl,nfl_20260927_los_angeles_rams_denver_broncos,20260927NFL00043,DK,draftkings,change,16,2026-09-19T11:15:00,Sep 19,11:15 AM ET,16h ago,home,Denver Broncos,2.5,94.0,95.0,46.5,86.0,50.0,114.0,60.0,23.0
2026-09-20T03:49:40,nfl,nfl_20260927_los_angeles_rams_denver_broncos,20260927NFL00043,DK,draftkings,change,17,2026-09-19T09:00:00,Sep 19,9:00 AM ET,18h ago,away,Los Angeles Rams,-2.5,6.0,4.0,46.5,14.0,50.0,-135.0,40.0,77.0
2026-09-20T03:49:40,nfl,nfl_20260927_los_angeles_rams_denver_broncos,20260927NFL00043,DK,draftkings,change,17,2026-09-19T09:00:00,Sep 19,9:00 AM ET,18h ago,home,Denver Broncos,2.5,94.0,96.0,46.5,86.0,50.0,114.0,60.0,23.0
2026-09-20T03:49:40,nfl,nfl_20260927_los_angeles_rams_denver_broncos,20260927NFL00043,DK,draftkings,change,18,2026-09-18T21:20:00,Sep 18,9:20 PM ET,1d ago,away,Los Angeles Rams,-2.5,8.0,4.0,46.5,14.0,50.0,-135.0,40.0,77.0
2026-09-20T03:49:40,nfl,nfl_20260927_los_angeles_rams_denver_broncos,20260927NFL00043,DK,draftkings,change,18,2026-09-18T21:20:00,Sep 18,9:20 PM ET,1d ago,home,Denver Broncos,2.5,92.0,96.0,46.5,86.0,50.0,114.0,60.0,23.0
2026-09-20T03:49:40,nfl,nfl_20260927_los_angeles_rams_denver_broncos,20260927NFL00043,DK,draftkings,change,19,2026-09-18T18:10:00,Sep 18,6:10 PM ET,1d ago,away,Los Angeles Rams,-2.5,8.0,4.0,46.5,14.0,50.0,-135.0,40.0,76.0
2026-09-20T03:49:40,nfl,nfl_20260927_los_angeles_rams_denver_broncos,20260927NFL00043,DK,draftkings,change,19,2026-09-18T18:10:00,Sep 18,6:10 PM ET,1d ago,home,Denver Broncos,2.5,92.0,96.0,46.5,86.0,50.0,114.0,60.0,24.0
2026-09-20T03:49:40,nfl,nfl_20260927_los_angeles_rams_denver_broncos,20260927NFL00043,DK,draftkings,change,20,2026-09-18T18:00:00,Sep 18,6:00 PM ET,1d ago,away,Los Angeles Rams,-2.5,8.0,4.0,46.5,14.0,50.0,-135.0,40.0,75.0
2026-09-20T03:49:40,nfl,nfl_20260927_los_angeles_rams_denver_broncos,20260927NFL00043,DK,draftkings,change,20,2026-09-18T18:00:00,Sep 18,6:00 PM ET,1d ago,home,Denver Broncos,2.5,92.0,96.0,46.5,86.0,50.0,114.0,60.0,25.0
2026-09-20T03:49:40,nfl,nfl_20260927_los_angeles_rams_denver_broncos,20260927NFL00043,DK,draftkings,change,21,2026-09-18T17:10:00,Sep 18,5:10 PM ET,1d ago,away,Los Angeles Rams,-2.5,8.0,4.0,46.5,14.0,50.0,-135.0,39.0,74.0
2026-09-20T03:49:40,nfl,nfl_20260927_los_angeles_rams_denver_broncos,20260927NFL00043,DK,draftkings,change,21,2026-09-18T17:10:00,Sep 18,5:10 PM ET,1d ago,home,Denver Broncos,2.5,92.0,96.0,46.5,86.0,50.0,114.0,61.0,26.0
2026-09-20T03:49:40,nfl,nfl_20260927_los_angeles_rams_denver_broncos,20260927NFL00043,DK,draftkings,change,22,2026-09-18T16:40:00,Sep 18,4:40 PM ET,1d ago,away,Los Angeles Rams,-2.5,8.0,4.0,46.5,14.0,50.0,-135.0,38.0,74.0
2026-09-20T03:49:40,nfl,nfl_20260927_los_angeles_rams_denver_broncos,20260927NFL00043,DK,draftkings,change,22,2026-09-18T16:40:00,Sep 18,4:40 PM ET,1d ago,home,Denver Broncos,2.5,92.0,96.0,46.5,86.0,50.0,114.0,62.0,26.0
2026-09-20T03:49:40,nfl,nfl_20260927_los_angeles_rams_denver_broncos,20260927NFL00043,DK,draftkings,change,23,2026-09-18T14:55:00,Sep 18,2:55 PM ET,1d ago,away,Los Angeles Rams,-2.5,8.0,4.0,46.5,14.0,50.0,-135.0,38.0,75.0
2026-09-20T03:49:40,nfl,nfl_20260927_los_angeles_rams_denver_broncos,20260927NFL00043,DK,draftkings,change,23,2026-09-18T14:55:00,Sep 18,2:55 PM ET,1d ago,home,Denver Broncos,2.5,92.0,96.0,46.5,86.0,50.0,114.0,62.0,25.0
2026-09-20T03:49:40,nfl,nfl_20260927_los_angeles_rams_denver_broncos,20260927NFL00043,DK,draftkings,change,24,2026-09-18T13:25:00,Sep 18,1:25 PM ET,1d ago,away,Los Angeles Rams,-2.5,8.0,4.0,46.5,14.0,50.0,-135.0,38.0,76.0
2026-09-20T03:49:40,nfl,nfl_20260927_los_angeles_rams_denver_broncos,20260927NFL00043,DK,draftkings,change,24,2026-09-18T13:25:00,Sep 18,1:25 PM ET,1d ago,home,Denver Broncos,2.5,92.0,96.0,46.5,86.0,50.0,114.0,62.0,24.0
2026-09-20T03:49:40,nfl,nfl_20260927_los_angeles_rams_denver_broncos,20260927NFL00043,DK,draftkings,change,25,2026-09-18T11:35:00,Sep 18,11:35 AM ET,1d ago,away,Los Angeles Rams,-2.5,8.0,4.0,46.5,14.0,50.0,-135.0,38.0,75.0
2026-09-20T03:49:40,nfl,nfl_20260927_los_angeles_rams_denver_broncos,20260927NFL00043,DK,draftkings,change,25,2026-09-18T11:35:00,Sep 18,11:35 AM ET,1d ago,home,Denver Broncos,2.5,92.0,96.0,46.5,86.0,50.0,114.0,62.0,25.0
2026-09-20T03:49:40,nfl,nfl_20260927_los_angeles_rams_denver_broncos,20260927NFL00043,DK,draftkings,change,26,2026-09-18T10:55:00,Sep 18,10:55 AM ET,1d ago,away,Los Angeles Rams,-2.5,8.0,4.0,46.5,14.0,50.0,-135.0,36.0,75.0
2026-09-20T03:49:40,nfl,nfl_20260927_los_angeles_rams_denver_broncos,20260927NFL00043,DK,draftkings,change,26,2026-09-18T10:55:00,Sep 18,10:55 AM ET,1d ago,home,Denver Broncos,2.5,92.0,96.0,46.5,86.0,50.0,114.0,64.0,25.0
2026-09-20T03:49:40,nfl,nfl_20260927_los_angeles_rams_denver_broncos,20260927NFL00043,DK,draftkings,change,27,2026-09-18T10:45:00,Sep 18,10:45 AM ET,1d ago,away,Los Angeles Rams,-2.5,8.0,4.0,46.5,14.0,50.0,-135.0,31.0,74.0
2026-09-20T03:49:40,nfl,nfl_20260927_los_angeles_rams_denver_broncos,20260927NFL00043,DK,draftkings,change,27,2026-09-18T10:45:00,Sep 18,10:45 AM ET,1d ago,home,Denver Broncos,2.5,92.0,96.0,46.5,86.0,50.0,114.0,69.0,26.0
2026-09-20T03:49:42,nfl,nfl_20260928_philadelphia_eagles_chicago_bears,20260928NFL00051,DK,draftkings,open,1,2026-05-14T21:20:00,May 14,9:20 PM ET,128d ago,away,Philadelphia Eagles,1.5,76.0,67.0,,0.0,0.0,-102.0,0.0,25.0
2026-09-20T03:49:42,nfl,nfl_20260928_philadelphia_eagles_chicago_bears,20260928NFL00051,DK,draftkings,open,1,2026-05-14T21:20:00,May 14,9:20 PM ET,128d ago,home,Chicago Bears,-1.5,24.0,33.0,,0.0,0.0,-118.0,100.0,75.0
2026-09-20T03:49:42,nfl,nfl_20260928_philadelphia_eagles_chicago_bears,20260928NFL00051,DK,draftkings,first_full,2,2026-08-12T15:35:00,Aug 12,3:35 PM ET,38d ago,away,Philadelphia Eagles,1.5,18.0,93.0,46.5,66.0,50.0,-102.0,98.0,10.0
2026-09-20T03:49:42,nfl,nfl_20260928_philadelphia_eagles_chicago_bears,20260928NFL00051,DK,draftkings,first_full,2,2026-08-12T15:35:00,Aug 12,3:35 PM ET,38d ago,home,Chicago Bears,-1.5,82.0,7.0,46.5,34.0,50.0,-118.0,2.0,90.0
2026-09-20T03:49:42,nfl,nfl_20260928_philadelphia_eagles_chicago_bears,20260928NFL00051,DK,draftkings,change,3,2026-09-20T03:05:00,Sep 20,3:05 AM ET,44m ago,away,Philadelphia Eagles,1.5,72.0,73.0,47.5,89.0,89.0,-102.0,30.0,18.0
2026-09-20T03:49:42,nfl,nfl_20260928_philadelphia_eagles_chicago_bears,20260928NFL00051,DK,draftkings,change,3,2026-09-20T03:05:00,Sep 20,3:05 AM ET,44m ago,home,Chicago Bears,-1.5,28.0,27.0,47.5,11.0,11.0,-118.0,70.0,82.0
2026-09-20T03:49:42,nfl,nfl_20260928_philadelphia_eagles_chicago_bears,20260928NFL00051,DK,draftkings,change,4,2026-09-20T02:40:00,Sep 20,2:40 AM ET,1h ago,away,Philadelphia Eagles,1.5,72.0,74.0,47.5,89.0,89.0,-102.0,30.0,18.0
2026-09-20T03:49:42,nfl,nfl_20260928_philadelphia_eagles_chicago_bears,20260928NFL00051,DK,draftkings,change,4,2026-09-20T02:40:00,Sep 20,2:40 AM ET,1h ago,home,Chicago Bears,-1.5,28.0,26.0,47.5,11.0,11.0,-118.0,70.0,82.0
2026-09-20T03:49:42,nfl,nfl_20260928_philadelphia_eagles_chicago_bears,20260928NFL00051,DK,draftkings,change,5,2026-09-20T00:35:00,Sep 20,12:35 AM ET,3h ago,away,Philadelphia Eagles,1.5,72.0,76.0,47.5,89.0,89.0,-102.0,30.0,18.0
2026-09-20T03:49:42,nfl,nfl_20260928_philadelphia_eagles_chicago_bears,20260928NFL00051,DK,draftkings,change,5,2026-09-20T00:35:00,Sep 20,12:35 AM ET,3h ago,home,Chicago Bears,-1.5,28.0,24.0,47.5,11.0,11.0,-118.0,70.0,82.0
2026-09-20T03:49:42,nfl,nfl_20260928_philadelphia_eagles_chicago_bears,20260928NFL00051,DK,draftkings,change,6,2026-09-19T23:00:00,Sep 19,11:00 PM ET,4h ago,away,Philadelphia Eagles,1.5,72.0,76.0,47.5,89.0,89.0,-102.0,30.0,17.0
2026-09-20T03:49:42,nfl,nfl_20260928_philadelphia_eagles_chicago_bears,20260928NFL00051,DK,draftkings,change,6,2026-09-19T23:00:00,Sep 19,11:00 PM ET,4h ago,home,Chicago Bears,-1.5,28.0,24.0,47.5,11.0,11.0,-118.0,70.0,83.0
2026-09-20T03:49:42,nfl,nfl_20260928_philadelphia_eagles_chicago_bears,20260928NFL00051,DK,draftkings,change,7,2026-09-19T21:30:00,Sep 19,9:30 PM ET,6h ago,away,Philadelphia Eagles,1.5,72.0,78.0,47.5,89.0,89.0,-102.0,30.0,17.0
2026-09-20T03:49:42,nfl,nfl_20260928_philadelphia_eagles_chicago_bears,20260928NFL00051,DK,draftkings,change,7,2026-09-19T21:30:00,Sep 19,9:30 PM ET,6h ago,home,Chicago Bears,-1.5,28.0,22.0,47.5,11.0,11.0,-118.0,70.0,83.0
2026-09-20T03:49:42,nfl,nfl_20260928_philadelphia_eagles_chicago_bears,20260928NFL00051,DK,draftkings,change,8,2026-09-19T21:15:00,Sep 19,9:15 PM ET,6h ago,away,Philadelphia Eagles,1.5,72.0,78.0,47.5,89.0,89.0,-102.0,30.0,16.0
2026-09-20T03:49:42,nfl,nfl_20260928_philadelphia_eagles_chicago_bears,20260928NFL00051,DK,draftkings,change,8,2026-09-19T21:15:00,Sep 19,9:15 PM ET,6h ago,home,Chicago Bears,-1.5,28.0,22.0,47.5,11.0,11.0,-118.0,70.0,84.0
2026-09-20T03:49:42,nfl,nfl_20260928_philadelphia_eagles_chicago_bears,20260928NFL00051,DK,draftkings,change,9,2026-09-19T18:50:00,Sep 19,6:50 PM ET,8h ago,away,Philadelphia Eagles,1.5,72.0,78.0,47.5,89.0,89.0,-102.0,30.0,17.0
2026-09-20T03:49:42,nfl,nfl_20260928_philadelphia_eagles_chicago_bears,20260928NFL00051,DK,draftkings,change,9,2026-09-19T18:50:00,Sep 19,6:50 PM ET,8h ago,home,Chicago Bears,-1.5,28.0,22.0,47.5,11.0,11.0,-118.0,70.0,83.0
2026-09-20T03:49:42,nfl,nfl_20260928_philadelphia_eagles_chicago_bears,20260928NFL00051,DK,draftkings,change,10,2026-09-19T18:40:00,Sep 19,6:40 PM ET,9h ago,away,Philadelphia Eagles,1.5,72.0,78.0,47.5,89.0,89.0,-102.0,30.0,16.0
2026-09-20T03:49:42,nfl,nfl_20260928_philadelphia_eagles_chicago_bears,20260928NFL00051,DK,draftkings,change,10,2026-09-19T18:40:00,Sep 19,6:40 PM ET,9h ago,home,Chicago Bears,-1.5,28.0,22.0,47.5,11.0,11.0,-118.0,70.0,84.0
2026-09-20T03:49:42,nfl,nfl_20260928_philadelphia_eagles_chicago_bears,20260928NFL00051,DK,draftkings,change,11,2026-09-19T18:35:00,Sep 19,6:35 PM ET,9h ago,away,Philadelphia Eagles,1.5,72.0,78.0,47.5,89.0,89.0,-102.0,29.0,16.0
2026-09-20T03:49:42,nfl,nfl_20260928_philadelphia_eagles_chicago_bears,20260928NFL00051,DK,draftkings,change,11,2026-09-19T18:35:00,Sep 19,6:35 PM ET,9h ago,home,Chicago Bears,-1.5,28.0,22.0,47.5,11.0,11.0,-118.0,71.0,84.0
2026-09-20T03:49:42,nfl,nfl_20260928_philadelphia_eagles_chicago_bears,20260928NFL00051,DK,draftkings,change,12,2026-09-19T18:30:00,Sep 19,6:30 PM ET,9h ago,away,Philadelphia Eagles,1.5,72.0,78.0,47.5,88.0,89.0,-102.0,29.0,16.0
2026-09-20T03:49:42,nfl,nfl_20260928_philadelphia_eagles_chicago_bears,20260928NFL00051,DK,draftkings,change,12,2026-09-19T18:30:00,Sep 19,6:30 PM ET,9h ago,home,Chicago Bears,-1.5,28.0,22.0,47.5,12.0,11.0,-118.0,71.0,84.0
2026-09-20T03:49:42,nfl,nfl_20260928_philadelphia_eagles_chicago_bears,20260928NFL00051,DK,draftkings,change,13,2026-09-19T18:10:00,Sep 19,6:10 PM ET,9h ago,away,Philadelphia Eagles,1.5,72.0,78.0,47.5,88.0,88.0,-102.0,29.0,16.0
2026-09-20T03:49:42,nfl,nfl_20260928_philadelphia_eagles_chicago_bears,20260928NFL00051,DK,draftkings,change,13,2026-09-19T18:10:00,Sep 19,6:10 PM ET,9h ago,home,Chicago Bears,-1.5,28.0,22.0,47.5,12.0,12.0,-118.0,71.0,84.0
2026-09-20T03:49:42,nfl,nfl_20260928_philadelphia_eagles_chicago_bears,20260928NFL00051,DK,draftkings,change,14,2026-09-19T14:10:00,Sep 19,2:10 PM ET,13h ago,away,Philadelphia Eagles,1.5,74.0,80.0,47.5,88.0,88.0,-102.0,29.0,16.0
2026-09-20T03:49:42,nfl,nfl_20260928_philadelphia_eagles_chicago_bears,20260928NFL00051,DK,draftkings,change,14,2026-09-19T14:10:00,Sep 19,2:10 PM ET,13h ago,home,Chicago Bears,-1.5,26.0,20.0,47.5,12.0,12.0,-118.0,71.0,84.0
2026-09-20T03:49:42,nfl,nfl_20260928_philadelphia_eagles_chicago_bears,20260928NFL00051,DK,draftkings,change,15,2026-09-19T14:00:00,Sep 19,2:00 PM ET,13h ago,away,Philadelphia Eagles,1.5,74.0,80.0,47.5,88.0,88.0,-102.0,30.0,16.0
2026-09-20T03:49:42,nfl,nfl_20260928_philadelphia_eagles_chicago_bears,20260928NFL00051,DK,draftkings,change,15,2026-09-19T14:00:00,Sep 19,2:00 PM ET,13h ago,home,Chicago Bears,-1.5,26.0,20.0,47.5,12.0,12.0,-118.0,70.0,84.0
2026-09-20T03:49:42,nfl,nfl_20260928_philadelphia_eagles_chicago_bears,20260928NFL00051,DK,draftkings,change,16,2026-09-19T12:45:00,Sep 19,12:45 PM ET,15h ago,away,Philadelphia Eagles,1.5,74.0,80.0,47.5,88.0,88.0,-102.0,29.0,16.0
2026-09-20T03:49:42,nfl,nfl_20260928_philadelphia_eagles_chicago_bears,20260928NFL00051,DK,draftkings,change,16,2026-09-19T12:45:00,Sep 19,12:45 PM ET,15h ago,home,Chicago Bears,-1.5,26.0,20.0,47.5,12.0,12.0,-118.0,71.0,84.0
2026-09-20T03:49:42,nfl,nfl_20260928_philadelphia_eagles_chicago_bears,20260928NFL00051,DK,draftkings,change,17,2026-09-19T12:40:00,Sep 19,12:40 PM ET,15h ago,away,Philadelphia Eagles,1.5,74.0,80.0,47.5,88.0,88.0,-102.0,32.0,16.0
2026-09-20T03:49:42,nfl,nfl_20260928_philadelphia_eagles_chicago_bears,20260928NFL00051,DK,draftkings,change,17,2026-09-19T12:40:00,Sep 19,12:40 PM ET,15h ago,home,Chicago Bears,-1.5,26.0,20.0,47.5,12.0,12.0,-118.0,68.0,84.0
2026-09-20T03:49:42,nfl,nfl_20260928_philadelphia_eagles_chicago_bears,20260928NFL00051,DK,draftkings,change,18,2026-09-19T12:20:00,Sep 19,12:20 PM ET,15h ago,away,Philadelphia Eagles,1.5,74.0,81.0,47.5,88.0,88.0,-102.0,32.0,16.0
2026-09-20T03:49:42,nfl,nfl_20260928_philadelphia_eagles_chicago_bears,20260928NFL00051,DK,draftkings,change,18,2026-09-19T12:20:00,Sep 19,12:20 PM ET,15h ago,home,Chicago Bears,-1.5,26.0,19.0,47.5,12.0,12.0,-118.0,68.0,84.0
2026-09-20T03:49:42,nfl,nfl_20260928_philadelphia_eagles_chicago_bears,20260928NFL00051,DK,draftkings,change,19,2026-09-19T12:15:00,Sep 19,12:15 PM ET,15h ago,away,Philadelphia Eagles,1.5,74.0,81.0,47.5,88.0,88.0,-102.0,31.0,15.0
2026-09-20T03:49:42,nfl,nfl_20260928_philadelphia_eagles_chicago_bears,20260928NFL00051,DK,draftkings,change,19,2026-09-19T12:15:00,Sep 19,12:15 PM ET,15h ago,home,Chicago Bears,-1.5,26.0,19.0,47.5,12.0,12.0,-118.0,69.0,85.0
2026-09-20T03:49:42,nfl,nfl_20260928_philadelphia_eagles_chicago_bears,20260928NFL00051,DK,draftkings,change,20,2026-09-19T11:30:00,Sep 19,11:30 AM ET,16h ago,away,Philadelphia Eagles,1.5,74.0,81.0,47.5,98.0,94.0,-102.0,31.0,15.0
2026-09-20T03:49:42,nfl,nfl_20260928_philadelphia_eagles_chicago_bears,20260928NFL00051,DK,draftkings,change,20,2026-09-19T11:30:00,Sep 19,11:30 AM ET,16h ago,home,Chicago Bears,-1.5,26.0,19.0,47.5,2.0,6.0,-118.0,69.0,85.0
2026-09-20T03:49:42,nfl,nfl_20260928_philadelphia_eagles_chicago_bears,20260928NFL00051,DK,draftkings,change,21,2026-09-19T10:50:00,Sep 19,10:50 AM ET,16h ago,away,Philadelphia Eagles,1.5,74.0,81.0,47.5,98.0,94.0,-102.0,38.0,15.0
2026-09-20T03:49:42,nfl,nfl_20260928_philadelphia_eagles_chicago_bears,20260928NFL00051,DK,draftkings,change,21,2026-09-19T10:50:00,Sep 19,10:50 AM ET,16h ago,home,Chicago Bears,-1.5,26.0,19.0,47.5,2.0,6.0,-118.0,62.0,85.0
2026-09-20T03:49:42,nfl,nfl_20260928_philadelphia_eagles_chicago_bears,20260928NFL00051,DK,draftkings,change,22,2026-09-19T10:00:00,Sep 19,10:00 AM ET,17h ago,away,Philadelphia Eagles,1.5,74.0,81.0,47.5,98.0,94.0,-102.0,39.0,15.0
2026-09-20T03:49:42,nfl,nfl_20260928_philadelphia_eagles_chicago_bears,20260928NFL00051,DK,draftkings,change,22,2026-09-19T10:00:00,Sep 19,10:00 AM ET,17h ago,home,Chicago Bears,-1.5,26.0,19.0,47.5,2.0,6.0,-118.0,61.0,85.0
2026-09-20T03:49:42,nfl,nfl_20260928_philadelphia_eagles_chicago_bears,20260928NFL00051,DK,draftkings,change,23,2026-09-19T04:00:00,Sep 19,4:00 AM ET,23h ago,away,Philadelphia Eagles,1.5,77.0,83.0,47.5,98.0,94.0,-102.0,39.0,16.0
2026-09-20T03:49:42,nfl,nfl_20260928_philadelphia_eagles_chicago_bears,20260928NFL00051,DK,draftkings,change,23,2026-09-19T04:00:00,Sep 19,4:00 AM ET,23h ago,home,Chicago Bears,-1.5,23.0,17.0,47.5,2.0,6.0,-118.0,61.0,84.0
2026-09-20T03:49:42,nfl,nfl_20260928_philadelphia_eagles_chicago_bears,20260928NFL00051,DK,draftkings,change,24,2026-09-19T03:55:00,Sep 19,3:55 AM ET,23h ago,away,Philadelphia Eagles,1.5,77.0,83.0,47.5,98.0,94.0,-102.0,39.0,16.0
2026-09-20T03:49:42,nfl,nfl_20260928_philadelphia_eagles_chicago_bears,20260928NFL00051,DK,draftkings,change,24,2026-09-19T03:55:00,Sep 19,3:55 AM ET,23h ago,home,Chicago Bears,-1.5,23.0,18.0,47.5,2.0,6.0,-118.0,61.0,84.0
2026-09-20T03:49:42,nfl,nfl_20260928_philadelphia_eagles_chicago_bears,20260928NFL00051,DK,draftkings,change,25,2026-09-19T02:25:00,Sep 19,2:25 AM ET,1d ago,away,Philadelphia Eagles,1.5,77.0,82.0,47.5,98.0,94.0,-102.0,39.0,16.0
2026-09-20T03:49:42,nfl,nfl_20260928_philadelphia_eagles_chicago_bears,20260928NFL00051,DK,draftkings,change,25,2026-09-19T02:25:00,Sep 19,2:25 AM ET,1d ago,home,Chicago Bears,-1.5,23.0,18.0,47.5,2.0,6.0,-118.0,61.0,84.0
2026-09-20T03:49:42,nfl,nfl_20260928_philadelphia_eagles_chicago_bears,20260928NFL00051,DK,draftkings,change,26,2026-09-18T22:50:00,Sep 18,10:50 PM ET,1d ago,away,Philadelphia Eagles,1.5,77.0,82.0,47.5,97.0,93.0,-102.0,39.0,16.0
2026-09-20T03:49:42,nfl,nfl_20260928_philadelphia_eagles_chicago_bears,20260928NFL00051,DK,draftkings,change,26,2026-09-18T22:50:00,Sep 18,10:50 PM ET,1d ago,home,Chicago Bears,-1.5,23.0,18.0,47.5,3.0,7.0,-118.0,61.0,84.0
2026-09-20T03:49:42,nfl,nfl_20260928_philadelphia_eagles_chicago_bears,20260928NFL00051,DK,draftkings,change,27,2026-09-18T21:10:00,Sep 18,9:10 PM ET,1d ago,away,Philadelphia Eagles,1.5,78.0,84.0,47.5,97.0,93.0,-102.0,39.0,16.0
2026-09-20T03:49:42,nfl,nfl_20260928_philadelphia_eagles_chicago_bears,20260928NFL00051,DK,draftkings,change,27,2026-09-18T21:10:00,Sep 18,9:10 PM ET,1d ago,home,Chicago Bears,-1.5,22.0,16.0,47.5,3.0,7.0,-118.0,61.0,84.0
2026-09-20T03:49:44,nfl,nfl_20261001_pittsburgh_steelers_cleveland_browns,20261001NFL00037,DK,draftkings,open,1,2026-05-14T21:20:00,May 14,9:20 PM ET,128d ago,away,Pittsburgh Steelers,-2.5,97.0,50.0,40.5,100.0,100.0,-135.0,4.0,50.0
2026-09-20T03:49:44,nfl,nfl_20261001_pittsburgh_steelers_cleveland_browns,20261001NFL00037,DK,draftkings,open,1,2026-05-14T21:20:00,May 14,9:20 PM ET,128d ago,home,Cleveland Browns,2.5,3.0,50.0,40.5,0.0,0.0,114.0,96.0,50.0
2026-09-20T03:49:44,nfl,nfl_20261001_pittsburgh_steelers_cleveland_browns,20261001NFL00037,DK,draftkings,change,2,2026-09-10T11:00:00,Sep 10,11:00 AM ET,9d ago,away,Pittsburgh Steelers,-2.5,94.0,19.0,40.5,0.0,0.0,-135.0,37.0,86.0
2026-09-20T03:49:44,nfl,nfl_20261001_pittsburgh_steelers_cleveland_browns,20261001NFL00037,DK,draftkings,change,2,2026-09-10T11:00:00,Sep 10,11:00 AM ET,9d ago,home,Cleveland Browns,2.5,6.0,81.0,40.5,100.0,100.0,114.0,63.0,14.0
2026-09-20T03:49:44,nfl,nfl_20261001_pittsburgh_steelers_cleveland_browns,20261001NFL00037,DK,draftkings,change,3,2026-09-08T23:30:00,Sep 8,11:30 PM ET,11d ago,away,Pittsburgh Steelers,-2.5,96.0,20.0,40.5,0.0,0.0,-135.0,37.0,86.0
2026-09-20T03:49:44,nfl,nfl_20261001_pittsburgh_steelers_cleveland_browns,20261001NFL00037,DK,draftkings,change,3,2026-09-08T23:30:00,Sep 8,11:30 PM ET,11d ago,home,Cleveland Browns,2.5,4.0,80.0,40.5,100.0,100.0,114.0,63.0,14.0
2026-09-20T03:49:44,nfl,nfl_20261001_pittsburgh_steelers_cleveland_browns,20261001NFL00037,DK,draftkings,change,4,2026-09-07T18:20:00,Sep 7,6:20 PM ET,12d ago,away,Pittsburgh Steelers,-2.5,95.0,18.0,40.5,0.0,0.0,-135.0,37.0,86.0
2026-09-20T03:49:44,nfl,nfl_20261001_pittsburgh_steelers_cleveland_browns,20261001NFL00037,DK,draftkings,change,4,2026-09-07T18:20:00,Sep 7,6:20 PM ET,12d ago,home,Cleveland Browns,2.5,5.0,83.0,40.5,100.0,100.0,114.0,63.0,14.0
2026-09-20T03:49:44,nfl,nfl_20261001_pittsburgh_steelers_cleveland_browns,20261001NFL00037,DK,draftkings,change,5,2026-09-02T23:50:00,Sep 2,11:50 PM ET,17d ago,away,Pittsburgh Steelers,-2.5,95.0,18.0,40.5,0.0,0.0,-135.0,37.0,85.0
2026-09-20T03:49:44,nfl,nfl_20261001_pittsburgh_steelers_cleveland_browns,20261001NFL00037,DK,draftkings,change,5,2026-09-02T23:50:00,Sep 2,11:50 PM ET,17d ago,home,Cleveland Browns,2.5,5.0,83.0,40.5,100.0,100.0,114.0,63.0,15.0
2026-09-20T03:49:44,nfl,nfl_20261001_pittsburgh_steelers_cleveland_browns,20261001NFL00037,DK,draftkings,change,6,2026-09-01T08:55:00,Sep 1,8:55 AM ET,18d ago,away,Pittsburgh Steelers,-2.5,95.0,18.0,40.5,0.0,0.0,-135.0,9.0,85.0
2026-09-20T03:49:44,nfl,nfl_20261001_pittsburgh_steelers_cleveland_browns,20261001NFL00037,DK,draftkings,change,6,2026-09-01T08:55:00,Sep 1,8:55 AM ET,18d ago,home,Cleveland Browns,2.5,5.0,83.0,40.5,100.0,100.0,114.0,91.0,15.0
2026-09-20T03:49:44,nfl,nfl_20261001_pittsburgh_steelers_cleveland_browns,20261001NFL00037,DK,draftkings,change,7,2026-08-30T22:20:00,Aug 30,10:20 PM ET,20d ago,away,Pittsburgh Steelers,-2.5,95.0,18.0,40.5,0.0,0.0,-135.0,10.0,86.0
2026-09-20T03:49:44,nfl,nfl_20261001_pittsburgh_steelers_cleveland_browns,20261001NFL00037,DK,draftkings,change,7,2026-08-30T22:20:00,Aug 30,10:20 PM ET,20d ago,home,Cleveland Browns,2.5,5.0,83.0,40.5,100.0,100.0,114.0,90.0,14.0
2026-09-20T03:49:44,nfl,nfl_20261001_pittsburgh_steelers_cleveland_browns,20261001NFL00037,DK,draftkings,change,8,2026-08-26T12:10:00,Aug 26,12:10 PM ET,24d ago,away,Pittsburgh Steelers,-2.5,95.0,18.0,40.5,0.0,0.0,-135.0,9.0,86.0
2026-09-20T03:49:44,nfl,nfl_20261001_pittsburgh_steelers_cleveland_browns,20261001NFL00037,DK,draftkings,change,8,2026-08-26T12:10:00,Aug 26,12:10 PM ET,24d ago,home,Cleveland Browns,2.5,5.0,83.0,40.5,100.0,100.0,114.0,91.0,14.0
2026-09-20T03:49:44,nfl,nfl_20261001_pittsburgh_steelers_cleveland_browns,20261001NFL00037,DK,draftkings,change,9,2026-08-18T11:50:00,Aug 18,11:50 AM ET,32d ago,away,Pittsburgh Steelers,-2.5,95.0,15.0,40.5,0.0,0.0,-135.0,9.0,86.0
2026-09-20T03:49:44,nfl,nfl_20261001_pittsburgh_steelers_cleveland_browns,20261001NFL00037,DK,draftkings,change,9,2026-08-18T11:50:00,Aug 18,11:50 AM ET,32d ago,home,Cleveland Browns,2.5,5.0,85.0,40.5,100.0,100.0,114.0,91.0,14.0
2026-09-20T03:49:44,nfl,nfl_20261001_pittsburgh_steelers_cleveland_browns,20261001NFL00037,DK,draftkings,change,10,2026-08-16T00:00:00,Aug 16,12:00 AM ET,35d ago,away,Pittsburgh Steelers,-2.5,100.0,16.0,40.5,0.0,0.0,-135.0,9.0,86.0
2026-09-20T03:49:44,nfl,nfl_20261001_pittsburgh_steelers_cleveland_browns,20261001NFL00037,DK,draftkings,change,10,2026-08-16T00:00:00,Aug 16,12:00 AM ET,35d ago,home,Cleveland Browns,2.5,0.0,84.0,40.5,100.0,100.0,114.0,91.0,14.0
2026-09-20T03:49:44,nfl,nfl_20261001_pittsburgh_steelers_cleveland_browns,20261001NFL00037,DK,draftkings,change,11,2026-08-15T23:50:00,Aug 15,11:50 PM ET,35d ago,away,Pittsburgh Steelers,-2.5,100.0,16.0,40.5,0.0,0.0,-135.0,9.0,84.0
2026-09-20T03:49:44,nfl,nfl_20261001_pittsburgh_steelers_cleveland_browns,20261001NFL00037,DK,draftkings,change,11,2026-08-15T23:50:00,Aug 15,11:50 PM ET,35d ago,home,Cleveland Browns,2.5,0.0,84.0,40.5,100.0,100.0,114.0,91.0,16.0
2026-09-20T03:49:44,nfl,nfl_20261001_pittsburgh_steelers_cleveland_browns,20261001NFL00037,DK,draftkings,change,12,2026-08-15T23:40:00,Aug 15,11:40 PM ET,35d ago,away,Pittsburgh Steelers,-2.5,100.0,16.0,40.5,0.0,0.0,-135.0,9.0,76.0
2026-09-20T03:49:44,nfl,nfl_20261001_pittsburgh_steelers_cleveland_browns,20261001NFL00037,DK,draftkings,change,12,2026-08-15T23:40:00,Aug 15,11:40 PM ET,35d ago,home,Cleveland Browns,2.5,0.0,84.0,40.5,100.0,100.0,114.0,91.0,24.0
2026-09-20T03:49:44,nfl,nfl_20261001_pittsburgh_steelers_cleveland_browns,20261001NFL00037,DK,draftkings,change,13,2026-08-15T23:30:00,Aug 15,11:30 PM ET,35d ago,away,Pittsburgh Steelers,-2.5,100.0,16.0,40.5,0.0,0.0,-135.0,9.0,73.0
2026-09-20T03:49:44,nfl,nfl_20261001_pittsburgh_steelers_cleveland_browns,20261001NFL00037,DK,draftkings,change,13,2026-08-15T23:30:00,Aug 15,11:30 PM ET,35d ago,home,Cleveland Browns,2.5,0.0,84.0,40.5,100.0,100.0,114.0,91.0,27.0
2026-09-20T03:49:44,nfl,nfl_20261001_pittsburgh_steelers_cleveland_browns,20261001NFL00037,DK,draftkings,change,14,2026-08-15T08:10:00,Aug 15,8:10 AM ET,35d ago,away,Pittsburgh Steelers,-2.5,100.0,16.0,40.5,0.0,0.0,-135.0,8.0,72.0
2026-09-20T03:49:44,nfl,nfl_20261001_pittsburgh_steelers_cleveland_browns,20261001NFL00037,DK,draftkings,change,14,2026-08-15T08:10:00,Aug 15,8:10 AM ET,35d ago,home,Cleveland Browns,2.5,0.0,84.0,40.5,100.0,100.0,114.0,92.0,28.0
2026-09-20T03:49:44,nfl,nfl_20261001_pittsburgh_steelers_cleveland_browns,20261001NFL00037,DK,draftkings,change,15,2026-08-14T20:20:00,Aug 14,8:20 PM ET,36d ago,away,Pittsburgh Steelers,-2.5,100.0,14.0,40.5,0.0,0.0,-135.0,8.0,72.0
2026-09-20T03:49:44,nfl,nfl_20261001_pittsburgh_steelers_cleveland_browns,20261001NFL00037,DK,draftkings,change,15,2026-08-14T20:20:00,Aug 14,8:20 PM ET,36d ago,home,Cleveland Browns,2.5,0.0,86.0,40.5,100.0,100.0,114.0,92.0,28.0
2026-09-20T03:49:44,nfl,nfl_20261001_pittsburgh_steelers_cleveland_browns,20261001NFL00037,DK,draftkings,change,16,2026-08-14T20:10:00,Aug 14,8:10 PM ET,36d ago,away,Pittsburgh Steelers,-2.5,100.0,22.0,40.5,0.0,0.0,-135.0,8.0,72.0
2026-09-20T03:49:44,nfl,nfl_20261001_pittsburgh_steelers_cleveland_browns,20261001NFL00037,DK,draftkings,change,16,2026-08-14T20:10:00,Aug 14,8:10 PM ET,36d ago,home,Cleveland Browns,2.5,0.0,78.0,40.5,100.0,100.0,114.0,92.0,28.0
2026-09-20T03:49:44,nfl,nfl_20261001_pittsburgh_steelers_cleveland_browns,20261001NFL00037,DK,draftkings,change,17,2026-08-14T20:00:00,Aug 14,8:00 PM ET,36d ago,away,Pittsburgh Steelers,-2.5,100.0,26.0,40.5,0.0,0.0,-135.0,8.0,72.0
2026-09-20T03:49:44,nfl,nfl_20261001_pittsburgh_steelers_cleveland_browns,20261001NFL00037,DK,draftkings,change,17,2026-08-14T20:00:00,Aug 14,8:00 PM ET,36d ago,home,Cleveland Browns,2.5,0.0,74.0,40.5,100.0,100.0,114.0,92.0,28.0
2026-09-20T03:49:44,nfl,nfl_20261001_pittsburgh_steelers_cleveland_browns,20261001NFL00037,DK,draftkings,change,18,2026-08-13T19:10:00,Aug 13,7:10 PM ET,37d ago,away,Pittsburgh Steelers,-2.5,100.0,100.0,40.5,0.0,0.0,-142.0,8.0,72.0
2026-09-20T03:49:44,nfl,nfl_20261001_pittsburgh_steelers_cleveland_browns,20261001NFL00037,DK,draftkings,change,18,2026-08-13T19:10:00,Aug 13,7:10 PM ET,37d ago,home,Cleveland Browns,2.5,0.0,0.0,40.5,100.0,100.0,120.0,92.0,28.0
2026-09-20T03:49:44,nfl,nfl_20261001_pittsburgh_steelers_cleveland_browns,20261001NFL00037,DK,draftkings,change,19,2026-08-13T17:05:00,Aug 13,5:05 PM ET,37d ago,away,Pittsburgh Steelers,-2.5,100.0,100.0,40.5,0.0,0.0,-142.0,7.0,71.0
2026-09-20T03:49:44,nfl,nfl_20261001_pittsburgh_steelers_cleveland_browns,20261001NFL00037,DK,draftkings,change,19,2026-08-13T17:05:00,Aug 13,5:05 PM ET,37d ago,home,Cleveland Browns,2.5,0.0,0.0,40.5,100.0,100.0,120.0,93.0,29.0
2026-09-20T03:49:44,nfl,nfl_20261001_pittsburgh_steelers_cleveland_browns,20261001NFL00037,DK,draftkings,change,20,2026-08-13T13:30:00,Aug 13,1:30 PM ET,37d ago,away,Pittsburgh Steelers,-2.5,100.0,100.0,40.5,0.0,0.0,-142.0,6.0,69.0
2026-09-20T03:49:44,nfl,nfl_20261001_pittsburgh_steelers_cleveland_browns,20261001NFL00037,DK,draftkings,change,20,2026-08-13T13:30:00,Aug 13,1:30 PM ET,37d ago,home,Cleveland Browns,2.5,0.0,0.0,40.5,100.0,100.0,120.0,94.0,31.0
2026-09-20T03:49:44,nfl,nfl_20261001_pittsburgh_steelers_cleveland_browns,20261001NFL00037,DK,draftkings,change,21,2026-08-12T15:35:00,Aug 12,3:35 PM ET,38d ago,away,Pittsburgh Steelers,-2.5,100.0,100.0,40.5,0.0,0.0,-135.0,5.0,68.0
2026-09-20T03:49:44,nfl,nfl_20261001_pittsburgh_steelers_cleveland_browns,20261001NFL00037,DK,draftkings,change,21,2026-08-12T15:35:00,Aug 12,3:35 PM ET,38d ago,home,Cleveland Browns,2.5,0.0,0.0,40.5,100.0,100.0,114.0,95.0,32.0
2026-09-20T03:49:44,nfl,nfl_20261001_pittsburgh_steelers_cleveland_browns,20261001NFL00037,DK,draftkings,change,22,2026-08-12T15:12:00,Aug 12,3:12 PM ET,38d ago,away,Pittsburgh Steelers,-2.5,100.0,42.0,40.5,100.0,100.0,-135.0,15.0,69.0
2026-09-20T03:49:44,nfl,nfl_20261001_pittsburgh_steelers_cleveland_browns,20261001NFL00037,DK,draftkings,change,22,2026-08-12T15:12:00,Aug 12,3:12 PM ET,38d ago,home,Cleveland Browns,2.5,0.0,58.0,40.5,0.0,0.0,114.0,85.0,31.0
2026-09-20T03:49:44,nfl,nfl_20261001_pittsburgh_steelers_cleveland_browns,20261001NFL00037,DK,draftkings,change,23,2026-08-11T15:00:00,Aug 11,3:00 PM ET,39d ago,away,Pittsburgh Steelers,,0.0,0.0,,0.0,0.0,-135.0,95.0,75.0
2026-09-20T03:49:44,nfl,nfl_20261001_pittsburgh_steelers_cleveland_browns,20261001NFL00037,DK,draftkings,change,23,2026-08-11T15:00:00,Aug 11,3:00 PM ET,39d ago,home,Cleveland Browns,,0.0,0.0,,0.0,0.0,114.0,5.0,25.0
2026-09-20T03:49:44,nfl,nfl_20261001_pittsburgh_steelers_cleveland_browns,20261001NFL00037,DK,draftkings,change,24,2026-08-02T21:40:00,Aug 2,9:40 PM ET,48d ago,away,Pittsburgh Steelers,,0.0,0.0,,0.0,0.0,-135.0,79.0,67.0
2026-09-20T03:49:44,nfl,nfl_20261001_pittsburgh_steelers_cleveland_browns,20261001NFL00037,DK,draftkings,change,24,2026-08-02T21:40:00,Aug 2,9:40 PM ET,48d ago,home,Cleveland Browns,,0.0,0.0,,0.0,0.0,114.0,21.0,33.0
2026-09-20T03:49:44,nfl,nfl_20261001_pittsburgh_steelers_cleveland_browns,20261001NFL00037,DK,draftkings,change,25,2026-06-29T09:35:00,Jun 29,9:35 AM ET,82d ago,away,Pittsburgh Steelers,,0.0,0.0,,0.0,0.0,-162.0,0.0,0.0
2026-09-20T03:49:44,nfl,nfl_20261001_pittsburgh_steelers_cleveland_browns,20261001NFL00037,DK,draftkings,change,25,2026-06-29T09:35:00,Jun 29,9:35 AM ET,82d ago,home,Cleveland Browns,,0.0,0.0,,0.0,0.0,136.0,100.0,100.0
2026-09-20T03:49:44,nfl,nfl_20261001_pittsburgh_steelers_cleveland_browns,20261001NFL00037,DK,draftkings,change,26,2026-06-03T00:30:00,Jun 3,12:30 AM ET,109d ago,away,Pittsburgh Steelers,-3.0,83.0,40.0,41.5,97.0,60.0,-162.0,3.0,43.0
2026-09-20T03:49:44,nfl,nfl_20261001_pittsburgh_steelers_cleveland_browns,20261001NFL00037,DK,draftkings,change,26,2026-06-03T00:30:00,Jun 3,12:30 AM ET,109d ago,home,Cleveland Browns,3.0,17.0,60.0,41.5,3.0,40.0,136.0,97.0,57.0
