collected_at,sport,game_id,gamecode,source,book,kind,entry_idx,ts_iso,ts_date,ts_time,ts_rel,side,team,spread,spread_handle_pct,spread_bets_pct,total,total_handle_pct,total_bets_pct,ml,ml_handle_pct,ml_bets_pct
2026-10-08T04:57:43,nhl,nhl_20261007_colorado_avalanche_winnipeg_jets,20261007NHL00103,DK,draftkings,open,1,2026-10-06T18:35:00,Oct 6,6:35 PM ET,1d ago,away,Colorado Avalanche,-1.5,100.0,100.0,,0.0,0.0,-185.0,100.0,100.0
2026-10-08T04:57:43,nhl,nhl_20261007_colorado_avalanche_winnipeg_jets,20261007NHL00103,DK,draftkings,open,1,2026-10-06T18:35:00,Oct 6,6:35 PM ET,1d ago,home,Winnipeg Jets,1.5,0.0,0.0,,0.0,0.0,154.0,0.0,0.0
2026-10-08T04:57:43,nhl,nhl_20261007_colorado_avalanche_winnipeg_jets,20261007NHL00103,DK,draftkings,first_full,2,2026-10-07T05:50:00,Oct 7,5:50 AM ET,23h ago,away,Colorado Avalanche,-1.5,100.0,100.0,6.5,6.0,17.0,-185.0,95.0,94.0
2026-10-08T04:57:43,nhl,nhl_20261007_colorado_avalanche_winnipeg_jets,20261007NHL00103,DK,draftkings,first_full,2,2026-10-07T05:50:00,Oct 7,5:50 AM ET,23h ago,home,Winnipeg Jets,1.5,0.0,0.0,6.5,94.0,83.0,154.0,5.0,6.0
2026-10-08T04:57:43,nhl,nhl_20261007_colorado_avalanche_winnipeg_jets,20261007NHL00103,DK,draftkings,change,3,2026-10-07T19:35:00,Oct 7,7:35 PM ET,9h ago,away,Colorado Avalanche,-1.5,95.0,83.0,6.5,68.0,56.0,-198.0,89.0,89.0
2026-10-08T04:57:43,nhl,nhl_20261007_colorado_avalanche_winnipeg_jets,20261007NHL00103,DK,draftkings,change,3,2026-10-07T19:35:00,Oct 7,7:35 PM ET,9h ago,home,Winnipeg Jets,1.5,5.0,17.0,6.5,32.0,44.0,164.0,11.0,11.0
2026-10-08T04:57:43,nhl,nhl_20261007_colorado_avalanche_winnipeg_jets,20261007NHL00103,DK,draftkings,change,4,2026-10-07T19:30:00,Oct 7,7:30 PM ET,9h ago,away,Colorado Avalanche,-1.5,95.0,84.0,6.5,69.0,54.0,-198.0,89.0,89.0
2026-10-08T04:57:43,nhl,nhl_20261007_colorado_avalanche_winnipeg_jets,20261007NHL00103,DK,draftkings,change,4,2026-10-07T19:30:00,Oct 7,7:30 PM ET,9h ago,home,Winnipeg Jets,1.5,5.0,16.0,6.5,31.0,46.0,164.0,11.0,11.0
2026-10-08T04:57:43,nhl,nhl_20261007_colorado_avalanche_winnipeg_jets,20261007NHL00103,DK,draftkings,change,5,2026-10-07T19:20:00,Oct 7,7:20 PM ET,9h ago,away,Colorado Avalanche,-1.5,95.0,84.0,6.5,63.0,53.0,-198.0,93.0,89.0
2026-10-08T04:57:43,nhl,nhl_20261007_colorado_avalanche_winnipeg_jets,20261007NHL00103,DK,draftkings,change,5,2026-10-07T19:20:00,Oct 7,7:20 PM ET,9h ago,home,Winnipeg Jets,1.5,5.0,16.0,6.5,37.0,47.0,164.0,7.0,11.0
2026-10-08T04:57:43,nhl,nhl_20261007_colorado_avalanche_winnipeg_jets,20261007NHL00103,DK,draftkings,change,6,2026-10-07T19:10:00,Oct 7,7:10 PM ET,9h ago,away,Colorado Avalanche,-1.5,95.0,84.0,6.5,62.0,50.0,-198.0,93.0,89.0
2026-10-08T04:57:43,nhl,nhl_20261007_colorado_avalanche_winnipeg_jets,20261007NHL00103,DK,draftkings,change,6,2026-10-07T19:10:00,Oct 7,7:10 PM ET,9h ago,home,Winnipeg Jets,1.5,5.0,16.0,6.5,38.0,50.0,164.0,7.0,11.0
2026-10-08T04:57:43,nhl,nhl_20261007_colorado_avalanche_winnipeg_jets,20261007NHL00103,DK,draftkings,change,7,2026-10-07T19:00:00,Oct 7,7:00 PM ET,9h ago,away,Colorado Avalanche,-1.5,95.0,83.0,6.5,53.0,46.0,-192.0,94.0,89.0
2026-10-08T04:57:43,nhl,nhl_20261007_colorado_avalanche_winnipeg_jets,20261007NHL00103,DK,draftkings,change,7,2026-10-07T19:00:00,Oct 7,7:00 PM ET,9h ago,home,Winnipeg Jets,1.5,5.0,17.0,6.5,47.0,54.0,160.0,6.0,11.0
2026-10-08T04:57:43,nhl,nhl_20261007_colorado_avalanche_winnipeg_jets,20261007NHL00103,DK,draftkings,change,8,2026-10-07T18:50:00,Oct 7,6:50 PM ET,10h ago,away,Colorado Avalanche,-1.5,95.0,82.0,6.5,50.0,45.0,-192.0,94.0,89.0
2026-10-08T04:57:43,nhl,nhl_20261007_colorado_avalanche_winnipeg_jets,20261007NHL00103,DK,draftkings,change,8,2026-10-07T18:50:00,Oct 7,6:50 PM ET,10h ago,home,Winnipeg Jets,1.5,5.0,18.0,6.5,50.0,55.0,160.0,6.0,11.0
2026-10-08T04:57:43,nhl,nhl_20261007_colorado_avalanche_winnipeg_jets,20261007NHL00103,DK,draftkings,change,9,2026-10-07T18:40:00,Oct 7,6:40 PM ET,10h ago,away,Colorado Avalanche,-1.5,95.0,83.0,6.5,49.0,44.0,-192.0,94.0,88.0
2026-10-08T04:57:43,nhl,nhl_20261007_colorado_avalanche_winnipeg_jets,20261007NHL00103,DK,draftkings,change,9,2026-10-07T18:40:00,Oct 7,6:40 PM ET,10h ago,home,Winnipeg Jets,1.5,5.0,17.0,6.5,51.0,56.0,160.0,6.0,12.0
2026-10-08T04:57:43,nhl,nhl_20261007_colorado_avalanche_winnipeg_jets,20261007NHL00103,DK,draftkings,change,10,2026-10-07T18:30:00,Oct 7,6:30 PM ET,10h ago,away,Colorado Avalanche,-1.5,97.0,84.0,6.5,49.0,44.0,-192.0,94.0,89.0
2026-10-08T04:57:43,nhl,nhl_20261007_colorado_avalanche_winnipeg_jets,20261007NHL00103,DK,draftkings,change,10,2026-10-07T18:30:00,Oct 7,6:30 PM ET,10h ago,home,Winnipeg Jets,1.5,3.0,16.0,6.5,51.0,56.0,160.0,6.0,11.0
2026-10-08T04:57:43,nhl,nhl_20261007_colorado_avalanche_winnipeg_jets,20261007NHL00103,DK,draftkings,change,11,2026-10-07T18:20:00,Oct 7,6:20 PM ET,10h ago,away,Colorado Avalanche,-1.5,97.0,88.0,6.5,50.0,45.0,-192.0,92.0,88.0
2026-10-08T04:57:43,nhl,nhl_20261007_colorado_avalanche_winnipeg_jets,20261007NHL00103,DK,draftkings,change,11,2026-10-07T18:20:00,Oct 7,6:20 PM ET,10h ago,home,Winnipeg Jets,1.5,3.0,12.0,6.5,50.0,55.0,160.0,8.0,12.0
2026-10-08T04:57:43,nhl,nhl_20261007_colorado_avalanche_winnipeg_jets,20261007NHL00103,DK,draftkings,change,12,2026-10-07T18:15:00,Oct 7,6:15 PM ET,10h ago,away,Colorado Avalanche,-1.5,97.0,88.0,6.5,50.0,45.0,-192.0,92.0,89.0
2026-10-08T04:57:43,nhl,nhl_20261007_colorado_avalanche_winnipeg_jets,20261007NHL00103,DK,draftkings,change,12,2026-10-07T18:15:00,Oct 7,6:15 PM ET,10h ago,home,Winnipeg Jets,1.5,3.0,13.0,6.5,50.0,55.0,160.0,8.0,11.0
2026-10-08T04:57:43,nhl,nhl_20261007_colorado_avalanche_winnipeg_jets,20261007NHL00103,DK,draftkings,change,13,2026-10-07T18:10:00,Oct 7,6:10 PM ET,10h ago,away,Colorado Avalanche,-1.5,97.0,87.0,6.5,47.0,44.0,-192.0,92.0,90.0
2026-10-08T04:57:43,nhl,nhl_20261007_colorado_avalanche_winnipeg_jets,20261007NHL00103,DK,draftkings,change,13,2026-10-07T18:10:00,Oct 7,6:10 PM ET,10h ago,home,Winnipeg Jets,1.5,3.0,13.0,6.5,53.0,56.0,160.0,8.0,10.0
2026-10-08T04:57:43,nhl,nhl_20261007_colorado_avalanche_winnipeg_jets,20261007NHL00103,DK,draftkings,change,14,2026-10-07T18:00:00,Oct 7,6:00 PM ET,10h ago,away,Colorado Avalanche,-1.5,97.0,88.0,6.5,48.0,45.0,-192.0,92.0,90.0
2026-10-08T04:57:43,nhl,nhl_20261007_colorado_avalanche_winnipeg_jets,20261007NHL00103,DK,draftkings,change,14,2026-10-07T18:00:00,Oct 7,6:00 PM ET,10h ago,home,Winnipeg Jets,1.5,3.0,12.0,6.5,52.0,55.0,160.0,8.0,10.0
2026-10-08T04:57:43,nhl,nhl_20261007_colorado_avalanche_winnipeg_jets,20261007NHL00103,DK,draftkings,change,15,2026-10-07T17:50:00,Oct 7,5:50 PM ET,11h ago,away,Colorado Avalanche,-1.5,97.0,87.0,6.5,51.0,47.0,-192.0,91.0,89.0
2026-10-08T04:57:43,nhl,nhl_20261007_colorado_avalanche_winnipeg_jets,20261007NHL00103,DK,draftkings,change,15,2026-10-07T17:50:00,Oct 7,5:50 PM ET,11h ago,home,Winnipeg Jets,1.5,3.0,13.0,6.5,49.0,53.0,160.0,9.0,11.0
2026-10-08T04:57:43,nhl,nhl_20261007_colorado_avalanche_winnipeg_jets,20261007NHL00103,DK,draftkings,change,16,2026-10-07T17:40:00,Oct 7,5:40 PM ET,11h ago,away,Colorado Avalanche,-1.5,96.0,86.0,6.5,51.0,47.0,-192.0,93.0,89.0
2026-10-08T04:57:43,nhl,nhl_20261007_colorado_avalanche_winnipeg_jets,20261007NHL00103,DK,draftkings,change,16,2026-10-07T17:40:00,Oct 7,5:40 PM ET,11h ago,home,Winnipeg Jets,1.5,4.0,14.0,6.5,49.0,53.0,160.0,7.0,11.0
2026-10-08T04:57:43,nhl,nhl_20261007_colorado_avalanche_winnipeg_jets,20261007NHL00103,DK,draftkings,change,17,2026-10-07T17:35:00,Oct 7,5:35 PM ET,11h ago,away,Colorado Avalanche,-1.5,96.0,86.0,6.5,51.0,48.0,-192.0,93.0,89.0
2026-10-08T04:57:43,nhl,nhl_20261007_colorado_avalanche_winnipeg_jets,20261007NHL00103,DK,draftkings,change,17,2026-10-07T17:35:00,Oct 7,5:35 PM ET,11h ago,home,Winnipeg Jets,1.5,4.0,14.0,6.5,49.0,52.0,160.0,7.0,11.0
2026-10-08T04:57:43,nhl,nhl_20261007_colorado_avalanche_winnipeg_jets,20261007NHL00103,DK,draftkings,change,18,2026-10-07T17:30:00,Oct 7,5:30 PM ET,11h ago,away,Colorado Avalanche,-1.5,96.0,85.0,6.5,51.0,48.0,-192.0,93.0,90.0
2026-10-08T04:57:43,nhl,nhl_20261007_colorado_avalanche_winnipeg_jets,20261007NHL00103,DK,draftkings,change,18,2026-10-07T17:30:00,Oct 7,5:30 PM ET,11h ago,home,Winnipeg Jets,1.5,4.0,15.0,6.5,49.0,52.0,160.0,7.0,10.0
2026-10-08T04:57:43,nhl,nhl_20261007_colorado_avalanche_winnipeg_jets,20261007NHL00103,DK,draftkings,change,19,2026-10-07T17:20:00,Oct 7,5:20 PM ET,11h ago,away,Colorado Avalanche,-1.5,96.0,84.0,6.5,55.0,49.0,-192.0,93.0,90.0
2026-10-08T04:57:43,nhl,nhl_20261007_colorado_avalanche_winnipeg_jets,20261007NHL00103,DK,draftkings,change,19,2026-10-07T17:20:00,Oct 7,5:20 PM ET,11h ago,home,Winnipeg Jets,1.5,4.0,16.0,6.5,45.0,51.0,160.0,7.0,10.0
2026-10-08T04:57:43,nhl,nhl_20261007_colorado_avalanche_winnipeg_jets,20261007NHL00103,DK,draftkings,change,20,2026-10-07T17:15:00,Oct 7,5:15 PM ET,11h ago,away,Colorado Avalanche,-1.5,96.0,84.0,6.5,55.0,49.0,-192.0,93.0,89.0
2026-10-08T04:57:43,nhl,nhl_20261007_colorado_avalanche_winnipeg_jets,20261007NHL00103,DK,draftkings,change,20,2026-10-07T17:15:00,Oct 7,5:15 PM ET,11h ago,home,Winnipeg Jets,1.5,4.0,16.0,6.5,45.0,51.0,160.0,7.0,11.0
2026-10-08T04:57:43,nhl,nhl_20261007_colorado_avalanche_winnipeg_jets,20261007NHL00103,DK,draftkings,change,21,2026-10-07T17:00:00,Oct 7,5:00 PM ET,11h ago,away,Colorado Avalanche,-1.5,96.0,85.0,6.5,67.0,49.0,-192.0,93.0,89.0
2026-10-08T04:57:43,nhl,nhl_20261007_colorado_avalanche_winnipeg_jets,20261007NHL00103,DK,draftkings,change,21,2026-10-07T17:00:00,Oct 7,5:00 PM ET,11h ago,home,Winnipeg Jets,1.5,4.0,15.0,6.5,33.0,51.0,160.0,7.0,11.0
2026-10-08T04:57:43,nhl,nhl_20261007_colorado_avalanche_winnipeg_jets,20261007NHL00103,DK,draftkings,change,22,2026-10-07T16:50:00,Oct 7,4:50 PM ET,12h ago,away,Colorado Avalanche,-1.5,96.0,84.0,6.5,66.0,45.0,-192.0,93.0,89.0
2026-10-08T04:57:43,nhl,nhl_20261007_colorado_avalanche_winnipeg_jets,20261007NHL00103,DK,draftkings,change,22,2026-10-07T16:50:00,Oct 7,4:50 PM ET,12h ago,home,Winnipeg Jets,1.5,4.0,16.0,6.5,34.0,55.0,160.0,7.0,11.0
2026-10-08T04:57:43,nhl,nhl_20261007_colorado_avalanche_winnipeg_jets,20261007NHL00103,DK,draftkings,change,23,2026-10-07T16:35:00,Oct 7,4:35 PM ET,12h ago,away,Colorado Avalanche,-1.5,96.0,84.0,6.5,66.0,47.0,-192.0,93.0,89.0
2026-10-08T04:57:43,nhl,nhl_20261007_colorado_avalanche_winnipeg_jets,20261007NHL00103,DK,draftkings,change,23,2026-10-07T16:35:00,Oct 7,4:35 PM ET,12h ago,home,Winnipeg Jets,1.5,4.0,16.0,6.5,34.0,53.0,160.0,7.0,11.0
2026-10-08T04:57:43,nhl,nhl_20261007_colorado_avalanche_winnipeg_jets,20261007NHL00103,DK,draftkings,change,24,2026-10-07T16:20:00,Oct 7,4:20 PM ET,12h ago,away,Colorado Avalanche,-1.5,96.0,84.0,6.5,66.0,47.0,-192.0,93.0,90.0
2026-10-08T04:57:43,nhl,nhl_20261007_colorado_avalanche_winnipeg_jets,20261007NHL00103,DK,draftkings,change,24,2026-10-07T16:20:00,Oct 7,4:20 PM ET,12h ago,home,Winnipeg Jets,1.5,4.0,16.0,6.5,34.0,53.0,160.0,7.0,10.0
2026-10-08T04:57:43,nhl,nhl_20261007_colorado_avalanche_winnipeg_jets,20261007NHL00103,DK,draftkings,change,25,2026-10-07T16:05:00,Oct 7,4:05 PM ET,12h ago,away,Colorado Avalanche,-1.5,95.0,83.0,6.5,64.0,46.0,-192.0,93.0,90.0
2026-10-08T04:57:43,nhl,nhl_20261007_colorado_avalanche_winnipeg_jets,20261007NHL00103,DK,draftkings,change,25,2026-10-07T16:05:00,Oct 7,4:05 PM ET,12h ago,home,Winnipeg Jets,1.5,5.0,17.0,6.5,36.0,54.0,160.0,7.0,10.0
2026-10-08T04:57:43,nhl,nhl_20261007_colorado_avalanche_winnipeg_jets,20261007NHL00103,DK,draftkings,change,26,2026-10-07T16:00:00,Oct 7,4:00 PM ET,12h ago,away,Colorado Avalanche,-1.5,95.0,83.0,6.5,64.0,46.0,-192.0,93.0,89.0
2026-10-08T04:57:43,nhl,nhl_20261007_colorado_avalanche_winnipeg_jets,20261007NHL00103,DK,draftkings,change,26,2026-10-07T16:00:00,Oct 7,4:00 PM ET,12h ago,home,Winnipeg Jets,1.5,5.0,17.0,6.5,36.0,54.0,160.0,7.0,11.0
2026-10-08T04:57:43,nhl,nhl_20261007_colorado_avalanche_winnipeg_jets,20261007NHL00103,DK,draftkings,change,27,2026-10-07T15:50:00,Oct 7,3:50 PM ET,13h ago,away,Colorado Avalanche,-1.5,93.0,84.0,6.5,64.0,47.0,-192.0,94.0,90.0
2026-10-08T04:57:43,nhl,nhl_20261007_colorado_avalanche_winnipeg_jets,20261007NHL00103,DK,draftkings,change,27,2026-10-07T15:50:00,Oct 7,3:50 PM ET,13h ago,home,Winnipeg Jets,1.5,7.0,16.0,6.5,36.0,53.0,160.0,6.0,10.0
2026-10-08T04:57:44,nhl,nhl_20261007_colorado_avalanche_winnipeg_jets,20261007NHL00103,CIRCA,circa,open,1,2026-10-06T21:05:00,Oct 6,9:05 PM ET,1d ago,away,Colorado Avalanche,-1.5,50.0,50.0,6.5,50.0,50.0,-175.0,50.0,50.0
2026-10-08T04:57:44,nhl,nhl_20261007_colorado_avalanche_winnipeg_jets,20261007NHL00103,CIRCA,circa,open,1,2026-10-06T21:05:00,Oct 6,9:05 PM ET,1d ago,home,Winnipeg Jets,1.5,50.0,50.0,6.5,50.0,50.0,157.0,50.0,50.0
2026-10-08T04:57:44,nhl,nhl_20261007_colorado_avalanche_winnipeg_jets,20261007NHL00103,CIRCA,circa,change,2,2026-10-07T19:20:00,Oct 7,7:20 PM ET,9h ago,away,Colorado Avalanche,-1.5,60.0,57.0,6.5,95.0,88.0,-179.0,46.0,57.0
2026-10-08T04:57:44,nhl,nhl_20261007_colorado_avalanche_winnipeg_jets,20261007NHL00103,CIRCA,circa,change,2,2026-10-07T19:20:00,Oct 7,7:20 PM ET,9h ago,home,Winnipeg Jets,1.5,40.0,43.0,6.5,5.0,13.0,160.0,54.0,43.0
2026-10-08T04:57:44,nhl,nhl_20261007_colorado_avalanche_winnipeg_jets,20261007NHL00103,CIRCA,circa,change,3,2026-10-07T19:15:00,Oct 7,7:15 PM ET,9h ago,away,Colorado Avalanche,-1.5,43.0,50.0,6.5,94.0,83.0,-179.0,46.0,58.0
2026-10-08T04:57:44,nhl,nhl_20261007_colorado_avalanche_winnipeg_jets,20261007NHL00103,CIRCA,circa,change,3,2026-10-07T19:15:00,Oct 7,7:15 PM ET,9h ago,home,Winnipeg Jets,1.5,57.0,50.0,6.5,6.0,17.0,160.0,54.0,42.0
2026-10-08T04:57:44,nhl,nhl_20261007_colorado_avalanche_winnipeg_jets,20261007NHL00103,CIRCA,circa,change,4,2026-10-07T19:10:00,Oct 7,7:10 PM ET,9h ago,away,Colorado Avalanche,-1.5,43.0,50.0,6.5,94.0,83.0,-190.0,98.0,65.0
2026-10-08T04:57:44,nhl,nhl_20261007_colorado_avalanche_winnipeg_jets,20261007NHL00103,CIRCA,circa,change,4,2026-10-07T19:10:00,Oct 7,7:10 PM ET,9h ago,home,Winnipeg Jets,1.5,57.0,50.0,6.5,6.0,17.0,170.0,2.0,35.0
2026-10-08T04:57:44,nhl,nhl_20261007_colorado_avalanche_winnipeg_jets,20261007NHL00103,CIRCA,circa,change,5,2026-10-07T19:00:00,Oct 7,7:00 PM ET,9h ago,away,Colorado Avalanche,-1.5,43.0,50.0,6.5,94.0,83.0,-190.0,98.0,63.0
2026-10-08T04:57:44,nhl,nhl_20261007_colorado_avalanche_winnipeg_jets,20261007NHL00103,CIRCA,circa,change,5,2026-10-07T19:00:00,Oct 7,7:00 PM ET,9h ago,home,Winnipeg Jets,1.5,57.0,50.0,6.5,6.0,17.0,170.0,2.0,38.0
2026-10-08T04:57:44,nhl,nhl_20261007_colorado_avalanche_winnipeg_jets,20261007NHL00103,CIRCA,circa,change,6,2026-10-07T18:00:00,Oct 7,6:00 PM ET,10h ago,away,Colorado Avalanche,-1.5,15.0,33.0,6.5,94.0,83.0,-190.0,98.0,63.0
2026-10-08T04:57:44,nhl,nhl_20261007_colorado_avalanche_winnipeg_jets,20261007NHL00103,CIRCA,circa,change,6,2026-10-07T18:00:00,Oct 7,6:00 PM ET,10h ago,home,Winnipeg Jets,1.5,85.0,67.0,6.5,6.0,17.0,170.0,2.0,38.0
2026-10-08T04:57:44,nhl,nhl_20261007_colorado_avalanche_winnipeg_jets,20261007NHL00103,CIRCA,circa,change,7,2026-10-07T17:20:00,Oct 7,5:20 PM ET,11h ago,away,Colorado Avalanche,-1.5,15.0,33.0,6.5,94.0,83.0,-195.0,99.0,67.0
2026-10-08T04:57:44,nhl,nhl_20261007_colorado_avalanche_winnipeg_jets,20261007NHL00103,CIRCA,circa,change,7,2026-10-07T17:20:00,Oct 7,5:20 PM ET,11h ago,home,Winnipeg Jets,1.5,85.0,67.0,6.5,6.0,17.0,174.0,1.0,33.0
2026-10-08T04:57:44,nhl,nhl_20261007_colorado_avalanche_winnipeg_jets,20261007NHL00103,CIRCA,circa,change,8,2026-10-07T15:55:00,Oct 7,3:55 PM ET,13h ago,away,Colorado Avalanche,-1.5,15.0,33.0,6.5,94.0,83.0,-195.0,99.0,71.0
2026-10-08T04:57:44,nhl,nhl_20261007_colorado_avalanche_winnipeg_jets,20261007NHL00103,CIRCA,circa,change,8,2026-10-07T15:55:00,Oct 7,3:55 PM ET,13h ago,home,Winnipeg Jets,1.5,85.0,67.0,6.5,6.0,17.0,174.0,1.0,29.0
2026-10-08T04:57:44,nhl,nhl_20261007_colorado_avalanche_winnipeg_jets,20261007NHL00103,CIRCA,circa,change,9,2026-10-07T14:45:00,Oct 7,2:45 PM ET,14h ago,away,Colorado Avalanche,-1.5,15.0,33.0,6.5,94.0,83.0,-195.0,100.0,77.0
2026-10-08T04:57:44,nhl,nhl_20261007_colorado_avalanche_winnipeg_jets,20261007NHL00103,CIRCA,circa,change,9,2026-10-07T14:45:00,Oct 7,2:45 PM ET,14h ago,home,Winnipeg Jets,1.5,85.0,67.0,6.5,6.0,17.0,174.0,0.0,23.0
2026-10-08T04:57:44,nhl,nhl_20261007_colorado_avalanche_winnipeg_jets,20261007NHL00103,CIRCA,circa,change,10,2026-10-07T14:40:00,Oct 7,2:40 PM ET,14h ago,away,Colorado Avalanche,-1.5,15.0,33.0,6.5,94.0,83.0,-195.0,100.0,82.0
2026-10-08T04:57:44,nhl,nhl_20261007_colorado_avalanche_winnipeg_jets,20261007NHL00103,CIRCA,circa,change,10,2026-10-07T14:40:00,Oct 7,2:40 PM ET,14h ago,home,Winnipeg Jets,1.5,85.0,67.0,6.5,6.0,17.0,174.0,0.0,18.0
2026-10-08T04:57:44,nhl,nhl_20261007_colorado_avalanche_winnipeg_jets,20261007NHL00103,CIRCA,circa,change,11,2026-10-07T14:15:00,Oct 7,2:15 PM ET,14h ago,away,Colorado Avalanche,-1.5,15.0,33.0,6.5,94.0,80.0,-195.0,100.0,80.0
2026-10-08T04:57:44,nhl,nhl_20261007_colorado_avalanche_winnipeg_jets,20261007NHL00103,CIRCA,circa,change,11,2026-10-07T14:15:00,Oct 7,2:15 PM ET,14h ago,home,Winnipeg Jets,1.5,85.0,67.0,6.5,6.0,20.0,174.0,0.0,20.0
2026-10-08T04:57:44,nhl,nhl_20261007_colorado_avalanche_winnipeg_jets,20261007NHL00103,CIRCA,circa,change,12,2026-10-07T14:10:00,Oct 7,2:10 PM ET,14h ago,away,Colorado Avalanche,-1.5,15.0,33.0,6.5,94.0,80.0,-195.0,100.0,78.0
2026-10-08T04:57:44,nhl,nhl_20261007_colorado_avalanche_winnipeg_jets,20261007NHL00103,CIRCA,circa,change,12,2026-10-07T14:10:00,Oct 7,2:10 PM ET,14h ago,home,Winnipeg Jets,1.5,85.0,67.0,6.5,6.0,20.0,174.0,0.0,22.0
2026-10-08T04:57:44,nhl,nhl_20261007_colorado_avalanche_winnipeg_jets,20261007NHL00103,CIRCA,circa,change,13,2026-10-07T14:05:00,Oct 7,2:05 PM ET,14h ago,away,Colorado Avalanche,-1.5,0.0,0.0,6.5,94.0,80.0,-195.0,100.0,78.0
2026-10-08T04:57:44,nhl,nhl_20261007_colorado_avalanche_winnipeg_jets,20261007NHL00103,CIRCA,circa,change,13,2026-10-07T14:05:00,Oct 7,2:05 PM ET,14h ago,home,Winnipeg Jets,1.5,100.0,100.0,6.5,6.0,20.0,174.0,0.0,22.0
2026-10-08T04:57:44,nhl,nhl_20261007_colorado_avalanche_winnipeg_jets,20261007NHL00103,CIRCA,circa,change,14,2026-10-07T13:55:00,Oct 7,1:55 PM ET,15h ago,away,Colorado Avalanche,-1.5,0.0,0.0,6.5,94.0,80.0,-195.0,100.0,75.0
2026-10-08T04:57:44,nhl,nhl_20261007_colorado_avalanche_winnipeg_jets,20261007NHL00103,CIRCA,circa,change,14,2026-10-07T13:55:00,Oct 7,1:55 PM ET,15h ago,home,Winnipeg Jets,1.5,100.0,100.0,6.5,6.0,20.0,174.0,0.0,25.0
2026-10-08T04:57:44,nhl,nhl_20261007_colorado_avalanche_winnipeg_jets,20261007NHL00103,CIRCA,circa,change,15,2026-10-07T13:40:00,Oct 7,1:40 PM ET,15h ago,away,Colorado Avalanche,-1.5,0.0,0.0,6.5,93.0,75.0,-195.0,100.0,71.0
2026-10-08T04:57:44,nhl,nhl_20261007_colorado_avalanche_winnipeg_jets,20261007NHL00103,CIRCA,circa,change,15,2026-10-07T13:40:00,Oct 7,1:40 PM ET,15h ago,home,Winnipeg Jets,1.5,100.0,100.0,6.5,7.0,25.0,174.0,0.0,29.0
2026-10-08T04:57:44,nhl,nhl_20261007_colorado_avalanche_winnipeg_jets,20261007NHL00103,CIRCA,circa,change,16,2026-10-07T12:25:00,Oct 7,12:25 PM ET,16h ago,away,Colorado Avalanche,-1.5,0.0,0.0,6.5,93.0,75.0,-195.0,100.0,83.0
2026-10-08T04:57:44,nhl,nhl_20261007_colorado_avalanche_winnipeg_jets,20261007NHL00103,CIRCA,circa,change,16,2026-10-07T12:25:00,Oct 7,12:25 PM ET,16h ago,home,Winnipeg Jets,1.5,100.0,100.0,6.5,7.0,25.0,174.0,0.0,17.0
2026-10-08T04:57:44,nhl,nhl_20261007_colorado_avalanche_winnipeg_jets,20261007NHL00103,CIRCA,circa,change,17,2026-10-07T12:20:00,Oct 7,12:20 PM ET,16h ago,away,Colorado Avalanche,-1.5,0.0,0.0,6.5,93.0,75.0,-177.0,98.0,80.0
2026-10-08T04:57:44,nhl,nhl_20261007_colorado_avalanche_winnipeg_jets,20261007NHL00103,CIRCA,circa,change,17,2026-10-07T12:20:00,Oct 7,12:20 PM ET,16h ago,home,Winnipeg Jets,1.5,100.0,100.0,6.5,7.0,25.0,158.0,2.0,20.0
2026-10-08T04:57:44,nhl,nhl_20261007_colorado_avalanche_winnipeg_jets,20261007NHL00103,CIRCA,circa,change,18,2026-10-07T11:55:00,Oct 7,11:55 AM ET,17h ago,away,Colorado Avalanche,-1.5,0.0,0.0,6.5,78.0,67.0,-177.0,98.0,80.0
2026-10-08T04:57:44,nhl,nhl_20261007_colorado_avalanche_winnipeg_jets,20261007NHL00103,CIRCA,circa,change,18,2026-10-07T11:55:00,Oct 7,11:55 AM ET,17h ago,home,Winnipeg Jets,1.5,100.0,100.0,6.5,22.0,33.0,158.0,2.0,20.0
2026-10-08T04:57:44,nhl,nhl_20261007_colorado_avalanche_winnipeg_jets,20261007NHL00103,CIRCA,circa,change,19,2026-10-07T11:50:00,Oct 7,11:50 AM ET,17h ago,away,Colorado Avalanche,-1.5,0.0,0.0,6.5,78.0,67.0,-177.0,98.0,75.0
2026-10-08T04:57:44,nhl,nhl_20261007_colorado_avalanche_winnipeg_jets,20261007NHL00103,CIRCA,circa,change,19,2026-10-07T11:50:00,Oct 7,11:50 AM ET,17h ago,home,Winnipeg Jets,1.5,100.0,100.0,6.5,22.0,33.0,158.0,2.0,25.0
2026-10-08T04:57:44,nhl,nhl_20261007_colorado_avalanche_winnipeg_jets,20261007NHL00103,CIRCA,circa,change,20,2026-10-07T11:40:00,Oct 7,11:40 AM ET,17h ago,away,Colorado Avalanche,-1.5,0.0,0.0,6.5,78.0,67.0,-177.0,100.0,100.0
2026-10-08T04:57:44,nhl,nhl_20261007_colorado_avalanche_winnipeg_jets,20261007NHL00103,CIRCA,circa,change,20,2026-10-07T11:40:00,Oct 7,11:40 AM ET,17h ago,home,Winnipeg Jets,1.5,100.0,100.0,6.5,22.0,33.0,158.0,0.0,0.0
2026-10-08T04:57:44,nhl,nhl_20261007_colorado_avalanche_winnipeg_jets,20261007NHL00103,CIRCA,circa,change,21,2026-10-07T11:20:00,Oct 7,11:20 AM ET,17h ago,away,Colorado Avalanche,-1.5,0.0,0.0,6.5,33.0,50.0,-177.0,100.0,100.0
2026-10-08T04:57:44,nhl,nhl_20261007_colorado_avalanche_winnipeg_jets,20261007NHL00103,CIRCA,circa,change,21,2026-10-07T11:20:00,Oct 7,11:20 AM ET,17h ago,home,Winnipeg Jets,1.5,100.0,100.0,6.5,67.0,50.0,158.0,0.0,0.0
2026-10-08T04:57:44,nhl,nhl_20261007_colorado_avalanche_winnipeg_jets,20261007NHL00103,CIRCA,circa,change,22,2026-10-07T09:20:00,Oct 7,9:20 AM ET,19h ago,away,Colorado Avalanche,-1.5,0.0,0.0,6.5,33.0,50.0,-177.0,50.0,50.0
2026-10-08T04:57:44,nhl,nhl_20261007_colorado_avalanche_winnipeg_jets,20261007NHL00103,CIRCA,circa,change,22,2026-10-07T09:20:00,Oct 7,9:20 AM ET,19h ago,home,Winnipeg Jets,1.5,100.0,100.0,6.5,67.0,50.0,158.0,50.0,50.0
2026-10-08T04:57:44,nhl,nhl_20261007_colorado_avalanche_winnipeg_jets,20261007NHL00103,CIRCA,circa,change,23,2026-10-07T09:10:00,Oct 7,9:10 AM ET,19h ago,away,Colorado Avalanche,-1.5,0.0,0.0,6.5,100.0,100.0,-177.0,50.0,50.0
2026-10-08T04:57:44,nhl,nhl_20261007_colorado_avalanche_winnipeg_jets,20261007NHL00103,CIRCA,circa,change,23,2026-10-07T09:10:00,Oct 7,9:10 AM ET,19h ago,home,Winnipeg Jets,1.5,100.0,100.0,6.5,0.0,0.0,158.0,50.0,50.0
2026-10-08T04:57:44,nhl,nhl_20261007_colorado_avalanche_winnipeg_jets,20261007NHL00103,CIRCA,circa,change,24,2026-10-07T09:00:00,Oct 7,9:00 AM ET,19h ago,away,Colorado Avalanche,-1.5,50.0,50.0,6.5,100.0,100.0,-177.0,50.0,50.0
2026-10-08T04:57:44,nhl,nhl_20261007_colorado_avalanche_winnipeg_jets,20261007NHL00103,CIRCA,circa,change,24,2026-10-07T09:00:00,Oct 7,9:00 AM ET,19h ago,home,Winnipeg Jets,1.5,50.0,50.0,6.5,0.0,0.0,158.0,50.0,50.0
2026-10-08T04:57:44,nhl,nhl_20261007_colorado_avalanche_winnipeg_jets,20261007NHL00103,CIRCA,circa,change,25,2026-10-06T21:05:00,Oct 6,9:05 PM ET,1d ago,away,Colorado Avalanche,-1.5,50.0,50.0,6.5,50.0,50.0,-175.0,50.0,50.0
2026-10-08T04:57:44,nhl,nhl_20261007_colorado_avalanche_winnipeg_jets,20261007NHL00103,CIRCA,circa,change,25,2026-10-06T21:05:00,Oct 6,9:05 PM ET,1d ago,home,Winnipeg Jets,1.5,50.0,50.0,6.5,50.0,50.0,157.0,50.0,50.0
2026-10-08T04:57:45,nhl,nhl_20261007_pittsburgh_penguins_washington_capitals,20261007NHL00107,DK,draftkings,open,1,2026-09-21T14:30:00,Sep 21,2:30 PM ET,16d ago,away,Pittsburgh Penguins,1.5,70.0,92.0,,0.0,0.0,142.0,0.0,0.0
2026-10-08T04:57:45,nhl,nhl_20261007_pittsburgh_penguins_washington_capitals,20261007NHL00107,DK,draftkings,open,1,2026-09-21T14:30:00,Sep 21,2:30 PM ET,16d ago,home,Washington Capitals,-1.5,30.0,8.0,,0.0,0.0,-170.0,100.0,100.0
2026-10-08T04:57:45,nhl,nhl_20261007_pittsburgh_penguins_washington_capitals,20261007NHL00107,DK,draftkings,first_full,2,2026-10-04T11:35:00,Oct 4,11:35 AM ET,3d ago,away,Pittsburgh Penguins,1.5,100.0,100.0,6.5,100.0,100.0,142.0,93.0,25.0
2026-10-08T04:57:45,nhl,nhl_20261007_pittsburgh_penguins_washington_capitals,20261007NHL00107,DK,draftkings,first_full,2,2026-10-04T11:35:00,Oct 4,11:35 AM ET,3d ago,home,Washington Capitals,-1.5,0.0,0.0,6.5,0.0,0.0,-170.0,7.0,75.0
2026-10-08T04:57:45,nhl,nhl_20261007_pittsburgh_penguins_washington_capitals,20261007NHL00107,DK,draftkings,change,3,2026-10-07T19:35:00,Oct 7,7:35 PM ET,9h ago,away,Pittsburgh Penguins,1.5,25.0,55.0,6.5,33.0,65.0,130.0,30.0,30.0
2026-10-08T04:57:45,nhl,nhl_20261007_pittsburgh_penguins_washington_capitals,20261007NHL00107,DK,draftkings,change,3,2026-10-07T19:35:00,Oct 7,7:35 PM ET,9h ago,home,Washington Capitals,-1.5,75.0,45.0,6.5,67.0,35.0,-155.0,70.0,70.0
2026-10-08T04:57:45,nhl,nhl_20261007_pittsburgh_penguins_washington_capitals,20261007NHL00107,DK,draftkings,change,4,2026-10-07T19:30:00,Oct 7,7:30 PM ET,9h ago,away,Pittsburgh Penguins,1.5,28.0,55.0,6.5,30.0,62.0,130.0,29.0,30.0
2026-10-08T04:57:45,nhl,nhl_20261007_pittsburgh_penguins_washington_capitals,20261007NHL00107,DK,draftkings,change,4,2026-10-07T19:30:00,Oct 7,7:30 PM ET,9h ago,home,Washington Capitals,-1.5,72.0,45.0,6.5,70.0,38.0,-155.0,71.0,70.0
2026-10-08T04:57:45,nhl,nhl_20261007_pittsburgh_penguins_washington_capitals,20261007NHL00107,DK,draftkings,change,5,2026-10-07T19:20:00,Oct 7,7:20 PM ET,9h ago,away,Pittsburgh Penguins,1.5,25.0,55.0,6.5,89.0,62.0,130.0,26.0,30.0
2026-10-08T04:57:45,nhl,nhl_20261007_pittsburgh_penguins_washington_capitals,20261007NHL00107,DK,draftkings,change,5,2026-10-07T19:20:00,Oct 7,7:20 PM ET,9h ago,home,Washington Capitals,-1.5,75.0,45.0,6.5,11.0,38.0,-155.0,74.0,70.0
2026-10-08T04:57:45,nhl,nhl_20261007_pittsburgh_penguins_washington_capitals,20261007NHL00107,DK,draftkings,change,6,2026-10-07T19:10:00,Oct 7,7:10 PM ET,9h ago,away,Pittsburgh Penguins,1.5,20.0,54.0,6.5,89.0,60.0,136.0,26.0,29.0
2026-10-08T04:57:45,nhl,nhl_20261007_pittsburgh_penguins_washington_capitals,20261007NHL00107,DK,draftkings,change,6,2026-10-07T19:10:00,Oct 7,7:10 PM ET,9h ago,home,Washington Capitals,-1.5,80.0,46.0,6.5,11.0,40.0,-162.0,74.0,71.0
2026-10-08T04:57:45,nhl,nhl_20261007_pittsburgh_penguins_washington_capitals,20261007NHL00107,DK,draftkings,change,7,2026-10-07T19:00:00,Oct 7,7:00 PM ET,9h ago,away,Pittsburgh Penguins,1.5,21.0,55.0,6.5,87.0,60.0,136.0,28.0,30.0
2026-10-08T04:57:45,nhl,nhl_20261007_pittsburgh_penguins_washington_capitals,20261007NHL00107,DK,draftkings,change,7,2026-10-07T19:00:00,Oct 7,7:00 PM ET,9h ago,home,Washington Capitals,-1.5,79.0,45.0,6.5,13.0,40.0,-162.0,72.0,70.0
2026-10-08T04:57:45,nhl,nhl_20261007_pittsburgh_penguins_washington_capitals,20261007NHL00107,DK,draftkings,change,8,2026-10-07T18:50:00,Oct 7,6:50 PM ET,10h ago,away,Pittsburgh Penguins,1.5,21.0,54.0,6.5,87.0,61.0,136.0,28.0,29.0
2026-10-08T04:57:45,nhl,nhl_20261007_pittsburgh_penguins_washington_capitals,20261007NHL00107,DK,draftkings,change,8,2026-10-07T18:50:00,Oct 7,6:50 PM ET,10h ago,home,Washington Capitals,-1.5,79.0,46.0,6.5,13.0,39.0,-162.0,72.0,71.0
2026-10-08T04:57:45,nhl,nhl_20261007_pittsburgh_penguins_washington_capitals,20261007NHL00107,DK,draftkings,change,9,2026-10-07T18:40:00,Oct 7,6:40 PM ET,10h ago,away,Pittsburgh Penguins,1.5,21.0,56.0,6.5,84.0,62.0,136.0,28.0,29.0
2026-10-08T04:57:45,nhl,nhl_20261007_pittsburgh_penguins_washington_capitals,20261007NHL00107,DK,draftkings,change,9,2026-10-07T18:40:00,Oct 7,6:40 PM ET,10h ago,home,Washington Capitals,-1.5,79.0,44.0,6.5,16.0,38.0,-162.0,72.0,71.0
2026-10-08T04:57:45,nhl,nhl_20261007_pittsburgh_penguins_washington_capitals,20261007NHL00107,DK,draftkings,change,10,2026-10-07T18:30:00,Oct 7,6:30 PM ET,10h ago,away,Pittsburgh Penguins,1.5,17.0,54.0,6.5,83.0,60.0,136.0,28.0,29.0
2026-10-08T04:57:45,nhl,nhl_20261007_pittsburgh_penguins_washington_capitals,20261007NHL00107,DK,draftkings,change,10,2026-10-07T18:30:00,Oct 7,6:30 PM ET,10h ago,home,Washington Capitals,-1.5,83.0,46.0,6.5,17.0,40.0,-162.0,72.0,71.0
2026-10-08T04:57:45,nhl,nhl_20261007_pittsburgh_penguins_washington_capitals,20261007NHL00107,DK,draftkings,change,11,2026-10-07T18:20:00,Oct 7,6:20 PM ET,10h ago,away,Pittsburgh Penguins,1.5,22.0,57.0,6.5,78.0,58.0,136.0,27.0,29.0
2026-10-08T04:57:45,nhl,nhl_20261007_pittsburgh_penguins_washington_capitals,20261007NHL00107,DK,draftkings,change,11,2026-10-07T18:20:00,Oct 7,6:20 PM ET,10h ago,home,Washington Capitals,-1.5,78.0,43.0,6.5,22.0,42.0,-162.0,73.0,71.0
2026-10-08T04:57:45,nhl,nhl_20261007_pittsburgh_penguins_washington_capitals,20261007NHL00107,DK,draftkings,change,12,2026-10-07T18:15:00,Oct 7,6:15 PM ET,10h ago,away,Pittsburgh Penguins,1.5,22.0,62.0,6.5,77.0,57.0,136.0,27.0,29.0
2026-10-08T04:57:45,nhl,nhl_20261007_pittsburgh_penguins_washington_capitals,20261007NHL00107,DK,draftkings,change,12,2026-10-07T18:15:00,Oct 7,6:15 PM ET,10h ago,home,Washington Capitals,-1.5,78.0,38.0,6.5,23.0,43.0,-162.0,73.0,71.0
2026-10-08T04:57:45,nhl,nhl_20261007_pittsburgh_penguins_washington_capitals,20261007NHL00107,DK,draftkings,change,13,2026-10-07T18:10:00,Oct 7,6:10 PM ET,10h ago,away,Pittsburgh Penguins,1.5,22.0,62.0,6.5,77.0,57.0,136.0,26.0,29.0
2026-10-08T04:57:45,nhl,nhl_20261007_pittsburgh_penguins_washington_capitals,20261007NHL00107,DK,draftkings,change,13,2026-10-07T18:10:00,Oct 7,6:10 PM ET,10h ago,home,Washington Capitals,-1.5,78.0,38.0,6.5,23.0,43.0,-162.0,74.0,71.0
2026-10-08T04:57:45,nhl,nhl_20261007_pittsburgh_penguins_washington_capitals,20261007NHL00107,DK,draftkings,change,14,2026-10-07T18:00:00,Oct 7,6:00 PM ET,10h ago,away,Pittsburgh Penguins,1.5,22.0,61.0,6.5,77.0,58.0,136.0,26.0,29.0
2026-10-08T04:57:45,nhl,nhl_20261007_pittsburgh_penguins_washington_capitals,20261007NHL00107,DK,draftkings,change,14,2026-10-07T18:00:00,Oct 7,6:00 PM ET,10h ago,home,Washington Capitals,-1.5,78.0,39.0,6.5,23.0,42.0,-162.0,74.0,71.0
2026-10-08T04:57:45,nhl,nhl_20261007_pittsburgh_penguins_washington_capitals,20261007NHL00107,DK,draftkings,change,15,2026-10-07T17:50:00,Oct 7,5:50 PM ET,11h ago,away,Pittsburgh Penguins,1.5,23.0,62.0,6.5,82.0,60.0,136.0,22.0,28.0
2026-10-08T04:57:45,nhl,nhl_20261007_pittsburgh_penguins_washington_capitals,20261007NHL00107,DK,draftkings,change,15,2026-10-07T17:50:00,Oct 7,5:50 PM ET,11h ago,home,Washington Capitals,-1.5,77.0,38.0,6.5,18.0,40.0,-162.0,78.0,72.0
2026-10-08T04:57:45,nhl,nhl_20261007_pittsburgh_penguins_washington_capitals,20261007NHL00107,DK,draftkings,change,16,2026-10-07T17:40:00,Oct 7,5:40 PM ET,11h ago,away,Pittsburgh Penguins,1.5,26.0,63.0,6.5,86.0,63.0,136.0,22.0,29.0
2026-10-08T04:57:45,nhl,nhl_20261007_pittsburgh_penguins_washington_capitals,20261007NHL00107,DK,draftkings,change,16,2026-10-07T17:40:00,Oct 7,5:40 PM ET,11h ago,home,Washington Capitals,-1.5,74.0,37.0,6.5,14.0,38.0,-162.0,78.0,71.0
2026-10-08T04:57:45,nhl,nhl_20261007_pittsburgh_penguins_washington_capitals,20261007NHL00107,DK,draftkings,change,17,2026-10-07T17:35:00,Oct 7,5:35 PM ET,11h ago,away,Pittsburgh Penguins,1.5,15.0,63.0,6.5,87.0,64.0,136.0,22.0,28.0
2026-10-08T04:57:45,nhl,nhl_20261007_pittsburgh_penguins_washington_capitals,20261007NHL00107,DK,draftkings,change,17,2026-10-07T17:35:00,Oct 7,5:35 PM ET,11h ago,home,Washington Capitals,-1.5,85.0,38.0,6.5,13.0,36.0,-162.0,78.0,72.0
2026-10-08T04:57:45,nhl,nhl_20261007_pittsburgh_penguins_washington_capitals,20261007NHL00107,DK,draftkings,change,18,2026-10-07T17:30:00,Oct 7,5:30 PM ET,11h ago,away,Pittsburgh Penguins,1.5,15.0,64.0,6.5,87.0,66.0,136.0,22.0,28.0
2026-10-08T04:57:45,nhl,nhl_20261007_pittsburgh_penguins_washington_capitals,20261007NHL00107,DK,draftkings,change,18,2026-10-07T17:30:00,Oct 7,5:30 PM ET,11h ago,home,Washington Capitals,-1.5,85.0,36.0,6.5,13.0,34.0,-162.0,78.0,72.0
2026-10-08T04:57:45,nhl,nhl_20261007_pittsburgh_penguins_washington_capitals,20261007NHL00107,DK,draftkings,change,19,2026-10-07T17:20:00,Oct 7,5:20 PM ET,11h ago,away,Pittsburgh Penguins,1.5,15.0,69.0,6.5,87.0,66.0,136.0,19.0,28.0
2026-10-08T04:57:45,nhl,nhl_20261007_pittsburgh_penguins_washington_capitals,20261007NHL00107,DK,draftkings,change,19,2026-10-07T17:20:00,Oct 7,5:20 PM ET,11h ago,home,Washington Capitals,-1.5,85.0,31.0,6.5,13.0,34.0,-162.0,81.0,72.0
2026-10-08T04:57:45,nhl,nhl_20261007_pittsburgh_penguins_washington_capitals,20261007NHL00107,DK,draftkings,change,20,2026-10-07T17:05:00,Oct 7,5:05 PM ET,11h ago,away,Pittsburgh Penguins,1.5,15.0,69.0,6.5,87.0,66.0,136.0,19.0,29.0
2026-10-08T04:57:45,nhl,nhl_20261007_pittsburgh_penguins_washington_capitals,20261007NHL00107,DK,draftkings,change,20,2026-10-07T17:05:00,Oct 7,5:05 PM ET,11h ago,home,Washington Capitals,-1.5,85.0,31.0,6.5,13.0,34.0,-162.0,81.0,71.0
2026-10-08T04:57:45,nhl,nhl_20261007_pittsburgh_penguins_washington_capitals,20261007NHL00107,DK,draftkings,change,21,2026-10-07T17:00:00,Oct 7,5:00 PM ET,11h ago,away,Pittsburgh Penguins,1.5,15.0,69.0,6.5,87.0,65.0,136.0,19.0,29.0
2026-10-08T04:57:45,nhl,nhl_20261007_pittsburgh_penguins_washington_capitals,20261007NHL00107,DK,draftkings,change,21,2026-10-07T17:00:00,Oct 7,5:00 PM ET,11h ago,home,Washington Capitals,-1.5,85.0,31.0,6.5,13.0,35.0,-162.0,81.0,71.0
2026-10-08T04:57:45,nhl,nhl_20261007_pittsburgh_penguins_washington_capitals,20261007NHL00107,DK,draftkings,change,22,2026-10-07T16:50:00,Oct 7,4:50 PM ET,12h ago,away,Pittsburgh Penguins,1.5,15.0,69.0,6.5,86.0,63.0,136.0,19.0,29.0
2026-10-08T04:57:45,nhl,nhl_20261007_pittsburgh_penguins_washington_capitals,20261007NHL00107,DK,draftkings,change,22,2026-10-07T16:50:00,Oct 7,4:50 PM ET,12h ago,home,Washington Capitals,-1.5,85.0,31.0,6.5,14.0,38.0,-162.0,81.0,71.0
2026-10-08T04:57:45,nhl,nhl_20261007_pittsburgh_penguins_washington_capitals,20261007NHL00107,DK,draftkings,change,23,2026-10-07T16:40:00,Oct 7,4:40 PM ET,12h ago,away,Pittsburgh Penguins,1.5,15.0,69.0,6.5,87.0,66.0,136.0,19.0,29.0
2026-10-08T04:57:45,nhl,nhl_20261007_pittsburgh_penguins_washington_capitals,20261007NHL00107,DK,draftkings,change,23,2026-10-07T16:40:00,Oct 7,4:40 PM ET,12h ago,home,Washington Capitals,-1.5,85.0,31.0,6.5,13.0,34.0,-162.0,81.0,71.0
2026-10-08T04:57:45,nhl,nhl_20261007_pittsburgh_penguins_washington_capitals,20261007NHL00107,DK,draftkings,change,24,2026-10-07T16:35:00,Oct 7,4:35 PM ET,12h ago,away,Pittsburgh Penguins,1.5,15.0,69.0,6.5,67.0,64.0,136.0,19.0,29.0
2026-10-08T04:57:45,nhl,nhl_20261007_pittsburgh_penguins_washington_capitals,20261007NHL00107,DK,draftkings,change,24,2026-10-07T16:35:00,Oct 7,4:35 PM ET,12h ago,home,Washington Capitals,-1.5,85.0,31.0,6.5,33.0,36.0,-162.0,81.0,71.0
2026-10-08T04:57:45,nhl,nhl_20261007_pittsburgh_penguins_washington_capitals,20261007NHL00107,DK,draftkings,change,25,2026-10-07T16:20:00,Oct 7,4:20 PM ET,12h ago,away,Pittsburgh Penguins,1.5,15.0,69.0,6.5,67.0,64.0,136.0,19.0,30.0
2026-10-08T04:57:45,nhl,nhl_20261007_pittsburgh_penguins_washington_capitals,20261007NHL00107,DK,draftkings,change,25,2026-10-07T16:20:00,Oct 7,4:20 PM ET,12h ago,home,Washington Capitals,-1.5,85.0,31.0,6.5,33.0,36.0,-162.0,81.0,70.0
2026-10-08T04:57:45,nhl,nhl_20261007_pittsburgh_penguins_washington_capitals,20261007NHL00107,DK,draftkings,change,26,2026-10-07T16:10:00,Oct 7,4:10 PM ET,12h ago,away,Pittsburgh Penguins,1.5,15.0,69.0,6.5,58.0,63.0,136.0,19.0,31.0
2026-10-08T04:57:45,nhl,nhl_20261007_pittsburgh_penguins_washington_capitals,20261007NHL00107,DK,draftkings,change,26,2026-10-07T16:10:00,Oct 7,4:10 PM ET,12h ago,home,Washington Capitals,-1.5,85.0,31.0,6.5,42.0,37.0,-162.0,81.0,69.0
2026-10-08T04:57:45,nhl,nhl_20261007_pittsburgh_penguins_washington_capitals,20261007NHL00107,DK,draftkings,change,27,2026-10-07T16:05:00,Oct 7,4:05 PM ET,12h ago,away,Pittsburgh Penguins,1.5,15.0,69.0,6.5,58.0,65.0,136.0,19.0,31.0
2026-10-08T04:57:45,nhl,nhl_20261007_pittsburgh_penguins_washington_capitals,20261007NHL00107,DK,draftkings,change,27,2026-10-07T16:05:00,Oct 7,4:05 PM ET,12h ago,home,Washington Capitals,-1.5,85.0,31.0,6.5,42.0,35.0,-162.0,81.0,69.0
2026-10-08T04:57:47,nhl,nhl_20261007_pittsburgh_penguins_washington_capitals,20261007NHL00107,CIRCA,circa,open,1,2026-10-06T21:05:00,Oct 6,9:05 PM ET,1d ago,away,Pittsburgh Penguins,1.5,50.0,50.0,6.5,50.0,50.0,139.0,50.0,50.0
2026-10-08T04:57:47,nhl,nhl_20261007_pittsburgh_penguins_washington_capitals,20261007NHL00107,CIRCA,circa,open,1,2026-10-06T21:05:00,Oct 6,9:05 PM ET,1d ago,home,Washington Capitals,-1.5,50.0,50.0,6.5,50.0,50.0,-155.0,50.0,50.0
2026-10-08T04:57:47,nhl,nhl_20261007_pittsburgh_penguins_washington_capitals,20261007NHL00107,CIRCA,circa,change,2,2026-10-07T19:35:00,Oct 7,7:35 PM ET,9h ago,away,Pittsburgh Penguins,1.5,0.0,50.0,6.5,100.0,100.0,132.0,94.0,65.0
2026-10-08T04:57:47,nhl,nhl_20261007_pittsburgh_penguins_washington_capitals,20261007NHL00107,CIRCA,circa,change,2,2026-10-07T19:35:00,Oct 7,7:35 PM ET,9h ago,home,Washington Capitals,-1.5,100.0,50.0,6.5,0.0,0.0,-147.0,6.0,35.0
2026-10-08T04:57:47,nhl,nhl_20261007_pittsburgh_penguins_washington_capitals,20261007NHL00107,CIRCA,circa,change,3,2026-10-07T19:20:00,Oct 7,7:20 PM ET,9h ago,away,Pittsburgh Penguins,1.5,0.0,50.0,6.5,100.0,100.0,130.0,94.0,68.0
2026-10-08T04:57:47,nhl,nhl_20261007_pittsburgh_penguins_washington_capitals,20261007NHL00107,CIRCA,circa,change,3,2026-10-07T19:20:00,Oct 7,7:20 PM ET,9h ago,home,Washington Capitals,-1.5,100.0,50.0,6.5,0.0,0.0,-145.0,6.0,32.0
2026-10-08T04:57:47,nhl,nhl_20261007_pittsburgh_penguins_washington_capitals,20261007NHL00107,CIRCA,circa,change,4,2026-10-07T19:15:00,Oct 7,7:15 PM ET,9h ago,away,Pittsburgh Penguins,1.5,0.0,0.0,6.5,100.0,100.0,128.0,94.0,67.0
2026-10-08T04:57:47,nhl,nhl_20261007_pittsburgh_penguins_washington_capitals,20261007NHL00107,CIRCA,circa,change,4,2026-10-07T19:15:00,Oct 7,7:15 PM ET,9h ago,home,Washington Capitals,-1.5,100.0,100.0,6.5,0.0,0.0,-143.0,6.0,33.0
2026-10-08T04:57:47,nhl,nhl_20261007_pittsburgh_penguins_washington_capitals,20261007NHL00107,CIRCA,circa,change,5,2026-10-07T17:50:00,Oct 7,5:50 PM ET,11h ago,away,Pittsburgh Penguins,1.5,0.0,0.0,6.5,100.0,100.0,143.0,83.0,63.0
2026-10-08T04:57:47,nhl,nhl_20261007_pittsburgh_penguins_washington_capitals,20261007NHL00107,CIRCA,circa,change,5,2026-10-07T17:50:00,Oct 7,5:50 PM ET,11h ago,home,Washington Capitals,-1.5,100.0,100.0,6.5,0.0,0.0,-160.0,17.0,37.0
2026-10-08T04:57:47,nhl,nhl_20261007_pittsburgh_penguins_washington_capitals,20261007NHL00107,CIRCA,circa,change,6,2026-10-07T17:35:00,Oct 7,5:35 PM ET,11h ago,away,Pittsburgh Penguins,1.5,0.0,0.0,6.5,100.0,100.0,143.0,83.0,61.0
2026-10-08T04:57:47,nhl,nhl_20261007_pittsburgh_penguins_washington_capitals,20261007NHL00107,CIRCA,circa,change,6,2026-10-07T17:35:00,Oct 7,5:35 PM ET,11h ago,home,Washington Capitals,-1.5,100.0,100.0,6.5,0.0,0.0,-160.0,17.0,39.0
2026-10-08T04:57:47,nhl,nhl_20261007_pittsburgh_penguins_washington_capitals,20261007NHL00107,CIRCA,circa,change,7,2026-10-07T17:15:00,Oct 7,5:15 PM ET,11h ago,away,Pittsburgh Penguins,1.5,0.0,0.0,6.5,100.0,100.0,143.0,83.0,59.0
2026-10-08T04:57:47,nhl,nhl_20261007_pittsburgh_penguins_washington_capitals,20261007NHL00107,CIRCA,circa,change,7,2026-10-07T17:15:00,Oct 7,5:15 PM ET,11h ago,home,Washington Capitals,-1.5,100.0,100.0,6.5,0.0,0.0,-160.0,17.0,41.0
2026-10-08T04:57:47,nhl,nhl_20261007_pittsburgh_penguins_washington_capitals,20261007NHL00107,CIRCA,circa,change,8,2026-10-07T14:45:00,Oct 7,2:45 PM ET,14h ago,away,Pittsburgh Penguins,1.5,0.0,0.0,6.5,100.0,100.0,143.0,83.0,56.0
2026-10-08T04:57:47,nhl,nhl_20261007_pittsburgh_penguins_washington_capitals,20261007NHL00107,CIRCA,circa,change,8,2026-10-07T14:45:00,Oct 7,2:45 PM ET,14h ago,home,Washington Capitals,-1.5,100.0,100.0,6.5,0.0,0.0,-160.0,17.0,44.0
2026-10-08T04:57:47,nhl,nhl_20261007_pittsburgh_penguins_washington_capitals,20261007NHL00107,CIRCA,circa,change,9,2026-10-07T14:40:00,Oct 7,2:40 PM ET,14h ago,away,Pittsburgh Penguins,1.5,0.0,0.0,6.5,100.0,100.0,143.0,82.0,53.0
2026-10-08T04:57:47,nhl,nhl_20261007_pittsburgh_penguins_washington_capitals,20261007NHL00107,CIRCA,circa,change,9,2026-10-07T14:40:00,Oct 7,2:40 PM ET,14h ago,home,Washington Capitals,-1.5,100.0,100.0,6.5,0.0,0.0,-160.0,18.0,47.0
2026-10-08T04:57:47,nhl,nhl_20261007_pittsburgh_penguins_washington_capitals,20261007NHL00107,CIRCA,circa,change,10,2026-10-07T13:55:00,Oct 7,1:55 PM ET,15h ago,away,Pittsburgh Penguins,1.5,0.0,0.0,6.5,100.0,100.0,143.0,83.0,57.0
2026-10-08T04:57:47,nhl,nhl_20261007_pittsburgh_penguins_washington_capitals,20261007NHL00107,CIRCA,circa,change,10,2026-10-07T13:55:00,Oct 7,1:55 PM ET,15h ago,home,Washington Capitals,-1.5,100.0,100.0,6.5,0.0,0.0,-160.0,17.0,43.0
2026-10-08T04:57:47,nhl,nhl_20261007_pittsburgh_penguins_washington_capitals,20261007NHL00107,CIRCA,circa,change,11,2026-10-07T13:40:00,Oct 7,1:40 PM ET,15h ago,away,Pittsburgh Penguins,1.5,0.0,0.0,6.5,100.0,100.0,143.0,82.0,54.0
2026-10-08T04:57:47,nhl,nhl_20261007_pittsburgh_penguins_washington_capitals,20261007NHL00107,CIRCA,circa,change,11,2026-10-07T13:40:00,Oct 7,1:40 PM ET,15h ago,home,Washington Capitals,-1.5,100.0,100.0,6.5,0.0,0.0,-160.0,18.0,46.0
2026-10-08T04:57:47,nhl,nhl_20261007_pittsburgh_penguins_washington_capitals,20261007NHL00107,CIRCA,circa,change,12,2026-10-07T13:30:00,Oct 7,1:30 PM ET,15h ago,away,Pittsburgh Penguins,1.5,0.0,0.0,6.5,100.0,100.0,143.0,82.0,50.0
2026-10-08T04:57:47,nhl,nhl_20261007_pittsburgh_penguins_washington_capitals,20261007NHL00107,CIRCA,circa,change,12,2026-10-07T13:30:00,Oct 7,1:30 PM ET,15h ago,home,Washington Capitals,-1.5,100.0,100.0,6.5,0.0,0.0,-160.0,18.0,50.0
2026-10-08T04:57:47,nhl,nhl_20261007_pittsburgh_penguins_washington_capitals,20261007NHL00107,CIRCA,circa,change,13,2026-10-07T12:45:00,Oct 7,12:45 PM ET,16h ago,away,Pittsburgh Penguins,1.5,0.0,0.0,6.5,100.0,100.0,143.0,82.0,45.0
2026-10-08T04:57:47,nhl,nhl_20261007_pittsburgh_penguins_washington_capitals,20261007NHL00107,CIRCA,circa,change,13,2026-10-07T12:45:00,Oct 7,12:45 PM ET,16h ago,home,Washington Capitals,-1.5,100.0,100.0,6.5,0.0,0.0,-160.0,18.0,55.0
2026-10-08T04:57:47,nhl,nhl_20261007_pittsburgh_penguins_washington_capitals,20261007NHL00107,CIRCA,circa,change,14,2026-10-07T12:20:00,Oct 7,12:20 PM ET,16h ago,away,Pittsburgh Penguins,1.5,0.0,0.0,6.5,100.0,100.0,143.0,51.0,40.0
2026-10-08T04:57:47,nhl,nhl_20261007_pittsburgh_penguins_washington_capitals,20261007NHL00107,CIRCA,circa,change,14,2026-10-07T12:20:00,Oct 7,12:20 PM ET,16h ago,home,Washington Capitals,-1.5,100.0,100.0,6.5,0.0,0.0,-160.0,49.0,60.0
2026-10-08T04:57:47,nhl,nhl_20261007_pittsburgh_penguins_washington_capitals,20261007NHL00107,CIRCA,circa,change,15,2026-10-07T11:50:00,Oct 7,11:50 AM ET,17h ago,away,Pittsburgh Penguins,1.5,0.0,0.0,6.5,100.0,100.0,143.0,63.0,44.0
2026-10-08T04:57:47,nhl,nhl_20261007_pittsburgh_penguins_washington_capitals,20261007NHL00107,CIRCA,circa,change,15,2026-10-07T11:50:00,Oct 7,11:50 AM ET,17h ago,home,Washington Capitals,-1.5,100.0,100.0,6.5,0.0,0.0,-160.0,37.0,56.0
2026-10-08T04:57:47,nhl,nhl_20261007_pittsburgh_penguins_washington_capitals,20261007NHL00107,CIRCA,circa,change,16,2026-10-07T11:40:00,Oct 7,11:40 AM ET,17h ago,away,Pittsburgh Penguins,1.5,0.0,0.0,6.5,100.0,100.0,143.0,63.0,38.0
2026-10-08T04:57:47,nhl,nhl_20261007_pittsburgh_penguins_washington_capitals,20261007NHL00107,CIRCA,circa,change,16,2026-10-07T11:40:00,Oct 7,11:40 AM ET,17h ago,home,Washington Capitals,-1.5,100.0,100.0,6.5,0.0,0.0,-160.0,37.0,63.0
2026-10-08T04:57:47,nhl,nhl_20261007_pittsburgh_penguins_washington_capitals,20261007NHL00107,CIRCA,circa,change,17,2026-10-07T11:35:00,Oct 7,11:35 AM ET,17h ago,away,Pittsburgh Penguins,1.5,0.0,0.0,6.5,50.0,50.0,143.0,88.0,50.0
2026-10-08T04:57:47,nhl,nhl_20261007_pittsburgh_penguins_washington_capitals,20261007NHL00107,CIRCA,circa,change,17,2026-10-07T11:35:00,Oct 7,11:35 AM ET,17h ago,home,Washington Capitals,-1.5,100.0,100.0,6.5,50.0,50.0,-160.0,12.0,50.0
2026-10-08T04:57:47,nhl,nhl_20261007_pittsburgh_penguins_washington_capitals,20261007NHL00107,CIRCA,circa,change,18,2026-10-07T10:25:00,Oct 7,10:25 AM ET,18h ago,away,Pittsburgh Penguins,1.5,50.0,50.0,6.5,50.0,50.0,143.0,88.0,50.0
2026-10-08T04:57:47,nhl,nhl_20261007_pittsburgh_penguins_washington_capitals,20261007NHL00107,CIRCA,circa,change,18,2026-10-07T10:25:00,Oct 7,10:25 AM ET,18h ago,home,Washington Capitals,-1.5,50.0,50.0,6.5,50.0,50.0,-160.0,12.0,50.0
2026-10-08T04:57:47,nhl,nhl_20261007_pittsburgh_penguins_washington_capitals,20261007NHL00107,CIRCA,circa,change,19,2026-10-07T09:10:00,Oct 7,9:10 AM ET,19h ago,away,Pittsburgh Penguins,1.5,50.0,50.0,6.5,50.0,50.0,143.0,13.0,40.0
2026-10-08T04:57:47,nhl,nhl_20261007_pittsburgh_penguins_washington_capitals,20261007NHL00107,CIRCA,circa,change,19,2026-10-07T09:10:00,Oct 7,9:10 AM ET,19h ago,home,Washington Capitals,-1.5,50.0,50.0,6.5,50.0,50.0,-160.0,87.0,60.0
2026-10-08T04:57:47,nhl,nhl_20261007_pittsburgh_penguins_washington_capitals,20261007NHL00107,CIRCA,circa,change,20,2026-10-07T09:00:00,Oct 7,9:00 AM ET,19h ago,away,Pittsburgh Penguins,1.5,50.0,50.0,6.5,50.0,50.0,143.0,16.0,50.0
2026-10-08T04:57:47,nhl,nhl_20261007_pittsburgh_penguins_washington_capitals,20261007NHL00107,CIRCA,circa,change,20,2026-10-07T09:00:00,Oct 7,9:00 AM ET,19h ago,home,Washington Capitals,-1.5,50.0,50.0,6.5,50.0,50.0,-160.0,84.0,50.0
2026-10-08T04:57:47,nhl,nhl_20261007_pittsburgh_penguins_washington_capitals,20261007NHL00107,CIRCA,circa,change,21,2026-10-07T01:25:00,Oct 7,1:25 AM ET,1d ago,away,Pittsburgh Penguins,1.5,50.0,50.0,6.5,50.0,50.0,139.0,9.0,33.0
2026-10-08T04:57:47,nhl,nhl_20261007_pittsburgh_penguins_washington_capitals,20261007NHL00107,CIRCA,circa,change,21,2026-10-07T01:25:00,Oct 7,1:25 AM ET,1d ago,home,Washington Capitals,-1.5,50.0,50.0,6.5,50.0,50.0,-155.0,91.0,67.0
2026-10-08T04:57:47,nhl,nhl_20261007_pittsburgh_penguins_washington_capitals,20261007NHL00107,CIRCA,circa,change,22,2026-10-06T21:15:00,Oct 6,9:15 PM ET,1d ago,away,Pittsburgh Penguins,1.5,50.0,50.0,6.5,50.0,50.0,139.0,0.0,0.0
2026-10-08T04:57:47,nhl,nhl_20261007_pittsburgh_penguins_washington_capitals,20261007NHL00107,CIRCA,circa,change,22,2026-10-06T21:15:00,Oct 6,9:15 PM ET,1d ago,home,Washington Capitals,-1.5,50.0,50.0,6.5,50.0,50.0,-155.0,100.0,100.0
2026-10-08T04:57:47,nhl,nhl_20261007_pittsburgh_penguins_washington_capitals,20261007NHL00107,CIRCA,circa,change,23,2026-10-06T21:05:00,Oct 6,9:05 PM ET,1d ago,away,Pittsburgh Penguins,1.5,50.0,50.0,6.5,50.0,50.0,139.0,50.0,50.0
2026-10-08T04:57:47,nhl,nhl_20261007_pittsburgh_penguins_washington_capitals,20261007NHL00107,CIRCA,circa,change,23,2026-10-06T21:05:00,Oct 6,9:05 PM ET,1d ago,home,Washington Capitals,-1.5,50.0,50.0,6.5,50.0,50.0,-155.0,50.0,50.0
2026-10-08T04:57:48,nhl,nhl_20261007_edmonton_oilers_anaheim_ducks,20261007NHL00118,DK,draftkings,open,1,2026-10-06T12:30:00,Oct 6,12:30 PM ET,1d ago,away,Edmonton Oilers,,0.0,0.0,6.5,100.0,100.0,,0.0,0.0
2026-10-08T04:57:48,nhl,nhl_20261007_edmonton_oilers_anaheim_ducks,20261007NHL00118,DK,draftkings,open,1,2026-10-06T12:30:00,Oct 6,12:30 PM ET,1d ago,home,Anaheim Ducks,,0.0,0.0,6.5,0.0,0.0,,0.0,0.0
2026-10-08T04:57:48,nhl,nhl_20261007_edmonton_oilers_anaheim_ducks,20261007NHL00118,DK,draftkings,first_full,2,2026-10-06T18:35:00,Oct 6,6:35 PM ET,1d ago,away,Edmonton Oilers,-1.5,100.0,100.0,6.5,100.0,100.0,-125.0,100.0,67.0
2026-10-08T04:57:48,nhl,nhl_20261007_edmonton_oilers_anaheim_ducks,20261007NHL00118,DK,draftkings,first_full,2,2026-10-06T18:35:00,Oct 6,6:35 PM ET,1d ago,home,Anaheim Ducks,1.5,0.0,0.0,6.5,0.0,0.0,105.0,0.0,33.0
2026-10-08T04:57:48,nhl,nhl_20261007_edmonton_oilers_anaheim_ducks,20261007NHL00118,DK,draftkings,change,3,2026-10-07T22:05:00,Oct 7,10:05 PM ET,6h ago,away,Edmonton Oilers,-1.5,49.0,33.0,6.5,99.0,85.0,-135.0,64.0,71.0
2026-10-08T04:57:48,nhl,nhl_20261007_edmonton_oilers_anaheim_ducks,20261007NHL00118,DK,draftkings,change,3,2026-10-07T22:05:00,Oct 7,10:05 PM ET,6h ago,home,Anaheim Ducks,1.5,51.0,67.0,6.5,1.0,15.0,114.0,36.0,29.0
2026-10-08T04:57:48,nhl,nhl_20261007_edmonton_oilers_anaheim_ducks,20261007NHL00118,DK,draftkings,change,4,2026-10-07T22:00:00,Oct 7,10:00 PM ET,6h ago,away,Edmonton Oilers,-1.5,48.0,33.0,6.5,99.0,85.0,-135.0,64.0,71.0
2026-10-08T04:57:48,nhl,nhl_20261007_edmonton_oilers_anaheim_ducks,20261007NHL00118,DK,draftkings,change,4,2026-10-07T22:00:00,Oct 7,10:00 PM ET,6h ago,home,Anaheim Ducks,1.5,52.0,67.0,6.5,1.0,15.0,114.0,36.0,29.0
2026-10-08T04:57:48,nhl,nhl_20261007_edmonton_oilers_anaheim_ducks,20261007NHL00118,DK,draftkings,change,5,2026-10-07T21:50:00,Oct 7,9:50 PM ET,7h ago,away,Edmonton Oilers,-1.5,48.0,33.0,6.5,98.0,85.0,-135.0,64.0,72.0
2026-10-08T04:57:48,nhl,nhl_20261007_edmonton_oilers_anaheim_ducks,20261007NHL00118,DK,draftkings,change,5,2026-10-07T21:50:00,Oct 7,9:50 PM ET,7h ago,home,Anaheim Ducks,1.5,52.0,67.0,6.5,2.0,15.0,114.0,36.0,28.0
2026-10-08T04:57:48,nhl,nhl_20261007_edmonton_oilers_anaheim_ducks,20261007NHL00118,DK,draftkings,change,6,2026-10-07T21:45:00,Oct 7,9:45 PM ET,7h ago,away,Edmonton Oilers,-1.5,50.0,33.0,6.5,98.0,85.0,-135.0,62.0,72.0
2026-10-08T04:57:48,nhl,nhl_20261007_edmonton_oilers_anaheim_ducks,20261007NHL00118,DK,draftkings,change,6,2026-10-07T21:45:00,Oct 7,9:45 PM ET,7h ago,home,Anaheim Ducks,1.5,50.0,67.0,6.5,2.0,15.0,114.0,38.0,28.0
2026-10-08T04:57:48,nhl,nhl_20261007_edmonton_oilers_anaheim_ducks,20261007NHL00118,DK,draftkings,change,7,2026-10-07T21:40:00,Oct 7,9:40 PM ET,7h ago,away,Edmonton Oilers,-1.5,50.0,33.0,6.5,98.0,85.0,-135.0,63.0,72.0
2026-10-08T04:57:48,nhl,nhl_20261007_edmonton_oilers_anaheim_ducks,20261007NHL00118,DK,draftkings,change,7,2026-10-07T21:40:00,Oct 7,9:40 PM ET,7h ago,home,Anaheim Ducks,1.5,50.0,67.0,6.5,2.0,15.0,114.0,37.0,28.0
2026-10-08T04:57:48,nhl,nhl_20261007_edmonton_oilers_anaheim_ducks,20261007NHL00118,DK,draftkings,change,8,2026-10-07T21:30:00,Oct 7,9:30 PM ET,7h ago,away,Edmonton Oilers,-1.5,49.0,33.0,6.5,98.0,86.0,-135.0,63.0,72.0
2026-10-08T04:57:48,nhl,nhl_20261007_edmonton_oilers_anaheim_ducks,20261007NHL00118,DK,draftkings,change,8,2026-10-07T21:30:00,Oct 7,9:30 PM ET,7h ago,home,Anaheim Ducks,1.5,51.0,67.0,6.5,2.0,14.0,114.0,37.0,28.0
2026-10-08T04:57:48,nhl,nhl_20261007_edmonton_oilers_anaheim_ducks,20261007NHL00118,DK,draftkings,change,9,2026-10-07T21:00:00,Oct 7,9:00 PM ET,7h ago,away,Edmonton Oilers,-1.5,49.0,34.0,6.5,98.0,86.0,-135.0,68.0,72.0
2026-10-08T04:57:48,nhl,nhl_20261007_edmonton_oilers_anaheim_ducks,20261007NHL00118,DK,draftkings,change,9,2026-10-07T21:00:00,Oct 7,9:00 PM ET,7h ago,home,Anaheim Ducks,1.5,51.0,66.0,6.5,2.0,14.0,114.0,32.0,28.0
2026-10-08T04:57:48,nhl,nhl_20261007_edmonton_oilers_anaheim_ducks,20261007NHL00118,DK,draftkings,change,10,2026-10-07T20:45:00,Oct 7,8:45 PM ET,8h ago,away,Edmonton Oilers,-1.5,49.0,35.0,6.5,98.0,86.0,-135.0,69.0,72.0
2026-10-08T04:57:48,nhl,nhl_20261007_edmonton_oilers_anaheim_ducks,20261007NHL00118,DK,draftkings,change,10,2026-10-07T20:45:00,Oct 7,8:45 PM ET,8h ago,home,Anaheim Ducks,1.5,51.0,65.0,6.5,2.0,14.0,114.0,31.0,28.0
2026-10-08T04:57:48,nhl,nhl_20261007_edmonton_oilers_anaheim_ducks,20261007NHL00118,DK,draftkings,change,11,2026-10-07T20:40:00,Oct 7,8:40 PM ET,8h ago,away,Edmonton Oilers,-1.5,49.0,35.0,6.5,98.0,86.0,-135.0,70.0,72.0
2026-10-08T04:57:48,nhl,nhl_20261007_edmonton_oilers_anaheim_ducks,20261007NHL00118,DK,draftkings,change,11,2026-10-07T20:40:00,Oct 7,8:40 PM ET,8h ago,home,Anaheim Ducks,1.5,51.0,65.0,6.5,2.0,14.0,114.0,30.0,28.0
2026-10-08T04:57:48,nhl,nhl_20261007_edmonton_oilers_anaheim_ducks,20261007NHL00118,DK,draftkings,change,12,2026-10-07T20:20:00,Oct 7,8:20 PM ET,8h ago,away,Edmonton Oilers,-1.5,45.0,35.0,6.5,98.0,86.0,-135.0,69.0,72.0
2026-10-08T04:57:48,nhl,nhl_20261007_edmonton_oilers_anaheim_ducks,20261007NHL00118,DK,draftkings,change,12,2026-10-07T20:20:00,Oct 7,8:20 PM ET,8h ago,home,Anaheim Ducks,1.5,55.0,65.0,6.5,2.0,14.0,114.0,31.0,28.0
2026-10-08T04:57:48,nhl,nhl_20261007_edmonton_oilers_anaheim_ducks,20261007NHL00118,DK,draftkings,change,13,2026-10-07T20:10:00,Oct 7,8:10 PM ET,8h ago,away,Edmonton Oilers,-1.5,45.0,35.0,6.5,98.0,85.0,-135.0,68.0,72.0
2026-10-08T04:57:48,nhl,nhl_20261007_edmonton_oilers_anaheim_ducks,20261007NHL00118,DK,draftkings,change,13,2026-10-07T20:10:00,Oct 7,8:10 PM ET,8h ago,home,Anaheim Ducks,1.5,55.0,65.0,6.5,2.0,15.0,114.0,32.0,28.0
2026-10-08T04:57:48,nhl,nhl_20261007_edmonton_oilers_anaheim_ducks,20261007NHL00118,DK,draftkings,change,14,2026-10-07T19:50:00,Oct 7,7:50 PM ET,9h ago,away,Edmonton Oilers,-1.5,41.0,35.0,6.5,98.0,85.0,-135.0,68.0,71.0
2026-10-08T04:57:48,nhl,nhl_20261007_edmonton_oilers_anaheim_ducks,20261007NHL00118,DK,draftkings,change,14,2026-10-07T19:50:00,Oct 7,7:50 PM ET,9h ago,home,Anaheim Ducks,1.5,59.0,65.0,6.5,2.0,15.0,114.0,32.0,29.0
2026-10-08T04:57:48,nhl,nhl_20261007_edmonton_oilers_anaheim_ducks,20261007NHL00118,DK,draftkings,change,15,2026-10-07T19:40:00,Oct 7,7:40 PM ET,9h ago,away,Edmonton Oilers,-1.5,39.0,34.0,6.5,98.0,84.0,-135.0,68.0,71.0
2026-10-08T04:57:48,nhl,nhl_20261007_edmonton_oilers_anaheim_ducks,20261007NHL00118,DK,draftkings,change,15,2026-10-07T19:40:00,Oct 7,7:40 PM ET,9h ago,home,Anaheim Ducks,1.5,61.0,66.0,6.5,2.0,16.0,114.0,32.0,29.0
2026-10-08T04:57:48,nhl,nhl_20261007_edmonton_oilers_anaheim_ducks,20261007NHL00118,DK,draftkings,change,16,2026-10-07T19:35:00,Oct 7,7:35 PM ET,9h ago,away,Edmonton Oilers,-1.5,39.0,34.0,6.5,98.0,84.0,-135.0,69.0,71.0
2026-10-08T04:57:48,nhl,nhl_20261007_edmonton_oilers_anaheim_ducks,20261007NHL00118,DK,draftkings,change,16,2026-10-07T19:35:00,Oct 7,7:35 PM ET,9h ago,home,Anaheim Ducks,1.5,61.0,66.0,6.5,2.0,16.0,114.0,31.0,29.0
2026-10-08T04:57:48,nhl,nhl_20261007_edmonton_oilers_anaheim_ducks,20261007NHL00118,DK,draftkings,change,17,2026-10-07T19:30:00,Oct 7,7:30 PM ET,9h ago,away,Edmonton Oilers,-1.5,38.0,33.0,6.5,98.0,83.0,-135.0,68.0,71.0
2026-10-08T04:57:48,nhl,nhl_20261007_edmonton_oilers_anaheim_ducks,20261007NHL00118,DK,draftkings,change,17,2026-10-07T19:30:00,Oct 7,7:30 PM ET,9h ago,home,Anaheim Ducks,1.5,62.0,67.0,6.5,2.0,17.0,114.0,32.0,29.0
2026-10-08T04:57:48,nhl,nhl_20261007_edmonton_oilers_anaheim_ducks,20261007NHL00118,DK,draftkings,change,18,2026-10-07T19:20:00,Oct 7,7:20 PM ET,9h ago,away,Edmonton Oilers,-1.5,38.0,32.0,6.5,98.0,83.0,-135.0,67.0,71.0
2026-10-08T04:57:48,nhl,nhl_20261007_edmonton_oilers_anaheim_ducks,20261007NHL00118,DK,draftkings,change,18,2026-10-07T19:20:00,Oct 7,7:20 PM ET,9h ago,home,Anaheim Ducks,1.5,62.0,68.0,6.5,2.0,17.0,114.0,33.0,29.0
2026-10-08T04:57:48,nhl,nhl_20261007_edmonton_oilers_anaheim_ducks,20261007NHL00118,DK,draftkings,change,19,2026-10-07T19:10:00,Oct 7,7:10 PM ET,9h ago,away,Edmonton Oilers,-1.5,38.0,33.0,6.5,98.0,82.0,-135.0,67.0,71.0
2026-10-08T04:57:48,nhl,nhl_20261007_edmonton_oilers_anaheim_ducks,20261007NHL00118,DK,draftkings,change,19,2026-10-07T19:10:00,Oct 7,7:10 PM ET,9h ago,home,Anaheim Ducks,1.5,62.0,67.0,6.5,2.0,18.0,114.0,33.0,29.0
2026-10-08T04:57:48,nhl,nhl_20261007_edmonton_oilers_anaheim_ducks,20261007NHL00118,DK,draftkings,change,20,2026-10-07T19:00:00,Oct 7,7:00 PM ET,9h ago,away,Edmonton Oilers,-1.5,37.0,31.0,6.5,98.0,82.0,-135.0,61.0,70.0
2026-10-08T04:57:48,nhl,nhl_20261007_edmonton_oilers_anaheim_ducks,20261007NHL00118,DK,draftkings,change,20,2026-10-07T19:00:00,Oct 7,7:00 PM ET,9h ago,home,Anaheim Ducks,1.5,63.0,69.0,6.5,2.0,18.0,114.0,39.0,30.0
2026-10-08T04:57:48,nhl,nhl_20261007_edmonton_oilers_anaheim_ducks,20261007NHL00118,DK,draftkings,change,21,2026-10-07T18:50:00,Oct 7,6:50 PM ET,10h ago,away,Edmonton Oilers,-1.5,35.0,29.0,6.5,98.0,82.0,-135.0,62.0,70.0
2026-10-08T04:57:48,nhl,nhl_20261007_edmonton_oilers_anaheim_ducks,20261007NHL00118,DK,draftkings,change,21,2026-10-07T18:50:00,Oct 7,6:50 PM ET,10h ago,home,Anaheim Ducks,1.5,65.0,71.0,6.5,2.0,18.0,114.0,38.0,30.0
2026-10-08T04:57:48,nhl,nhl_20261007_edmonton_oilers_anaheim_ducks,20261007NHL00118,DK,draftkings,change,22,2026-10-07T18:40:00,Oct 7,6:40 PM ET,10h ago,away,Edmonton Oilers,-1.5,37.0,29.0,6.5,98.0,84.0,-135.0,65.0,71.0
2026-10-08T04:57:48,nhl,nhl_20261007_edmonton_oilers_anaheim_ducks,20261007NHL00118,DK,draftkings,change,22,2026-10-07T18:40:00,Oct 7,6:40 PM ET,10h ago,home,Anaheim Ducks,1.5,63.0,71.0,6.5,2.0,16.0,114.0,35.0,29.0
2026-10-08T04:57:48,nhl,nhl_20261007_edmonton_oilers_anaheim_ducks,20261007NHL00118,DK,draftkings,change,23,2026-10-07T18:30:00,Oct 7,6:30 PM ET,10h ago,away,Edmonton Oilers,-1.5,40.0,31.0,6.5,98.0,84.0,-135.0,72.0,71.0
2026-10-08T04:57:48,nhl,nhl_20261007_edmonton_oilers_anaheim_ducks,20261007NHL00118,DK,draftkings,change,23,2026-10-07T18:30:00,Oct 7,6:30 PM ET,10h ago,home,Anaheim Ducks,1.5,60.0,69.0,6.5,2.0,16.0,114.0,28.0,29.0
2026-10-08T04:57:48,nhl,nhl_20261007_edmonton_oilers_anaheim_ducks,20261007NHL00118,DK,draftkings,change,24,2026-10-07T18:20:00,Oct 7,6:20 PM ET,10h ago,away,Edmonton Oilers,-1.5,40.0,33.0,6.5,98.0,84.0,-135.0,77.0,71.0
2026-10-08T04:57:48,nhl,nhl_20261007_edmonton_oilers_anaheim_ducks,20261007NHL00118,DK,draftkings,change,24,2026-10-07T18:20:00,Oct 7,6:20 PM ET,10h ago,home,Anaheim Ducks,1.5,60.0,68.0,6.5,2.0,16.0,114.0,23.0,29.0
2026-10-08T04:57:48,nhl,nhl_20261007_edmonton_oilers_anaheim_ducks,20261007NHL00118,DK,draftkings,change,25,2026-10-07T18:15:00,Oct 7,6:15 PM ET,10h ago,away,Edmonton Oilers,-1.5,42.0,35.0,6.5,98.0,84.0,-135.0,76.0,71.0
2026-10-08T04:57:48,nhl,nhl_20261007_edmonton_oilers_anaheim_ducks,20261007NHL00118,DK,draftkings,change,25,2026-10-07T18:15:00,Oct 7,6:15 PM ET,10h ago,home,Anaheim Ducks,1.5,58.0,65.0,6.5,2.0,16.0,114.0,24.0,29.0
2026-10-08T04:57:48,nhl,nhl_20261007_edmonton_oilers_anaheim_ducks,20261007NHL00118,DK,draftkings,change,26,2026-10-07T18:10:00,Oct 7,6:10 PM ET,10h ago,away,Edmonton Oilers,-1.5,56.0,36.0,6.5,98.0,83.0,-135.0,77.0,72.0
2026-10-08T04:57:48,nhl,nhl_20261007_edmonton_oilers_anaheim_ducks,20261007NHL00118,DK,draftkings,change,26,2026-10-07T18:10:00,Oct 7,6:10 PM ET,10h ago,home,Anaheim Ducks,1.5,44.0,64.0,6.5,2.0,17.0,114.0,23.0,28.0
2026-10-08T04:57:48,nhl,nhl_20261007_edmonton_oilers_anaheim_ducks,20261007NHL00118,DK,draftkings,change,27,2026-10-07T18:00:00,Oct 7,6:00 PM ET,10h ago,away,Edmonton Oilers,-1.5,56.0,36.0,6.5,99.0,84.0,-135.0,75.0,72.0
2026-10-08T04:57:48,nhl,nhl_20261007_edmonton_oilers_anaheim_ducks,20261007NHL00118,DK,draftkings,change,27,2026-10-07T18:00:00,Oct 7,6:00 PM ET,10h ago,home,Anaheim Ducks,1.5,44.0,64.0,6.5,1.0,16.0,114.0,25.0,28.0
2026-10-08T04:57:49,nhl,nhl_20261007_edmonton_oilers_anaheim_ducks,20261007NHL00118,CIRCA,circa,open,1,2026-10-06T21:05:00,Oct 6,9:05 PM ET,1d ago,away,Edmonton Oilers,-1.5,50.0,50.0,6.5,50.0,50.0,-131.0,50.0,50.0
2026-10-08T04:57:49,nhl,nhl_20261007_edmonton_oilers_anaheim_ducks,20261007NHL00118,CIRCA,circa,open,1,2026-10-06T21:05:00,Oct 6,9:05 PM ET,1d ago,home,Anaheim Ducks,1.5,50.0,50.0,6.5,50.0,50.0,118.0,50.0,50.0
2026-10-08T04:57:49,nhl,nhl_20261007_edmonton_oilers_anaheim_ducks,20261007NHL00118,CIRCA,circa,change,2,2026-10-07T22:05:00,Oct 7,10:05 PM ET,6h ago,away,Edmonton Oilers,-1.5,0.0,0.0,6.5,70.0,59.0,-130.0,20.0,34.0
2026-10-08T04:57:49,nhl,nhl_20261007_edmonton_oilers_anaheim_ducks,20261007NHL00118,CIRCA,circa,change,2,2026-10-07T22:05:00,Oct 7,10:05 PM ET,6h ago,home,Anaheim Ducks,1.5,100.0,100.0,6.5,30.0,41.0,117.0,80.0,66.0
2026-10-08T04:57:49,nhl,nhl_20261007_edmonton_oilers_anaheim_ducks,20261007NHL00118,CIRCA,circa,change,3,2026-10-07T22:00:00,Oct 7,10:00 PM ET,6h ago,away,Edmonton Oilers,-1.5,0.0,0.0,6.5,70.0,57.0,-130.0,18.0,33.0
2026-10-08T04:57:49,nhl,nhl_20261007_edmonton_oilers_anaheim_ducks,20261007NHL00118,CIRCA,circa,change,3,2026-10-07T22:00:00,Oct 7,10:00 PM ET,6h ago,home,Anaheim Ducks,1.5,100.0,100.0,6.5,30.0,43.0,117.0,82.0,67.0
2026-10-08T04:57:49,nhl,nhl_20261007_edmonton_oilers_anaheim_ducks,20261007NHL00118,CIRCA,circa,change,4,2026-10-07T21:55:00,Oct 7,9:55 PM ET,7h ago,away,Edmonton Oilers,-1.5,0.0,0.0,6.5,70.0,57.0,-133.0,18.0,31.0
2026-10-08T04:57:49,nhl,nhl_20261007_edmonton_oilers_anaheim_ducks,20261007NHL00118,CIRCA,circa,change,4,2026-10-07T21:55:00,Oct 7,9:55 PM ET,7h ago,home,Anaheim Ducks,1.5,100.0,100.0,6.5,30.0,43.0,119.0,82.0,69.0
2026-10-08T04:57:49,nhl,nhl_20261007_edmonton_oilers_anaheim_ducks,20261007NHL00118,CIRCA,circa,change,5,2026-10-07T21:45:00,Oct 7,9:45 PM ET,7h ago,away,Edmonton Oilers,-1.5,0.0,0.0,6.5,82.0,61.0,-133.0,18.0,31.0
2026-10-08T04:57:49,nhl,nhl_20261007_edmonton_oilers_anaheim_ducks,20261007NHL00118,CIRCA,circa,change,5,2026-10-07T21:45:00,Oct 7,9:45 PM ET,7h ago,home,Anaheim Ducks,1.5,100.0,100.0,6.5,18.0,39.0,119.0,82.0,69.0
2026-10-08T04:57:49,nhl,nhl_20261007_edmonton_oilers_anaheim_ducks,20261007NHL00118,CIRCA,circa,change,6,2026-10-07T21:40:00,Oct 7,9:40 PM ET,7h ago,away,Edmonton Oilers,-1.5,0.0,0.0,6.5,82.0,61.0,-133.0,14.0,29.0
2026-10-08T04:57:49,nhl,nhl_20261007_edmonton_oilers_anaheim_ducks,20261007NHL00118,CIRCA,circa,change,6,2026-10-07T21:40:00,Oct 7,9:40 PM ET,7h ago,home,Anaheim Ducks,1.5,100.0,100.0,6.5,18.0,39.0,119.0,86.0,71.0
2026-10-08T04:57:49,nhl,nhl_20261007_edmonton_oilers_anaheim_ducks,20261007NHL00118,CIRCA,circa,change,7,2026-10-07T21:10:00,Oct 7,9:10 PM ET,7h ago,away,Edmonton Oilers,-1.5,0.0,0.0,6.5,82.0,65.0,-133.0,14.0,29.0
2026-10-08T04:57:49,nhl,nhl_20261007_edmonton_oilers_anaheim_ducks,20261007NHL00118,CIRCA,circa,change,7,2026-10-07T21:10:00,Oct 7,9:10 PM ET,7h ago,home,Anaheim Ducks,1.5,100.0,100.0,6.5,18.0,35.0,119.0,86.0,71.0
2026-10-08T04:57:49,nhl,nhl_20261007_edmonton_oilers_anaheim_ducks,20261007NHL00118,CIRCA,circa,change,8,2026-10-07T21:05:00,Oct 7,9:05 PM ET,7h ago,away,Edmonton Oilers,-1.5,0.0,0.0,6.5,82.0,65.0,-133.0,13.0,28.0
2026-10-08T04:57:49,nhl,nhl_20261007_edmonton_oilers_anaheim_ducks,20261007NHL00118,CIRCA,circa,change,8,2026-10-07T21:05:00,Oct 7,9:05 PM ET,7h ago,home,Anaheim Ducks,1.5,100.0,100.0,6.5,18.0,35.0,119.0,87.0,73.0
2026-10-08T04:57:49,nhl,nhl_20261007_edmonton_oilers_anaheim_ducks,20261007NHL00118,CIRCA,circa,change,9,2026-10-07T21:00:00,Oct 7,9:00 PM ET,7h ago,away,Edmonton Oilers,-1.5,0.0,0.0,6.5,82.0,63.0,-133.0,8.0,26.0
2026-10-08T04:57:49,nhl,nhl_20261007_edmonton_oilers_anaheim_ducks,20261007NHL00118,CIRCA,circa,change,9,2026-10-07T21:00:00,Oct 7,9:00 PM ET,7h ago,home,Anaheim Ducks,1.5,100.0,100.0,6.5,18.0,38.0,119.0,92.0,74.0
2026-10-08T04:57:49,nhl,nhl_20261007_edmonton_oilers_anaheim_ducks,20261007NHL00118,CIRCA,circa,change,10,2026-10-07T19:55:00,Oct 7,7:55 PM ET,9h ago,away,Edmonton Oilers,-1.5,0.0,0.0,6.5,82.0,63.0,-133.0,8.0,24.0
2026-10-08T04:57:49,nhl,nhl_20261007_edmonton_oilers_anaheim_ducks,20261007NHL00118,CIRCA,circa,change,10,2026-10-07T19:55:00,Oct 7,7:55 PM ET,9h ago,home,Anaheim Ducks,1.5,100.0,100.0,6.5,18.0,38.0,119.0,92.0,76.0
2026-10-08T04:57:49,nhl,nhl_20261007_edmonton_oilers_anaheim_ducks,20261007NHL00118,CIRCA,circa,change,11,2026-10-07T19:50:00,Oct 7,7:50 PM ET,9h ago,away,Edmonton Oilers,-1.5,0.0,0.0,6.5,82.0,60.0,-133.0,8.0,24.0
2026-10-08T04:57:49,nhl,nhl_20261007_edmonton_oilers_anaheim_ducks,20261007NHL00118,CIRCA,circa,change,11,2026-10-07T19:50:00,Oct 7,7:50 PM ET,9h ago,home,Anaheim Ducks,1.5,100.0,100.0,6.5,18.0,40.0,119.0,92.0,76.0
2026-10-08T04:57:49,nhl,nhl_20261007_edmonton_oilers_anaheim_ducks,20261007NHL00118,CIRCA,circa,change,12,2026-10-07T19:40:00,Oct 7,7:40 PM ET,9h ago,away,Edmonton Oilers,-1.5,0.0,0.0,6.5,82.0,57.0,-133.0,8.0,24.0
2026-10-08T04:57:49,nhl,nhl_20261007_edmonton_oilers_anaheim_ducks,20261007NHL00118,CIRCA,circa,change,12,2026-10-07T19:40:00,Oct 7,7:40 PM ET,9h ago,home,Anaheim Ducks,1.5,100.0,100.0,6.5,18.0,43.0,119.0,92.0,76.0
2026-10-08T04:57:49,nhl,nhl_20261007_edmonton_oilers_anaheim_ducks,20261007NHL00118,CIRCA,circa,change,13,2026-10-07T19:35:00,Oct 7,7:35 PM ET,9h ago,away,Edmonton Oilers,-1.5,0.0,0.0,6.5,82.0,57.0,-133.0,8.0,25.0
2026-10-08T04:57:49,nhl,nhl_20261007_edmonton_oilers_anaheim_ducks,20261007NHL00118,CIRCA,circa,change,13,2026-10-07T19:35:00,Oct 7,7:35 PM ET,9h ago,home,Anaheim Ducks,1.5,100.0,100.0,6.5,18.0,43.0,119.0,92.0,75.0
2026-10-08T04:57:49,nhl,nhl_20261007_edmonton_oilers_anaheim_ducks,20261007NHL00118,CIRCA,circa,change,14,2026-10-07T19:30:00,Oct 7,7:30 PM ET,9h ago,away,Edmonton Oilers,-1.5,0.0,0.0,6.5,82.0,57.0,-133.0,8.0,26.0
2026-10-08T04:57:49,nhl,nhl_20261007_edmonton_oilers_anaheim_ducks,20261007NHL00118,CIRCA,circa,change,14,2026-10-07T19:30:00,Oct 7,7:30 PM ET,9h ago,home,Anaheim Ducks,1.5,100.0,100.0,6.5,18.0,43.0,119.0,92.0,74.0
2026-10-08T04:57:49,nhl,nhl_20261007_edmonton_oilers_anaheim_ducks,20261007NHL00118,CIRCA,circa,change,15,2026-10-07T19:20:00,Oct 7,7:20 PM ET,9h ago,away,Edmonton Oilers,-1.5,0.0,0.0,6.5,82.0,57.0,-133.0,3.0,24.0
2026-10-08T04:57:49,nhl,nhl_20261007_edmonton_oilers_anaheim_ducks,20261007NHL00118,CIRCA,circa,change,15,2026-10-07T19:20:00,Oct 7,7:20 PM ET,9h ago,home,Anaheim Ducks,1.5,100.0,100.0,6.5,18.0,43.0,119.0,97.0,76.0
2026-10-08T04:57:49,nhl,nhl_20261007_edmonton_oilers_anaheim_ducks,20261007NHL00118,CIRCA,circa,change,16,2026-10-07T19:15:00,Oct 7,7:15 PM ET,9h ago,away,Edmonton Oilers,-1.5,0.0,0.0,6.5,82.0,62.0,-133.0,3.0,24.0
2026-10-08T04:57:49,nhl,nhl_20261007_edmonton_oilers_anaheim_ducks,20261007NHL00118,CIRCA,circa,change,16,2026-10-07T19:15:00,Oct 7,7:15 PM ET,9h ago,home,Anaheim Ducks,1.5,100.0,100.0,6.5,18.0,38.0,119.0,97.0,76.0
2026-10-08T04:57:49,nhl,nhl_20261007_edmonton_oilers_anaheim_ducks,20261007NHL00118,CIRCA,circa,change,17,2026-10-07T19:10:00,Oct 7,7:10 PM ET,9h ago,away,Edmonton Oilers,-1.5,0.0,0.0,6.5,82.0,58.0,-133.0,3.0,24.0
2026-10-08T04:57:49,nhl,nhl_20261007_edmonton_oilers_anaheim_ducks,20261007NHL00118,CIRCA,circa,change,17,2026-10-07T19:10:00,Oct 7,7:10 PM ET,9h ago,home,Anaheim Ducks,1.5,100.0,100.0,6.5,18.0,42.0,119.0,97.0,76.0
2026-10-08T04:57:49,nhl,nhl_20261007_edmonton_oilers_anaheim_ducks,20261007NHL00118,CIRCA,circa,change,18,2026-10-07T18:35:00,Oct 7,6:35 PM ET,10h ago,away,Edmonton Oilers,-1.5,0.0,0.0,6.5,82.0,55.0,-133.0,3.0,24.0
2026-10-08T04:57:49,nhl,nhl_20261007_edmonton_oilers_anaheim_ducks,20261007NHL00118,CIRCA,circa,change,18,2026-10-07T18:35:00,Oct 7,6:35 PM ET,10h ago,home,Anaheim Ducks,1.5,100.0,100.0,6.5,18.0,45.0,119.0,97.0,76.0
2026-10-08T04:57:49,nhl,nhl_20261007_edmonton_oilers_anaheim_ducks,20261007NHL00118,CIRCA,circa,change,19,2026-10-07T18:20:00,Oct 7,6:20 PM ET,10h ago,away,Edmonton Oilers,-1.5,0.0,0.0,6.5,82.0,55.0,-133.0,3.0,22.0
2026-10-08T04:57:49,nhl,nhl_20261007_edmonton_oilers_anaheim_ducks,20261007NHL00118,CIRCA,circa,change,19,2026-10-07T18:20:00,Oct 7,6:20 PM ET,10h ago,home,Anaheim Ducks,1.5,100.0,100.0,6.5,18.0,45.0,119.0,97.0,78.0
2026-10-08T04:57:49,nhl,nhl_20261007_edmonton_oilers_anaheim_ducks,20261007NHL00118,CIRCA,circa,change,20,2026-10-07T18:10:00,Oct 7,6:10 PM ET,10h ago,away,Edmonton Oilers,-1.5,0.0,0.0,6.5,39.0,71.0,-133.0,3.0,22.0
2026-10-08T04:57:49,nhl,nhl_20261007_edmonton_oilers_anaheim_ducks,20261007NHL00118,CIRCA,circa,change,20,2026-10-07T18:10:00,Oct 7,6:10 PM ET,10h ago,home,Anaheim Ducks,1.5,100.0,100.0,6.5,61.0,29.0,119.0,97.0,78.0
2026-10-08T04:57:49,nhl,nhl_20261007_edmonton_oilers_anaheim_ducks,20261007NHL00118,CIRCA,circa,change,21,2026-10-07T17:35:00,Oct 7,5:35 PM ET,11h ago,away,Edmonton Oilers,-1.5,0.0,0.0,6.5,39.0,71.0,-133.0,3.0,23.0
2026-10-08T04:57:49,nhl,nhl_20261007_edmonton_oilers_anaheim_ducks,20261007NHL00118,CIRCA,circa,change,21,2026-10-07T17:35:00,Oct 7,5:35 PM ET,11h ago,home,Anaheim Ducks,1.5,100.0,100.0,6.5,61.0,29.0,119.0,97.0,77.0
2026-10-08T04:57:49,nhl,nhl_20261007_edmonton_oilers_anaheim_ducks,20261007NHL00118,CIRCA,circa,change,22,2026-10-07T17:25:00,Oct 7,5:25 PM ET,11h ago,away,Edmonton Oilers,-1.5,0.0,0.0,6.5,39.0,71.0,-133.0,3.0,21.0
2026-10-08T04:57:49,nhl,nhl_20261007_edmonton_oilers_anaheim_ducks,20261007NHL00118,CIRCA,circa,change,22,2026-10-07T17:25:00,Oct 7,5:25 PM ET,11h ago,home,Anaheim Ducks,1.5,100.0,100.0,6.5,61.0,29.0,119.0,97.0,79.0
2026-10-08T04:57:49,nhl,nhl_20261007_edmonton_oilers_anaheim_ducks,20261007NHL00118,CIRCA,circa,change,23,2026-10-07T15:55:00,Oct 7,3:55 PM ET,13h ago,away,Edmonton Oilers,-1.5,0.0,0.0,6.5,39.0,71.0,-133.0,3.0,22.0
2026-10-08T04:57:49,nhl,nhl_20261007_edmonton_oilers_anaheim_ducks,20261007NHL00118,CIRCA,circa,change,23,2026-10-07T15:55:00,Oct 7,3:55 PM ET,13h ago,home,Anaheim Ducks,1.5,100.0,100.0,6.5,61.0,29.0,119.0,97.0,78.0
2026-10-08T04:57:49,nhl,nhl_20261007_edmonton_oilers_anaheim_ducks,20261007NHL00118,CIRCA,circa,change,24,2026-10-07T15:10:00,Oct 7,3:10 PM ET,13h ago,away,Edmonton Oilers,-1.5,0.0,0.0,6.5,39.0,71.0,-133.0,3.0,23.0
2026-10-08T04:57:49,nhl,nhl_20261007_edmonton_oilers_anaheim_ducks,20261007NHL00118,CIRCA,circa,change,24,2026-10-07T15:10:00,Oct 7,3:10 PM ET,13h ago,home,Anaheim Ducks,1.5,100.0,100.0,6.5,61.0,29.0,119.0,97.0,77.0
2026-10-08T04:57:49,nhl,nhl_20261007_edmonton_oilers_anaheim_ducks,20261007NHL00118,CIRCA,circa,change,25,2026-10-07T14:45:00,Oct 7,2:45 PM ET,14h ago,away,Edmonton Oilers,-1.5,0.0,0.0,6.5,28.0,67.0,-133.0,3.0,23.0
2026-10-08T04:57:49,nhl,nhl_20261007_edmonton_oilers_anaheim_ducks,20261007NHL00118,CIRCA,circa,change,25,2026-10-07T14:45:00,Oct 7,2:45 PM ET,14h ago,home,Anaheim Ducks,1.5,100.0,100.0,6.5,72.0,33.0,119.0,97.0,77.0
2026-10-08T04:57:49,nhl,nhl_20261007_edmonton_oilers_anaheim_ducks,20261007NHL00118,CIRCA,circa,change,26,2026-10-07T14:40:00,Oct 7,2:40 PM ET,14h ago,away,Edmonton Oilers,-1.5,0.0,0.0,6.5,28.0,67.0,-133.0,3.0,20.0
2026-10-08T04:57:49,nhl,nhl_20261007_edmonton_oilers_anaheim_ducks,20261007NHL00118,CIRCA,circa,change,26,2026-10-07T14:40:00,Oct 7,2:40 PM ET,14h ago,home,Anaheim Ducks,1.5,100.0,100.0,6.5,72.0,33.0,119.0,97.0,80.0
2026-10-08T04:57:50,nhl,nhl_20261008_utah_mammoth_boston_bruins,20261008NHL00098,DK,draftkings,open,1,2026-10-07T11:30:00,Oct 7,11:30 AM ET,17h ago,away,Utah Mammoth,1.5,0.0,0.0,,0.0,0.0,-105.0,0.0,0.0
2026-10-08T04:57:50,nhl,nhl_20261008_utah_mammoth_boston_bruins,20261008NHL00098,DK,draftkings,open,1,2026-10-07T11:30:00,Oct 7,11:30 AM ET,17h ago,home,Boston Bruins,-1.5,100.0,100.0,,0.0,0.0,-115.0,100.0,100.0
2026-10-08T04:57:50,nhl,nhl_20261008_utah_mammoth_boston_bruins,20261008NHL00098,DK,draftkings,first_full,2,2026-10-07T21:20:00,Oct 7,9:20 PM ET,7h ago,away,Utah Mammoth,-1.5,39.0,6.0,5.5,100.0,100.0,-125.0,30.0,9.0
2026-10-08T04:57:50,nhl,nhl_20261008_utah_mammoth_boston_bruins,20261008NHL00098,DK,draftkings,first_full,2,2026-10-07T21:20:00,Oct 7,9:20 PM ET,7h ago,home,Boston Bruins,1.5,61.0,94.0,5.5,0.0,0.0,105.0,70.0,91.0
2026-10-08T04:57:50,nhl,nhl_20261008_utah_mammoth_boston_bruins,20261008NHL00098,DK,draftkings,change,3,2026-10-08T03:25:00,Oct 8,3:25 AM ET,1h ago,away,Utah Mammoth,-1.5,38.0,5.0,5.5,100.0,100.0,-125.0,20.0,12.0
2026-10-08T04:57:50,nhl,nhl_20261008_utah_mammoth_boston_bruins,20261008NHL00098,DK,draftkings,change,3,2026-10-08T03:25:00,Oct 8,3:25 AM ET,1h ago,home,Boston Bruins,1.5,62.0,95.0,5.5,0.0,0.0,105.0,80.0,88.0
2026-10-08T04:57:50,nhl,nhl_20261008_utah_mammoth_boston_bruins,20261008NHL00098,DK,draftkings,change,4,2026-10-08T01:00:00,Oct 8,1:00 AM ET,3h ago,away,Utah Mammoth,-1.5,39.0,5.0,5.5,100.0,100.0,-125.0,20.0,12.0
2026-10-08T04:57:50,nhl,nhl_20261008_utah_mammoth_boston_bruins,20261008NHL00098,DK,draftkings,change,4,2026-10-08T01:00:00,Oct 8,1:00 AM ET,3h ago,home,Boston Bruins,1.5,61.0,95.0,5.5,0.0,0.0,105.0,80.0,88.0
2026-10-08T04:57:50,nhl,nhl_20261008_utah_mammoth_boston_bruins,20261008NHL00098,DK,draftkings,change,5,2026-10-08T00:50:00,Oct 8,12:50 AM ET,4h ago,away,Utah Mammoth,-1.5,39.0,6.0,5.5,100.0,100.0,-125.0,20.0,13.0
2026-10-08T04:57:50,nhl,nhl_20261008_utah_mammoth_boston_bruins,20261008NHL00098,DK,draftkings,change,5,2026-10-08T00:50:00,Oct 8,12:50 AM ET,4h ago,home,Boston Bruins,1.5,61.0,94.0,5.5,0.0,0.0,105.0,80.0,88.0
2026-10-08T04:57:50,nhl,nhl_20261008_utah_mammoth_boston_bruins,20261008NHL00098,DK,draftkings,change,6,2026-10-07T23:20:00,Oct 7,11:20 PM ET,5h ago,away,Utah Mammoth,-1.5,39.0,6.0,5.5,100.0,100.0,-125.0,19.0,11.0
2026-10-08T04:57:50,nhl,nhl_20261008_utah_mammoth_boston_bruins,20261008NHL00098,DK,draftkings,change,6,2026-10-07T23:20:00,Oct 7,11:20 PM ET,5h ago,home,Boston Bruins,1.5,61.0,94.0,5.5,0.0,0.0,105.0,81.0,89.0
2026-10-08T04:57:50,nhl,nhl_20261008_utah_mammoth_boston_bruins,20261008NHL00098,DK,draftkings,change,7,2026-10-07T23:10:00,Oct 7,11:10 PM ET,5h ago,away,Utah Mammoth,-1.5,39.0,6.0,5.5,100.0,100.0,-125.0,19.0,12.0
2026-10-08T04:57:50,nhl,nhl_20261008_utah_mammoth_boston_bruins,20261008NHL00098,DK,draftkings,change,7,2026-10-07T23:10:00,Oct 7,11:10 PM ET,5h ago,home,Boston Bruins,1.5,61.0,94.0,5.5,0.0,0.0,105.0,81.0,88.0
2026-10-08T04:57:50,nhl,nhl_20261008_utah_mammoth_boston_bruins,20261008NHL00098,DK,draftkings,change,8,2026-10-07T22:40:00,Oct 7,10:40 PM ET,6h ago,away,Utah Mammoth,-1.5,39.0,6.0,5.5,100.0,100.0,-125.0,19.0,10.0
2026-10-08T04:57:50,nhl,nhl_20261008_utah_mammoth_boston_bruins,20261008NHL00098,DK,draftkings,change,8,2026-10-07T22:40:00,Oct 7,10:40 PM ET,6h ago,home,Boston Bruins,1.5,61.0,94.0,5.5,0.0,0.0,105.0,81.0,90.0
2026-10-08T04:57:50,nhl,nhl_20261008_utah_mammoth_boston_bruins,20261008NHL00098,DK,draftkings,change,9,2026-10-07T22:30:00,Oct 7,10:30 PM ET,6h ago,away,Utah Mammoth,-1.5,39.0,6.0,5.5,100.0,100.0,-125.0,20.0,11.0
2026-10-08T04:57:50,nhl,nhl_20261008_utah_mammoth_boston_bruins,20261008NHL00098,DK,draftkings,change,9,2026-10-07T22:30:00,Oct 7,10:30 PM ET,6h ago,home,Boston Bruins,1.5,61.0,94.0,5.5,0.0,0.0,105.0,80.0,89.0
2026-10-08T04:57:50,nhl,nhl_20261008_utah_mammoth_boston_bruins,20261008NHL00098,DK,draftkings,change,10,2026-10-07T22:25:00,Oct 7,10:25 PM ET,6h ago,away,Utah Mammoth,-1.5,39.0,6.0,5.5,100.0,100.0,-125.0,20.0,9.0
2026-10-08T04:57:50,nhl,nhl_20261008_utah_mammoth_boston_bruins,20261008NHL00098,DK,draftkings,change,10,2026-10-07T22:25:00,Oct 7,10:25 PM ET,6h ago,home,Boston Bruins,1.5,61.0,94.0,5.5,0.0,0.0,105.0,80.0,91.0
2026-10-08T04:57:50,nhl,nhl_20261008_utah_mammoth_boston_bruins,20261008NHL00098,DK,draftkings,change,11,2026-10-07T22:20:00,Oct 7,10:20 PM ET,6h ago,away,Utah Mammoth,-1.5,39.0,6.0,5.5,100.0,100.0,-125.0,20.0,10.0
2026-10-08T04:57:50,nhl,nhl_20261008_utah_mammoth_boston_bruins,20261008NHL00098,DK,draftkings,change,11,2026-10-07T22:20:00,Oct 7,10:20 PM ET,6h ago,home,Boston Bruins,1.5,61.0,94.0,5.5,0.0,0.0,105.0,80.0,90.0
2026-10-08T04:57:50,nhl,nhl_20261008_utah_mammoth_boston_bruins,20261008NHL00098,DK,draftkings,change,12,2026-10-07T22:10:00,Oct 7,10:10 PM ET,6h ago,away,Utah Mammoth,-1.5,39.0,6.0,5.5,100.0,100.0,-125.0,30.0,10.0
2026-10-08T04:57:50,nhl,nhl_20261008_utah_mammoth_boston_bruins,20261008NHL00098,DK,draftkings,change,12,2026-10-07T22:10:00,Oct 7,10:10 PM ET,6h ago,home,Boston Bruins,1.5,61.0,94.0,5.5,0.0,0.0,105.0,70.0,90.0
2026-10-08T04:57:50,nhl,nhl_20261008_utah_mammoth_boston_bruins,20261008NHL00098,DK,draftkings,change,13,2026-10-07T22:00:00,Oct 7,10:00 PM ET,6h ago,away,Utah Mammoth,-1.5,39.0,6.0,5.5,100.0,100.0,-125.0,30.0,8.0
2026-10-08T04:57:50,nhl,nhl_20261008_utah_mammoth_boston_bruins,20261008NHL00098,DK,draftkings,change,13,2026-10-07T22:00:00,Oct 7,10:00 PM ET,6h ago,home,Boston Bruins,1.5,61.0,94.0,5.5,0.0,0.0,105.0,70.0,92.0
2026-10-08T04:57:50,nhl,nhl_20261008_utah_mammoth_boston_bruins,20261008NHL00098,DK,draftkings,change,14,2026-10-07T21:20:00,Oct 7,9:20 PM ET,7h ago,away,Utah Mammoth,-1.5,39.0,6.0,5.5,100.0,100.0,-125.0,30.0,9.0
2026-10-08T04:57:50,nhl,nhl_20261008_utah_mammoth_boston_bruins,20261008NHL00098,DK,draftkings,change,14,2026-10-07T21:20:00,Oct 7,9:20 PM ET,7h ago,home,Boston Bruins,1.5,61.0,94.0,5.5,0.0,0.0,105.0,70.0,91.0
2026-10-08T04:57:50,nhl,nhl_20261008_utah_mammoth_boston_bruins,20261008NHL00098,DK,draftkings,change,15,2026-10-07T20:20:00,Oct 7,8:20 PM ET,8h ago,away,Utah Mammoth,-1.5,0.0,0.0,5.5,100.0,100.0,-118.0,38.0,9.0
2026-10-08T04:57:50,nhl,nhl_20261008_utah_mammoth_boston_bruins,20261008NHL00098,DK,draftkings,change,15,2026-10-07T20:20:00,Oct 7,8:20 PM ET,8h ago,home,Boston Bruins,1.5,100.0,100.0,5.5,0.0,0.0,-102.0,62.0,91.0
2026-10-08T04:57:50,nhl,nhl_20261008_utah_mammoth_boston_bruins,20261008NHL00098,DK,draftkings,change,16,2026-10-07T20:10:00,Oct 7,8:10 PM ET,8h ago,away,Utah Mammoth,-1.5,0.0,0.0,5.5,100.0,100.0,-118.0,39.0,9.0
2026-10-08T04:57:50,nhl,nhl_20261008_utah_mammoth_boston_bruins,20261008NHL00098,DK,draftkings,change,16,2026-10-07T20:10:00,Oct 7,8:10 PM ET,8h ago,home,Boston Bruins,1.5,100.0,100.0,5.5,0.0,0.0,-102.0,61.0,91.0
2026-10-08T04:57:50,nhl,nhl_20261008_utah_mammoth_boston_bruins,20261008NHL00098,DK,draftkings,change,17,2026-10-07T19:40:00,Oct 7,7:40 PM ET,9h ago,away,Utah Mammoth,-1.5,0.0,0.0,5.5,100.0,100.0,-118.0,39.0,10.0
2026-10-08T04:57:50,nhl,nhl_20261008_utah_mammoth_boston_bruins,20261008NHL00098,DK,draftkings,change,17,2026-10-07T19:40:00,Oct 7,7:40 PM ET,9h ago,home,Boston Bruins,1.5,100.0,100.0,5.5,0.0,0.0,-102.0,61.0,90.0
2026-10-08T04:57:50,nhl,nhl_20261008_utah_mammoth_boston_bruins,20261008NHL00098,DK,draftkings,change,18,2026-10-07T19:30:00,Oct 7,7:30 PM ET,9h ago,away,Utah Mammoth,-1.5,0.0,0.0,5.5,100.0,100.0,-118.0,40.0,10.0
2026-10-08T04:57:50,nhl,nhl_20261008_utah_mammoth_boston_bruins,20261008NHL00098,DK,draftkings,change,18,2026-10-07T19:30:00,Oct 7,7:30 PM ET,9h ago,home,Boston Bruins,1.5,100.0,100.0,5.5,0.0,0.0,-102.0,60.0,90.0
2026-10-08T04:57:50,nhl,nhl_20261008_utah_mammoth_boston_bruins,20261008NHL00098,DK,draftkings,change,19,2026-10-07T19:20:00,Oct 7,7:20 PM ET,9h ago,away,Utah Mammoth,-1.5,0.0,0.0,5.5,100.0,100.0,-118.0,40.0,11.0
2026-10-08T04:57:50,nhl,nhl_20261008_utah_mammoth_boston_bruins,20261008NHL00098,DK,draftkings,change,19,2026-10-07T19:20:00,Oct 7,7:20 PM ET,9h ago,home,Boston Bruins,1.5,100.0,100.0,5.5,0.0,0.0,-102.0,60.0,89.0
2026-10-08T04:57:50,nhl,nhl_20261008_utah_mammoth_boston_bruins,20261008NHL00098,DK,draftkings,change,20,2026-10-07T19:10:00,Oct 7,7:10 PM ET,9h ago,away,Utah Mammoth,-1.5,0.0,0.0,5.5,100.0,100.0,-118.0,56.0,11.0
2026-10-08T04:57:50,nhl,nhl_20261008_utah_mammoth_boston_bruins,20261008NHL00098,DK,draftkings,change,20,2026-10-07T19:10:00,Oct 7,7:10 PM ET,9h ago,home,Boston Bruins,1.5,100.0,100.0,5.5,0.0,0.0,-102.0,44.0,89.0
2026-10-08T04:57:50,nhl,nhl_20261008_utah_mammoth_boston_bruins,20261008NHL00098,DK,draftkings,change,21,2026-10-07T18:50:00,Oct 7,6:50 PM ET,10h ago,away,Utah Mammoth,-1.5,0.0,0.0,5.5,100.0,100.0,-118.0,57.0,13.0
2026-10-08T04:57:50,nhl,nhl_20261008_utah_mammoth_boston_bruins,20261008NHL00098,DK,draftkings,change,21,2026-10-07T18:50:00,Oct 7,6:50 PM ET,10h ago,home,Boston Bruins,1.5,100.0,100.0,5.5,0.0,0.0,-102.0,43.0,87.0
2026-10-08T04:57:50,nhl,nhl_20261008_utah_mammoth_boston_bruins,20261008NHL00098,DK,draftkings,change,22,2026-10-07T18:30:00,Oct 7,6:30 PM ET,10h ago,away,Utah Mammoth,-1.5,0.0,0.0,5.5,100.0,100.0,-118.0,58.0,13.0
2026-10-08T04:57:50,nhl,nhl_20261008_utah_mammoth_boston_bruins,20261008NHL00098,DK,draftkings,change,22,2026-10-07T18:30:00,Oct 7,6:30 PM ET,10h ago,home,Boston Bruins,1.5,100.0,100.0,5.5,0.0,0.0,-102.0,42.0,87.0
2026-10-08T04:57:50,nhl,nhl_20261008_utah_mammoth_boston_bruins,20261008NHL00098,DK,draftkings,change,23,2026-10-07T18:20:00,Oct 7,6:20 PM ET,10h ago,away,Utah Mammoth,-1.5,0.0,0.0,5.5,100.0,100.0,-118.0,58.0,14.0
2026-10-08T04:57:50,nhl,nhl_20261008_utah_mammoth_boston_bruins,20261008NHL00098,DK,draftkings,change,23,2026-10-07T18:20:00,Oct 7,6:20 PM ET,10h ago,home,Boston Bruins,1.5,100.0,100.0,5.5,0.0,0.0,-102.0,42.0,86.0
2026-10-08T04:57:50,nhl,nhl_20261008_utah_mammoth_boston_bruins,20261008NHL00098,DK,draftkings,change,24,2026-10-07T18:15:00,Oct 7,6:15 PM ET,10h ago,away,Utah Mammoth,-1.5,0.0,0.0,5.5,100.0,100.0,-118.0,60.0,11.0
2026-10-08T04:57:50,nhl,nhl_20261008_utah_mammoth_boston_bruins,20261008NHL00098,DK,draftkings,change,24,2026-10-07T18:15:00,Oct 7,6:15 PM ET,10h ago,home,Boston Bruins,1.5,100.0,100.0,5.5,0.0,0.0,-102.0,40.0,89.0
2026-10-08T04:57:50,nhl,nhl_20261008_utah_mammoth_boston_bruins,20261008NHL00098,DK,draftkings,change,25,2026-10-07T17:50:00,Oct 7,5:50 PM ET,11h ago,away,Utah Mammoth,-1.5,0.0,0.0,5.5,100.0,100.0,-118.0,60.0,12.0
2026-10-08T04:57:50,nhl,nhl_20261008_utah_mammoth_boston_bruins,20261008NHL00098,DK,draftkings,change,25,2026-10-07T17:50:00,Oct 7,5:50 PM ET,11h ago,home,Boston Bruins,1.5,100.0,100.0,5.5,0.0,0.0,-102.0,40.0,88.0
2026-10-08T04:57:50,nhl,nhl_20261008_utah_mammoth_boston_bruins,20261008NHL00098,DK,draftkings,change,26,2026-10-07T17:30:00,Oct 7,5:30 PM ET,11h ago,away,Utah Mammoth,-1.5,0.0,0.0,5.5,100.0,100.0,-118.0,61.0,13.0
2026-10-08T04:57:50,nhl,nhl_20261008_utah_mammoth_boston_bruins,20261008NHL00098,DK,draftkings,change,26,2026-10-07T17:30:00,Oct 7,5:30 PM ET,11h ago,home,Boston Bruins,1.5,100.0,100.0,5.5,0.0,0.0,-102.0,39.0,88.0
2026-10-08T04:57:50,nhl,nhl_20261008_utah_mammoth_boston_bruins,20261008NHL00098,DK,draftkings,change,27,2026-10-07T17:05:00,Oct 7,5:05 PM ET,11h ago,away,Utah Mammoth,-1.5,0.0,0.0,5.5,100.0,100.0,-118.0,62.0,13.0
2026-10-08T04:57:50,nhl,nhl_20261008_utah_mammoth_boston_bruins,20261008NHL00098,DK,draftkings,change,27,2026-10-07T17:05:00,Oct 7,5:05 PM ET,11h ago,home,Boston Bruins,1.5,100.0,100.0,5.5,0.0,0.0,-102.0,38.0,87.0
2026-10-08T04:57:51,nhl,nhl_20261008_utah_mammoth_boston_bruins,20261008NHL00098,CIRCA,circa,open,1,2026-10-07T20:45:00,Oct 7,8:45 PM ET,8h ago,away,Utah Mammoth,-1.5,50.0,50.0,6.0,50.0,50.0,-120.0,50.0,50.0
2026-10-08T04:57:51,nhl,nhl_20261008_utah_mammoth_boston_bruins,20261008NHL00098,CIRCA,circa,open,1,2026-10-07T20:45:00,Oct 7,8:45 PM ET,8h ago,home,Boston Bruins,1.5,50.0,50.0,6.0,50.0,50.0,108.0,50.0,50.0
2026-10-08T04:57:51,nhl,nhl_20261008_utah_mammoth_boston_bruins,20261008NHL00098,CIRCA,circa,change,2,2026-10-08T02:40:00,Oct 8,2:40 AM ET,2h ago,away,Utah Mammoth,-1.5,100.0,100.0,6.0,50.0,50.0,-120.0,13.0,33.0
2026-10-08T04:57:51,nhl,nhl_20261008_utah_mammoth_boston_bruins,20261008NHL00098,CIRCA,circa,change,2,2026-10-08T02:40:00,Oct 8,2:40 AM ET,2h ago,home,Boston Bruins,1.5,0.0,0.0,6.0,50.0,50.0,108.0,87.0,67.0
2026-10-08T04:57:51,nhl,nhl_20261008_utah_mammoth_boston_bruins,20261008NHL00098,CIRCA,circa,change,3,2026-10-08T02:20:00,Oct 8,2:20 AM ET,2h ago,away,Utah Mammoth,-1.5,100.0,100.0,6.0,50.0,50.0,-120.0,15.0,50.0
2026-10-08T04:57:51,nhl,nhl_20261008_utah_mammoth_boston_bruins,20261008NHL00098,CIRCA,circa,change,3,2026-10-08T02:20:00,Oct 8,2:20 AM ET,2h ago,home,Boston Bruins,1.5,0.0,0.0,6.0,50.0,50.0,108.0,85.0,50.0
2026-10-08T04:57:51,nhl,nhl_20261008_utah_mammoth_boston_bruins,20261008NHL00098,CIRCA,circa,change,4,2026-10-08T01:00:00,Oct 8,1:00 AM ET,3h ago,away,Utah Mammoth,-1.5,50.0,50.0,6.0,50.0,50.0,-120.0,15.0,50.0
2026-10-08T04:57:51,nhl,nhl_20261008_utah_mammoth_boston_bruins,20261008NHL00098,CIRCA,circa,change,4,2026-10-08T01:00:00,Oct 8,1:00 AM ET,3h ago,home,Boston Bruins,1.5,50.0,50.0,6.0,50.0,50.0,108.0,85.0,50.0
2026-10-08T04:57:51,nhl,nhl_20261008_utah_mammoth_boston_bruins,20261008NHL00098,CIRCA,circa,change,5,2026-10-07T22:30:00,Oct 7,10:30 PM ET,6h ago,away,Utah Mammoth,-1.5,50.0,50.0,6.0,50.0,50.0,-120.0,0.0,0.0
2026-10-08T04:57:51,nhl,nhl_20261008_utah_mammoth_boston_bruins,20261008NHL00098,CIRCA,circa,change,5,2026-10-07T22:30:00,Oct 7,10:30 PM ET,6h ago,home,Boston Bruins,1.5,50.0,50.0,6.0,50.0,50.0,108.0,100.0,100.0
2026-10-08T04:57:51,nhl,nhl_20261008_utah_mammoth_boston_bruins,20261008NHL00098,CIRCA,circa,change,6,2026-10-07T20:45:00,Oct 7,8:45 PM ET,8h ago,away,Utah Mammoth,-1.5,50.0,50.0,6.0,50.0,50.0,-120.0,50.0,50.0
2026-10-08T04:57:51,nhl,nhl_20261008_utah_mammoth_boston_bruins,20261008NHL00098,CIRCA,circa,change,6,2026-10-07T20:45:00,Oct 7,8:45 PM ET,8h ago,home,Boston Bruins,1.5,50.0,50.0,6.0,50.0,50.0,108.0,50.0,50.0
2026-10-08T04:57:52,nhl,nhl_20261008_dallas_stars_buffalo_sabres,20261008NHL00099,DK,draftkings,open,1,2026-10-07T13:50:00,Oct 7,1:50 PM ET,15h ago,away,Dallas Stars,,0.0,0.0,5.5,100.0,100.0,-105.0,100.0,71.0
2026-10-08T04:57:52,nhl,nhl_20261008_dallas_stars_buffalo_sabres,20261008NHL00099,DK,draftkings,open,1,2026-10-07T13:50:00,Oct 7,1:50 PM ET,15h ago,home,Buffalo Sabres,,0.0,0.0,5.5,0.0,0.0,-115.0,0.0,29.0
2026-10-08T04:57:52,nhl,nhl_20261008_dallas_stars_buffalo_sabres,20261008NHL00099,DK,draftkings,first_full,2,2026-10-07T17:15:00,Oct 7,5:15 PM ET,11h ago,away,Dallas Stars,1.5,100.0,100.0,6.5,100.0,100.0,-112.0,98.0,58.0
2026-10-08T04:57:52,nhl,nhl_20261008_dallas_stars_buffalo_sabres,20261008NHL00099,DK,draftkings,first_full,2,2026-10-07T17:15:00,Oct 7,5:15 PM ET,11h ago,home,Buffalo Sabres,-1.5,0.0,0.0,6.5,0.0,0.0,-108.0,2.0,42.0
2026-10-08T04:57:52,nhl,nhl_20261008_dallas_stars_buffalo_sabres,20261008NHL00099,DK,draftkings,change,3,2026-10-08T03:00:00,Oct 8,3:00 AM ET,1h ago,away,Dallas Stars,-1.5,81.0,50.0,6.5,100.0,100.0,-115.0,89.0,46.0
2026-10-08T04:57:52,nhl,nhl_20261008_dallas_stars_buffalo_sabres,20261008NHL00099,DK,draftkings,change,3,2026-10-08T03:00:00,Oct 8,3:00 AM ET,1h ago,home,Buffalo Sabres,1.5,19.0,50.0,6.5,0.0,0.0,-105.0,11.0,54.0
2026-10-08T04:57:52,nhl,nhl_20261008_dallas_stars_buffalo_sabres,20261008NHL00099,DK,draftkings,change,4,2026-10-08T02:10:00,Oct 8,2:10 AM ET,2h ago,away,Dallas Stars,-1.5,81.0,50.0,6.5,100.0,100.0,-115.0,94.0,48.0
2026-10-08T04:57:52,nhl,nhl_20261008_dallas_stars_buffalo_sabres,20261008NHL00099,DK,draftkings,change,4,2026-10-08T02:10:00,Oct 8,2:10 AM ET,2h ago,home,Buffalo Sabres,1.5,19.0,50.0,6.5,0.0,0.0,-105.0,6.0,52.0
2026-10-08T04:57:52,nhl,nhl_20261008_dallas_stars_buffalo_sabres,20261008NHL00099,DK,draftkings,change,5,2026-10-08T01:10:00,Oct 8,1:10 AM ET,3h ago,away,Dallas Stars,-1.5,82.0,57.0,6.5,100.0,100.0,-115.0,94.0,48.0
2026-10-08T04:57:52,nhl,nhl_20261008_dallas_stars_buffalo_sabres,20261008NHL00099,DK,draftkings,change,5,2026-10-08T01:10:00,Oct 8,1:10 AM ET,3h ago,home,Buffalo Sabres,1.5,18.0,43.0,6.5,0.0,0.0,-105.0,6.0,52.0
2026-10-08T04:57:52,nhl,nhl_20261008_dallas_stars_buffalo_sabres,20261008NHL00099,DK,draftkings,change,6,2026-10-08T01:00:00,Oct 8,1:00 AM ET,3h ago,away,Dallas Stars,-1.5,82.0,57.0,6.5,100.0,100.0,-115.0,94.0,46.0
2026-10-08T04:57:52,nhl,nhl_20261008_dallas_stars_buffalo_sabres,20261008NHL00099,DK,draftkings,change,6,2026-10-08T01:00:00,Oct 8,1:00 AM ET,3h ago,home,Buffalo Sabres,1.5,18.0,43.0,6.5,0.0,0.0,-105.0,6.0,54.0
2026-10-08T04:57:52,nhl,nhl_20261008_dallas_stars_buffalo_sabres,20261008NHL00099,DK,draftkings,change,7,2026-10-07T22:35:00,Oct 7,10:35 PM ET,6h ago,away,Dallas Stars,-1.5,87.0,67.0,6.5,100.0,100.0,-115.0,95.0,48.0
2026-10-08T04:57:52,nhl,nhl_20261008_dallas_stars_buffalo_sabres,20261008NHL00099,DK,draftkings,change,7,2026-10-07T22:35:00,Oct 7,10:35 PM ET,6h ago,home,Buffalo Sabres,1.5,13.0,33.0,6.5,0.0,0.0,-105.0,5.0,52.0
2026-10-08T04:57:52,nhl,nhl_20261008_dallas_stars_buffalo_sabres,20261008NHL00099,DK,draftkings,change,8,2026-10-07T22:25:00,Oct 7,10:25 PM ET,6h ago,away,Dallas Stars,-1.5,89.0,80.0,6.5,100.0,100.0,-115.0,95.0,48.0
2026-10-08T04:57:52,nhl,nhl_20261008_dallas_stars_buffalo_sabres,20261008NHL00099,DK,draftkings,change,8,2026-10-07T22:25:00,Oct 7,10:25 PM ET,6h ago,home,Buffalo Sabres,1.5,11.0,20.0,6.5,0.0,0.0,-105.0,5.0,52.0
2026-10-08T04:57:52,nhl,nhl_20261008_dallas_stars_buffalo_sabres,20261008NHL00099,DK,draftkings,change,9,2026-10-07T20:00:00,Oct 7,8:00 PM ET,8h ago,away,Dallas Stars,1.5,89.0,80.0,6.5,100.0,100.0,-115.0,97.0,50.0
2026-10-08T04:57:52,nhl,nhl_20261008_dallas_stars_buffalo_sabres,20261008NHL00099,DK,draftkings,change,9,2026-10-07T20:00:00,Oct 7,8:00 PM ET,8h ago,home,Buffalo Sabres,-1.5,11.0,20.0,6.5,0.0,0.0,-105.0,3.0,50.0
2026-10-08T04:57:52,nhl,nhl_20261008_dallas_stars_buffalo_sabres,20261008NHL00099,DK,draftkings,change,10,2026-10-07T19:35:00,Oct 7,7:35 PM ET,9h ago,away,Dallas Stars,1.5,89.0,80.0,6.5,100.0,100.0,-115.0,97.0,53.0
2026-10-08T04:57:52,nhl,nhl_20261008_dallas_stars_buffalo_sabres,20261008NHL00099,DK,draftkings,change,10,2026-10-07T19:35:00,Oct 7,7:35 PM ET,9h ago,home,Buffalo Sabres,-1.5,11.0,20.0,6.5,0.0,0.0,-105.0,3.0,47.0
2026-10-08T04:57:52,nhl,nhl_20261008_dallas_stars_buffalo_sabres,20261008NHL00099,DK,draftkings,change,11,2026-10-07T19:00:00,Oct 7,7:00 PM ET,9h ago,away,Dallas Stars,1.5,88.0,75.0,6.5,100.0,100.0,-115.0,97.0,53.0
2026-10-08T04:57:52,nhl,nhl_20261008_dallas_stars_buffalo_sabres,20261008NHL00099,DK,draftkings,change,11,2026-10-07T19:00:00,Oct 7,7:00 PM ET,9h ago,home,Buffalo Sabres,-1.5,12.0,25.0,6.5,0.0,0.0,-105.0,3.0,47.0
2026-10-08T04:57:52,nhl,nhl_20261008_dallas_stars_buffalo_sabres,20261008NHL00099,DK,draftkings,change,12,2026-10-07T18:50:00,Oct 7,6:50 PM ET,10h ago,away,Dallas Stars,1.5,88.0,75.0,6.5,100.0,100.0,-112.0,98.0,56.0
2026-10-08T04:57:52,nhl,nhl_20261008_dallas_stars_buffalo_sabres,20261008NHL00099,DK,draftkings,change,12,2026-10-07T18:50:00,Oct 7,6:50 PM ET,10h ago,home,Buffalo Sabres,-1.5,12.0,25.0,6.5,0.0,0.0,-108.0,2.0,44.0
2026-10-08T04:57:52,nhl,nhl_20261008_dallas_stars_buffalo_sabres,20261008NHL00099,DK,draftkings,change,13,2026-10-07T18:30:00,Oct 7,6:30 PM ET,10h ago,away,Dallas Stars,1.5,61.0,67.0,6.5,100.0,100.0,-112.0,98.0,53.0
2026-10-08T04:57:52,nhl,nhl_20261008_dallas_stars_buffalo_sabres,20261008NHL00099,DK,draftkings,change,13,2026-10-07T18:30:00,Oct 7,6:30 PM ET,10h ago,home,Buffalo Sabres,-1.5,39.0,33.0,6.5,0.0,0.0,-108.0,2.0,47.0
2026-10-08T04:57:52,nhl,nhl_20261008_dallas_stars_buffalo_sabres,20261008NHL00099,DK,draftkings,change,14,2026-10-07T18:20:00,Oct 7,6:20 PM ET,10h ago,away,Dallas Stars,1.5,61.0,67.0,6.5,100.0,100.0,-112.0,98.0,57.0
2026-10-08T04:57:52,nhl,nhl_20261008_dallas_stars_buffalo_sabres,20261008NHL00099,DK,draftkings,change,14,2026-10-07T18:20:00,Oct 7,6:20 PM ET,10h ago,home,Buffalo Sabres,-1.5,39.0,33.0,6.5,0.0,0.0,-108.0,2.0,43.0
2026-10-08T04:57:52,nhl,nhl_20261008_dallas_stars_buffalo_sabres,20261008NHL00099,DK,draftkings,change,15,2026-10-07T18:15:00,Oct 7,6:15 PM ET,10h ago,away,Dallas Stars,1.5,100.0,100.0,6.5,100.0,100.0,-112.0,98.0,57.0
2026-10-08T04:57:52,nhl,nhl_20261008_dallas_stars_buffalo_sabres,20261008NHL00099,DK,draftkings,change,15,2026-10-07T18:15:00,Oct 7,6:15 PM ET,10h ago,home,Buffalo Sabres,-1.5,0.0,0.0,6.5,0.0,0.0,-108.0,2.0,43.0
2026-10-08T04:57:52,nhl,nhl_20261008_dallas_stars_buffalo_sabres,20261008NHL00099,DK,draftkings,change,16,2026-10-07T17:40:00,Oct 7,5:40 PM ET,11h ago,away,Dallas Stars,1.5,100.0,100.0,6.5,100.0,100.0,-112.0,98.0,62.0
2026-10-08T04:57:52,nhl,nhl_20261008_dallas_stars_buffalo_sabres,20261008NHL00099,DK,draftkings,change,16,2026-10-07T17:40:00,Oct 7,5:40 PM ET,11h ago,home,Buffalo Sabres,-1.5,0.0,0.0,6.5,0.0,0.0,-108.0,2.0,38.0
2026-10-08T04:57:52,nhl,nhl_20261008_dallas_stars_buffalo_sabres,20261008NHL00099,DK,draftkings,change,17,2026-10-07T17:15:00,Oct 7,5:15 PM ET,11h ago,away,Dallas Stars,1.5,100.0,100.0,6.5,100.0,100.0,-112.0,98.0,58.0
2026-10-08T04:57:52,nhl,nhl_20261008_dallas_stars_buffalo_sabres,20261008NHL00099,DK,draftkings,change,17,2026-10-07T17:15:00,Oct 7,5:15 PM ET,11h ago,home,Buffalo Sabres,-1.5,0.0,0.0,6.5,0.0,0.0,-108.0,2.0,42.0
2026-10-08T04:57:52,nhl,nhl_20261008_dallas_stars_buffalo_sabres,20261008NHL00099,DK,draftkings,change,18,2026-10-07T17:05:00,Oct 7,5:05 PM ET,11h ago,away,Dallas Stars,,0.0,0.0,6.5,100.0,100.0,-112.0,98.0,58.0
2026-10-08T04:57:52,nhl,nhl_20261008_dallas_stars_buffalo_sabres,20261008NHL00099,DK,draftkings,change,18,2026-10-07T17:05:00,Oct 7,5:05 PM ET,11h ago,home,Buffalo Sabres,,0.0,0.0,6.5,0.0,0.0,-108.0,2.0,42.0
2026-10-08T04:57:52,nhl,nhl_20261008_dallas_stars_buffalo_sabres,20261008NHL00099,DK,draftkings,change,19,2026-10-07T16:00:00,Oct 7,4:00 PM ET,12h ago,away,Dallas Stars,,0.0,0.0,5.5,100.0,100.0,-105.0,98.0,64.0
2026-10-08T04:57:52,nhl,nhl_20261008_dallas_stars_buffalo_sabres,20261008NHL00099,DK,draftkings,change,19,2026-10-07T16:00:00,Oct 7,4:00 PM ET,12h ago,home,Buffalo Sabres,,0.0,0.0,5.5,0.0,0.0,-115.0,2.0,36.0
2026-10-08T04:57:52,nhl,nhl_20261008_dallas_stars_buffalo_sabres,20261008NHL00099,DK,draftkings,change,20,2026-10-07T15:45:00,Oct 7,3:45 PM ET,13h ago,away,Dallas Stars,,0.0,0.0,5.5,100.0,100.0,-105.0,100.0,78.0
2026-10-08T04:57:52,nhl,nhl_20261008_dallas_stars_buffalo_sabres,20261008NHL00099,DK,draftkings,change,20,2026-10-07T15:45:00,Oct 7,3:45 PM ET,13h ago,home,Buffalo Sabres,,0.0,0.0,5.5,0.0,0.0,-115.0,0.0,22.0
2026-10-08T04:57:52,nhl,nhl_20261008_dallas_stars_buffalo_sabres,20261008NHL00099,DK,draftkings,change,21,2026-10-07T15:25:00,Oct 7,3:25 PM ET,13h ago,away,Dallas Stars,,0.0,0.0,5.5,100.0,100.0,-105.0,100.0,75.0
2026-10-08T04:57:52,nhl,nhl_20261008_dallas_stars_buffalo_sabres,20261008NHL00099,DK,draftkings,change,21,2026-10-07T15:25:00,Oct 7,3:25 PM ET,13h ago,home,Buffalo Sabres,,0.0,0.0,5.5,0.0,0.0,-115.0,0.0,25.0
2026-10-08T04:57:52,nhl,nhl_20261008_dallas_stars_buffalo_sabres,20261008NHL00099,DK,draftkings,change,22,2026-10-07T13:50:00,Oct 7,1:50 PM ET,15h ago,away,Dallas Stars,,0.0,0.0,5.5,100.0,100.0,-105.0,100.0,71.0
2026-10-08T04:57:52,nhl,nhl_20261008_dallas_stars_buffalo_sabres,20261008NHL00099,DK,draftkings,change,22,2026-10-07T13:50:00,Oct 7,1:50 PM ET,15h ago,home,Buffalo Sabres,,0.0,0.0,5.5,0.0,0.0,-115.0,0.0,29.0
2026-10-08T04:57:54,nhl,nhl_20261008_dallas_stars_buffalo_sabres,20261008NHL00099,CIRCA,circa,open,1,2026-10-07T20:45:00,Oct 7,8:45 PM ET,8h ago,away,Dallas Stars,-1.5,50.0,50.0,6.0,50.0,50.0,-113.0,50.0,50.0
2026-10-08T04:57:54,nhl,nhl_20261008_dallas_stars_buffalo_sabres,20261008NHL00099,CIRCA,circa,open,1,2026-10-07T20:45:00,Oct 7,8:45 PM ET,8h ago,home,Buffalo Sabres,1.5,50.0,50.0,6.0,50.0,50.0,101.0,50.0,50.0
2026-10-08T04:57:54,nhl,nhl_20261008_dallas_stars_buffalo_sabres,20261008NHL00099,CIRCA,circa,change,2,2026-10-08T02:15:00,Oct 8,2:15 AM ET,2h ago,away,Dallas Stars,-1.5,100.0,100.0,6.0,50.0,50.0,-113.0,16.0,50.0
2026-10-08T04:57:54,nhl,nhl_20261008_dallas_stars_buffalo_sabres,20261008NHL00099,CIRCA,circa,change,2,2026-10-08T02:15:00,Oct 8,2:15 AM ET,2h ago,home,Buffalo Sabres,1.5,0.0,0.0,6.0,50.0,50.0,101.0,84.0,50.0
2026-10-08T04:57:54,nhl,nhl_20261008_dallas_stars_buffalo_sabres,20261008NHL00099,CIRCA,circa,change,3,2026-10-08T02:10:00,Oct 8,2:10 AM ET,2h ago,away,Dallas Stars,-1.5,50.0,50.0,6.0,50.0,50.0,-113.0,16.0,50.0
2026-10-08T04:57:54,nhl,nhl_20261008_dallas_stars_buffalo_sabres,20261008NHL00099,CIRCA,circa,change,3,2026-10-08T02:10:00,Oct 8,2:10 AM ET,2h ago,home,Buffalo Sabres,1.5,50.0,50.0,6.0,50.0,50.0,101.0,84.0,50.0
2026-10-08T04:57:54,nhl,nhl_20261008_dallas_stars_buffalo_sabres,20261008NHL00099,CIRCA,circa,change,4,2026-10-08T00:55:00,Oct 8,12:55 AM ET,4h ago,away,Dallas Stars,-1.5,50.0,50.0,6.0,50.0,50.0,-113.0,100.0,100.0
2026-10-08T04:57:54,nhl,nhl_20261008_dallas_stars_buffalo_sabres,20261008NHL00099,CIRCA,circa,change,4,2026-10-08T00:55:00,Oct 8,12:55 AM ET,4h ago,home,Buffalo Sabres,1.5,50.0,50.0,6.0,50.0,50.0,101.0,0.0,0.0
2026-10-08T04:57:54,nhl,nhl_20261008_dallas_stars_buffalo_sabres,20261008NHL00099,CIRCA,circa,change,5,2026-10-07T20:45:00,Oct 7,8:45 PM ET,8h ago,away,Dallas Stars,-1.5,50.0,50.0,6.0,50.0,50.0,-113.0,50.0,50.0
2026-10-08T04:57:54,nhl,nhl_20261008_dallas_stars_buffalo_sabres,20261008NHL00099,CIRCA,circa,change,5,2026-10-07T20:45:00,Oct 7,8:45 PM ET,8h ago,home,Buffalo Sabres,1.5,50.0,50.0,6.0,50.0,50.0,101.0,50.0,50.0
2026-10-08T04:57:55,nhl,nhl_20261008_nashville_predators_montreal_canadiens,20261008NHL00100,DK,draftkings,open,1,2026-10-07T13:50:00,Oct 7,1:50 PM ET,15h ago,away,Nashville Predators,,0.0,0.0,,0.0,0.0,154.0,0.0,0.0
2026-10-08T04:57:55,nhl,nhl_20261008_nashville_predators_montreal_canadiens,20261008NHL00100,DK,draftkings,open,1,2026-10-07T13:50:00,Oct 7,1:50 PM ET,15h ago,home,Montreal Canadiens,,0.0,0.0,,0.0,0.0,-185.0,100.0,100.0
2026-10-08T04:57:55,nhl,nhl_20261008_nashville_predators_montreal_canadiens,20261008NHL00100,DK,draftkings,change,2,2026-10-08T03:50:00,Oct 8,3:50 AM ET,1h ago,away,Nashville Predators,1.5,34.0,50.0,,0.0,0.0,154.0,78.0,10.0
2026-10-08T04:57:55,nhl,nhl_20261008_nashville_predators_montreal_canadiens,20261008NHL00100,DK,draftkings,change,2,2026-10-08T03:50:00,Oct 8,3:50 AM ET,1h ago,home,Montreal Canadiens,-1.5,66.0,50.0,,0.0,0.0,-185.0,22.0,90.0
2026-10-08T04:57:55,nhl,nhl_20261008_nashville_predators_montreal_canadiens,20261008NHL00100,DK,draftkings,change,3,2026-10-08T02:10:00,Oct 8,2:10 AM ET,2h ago,away,Nashville Predators,1.5,34.0,50.0,,0.0,0.0,154.0,81.0,11.0
2026-10-08T04:57:55,nhl,nhl_20261008_nashville_predators_montreal_canadiens,20261008NHL00100,DK,draftkings,change,3,2026-10-08T02:10:00,Oct 8,2:10 AM ET,2h ago,home,Montreal Canadiens,-1.5,66.0,50.0,,0.0,0.0,-185.0,19.0,89.0
2026-10-08T04:57:55,nhl,nhl_20261008_nashville_predators_montreal_canadiens,20261008NHL00100,DK,draftkings,change,4,2026-10-08T01:40:00,Oct 8,1:40 AM ET,3h ago,away,Nashville Predators,1.5,0.0,0.0,,0.0,0.0,154.0,81.0,11.0
2026-10-08T04:57:55,nhl,nhl_20261008_nashville_predators_montreal_canadiens,20261008NHL00100,DK,draftkings,change,4,2026-10-08T01:40:00,Oct 8,1:40 AM ET,3h ago,home,Montreal Canadiens,-1.5,100.0,100.0,,0.0,0.0,-185.0,19.0,89.0
2026-10-08T04:57:55,nhl,nhl_20261008_nashville_predators_montreal_canadiens,20261008NHL00100,DK,draftkings,change,5,2026-10-08T01:10:00,Oct 8,1:10 AM ET,3h ago,away,Nashville Predators,1.5,0.0,0.0,,0.0,0.0,154.0,82.0,11.0
2026-10-08T04:57:55,nhl,nhl_20261008_nashville_predators_montreal_canadiens,20261008NHL00100,DK,draftkings,change,5,2026-10-08T01:10:00,Oct 8,1:10 AM ET,3h ago,home,Montreal Canadiens,-1.5,100.0,100.0,,0.0,0.0,-185.0,18.0,89.0
2026-10-08T04:57:55,nhl,nhl_20261008_nashville_predators_montreal_canadiens,20261008NHL00100,DK,draftkings,change,6,2026-10-08T01:00:00,Oct 8,1:00 AM ET,3h ago,away,Nashville Predators,1.5,0.0,0.0,,0.0,0.0,154.0,82.0,12.0
2026-10-08T04:57:55,nhl,nhl_20261008_nashville_predators_montreal_canadiens,20261008NHL00100,DK,draftkings,change,6,2026-10-08T01:00:00,Oct 8,1:00 AM ET,3h ago,home,Montreal Canadiens,-1.5,100.0,100.0,,0.0,0.0,-185.0,18.0,88.0
2026-10-08T04:57:55,nhl,nhl_20261008_nashville_predators_montreal_canadiens,20261008NHL00100,DK,draftkings,change,7,2026-10-08T00:30:00,Oct 8,12:30 AM ET,4h ago,away,Nashville Predators,1.5,0.0,0.0,,0.0,0.0,154.0,84.0,13.0
2026-10-08T04:57:55,nhl,nhl_20261008_nashville_predators_montreal_canadiens,20261008NHL00100,DK,draftkings,change,7,2026-10-08T00:30:00,Oct 8,12:30 AM ET,4h ago,home,Montreal Canadiens,-1.5,100.0,100.0,,0.0,0.0,-185.0,16.0,87.0
2026-10-08T04:57:55,nhl,nhl_20261008_nashville_predators_montreal_canadiens,20261008NHL00100,DK,draftkings,change,8,2026-10-07T23:30:00,Oct 7,11:30 PM ET,5h ago,away,Nashville Predators,1.5,0.0,0.0,,0.0,0.0,154.0,87.0,14.0
2026-10-08T04:57:55,nhl,nhl_20261008_nashville_predators_montreal_canadiens,20261008NHL00100,DK,draftkings,change,8,2026-10-07T23:30:00,Oct 7,11:30 PM ET,5h ago,home,Montreal Canadiens,-1.5,100.0,100.0,,0.0,0.0,-185.0,13.0,86.0
2026-10-08T04:57:55,nhl,nhl_20261008_nashville_predators_montreal_canadiens,20261008NHL00100,DK,draftkings,change,9,2026-10-07T22:40:00,Oct 7,10:40 PM ET,6h ago,away,Nashville Predators,1.5,0.0,0.0,,0.0,0.0,154.0,90.0,15.0
2026-10-08T04:57:55,nhl,nhl_20261008_nashville_predators_montreal_canadiens,20261008NHL00100,DK,draftkings,change,9,2026-10-07T22:40:00,Oct 7,10:40 PM ET,6h ago,home,Montreal Canadiens,-1.5,100.0,100.0,,0.0,0.0,-185.0,10.0,85.0
2026-10-08T04:57:55,nhl,nhl_20261008_nashville_predators_montreal_canadiens,20261008NHL00100,DK,draftkings,change,10,2026-10-07T22:30:00,Oct 7,10:30 PM ET,6h ago,away,Nashville Predators,,0.0,0.0,,0.0,0.0,154.0,90.0,15.0
2026-10-08T04:57:55,nhl,nhl_20261008_nashville_predators_montreal_canadiens,20261008NHL00100,DK,draftkings,change,10,2026-10-07T22:30:00,Oct 7,10:30 PM ET,6h ago,home,Montreal Canadiens,,0.0,0.0,,0.0,0.0,-185.0,10.0,85.0
2026-10-08T04:57:55,nhl,nhl_20261008_nashville_predators_montreal_canadiens,20261008NHL00100,DK,draftkings,change,11,2026-10-07T22:25:00,Oct 7,10:25 PM ET,6h ago,away,Nashville Predators,,0.0,0.0,,0.0,0.0,154.0,90.0,17.0
2026-10-08T04:57:55,nhl,nhl_20261008_nashville_predators_montreal_canadiens,20261008NHL00100,DK,draftkings,change,11,2026-10-07T22:25:00,Oct 7,10:25 PM ET,6h ago,home,Montreal Canadiens,,0.0,0.0,,0.0,0.0,-185.0,10.0,83.0
2026-10-08T04:57:55,nhl,nhl_20261008_nashville_predators_montreal_canadiens,20261008NHL00100,DK,draftkings,change,12,2026-10-07T22:20:00,Oct 7,10:20 PM ET,6h ago,away,Nashville Predators,,0.0,0.0,,0.0,0.0,154.0,93.0,17.0
2026-10-08T04:57:55,nhl,nhl_20261008_nashville_predators_montreal_canadiens,20261008NHL00100,DK,draftkings,change,12,2026-10-07T22:20:00,Oct 7,10:20 PM ET,6h ago,home,Montreal Canadiens,,0.0,0.0,,0.0,0.0,-185.0,7.0,83.0
2026-10-08T04:57:55,nhl,nhl_20261008_nashville_predators_montreal_canadiens,20261008NHL00100,DK,draftkings,change,13,2026-10-07T22:00:00,Oct 7,10:00 PM ET,6h ago,away,Nashville Predators,,0.0,0.0,,0.0,0.0,154.0,8.0,14.0
2026-10-08T04:57:55,nhl,nhl_20261008_nashville_predators_montreal_canadiens,20261008NHL00100,DK,draftkings,change,13,2026-10-07T22:00:00,Oct 7,10:00 PM ET,6h ago,home,Montreal Canadiens,,0.0,0.0,,0.0,0.0,-185.0,92.0,86.0
2026-10-08T04:57:55,nhl,nhl_20261008_nashville_predators_montreal_canadiens,20261008NHL00100,DK,draftkings,change,14,2026-10-07T20:00:00,Oct 7,8:00 PM ET,8h ago,away,Nashville Predators,,0.0,0.0,,0.0,0.0,154.0,6.0,10.0
2026-10-08T04:57:55,nhl,nhl_20261008_nashville_predators_montreal_canadiens,20261008NHL00100,DK,draftkings,change,14,2026-10-07T20:00:00,Oct 7,8:00 PM ET,8h ago,home,Montreal Canadiens,,0.0,0.0,,0.0,0.0,-185.0,94.0,90.0
2026-10-08T04:57:55,nhl,nhl_20261008_nashville_predators_montreal_canadiens,20261008NHL00100,DK,draftkings,change,15,2026-10-07T18:20:00,Oct 7,6:20 PM ET,10h ago,away,Nashville Predators,,0.0,0.0,,0.0,0.0,154.0,2.0,6.0
2026-10-08T04:57:55,nhl,nhl_20261008_nashville_predators_montreal_canadiens,20261008NHL00100,DK,draftkings,change,15,2026-10-07T18:20:00,Oct 7,6:20 PM ET,10h ago,home,Montreal Canadiens,,0.0,0.0,,0.0,0.0,-185.0,98.0,94.0
2026-10-08T04:57:55,nhl,nhl_20261008_nashville_predators_montreal_canadiens,20261008NHL00100,DK,draftkings,change,16,2026-10-07T13:50:00,Oct 7,1:50 PM ET,15h ago,away,Nashville Predators,,0.0,0.0,,0.0,0.0,154.0,0.0,0.0
2026-10-08T04:57:55,nhl,nhl_20261008_nashville_predators_montreal_canadiens,20261008NHL00100,DK,draftkings,change,16,2026-10-07T13:50:00,Oct 7,1:50 PM ET,15h ago,home,Montreal Canadiens,,0.0,0.0,,0.0,0.0,-185.0,100.0,100.0
2026-10-08T04:57:56,nhl,nhl_20261008_nashville_predators_montreal_canadiens,20261008NHL00100,CIRCA,circa,open,1,2026-10-07T20:45:00,Oct 7,8:45 PM ET,8h ago,away,Nashville Predators,1.5,50.0,50.0,6.0,50.0,50.0,152.0,50.0,50.0
2026-10-08T04:57:56,nhl,nhl_20261008_nashville_predators_montreal_canadiens,20261008NHL00100,CIRCA,circa,open,1,2026-10-07T20:45:00,Oct 7,8:45 PM ET,8h ago,home,Montreal Canadiens,-1.5,50.0,50.0,6.0,50.0,50.0,-170.0,50.0,50.0
2026-10-08T04:57:56,nhl,nhl_20261008_nashville_predators_montreal_canadiens,20261008NHL00100,CIRCA,circa,change,2,2026-10-08T02:25:00,Oct 8,2:25 AM ET,2h ago,away,Nashville Predators,1.5,0.0,0.0,6.0,50.0,50.0,152.0,0.0,0.0
2026-10-08T04:57:56,nhl,nhl_20261008_nashville_predators_montreal_canadiens,20261008NHL00100,CIRCA,circa,change,2,2026-10-08T02:25:00,Oct 8,2:25 AM ET,2h ago,home,Montreal Canadiens,-1.5,100.0,100.0,6.0,50.0,50.0,-170.0,100.0,100.0
2026-10-08T04:57:56,nhl,nhl_20261008_nashville_predators_montreal_canadiens,20261008NHL00100,CIRCA,circa,change,3,2026-10-07T22:50:00,Oct 7,10:50 PM ET,6h ago,away,Nashville Predators,1.5,50.0,50.0,6.0,50.0,50.0,152.0,0.0,0.0
2026-10-08T04:57:56,nhl,nhl_20261008_nashville_predators_montreal_canadiens,20261008NHL00100,CIRCA,circa,change,3,2026-10-07T22:50:00,Oct 7,10:50 PM ET,6h ago,home,Montreal Canadiens,-1.5,50.0,50.0,6.0,50.0,50.0,-170.0,100.0,100.0
2026-10-08T04:57:56,nhl,nhl_20261008_nashville_predators_montreal_canadiens,20261008NHL00100,CIRCA,circa,change,4,2026-10-07T20:45:00,Oct 7,8:45 PM ET,8h ago,away,Nashville Predators,1.5,50.0,50.0,6.0,50.0,50.0,152.0,50.0,50.0
2026-10-08T04:57:56,nhl,nhl_20261008_nashville_predators_montreal_canadiens,20261008NHL00100,CIRCA,circa,change,4,2026-10-07T20:45:00,Oct 7,8:45 PM ET,8h ago,home,Montreal Canadiens,-1.5,50.0,50.0,6.0,50.0,50.0,-170.0,50.0,50.0
2026-10-08T04:57:57,nhl,nhl_20261008_philadelphia_flyers_ottawa_senators,20261008NHL00101,DK,draftkings,open,1,2026-09-21T14:30:00,Sep 21,2:30 PM ET,16d ago,away,Philadelphia Flyers,,0.0,0.0,5.5,100.0,100.0,-108.0,1.0,2.0
2026-10-08T04:57:57,nhl,nhl_20261008_philadelphia_flyers_ottawa_senators,20261008NHL00101,DK,draftkings,open,1,2026-09-21T14:30:00,Sep 21,2:30 PM ET,16d ago,home,Ottawa Senators,,0.0,0.0,5.5,0.0,0.0,-112.0,99.0,98.0
2026-10-08T04:57:57,nhl,nhl_20261008_philadelphia_flyers_ottawa_senators,20261008NHL00101,DK,draftkings,first_full,2,2026-10-02T08:10:00,Oct 2,8:10 AM ET,5d ago,away,Philadelphia Flyers,1.5,100.0,100.0,5.5,100.0,100.0,-108.0,10.0,8.0
2026-10-08T04:57:57,nhl,nhl_20261008_philadelphia_flyers_ottawa_senators,20261008NHL00101,DK,draftkings,first_full,2,2026-10-02T08:10:00,Oct 2,8:10 AM ET,5d ago,home,Ottawa Senators,-1.5,0.0,0.0,5.5,0.0,0.0,-112.0,90.0,92.0
2026-10-08T04:57:57,nhl,nhl_20261008_philadelphia_flyers_ottawa_senators,20261008NHL00101,DK,draftkings,change,3,2026-10-08T03:25:00,Oct 8,3:25 AM ET,1h ago,away,Philadelphia Flyers,1.5,69.0,57.0,5.5,35.0,67.0,124.0,10.0,34.0
2026-10-08T04:57:57,nhl,nhl_20261008_philadelphia_flyers_ottawa_senators,20261008NHL00101,DK,draftkings,change,3,2026-10-08T03:25:00,Oct 8,3:25 AM ET,1h ago,home,Ottawa Senators,-1.5,31.0,43.0,5.5,65.0,33.0,-148.0,90.0,66.0
2026-10-08T04:57:57,nhl,nhl_20261008_philadelphia_flyers_ottawa_senators,20261008NHL00101,DK,draftkings,change,4,2026-10-08T02:10:00,Oct 8,2:10 AM ET,2h ago,away,Philadelphia Flyers,1.5,69.0,57.0,5.5,35.0,67.0,120.0,10.0,35.0
2026-10-08T04:57:57,nhl,nhl_20261008_philadelphia_flyers_ottawa_senators,20261008NHL00101,DK,draftkings,change,4,2026-10-08T02:10:00,Oct 8,2:10 AM ET,2h ago,home,Ottawa Senators,-1.5,31.0,43.0,5.5,65.0,33.0,-142.0,90.0,65.0
2026-10-08T04:57:57,nhl,nhl_20261008_philadelphia_flyers_ottawa_senators,20261008NHL00101,DK,draftkings,change,5,2026-10-08T01:00:00,Oct 8,1:00 AM ET,3h ago,away,Philadelphia Flyers,1.5,68.0,50.0,5.5,35.0,67.0,120.0,10.0,35.0
2026-10-08T04:57:57,nhl,nhl_20261008_philadelphia_flyers_ottawa_senators,20261008NHL00101,DK,draftkings,change,5,2026-10-08T01:00:00,Oct 8,1:00 AM ET,3h ago,home,Ottawa Senators,-1.5,32.0,50.0,5.5,65.0,33.0,-142.0,90.0,65.0
2026-10-08T04:57:57,nhl,nhl_20261008_philadelphia_flyers_ottawa_senators,20261008NHL00101,DK,draftkings,change,6,2026-10-08T00:30:00,Oct 8,12:30 AM ET,4h ago,away,Philadelphia Flyers,1.5,68.0,50.0,5.5,35.0,67.0,120.0,10.0,36.0
2026-10-08T04:57:57,nhl,nhl_20261008_philadelphia_flyers_ottawa_senators,20261008NHL00101,DK,draftkings,change,6,2026-10-08T00:30:00,Oct 8,12:30 AM ET,4h ago,home,Ottawa Senators,-1.5,32.0,50.0,5.5,65.0,33.0,-142.0,90.0,64.0
2026-10-08T04:57:57,nhl,nhl_20261008_philadelphia_flyers_ottawa_senators,20261008NHL00101,DK,draftkings,change,7,2026-10-08T00:05:00,Oct 8,12:05 AM ET,4h ago,away,Philadelphia Flyers,1.5,68.0,50.0,5.5,35.0,67.0,120.0,11.0,37.0
2026-10-08T04:57:57,nhl,nhl_20261008_philadelphia_flyers_ottawa_senators,20261008NHL00101,DK,draftkings,change,7,2026-10-08T00:05:00,Oct 8,12:05 AM ET,4h ago,home,Ottawa Senators,-1.5,32.0,50.0,5.5,65.0,33.0,-142.0,89.0,63.0
2026-10-08T04:57:57,nhl,nhl_20261008_philadelphia_flyers_ottawa_senators,20261008NHL00101,DK,draftkings,change,8,2026-10-07T23:55:00,Oct 7,11:55 PM ET,5h ago,away,Philadelphia Flyers,1.5,68.0,50.0,5.5,35.0,67.0,120.0,11.0,38.0
2026-10-08T04:57:57,nhl,nhl_20261008_philadelphia_flyers_ottawa_senators,20261008NHL00101,DK,draftkings,change,8,2026-10-07T23:55:00,Oct 7,11:55 PM ET,5h ago,home,Ottawa Senators,-1.5,32.0,50.0,5.5,65.0,33.0,-142.0,89.0,63.0
2026-10-08T04:57:57,nhl,nhl_20261008_philadelphia_flyers_ottawa_senators,20261008NHL00101,DK,draftkings,change,9,2026-10-07T22:40:00,Oct 7,10:40 PM ET,6h ago,away,Philadelphia Flyers,1.5,68.0,50.0,5.5,35.0,67.0,120.0,11.0,36.0
2026-10-08T04:57:57,nhl,nhl_20261008_philadelphia_flyers_ottawa_senators,20261008NHL00101,DK,draftkings,change,9,2026-10-07T22:40:00,Oct 7,10:40 PM ET,6h ago,home,Ottawa Senators,-1.5,32.0,50.0,5.5,65.0,33.0,-142.0,89.0,64.0
2026-10-08T04:57:57,nhl,nhl_20261008_philadelphia_flyers_ottawa_senators,20261008NHL00101,DK,draftkings,change,10,2026-10-07T22:30:00,Oct 7,10:30 PM ET,6h ago,away,Philadelphia Flyers,1.5,70.0,60.0,5.5,35.0,67.0,120.0,11.0,36.0
2026-10-08T04:57:57,nhl,nhl_20261008_philadelphia_flyers_ottawa_senators,20261008NHL00101,DK,draftkings,change,10,2026-10-07T22:30:00,Oct 7,10:30 PM ET,6h ago,home,Ottawa Senators,-1.5,30.0,40.0,5.5,65.0,33.0,-142.0,89.0,64.0
2026-10-08T04:57:57,nhl,nhl_20261008_philadelphia_flyers_ottawa_senators,20261008NHL00101,DK,draftkings,change,11,2026-10-07T22:00:00,Oct 7,10:00 PM ET,6h ago,away,Philadelphia Flyers,1.5,70.0,60.0,5.5,35.0,67.0,120.0,11.0,38.0
2026-10-08T04:57:57,nhl,nhl_20261008_philadelphia_flyers_ottawa_senators,20261008NHL00101,DK,draftkings,change,11,2026-10-07T22:00:00,Oct 7,10:00 PM ET,6h ago,home,Ottawa Senators,-1.5,30.0,40.0,5.5,65.0,33.0,-142.0,89.0,62.0
2026-10-08T04:57:57,nhl,nhl_20261008_philadelphia_flyers_ottawa_senators,20261008NHL00101,DK,draftkings,change,12,2026-10-07T21:35:00,Oct 7,9:35 PM ET,7h ago,away,Philadelphia Flyers,1.5,70.0,60.0,5.5,35.0,67.0,120.0,11.0,36.0
2026-10-08T04:57:57,nhl,nhl_20261008_philadelphia_flyers_ottawa_senators,20261008NHL00101,DK,draftkings,change,12,2026-10-07T21:35:00,Oct 7,9:35 PM ET,7h ago,home,Ottawa Senators,-1.5,30.0,40.0,5.5,65.0,33.0,-142.0,89.0,64.0
2026-10-08T04:57:57,nhl,nhl_20261008_philadelphia_flyers_ottawa_senators,20261008NHL00101,DK,draftkings,change,13,2026-10-07T21:30:00,Oct 7,9:30 PM ET,7h ago,away,Philadelphia Flyers,1.5,70.0,60.0,5.5,15.0,60.0,120.0,11.0,36.0
2026-10-08T04:57:57,nhl,nhl_20261008_philadelphia_flyers_ottawa_senators,20261008NHL00101,DK,draftkings,change,13,2026-10-07T21:30:00,Oct 7,9:30 PM ET,7h ago,home,Ottawa Senators,-1.5,30.0,40.0,5.5,85.0,40.0,-142.0,89.0,64.0
2026-10-08T04:57:57,nhl,nhl_20261008_philadelphia_flyers_ottawa_senators,20261008NHL00101,DK,draftkings,change,14,2026-10-07T20:10:00,Oct 7,8:10 PM ET,8h ago,away,Philadelphia Flyers,1.5,70.0,60.0,5.5,9.0,50.0,120.0,11.0,36.0
2026-10-08T04:57:57,nhl,nhl_20261008_philadelphia_flyers_ottawa_senators,20261008NHL00101,DK,draftkings,change,14,2026-10-07T20:10:00,Oct 7,8:10 PM ET,8h ago,home,Ottawa Senators,-1.5,30.0,40.0,5.5,91.0,50.0,-142.0,89.0,64.0
2026-10-08T04:57:57,nhl,nhl_20261008_philadelphia_flyers_ottawa_senators,20261008NHL00101,DK,draftkings,change,15,2026-10-07T20:00:00,Oct 7,8:00 PM ET,8h ago,away,Philadelphia Flyers,1.5,70.0,60.0,5.5,9.0,50.0,120.0,11.0,38.0
2026-10-08T04:57:57,nhl,nhl_20261008_philadelphia_flyers_ottawa_senators,20261008NHL00101,DK,draftkings,change,15,2026-10-07T20:00:00,Oct 7,8:00 PM ET,8h ago,home,Ottawa Senators,-1.5,30.0,40.0,5.5,91.0,50.0,-142.0,89.0,62.0
2026-10-08T04:57:57,nhl,nhl_20261008_philadelphia_flyers_ottawa_senators,20261008NHL00101,DK,draftkings,change,16,2026-10-07T19:40:00,Oct 7,7:40 PM ET,9h ago,away,Philadelphia Flyers,1.5,70.0,60.0,5.5,9.0,50.0,120.0,11.0,35.0
2026-10-08T04:57:57,nhl,nhl_20261008_philadelphia_flyers_ottawa_senators,20261008NHL00101,DK,draftkings,change,16,2026-10-07T19:40:00,Oct 7,7:40 PM ET,9h ago,home,Ottawa Senators,-1.5,30.0,40.0,5.5,91.0,50.0,-142.0,89.0,65.0
2026-10-08T04:57:57,nhl,nhl_20261008_philadelphia_flyers_ottawa_senators,20261008NHL00101,DK,draftkings,change,17,2026-10-07T19:20:00,Oct 7,7:20 PM ET,9h ago,away,Philadelphia Flyers,1.5,70.0,60.0,5.5,9.0,50.0,120.0,10.0,33.0
2026-10-08T04:57:57,nhl,nhl_20261008_philadelphia_flyers_ottawa_senators,20261008NHL00101,DK,draftkings,change,17,2026-10-07T19:20:00,Oct 7,7:20 PM ET,9h ago,home,Ottawa Senators,-1.5,30.0,40.0,5.5,91.0,50.0,-142.0,90.0,67.0
2026-10-08T04:57:57,nhl,nhl_20261008_philadelphia_flyers_ottawa_senators,20261008NHL00101,DK,draftkings,change,18,2026-10-07T19:10:00,Oct 7,7:10 PM ET,9h ago,away,Philadelphia Flyers,1.5,70.0,60.0,5.5,9.0,50.0,120.0,11.0,34.0
2026-10-08T04:57:57,nhl,nhl_20261008_philadelphia_flyers_ottawa_senators,20261008NHL00101,DK,draftkings,change,18,2026-10-07T19:10:00,Oct 7,7:10 PM ET,9h ago,home,Ottawa Senators,-1.5,30.0,40.0,5.5,91.0,50.0,-142.0,89.0,66.0
2026-10-08T04:57:57,nhl,nhl_20261008_philadelphia_flyers_ottawa_senators,20261008NHL00101,DK,draftkings,change,19,2026-10-07T18:50:00,Oct 7,6:50 PM ET,10h ago,away,Philadelphia Flyers,1.5,70.0,60.0,5.5,9.0,50.0,120.0,11.0,35.0
2026-10-08T04:57:57,nhl,nhl_20261008_philadelphia_flyers_ottawa_senators,20261008NHL00101,DK,draftkings,change,19,2026-10-07T18:50:00,Oct 7,6:50 PM ET,10h ago,home,Ottawa Senators,-1.5,30.0,40.0,5.5,91.0,50.0,-142.0,89.0,65.0
2026-10-08T04:57:57,nhl,nhl_20261008_philadelphia_flyers_ottawa_senators,20261008NHL00101,DK,draftkings,change,20,2026-10-07T18:30:00,Oct 7,6:30 PM ET,10h ago,away,Philadelphia Flyers,1.5,70.0,60.0,5.5,6.0,33.0,120.0,2.0,33.0
2026-10-08T04:57:57,nhl,nhl_20261008_philadelphia_flyers_ottawa_senators,20261008NHL00101,DK,draftkings,change,20,2026-10-07T18:30:00,Oct 7,6:30 PM ET,10h ago,home,Ottawa Senators,-1.5,30.0,40.0,5.5,94.0,67.0,-142.0,98.0,67.0
2026-10-08T04:57:57,nhl,nhl_20261008_philadelphia_flyers_ottawa_senators,20261008NHL00101,DK,draftkings,change,21,2026-10-07T18:20:00,Oct 7,6:20 PM ET,10h ago,away,Philadelphia Flyers,1.5,70.0,60.0,5.5,6.0,33.0,120.0,2.0,31.0
2026-10-08T04:57:57,nhl,nhl_20261008_philadelphia_flyers_ottawa_senators,20261008NHL00101,DK,draftkings,change,21,2026-10-07T18:20:00,Oct 7,6:20 PM ET,10h ago,home,Ottawa Senators,-1.5,30.0,40.0,5.5,94.0,67.0,-142.0,98.0,69.0
2026-10-08T04:57:57,nhl,nhl_20261008_philadelphia_flyers_ottawa_senators,20261008NHL00101,DK,draftkings,change,22,2026-10-07T18:15:00,Oct 7,6:15 PM ET,10h ago,away,Philadelphia Flyers,1.5,70.0,60.0,5.5,6.0,33.0,120.0,2.0,30.0
2026-10-08T04:57:57,nhl,nhl_20261008_philadelphia_flyers_ottawa_senators,20261008NHL00101,DK,draftkings,change,22,2026-10-07T18:15:00,Oct 7,6:15 PM ET,10h ago,home,Ottawa Senators,-1.5,30.0,40.0,5.5,94.0,67.0,-142.0,98.0,70.0
2026-10-08T04:57:57,nhl,nhl_20261008_philadelphia_flyers_ottawa_senators,20261008NHL00101,DK,draftkings,change,23,2026-10-07T17:30:00,Oct 7,5:30 PM ET,11h ago,away,Philadelphia Flyers,1.5,70.0,60.0,5.5,6.0,33.0,120.0,2.0,31.0
2026-10-08T04:57:57,nhl,nhl_20261008_philadelphia_flyers_ottawa_senators,20261008NHL00101,DK,draftkings,change,23,2026-10-07T17:30:00,Oct 7,5:30 PM ET,11h ago,home,Ottawa Senators,-1.5,30.0,40.0,5.5,94.0,67.0,-142.0,98.0,69.0
2026-10-08T04:57:57,nhl,nhl_20261008_philadelphia_flyers_ottawa_senators,20261008NHL00101,DK,draftkings,change,24,2026-10-07T17:15:00,Oct 7,5:15 PM ET,11h ago,away,Philadelphia Flyers,1.5,70.0,60.0,5.5,6.0,33.0,120.0,2.0,32.0
2026-10-08T04:57:57,nhl,nhl_20261008_philadelphia_flyers_ottawa_senators,20261008NHL00101,DK,draftkings,change,24,2026-10-07T17:15:00,Oct 7,5:15 PM ET,11h ago,home,Ottawa Senators,-1.5,30.0,40.0,5.5,94.0,67.0,-142.0,98.0,68.0
2026-10-08T04:57:57,nhl,nhl_20261008_philadelphia_flyers_ottawa_senators,20261008NHL00101,DK,draftkings,change,25,2026-10-07T17:05:00,Oct 7,5:05 PM ET,11h ago,away,Philadelphia Flyers,1.5,69.0,50.0,5.5,6.0,33.0,120.0,2.0,32.0
2026-10-08T04:57:57,nhl,nhl_20261008_philadelphia_flyers_ottawa_senators,20261008NHL00101,DK,draftkings,change,25,2026-10-07T17:05:00,Oct 7,5:05 PM ET,11h ago,home,Ottawa Senators,-1.5,31.0,50.0,5.5,94.0,67.0,-142.0,98.0,68.0
2026-10-08T04:57:57,nhl,nhl_20261008_philadelphia_flyers_ottawa_senators,20261008NHL00101,DK,draftkings,change,26,2026-10-07T16:05:00,Oct 7,4:05 PM ET,12h ago,away,Philadelphia Flyers,1.5,69.0,50.0,5.5,6.0,33.0,120.0,2.0,33.0
2026-10-08T04:57:57,nhl,nhl_20261008_philadelphia_flyers_ottawa_senators,20261008NHL00101,DK,draftkings,change,26,2026-10-07T16:05:00,Oct 7,4:05 PM ET,12h ago,home,Ottawa Senators,-1.5,31.0,50.0,5.5,94.0,67.0,-142.0,98.0,67.0
2026-10-08T04:57:57,nhl,nhl_20261008_philadelphia_flyers_ottawa_senators,20261008NHL00101,DK,draftkings,change,27,2026-10-07T16:00:00,Oct 7,4:00 PM ET,12h ago,away,Philadelphia Flyers,1.5,69.0,50.0,5.5,6.0,33.0,120.0,2.0,34.0
2026-10-08T04:57:57,nhl,nhl_20261008_philadelphia_flyers_ottawa_senators,20261008NHL00101,DK,draftkings,change,27,2026-10-07T16:00:00,Oct 7,4:00 PM ET,12h ago,home,Ottawa Senators,-1.5,31.0,50.0,5.5,94.0,67.0,-142.0,98.0,66.0
2026-10-08T04:57:58,nhl,nhl_20261008_philadelphia_flyers_ottawa_senators,20261008NHL00101,CIRCA,circa,open,1,2026-10-07T20:45:00,Oct 7,8:45 PM ET,8h ago,away,Philadelphia Flyers,1.5,50.0,50.0,5.5,50.0,50.0,126.0,50.0,50.0
2026-10-08T04:57:58,nhl,nhl_20261008_philadelphia_flyers_ottawa_senators,20261008NHL00101,CIRCA,circa,open,1,2026-10-07T20:45:00,Oct 7,8:45 PM ET,8h ago,home,Ottawa Senators,-1.5,50.0,50.0,5.5,50.0,50.0,-140.0,50.0,50.0
2026-10-08T04:57:58,nhl,nhl_20261008_philadelphia_flyers_ottawa_senators,20261008NHL00101,CIRCA,circa,change,2,2026-10-08T02:15:00,Oct 8,2:15 AM ET,2h ago,away,Philadelphia Flyers,1.5,0.0,0.0,5.5,50.0,50.0,126.0,0.0,0.0
2026-10-08T04:57:58,nhl,nhl_20261008_philadelphia_flyers_ottawa_senators,20261008NHL00101,CIRCA,circa,change,2,2026-10-08T02:15:00,Oct 8,2:15 AM ET,2h ago,home,Ottawa Senators,-1.5,100.0,100.0,5.5,50.0,50.0,-140.0,100.0,100.0
2026-10-08T04:57:58,nhl,nhl_20261008_philadelphia_flyers_ottawa_senators,20261008NHL00101,CIRCA,circa,change,3,2026-10-07T23:25:00,Oct 7,11:25 PM ET,5h ago,away,Philadelphia Flyers,1.5,50.0,50.0,5.5,50.0,50.0,126.0,0.0,0.0
2026-10-08T04:57:58,nhl,nhl_20261008_philadelphia_flyers_ottawa_senators,20261008NHL00101,CIRCA,circa,change,3,2026-10-07T23:25:00,Oct 7,11:25 PM ET,5h ago,home,Ottawa Senators,-1.5,50.0,50.0,5.5,50.0,50.0,-140.0,100.0,100.0
2026-10-08T04:57:58,nhl,nhl_20261008_philadelphia_flyers_ottawa_senators,20261008NHL00101,CIRCA,circa,change,4,2026-10-07T20:45:00,Oct 7,8:45 PM ET,8h ago,away,Philadelphia Flyers,1.5,50.0,50.0,5.5,50.0,50.0,126.0,50.0,50.0
2026-10-08T04:57:58,nhl,nhl_20261008_philadelphia_flyers_ottawa_senators,20261008NHL00101,CIRCA,circa,change,4,2026-10-07T20:45:00,Oct 7,8:45 PM ET,8h ago,home,Ottawa Senators,-1.5,50.0,50.0,5.5,50.0,50.0,-140.0,50.0,50.0
2026-10-08T04:57:59,nhl,nhl_20261008_vancouver_canucks_carolina_hurricanes,20261008NHL00104,DK,draftkings,open,1,2026-10-07T11:30:00,Oct 7,11:30 AM ET,17h ago,away,Vancouver Canucks,,0.0,0.0,,0.0,0.0,260.0,0.0,0.0
2026-10-08T04:57:59,nhl,nhl_20261008_vancouver_canucks_carolina_hurricanes,20261008NHL00104,DK,draftkings,open,1,2026-10-07T11:30:00,Oct 7,11:30 AM ET,17h ago,home,Carolina Hurricanes,,0.0,0.0,,0.0,0.0,-325.0,100.0,100.0
2026-10-08T04:57:59,nhl,nhl_20261008_vancouver_canucks_carolina_hurricanes,20261008NHL00104,DK,draftkings,change,2,2026-10-08T04:20:00,Oct 8,4:20 AM ET,37m ago,away,Vancouver Canucks,1.5,0.0,17.0,,0.0,0.0,260.0,42.0,10.0
2026-10-08T04:57:59,nhl,nhl_20261008_vancouver_canucks_carolina_hurricanes,20261008NHL00104,DK,draftkings,change,2,2026-10-08T04:20:00,Oct 8,4:20 AM ET,37m ago,home,Carolina Hurricanes,-1.5,100.0,83.0,,0.0,0.0,-325.0,58.0,90.0
2026-10-08T04:57:59,nhl,nhl_20261008_vancouver_canucks_carolina_hurricanes,20261008NHL00104,DK,draftkings,change,3,2026-10-08T03:50:00,Oct 8,3:50 AM ET,1h ago,away,Vancouver Canucks,1.5,0.0,17.0,,0.0,0.0,260.0,42.0,8.0
2026-10-08T04:57:59,nhl,nhl_20261008_vancouver_canucks_carolina_hurricanes,20261008NHL00104,DK,draftkings,change,3,2026-10-08T03:50:00,Oct 8,3:50 AM ET,1h ago,home,Carolina Hurricanes,-1.5,100.0,83.0,,0.0,0.0,-325.0,58.0,93.0
2026-10-08T04:57:59,nhl,nhl_20261008_vancouver_canucks_carolina_hurricanes,20261008NHL00104,DK,draftkings,change,4,2026-10-08T03:25:00,Oct 8,3:25 AM ET,1h ago,away,Vancouver Canucks,1.5,0.0,20.0,,0.0,0.0,260.0,42.0,8.0
2026-10-08T04:57:59,nhl,nhl_20261008_vancouver_canucks_carolina_hurricanes,20261008NHL00104,DK,draftkings,change,4,2026-10-08T03:25:00,Oct 8,3:25 AM ET,1h ago,home,Carolina Hurricanes,-1.5,100.0,80.0,,0.0,0.0,-325.0,58.0,93.0
2026-10-08T04:57:59,nhl,nhl_20261008_vancouver_canucks_carolina_hurricanes,20261008NHL00104,DK,draftkings,change,5,2026-10-08T02:10:00,Oct 8,2:10 AM ET,2h ago,away,Vancouver Canucks,1.5,0.0,20.0,,0.0,0.0,260.0,42.0,8.0
2026-10-08T04:57:59,nhl,nhl_20261008_vancouver_canucks_carolina_hurricanes,20261008NHL00104,DK,draftkings,change,5,2026-10-08T02:10:00,Oct 8,2:10 AM ET,2h ago,home,Carolina Hurricanes,-1.5,100.0,80.0,,0.0,0.0,-325.0,58.0,92.0
2026-10-08T04:57:59,nhl,nhl_20261008_vancouver_canucks_carolina_hurricanes,20261008NHL00104,DK,draftkings,change,6,2026-10-08T01:00:00,Oct 8,1:00 AM ET,3h ago,away,Vancouver Canucks,1.5,0.0,0.0,,0.0,0.0,260.0,42.0,8.0
2026-10-08T04:57:59,nhl,nhl_20261008_vancouver_canucks_carolina_hurricanes,20261008NHL00104,DK,draftkings,change,6,2026-10-08T01:00:00,Oct 8,1:00 AM ET,3h ago,home,Carolina Hurricanes,-1.5,100.0,100.0,,0.0,0.0,-325.0,58.0,92.0
2026-10-08T04:57:59,nhl,nhl_20261008_vancouver_canucks_carolina_hurricanes,20261008NHL00104,DK,draftkings,change,7,2026-10-08T00:10:00,Oct 8,12:10 AM ET,4h ago,away,Vancouver Canucks,1.5,0.0,0.0,,0.0,0.0,260.0,43.0,8.0
2026-10-08T04:57:59,nhl,nhl_20261008_vancouver_canucks_carolina_hurricanes,20261008NHL00104,DK,draftkings,change,7,2026-10-08T00:10:00,Oct 8,12:10 AM ET,4h ago,home,Carolina Hurricanes,-1.5,100.0,100.0,,0.0,0.0,-325.0,57.0,92.0
2026-10-08T04:57:59,nhl,nhl_20261008_vancouver_canucks_carolina_hurricanes,20261008NHL00104,DK,draftkings,change,8,2026-10-07T23:30:00,Oct 7,11:30 PM ET,5h ago,away,Vancouver Canucks,1.5,0.0,0.0,,0.0,0.0,260.0,64.0,9.0
2026-10-08T04:57:59,nhl,nhl_20261008_vancouver_canucks_carolina_hurricanes,20261008NHL00104,DK,draftkings,change,8,2026-10-07T23:30:00,Oct 7,11:30 PM ET,5h ago,home,Carolina Hurricanes,-1.5,100.0,100.0,,0.0,0.0,-325.0,36.0,91.0
2026-10-08T04:57:59,nhl,nhl_20261008_vancouver_canucks_carolina_hurricanes,20261008NHL00104,DK,draftkings,change,9,2026-10-07T22:30:00,Oct 7,10:30 PM ET,6h ago,away,Vancouver Canucks,1.5,0.0,0.0,,0.0,0.0,260.0,67.0,9.0
2026-10-08T04:57:59,nhl,nhl_20261008_vancouver_canucks_carolina_hurricanes,20261008NHL00104,DK,draftkings,change,9,2026-10-07T22:30:00,Oct 7,10:30 PM ET,6h ago,home,Carolina Hurricanes,-1.5,100.0,100.0,,0.0,0.0,-325.0,33.0,91.0
2026-10-08T04:57:59,nhl,nhl_20261008_vancouver_canucks_carolina_hurricanes,20261008NHL00104,DK,draftkings,change,10,2026-10-07T22:00:00,Oct 7,10:00 PM ET,6h ago,away,Vancouver Canucks,1.5,0.0,0.0,,0.0,0.0,260.0,4.0,7.0
2026-10-08T04:57:59,nhl,nhl_20261008_vancouver_canucks_carolina_hurricanes,20261008NHL00104,DK,draftkings,change,10,2026-10-07T22:00:00,Oct 7,10:00 PM ET,6h ago,home,Carolina Hurricanes,-1.5,100.0,100.0,,0.0,0.0,-325.0,96.0,93.0
2026-10-08T04:57:59,nhl,nhl_20261008_vancouver_canucks_carolina_hurricanes,20261008NHL00104,DK,draftkings,change,11,2026-10-07T20:50:00,Oct 7,8:50 PM ET,8h ago,away,Vancouver Canucks,1.5,0.0,0.0,,0.0,0.0,260.0,2.0,4.0
2026-10-08T04:57:59,nhl,nhl_20261008_vancouver_canucks_carolina_hurricanes,20261008NHL00104,DK,draftkings,change,11,2026-10-07T20:50:00,Oct 7,8:50 PM ET,8h ago,home,Carolina Hurricanes,-1.5,100.0,100.0,,0.0,0.0,-325.0,98.0,96.0
2026-10-08T04:57:59,nhl,nhl_20261008_vancouver_canucks_carolina_hurricanes,20261008NHL00104,DK,draftkings,change,12,2026-10-07T20:00:00,Oct 7,8:00 PM ET,8h ago,away,Vancouver Canucks,1.5,0.0,0.0,,0.0,0.0,260.0,3.0,4.0
2026-10-08T04:57:59,nhl,nhl_20261008_vancouver_canucks_carolina_hurricanes,20261008NHL00104,DK,draftkings,change,12,2026-10-07T20:00:00,Oct 7,8:00 PM ET,8h ago,home,Carolina Hurricanes,-1.5,100.0,100.0,,0.0,0.0,-325.0,97.0,96.0
2026-10-08T04:57:59,nhl,nhl_20261008_vancouver_canucks_carolina_hurricanes,20261008NHL00104,DK,draftkings,change,13,2026-10-07T19:35:00,Oct 7,7:35 PM ET,9h ago,away,Vancouver Canucks,1.5,0.0,0.0,,0.0,0.0,260.0,3.0,5.0
2026-10-08T04:57:59,nhl,nhl_20261008_vancouver_canucks_carolina_hurricanes,20261008NHL00104,DK,draftkings,change,13,2026-10-07T19:35:00,Oct 7,7:35 PM ET,9h ago,home,Carolina Hurricanes,-1.5,100.0,100.0,,0.0,0.0,-325.0,97.0,95.0
2026-10-08T04:57:59,nhl,nhl_20261008_vancouver_canucks_carolina_hurricanes,20261008NHL00104,DK,draftkings,change,14,2026-10-07T18:20:00,Oct 7,6:20 PM ET,10h ago,away,Vancouver Canucks,1.5,0.0,0.0,,0.0,0.0,260.0,3.0,6.0
2026-10-08T04:57:59,nhl,nhl_20261008_vancouver_canucks_carolina_hurricanes,20261008NHL00104,DK,draftkings,change,14,2026-10-07T18:20:00,Oct 7,6:20 PM ET,10h ago,home,Carolina Hurricanes,-1.5,100.0,100.0,,0.0,0.0,-325.0,97.0,94.0
2026-10-08T04:57:59,nhl,nhl_20261008_vancouver_canucks_carolina_hurricanes,20261008NHL00104,DK,draftkings,change,15,2026-10-07T17:40:00,Oct 7,5:40 PM ET,11h ago,away,Vancouver Canucks,1.5,0.0,0.0,,0.0,0.0,260.0,0.0,0.0
2026-10-08T04:57:59,nhl,nhl_20261008_vancouver_canucks_carolina_hurricanes,20261008NHL00104,DK,draftkings,change,15,2026-10-07T17:40:00,Oct 7,5:40 PM ET,11h ago,home,Carolina Hurricanes,-1.5,100.0,100.0,,0.0,0.0,-325.0,100.0,100.0
2026-10-08T04:57:59,nhl,nhl_20261008_vancouver_canucks_carolina_hurricanes,20261008NHL00104,DK,draftkings,change,16,2026-10-07T11:30:00,Oct 7,11:30 AM ET,17h ago,away,Vancouver Canucks,,0.0,0.0,,0.0,0.0,260.0,0.0,0.0
2026-10-08T04:57:59,nhl,nhl_20261008_vancouver_canucks_carolina_hurricanes,20261008NHL00104,DK,draftkings,change,16,2026-10-07T11:30:00,Oct 7,11:30 AM ET,17h ago,home,Carolina Hurricanes,,0.0,0.0,,0.0,0.0,-325.0,100.0,100.0
2026-10-08T04:58:01,nhl,nhl_20261008_vancouver_canucks_carolina_hurricanes,20261008NHL00104,CIRCA,circa,open,1,2026-10-07T20:45:00,Oct 7,8:45 PM ET,8h ago,away,Vancouver Canucks,1.5,50.0,50.0,6.5,50.0,50.0,269.0,50.0,50.0
2026-10-08T04:58:01,nhl,nhl_20261008_vancouver_canucks_carolina_hurricanes,20261008NHL00104,CIRCA,circa,open,1,2026-10-07T20:45:00,Oct 7,8:45 PM ET,8h ago,home,Carolina Hurricanes,-1.5,50.0,50.0,6.5,50.0,50.0,-308.0,50.0,50.0
2026-10-08T04:58:01,nhl,nhl_20261008_vancouver_canucks_carolina_hurricanes,20261008NHL00104,CIRCA,circa,change,2,2026-10-07T20:50:00,Oct 7,8:50 PM ET,8h ago,away,Vancouver Canucks,1.5,0.0,0.0,6.5,50.0,50.0,269.0,50.0,50.0
2026-10-08T04:58:01,nhl,nhl_20261008_vancouver_canucks_carolina_hurricanes,20261008NHL00104,CIRCA,circa,change,2,2026-10-07T20:50:00,Oct 7,8:50 PM ET,8h ago,home,Carolina Hurricanes,-1.5,100.0,100.0,6.5,50.0,50.0,-308.0,50.0,50.0
2026-10-08T04:58:01,nhl,nhl_20261008_vancouver_canucks_carolina_hurricanes,20261008NHL00104,CIRCA,circa,change,3,2026-10-07T20:45:00,Oct 7,8:45 PM ET,8h ago,away,Vancouver Canucks,1.5,50.0,50.0,6.5,50.0,50.0,269.0,50.0,50.0
2026-10-08T04:58:01,nhl,nhl_20261008_vancouver_canucks_carolina_hurricanes,20261008NHL00104,CIRCA,circa,change,3,2026-10-07T20:45:00,Oct 7,8:45 PM ET,8h ago,home,Carolina Hurricanes,-1.5,50.0,50.0,6.5,50.0,50.0,-308.0,50.0,50.0
2026-10-08T04:58:02,nhl,nhl_20261008_minnesota_wild_tampa_bay_lightning,20261008NHL00106,DK,draftkings,open,1,2026-10-07T11:50:00,Oct 7,11:50 AM ET,17h ago,away,Minnesota Wild,1.5,0.0,0.0,,0.0,0.0,,0.0,0.0
2026-10-08T04:58:02,nhl,nhl_20261008_minnesota_wild_tampa_bay_lightning,20261008NHL00106,DK,draftkings,open,1,2026-10-07T11:50:00,Oct 7,11:50 AM ET,17h ago,home,Tampa Bay Lightning,-1.5,100.0,100.0,,0.0,0.0,,0.0,0.0
2026-10-08T04:58:02,nhl,nhl_20261008_minnesota_wild_tampa_bay_lightning,20261008NHL00106,DK,draftkings,first_full,2,2026-10-07T21:30:00,Oct 7,9:30 PM ET,7h ago,away,Minnesota Wild,1.5,2.0,25.0,5.5,100.0,100.0,124.0,87.0,38.0
2026-10-08T04:58:02,nhl,nhl_20261008_minnesota_wild_tampa_bay_lightning,20261008NHL00106,DK,draftkings,first_full,2,2026-10-07T21:30:00,Oct 7,9:30 PM ET,7h ago,home,Tampa Bay Lightning,-1.5,98.0,75.0,5.5,0.0,0.0,-148.0,13.0,63.0
2026-10-08T04:58:02,nhl,nhl_20261008_minnesota_wild_tampa_bay_lightning,20261008NHL00106,DK,draftkings,change,3,2026-10-08T03:30:00,Oct 8,3:30 AM ET,1h ago,away,Minnesota Wild,1.5,4.0,43.0,5.5,100.0,100.0,130.0,81.0,38.0
2026-10-08T04:58:02,nhl,nhl_20261008_minnesota_wild_tampa_bay_lightning,20261008NHL00106,DK,draftkings,change,3,2026-10-08T03:30:00,Oct 8,3:30 AM ET,1h ago,home,Tampa Bay Lightning,-1.5,96.0,57.0,5.5,0.0,0.0,-155.0,19.0,62.0
2026-10-08T04:58:02,nhl,nhl_20261008_minnesota_wild_tampa_bay_lightning,20261008NHL00106,DK,draftkings,change,4,2026-10-08T02:10:00,Oct 8,2:10 AM ET,2h ago,away,Minnesota Wild,1.5,4.0,43.0,5.5,100.0,100.0,124.0,81.0,40.0
2026-10-08T04:58:02,nhl,nhl_20261008_minnesota_wild_tampa_bay_lightning,20261008NHL00106,DK,draftkings,change,4,2026-10-08T02:10:00,Oct 8,2:10 AM ET,2h ago,home,Tampa Bay Lightning,-1.5,96.0,57.0,5.5,0.0,0.0,-148.0,19.0,60.0
2026-10-08T04:58:02,nhl,nhl_20261008_minnesota_wild_tampa_bay_lightning,20261008NHL00106,DK,draftkings,change,5,2026-10-08T01:00:00,Oct 8,1:00 AM ET,3h ago,away,Minnesota Wild,1.5,3.0,33.0,5.5,100.0,100.0,124.0,81.0,40.0
2026-10-08T04:58:02,nhl,nhl_20261008_minnesota_wild_tampa_bay_lightning,20261008NHL00106,DK,draftkings,change,5,2026-10-08T01:00:00,Oct 8,1:00 AM ET,3h ago,home,Tampa Bay Lightning,-1.5,97.0,67.0,5.5,0.0,0.0,-148.0,19.0,60.0
2026-10-08T04:58:02,nhl,nhl_20261008_minnesota_wild_tampa_bay_lightning,20261008NHL00106,DK,draftkings,change,6,2026-10-08T00:50:00,Oct 8,12:50 AM ET,4h ago,away,Minnesota Wild,1.5,2.0,20.0,5.5,100.0,100.0,124.0,82.0,39.0
2026-10-08T04:58:02,nhl,nhl_20261008_minnesota_wild_tampa_bay_lightning,20261008NHL00106,DK,draftkings,change,6,2026-10-08T00:50:00,Oct 8,12:50 AM ET,4h ago,home,Tampa Bay Lightning,-1.5,98.0,80.0,5.5,0.0,0.0,-148.0,18.0,61.0
2026-10-08T04:58:02,nhl,nhl_20261008_minnesota_wild_tampa_bay_lightning,20261008NHL00106,DK,draftkings,change,7,2026-10-08T00:30:00,Oct 8,12:30 AM ET,4h ago,away,Minnesota Wild,1.5,2.0,20.0,5.5,100.0,100.0,124.0,77.0,36.0
2026-10-08T04:58:02,nhl,nhl_20261008_minnesota_wild_tampa_bay_lightning,20261008NHL00106,DK,draftkings,change,7,2026-10-08T00:30:00,Oct 8,12:30 AM ET,4h ago,home,Tampa Bay Lightning,-1.5,98.0,80.0,5.5,0.0,0.0,-148.0,23.0,64.0
2026-10-08T04:58:02,nhl,nhl_20261008_minnesota_wild_tampa_bay_lightning,20261008NHL00106,DK,draftkings,change,8,2026-10-07T23:55:00,Oct 7,11:55 PM ET,5h ago,away,Minnesota Wild,1.5,2.0,20.0,5.5,100.0,100.0,124.0,81.0,38.0
2026-10-08T04:58:02,nhl,nhl_20261008_minnesota_wild_tampa_bay_lightning,20261008NHL00106,DK,draftkings,change,8,2026-10-07T23:55:00,Oct 7,11:55 PM ET,5h ago,home,Tampa Bay Lightning,-1.5,98.0,80.0,5.5,0.0,0.0,-148.0,19.0,62.0
2026-10-08T04:58:02,nhl,nhl_20261008_minnesota_wild_tampa_bay_lightning,20261008NHL00106,DK,draftkings,change,9,2026-10-07T22:40:00,Oct 7,10:40 PM ET,6h ago,away,Minnesota Wild,1.5,2.0,20.0,5.5,100.0,100.0,124.0,81.0,40.0
2026-10-08T04:58:02,nhl,nhl_20261008_minnesota_wild_tampa_bay_lightning,20261008NHL00106,DK,draftkings,change,9,2026-10-07T22:40:00,Oct 7,10:40 PM ET,6h ago,home,Tampa Bay Lightning,-1.5,98.0,80.0,5.5,0.0,0.0,-148.0,19.0,60.0
2026-10-08T04:58:02,nhl,nhl_20261008_minnesota_wild_tampa_bay_lightning,20261008NHL00106,DK,draftkings,change,10,2026-10-07T22:30:00,Oct 7,10:30 PM ET,6h ago,away,Minnesota Wild,1.5,2.0,25.0,5.5,100.0,100.0,124.0,81.0,40.0
2026-10-08T04:58:02,nhl,nhl_20261008_minnesota_wild_tampa_bay_lightning,20261008NHL00106,DK,draftkings,change,10,2026-10-07T22:30:00,Oct 7,10:30 PM ET,6h ago,home,Tampa Bay Lightning,-1.5,98.0,75.0,5.5,0.0,0.0,-148.0,19.0,60.0
2026-10-08T04:58:02,nhl,nhl_20261008_minnesota_wild_tampa_bay_lightning,20261008NHL00106,DK,draftkings,change,11,2026-10-07T22:25:00,Oct 7,10:25 PM ET,6h ago,away,Minnesota Wild,1.5,2.0,25.0,5.5,100.0,100.0,124.0,82.0,39.0
2026-10-08T04:58:02,nhl,nhl_20261008_minnesota_wild_tampa_bay_lightning,20261008NHL00106,DK,draftkings,change,11,2026-10-07T22:25:00,Oct 7,10:25 PM ET,6h ago,home,Tampa Bay Lightning,-1.5,98.0,75.0,5.5,0.0,0.0,-148.0,18.0,61.0
2026-10-08T04:58:02,nhl,nhl_20261008_minnesota_wild_tampa_bay_lightning,20261008NHL00106,DK,draftkings,change,12,2026-10-07T22:00:00,Oct 7,10:00 PM ET,6h ago,away,Minnesota Wild,1.5,2.0,25.0,5.5,100.0,100.0,124.0,87.0,41.0
2026-10-08T04:58:02,nhl,nhl_20261008_minnesota_wild_tampa_bay_lightning,20261008NHL00106,DK,draftkings,change,12,2026-10-07T22:00:00,Oct 7,10:00 PM ET,6h ago,home,Tampa Bay Lightning,-1.5,98.0,75.0,5.5,0.0,0.0,-148.0,13.0,59.0
2026-10-08T04:58:02,nhl,nhl_20261008_minnesota_wild_tampa_bay_lightning,20261008NHL00106,DK,draftkings,change,13,2026-10-07T21:30:00,Oct 7,9:30 PM ET,7h ago,away,Minnesota Wild,1.5,2.0,25.0,5.5,100.0,100.0,124.0,87.0,38.0
2026-10-08T04:58:02,nhl,nhl_20261008_minnesota_wild_tampa_bay_lightning,20261008NHL00106,DK,draftkings,change,13,2026-10-07T21:30:00,Oct 7,9:30 PM ET,7h ago,home,Tampa Bay Lightning,-1.5,98.0,75.0,5.5,0.0,0.0,-148.0,13.0,63.0
2026-10-08T04:58:02,nhl,nhl_20261008_minnesota_wild_tampa_bay_lightning,20261008NHL00106,DK,draftkings,change,14,2026-10-07T20:00:00,Oct 7,8:00 PM ET,8h ago,away,Minnesota Wild,1.5,2.0,25.0,,0.0,0.0,124.0,87.0,38.0
2026-10-08T04:58:02,nhl,nhl_20261008_minnesota_wild_tampa_bay_lightning,20261008NHL00106,DK,draftkings,change,14,2026-10-07T20:00:00,Oct 7,8:00 PM ET,8h ago,home,Tampa Bay Lightning,-1.5,98.0,75.0,,0.0,0.0,-148.0,13.0,63.0
2026-10-08T04:58:02,nhl,nhl_20261008_minnesota_wild_tampa_bay_lightning,20261008NHL00106,DK,draftkings,change,15,2026-10-07T19:00:00,Oct 7,7:00 PM ET,9h ago,away,Minnesota Wild,1.5,2.0,25.0,,0.0,0.0,124.0,88.0,46.0
2026-10-08T04:58:02,nhl,nhl_20261008_minnesota_wild_tampa_bay_lightning,20261008NHL00106,DK,draftkings,change,15,2026-10-07T19:00:00,Oct 7,7:00 PM ET,9h ago,home,Tampa Bay Lightning,-1.5,98.0,75.0,,0.0,0.0,-148.0,12.0,54.0
2026-10-08T04:58:02,nhl,nhl_20261008_minnesota_wild_tampa_bay_lightning,20261008NHL00106,DK,draftkings,change,16,2026-10-07T18:50:00,Oct 7,6:50 PM ET,10h ago,away,Minnesota Wild,1.5,2.0,25.0,,0.0,0.0,124.0,88.0,50.0
2026-10-08T04:58:02,nhl,nhl_20261008_minnesota_wild_tampa_bay_lightning,20261008NHL00106,DK,draftkings,change,16,2026-10-07T18:50:00,Oct 7,6:50 PM ET,10h ago,home,Tampa Bay Lightning,-1.5,98.0,75.0,,0.0,0.0,-148.0,12.0,50.0
2026-10-08T04:58:02,nhl,nhl_20261008_minnesota_wild_tampa_bay_lightning,20261008NHL00106,DK,draftkings,change,17,2026-10-07T18:20:00,Oct 7,6:20 PM ET,10h ago,away,Minnesota Wild,1.5,5.0,33.0,,0.0,0.0,124.0,88.0,50.0
2026-10-08T04:58:02,nhl,nhl_20261008_minnesota_wild_tampa_bay_lightning,20261008NHL00106,DK,draftkings,change,17,2026-10-07T18:20:00,Oct 7,6:20 PM ET,10h ago,home,Tampa Bay Lightning,-1.5,95.0,67.0,,0.0,0.0,-148.0,12.0,50.0
2026-10-08T04:58:02,nhl,nhl_20261008_minnesota_wild_tampa_bay_lightning,20261008NHL00106,DK,draftkings,change,18,2026-10-07T18:15:00,Oct 7,6:15 PM ET,10h ago,away,Minnesota Wild,1.5,5.0,33.0,,0.0,0.0,124.0,88.0,45.0
2026-10-08T04:58:02,nhl,nhl_20261008_minnesota_wild_tampa_bay_lightning,20261008NHL00106,DK,draftkings,change,18,2026-10-07T18:15:00,Oct 7,6:15 PM ET,10h ago,home,Tampa Bay Lightning,-1.5,95.0,67.0,,0.0,0.0,-148.0,12.0,55.0
2026-10-08T04:58:02,nhl,nhl_20261008_minnesota_wild_tampa_bay_lightning,20261008NHL00106,DK,draftkings,change,19,2026-10-07T17:30:00,Oct 7,5:30 PM ET,11h ago,away,Minnesota Wild,1.5,5.0,33.0,,0.0,0.0,124.0,89.0,50.0
2026-10-08T04:58:02,nhl,nhl_20261008_minnesota_wild_tampa_bay_lightning,20261008NHL00106,DK,draftkings,change,19,2026-10-07T17:30:00,Oct 7,5:30 PM ET,11h ago,home,Tampa Bay Lightning,-1.5,95.0,67.0,,0.0,0.0,-148.0,11.0,50.0
2026-10-08T04:58:02,nhl,nhl_20261008_minnesota_wild_tampa_bay_lightning,20261008NHL00106,DK,draftkings,change,20,2026-10-07T17:15:00,Oct 7,5:15 PM ET,11h ago,away,Minnesota Wild,1.5,5.0,33.0,,0.0,0.0,124.0,51.0,44.0
2026-10-08T04:58:02,nhl,nhl_20261008_minnesota_wild_tampa_bay_lightning,20261008NHL00106,DK,draftkings,change,20,2026-10-07T17:15:00,Oct 7,5:15 PM ET,11h ago,home,Tampa Bay Lightning,-1.5,95.0,67.0,,0.0,0.0,-148.0,49.0,56.0
2026-10-08T04:58:02,nhl,nhl_20261008_minnesota_wild_tampa_bay_lightning,20261008NHL00106,DK,draftkings,change,21,2026-10-07T17:05:00,Oct 7,5:05 PM ET,11h ago,away,Minnesota Wild,1.5,0.0,0.0,,0.0,0.0,124.0,51.0,44.0
2026-10-08T04:58:02,nhl,nhl_20261008_minnesota_wild_tampa_bay_lightning,20261008NHL00106,DK,draftkings,change,21,2026-10-07T17:05:00,Oct 7,5:05 PM ET,11h ago,home,Tampa Bay Lightning,-1.5,100.0,100.0,,0.0,0.0,-148.0,49.0,56.0
2026-10-08T04:58:02,nhl,nhl_20261008_minnesota_wild_tampa_bay_lightning,20261008NHL00106,DK,draftkings,change,22,2026-10-07T16:00:00,Oct 7,4:00 PM ET,12h ago,away,Minnesota Wild,1.5,0.0,0.0,,0.0,0.0,124.0,48.0,38.0
2026-10-08T04:58:02,nhl,nhl_20261008_minnesota_wild_tampa_bay_lightning,20261008NHL00106,DK,draftkings,change,22,2026-10-07T16:00:00,Oct 7,4:00 PM ET,12h ago,home,Tampa Bay Lightning,-1.5,100.0,100.0,,0.0,0.0,-148.0,52.0,63.0
2026-10-08T04:58:02,nhl,nhl_20261008_minnesota_wild_tampa_bay_lightning,20261008NHL00106,DK,draftkings,change,23,2026-10-07T15:25:00,Oct 7,3:25 PM ET,13h ago,away,Minnesota Wild,1.5,0.0,0.0,,0.0,0.0,124.0,29.0,29.0
2026-10-08T04:58:02,nhl,nhl_20261008_minnesota_wild_tampa_bay_lightning,20261008NHL00106,DK,draftkings,change,23,2026-10-07T15:25:00,Oct 7,3:25 PM ET,13h ago,home,Tampa Bay Lightning,-1.5,100.0,100.0,,0.0,0.0,-148.0,71.0,71.0
2026-10-08T04:58:02,nhl,nhl_20261008_minnesota_wild_tampa_bay_lightning,20261008NHL00106,DK,draftkings,change,24,2026-10-07T13:50:00,Oct 7,1:50 PM ET,15h ago,away,Minnesota Wild,1.5,0.0,0.0,,0.0,0.0,124.0,33.0,40.0
2026-10-08T04:58:02,nhl,nhl_20261008_minnesota_wild_tampa_bay_lightning,20261008NHL00106,DK,draftkings,change,24,2026-10-07T13:50:00,Oct 7,1:50 PM ET,15h ago,home,Tampa Bay Lightning,-1.5,100.0,100.0,,0.0,0.0,-148.0,67.0,60.0
2026-10-08T04:58:02,nhl,nhl_20261008_minnesota_wild_tampa_bay_lightning,20261008NHL00106,DK,draftkings,change,25,2026-10-07T11:50:00,Oct 7,11:50 AM ET,17h ago,away,Minnesota Wild,1.5,0.0,0.0,,0.0,0.0,,0.0,0.0
2026-10-08T04:58:02,nhl,nhl_20261008_minnesota_wild_tampa_bay_lightning,20261008NHL00106,DK,draftkings,change,25,2026-10-07T11:50:00,Oct 7,11:50 AM ET,17h ago,home,Tampa Bay Lightning,-1.5,100.0,100.0,,0.0,0.0,,0.0,0.0
2026-10-08T04:58:03,nhl,nhl_20261008_minnesota_wild_tampa_bay_lightning,20261008NHL00106,CIRCA,circa,open,1,2026-10-07T20:45:00,Oct 7,8:45 PM ET,8h ago,away,Minnesota Wild,1.5,50.0,50.0,6.0,50.0,50.0,132.0,50.0,50.0
2026-10-08T04:58:03,nhl,nhl_20261008_minnesota_wild_tampa_bay_lightning,20261008NHL00106,CIRCA,circa,open,1,2026-10-07T20:45:00,Oct 7,8:45 PM ET,8h ago,home,Tampa Bay Lightning,-1.5,50.0,50.0,6.0,50.0,50.0,-147.0,50.0,50.0
2026-10-08T04:58:03,nhl,nhl_20261008_minnesota_wild_tampa_bay_lightning,20261008NHL00106,CIRCA,circa,change,2,2026-10-08T00:55:00,Oct 8,12:55 AM ET,4h ago,away,Minnesota Wild,1.5,50.0,50.0,6.0,50.0,50.0,132.0,100.0,100.0
2026-10-08T04:58:03,nhl,nhl_20261008_minnesota_wild_tampa_bay_lightning,20261008NHL00106,CIRCA,circa,change,2,2026-10-08T00:55:00,Oct 8,12:55 AM ET,4h ago,home,Tampa Bay Lightning,-1.5,50.0,50.0,6.0,50.0,50.0,-147.0,0.0,0.0
2026-10-08T04:58:03,nhl,nhl_20261008_minnesota_wild_tampa_bay_lightning,20261008NHL00106,CIRCA,circa,change,3,2026-10-07T20:45:00,Oct 7,8:45 PM ET,8h ago,away,Minnesota Wild,1.5,50.0,50.0,6.0,50.0,50.0,132.0,50.0,50.0
2026-10-08T04:58:03,nhl,nhl_20261008_minnesota_wild_tampa_bay_lightning,20261008NHL00106,CIRCA,circa,change,3,2026-10-07T20:45:00,Oct 7,8:45 PM ET,8h ago,home,Tampa Bay Lightning,-1.5,50.0,50.0,6.0,50.0,50.0,-147.0,50.0,50.0
2026-10-08T04:58:04,nhl,nhl_20261008_chicago_blackhawks_new_york_islanders,20261008NHL00094,DK,draftkings,open,1,2026-10-07T11:30:00,Oct 7,11:30 AM ET,17h ago,away,Chicago Blackhawks,,0.0,0.0,,0.0,0.0,170.0,0.0,0.0
2026-10-08T04:58:04,nhl,nhl_20261008_chicago_blackhawks_new_york_islanders,20261008NHL00094,DK,draftkings,open,1,2026-10-07T11:30:00,Oct 7,11:30 AM ET,17h ago,home,New York Islanders,,0.0,0.0,,0.0,0.0,-205.0,100.0,100.0
2026-10-08T04:58:04,nhl,nhl_20261008_chicago_blackhawks_new_york_islanders,20261008NHL00094,DK,draftkings,change,2,2026-10-08T03:30:00,Oct 8,3:30 AM ET,1h ago,away,Chicago Blackhawks,1.5,0.0,25.0,5.5,0.0,0.0,154.0,80.0,23.0
2026-10-08T04:58:04,nhl,nhl_20261008_chicago_blackhawks_new_york_islanders,20261008NHL00094,DK,draftkings,change,2,2026-10-08T03:30:00,Oct 8,3:30 AM ET,1h ago,home,New York Islanders,-1.5,100.0,75.0,5.5,100.0,100.0,-185.0,20.0,77.0
2026-10-08T04:58:04,nhl,nhl_20261008_chicago_blackhawks_new_york_islanders,20261008NHL00094,DK,draftkings,change,3,2026-10-08T02:10:00,Oct 8,2:10 AM ET,2h ago,away,Chicago Blackhawks,1.5,0.0,25.0,5.5,0.0,0.0,154.0,80.0,24.0
2026-10-08T04:58:04,nhl,nhl_20261008_chicago_blackhawks_new_york_islanders,20261008NHL00094,DK,draftkings,change,3,2026-10-08T02:10:00,Oct 8,2:10 AM ET,2h ago,home,New York Islanders,-1.5,100.0,75.0,5.5,100.0,100.0,-185.0,20.0,76.0
2026-10-08T04:58:04,nhl,nhl_20261008_chicago_blackhawks_new_york_islanders,20261008NHL00094,DK,draftkings,change,4,2026-10-08T01:00:00,Oct 8,1:00 AM ET,3h ago,away,Chicago Blackhawks,1.5,0.0,0.0,5.5,0.0,0.0,154.0,80.0,25.0
2026-10-08T04:58:04,nhl,nhl_20261008_chicago_blackhawks_new_york_islanders,20261008NHL00094,DK,draftkings,change,4,2026-10-08T01:00:00,Oct 8,1:00 AM ET,3h ago,home,New York Islanders,-1.5,100.0,100.0,5.5,100.0,100.0,-185.0,20.0,75.0
2026-10-08T04:58:04,nhl,nhl_20261008_chicago_blackhawks_new_york_islanders,20261008NHL00094,DK,draftkings,change,5,2026-10-07T23:55:00,Oct 7,11:55 PM ET,5h ago,away,Chicago Blackhawks,1.5,0.0,0.0,5.5,0.0,0.0,154.0,85.0,29.0
2026-10-08T04:58:04,nhl,nhl_20261008_chicago_blackhawks_new_york_islanders,20261008NHL00094,DK,draftkings,change,5,2026-10-07T23:55:00,Oct 7,11:55 PM ET,5h ago,home,New York Islanders,-1.5,100.0,100.0,5.5,100.0,100.0,-185.0,15.0,71.0
2026-10-08T04:58:04,nhl,nhl_20261008_chicago_blackhawks_new_york_islanders,20261008NHL00094,DK,draftkings,change,6,2026-10-07T22:35:00,Oct 7,10:35 PM ET,6h ago,away,Chicago Blackhawks,1.5,0.0,0.0,5.5,0.0,0.0,154.0,85.0,30.0
2026-10-08T04:58:04,nhl,nhl_20261008_chicago_blackhawks_new_york_islanders,20261008NHL00094,DK,draftkings,change,6,2026-10-07T22:35:00,Oct 7,10:35 PM ET,6h ago,home,New York Islanders,-1.5,100.0,100.0,5.5,100.0,100.0,-185.0,15.0,70.0
2026-10-08T04:58:04,nhl,nhl_20261008_chicago_blackhawks_new_york_islanders,20261008NHL00094,DK,draftkings,change,7,2026-10-07T22:30:00,Oct 7,10:30 PM ET,6h ago,away,Chicago Blackhawks,1.5,0.0,0.0,5.5,0.0,0.0,154.0,85.0,32.0
2026-10-08T04:58:04,nhl,nhl_20261008_chicago_blackhawks_new_york_islanders,20261008NHL00094,DK,draftkings,change,7,2026-10-07T22:30:00,Oct 7,10:30 PM ET,6h ago,home,New York Islanders,-1.5,100.0,100.0,5.5,100.0,100.0,-185.0,15.0,68.0
2026-10-08T04:58:04,nhl,nhl_20261008_chicago_blackhawks_new_york_islanders,20261008NHL00094,DK,draftkings,change,8,2026-10-07T22:00:00,Oct 7,10:00 PM ET,6h ago,away,Chicago Blackhawks,1.5,0.0,0.0,5.5,0.0,0.0,154.0,86.0,35.0
2026-10-08T04:58:04,nhl,nhl_20261008_chicago_blackhawks_new_york_islanders,20261008NHL00094,DK,draftkings,change,8,2026-10-07T22:00:00,Oct 7,10:00 PM ET,6h ago,home,New York Islanders,-1.5,100.0,100.0,5.5,100.0,100.0,-185.0,14.0,65.0
2026-10-08T04:58:04,nhl,nhl_20261008_chicago_blackhawks_new_york_islanders,20261008NHL00094,DK,draftkings,change,9,2026-10-07T20:00:00,Oct 7,8:00 PM ET,8h ago,away,Chicago Blackhawks,1.5,0.0,0.0,5.5,0.0,0.0,154.0,86.0,31.0
2026-10-08T04:58:04,nhl,nhl_20261008_chicago_blackhawks_new_york_islanders,20261008NHL00094,DK,draftkings,change,9,2026-10-07T20:00:00,Oct 7,8:00 PM ET,8h ago,home,New York Islanders,-1.5,100.0,100.0,5.5,100.0,100.0,-185.0,14.0,69.0
2026-10-08T04:58:04,nhl,nhl_20261008_chicago_blackhawks_new_york_islanders,20261008NHL00094,DK,draftkings,change,10,2026-10-07T19:50:00,Oct 7,7:50 PM ET,9h ago,away,Chicago Blackhawks,1.5,0.0,0.0,5.5,0.0,0.0,154.0,86.0,29.0
2026-10-08T04:58:04,nhl,nhl_20261008_chicago_blackhawks_new_york_islanders,20261008NHL00094,DK,draftkings,change,10,2026-10-07T19:50:00,Oct 7,7:50 PM ET,9h ago,home,New York Islanders,-1.5,100.0,100.0,5.5,100.0,100.0,-185.0,14.0,71.0
2026-10-08T04:58:04,nhl,nhl_20261008_chicago_blackhawks_new_york_islanders,20261008NHL00094,DK,draftkings,change,11,2026-10-07T19:00:00,Oct 7,7:00 PM ET,9h ago,away,Chicago Blackhawks,,0.0,0.0,5.5,0.0,0.0,154.0,86.0,29.0
2026-10-08T04:58:04,nhl,nhl_20261008_chicago_blackhawks_new_york_islanders,20261008NHL00094,DK,draftkings,change,11,2026-10-07T19:00:00,Oct 7,7:00 PM ET,9h ago,home,New York Islanders,,0.0,0.0,5.5,100.0,100.0,-185.0,14.0,71.0
2026-10-08T04:58:04,nhl,nhl_20261008_chicago_blackhawks_new_york_islanders,20261008NHL00094,DK,draftkings,change,12,2026-10-07T18:20:00,Oct 7,6:20 PM ET,10h ago,away,Chicago Blackhawks,,0.0,0.0,5.5,0.0,0.0,154.0,62.0,25.0
2026-10-08T04:58:04,nhl,nhl_20261008_chicago_blackhawks_new_york_islanders,20261008NHL00094,DK,draftkings,change,12,2026-10-07T18:20:00,Oct 7,6:20 PM ET,10h ago,home,New York Islanders,,0.0,0.0,5.5,100.0,100.0,-185.0,38.0,75.0
2026-10-08T04:58:04,nhl,nhl_20261008_chicago_blackhawks_new_york_islanders,20261008NHL00094,DK,draftkings,change,13,2026-10-07T18:15:00,Oct 7,6:15 PM ET,10h ago,away,Chicago Blackhawks,,0.0,0.0,5.5,0.0,0.0,154.0,61.0,18.0
2026-10-08T04:58:04,nhl,nhl_20261008_chicago_blackhawks_new_york_islanders,20261008NHL00094,DK,draftkings,change,13,2026-10-07T18:15:00,Oct 7,6:15 PM ET,10h ago,home,New York Islanders,,0.0,0.0,5.5,100.0,100.0,-185.0,39.0,82.0
2026-10-08T04:58:04,nhl,nhl_20261008_chicago_blackhawks_new_york_islanders,20261008NHL00094,DK,draftkings,change,14,2026-10-07T17:15:00,Oct 7,5:15 PM ET,11h ago,away,Chicago Blackhawks,,0.0,0.0,5.5,0.0,0.0,154.0,62.0,20.0
2026-10-08T04:58:04,nhl,nhl_20261008_chicago_blackhawks_new_york_islanders,20261008NHL00094,DK,draftkings,change,14,2026-10-07T17:15:00,Oct 7,5:15 PM ET,11h ago,home,New York Islanders,,0.0,0.0,5.5,100.0,100.0,-185.0,38.0,80.0
2026-10-08T04:58:04,nhl,nhl_20261008_chicago_blackhawks_new_york_islanders,20261008NHL00094,DK,draftkings,change,15,2026-10-07T17:05:00,Oct 7,5:05 PM ET,11h ago,away,Chicago Blackhawks,,0.0,0.0,5.5,0.0,0.0,154.0,62.0,22.0
2026-10-08T04:58:04,nhl,nhl_20261008_chicago_blackhawks_new_york_islanders,20261008NHL00094,DK,draftkings,change,15,2026-10-07T17:05:00,Oct 7,5:05 PM ET,11h ago,home,New York Islanders,,0.0,0.0,5.5,100.0,100.0,-185.0,38.0,78.0
2026-10-08T04:58:04,nhl,nhl_20261008_chicago_blackhawks_new_york_islanders,20261008NHL00094,DK,draftkings,change,16,2026-10-07T16:00:00,Oct 7,4:00 PM ET,12h ago,away,Chicago Blackhawks,,0.0,0.0,5.5,0.0,0.0,154.0,63.0,25.0
2026-10-08T04:58:04,nhl,nhl_20261008_chicago_blackhawks_new_york_islanders,20261008NHL00094,DK,draftkings,change,16,2026-10-07T16:00:00,Oct 7,4:00 PM ET,12h ago,home,New York Islanders,,0.0,0.0,5.5,100.0,100.0,-185.0,37.0,75.0
2026-10-08T04:58:04,nhl,nhl_20261008_chicago_blackhawks_new_york_islanders,20261008NHL00094,DK,draftkings,change,17,2026-10-07T15:25:00,Oct 7,3:25 PM ET,13h ago,away,Chicago Blackhawks,,0.0,0.0,5.5,0.0,0.0,154.0,68.0,29.0
2026-10-08T04:58:04,nhl,nhl_20261008_chicago_blackhawks_new_york_islanders,20261008NHL00094,DK,draftkings,change,17,2026-10-07T15:25:00,Oct 7,3:25 PM ET,13h ago,home,New York Islanders,,0.0,0.0,5.5,100.0,100.0,-185.0,32.0,71.0
2026-10-08T04:58:04,nhl,nhl_20261008_chicago_blackhawks_new_york_islanders,20261008NHL00094,DK,draftkings,change,18,2026-10-07T13:50:00,Oct 7,1:50 PM ET,15h ago,away,Chicago Blackhawks,,0.0,0.0,5.5,0.0,0.0,154.0,41.0,20.0
2026-10-08T04:58:04,nhl,nhl_20261008_chicago_blackhawks_new_york_islanders,20261008NHL00094,DK,draftkings,change,18,2026-10-07T13:50:00,Oct 7,1:50 PM ET,15h ago,home,New York Islanders,,0.0,0.0,5.5,100.0,100.0,-185.0,59.0,80.0
2026-10-08T04:58:04,nhl,nhl_20261008_chicago_blackhawks_new_york_islanders,20261008NHL00094,DK,draftkings,change,19,2026-10-07T11:30:00,Oct 7,11:30 AM ET,17h ago,away,Chicago Blackhawks,,0.0,0.0,,0.0,0.0,170.0,0.0,0.0
2026-10-08T04:58:04,nhl,nhl_20261008_chicago_blackhawks_new_york_islanders,20261008NHL00094,DK,draftkings,change,19,2026-10-07T11:30:00,Oct 7,11:30 AM ET,17h ago,home,New York Islanders,,0.0,0.0,,0.0,0.0,-205.0,100.0,100.0
