timestamp,source,book,sport,game_id,game_date,game_time,away_team,home_team,spread_line,spread_away_bets_pct,spread_home_bets_pct,spread_away_handle_pct,spread_home_handle_pct,total_line,total_over_bets_pct,total_under_bets_pct,total_over_handle_pct,total_under_handle_pct,ml_away_bets_pct,ml_home_bets_pct,ml_away_handle_pct,ml_home_handle_pct,spread_bets_handle_divergence,total_bets_handle_divergence,sharp_signal_spread,sharp_signal_total,scrape_num,d_spread_line,d_spread_away_bets_pct,d_spread_home_bets_pct,d_spread_away_handle_pct,d_spread_home_handle_pct,d_total_line,d_total_over_bets_pct,d_total_under_bets_pct,d_total_over_handle_pct,d_total_under_handle_pct,d_ml_away_bets_pct,d_ml_home_bets_pct
2026-03-17T00:04:18.518752-04:00,vsin_dk,draftkings,cbase,cbase_20260316_cincinnati_utah_valley,Mar 16,,Cincinnati,Utah Valley,-298.0,90.0,10.0,86.0,14.0,14.5,43.0,57.0,75.0,25.0,64.0,36.0,76.0,24.0,4.0,32.0,False,True,1,,,,,,,,,,,,
2026-03-17T00:04:18.518752-04:00,vsin_dk,draftkings,cbase,cbase_20260316_harvard_california_baptist,Mar 16,,Harvard,California Baptist,400.0,9.0,91.0,5.0,95.0,12.5,43.0,57.0,27.0,73.0,35.0,65.0,35.0,65.0,4.0,16.0,False,True,1,,,,,,,,,,,,
2026-03-17T00:04:18.518752-04:00,vsin_dk,draftkings,cbase,cbase_20260317_cincinnati_utah_valley,Mar 17,,Cincinnati,Utah Valley,-280.0,94.0,6.0,84.0,16.0,,,,,,,,,,10.0,,False,,1,,,,,,,,,,,,
2026-03-17T00:04:18.518752-04:00,vsin_dk,draftkings,cbase,cbase_20260317_maryland_richmond,Mar 17,,Maryland,Richmond,-200.0,91.0,9.0,83.0,17.0,,,,,,,,,,8.0,,False,,1,,,,,,,,,,,,
2026-03-17T00:04:18.518752-04:00,vsin_dk,draftkings,cbase,cbase_20260317_indiana_vanderbilt,Mar 17,,Indiana,Vanderbilt,210.0,5.0,95.0,4.0,96.0,,,,,,,,,,1.0,,False,,1,,,,,,,,,,,,
2026-03-17T00:04:18.518752-04:00,vsin_dk,draftkings,cbase,cbase_20260317_jacksonville_south_florida,Mar 17,,Jacksonville,South Florida,210.0,4.0,96.0,5.0,95.0,,,,,,,,,,1.0,,False,,1,,,,,,,,,,,,
2026-03-17T00:04:18.518752-04:00,vsin_dk,draftkings,cbase,cbase_20260317_charlotte_south_carolina,Mar 17,,Charlotte,South Carolina,100.0,22.0,78.0,66.0,34.0,,,,,,,,,,44.0,,True,,1,,,,,,,,,,,,
2026-03-17T00:04:18.518752-04:00,vsin_dk,draftkings,cbase,cbase_20260317_samford_jacksonville_state,Mar 17,,Samford,Jacksonville State,350.0,3.0,97.0,12.0,88.0,,,,,,,,,,9.0,,False,,1,,,,,,,,,,,,
2026-03-17T00:04:18.518752-04:00,vsin_dk,draftkings,cbase,cbase_20260317_liberty_wake_forest,Mar 17,,Liberty,Wake Forest,150.0,5.0,95.0,4.0,96.0,,,,,,,,,,1.0,,False,,1,,,,,,,,,,,,
2026-03-17T00:04:18.518752-04:00,vsin_dk,draftkings,cbase,cbase_20260317_georgia_tech_auburn,Mar 17,,Georgia Tech,Auburn,-145.0,64.0,36.0,67.0,33.0,,,,,,,,,,3.0,,False,,1,,,,,,,,,,,,
2026-03-17T00:04:18.518752-04:00,vsin_dk,draftkings,cbase,cbase_20260317_elon_east_carolina,Mar 17,,Elon,East Carolina,300.0,2.0,98.0,21.0,79.0,,,,,,,,,,19.0,,True,,1,,,,,,,,,,,,
2026-03-17T00:04:18.518752-04:00,vsin_dk,draftkings,cbase,cbase_20260317_austin_peay_ole_miss,Mar 17,,Austin Peay,Ole Miss,300.0,1.0,99.0,12.0,88.0,,,,,,,,,,11.0,,False,,1,,,,,,,,,,,,
2026-03-17T00:04:18.518752-04:00,vsin_dk,draftkings,cbase,cbase_20260317_sam_houston_lamar,Mar 17,,Sam Houston,Lamar,145.0,20.0,80.0,4.0,96.0,,,,,,,,,,16.0,,True,,1,,,,,,,,,,,,
2026-03-17T00:04:18.518752-04:00,vsin_dk,draftkings,cbase,cbase_20260317_duke_campbell,Mar 17,,Duke,Campbell,-200.0,91.0,9.0,33.0,67.0,,,,,,,,,,58.0,,True,,1,,,,,,,,,,,,
2026-03-17T00:04:18.518752-04:00,vsin_dk,draftkings,cbase,cbase_20260317_north_carolina_state_uncw,Mar 17,,North Carolina State,UNCW,-120.0,88.0,12.0,100.0,,,,,,,,,,,,,,,1,,,,,,,,,,,,
2026-03-17T00:04:18.518752-04:00,vsin_dk,draftkings,cbase,cbase_20260317_clemson_college_of_charleston,Mar 17,,Clemson,College of Charleston,-445.0,98.0,2.0,90.0,10.0,,,,,,,,,,8.0,,False,,1,,,,,,,,,,,,
2026-03-17T00:04:18.518752-04:00,vsin_dk,draftkings,cbase,cbase_20260317_fgcu_florida_atlantic,Mar 17,,FGCU,Florida Atlantic,-105.0,36.0,64.0,87.0,13.0,,,,,,,,,,51.0,,True,,1,,,,,,,,,,,,
2026-03-17T00:04:18.518752-04:00,vsin_dk,draftkings,cbase,cbase_20260317_stetson_florida,Mar 17,,Stetson,Florida,450.0,1.0,99.0,9.0,91.0,,,,,,,,,,8.0,,False,,1,,,,,,,,,,,,
2026-03-17T00:04:18.518752-04:00,vsin_dk,draftkings,cbase,cbase_20260317_sfa_ut_arlington,Mar 17,,SFA,UT Arlington,160.0,11.0,89.0,91.0,9.0,,,,,,,,,,80.0,,True,,1,,,,,,,,,,,,
2026-03-17T00:04:18.518752-04:00,vsin_dk,draftkings,cbase,cbase_20260317_missouri_kansas,Mar 17,,Missouri,Kansas,100.0,49.0,51.0,79.0,21.0,,,,,,,,,,30.0,,True,,1,,,,,,,,,,,,
2026-03-17T00:04:18.518752-04:00,vsin_dk,draftkings,cbase,cbase_20260317_oklahoma_southeastern_louisiana,Mar 17,,Oklahoma,Southeastern Louisiana,-330.0,100.0,,100.0,,,,,,,,,,,,,,,1,,,,,,,,,,,,
2026-03-17T00:04:18.518752-04:00,vsin_dk,draftkings,cbase,cbase_20260317_southern_mississippi_nicholls_state,Mar 17,,Southern Mississippi,Nicholls State,-660.0,99.0,1.0,89.0,11.0,,,,,,,,,,10.0,,False,,1,,,,,,,,,,,,
2026-03-17T00:04:18.518752-04:00,vsin_dk,draftkings,cbase,cbase_20260317_nebraska_wichita_state,Mar 17,,Nebraska,Wichita State,120.0,44.0,56.0,90.0,10.0,,,,,,,,,,46.0,,True,,1,,,,,,,,,,,,
2026-03-17T00:04:18.518752-04:00,vsin_dk,draftkings,cbase,cbase_20260317_new_orleans_tulane,Mar 17,,New Orleans,Tulane,175.0,2.0,98.0,,100.0,,,,,,,,,,2.0,,False,,1,,,,,,,,,,,,
2026-03-17T00:04:18.518752-04:00,vsin_dk,draftkings,cbase,cbase_20260317_tarleton_state_texas,Mar 17,,Tarleton State,Texas,600.0,,100.0,,100.0,,,,,,,,,,0.0,,False,,1,,,,,,,,,,,,
2026-03-17T00:04:18.518752-04:00,vsin_dk,draftkings,cbase,cbase_20260317_kansas_state_baylor,Mar 17,,Kansas State,Baylor,-175.0,59.0,41.0,47.0,53.0,,,,,,,,,,12.0,,False,,1,,,,,,,,,,,,
2026-03-17T00:04:18.518752-04:00,vsin_dk,draftkings,cbase,cbase_20260317_texas_tech_dbu,Mar 17,,Texas Tech,DBU,120.0,33.0,67.0,9.0,91.0,,,,,,,,,,24.0,,True,,1,,,,,,,,,,,,
2026-03-17T00:04:18.518752-04:00,vsin_dk,draftkings,cbase,cbase_20260317_new_mexico_arizona,Mar 17,,New Mexico,Arizona,165.0,9.0,91.0,70.0,30.0,,,,,,,,,,61.0,,True,,1,,,,,,,,,,,,
2026-03-17T00:04:18.518752-04:00,vsin_dk,draftkings,cbase,cbase_20260317_uconn_california,Mar 17,,UConn,California,114.0,20.0,80.0,6.0,94.0,,,,,,,,,,14.0,,False,,1,,,,,,,,,,,,
2026-03-17T00:04:18.518752-04:00,vsin_dk,draftkings,cbase,cbase_20260317_csun_fresno_state,Mar 17,,CSUN,Fresno State,130.0,32.0,68.0,96.0,4.0,,,,,,,,,,64.0,,True,,1,,,,,,,,,,,,
2026-03-17T00:04:18.518752-04:00,vsin_dk,draftkings,cbase,cbase_20260317_cal_state_fullerton_unlv,Mar 17,,Cal State Fullerton,UNLV,-120.0,81.0,19.0,100.0,,,,,,,,,,,,,,,1,,,,,,,,,,,,
2026-03-17T00:04:18.518752-04:00,vsin_dk,draftkings,cbase,cbase_20260317_lmu_long_beach_state,Mar 17,,LMU,Long Beach State,160.0,5.0,95.0,,100.0,,,,,,,,,,5.0,,False,,1,,,,,,,,,,,,
2026-03-17T00:04:18.518752-04:00,vsin_dk,draftkings,cbase,cbase_20260317_san_diego_state_usc,Mar 17,,San Diego State,USC,470.0,,100.0,,100.0,,,,,,,,,,0.0,,False,,1,,,,,,,,,,,,
2026-03-17T00:04:18.518752-04:00,vsin_dk,draftkings,cbase,cbase_20260317_grand_canyon_arizona_state,Mar 17,,Grand Canyon,Arizona State,575.0,2.0,98.0,18.0,82.0,,,,,,,,,,16.0,,True,,1,,,,,,,,,,,,
2026-03-17T00:33:50.699971-04:00,vsin_dk,draftkings,cbase,cbase_20260316_cincinnati_utah_valley,Mar 16,,Cincinnati,Utah Valley,-298.0,90.0,10.0,86.0,14.0,14.5,43.0,57.0,75.0,25.0,64.0,36.0,76.0,24.0,4.0,32.0,False,True,1,,,,,,,,,,,,
2026-03-17T00:33:50.699971-04:00,vsin_dk,draftkings,cbase,cbase_20260316_harvard_california_baptist,Mar 16,,Harvard,California Baptist,400.0,9.0,91.0,5.0,95.0,12.5,43.0,57.0,27.0,73.0,35.0,65.0,35.0,65.0,4.0,16.0,False,True,1,,,,,,,,,,,,
2026-03-17T00:33:50.699971-04:00,vsin_dk,draftkings,cbase,cbase_20260317_cincinnati_utah_valley,Mar 17,,Cincinnati,Utah Valley,-280.0,94.0,6.0,90.0,10.0,,,,,,,,,,4.0,,False,,1,,,,,,,,,,,,
2026-03-17T00:33:50.699971-04:00,vsin_dk,draftkings,cbase,cbase_20260317_maryland_richmond,Mar 17,,Maryland,Richmond,-200.0,90.0,10.0,83.0,17.0,,,,,,,,,,7.0,,False,,1,,,,,,,,,,,,
2026-03-17T00:33:50.699971-04:00,vsin_dk,draftkings,cbase,cbase_20260317_indiana_vanderbilt,Mar 17,,Indiana,Vanderbilt,210.0,5.0,95.0,4.0,96.0,,,,,,,,,,1.0,,False,,1,,,,,,,,,,,,
2026-03-17T00:33:50.699971-04:00,vsin_dk,draftkings,cbase,cbase_20260317_jacksonville_south_florida,Mar 17,,Jacksonville,South Florida,210.0,4.0,96.0,4.0,96.0,,,,,,,,,,0.0,,False,,1,,,,,,,,,,,,
2026-03-17T00:33:50.699971-04:00,vsin_dk,draftkings,cbase,cbase_20260317_charlotte_south_carolina,Mar 17,,Charlotte,South Carolina,100.0,22.0,78.0,66.0,34.0,,,,,,,,,,44.0,,True,,1,,,,,,,,,,,,
2026-03-17T00:33:50.699971-04:00,vsin_dk,draftkings,cbase,cbase_20260317_samford_jacksonville_state,Mar 17,,Samford,Jacksonville State,350.0,3.0,97.0,21.0,79.0,,,,,,,,,,18.0,,True,,1,,,,,,,,,,,,
2026-03-17T00:33:50.699971-04:00,vsin_dk,draftkings,cbase,cbase_20260317_liberty_wake_forest,Mar 17,,Liberty,Wake Forest,150.0,4.0,96.0,3.0,97.0,,,,,,,,,,1.0,,False,,1,,,,,,,,,,,,
2026-03-17T00:33:50.699971-04:00,vsin_dk,draftkings,cbase,cbase_20260317_georgia_tech_auburn,Mar 17,,Georgia Tech,Auburn,-145.0,65.0,35.0,67.0,33.0,,,,,,,,,,2.0,,False,,1,,,,,,,,,,,,
2026-03-17T00:33:50.699971-04:00,vsin_dk,draftkings,cbase,cbase_20260317_elon_east_carolina,Mar 17,,Elon,East Carolina,300.0,2.0,98.0,20.0,80.0,,,,,,,,,,18.0,,True,,1,,,,,,,,,,,,
2026-03-17T00:33:50.699971-04:00,vsin_dk,draftkings,cbase,cbase_20260317_austin_peay_ole_miss,Mar 17,,Austin Peay,Ole Miss,300.0,1.0,99.0,11.0,89.0,,,,,,,,,,10.0,,False,,1,,,,,,,,,,,,
2026-03-17T00:33:50.699971-04:00,vsin_dk,draftkings,cbase,cbase_20260317_sam_houston_lamar,Mar 17,,Sam Houston,Lamar,145.0,19.0,81.0,3.0,97.0,,,,,,,,,,16.0,,True,,1,,,,,,,,,,,,
2026-03-17T00:33:50.699971-04:00,vsin_dk,draftkings,cbase,cbase_20260317_duke_campbell,Mar 17,,Duke,Campbell,-200.0,91.0,9.0,34.0,66.0,,,,,,,,,,57.0,,True,,1,,,,,,,,,,,,
2026-03-17T00:33:50.699971-04:00,vsin_dk,draftkings,cbase,cbase_20260317_north_carolina_state_uncw,Mar 17,,North Carolina State,UNCW,-120.0,90.0,10.0,100.0,,,,,,,,,,,,,,,1,,,,,,,,,,,,
2026-03-17T00:33:50.699971-04:00,vsin_dk,draftkings,cbase,cbase_20260317_clemson_college_of_charleston,Mar 17,,Clemson,College of Charleston,-445.0,99.0,1.0,91.0,9.0,,,,,,,,,,8.0,,False,,1,,,,,,,,,,,,
2026-03-17T00:33:50.699971-04:00,vsin_dk,draftkings,cbase,cbase_20260317_fgcu_florida_atlantic,Mar 17,,FGCU,Florida Atlantic,-105.0,33.0,67.0,87.0,13.0,,,,,,,,,,54.0,,True,,1,,,,,,,,,,,,
2026-03-17T00:33:50.699971-04:00,vsin_dk,draftkings,cbase,cbase_20260317_stetson_florida,Mar 17,,Stetson,Florida,450.0,,100.0,8.0,92.0,,,,,,,,,,8.0,,False,,1,,,,,,,,,,,,
2026-03-17T00:33:50.699971-04:00,vsin_dk,draftkings,cbase,cbase_20260317_sfa_ut_arlington,Mar 17,,SFA,UT Arlington,160.0,12.0,88.0,81.0,19.0,,,,,,,,,,69.0,,True,,1,,,,,,,,,,,,
2026-03-17T00:33:50.699971-04:00,vsin_dk,draftkings,cbase,cbase_20260317_missouri_kansas,Mar 17,,Missouri,Kansas,100.0,48.0,52.0,80.0,20.0,,,,,,,,,,32.0,,True,,1,,,,,,,,,,,,
2026-03-17T00:33:50.699971-04:00,vsin_dk,draftkings,cbase,cbase_20260317_oklahoma_southeastern_louisiana,Mar 17,,Oklahoma,Southeastern Louisiana,-330.0,100.0,,100.0,,,,,,,,,,,,,,,1,,,,,,,,,,,,
2026-03-17T00:33:50.699971-04:00,vsin_dk,draftkings,cbase,cbase_20260317_southern_mississippi_nicholls_state,Mar 17,,Southern Mississippi,Nicholls State,-660.0,99.0,1.0,90.0,10.0,,,,,,,,,,9.0,,False,,1,,,,,,,,,,,,
2026-03-17T00:33:50.699971-04:00,vsin_dk,draftkings,cbase,cbase_20260317_nebraska_wichita_state,Mar 17,,Nebraska,Wichita State,120.0,41.0,59.0,90.0,10.0,,,,,,,,,,49.0,,True,,1,,,,,,,,,,,,
2026-03-17T00:33:50.699971-04:00,vsin_dk,draftkings,cbase,cbase_20260317_new_orleans_tulane,Mar 17,,New Orleans,Tulane,175.0,2.0,98.0,,100.0,,,,,,,,,,2.0,,False,,1,,,,,,,,,,,,
2026-03-17T00:33:50.699971-04:00,vsin_dk,draftkings,cbase,cbase_20260317_tarleton_state_texas,Mar 17,,Tarleton State,Texas,600.0,,100.0,,100.0,,,,,,,,,,0.0,,False,,1,,,,,,,,,,,,
2026-03-17T00:33:50.699971-04:00,vsin_dk,draftkings,cbase,cbase_20260317_kansas_state_baylor,Mar 17,,Kansas State,Baylor,-175.0,63.0,37.0,50.0,50.0,,,,,,,,,,13.0,,False,,1,,,,,,,,,,,,
2026-03-17T00:33:50.699971-04:00,vsin_dk,draftkings,cbase,cbase_20260317_texas_tech_dbu,Mar 17,,Texas Tech,DBU,120.0,32.0,68.0,9.0,91.0,,,,,,,,,,23.0,,True,,1,,,,,,,,,,,,
2026-03-17T00:33:50.699971-04:00,vsin_dk,draftkings,cbase,cbase_20260317_new_mexico_arizona,Mar 17,,New Mexico,Arizona,165.0,8.0,92.0,69.0,31.0,,,,,,,,,,61.0,,True,,1,,,,,,,,,,,,
2026-03-17T00:33:50.699971-04:00,vsin_dk,draftkings,cbase,cbase_20260317_uconn_california,Mar 17,,UConn,California,114.0,18.0,82.0,6.0,94.0,,,,,,,,,,12.0,,False,,1,,,,,,,,,,,,
2026-03-17T00:33:50.699971-04:00,vsin_dk,draftkings,cbase,cbase_20260317_csun_fresno_state,Mar 17,,CSUN,Fresno State,130.0,32.0,68.0,96.0,4.0,,,,,,,,,,64.0,,True,,1,,,,,,,,,,,,
2026-03-17T00:33:50.699971-04:00,vsin_dk,draftkings,cbase,cbase_20260317_cal_state_fullerton_unlv,Mar 17,,Cal State Fullerton,UNLV,-120.0,82.0,18.0,100.0,,,,,,,,,,,,,,,1,,,,,,,,,,,,
2026-03-17T00:33:50.699971-04:00,vsin_dk,draftkings,cbase,cbase_20260317_lmu_long_beach_state,Mar 17,,LMU,Long Beach State,160.0,6.0,94.0,,100.0,,,,,,,,,,6.0,,False,,1,,,,,,,,,,,,
2026-03-17T00:33:50.699971-04:00,vsin_dk,draftkings,cbase,cbase_20260317_san_diego_state_usc,Mar 17,,San Diego State,USC,470.0,,100.0,,100.0,,,,,,,,,,0.0,,False,,1,,,,,,,,,,,,
2026-03-17T00:33:50.699971-04:00,vsin_dk,draftkings,cbase,cbase_20260317_grand_canyon_arizona_state,Mar 17,,Grand Canyon,Arizona State,575.0,2.0,98.0,14.0,86.0,,,,,,,,,,12.0,,False,,1,,,,,,,,,,,,
2026-03-17T01:04:08.761883-04:00,vsin_dk,draftkings,cbase,cbase_20260316_cincinnati_utah_valley,Mar 16,,Cincinnati,Utah Valley,-298.0,90.0,10.0,86.0,14.0,14.5,43.0,57.0,75.0,25.0,64.0,36.0,76.0,24.0,4.0,32.0,False,True,1,,,,,,,,,,,,
2026-03-17T01:04:08.761883-04:00,vsin_dk,draftkings,cbase,cbase_20260316_harvard_california_baptist,Mar 16,,Harvard,California Baptist,400.0,9.0,91.0,5.0,95.0,12.5,43.0,57.0,27.0,73.0,35.0,65.0,35.0,65.0,4.0,16.0,False,True,1,,,,,,,,,,,,
2026-03-17T01:04:08.761883-04:00,vsin_dk,draftkings,cbase,cbase_20260317_cincinnati_utah_valley,Mar 17,,Cincinnati,Utah Valley,-280.0,93.0,7.0,88.0,12.0,,,,,,,,,,5.0,,False,,1,,,,,,,,,,,,
2026-03-17T01:04:08.761883-04:00,vsin_dk,draftkings,cbase,cbase_20260317_maryland_richmond,Mar 17,,Maryland,Richmond,-200.0,89.0,11.0,83.0,17.0,,,,,,,,,,6.0,,False,,1,,,,,,,,,,,,
2026-03-17T01:04:08.761883-04:00,vsin_dk,draftkings,cbase,cbase_20260317_indiana_vanderbilt,Mar 17,,Indiana,Vanderbilt,210.0,5.0,95.0,6.0,94.0,,,,,,,,,,1.0,,False,,1,,,,,,,,,,,,
2026-03-17T01:04:08.761883-04:00,vsin_dk,draftkings,cbase,cbase_20260317_jacksonville_south_florida,Mar 17,,Jacksonville,South Florida,210.0,4.0,96.0,4.0,96.0,,,,,,,,,,0.0,,False,,1,,,,,,,,,,,,
2026-03-17T01:04:08.761883-04:00,vsin_dk,draftkings,cbase,cbase_20260317_charlotte_south_carolina,Mar 17,,Charlotte,South Carolina,100.0,23.0,77.0,66.0,34.0,,,,,,,,,,43.0,,True,,1,,,,,,,,,,,,
2026-03-17T01:04:08.761883-04:00,vsin_dk,draftkings,cbase,cbase_20260317_samford_jacksonville_state,Mar 17,,Samford,Jacksonville State,350.0,4.0,96.0,20.0,80.0,,,,,,,,,,16.0,,True,,1,,,,,,,,,,,,
2026-03-17T01:04:08.761883-04:00,vsin_dk,draftkings,cbase,cbase_20260317_liberty_wake_forest,Mar 17,,Liberty,Wake Forest,150.0,6.0,94.0,5.0,95.0,,,,,,,,,,1.0,,False,,1,,,,,,,,,,,,
2026-03-17T01:04:08.761883-04:00,vsin_dk,draftkings,cbase,cbase_20260317_georgia_tech_auburn,Mar 17,,Georgia Tech,Auburn,-145.0,62.0,38.0,64.0,36.0,,,,,,,,,,2.0,,False,,1,,,,,,,,,,,,
2026-03-17T01:04:08.761883-04:00,vsin_dk,draftkings,cbase,cbase_20260317_elon_east_carolina,Mar 17,,Elon,East Carolina,300.0,2.0,98.0,17.0,83.0,,,,,,,,,,15.0,,True,,1,,,,,,,,,,,,
2026-03-17T01:04:08.761883-04:00,vsin_dk,draftkings,cbase,cbase_20260317_austin_peay_ole_miss,Mar 17,,Austin Peay,Ole Miss,300.0,1.0,99.0,10.0,90.0,,,,,,,,,,9.0,,False,,1,,,,,,,,,,,,
2026-03-17T01:04:08.761883-04:00,vsin_dk,draftkings,cbase,cbase_20260317_sam_houston_lamar,Mar 17,,Sam Houston,Lamar,145.0,22.0,78.0,3.0,97.0,,,,,,,,,,19.0,,True,,1,,,,,,,,,,,,
2026-03-17T01:04:08.761883-04:00,vsin_dk,draftkings,cbase,cbase_20260317_duke_campbell,Mar 17,,Duke,Campbell,-200.0,92.0,8.0,35.0,65.0,,,,,,,,,,57.0,,True,,1,,,,,,,,,,,,
2026-03-17T01:04:08.761883-04:00,vsin_dk,draftkings,cbase,cbase_20260317_north_carolina_state_uncw,Mar 17,,North Carolina State,UNCW,-120.0,89.0,11.0,100.0,,,,,,,,,,,,,,,1,,,,,,,,,,,,
2026-03-17T01:04:08.761883-04:00,vsin_dk,draftkings,cbase,cbase_20260317_clemson_college_of_charleston,Mar 17,,Clemson,College of Charleston,-445.0,99.0,1.0,92.0,8.0,,,,,,,,,,7.0,,False,,1,,,,,,,,,,,,
2026-03-17T01:04:08.761883-04:00,vsin_dk,draftkings,cbase,cbase_20260317_fgcu_florida_atlantic,Mar 17,,FGCU,Florida Atlantic,-105.0,33.0,67.0,86.0,14.0,,,,,,,,,,53.0,,True,,1,,,,,,,,,,,,
2026-03-17T01:04:08.761883-04:00,vsin_dk,draftkings,cbase,cbase_20260317_stetson_florida,Mar 17,,Stetson,Florida,450.0,,100.0,8.0,92.0,,,,,,,,,,8.0,,False,,1,,,,,,,,,,,,
2026-03-17T01:04:08.761883-04:00,vsin_dk,draftkings,cbase,cbase_20260317_sfa_ut_arlington,Mar 17,,SFA,UT Arlington,160.0,13.0,87.0,81.0,19.0,,,,,,,,,,68.0,,True,,1,,,,,,,,,,,,
2026-03-17T01:04:08.761883-04:00,vsin_dk,draftkings,cbase,cbase_20260317_missouri_kansas,Mar 17,,Missouri,Kansas,100.0,49.0,51.0,79.0,21.0,,,,,,,,,,30.0,,True,,1,,,,,,,,,,,,
2026-03-17T01:04:08.761883-04:00,vsin_dk,draftkings,cbase,cbase_20260317_oklahoma_southeastern_louisiana,Mar 17,,Oklahoma,Southeastern Louisiana,-330.0,99.0,1.0,100.0,,,,,,,,,,,,,,,1,,,,,,,,,,,,
2026-03-17T01:04:08.761883-04:00,vsin_dk,draftkings,cbase,cbase_20260317_southern_mississippi_nicholls_state,Mar 17,,Southern Mississippi,Nicholls State,-660.0,99.0,1.0,90.0,10.0,,,,,,,,,,9.0,,False,,1,,,,,,,,,,,,
2026-03-17T01:04:08.761883-04:00,vsin_dk,draftkings,cbase,cbase_20260317_nebraska_wichita_state,Mar 17,,Nebraska,Wichita State,120.0,44.0,56.0,90.0,10.0,,,,,,,,,,46.0,,True,,1,,,,,,,,,,,,
2026-03-17T01:04:08.761883-04:00,vsin_dk,draftkings,cbase,cbase_20260317_new_orleans_tulane,Mar 17,,New Orleans,Tulane,175.0,3.0,97.0,1.0,99.0,,,,,,,,,,2.0,,False,,1,,,,,,,,,,,,
2026-03-17T01:04:08.761883-04:00,vsin_dk,draftkings,cbase,cbase_20260317_tarleton_state_texas,Mar 17,,Tarleton State,Texas,600.0,,100.0,,100.0,,,,,,,,,,0.0,,False,,1,,,,,,,,,,,,
2026-03-17T01:04:08.761883-04:00,vsin_dk,draftkings,cbase,cbase_20260317_kansas_state_baylor,Mar 17,,Kansas State,Baylor,-175.0,64.0,36.0,51.0,49.0,,,,,,,,,,13.0,,False,,1,,,,,,,,,,,,
2026-03-17T01:04:08.761883-04:00,vsin_dk,draftkings,cbase,cbase_20260317_texas_tech_dbu,Mar 17,,Texas Tech,DBU,120.0,36.0,64.0,10.0,90.0,,,,,,,,,,26.0,,True,,1,,,,,,,,,,,,
2026-03-17T01:04:08.761883-04:00,vsin_dk,draftkings,cbase,cbase_20260317_new_mexico_arizona,Mar 17,,New Mexico,Arizona,165.0,9.0,91.0,67.0,33.0,,,,,,,,,,58.0,,True,,1,,,,,,,,,,,,
2026-03-17T01:04:08.761883-04:00,vsin_dk,draftkings,cbase,cbase_20260317_uconn_california,Mar 17,,UConn,California,114.0,17.0,83.0,5.0,95.0,,,,,,,,,,12.0,,False,,1,,,,,,,,,,,,
2026-03-17T01:04:08.761883-04:00,vsin_dk,draftkings,cbase,cbase_20260317_csun_fresno_state,Mar 17,,CSUN,Fresno State,130.0,31.0,69.0,96.0,4.0,,,,,,,,,,65.0,,True,,1,,,,,,,,,,,,
2026-03-17T01:04:08.761883-04:00,vsin_dk,draftkings,cbase,cbase_20260317_cal_state_fullerton_unlv,Mar 17,,Cal State Fullerton,UNLV,-120.0,82.0,18.0,100.0,,,,,,,,,,,,,,,1,,,,,,,,,,,,
2026-03-17T01:04:08.761883-04:00,vsin_dk,draftkings,cbase,cbase_20260317_lmu_long_beach_state,Mar 17,,LMU,Long Beach State,160.0,6.0,94.0,,100.0,,,,,,,,,,6.0,,False,,1,,,,,,,,,,,,
2026-03-17T01:04:08.761883-04:00,vsin_dk,draftkings,cbase,cbase_20260317_san_diego_state_usc,Mar 17,,San Diego State,USC,470.0,,100.0,,100.0,,,,,,,,,,0.0,,False,,1,,,,,,,,,,,,
2026-03-17T01:04:08.761883-04:00,vsin_dk,draftkings,cbase,cbase_20260317_grand_canyon_arizona_state,Mar 17,,Grand Canyon,Arizona State,575.0,1.0,99.0,13.0,87.0,,,,,,,,,,12.0,,False,,1,,,,,,,,,,,,
2026-03-17T01:28:25.642691-04:00,vsin_dk,draftkings,cbase,cbase_20260316_cincinnati_utah_valley,Mar 16,,Cincinnati,Utah Valley,-298.0,90.0,10.0,86.0,14.0,14.5,43.0,57.0,75.0,25.0,64.0,36.0,76.0,24.0,4.0,32.0,False,True,1,,,,,,,,,,,,
2026-03-17T01:28:25.642691-04:00,vsin_dk,draftkings,cbase,cbase_20260316_harvard_california_baptist,Mar 16,,Harvard,California Baptist,400.0,9.0,91.0,5.0,95.0,12.5,43.0,57.0,27.0,73.0,35.0,65.0,35.0,65.0,4.0,16.0,False,True,1,,,,,,,,,,,,
2026-03-17T01:28:25.642691-04:00,vsin_dk,draftkings,cbase,cbase_20260317_cincinnati_utah_valley,Mar 17,,Cincinnati,Utah Valley,-280.0,93.0,7.0,89.0,11.0,,,,,,,,,,4.0,,False,,1,,,,,,,,,,,,
2026-03-17T01:28:25.642691-04:00,vsin_dk,draftkings,cbase,cbase_20260317_maryland_richmond,Mar 17,,Maryland,Richmond,-200.0,87.0,13.0,83.0,17.0,,,,,,,,,,4.0,,False,,1,,,,,,,,,,,,
2026-03-17T01:28:25.642691-04:00,vsin_dk,draftkings,cbase,cbase_20260317_indiana_vanderbilt,Mar 17,,Indiana,Vanderbilt,210.0,5.0,95.0,6.0,94.0,,,,,,,,,,1.0,,False,,1,,,,,,,,,,,,
2026-03-17T01:28:25.642691-04:00,vsin_dk,draftkings,cbase,cbase_20260317_jacksonville_south_florida,Mar 17,,Jacksonville,South Florida,210.0,5.0,95.0,6.0,94.0,,,,,,,,,,1.0,,False,,1,,,,,,,,,,,,
2026-03-17T01:28:25.642691-04:00,vsin_dk,draftkings,cbase,cbase_20260317_charlotte_south_carolina,Mar 17,,Charlotte,South Carolina,100.0,23.0,77.0,66.0,34.0,,,,,,,,,,43.0,,True,,1,,,,,,,,,,,,
2026-03-17T01:28:25.642691-04:00,vsin_dk,draftkings,cbase,cbase_20260317_samford_jacksonville_state,Mar 17,,Samford,Jacksonville State,350.0,4.0,96.0,20.0,80.0,,,,,,,,,,16.0,,True,,1,,,,,,,,,,,,
2026-03-17T01:28:25.642691-04:00,vsin_dk,draftkings,cbase,cbase_20260317_liberty_wake_forest,Mar 17,,Liberty,Wake Forest,150.0,7.0,93.0,5.0,95.0,,,,,,,,,,2.0,,False,,1,,,,,,,,,,,,
2026-03-17T01:28:25.642691-04:00,vsin_dk,draftkings,cbase,cbase_20260317_georgia_tech_auburn,Mar 17,,Georgia Tech,Auburn,-145.0,61.0,39.0,65.0,35.0,,,,,,,,,,4.0,,False,,1,,,,,,,,,,,,
2026-03-17T01:28:25.642691-04:00,vsin_dk,draftkings,cbase,cbase_20260317_elon_east_carolina,Mar 17,,Elon,East Carolina,300.0,3.0,97.0,16.0,84.0,,,,,,,,,,13.0,,False,,1,,,,,,,,,,,,
2026-03-17T01:28:25.642691-04:00,vsin_dk,draftkings,cbase,cbase_20260317_austin_peay_ole_miss,Mar 17,,Austin Peay,Ole Miss,300.0,2.0,98.0,10.0,90.0,,,,,,,,,,8.0,,False,,1,,,,,,,,,,,,
2026-03-17T01:28:25.642691-04:00,vsin_dk,draftkings,cbase,cbase_20260317_sam_houston_lamar,Mar 17,,Sam Houston,Lamar,145.0,22.0,78.0,3.0,97.0,,,,,,,,,,19.0,,True,,1,,,,,,,,,,,,
2026-03-17T01:28:25.642691-04:00,vsin_dk,draftkings,cbase,cbase_20260317_duke_campbell,Mar 17,,Duke,Campbell,-200.0,91.0,9.0,36.0,64.0,,,,,,,,,,55.0,,True,,1,,,,,,,,,,,,
2026-03-17T01:28:25.642691-04:00,vsin_dk,draftkings,cbase,cbase_20260317_north_carolina_state_uncw,Mar 17,,North Carolina State,UNCW,-120.0,86.0,14.0,100.0,,,,,,,,,,,,,,,1,,,,,,,,,,,,
2026-03-17T01:28:25.642691-04:00,vsin_dk,draftkings,cbase,cbase_20260317_clemson_college_of_charleston,Mar 17,,Clemson,College of Charleston,-445.0,99.0,1.0,92.0,8.0,,,,,,,,,,7.0,,False,,1,,,,,,,,,,,,
2026-03-17T01:28:25.642691-04:00,vsin_dk,draftkings,cbase,cbase_20260317_fgcu_florida_atlantic,Mar 17,,FGCU,Florida Atlantic,-105.0,32.0,68.0,86.0,14.0,,,,,,,,,,54.0,,True,,1,,,,,,,,,,,,
2026-03-17T01:28:25.642691-04:00,vsin_dk,draftkings,cbase,cbase_20260317_stetson_florida,Mar 17,,Stetson,Florida,450.0,,100.0,8.0,92.0,,,,,,,,,,8.0,,False,,1,,,,,,,,,,,,
2026-03-17T01:28:25.642691-04:00,vsin_dk,draftkings,cbase,cbase_20260317_sfa_ut_arlington,Mar 17,,SFA,UT Arlington,160.0,16.0,84.0,81.0,19.0,,,,,,,,,,65.0,,True,,1,,,,,,,,,,,,
2026-03-17T01:28:25.642691-04:00,vsin_dk,draftkings,cbase,cbase_20260317_missouri_kansas,Mar 17,,Missouri,Kansas,100.0,48.0,52.0,79.0,21.0,,,,,,,,,,31.0,,True,,1,,,,,,,,,,,,
2026-03-17T01:28:25.642691-04:00,vsin_dk,draftkings,cbase,cbase_20260317_oklahoma_southeastern_louisiana,Mar 17,,Oklahoma,Southeastern Louisiana,-330.0,99.0,1.0,100.0,,,,,,,,,,,,,,,1,,,,,,,,,,,,
2026-03-17T01:28:25.642691-04:00,vsin_dk,draftkings,cbase,cbase_20260317_southern_mississippi_nicholls_state,Mar 17,,Southern Mississippi,Nicholls State,-660.0,99.0,1.0,90.0,10.0,,,,,,,,,,9.0,,False,,1,,,,,,,,,,,,
2026-03-17T01:28:25.642691-04:00,vsin_dk,draftkings,cbase,cbase_20260317_nebraska_wichita_state,Mar 17,,Nebraska,Wichita State,120.0,45.0,55.0,90.0,10.0,,,,,,,,,,45.0,,True,,1,,,,,,,,,,,,
2026-03-17T01:28:25.642691-04:00,vsin_dk,draftkings,cbase,cbase_20260317_new_orleans_tulane,Mar 17,,New Orleans,Tulane,175.0,6.0,94.0,2.0,98.0,,,,,,,,,,4.0,,False,,1,,,,,,,,,,,,
2026-03-17T01:28:25.642691-04:00,vsin_dk,draftkings,cbase,cbase_20260317_tarleton_state_texas,Mar 17,,Tarleton State,Texas,600.0,,100.0,,100.0,,,,,,,,,,0.0,,False,,1,,,,,,,,,,,,
2026-03-17T01:28:25.642691-04:00,vsin_dk,draftkings,cbase,cbase_20260317_kansas_state_baylor,Mar 17,,Kansas State,Baylor,-175.0,65.0,35.0,52.0,48.0,,,,,,,,,,13.0,,False,,1,,,,,,,,,,,,
2026-03-17T01:28:25.642691-04:00,vsin_dk,draftkings,cbase,cbase_20260317_texas_tech_dbu,Mar 17,,Texas Tech,DBU,120.0,35.0,65.0,10.0,90.0,,,,,,,,,,25.0,,True,,1,,,,,,,,,,,,
2026-03-17T01:28:25.642691-04:00,vsin_dk,draftkings,cbase,cbase_20260317_new_mexico_arizona,Mar 17,,New Mexico,Arizona,165.0,10.0,90.0,66.0,34.0,,,,,,,,,,56.0,,True,,1,,,,,,,,,,,,
2026-03-17T01:28:25.642691-04:00,vsin_dk,draftkings,cbase,cbase_20260317_uconn_california,Mar 17,,UConn,California,114.0,23.0,77.0,9.0,91.0,,,,,,,,,,14.0,,False,,1,,,,,,,,,,,,
2026-03-17T01:28:25.642691-04:00,vsin_dk,draftkings,cbase,cbase_20260317_csun_fresno_state,Mar 17,,CSUN,Fresno State,130.0,34.0,66.0,86.0,14.0,,,,,,,,,,52.0,,True,,1,,,,,,,,,,,,
2026-03-17T01:28:25.642691-04:00,vsin_dk,draftkings,cbase,cbase_20260317_cal_state_fullerton_unlv,Mar 17,,Cal State Fullerton,UNLV,-120.0,71.0,29.0,100.0,,,,,,,,,,,,,,,1,,,,,,,,,,,,
2026-03-17T01:28:25.642691-04:00,vsin_dk,draftkings,cbase,cbase_20260317_lmu_long_beach_state,Mar 17,,LMU,Long Beach State,160.0,11.0,89.0,1.0,99.0,,,,,,,,,,10.0,,False,,1,,,,,,,,,,,,
2026-03-17T01:28:25.642691-04:00,vsin_dk,draftkings,cbase,cbase_20260317_san_diego_state_usc,Mar 17,,San Diego State,USC,470.0,,100.0,,100.0,,,,,,,,,,0.0,,False,,1,,,,,,,,,,,,
2026-03-17T01:28:25.642691-04:00,vsin_dk,draftkings,cbase,cbase_20260317_grand_canyon_arizona_state,Mar 17,,Grand Canyon,Arizona State,575.0,2.0,98.0,12.0,88.0,,,,,,,,,,10.0,,False,,1,,,,,,,,,,,,
2026-03-17T02:03:55.585030-04:00,vsin_dk,draftkings,cbase,cbase_20260316_cincinnati_utah_valley,Mar 16,,Cincinnati,Utah Valley,-298.0,90.0,10.0,86.0,14.0,14.5,43.0,57.0,75.0,25.0,64.0,36.0,76.0,24.0,4.0,32.0,False,True,1,,,,,,,,,,,,
2026-03-17T02:03:55.585030-04:00,vsin_dk,draftkings,cbase,cbase_20260316_harvard_california_baptist,Mar 16,,Harvard,California Baptist,400.0,9.0,91.0,5.0,95.0,12.5,43.0,57.0,27.0,73.0,35.0,65.0,35.0,65.0,4.0,16.0,False,True,1,,,,,,,,,,,,
2026-03-17T02:03:55.585030-04:00,vsin_dk,draftkings,cbase,cbase_20260317_cincinnati_utah_valley,Mar 17,,Cincinnati,Utah Valley,-280.0,94.0,6.0,90.0,10.0,,,,,,,,,,4.0,,False,,1,,,,,,,,,,,,
2026-03-17T02:03:55.585030-04:00,vsin_dk,draftkings,cbase,cbase_20260317_maryland_richmond,Mar 17,,Maryland,Richmond,-200.0,88.0,12.0,85.0,15.0,,,,,,,,,,3.0,,False,,1,,,,,,,,,,,,
2026-03-17T02:03:55.585030-04:00,vsin_dk,draftkings,cbase,cbase_20260317_indiana_vanderbilt,Mar 17,,Indiana,Vanderbilt,210.0,5.0,95.0,6.0,94.0,,,,,,,,,,1.0,,False,,1,,,,,,,,,,,,
2026-03-17T02:03:55.585030-04:00,vsin_dk,draftkings,cbase,cbase_20260317_jacksonville_south_florida,Mar 17,,Jacksonville,South Florida,210.0,5.0,95.0,4.0,96.0,,,,,,,,,,1.0,,False,,1,,,,,,,,,,,,
2026-03-17T02:03:55.585030-04:00,vsin_dk,draftkings,cbase,cbase_20260317_charlotte_south_carolina,Mar 17,,Charlotte,South Carolina,100.0,23.0,77.0,66.0,34.0,,,,,,,,,,43.0,,True,,1,,,,,,,,,,,,
2026-03-17T02:03:55.585030-04:00,vsin_dk,draftkings,cbase,cbase_20260317_samford_jacksonville_state,Mar 17,,Samford,Jacksonville State,350.0,4.0,96.0,18.0,82.0,,,,,,,,,,14.0,,False,,1,,,,,,,,,,,,
2026-03-17T02:03:55.585030-04:00,vsin_dk,draftkings,cbase,cbase_20260317_liberty_wake_forest,Mar 17,,Liberty,Wake Forest,150.0,7.0,93.0,4.0,96.0,,,,,,,,,,3.0,,False,,1,,,,,,,,,,,,
2026-03-17T02:03:55.585030-04:00,vsin_dk,draftkings,cbase,cbase_20260317_georgia_tech_auburn,Mar 17,,Georgia Tech,Auburn,-145.0,60.0,40.0,60.0,40.0,,,,,,,,,,0.0,,False,,1,,,,,,,,,,,,
2026-03-17T02:03:55.585030-04:00,vsin_dk,draftkings,cbase,cbase_20260317_elon_east_carolina,Mar 17,,Elon,East Carolina,300.0,2.0,98.0,16.0,84.0,,,,,,,,,,14.0,,False,,1,,,,,,,,,,,,
2026-03-17T02:03:55.585030-04:00,vsin_dk,draftkings,cbase,cbase_20260317_austin_peay_ole_miss,Mar 17,,Austin Peay,Ole Miss,300.0,1.0,99.0,9.0,91.0,,,,,,,,,,8.0,,False,,1,,,,,,,,,,,,
2026-03-17T02:03:55.585030-04:00,vsin_dk,draftkings,cbase,cbase_20260317_sam_houston_lamar,Mar 17,,Sam Houston,Lamar,145.0,22.0,78.0,3.0,97.0,,,,,,,,,,19.0,,True,,1,,,,,,,,,,,,
2026-03-17T02:03:55.585030-04:00,vsin_dk,draftkings,cbase,cbase_20260317_duke_campbell,Mar 17,,Duke,Campbell,-200.0,91.0,9.0,37.0,63.0,,,,,,,,,,54.0,,True,,1,,,,,,,,,,,,
2026-03-17T02:03:55.585030-04:00,vsin_dk,draftkings,cbase,cbase_20260317_north_carolina_state_uncw,Mar 17,,North Carolina State,UNCW,-120.0,86.0,14.0,100.0,,,,,,,,,,,,,,,1,,,,,,,,,,,,
2026-03-17T02:03:55.585030-04:00,vsin_dk,draftkings,cbase,cbase_20260317_clemson_college_of_charleston,Mar 17,,Clemson,College of Charleston,-445.0,99.0,1.0,92.0,8.0,,,,,,,,,,7.0,,False,,1,,,,,,,,,,,,
2026-03-17T02:03:55.585030-04:00,vsin_dk,draftkings,cbase,cbase_20260317_fgcu_florida_atlantic,Mar 17,,FGCU,Florida Atlantic,-105.0,38.0,62.0,86.0,14.0,,,,,,,,,,48.0,,True,,1,,,,,,,,,,,,
2026-03-17T02:03:55.585030-04:00,vsin_dk,draftkings,cbase,cbase_20260317_stetson_florida,Mar 17,,Stetson,Florida,450.0,1.0,99.0,17.0,83.0,,,,,,,,,,16.0,,True,,1,,,,,,,,,,,,
2026-03-17T02:03:55.585030-04:00,vsin_dk,draftkings,cbase,cbase_20260317_sfa_ut_arlington,Mar 17,,SFA,UT Arlington,160.0,17.0,83.0,81.0,19.0,,,,,,,,,,64.0,,True,,1,,,,,,,,,,,,
2026-03-17T02:03:55.585030-04:00,vsin_dk,draftkings,cbase,cbase_20260317_missouri_kansas,Mar 17,,Missouri,Kansas,100.0,50.0,50.0,81.0,19.0,,,,,,,,,,31.0,,True,,1,,,,,,,,,,,,
2026-03-17T02:03:55.585030-04:00,vsin_dk,draftkings,cbase,cbase_20260317_oklahoma_southeastern_louisiana,Mar 17,,Oklahoma,Southeastern Louisiana,-330.0,99.0,1.0,100.0,,,,,,,,,,,,,,,1,,,,,,,,,,,,
2026-03-17T02:03:55.585030-04:00,vsin_dk,draftkings,cbase,cbase_20260317_southern_mississippi_nicholls_state,Mar 17,,Southern Mississippi,Nicholls State,-660.0,99.0,1.0,91.0,9.0,,,,,,,,,,8.0,,False,,1,,,,,,,,,,,,
2026-03-17T02:03:55.585030-04:00,vsin_dk,draftkings,cbase,cbase_20260317_nebraska_wichita_state,Mar 17,,Nebraska,Wichita State,120.0,48.0,52.0,92.0,8.0,,,,,,,,,,44.0,,True,,1,,,,,,,,,,,,
2026-03-17T02:03:55.585030-04:00,vsin_dk,draftkings,cbase,cbase_20260317_new_orleans_tulane,Mar 17,,New Orleans,Tulane,175.0,6.0,94.0,2.0,98.0,,,,,,,,,,4.0,,False,,1,,,,,,,,,,,,
2026-03-17T02:03:55.585030-04:00,vsin_dk,draftkings,cbase,cbase_20260317_tarleton_state_texas,Mar 17,,Tarleton State,Texas,600.0,,100.0,,100.0,,,,,,,,,,0.0,,False,,1,,,,,,,,,,,,
2026-03-17T02:03:55.585030-04:00,vsin_dk,draftkings,cbase,cbase_20260317_kansas_state_baylor,Mar 17,,Kansas State,Baylor,-175.0,68.0,32.0,58.0,42.0,,,,,,,,,,10.0,,False,,1,,,,,,,,,,,,
2026-03-17T02:03:55.585030-04:00,vsin_dk,draftkings,cbase,cbase_20260317_texas_tech_dbu,Mar 17,,Texas Tech,DBU,120.0,39.0,61.0,10.0,90.0,,,,,,,,,,29.0,,True,,1,,,,,,,,,,,,
2026-03-17T02:03:55.585030-04:00,vsin_dk,draftkings,cbase,cbase_20260317_new_mexico_arizona,Mar 17,,New Mexico,Arizona,165.0,10.0,90.0,66.0,34.0,,,,,,,,,,56.0,,True,,1,,,,,,,,,,,,
2026-03-17T02:03:55.585030-04:00,vsin_dk,draftkings,cbase,cbase_20260317_uconn_california,Mar 17,,UConn,California,114.0,22.0,78.0,7.0,93.0,,,,,,,,,,15.0,,True,,1,,,,,,,,,,,,
2026-03-17T02:03:55.585030-04:00,vsin_dk,draftkings,cbase,cbase_20260317_csun_fresno_state,Mar 17,,CSUN,Fresno State,130.0,41.0,59.0,86.0,14.0,,,,,,,,,,45.0,,True,,1,,,,,,,,,,,,
2026-03-17T02:03:55.585030-04:00,vsin_dk,draftkings,cbase,cbase_20260317_cal_state_fullerton_unlv,Mar 17,,Cal State Fullerton,UNLV,-120.0,66.0,34.0,68.0,32.0,,,,,,,,,,2.0,,False,,1,,,,,,,,,,,,
2026-03-17T02:03:55.585030-04:00,vsin_dk,draftkings,cbase,cbase_20260317_lmu_long_beach_state,Mar 17,,LMU,Long Beach State,160.0,10.0,90.0,1.0,99.0,,,,,,,,,,9.0,,False,,1,,,,,,,,,,,,
2026-03-17T02:03:55.585030-04:00,vsin_dk,draftkings,cbase,cbase_20260317_san_diego_state_usc,Mar 17,,San Diego State,USC,470.0,,100.0,,100.0,,,,,,,,,,0.0,,False,,1,,,,,,,,,,,,
2026-03-17T02:03:55.585030-04:00,vsin_dk,draftkings,cbase,cbase_20260317_grand_canyon_arizona_state,Mar 17,,Grand Canyon,Arizona State,575.0,2.0,98.0,12.0,88.0,,,,,,,,,,10.0,,False,,1,,,,,,,,,,,,
2026-03-17T02:33:55.727704-04:00,vsin_dk,draftkings,cbase,cbase_20260316_cincinnati_utah_valley,Mar 16,,Cincinnati,Utah Valley,-298.0,90.0,10.0,86.0,14.0,14.5,43.0,57.0,75.0,25.0,64.0,36.0,76.0,24.0,4.0,32.0,False,True,1,,,,,,,,,,,,
2026-03-17T02:33:55.727704-04:00,vsin_dk,draftkings,cbase,cbase_20260316_harvard_california_baptist,Mar 16,,Harvard,California Baptist,400.0,9.0,91.0,5.0,95.0,12.5,43.0,57.0,27.0,73.0,35.0,65.0,35.0,65.0,4.0,16.0,False,True,1,,,,,,,,,,,,
2026-03-17T02:33:55.727704-04:00,vsin_dk,draftkings,cbase,cbase_20260317_cincinnati_utah_valley,Mar 17,,Cincinnati,Utah Valley,-280.0,94.0,6.0,90.0,10.0,,,,,,,,,,4.0,,False,,1,,,,,,,,,,,,
2026-03-17T02:33:55.727704-04:00,vsin_dk,draftkings,cbase,cbase_20260317_maryland_richmond,Mar 17,,Maryland,Richmond,-200.0,88.0,12.0,85.0,15.0,,,,,,,,,,3.0,,False,,1,,,,,,,,,,,,
2026-03-17T02:33:55.727704-04:00,vsin_dk,draftkings,cbase,cbase_20260317_indiana_vanderbilt,Mar 17,,Indiana,Vanderbilt,210.0,5.0,95.0,6.0,94.0,,,,,,,,,,1.0,,False,,1,,,,,,,,,,,,
2026-03-17T02:33:55.727704-04:00,vsin_dk,draftkings,cbase,cbase_20260317_jacksonville_south_florida,Mar 17,,Jacksonville,South Florida,210.0,5.0,95.0,5.0,95.0,,,,,,,,,,0.0,,False,,1,,,,,,,,,,,,
2026-03-17T02:33:55.727704-04:00,vsin_dk,draftkings,cbase,cbase_20260317_charlotte_south_carolina,Mar 17,,Charlotte,South Carolina,100.0,22.0,78.0,63.0,37.0,,,,,,,,,,41.0,,True,,1,,,,,,,,,,,,
2026-03-17T02:33:55.727704-04:00,vsin_dk,draftkings,cbase,cbase_20260317_samford_jacksonville_state,Mar 17,,Samford,Jacksonville State,350.0,4.0,96.0,16.0,84.0,,,,,,,,,,12.0,,False,,1,,,,,,,,,,,,
2026-03-17T02:33:55.727704-04:00,vsin_dk,draftkings,cbase,cbase_20260317_liberty_wake_forest,Mar 17,,Liberty,Wake Forest,150.0,8.0,92.0,4.0,96.0,,,,,,,,,,4.0,,False,,1,,,,,,,,,,,,
2026-03-17T02:33:55.727704-04:00,vsin_dk,draftkings,cbase,cbase_20260317_georgia_tech_auburn,Mar 17,,Georgia Tech,Auburn,-145.0,60.0,40.0,62.0,38.0,,,,,,,,,,2.0,,False,,1,,,,,,,,,,,,
2026-03-17T02:33:55.727704-04:00,vsin_dk,draftkings,cbase,cbase_20260317_elon_east_carolina,Mar 17,,Elon,East Carolina,300.0,2.0,98.0,16.0,84.0,,,,,,,,,,14.0,,False,,1,,,,,,,,,,,,
2026-03-17T02:33:55.727704-04:00,vsin_dk,draftkings,cbase,cbase_20260317_austin_peay_ole_miss,Mar 17,,Austin Peay,Ole Miss,300.0,1.0,99.0,8.0,92.0,,,,,,,,,,7.0,,False,,1,,,,,,,,,,,,
2026-03-17T02:33:55.727704-04:00,vsin_dk,draftkings,cbase,cbase_20260317_sam_houston_lamar,Mar 17,,Sam Houston,Lamar,145.0,22.0,78.0,3.0,97.0,,,,,,,,,,19.0,,True,,1,,,,,,,,,,,,
2026-03-17T02:33:55.727704-04:00,vsin_dk,draftkings,cbase,cbase_20260317_duke_campbell,Mar 17,,Duke,Campbell,-200.0,91.0,9.0,37.0,63.0,,,,,,,,,,54.0,,True,,1,,,,,,,,,,,,
2026-03-17T02:33:55.727704-04:00,vsin_dk,draftkings,cbase,cbase_20260317_north_carolina_state_uncw,Mar 17,,North Carolina State,UNCW,-120.0,86.0,14.0,100.0,,,,,,,,,,,,,,,1,,,,,,,,,,,,
2026-03-17T02:33:55.727704-04:00,vsin_dk,draftkings,cbase,cbase_20260317_clemson_college_of_charleston,Mar 17,,Clemson,College of Charleston,-445.0,99.0,1.0,92.0,8.0,,,,,,,,,,7.0,,False,,1,,,,,,,,,,,,
2026-03-17T02:33:55.727704-04:00,vsin_dk,draftkings,cbase,cbase_20260317_fgcu_florida_atlantic,Mar 17,,FGCU,Florida Atlantic,-105.0,35.0,65.0,86.0,14.0,,,,,,,,,,51.0,,True,,1,,,,,,,,,,,,
2026-03-17T02:33:55.727704-04:00,vsin_dk,draftkings,cbase,cbase_20260317_stetson_florida,Mar 17,,Stetson,Florida,450.0,1.0,99.0,17.0,83.0,,,,,,,,,,16.0,,True,,1,,,,,,,,,,,,
2026-03-17T02:33:55.727704-04:00,vsin_dk,draftkings,cbase,cbase_20260317_sfa_ut_arlington,Mar 17,,SFA,UT Arlington,160.0,16.0,84.0,81.0,19.0,,,,,,,,,,65.0,,True,,1,,,,,,,,,,,,
2026-03-17T02:33:55.727704-04:00,vsin_dk,draftkings,cbase,cbase_20260317_missouri_kansas,Mar 17,,Missouri,Kansas,100.0,50.0,50.0,81.0,19.0,,,,,,,,,,31.0,,True,,1,,,,,,,,,,,,
2026-03-17T02:33:55.727704-04:00,vsin_dk,draftkings,cbase,cbase_20260317_oklahoma_southeastern_louisiana,Mar 17,,Oklahoma,Southeastern Louisiana,-330.0,99.0,1.0,100.0,,,,,,,,,,,,,,,1,,,,,,,,,,,,
2026-03-17T02:33:55.727704-04:00,vsin_dk,draftkings,cbase,cbase_20260317_southern_mississippi_nicholls_state,Mar 17,,Southern Mississippi,Nicholls State,-660.0,99.0,1.0,91.0,9.0,,,,,,,,,,8.0,,False,,1,,,,,,,,,,,,
2026-03-17T02:33:55.727704-04:00,vsin_dk,draftkings,cbase,cbase_20260317_nebraska_wichita_state,Mar 17,,Nebraska,Wichita State,120.0,50.0,50.0,92.0,8.0,,,,,,,,,,42.0,,True,,1,,,,,,,,,,,,
2026-03-17T02:33:55.727704-04:00,vsin_dk,draftkings,cbase,cbase_20260317_new_orleans_tulane,Mar 17,,New Orleans,Tulane,175.0,6.0,94.0,2.0,98.0,,,,,,,,,,4.0,,False,,1,,,,,,,,,,,,
2026-03-17T02:33:55.727704-04:00,vsin_dk,draftkings,cbase,cbase_20260317_tarleton_state_texas,Mar 17,,Tarleton State,Texas,600.0,,100.0,,100.0,,,,,,,,,,0.0,,False,,1,,,,,,,,,,,,
2026-03-17T02:33:55.727704-04:00,vsin_dk,draftkings,cbase,cbase_20260317_kansas_state_baylor,Mar 17,,Kansas State,Baylor,-175.0,71.0,29.0,58.0,42.0,,,,,,,,,,13.0,,False,,1,,,,,,,,,,,,
2026-03-17T02:33:55.727704-04:00,vsin_dk,draftkings,cbase,cbase_20260317_texas_tech_dbu,Mar 17,,Texas Tech,DBU,120.0,39.0,61.0,10.0,90.0,,,,,,,,,,29.0,,True,,1,,,,,,,,,,,,
2026-03-17T02:33:55.727704-04:00,vsin_dk,draftkings,cbase,cbase_20260317_new_mexico_arizona,Mar 17,,New Mexico,Arizona,165.0,10.0,90.0,66.0,34.0,,,,,,,,,,56.0,,True,,1,,,,,,,,,,,,
2026-03-17T02:33:55.727704-04:00,vsin_dk,draftkings,cbase,cbase_20260317_uconn_california,Mar 17,,UConn,California,114.0,22.0,78.0,7.0,93.0,,,,,,,,,,15.0,,True,,1,,,,,,,,,,,,
2026-03-17T02:33:55.727704-04:00,vsin_dk,draftkings,cbase,cbase_20260317_csun_fresno_state,Mar 17,,CSUN,Fresno State,130.0,37.0,63.0,86.0,14.0,,,,,,,,,,49.0,,True,,1,,,,,,,,,,,,
2026-03-17T02:33:55.727704-04:00,vsin_dk,draftkings,cbase,cbase_20260317_cal_state_fullerton_unlv,Mar 17,,Cal State Fullerton,UNLV,-120.0,66.0,34.0,68.0,32.0,,,,,,,,,,2.0,,False,,1,,,,,,,,,,,,
2026-03-17T02:33:55.727704-04:00,vsin_dk,draftkings,cbase,cbase_20260317_lmu_long_beach_state,Mar 17,,LMU,Long Beach State,160.0,9.0,91.0,1.0,99.0,,,,,,,,,,8.0,,False,,1,,,,,,,,,,,,
2026-03-17T02:33:55.727704-04:00,vsin_dk,draftkings,cbase,cbase_20260317_san_diego_state_usc,Mar 17,,San Diego State,USC,470.0,,100.0,,100.0,,,,,,,,,,0.0,,False,,1,,,,,,,,,,,,
2026-03-17T02:33:55.727704-04:00,vsin_dk,draftkings,cbase,cbase_20260317_grand_canyon_arizona_state,Mar 17,,Grand Canyon,Arizona State,575.0,1.0,99.0,12.0,88.0,,,,,,,,,,11.0,,False,,1,,,,,,,,,,,,
2026-03-17T03:04:12.325053-04:00,vsin_dk,draftkings,cbase,cbase_20260316_cincinnati_utah_valley,Mar 16,,Cincinnati,Utah Valley,-298.0,90.0,10.0,86.0,14.0,14.5,43.0,57.0,75.0,25.0,64.0,36.0,76.0,24.0,4.0,32.0,False,True,1,,,,,,,,,,,,
2026-03-17T03:04:12.325053-04:00,vsin_dk,draftkings,cbase,cbase_20260316_harvard_california_baptist,Mar 16,,Harvard,California Baptist,400.0,9.0,91.0,5.0,95.0,12.5,43.0,57.0,27.0,73.0,35.0,65.0,35.0,65.0,4.0,16.0,False,True,1,,,,,,,,,,,,
2026-03-17T03:04:12.325053-04:00,vsin_dk,draftkings,cbase,cbase_20260317_cincinnati_utah_valley,Mar 17,,Cincinnati,Utah Valley,-280.0,94.0,6.0,90.0,10.0,,,,,,,,,,4.0,,False,,1,,,,,,,,,,,,
2026-03-17T03:04:12.325053-04:00,vsin_dk,draftkings,cbase,cbase_20260317_maryland_richmond,Mar 17,,Maryland,Richmond,-200.0,87.0,13.0,86.0,14.0,,,,,,,,,,1.0,,False,,1,,,,,,,,,,,,
2026-03-17T03:04:12.325053-04:00,vsin_dk,draftkings,cbase,cbase_20260317_indiana_vanderbilt,Mar 17,,Indiana,Vanderbilt,210.0,5.0,95.0,6.0,94.0,,,,,,,,,,1.0,,False,,1,,,,,,,,,,,,
2026-03-17T03:04:12.325053-04:00,vsin_dk,draftkings,cbase,cbase_20260317_jacksonville_south_florida,Mar 17,,Jacksonville,South Florida,210.0,5.0,95.0,4.0,96.0,,,,,,,,,,1.0,,False,,1,,,,,,,,,,,,
2026-03-17T03:04:12.325053-04:00,vsin_dk,draftkings,cbase,cbase_20260317_charlotte_south_carolina,Mar 17,,Charlotte,South Carolina,100.0,21.0,79.0,63.0,37.0,,,,,,,,,,42.0,,True,,1,,,,,,,,,,,,
2026-03-17T03:04:12.325053-04:00,vsin_dk,draftkings,cbase,cbase_20260317_samford_jacksonville_state,Mar 17,,Samford,Jacksonville State,350.0,4.0,96.0,16.0,84.0,,,,,,,,,,12.0,,False,,1,,,,,,,,,,,,
2026-03-17T03:04:12.325053-04:00,vsin_dk,draftkings,cbase,cbase_20260317_liberty_wake_forest,Mar 17,,Liberty,Wake Forest,150.0,7.0,93.0,3.0,97.0,,,,,,,,,,4.0,,False,,1,,,,,,,,,,,,
2026-03-17T03:04:12.325053-04:00,vsin_dk,draftkings,cbase,cbase_20260317_georgia_tech_auburn,Mar 17,,Georgia Tech,Auburn,-145.0,60.0,40.0,62.0,38.0,,,,,,,,,,2.0,,False,,1,,,,,,,,,,,,
2026-03-17T03:04:12.325053-04:00,vsin_dk,draftkings,cbase,cbase_20260317_elon_east_carolina,Mar 17,,Elon,East Carolina,300.0,2.0,98.0,15.0,85.0,,,,,,,,,,13.0,,False,,1,,,,,,,,,,,,
2026-03-17T03:04:12.325053-04:00,vsin_dk,draftkings,cbase,cbase_20260317_austin_peay_ole_miss,Mar 17,,Austin Peay,Ole Miss,300.0,1.0,99.0,8.0,92.0,,,,,,,,,,7.0,,False,,1,,,,,,,,,,,,
2026-03-17T03:04:12.325053-04:00,vsin_dk,draftkings,cbase,cbase_20260317_sam_houston_lamar,Mar 17,,Sam Houston,Lamar,145.0,22.0,78.0,3.0,97.0,,,,,,,,,,19.0,,True,,1,,,,,,,,,,,,
2026-03-17T03:04:12.325053-04:00,vsin_dk,draftkings,cbase,cbase_20260317_duke_campbell,Mar 17,,Duke,Campbell,-200.0,91.0,9.0,37.0,63.0,,,,,,,,,,54.0,,True,,1,,,,,,,,,,,,
2026-03-17T03:04:12.325053-04:00,vsin_dk,draftkings,cbase,cbase_20260317_north_carolina_state_uncw,Mar 17,,North Carolina State,UNCW,-120.0,86.0,14.0,100.0,,,,,,,,,,,,,,,1,,,,,,,,,,,,
2026-03-17T03:04:12.325053-04:00,vsin_dk,draftkings,cbase,cbase_20260317_clemson_college_of_charleston,Mar 17,,Clemson,College of Charleston,-445.0,99.0,1.0,92.0,8.0,,,,,,,,,,7.0,,False,,1,,,,,,,,,,,,
2026-03-17T03:04:12.325053-04:00,vsin_dk,draftkings,cbase,cbase_20260317_fgcu_florida_atlantic,Mar 17,,FGCU,Florida Atlantic,-105.0,32.0,68.0,83.0,17.0,,,,,,,,,,51.0,,True,,1,,,,,,,,,,,,
2026-03-17T03:04:12.325053-04:00,vsin_dk,draftkings,cbase,cbase_20260317_stetson_florida,Mar 17,,Stetson,Florida,450.0,,100.0,15.0,85.0,,,,,,,,,,15.0,,True,,1,,,,,,,,,,,,
2026-03-17T03:04:12.325053-04:00,vsin_dk,draftkings,cbase,cbase_20260317_sfa_ut_arlington,Mar 17,,SFA,UT Arlington,160.0,15.0,85.0,80.0,20.0,,,,,,,,,,65.0,,True,,1,,,,,,,,,,,,
2026-03-17T03:04:12.325053-04:00,vsin_dk,draftkings,cbase,cbase_20260317_missouri_kansas,Mar 17,,Missouri,Kansas,100.0,50.0,50.0,80.0,20.0,,,,,,,,,,30.0,,True,,1,,,,,,,,,,,,
2026-03-17T03:04:12.325053-04:00,vsin_dk,draftkings,cbase,cbase_20260317_oklahoma_southeastern_louisiana,Mar 17,,Oklahoma,Southeastern Louisiana,-330.0,99.0,1.0,100.0,,,,,,,,,,,,,,,1,,,,,,,,,,,,
2026-03-17T03:04:12.325053-04:00,vsin_dk,draftkings,cbase,cbase_20260317_southern_mississippi_nicholls_state,Mar 17,,Southern Mississippi,Nicholls State,-660.0,99.0,1.0,91.0,9.0,,,,,,,,,,8.0,,False,,1,,,,,,,,,,,,
2026-03-17T03:04:12.325053-04:00,vsin_dk,draftkings,cbase,cbase_20260317_nebraska_wichita_state,Mar 17,,Nebraska,Wichita State,120.0,49.0,51.0,92.0,8.0,,,,,,,,,,43.0,,True,,1,,,,,,,,,,,,
2026-03-17T03:04:12.325053-04:00,vsin_dk,draftkings,cbase,cbase_20260317_new_orleans_tulane,Mar 17,,New Orleans,Tulane,175.0,6.0,94.0,1.0,99.0,,,,,,,,,,5.0,,False,,1,,,,,,,,,,,,
2026-03-17T03:04:12.325053-04:00,vsin_dk,draftkings,cbase,cbase_20260317_tarleton_state_texas,Mar 17,,Tarleton State,Texas,600.0,,100.0,,100.0,,,,,,,,,,0.0,,False,,1,,,,,,,,,,,,
2026-03-17T03:04:12.325053-04:00,vsin_dk,draftkings,cbase,cbase_20260317_kansas_state_baylor,Mar 17,,Kansas State,Baylor,-175.0,71.0,29.0,59.0,41.0,,,,,,,,,,12.0,,False,,1,,,,,,,,,,,,
2026-03-17T03:04:12.325053-04:00,vsin_dk,draftkings,cbase,cbase_20260317_texas_tech_dbu,Mar 17,,Texas Tech,DBU,120.0,40.0,60.0,10.0,90.0,,,,,,,,,,30.0,,True,,1,,,,,,,,,,,,
2026-03-17T03:04:12.325053-04:00,vsin_dk,draftkings,cbase,cbase_20260317_new_mexico_arizona,Mar 17,,New Mexico,Arizona,165.0,9.0,91.0,66.0,34.0,,,,,,,,,,57.0,,True,,1,,,,,,,,,,,,
2026-03-17T03:04:12.325053-04:00,vsin_dk,draftkings,cbase,cbase_20260317_uconn_california,Mar 17,,UConn,California,114.0,21.0,79.0,7.0,93.0,,,,,,,,,,14.0,,False,,1,,,,,,,,,,,,
2026-03-17T03:04:12.325053-04:00,vsin_dk,draftkings,cbase,cbase_20260317_csun_fresno_state,Mar 17,,CSUN,Fresno State,130.0,36.0,64.0,86.0,14.0,,,,,,,,,,50.0,,True,,1,,,,,,,,,,,,
2026-03-17T03:04:12.325053-04:00,vsin_dk,draftkings,cbase,cbase_20260317_cal_state_fullerton_unlv,Mar 17,,Cal State Fullerton,UNLV,-120.0,65.0,35.0,68.0,32.0,,,,,,,,,,3.0,,False,,1,,,,,,,,,,,,
2026-03-17T03:04:12.325053-04:00,vsin_dk,draftkings,cbase,cbase_20260317_lmu_long_beach_state,Mar 17,,LMU,Long Beach State,160.0,8.0,92.0,1.0,99.0,,,,,,,,,,7.0,,False,,1,,,,,,,,,,,,
2026-03-17T03:04:12.325053-04:00,vsin_dk,draftkings,cbase,cbase_20260317_san_diego_state_usc,Mar 17,,San Diego State,USC,470.0,1.0,99.0,46.0,54.0,,,,,,,,,,45.0,,True,,1,,,,,,,,,,,,
2026-03-17T03:04:12.325053-04:00,vsin_dk,draftkings,cbase,cbase_20260317_grand_canyon_arizona_state,Mar 17,,Grand Canyon,Arizona State,575.0,2.0,98.0,38.0,62.0,,,,,,,,,,36.0,,True,,1,,,,,,,,,,,,
2026-03-17T03:33:49.901006-04:00,vsin_dk,draftkings,cbase,cbase_20260316_cincinnati_utah_valley,Mar 16,,Cincinnati,Utah Valley,-298.0,90.0,10.0,86.0,14.0,14.5,43.0,57.0,75.0,25.0,64.0,36.0,76.0,24.0,4.0,32.0,False,True,1,,,,,,,,,,,,
2026-03-17T03:33:49.901006-04:00,vsin_dk,draftkings,cbase,cbase_20260316_harvard_california_baptist,Mar 16,,Harvard,California Baptist,400.0,9.0,91.0,5.0,95.0,12.5,43.0,57.0,27.0,73.0,35.0,65.0,35.0,65.0,4.0,16.0,False,True,1,,,,,,,,,,,,
2026-03-17T03:33:49.901006-04:00,vsin_dk,draftkings,cbase,cbase_20260317_cincinnati_utah_valley,Mar 17,,Cincinnati,Utah Valley,-280.0,94.0,6.0,90.0,10.0,,,,,,,,,,4.0,,False,,1,,,,,,,,,,,,
2026-03-17T03:33:49.901006-04:00,vsin_dk,draftkings,cbase,cbase_20260317_maryland_richmond,Mar 17,,Maryland,Richmond,-200.0,87.0,13.0,86.0,14.0,,,,,,,,,,1.0,,False,,1,,,,,,,,,,,,
2026-03-17T03:33:49.901006-04:00,vsin_dk,draftkings,cbase,cbase_20260317_indiana_vanderbilt,Mar 17,,Indiana,Vanderbilt,210.0,5.0,95.0,6.0,94.0,,,,,,,,,,1.0,,False,,1,,,,,,,,,,,,
2026-03-17T03:33:49.901006-04:00,vsin_dk,draftkings,cbase,cbase_20260317_jacksonville_south_florida,Mar 17,,Jacksonville,South Florida,210.0,5.0,95.0,4.0,96.0,,,,,,,,,,1.0,,False,,1,,,,,,,,,,,,
2026-03-17T03:33:49.901006-04:00,vsin_dk,draftkings,cbase,cbase_20260317_charlotte_south_carolina,Mar 17,,Charlotte,South Carolina,100.0,21.0,79.0,63.0,37.0,,,,,,,,,,42.0,,True,,1,,,,,,,,,,,,
2026-03-17T03:33:49.901006-04:00,vsin_dk,draftkings,cbase,cbase_20260317_samford_jacksonville_state,Mar 17,,Samford,Jacksonville State,350.0,4.0,96.0,17.0,83.0,,,,,,,,,,13.0,,False,,1,,,,,,,,,,,,
2026-03-17T03:33:49.901006-04:00,vsin_dk,draftkings,cbase,cbase_20260317_liberty_wake_forest,Mar 17,,Liberty,Wake Forest,150.0,8.0,92.0,2.0,98.0,,,,,,,,,,6.0,,False,,1,,,,,,,,,,,,
2026-03-17T03:33:49.901006-04:00,vsin_dk,draftkings,cbase,cbase_20260317_georgia_tech_auburn,Mar 17,,Georgia Tech,Auburn,-145.0,60.0,40.0,62.0,38.0,,,,,,,,,,2.0,,False,,1,,,,,,,,,,,,
2026-03-17T03:33:49.901006-04:00,vsin_dk,draftkings,cbase,cbase_20260317_elon_east_carolina,Mar 17,,Elon,East Carolina,300.0,2.0,98.0,15.0,85.0,,,,,,,,,,13.0,,False,,1,,,,,,,,,,,,
2026-03-17T03:33:49.901006-04:00,vsin_dk,draftkings,cbase,cbase_20260317_austin_peay_ole_miss,Mar 17,,Austin Peay,Ole Miss,300.0,1.0,99.0,7.0,93.0,,,,,,,,,,6.0,,False,,1,,,,,,,,,,,,
2026-03-17T03:33:49.901006-04:00,vsin_dk,draftkings,cbase,cbase_20260317_sam_houston_lamar,Mar 17,,Sam Houston,Lamar,145.0,21.0,79.0,3.0,97.0,,,,,,,,,,18.0,,True,,1,,,,,,,,,,,,
2026-03-17T03:33:49.901006-04:00,vsin_dk,draftkings,cbase,cbase_20260317_duke_campbell,Mar 17,,Duke,Campbell,-200.0,92.0,8.0,38.0,62.0,,,,,,,,,,54.0,,True,,1,,,,,,,,,,,,
2026-03-17T03:33:49.901006-04:00,vsin_dk,draftkings,cbase,cbase_20260317_north_carolina_state_uncw,Mar 17,,North Carolina State,UNCW,-120.0,85.0,15.0,100.0,,,,,,,,,,,,,,,1,,,,,,,,,,,,
2026-03-17T03:33:49.901006-04:00,vsin_dk,draftkings,cbase,cbase_20260317_clemson_college_of_charleston,Mar 17,,Clemson,College of Charleston,-445.0,99.0,1.0,92.0,8.0,,,,,,,,,,7.0,,False,,1,,,,,,,,,,,,
2026-03-17T03:33:49.901006-04:00,vsin_dk,draftkings,cbase,cbase_20260317_fgcu_florida_atlantic,Mar 17,,FGCU,Florida Atlantic,-105.0,32.0,68.0,83.0,17.0,,,,,,,,,,51.0,,True,,1,,,,,,,,,,,,
2026-03-17T03:33:49.901006-04:00,vsin_dk,draftkings,cbase,cbase_20260317_stetson_florida,Mar 17,,Stetson,Florida,450.0,,100.0,14.0,86.0,,,,,,,,,,14.0,,False,,1,,,,,,,,,,,,
2026-03-17T03:33:49.901006-04:00,vsin_dk,draftkings,cbase,cbase_20260317_sfa_ut_arlington,Mar 17,,SFA,UT Arlington,160.0,15.0,85.0,80.0,20.0,,,,,,,,,,65.0,,True,,1,,,,,,,,,,,,
2026-03-17T03:33:49.901006-04:00,vsin_dk,draftkings,cbase,cbase_20260317_missouri_kansas,Mar 17,,Missouri,Kansas,100.0,50.0,50.0,81.0,19.0,,,,,,,,,,31.0,,True,,1,,,,,,,,,,,,
2026-03-17T03:33:49.901006-04:00,vsin_dk,draftkings,cbase,cbase_20260317_oklahoma_southeastern_louisiana,Mar 17,,Oklahoma,Southeastern Louisiana,-330.0,99.0,1.0,100.0,,,,,,,,,,,,,,,1,,,,,,,,,,,,
2026-03-17T03:33:49.901006-04:00,vsin_dk,draftkings,cbase,cbase_20260317_southern_mississippi_nicholls_state,Mar 17,,Southern Mississippi,Nicholls State,-660.0,99.0,1.0,84.0,16.0,,,,,,,,,,15.0,,True,,1,,,,,,,,,,,,
2026-03-17T03:33:49.901006-04:00,vsin_dk,draftkings,cbase,cbase_20260317_nebraska_wichita_state,Mar 17,,Nebraska,Wichita State,120.0,46.0,54.0,92.0,8.0,,,,,,,,,,46.0,,True,,1,,,,,,,,,,,,
2026-03-17T03:33:49.901006-04:00,vsin_dk,draftkings,cbase,cbase_20260317_new_orleans_tulane,Mar 17,,New Orleans,Tulane,175.0,6.0,94.0,2.0,98.0,,,,,,,,,,4.0,,False,,1,,,,,,,,,,,,
2026-03-17T03:33:49.901006-04:00,vsin_dk,draftkings,cbase,cbase_20260317_tarleton_state_texas,Mar 17,,Tarleton State,Texas,600.0,,100.0,,100.0,,,,,,,,,,0.0,,False,,1,,,,,,,,,,,,
2026-03-17T03:33:49.901006-04:00,vsin_dk,draftkings,cbase,cbase_20260317_kansas_state_baylor,Mar 17,,Kansas State,Baylor,-175.0,73.0,27.0,63.0,37.0,,,,,,,,,,10.0,,False,,1,,,,,,,,,,,,
2026-03-17T03:33:49.901006-04:00,vsin_dk,draftkings,cbase,cbase_20260317_texas_tech_dbu,Mar 17,,Texas Tech,DBU,120.0,38.0,62.0,10.0,90.0,,,,,,,,,,28.0,,True,,1,,,,,,,,,,,,
2026-03-17T03:33:49.901006-04:00,vsin_dk,draftkings,cbase,cbase_20260317_new_mexico_arizona,Mar 17,,New Mexico,Arizona,165.0,10.0,90.0,66.0,34.0,,,,,,,,,,56.0,,True,,1,,,,,,,,,,,,
2026-03-17T03:33:49.901006-04:00,vsin_dk,draftkings,cbase,cbase_20260317_uconn_california,Mar 17,,UConn,California,114.0,20.0,80.0,7.0,93.0,,,,,,,,,,13.0,,False,,1,,,,,,,,,,,,
2026-03-17T03:33:49.901006-04:00,vsin_dk,draftkings,cbase,cbase_20260317_csun_fresno_state,Mar 17,,CSUN,Fresno State,130.0,36.0,64.0,86.0,14.0,,,,,,,,,,50.0,,True,,1,,,,,,,,,,,,
2026-03-17T03:33:49.901006-04:00,vsin_dk,draftkings,cbase,cbase_20260317_cal_state_fullerton_unlv,Mar 17,,Cal State Fullerton,UNLV,-120.0,67.0,33.0,68.0,32.0,,,,,,,,,,1.0,,False,,1,,,,,,,,,,,,
2026-03-17T03:33:49.901006-04:00,vsin_dk,draftkings,cbase,cbase_20260317_lmu_long_beach_state,Mar 17,,LMU,Long Beach State,160.0,8.0,92.0,1.0,99.0,,,,,,,,,,7.0,,False,,1,,,,,,,,,,,,
2026-03-17T03:33:49.901006-04:00,vsin_dk,draftkings,cbase,cbase_20260317_san_diego_state_usc,Mar 17,,San Diego State,USC,470.0,1.0,99.0,45.0,55.0,,,,,,,,,,44.0,,True,,1,,,,,,,,,,,,
2026-03-17T03:33:49.901006-04:00,vsin_dk,draftkings,cbase,cbase_20260317_grand_canyon_arizona_state,Mar 17,,Grand Canyon,Arizona State,575.0,2.0,98.0,46.0,54.0,,,,,,,,,,44.0,,True,,1,,,,,,,,,,,,
2026-03-17T04:03:49.915737-04:00,vsin_dk,draftkings,cbase,cbase_20260316_cincinnati_utah_valley,Mar 16,,Cincinnati,Utah Valley,-298.0,90.0,10.0,86.0,14.0,14.5,43.0,57.0,75.0,25.0,64.0,36.0,76.0,24.0,4.0,32.0,False,True,1,,,,,,,,,,,,
2026-03-17T04:03:49.915737-04:00,vsin_dk,draftkings,cbase,cbase_20260316_harvard_california_baptist,Mar 16,,Harvard,California Baptist,400.0,9.0,91.0,5.0,95.0,12.5,43.0,57.0,27.0,73.0,35.0,65.0,35.0,65.0,4.0,16.0,False,True,1,,,,,,,,,,,,
2026-03-17T04:03:49.915737-04:00,vsin_dk,draftkings,cbase,cbase_20260317_cincinnati_utah_valley,Mar 17,,Cincinnati,Utah Valley,-280.0,93.0,7.0,90.0,10.0,,,,,,,,,,3.0,,False,,1,,,,,,,,,,,,
2026-03-17T04:03:49.915737-04:00,vsin_dk,draftkings,cbase,cbase_20260317_maryland_richmond,Mar 17,,Maryland,Richmond,-200.0,88.0,12.0,86.0,14.0,,,,,,,,,,2.0,,False,,1,,,,,,,,,,,,
2026-03-17T04:03:49.915737-04:00,vsin_dk,draftkings,cbase,cbase_20260317_indiana_vanderbilt,Mar 17,,Indiana,Vanderbilt,210.0,5.0,95.0,6.0,94.0,,,,,,,,,,1.0,,False,,1,,,,,,,,,,,,
2026-03-17T04:03:49.915737-04:00,vsin_dk,draftkings,cbase,cbase_20260317_jacksonville_south_florida,Mar 17,,Jacksonville,South Florida,210.0,5.0,95.0,4.0,96.0,,,,,,,,,,1.0,,False,,1,,,,,,,,,,,,
2026-03-17T04:03:49.915737-04:00,vsin_dk,draftkings,cbase,cbase_20260317_charlotte_south_carolina,Mar 17,,Charlotte,South Carolina,100.0,20.0,80.0,62.0,38.0,,,,,,,,,,42.0,,True,,1,,,,,,,,,,,,
2026-03-17T04:03:49.915737-04:00,vsin_dk,draftkings,cbase,cbase_20260317_samford_jacksonville_state,Mar 17,,Samford,Jacksonville State,350.0,4.0,96.0,17.0,83.0,,,,,,,,,,13.0,,False,,1,,,,,,,,,,,,
2026-03-17T04:03:49.915737-04:00,vsin_dk,draftkings,cbase,cbase_20260317_liberty_wake_forest,Mar 17,,Liberty,Wake Forest,150.0,7.0,93.0,2.0,98.0,,,,,,,,,,5.0,,False,,1,,,,,,,,,,,,
2026-03-17T04:03:49.915737-04:00,vsin_dk,draftkings,cbase,cbase_20260317_georgia_tech_auburn,Mar 17,,Georgia Tech,Auburn,-145.0,60.0,40.0,62.0,38.0,,,,,,,,,,2.0,,False,,1,,,,,,,,,,,,
2026-03-17T04:03:49.915737-04:00,vsin_dk,draftkings,cbase,cbase_20260317_elon_east_carolina,Mar 17,,Elon,East Carolina,300.0,2.0,98.0,15.0,85.0,,,,,,,,,,13.0,,False,,1,,,,,,,,,,,,
2026-03-17T04:03:49.915737-04:00,vsin_dk,draftkings,cbase,cbase_20260317_austin_peay_ole_miss,Mar 17,,Austin Peay,Ole Miss,300.0,1.0,99.0,7.0,93.0,,,,,,,,,,6.0,,False,,1,,,,,,,,,,,,
2026-03-17T04:03:49.915737-04:00,vsin_dk,draftkings,cbase,cbase_20260317_sam_houston_lamar,Mar 17,,Sam Houston,Lamar,145.0,21.0,79.0,3.0,97.0,,,,,,,,,,18.0,,True,,1,,,,,,,,,,,,
2026-03-17T04:03:49.915737-04:00,vsin_dk,draftkings,cbase,cbase_20260317_duke_campbell,Mar 17,,Duke,Campbell,-200.0,92.0,8.0,38.0,62.0,,,,,,,,,,54.0,,True,,1,,,,,,,,,,,,
2026-03-17T04:03:49.915737-04:00,vsin_dk,draftkings,cbase,cbase_20260317_north_carolina_state_uncw,Mar 17,,North Carolina State,UNCW,-120.0,86.0,14.0,100.0,,,,,,,,,,,,,,,1,,,,,,,,,,,,
2026-03-17T04:03:49.915737-04:00,vsin_dk,draftkings,cbase,cbase_20260317_clemson_college_of_charleston,Mar 17,,Clemson,College of Charleston,-445.0,99.0,1.0,92.0,8.0,,,,,,,,,,7.0,,False,,1,,,,,,,,,,,,
2026-03-17T04:03:49.915737-04:00,vsin_dk,draftkings,cbase,cbase_20260317_fgcu_florida_atlantic,Mar 17,,FGCU,Florida Atlantic,-105.0,32.0,68.0,83.0,17.0,,,,,,,,,,51.0,,True,,1,,,,,,,,,,,,
2026-03-17T04:03:49.915737-04:00,vsin_dk,draftkings,cbase,cbase_20260317_stetson_florida,Mar 17,,Stetson,Florida,450.0,,100.0,14.0,86.0,,,,,,,,,,14.0,,False,,1,,,,,,,,,,,,
2026-03-17T04:03:49.915737-04:00,vsin_dk,draftkings,cbase,cbase_20260317_sfa_ut_arlington,Mar 17,,SFA,UT Arlington,160.0,15.0,85.0,80.0,20.0,,,,,,,,,,65.0,,True,,1,,,,,,,,,,,,
2026-03-17T04:03:49.915737-04:00,vsin_dk,draftkings,cbase,cbase_20260317_missouri_kansas,Mar 17,,Missouri,Kansas,100.0,50.0,50.0,81.0,19.0,,,,,,,,,,31.0,,True,,1,,,,,,,,,,,,
2026-03-17T04:03:49.915737-04:00,vsin_dk,draftkings,cbase,cbase_20260317_oklahoma_southeastern_louisiana,Mar 17,,Oklahoma,Southeastern Louisiana,-330.0,99.0,1.0,100.0,,,,,,,,,,,,,,,1,,,,,,,,,,,,
2026-03-17T04:03:49.915737-04:00,vsin_dk,draftkings,cbase,cbase_20260317_southern_mississippi_nicholls_state,Mar 17,,Southern Mississippi,Nicholls State,-660.0,99.0,1.0,85.0,15.0,,,,,,,,,,14.0,,False,,1,,,,,,,,,,,,
2026-03-17T04:03:49.915737-04:00,vsin_dk,draftkings,cbase,cbase_20260317_nebraska_wichita_state,Mar 17,,Nebraska,Wichita State,120.0,46.0,54.0,92.0,8.0,,,,,,,,,,46.0,,True,,1,,,,,,,,,,,,
2026-03-17T04:03:49.915737-04:00,vsin_dk,draftkings,cbase,cbase_20260317_new_orleans_tulane,Mar 17,,New Orleans,Tulane,175.0,6.0,94.0,2.0,98.0,,,,,,,,,,4.0,,False,,1,,,,,,,,,,,,
2026-03-17T04:03:49.915737-04:00,vsin_dk,draftkings,cbase,cbase_20260317_tarleton_state_texas,Mar 17,,Tarleton State,Texas,600.0,,100.0,,100.0,,,,,,,,,,0.0,,False,,1,,,,,,,,,,,,
2026-03-17T04:03:49.915737-04:00,vsin_dk,draftkings,cbase,cbase_20260317_kansas_state_baylor,Mar 17,,Kansas State,Baylor,-175.0,74.0,26.0,64.0,36.0,,,,,,,,,,10.0,,False,,1,,,,,,,,,,,,
2026-03-17T04:03:49.915737-04:00,vsin_dk,draftkings,cbase,cbase_20260317_texas_tech_dbu,Mar 17,,Texas Tech,DBU,120.0,38.0,63.0,10.0,90.0,,,,,,,,,,27.0,,True,,1,,,,,,,,,,,,
2026-03-17T04:03:49.915737-04:00,vsin_dk,draftkings,cbase,cbase_20260317_new_mexico_arizona,Mar 17,,New Mexico,Arizona,165.0,9.0,91.0,65.0,35.0,,,,,,,,,,56.0,,True,,1,,,,,,,,,,,,
2026-03-17T04:03:49.915737-04:00,vsin_dk,draftkings,cbase,cbase_20260317_uconn_california,Mar 17,,UConn,California,114.0,20.0,80.0,7.0,93.0,,,,,,,,,,13.0,,False,,1,,,,,,,,,,,,
2026-03-17T04:03:49.915737-04:00,vsin_dk,draftkings,cbase,cbase_20260317_csun_fresno_state,Mar 17,,CSUN,Fresno State,130.0,35.0,65.0,86.0,14.0,,,,,,,,,,51.0,,True,,1,,,,,,,,,,,,
2026-03-17T04:03:49.915737-04:00,vsin_dk,draftkings,cbase,cbase_20260317_cal_state_fullerton_unlv,Mar 17,,Cal State Fullerton,UNLV,-120.0,63.0,37.0,68.0,32.0,,,,,,,,,,5.0,,False,,1,,,,,,,,,,,,
2026-03-17T04:03:49.915737-04:00,vsin_dk,draftkings,cbase,cbase_20260317_lmu_long_beach_state,Mar 17,,LMU,Long Beach State,160.0,9.0,91.0,1.0,99.0,,,,,,,,,,8.0,,False,,1,,,,,,,,,,,,
2026-03-17T04:03:49.915737-04:00,vsin_dk,draftkings,cbase,cbase_20260317_san_diego_state_usc,Mar 17,,San Diego State,USC,470.0,1.0,99.0,41.0,59.0,,,,,,,,,,40.0,,True,,1,,,,,,,,,,,,
2026-03-17T04:03:49.915737-04:00,vsin_dk,draftkings,cbase,cbase_20260317_grand_canyon_arizona_state,Mar 17,,Grand Canyon,Arizona State,575.0,2.0,98.0,45.0,55.0,,,,,,,,,,43.0,,True,,1,,,,,,,,,,,,
2026-03-17T04:34:18.774708-04:00,vsin_dk,draftkings,cbase,cbase_20260316_cincinnati_utah_valley,Mar 16,,Cincinnati,Utah Valley,-298.0,90.0,10.0,86.0,14.0,14.5,43.0,57.0,75.0,25.0,64.0,36.0,76.0,24.0,4.0,32.0,False,True,1,,,,,,,,,,,,
2026-03-17T04:34:18.774708-04:00,vsin_dk,draftkings,cbase,cbase_20260316_harvard_california_baptist,Mar 16,,Harvard,California Baptist,400.0,9.0,91.0,5.0,95.0,12.5,43.0,57.0,27.0,73.0,35.0,65.0,35.0,65.0,4.0,16.0,False,True,1,,,,,,,,,,,,
2026-03-17T04:34:18.774708-04:00,vsin_dk,draftkings,cbase,cbase_20260317_cincinnati_utah_valley,Mar 17,,Cincinnati,Utah Valley,-280.0,93.0,7.0,91.0,9.0,,,,,,,,,,2.0,,False,,1,,,,,,,,,,,,
2026-03-17T04:34:18.774708-04:00,vsin_dk,draftkings,cbase,cbase_20260317_maryland_richmond,Mar 17,,Maryland,Richmond,-200.0,88.0,12.0,87.0,13.0,,,,,,,,,,1.0,,False,,1,,,,,,,,,,,,
2026-03-17T04:34:18.774708-04:00,vsin_dk,draftkings,cbase,cbase_20260317_indiana_vanderbilt,Mar 17,,Indiana,Vanderbilt,210.0,5.0,95.0,6.0,94.0,,,,,,,,,,1.0,,False,,1,,,,,,,,,,,,
2026-03-17T04:34:18.774708-04:00,vsin_dk,draftkings,cbase,cbase_20260317_jacksonville_south_florida,Mar 17,,Jacksonville,South Florida,210.0,5.0,95.0,4.0,96.0,,,,,,,,,,1.0,,False,,1,,,,,,,,,,,,
2026-03-17T04:34:18.774708-04:00,vsin_dk,draftkings,cbase,cbase_20260317_charlotte_south_carolina,Mar 17,,Charlotte,South Carolina,100.0,20.0,80.0,62.0,38.0,,,,,,,,,,42.0,,True,,1,,,,,,,,,,,,
2026-03-17T04:34:18.774708-04:00,vsin_dk,draftkings,cbase,cbase_20260317_samford_jacksonville_state,Mar 17,,Samford,Jacksonville State,350.0,4.0,96.0,17.0,83.0,,,,,,,,,,13.0,,False,,1,,,,,,,,,,,,
2026-03-17T04:34:18.774708-04:00,vsin_dk,draftkings,cbase,cbase_20260317_liberty_wake_forest,Mar 17,,Liberty,Wake Forest,150.0,7.0,93.0,2.0,98.0,,,,,,,,,,5.0,,False,,1,,,,,,,,,,,,
2026-03-17T04:34:18.774708-04:00,vsin_dk,draftkings,cbase,cbase_20260317_georgia_tech_auburn,Mar 17,,Georgia Tech,Auburn,-145.0,61.0,39.0,62.0,38.0,,,,,,,,,,1.0,,False,,1,,,,,,,,,,,,
2026-03-17T04:34:18.774708-04:00,vsin_dk,draftkings,cbase,cbase_20260317_elon_east_carolina,Mar 17,,Elon,East Carolina,300.0,2.0,98.0,15.0,85.0,,,,,,,,,,13.0,,False,,1,,,,,,,,,,,,
2026-03-17T04:34:18.774708-04:00,vsin_dk,draftkings,cbase,cbase_20260317_austin_peay_ole_miss,Mar 17,,Austin Peay,Ole Miss,300.0,1.0,99.0,7.0,93.0,,,,,,,,,,6.0,,False,,1,,,,,,,,,,,,
2026-03-17T04:34:18.774708-04:00,vsin_dk,draftkings,cbase,cbase_20260317_sam_houston_lamar,Mar 17,,Sam Houston,Lamar,145.0,21.0,79.0,3.0,97.0,,,,,,,,,,18.0,,True,,1,,,,,,,,,,,,
2026-03-17T04:34:18.774708-04:00,vsin_dk,draftkings,cbase,cbase_20260317_duke_campbell,Mar 17,,Duke,Campbell,-200.0,92.0,8.0,38.0,62.0,,,,,,,,,,54.0,,True,,1,,,,,,,,,,,,
2026-03-17T04:34:18.774708-04:00,vsin_dk,draftkings,cbase,cbase_20260317_north_carolina_state_uncw,Mar 17,,North Carolina State,UNCW,-120.0,85.0,15.0,100.0,,,,,,,,,,,,,,,1,,,,,,,,,,,,
2026-03-17T04:34:18.774708-04:00,vsin_dk,draftkings,cbase,cbase_20260317_clemson_college_of_charleston,Mar 17,,Clemson,College of Charleston,-445.0,99.0,1.0,92.0,8.0,,,,,,,,,,7.0,,False,,1,,,,,,,,,,,,
2026-03-17T04:34:18.774708-04:00,vsin_dk,draftkings,cbase,cbase_20260317_fgcu_florida_atlantic,Mar 17,,FGCU,Florida Atlantic,-105.0,32.0,68.0,83.0,17.0,,,,,,,,,,51.0,,True,,1,,,,,,,,,,,,
2026-03-17T04:34:18.774708-04:00,vsin_dk,draftkings,cbase,cbase_20260317_stetson_florida,Mar 17,,Stetson,Florida,450.0,,100.0,14.0,86.0,,,,,,,,,,14.0,,False,,1,,,,,,,,,,,,
2026-03-17T04:34:18.774708-04:00,vsin_dk,draftkings,cbase,cbase_20260317_sfa_ut_arlington,Mar 17,,SFA,UT Arlington,160.0,14.0,86.0,80.0,20.0,,,,,,,,,,66.0,,True,,1,,,,,,,,,,,,
2026-03-17T04:34:18.774708-04:00,vsin_dk,draftkings,cbase,cbase_20260317_missouri_kansas,Mar 17,,Missouri,Kansas,100.0,50.0,50.0,81.0,19.0,,,,,,,,,,31.0,,True,,1,,,,,,,,,,,,
2026-03-17T04:34:18.774708-04:00,vsin_dk,draftkings,cbase,cbase_20260317_oklahoma_southeastern_louisiana,Mar 17,,Oklahoma,Southeastern Louisiana,-330.0,99.0,1.0,100.0,,,,,,,,,,,,,,,1,,,,,,,,,,,,
2026-03-17T04:34:18.774708-04:00,vsin_dk,draftkings,cbase,cbase_20260317_southern_mississippi_nicholls_state,Mar 17,,Southern Mississippi,Nicholls State,-660.0,99.0,1.0,85.0,15.0,,,,,,,,,,14.0,,False,,1,,,,,,,,,,,,
2026-03-17T04:34:18.774708-04:00,vsin_dk,draftkings,cbase,cbase_20260317_nebraska_wichita_state,Mar 17,,Nebraska,Wichita State,120.0,46.0,54.0,92.0,8.0,,,,,,,,,,46.0,,True,,1,,,,,,,,,,,,
2026-03-17T04:34:18.774708-04:00,vsin_dk,draftkings,cbase,cbase_20260317_new_orleans_tulane,Mar 17,,New Orleans,Tulane,175.0,5.0,95.0,2.0,98.0,,,,,,,,,,3.0,,False,,1,,,,,,,,,,,,
2026-03-17T04:34:18.774708-04:00,vsin_dk,draftkings,cbase,cbase_20260317_tarleton_state_texas,Mar 17,,Tarleton State,Texas,600.0,,100.0,,100.0,,,,,,,,,,0.0,,False,,1,,,,,,,,,,,,
2026-03-17T04:34:18.774708-04:00,vsin_dk,draftkings,cbase,cbase_20260317_kansas_state_baylor,Mar 17,,Kansas State,Baylor,-175.0,74.0,26.0,64.0,36.0,,,,,,,,,,10.0,,False,,1,,,,,,,,,,,,
2026-03-17T04:34:18.774708-04:00,vsin_dk,draftkings,cbase,cbase_20260317_texas_tech_dbu,Mar 17,,Texas Tech,DBU,120.0,38.0,63.0,10.0,90.0,,,,,,,,,,27.0,,True,,1,,,,,,,,,,,,
2026-03-17T04:34:18.774708-04:00,vsin_dk,draftkings,cbase,cbase_20260317_new_mexico_arizona,Mar 17,,New Mexico,Arizona,165.0,9.0,91.0,65.0,35.0,,,,,,,,,,56.0,,True,,1,,,,,,,,,,,,
2026-03-17T04:34:18.774708-04:00,vsin_dk,draftkings,cbase,cbase_20260317_uconn_california,Mar 17,,UConn,California,114.0,20.0,80.0,7.0,93.0,,,,,,,,,,13.0,,False,,1,,,,,,,,,,,,
2026-03-17T04:34:18.774708-04:00,vsin_dk,draftkings,cbase,cbase_20260317_csun_fresno_state,Mar 17,,CSUN,Fresno State,130.0,35.0,65.0,86.0,14.0,,,,,,,,,,51.0,,True,,1,,,,,,,,,,,,
2026-03-17T04:34:18.774708-04:00,vsin_dk,draftkings,cbase,cbase_20260317_cal_state_fullerton_unlv,Mar 17,,Cal State Fullerton,UNLV,-120.0,62.0,38.0,68.0,32.0,,,,,,,,,,6.0,,False,,1,,,,,,,,,,,,
2026-03-17T04:34:18.774708-04:00,vsin_dk,draftkings,cbase,cbase_20260317_lmu_long_beach_state,Mar 17,,LMU,Long Beach State,160.0,9.0,91.0,1.0,99.0,,,,,,,,,,8.0,,False,,1,,,,,,,,,,,,
2026-03-17T04:34:18.774708-04:00,vsin_dk,draftkings,cbase,cbase_20260317_san_diego_state_usc,Mar 17,,San Diego State,USC,470.0,1.0,99.0,41.0,59.0,,,,,,,,,,40.0,,True,,1,,,,,,,,,,,,
2026-03-17T04:34:18.774708-04:00,vsin_dk,draftkings,cbase,cbase_20260317_grand_canyon_arizona_state,Mar 17,,Grand Canyon,Arizona State,575.0,2.0,98.0,44.0,56.0,,,,,,,,,,42.0,,True,,1,,,,,,,,,,,,
2026-03-17T05:03:45.550766-04:00,vsin_dk,draftkings,cbase,cbase_20260316_cincinnati_utah_valley,Mar 16,,Cincinnati,Utah Valley,-298.0,90.0,10.0,86.0,14.0,14.5,43.0,57.0,75.0,25.0,64.0,36.0,76.0,24.0,4.0,32.0,False,True,1,,,,,,,,,,,,
2026-03-17T05:03:45.550766-04:00,vsin_dk,draftkings,cbase,cbase_20260316_harvard_california_baptist,Mar 16,,Harvard,California Baptist,400.0,9.0,91.0,5.0,95.0,12.5,43.0,57.0,27.0,73.0,35.0,65.0,35.0,65.0,4.0,16.0,False,True,1,,,,,,,,,,,,
2026-03-17T05:03:45.550766-04:00,vsin_dk,draftkings,cbase,cbase_20260317_cincinnati_utah_valley,Mar 17,,Cincinnati,Utah Valley,-280.0,93.0,7.0,91.0,9.0,,,,,,,,,,2.0,,False,,1,,,,,,,,,,,,
2026-03-17T05:03:45.550766-04:00,vsin_dk,draftkings,cbase,cbase_20260317_maryland_richmond,Mar 17,,Maryland,Richmond,-200.0,88.0,12.0,87.0,13.0,,,,,,,,,,1.0,,False,,1,,,,,,,,,,,,
2026-03-17T05:03:45.550766-04:00,vsin_dk,draftkings,cbase,cbase_20260317_indiana_vanderbilt,Mar 17,,Indiana,Vanderbilt,210.0,5.0,95.0,6.0,94.0,,,,,,,,,,1.0,,False,,1,,,,,,,,,,,,
2026-03-17T05:03:45.550766-04:00,vsin_dk,draftkings,cbase,cbase_20260317_jacksonville_south_florida,Mar 17,,Jacksonville,South Florida,210.0,5.0,95.0,4.0,96.0,,,,,,,,,,1.0,,False,,1,,,,,,,,,,,,
2026-03-17T05:03:45.550766-04:00,vsin_dk,draftkings,cbase,cbase_20260317_charlotte_south_carolina,Mar 17,,Charlotte,South Carolina,100.0,21.0,79.0,62.0,38.0,,,,,,,,,,41.0,,True,,1,,,,,,,,,,,,
2026-03-17T05:03:45.550766-04:00,vsin_dk,draftkings,cbase,cbase_20260317_samford_jacksonville_state,Mar 17,,Samford,Jacksonville State,350.0,4.0,96.0,16.0,84.0,,,,,,,,,,12.0,,False,,1,,,,,,,,,,,,
2026-03-17T05:03:45.550766-04:00,vsin_dk,draftkings,cbase,cbase_20260317_liberty_wake_forest,Mar 17,,Liberty,Wake Forest,150.0,7.0,93.0,2.0,98.0,,,,,,,,,,5.0,,False,,1,,,,,,,,,,,,
2026-03-17T05:03:45.550766-04:00,vsin_dk,draftkings,cbase,cbase_20260317_georgia_tech_auburn,Mar 17,,Georgia Tech,Auburn,-145.0,61.0,39.0,63.0,37.0,,,,,,,,,,2.0,,False,,1,,,,,,,,,,,,
2026-03-17T05:03:45.550766-04:00,vsin_dk,draftkings,cbase,cbase_20260317_elon_east_carolina,Mar 17,,Elon,East Carolina,300.0,2.0,98.0,14.0,86.0,,,,,,,,,,12.0,,False,,1,,,,,,,,,,,,
2026-03-17T05:03:45.550766-04:00,vsin_dk,draftkings,cbase,cbase_20260317_austin_peay_ole_miss,Mar 17,,Austin Peay,Ole Miss,300.0,1.0,99.0,7.0,93.0,,,,,,,,,,6.0,,False,,1,,,,,,,,,,,,
2026-03-17T05:03:45.550766-04:00,vsin_dk,draftkings,cbase,cbase_20260317_sam_houston_lamar,Mar 17,,Sam Houston,Lamar,145.0,19.0,81.0,3.0,97.0,,,,,,,,,,16.0,,True,,1,,,,,,,,,,,,
2026-03-17T05:03:45.550766-04:00,vsin_dk,draftkings,cbase,cbase_20260317_duke_campbell,Mar 17,,Duke,Campbell,-200.0,92.0,8.0,39.0,61.0,,,,,,,,,,53.0,,True,,1,,,,,,,,,,,,
2026-03-17T05:03:45.550766-04:00,vsin_dk,draftkings,cbase,cbase_20260317_north_carolina_state_uncw,Mar 17,,North Carolina State,UNCW,-120.0,84.0,16.0,99.0,1.0,,,,,,,,,,15.0,,True,,1,,,,,,,,,,,,
2026-03-17T05:03:45.550766-04:00,vsin_dk,draftkings,cbase,cbase_20260317_clemson_college_of_charleston,Mar 17,,Clemson,College of Charleston,-445.0,99.0,1.0,93.0,7.0,,,,,,,,,,6.0,,False,,1,,,,,,,,,,,,
2026-03-17T05:03:45.550766-04:00,vsin_dk,draftkings,cbase,cbase_20260317_fgcu_florida_atlantic,Mar 17,,FGCU,Florida Atlantic,-105.0,32.0,68.0,82.0,18.0,,,,,,,,,,50.0,,True,,1,,,,,,,,,,,,
2026-03-17T05:03:45.550766-04:00,vsin_dk,draftkings,cbase,cbase_20260317_stetson_florida,Mar 17,,Stetson,Florida,450.0,,100.0,14.0,86.0,,,,,,,,,,14.0,,False,,1,,,,,,,,,,,,
2026-03-17T05:03:45.550766-04:00,vsin_dk,draftkings,cbase,cbase_20260317_sfa_ut_arlington,Mar 17,,SFA,UT Arlington,160.0,13.0,87.0,80.0,20.0,,,,,,,,,,67.0,,True,,1,,,,,,,,,,,,
2026-03-17T05:03:45.550766-04:00,vsin_dk,draftkings,cbase,cbase_20260317_missouri_kansas,Mar 17,,Missouri,Kansas,100.0,47.0,53.0,81.0,19.0,,,,,,,,,,34.0,,True,,1,,,,,,,,,,,,
2026-03-17T05:03:45.550766-04:00,vsin_dk,draftkings,cbase,cbase_20260317_oklahoma_southeastern_louisiana,Mar 17,,Oklahoma,Southeastern Louisiana,-330.0,99.0,1.0,100.0,,,,,,,,,,,,,,,1,,,,,,,,,,,,
2026-03-17T05:03:45.550766-04:00,vsin_dk,draftkings,cbase,cbase_20260317_southern_mississippi_nicholls_state,Mar 17,,Southern Mississippi,Nicholls State,-660.0,99.0,1.0,85.0,15.0,,,,,,,,,,14.0,,False,,1,,,,,,,,,,,,
2026-03-17T05:03:45.550766-04:00,vsin_dk,draftkings,cbase,cbase_20260317_nebraska_wichita_state,Mar 17,,Nebraska,Wichita State,120.0,43.0,57.0,91.0,9.0,,,,,,,,,,48.0,,True,,1,,,,,,,,,,,,
2026-03-17T05:03:45.550766-04:00,vsin_dk,draftkings,cbase,cbase_20260317_new_orleans_tulane,Mar 17,,New Orleans,Tulane,175.0,5.0,95.0,2.0,98.0,,,,,,,,,,3.0,,False,,1,,,,,,,,,,,,
2026-03-17T05:03:45.550766-04:00,vsin_dk,draftkings,cbase,cbase_20260317_tarleton_state_texas,Mar 17,,Tarleton State,Texas,600.0,,100.0,,100.0,,,,,,,,,,0.0,,False,,1,,,,,,,,,,,,
2026-03-17T05:03:45.550766-04:00,vsin_dk,draftkings,cbase,cbase_20260317_kansas_state_baylor,Mar 17,,Kansas State,Baylor,-175.0,76.0,24.0,77.0,23.0,,,,,,,,,,1.0,,False,,1,,,,,,,,,,,,
2026-03-17T05:03:45.550766-04:00,vsin_dk,draftkings,cbase,cbase_20260317_texas_tech_dbu,Mar 17,,Texas Tech,DBU,120.0,34.0,66.0,10.0,90.0,,,,,,,,,,24.0,,True,,1,,,,,,,,,,,,
2026-03-17T05:03:45.550766-04:00,vsin_dk,draftkings,cbase,cbase_20260317_new_mexico_arizona,Mar 17,,New Mexico,Arizona,165.0,8.0,92.0,65.0,35.0,,,,,,,,,,57.0,,True,,1,,,,,,,,,,,,
2026-03-17T05:03:45.550766-04:00,vsin_dk,draftkings,cbase,cbase_20260317_uconn_california,Mar 17,,UConn,California,114.0,19.0,81.0,7.0,93.0,,,,,,,,,,12.0,,False,,1,,,,,,,,,,,,
2026-03-17T05:03:45.550766-04:00,vsin_dk,draftkings,cbase,cbase_20260317_csun_fresno_state,Mar 17,,CSUN,Fresno State,130.0,35.0,65.0,86.0,14.0,,,,,,,,,,51.0,,True,,1,,,,,,,,,,,,
2026-03-17T05:03:45.550766-04:00,vsin_dk,draftkings,cbase,cbase_20260317_cal_state_fullerton_unlv,Mar 17,,Cal State Fullerton,UNLV,-120.0,60.0,40.0,68.0,32.0,,,,,,,,,,8.0,,False,,1,,,,,,,,,,,,
2026-03-17T05:03:45.550766-04:00,vsin_dk,draftkings,cbase,cbase_20260317_lmu_long_beach_state,Mar 17,,LMU,Long Beach State,160.0,7.0,93.0,1.0,99.0,,,,,,,,,,6.0,,False,,1,,,,,,,,,,,,
2026-03-17T05:03:45.550766-04:00,vsin_dk,draftkings,cbase,cbase_20260317_san_diego_state_usc,Mar 17,,San Diego State,USC,470.0,1.0,99.0,40.0,60.0,,,,,,,,,,39.0,,True,,1,,,,,,,,,,,,
2026-03-17T05:03:45.550766-04:00,vsin_dk,draftkings,cbase,cbase_20260317_grand_canyon_arizona_state,Mar 17,,Grand Canyon,Arizona State,575.0,2.0,98.0,44.0,56.0,,,,,,,,,,42.0,,True,,1,,,,,,,,,,,,
2026-03-17T05:33:33.949916-04:00,vsin_dk,draftkings,cbase,cbase_20260316_cincinnati_utah_valley,Mar 16,,Cincinnati,Utah Valley,-298.0,90.0,10.0,86.0,14.0,14.5,43.0,57.0,75.0,25.0,64.0,36.0,76.0,24.0,4.0,32.0,False,True,1,,,,,,,,,,,,
2026-03-17T05:33:33.949916-04:00,vsin_dk,draftkings,cbase,cbase_20260316_harvard_california_baptist,Mar 16,,Harvard,California Baptist,400.0,9.0,91.0,5.0,95.0,12.5,43.0,57.0,27.0,73.0,35.0,65.0,35.0,65.0,4.0,16.0,False,True,1,,,,,,,,,,,,
2026-03-17T05:33:33.949916-04:00,vsin_dk,draftkings,cbase,cbase_20260317_cincinnati_utah_valley,Mar 17,,Cincinnati,Utah Valley,-280.0,93.0,7.0,91.0,9.0,,,,,,,,,,2.0,,False,,1,,,,,,,,,,,,
2026-03-17T05:33:33.949916-04:00,vsin_dk,draftkings,cbase,cbase_20260317_maryland_richmond,Mar 17,,Maryland,Richmond,-200.0,88.0,12.0,86.0,14.0,,,,,,,,,,2.0,,False,,1,,,,,,,,,,,,
2026-03-17T05:33:33.949916-04:00,vsin_dk,draftkings,cbase,cbase_20260317_indiana_vanderbilt,Mar 17,,Indiana,Vanderbilt,210.0,4.0,96.0,6.0,94.0,,,,,,,,,,2.0,,False,,1,,,,,,,,,,,,
2026-03-17T05:33:33.949916-04:00,vsin_dk,draftkings,cbase,cbase_20260317_jacksonville_south_florida,Mar 17,,Jacksonville,South Florida,210.0,4.0,96.0,4.0,96.0,,,,,,,,,,0.0,,False,,1,,,,,,,,,,,,
2026-03-17T05:33:33.949916-04:00,vsin_dk,draftkings,cbase,cbase_20260317_charlotte_south_carolina,Mar 17,,Charlotte,South Carolina,100.0,21.0,79.0,62.0,38.0,,,,,,,,,,41.0,,True,,1,,,,,,,,,,,,
2026-03-17T05:33:33.949916-04:00,vsin_dk,draftkings,cbase,cbase_20260317_samford_jacksonville_state,Mar 17,,Samford,Jacksonville State,350.0,4.0,96.0,15.0,85.0,,,,,,,,,,11.0,,False,,1,,,,,,,,,,,,
2026-03-17T05:33:33.949916-04:00,vsin_dk,draftkings,cbase,cbase_20260317_liberty_wake_forest,Mar 17,,Liberty,Wake Forest,150.0,7.0,93.0,2.0,98.0,,,,,,,,,,5.0,,False,,1,,,,,,,,,,,,
2026-03-17T05:33:33.949916-04:00,vsin_dk,draftkings,cbase,cbase_20260317_georgia_tech_auburn,Mar 17,,Georgia Tech,Auburn,-145.0,62.0,38.0,63.0,37.0,,,,,,,,,,1.0,,False,,1,,,,,,,,,,,,
2026-03-17T05:33:33.949916-04:00,vsin_dk,draftkings,cbase,cbase_20260317_elon_east_carolina,Mar 17,,Elon,East Carolina,300.0,2.0,98.0,14.0,86.0,,,,,,,,,,12.0,,False,,1,,,,,,,,,,,,
2026-03-17T05:33:33.949916-04:00,vsin_dk,draftkings,cbase,cbase_20260317_austin_peay_ole_miss,Mar 17,,Austin Peay,Ole Miss,300.0,1.0,99.0,6.0,94.0,,,,,,,,,,5.0,,False,,1,,,,,,,,,,,,
2026-03-17T05:33:33.949916-04:00,vsin_dk,draftkings,cbase,cbase_20260317_sam_houston_lamar,Mar 17,,Sam Houston,Lamar,145.0,19.0,81.0,3.0,97.0,,,,,,,,,,16.0,,True,,1,,,,,,,,,,,,
2026-03-17T05:33:33.949916-04:00,vsin_dk,draftkings,cbase,cbase_20260317_duke_campbell,Mar 17,,Duke,Campbell,-200.0,92.0,8.0,39.0,61.0,,,,,,,,,,53.0,,True,,1,,,,,,,,,,,,
2026-03-17T05:33:33.949916-04:00,vsin_dk,draftkings,cbase,cbase_20260317_north_carolina_state_uncw,Mar 17,,North Carolina State,UNCW,-120.0,84.0,16.0,99.0,1.0,,,,,,,,,,15.0,,True,,1,,,,,,,,,,,,
2026-03-17T05:33:33.949916-04:00,vsin_dk,draftkings,cbase,cbase_20260317_clemson_college_of_charleston,Mar 17,,Clemson,College of Charleston,-445.0,99.0,1.0,93.0,7.0,,,,,,,,,,6.0,,False,,1,,,,,,,,,,,,
2026-03-17T05:33:33.949916-04:00,vsin_dk,draftkings,cbase,cbase_20260317_fgcu_florida_atlantic,Mar 17,,FGCU,Florida Atlantic,-105.0,31.0,69.0,82.0,18.0,,,,,,,,,,51.0,,True,,1,,,,,,,,,,,,
2026-03-17T05:33:33.949916-04:00,vsin_dk,draftkings,cbase,cbase_20260317_stetson_florida,Mar 17,,Stetson,Florida,450.0,,100.0,14.0,86.0,,,,,,,,,,14.0,,False,,1,,,,,,,,,,,,
2026-03-17T05:33:33.949916-04:00,vsin_dk,draftkings,cbase,cbase_20260317_sfa_ut_arlington,Mar 17,,SFA,UT Arlington,160.0,13.0,87.0,80.0,20.0,,,,,,,,,,67.0,,True,,1,,,,,,,,,,,,
2026-03-17T05:33:33.949916-04:00,vsin_dk,draftkings,cbase,cbase_20260317_missouri_kansas,Mar 17,,Missouri,Kansas,100.0,46.0,54.0,81.0,19.0,,,,,,,,,,35.0,,True,,1,,,,,,,,,,,,
2026-03-17T05:33:33.949916-04:00,vsin_dk,draftkings,cbase,cbase_20260317_oklahoma_southeastern_louisiana,Mar 17,,Oklahoma,Southeastern Louisiana,-330.0,99.0,1.0,100.0,,,,,,,,,,,,,,,1,,,,,,,,,,,,
2026-03-17T05:33:33.949916-04:00,vsin_dk,draftkings,cbase,cbase_20260317_southern_mississippi_nicholls_state,Mar 17,,Southern Mississippi,Nicholls State,-660.0,99.0,1.0,86.0,14.0,,,,,,,,,,13.0,,False,,1,,,,,,,,,,,,
2026-03-17T05:33:33.949916-04:00,vsin_dk,draftkings,cbase,cbase_20260317_nebraska_wichita_state,Mar 17,,Nebraska,Wichita State,120.0,42.0,58.0,91.0,9.0,,,,,,,,,,49.0,,True,,1,,,,,,,,,,,,
2026-03-17T05:33:33.949916-04:00,vsin_dk,draftkings,cbase,cbase_20260317_new_orleans_tulane,Mar 17,,New Orleans,Tulane,175.0,5.0,95.0,1.0,99.0,,,,,,,,,,4.0,,False,,1,,,,,,,,,,,,
2026-03-17T05:33:33.949916-04:00,vsin_dk,draftkings,cbase,cbase_20260317_tarleton_state_texas,Mar 17,,Tarleton State,Texas,600.0,,100.0,,100.0,,,,,,,,,,0.0,,False,,1,,,,,,,,,,,,
2026-03-17T05:33:33.949916-04:00,vsin_dk,draftkings,cbase,cbase_20260317_kansas_state_baylor,Mar 17,,Kansas State,Baylor,-175.0,76.0,24.0,77.0,23.0,,,,,,,,,,1.0,,False,,1,,,,,,,,,,,,
2026-03-17T05:33:33.949916-04:00,vsin_dk,draftkings,cbase,cbase_20260317_texas_tech_dbu,Mar 17,,Texas Tech,DBU,120.0,35.0,65.0,10.0,90.0,,,,,,,,,,25.0,,True,,1,,,,,,,,,,,,
2026-03-17T05:33:33.949916-04:00,vsin_dk,draftkings,cbase,cbase_20260317_new_mexico_arizona,Mar 17,,New Mexico,Arizona,165.0,8.0,92.0,64.0,36.0,,,,,,,,,,56.0,,True,,1,,,,,,,,,,,,
2026-03-17T05:33:33.949916-04:00,vsin_dk,draftkings,cbase,cbase_20260317_uconn_california,Mar 17,,UConn,California,114.0,19.0,81.0,7.0,93.0,,,,,,,,,,12.0,,False,,1,,,,,,,,,,,,
2026-03-17T05:33:33.949916-04:00,vsin_dk,draftkings,cbase,cbase_20260317_csun_fresno_state,Mar 17,,CSUN,Fresno State,130.0,35.0,65.0,86.0,14.0,,,,,,,,,,51.0,,True,,1,,,,,,,,,,,,
2026-03-17T05:33:33.949916-04:00,vsin_dk,draftkings,cbase,cbase_20260317_cal_state_fullerton_unlv,Mar 17,,Cal State Fullerton,UNLV,-120.0,60.0,40.0,68.0,32.0,,,,,,,,,,8.0,,False,,1,,,,,,,,,,,,
2026-03-17T05:33:33.949916-04:00,vsin_dk,draftkings,cbase,cbase_20260317_lmu_long_beach_state,Mar 17,,LMU,Long Beach State,160.0,7.0,93.0,1.0,99.0,,,,,,,,,,6.0,,False,,1,,,,,,,,,,,,
2026-03-17T05:33:33.949916-04:00,vsin_dk,draftkings,cbase,cbase_20260317_san_diego_state_usc,Mar 17,,San Diego State,USC,470.0,1.0,99.0,40.0,60.0,,,,,,,,,,39.0,,True,,1,,,,,,,,,,,,
2026-03-17T05:33:33.949916-04:00,vsin_dk,draftkings,cbase,cbase_20260317_grand_canyon_arizona_state,Mar 17,,Grand Canyon,Arizona State,575.0,2.0,98.0,43.0,57.0,,,,,,,,,,41.0,,True,,1,,,,,,,,,,,,
2026-03-17T06:03:49.682473-04:00,vsin_dk,draftkings,cbase,cbase_20260316_cincinnati_utah_valley,Mar 16,,Cincinnati,Utah Valley,-298.0,90.0,10.0,86.0,14.0,14.5,43.0,57.0,75.0,25.0,64.0,36.0,76.0,24.0,4.0,32.0,False,True,1,,,,,,,,,,,,
2026-03-17T06:03:49.682473-04:00,vsin_dk,draftkings,cbase,cbase_20260316_harvard_california_baptist,Mar 16,,Harvard,California Baptist,400.0,9.0,91.0,5.0,95.0,12.5,43.0,57.0,27.0,73.0,35.0,65.0,35.0,65.0,4.0,16.0,False,True,1,,,,,,,,,,,,
2026-03-17T06:03:49.682473-04:00,vsin_dk,draftkings,cbase,cbase_20260317_cincinnati_utah_valley,Mar 17,,Cincinnati,Utah Valley,-280.0,93.0,7.0,91.0,9.0,,,,,,,,,,2.0,,False,,1,,,,,,,,,,,,
2026-03-17T06:03:49.682473-04:00,vsin_dk,draftkings,cbase,cbase_20260317_maryland_richmond,Mar 17,,Maryland,Richmond,-200.0,89.0,11.0,87.0,13.0,,,,,,,,,,2.0,,False,,1,,,,,,,,,,,,
2026-03-17T06:03:49.682473-04:00,vsin_dk,draftkings,cbase,cbase_20260317_indiana_vanderbilt,Mar 17,,Indiana,Vanderbilt,210.0,4.0,96.0,6.0,94.0,,,,,,,,,,2.0,,False,,1,,,,,,,,,,,,
2026-03-17T06:03:49.682473-04:00,vsin_dk,draftkings,cbase,cbase_20260317_jacksonville_south_florida,Mar 17,,Jacksonville,South Florida,210.0,4.0,96.0,4.0,96.0,,,,,,,,,,0.0,,False,,1,,,,,,,,,,,,
2026-03-17T06:03:49.682473-04:00,vsin_dk,draftkings,cbase,cbase_20260317_charlotte_south_carolina,Mar 17,,Charlotte,South Carolina,100.0,21.0,79.0,61.0,39.0,,,,,,,,,,40.0,,True,,1,,,,,,,,,,,,
2026-03-17T06:03:49.682473-04:00,vsin_dk,draftkings,cbase,cbase_20260317_samford_jacksonville_state,Mar 17,,Samford,Jacksonville State,350.0,3.0,97.0,15.0,85.0,,,,,,,,,,12.0,,False,,1,,,,,,,,,,,,
2026-03-17T06:03:49.682473-04:00,vsin_dk,draftkings,cbase,cbase_20260317_liberty_wake_forest,Mar 17,,Liberty,Wake Forest,150.0,7.0,93.0,2.0,98.0,,,,,,,,,,5.0,,False,,1,,,,,,,,,,,,
2026-03-17T06:03:49.682473-04:00,vsin_dk,draftkings,cbase,cbase_20260317_georgia_tech_auburn,Mar 17,,Georgia Tech,Auburn,-145.0,61.0,39.0,60.0,40.0,,,,,,,,,,1.0,,False,,1,,,,,,,,,,,,
2026-03-17T06:03:49.682473-04:00,vsin_dk,draftkings,cbase,cbase_20260317_elon_east_carolina,Mar 17,,Elon,East Carolina,300.0,2.0,98.0,13.0,87.0,,,,,,,,,,11.0,,False,,1,,,,,,,,,,,,
2026-03-17T06:03:49.682473-04:00,vsin_dk,draftkings,cbase,cbase_20260317_austin_peay_ole_miss,Mar 17,,Austin Peay,Ole Miss,300.0,1.0,99.0,6.0,94.0,,,,,,,,,,5.0,,False,,1,,,,,,,,,,,,
2026-03-17T06:03:49.682473-04:00,vsin_dk,draftkings,cbase,cbase_20260317_sam_houston_lamar,Mar 17,,Sam Houston,Lamar,145.0,19.0,81.0,3.0,97.0,,,,,,,,,,16.0,,True,,1,,,,,,,,,,,,
2026-03-17T06:03:49.682473-04:00,vsin_dk,draftkings,cbase,cbase_20260317_duke_campbell,Mar 17,,Duke,Campbell,-200.0,91.0,9.0,40.0,60.0,,,,,,,,,,51.0,,True,,1,,,,,,,,,,,,
2026-03-17T06:03:49.682473-04:00,vsin_dk,draftkings,cbase,cbase_20260317_north_carolina_state_uncw,Mar 17,,North Carolina State,UNCW,-120.0,85.0,15.0,100.0,,,,,,,,,,,,,,,1,,,,,,,,,,,,
2026-03-17T06:03:49.682473-04:00,vsin_dk,draftkings,cbase,cbase_20260317_clemson_college_of_charleston,Mar 17,,Clemson,College of Charleston,-445.0,99.0,1.0,93.0,7.0,,,,,,,,,,6.0,,False,,1,,,,,,,,,,,,
2026-03-17T06:03:49.682473-04:00,vsin_dk,draftkings,cbase,cbase_20260317_fgcu_florida_atlantic,Mar 17,,FGCU,Florida Atlantic,-105.0,31.0,69.0,82.0,18.0,,,,,,,,,,51.0,,True,,1,,,,,,,,,,,,
2026-03-17T06:03:49.682473-04:00,vsin_dk,draftkings,cbase,cbase_20260317_stetson_florida,Mar 17,,Stetson,Florida,450.0,,100.0,14.0,86.0,,,,,,,,,,14.0,,False,,1,,,,,,,,,,,,
2026-03-17T06:03:49.682473-04:00,vsin_dk,draftkings,cbase,cbase_20260317_sfa_ut_arlington,Mar 17,,SFA,UT Arlington,160.0,13.0,87.0,80.0,20.0,,,,,,,,,,67.0,,True,,1,,,,,,,,,,,,
2026-03-17T06:03:49.682473-04:00,vsin_dk,draftkings,cbase,cbase_20260317_missouri_kansas,Mar 17,,Missouri,Kansas,100.0,46.0,54.0,81.0,19.0,,,,,,,,,,35.0,,True,,1,,,,,,,,,,,,
2026-03-17T06:03:49.682473-04:00,vsin_dk,draftkings,cbase,cbase_20260317_oklahoma_southeastern_louisiana,Mar 17,,Oklahoma,Southeastern Louisiana,-330.0,99.0,1.0,99.0,1.0,,,,,,,,,,0.0,,False,,1,,,,,,,,,,,,
2026-03-17T06:03:49.682473-04:00,vsin_dk,draftkings,cbase,cbase_20260317_southern_mississippi_nicholls_state,Mar 17,,Southern Mississippi,Nicholls State,-660.0,99.0,1.0,86.0,14.0,,,,,,,,,,13.0,,False,,1,,,,,,,,,,,,
2026-03-17T06:03:49.682473-04:00,vsin_dk,draftkings,cbase,cbase_20260317_nebraska_wichita_state,Mar 17,,Nebraska,Wichita State,120.0,43.0,57.0,79.0,21.0,,,,,,,,,,36.0,,True,,1,,,,,,,,,,,,
2026-03-17T06:03:49.682473-04:00,vsin_dk,draftkings,cbase,cbase_20260317_new_orleans_tulane,Mar 17,,New Orleans,Tulane,175.0,5.0,95.0,4.0,96.0,,,,,,,,,,1.0,,False,,1,,,,,,,,,,,,
2026-03-17T06:03:49.682473-04:00,vsin_dk,draftkings,cbase,cbase_20260317_tarleton_state_texas,Mar 17,,Tarleton State,Texas,600.0,,100.0,,100.0,,,,,,,,,,0.0,,False,,1,,,,,,,,,,,,
2026-03-17T06:03:49.682473-04:00,vsin_dk,draftkings,cbase,cbase_20260317_kansas_state_baylor,Mar 17,,Kansas State,Baylor,-175.0,75.0,25.0,75.0,25.0,,,,,,,,,,0.0,,False,,1,,,,,,,,,,,,
2026-03-17T06:03:49.682473-04:00,vsin_dk,draftkings,cbase,cbase_20260317_texas_tech_dbu,Mar 17,,Texas Tech,DBU,120.0,37.0,63.0,10.0,90.0,,,,,,,,,,27.0,,True,,1,,,,,,,,,,,,
2026-03-17T06:03:49.682473-04:00,vsin_dk,draftkings,cbase,cbase_20260317_new_mexico_arizona,Mar 17,,New Mexico,Arizona,165.0,8.0,92.0,63.0,37.0,,,,,,,,,,55.0,,True,,1,,,,,,,,,,,,
2026-03-17T06:03:49.682473-04:00,vsin_dk,draftkings,cbase,cbase_20260317_uconn_california,Mar 17,,UConn,California,114.0,20.0,80.0,7.0,93.0,,,,,,,,,,13.0,,False,,1,,,,,,,,,,,,
2026-03-17T06:03:49.682473-04:00,vsin_dk,draftkings,cbase,cbase_20260317_csun_fresno_state,Mar 17,,CSUN,Fresno State,130.0,35.0,65.0,86.0,14.0,,,,,,,,,,51.0,,True,,1,,,,,,,,,,,,
2026-03-17T06:03:49.682473-04:00,vsin_dk,draftkings,cbase,cbase_20260317_cal_state_fullerton_unlv,Mar 17,,Cal State Fullerton,UNLV,-120.0,60.0,40.0,68.0,32.0,,,,,,,,,,8.0,,False,,1,,,,,,,,,,,,
2026-03-17T06:03:49.682473-04:00,vsin_dk,draftkings,cbase,cbase_20260317_lmu_long_beach_state,Mar 17,,LMU,Long Beach State,160.0,8.0,92.0,6.0,94.0,,,,,,,,,,2.0,,False,,1,,,,,,,,,,,,
2026-03-17T06:03:49.682473-04:00,vsin_dk,draftkings,cbase,cbase_20260317_san_diego_state_usc,Mar 17,,San Diego State,USC,470.0,1.0,99.0,39.0,61.0,,,,,,,,,,38.0,,True,,1,,,,,,,,,,,,
2026-03-17T06:03:49.682473-04:00,vsin_dk,draftkings,cbase,cbase_20260317_grand_canyon_arizona_state,Mar 17,,Grand Canyon,Arizona State,575.0,2.0,98.0,42.0,58.0,,,,,,,,,,40.0,,True,,1,,,,,,,,,,,,
2026-03-17T06:33:50.576976-04:00,vsin_dk,draftkings,cbase,cbase_20260316_cincinnati_utah_valley,Mar 16,,Cincinnati,Utah Valley,-298.0,90.0,10.0,86.0,14.0,14.5,43.0,57.0,75.0,25.0,64.0,36.0,76.0,24.0,4.0,32.0,False,True,1,,,,,,,,,,,,
2026-03-17T06:33:50.576976-04:00,vsin_dk,draftkings,cbase,cbase_20260316_harvard_california_baptist,Mar 16,,Harvard,California Baptist,400.0,9.0,91.0,5.0,95.0,12.5,43.0,57.0,27.0,73.0,35.0,65.0,35.0,65.0,4.0,16.0,False,True,1,,,,,,,,,,,,
2026-03-17T06:33:50.576976-04:00,vsin_dk,draftkings,cbase,cbase_20260317_cincinnati_utah_valley,Mar 17,,Cincinnati,Utah Valley,-280.0,94.0,6.0,91.0,9.0,,,,,,,,,,3.0,,False,,1,,,,,,,,,,,,
2026-03-17T06:33:50.576976-04:00,vsin_dk,draftkings,cbase,cbase_20260317_maryland_richmond,Mar 17,,Maryland,Richmond,-200.0,89.0,11.0,85.0,15.0,,,,,,,,,,4.0,,False,,1,,,,,,,,,,,,
2026-03-17T06:33:50.576976-04:00,vsin_dk,draftkings,cbase,cbase_20260317_indiana_vanderbilt,Mar 17,,Indiana,Vanderbilt,210.0,4.0,96.0,6.0,94.0,,,,,,,,,,2.0,,False,,1,,,,,,,,,,,,
2026-03-17T06:33:50.576976-04:00,vsin_dk,draftkings,cbase,cbase_20260317_jacksonville_south_florida,Mar 17,,Jacksonville,South Florida,210.0,4.0,96.0,4.0,96.0,,,,,,,,,,0.0,,False,,1,,,,,,,,,,,,
2026-03-17T06:33:50.576976-04:00,vsin_dk,draftkings,cbase,cbase_20260317_charlotte_south_carolina,Mar 17,,Charlotte,South Carolina,100.0,21.0,79.0,61.0,39.0,,,,,,,,,,40.0,,True,,1,,,,,,,,,,,,
2026-03-17T06:33:50.576976-04:00,vsin_dk,draftkings,cbase,cbase_20260317_samford_jacksonville_state,Mar 17,,Samford,Jacksonville State,350.0,3.0,97.0,13.0,87.0,,,,,,,,,,10.0,,False,,1,,,,,,,,,,,,
2026-03-17T06:33:50.576976-04:00,vsin_dk,draftkings,cbase,cbase_20260317_liberty_wake_forest,Mar 17,,Liberty,Wake Forest,150.0,7.0,93.0,2.0,98.0,,,,,,,,,,5.0,,False,,1,,,,,,,,,,,,
2026-03-17T06:33:50.576976-04:00,vsin_dk,draftkings,cbase,cbase_20260317_georgia_tech_auburn,Mar 17,,Georgia Tech,Auburn,-145.0,62.0,38.0,62.0,38.0,,,,,,,,,,0.0,,False,,1,,,,,,,,,,,,
2026-03-17T06:33:50.576976-04:00,vsin_dk,draftkings,cbase,cbase_20260317_elon_east_carolina,Mar 17,,Elon,East Carolina,300.0,2.0,98.0,11.0,89.0,,,,,,,,,,9.0,,False,,1,,,,,,,,,,,,
2026-03-17T06:33:50.576976-04:00,vsin_dk,draftkings,cbase,cbase_20260317_austin_peay_ole_miss,Mar 17,,Austin Peay,Ole Miss,300.0,1.0,99.0,6.0,94.0,,,,,,,,,,5.0,,False,,1,,,,,,,,,,,,
2026-03-17T06:33:50.576976-04:00,vsin_dk,draftkings,cbase,cbase_20260317_sam_houston_lamar,Mar 17,,Sam Houston,Lamar,145.0,19.0,81.0,3.0,97.0,,,,,,,,,,16.0,,True,,1,,,,,,,,,,,,
2026-03-17T06:33:50.576976-04:00,vsin_dk,draftkings,cbase,cbase_20260317_duke_campbell,Mar 17,,Duke,Campbell,-200.0,92.0,8.0,43.0,57.0,,,,,,,,,,49.0,,True,,1,,,,,,,,,,,,
2026-03-17T06:33:50.576976-04:00,vsin_dk,draftkings,cbase,cbase_20260317_north_carolina_state_uncw,Mar 17,,North Carolina State,UNCW,-120.0,84.0,16.0,99.0,1.0,,,,,,,,,,15.0,,True,,1,,,,,,,,,,,,
2026-03-17T06:33:50.576976-04:00,vsin_dk,draftkings,cbase,cbase_20260317_clemson_college_of_charleston,Mar 17,,Clemson,College of Charleston,-445.0,99.0,1.0,94.0,6.0,,,,,,,,,,5.0,,False,,1,,,,,,,,,,,,
2026-03-17T06:33:50.576976-04:00,vsin_dk,draftkings,cbase,cbase_20260317_fgcu_florida_atlantic,Mar 17,,FGCU,Florida Atlantic,-105.0,30.0,70.0,82.0,18.0,,,,,,,,,,52.0,,True,,1,,,,,,,,,,,,
2026-03-17T06:33:50.576976-04:00,vsin_dk,draftkings,cbase,cbase_20260317_stetson_florida,Mar 17,,Stetson,Florida,450.0,,100.0,12.0,88.0,,,,,,,,,,12.0,,False,,1,,,,,,,,,,,,
2026-03-17T06:33:50.576976-04:00,vsin_dk,draftkings,cbase,cbase_20260317_sfa_ut_arlington,Mar 17,,SFA,UT Arlington,160.0,13.0,87.0,79.0,21.0,,,,,,,,,,66.0,,True,,1,,,,,,,,,,,,
2026-03-17T06:33:50.576976-04:00,vsin_dk,draftkings,cbase,cbase_20260317_missouri_kansas,Mar 17,,Missouri,Kansas,100.0,45.0,55.0,81.0,19.0,,,,,,,,,,36.0,,True,,1,,,,,,,,,,,,
2026-03-17T06:33:50.576976-04:00,vsin_dk,draftkings,cbase,cbase_20260317_oklahoma_southeastern_louisiana,Mar 17,,Oklahoma,Southeastern Louisiana,-330.0,99.0,1.0,99.0,1.0,,,,,,,,,,0.0,,False,,1,,,,,,,,,,,,
2026-03-17T06:33:50.576976-04:00,vsin_dk,draftkings,cbase,cbase_20260317_southern_mississippi_nicholls_state,Mar 17,,Southern Mississippi,Nicholls State,-660.0,99.0,1.0,88.0,12.0,,,,,,,,,,11.0,,False,,1,,,,,,,,,,,,
2026-03-17T06:33:50.576976-04:00,vsin_dk,draftkings,cbase,cbase_20260317_nebraska_wichita_state,Mar 17,,Nebraska,Wichita State,120.0,41.0,59.0,79.0,21.0,,,,,,,,,,38.0,,True,,1,,,,,,,,,,,,
2026-03-17T06:33:50.576976-04:00,vsin_dk,draftkings,cbase,cbase_20260317_new_orleans_tulane,Mar 17,,New Orleans,Tulane,175.0,5.0,95.0,4.0,96.0,,,,,,,,,,1.0,,False,,1,,,,,,,,,,,,
2026-03-17T06:33:50.576976-04:00,vsin_dk,draftkings,cbase,cbase_20260317_tarleton_state_texas,Mar 17,,Tarleton State,Texas,600.0,,100.0,,100.0,,,,,,,,,,0.0,,False,,1,,,,,,,,,,,,
2026-03-17T06:33:50.576976-04:00,vsin_dk,draftkings,cbase,cbase_20260317_kansas_state_baylor,Mar 17,,Kansas State,Baylor,-175.0,76.0,24.0,75.0,25.0,,,,,,,,,,1.0,,False,,1,,,,,,,,,,,,
2026-03-17T06:33:50.576976-04:00,vsin_dk,draftkings,cbase,cbase_20260317_texas_tech_dbu,Mar 17,,Texas Tech,DBU,120.0,37.0,63.0,10.0,90.0,,,,,,,,,,27.0,,True,,1,,,,,,,,,,,,
2026-03-17T06:33:50.576976-04:00,vsin_dk,draftkings,cbase,cbase_20260317_new_mexico_arizona,Mar 17,,New Mexico,Arizona,165.0,8.0,92.0,62.0,38.0,,,,,,,,,,54.0,,True,,1,,,,,,,,,,,,
2026-03-17T06:33:50.576976-04:00,vsin_dk,draftkings,cbase,cbase_20260317_uconn_california,Mar 17,,UConn,California,114.0,20.0,80.0,7.0,93.0,,,,,,,,,,13.0,,False,,1,,,,,,,,,,,,
2026-03-17T06:33:50.576976-04:00,vsin_dk,draftkings,cbase,cbase_20260317_csun_fresno_state,Mar 17,,CSUN,Fresno State,130.0,34.0,66.0,86.0,14.0,,,,,,,,,,52.0,,True,,1,,,,,,,,,,,,
2026-03-17T06:33:50.576976-04:00,vsin_dk,draftkings,cbase,cbase_20260317_cal_state_fullerton_unlv,Mar 17,,Cal State Fullerton,UNLV,-120.0,61.0,39.0,69.0,31.0,,,,,,,,,,8.0,,False,,1,,,,,,,,,,,,
2026-03-17T06:33:50.576976-04:00,vsin_dk,draftkings,cbase,cbase_20260317_lmu_long_beach_state,Mar 17,,LMU,Long Beach State,160.0,8.0,92.0,5.0,95.0,,,,,,,,,,3.0,,False,,1,,,,,,,,,,,,
2026-03-17T06:33:50.576976-04:00,vsin_dk,draftkings,cbase,cbase_20260317_san_diego_state_usc,Mar 17,,San Diego State,USC,470.0,1.0,99.0,37.0,63.0,,,,,,,,,,36.0,,True,,1,,,,,,,,,,,,
2026-03-17T06:33:50.576976-04:00,vsin_dk,draftkings,cbase,cbase_20260317_grand_canyon_arizona_state,Mar 17,,Grand Canyon,Arizona State,575.0,2.0,98.0,40.0,60.0,,,,,,,,,,38.0,,True,,1,,,,,,,,,,,,
2026-03-17T07:04:11.565254-04:00,vsin_dk,draftkings,cbase,cbase_20260316_cincinnati_utah_valley,Mar 16,,Cincinnati,Utah Valley,-298.0,90.0,10.0,86.0,14.0,14.5,43.0,57.0,75.0,25.0,64.0,36.0,76.0,24.0,4.0,32.0,False,True,1,,,,,,,,,,,,
2026-03-17T07:04:11.565254-04:00,vsin_dk,draftkings,cbase,cbase_20260316_harvard_california_baptist,Mar 16,,Harvard,California Baptist,400.0,9.0,91.0,5.0,95.0,12.5,43.0,57.0,27.0,73.0,35.0,65.0,35.0,65.0,4.0,16.0,False,True,1,,,,,,,,,,,,
2026-03-17T07:04:11.565254-04:00,vsin_dk,draftkings,cbase,cbase_20260317_cincinnati_utah_valley,Mar 17,,Cincinnati,Utah Valley,-280.0,94.0,6.0,92.0,8.0,,,,,,,,,,2.0,,False,,1,,,,,,,,,,,,
2026-03-17T07:04:11.565254-04:00,vsin_dk,draftkings,cbase,cbase_20260317_maryland_richmond,Mar 17,,Maryland,Richmond,-200.0,89.0,11.0,85.0,15.0,,,,,,,,,,4.0,,False,,1,,,,,,,,,,,,
2026-03-17T07:04:11.565254-04:00,vsin_dk,draftkings,cbase,cbase_20260317_indiana_vanderbilt,Mar 17,,Indiana,Vanderbilt,210.0,4.0,96.0,6.0,94.0,,,,,,,,,,2.0,,False,,1,,,,,,,,,,,,
2026-03-17T07:04:11.565254-04:00,vsin_dk,draftkings,cbase,cbase_20260317_jacksonville_south_florida,Mar 17,,Jacksonville,South Florida,210.0,4.0,96.0,3.0,97.0,,,,,,,,,,1.0,,False,,1,,,,,,,,,,,,
2026-03-17T07:04:11.565254-04:00,vsin_dk,draftkings,cbase,cbase_20260317_charlotte_south_carolina,Mar 17,,Charlotte,South Carolina,100.0,20.0,80.0,61.0,39.0,,,,,,,,,,41.0,,True,,1,,,,,,,,,,,,
2026-03-17T07:04:11.565254-04:00,vsin_dk,draftkings,cbase,cbase_20260317_samford_jacksonville_state,Mar 17,,Samford,Jacksonville State,350.0,3.0,97.0,12.0,88.0,,,,,,,,,,9.0,,False,,1,,,,,,,,,,,,
2026-03-17T07:04:11.565254-04:00,vsin_dk,draftkings,cbase,cbase_20260317_liberty_wake_forest,Mar 17,,Liberty,Wake Forest,150.0,7.0,93.0,2.0,98.0,,,,,,,,,,5.0,,False,,1,,,,,,,,,,,,
2026-03-17T07:04:11.565254-04:00,vsin_dk,draftkings,cbase,cbase_20260317_georgia_tech_auburn,Mar 17,,Georgia Tech,Auburn,-145.0,62.0,38.0,70.0,30.0,,,,,,,,,,8.0,,False,,1,,,,,,,,,,,,
2026-03-17T07:04:11.565254-04:00,vsin_dk,draftkings,cbase,cbase_20260317_elon_east_carolina,Mar 17,,Elon,East Carolina,300.0,2.0,98.0,12.0,88.0,,,,,,,,,,10.0,,False,,1,,,,,,,,,,,,
2026-03-17T07:04:11.565254-04:00,vsin_dk,draftkings,cbase,cbase_20260317_austin_peay_ole_miss,Mar 17,,Austin Peay,Ole Miss,300.0,1.0,99.0,6.0,94.0,,,,,,,,,,5.0,,False,,1,,,,,,,,,,,,
2026-03-17T07:04:11.565254-04:00,vsin_dk,draftkings,cbase,cbase_20260317_sam_houston_lamar,Mar 17,,Sam Houston,Lamar,145.0,18.0,82.0,3.0,97.0,,,,,,,,,,15.0,,True,,1,,,,,,,,,,,,
2026-03-17T07:04:11.565254-04:00,vsin_dk,draftkings,cbase,cbase_20260317_duke_campbell,Mar 17,,Duke,Campbell,-200.0,92.0,8.0,44.0,56.0,,,,,,,,,,48.0,,True,,1,,,,,,,,,,,,
2026-03-17T07:04:11.565254-04:00,vsin_dk,draftkings,cbase,cbase_20260317_north_carolina_state_uncw,Mar 17,,North Carolina State,UNCW,-120.0,85.0,15.0,99.0,1.0,,,,,,,,,,14.0,,False,,1,,,,,,,,,,,,
2026-03-17T07:04:11.565254-04:00,vsin_dk,draftkings,cbase,cbase_20260317_clemson_college_of_charleston,Mar 17,,Clemson,College of Charleston,-445.0,99.0,1.0,94.0,6.0,,,,,,,,,,5.0,,False,,1,,,,,,,,,,,,
2026-03-17T07:04:11.565254-04:00,vsin_dk,draftkings,cbase,cbase_20260317_fgcu_florida_atlantic,Mar 17,,FGCU,Florida Atlantic,-105.0,29.0,71.0,82.0,18.0,,,,,,,,,,53.0,,True,,1,,,,,,,,,,,,
2026-03-17T07:04:11.565254-04:00,vsin_dk,draftkings,cbase,cbase_20260317_stetson_florida,Mar 17,,Stetson,Florida,450.0,,100.0,12.0,88.0,,,,,,,,,,12.0,,False,,1,,,,,,,,,,,,
2026-03-17T07:04:11.565254-04:00,vsin_dk,draftkings,cbase,cbase_20260317_sfa_ut_arlington,Mar 17,,SFA,UT Arlington,160.0,13.0,87.0,79.0,21.0,,,,,,,,,,66.0,,True,,1,,,,,,,,,,,,
2026-03-17T07:04:11.565254-04:00,vsin_dk,draftkings,cbase,cbase_20260317_missouri_kansas,Mar 17,,Missouri,Kansas,100.0,45.0,55.0,88.0,12.0,,,,,,,,,,43.0,,True,,1,,,,,,,,,,,,
2026-03-17T07:04:11.565254-04:00,vsin_dk,draftkings,cbase,cbase_20260317_oklahoma_southeastern_louisiana,Mar 17,,Oklahoma,Southeastern Louisiana,-330.0,99.0,1.0,99.0,1.0,,,,,,,,,,0.0,,False,,1,,,,,,,,,,,,
2026-03-17T07:04:11.565254-04:00,vsin_dk,draftkings,cbase,cbase_20260317_southern_mississippi_nicholls_state,Mar 17,,Southern Mississippi,Nicholls State,-660.0,99.0,1.0,88.0,12.0,,,,,,,,,,11.0,,False,,1,,,,,,,,,,,,
2026-03-17T07:04:11.565254-04:00,vsin_dk,draftkings,cbase,cbase_20260317_nebraska_wichita_state,Mar 17,,Nebraska,Wichita State,120.0,40.0,60.0,79.0,21.0,,,,,,,,,,39.0,,True,,1,,,,,,,,,,,,
2026-03-17T07:04:11.565254-04:00,vsin_dk,draftkings,cbase,cbase_20260317_new_orleans_tulane,Mar 17,,New Orleans,Tulane,175.0,5.0,95.0,4.0,96.0,,,,,,,,,,1.0,,False,,1,,,,,,,,,,,,
2026-03-17T07:04:11.565254-04:00,vsin_dk,draftkings,cbase,cbase_20260317_tarleton_state_texas,Mar 17,,Tarleton State,Texas,600.0,,100.0,,100.0,,,,,,,,,,0.0,,False,,1,,,,,,,,,,,,
2026-03-17T07:04:11.565254-04:00,vsin_dk,draftkings,cbase,cbase_20260317_kansas_state_baylor,Mar 17,,Kansas State,Baylor,-175.0,77.0,23.0,80.0,20.0,,,,,,,,,,3.0,,False,,1,,,,,,,,,,,,
2026-03-17T07:04:11.565254-04:00,vsin_dk,draftkings,cbase,cbase_20260317_texas_tech_dbu,Mar 17,,Texas Tech,DBU,120.0,37.0,63.0,11.0,89.0,,,,,,,,,,26.0,,True,,1,,,,,,,,,,,,
2026-03-17T07:04:11.565254-04:00,vsin_dk,draftkings,cbase,cbase_20260317_new_mexico_arizona,Mar 17,,New Mexico,Arizona,165.0,8.0,92.0,62.0,38.0,,,,,,,,,,54.0,,True,,1,,,,,,,,,,,,
2026-03-17T07:04:11.565254-04:00,vsin_dk,draftkings,cbase,cbase_20260317_uconn_california,Mar 17,,UConn,California,114.0,18.0,82.0,6.0,94.0,,,,,,,,,,12.0,,False,,1,,,,,,,,,,,,
2026-03-17T07:04:11.565254-04:00,vsin_dk,draftkings,cbase,cbase_20260317_csun_fresno_state,Mar 17,,CSUN,Fresno State,130.0,33.0,67.0,86.0,14.0,,,,,,,,,,53.0,,True,,1,,,,,,,,,,,,
2026-03-17T07:04:11.565254-04:00,vsin_dk,draftkings,cbase,cbase_20260317_cal_state_fullerton_unlv,Mar 17,,Cal State Fullerton,UNLV,-120.0,62.0,38.0,69.0,31.0,,,,,,,,,,7.0,,False,,1,,,,,,,,,,,,
2026-03-17T07:04:11.565254-04:00,vsin_dk,draftkings,cbase,cbase_20260317_lmu_long_beach_state,Mar 17,,LMU,Long Beach State,160.0,7.0,93.0,5.0,95.0,,,,,,,,,,2.0,,False,,1,,,,,,,,,,,,
2026-03-17T07:04:11.565254-04:00,vsin_dk,draftkings,cbase,cbase_20260317_san_diego_state_usc,Mar 17,,San Diego State,USC,470.0,1.0,99.0,36.0,64.0,,,,,,,,,,35.0,,True,,1,,,,,,,,,,,,
2026-03-17T07:04:11.565254-04:00,vsin_dk,draftkings,cbase,cbase_20260317_grand_canyon_arizona_state,Mar 17,,Grand Canyon,Arizona State,575.0,2.0,98.0,39.0,61.0,,,,,,,,,,37.0,,True,,1,,,,,,,,,,,,
2026-03-17T07:14:56.404887-04:00,vsin_dk,draftkings,cbase,cbase_20260316_cincinnati_utah_valley,Mar 16,,Cincinnati,Utah Valley,-298.0,90.0,10.0,86.0,14.0,14.5,43.0,57.0,75.0,25.0,64.0,36.0,76.0,24.0,4.0,32.0,False,True,1,,,,,,,,,,,,
2026-03-17T07:14:56.404887-04:00,vsin_dk,draftkings,cbase,cbase_20260316_harvard_california_baptist,Mar 16,,Harvard,California Baptist,400.0,9.0,91.0,5.0,95.0,12.5,43.0,57.0,27.0,73.0,35.0,65.0,35.0,65.0,4.0,16.0,False,True,1,,,,,,,,,,,,
2026-03-17T07:14:56.404887-04:00,vsin_dk,draftkings,cbase,cbase_20260317_cincinnati_utah_valley,Mar 17,,Cincinnati,Utah Valley,-280.0,94.0,6.0,92.0,8.0,,,,,,,,,,2.0,,False,,1,,,,,,,,,,,,
2026-03-17T07:14:56.404887-04:00,vsin_dk,draftkings,cbase,cbase_20260317_maryland_richmond,Mar 17,,Maryland,Richmond,-200.0,89.0,11.0,85.0,15.0,,,,,,,,,,4.0,,False,,1,,,,,,,,,,,,
2026-03-17T07:14:56.404887-04:00,vsin_dk,draftkings,cbase,cbase_20260317_indiana_vanderbilt,Mar 17,,Indiana,Vanderbilt,210.0,4.0,96.0,6.0,94.0,,,,,,,,,,2.0,,False,,1,,,,,,,,,,,,
2026-03-17T07:14:56.404887-04:00,vsin_dk,draftkings,cbase,cbase_20260317_jacksonville_south_florida,Mar 17,,Jacksonville,South Florida,210.0,4.0,96.0,3.0,97.0,,,,,,,,,,1.0,,False,,1,,,,,,,,,,,,
2026-03-17T07:14:56.404887-04:00,vsin_dk,draftkings,cbase,cbase_20260317_charlotte_south_carolina,Mar 17,,Charlotte,South Carolina,100.0,20.0,80.0,60.0,40.0,,,,,,,,,,40.0,,True,,1,,,,,,,,,,,,
2026-03-17T07:14:56.404887-04:00,vsin_dk,draftkings,cbase,cbase_20260317_samford_jacksonville_state,Mar 17,,Samford,Jacksonville State,350.0,3.0,97.0,12.0,88.0,,,,,,,,,,9.0,,False,,1,,,,,,,,,,,,
2026-03-17T07:14:56.404887-04:00,vsin_dk,draftkings,cbase,cbase_20260317_liberty_wake_forest,Mar 17,,Liberty,Wake Forest,150.0,7.0,93.0,2.0,98.0,,,,,,,,,,5.0,,False,,1,,,,,,,,,,,,
2026-03-17T07:14:56.404887-04:00,vsin_dk,draftkings,cbase,cbase_20260317_georgia_tech_auburn,Mar 17,,Georgia Tech,Auburn,-145.0,62.0,38.0,71.0,29.0,,,,,,,,,,9.0,,False,,1,,,,,,,,,,,,
2026-03-17T07:14:56.404887-04:00,vsin_dk,draftkings,cbase,cbase_20260317_elon_east_carolina,Mar 17,,Elon,East Carolina,300.0,2.0,98.0,11.0,89.0,,,,,,,,,,9.0,,False,,1,,,,,,,,,,,,
2026-03-17T07:14:56.404887-04:00,vsin_dk,draftkings,cbase,cbase_20260317_austin_peay_ole_miss,Mar 17,,Austin Peay,Ole Miss,300.0,1.0,99.0,6.0,94.0,,,,,,,,,,5.0,,False,,1,,,,,,,,,,,,
2026-03-17T07:14:56.404887-04:00,vsin_dk,draftkings,cbase,cbase_20260317_sam_houston_lamar,Mar 17,,Sam Houston,Lamar,145.0,19.0,81.0,3.0,97.0,,,,,,,,,,16.0,,True,,1,,,,,,,,,,,,
2026-03-17T07:14:56.404887-04:00,vsin_dk,draftkings,cbase,cbase_20260317_duke_campbell,Mar 17,,Duke,Campbell,-200.0,92.0,8.0,48.0,52.0,,,,,,,,,,44.0,,True,,1,,,,,,,,,,,,
2026-03-17T07:14:56.404887-04:00,vsin_dk,draftkings,cbase,cbase_20260317_north_carolina_state_uncw,Mar 17,,North Carolina State,UNCW,-120.0,85.0,15.0,99.0,1.0,,,,,,,,,,14.0,,False,,1,,,,,,,,,,,,
2026-03-17T07:14:56.404887-04:00,vsin_dk,draftkings,cbase,cbase_20260317_clemson_college_of_charleston,Mar 17,,Clemson,College of Charleston,-445.0,99.0,1.0,94.0,6.0,,,,,,,,,,5.0,,False,,1,,,,,,,,,,,,
2026-03-17T07:14:56.404887-04:00,vsin_dk,draftkings,cbase,cbase_20260317_fgcu_florida_atlantic,Mar 17,,FGCU,Florida Atlantic,-105.0,29.0,71.0,78.0,22.0,,,,,,,,,,49.0,,True,,1,,,,,,,,,,,,
2026-03-17T07:14:56.404887-04:00,vsin_dk,draftkings,cbase,cbase_20260317_stetson_florida,Mar 17,,Stetson,Florida,450.0,,100.0,12.0,88.0,,,,,,,,,,12.0,,False,,1,,,,,,,,,,,,
2026-03-17T07:14:56.404887-04:00,vsin_dk,draftkings,cbase,cbase_20260317_sfa_ut_arlington,Mar 17,,SFA,UT Arlington,160.0,12.0,88.0,79.0,21.0,,,,,,,,,,67.0,,True,,1,,,,,,,,,,,,
2026-03-17T07:14:56.404887-04:00,vsin_dk,draftkings,cbase,cbase_20260317_missouri_kansas,Mar 17,,Missouri,Kansas,100.0,45.0,55.0,88.0,12.0,,,,,,,,,,43.0,,True,,1,,,,,,,,,,,,
2026-03-17T07:14:56.404887-04:00,vsin_dk,draftkings,cbase,cbase_20260317_oklahoma_southeastern_louisiana,Mar 17,,Oklahoma,Southeastern Louisiana,-330.0,99.0,1.0,99.0,1.0,,,,,,,,,,0.0,,False,,1,,,,,,,,,,,,
2026-03-17T07:14:56.404887-04:00,vsin_dk,draftkings,cbase,cbase_20260317_southern_mississippi_nicholls_state,Mar 17,,Southern Mississippi,Nicholls State,-660.0,99.0,1.0,88.0,12.0,,,,,,,,,,11.0,,False,,1,,,,,,,,,,,,
2026-03-17T07:14:56.404887-04:00,vsin_dk,draftkings,cbase,cbase_20260317_nebraska_wichita_state,Mar 17,,Nebraska,Wichita State,120.0,40.0,60.0,79.0,21.0,,,,,,,,,,39.0,,True,,1,,,,,,,,,,,,
2026-03-17T07:14:56.404887-04:00,vsin_dk,draftkings,cbase,cbase_20260317_new_orleans_tulane,Mar 17,,New Orleans,Tulane,175.0,5.0,95.0,4.0,96.0,,,,,,,,,,1.0,,False,,1,,,,,,,,,,,,
2026-03-17T07:14:56.404887-04:00,vsin_dk,draftkings,cbase,cbase_20260317_tarleton_state_texas,Mar 17,,Tarleton State,Texas,600.0,,100.0,,100.0,,,,,,,,,,0.0,,False,,1,,,,,,,,,,,,
2026-03-17T07:14:56.404887-04:00,vsin_dk,draftkings,cbase,cbase_20260317_kansas_state_baylor,Mar 17,,Kansas State,Baylor,-175.0,77.0,23.0,80.0,20.0,,,,,,,,,,3.0,,False,,1,,,,,,,,,,,,
2026-03-17T07:14:56.404887-04:00,vsin_dk,draftkings,cbase,cbase_20260317_texas_tech_dbu,Mar 17,,Texas Tech,DBU,120.0,39.0,61.0,11.0,89.0,,,,,,,,,,28.0,,True,,1,,,,,,,,,,,,
2026-03-17T07:14:56.404887-04:00,vsin_dk,draftkings,cbase,cbase_20260317_new_mexico_arizona,Mar 17,,New Mexico,Arizona,165.0,8.0,92.0,62.0,38.0,,,,,,,,,,54.0,,True,,1,,,,,,,,,,,,
2026-03-17T07:14:56.404887-04:00,vsin_dk,draftkings,cbase,cbase_20260317_uconn_california,Mar 17,,UConn,California,114.0,18.0,82.0,5.0,95.0,,,,,,,,,,13.0,,False,,1,,,,,,,,,,,,
2026-03-17T07:14:56.404887-04:00,vsin_dk,draftkings,cbase,cbase_20260317_csun_fresno_state,Mar 17,,CSUN,Fresno State,130.0,32.0,68.0,86.0,14.0,,,,,,,,,,54.0,,True,,1,,,,,,,,,,,,
2026-03-17T07:14:56.404887-04:00,vsin_dk,draftkings,cbase,cbase_20260317_cal_state_fullerton_unlv,Mar 17,,Cal State Fullerton,UNLV,-120.0,64.0,36.0,69.0,31.0,,,,,,,,,,5.0,,False,,1,,,,,,,,,,,,
2026-03-17T07:14:56.404887-04:00,vsin_dk,draftkings,cbase,cbase_20260317_lmu_long_beach_state,Mar 17,,LMU,Long Beach State,160.0,7.0,93.0,5.0,95.0,,,,,,,,,,2.0,,False,,1,,,,,,,,,,,,
2026-03-17T07:14:56.404887-04:00,vsin_dk,draftkings,cbase,cbase_20260317_san_diego_state_usc,Mar 17,,San Diego State,USC,470.0,1.0,99.0,35.0,65.0,,,,,,,,,,34.0,,True,,1,,,,,,,,,,,,
2026-03-17T07:14:56.404887-04:00,vsin_dk,draftkings,cbase,cbase_20260317_grand_canyon_arizona_state,Mar 17,,Grand Canyon,Arizona State,575.0,1.0,99.0,38.0,62.0,,,,,,,,,,37.0,,True,,1,,,,,,,,,,,,
2026-03-17T07:34:17.918332-04:00,vsin_dk,draftkings,cbase,cbase_20260316_cincinnati_utah_valley,Mar 16,,Cincinnati,Utah Valley,-298.0,90.0,10.0,86.0,14.0,14.5,43.0,57.0,75.0,25.0,64.0,36.0,76.0,24.0,4.0,32.0,False,True,1,,,,,,,,,,,,
2026-03-17T07:34:17.918332-04:00,vsin_dk,draftkings,cbase,cbase_20260316_harvard_california_baptist,Mar 16,,Harvard,California Baptist,400.0,9.0,91.0,5.0,95.0,12.5,43.0,57.0,27.0,73.0,35.0,65.0,35.0,65.0,4.0,16.0,False,True,1,,,,,,,,,,,,
2026-03-17T07:34:17.918332-04:00,vsin_dk,draftkings,cbase,cbase_20260317_cincinnati_utah_valley,Mar 17,,Cincinnati,Utah Valley,-280.0,94.0,6.0,93.0,7.0,,,,,,,,,,1.0,,False,,1,,,,,,,,,,,,
2026-03-17T07:34:17.918332-04:00,vsin_dk,draftkings,cbase,cbase_20260317_maryland_richmond,Mar 17,,Maryland,Richmond,-200.0,90.0,10.0,85.0,15.0,,,,,,,,,,5.0,,False,,1,,,,,,,,,,,,
2026-03-17T07:34:17.918332-04:00,vsin_dk,draftkings,cbase,cbase_20260317_indiana_vanderbilt,Mar 17,,Indiana,Vanderbilt,210.0,4.0,96.0,5.0,95.0,,,,,,,,,,1.0,,False,,1,,,,,,,,,,,,
2026-03-17T07:34:17.918332-04:00,vsin_dk,draftkings,cbase,cbase_20260317_jacksonville_south_florida,Mar 17,,Jacksonville,South Florida,210.0,4.0,96.0,3.0,97.0,,,,,,,,,,1.0,,False,,1,,,,,,,,,,,,
2026-03-17T07:34:17.918332-04:00,vsin_dk,draftkings,cbase,cbase_20260317_charlotte_south_carolina,Mar 17,,Charlotte,South Carolina,100.0,20.0,80.0,64.0,36.0,,,,,,,,,,44.0,,True,,1,,,,,,,,,,,,
2026-03-17T07:34:17.918332-04:00,vsin_dk,draftkings,cbase,cbase_20260317_samford_jacksonville_state,Mar 17,,Samford,Jacksonville State,350.0,3.0,97.0,11.0,89.0,,,,,,,,,,8.0,,False,,1,,,,,,,,,,,,
2026-03-17T07:34:17.918332-04:00,vsin_dk,draftkings,cbase,cbase_20260317_liberty_wake_forest,Mar 17,,Liberty,Wake Forest,150.0,7.0,93.0,2.0,98.0,,,,,,,,,,5.0,,False,,1,,,,,,,,,,,,
2026-03-17T07:34:17.918332-04:00,vsin_dk,draftkings,cbase,cbase_20260317_georgia_tech_auburn,Mar 17,,Georgia Tech,Auburn,-145.0,62.0,38.0,71.0,29.0,,,,,,,,,,9.0,,False,,1,,,,,,,,,,,,
2026-03-17T07:34:17.918332-04:00,vsin_dk,draftkings,cbase,cbase_20260317_elon_east_carolina,Mar 17,,Elon,East Carolina,300.0,2.0,98.0,10.0,90.0,,,,,,,,,,8.0,,False,,1,,,,,,,,,,,,
2026-03-17T07:34:17.918332-04:00,vsin_dk,draftkings,cbase,cbase_20260317_austin_peay_ole_miss,Mar 17,,Austin Peay,Ole Miss,300.0,1.0,99.0,6.0,94.0,,,,,,,,,,5.0,,False,,1,,,,,,,,,,,,
2026-03-17T07:34:17.918332-04:00,vsin_dk,draftkings,cbase,cbase_20260317_sam_houston_lamar,Mar 17,,Sam Houston,Lamar,145.0,18.0,82.0,3.0,97.0,,,,,,,,,,15.0,,True,,1,,,,,,,,,,,,
2026-03-17T07:34:17.918332-04:00,vsin_dk,draftkings,cbase,cbase_20260317_duke_campbell,Mar 17,,Duke,Campbell,-200.0,92.0,8.0,48.0,52.0,,,,,,,,,,44.0,,True,,1,,,,,,,,,,,,
2026-03-17T07:34:17.918332-04:00,vsin_dk,draftkings,cbase,cbase_20260317_north_carolina_state_uncw,Mar 17,,North Carolina State,UNCW,-120.0,85.0,15.0,99.0,1.0,,,,,,,,,,14.0,,False,,1,,,,,,,,,,,,
2026-03-17T07:34:17.918332-04:00,vsin_dk,draftkings,cbase,cbase_20260317_clemson_college_of_charleston,Mar 17,,Clemson,College of Charleston,-445.0,99.0,1.0,94.0,6.0,,,,,,,,,,5.0,,False,,1,,,,,,,,,,,,
2026-03-17T07:34:17.918332-04:00,vsin_dk,draftkings,cbase,cbase_20260317_fgcu_florida_atlantic,Mar 17,,FGCU,Florida Atlantic,-105.0,30.0,70.0,78.0,22.0,,,,,,,,,,48.0,,True,,1,,,,,,,,,,,,
2026-03-17T07:34:17.918332-04:00,vsin_dk,draftkings,cbase,cbase_20260317_stetson_florida,Mar 17,,Stetson,Florida,450.0,,100.0,11.0,89.0,,,,,,,,,,11.0,,False,,1,,,,,,,,,,,,
2026-03-17T07:34:17.918332-04:00,vsin_dk,draftkings,cbase,cbase_20260317_sfa_ut_arlington,Mar 17,,SFA,UT Arlington,160.0,12.0,88.0,78.0,22.0,,,,,,,,,,66.0,,True,,1,,,,,,,,,,,,
2026-03-17T07:34:17.918332-04:00,vsin_dk,draftkings,cbase,cbase_20260317_missouri_kansas,Mar 17,,Missouri,Kansas,100.0,44.0,56.0,88.0,12.0,,,,,,,,,,44.0,,True,,1,,,,,,,,,,,,
2026-03-17T07:34:17.918332-04:00,vsin_dk,draftkings,cbase,cbase_20260317_oklahoma_southeastern_louisiana,Mar 17,,Oklahoma,Southeastern Louisiana,-330.0,99.0,1.0,99.0,1.0,,,,,,,,,,0.0,,False,,1,,,,,,,,,,,,
2026-03-17T07:34:17.918332-04:00,vsin_dk,draftkings,cbase,cbase_20260317_southern_mississippi_nicholls_state,Mar 17,,Southern Mississippi,Nicholls State,-660.0,99.0,1.0,91.0,9.0,,,,,,,,,,8.0,,False,,1,,,,,,,,,,,,
2026-03-17T07:34:17.918332-04:00,vsin_dk,draftkings,cbase,cbase_20260317_nebraska_wichita_state,Mar 17,,Nebraska,Wichita State,120.0,40.0,60.0,79.0,21.0,,,,,,,,,,39.0,,True,,1,,,,,,,,,,,,
2026-03-17T07:34:17.918332-04:00,vsin_dk,draftkings,cbase,cbase_20260317_new_orleans_tulane,Mar 17,,New Orleans,Tulane,175.0,5.0,95.0,5.0,95.0,,,,,,,,,,0.0,,False,,1,,,,,,,,,,,,
2026-03-17T07:34:17.918332-04:00,vsin_dk,draftkings,cbase,cbase_20260317_tarleton_state_texas,Mar 17,,Tarleton State,Texas,600.0,,100.0,,100.0,,,,,,,,,,0.0,,False,,1,,,,,,,,,,,,
2026-03-17T07:34:17.918332-04:00,vsin_dk,draftkings,cbase,cbase_20260317_kansas_state_baylor,Mar 17,,Kansas State,Baylor,-175.0,77.0,23.0,80.0,20.0,,,,,,,,,,3.0,,False,,1,,,,,,,,,,,,
2026-03-17T07:34:17.918332-04:00,vsin_dk,draftkings,cbase,cbase_20260317_texas_tech_dbu,Mar 17,,Texas Tech,DBU,120.0,39.0,61.0,11.0,89.0,,,,,,,,,,28.0,,True,,1,,,,,,,,,,,,
2026-03-17T07:34:17.918332-04:00,vsin_dk,draftkings,cbase,cbase_20260317_new_mexico_arizona,Mar 17,,New Mexico,Arizona,165.0,7.0,93.0,61.0,39.0,,,,,,,,,,54.0,,True,,1,,,,,,,,,,,,
2026-03-17T07:34:17.918332-04:00,vsin_dk,draftkings,cbase,cbase_20260317_uconn_california,Mar 17,,UConn,California,114.0,19.0,81.0,5.0,95.0,,,,,,,,,,14.0,,False,,1,,,,,,,,,,,,
2026-03-17T07:34:17.918332-04:00,vsin_dk,draftkings,cbase,cbase_20260317_csun_fresno_state,Mar 17,,CSUN,Fresno State,130.0,34.0,66.0,86.0,14.0,,,,,,,,,,52.0,,True,,1,,,,,,,,,,,,
2026-03-17T07:34:17.918332-04:00,vsin_dk,draftkings,cbase,cbase_20260317_cal_state_fullerton_unlv,Mar 17,,Cal State Fullerton,UNLV,-120.0,61.0,39.0,69.0,31.0,,,,,,,,,,8.0,,False,,1,,,,,,,,,,,,
2026-03-17T07:34:17.918332-04:00,vsin_dk,draftkings,cbase,cbase_20260317_lmu_long_beach_state,Mar 17,,LMU,Long Beach State,160.0,7.0,93.0,7.0,93.0,,,,,,,,,,0.0,,False,,1,,,,,,,,,,,,
2026-03-17T07:34:17.918332-04:00,vsin_dk,draftkings,cbase,cbase_20260317_san_diego_state_usc,Mar 17,,San Diego State,USC,470.0,1.0,99.0,33.0,67.0,,,,,,,,,,32.0,,True,,1,,,,,,,,,,,,
2026-03-17T07:34:17.918332-04:00,vsin_dk,draftkings,cbase,cbase_20260317_grand_canyon_arizona_state,Mar 17,,Grand Canyon,Arizona State,575.0,2.0,98.0,37.0,63.0,,,,,,,,,,35.0,,True,,1,,,,,,,,,,,,
2026-03-17T08:03:56.160343-04:00,vsin_dk,draftkings,cbase,cbase_20260317_cincinnati_utah_valley,Mar 17,,Cincinnati,Utah Valley,-280.0,94.0,6.0,93.0,7.0,,,,,,,,,,1.0,,False,,1,,,,,,,,,,,,
2026-03-17T08:03:56.160343-04:00,vsin_dk,draftkings,cbase,cbase_20260317_maryland_richmond,Mar 17,,Maryland,Richmond,-200.0,90.0,10.0,86.0,14.0,,,,,,,,,,4.0,,False,,1,,,,,,,,,,,,
2026-03-17T08:03:56.160343-04:00,vsin_dk,draftkings,cbase,cbase_20260317_indiana_vanderbilt,Mar 17,,Indiana,Vanderbilt,210.0,4.0,96.0,10.0,90.0,,,,,,,,,,6.0,,False,,1,,,,,,,,,,,,
2026-03-17T08:03:56.160343-04:00,vsin_dk,draftkings,cbase,cbase_20260317_jacksonville_south_florida,Mar 17,,Jacksonville,South Florida,210.0,4.0,96.0,4.0,96.0,,,,,,,,,,0.0,,False,,1,,,,,,,,,,,,
2026-03-17T08:03:56.160343-04:00,vsin_dk,draftkings,cbase,cbase_20260317_charlotte_south_carolina,Mar 17,,Charlotte,South Carolina,100.0,20.0,80.0,64.0,36.0,,,,,,,,,,44.0,,True,,1,,,,,,,,,,,,
2026-03-17T08:03:56.160343-04:00,vsin_dk,draftkings,cbase,cbase_20260317_samford_jacksonville_state,Mar 17,,Samford,Jacksonville State,350.0,3.0,97.0,27.0,73.0,,,,,,,,,,24.0,,True,,1,,,,,,,,,,,,
2026-03-17T08:03:56.160343-04:00,vsin_dk,draftkings,cbase,cbase_20260317_liberty_wake_forest,Mar 17,,Liberty,Wake Forest,150.0,6.0,94.0,2.0,98.0,,,,,,,,,,4.0,,False,,1,,,,,,,,,,,,
2026-03-17T08:03:56.160343-04:00,vsin_dk,draftkings,cbase,cbase_20260317_georgia_tech_auburn,Mar 17,,Georgia Tech,Auburn,-145.0,62.0,38.0,74.0,26.0,,,,,,,,,,12.0,,False,,1,,,,,,,,,,,,
2026-03-17T08:03:56.160343-04:00,vsin_dk,draftkings,cbase,cbase_20260317_elon_east_carolina,Mar 17,,Elon,East Carolina,300.0,2.0,98.0,9.0,91.0,,,,,,,,,,7.0,,False,,1,,,,,,,,,,,,
2026-03-17T08:03:56.160343-04:00,vsin_dk,draftkings,cbase,cbase_20260317_austin_peay_ole_miss,Mar 17,,Austin Peay,Ole Miss,300.0,1.0,99.0,5.0,95.0,,,,,,,,,,4.0,,False,,1,,,,,,,,,,,,
2026-03-17T08:03:56.160343-04:00,vsin_dk,draftkings,cbase,cbase_20260317_sam_houston_lamar,Mar 17,,Sam Houston,Lamar,145.0,18.0,82.0,4.0,96.0,,,,,,,,,,14.0,,False,,1,,,,,,,,,,,,
2026-03-17T08:03:56.160343-04:00,vsin_dk,draftkings,cbase,cbase_20260317_duke_campbell,Mar 17,,Duke,Campbell,-200.0,92.0,8.0,55.0,45.0,,,,,,,,,,37.0,,True,,1,,,,,,,,,,,,
2026-03-17T08:03:56.160343-04:00,vsin_dk,draftkings,cbase,cbase_20260317_north_carolina_state_uncw,Mar 17,,North Carolina State,UNCW,-120.0,84.0,16.0,99.0,1.0,,,,,,,,,,15.0,,True,,1,,,,,,,,,,,,
2026-03-17T08:03:56.160343-04:00,vsin_dk,draftkings,cbase,cbase_20260317_clemson_college_of_charleston,Mar 17,,Clemson,College of Charleston,-445.0,99.0,1.0,95.0,5.0,,,,,,,,,,4.0,,False,,1,,,,,,,,,,,,
2026-03-17T08:03:56.160343-04:00,vsin_dk,draftkings,cbase,cbase_20260317_fgcu_florida_atlantic,Mar 17,,FGCU,Florida Atlantic,-105.0,30.0,70.0,77.0,23.0,,,,,,,,,,47.0,,True,,1,,,,,,,,,,,,
2026-03-17T08:03:56.160343-04:00,vsin_dk,draftkings,cbase,cbase_20260317_stetson_florida,Mar 17,,Stetson,Florida,450.0,,100.0,11.0,89.0,,,,,,,,,,11.0,,False,,1,,,,,,,,,,,,
2026-03-17T08:03:56.160343-04:00,vsin_dk,draftkings,cbase,cbase_20260317_sfa_ut_arlington,Mar 17,,SFA,UT Arlington,160.0,12.0,88.0,77.0,23.0,,,,,,,,,,65.0,,True,,1,,,,,,,,,,,,
2026-03-17T08:03:56.160343-04:00,vsin_dk,draftkings,cbase,cbase_20260317_missouri_kansas,Mar 17,,Missouri,Kansas,100.0,43.0,57.0,88.0,12.0,,,,,,,,,,45.0,,True,,1,,,,,,,,,,,,
2026-03-17T08:03:56.160343-04:00,vsin_dk,draftkings,cbase,cbase_20260317_oklahoma_southeastern_louisiana,Mar 17,,Oklahoma,Southeastern Louisiana,-330.0,99.0,1.0,97.0,3.0,,,,,,,,,,2.0,,False,,1,,,,,,,,,,,,
2026-03-17T08:03:56.160343-04:00,vsin_dk,draftkings,cbase,cbase_20260317_southern_mississippi_nicholls_state,Mar 17,,Southern Mississippi,Nicholls State,-660.0,99.0,1.0,92.0,8.0,,,,,,,,,,7.0,,False,,1,,,,,,,,,,,,
2026-03-17T08:03:56.160343-04:00,vsin_dk,draftkings,cbase,cbase_20260317_nebraska_wichita_state,Mar 17,,Nebraska,Wichita State,120.0,39.0,61.0,79.0,21.0,,,,,,,,,,40.0,,True,,1,,,,,,,,,,,,
2026-03-17T08:03:56.160343-04:00,vsin_dk,draftkings,cbase,cbase_20260317_new_orleans_tulane,Mar 17,,New Orleans,Tulane,175.0,5.0,95.0,4.0,96.0,,,,,,,,,,1.0,,False,,1,,,,,,,,,,,,
2026-03-17T08:03:56.160343-04:00,vsin_dk,draftkings,cbase,cbase_20260317_tarleton_state_texas,Mar 17,,Tarleton State,Texas,600.0,,100.0,,100.0,,,,,,,,,,0.0,,False,,1,,,,,,,,,,,,
2026-03-17T08:03:56.160343-04:00,vsin_dk,draftkings,cbase,cbase_20260317_kansas_state_baylor,Mar 17,,Kansas State,Baylor,-175.0,76.0,24.0,75.0,25.0,,,,,,,,,,1.0,,False,,1,,,,,,,,,,,,
2026-03-17T08:03:56.160343-04:00,vsin_dk,draftkings,cbase,cbase_20260317_texas_tech_dbu,Mar 17,,Texas Tech,DBU,120.0,39.0,61.0,12.0,88.0,,,,,,,,,,27.0,,True,,1,,,,,,,,,,,,
2026-03-17T08:03:56.160343-04:00,vsin_dk,draftkings,cbase,cbase_20260317_new_mexico_arizona,Mar 17,,New Mexico,Arizona,165.0,6.0,94.0,57.0,43.0,,,,,,,,,,51.0,,True,,1,,,,,,,,,,,,
2026-03-17T08:03:56.160343-04:00,vsin_dk,draftkings,cbase,cbase_20260317_uconn_california,Mar 17,,UConn,California,114.0,19.0,81.0,4.0,96.0,,,,,,,,,,15.0,,True,,1,,,,,,,,,,,,
2026-03-17T08:03:56.160343-04:00,vsin_dk,draftkings,cbase,cbase_20260317_csun_fresno_state,Mar 17,,CSUN,Fresno State,130.0,33.0,67.0,86.0,14.0,,,,,,,,,,53.0,,True,,1,,,,,,,,,,,,
2026-03-17T08:03:56.160343-04:00,vsin_dk,draftkings,cbase,cbase_20260317_cal_state_fullerton_unlv,Mar 17,,Cal State Fullerton,UNLV,-120.0,63.0,37.0,69.0,31.0,,,,,,,,,,6.0,,False,,1,,,,,,,,,,,,
2026-03-17T08:03:56.160343-04:00,vsin_dk,draftkings,cbase,cbase_20260317_lmu_long_beach_state,Mar 17,,LMU,Long Beach State,160.0,7.0,93.0,6.0,94.0,,,,,,,,,,1.0,,False,,1,,,,,,,,,,,,
2026-03-17T08:03:56.160343-04:00,vsin_dk,draftkings,cbase,cbase_20260317_san_diego_state_usc,Mar 17,,San Diego State,USC,470.0,1.0,99.0,31.0,69.0,,,,,,,,,,30.0,,True,,1,,,,,,,,,,,,
2026-03-17T08:03:56.160343-04:00,vsin_dk,draftkings,cbase,cbase_20260317_grand_canyon_arizona_state,Mar 17,,Grand Canyon,Arizona State,575.0,2.0,98.0,36.0,64.0,,,,,,,,,,34.0,,True,,1,,,,,,,,,,,,
2026-03-17T08:33:40.707594-04:00,vsin_dk,draftkings,cbase,cbase_20260317_cincinnati_utah_valley,Mar 17,,Cincinnati,Utah Valley,-280.0,95.0,5.0,94.0,6.0,,,,,,,,,,1.0,,False,,1,,,,,,,,,,,,
2026-03-17T08:33:40.707594-04:00,vsin_dk,draftkings,cbase,cbase_20260317_maryland_richmond,Mar 17,,Maryland,Richmond,-200.0,90.0,10.0,87.0,13.0,,,,,,,,,,3.0,,False,,1,,,,,,,,,,,,
2026-03-17T08:33:40.707594-04:00,vsin_dk,draftkings,cbase,cbase_20260317_indiana_vanderbilt,Mar 17,,Indiana,Vanderbilt,210.0,3.0,97.0,9.0,91.0,,,,,,,,,,6.0,,False,,1,,,,,,,,,,,,
2026-03-17T08:33:40.707594-04:00,vsin_dk,draftkings,cbase,cbase_20260317_jacksonville_south_florida,Mar 17,,Jacksonville,South Florida,210.0,4.0,96.0,4.0,96.0,,,,,,,,,,0.0,,False,,1,,,,,,,,,,,,
2026-03-17T08:33:40.707594-04:00,vsin_dk,draftkings,cbase,cbase_20260317_charlotte_south_carolina,Mar 17,,Charlotte,South Carolina,100.0,21.0,79.0,64.0,36.0,,,,,,,,,,43.0,,True,,1,,,,,,,,,,,,
2026-03-17T08:33:40.707594-04:00,vsin_dk,draftkings,cbase,cbase_20260317_samford_jacksonville_state,Mar 17,,Samford,Jacksonville State,350.0,3.0,97.0,24.0,76.0,,,,,,,,,,21.0,,True,,1,,,,,,,,,,,,
2026-03-17T08:33:40.707594-04:00,vsin_dk,draftkings,cbase,cbase_20260317_liberty_wake_forest,Mar 17,,Liberty,Wake Forest,150.0,6.0,94.0,2.0,98.0,,,,,,,,,,4.0,,False,,1,,,,,,,,,,,,
2026-03-17T08:33:40.707594-04:00,vsin_dk,draftkings,cbase,cbase_20260317_georgia_tech_auburn,Mar 17,,Georgia Tech,Auburn,-145.0,63.0,37.0,75.0,25.0,,,,,,,,,,12.0,,False,,1,,,,,,,,,,,,
2026-03-17T08:33:40.707594-04:00,vsin_dk,draftkings,cbase,cbase_20260317_elon_east_carolina,Mar 17,,Elon,East Carolina,300.0,1.0,99.0,8.0,92.0,,,,,,,,,,7.0,,False,,1,,,,,,,,,,,,
2026-03-17T08:33:40.707594-04:00,vsin_dk,draftkings,cbase,cbase_20260317_austin_peay_ole_miss,Mar 17,,Austin Peay,Ole Miss,300.0,1.0,99.0,5.0,95.0,,,,,,,,,,4.0,,False,,1,,,,,,,,,,,,
2026-03-17T08:33:40.707594-04:00,vsin_dk,draftkings,cbase,cbase_20260317_sam_houston_lamar,Mar 17,,Sam Houston,Lamar,145.0,18.0,82.0,5.0,95.0,,,,,,,,,,13.0,,False,,1,,,,,,,,,,,,
2026-03-17T08:33:40.707594-04:00,vsin_dk,draftkings,cbase,cbase_20260317_duke_campbell,Mar 17,,Duke,Campbell,-200.0,93.0,7.0,56.0,44.0,,,,,,,,,,37.0,,True,,1,,,,,,,,,,,,
2026-03-17T08:33:40.707594-04:00,vsin_dk,draftkings,cbase,cbase_20260317_north_carolina_state_uncw,Mar 17,,North Carolina State,UNCW,-120.0,84.0,16.0,98.0,2.0,,,,,,,,,,14.0,,False,,1,,,,,,,,,,,,
2026-03-17T08:33:40.707594-04:00,vsin_dk,draftkings,cbase,cbase_20260317_clemson_college_of_charleston,Mar 17,,Clemson,College of Charleston,-445.0,99.0,1.0,95.0,5.0,,,,,,,,,,4.0,,False,,1,,,,,,,,,,,,
2026-03-17T08:33:40.707594-04:00,vsin_dk,draftkings,cbase,cbase_20260317_fgcu_florida_atlantic,Mar 17,,FGCU,Florida Atlantic,-105.0,32.0,68.0,74.0,26.0,,,,,,,,,,42.0,,True,,1,,,,,,,,,,,,
2026-03-17T08:33:40.707594-04:00,vsin_dk,draftkings,cbase,cbase_20260317_stetson_florida,Mar 17,,Stetson,Florida,450.0,,100.0,9.0,91.0,,,,,,,,,,9.0,,False,,1,,,,,,,,,,,,
2026-03-17T08:33:40.707594-04:00,vsin_dk,draftkings,cbase,cbase_20260317_sfa_ut_arlington,Mar 17,,SFA,UT Arlington,160.0,11.0,89.0,77.0,23.0,,,,,,,,,,66.0,,True,,1,,,,,,,,,,,,
2026-03-17T08:33:40.707594-04:00,vsin_dk,draftkings,cbase,cbase_20260317_missouri_kansas,Mar 17,,Missouri,Kansas,100.0,44.0,56.0,90.0,10.0,,,,,,,,,,46.0,,True,,1,,,,,,,,,,,,
2026-03-17T08:33:40.707594-04:00,vsin_dk,draftkings,cbase,cbase_20260317_oklahoma_southeastern_louisiana,Mar 17,,Oklahoma,Southeastern Louisiana,-330.0,98.0,2.0,98.0,2.0,,,,,,,,,,0.0,,False,,1,,,,,,,,,,,,
2026-03-17T08:33:40.707594-04:00,vsin_dk,draftkings,cbase,cbase_20260317_southern_mississippi_nicholls_state,Mar 17,,Southern Mississippi,Nicholls State,-660.0,99.0,1.0,93.0,7.0,,,,,,,,,,6.0,,False,,1,,,,,,,,,,,,
2026-03-17T08:33:40.707594-04:00,vsin_dk,draftkings,cbase,cbase_20260317_nebraska_wichita_state,Mar 17,,Nebraska,Wichita State,120.0,44.0,56.0,80.0,20.0,,,,,,,,,,36.0,,True,,1,,,,,,,,,,,,
2026-03-17T08:33:40.707594-04:00,vsin_dk,draftkings,cbase,cbase_20260317_new_orleans_tulane,Mar 17,,New Orleans,Tulane,175.0,6.0,94.0,9.0,91.0,,,,,,,,,,3.0,,False,,1,,,,,,,,,,,,
2026-03-17T08:33:40.707594-04:00,vsin_dk,draftkings,cbase,cbase_20260317_tarleton_state_texas,Mar 17,,Tarleton State,Texas,600.0,,100.0,,100.0,,,,,,,,,,0.0,,False,,1,,,,,,,,,,,,
2026-03-17T08:33:40.707594-04:00,vsin_dk,draftkings,cbase,cbase_20260317_kansas_state_baylor,Mar 17,,Kansas State,Baylor,-175.0,77.0,23.0,76.0,24.0,,,,,,,,,,1.0,,False,,1,,,,,,,,,,,,
2026-03-17T08:33:40.707594-04:00,vsin_dk,draftkings,cbase,cbase_20260317_texas_tech_dbu,Mar 17,,Texas Tech,DBU,120.0,41.0,59.0,16.0,84.0,,,,,,,,,,25.0,,True,,1,,,,,,,,,,,,
2026-03-17T08:33:40.707594-04:00,vsin_dk,draftkings,cbase,cbase_20260317_new_mexico_arizona,Mar 17,,New Mexico,Arizona,165.0,6.0,94.0,53.0,47.0,,,,,,,,,,47.0,,True,,1,,,,,,,,,,,,
2026-03-17T08:33:40.707594-04:00,vsin_dk,draftkings,cbase,cbase_20260317_uconn_california,Mar 17,,UConn,California,114.0,18.0,82.0,4.0,96.0,,,,,,,,,,14.0,,False,,1,,,,,,,,,,,,
2026-03-17T08:33:40.707594-04:00,vsin_dk,draftkings,cbase,cbase_20260317_csun_fresno_state,Mar 17,,CSUN,Fresno State,130.0,34.0,66.0,85.0,15.0,,,,,,,,,,51.0,,True,,1,,,,,,,,,,,,
2026-03-17T08:33:40.707594-04:00,vsin_dk,draftkings,cbase,cbase_20260317_cal_state_fullerton_unlv,Mar 17,,Cal State Fullerton,UNLV,-120.0,62.0,38.0,75.0,25.0,,,,,,,,,,13.0,,False,,1,,,,,,,,,,,,
2026-03-17T08:33:40.707594-04:00,vsin_dk,draftkings,cbase,cbase_20260317_lmu_long_beach_state,Mar 17,,LMU,Long Beach State,160.0,6.0,94.0,5.0,95.0,,,,,,,,,,1.0,,False,,1,,,,,,,,,,,,
2026-03-17T08:33:40.707594-04:00,vsin_dk,draftkings,cbase,cbase_20260317_san_diego_state_usc,Mar 17,,San Diego State,USC,470.0,1.0,99.0,26.0,74.0,,,,,,,,,,25.0,,True,,1,,,,,,,,,,,,
2026-03-17T08:33:40.707594-04:00,vsin_dk,draftkings,cbase,cbase_20260317_grand_canyon_arizona_state,Mar 17,,Grand Canyon,Arizona State,575.0,1.0,99.0,33.0,67.0,,,,,,,,,,32.0,,True,,1,,,,,,,,,,,,
2026-03-17T09:04:00.869046-04:00,vsin_dk,draftkings,cbase,cbase_20260317_cincinnati_utah_valley,Mar 17,,Cincinnati,Utah Valley,-280.0,95.0,5.0,95.0,5.0,,,,,,,,,,0.0,,False,,1,,,,,,,,,,,,
2026-03-17T09:04:00.869046-04:00,vsin_dk,draftkings,cbase,cbase_20260317_maryland_richmond,Mar 17,,Maryland,Richmond,-200.0,90.0,10.0,86.0,14.0,,,,,,,,,,4.0,,False,,1,,,,,,,,,,,,
2026-03-17T09:04:00.869046-04:00,vsin_dk,draftkings,cbase,cbase_20260317_indiana_vanderbilt,Mar 17,,Indiana,Vanderbilt,210.0,3.0,97.0,9.0,91.0,,,,,,,,,,6.0,,False,,1,,,,,,,,,,,,
2026-03-17T09:04:00.869046-04:00,vsin_dk,draftkings,cbase,cbase_20260317_jacksonville_south_florida,Mar 17,,Jacksonville,South Florida,210.0,3.0,97.0,3.0,97.0,,,,,,,,,,0.0,,False,,1,,,,,,,,,,,,
2026-03-17T09:04:00.869046-04:00,vsin_dk,draftkings,cbase,cbase_20260317_charlotte_south_carolina,Mar 17,,Charlotte,South Carolina,100.0,22.0,78.0,63.0,37.0,,,,,,,,,,41.0,,True,,1,,,,,,,,,,,,
2026-03-17T09:04:00.869046-04:00,vsin_dk,draftkings,cbase,cbase_20260317_samford_jacksonville_state,Mar 17,,Samford,Jacksonville State,350.0,2.0,98.0,24.0,76.0,,,,,,,,,,22.0,,True,,1,,,,,,,,,,,,
2026-03-17T09:04:00.869046-04:00,vsin_dk,draftkings,cbase,cbase_20260317_liberty_wake_forest,Mar 17,,Liberty,Wake Forest,150.0,6.0,94.0,2.0,98.0,,,,,,,,,,4.0,,False,,1,,,,,,,,,,,,
2026-03-17T09:04:00.869046-04:00,vsin_dk,draftkings,cbase,cbase_20260317_georgia_tech_auburn,Mar 17,,Georgia Tech,Auburn,-145.0,62.0,38.0,74.0,26.0,,,,,,,,,,12.0,,False,,1,,,,,,,,,,,,
2026-03-17T09:04:00.869046-04:00,vsin_dk,draftkings,cbase,cbase_20260317_elon_east_carolina,Mar 17,,Elon,East Carolina,300.0,1.0,99.0,7.0,93.0,,,,,,,,,,6.0,,False,,1,,,,,,,,,,,,
2026-03-17T09:04:00.869046-04:00,vsin_dk,draftkings,cbase,cbase_20260317_austin_peay_ole_miss,Mar 17,,Austin Peay,Ole Miss,300.0,1.0,99.0,8.0,92.0,,,,,,,,,,7.0,,False,,1,,,,,,,,,,,,
2026-03-17T09:04:00.869046-04:00,vsin_dk,draftkings,cbase,cbase_20260317_sam_houston_lamar,Mar 17,,Sam Houston,Lamar,145.0,17.0,83.0,5.0,95.0,,,,,,,,,,12.0,,False,,1,,,,,,,,,,,,
2026-03-17T09:04:00.869046-04:00,vsin_dk,draftkings,cbase,cbase_20260317_duke_campbell,Mar 17,,Duke,Campbell,-200.0,93.0,7.0,63.0,37.0,,,,,,,,,,30.0,,True,,1,,,,,,,,,,,,
2026-03-17T09:04:00.869046-04:00,vsin_dk,draftkings,cbase,cbase_20260317_north_carolina_state_uncw,Mar 17,,North Carolina State,UNCW,-120.0,84.0,16.0,98.0,2.0,,,,,,,,,,14.0,,False,,1,,,,,,,,,,,,
2026-03-17T09:04:00.869046-04:00,vsin_dk,draftkings,cbase,cbase_20260317_clemson_college_of_charleston,Mar 17,,Clemson,College of Charleston,-445.0,99.0,1.0,96.0,4.0,,,,,,,,,,3.0,,False,,1,,,,,,,,,,,,
2026-03-17T09:04:00.869046-04:00,vsin_dk,draftkings,cbase,cbase_20260317_fgcu_florida_atlantic,Mar 17,,FGCU,Florida Atlantic,-105.0,30.0,70.0,54.0,46.0,,,,,,,,,,24.0,,True,,1,,,,,,,,,,,,
2026-03-17T09:04:00.869046-04:00,vsin_dk,draftkings,cbase,cbase_20260317_stetson_florida,Mar 17,,Stetson,Florida,450.0,,100.0,9.0,91.0,,,,,,,,,,9.0,,False,,1,,,,,,,,,,,,
2026-03-17T09:04:00.869046-04:00,vsin_dk,draftkings,cbase,cbase_20260317_sfa_ut_arlington,Mar 17,,SFA,UT Arlington,160.0,10.0,90.0,75.0,25.0,,,,,,,,,,65.0,,True,,1,,,,,,,,,,,,
2026-03-17T09:04:00.869046-04:00,vsin_dk,draftkings,cbase,cbase_20260317_missouri_kansas,Mar 17,,Missouri,Kansas,100.0,46.0,54.0,86.0,14.0,,,,,,,,,,40.0,,True,,1,,,,,,,,,,,,
2026-03-17T09:04:00.869046-04:00,vsin_dk,draftkings,cbase,cbase_20260317_oklahoma_southeastern_louisiana,Mar 17,,Oklahoma,Southeastern Louisiana,-330.0,98.0,2.0,98.0,2.0,,,,,,,,,,0.0,,False,,1,,,,,,,,,,,,
2026-03-17T09:04:00.869046-04:00,vsin_dk,draftkings,cbase,cbase_20260317_southern_mississippi_nicholls_state,Mar 17,,Southern Mississippi,Nicholls State,-660.0,99.0,1.0,94.0,6.0,,,,,,,,,,5.0,,False,,1,,,,,,,,,,,,
2026-03-17T09:04:00.869046-04:00,vsin_dk,draftkings,cbase,cbase_20260317_nebraska_wichita_state,Mar 17,,Nebraska,Wichita State,120.0,43.0,57.0,81.0,19.0,,,,,,,,,,38.0,,True,,1,,,,,,,,,,,,
2026-03-17T09:04:00.869046-04:00,vsin_dk,draftkings,cbase,cbase_20260317_new_orleans_tulane,Mar 17,,New Orleans,Tulane,175.0,6.0,94.0,9.0,91.0,,,,,,,,,,3.0,,False,,1,,,,,,,,,,,,
2026-03-17T09:04:00.869046-04:00,vsin_dk,draftkings,cbase,cbase_20260317_tarleton_state_texas,Mar 17,,Tarleton State,Texas,600.0,,100.0,,100.0,,,,,,,,,,0.0,,False,,1,,,,,,,,,,,,
2026-03-17T09:04:00.869046-04:00,vsin_dk,draftkings,cbase,cbase_20260317_kansas_state_baylor,Mar 17,,Kansas State,Baylor,-175.0,77.0,23.0,76.0,24.0,,,,,,,,,,1.0,,False,,1,,,,,,,,,,,,
2026-03-17T09:04:00.869046-04:00,vsin_dk,draftkings,cbase,cbase_20260317_texas_tech_dbu,Mar 17,,Texas Tech,DBU,120.0,42.0,58.0,18.0,82.0,,,,,,,,,,24.0,,True,,1,,,,,,,,,,,,
2026-03-17T09:04:00.869046-04:00,vsin_dk,draftkings,cbase,cbase_20260317_new_mexico_arizona,Mar 17,,New Mexico,Arizona,165.0,5.0,95.0,46.0,54.0,,,,,,,,,,41.0,,True,,1,,,,,,,,,,,,
2026-03-17T09:04:00.869046-04:00,vsin_dk,draftkings,cbase,cbase_20260317_uconn_california,Mar 17,,UConn,California,114.0,18.0,82.0,4.0,96.0,,,,,,,,,,14.0,,False,,1,,,,,,,,,,,,
2026-03-17T09:04:00.869046-04:00,vsin_dk,draftkings,cbase,cbase_20260317_csun_fresno_state,Mar 17,,CSUN,Fresno State,130.0,33.0,67.0,83.0,17.0,,,,,,,,,,50.0,,True,,1,,,,,,,,,,,,
2026-03-17T09:04:00.869046-04:00,vsin_dk,draftkings,cbase,cbase_20260317_cal_state_fullerton_unlv,Mar 17,,Cal State Fullerton,UNLV,-120.0,63.0,37.0,76.0,24.0,,,,,,,,,,13.0,,False,,1,,,,,,,,,,,,
2026-03-17T09:04:00.869046-04:00,vsin_dk,draftkings,cbase,cbase_20260317_lmu_long_beach_state,Mar 17,,LMU,Long Beach State,160.0,6.0,94.0,4.0,96.0,,,,,,,,,,2.0,,False,,1,,,,,,,,,,,,
2026-03-17T09:04:00.869046-04:00,vsin_dk,draftkings,cbase,cbase_20260317_san_diego_state_usc,Mar 17,,San Diego State,USC,470.0,1.0,99.0,25.0,75.0,,,,,,,,,,24.0,,True,,1,,,,,,,,,,,,
2026-03-17T09:04:00.869046-04:00,vsin_dk,draftkings,cbase,cbase_20260317_grand_canyon_arizona_state,Mar 17,,Grand Canyon,Arizona State,575.0,1.0,99.0,31.0,69.0,,,,,,,,,,30.0,,True,,1,,,,,,,,,,,,
2026-03-17T09:34:00.393325-04:00,vsin_dk,draftkings,cbase,cbase_20260317_cincinnati_utah_valley,Mar 17,,Cincinnati,Utah Valley,-280.0,95.0,5.0,97.0,3.0,,,,,,,,,,2.0,,False,,1,,,,,,,,,,,,
2026-03-17T09:34:00.393325-04:00,vsin_dk,draftkings,cbase,cbase_20260317_maryland_richmond,Mar 17,,Maryland,Richmond,-200.0,91.0,9.0,85.0,15.0,,,,,,,,,,6.0,,False,,1,,,,,,,,,,,,
2026-03-17T09:34:00.393325-04:00,vsin_dk,draftkings,cbase,cbase_20260317_indiana_vanderbilt,Mar 17,,Indiana,Vanderbilt,210.0,3.0,97.0,4.0,96.0,,,,,,,,,,1.0,,False,,1,,,,,,,,,,,,
2026-03-17T09:34:00.393325-04:00,vsin_dk,draftkings,cbase,cbase_20260317_jacksonville_south_florida,Mar 17,,Jacksonville,South Florida,210.0,3.0,97.0,3.0,97.0,,,,,,,,,,0.0,,False,,1,,,,,,,,,,,,
2026-03-17T09:34:00.393325-04:00,vsin_dk,draftkings,cbase,cbase_20260317_charlotte_south_carolina,Mar 17,,Charlotte,South Carolina,100.0,22.0,78.0,63.0,37.0,,,,,,,,,,41.0,,True,,1,,,,,,,,,,,,
2026-03-17T09:34:00.393325-04:00,vsin_dk,draftkings,cbase,cbase_20260317_samford_jacksonville_state,Mar 17,,Samford,Jacksonville State,350.0,3.0,97.0,23.0,77.0,,,,,,,,,,20.0,,True,,1,,,,,,,,,,,,
2026-03-17T09:34:00.393325-04:00,vsin_dk,draftkings,cbase,cbase_20260317_liberty_wake_forest,Mar 17,,Liberty,Wake Forest,150.0,5.0,95.0,2.0,98.0,,,,,,,,,,3.0,,False,,1,,,,,,,,,,,,
2026-03-17T09:34:00.393325-04:00,vsin_dk,draftkings,cbase,cbase_20260317_georgia_tech_auburn,Mar 17,,Georgia Tech,Auburn,-145.0,61.0,39.0,73.0,27.0,,,,,,,,,,12.0,,False,,1,,,,,,,,,,,,
2026-03-17T09:34:00.393325-04:00,vsin_dk,draftkings,cbase,cbase_20260317_elon_east_carolina,Mar 17,,Elon,East Carolina,300.0,1.0,99.0,6.0,94.0,,,,,,,,,,5.0,,False,,1,,,,,,,,,,,,
2026-03-17T09:34:00.393325-04:00,vsin_dk,draftkings,cbase,cbase_20260317_austin_peay_ole_miss,Mar 17,,Austin Peay,Ole Miss,300.0,1.0,99.0,7.0,93.0,,,,,,,,,,6.0,,False,,1,,,,,,,,,,,,
2026-03-17T09:34:00.393325-04:00,vsin_dk,draftkings,cbase,cbase_20260317_sam_houston_lamar,Mar 17,,Sam Houston,Lamar,145.0,17.0,83.0,5.0,95.0,,,,,,,,,,12.0,,False,,1,,,,,,,,,,,,
2026-03-17T09:34:00.393325-04:00,vsin_dk,draftkings,cbase,cbase_20260317_duke_campbell,Mar 17,,Duke,Campbell,-200.0,93.0,7.0,66.0,34.0,,,,,,,,,,27.0,,True,,1,,,,,,,,,,,,
2026-03-17T09:34:00.393325-04:00,vsin_dk,draftkings,cbase,cbase_20260317_north_carolina_state_uncw,Mar 17,,North Carolina State,UNCW,-120.0,87.0,13.0,100.0,,,,,,,,,,,,,,,1,,,,,,,,,,,,
2026-03-17T09:34:00.393325-04:00,vsin_dk,draftkings,cbase,cbase_20260317_clemson_college_of_charleston,Mar 17,,Clemson,College of Charleston,-445.0,99.0,1.0,97.0,3.0,,,,,,,,,,2.0,,False,,1,,,,,,,,,,,,
2026-03-17T09:34:00.393325-04:00,vsin_dk,draftkings,cbase,cbase_20260317_fgcu_florida_atlantic,Mar 17,,FGCU,Florida Atlantic,-105.0,31.0,69.0,52.0,48.0,,,,,,,,,,21.0,,True,,1,,,,,,,,,,,,
2026-03-17T09:34:00.393325-04:00,vsin_dk,draftkings,cbase,cbase_20260317_stetson_florida,Mar 17,,Stetson,Florida,450.0,,100.0,8.0,92.0,,,,,,,,,,8.0,,False,,1,,,,,,,,,,,,
2026-03-17T09:34:00.393325-04:00,vsin_dk,draftkings,cbase,cbase_20260317_sfa_ut_arlington,Mar 17,,SFA,UT Arlington,160.0,10.0,90.0,76.0,24.0,,,,,,,,,,66.0,,True,,1,,,,,,,,,,,,
2026-03-17T09:34:00.393325-04:00,vsin_dk,draftkings,cbase,cbase_20260317_missouri_kansas,Mar 17,,Missouri,Kansas,100.0,45.0,55.0,86.0,14.0,,,,,,,,,,41.0,,True,,1,,,,,,,,,,,,
2026-03-17T09:34:00.393325-04:00,vsin_dk,draftkings,cbase,cbase_20260317_oklahoma_southeastern_louisiana,Mar 17,,Oklahoma,Southeastern Louisiana,-330.0,98.0,2.0,98.0,2.0,,,,,,,,,,0.0,,False,,1,,,,,,,,,,,,
2026-03-17T09:34:00.393325-04:00,vsin_dk,draftkings,cbase,cbase_20260317_southern_mississippi_nicholls_state,Mar 17,,Southern Mississippi,Nicholls State,-660.0,100.0,,94.0,6.0,,,,,,,,,,,,,,1,,,,,,,,,,,,
2026-03-17T09:34:00.393325-04:00,vsin_dk,draftkings,cbase,cbase_20260317_nebraska_wichita_state,Mar 17,,Nebraska,Wichita State,120.0,59.0,41.0,97.0,3.0,,,,,,,,,,38.0,,True,,1,,,,,,,,,,,,
2026-03-17T09:34:00.393325-04:00,vsin_dk,draftkings,cbase,cbase_20260317_new_orleans_tulane,Mar 17,,New Orleans,Tulane,175.0,6.0,94.0,8.0,92.0,,,,,,,,,,2.0,,False,,1,,,,,,,,,,,,
2026-03-17T09:34:00.393325-04:00,vsin_dk,draftkings,cbase,cbase_20260317_tarleton_state_texas,Mar 17,,Tarleton State,Texas,600.0,,100.0,,100.0,,,,,,,,,,0.0,,False,,1,,,,,,,,,,,,
2026-03-17T09:34:00.393325-04:00,vsin_dk,draftkings,cbase,cbase_20260317_kansas_state_baylor,Mar 17,,Kansas State,Baylor,-175.0,78.0,22.0,77.0,23.0,,,,,,,,,,1.0,,False,,1,,,,,,,,,,,,
2026-03-17T09:34:00.393325-04:00,vsin_dk,draftkings,cbase,cbase_20260317_texas_tech_dbu,Mar 17,,Texas Tech,DBU,120.0,44.0,56.0,21.0,79.0,,,,,,,,,,23.0,,True,,1,,,,,,,,,,,,
2026-03-17T09:34:00.393325-04:00,vsin_dk,draftkings,cbase,cbase_20260317_new_mexico_arizona,Mar 17,,New Mexico,Arizona,165.0,5.0,95.0,45.0,55.0,,,,,,,,,,40.0,,True,,1,,,,,,,,,,,,
2026-03-17T09:34:00.393325-04:00,vsin_dk,draftkings,cbase,cbase_20260317_uconn_california,Mar 17,,UConn,California,114.0,13.0,87.0,1.0,99.0,,,,,,,,,,12.0,,False,,1,,,,,,,,,,,,
2026-03-17T09:34:00.393325-04:00,vsin_dk,draftkings,cbase,cbase_20260317_csun_fresno_state,Mar 17,,CSUN,Fresno State,130.0,33.0,67.0,83.0,17.0,,,,,,,,,,50.0,,True,,1,,,,,,,,,,,,
2026-03-17T09:34:00.393325-04:00,vsin_dk,draftkings,cbase,cbase_20260317_cal_state_fullerton_unlv,Mar 17,,Cal State Fullerton,UNLV,-120.0,64.0,36.0,76.0,24.0,,,,,,,,,,12.0,,False,,1,,,,,,,,,,,,
2026-03-17T09:34:00.393325-04:00,vsin_dk,draftkings,cbase,cbase_20260317_lmu_long_beach_state,Mar 17,,LMU,Long Beach State,160.0,6.0,94.0,34.0,66.0,,,,,,,,,,28.0,,True,,1,,,,,,,,,,,,
2026-03-17T09:34:00.393325-04:00,vsin_dk,draftkings,cbase,cbase_20260317_san_diego_state_usc,Mar 17,,San Diego State,USC,470.0,1.0,99.0,24.0,76.0,,,,,,,,,,23.0,,True,,1,,,,,,,,,,,,
2026-03-17T09:34:00.393325-04:00,vsin_dk,draftkings,cbase,cbase_20260317_grand_canyon_arizona_state,Mar 17,,Grand Canyon,Arizona State,575.0,1.0,99.0,29.0,71.0,,,,,,,,,,28.0,,True,,1,,,,,,,,,,,,
2026-03-17T10:05:20.941378-04:00,vsin_dk,draftkings,cbase,cbase_20260317_cincinnati_utah_valley,Mar 17,,Cincinnati,Utah Valley,-280.0,95.0,5.0,98.0,2.0,,,,,,,,,,3.0,,False,,1,,,,,,,,,,,,
2026-03-17T10:05:20.941378-04:00,vsin_dk,draftkings,cbase,cbase_20260317_maryland_richmond,Mar 17,,Maryland,Richmond,-200.0,90.0,10.0,87.0,13.0,,,,,,,,,,3.0,,False,,1,,,,,,,,,,,,
2026-03-17T10:05:20.941378-04:00,vsin_dk,draftkings,cbase,cbase_20260317_indiana_vanderbilt,Mar 17,,Indiana,Vanderbilt,210.0,3.0,97.0,4.0,96.0,,,,,,,,,,1.0,,False,,1,,,,,,,,,,,,
2026-03-17T10:05:20.941378-04:00,vsin_dk,draftkings,cbase,cbase_20260317_jacksonville_south_florida,Mar 17,,Jacksonville,South Florida,210.0,4.0,96.0,2.0,98.0,,,,,,,,,,2.0,,False,,1,,,,,,,,,,,,
2026-03-17T10:05:20.941378-04:00,vsin_dk,draftkings,cbase,cbase_20260317_charlotte_south_carolina,Mar 17,,Charlotte,South Carolina,100.0,23.0,77.0,63.0,37.0,,,,,,,,,,40.0,,True,,1,,,,,,,,,,,,
2026-03-17T10:05:20.941378-04:00,vsin_dk,draftkings,cbase,cbase_20260317_samford_jacksonville_state,Mar 17,,Samford,Jacksonville State,350.0,3.0,97.0,16.0,84.0,,,,,,,,,,13.0,,False,,1,,,,,,,,,,,,
2026-03-17T10:05:20.941378-04:00,vsin_dk,draftkings,cbase,cbase_20260317_liberty_wake_forest,Mar 17,,Liberty,Wake Forest,150.0,6.0,94.0,1.0,99.0,,,,,,,,,,5.0,,False,,1,,,,,,,,,,,,
2026-03-17T10:05:20.941378-04:00,vsin_dk,draftkings,cbase,cbase_20260317_georgia_tech_auburn,Mar 17,,Georgia Tech,Auburn,-145.0,61.0,39.0,73.0,27.0,,,,,,,,,,12.0,,False,,1,,,,,,,,,,,,
2026-03-17T10:05:20.941378-04:00,vsin_dk,draftkings,cbase,cbase_20260317_elon_east_carolina,Mar 17,,Elon,East Carolina,300.0,2.0,98.0,20.0,80.0,,,,,,,,,,18.0,,True,,1,,,,,,,,,,,,
2026-03-17T10:05:20.941378-04:00,vsin_dk,draftkings,cbase,cbase_20260317_austin_peay_ole_miss,Mar 17,,Austin Peay,Ole Miss,300.0,1.0,99.0,12.0,88.0,,,,,,,,,,11.0,,False,,1,,,,,,,,,,,,
2026-03-17T10:05:20.941378-04:00,vsin_dk,draftkings,cbase,cbase_20260317_sam_houston_lamar,Mar 17,,Sam Houston,Lamar,145.0,16.0,84.0,4.0,96.0,,,,,,,,,,12.0,,False,,1,,,,,,,,,,,,
2026-03-17T10:05:20.941378-04:00,vsin_dk,draftkings,cbase,cbase_20260317_duke_campbell,Mar 17,,Duke,Campbell,-200.0,93.0,7.0,66.0,34.0,,,,,,,,,,27.0,,True,,1,,,,,,,,,,,,
2026-03-17T10:05:20.941378-04:00,vsin_dk,draftkings,cbase,cbase_20260317_north_carolina_state_uncw,Mar 17,,North Carolina State,UNCW,-120.0,88.0,13.0,100.0,,,,,,,,,,,,,,,1,,,,,,,,,,,,
2026-03-17T10:05:20.941378-04:00,vsin_dk,draftkings,cbase,cbase_20260317_clemson_college_of_charleston,Mar 17,,Clemson,College of Charleston,-445.0,99.0,1.0,98.0,2.0,,,,,,,,,,1.0,,False,,1,,,,,,,,,,,,
2026-03-17T10:05:20.941378-04:00,vsin_dk,draftkings,cbase,cbase_20260317_fgcu_florida_atlantic,Mar 17,,FGCU,Florida Atlantic,-105.0,31.0,69.0,55.0,45.0,,,,,,,,,,24.0,,True,,1,,,,,,,,,,,,
2026-03-17T10:05:20.941378-04:00,vsin_dk,draftkings,cbase,cbase_20260317_stetson_florida,Mar 17,,Stetson,Florida,450.0,,100.0,6.0,94.0,,,,,,,,,,6.0,,False,,1,,,,,,,,,,,,
2026-03-17T10:05:20.941378-04:00,vsin_dk,draftkings,cbase,cbase_20260317_sfa_ut_arlington,Mar 17,,SFA,UT Arlington,160.0,10.0,90.0,76.0,24.0,,,,,,,,,,66.0,,True,,1,,,,,,,,,,,,
2026-03-17T10:05:20.941378-04:00,vsin_dk,draftkings,cbase,cbase_20260317_missouri_kansas,Mar 17,,Missouri,Kansas,100.0,45.0,55.0,83.0,17.0,,,,,,,,,,38.0,,True,,1,,,,,,,,,,,,
2026-03-17T10:05:20.941378-04:00,vsin_dk,draftkings,cbase,cbase_20260317_oklahoma_southeastern_louisiana,Mar 17,,Oklahoma,Southeastern Louisiana,-330.0,98.0,2.0,98.0,2.0,,,,,,,,,,0.0,,False,,1,,,,,,,,,,,,
2026-03-17T10:05:20.941378-04:00,vsin_dk,draftkings,cbase,cbase_20260317_southern_mississippi_nicholls_state,Mar 17,,Southern Mississippi,Nicholls State,-660.0,100.0,,94.0,6.0,,,,,,,,,,,,,,1,,,,,,,,,,,,
2026-03-17T10:05:20.941378-04:00,vsin_dk,draftkings,cbase,cbase_20260317_nebraska_wichita_state,Mar 17,,Nebraska,Wichita State,120.0,62.0,38.0,98.0,2.0,,,,,,,,,,36.0,,True,,1,,,,,,,,,,,,
2026-03-17T10:05:20.941378-04:00,vsin_dk,draftkings,cbase,cbase_20260317_new_orleans_tulane,Mar 17,,New Orleans,Tulane,175.0,6.0,94.0,7.0,93.0,,,,,,,,,,1.0,,False,,1,,,,,,,,,,,,
2026-03-17T10:05:20.941378-04:00,vsin_dk,draftkings,cbase,cbase_20260317_tarleton_state_texas,Mar 17,,Tarleton State,Texas,600.0,,100.0,,100.0,,,,,,,,,,0.0,,False,,1,,,,,,,,,,,,
2026-03-17T10:05:20.941378-04:00,vsin_dk,draftkings,cbase,cbase_20260317_kansas_state_baylor,Mar 17,,Kansas State,Baylor,-175.0,79.0,21.0,81.0,19.0,,,,,,,,,,2.0,,False,,1,,,,,,,,,,,,
2026-03-17T10:05:20.941378-04:00,vsin_dk,draftkings,cbase,cbase_20260317_texas_tech_dbu,Mar 17,,Texas Tech,DBU,120.0,43.0,57.0,22.0,78.0,,,,,,,,,,21.0,,True,,1,,,,,,,,,,,,
2026-03-17T10:05:20.941378-04:00,vsin_dk,draftkings,cbase,cbase_20260317_new_mexico_arizona,Mar 17,,New Mexico,Arizona,165.0,5.0,95.0,40.0,60.0,,,,,,,,,,35.0,,True,,1,,,,,,,,,,,,
2026-03-17T10:05:20.941378-04:00,vsin_dk,draftkings,cbase,cbase_20260317_uconn_california,Mar 17,,UConn,California,114.0,13.0,87.0,1.0,99.0,,,,,,,,,,12.0,,False,,1,,,,,,,,,,,,
2026-03-17T10:05:20.941378-04:00,vsin_dk,draftkings,cbase,cbase_20260317_csun_fresno_state,Mar 17,,CSUN,Fresno State,130.0,33.0,67.0,87.0,13.0,,,,,,,,,,54.0,,True,,1,,,,,,,,,,,,
2026-03-17T10:05:20.941378-04:00,vsin_dk,draftkings,cbase,cbase_20260317_cal_state_fullerton_unlv,Mar 17,,Cal State Fullerton,UNLV,-120.0,64.0,36.0,76.0,24.0,,,,,,,,,,12.0,,False,,1,,,,,,,,,,,,
2026-03-17T10:05:20.941378-04:00,vsin_dk,draftkings,cbase,cbase_20260317_lmu_long_beach_state,Mar 17,,LMU,Long Beach State,160.0,7.0,93.0,34.0,66.0,,,,,,,,,,27.0,,True,,1,,,,,,,,,,,,
2026-03-17T10:05:20.941378-04:00,vsin_dk,draftkings,cbase,cbase_20260317_san_diego_state_usc,Mar 17,,San Diego State,USC,470.0,1.0,99.0,22.0,78.0,,,,,,,,,,21.0,,True,,1,,,,,,,,,,,,
2026-03-17T10:05:20.941378-04:00,vsin_dk,draftkings,cbase,cbase_20260317_grand_canyon_arizona_state,Mar 17,,Grand Canyon,Arizona State,575.0,1.0,99.0,23.0,77.0,,,,,,,,,,22.0,,True,,1,,,,,,,,,,,,
2026-03-17T10:33:56.407116-04:00,vsin_dk,draftkings,cbase,cbase_20260317_cincinnati_utah_valley,Mar 17,,Cincinnati,Utah Valley,-280.0,95.0,5.0,98.0,2.0,,,,,,,,,,3.0,,False,,1,,,,,,,,,,,,
2026-03-17T10:33:56.407116-04:00,vsin_dk,draftkings,cbase,cbase_20260317_maryland_richmond,Mar 17,,Maryland,Richmond,-200.0,90.0,10.0,86.0,14.0,,,,,,,,,,4.0,,False,,1,,,,,,,,,,,,
2026-03-17T10:33:56.407116-04:00,vsin_dk,draftkings,cbase,cbase_20260317_indiana_vanderbilt,Mar 17,,Indiana,Vanderbilt,210.0,3.0,97.0,4.0,96.0,,,,,,,,,,1.0,,False,,1,,,,,,,,,,,,
2026-03-17T10:33:56.407116-04:00,vsin_dk,draftkings,cbase,cbase_20260317_jacksonville_south_florida,Mar 17,,Jacksonville,South Florida,210.0,3.0,97.0,3.0,97.0,,,,,,,,,,0.0,,False,,1,,,,,,,,,,,,
2026-03-17T10:33:56.407116-04:00,vsin_dk,draftkings,cbase,cbase_20260317_charlotte_south_carolina,Mar 17,,Charlotte,South Carolina,100.0,22.0,78.0,64.0,36.0,,,,,,,,,,42.0,,True,,1,,,,,,,,,,,,
2026-03-17T10:33:56.407116-04:00,vsin_dk,draftkings,cbase,cbase_20260317_samford_jacksonville_state,Mar 17,,Samford,Jacksonville State,350.0,3.0,97.0,16.0,84.0,,,,,,,,,,13.0,,False,,1,,,,,,,,,,,,
2026-03-17T10:33:56.407116-04:00,vsin_dk,draftkings,cbase,cbase_20260317_liberty_wake_forest,Mar 17,,Liberty,Wake Forest,150.0,5.0,95.0,2.0,98.0,,,,,,,,,,3.0,,False,,1,,,,,,,,,,,,
2026-03-17T10:33:56.407116-04:00,vsin_dk,draftkings,cbase,cbase_20260317_georgia_tech_auburn,Mar 17,,Georgia Tech,Auburn,-145.0,61.0,39.0,73.0,27.0,,,,,,,,,,12.0,,False,,1,,,,,,,,,,,,
2026-03-17T10:33:56.407116-04:00,vsin_dk,draftkings,cbase,cbase_20260317_elon_east_carolina,Mar 17,,Elon,East Carolina,300.0,2.0,98.0,19.0,81.0,,,,,,,,,,17.0,,True,,1,,,,,,,,,,,,
2026-03-17T10:33:56.407116-04:00,vsin_dk,draftkings,cbase,cbase_20260317_austin_peay_ole_miss,Mar 17,,Austin Peay,Ole Miss,300.0,1.0,99.0,11.0,89.0,,,,,,,,,,10.0,,False,,1,,,,,,,,,,,,
2026-03-17T10:33:56.407116-04:00,vsin_dk,draftkings,cbase,cbase_20260317_sam_houston_lamar,Mar 17,,Sam Houston,Lamar,145.0,16.0,84.0,5.0,95.0,,,,,,,,,,11.0,,False,,1,,,,,,,,,,,,
2026-03-17T10:33:56.407116-04:00,vsin_dk,draftkings,cbase,cbase_20260317_duke_campbell,Mar 17,,Duke,Campbell,-200.0,94.0,6.0,66.0,34.0,,,,,,,,,,28.0,,True,,1,,,,,,,,,,,,
2026-03-17T10:33:56.407116-04:00,vsin_dk,draftkings,cbase,cbase_20260317_north_carolina_state_uncw,Mar 17,,North Carolina State,UNCW,-120.0,88.0,12.0,100.0,,,,,,,,,,,,,,,1,,,,,,,,,,,,
2026-03-17T10:33:56.407116-04:00,vsin_dk,draftkings,cbase,cbase_20260317_clemson_college_of_charleston,Mar 17,,Clemson,College of Charleston,-445.0,99.0,1.0,98.0,2.0,,,,,,,,,,1.0,,False,,1,,,,,,,,,,,,
2026-03-17T10:33:56.407116-04:00,vsin_dk,draftkings,cbase,cbase_20260317_fgcu_florida_atlantic,Mar 17,,FGCU,Florida Atlantic,-105.0,31.0,69.0,55.0,45.0,,,,,,,,,,24.0,,True,,1,,,,,,,,,,,,
2026-03-17T10:33:56.407116-04:00,vsin_dk,draftkings,cbase,cbase_20260317_stetson_florida,Mar 17,,Stetson,Florida,450.0,,100.0,6.0,94.0,,,,,,,,,,6.0,,False,,1,,,,,,,,,,,,
2026-03-17T10:33:56.407116-04:00,vsin_dk,draftkings,cbase,cbase_20260317_sfa_ut_arlington,Mar 17,,SFA,UT Arlington,160.0,9.0,91.0,75.0,25.0,,,,,,,,,,66.0,,True,,1,,,,,,,,,,,,
2026-03-17T10:33:56.407116-04:00,vsin_dk,draftkings,cbase,cbase_20260317_missouri_kansas,Mar 17,,Missouri,Kansas,100.0,45.0,55.0,83.0,17.0,,,,,,,,,,38.0,,True,,1,,,,,,,,,,,,
2026-03-17T10:33:56.407116-04:00,vsin_dk,draftkings,cbase,cbase_20260317_oklahoma_southeastern_louisiana,Mar 17,,Oklahoma,Southeastern Louisiana,-330.0,99.0,1.0,98.0,2.0,,,,,,,,,,1.0,,False,,1,,,,,,,,,,,,
2026-03-17T10:33:56.407116-04:00,vsin_dk,draftkings,cbase,cbase_20260317_southern_mississippi_nicholls_state,Mar 17,,Southern Mississippi,Nicholls State,-660.0,100.0,,95.0,5.0,,,,,,,,,,,,,,1,,,,,,,,,,,,
2026-03-17T10:33:56.407116-04:00,vsin_dk,draftkings,cbase,cbase_20260317_nebraska_wichita_state,Mar 17,,Nebraska,Wichita State,120.0,63.0,37.0,98.0,2.0,,,,,,,,,,35.0,,True,,1,,,,,,,,,,,,
2026-03-17T10:33:56.407116-04:00,vsin_dk,draftkings,cbase,cbase_20260317_new_orleans_tulane,Mar 17,,New Orleans,Tulane,175.0,6.0,94.0,7.0,93.0,,,,,,,,,,1.0,,False,,1,,,,,,,,,,,,
2026-03-17T10:33:56.407116-04:00,vsin_dk,draftkings,cbase,cbase_20260317_tarleton_state_texas,Mar 17,,Tarleton State,Texas,600.0,,100.0,,100.0,,,,,,,,,,0.0,,False,,1,,,,,,,,,,,,
2026-03-17T10:33:56.407116-04:00,vsin_dk,draftkings,cbase,cbase_20260317_kansas_state_baylor,Mar 17,,Kansas State,Baylor,-175.0,78.0,22.0,81.0,19.0,,,,,,,,,,3.0,,False,,1,,,,,,,,,,,,
2026-03-17T10:33:56.407116-04:00,vsin_dk,draftkings,cbase,cbase_20260317_texas_tech_dbu,Mar 17,,Texas Tech,DBU,120.0,44.0,56.0,23.0,77.0,,,,,,,,,,21.0,,True,,1,,,,,,,,,,,,
2026-03-17T10:33:56.407116-04:00,vsin_dk,draftkings,cbase,cbase_20260317_new_mexico_arizona,Mar 17,,New Mexico,Arizona,165.0,5.0,95.0,39.0,61.0,,,,,,,,,,34.0,,True,,1,,,,,,,,,,,,
2026-03-17T10:33:56.407116-04:00,vsin_dk,draftkings,cbase,cbase_20260317_uconn_california,Mar 17,,UConn,California,114.0,12.0,88.0,1.0,99.0,,,,,,,,,,11.0,,False,,1,,,,,,,,,,,,
2026-03-17T10:33:56.407116-04:00,vsin_dk,draftkings,cbase,cbase_20260317_csun_fresno_state,Mar 17,,CSUN,Fresno State,130.0,34.0,66.0,87.0,13.0,,,,,,,,,,53.0,,True,,1,,,,,,,,,,,,
2026-03-17T10:33:56.407116-04:00,vsin_dk,draftkings,cbase,cbase_20260317_cal_state_fullerton_unlv,Mar 17,,Cal State Fullerton,UNLV,-120.0,63.0,37.0,75.0,25.0,,,,,,,,,,12.0,,False,,1,,,,,,,,,,,,
2026-03-17T10:33:56.407116-04:00,vsin_dk,draftkings,cbase,cbase_20260317_lmu_long_beach_state,Mar 17,,LMU,Long Beach State,160.0,7.0,93.0,32.0,68.0,,,,,,,,,,25.0,,True,,1,,,,,,,,,,,,
2026-03-17T10:33:56.407116-04:00,vsin_dk,draftkings,cbase,cbase_20260317_san_diego_state_usc,Mar 17,,San Diego State,USC,470.0,1.0,99.0,21.0,79.0,,,,,,,,,,20.0,,True,,1,,,,,,,,,,,,
2026-03-17T10:33:56.407116-04:00,vsin_dk,draftkings,cbase,cbase_20260317_grand_canyon_arizona_state,Mar 17,,Grand Canyon,Arizona State,575.0,1.0,99.0,22.0,78.0,,,,,,,,,,21.0,,True,,1,,,,,,,,,,,,
2026-03-17T10:47:19.945234-04:00,vsin_dk,draftkings,cbase,cbase_20260317_cincinnati_utah_valley,Mar 17,,Cincinnati,Utah Valley,-280.0,95.0,5.0,98.0,2.0,,,,,,,,,,3.0,,False,,1,,,,,,,,,,,,
2026-03-17T10:47:19.945234-04:00,vsin_dk,draftkings,cbase,cbase_20260317_maryland_richmond,Mar 17,,Maryland,Richmond,-200.0,90.0,10.0,86.0,14.0,,,,,,,,,,4.0,,False,,1,,,,,,,,,,,,
2026-03-17T10:47:19.945234-04:00,vsin_dk,draftkings,cbase,cbase_20260317_indiana_vanderbilt,Mar 17,,Indiana,Vanderbilt,210.0,3.0,97.0,4.0,96.0,,,,,,,,,,1.0,,False,,1,,,,,,,,,,,,
2026-03-17T10:47:19.945234-04:00,vsin_dk,draftkings,cbase,cbase_20260317_jacksonville_south_florida,Mar 17,,Jacksonville,South Florida,210.0,3.0,97.0,3.0,97.0,,,,,,,,,,0.0,,False,,1,,,,,,,,,,,,
2026-03-17T10:47:19.945234-04:00,vsin_dk,draftkings,cbase,cbase_20260317_charlotte_south_carolina,Mar 17,,Charlotte,South Carolina,100.0,22.0,78.0,64.0,36.0,,,,,,,,,,42.0,,True,,1,,,,,,,,,,,,
2026-03-17T10:47:19.945234-04:00,vsin_dk,draftkings,cbase,cbase_20260317_samford_jacksonville_state,Mar 17,,Samford,Jacksonville State,350.0,2.0,98.0,16.0,84.0,,,,,,,,,,14.0,,False,,1,,,,,,,,,,,,
2026-03-17T10:47:19.945234-04:00,vsin_dk,draftkings,cbase,cbase_20260317_liberty_wake_forest,Mar 17,,Liberty,Wake Forest,150.0,5.0,95.0,2.0,98.0,,,,,,,,,,3.0,,False,,1,,,,,,,,,,,,
2026-03-17T10:47:19.945234-04:00,vsin_dk,draftkings,cbase,cbase_20260317_georgia_tech_auburn,Mar 17,,Georgia Tech,Auburn,-145.0,61.0,39.0,75.0,25.0,,,,,,,,,,14.0,,False,,1,,,,,,,,,,,,
2026-03-17T10:47:19.945234-04:00,vsin_dk,draftkings,cbase,cbase_20260317_elon_east_carolina,Mar 17,,Elon,East Carolina,300.0,2.0,98.0,18.0,82.0,,,,,,,,,,16.0,,True,,1,,,,,,,,,,,,
2026-03-17T10:47:19.945234-04:00,vsin_dk,draftkings,cbase,cbase_20260317_austin_peay_ole_miss,Mar 17,,Austin Peay,Ole Miss,300.0,1.0,99.0,10.0,90.0,,,,,,,,,,9.0,,False,,1,,,,,,,,,,,,
2026-03-17T10:47:19.945234-04:00,vsin_dk,draftkings,cbase,cbase_20260317_sam_houston_lamar,Mar 17,,Sam Houston,Lamar,145.0,16.0,84.0,4.0,96.0,,,,,,,,,,12.0,,False,,1,,,,,,,,,,,,
2026-03-17T10:47:19.945234-04:00,vsin_dk,draftkings,cbase,cbase_20260317_duke_campbell,Mar 17,,Duke,Campbell,-200.0,94.0,6.0,68.0,32.0,,,,,,,,,,26.0,,True,,1,,,,,,,,,,,,
2026-03-17T10:47:19.945234-04:00,vsin_dk,draftkings,cbase,cbase_20260317_north_carolina_state_uncw,Mar 17,,North Carolina State,UNCW,-120.0,89.0,11.0,100.0,,,,,,,,,,,,,,,1,,,,,,,,,,,,
2026-03-17T10:47:19.945234-04:00,vsin_dk,draftkings,cbase,cbase_20260317_clemson_college_of_charleston,Mar 17,,Clemson,College of Charleston,-445.0,99.0,1.0,98.0,2.0,,,,,,,,,,1.0,,False,,1,,,,,,,,,,,,
2026-03-17T10:47:19.945234-04:00,vsin_dk,draftkings,cbase,cbase_20260317_fgcu_florida_atlantic,Mar 17,,FGCU,Florida Atlantic,-105.0,31.0,69.0,43.0,57.0,,,,,,,,,,12.0,,False,,1,,,,,,,,,,,,
2026-03-17T10:47:19.945234-04:00,vsin_dk,draftkings,cbase,cbase_20260317_stetson_florida,Mar 17,,Stetson,Florida,450.0,,100.0,6.0,94.0,,,,,,,,,,6.0,,False,,1,,,,,,,,,,,,
2026-03-17T10:47:19.945234-04:00,vsin_dk,draftkings,cbase,cbase_20260317_sfa_ut_arlington,Mar 17,,SFA,UT Arlington,160.0,10.0,90.0,75.0,25.0,,,,,,,,,,65.0,,True,,1,,,,,,,,,,,,
2026-03-17T10:47:19.945234-04:00,vsin_dk,draftkings,cbase,cbase_20260317_missouri_kansas,Mar 17,,Missouri,Kansas,100.0,45.0,55.0,83.0,17.0,,,,,,,,,,38.0,,True,,1,,,,,,,,,,,,
2026-03-17T10:47:19.945234-04:00,vsin_dk,draftkings,cbase,cbase_20260317_oklahoma_southeastern_louisiana,Mar 17,,Oklahoma,Southeastern Louisiana,-330.0,98.0,2.0,98.0,2.0,,,,,,,,,,0.0,,False,,1,,,,,,,,,,,,
2026-03-17T10:47:19.945234-04:00,vsin_dk,draftkings,cbase,cbase_20260317_southern_mississippi_nicholls_state,Mar 17,,Southern Mississippi,Nicholls State,-660.0,100.0,,95.0,5.0,,,,,,,,,,,,,,1,,,,,,,,,,,,
2026-03-17T10:47:19.945234-04:00,vsin_dk,draftkings,cbase,cbase_20260317_nebraska_wichita_state,Mar 17,,Nebraska,Wichita State,120.0,64.0,36.0,98.0,2.0,,,,,,,,,,34.0,,True,,1,,,,,,,,,,,,
2026-03-17T10:47:19.945234-04:00,vsin_dk,draftkings,cbase,cbase_20260317_new_orleans_tulane,Mar 17,,New Orleans,Tulane,175.0,6.0,94.0,7.0,93.0,,,,,,,,,,1.0,,False,,1,,,,,,,,,,,,
2026-03-17T10:47:19.945234-04:00,vsin_dk,draftkings,cbase,cbase_20260317_tarleton_state_texas,Mar 17,,Tarleton State,Texas,600.0,,100.0,,100.0,,,,,,,,,,0.0,,False,,1,,,,,,,,,,,,
2026-03-17T10:47:19.945234-04:00,vsin_dk,draftkings,cbase,cbase_20260317_kansas_state_baylor,Mar 17,,Kansas State,Baylor,-175.0,79.0,21.0,81.0,19.0,,,,,,,,,,2.0,,False,,1,,,,,,,,,,,,
2026-03-17T10:47:19.945234-04:00,vsin_dk,draftkings,cbase,cbase_20260317_texas_tech_dbu,Mar 17,,Texas Tech,DBU,120.0,43.0,57.0,23.0,77.0,,,,,,,,,,20.0,,True,,1,,,,,,,,,,,,
2026-03-17T10:47:19.945234-04:00,vsin_dk,draftkings,cbase,cbase_20260317_new_mexico_arizona,Mar 17,,New Mexico,Arizona,165.0,6.0,94.0,39.0,61.0,,,,,,,,,,33.0,,True,,1,,,,,,,,,,,,
2026-03-17T10:47:19.945234-04:00,vsin_dk,draftkings,cbase,cbase_20260317_uconn_california,Mar 17,,UConn,California,114.0,12.0,88.0,1.0,99.0,,,,,,,,,,11.0,,False,,1,,,,,,,,,,,,
2026-03-17T10:47:19.945234-04:00,vsin_dk,draftkings,cbase,cbase_20260317_csun_fresno_state,Mar 17,,CSUN,Fresno State,130.0,34.0,66.0,87.0,13.0,,,,,,,,,,53.0,,True,,1,,,,,,,,,,,,
2026-03-17T10:47:19.945234-04:00,vsin_dk,draftkings,cbase,cbase_20260317_cal_state_fullerton_unlv,Mar 17,,Cal State Fullerton,UNLV,-120.0,64.0,36.0,75.0,25.0,,,,,,,,,,11.0,,False,,1,,,,,,,,,,,,
2026-03-17T10:47:19.945234-04:00,vsin_dk,draftkings,cbase,cbase_20260317_lmu_long_beach_state,Mar 17,,LMU,Long Beach State,160.0,7.0,93.0,32.0,68.0,,,,,,,,,,25.0,,True,,1,,,,,,,,,,,,
2026-03-17T10:47:19.945234-04:00,vsin_dk,draftkings,cbase,cbase_20260317_san_diego_state_usc,Mar 17,,San Diego State,USC,470.0,1.0,99.0,20.0,80.0,,,,,,,,,,19.0,,True,,1,,,,,,,,,,,,
2026-03-17T10:47:19.945234-04:00,vsin_dk,draftkings,cbase,cbase_20260317_grand_canyon_arizona_state,Mar 17,,Grand Canyon,Arizona State,575.0,1.0,99.0,23.0,77.0,,,,,,,,,,22.0,,True,,1,,,,,,,,,,,,
2026-03-17T11:04:01.502691-04:00,vsin_dk,draftkings,cbase,cbase_20260317_cincinnati_utah_valley,Mar 17,,Cincinnati,Utah Valley,-280.0,95.0,5.0,98.0,2.0,,,,,,,,,,3.0,,False,,1,,,,,,,,,,,,
2026-03-17T11:04:01.502691-04:00,vsin_dk,draftkings,cbase,cbase_20260317_maryland_richmond,Mar 17,,Maryland,Richmond,-200.0,90.0,10.0,87.0,13.0,,,,,,,,,,3.0,,False,,1,,,,,,,,,,,,
2026-03-17T11:04:01.502691-04:00,vsin_dk,draftkings,cbase,cbase_20260317_indiana_vanderbilt,Mar 17,,Indiana,Vanderbilt,210.0,3.0,97.0,3.0,97.0,,,,,,,,,,0.0,,False,,1,,,,,,,,,,,,
2026-03-17T11:04:01.502691-04:00,vsin_dk,draftkings,cbase,cbase_20260317_jacksonville_south_florida,Mar 17,,Jacksonville,South Florida,210.0,3.0,97.0,3.0,97.0,,,,,,,,,,0.0,,False,,1,,,,,,,,,,,,
2026-03-17T11:04:01.502691-04:00,vsin_dk,draftkings,cbase,cbase_20260317_charlotte_south_carolina,Mar 17,,Charlotte,South Carolina,100.0,22.0,78.0,59.0,41.0,,,,,,,,,,37.0,,True,,1,,,,,,,,,,,,
2026-03-17T11:04:01.502691-04:00,vsin_dk,draftkings,cbase,cbase_20260317_samford_jacksonville_state,Mar 17,,Samford,Jacksonville State,350.0,3.0,97.0,15.0,85.0,,,,,,,,,,12.0,,False,,1,,,,,,,,,,,,
2026-03-17T11:04:01.502691-04:00,vsin_dk,draftkings,cbase,cbase_20260317_liberty_wake_forest,Mar 17,,Liberty,Wake Forest,150.0,5.0,95.0,2.0,98.0,,,,,,,,,,3.0,,False,,1,,,,,,,,,,,,
2026-03-17T11:04:01.502691-04:00,vsin_dk,draftkings,cbase,cbase_20260317_georgia_tech_auburn,Mar 17,,Georgia Tech,Auburn,-145.0,61.0,39.0,74.0,26.0,,,,,,,,,,13.0,,False,,1,,,,,,,,,,,,
2026-03-17T11:04:01.502691-04:00,vsin_dk,draftkings,cbase,cbase_20260317_elon_east_carolina,Mar 17,,Elon,East Carolina,300.0,2.0,98.0,18.0,82.0,,,,,,,,,,16.0,,True,,1,,,,,,,,,,,,
2026-03-17T11:04:01.502691-04:00,vsin_dk,draftkings,cbase,cbase_20260317_austin_peay_ole_miss,Mar 17,,Austin Peay,Ole Miss,300.0,1.0,99.0,10.0,90.0,,,,,,,,,,9.0,,False,,1,,,,,,,,,,,,
2026-03-17T11:04:01.502691-04:00,vsin_dk,draftkings,cbase,cbase_20260317_sam_houston_lamar,Mar 17,,Sam Houston,Lamar,145.0,16.0,84.0,5.0,95.0,,,,,,,,,,11.0,,False,,1,,,,,,,,,,,,
2026-03-17T11:04:01.502691-04:00,vsin_dk,draftkings,cbase,cbase_20260317_duke_campbell,Mar 17,,Duke,Campbell,-200.0,94.0,6.0,68.0,32.0,,,,,,,,,,26.0,,True,,1,,,,,,,,,,,,
2026-03-17T11:04:01.502691-04:00,vsin_dk,draftkings,cbase,cbase_20260317_north_carolina_state_uncw,Mar 17,,North Carolina State,UNCW,-120.0,89.0,11.0,100.0,,,,,,,,,,,,,,,1,,,,,,,,,,,,
2026-03-17T11:04:01.502691-04:00,vsin_dk,draftkings,cbase,cbase_20260317_clemson_college_of_charleston,Mar 17,,Clemson,College of Charleston,-445.0,99.0,1.0,98.0,2.0,,,,,,,,,,1.0,,False,,1,,,,,,,,,,,,
2026-03-17T11:04:01.502691-04:00,vsin_dk,draftkings,cbase,cbase_20260317_fgcu_florida_atlantic,Mar 17,,FGCU,Florida Atlantic,-105.0,31.0,69.0,25.0,75.0,,,,,,,,,,6.0,,False,,1,,,,,,,,,,,,
2026-03-17T11:04:01.502691-04:00,vsin_dk,draftkings,cbase,cbase_20260317_stetson_florida,Mar 17,,Stetson,Florida,450.0,,100.0,6.0,94.0,,,,,,,,,,6.0,,False,,1,,,,,,,,,,,,
2026-03-17T11:04:01.502691-04:00,vsin_dk,draftkings,cbase,cbase_20260317_sfa_ut_arlington,Mar 17,,SFA,UT Arlington,160.0,10.0,90.0,77.0,23.0,,,,,,,,,,67.0,,True,,1,,,,,,,,,,,,
2026-03-17T11:04:01.502691-04:00,vsin_dk,draftkings,cbase,cbase_20260317_missouri_kansas,Mar 17,,Missouri,Kansas,100.0,44.0,56.0,83.0,17.0,,,,,,,,,,39.0,,True,,1,,,,,,,,,,,,
2026-03-17T11:04:01.502691-04:00,vsin_dk,draftkings,cbase,cbase_20260317_oklahoma_southeastern_louisiana,Mar 17,,Oklahoma,Southeastern Louisiana,-330.0,99.0,1.0,98.0,2.0,,,,,,,,,,1.0,,False,,1,,,,,,,,,,,,
2026-03-17T11:04:01.502691-04:00,vsin_dk,draftkings,cbase,cbase_20260317_southern_mississippi_nicholls_state,Mar 17,,Southern Mississippi,Nicholls State,-660.0,100.0,,94.0,6.0,,,,,,,,,,,,,,1,,,,,,,,,,,,
2026-03-17T11:04:01.502691-04:00,vsin_dk,draftkings,cbase,cbase_20260317_nebraska_wichita_state,Mar 17,,Nebraska,Wichita State,120.0,66.0,34.0,98.0,2.0,,,,,,,,,,32.0,,True,,1,,,,,,,,,,,,
2026-03-17T11:04:01.502691-04:00,vsin_dk,draftkings,cbase,cbase_20260317_new_orleans_tulane,Mar 17,,New Orleans,Tulane,175.0,5.0,95.0,7.0,93.0,,,,,,,,,,2.0,,False,,1,,,,,,,,,,,,
2026-03-17T11:04:01.502691-04:00,vsin_dk,draftkings,cbase,cbase_20260317_tarleton_state_texas,Mar 17,,Tarleton State,Texas,600.0,,100.0,,100.0,,,,,,,,,,0.0,,False,,1,,,,,,,,,,,,
2026-03-17T11:04:01.502691-04:00,vsin_dk,draftkings,cbase,cbase_20260317_kansas_state_baylor,Mar 17,,Kansas State,Baylor,-175.0,78.0,22.0,90.0,10.0,,,,,,,,,,12.0,,False,,1,,,,,,,,,,,,
2026-03-17T11:04:01.502691-04:00,vsin_dk,draftkings,cbase,cbase_20260317_texas_tech_dbu,Mar 17,,Texas Tech,DBU,120.0,43.0,57.0,24.0,76.0,,,,,,,,,,19.0,,True,,1,,,,,,,,,,,,
2026-03-17T11:04:01.502691-04:00,vsin_dk,draftkings,cbase,cbase_20260317_new_mexico_arizona,Mar 17,,New Mexico,Arizona,165.0,6.0,94.0,38.0,62.0,,,,,,,,,,32.0,,True,,1,,,,,,,,,,,,
2026-03-17T11:04:01.502691-04:00,vsin_dk,draftkings,cbase,cbase_20260317_uconn_california,Mar 17,,UConn,California,114.0,11.0,89.0,1.0,99.0,,,,,,,,,,10.0,,False,,1,,,,,,,,,,,,
2026-03-17T11:04:01.502691-04:00,vsin_dk,draftkings,cbase,cbase_20260317_csun_fresno_state,Mar 17,,CSUN,Fresno State,130.0,35.0,65.0,89.0,11.0,,,,,,,,,,54.0,,True,,1,,,,,,,,,,,,
2026-03-17T11:04:01.502691-04:00,vsin_dk,draftkings,cbase,cbase_20260317_cal_state_fullerton_unlv,Mar 17,,Cal State Fullerton,UNLV,-120.0,63.0,37.0,75.0,25.0,,,,,,,,,,12.0,,False,,1,,,,,,,,,,,,
2026-03-17T11:04:01.502691-04:00,vsin_dk,draftkings,cbase,cbase_20260317_lmu_long_beach_state,Mar 17,,LMU,Long Beach State,160.0,7.0,93.0,32.0,68.0,,,,,,,,,,25.0,,True,,1,,,,,,,,,,,,
2026-03-17T11:04:01.502691-04:00,vsin_dk,draftkings,cbase,cbase_20260317_san_diego_state_usc,Mar 17,,San Diego State,USC,470.0,1.0,99.0,21.0,79.0,,,,,,,,,,20.0,,True,,1,,,,,,,,,,,,
2026-03-17T11:04:01.502691-04:00,vsin_dk,draftkings,cbase,cbase_20260317_grand_canyon_arizona_state,Mar 17,,Grand Canyon,Arizona State,575.0,1.0,99.0,24.0,76.0,,,,,,,,,,23.0,,True,,1,,,,,,,,,,,,
2026-03-17T11:34:37.137168-04:00,vsin_dk,draftkings,cbase,cbase_20260317_cincinnati_utah_valley,Mar 17,,Cincinnati,Utah Valley,-315.0,95.0,5.0,98.0,2.0,14.5,100.0,,100.0,,100.0,,100.0,,3.0,0.0,False,False,1,,,,,,,,,,,,
2026-03-17T11:34:37.137168-04:00,vsin_dk,draftkings,cbase,cbase_20260317_maryland_richmond,Mar 17,,Maryland,Richmond,-200.0,90.0,10.0,86.0,14.0,,,,,,,,,,4.0,,False,,1,,,,,,,,,,,,
2026-03-17T11:34:37.137168-04:00,vsin_dk,draftkings,cbase,cbase_20260317_indiana_vanderbilt,Mar 17,,Indiana,Vanderbilt,210.0,3.0,97.0,3.0,97.0,,,,,,,,,,0.0,,False,,1,,,,,,,,,,,,
2026-03-17T11:34:37.137168-04:00,vsin_dk,draftkings,cbase,cbase_20260317_jacksonville_south_florida,Mar 17,,Jacksonville,South Florida,210.0,3.0,97.0,3.0,97.0,,,,,,,,,,0.0,,False,,1,,,,,,,,,,,,
2026-03-17T11:34:37.137168-04:00,vsin_dk,draftkings,cbase,cbase_20260317_charlotte_south_carolina,Mar 17,,Charlotte,South Carolina,100.0,22.0,78.0,57.0,43.0,,,,,,,,,,35.0,,True,,1,,,,,,,,,,,,
2026-03-17T11:34:37.137168-04:00,vsin_dk,draftkings,cbase,cbase_20260317_samford_jacksonville_state,Mar 17,,Samford,Jacksonville State,350.0,3.0,97.0,14.0,86.0,,,,,,,,,,11.0,,False,,1,,,,,,,,,,,,
2026-03-17T11:34:37.137168-04:00,vsin_dk,draftkings,cbase,cbase_20260317_liberty_wake_forest,Mar 17,,Liberty,Wake Forest,150.0,6.0,94.0,2.0,98.0,,,,,,,,,,4.0,,False,,1,,,,,,,,,,,,
2026-03-17T11:34:37.137168-04:00,vsin_dk,draftkings,cbase,cbase_20260317_georgia_tech_auburn,Mar 17,,Georgia Tech,Auburn,-160.0,61.0,39.0,74.0,26.0,,,,,,,,,,13.0,,False,,1,,,,,,,,,,,,
2026-03-17T11:34:37.137168-04:00,vsin_dk,draftkings,cbase,cbase_20260317_elon_east_carolina,Mar 17,,Elon,East Carolina,300.0,2.0,98.0,17.0,83.0,,,,,,,,,,15.0,,True,,1,,,,,,,,,,,,
2026-03-17T11:34:37.137168-04:00,vsin_dk,draftkings,cbase,cbase_20260317_austin_peay_ole_miss,Mar 17,,Austin Peay,Ole Miss,300.0,1.0,99.0,9.0,91.0,,,,,,,,,,8.0,,False,,1,,,,,,,,,,,,
2026-03-17T11:34:37.137168-04:00,vsin_dk,draftkings,cbase,cbase_20260317_sam_houston_lamar,Mar 17,,Sam Houston,Lamar,145.0,17.0,83.0,6.0,94.0,,,,,,,,,,11.0,,False,,1,,,,,,,,,,,,
2026-03-17T11:34:37.137168-04:00,vsin_dk,draftkings,cbase,cbase_20260317_duke_campbell,Mar 17,,Duke,Campbell,-200.0,94.0,6.0,69.0,31.0,,,,,,,,,,25.0,,True,,1,,,,,,,,,,,,
2026-03-17T11:34:37.137168-04:00,vsin_dk,draftkings,cbase,cbase_20260317_north_carolina_state_uncw,Mar 17,,North Carolina State,UNCW,-145.0,89.0,11.0,100.0,,,,,,,,,,,,,,,1,,,,,,,,,,,,
2026-03-17T11:34:37.137168-04:00,vsin_dk,draftkings,cbase,cbase_20260317_clemson_college_of_charleston,Mar 17,,Clemson,College of Charleston,-445.0,99.0,1.0,98.0,2.0,,,,,,,,,,1.0,,False,,1,,,,,,,,,,,,
2026-03-17T11:34:37.137168-04:00,vsin_dk,draftkings,cbase,cbase_20260317_fgcu_florida_atlantic,Mar 17,,FGCU,Florida Atlantic,-105.0,29.0,71.0,9.0,91.0,,,,,,,,,,20.0,,True,,1,,,,,,,,,,,,
2026-03-17T11:34:37.137168-04:00,vsin_dk,draftkings,cbase,cbase_20260317_stetson_florida,Mar 17,,Stetson,Florida,450.0,,100.0,6.0,94.0,,,,,,,,,,6.0,,False,,1,,,,,,,,,,,,
2026-03-17T11:34:37.137168-04:00,vsin_dk,draftkings,cbase,cbase_20260317_sfa_ut_arlington,Mar 17,,SFA,UT Arlington,160.0,10.0,90.0,77.0,23.0,,,,,,,,,,67.0,,True,,1,,,,,,,,,,,,
2026-03-17T11:34:37.137168-04:00,vsin_dk,draftkings,cbase,cbase_20260317_missouri_kansas,Mar 17,,Missouri,Kansas,100.0,44.0,56.0,83.0,17.0,,,,,,,,,,39.0,,True,,1,,,,,,,,,,,,
2026-03-17T11:34:37.137168-04:00,vsin_dk,draftkings,cbase,cbase_20260317_oklahoma_southeastern_louisiana,Mar 17,,Oklahoma,Southeastern Louisiana,-330.0,99.0,1.0,98.0,2.0,,,,,,,,,,1.0,,False,,1,,,,,,,,,,,,
2026-03-17T11:34:37.137168-04:00,vsin_dk,draftkings,cbase,cbase_20260317_southern_mississippi_nicholls_state,Mar 17,,Southern Mississippi,Nicholls State,-660.0,99.0,1.0,91.0,9.0,,,,,,,,,,8.0,,False,,1,,,,,,,,,,,,
2026-03-17T11:34:37.137168-04:00,vsin_dk,draftkings,cbase,cbase_20260317_nebraska_wichita_state,Mar 17,,Nebraska,Wichita State,-105.0,68.0,32.0,98.0,2.0,,,,,,,,,,30.0,,True,,1,,,,,,,,,,,,
2026-03-17T11:34:37.137168-04:00,vsin_dk,draftkings,cbase,cbase_20260317_new_orleans_tulane,Mar 17,,New Orleans,Tulane,175.0,5.0,95.0,7.0,93.0,,,,,,,,,,2.0,,False,,1,,,,,,,,,,,,
2026-03-17T11:34:37.137168-04:00,vsin_dk,draftkings,cbase,cbase_20260317_tarleton_state_texas,Mar 17,,Tarleton State,Texas,600.0,,100.0,,100.0,,,,,,,,,,0.0,,False,,1,,,,,,,,,,,,
2026-03-17T11:34:37.137168-04:00,vsin_dk,draftkings,cbase,cbase_20260317_kansas_state_baylor,Mar 17,,Kansas State,Baylor,-175.0,77.0,23.0,90.0,10.0,,,,,,,,,,13.0,,False,,1,,,,,,,,,,,,
2026-03-17T11:34:37.137168-04:00,vsin_dk,draftkings,cbase,cbase_20260317_texas_tech_dbu,Mar 17,,Texas Tech,DBU,120.0,43.0,57.0,24.0,76.0,,,,,,,,,,19.0,,True,,1,,,,,,,,,,,,
2026-03-17T11:34:37.137168-04:00,vsin_dk,draftkings,cbase,cbase_20260317_new_mexico_arizona,Mar 17,,New Mexico,Arizona,165.0,6.0,94.0,37.0,63.0,,,,,,,,,,31.0,,True,,1,,,,,,,,,,,,
2026-03-17T11:34:37.137168-04:00,vsin_dk,draftkings,cbase,cbase_20260317_uconn_california,Mar 17,,UConn,California,130.0,11.0,89.0,1.0,99.0,,,,,,,,,,10.0,,False,,1,,,,,,,,,,,,
2026-03-17T11:34:37.137168-04:00,vsin_dk,draftkings,cbase,cbase_20260317_csun_fresno_state,Mar 17,,CSUN,Fresno State,130.0,33.0,67.0,89.0,11.0,,,,,,,,,,56.0,,True,,1,,,,,,,,,,,,
2026-03-17T11:34:37.137168-04:00,vsin_dk,draftkings,cbase,cbase_20260317_cal_state_fullerton_unlv,Mar 17,,Cal State Fullerton,UNLV,-120.0,64.0,36.0,77.0,23.0,,,,,,,,,,13.0,,False,,1,,,,,,,,,,,,
2026-03-17T11:34:37.137168-04:00,vsin_dk,draftkings,cbase,cbase_20260317_lmu_long_beach_state,Mar 17,,LMU,Long Beach State,160.0,7.0,93.0,32.0,68.0,,,,,,,,,,25.0,,True,,1,,,,,,,,,,,,
2026-03-17T11:34:37.137168-04:00,vsin_dk,draftkings,cbase,cbase_20260317_san_diego_state_usc,Mar 17,,San Diego State,USC,470.0,1.0,99.0,20.0,80.0,,,,,,,,,,19.0,,True,,1,,,,,,,,,,,,
2026-03-17T11:34:37.137168-04:00,vsin_dk,draftkings,cbase,cbase_20260317_grand_canyon_arizona_state,Mar 17,,Grand Canyon,Arizona State,575.0,1.0,99.0,23.0,77.0,,,,,,,,,,22.0,,True,,1,,,,,,,,,,,,
2026-03-17T12:03:47.709497-04:00,vsin_dk,draftkings,cbase,cbase_20260317_cincinnati_utah_valley,Mar 17,,Cincinnati,Utah Valley,-315.0,96.0,4.0,98.0,2.0,14.5,53.0,47.0,91.0,9.0,69.0,31.0,74.0,26.0,2.0,38.0,False,True,1,,,,,,,,,,,,
2026-03-17T12:03:47.709497-04:00,vsin_dk,draftkings,cbase,cbase_20260317_maryland_richmond,Mar 17,,Maryland,Richmond,-200.0,90.0,10.0,83.0,17.0,14.5,69.0,31.0,91.0,9.0,60.0,40.0,84.0,16.0,7.0,22.0,False,True,1,,,,,,,,,,,,
2026-03-17T12:03:47.709497-04:00,vsin_dk,draftkings,cbase,cbase_20260317_indiana_vanderbilt,Mar 17,,Indiana,Vanderbilt,230.0,3.0,97.0,3.0,97.0,13.5,63.0,37.0,10.0,90.0,32.0,68.0,29.0,71.0,0.0,53.0,False,True,1,,,,,,,,,,,,
2026-03-17T12:03:47.709497-04:00,vsin_dk,draftkings,cbase,cbase_20260317_jacksonville_south_florida,Mar 17,,Jacksonville,South Florida,210.0,3.0,97.0,2.0,98.0,12.5,69.0,31.0,48.0,52.0,40.0,60.0,6.0,94.0,1.0,21.0,False,True,1,,,,,,,,,,,,
2026-03-17T12:03:47.709497-04:00,vsin_dk,draftkings,cbase,cbase_20260317_charlotte_south_carolina,Mar 17,,Charlotte,South Carolina,100.0,22.0,78.0,55.0,45.0,11.0,81.0,19.0,89.0,11.0,50.0,50.0,22.0,78.0,33.0,8.0,True,False,1,,,,,,,,,,,,
2026-03-17T12:03:47.709497-04:00,vsin_dk,draftkings,cbase,cbase_20260317_samford_jacksonville_state,Mar 17,,Samford,Jacksonville State,380.0,3.0,97.0,14.0,86.0,13.0,74.0,26.0,37.0,63.0,30.0,70.0,1.0,99.0,11.0,37.0,False,True,1,,,,,,,,,,,,
2026-03-17T12:03:47.709497-04:00,vsin_dk,draftkings,cbase,cbase_20260317_liberty_wake_forest,Mar 17,,Liberty,Wake Forest,150.0,5.0,95.0,2.0,98.0,12.5,58.0,42.0,35.0,65.0,46.0,54.0,40.0,60.0,3.0,23.0,False,True,1,,,,,,,,,,,,
2026-03-17T12:03:47.709497-04:00,vsin_dk,draftkings,cbase,cbase_20260317_georgia_tech_auburn,Mar 17,,Georgia Tech,Auburn,-160.0,61.0,39.0,71.0,29.0,14.0,67.0,33.0,3.0,97.0,44.0,56.0,93.0,7.0,10.0,64.0,False,True,1,,,,,,,,,,,,
2026-03-17T12:03:47.709497-04:00,vsin_dk,draftkings,cbase,cbase_20260317_elon_east_carolina,Mar 17,,Elon,East Carolina,300.0,2.0,98.0,17.0,83.0,13.0,30.0,70.0,1.0,99.0,36.0,64.0,18.0,82.0,15.0,29.0,True,True,1,,,,,,,,,,,,
2026-03-17T12:03:47.709497-04:00,vsin_dk,draftkings,cbase,cbase_20260317_austin_peay_ole_miss,Mar 17,,Austin Peay,Ole Miss,300.0,1.0,99.0,8.0,92.0,14.0,75.0,25.0,99.0,1.0,25.0,75.0,2.0,98.0,7.0,24.0,False,True,1,,,,,,,,,,,,
2026-03-17T12:03:47.709497-04:00,vsin_dk,draftkings,cbase,cbase_20260317_sam_houston_lamar,Mar 17,,Sam Houston,Lamar,145.0,17.0,83.0,6.0,94.0,11.5,25.0,75.0,,100.0,67.0,33.0,14.0,86.0,11.0,,False,,1,,,,,,,,,,,,
2026-03-17T12:03:47.709497-04:00,vsin_dk,draftkings,cbase,cbase_20260317_duke_campbell,Mar 17,,Duke,Campbell,-200.0,94.0,6.0,72.0,28.0,13.5,60.0,40.0,34.0,66.0,50.0,50.0,80.0,20.0,22.0,26.0,True,True,1,,,,,,,,,,,,
2026-03-17T12:03:47.709497-04:00,vsin_dk,draftkings,cbase,cbase_20260317_north_carolina_state_uncw,Mar 17,,North Carolina State,UNCW,-145.0,88.0,12.0,99.0,1.0,12.0,33.0,67.0,60.0,40.0,40.0,60.0,89.0,11.0,11.0,27.0,False,True,1,,,,,,,,,,,,
2026-03-17T12:03:47.709497-04:00,vsin_dk,draftkings,cbase,cbase_20260317_clemson_college_of_charleston,Mar 17,,Clemson,College of Charleston,-425.0,99.0,1.0,98.0,2.0,12.0,75.0,25.0,74.0,26.0,78.0,22.0,100.0,,1.0,1.0,False,False,1,,,,,,,,,,,,
2026-03-17T12:03:47.709497-04:00,vsin_dk,draftkings,cbase,cbase_20260317_fgcu_florida_atlantic,Mar 17,,FGCU,Florida Atlantic,105.0,29.0,71.0,16.0,84.0,12.0,50.0,50.0,100.0,,100.0,,100.0,,13.0,50.0,False,True,1,,,,,,,,,,,,
2026-03-17T12:03:47.709497-04:00,vsin_dk,draftkings,cbase,cbase_20260317_stetson_florida,Mar 17,,Stetson,Florida,450.0,,100.0,5.0,95.0,12.0,33.0,67.0,60.0,40.0,18.0,82.0,,100.0,5.0,27.0,False,True,1,,,,,,,,,,,,
2026-03-17T12:03:47.709497-04:00,vsin_dk,draftkings,cbase,cbase_20260317_sfa_ut_arlington,Mar 17,,SFA,UT Arlington,160.0,10.0,90.0,77.0,23.0,,,,,,,,,,67.0,,True,,1,,,,,,,,,,,,
2026-03-17T12:03:47.709497-04:00,vsin_dk,draftkings,cbase,cbase_20260317_missouri_kansas,Mar 17,,Missouri,Kansas,100.0,45.0,55.0,83.0,17.0,14.5,25.0,75.0,40.0,60.0,100.0,,100.0,,38.0,15.0,True,True,1,,,,,,,,,,,,
2026-03-17T12:03:47.709497-04:00,vsin_dk,draftkings,cbase,cbase_20260317_oklahoma_southeastern_louisiana,Mar 17,,Oklahoma,Southeastern Louisiana,-345.0,99.0,1.0,98.0,2.0,,,,,,50.0,50.0,93.0,7.0,1.0,,False,,1,,,,,,,,,,,,
2026-03-17T12:03:47.709497-04:00,vsin_dk,draftkings,cbase,cbase_20260317_southern_mississippi_nicholls_state,Mar 17,,Southern Mississippi,Nicholls State,-660.0,100.0,,91.0,9.0,12.0,50.0,50.0,61.0,39.0,80.0,20.0,96.0,4.0,,11.0,,False,1,,,,,,,,,,,,
2026-03-17T12:03:47.709497-04:00,vsin_dk,draftkings,cbase,cbase_20260317_nebraska_wichita_state,Mar 17,,Nebraska,Wichita State,-105.0,68.0,32.0,99.0,1.0,,,,,,,,,,31.0,,True,,1,,,,,,,,,,,,
2026-03-17T12:03:47.709497-04:00,vsin_dk,draftkings,cbase,cbase_20260317_new_orleans_tulane,Mar 17,,New Orleans,Tulane,175.0,5.0,95.0,7.0,93.0,,,,,,,,,,2.0,,False,,1,,,,,,,,,,,,
2026-03-17T12:03:47.709497-04:00,vsin_dk,draftkings,cbase,cbase_20260317_tarleton_state_texas,Mar 17,,Tarleton State,Texas,600.0,,100.0,,100.0,,,,,,,,,,0.0,,False,,1,,,,,,,,,,,,
2026-03-17T12:03:47.709497-04:00,vsin_dk,draftkings,cbase,cbase_20260317_kansas_state_baylor,Mar 17,,Kansas State,Baylor,-175.0,76.0,24.0,90.0,10.0,,,,,,,,,,14.0,,False,,1,,,,,,,,,,,,
2026-03-17T12:03:47.709497-04:00,vsin_dk,draftkings,cbase,cbase_20260317_texas_tech_dbu,Mar 17,,Texas Tech,DBU,120.0,44.0,56.0,24.0,76.0,,,,,,,,,,20.0,,True,,1,,,,,,,,,,,,
2026-03-17T12:03:47.709497-04:00,vsin_dk,draftkings,cbase,cbase_20260317_new_mexico_arizona,Mar 17,,New Mexico,Arizona,165.0,5.0,95.0,35.0,65.0,,,,,,,,,,30.0,,True,,1,,,,,,,,,,,,
2026-03-17T12:03:47.709497-04:00,vsin_dk,draftkings,cbase,cbase_20260317_uconn_california,Mar 17,,UConn,California,130.0,11.0,89.0,1.0,99.0,,,,,,,,,,10.0,,False,,1,,,,,,,,,,,,
2026-03-17T12:03:47.709497-04:00,vsin_dk,draftkings,cbase,cbase_20260317_csun_fresno_state,Mar 17,,CSUN,Fresno State,130.0,36.0,64.0,90.0,10.0,,,,,,,,,,54.0,,True,,1,,,,,,,,,,,,
2026-03-17T12:03:47.709497-04:00,vsin_dk,draftkings,cbase,cbase_20260317_cal_state_fullerton_unlv,Mar 17,,Cal State Fullerton,UNLV,-120.0,65.0,35.0,78.0,22.0,,,,,,,,,,13.0,,False,,1,,,,,,,,,,,,
2026-03-17T12:03:47.709497-04:00,vsin_dk,draftkings,cbase,cbase_20260317_lmu_long_beach_state,Mar 17,,LMU,Long Beach State,160.0,7.0,93.0,30.0,70.0,,,,,,,,,,23.0,,True,,1,,,,,,,,,,,,
2026-03-17T12:03:47.709497-04:00,vsin_dk,draftkings,cbase,cbase_20260317_san_diego_state_usc,Mar 17,,San Diego State,USC,470.0,1.0,99.0,18.0,82.0,,,,,,,,,,17.0,,True,,1,,,,,,,,,,,,
2026-03-17T12:03:47.709497-04:00,vsin_dk,draftkings,cbase,cbase_20260317_grand_canyon_arizona_state,Mar 17,,Grand Canyon,Arizona State,575.0,1.0,99.0,22.0,78.0,,,,,,,,,,21.0,,True,,1,,,,,,,,,,,,
2026-03-17T12:33:57.190108-04:00,vsin_dk,draftkings,cbase,cbase_20260317_cincinnati_utah_valley,Mar 17,,Cincinnati,Utah Valley,-315.0,96.0,4.0,98.0,2.0,14.5,59.0,41.0,91.0,9.0,71.0,29.0,32.0,68.0,2.0,32.0,False,True,1,,,,,,,,,,,,
2026-03-17T12:33:57.190108-04:00,vsin_dk,draftkings,cbase,cbase_20260317_maryland_richmond,Mar 17,,Maryland,Richmond,-200.0,90.0,10.0,88.0,12.0,14.5,58.0,42.0,93.0,7.0,68.0,32.0,86.0,14.0,2.0,35.0,False,True,1,,,,,,,,,,,,
2026-03-17T12:33:57.190108-04:00,vsin_dk,draftkings,cbase,cbase_20260317_indiana_vanderbilt,Mar 17,,Indiana,Vanderbilt,230.0,3.0,97.0,3.0,97.0,12.5,66.0,34.0,7.0,93.0,24.0,76.0,27.0,73.0,0.0,59.0,False,True,1,,,,,,,,,,,,
2026-03-17T12:33:57.190108-04:00,vsin_dk,draftkings,cbase,cbase_20260317_jacksonville_south_florida,Mar 17,,Jacksonville,South Florida,210.0,3.0,97.0,2.0,98.0,12.5,62.0,38.0,49.0,51.0,32.0,68.0,42.0,58.0,1.0,13.0,False,False,1,,,,,,,,,,,,
2026-03-17T12:33:57.190108-04:00,vsin_dk,draftkings,cbase,cbase_20260317_charlotte_south_carolina,Mar 17,,Charlotte,South Carolina,100.0,22.0,78.0,54.0,46.0,11.0,76.0,24.0,88.0,12.0,41.0,59.0,24.0,76.0,32.0,12.0,True,False,1,,,,,,,,,,,,
2026-03-17T12:33:57.190108-04:00,vsin_dk,draftkings,cbase,cbase_20260317_samford_jacksonville_state,Mar 17,,Samford,Jacksonville State,380.0,3.0,97.0,12.0,88.0,13.0,64.0,36.0,18.0,82.0,39.0,61.0,19.0,81.0,9.0,46.0,False,True,1,,,,,,,,,,,,
2026-03-17T12:33:57.190108-04:00,vsin_dk,draftkings,cbase,cbase_20260317_liberty_wake_forest,Mar 17,,Liberty,Wake Forest,165.0,5.0,95.0,2.0,98.0,12.5,43.0,57.0,28.0,72.0,22.0,78.0,26.0,74.0,3.0,15.0,False,True,1,,,,,,,,,,,,
2026-03-17T12:33:57.190108-04:00,vsin_dk,draftkings,cbase,cbase_20260317_georgia_tech_auburn,Mar 17,,Georgia Tech,Auburn,-160.0,60.0,40.0,71.0,29.0,14.0,47.0,53.0,4.0,96.0,50.0,50.0,66.0,34.0,11.0,43.0,False,True,1,,,,,,,,,,,,
2026-03-17T12:33:57.190108-04:00,vsin_dk,draftkings,cbase,cbase_20260317_elon_east_carolina,Mar 17,,Elon,East Carolina,300.0,2.0,98.0,15.0,85.0,13.0,46.0,54.0,6.0,94.0,27.0,73.0,20.0,80.0,13.0,40.0,False,True,1,,,,,,,,,,,,
2026-03-17T12:33:57.190108-04:00,vsin_dk,draftkings,cbase,cbase_20260317_austin_peay_ole_miss,Mar 17,,Austin Peay,Ole Miss,300.0,1.0,99.0,8.0,92.0,14.0,65.0,35.0,97.0,3.0,26.0,74.0,5.0,95.0,7.0,32.0,False,True,1,,,,,,,,,,,,
2026-03-17T12:33:57.190108-04:00,vsin_dk,draftkings,cbase,cbase_20260317_sam_houston_lamar,Mar 17,,Sam Houston,Lamar,154.0,16.0,84.0,10.0,90.0,11.5,56.0,44.0,2.0,98.0,50.0,50.0,98.0,2.0,6.0,54.0,False,True,1,,,,,,,,,,,,
2026-03-17T12:33:57.190108-04:00,vsin_dk,draftkings,cbase,cbase_20260317_duke_campbell,Mar 17,,Duke,Campbell,-200.0,93.0,7.0,73.0,27.0,13.5,62.0,38.0,17.0,83.0,74.0,26.0,91.0,9.0,20.0,45.0,True,True,1,,,,,,,,,,,,
2026-03-17T12:33:57.190108-04:00,vsin_dk,draftkings,cbase,cbase_20260317_north_carolina_state_uncw,Mar 17,,North Carolina State,UNCW,-145.0,88.0,12.0,99.0,1.0,12.0,67.0,33.0,100.0,,63.0,38.0,93.0,7.0,11.0,33.0,False,True,1,,,,,,,,,,,,
2026-03-17T12:33:57.190108-04:00,vsin_dk,draftkings,cbase,cbase_20260317_clemson_college_of_charleston,Mar 17,,Clemson,College of Charleston,-445.0,99.0,1.0,99.0,1.0,12.0,80.0,20.0,90.0,10.0,80.0,20.0,92.0,8.0,0.0,10.0,False,False,1,,,,,,,,,,,,
2026-03-17T12:33:57.190108-04:00,vsin_dk,draftkings,cbase,cbase_20260317_fgcu_florida_atlantic,Mar 17,,FGCU,Florida Atlantic,105.0,29.0,71.0,15.0,85.0,12.0,75.0,25.0,99.0,1.0,60.0,40.0,89.0,11.0,14.0,24.0,False,True,1,,,,,,,,,,,,
2026-03-17T12:33:57.190108-04:00,vsin_dk,draftkings,cbase,cbase_20260317_stetson_florida,Mar 17,,Stetson,Florida,450.0,,100.0,5.0,95.0,12.0,82.0,18.0,99.0,1.0,21.0,79.0,64.0,36.0,5.0,17.0,False,True,1,,,,,,,,,,,,
2026-03-17T12:33:57.190108-04:00,vsin_dk,draftkings,cbase,cbase_20260317_sfa_ut_arlington,Mar 17,,SFA,UT Arlington,160.0,10.0,90.0,73.0,27.0,12.5,31.0,69.0,8.0,92.0,30.0,70.0,57.0,43.0,63.0,23.0,True,True,1,,,,,,,,,,,,
2026-03-17T12:33:57.190108-04:00,vsin_dk,draftkings,cbase,cbase_20260317_missouri_kansas,Mar 17,,Missouri,Kansas,100.0,46.0,54.0,83.0,17.0,14.5,20.0,80.0,1.0,99.0,63.0,38.0,89.0,11.0,37.0,19.0,True,True,1,,,,,,,,,,,,
2026-03-17T12:33:57.190108-04:00,vsin_dk,draftkings,cbase,cbase_20260317_oklahoma_southeastern_louisiana,Mar 17,,Oklahoma,Southeastern Louisiana,-345.0,99.0,1.0,98.0,2.0,13.0,62.0,38.0,7.0,93.0,87.0,13.0,47.0,53.0,1.0,55.0,False,True,1,,,,,,,,,,,,
2026-03-17T12:33:57.190108-04:00,vsin_dk,draftkings,cbase,cbase_20260317_southern_mississippi_nicholls_state,Mar 17,,Southern Mississippi,Nicholls State,-660.0,99.0,1.0,91.0,9.0,11.5,74.0,26.0,5.0,95.0,78.0,22.0,13.0,87.0,8.0,69.0,False,True,1,,,,,,,,,,,,
2026-03-17T12:33:57.190108-04:00,vsin_dk,draftkings,cbase,cbase_20260317_nebraska_wichita_state,Mar 17,,Nebraska,Wichita State,-105.0,68.0,32.0,98.0,2.0,13.0,74.0,26.0,99.0,1.0,91.0,9.0,99.0,1.0,30.0,25.0,True,True,1,,,,,,,,,,,,
2026-03-17T12:33:57.190108-04:00,vsin_dk,draftkings,cbase,cbase_20260317_new_orleans_tulane,Mar 17,,New Orleans,Tulane,175.0,5.0,95.0,7.0,93.0,13.0,20.0,80.0,,100.0,29.0,71.0,82.0,18.0,2.0,,False,,1,,,,,,,,,,,,
2026-03-17T12:33:57.190108-04:00,vsin_dk,draftkings,cbase,cbase_20260317_tarleton_state_texas,Mar 17,,Tarleton State,Texas,600.0,,100.0,,100.0,13.0,91.0,9.0,100.0,,21.0,79.0,69.0,31.0,0.0,9.0,False,False,1,,,,,,,,,,,,
2026-03-17T12:33:57.190108-04:00,vsin_dk,draftkings,cbase,cbase_20260317_kansas_state_baylor,Mar 17,,Kansas State,Baylor,-188.0,78.0,22.0,91.0,9.0,12.0,85.0,15.0,100.0,,40.0,60.0,6.0,94.0,13.0,15.0,False,True,1,,,,,,,,,,,,
2026-03-17T12:33:57.190108-04:00,vsin_dk,draftkings,cbase,cbase_20260317_texas_tech_dbu,Mar 17,,Texas Tech,DBU,120.0,44.0,56.0,26.0,74.0,16.0,58.0,42.0,97.0,3.0,75.0,25.0,99.0,1.0,18.0,39.0,True,True,1,,,,,,,,,,,,
2026-03-17T12:33:57.190108-04:00,vsin_dk,draftkings,cbase,cbase_20260317_new_mexico_arizona,Mar 17,,New Mexico,Arizona,165.0,5.0,95.0,32.0,68.0,13.5,,100.0,,100.0,25.0,75.0,94.0,6.0,27.0,,True,,1,,,,,,,,,,,,
2026-03-17T12:33:57.190108-04:00,vsin_dk,draftkings,cbase,cbase_20260317_uconn_california,Mar 17,,UConn,California,124.0,10.0,90.0,1.0,99.0,12.5,25.0,75.0,21.0,79.0,25.0,75.0,7.0,93.0,9.0,4.0,False,False,1,,,,,,,,,,,,
2026-03-17T12:33:57.190108-04:00,vsin_dk,draftkings,cbase,cbase_20260317_csun_fresno_state,Mar 17,,CSUN,Fresno State,130.0,35.0,65.0,90.0,10.0,14.0,,100.0,,100.0,50.0,50.0,98.0,2.0,55.0,,True,,1,,,,,,,,,,,,
2026-03-17T12:33:57.190108-04:00,vsin_dk,draftkings,cbase,cbase_20260317_cal_state_fullerton_unlv,Mar 17,,Cal State Fullerton,UNLV,-125.0,67.0,33.0,80.0,20.0,13.0,,100.0,,100.0,50.0,50.0,3.0,97.0,13.0,,False,,1,,,,,,,,,,,,
2026-03-17T12:33:57.190108-04:00,vsin_dk,draftkings,cbase,cbase_20260317_lmu_long_beach_state,Mar 17,,LMU,Long Beach State,160.0,6.0,94.0,29.0,71.0,12.5,50.0,50.0,52.0,48.0,50.0,50.0,98.0,2.0,23.0,2.0,True,False,1,,,,,,,,,,,,
2026-03-17T12:33:57.190108-04:00,vsin_dk,draftkings,cbase,cbase_20260317_san_diego_state_usc,Mar 17,,San Diego State,USC,470.0,1.0,99.0,16.0,84.0,11.5,100.0,,100.0,,50.0,50.0,98.0,2.0,15.0,0.0,True,False,1,,,,,,,,,,,,
2026-03-17T12:33:57.190108-04:00,vsin_dk,draftkings,cbase,cbase_20260317_grand_canyon_arizona_state,Mar 17,,Grand Canyon,Arizona State,575.0,1.0,99.0,19.0,81.0,13.5,50.0,50.0,85.0,15.0,50.0,50.0,98.0,2.0,18.0,35.0,True,True,1,,,,,,,,,,,,
2026-03-17T13:03:40.938132-04:00,vsin_dk,draftkings,cbase,cbase_20260317_cincinnati_utah_valley,Mar 17,,Cincinnati,Utah Valley,-315.0,96.0,4.0,97.0,3.0,14.5,61.0,39.0,81.0,19.0,71.0,29.0,33.0,67.0,1.0,20.0,False,True,1,,,,,,,,,,,,
2026-03-17T13:03:40.938132-04:00,vsin_dk,draftkings,cbase,cbase_20260317_maryland_richmond,Mar 17,,Maryland,Richmond,-200.0,90.0,10.0,89.0,11.0,14.5,54.0,46.0,92.0,8.0,70.0,30.0,88.0,12.0,1.0,38.0,False,True,1,,,,,,,,,,,,
2026-03-17T13:03:40.938132-04:00,vsin_dk,draftkings,cbase,cbase_20260317_indiana_vanderbilt,Mar 17,,Indiana,Vanderbilt,230.0,3.0,97.0,3.0,97.0,12.5,66.0,34.0,9.0,91.0,25.0,75.0,18.0,82.0,0.0,57.0,False,True,1,,,,,,,,,,,,
2026-03-17T13:03:40.938132-04:00,vsin_dk,draftkings,cbase,cbase_20260317_jacksonville_south_florida,Mar 17,,Jacksonville,South Florida,210.0,3.0,97.0,2.0,98.0,12.5,60.0,40.0,49.0,51.0,29.0,71.0,3.0,97.0,1.0,11.0,False,False,1,,,,,,,,,,,,
2026-03-17T13:03:40.938132-04:00,vsin_dk,draftkings,cbase,cbase_20260317_charlotte_south_carolina,Mar 17,,Charlotte,South Carolina,100.0,23.0,77.0,54.0,46.0,11.0,78.0,22.0,95.0,5.0,48.0,52.0,25.0,75.0,31.0,17.0,True,True,1,,,,,,,,,,,,
2026-03-17T13:03:40.938132-04:00,vsin_dk,draftkings,cbase,cbase_20260317_samford_jacksonville_state,Mar 17,,Samford,Jacksonville State,380.0,3.0,97.0,12.0,88.0,13.0,63.0,37.0,19.0,81.0,45.0,55.0,20.0,80.0,9.0,44.0,False,True,1,,,,,,,,,,,,
2026-03-17T13:03:40.938132-04:00,vsin_dk,draftkings,cbase,cbase_20260317_liberty_wake_forest,Mar 17,,Liberty,Wake Forest,175.0,6.0,94.0,3.0,97.0,12.5,42.0,58.0,28.0,72.0,22.0,78.0,24.0,76.0,3.0,14.0,False,False,1,,,,,,,,,,,,
2026-03-17T13:03:40.938132-04:00,vsin_dk,draftkings,cbase,cbase_20260317_georgia_tech_auburn,Mar 17,,Georgia Tech,Auburn,-160.0,59.0,41.0,69.0,31.0,14.0,46.0,54.0,2.0,98.0,48.0,52.0,67.0,33.0,10.0,44.0,False,True,1,,,,,,,,,,,,
2026-03-17T13:03:40.938132-04:00,vsin_dk,draftkings,cbase,cbase_20260317_elon_east_carolina,Mar 17,,Elon,East Carolina,300.0,2.0,98.0,14.0,86.0,13.0,44.0,56.0,6.0,94.0,30.0,70.0,20.0,80.0,12.0,38.0,False,True,1,,,,,,,,,,,,
2026-03-17T13:03:40.938132-04:00,vsin_dk,draftkings,cbase,cbase_20260317_austin_peay_ole_miss,Mar 17,,Austin Peay,Ole Miss,325.0,1.0,99.0,6.0,94.0,14.5,61.0,39.0,100.0,,23.0,77.0,,100.0,5.0,39.0,False,True,1,,,,,,,,,,,,
2026-03-17T13:03:40.938132-04:00,vsin_dk,draftkings,cbase,cbase_20260317_sam_houston_lamar,Mar 17,,Sam Houston,Lamar,154.0,16.0,84.0,10.0,90.0,11.5,56.0,44.0,10.0,90.0,53.0,47.0,97.0,3.0,6.0,46.0,False,True,1,,,,,,,,,,,,
2026-03-17T13:03:40.938132-04:00,vsin_dk,draftkings,cbase,cbase_20260317_duke_campbell,Mar 17,,Duke,Campbell,-200.0,93.0,7.0,73.0,27.0,13.5,62.0,38.0,92.0,8.0,77.0,23.0,92.0,8.0,20.0,30.0,True,True,1,,,,,,,,,,,,
2026-03-17T13:03:40.938132-04:00,vsin_dk,draftkings,cbase,cbase_20260317_north_carolina_state_uncw,Mar 17,,North Carolina State,UNCW,-145.0,88.0,12.0,99.0,1.0,12.0,65.0,35.0,77.0,23.0,63.0,38.0,93.0,7.0,11.0,12.0,False,False,1,,,,,,,,,,,,
2026-03-17T13:03:40.938132-04:00,vsin_dk,draftkings,cbase,cbase_20260317_clemson_college_of_charleston,Mar 17,,Clemson,College of Charleston,-445.0,99.0,1.0,99.0,1.0,12.0,78.0,22.0,90.0,10.0,78.0,22.0,92.0,8.0,0.0,12.0,False,False,1,,,,,,,,,,,,
2026-03-17T13:03:40.938132-04:00,vsin_dk,draftkings,cbase,cbase_20260317_fgcu_florida_atlantic,Mar 17,,FGCU,Florida Atlantic,105.0,28.0,72.0,15.0,85.0,12.0,78.0,22.0,99.0,1.0,59.0,41.0,1.0,99.0,13.0,21.0,False,True,1,,,,,,,,,,,,
2026-03-17T13:03:40.938132-04:00,vsin_dk,draftkings,cbase,cbase_20260317_stetson_florida,Mar 17,,Stetson,Florida,450.0,,100.0,4.0,96.0,12.0,75.0,25.0,97.0,3.0,23.0,77.0,43.0,57.0,4.0,22.0,False,True,1,,,,,,,,,,,,
2026-03-17T13:03:40.938132-04:00,vsin_dk,draftkings,cbase,cbase_20260317_sfa_ut_arlington,Mar 17,,SFA,UT Arlington,160.0,10.0,90.0,72.0,28.0,12.5,40.0,60.0,44.0,56.0,22.0,78.0,51.0,49.0,62.0,4.0,True,False,1,,,,,,,,,,,,
2026-03-17T13:03:40.938132-04:00,vsin_dk,draftkings,cbase,cbase_20260317_missouri_kansas,Mar 17,,Missouri,Kansas,100.0,46.0,54.0,82.0,18.0,14.0,27.0,73.0,2.0,98.0,58.0,42.0,87.0,13.0,36.0,25.0,True,True,1,,,,,,,,,,,,
2026-03-17T13:03:40.938132-04:00,vsin_dk,draftkings,cbase,cbase_20260317_oklahoma_southeastern_louisiana,Mar 17,,Oklahoma,Southeastern Louisiana,-345.0,99.0,1.0,98.0,2.0,13.0,59.0,41.0,7.0,93.0,80.0,20.0,70.0,30.0,1.0,52.0,False,True,1,,,,,,,,,,,,
2026-03-17T13:03:40.938132-04:00,vsin_dk,draftkings,cbase,cbase_20260317_southern_mississippi_nicholls_state,Mar 17,,Southern Mississippi,Nicholls State,-660.0,99.0,1.0,92.0,8.0,11.5,74.0,26.0,5.0,95.0,80.0,20.0,29.0,71.0,7.0,69.0,False,True,1,,,,,,,,,,,,
2026-03-17T13:03:40.938132-04:00,vsin_dk,draftkings,cbase,cbase_20260317_nebraska_wichita_state,Mar 17,,Nebraska,Wichita State,-115.0,68.0,32.0,98.0,2.0,13.0,75.0,25.0,99.0,1.0,,,,,30.0,24.0,True,True,1,,,,,,,,,,,,
2026-03-17T13:03:40.938132-04:00,vsin_dk,draftkings,cbase,cbase_20260317_new_orleans_tulane,Mar 17,,New Orleans,Tulane,175.0,5.0,95.0,7.0,93.0,13.0,41.0,59.0,,100.0,10.0,90.0,21.0,79.0,2.0,,False,,1,,,,,,,,,,,,
2026-03-17T13:03:40.938132-04:00,vsin_dk,draftkings,cbase,cbase_20260317_tarleton_state_texas,Mar 17,,Tarleton State,Texas,600.0,,100.0,,100.0,13.0,84.0,16.0,99.0,1.0,20.0,80.0,67.0,33.0,0.0,15.0,False,True,1,,,,,,,,,,,,
2026-03-17T13:03:40.938132-04:00,vsin_dk,draftkings,cbase,cbase_20260317_kansas_state_baylor,Mar 17,,Kansas State,Baylor,-188.0,78.0,22.0,89.0,11.0,12.0,78.0,22.0,100.0,,65.0,35.0,67.0,33.0,11.0,22.0,False,True,1,,,,,,,,,,,,
2026-03-17T13:03:40.938132-04:00,vsin_dk,draftkings,cbase,cbase_20260317_texas_tech_dbu,Mar 17,,Texas Tech,DBU,120.0,44.0,56.0,27.0,73.0,16.0,56.0,44.0,97.0,3.0,53.0,47.0,78.0,22.0,17.0,41.0,True,True,1,,,,,,,,,,,,
2026-03-17T13:03:40.938132-04:00,vsin_dk,draftkings,cbase,cbase_20260317_new_mexico_arizona,Mar 17,,New Mexico,Arizona,165.0,5.0,95.0,31.0,69.0,13.5,31.0,69.0,5.0,95.0,9.0,91.0,11.0,89.0,26.0,26.0,True,True,1,,,,,,,,,,,,
2026-03-17T13:03:40.938132-04:00,vsin_dk,draftkings,cbase,cbase_20260317_uconn_california,Mar 17,,UConn,California,135.0,10.0,90.0,1.0,99.0,12.5,56.0,44.0,75.0,25.0,19.0,81.0,12.0,88.0,9.0,19.0,False,True,1,,,,,,,,,,,,
2026-03-17T13:03:40.938132-04:00,vsin_dk,draftkings,cbase,cbase_20260317_csun_fresno_state,Mar 17,,CSUN,Fresno State,130.0,37.0,63.0,90.0,10.0,14.0,21.0,79.0,,100.0,31.0,69.0,86.0,14.0,53.0,,True,,1,,,,,,,,,,,,
2026-03-17T13:03:40.938132-04:00,vsin_dk,draftkings,cbase,cbase_20260317_cal_state_fullerton_unlv,Mar 17,,Cal State Fullerton,UNLV,-125.0,68.0,32.0,80.0,20.0,13.0,36.0,64.0,8.0,92.0,44.0,56.0,21.0,79.0,12.0,28.0,False,True,1,,,,,,,,,,,,
2026-03-17T13:03:40.938132-04:00,vsin_dk,draftkings,cbase,cbase_20260317_lmu_long_beach_state,Mar 17,,LMU,Long Beach State,160.0,7.0,93.0,29.0,71.0,12.5,54.0,46.0,66.0,34.0,9.0,91.0,74.0,26.0,22.0,12.0,True,False,1,,,,,,,,,,,,
2026-03-17T13:03:40.938132-04:00,vsin_dk,draftkings,cbase,cbase_20260317_san_diego_state_usc,Mar 17,,San Diego State,USC,470.0,1.0,99.0,15.0,85.0,11.5,57.0,43.0,62.0,38.0,21.0,79.0,45.0,55.0,14.0,5.0,False,False,1,,,,,,,,,,,,
2026-03-17T13:03:40.938132-04:00,vsin_dk,draftkings,cbase,cbase_20260317_grand_canyon_arizona_state,Mar 17,,Grand Canyon,Arizona State,575.0,1.0,99.0,18.0,82.0,13.5,69.0,31.0,100.0,,43.0,57.0,40.0,60.0,17.0,31.0,True,True,1,,,,,,,,,,,,
2026-03-17T13:34:01.192208-04:00,vsin_dk,draftkings,cbase,cbase_20260317_cincinnati_utah_valley,Mar 17,,Cincinnati,Utah Valley,-315.0,96.0,4.0,97.0,3.0,14.5,61.0,39.0,59.0,41.0,71.0,29.0,36.0,64.0,1.0,2.0,False,False,1,,,,,,,,,,,,
2026-03-17T13:34:01.192208-04:00,vsin_dk,draftkings,cbase,cbase_20260317_maryland_richmond,Mar 17,,Maryland,Richmond,-200.0,91.0,9.0,89.0,11.0,14.5,53.0,47.0,91.0,9.0,74.0,26.0,87.0,13.0,2.0,38.0,False,True,1,,,,,,,,,,,,
2026-03-17T13:34:01.192208-04:00,vsin_dk,draftkings,cbase,cbase_20260317_indiana_vanderbilt,Mar 17,,Indiana,Vanderbilt,230.0,3.0,97.0,3.0,97.0,12.5,63.0,37.0,13.0,87.0,21.0,79.0,16.0,84.0,0.0,50.0,False,True,1,,,,,,,,,,,,
2026-03-17T13:34:01.192208-04:00,vsin_dk,draftkings,cbase,cbase_20260317_jacksonville_south_florida,Mar 17,,Jacksonville,South Florida,230.0,3.0,97.0,3.0,97.0,13.0,56.0,44.0,94.0,6.0,28.0,72.0,3.0,97.0,0.0,38.0,False,True,1,,,,,,,,,,,,
2026-03-17T13:34:01.192208-04:00,vsin_dk,draftkings,cbase,cbase_20260317_charlotte_south_carolina,Mar 17,,Charlotte,South Carolina,100.0,23.0,77.0,42.0,58.0,11.0,74.0,26.0,97.0,3.0,46.0,54.0,23.0,77.0,19.0,23.0,True,True,1,,,,,,,,,,,,
2026-03-17T13:34:01.192208-04:00,vsin_dk,draftkings,cbase,cbase_20260317_samford_jacksonville_state,Mar 17,,Samford,Jacksonville State,380.0,2.0,98.0,11.0,89.0,13.0,60.0,40.0,33.0,67.0,43.0,57.0,20.0,80.0,9.0,27.0,False,True,1,,,,,,,,,,,,
2026-03-17T13:34:01.192208-04:00,vsin_dk,draftkings,cbase,cbase_20260317_liberty_wake_forest,Mar 17,,Liberty,Wake Forest,175.0,5.0,95.0,3.0,97.0,12.5,39.0,61.0,34.0,66.0,21.0,79.0,19.0,81.0,2.0,5.0,False,False,1,,,,,,,,,,,,
2026-03-17T13:34:01.192208-04:00,vsin_dk,draftkings,cbase,cbase_20260317_georgia_tech_auburn,Mar 17,,Georgia Tech,Auburn,-154.0,60.0,40.0,69.0,31.0,14.0,41.0,59.0,10.0,90.0,42.0,58.0,31.0,69.0,9.0,31.0,False,True,1,,,,,,,,,,,,
2026-03-17T13:34:01.192208-04:00,vsin_dk,draftkings,cbase,cbase_20260317_elon_east_carolina,Mar 17,,Elon,East Carolina,300.0,2.0,98.0,13.0,87.0,13.0,44.0,56.0,6.0,94.0,28.0,72.0,19.0,81.0,11.0,38.0,False,True,1,,,,,,,,,,,,
2026-03-17T13:34:01.192208-04:00,vsin_dk,draftkings,cbase,cbase_20260317_austin_peay_ole_miss,Mar 17,,Austin Peay,Ole Miss,325.0,1.0,99.0,6.0,94.0,14.5,58.0,42.0,100.0,,24.0,76.0,2.0,98.0,5.0,42.0,False,True,1,,,,,,,,,,,,
2026-03-17T13:34:01.192208-04:00,vsin_dk,draftkings,cbase,cbase_20260317_sam_houston_lamar,Mar 17,,Sam Houston,Lamar,154.0,16.0,84.0,10.0,90.0,11.5,57.0,43.0,12.0,88.0,44.0,56.0,95.0,5.0,6.0,45.0,False,True,1,,,,,,,,,,,,
2026-03-17T13:34:01.192208-04:00,vsin_dk,draftkings,cbase,cbase_20260317_duke_campbell,Mar 17,,Duke,Campbell,-200.0,93.0,7.0,75.0,25.0,13.5,60.0,40.0,92.0,8.0,78.0,22.0,91.0,9.0,18.0,32.0,True,True,1,,,,,,,,,,,,
2026-03-17T13:34:01.192208-04:00,vsin_dk,draftkings,cbase,cbase_20260317_north_carolina_state_uncw,Mar 17,,North Carolina State,UNCW,-145.0,89.0,11.0,99.0,1.0,12.0,60.0,40.0,77.0,23.0,62.0,38.0,94.0,6.0,10.0,17.0,False,True,1,,,,,,,,,,,,
2026-03-17T13:34:01.192208-04:00,vsin_dk,draftkings,cbase,cbase_20260317_clemson_college_of_charleston,Mar 17,,Clemson,College of Charleston,-445.0,99.0,1.0,99.0,1.0,12.0,71.0,29.0,90.0,10.0,79.0,21.0,92.0,8.0,0.0,19.0,False,True,1,,,,,,,,,,,,
2026-03-17T13:34:01.192208-04:00,vsin_dk,draftkings,cbase,cbase_20260317_fgcu_florida_atlantic,Mar 17,,FGCU,Florida Atlantic,105.0,28.0,72.0,16.0,84.0,12.0,76.0,24.0,99.0,1.0,59.0,41.0,1.0,99.0,12.0,23.0,False,True,1,,,,,,,,,,,,
2026-03-17T13:34:01.192208-04:00,vsin_dk,draftkings,cbase,cbase_20260317_stetson_florida,Mar 17,,Stetson,Florida,450.0,,100.0,4.0,96.0,12.0,75.0,25.0,97.0,3.0,21.0,79.0,41.0,59.0,4.0,22.0,False,True,1,,,,,,,,,,,,
2026-03-17T13:34:01.192208-04:00,vsin_dk,draftkings,cbase,cbase_20260317_sfa_ut_arlington,Mar 17,,SFA,UT Arlington,160.0,9.0,91.0,71.0,29.0,12.5,44.0,56.0,28.0,72.0,19.0,81.0,44.0,56.0,62.0,16.0,True,True,1,,,,,,,,,,,,
2026-03-17T13:34:01.192208-04:00,vsin_dk,draftkings,cbase,cbase_20260317_missouri_kansas,Mar 17,,Missouri,Kansas,100.0,46.0,54.0,82.0,18.0,14.0,27.0,73.0,2.0,98.0,58.0,42.0,87.0,13.0,36.0,25.0,True,True,1,,,,,,,,,,,,
2026-03-17T13:34:01.192208-04:00,vsin_dk,draftkings,cbase,cbase_20260317_oklahoma_southeastern_louisiana,Mar 17,,Oklahoma,Southeastern Louisiana,-345.0,99.0,1.0,99.0,1.0,13.0,62.0,38.0,8.0,92.0,80.0,20.0,67.0,33.0,0.0,54.0,False,True,1,,,,,,,,,,,,
2026-03-17T13:34:01.192208-04:00,vsin_dk,draftkings,cbase,cbase_20260317_southern_mississippi_nicholls_state,Mar 17,,Southern Mississippi,Nicholls State,-660.0,99.0,1.0,92.0,8.0,11.5,71.0,29.0,6.0,94.0,80.0,20.0,31.0,69.0,7.0,65.0,False,True,1,,,,,,,,,,,,
2026-03-17T13:34:01.192208-04:00,vsin_dk,draftkings,cbase,cbase_20260317_nebraska_wichita_state,Mar 17,,Nebraska,Wichita State,-115.0,69.0,31.0,98.0,2.0,13.0,77.0,23.0,99.0,1.0,71.0,29.0,16.0,84.0,29.0,22.0,True,True,1,,,,,,,,,,,,
2026-03-17T13:34:01.192208-04:00,vsin_dk,draftkings,cbase,cbase_20260317_new_orleans_tulane,Mar 17,,New Orleans,Tulane,165.0,5.0,95.0,6.0,94.0,13.0,47.0,53.0,,100.0,12.0,88.0,19.0,81.0,1.0,,False,,1,,,,,,,,,,,,
2026-03-17T13:34:01.192208-04:00,vsin_dk,draftkings,cbase,cbase_20260317_tarleton_state_texas,Mar 17,,Tarleton State,Texas,600.0,,100.0,,100.0,13.0,81.0,19.0,97.0,3.0,13.0,87.0,64.0,36.0,0.0,16.0,False,True,1,,,,,,,,,,,,
2026-03-17T13:34:01.192208-04:00,vsin_dk,draftkings,cbase,cbase_20260317_kansas_state_baylor,Mar 17,,Kansas State,Baylor,-188.0,78.0,22.0,89.0,11.0,12.0,78.0,22.0,100.0,,69.0,31.0,68.0,32.0,11.0,22.0,False,True,1,,,,,,,,,,,,
2026-03-17T13:34:01.192208-04:00,vsin_dk,draftkings,cbase,cbase_20260317_texas_tech_dbu,Mar 17,,Texas Tech,DBU,120.0,45.0,55.0,27.0,73.0,16.5,56.0,44.0,98.0,2.0,55.0,45.0,74.0,26.0,18.0,42.0,True,True,1,,,,,,,,,,,,
2026-03-17T13:34:01.192208-04:00,vsin_dk,draftkings,cbase,cbase_20260317_new_mexico_arizona,Mar 17,,New Mexico,Arizona,165.0,5.0,95.0,30.0,70.0,13.5,33.0,67.0,5.0,95.0,9.0,91.0,9.0,91.0,25.0,28.0,True,True,1,,,,,,,,,,,,
2026-03-17T13:34:01.192208-04:00,vsin_dk,draftkings,cbase,cbase_20260317_uconn_california,Mar 17,,UConn,California,135.0,10.0,90.0,1.0,99.0,12.5,57.0,43.0,51.0,49.0,13.0,87.0,11.0,89.0,9.0,6.0,False,False,1,,,,,,,,,,,,
2026-03-17T13:34:01.192208-04:00,vsin_dk,draftkings,cbase,cbase_20260317_csun_fresno_state,Mar 17,,CSUN,Fresno State,130.0,38.0,62.0,90.0,10.0,14.0,23.0,77.0,,100.0,29.0,71.0,85.0,15.0,52.0,,True,,1,,,,,,,,,,,,
2026-03-17T13:34:01.192208-04:00,vsin_dk,draftkings,cbase,cbase_20260317_cal_state_fullerton_unlv,Mar 17,,Cal State Fullerton,UNLV,-125.0,67.0,33.0,84.0,16.0,13.0,38.0,62.0,4.0,96.0,45.0,55.0,21.0,79.0,17.0,34.0,True,True,1,,,,,,,,,,,,
2026-03-17T13:34:01.192208-04:00,vsin_dk,draftkings,cbase,cbase_20260317_lmu_long_beach_state,Mar 17,,LMU,Long Beach State,160.0,7.0,93.0,28.0,72.0,12.5,53.0,47.0,65.0,35.0,7.0,93.0,71.0,29.0,21.0,12.0,True,False,1,,,,,,,,,,,,
2026-03-17T13:34:01.192208-04:00,vsin_dk,draftkings,cbase,cbase_20260317_san_diego_state_usc,Mar 17,,San Diego State,USC,470.0,1.0,99.0,13.0,87.0,11.5,62.0,38.0,38.0,62.0,22.0,78.0,20.0,80.0,12.0,24.0,False,True,1,,,,,,,,,,,,
2026-03-17T13:34:01.192208-04:00,vsin_dk,draftkings,cbase,cbase_20260317_grand_canyon_arizona_state,Mar 17,,Grand Canyon,Arizona State,575.0,1.0,99.0,16.0,84.0,13.5,68.0,32.0,99.0,1.0,35.0,65.0,45.0,55.0,15.0,31.0,True,True,1,,,,,,,,,,,,
2026-03-17T14:03:57.315569-04:00,vsin_dk,draftkings,cbase,cbase_20260317_cincinnati_utah_valley,Mar 17,,Cincinnati,Utah Valley,-315.0,96.0,4.0,97.0,3.0,14.5,61.0,39.0,59.0,41.0,71.0,29.0,36.0,64.0,1.0,2.0,False,False,1,,,,,,,,,,,,
2026-03-17T14:03:57.315569-04:00,vsin_dk,draftkings,cbase,cbase_20260317_maryland_richmond,Mar 17,,Maryland,Richmond,-215.0,90.0,10.0,91.0,9.0,15.0,52.0,48.0,91.0,9.0,74.0,26.0,93.0,7.0,1.0,39.0,False,True,1,,,,,,,,,,,,
2026-03-17T14:03:57.315569-04:00,vsin_dk,draftkings,cbase,cbase_20260317_indiana_vanderbilt,Mar 17,,Indiana,Vanderbilt,250.0,3.0,97.0,3.0,97.0,12.5,59.0,41.0,14.0,86.0,21.0,79.0,27.0,73.0,0.0,45.0,False,True,1,,,,,,,,,,,,
2026-03-17T14:03:57.315569-04:00,vsin_dk,draftkings,cbase,cbase_20260317_jacksonville_south_florida,Mar 17,,Jacksonville,South Florida,230.0,3.0,97.0,3.0,97.0,13.0,49.0,51.0,93.0,7.0,55.0,45.0,58.0,42.0,0.0,44.0,False,True,1,,,,,,,,,,,,
2026-03-17T14:03:57.315569-04:00,vsin_dk,draftkings,cbase,cbase_20260317_charlotte_south_carolina,Mar 17,,Charlotte,South Carolina,100.0,23.0,77.0,40.0,60.0,11.0,70.0,30.0,71.0,29.0,45.0,55.0,22.0,78.0,17.0,1.0,True,False,1,,,,,,,,,,,,
2026-03-17T14:03:57.315569-04:00,vsin_dk,draftkings,cbase,cbase_20260317_samford_jacksonville_state,Mar 17,,Samford,Jacksonville State,380.0,3.0,97.0,11.0,89.0,13.0,51.0,49.0,79.0,21.0,40.0,60.0,26.0,74.0,8.0,28.0,False,True,1,,,,,,,,,,,,
2026-03-17T14:03:57.315569-04:00,vsin_dk,draftkings,cbase,cbase_20260317_liberty_wake_forest,Mar 17,,Liberty,Wake Forest,175.0,5.0,95.0,3.0,97.0,12.5,37.0,63.0,52.0,48.0,17.0,83.0,7.0,93.0,2.0,15.0,False,True,1,,,,,,,,,,,,
2026-03-17T14:03:57.315569-04:00,vsin_dk,draftkings,cbase,cbase_20260317_georgia_tech_auburn,Mar 17,,Georgia Tech,Auburn,-145.0,60.0,40.0,66.0,34.0,13.5,36.0,64.0,9.0,91.0,38.0,62.0,40.0,60.0,6.0,27.0,False,True,1,,,,,,,,,,,,
2026-03-17T14:03:57.315569-04:00,vsin_dk,draftkings,cbase,cbase_20260317_elon_east_carolina,Mar 17,,Elon,East Carolina,300.0,2.0,98.0,12.0,88.0,13.0,41.0,59.0,6.0,94.0,26.0,74.0,18.0,82.0,10.0,35.0,False,True,1,,,,,,,,,,,,
2026-03-17T14:03:57.315569-04:00,vsin_dk,draftkings,cbase,cbase_20260317_austin_peay_ole_miss,Mar 17,,Austin Peay,Ole Miss,325.0,1.0,99.0,6.0,94.0,14.5,51.0,49.0,98.0,2.0,20.0,80.0,3.0,97.0,5.0,47.0,False,True,1,,,,,,,,,,,,
2026-03-17T14:03:57.315569-04:00,vsin_dk,draftkings,cbase,cbase_20260317_sam_houston_lamar,Mar 17,,Sam Houston,Lamar,154.0,17.0,83.0,10.0,90.0,11.5,58.0,42.0,90.0,10.0,42.0,58.0,95.0,5.0,7.0,32.0,False,True,1,,,,,,,,,,,,
2026-03-17T14:03:57.315569-04:00,vsin_dk,draftkings,cbase,cbase_20260317_duke_campbell,Mar 17,,Duke,Campbell,-200.0,93.0,7.0,77.0,23.0,13.5,26.0,74.0,69.0,31.0,83.0,17.0,94.0,6.0,16.0,43.0,True,True,1,,,,,,,,,,,,
2026-03-17T14:03:57.315569-04:00,vsin_dk,draftkings,cbase,cbase_20260317_north_carolina_state_uncw,Mar 17,,North Carolina State,UNCW,-145.0,89.0,11.0,98.0,2.0,12.0,60.0,40.0,78.0,22.0,66.0,34.0,95.0,5.0,9.0,18.0,False,True,1,,,,,,,,,,,,
2026-03-17T14:03:57.315569-04:00,vsin_dk,draftkings,cbase,cbase_20260317_clemson_college_of_charleston,Mar 17,,Clemson,College of Charleston,-445.0,99.0,1.0,99.0,1.0,12.0,70.0,30.0,89.0,11.0,85.0,15.0,97.0,3.0,0.0,19.0,False,True,1,,,,,,,,,,,,
2026-03-17T14:03:57.315569-04:00,vsin_dk,draftkings,cbase,cbase_20260317_fgcu_florida_atlantic,Mar 17,,FGCU,Florida Atlantic,114.0,27.0,73.0,16.0,84.0,12.0,76.0,24.0,100.0,,61.0,39.0,1.0,99.0,11.0,24.0,False,True,1,,,,,,,,,,,,
2026-03-17T14:03:57.315569-04:00,vsin_dk,draftkings,cbase,cbase_20260317_stetson_florida,Mar 17,,Stetson,Florida,450.0,,100.0,3.0,97.0,12.0,79.0,21.0,98.0,2.0,19.0,81.0,41.0,59.0,3.0,19.0,False,True,1,,,,,,,,,,,,
2026-03-17T14:03:57.315569-04:00,vsin_dk,draftkings,cbase,cbase_20260317_sfa_ut_arlington,Mar 17,,SFA,UT Arlington,160.0,9.0,91.0,70.0,30.0,12.5,41.0,59.0,17.0,83.0,22.0,78.0,80.0,20.0,61.0,24.0,True,True,1,,,,,,,,,,,,
2026-03-17T14:03:57.315569-04:00,vsin_dk,draftkings,cbase,cbase_20260317_missouri_kansas,Mar 17,,Missouri,Kansas,100.0,46.0,54.0,82.0,18.0,14.0,27.0,73.0,2.0,98.0,58.0,42.0,87.0,13.0,36.0,25.0,True,True,1,,,,,,,,,,,,
2026-03-17T14:03:57.315569-04:00,vsin_dk,draftkings,cbase,cbase_20260317_oklahoma_southeastern_louisiana,Mar 17,,Oklahoma,Southeastern Louisiana,-345.0,99.0,1.0,99.0,1.0,13.0,56.0,44.0,10.0,90.0,83.0,17.0,68.0,32.0,0.0,46.0,False,True,1,,,,,,,,,,,,
2026-03-17T14:03:57.315569-04:00,vsin_dk,draftkings,cbase,cbase_20260317_southern_mississippi_nicholls_state,Mar 17,,Southern Mississippi,Nicholls State,-660.0,99.0,1.0,93.0,7.0,11.5,67.0,33.0,6.0,94.0,84.0,16.0,48.0,52.0,6.0,61.0,False,True,1,,,,,,,,,,,,
2026-03-17T14:03:57.315569-04:00,vsin_dk,draftkings,cbase,cbase_20260317_nebraska_wichita_state,Mar 17,,Nebraska,Wichita State,-115.0,69.0,31.0,98.0,2.0,13.5,69.0,31.0,99.0,1.0,63.0,38.0,20.0,80.0,29.0,30.0,True,True,1,,,,,,,,,,,,
2026-03-17T14:03:57.315569-04:00,vsin_dk,draftkings,cbase,cbase_20260317_new_orleans_tulane,Mar 17,,New Orleans,Tulane,165.0,5.0,95.0,5.0,95.0,13.0,41.0,59.0,,100.0,13.0,87.0,18.0,82.0,0.0,,False,,1,,,,,,,,,,,,
2026-03-17T14:03:57.315569-04:00,vsin_dk,draftkings,cbase,cbase_20260317_tarleton_state_texas,Mar 17,,Tarleton State,Texas,600.0,,100.0,,100.0,13.0,80.0,20.0,97.0,3.0,10.0,90.0,49.0,51.0,0.0,17.0,False,True,1,,,,,,,,,,,,
2026-03-17T14:03:57.315569-04:00,vsin_dk,draftkings,cbase,cbase_20260317_kansas_state_baylor,Mar 17,,Kansas State,Baylor,-188.0,78.0,22.0,83.0,17.0,12.5,81.0,19.0,100.0,,69.0,31.0,71.0,29.0,5.0,19.0,False,True,1,,,,,,,,,,,,
2026-03-17T14:03:57.315569-04:00,vsin_dk,draftkings,cbase,cbase_20260317_texas_tech_dbu,Mar 17,,Texas Tech,DBU,120.0,45.0,55.0,27.0,73.0,16.5,55.0,45.0,98.0,2.0,67.0,33.0,76.0,24.0,18.0,43.0,True,True,1,,,,,,,,,,,,
2026-03-17T14:03:57.315569-04:00,vsin_dk,draftkings,cbase,cbase_20260317_new_mexico_arizona,Mar 17,,New Mexico,Arizona,165.0,5.0,95.0,31.0,69.0,13.5,30.0,70.0,28.0,72.0,12.0,88.0,31.0,69.0,26.0,2.0,True,False,1,,,,,,,,,,,,
2026-03-17T14:03:57.315569-04:00,vsin_dk,draftkings,cbase,cbase_20260317_uconn_california,Mar 17,,UConn,California,135.0,10.0,90.0,1.0,99.0,12.5,52.0,48.0,51.0,49.0,22.0,78.0,11.0,89.0,9.0,1.0,False,False,1,,,,,,,,,,,,
2026-03-17T14:03:57.315569-04:00,vsin_dk,draftkings,cbase,cbase_20260317_csun_fresno_state,Mar 17,,CSUN,Fresno State,130.0,38.0,62.0,91.0,9.0,14.0,22.0,78.0,1.0,99.0,29.0,71.0,85.0,15.0,53.0,21.0,True,True,1,,,,,,,,,,,,
2026-03-17T14:03:57.315569-04:00,vsin_dk,draftkings,cbase,cbase_20260317_cal_state_fullerton_unlv,Mar 17,,Cal State Fullerton,UNLV,-125.0,67.0,33.0,83.0,17.0,13.0,40.0,60.0,25.0,75.0,38.0,62.0,20.0,80.0,16.0,15.0,True,True,1,,,,,,,,,,,,
2026-03-17T14:03:57.315569-04:00,vsin_dk,draftkings,cbase,cbase_20260317_lmu_long_beach_state,Mar 17,,LMU,Long Beach State,160.0,7.0,93.0,26.0,74.0,12.5,48.0,52.0,59.0,41.0,6.0,94.0,18.0,82.0,19.0,11.0,True,False,1,,,,,,,,,,,,
2026-03-17T14:03:57.315569-04:00,vsin_dk,draftkings,cbase,cbase_20260317_san_diego_state_usc,Mar 17,,San Diego State,USC,470.0,1.0,99.0,12.0,88.0,11.5,54.0,46.0,5.0,95.0,32.0,68.0,91.0,9.0,11.0,49.0,False,True,1,,,,,,,,,,,,
2026-03-17T14:03:57.315569-04:00,vsin_dk,draftkings,cbase,cbase_20260317_grand_canyon_arizona_state,Mar 17,,Grand Canyon,Arizona State,575.0,1.0,99.0,15.0,85.0,13.5,61.0,39.0,100.0,,35.0,65.0,42.0,58.0,14.0,39.0,False,True,1,,,,,,,,,,,,
2026-03-17T14:33:46.000340-04:00,vsin_dk,draftkings,cbase,cbase_20260317_cincinnati_utah_valley,Mar 17,,Cincinnati,Utah Valley,-315.0,96.0,4.0,97.0,3.0,14.5,61.0,39.0,59.0,41.0,71.0,29.0,36.0,64.0,1.0,2.0,False,False,1,,,,,,,,,,,,
2026-03-17T14:33:46.000340-04:00,vsin_dk,draftkings,cbase,cbase_20260317_maryland_richmond,Mar 17,,Maryland,Richmond,-215.0,90.0,10.0,91.0,9.0,15.0,52.0,48.0,91.0,9.0,74.0,26.0,93.0,7.0,1.0,39.0,False,True,1,,,,,,,,,,,,
2026-03-17T14:33:46.000340-04:00,vsin_dk,draftkings,cbase,cbase_20260317_indiana_vanderbilt,Mar 17,,Indiana,Vanderbilt,250.0,3.0,97.0,2.0,98.0,12.5,60.0,40.0,17.0,83.0,76.0,24.0,93.0,7.0,1.0,43.0,False,True,1,,,,,,,,,,,,
2026-03-17T14:33:46.000340-04:00,vsin_dk,draftkings,cbase,cbase_20260317_jacksonville_south_florida,Mar 17,,Jacksonville,South Florida,230.0,3.0,97.0,3.0,97.0,13.0,48.0,52.0,93.0,7.0,55.0,45.0,64.0,36.0,0.0,45.0,False,True,1,,,,,,,,,,,,
2026-03-17T14:33:46.000340-04:00,vsin_dk,draftkings,cbase,cbase_20260317_charlotte_south_carolina,Mar 17,,Charlotte,South Carolina,100.0,23.0,77.0,36.0,64.0,11.0,70.0,30.0,72.0,28.0,43.0,58.0,21.0,79.0,13.0,2.0,False,False,1,,,,,,,,,,,,
2026-03-17T14:33:46.000340-04:00,vsin_dk,draftkings,cbase,cbase_20260317_samford_jacksonville_state,Mar 17,,Samford,Jacksonville State,380.0,3.0,97.0,11.0,89.0,14.0,53.0,47.0,95.0,5.0,44.0,56.0,27.0,73.0,8.0,42.0,False,True,1,,,,,,,,,,,,
2026-03-17T14:33:46.000340-04:00,vsin_dk,draftkings,cbase,cbase_20260317_liberty_wake_forest,Mar 17,,Liberty,Wake Forest,175.0,6.0,94.0,3.0,97.0,12.5,37.0,63.0,52.0,48.0,17.0,83.0,9.0,91.0,3.0,15.0,False,True,1,,,,,,,,,,,,
2026-03-17T14:33:46.000340-04:00,vsin_dk,draftkings,cbase,cbase_20260317_georgia_tech_auburn,Mar 17,,Georgia Tech,Auburn,-145.0,59.0,41.0,66.0,34.0,13.5,36.0,64.0,10.0,90.0,44.0,56.0,58.0,42.0,7.0,26.0,False,True,1,,,,,,,,,,,,
2026-03-17T14:33:46.000340-04:00,vsin_dk,draftkings,cbase,cbase_20260317_elon_east_carolina,Mar 17,,Elon,East Carolina,300.0,2.0,98.0,12.0,88.0,13.0,40.0,60.0,6.0,94.0,24.0,76.0,11.0,89.0,10.0,34.0,False,True,1,,,,,,,,,,,,
2026-03-17T14:33:46.000340-04:00,vsin_dk,draftkings,cbase,cbase_20260317_austin_peay_ole_miss,Mar 17,,Austin Peay,Ole Miss,325.0,1.0,99.0,6.0,94.0,14.5,48.0,52.0,91.0,9.0,18.0,82.0,3.0,97.0,5.0,43.0,False,True,1,,,,,,,,,,,,
2026-03-17T14:33:46.000340-04:00,vsin_dk,draftkings,cbase,cbase_20260317_sam_houston_lamar,Mar 17,,Sam Houston,Lamar,154.0,16.0,84.0,11.0,89.0,13.0,63.0,37.0,98.0,2.0,38.0,63.0,94.0,6.0,5.0,35.0,False,True,1,,,,,,,,,,,,
2026-03-17T14:33:46.000340-04:00,vsin_dk,draftkings,cbase,cbase_20260317_duke_campbell,Mar 17,,Duke,Campbell,-200.0,93.0,7.0,78.0,22.0,13.5,26.0,74.0,62.0,38.0,80.0,20.0,59.0,41.0,15.0,36.0,True,True,1,,,,,,,,,,,,
2026-03-17T14:33:46.000340-04:00,vsin_dk,draftkings,cbase,cbase_20260317_north_carolina_state_uncw,Mar 17,,North Carolina State,UNCW,-166.0,89.0,11.0,98.0,2.0,12.0,59.0,41.0,78.0,22.0,62.0,38.0,92.0,8.0,9.0,19.0,False,True,1,,,,,,,,,,,,
2026-03-17T14:33:46.000340-04:00,vsin_dk,draftkings,cbase,cbase_20260317_clemson_college_of_charleston,Mar 17,,Clemson,College of Charleston,-445.0,99.0,1.0,98.0,2.0,12.0,68.0,32.0,88.0,12.0,84.0,16.0,98.0,2.0,1.0,20.0,False,True,1,,,,,,,,,,,,
2026-03-17T14:33:46.000340-04:00,vsin_dk,draftkings,cbase,cbase_20260317_fgcu_florida_atlantic,Mar 17,,FGCU,Florida Atlantic,114.0,30.0,70.0,23.0,77.0,13.5,75.0,25.0,100.0,,55.0,45.0,1.0,99.0,7.0,25.0,False,True,1,,,,,,,,,,,,
2026-03-17T14:33:46.000340-04:00,vsin_dk,draftkings,cbase,cbase_20260317_stetson_florida,Mar 17,,Stetson,Florida,450.0,,100.0,4.0,96.0,12.0,77.0,23.0,98.0,2.0,20.0,80.0,39.0,61.0,4.0,21.0,False,True,1,,,,,,,,,,,,
2026-03-17T14:33:46.000340-04:00,vsin_dk,draftkings,cbase,cbase_20260317_sfa_ut_arlington,Mar 17,,SFA,UT Arlington,160.0,9.0,91.0,70.0,30.0,12.5,40.0,60.0,17.0,83.0,23.0,77.0,76.0,24.0,61.0,23.0,True,True,1,,,,,,,,,,,,
2026-03-17T14:33:46.000340-04:00,vsin_dk,draftkings,cbase,cbase_20260317_missouri_kansas,Mar 17,,Missouri,Kansas,100.0,46.0,54.0,82.0,18.0,14.0,27.0,73.0,2.0,98.0,58.0,42.0,87.0,13.0,36.0,25.0,True,True,1,,,,,,,,,,,,
2026-03-17T14:33:46.000340-04:00,vsin_dk,draftkings,cbase,cbase_20260317_oklahoma_southeastern_louisiana,Mar 17,,Oklahoma,Southeastern Louisiana,-345.0,99.0,1.0,98.0,2.0,13.0,55.0,45.0,38.0,62.0,82.0,18.0,68.0,32.0,1.0,17.0,False,True,1,,,,,,,,,,,,
2026-03-17T14:33:46.000340-04:00,vsin_dk,draftkings,cbase,cbase_20260317_southern_mississippi_nicholls_state,Mar 17,,Southern Mississippi,Nicholls State,-660.0,99.0,1.0,93.0,7.0,11.5,69.0,31.0,6.0,94.0,83.0,17.0,49.0,51.0,6.0,63.0,False,True,1,,,,,,,,,,,,
2026-03-17T14:33:46.000340-04:00,vsin_dk,draftkings,cbase,cbase_20260317_nebraska_wichita_state,Mar 17,,Nebraska,Wichita State,-115.0,70.0,30.0,98.0,2.0,13.5,64.0,36.0,99.0,1.0,48.0,52.0,20.0,80.0,28.0,35.0,True,True,1,,,,,,,,,,,,
2026-03-17T14:33:46.000340-04:00,vsin_dk,draftkings,cbase,cbase_20260317_new_orleans_tulane,Mar 17,,New Orleans,Tulane,165.0,5.0,95.0,6.0,94.0,13.0,44.0,56.0,6.0,94.0,11.0,89.0,17.0,83.0,1.0,38.0,False,True,1,,,,,,,,,,,,
2026-03-17T14:33:46.000340-04:00,vsin_dk,draftkings,cbase,cbase_20260317_tarleton_state_texas,Mar 17,,Tarleton State,Texas,600.0,,100.0,1.0,99.0,13.0,74.0,26.0,95.0,5.0,9.0,91.0,49.0,51.0,1.0,21.0,False,True,1,,,,,,,,,,,,
2026-03-17T14:33:46.000340-04:00,vsin_dk,draftkings,cbase,cbase_20260317_kansas_state_baylor,Mar 17,,Kansas State,Baylor,-188.0,77.0,23.0,82.0,18.0,12.5,79.0,21.0,100.0,,68.0,32.0,70.0,30.0,5.0,21.0,False,True,1,,,,,,,,,,,,
2026-03-17T14:33:46.000340-04:00,vsin_dk,draftkings,cbase,cbase_20260317_texas_tech_dbu,Mar 17,,Texas Tech,DBU,120.0,46.0,54.0,28.0,72.0,16.5,6.0,94.0,2.0,98.0,73.0,28.0,80.0,20.0,18.0,4.0,True,False,1,,,,,,,,,,,,
2026-03-17T14:33:46.000340-04:00,vsin_dk,draftkings,cbase,cbase_20260317_new_mexico_arizona,Mar 17,,New Mexico,Arizona,165.0,5.0,95.0,29.0,71.0,13.5,32.0,68.0,58.0,42.0,9.0,91.0,29.0,71.0,24.0,26.0,True,True,1,,,,,,,,,,,,
2026-03-17T14:33:46.000340-04:00,vsin_dk,draftkings,cbase,cbase_20260317_uconn_california,Mar 17,,UConn,California,135.0,10.0,90.0,1.0,99.0,12.5,50.0,50.0,51.0,49.0,19.0,81.0,72.0,28.0,9.0,1.0,False,False,1,,,,,,,,,,,,
2026-03-17T14:33:46.000340-04:00,vsin_dk,draftkings,cbase,cbase_20260317_csun_fresno_state,Mar 17,,CSUN,Fresno State,130.0,37.0,63.0,90.0,10.0,14.0,23.0,77.0,1.0,99.0,29.0,71.0,84.0,16.0,53.0,22.0,True,True,1,,,,,,,,,,,,
2026-03-17T14:33:46.000340-04:00,vsin_dk,draftkings,cbase,cbase_20260317_cal_state_fullerton_unlv,Mar 17,,Cal State Fullerton,UNLV,-125.0,68.0,32.0,81.0,19.0,13.0,42.0,58.0,33.0,67.0,41.0,59.0,20.0,80.0,13.0,9.0,False,False,1,,,,,,,,,,,,
2026-03-17T14:33:46.000340-04:00,vsin_dk,draftkings,cbase,cbase_20260317_lmu_long_beach_state,Mar 17,,LMU,Long Beach State,160.0,7.0,93.0,27.0,73.0,12.5,43.0,57.0,33.0,67.0,8.0,92.0,6.0,94.0,20.0,10.0,True,False,1,,,,,,,,,,,,
2026-03-17T14:33:46.000340-04:00,vsin_dk,draftkings,cbase,cbase_20260317_san_diego_state_usc,Mar 17,,San Diego State,USC,470.0,1.0,99.0,13.0,87.0,11.5,56.0,44.0,5.0,95.0,36.0,64.0,88.0,12.0,12.0,51.0,False,True,1,,,,,,,,,,,,
2026-03-17T14:33:46.000340-04:00,vsin_dk,draftkings,cbase,cbase_20260317_grand_canyon_arizona_state,Mar 17,,Grand Canyon,Arizona State,575.0,1.0,99.0,16.0,84.0,13.5,57.0,43.0,100.0,,32.0,68.0,21.0,79.0,15.0,43.0,True,True,1,,,,,,,,,,,,
2026-03-17T15:03:57.568786-04:00,vsin_dk,draftkings,cbase,cbase_20260317_cincinnati_utah_valley,Mar 17,,Cincinnati,Utah Valley,-315.0,96.0,4.0,97.0,3.0,14.5,61.0,39.0,59.0,41.0,71.0,29.0,36.0,64.0,1.0,2.0,False,False,1,,,,,,,,,,,,
2026-03-17T15:03:57.568786-04:00,vsin_dk,draftkings,cbase,cbase_20260317_maryland_richmond,Mar 17,,Maryland,Richmond,-215.0,90.0,10.0,91.0,9.0,15.0,52.0,48.0,91.0,9.0,74.0,26.0,93.0,7.0,1.0,39.0,False,True,1,,,,,,,,,,,,
2026-03-17T15:03:57.568786-04:00,vsin_dk,draftkings,cbase,cbase_20260317_indiana_vanderbilt,Mar 17,,Indiana,Vanderbilt,260.0,3.0,97.0,2.0,98.0,12.5,60.0,40.0,27.0,73.0,80.0,20.0,88.0,12.0,1.0,33.0,False,True,1,,,,,,,,,,,,
2026-03-17T15:03:57.568786-04:00,vsin_dk,draftkings,cbase,cbase_20260317_jacksonville_south_florida,Mar 17,,Jacksonville,South Florida,230.0,3.0,97.0,4.0,96.0,13.0,47.0,53.0,93.0,7.0,52.0,48.0,54.0,46.0,1.0,46.0,False,True,1,,,,,,,,,,,,
2026-03-17T15:03:57.568786-04:00,vsin_dk,draftkings,cbase,cbase_20260317_charlotte_south_carolina,Mar 17,,Charlotte,South Carolina,100.0,23.0,77.0,34.0,66.0,11.0,72.0,28.0,75.0,25.0,37.0,63.0,7.0,93.0,11.0,3.0,False,False,1,,,,,,,,,,,,
2026-03-17T15:03:57.568786-04:00,vsin_dk,draftkings,cbase,cbase_20260317_samford_jacksonville_state,Mar 17,,Samford,Jacksonville State,380.0,3.0,97.0,11.0,89.0,14.0,54.0,46.0,95.0,5.0,43.0,58.0,31.0,69.0,8.0,41.0,False,True,1,,,,,,,,,,,,
2026-03-17T15:03:57.568786-04:00,vsin_dk,draftkings,cbase,cbase_20260317_liberty_wake_forest,Mar 17,,Liberty,Wake Forest,175.0,6.0,94.0,3.0,97.0,12.5,38.0,62.0,52.0,48.0,16.0,84.0,9.0,91.0,3.0,14.0,False,False,1,,,,,,,,,,,,
2026-03-17T15:03:57.568786-04:00,vsin_dk,draftkings,cbase,cbase_20260317_georgia_tech_auburn,Mar 17,,Georgia Tech,Auburn,-145.0,59.0,41.0,65.0,35.0,13.5,38.0,62.0,12.0,88.0,49.0,51.0,86.0,14.0,6.0,26.0,False,True,1,,,,,,,,,,,,
2026-03-17T15:03:57.568786-04:00,vsin_dk,draftkings,cbase,cbase_20260317_elon_east_carolina,Mar 17,,Elon,East Carolina,300.0,2.0,98.0,11.0,89.0,13.0,39.0,61.0,11.0,89.0,24.0,76.0,8.0,92.0,9.0,28.0,False,True,1,,,,,,,,,,,,
2026-03-17T15:03:57.568786-04:00,vsin_dk,draftkings,cbase,cbase_20260317_austin_peay_ole_miss,Mar 17,,Austin Peay,Ole Miss,325.0,1.0,99.0,6.0,94.0,14.5,51.0,49.0,92.0,8.0,16.0,84.0,3.0,97.0,5.0,41.0,False,True,1,,,,,,,,,,,,
2026-03-17T15:03:57.568786-04:00,vsin_dk,draftkings,cbase,cbase_20260317_sam_houston_lamar,Mar 17,,Sam Houston,Lamar,154.0,16.0,84.0,10.0,90.0,13.0,65.0,35.0,98.0,2.0,35.0,65.0,93.0,7.0,6.0,33.0,False,True,1,,,,,,,,,,,,
2026-03-17T15:03:57.568786-04:00,vsin_dk,draftkings,cbase,cbase_20260317_duke_campbell,Mar 17,,Duke,Campbell,-200.0,93.0,7.0,78.0,22.0,13.5,26.0,74.0,61.0,39.0,81.0,19.0,59.0,41.0,15.0,35.0,True,True,1,,,,,,,,,,,,
2026-03-17T15:03:57.568786-04:00,vsin_dk,draftkings,cbase,cbase_20260317_north_carolina_state_uncw,Mar 17,,North Carolina State,UNCW,-166.0,88.0,12.0,97.0,3.0,12.0,61.0,39.0,78.0,22.0,65.0,35.0,92.0,8.0,9.0,17.0,False,True,1,,,,,,,,,,,,
2026-03-17T15:03:57.568786-04:00,vsin_dk,draftkings,cbase,cbase_20260317_clemson_college_of_charleston,Mar 17,,Clemson,College of Charleston,-445.0,99.0,1.0,98.0,2.0,12.0,71.0,29.0,97.0,3.0,85.0,15.0,99.0,1.0,1.0,26.0,False,True,1,,,,,,,,,,,,
2026-03-17T15:03:57.568786-04:00,vsin_dk,draftkings,cbase,cbase_20260317_fgcu_florida_atlantic,Mar 17,,FGCU,Florida Atlantic,114.0,30.0,70.0,23.0,77.0,13.5,73.0,27.0,100.0,,53.0,47.0,2.0,98.0,7.0,27.0,False,True,1,,,,,,,,,,,,
2026-03-17T15:03:57.568786-04:00,vsin_dk,draftkings,cbase,cbase_20260317_stetson_florida,Mar 17,,Stetson,Florida,450.0,,100.0,4.0,96.0,12.0,79.0,21.0,98.0,2.0,18.0,82.0,39.0,61.0,4.0,19.0,False,True,1,,,,,,,,,,,,
2026-03-17T15:03:57.568786-04:00,vsin_dk,draftkings,cbase,cbase_20260317_sfa_ut_arlington,Mar 17,,SFA,UT Arlington,160.0,9.0,91.0,69.0,31.0,12.5,43.0,57.0,18.0,82.0,25.0,75.0,74.0,26.0,60.0,25.0,True,True,1,,,,,,,,,,,,
2026-03-17T15:03:57.568786-04:00,vsin_dk,draftkings,cbase,cbase_20260317_missouri_kansas,Mar 17,,Missouri,Kansas,100.0,46.0,54.0,82.0,18.0,14.0,27.0,73.0,2.0,98.0,58.0,42.0,87.0,13.0,36.0,25.0,True,True,1,,,,,,,,,,,,
2026-03-17T15:03:57.568786-04:00,vsin_dk,draftkings,cbase,cbase_20260317_oklahoma_southeastern_louisiana,Mar 17,,Oklahoma,Southeastern Louisiana,-345.0,99.0,1.0,98.0,2.0,13.0,57.0,43.0,38.0,62.0,84.0,16.0,71.0,29.0,1.0,19.0,False,True,1,,,,,,,,,,,,
2026-03-17T15:03:57.568786-04:00,vsin_dk,draftkings,cbase,cbase_20260317_southern_mississippi_nicholls_state,Mar 17,,Southern Mississippi,Nicholls State,-660.0,99.0,1.0,93.0,7.0,11.5,70.0,30.0,6.0,94.0,85.0,15.0,53.0,47.0,6.0,64.0,False,True,1,,,,,,,,,,,,
2026-03-17T15:03:57.568786-04:00,vsin_dk,draftkings,cbase,cbase_20260317_nebraska_wichita_state,Mar 17,,Nebraska,Wichita State,-115.0,70.0,30.0,98.0,2.0,13.5,63.0,37.0,98.0,2.0,53.0,47.0,21.0,79.0,28.0,35.0,True,True,1,,,,,,,,,,,,
2026-03-17T15:03:57.568786-04:00,vsin_dk,draftkings,cbase,cbase_20260317_new_orleans_tulane,Mar 17,,New Orleans,Tulane,165.0,5.0,95.0,1.0,99.0,13.0,43.0,57.0,6.0,94.0,12.0,88.0,16.0,84.0,4.0,37.0,False,True,1,,,,,,,,,,,,
2026-03-17T15:03:57.568786-04:00,vsin_dk,draftkings,cbase,cbase_20260317_tarleton_state_texas,Mar 17,,Tarleton State,Texas,600.0,,100.0,1.0,99.0,13.0,75.0,25.0,97.0,3.0,10.0,90.0,48.0,52.0,1.0,22.0,False,True,1,,,,,,,,,,,,
2026-03-17T15:03:57.568786-04:00,vsin_dk,draftkings,cbase,cbase_20260317_kansas_state_baylor,Mar 17,,Kansas State,Baylor,-188.0,77.0,23.0,82.0,18.0,12.5,80.0,20.0,100.0,,69.0,31.0,70.0,30.0,5.0,20.0,False,True,1,,,,,,,,,,,,
2026-03-17T15:03:57.568786-04:00,vsin_dk,draftkings,cbase,cbase_20260317_texas_tech_dbu,Mar 17,,Texas Tech,DBU,120.0,45.0,55.0,28.0,72.0,16.5,4.0,96.0,2.0,98.0,70.0,30.0,81.0,19.0,17.0,2.0,True,False,1,,,,,,,,,,,,
2026-03-17T15:03:57.568786-04:00,vsin_dk,draftkings,cbase,cbase_20260317_new_mexico_arizona,Mar 17,,New Mexico,Arizona,165.0,5.0,95.0,28.0,72.0,13.5,34.0,66.0,58.0,42.0,10.0,90.0,25.0,75.0,23.0,24.0,True,True,1,,,,,,,,,,,,
2026-03-17T15:03:57.568786-04:00,vsin_dk,draftkings,cbase,cbase_20260317_uconn_california,Mar 17,,UConn,California,135.0,10.0,90.0,1.0,99.0,12.5,54.0,46.0,54.0,46.0,17.0,83.0,57.0,43.0,9.0,0.0,False,False,1,,,,,,,,,,,,
2026-03-17T15:03:57.568786-04:00,vsin_dk,draftkings,cbase,cbase_20260317_csun_fresno_state,Mar 17,,CSUN,Fresno State,130.0,36.0,64.0,91.0,9.0,14.0,23.0,77.0,1.0,99.0,28.0,72.0,79.0,21.0,55.0,22.0,True,True,1,,,,,,,,,,,,
2026-03-17T15:03:57.568786-04:00,vsin_dk,draftkings,cbase,cbase_20260317_cal_state_fullerton_unlv,Mar 17,,Cal State Fullerton,UNLV,-125.0,68.0,32.0,64.0,36.0,13.0,41.0,59.0,40.0,60.0,50.0,50.0,27.0,73.0,4.0,1.0,False,False,1,,,,,,,,,,,,
2026-03-17T15:03:57.568786-04:00,vsin_dk,draftkings,cbase,cbase_20260317_lmu_long_beach_state,Mar 17,,LMU,Long Beach State,160.0,6.0,94.0,26.0,74.0,12.5,51.0,49.0,51.0,49.0,6.0,94.0,6.0,94.0,20.0,0.0,True,False,1,,,,,,,,,,,,
2026-03-17T15:03:57.568786-04:00,vsin_dk,draftkings,cbase,cbase_20260317_san_diego_state_usc,Mar 17,,San Diego State,USC,470.0,1.0,99.0,12.0,88.0,11.5,62.0,38.0,8.0,92.0,39.0,61.0,90.0,10.0,11.0,54.0,False,True,1,,,,,,,,,,,,
2026-03-17T15:03:57.568786-04:00,vsin_dk,draftkings,cbase,cbase_20260317_grand_canyon_arizona_state,Mar 17,,Grand Canyon,Arizona State,575.0,1.0,99.0,16.0,84.0,13.5,61.0,39.0,100.0,,31.0,69.0,39.0,61.0,15.0,39.0,True,True,1,,,,,,,,,,,,
2026-03-17T15:33:56.723472-04:00,vsin_dk,draftkings,cbase,cbase_20260317_cincinnati_utah_valley,Mar 17,,Cincinnati,Utah Valley,-315.0,96.0,4.0,97.0,3.0,14.5,61.0,39.0,59.0,41.0,71.0,29.0,36.0,64.0,1.0,2.0,False,False,1,,,,,,,,,,,,
2026-03-17T15:33:56.723472-04:00,vsin_dk,draftkings,cbase,cbase_20260317_maryland_richmond,Mar 17,,Maryland,Richmond,-215.0,90.0,10.0,91.0,9.0,15.0,52.0,48.0,91.0,9.0,74.0,26.0,93.0,7.0,1.0,39.0,False,True,1,,,,,,,,,,,,
2026-03-17T15:33:56.723472-04:00,vsin_dk,draftkings,cbase,cbase_20260317_indiana_vanderbilt,Mar 17,,Indiana,Vanderbilt,260.0,3.0,97.0,2.0,98.0,12.5,60.0,40.0,27.0,73.0,80.0,20.0,88.0,12.0,1.0,33.0,False,True,1,,,,,,,,,,,,
2026-03-17T15:33:56.723472-04:00,vsin_dk,draftkings,cbase,cbase_20260317_jacksonville_south_florida,Mar 17,,Jacksonville,South Florida,230.0,3.0,97.0,4.0,96.0,13.0,47.0,53.0,93.0,7.0,52.0,48.0,54.0,46.0,1.0,46.0,False,True,1,,,,,,,,,,,,
2026-03-17T15:33:56.723472-04:00,vsin_dk,draftkings,cbase,cbase_20260317_charlotte_south_carolina,Mar 17,,Charlotte,South Carolina,100.0,23.0,77.0,30.0,70.0,11.0,66.0,34.0,74.0,26.0,39.0,61.0,13.0,87.0,7.0,8.0,False,False,1,,,,,,,,,,,,
2026-03-17T15:33:56.723472-04:00,vsin_dk,draftkings,cbase,cbase_20260317_samford_jacksonville_state,Mar 17,,Samford,Jacksonville State,380.0,3.0,97.0,14.0,86.0,14.0,52.0,48.0,95.0,5.0,44.0,56.0,31.0,69.0,11.0,43.0,False,True,1,,,,,,,,,,,,
2026-03-17T15:33:56.723472-04:00,vsin_dk,draftkings,cbase,cbase_20260317_liberty_wake_forest,Mar 17,,Liberty,Wake Forest,175.0,6.0,94.0,4.0,96.0,12.5,36.0,64.0,53.0,47.0,17.0,83.0,7.0,93.0,2.0,17.0,False,True,1,,,,,,,,,,,,
2026-03-17T15:33:56.723472-04:00,vsin_dk,draftkings,cbase,cbase_20260317_georgia_tech_auburn,Mar 17,,Georgia Tech,Auburn,-145.0,58.0,42.0,65.0,35.0,13.5,39.0,61.0,13.0,87.0,50.0,50.0,86.0,14.0,7.0,26.0,False,True,1,,,,,,,,,,,,
2026-03-17T15:33:56.723472-04:00,vsin_dk,draftkings,cbase,cbase_20260317_elon_east_carolina,Mar 17,,Elon,East Carolina,300.0,2.0,98.0,11.0,89.0,13.0,37.0,63.0,12.0,88.0,23.0,77.0,12.0,88.0,9.0,25.0,False,True,1,,,,,,,,,,,,
2026-03-17T15:33:56.723472-04:00,vsin_dk,draftkings,cbase,cbase_20260317_austin_peay_ole_miss,Mar 17,,Austin Peay,Ole Miss,325.0,1.0,99.0,5.0,95.0,14.5,49.0,51.0,92.0,8.0,16.0,84.0,3.0,97.0,4.0,43.0,False,True,1,,,,,,,,,,,,
2026-03-17T15:33:56.723472-04:00,vsin_dk,draftkings,cbase,cbase_20260317_sam_houston_lamar,Mar 17,,Sam Houston,Lamar,154.0,16.0,84.0,11.0,89.0,13.0,62.0,38.0,98.0,2.0,34.0,66.0,92.0,8.0,5.0,36.0,False,True,1,,,,,,,,,,,,
2026-03-17T15:33:56.723472-04:00,vsin_dk,draftkings,cbase,cbase_20260317_duke_campbell,Mar 17,,Duke,Campbell,-200.0,93.0,7.0,79.0,21.0,13.5,28.0,72.0,62.0,38.0,82.0,18.0,60.0,40.0,14.0,34.0,False,True,1,,,,,,,,,,,,
2026-03-17T15:33:56.723472-04:00,vsin_dk,draftkings,cbase,cbase_20260317_north_carolina_state_uncw,Mar 17,,North Carolina State,UNCW,-166.0,87.0,13.0,94.0,6.0,12.0,53.0,47.0,77.0,23.0,66.0,34.0,85.0,15.0,7.0,24.0,False,True,1,,,,,,,,,,,,
2026-03-17T15:33:56.723472-04:00,vsin_dk,draftkings,cbase,cbase_20260317_clemson_college_of_charleston,Mar 17,,Clemson,College of Charleston,-445.0,99.0,1.0,99.0,1.0,12.0,62.0,38.0,96.0,4.0,86.0,14.0,98.0,2.0,0.0,34.0,False,True,1,,,,,,,,,,,,
2026-03-17T15:33:56.723472-04:00,vsin_dk,draftkings,cbase,cbase_20260317_fgcu_florida_atlantic,Mar 17,,FGCU,Florida Atlantic,114.0,30.0,70.0,24.0,76.0,13.5,65.0,35.0,100.0,,57.0,43.0,2.0,98.0,6.0,35.0,False,True,1,,,,,,,,,,,,
2026-03-17T15:33:56.723472-04:00,vsin_dk,draftkings,cbase,cbase_20260317_stetson_florida,Mar 17,,Stetson,Florida,450.0,,100.0,3.0,97.0,12.0,72.0,28.0,97.0,3.0,19.0,81.0,39.0,61.0,3.0,25.0,False,True,1,,,,,,,,,,,,
2026-03-17T15:33:56.723472-04:00,vsin_dk,draftkings,cbase,cbase_20260317_sfa_ut_arlington,Mar 17,,SFA,UT Arlington,160.0,9.0,91.0,69.0,31.0,12.5,40.0,60.0,16.0,84.0,23.0,77.0,65.0,35.0,60.0,24.0,True,True,1,,,,,,,,,,,,
2026-03-17T15:33:56.723472-04:00,vsin_dk,draftkings,cbase,cbase_20260317_missouri_kansas,Mar 17,,Missouri,Kansas,100.0,46.0,54.0,82.0,18.0,14.0,27.0,73.0,2.0,98.0,58.0,42.0,87.0,13.0,36.0,25.0,True,True,1,,,,,,,,,,,,
2026-03-17T15:33:56.723472-04:00,vsin_dk,draftkings,cbase,cbase_20260317_oklahoma_southeastern_louisiana,Mar 17,,Oklahoma,Southeastern Louisiana,-345.0,99.0,1.0,99.0,1.0,13.0,52.0,48.0,38.0,62.0,82.0,18.0,71.0,29.0,0.0,14.0,False,False,1,,,,,,,,,,,,
2026-03-17T15:33:56.723472-04:00,vsin_dk,draftkings,cbase,cbase_20260317_southern_mississippi_nicholls_state,Mar 17,,Southern Mississippi,Nicholls State,-660.0,99.0,1.0,94.0,6.0,11.5,63.0,37.0,7.0,93.0,87.0,13.0,54.0,46.0,5.0,56.0,False,True,1,,,,,,,,,,,,
2026-03-17T15:33:56.723472-04:00,vsin_dk,draftkings,cbase,cbase_20260317_nebraska_wichita_state,Mar 17,,Nebraska,Wichita State,-115.0,70.0,30.0,98.0,2.0,13.5,55.0,45.0,98.0,2.0,51.0,49.0,22.0,78.0,28.0,43.0,True,True,1,,,,,,,,,,,,
2026-03-17T15:33:56.723472-04:00,vsin_dk,draftkings,cbase,cbase_20260317_new_orleans_tulane,Mar 17,,New Orleans,Tulane,165.0,5.0,95.0,1.0,99.0,13.0,37.0,63.0,6.0,94.0,11.0,89.0,15.0,85.0,4.0,31.0,False,True,1,,,,,,,,,,,,
2026-03-17T15:33:56.723472-04:00,vsin_dk,draftkings,cbase,cbase_20260317_tarleton_state_texas,Mar 17,,Tarleton State,Texas,600.0,,100.0,1.0,99.0,13.0,65.0,35.0,98.0,2.0,10.0,90.0,42.0,58.0,1.0,33.0,False,True,1,,,,,,,,,,,,
2026-03-17T15:33:56.723472-04:00,vsin_dk,draftkings,cbase,cbase_20260317_kansas_state_baylor,Mar 17,,Kansas State,Baylor,-188.0,77.0,23.0,82.0,18.0,12.5,70.0,30.0,100.0,,71.0,29.0,71.0,29.0,5.0,30.0,False,True,1,,,,,,,,,,,,
2026-03-17T15:33:56.723472-04:00,vsin_dk,draftkings,cbase,cbase_20260317_texas_tech_dbu,Mar 17,,Texas Tech,DBU,120.0,45.0,55.0,34.0,66.0,16.5,5.0,95.0,2.0,98.0,71.0,29.0,81.0,19.0,11.0,3.0,False,False,1,,,,,,,,,,,,
2026-03-17T15:33:56.723472-04:00,vsin_dk,draftkings,cbase,cbase_20260317_new_mexico_arizona,Mar 17,,New Mexico,Arizona,165.0,5.0,95.0,28.0,72.0,13.5,32.0,68.0,53.0,47.0,10.0,90.0,24.0,76.0,23.0,21.0,True,True,1,,,,,,,,,,,,
2026-03-17T15:33:56.723472-04:00,vsin_dk,draftkings,cbase,cbase_20260317_uconn_california,Mar 17,,UConn,California,140.0,9.0,91.0,1.0,99.0,12.5,52.0,48.0,48.0,52.0,21.0,79.0,76.0,24.0,8.0,4.0,False,False,1,,,,,,,,,,,,
2026-03-17T15:33:56.723472-04:00,vsin_dk,draftkings,cbase,cbase_20260317_csun_fresno_state,Mar 17,,CSUN,Fresno State,130.0,35.0,65.0,91.0,9.0,14.0,27.0,73.0,1.0,99.0,29.0,71.0,47.0,53.0,56.0,26.0,True,True,1,,,,,,,,,,,,
2026-03-17T15:33:56.723472-04:00,vsin_dk,draftkings,cbase,cbase_20260317_cal_state_fullerton_unlv,Mar 17,,Cal State Fullerton,UNLV,-125.0,67.0,33.0,65.0,35.0,13.0,46.0,54.0,33.0,67.0,46.0,54.0,27.0,73.0,2.0,13.0,False,False,1,,,,,,,,,,,,
2026-03-17T15:33:56.723472-04:00,vsin_dk,draftkings,cbase,cbase_20260317_lmu_long_beach_state,Mar 17,,LMU,Long Beach State,160.0,6.0,94.0,27.0,73.0,12.5,50.0,50.0,51.0,49.0,5.0,95.0,5.0,95.0,21.0,1.0,True,False,1,,,,,,,,,,,,
2026-03-17T15:33:56.723472-04:00,vsin_dk,draftkings,cbase,cbase_20260317_san_diego_state_usc,Mar 17,,San Diego State,USC,470.0,1.0,99.0,12.0,88.0,11.5,57.0,43.0,9.0,91.0,45.0,55.0,91.0,9.0,11.0,48.0,False,True,1,,,,,,,,,,,,
2026-03-17T15:33:56.723472-04:00,vsin_dk,draftkings,cbase,cbase_20260317_grand_canyon_arizona_state,Mar 17,,Grand Canyon,Arizona State,575.0,1.0,99.0,15.0,85.0,13.5,57.0,43.0,100.0,,30.0,70.0,33.0,67.0,14.0,43.0,False,True,1,,,,,,,,,,,,
2026-03-17T15:33:56.723472-04:00,vsin_dk,draftkings,cbase,cbase_20260317_samford_jacksonville_state,Mar 17,,Samford,Jacksonville State,380.0,3.0,97.0,14.0,86.0,14.0,52.0,48.0,95.0,5.0,44.0,56.0,31.0,69.0,11.0,43.0,False,True,2,0.0,0.0,0.0,0.0,0.0,0.0,0.0,0.0,0.0,0.0,0.0,0.0
2026-03-17T15:33:56.723472-04:00,vsin_dk,draftkings,cbase,cbase_20260317_liberty_wake_forest,Mar 17,,Liberty,Wake Forest,175.0,6.0,94.0,4.0,96.0,12.5,36.0,64.0,53.0,47.0,17.0,83.0,7.0,93.0,2.0,17.0,False,True,2,0.0,0.0,0.0,0.0,0.0,0.0,0.0,0.0,0.0,0.0,0.0,0.0
2026-03-17T16:04:35.661918-04:00,vsin_dk,draftkings,cbase,cbase_20260317_cincinnati_utah_valley,Mar 17,,Cincinnati,Utah Valley,-315.0,96.0,4.0,97.0,3.0,14.5,61.0,39.0,59.0,41.0,71.0,29.0,36.0,64.0,1.0,2.0,False,False,1,,,,,,,,,,,,
2026-03-17T16:04:35.661918-04:00,vsin_dk,draftkings,cbase,cbase_20260317_maryland_richmond,Mar 17,,Maryland,Richmond,-215.0,90.0,10.0,91.0,9.0,15.0,52.0,48.0,91.0,9.0,74.0,26.0,93.0,7.0,1.0,39.0,False,True,1,,,,,,,,,,,,
2026-03-17T16:04:35.661918-04:00,vsin_dk,draftkings,cbase,cbase_20260317_indiana_vanderbilt,Mar 17,,Indiana,Vanderbilt,260.0,3.0,97.0,2.0,98.0,12.5,60.0,40.0,27.0,73.0,80.0,20.0,88.0,12.0,1.0,33.0,False,True,1,,,,,,,,,,,,
2026-03-17T16:04:35.661918-04:00,vsin_dk,draftkings,cbase,cbase_20260317_jacksonville_south_florida,Mar 17,,Jacksonville,South Florida,230.0,3.0,97.0,4.0,96.0,13.0,47.0,53.0,93.0,7.0,52.0,48.0,54.0,46.0,1.0,46.0,False,True,1,,,,,,,,,,,,
2026-03-17T16:04:35.661918-04:00,vsin_dk,draftkings,cbase,cbase_20260317_charlotte_south_carolina,Mar 17,,Charlotte,South Carolina,100.0,22.0,78.0,30.0,70.0,11.0,64.0,36.0,64.0,36.0,38.0,62.0,13.0,87.0,8.0,0.0,False,False,1,,,,,,,,,,,,
2026-03-17T16:04:35.661918-04:00,vsin_dk,draftkings,cbase,cbase_20260317_samford_jacksonville_state,Mar 17,,Samford,Jacksonville State,380.0,3.0,97.0,12.0,88.0,14.0,50.0,50.0,95.0,5.0,45.0,55.0,42.0,58.0,9.0,45.0,False,True,1,,,,,,,,,,,,
2026-03-17T16:04:35.661918-04:00,vsin_dk,draftkings,cbase,cbase_20260317_liberty_wake_forest,Mar 17,,Liberty,Wake Forest,175.0,6.0,94.0,4.0,96.0,12.5,34.0,66.0,68.0,32.0,16.0,84.0,41.0,59.0,2.0,34.0,False,True,1,,,,,,,,,,,,
2026-03-17T16:04:35.661918-04:00,vsin_dk,draftkings,cbase,cbase_20260317_georgia_tech_auburn,Mar 17,,Georgia Tech,Auburn,-145.0,58.0,42.0,64.0,36.0,14.0,39.0,61.0,60.0,40.0,52.0,48.0,87.0,13.0,6.0,21.0,False,True,1,,,,,,,,,,,,
2026-03-17T16:04:35.661918-04:00,vsin_dk,draftkings,cbase,cbase_20260317_elon_east_carolina,Mar 17,,Elon,East Carolina,300.0,2.0,98.0,12.0,88.0,13.0,33.0,67.0,6.0,94.0,25.0,75.0,38.0,62.0,10.0,27.0,False,True,1,,,,,,,,,,,,
2026-03-17T16:04:35.661918-04:00,vsin_dk,draftkings,cbase,cbase_20260317_austin_peay_ole_miss,Mar 17,,Austin Peay,Ole Miss,325.0,1.0,99.0,6.0,94.0,14.5,46.0,54.0,91.0,9.0,16.0,84.0,3.0,97.0,5.0,45.0,False,True,1,,,,,,,,,,,,
2026-03-17T16:04:35.661918-04:00,vsin_dk,draftkings,cbase,cbase_20260317_sam_houston_lamar,Mar 17,,Sam Houston,Lamar,154.0,17.0,83.0,11.0,89.0,13.0,58.0,42.0,98.0,2.0,33.0,67.0,92.0,8.0,6.0,40.0,False,True,1,,,,,,,,,,,,
2026-03-17T16:04:35.661918-04:00,vsin_dk,draftkings,cbase,cbase_20260317_duke_campbell,Mar 17,,Duke,Campbell,-200.0,93.0,7.0,79.0,21.0,13.5,29.0,71.0,62.0,38.0,84.0,16.0,60.0,40.0,14.0,33.0,False,True,1,,,,,,,,,,,,
2026-03-17T16:04:35.661918-04:00,vsin_dk,draftkings,cbase,cbase_20260317_north_carolina_state_uncw,Mar 17,,North Carolina State,UNCW,-166.0,87.0,13.0,94.0,6.0,12.0,51.0,49.0,74.0,26.0,68.0,32.0,86.0,14.0,7.0,23.0,False,True,1,,,,,,,,,,,,
2026-03-17T16:04:35.661918-04:00,vsin_dk,draftkings,cbase,cbase_20260317_clemson_college_of_charleston,Mar 17,,Clemson,College of Charleston,-445.0,99.0,1.0,98.0,2.0,12.0,58.0,42.0,95.0,5.0,87.0,13.0,98.0,2.0,1.0,37.0,False,True,1,,,,,,,,,,,,
2026-03-17T16:04:35.661918-04:00,vsin_dk,draftkings,cbase,cbase_20260317_fgcu_florida_atlantic,Mar 17,,FGCU,Florida Atlantic,114.0,27.0,73.0,24.0,76.0,13.5,63.0,37.0,100.0,,54.0,46.0,2.0,98.0,3.0,37.0,False,True,1,,,,,,,,,,,,
2026-03-17T16:04:35.661918-04:00,vsin_dk,draftkings,cbase,cbase_20260317_stetson_florida,Mar 17,,Stetson,Florida,450.0,,100.0,3.0,97.0,12.0,69.0,31.0,95.0,5.0,19.0,81.0,31.0,69.0,3.0,26.0,False,True,1,,,,,,,,,,,,
2026-03-17T16:04:35.661918-04:00,vsin_dk,draftkings,cbase,cbase_20260317_sfa_ut_arlington,Mar 17,,SFA,UT Arlington,160.0,9.0,91.0,69.0,31.0,12.5,38.0,62.0,15.0,85.0,22.0,78.0,65.0,35.0,60.0,23.0,True,True,1,,,,,,,,,,,,
2026-03-17T16:04:35.661918-04:00,vsin_dk,draftkings,cbase,cbase_20260317_missouri_kansas,Mar 17,,Missouri,Kansas,100.0,46.0,54.0,82.0,18.0,14.0,27.0,73.0,2.0,98.0,58.0,42.0,87.0,13.0,36.0,25.0,True,True,1,,,,,,,,,,,,
2026-03-17T16:04:35.661918-04:00,vsin_dk,draftkings,cbase,cbase_20260317_oklahoma_southeastern_louisiana,Mar 17,,Oklahoma,Southeastern Louisiana,-345.0,99.0,1.0,99.0,1.0,13.0,49.0,51.0,38.0,62.0,82.0,18.0,71.0,29.0,0.0,11.0,False,False,1,,,,,,,,,,,,
2026-03-17T16:04:35.661918-04:00,vsin_dk,draftkings,cbase,cbase_20260317_southern_mississippi_nicholls_state,Mar 17,,Southern Mississippi,Nicholls State,-660.0,99.0,1.0,93.0,7.0,11.5,63.0,37.0,7.0,93.0,86.0,14.0,55.0,45.0,6.0,56.0,False,True,1,,,,,,,,,,,,
2026-03-17T16:04:35.661918-04:00,vsin_dk,draftkings,cbase,cbase_20260317_nebraska_wichita_state,Mar 17,,Nebraska,Wichita State,-115.0,70.0,30.0,98.0,2.0,14.0,54.0,46.0,100.0,,52.0,48.0,22.0,78.0,28.0,46.0,True,True,1,,,,,,,,,,,,
2026-03-17T16:04:35.661918-04:00,vsin_dk,draftkings,cbase,cbase_20260317_new_orleans_tulane,Mar 17,,New Orleans,Tulane,165.0,5.0,95.0,1.0,99.0,14.0,40.0,60.0,89.0,11.0,10.0,90.0,15.0,85.0,4.0,49.0,False,True,1,,,,,,,,,,,,
2026-03-17T16:04:35.661918-04:00,vsin_dk,draftkings,cbase,cbase_20260317_tarleton_state_texas,Mar 17,,Tarleton State,Texas,600.0,,100.0,4.0,96.0,13.0,63.0,37.0,97.0,3.0,11.0,89.0,42.0,58.0,4.0,34.0,False,True,1,,,,,,,,,,,,
2026-03-17T16:04:35.661918-04:00,vsin_dk,draftkings,cbase,cbase_20260317_kansas_state_baylor,Mar 17,,Kansas State,Baylor,-188.0,77.0,23.0,78.0,22.0,12.5,67.0,33.0,100.0,,71.0,29.0,87.0,13.0,1.0,33.0,False,True,1,,,,,,,,,,,,
2026-03-17T16:04:35.661918-04:00,vsin_dk,draftkings,cbase,cbase_20260317_texas_tech_dbu,Mar 17,,Texas Tech,DBU,120.0,44.0,56.0,34.0,66.0,17.0,5.0,95.0,3.0,97.0,71.0,29.0,81.0,19.0,10.0,2.0,False,False,1,,,,,,,,,,,,
2026-03-17T16:04:35.661918-04:00,vsin_dk,draftkings,cbase,cbase_20260317_new_mexico_arizona,Mar 17,,New Mexico,Arizona,165.0,5.0,95.0,29.0,71.0,13.5,29.0,71.0,38.0,62.0,11.0,89.0,21.0,79.0,24.0,9.0,True,False,1,,,,,,,,,,,,
2026-03-17T16:04:35.661918-04:00,vsin_dk,draftkings,cbase,cbase_20260317_uconn_california,Mar 17,,UConn,California,140.0,10.0,90.0,1.0,99.0,12.5,46.0,54.0,33.0,67.0,20.0,80.0,76.0,24.0,9.0,13.0,False,False,1,,,,,,,,,,,,
2026-03-17T16:04:35.661918-04:00,vsin_dk,draftkings,cbase,cbase_20260317_csun_fresno_state,Mar 17,,CSUN,Fresno State,130.0,35.0,65.0,91.0,9.0,14.0,27.0,73.0,1.0,99.0,33.0,67.0,47.0,53.0,56.0,26.0,True,True,1,,,,,,,,,,,,
2026-03-17T16:04:35.661918-04:00,vsin_dk,draftkings,cbase,cbase_20260317_cal_state_fullerton_unlv,Mar 17,,Cal State Fullerton,UNLV,-125.0,68.0,32.0,66.0,34.0,13.0,44.0,56.0,33.0,67.0,44.0,56.0,27.0,73.0,2.0,11.0,False,False,1,,,,,,,,,,,,
2026-03-17T16:04:35.661918-04:00,vsin_dk,draftkings,cbase,cbase_20260317_lmu_long_beach_state,Mar 17,,LMU,Long Beach State,160.0,7.0,93.0,27.0,73.0,12.5,49.0,51.0,37.0,63.0,8.0,92.0,5.0,95.0,20.0,12.0,True,False,1,,,,,,,,,,,,
2026-03-17T16:04:35.661918-04:00,vsin_dk,draftkings,cbase,cbase_20260317_san_diego_state_usc,Mar 17,,San Diego State,USC,470.0,1.0,99.0,12.0,88.0,11.5,53.0,47.0,10.0,90.0,45.0,55.0,93.0,7.0,11.0,43.0,False,True,1,,,,,,,,,,,,
2026-03-17T16:04:35.661918-04:00,vsin_dk,draftkings,cbase,cbase_20260317_grand_canyon_arizona_state,Mar 17,,Grand Canyon,Arizona State,575.0,1.0,99.0,20.0,80.0,13.5,55.0,45.0,100.0,,31.0,69.0,29.0,71.0,19.0,45.0,True,True,1,,,,,,,,,,,,
2026-03-17T16:34:00.913730-04:00,vsin_dk,draftkings,cbase,cbase_20260317_cincinnati_utah_valley,Mar 17,,Cincinnati,Utah Valley,-315.0,96.0,4.0,97.0,3.0,14.5,61.0,39.0,59.0,41.0,71.0,29.0,36.0,64.0,1.0,2.0,False,False,1,,,,,,,,,,,,
2026-03-17T16:34:00.913730-04:00,vsin_dk,draftkings,cbase,cbase_20260317_maryland_richmond,Mar 17,,Maryland,Richmond,-215.0,90.0,10.0,91.0,9.0,15.0,52.0,48.0,91.0,9.0,74.0,26.0,93.0,7.0,1.0,39.0,False,True,1,,,,,,,,,,,,
2026-03-17T16:34:00.913730-04:00,vsin_dk,draftkings,cbase,cbase_20260317_indiana_vanderbilt,Mar 17,,Indiana,Vanderbilt,260.0,3.0,97.0,2.0,98.0,12.5,60.0,40.0,27.0,73.0,80.0,20.0,88.0,12.0,1.0,33.0,False,True,1,,,,,,,,,,,,
2026-03-17T16:34:00.913730-04:00,vsin_dk,draftkings,cbase,cbase_20260317_jacksonville_south_florida,Mar 17,,Jacksonville,South Florida,230.0,3.0,97.0,4.0,96.0,13.0,47.0,53.0,93.0,7.0,52.0,48.0,54.0,46.0,1.0,46.0,False,True,1,,,,,,,,,,,,
2026-03-17T16:34:00.913730-04:00,vsin_dk,draftkings,cbase,cbase_20260317_charlotte_south_carolina,Mar 17,,Charlotte,South Carolina,100.0,22.0,78.0,30.0,70.0,11.0,64.0,36.0,64.0,36.0,38.0,62.0,13.0,87.0,8.0,0.0,False,False,1,,,,,,,,,,,,
2026-03-17T16:34:00.913730-04:00,vsin_dk,draftkings,cbase,cbase_20260317_samford_jacksonville_state,Mar 17,,Samford,Jacksonville State,380.0,3.0,97.0,12.0,88.0,14.0,50.0,50.0,95.0,5.0,45.0,55.0,42.0,58.0,9.0,45.0,False,True,1,,,,,,,,,,,,
2026-03-17T16:34:00.913730-04:00,vsin_dk,draftkings,cbase,cbase_20260317_liberty_wake_forest,Mar 17,,Liberty,Wake Forest,175.0,6.0,94.0,4.0,96.0,12.5,34.0,66.0,68.0,32.0,16.0,84.0,41.0,59.0,2.0,34.0,False,True,1,,,,,,,,,,,,
2026-03-17T16:34:00.913730-04:00,vsin_dk,draftkings,cbase,cbase_20260317_georgia_tech_auburn,Mar 17,,Georgia Tech,Auburn,-145.0,58.0,42.0,62.0,38.0,14.5,38.0,62.0,60.0,40.0,51.0,49.0,87.0,13.0,4.0,22.0,False,True,1,,,,,,,,,,,,
2026-03-17T16:34:00.913730-04:00,vsin_dk,draftkings,cbase,cbase_20260317_elon_east_carolina,Mar 17,,Elon,East Carolina,300.0,2.0,98.0,12.0,88.0,13.0,30.0,70.0,6.0,94.0,27.0,73.0,36.0,64.0,10.0,24.0,False,True,1,,,,,,,,,,,,
2026-03-17T16:34:00.913730-04:00,vsin_dk,draftkings,cbase,cbase_20260317_austin_peay_ole_miss,Mar 17,,Austin Peay,Ole Miss,325.0,2.0,98.0,6.0,94.0,14.5,44.0,56.0,91.0,9.0,18.0,82.0,3.0,97.0,4.0,47.0,False,True,1,,,,,,,,,,,,
2026-03-17T16:34:00.913730-04:00,vsin_dk,draftkings,cbase,cbase_20260317_sam_houston_lamar,Mar 17,,Sam Houston,Lamar,154.0,17.0,83.0,11.0,89.0,13.0,53.0,47.0,98.0,2.0,38.0,63.0,85.0,15.0,6.0,45.0,False,True,1,,,,,,,,,,,,
2026-03-17T16:34:00.913730-04:00,vsin_dk,draftkings,cbase,cbase_20260317_duke_campbell,Mar 17,,Duke,Campbell,-200.0,93.0,7.0,79.0,21.0,13.5,30.0,70.0,61.0,39.0,82.0,18.0,61.0,39.0,14.0,31.0,False,True,1,,,,,,,,,,,,
2026-03-17T16:34:00.913730-04:00,vsin_dk,draftkings,cbase,cbase_20260317_north_carolina_state_uncw,Mar 17,,North Carolina State,UNCW,-166.0,87.0,13.0,93.0,7.0,12.0,50.0,50.0,82.0,18.0,71.0,29.0,91.0,9.0,6.0,32.0,False,True,1,,,,,,,,,,,,
2026-03-17T16:34:00.913730-04:00,vsin_dk,draftkings,cbase,cbase_20260317_clemson_college_of_charleston,Mar 17,,Clemson,College of Charleston,-445.0,99.0,1.0,98.0,2.0,12.0,55.0,45.0,94.0,6.0,86.0,14.0,98.0,2.0,1.0,39.0,False,True,1,,,,,,,,,,,,
2026-03-17T16:34:00.913730-04:00,vsin_dk,draftkings,cbase,cbase_20260317_fgcu_florida_atlantic,Mar 17,,FGCU,Florida Atlantic,114.0,27.0,73.0,26.0,74.0,13.5,58.0,42.0,100.0,,55.0,45.0,2.0,98.0,1.0,42.0,False,True,1,,,,,,,,,,,,
2026-03-17T16:34:00.913730-04:00,vsin_dk,draftkings,cbase,cbase_20260317_stetson_florida,Mar 17,,Stetson,Florida,450.0,,100.0,3.0,97.0,12.0,64.0,36.0,93.0,7.0,19.0,81.0,30.0,70.0,3.0,29.0,False,True,1,,,,,,,,,,,,
2026-03-17T16:34:00.913730-04:00,vsin_dk,draftkings,cbase,cbase_20260317_sfa_ut_arlington,Mar 17,,SFA,UT Arlington,160.0,9.0,91.0,69.0,31.0,12.5,34.0,66.0,15.0,85.0,27.0,73.0,69.0,31.0,60.0,19.0,True,True,1,,,,,,,,,,,,
2026-03-17T16:34:00.913730-04:00,vsin_dk,draftkings,cbase,cbase_20260317_missouri_kansas,Mar 17,,Missouri,Kansas,100.0,46.0,54.0,82.0,18.0,14.0,27.0,73.0,2.0,98.0,58.0,42.0,87.0,13.0,36.0,25.0,True,True,1,,,,,,,,,,,,
2026-03-17T16:34:00.913730-04:00,vsin_dk,draftkings,cbase,cbase_20260317_oklahoma_southeastern_louisiana,Mar 17,,Oklahoma,Southeastern Louisiana,-345.0,99.0,1.0,99.0,1.0,13.0,44.0,56.0,37.0,63.0,83.0,17.0,72.0,28.0,0.0,7.0,False,False,1,,,,,,,,,,,,
2026-03-17T16:34:00.913730-04:00,vsin_dk,draftkings,cbase,cbase_20260317_southern_mississippi_nicholls_state,Mar 17,,Southern Mississippi,Nicholls State,-660.0,99.0,1.0,93.0,7.0,11.5,59.0,41.0,7.0,93.0,86.0,14.0,55.0,45.0,6.0,52.0,False,True,1,,,,,,,,,,,,
2026-03-17T16:34:00.913730-04:00,vsin_dk,draftkings,cbase,cbase_20260317_nebraska_wichita_state,Mar 17,,Nebraska,Wichita State,-115.0,70.0,30.0,98.0,2.0,14.0,50.0,50.0,99.0,1.0,52.0,48.0,21.0,79.0,28.0,49.0,True,True,1,,,,,,,,,,,,
2026-03-17T16:34:00.913730-04:00,vsin_dk,draftkings,cbase,cbase_20260317_new_orleans_tulane,Mar 17,,New Orleans,Tulane,165.0,5.0,95.0,1.0,99.0,14.0,35.0,65.0,89.0,11.0,8.0,92.0,14.0,86.0,4.0,54.0,False,True,1,,,,,,,,,,,,
2026-03-17T16:34:00.913730-04:00,vsin_dk,draftkings,cbase,cbase_20260317_tarleton_state_texas,Mar 17,,Tarleton State,Texas,600.0,,100.0,4.0,96.0,13.0,58.0,42.0,96.0,4.0,10.0,90.0,40.0,60.0,4.0,38.0,False,True,1,,,,,,,,,,,,
2026-03-17T16:34:00.913730-04:00,vsin_dk,draftkings,cbase,cbase_20260317_kansas_state_baylor,Mar 17,,Kansas State,Baylor,-188.0,78.0,22.0,78.0,22.0,13.5,62.0,38.0,100.0,,71.0,29.0,88.0,12.0,0.0,38.0,False,True,1,,,,,,,,,,,,
2026-03-17T16:34:00.913730-04:00,vsin_dk,draftkings,cbase,cbase_20260317_texas_tech_dbu,Mar 17,,Texas Tech,DBU,120.0,44.0,56.0,34.0,66.0,17.0,6.0,94.0,9.0,91.0,69.0,31.0,78.0,22.0,10.0,3.0,False,False,1,,,,,,,,,,,,
2026-03-17T16:34:00.913730-04:00,vsin_dk,draftkings,cbase,cbase_20260317_new_mexico_arizona,Mar 17,,New Mexico,Arizona,165.0,5.0,95.0,27.0,73.0,13.5,29.0,71.0,33.0,67.0,12.0,88.0,20.0,80.0,22.0,4.0,True,False,1,,,,,,,,,,,,
2026-03-17T16:34:00.913730-04:00,vsin_dk,draftkings,cbase,cbase_20260317_uconn_california,Mar 17,,UConn,California,140.0,9.0,91.0,1.0,99.0,12.5,42.0,58.0,33.0,67.0,19.0,81.0,76.0,24.0,8.0,9.0,False,False,1,,,,,,,,,,,,
2026-03-17T16:34:00.913730-04:00,vsin_dk,draftkings,cbase,cbase_20260317_csun_fresno_state,Mar 17,,CSUN,Fresno State,130.0,34.0,66.0,90.0,10.0,14.0,26.0,74.0,1.0,99.0,39.0,61.0,75.0,25.0,56.0,25.0,True,True,1,,,,,,,,,,,,
2026-03-17T16:34:00.913730-04:00,vsin_dk,draftkings,cbase,cbase_20260317_cal_state_fullerton_unlv,Mar 17,,Cal State Fullerton,UNLV,-125.0,68.0,32.0,67.0,33.0,13.0,43.0,57.0,30.0,70.0,52.0,48.0,70.0,30.0,1.0,13.0,False,False,1,,,,,,,,,,,,
2026-03-17T16:34:00.913730-04:00,vsin_dk,draftkings,cbase,cbase_20260317_lmu_long_beach_state,Mar 17,,LMU,Long Beach State,160.0,7.0,93.0,27.0,73.0,12.5,47.0,53.0,33.0,67.0,11.0,89.0,2.0,98.0,20.0,14.0,True,False,1,,,,,,,,,,,,
2026-03-17T16:34:00.913730-04:00,vsin_dk,draftkings,cbase,cbase_20260317_san_diego_state_usc,Mar 17,,San Diego State,USC,470.0,1.0,99.0,12.0,88.0,11.5,49.0,51.0,10.0,90.0,44.0,56.0,93.0,7.0,11.0,39.0,False,True,1,,,,,,,,,,,,
2026-03-17T16:34:00.913730-04:00,vsin_dk,draftkings,cbase,cbase_20260317_grand_canyon_arizona_state,Mar 17,,Grand Canyon,Arizona State,575.0,1.0,99.0,19.0,81.0,13.5,55.0,45.0,100.0,,31.0,69.0,29.0,71.0,18.0,45.0,True,True,1,,,,,,,,,,,,
2026-03-17T16:34:00.913730-04:00,vsin_dk,draftkings,cbase,cbase_20260317_sam_houston_lamar,Mar 17,,Sam Houston,Lamar,154.0,17.0,83.0,11.0,89.0,13.0,53.0,47.0,98.0,2.0,38.0,63.0,85.0,15.0,6.0,45.0,False,True,2,0.0,0.0,0.0,0.0,0.0,0.0,0.0,0.0,0.0,0.0,0.0,0.0
2026-03-17T17:04:22.818552-04:00,vsin_dk,draftkings,cbase,cbase_20260317_cincinnati_utah_valley,Mar 17,,Cincinnati,Utah Valley,-315.0,96.0,4.0,97.0,3.0,14.5,61.0,39.0,59.0,41.0,71.0,29.0,36.0,64.0,1.0,2.0,False,False,1,,,,,,,,,,,,
2026-03-17T17:04:22.818552-04:00,vsin_dk,draftkings,cbase,cbase_20260317_maryland_richmond,Mar 17,,Maryland,Richmond,-215.0,90.0,10.0,91.0,9.0,15.0,52.0,48.0,91.0,9.0,74.0,26.0,93.0,7.0,1.0,39.0,False,True,1,,,,,,,,,,,,
2026-03-17T17:04:22.818552-04:00,vsin_dk,draftkings,cbase,cbase_20260317_indiana_vanderbilt,Mar 17,,Indiana,Vanderbilt,260.0,3.0,97.0,2.0,98.0,12.5,60.0,40.0,27.0,73.0,80.0,20.0,88.0,12.0,1.0,33.0,False,True,1,,,,,,,,,,,,
2026-03-17T17:04:22.818552-04:00,vsin_dk,draftkings,cbase,cbase_20260317_jacksonville_south_florida,Mar 17,,Jacksonville,South Florida,230.0,3.0,97.0,4.0,96.0,13.0,47.0,53.0,93.0,7.0,52.0,48.0,54.0,46.0,1.0,46.0,False,True,1,,,,,,,,,,,,
2026-03-17T17:04:22.818552-04:00,vsin_dk,draftkings,cbase,cbase_20260317_charlotte_south_carolina,Mar 17,,Charlotte,South Carolina,100.0,22.0,78.0,30.0,70.0,11.0,64.0,36.0,64.0,36.0,38.0,62.0,13.0,87.0,8.0,0.0,False,False,1,,,,,,,,,,,,
2026-03-17T17:04:22.818552-04:00,vsin_dk,draftkings,cbase,cbase_20260317_samford_jacksonville_state,Mar 17,,Samford,Jacksonville State,380.0,3.0,97.0,12.0,88.0,14.0,50.0,50.0,95.0,5.0,45.0,55.0,42.0,58.0,9.0,45.0,False,True,1,,,,,,,,,,,,
2026-03-17T17:04:22.818552-04:00,vsin_dk,draftkings,cbase,cbase_20260317_liberty_wake_forest,Mar 17,,Liberty,Wake Forest,175.0,6.0,94.0,4.0,96.0,12.5,34.0,66.0,68.0,32.0,16.0,84.0,41.0,59.0,2.0,34.0,False,True,1,,,,,,,,,,,,
2026-03-17T17:04:22.818552-04:00,vsin_dk,draftkings,cbase,cbase_20260317_georgia_tech_auburn,Mar 17,,Georgia Tech,Auburn,-145.0,59.0,41.0,61.0,39.0,14.5,37.0,63.0,70.0,30.0,48.0,52.0,87.0,13.0,2.0,33.0,False,True,1,,,,,,,,,,,,
2026-03-17T17:04:22.818552-04:00,vsin_dk,draftkings,cbase,cbase_20260317_elon_east_carolina,Mar 17,,Elon,East Carolina,300.0,2.0,98.0,12.0,88.0,13.0,29.0,71.0,4.0,96.0,27.0,73.0,35.0,65.0,10.0,25.0,False,True,1,,,,,,,,,,,,
2026-03-17T17:04:22.818552-04:00,vsin_dk,draftkings,cbase,cbase_20260317_austin_peay_ole_miss,Mar 17,,Austin Peay,Ole Miss,325.0,2.0,98.0,6.0,94.0,14.5,44.0,56.0,91.0,9.0,21.0,79.0,3.0,97.0,4.0,47.0,False,True,1,,,,,,,,,,,,
2026-03-17T17:04:22.818552-04:00,vsin_dk,draftkings,cbase,cbase_20260317_sam_houston_lamar,Mar 17,,Sam Houston,Lamar,154.0,17.0,83.0,12.0,88.0,13.0,51.0,49.0,98.0,2.0,40.0,60.0,88.0,12.0,5.0,47.0,False,True,1,,,,,,,,,,,,
2026-03-17T17:04:22.818552-04:00,vsin_dk,draftkings,cbase,cbase_20260317_duke_campbell,Mar 17,,Duke,Campbell,-200.0,93.0,7.0,81.0,19.0,13.5,30.0,70.0,62.0,38.0,81.0,19.0,64.0,36.0,12.0,32.0,False,True,1,,,,,,,,,,,,
2026-03-17T17:04:22.818552-04:00,vsin_dk,draftkings,cbase,cbase_20260317_north_carolina_state_uncw,Mar 17,,North Carolina State,UNCW,-175.0,87.0,13.0,93.0,7.0,12.0,50.0,50.0,98.0,2.0,72.0,28.0,91.0,9.0,6.0,48.0,False,True,1,,,,,,,,,,,,
2026-03-17T17:04:22.818552-04:00,vsin_dk,draftkings,cbase,cbase_20260317_clemson_college_of_charleston,Mar 17,,Clemson,College of Charleston,-445.0,99.0,1.0,98.0,2.0,12.0,53.0,47.0,96.0,4.0,86.0,14.0,98.0,2.0,1.0,43.0,False,True,1,,,,,,,,,,,,
2026-03-17T17:04:22.818552-04:00,vsin_dk,draftkings,cbase,cbase_20260317_fgcu_florida_atlantic,Mar 17,,FGCU,Florida Atlantic,114.0,27.0,73.0,28.0,72.0,13.5,55.0,45.0,99.0,1.0,54.0,46.0,2.0,98.0,1.0,44.0,False,True,1,,,,,,,,,,,,
2026-03-17T17:04:22.818552-04:00,vsin_dk,draftkings,cbase,cbase_20260317_stetson_florida,Mar 17,,Stetson,Florida,450.0,,100.0,3.0,97.0,12.0,63.0,37.0,96.0,4.0,18.0,82.0,27.0,73.0,3.0,33.0,False,True,1,,,,,,,,,,,,
2026-03-17T17:04:22.818552-04:00,vsin_dk,draftkings,cbase,cbase_20260317_sfa_ut_arlington,Mar 17,,SFA,UT Arlington,160.0,9.0,91.0,67.0,33.0,12.5,33.0,67.0,14.0,86.0,26.0,74.0,66.0,34.0,58.0,19.0,True,True,1,,,,,,,,,,,,
2026-03-17T17:04:22.818552-04:00,vsin_dk,draftkings,cbase,cbase_20260317_missouri_kansas,Mar 17,,Missouri,Kansas,100.0,46.0,54.0,82.0,18.0,14.0,27.0,73.0,2.0,98.0,58.0,42.0,87.0,13.0,36.0,25.0,True,True,1,,,,,,,,,,,,
2026-03-17T17:04:22.818552-04:00,vsin_dk,draftkings,cbase,cbase_20260317_oklahoma_southeastern_louisiana,Mar 17,,Oklahoma,Southeastern Louisiana,-345.0,99.0,1.0,99.0,1.0,13.0,42.0,58.0,38.0,62.0,82.0,18.0,74.0,26.0,0.0,4.0,False,False,1,,,,,,,,,,,,
2026-03-17T17:04:22.818552-04:00,vsin_dk,draftkings,cbase,cbase_20260317_southern_mississippi_nicholls_state,Mar 17,,Southern Mississippi,Nicholls State,-660.0,99.0,1.0,93.0,7.0,11.5,58.0,42.0,8.0,92.0,84.0,16.0,57.0,43.0,6.0,50.0,False,True,1,,,,,,,,,,,,
2026-03-17T17:04:22.818552-04:00,vsin_dk,draftkings,cbase,cbase_20260317_nebraska_wichita_state,Mar 17,,Nebraska,Wichita State,-115.0,70.0,30.0,98.0,2.0,14.0,47.0,53.0,99.0,1.0,51.0,49.0,22.0,78.0,28.0,52.0,True,True,1,,,,,,,,,,,,
2026-03-17T17:04:22.818552-04:00,vsin_dk,draftkings,cbase,cbase_20260317_new_orleans_tulane,Mar 17,,New Orleans,Tulane,165.0,5.0,95.0,1.0,99.0,14.0,34.0,66.0,89.0,11.0,8.0,92.0,13.0,87.0,4.0,55.0,False,True,1,,,,,,,,,,,,
2026-03-17T17:04:22.818552-04:00,vsin_dk,draftkings,cbase,cbase_20260317_tarleton_state_texas,Mar 17,,Tarleton State,Texas,600.0,,100.0,4.0,96.0,13.0,57.0,43.0,95.0,5.0,11.0,89.0,39.0,61.0,4.0,38.0,False,True,1,,,,,,,,,,,,
2026-03-17T17:04:22.818552-04:00,vsin_dk,draftkings,cbase,cbase_20260317_kansas_state_baylor,Mar 17,,Kansas State,Baylor,-188.0,78.0,22.0,78.0,22.0,13.5,60.0,40.0,100.0,,71.0,29.0,88.0,12.0,0.0,40.0,False,True,1,,,,,,,,,,,,
2026-03-17T17:04:22.818552-04:00,vsin_dk,draftkings,cbase,cbase_20260317_texas_tech_dbu,Mar 17,,Texas Tech,DBU,120.0,44.0,56.0,34.0,66.0,17.0,6.0,94.0,9.0,91.0,70.0,30.0,81.0,19.0,10.0,3.0,False,False,1,,,,,,,,,,,,
2026-03-17T17:04:22.818552-04:00,vsin_dk,draftkings,cbase,cbase_20260317_new_mexico_arizona,Mar 17,,New Mexico,Arizona,165.0,5.0,95.0,27.0,73.0,13.5,29.0,71.0,33.0,67.0,12.0,88.0,15.0,85.0,22.0,4.0,True,False,1,,,,,,,,,,,,
2026-03-17T17:04:22.818552-04:00,vsin_dk,draftkings,cbase,cbase_20260317_uconn_california,Mar 17,,UConn,California,140.0,9.0,91.0,1.0,99.0,12.5,42.0,58.0,32.0,68.0,19.0,81.0,63.0,37.0,8.0,10.0,False,False,1,,,,,,,,,,,,
2026-03-17T17:04:22.818552-04:00,vsin_dk,draftkings,cbase,cbase_20260317_csun_fresno_state,Mar 17,,CSUN,Fresno State,130.0,33.0,67.0,90.0,10.0,14.0,25.0,75.0,1.0,99.0,42.0,58.0,75.0,25.0,57.0,24.0,True,True,1,,,,,,,,,,,,
2026-03-17T17:04:22.818552-04:00,vsin_dk,draftkings,cbase,cbase_20260317_cal_state_fullerton_unlv,Mar 17,,Cal State Fullerton,UNLV,-125.0,69.0,31.0,76.0,24.0,13.0,40.0,60.0,29.0,71.0,50.0,50.0,69.0,31.0,7.0,11.0,False,False,1,,,,,,,,,,,,
2026-03-17T17:04:22.818552-04:00,vsin_dk,draftkings,cbase,cbase_20260317_lmu_long_beach_state,Mar 17,,LMU,Long Beach State,160.0,7.0,93.0,26.0,74.0,12.5,45.0,55.0,33.0,67.0,10.0,90.0,2.0,98.0,19.0,12.0,True,False,1,,,,,,,,,,,,
2026-03-17T17:04:22.818552-04:00,vsin_dk,draftkings,cbase,cbase_20260317_san_diego_state_usc,Mar 17,,San Diego State,USC,470.0,1.0,99.0,11.0,89.0,11.5,49.0,51.0,9.0,91.0,44.0,56.0,93.0,7.0,10.0,40.0,False,True,1,,,,,,,,,,,,
2026-03-17T17:04:22.818552-04:00,vsin_dk,draftkings,cbase,cbase_20260317_grand_canyon_arizona_state,Mar 17,,Grand Canyon,Arizona State,575.0,1.0,99.0,18.0,82.0,13.5,54.0,46.0,100.0,,30.0,70.0,29.0,71.0,17.0,46.0,True,True,1,,,,,,,,,,,,
2026-03-17T17:33:38.568292-04:00,vsin_dk,draftkings,cbase,cbase_20260317_cincinnati_utah_valley,Mar 17,,Cincinnati,Utah Valley,-315.0,96.0,4.0,97.0,3.0,14.5,61.0,39.0,59.0,41.0,71.0,29.0,36.0,64.0,1.0,2.0,False,False,1,,,,,,,,,,,,
2026-03-17T17:33:38.568292-04:00,vsin_dk,draftkings,cbase,cbase_20260317_maryland_richmond,Mar 17,,Maryland,Richmond,-215.0,90.0,10.0,91.0,9.0,15.0,52.0,48.0,91.0,9.0,74.0,26.0,93.0,7.0,1.0,39.0,False,True,1,,,,,,,,,,,,
2026-03-17T17:33:38.568292-04:00,vsin_dk,draftkings,cbase,cbase_20260317_indiana_vanderbilt,Mar 17,,Indiana,Vanderbilt,260.0,3.0,97.0,2.0,98.0,12.5,60.0,40.0,27.0,73.0,80.0,20.0,88.0,12.0,1.0,33.0,False,True,1,,,,,,,,,,,,
2026-03-17T17:33:38.568292-04:00,vsin_dk,draftkings,cbase,cbase_20260317_jacksonville_south_florida,Mar 17,,Jacksonville,South Florida,230.0,3.0,97.0,4.0,96.0,13.0,47.0,53.0,93.0,7.0,52.0,48.0,54.0,46.0,1.0,46.0,False,True,1,,,,,,,,,,,,
2026-03-17T17:33:38.568292-04:00,vsin_dk,draftkings,cbase,cbase_20260317_charlotte_south_carolina,Mar 17,,Charlotte,South Carolina,100.0,22.0,78.0,30.0,70.0,11.0,64.0,36.0,64.0,36.0,38.0,62.0,13.0,87.0,8.0,0.0,False,False,1,,,,,,,,,,,,
2026-03-17T17:33:38.568292-04:00,vsin_dk,draftkings,cbase,cbase_20260317_samford_jacksonville_state,Mar 17,,Samford,Jacksonville State,380.0,3.0,97.0,12.0,88.0,14.0,50.0,50.0,95.0,5.0,45.0,55.0,42.0,58.0,9.0,45.0,False,True,1,,,,,,,,,,,,
2026-03-17T17:33:38.568292-04:00,vsin_dk,draftkings,cbase,cbase_20260317_liberty_wake_forest,Mar 17,,Liberty,Wake Forest,175.0,6.0,94.0,4.0,96.0,12.5,34.0,66.0,68.0,32.0,16.0,84.0,41.0,59.0,2.0,34.0,False,True,1,,,,,,,,,,,,
2026-03-17T17:33:38.568292-04:00,vsin_dk,draftkings,cbase,cbase_20260317_georgia_tech_auburn,Mar 17,,Georgia Tech,Auburn,-145.0,59.0,41.0,61.0,39.0,14.5,37.0,63.0,70.0,30.0,48.0,52.0,87.0,13.0,2.0,33.0,False,True,1,,,,,,,,,,,,
2026-03-17T17:33:38.568292-04:00,vsin_dk,draftkings,cbase,cbase_20260317_elon_east_carolina,Mar 17,,Elon,East Carolina,300.0,2.0,98.0,12.0,88.0,13.0,29.0,71.0,4.0,96.0,27.0,73.0,35.0,65.0,10.0,25.0,False,True,1,,,,,,,,,,,,
2026-03-17T17:33:38.568292-04:00,vsin_dk,draftkings,cbase,cbase_20260317_austin_peay_ole_miss,Mar 17,,Austin Peay,Ole Miss,325.0,2.0,98.0,6.0,94.0,14.5,44.0,56.0,91.0,9.0,21.0,79.0,3.0,97.0,4.0,47.0,False,True,1,,,,,,,,,,,,
2026-03-17T17:33:38.568292-04:00,vsin_dk,draftkings,cbase,cbase_20260317_sam_houston_lamar,Mar 17,,Sam Houston,Lamar,154.0,17.0,83.0,12.0,88.0,13.0,51.0,49.0,98.0,2.0,40.0,60.0,88.0,12.0,5.0,47.0,False,True,1,,,,,,,,,,,,
2026-03-17T17:33:38.568292-04:00,vsin_dk,draftkings,cbase,cbase_20260317_duke_campbell,Mar 17,,Duke,Campbell,-200.0,93.0,7.0,86.0,14.0,13.5,31.0,69.0,64.0,36.0,81.0,19.0,66.0,34.0,7.0,33.0,False,True,1,,,,,,,,,,,,
2026-03-17T17:33:38.568292-04:00,vsin_dk,draftkings,cbase,cbase_20260317_north_carolina_state_uncw,Mar 17,,North Carolina State,UNCW,-175.0,87.0,13.0,92.0,8.0,12.0,51.0,49.0,98.0,2.0,74.0,26.0,39.0,61.0,5.0,47.0,False,True,1,,,,,,,,,,,,
2026-03-17T17:33:38.568292-04:00,vsin_dk,draftkings,cbase,cbase_20260317_clemson_college_of_charleston,Mar 17,,Clemson,College of Charleston,-445.0,99.0,1.0,98.0,2.0,12.0,55.0,45.0,96.0,4.0,88.0,12.0,98.0,2.0,1.0,41.0,False,True,1,,,,,,,,,,,,
2026-03-17T17:33:38.568292-04:00,vsin_dk,draftkings,cbase,cbase_20260317_fgcu_florida_atlantic,Mar 17,,FGCU,Florida Atlantic,114.0,26.0,74.0,34.0,66.0,13.5,54.0,46.0,99.0,1.0,54.0,46.0,2.0,98.0,8.0,45.0,False,True,1,,,,,,,,,,,,
2026-03-17T17:33:38.568292-04:00,vsin_dk,draftkings,cbase,cbase_20260317_stetson_florida,Mar 17,,Stetson,Florida,450.0,1.0,99.0,3.0,97.0,12.0,64.0,36.0,95.0,5.0,17.0,83.0,25.0,75.0,2.0,31.0,False,True,1,,,,,,,,,,,,
2026-03-17T17:33:38.568292-04:00,vsin_dk,draftkings,cbase,cbase_20260317_sfa_ut_arlington,Mar 17,,SFA,UT Arlington,160.0,10.0,90.0,66.0,34.0,12.5,33.0,67.0,14.0,86.0,24.0,76.0,66.0,34.0,56.0,19.0,True,True,1,,,,,,,,,,,,
2026-03-17T17:33:38.568292-04:00,vsin_dk,draftkings,cbase,cbase_20260317_missouri_kansas,Mar 17,,Missouri,Kansas,100.0,46.0,54.0,82.0,18.0,14.0,27.0,73.0,2.0,98.0,58.0,42.0,87.0,13.0,36.0,25.0,True,True,1,,,,,,,,,,,,
2026-03-17T17:33:38.568292-04:00,vsin_dk,draftkings,cbase,cbase_20260317_oklahoma_southeastern_louisiana,Mar 17,,Oklahoma,Southeastern Louisiana,-375.0,99.0,1.0,99.0,1.0,13.0,43.0,57.0,38.0,62.0,82.0,18.0,75.0,25.0,0.0,5.0,False,False,1,,,,,,,,,,,,
2026-03-17T17:33:38.568292-04:00,vsin_dk,draftkings,cbase,cbase_20260317_southern_mississippi_nicholls_state,Mar 17,,Southern Mississippi,Nicholls State,-660.0,99.0,1.0,93.0,7.0,11.5,58.0,42.0,8.0,92.0,81.0,19.0,64.0,36.0,6.0,50.0,False,True,1,,,,,,,,,,,,
2026-03-17T17:33:38.568292-04:00,vsin_dk,draftkings,cbase,cbase_20260317_nebraska_wichita_state,Mar 17,,Nebraska,Wichita State,-115.0,70.0,30.0,98.0,2.0,14.0,47.0,53.0,97.0,3.0,51.0,49.0,25.0,75.0,28.0,50.0,True,True,1,,,,,,,,,,,,
2026-03-17T17:33:38.568292-04:00,vsin_dk,draftkings,cbase,cbase_20260317_new_orleans_tulane,Mar 17,,New Orleans,Tulane,165.0,5.0,95.0,3.0,97.0,14.0,34.0,66.0,88.0,12.0,8.0,92.0,13.0,87.0,2.0,54.0,False,True,1,,,,,,,,,,,,
2026-03-17T17:33:38.568292-04:00,vsin_dk,draftkings,cbase,cbase_20260317_tarleton_state_texas,Mar 17,,Tarleton State,Texas,600.0,1.0,99.0,3.0,97.0,13.0,58.0,42.0,95.0,5.0,11.0,89.0,38.0,62.0,2.0,37.0,False,True,1,,,,,,,,,,,,
2026-03-17T17:33:38.568292-04:00,vsin_dk,draftkings,cbase,cbase_20260317_kansas_state_baylor,Mar 17,,Kansas State,Baylor,-188.0,78.0,22.0,79.0,21.0,13.5,57.0,43.0,100.0,,69.0,31.0,85.0,15.0,1.0,43.0,False,True,1,,,,,,,,,,,,
2026-03-17T17:33:38.568292-04:00,vsin_dk,draftkings,cbase,cbase_20260317_texas_tech_dbu,Mar 17,,Texas Tech,DBU,120.0,44.0,56.0,35.0,65.0,17.0,7.0,93.0,9.0,91.0,70.0,30.0,84.0,16.0,9.0,2.0,False,False,1,,,,,,,,,,,,
2026-03-17T17:33:38.568292-04:00,vsin_dk,draftkings,cbase,cbase_20260317_new_mexico_arizona,Mar 17,,New Mexico,Arizona,165.0,5.0,95.0,26.0,74.0,13.5,28.0,72.0,28.0,72.0,11.0,89.0,15.0,85.0,21.0,0.0,True,False,1,,,,,,,,,,,,
2026-03-17T17:33:38.568292-04:00,vsin_dk,draftkings,cbase,cbase_20260317_uconn_california,Mar 17,,UConn,California,140.0,10.0,90.0,1.0,99.0,12.5,42.0,58.0,37.0,63.0,21.0,79.0,63.0,37.0,9.0,5.0,False,False,1,,,,,,,,,,,,
2026-03-17T17:33:38.568292-04:00,vsin_dk,draftkings,cbase,cbase_20260317_csun_fresno_state,Mar 17,,CSUN,Fresno State,130.0,33.0,67.0,90.0,10.0,14.0,23.0,77.0,1.0,99.0,46.0,54.0,94.0,6.0,57.0,22.0,True,True,1,,,,,,,,,,,,
2026-03-17T17:33:38.568292-04:00,vsin_dk,draftkings,cbase,cbase_20260317_cal_state_fullerton_unlv,Mar 17,,Cal State Fullerton,UNLV,-125.0,66.0,34.0,75.0,25.0,13.0,39.0,61.0,26.0,74.0,47.0,53.0,63.0,37.0,9.0,13.0,False,False,1,,,,,,,,,,,,
2026-03-17T17:33:38.568292-04:00,vsin_dk,draftkings,cbase,cbase_20260317_lmu_long_beach_state,Mar 17,,LMU,Long Beach State,160.0,8.0,92.0,26.0,74.0,12.5,44.0,56.0,29.0,71.0,10.0,90.0,2.0,98.0,18.0,15.0,True,True,1,,,,,,,,,,,,
2026-03-17T17:33:38.568292-04:00,vsin_dk,draftkings,cbase,cbase_20260317_san_diego_state_usc,Mar 17,,San Diego State,USC,470.0,1.0,99.0,9.0,91.0,11.5,51.0,49.0,12.0,88.0,39.0,61.0,93.0,7.0,8.0,39.0,False,True,1,,,,,,,,,,,,
2026-03-17T17:33:38.568292-04:00,vsin_dk,draftkings,cbase,cbase_20260317_grand_canyon_arizona_state,Mar 17,,Grand Canyon,Arizona State,575.0,1.0,99.0,18.0,82.0,13.5,54.0,46.0,100.0,,29.0,71.0,30.0,70.0,17.0,46.0,True,True,1,,,,,,,,,,,,
2026-03-17T18:03:47.162239-04:00,vsin_dk,draftkings,cbase,cbase_20260317_cincinnati_utah_valley,Mar 17,,Cincinnati,Utah Valley,-315.0,96.0,4.0,97.0,3.0,14.5,61.0,39.0,59.0,41.0,71.0,29.0,36.0,64.0,1.0,2.0,False,False,1,,,,,,,,,,,,
2026-03-17T18:03:47.162239-04:00,vsin_dk,draftkings,cbase,cbase_20260317_maryland_richmond,Mar 17,,Maryland,Richmond,-215.0,90.0,10.0,91.0,9.0,15.0,52.0,48.0,91.0,9.0,74.0,26.0,93.0,7.0,1.0,39.0,False,True,1,,,,,,,,,,,,
2026-03-17T18:03:47.162239-04:00,vsin_dk,draftkings,cbase,cbase_20260317_indiana_vanderbilt,Mar 17,,Indiana,Vanderbilt,260.0,3.0,97.0,2.0,98.0,12.5,60.0,40.0,27.0,73.0,80.0,20.0,88.0,12.0,1.0,33.0,False,True,1,,,,,,,,,,,,
2026-03-17T18:03:47.162239-04:00,vsin_dk,draftkings,cbase,cbase_20260317_jacksonville_south_florida,Mar 17,,Jacksonville,South Florida,230.0,3.0,97.0,4.0,96.0,13.0,47.0,53.0,93.0,7.0,52.0,48.0,54.0,46.0,1.0,46.0,False,True,1,,,,,,,,,,,,
2026-03-17T18:03:47.162239-04:00,vsin_dk,draftkings,cbase,cbase_20260317_charlotte_south_carolina,Mar 17,,Charlotte,South Carolina,100.0,22.0,78.0,30.0,70.0,11.0,64.0,36.0,64.0,36.0,38.0,62.0,13.0,87.0,8.0,0.0,False,False,1,,,,,,,,,,,,
2026-03-17T18:03:47.162239-04:00,vsin_dk,draftkings,cbase,cbase_20260317_samford_jacksonville_state,Mar 17,,Samford,Jacksonville State,380.0,3.0,97.0,12.0,88.0,14.0,50.0,50.0,95.0,5.0,45.0,55.0,42.0,58.0,9.0,45.0,False,True,1,,,,,,,,,,,,
2026-03-17T18:03:47.162239-04:00,vsin_dk,draftkings,cbase,cbase_20260317_liberty_wake_forest,Mar 17,,Liberty,Wake Forest,175.0,6.0,94.0,4.0,96.0,12.5,34.0,66.0,68.0,32.0,16.0,84.0,41.0,59.0,2.0,34.0,False,True,1,,,,,,,,,,,,
2026-03-17T18:03:47.162239-04:00,vsin_dk,draftkings,cbase,cbase_20260317_georgia_tech_auburn,Mar 17,,Georgia Tech,Auburn,-145.0,59.0,41.0,61.0,39.0,14.5,37.0,63.0,70.0,30.0,48.0,52.0,87.0,13.0,2.0,33.0,False,True,1,,,,,,,,,,,,
2026-03-17T18:03:47.162239-04:00,vsin_dk,draftkings,cbase,cbase_20260317_elon_east_carolina,Mar 17,,Elon,East Carolina,300.0,2.0,98.0,12.0,88.0,13.0,29.0,71.0,4.0,96.0,27.0,73.0,35.0,65.0,10.0,25.0,False,True,1,,,,,,,,,,,,
2026-03-17T18:03:47.162239-04:00,vsin_dk,draftkings,cbase,cbase_20260317_austin_peay_ole_miss,Mar 17,,Austin Peay,Ole Miss,325.0,2.0,98.0,6.0,94.0,14.5,44.0,56.0,91.0,9.0,21.0,79.0,3.0,97.0,4.0,47.0,False,True,1,,,,,,,,,,,,
2026-03-17T18:03:47.162239-04:00,vsin_dk,draftkings,cbase,cbase_20260317_sam_houston_lamar,Mar 17,,Sam Houston,Lamar,154.0,17.0,83.0,12.0,88.0,13.0,51.0,49.0,98.0,2.0,40.0,60.0,88.0,12.0,5.0,47.0,False,True,1,,,,,,,,,,,,
2026-03-17T18:03:47.162239-04:00,vsin_dk,draftkings,cbase,cbase_20260317_duke_campbell,Mar 17,,Duke,Campbell,-200.0,93.0,7.0,86.0,14.0,13.5,33.0,67.0,65.0,35.0,81.0,19.0,70.0,30.0,7.0,32.0,False,True,1,,,,,,,,,,,,
2026-03-17T18:03:47.162239-04:00,vsin_dk,draftkings,cbase,cbase_20260317_north_carolina_state_uncw,Mar 17,,North Carolina State,UNCW,-175.0,87.0,13.0,93.0,7.0,12.0,50.0,50.0,97.0,3.0,75.0,25.0,45.0,55.0,6.0,47.0,False,True,1,,,,,,,,,,,,
2026-03-17T18:03:47.162239-04:00,vsin_dk,draftkings,cbase,cbase_20260317_clemson_college_of_charleston,Mar 17,,Clemson,College of Charleston,-445.0,98.0,2.0,98.0,2.0,12.0,54.0,46.0,96.0,4.0,86.0,14.0,99.0,1.0,0.0,42.0,False,True,1,,,,,,,,,,,,
2026-03-17T18:03:47.162239-04:00,vsin_dk,draftkings,cbase,cbase_20260317_fgcu_florida_atlantic,Mar 17,,FGCU,Florida Atlantic,114.0,25.0,75.0,36.0,64.0,13.5,53.0,47.0,99.0,1.0,53.0,47.0,2.0,98.0,11.0,46.0,False,True,1,,,,,,,,,,,,
2026-03-17T18:03:47.162239-04:00,vsin_dk,draftkings,cbase,cbase_20260317_stetson_florida,Mar 17,,Stetson,Florida,450.0,1.0,99.0,4.0,96.0,12.5,60.0,40.0,95.0,5.0,18.0,82.0,23.0,77.0,3.0,35.0,False,True,1,,,,,,,,,,,,
2026-03-17T18:03:47.162239-04:00,vsin_dk,draftkings,cbase,cbase_20260317_sfa_ut_arlington,Mar 17,,SFA,UT Arlington,160.0,10.0,90.0,67.0,33.0,12.5,30.0,70.0,14.0,86.0,25.0,75.0,71.0,29.0,57.0,16.0,True,True,1,,,,,,,,,,,,
2026-03-17T18:03:47.162239-04:00,vsin_dk,draftkings,cbase,cbase_20260317_missouri_kansas,Mar 17,,Missouri,Kansas,100.0,46.0,54.0,82.0,18.0,14.0,27.0,73.0,2.0,98.0,58.0,42.0,87.0,13.0,36.0,25.0,True,True,1,,,,,,,,,,,,
2026-03-17T18:03:47.162239-04:00,vsin_dk,draftkings,cbase,cbase_20260317_oklahoma_southeastern_louisiana,Mar 17,,Oklahoma,Southeastern Louisiana,-375.0,99.0,1.0,99.0,1.0,13.0,41.0,59.0,37.0,63.0,82.0,18.0,79.0,21.0,0.0,4.0,False,False,1,,,,,,,,,,,,
2026-03-17T18:03:47.162239-04:00,vsin_dk,draftkings,cbase,cbase_20260317_southern_mississippi_nicholls_state,Mar 17,,Southern Mississippi,Nicholls State,-660.0,99.0,1.0,83.0,17.0,11.5,56.0,44.0,20.0,80.0,82.0,18.0,67.0,33.0,16.0,36.0,True,True,1,,,,,,,,,,,,
2026-03-17T18:03:47.162239-04:00,vsin_dk,draftkings,cbase,cbase_20260317_nebraska_wichita_state,Mar 17,,Nebraska,Wichita State,-115.0,70.0,30.0,98.0,2.0,14.0,45.0,55.0,96.0,4.0,53.0,47.0,26.0,74.0,28.0,51.0,True,True,1,,,,,,,,,,,,
2026-03-17T18:03:47.162239-04:00,vsin_dk,draftkings,cbase,cbase_20260317_new_orleans_tulane,Mar 17,,New Orleans,Tulane,165.0,5.0,95.0,2.0,98.0,14.0,32.0,68.0,88.0,12.0,8.0,92.0,11.0,89.0,3.0,56.0,False,True,1,,,,,,,,,,,,
2026-03-17T18:03:47.162239-04:00,vsin_dk,draftkings,cbase,cbase_20260317_tarleton_state_texas,Mar 17,,Tarleton State,Texas,600.0,1.0,99.0,5.0,95.0,13.0,58.0,42.0,96.0,4.0,14.0,86.0,32.0,68.0,4.0,38.0,False,True,1,,,,,,,,,,,,
2026-03-17T18:03:47.162239-04:00,vsin_dk,draftkings,cbase,cbase_20260317_kansas_state_baylor,Mar 17,,Kansas State,Baylor,-188.0,79.0,21.0,79.0,21.0,13.5,53.0,47.0,100.0,,70.0,30.0,85.0,15.0,0.0,47.0,False,True,1,,,,,,,,,,,,
2026-03-17T18:03:47.162239-04:00,vsin_dk,draftkings,cbase,cbase_20260317_texas_tech_dbu,Mar 17,,Texas Tech,DBU,120.0,44.0,56.0,40.0,60.0,17.0,8.0,92.0,10.0,90.0,69.0,31.0,85.0,15.0,4.0,2.0,False,False,1,,,,,,,,,,,,
2026-03-17T18:03:47.162239-04:00,vsin_dk,draftkings,cbase,cbase_20260317_new_mexico_arizona,Mar 17,,New Mexico,Arizona,165.0,6.0,94.0,28.0,72.0,13.5,25.0,75.0,25.0,75.0,12.0,88.0,20.0,80.0,22.0,0.0,True,False,1,,,,,,,,,,,,
2026-03-17T18:03:47.162239-04:00,vsin_dk,draftkings,cbase,cbase_20260317_uconn_california,Mar 17,,UConn,California,140.0,10.0,90.0,1.0,99.0,12.5,41.0,59.0,35.0,65.0,20.0,80.0,61.0,39.0,9.0,6.0,False,False,1,,,,,,,,,,,,
2026-03-17T18:03:47.162239-04:00,vsin_dk,draftkings,cbase,cbase_20260317_csun_fresno_state,Mar 17,,CSUN,Fresno State,130.0,32.0,68.0,90.0,10.0,14.0,21.0,79.0,1.0,99.0,45.0,55.0,94.0,6.0,58.0,20.0,True,True,1,,,,,,,,,,,,
2026-03-17T18:03:47.162239-04:00,vsin_dk,draftkings,cbase,cbase_20260317_cal_state_fullerton_unlv,Mar 17,,Cal State Fullerton,UNLV,-125.0,67.0,33.0,75.0,25.0,13.5,38.0,62.0,98.0,2.0,46.0,54.0,17.0,83.0,8.0,60.0,False,True,1,,,,,,,,,,,,
2026-03-17T18:03:47.162239-04:00,vsin_dk,draftkings,cbase,cbase_20260317_lmu_long_beach_state,Mar 17,,LMU,Long Beach State,160.0,8.0,92.0,28.0,72.0,12.5,40.0,60.0,26.0,74.0,9.0,91.0,2.0,98.0,20.0,14.0,True,False,1,,,,,,,,,,,,
2026-03-17T18:03:47.162239-04:00,vsin_dk,draftkings,cbase,cbase_20260317_san_diego_state_usc,Mar 17,,San Diego State,USC,470.0,1.0,99.0,9.0,91.0,11.5,48.0,52.0,13.0,87.0,39.0,61.0,93.0,7.0,8.0,35.0,False,True,1,,,,,,,,,,,,
2026-03-17T18:03:47.162239-04:00,vsin_dk,draftkings,cbase,cbase_20260317_grand_canyon_arizona_state,Mar 17,,Grand Canyon,Arizona State,575.0,1.0,99.0,17.0,83.0,13.5,50.0,50.0,99.0,1.0,32.0,68.0,30.0,70.0,16.0,49.0,True,True,1,,,,,,,,,,,,
