timestamp,source,book,sport,game_id,game_date,game_time,away_team,home_team,spread_line,spread_away_bets_pct,spread_home_bets_pct,spread_away_handle_pct,spread_home_handle_pct,total_line,total_over_bets_pct,total_under_bets_pct,total_over_handle_pct,total_under_handle_pct,ml_away_bets_pct,ml_home_bets_pct,ml_away_handle_pct,ml_home_handle_pct,spread_bets_handle_divergence,total_bets_handle_divergence,sharp_signal_spread,sharp_signal_total,scrape_num,d_spread_line,d_spread_away_bets_pct,d_spread_home_bets_pct,d_spread_away_handle_pct,d_spread_home_handle_pct,d_total_line,d_total_over_bets_pct,d_total_under_bets_pct,d_total_over_handle_pct,d_total_under_handle_pct,d_ml_away_bets_pct,d_ml_home_bets_pct
2026-03-19T00:06:40.666092-04:00,vsin_dk,draftkings,epl,epl_20260319_man_utd_bournemouth,,,Man Utd,Bournemouth,115.0,94.0,6.0,93.0,7.0,,,,,,,,,,1.0,,False,,1,,,,,,,,,,,,
2026-03-19T00:06:40.666092-04:00,vsin_dk,draftkings,epl,epl_20260319_liverpool_brighton,,,Liverpool,Brighton,120.0,90.0,10.0,87.0,13.0,,,,,,,,,,3.0,,False,,1,,,,,,,,,,,,
2026-03-19T00:06:40.666092-04:00,vsin_dk,draftkings,epl,epl_20260319_burnley_fulham,,,Burnley,Fulham,500.0,5.0,95.0,22.0,78.0,,,,,,,,,,17.0,,True,,1,,,,,,,,,,,,
2026-03-19T00:06:40.666092-04:00,vsin_dk,draftkings,epl,epl_20260319_chelsea_everton,,,Chelsea,Everton,110.0,89.0,11.0,73.0,27.0,,,,,,,,,,16.0,,True,,1,,,,,,,,,,,,
2026-03-19T00:06:40.666092-04:00,vsin_dk,draftkings,epl,epl_20260319_brentford_leeds,,,Brentford,Leeds,180.0,39.0,61.0,55.0,45.0,,,,,,,,,,16.0,,True,,1,,,,,,,,,,,,
2026-03-19T00:06:40.666092-04:00,vsin_dk,draftkings,epl,epl_20260319_sunderland_newcastle,,,Sunderland,Newcastle,425.0,5.0,95.0,36.0,64.0,,,,,,,,,,31.0,,True,,1,,,,,,,,,,,,
2026-03-19T00:06:40.666092-04:00,vsin_dk,draftkings,epl,epl_20260319_nottingham_forest_tottenham,,,Nottingham Forest,Tottenham,200.0,21.0,79.0,18.0,82.0,,,,,,,,,,3.0,,False,,1,,,,,,,,,,,,
2026-03-19T00:06:40.666092-04:00,vsin_dk,draftkings,epl,epl_20260319_west_ham_aston_villa,,,West Ham,Aston Villa,285.0,8.0,92.0,18.0,82.0,,,,,,,,,,10.0,,False,,1,,,,,,,,,,,,
2026-03-19T00:06:40.666092-04:00,vsin_dk,draftkings,epl,epl_20260319_wolves_west_ham,,,Wolves,West Ham,320.0,20.0,80.0,82.0,18.0,,,,,,,,,,62.0,,True,,1,,,,,,,,,,,,
2026-03-19T00:06:40.666092-04:00,vsin_dk,draftkings,epl,epl_20260319_bournemouth_arsenal,,,Bournemouth,Arsenal,750.0,6.0,94.0,32.0,68.0,,,,,,,,,,26.0,,True,,1,,,,,,,,,,,,
2026-03-19T00:06:40.666092-04:00,vsin_dk,draftkings,epl,epl_20260319_newcastle_crystal_palace,,,Newcastle,Crystal Palace,145.0,70.0,30.0,83.0,17.0,,,,,,,,,,13.0,,False,,1,,,,,,,,,,,,
2026-03-19T00:06:40.666092-04:00,vsin_dk,draftkings,epl,epl_20260319_everton_brentford,,,Everton,Brentford,245.0,14.0,86.0,11.0,89.0,,,,,,,,,,3.0,,False,,1,,,,,,,,,,,,
2026-03-19T00:06:40.666092-04:00,vsin_dk,draftkings,epl,epl_20260319_aston_villa_nottingham_forest,,,Aston Villa,Nottingham Forest,175.0,52.0,48.0,64.0,36.0,,,,,,,,,,12.0,,False,,1,,,,,,,,,,,,
2026-03-19T00:06:40.666092-04:00,vsin_dk,draftkings,epl,epl_20260319_brighton_burnley,,,Brighton,Burnley,-125.0,92.0,8.0,81.0,19.0,,,,,,,,,,11.0,,False,,1,,,,,,,,,,,,
2026-03-19T00:06:40.666092-04:00,vsin_dk,draftkings,epl,epl_20260319_fulham_liverpool,,,Fulham,Liverpool,450.0,5.0,95.0,41.0,59.0,,,,,,,,,,36.0,,True,,1,,,,,,,,,,,,
2026-03-19T00:06:40.666092-04:00,vsin_dk,draftkings,epl,epl_20260319_tottenham_sunderland,,,Tottenham,Sunderland,155.0,46.0,54.0,40.0,60.0,,,,,,,,,,6.0,,False,,1,,,,,,,,,,,,
2026-03-19T00:06:40.666092-04:00,vsin_dk,draftkings,epl,epl_20260319_man_city_chelsea,,,Man City,Chelsea,135.0,88.0,12.0,97.0,3.0,,,,,,,,,,9.0,,False,,1,,,,,,,,,,,,
2026-03-19T00:06:40.666092-04:00,vsin_dk,draftkings,epl,epl_20260319_leeds_man_utd,,,Leeds,Man Utd,400.0,4.0,96.0,5.0,95.0,,,,,,,,,,1.0,,False,,1,,,,,,,,,,,,
2026-03-19T00:36:09.436496-04:00,vsin_dk,draftkings,epl,epl_20260319_man_utd_bournemouth,,,Man Utd,Bournemouth,115.0,94.0,6.0,93.0,7.0,,,,,,,,,,1.0,,False,,1,,,,,,,,,,,,
2026-03-19T00:36:09.436496-04:00,vsin_dk,draftkings,epl,epl_20260319_liverpool_brighton,,,Liverpool,Brighton,120.0,91.0,9.0,88.0,12.0,,,,,,,,,,3.0,,False,,1,,,,,,,,,,,,
2026-03-19T00:36:09.436496-04:00,vsin_dk,draftkings,epl,epl_20260319_burnley_fulham,,,Burnley,Fulham,500.0,5.0,95.0,21.0,79.0,,,,,,,,,,16.0,,True,,1,,,,,,,,,,,,
2026-03-19T00:36:09.436496-04:00,vsin_dk,draftkings,epl,epl_20260319_chelsea_everton,,,Chelsea,Everton,110.0,90.0,10.0,73.0,27.0,,,,,,,,,,17.0,,True,,1,,,,,,,,,,,,
2026-03-19T00:36:09.436496-04:00,vsin_dk,draftkings,epl,epl_20260319_brentford_leeds,,,Brentford,Leeds,180.0,39.0,61.0,55.0,45.0,,,,,,,,,,16.0,,True,,1,,,,,,,,,,,,
2026-03-19T00:36:09.436496-04:00,vsin_dk,draftkings,epl,epl_20260319_sunderland_newcastle,,,Sunderland,Newcastle,425.0,5.0,95.0,35.0,65.0,,,,,,,,,,30.0,,True,,1,,,,,,,,,,,,
2026-03-19T00:36:09.436496-04:00,vsin_dk,draftkings,epl,epl_20260319_nottingham_forest_tottenham,,,Nottingham Forest,Tottenham,200.0,21.0,79.0,18.0,82.0,,,,,,,,,,3.0,,False,,1,,,,,,,,,,,,
2026-03-19T00:36:09.436496-04:00,vsin_dk,draftkings,epl,epl_20260319_west_ham_aston_villa,,,West Ham,Aston Villa,285.0,8.0,92.0,18.0,82.0,,,,,,,,,,10.0,,False,,1,,,,,,,,,,,,
2026-03-19T00:36:09.436496-04:00,vsin_dk,draftkings,epl,epl_20260319_wolves_west_ham,,,Wolves,West Ham,320.0,20.0,80.0,82.0,18.0,,,,,,,,,,62.0,,True,,1,,,,,,,,,,,,
2026-03-19T00:36:09.436496-04:00,vsin_dk,draftkings,epl,epl_20260319_bournemouth_arsenal,,,Bournemouth,Arsenal,750.0,6.0,94.0,32.0,68.0,,,,,,,,,,26.0,,True,,1,,,,,,,,,,,,
2026-03-19T00:36:09.436496-04:00,vsin_dk,draftkings,epl,epl_20260319_newcastle_crystal_palace,,,Newcastle,Crystal Palace,145.0,70.0,30.0,83.0,17.0,,,,,,,,,,13.0,,False,,1,,,,,,,,,,,,
2026-03-19T00:36:09.436496-04:00,vsin_dk,draftkings,epl,epl_20260319_everton_brentford,,,Everton,Brentford,245.0,14.0,86.0,11.0,89.0,,,,,,,,,,3.0,,False,,1,,,,,,,,,,,,
2026-03-19T00:36:09.436496-04:00,vsin_dk,draftkings,epl,epl_20260319_aston_villa_nottingham_forest,,,Aston Villa,Nottingham Forest,175.0,52.0,48.0,64.0,36.0,,,,,,,,,,12.0,,False,,1,,,,,,,,,,,,
2026-03-19T00:36:09.436496-04:00,vsin_dk,draftkings,epl,epl_20260319_brighton_burnley,,,Brighton,Burnley,-125.0,92.0,8.0,81.0,19.0,,,,,,,,,,11.0,,False,,1,,,,,,,,,,,,
2026-03-19T00:36:09.436496-04:00,vsin_dk,draftkings,epl,epl_20260319_fulham_liverpool,,,Fulham,Liverpool,450.0,5.0,95.0,40.0,60.0,,,,,,,,,,35.0,,True,,1,,,,,,,,,,,,
2026-03-19T00:36:09.436496-04:00,vsin_dk,draftkings,epl,epl_20260319_tottenham_sunderland,,,Tottenham,Sunderland,155.0,46.0,54.0,40.0,60.0,,,,,,,,,,6.0,,False,,1,,,,,,,,,,,,
2026-03-19T00:36:09.436496-04:00,vsin_dk,draftkings,epl,epl_20260319_man_city_chelsea,,,Man City,Chelsea,135.0,88.0,12.0,97.0,3.0,,,,,,,,,,9.0,,False,,1,,,,,,,,,,,,
2026-03-19T00:36:09.436496-04:00,vsin_dk,draftkings,epl,epl_20260319_leeds_man_utd,,,Leeds,Man Utd,400.0,4.0,96.0,5.0,95.0,,,,,,,,,,1.0,,False,,1,,,,,,,,,,,,
2026-03-19T01:06:40.710142-04:00,vsin_dk,draftkings,epl,epl_20260319_man_utd_bournemouth,,,Man Utd,Bournemouth,115.0,94.0,6.0,93.0,7.0,,,,,,,,,,1.0,,False,,1,,,,,,,,,,,,
2026-03-19T01:06:40.710142-04:00,vsin_dk,draftkings,epl,epl_20260319_liverpool_brighton,,,Liverpool,Brighton,120.0,91.0,9.0,88.0,12.0,,,,,,,,,,3.0,,False,,1,,,,,,,,,,,,
2026-03-19T01:06:40.710142-04:00,vsin_dk,draftkings,epl,epl_20260319_burnley_fulham,,,Burnley,Fulham,500.0,5.0,95.0,21.0,79.0,,,,,,,,,,16.0,,True,,1,,,,,,,,,,,,
2026-03-19T01:06:40.710142-04:00,vsin_dk,draftkings,epl,epl_20260319_chelsea_everton,,,Chelsea,Everton,110.0,90.0,10.0,73.0,27.0,,,,,,,,,,17.0,,True,,1,,,,,,,,,,,,
2026-03-19T01:06:40.710142-04:00,vsin_dk,draftkings,epl,epl_20260319_brentford_leeds,,,Brentford,Leeds,180.0,39.0,61.0,54.0,46.0,,,,,,,,,,15.0,,True,,1,,,,,,,,,,,,
2026-03-19T01:06:40.710142-04:00,vsin_dk,draftkings,epl,epl_20260319_sunderland_newcastle,,,Sunderland,Newcastle,425.0,5.0,95.0,35.0,65.0,,,,,,,,,,30.0,,True,,1,,,,,,,,,,,,
2026-03-19T01:06:40.710142-04:00,vsin_dk,draftkings,epl,epl_20260319_nottingham_forest_tottenham,,,Nottingham Forest,Tottenham,200.0,21.0,79.0,18.0,82.0,,,,,,,,,,3.0,,False,,1,,,,,,,,,,,,
2026-03-19T01:06:40.710142-04:00,vsin_dk,draftkings,epl,epl_20260319_west_ham_aston_villa,,,West Ham,Aston Villa,285.0,8.0,92.0,18.0,82.0,,,,,,,,,,10.0,,False,,1,,,,,,,,,,,,
2026-03-19T01:06:40.710142-04:00,vsin_dk,draftkings,epl,epl_20260319_wolves_west_ham,,,Wolves,West Ham,320.0,20.0,80.0,82.0,18.0,,,,,,,,,,62.0,,True,,1,,,,,,,,,,,,
2026-03-19T01:06:40.710142-04:00,vsin_dk,draftkings,epl,epl_20260319_bournemouth_arsenal,,,Bournemouth,Arsenal,750.0,6.0,94.0,32.0,68.0,,,,,,,,,,26.0,,True,,1,,,,,,,,,,,,
2026-03-19T01:06:40.710142-04:00,vsin_dk,draftkings,epl,epl_20260319_newcastle_crystal_palace,,,Newcastle,Crystal Palace,145.0,70.0,30.0,83.0,17.0,,,,,,,,,,13.0,,False,,1,,,,,,,,,,,,
2026-03-19T01:06:40.710142-04:00,vsin_dk,draftkings,epl,epl_20260319_everton_brentford,,,Everton,Brentford,245.0,14.0,86.0,11.0,89.0,,,,,,,,,,3.0,,False,,1,,,,,,,,,,,,
2026-03-19T01:06:40.710142-04:00,vsin_dk,draftkings,epl,epl_20260319_aston_villa_nottingham_forest,,,Aston Villa,Nottingham Forest,175.0,52.0,48.0,64.0,36.0,,,,,,,,,,12.0,,False,,1,,,,,,,,,,,,
2026-03-19T01:06:40.710142-04:00,vsin_dk,draftkings,epl,epl_20260319_brighton_burnley,,,Brighton,Burnley,-125.0,92.0,8.0,81.0,19.0,,,,,,,,,,11.0,,False,,1,,,,,,,,,,,,
2026-03-19T01:06:40.710142-04:00,vsin_dk,draftkings,epl,epl_20260319_fulham_liverpool,,,Fulham,Liverpool,450.0,5.0,95.0,40.0,60.0,,,,,,,,,,35.0,,True,,1,,,,,,,,,,,,
2026-03-19T01:06:40.710142-04:00,vsin_dk,draftkings,epl,epl_20260319_tottenham_sunderland,,,Tottenham,Sunderland,155.0,46.0,54.0,40.0,60.0,,,,,,,,,,6.0,,False,,1,,,,,,,,,,,,
2026-03-19T01:06:40.710142-04:00,vsin_dk,draftkings,epl,epl_20260319_man_city_chelsea,,,Man City,Chelsea,135.0,88.0,12.0,97.0,3.0,,,,,,,,,,9.0,,False,,1,,,,,,,,,,,,
2026-03-19T01:06:40.710142-04:00,vsin_dk,draftkings,epl,epl_20260319_leeds_man_utd,,,Leeds,Man Utd,400.0,4.0,96.0,5.0,95.0,,,,,,,,,,1.0,,False,,1,,,,,,,,,,,,
2026-03-19T01:20:55.842917-04:00,vsin_dk,draftkings,epl,epl_20260319_man_utd_bournemouth,,,Man Utd,Bournemouth,115.0,94.0,6.0,93.0,7.0,,,,,,,,,,1.0,,False,,1,,,,,,,,,,,,
2026-03-19T01:20:55.842917-04:00,vsin_dk,draftkings,epl,epl_20260319_liverpool_brighton,,,Liverpool,Brighton,120.0,91.0,9.0,88.0,12.0,,,,,,,,,,3.0,,False,,1,,,,,,,,,,,,
2026-03-19T01:20:55.842917-04:00,vsin_dk,draftkings,epl,epl_20260319_burnley_fulham,,,Burnley,Fulham,500.0,5.0,95.0,21.0,79.0,,,,,,,,,,16.0,,True,,1,,,,,,,,,,,,
2026-03-19T01:20:55.842917-04:00,vsin_dk,draftkings,epl,epl_20260319_chelsea_everton,,,Chelsea,Everton,110.0,90.0,10.0,73.0,27.0,,,,,,,,,,17.0,,True,,1,,,,,,,,,,,,
2026-03-19T01:20:55.842917-04:00,vsin_dk,draftkings,epl,epl_20260319_brentford_leeds,,,Brentford,Leeds,180.0,39.0,61.0,54.0,46.0,,,,,,,,,,15.0,,True,,1,,,,,,,,,,,,
2026-03-19T01:20:55.842917-04:00,vsin_dk,draftkings,epl,epl_20260319_sunderland_newcastle,,,Sunderland,Newcastle,425.0,6.0,94.0,35.0,65.0,,,,,,,,,,29.0,,True,,1,,,,,,,,,,,,
2026-03-19T01:20:55.842917-04:00,vsin_dk,draftkings,epl,epl_20260319_nottingham_forest_tottenham,,,Nottingham Forest,Tottenham,200.0,21.0,79.0,18.0,82.0,,,,,,,,,,3.0,,False,,1,,,,,,,,,,,,
2026-03-19T01:20:55.842917-04:00,vsin_dk,draftkings,epl,epl_20260319_west_ham_aston_villa,,,West Ham,Aston Villa,285.0,8.0,92.0,18.0,82.0,,,,,,,,,,10.0,,False,,1,,,,,,,,,,,,
2026-03-19T01:20:55.842917-04:00,vsin_dk,draftkings,epl,epl_20260319_wolves_west_ham,,,Wolves,West Ham,320.0,20.0,80.0,82.0,18.0,,,,,,,,,,62.0,,True,,1,,,,,,,,,,,,
2026-03-19T01:20:55.842917-04:00,vsin_dk,draftkings,epl,epl_20260319_bournemouth_arsenal,,,Bournemouth,Arsenal,750.0,6.0,94.0,32.0,68.0,,,,,,,,,,26.0,,True,,1,,,,,,,,,,,,
2026-03-19T01:20:55.842917-04:00,vsin_dk,draftkings,epl,epl_20260319_newcastle_crystal_palace,,,Newcastle,Crystal Palace,145.0,70.0,30.0,83.0,17.0,,,,,,,,,,13.0,,False,,1,,,,,,,,,,,,
2026-03-19T01:20:55.842917-04:00,vsin_dk,draftkings,epl,epl_20260319_everton_brentford,,,Everton,Brentford,245.0,14.0,86.0,11.0,89.0,,,,,,,,,,3.0,,False,,1,,,,,,,,,,,,
2026-03-19T01:20:55.842917-04:00,vsin_dk,draftkings,epl,epl_20260319_aston_villa_nottingham_forest,,,Aston Villa,Nottingham Forest,175.0,52.0,48.0,64.0,36.0,,,,,,,,,,12.0,,False,,1,,,,,,,,,,,,
2026-03-19T01:20:55.842917-04:00,vsin_dk,draftkings,epl,epl_20260319_brighton_burnley,,,Brighton,Burnley,-125.0,92.0,8.0,81.0,19.0,,,,,,,,,,11.0,,False,,1,,,,,,,,,,,,
2026-03-19T01:20:55.842917-04:00,vsin_dk,draftkings,epl,epl_20260319_fulham_liverpool,,,Fulham,Liverpool,450.0,5.0,95.0,40.0,60.0,,,,,,,,,,35.0,,True,,1,,,,,,,,,,,,
2026-03-19T01:20:55.842917-04:00,vsin_dk,draftkings,epl,epl_20260319_tottenham_sunderland,,,Tottenham,Sunderland,155.0,46.0,54.0,40.0,60.0,,,,,,,,,,6.0,,False,,1,,,,,,,,,,,,
2026-03-19T01:20:55.842917-04:00,vsin_dk,draftkings,epl,epl_20260319_man_city_chelsea,,,Man City,Chelsea,135.0,88.0,12.0,97.0,3.0,,,,,,,,,,9.0,,False,,1,,,,,,,,,,,,
2026-03-19T01:20:55.842917-04:00,vsin_dk,draftkings,epl,epl_20260319_leeds_man_utd,,,Leeds,Man Utd,400.0,4.0,96.0,5.0,95.0,,,,,,,,,,1.0,,False,,1,,,,,,,,,,,,
2026-03-19T01:36:29.074542-04:00,vsin_dk,draftkings,epl,epl_20260319_man_utd_bournemouth,,,Man Utd,Bournemouth,115.0,94.0,6.0,93.0,7.0,,,,,,,,,,1.0,,False,,1,,,,,,,,,,,,
2026-03-19T01:36:29.074542-04:00,vsin_dk,draftkings,epl,epl_20260319_liverpool_brighton,,,Liverpool,Brighton,120.0,91.0,9.0,88.0,12.0,,,,,,,,,,3.0,,False,,1,,,,,,,,,,,,
2026-03-19T01:36:29.074542-04:00,vsin_dk,draftkings,epl,epl_20260319_burnley_fulham,,,Burnley,Fulham,500.0,5.0,95.0,21.0,79.0,,,,,,,,,,16.0,,True,,1,,,,,,,,,,,,
2026-03-19T01:36:29.074542-04:00,vsin_dk,draftkings,epl,epl_20260319_chelsea_everton,,,Chelsea,Everton,110.0,89.0,11.0,73.0,27.0,,,,,,,,,,16.0,,True,,1,,,,,,,,,,,,
2026-03-19T01:36:29.074542-04:00,vsin_dk,draftkings,epl,epl_20260319_brentford_leeds,,,Brentford,Leeds,180.0,39.0,61.0,54.0,46.0,,,,,,,,,,15.0,,True,,1,,,,,,,,,,,,
2026-03-19T01:36:29.074542-04:00,vsin_dk,draftkings,epl,epl_20260319_sunderland_newcastle,,,Sunderland,Newcastle,425.0,6.0,94.0,36.0,64.0,,,,,,,,,,30.0,,True,,1,,,,,,,,,,,,
2026-03-19T01:36:29.074542-04:00,vsin_dk,draftkings,epl,epl_20260319_nottingham_forest_tottenham,,,Nottingham Forest,Tottenham,200.0,21.0,79.0,18.0,82.0,,,,,,,,,,3.0,,False,,1,,,,,,,,,,,,
2026-03-19T01:36:29.074542-04:00,vsin_dk,draftkings,epl,epl_20260319_west_ham_aston_villa,,,West Ham,Aston Villa,285.0,8.0,92.0,18.0,82.0,,,,,,,,,,10.0,,False,,1,,,,,,,,,,,,
2026-03-19T01:36:29.074542-04:00,vsin_dk,draftkings,epl,epl_20260319_wolves_west_ham,,,Wolves,West Ham,320.0,20.0,80.0,82.0,18.0,,,,,,,,,,62.0,,True,,1,,,,,,,,,,,,
2026-03-19T01:36:29.074542-04:00,vsin_dk,draftkings,epl,epl_20260319_bournemouth_arsenal,,,Bournemouth,Arsenal,750.0,6.0,94.0,32.0,68.0,,,,,,,,,,26.0,,True,,1,,,,,,,,,,,,
2026-03-19T01:36:29.074542-04:00,vsin_dk,draftkings,epl,epl_20260319_newcastle_crystal_palace,,,Newcastle,Crystal Palace,145.0,70.0,30.0,83.0,17.0,,,,,,,,,,13.0,,False,,1,,,,,,,,,,,,
2026-03-19T01:36:29.074542-04:00,vsin_dk,draftkings,epl,epl_20260319_everton_brentford,,,Everton,Brentford,245.0,14.0,86.0,11.0,89.0,,,,,,,,,,3.0,,False,,1,,,,,,,,,,,,
2026-03-19T01:36:29.074542-04:00,vsin_dk,draftkings,epl,epl_20260319_aston_villa_nottingham_forest,,,Aston Villa,Nottingham Forest,175.0,52.0,48.0,64.0,36.0,,,,,,,,,,12.0,,False,,1,,,,,,,,,,,,
2026-03-19T01:36:29.074542-04:00,vsin_dk,draftkings,epl,epl_20260319_brighton_burnley,,,Brighton,Burnley,-125.0,92.0,8.0,81.0,19.0,,,,,,,,,,11.0,,False,,1,,,,,,,,,,,,
2026-03-19T01:36:29.074542-04:00,vsin_dk,draftkings,epl,epl_20260319_fulham_liverpool,,,Fulham,Liverpool,450.0,5.0,95.0,40.0,60.0,,,,,,,,,,35.0,,True,,1,,,,,,,,,,,,
2026-03-19T01:36:29.074542-04:00,vsin_dk,draftkings,epl,epl_20260319_tottenham_sunderland,,,Tottenham,Sunderland,155.0,46.0,54.0,40.0,60.0,,,,,,,,,,6.0,,False,,1,,,,,,,,,,,,
2026-03-19T01:36:29.074542-04:00,vsin_dk,draftkings,epl,epl_20260319_man_city_chelsea,,,Man City,Chelsea,135.0,88.0,12.0,97.0,3.0,,,,,,,,,,9.0,,False,,1,,,,,,,,,,,,
2026-03-19T01:36:29.074542-04:00,vsin_dk,draftkings,epl,epl_20260319_leeds_man_utd,,,Leeds,Man Utd,400.0,4.0,96.0,5.0,95.0,,,,,,,,,,1.0,,False,,1,,,,,,,,,,,,
2026-03-19T02:06:46.968068-04:00,vsin_dk,draftkings,epl,epl_20260319_man_utd_bournemouth,,,Man Utd,Bournemouth,115.0,94.0,6.0,93.0,7.0,,,,,,,,,,1.0,,False,,1,,,,,,,,,,,,
2026-03-19T02:06:46.968068-04:00,vsin_dk,draftkings,epl,epl_20260319_liverpool_brighton,,,Liverpool,Brighton,120.0,91.0,9.0,88.0,12.0,,,,,,,,,,3.0,,False,,1,,,,,,,,,,,,
2026-03-19T02:06:46.968068-04:00,vsin_dk,draftkings,epl,epl_20260319_burnley_fulham,,,Burnley,Fulham,500.0,5.0,95.0,21.0,79.0,,,,,,,,,,16.0,,True,,1,,,,,,,,,,,,
2026-03-19T02:06:46.968068-04:00,vsin_dk,draftkings,epl,epl_20260319_chelsea_everton,,,Chelsea,Everton,115.0,89.0,11.0,73.0,27.0,,,,,,,,,,16.0,,True,,1,,,,,,,,,,,,
2026-03-19T02:06:46.968068-04:00,vsin_dk,draftkings,epl,epl_20260319_brentford_leeds,,,Brentford,Leeds,180.0,39.0,61.0,54.0,46.0,,,,,,,,,,15.0,,True,,1,,,,,,,,,,,,
2026-03-19T02:06:46.968068-04:00,vsin_dk,draftkings,epl,epl_20260319_sunderland_newcastle,,,Sunderland,Newcastle,425.0,6.0,94.0,36.0,64.0,,,,,,,,,,30.0,,True,,1,,,,,,,,,,,,
2026-03-19T02:06:46.968068-04:00,vsin_dk,draftkings,epl,epl_20260319_nottingham_forest_tottenham,,,Nottingham Forest,Tottenham,200.0,21.0,79.0,18.0,82.0,,,,,,,,,,3.0,,False,,1,,,,,,,,,,,,
2026-03-19T02:06:46.968068-04:00,vsin_dk,draftkings,epl,epl_20260319_west_ham_aston_villa,,,West Ham,Aston Villa,285.0,8.0,92.0,18.0,82.0,,,,,,,,,,10.0,,False,,1,,,,,,,,,,,,
2026-03-19T02:06:46.968068-04:00,vsin_dk,draftkings,epl,epl_20260319_wolves_west_ham,,,Wolves,West Ham,310.0,20.0,80.0,82.0,18.0,,,,,,,,,,62.0,,True,,1,,,,,,,,,,,,
2026-03-19T02:06:46.968068-04:00,vsin_dk,draftkings,epl,epl_20260319_bournemouth_arsenal,,,Bournemouth,Arsenal,700.0,6.0,94.0,32.0,68.0,,,,,,,,,,26.0,,True,,1,,,,,,,,,,,,
2026-03-19T02:06:46.968068-04:00,vsin_dk,draftkings,epl,epl_20260319_newcastle_crystal_palace,,,Newcastle,Crystal Palace,145.0,71.0,29.0,83.0,17.0,,,,,,,,,,12.0,,False,,1,,,,,,,,,,,,
2026-03-19T02:06:46.968068-04:00,vsin_dk,draftkings,epl,epl_20260319_everton_brentford,,,Everton,Brentford,235.0,13.0,87.0,11.0,89.0,,,,,,,,,,2.0,,False,,1,,,,,,,,,,,,
2026-03-19T02:06:46.968068-04:00,vsin_dk,draftkings,epl,epl_20260319_aston_villa_nottingham_forest,,,Aston Villa,Nottingham Forest,175.0,53.0,47.0,64.0,36.0,,,,,,,,,,11.0,,False,,1,,,,,,,,,,,,
2026-03-19T02:06:46.968068-04:00,vsin_dk,draftkings,epl,epl_20260319_brighton_burnley,,,Brighton,Burnley,-125.0,92.0,8.0,81.0,19.0,,,,,,,,,,11.0,,False,,1,,,,,,,,,,,,
2026-03-19T02:06:46.968068-04:00,vsin_dk,draftkings,epl,epl_20260319_fulham_liverpool,,,Fulham,Liverpool,450.0,5.0,95.0,40.0,60.0,,,,,,,,,,35.0,,True,,1,,,,,,,,,,,,
2026-03-19T02:06:46.968068-04:00,vsin_dk,draftkings,epl,epl_20260319_tottenham_sunderland,,,Tottenham,Sunderland,155.0,48.0,52.0,40.0,60.0,,,,,,,,,,8.0,,False,,1,,,,,,,,,,,,
2026-03-19T02:06:46.968068-04:00,vsin_dk,draftkings,epl,epl_20260319_man_city_chelsea,,,Man City,Chelsea,130.0,88.0,13.0,97.0,3.0,,,,,,,,,,10.0,,False,,1,,,,,,,,,,,,
2026-03-19T02:06:46.968068-04:00,vsin_dk,draftkings,epl,epl_20260319_leeds_man_utd,,,Leeds,Man Utd,400.0,4.0,96.0,5.0,95.0,,,,,,,,,,1.0,,False,,1,,,,,,,,,,,,
2026-03-19T02:36:16.788703-04:00,vsin_dk,draftkings,epl,epl_20260319_man_utd_bournemouth,,,Man Utd,Bournemouth,115.0,94.0,6.0,93.0,7.0,,,,,,,,,,1.0,,False,,1,,,,,,,,,,,,
2026-03-19T02:36:16.788703-04:00,vsin_dk,draftkings,epl,epl_20260319_liverpool_brighton,,,Liverpool,Brighton,120.0,91.0,9.0,88.0,12.0,,,,,,,,,,3.0,,False,,1,,,,,,,,,,,,
2026-03-19T02:36:16.788703-04:00,vsin_dk,draftkings,epl,epl_20260319_burnley_fulham,,,Burnley,Fulham,500.0,5.0,95.0,21.0,79.0,,,,,,,,,,16.0,,True,,1,,,,,,,,,,,,
2026-03-19T02:36:16.788703-04:00,vsin_dk,draftkings,epl,epl_20260319_chelsea_everton,,,Chelsea,Everton,115.0,89.0,11.0,73.0,27.0,,,,,,,,,,16.0,,True,,1,,,,,,,,,,,,
2026-03-19T02:36:16.788703-04:00,vsin_dk,draftkings,epl,epl_20260319_brentford_leeds,,,Brentford,Leeds,180.0,39.0,61.0,54.0,46.0,,,,,,,,,,15.0,,True,,1,,,,,,,,,,,,
2026-03-19T02:36:16.788703-04:00,vsin_dk,draftkings,epl,epl_20260319_sunderland_newcastle,,,Sunderland,Newcastle,425.0,6.0,94.0,36.0,64.0,,,,,,,,,,30.0,,True,,1,,,,,,,,,,,,
2026-03-19T02:36:16.788703-04:00,vsin_dk,draftkings,epl,epl_20260319_nottingham_forest_tottenham,,,Nottingham Forest,Tottenham,200.0,21.0,79.0,18.0,82.0,,,,,,,,,,3.0,,False,,1,,,,,,,,,,,,
2026-03-19T02:36:16.788703-04:00,vsin_dk,draftkings,epl,epl_20260319_west_ham_aston_villa,,,West Ham,Aston Villa,285.0,8.0,92.0,17.0,83.0,,,,,,,,,,9.0,,False,,1,,,,,,,,,,,,
2026-03-19T02:36:16.788703-04:00,vsin_dk,draftkings,epl,epl_20260319_wolves_west_ham,,,Wolves,West Ham,310.0,20.0,80.0,82.0,18.0,,,,,,,,,,62.0,,True,,1,,,,,,,,,,,,
2026-03-19T02:36:16.788703-04:00,vsin_dk,draftkings,epl,epl_20260319_bournemouth_arsenal,,,Bournemouth,Arsenal,700.0,6.0,94.0,32.0,68.0,,,,,,,,,,26.0,,True,,1,,,,,,,,,,,,
2026-03-19T02:36:16.788703-04:00,vsin_dk,draftkings,epl,epl_20260319_newcastle_crystal_palace,,,Newcastle,Crystal Palace,145.0,71.0,29.0,83.0,17.0,,,,,,,,,,12.0,,False,,1,,,,,,,,,,,,
2026-03-19T02:36:16.788703-04:00,vsin_dk,draftkings,epl,epl_20260319_everton_brentford,,,Everton,Brentford,235.0,13.0,87.0,11.0,89.0,,,,,,,,,,2.0,,False,,1,,,,,,,,,,,,
2026-03-19T02:36:16.788703-04:00,vsin_dk,draftkings,epl,epl_20260319_aston_villa_nottingham_forest,,,Aston Villa,Nottingham Forest,175.0,53.0,47.0,64.0,36.0,,,,,,,,,,11.0,,False,,1,,,,,,,,,,,,
2026-03-19T02:36:16.788703-04:00,vsin_dk,draftkings,epl,epl_20260319_brighton_burnley,,,Brighton,Burnley,-125.0,92.0,8.0,81.0,19.0,,,,,,,,,,11.0,,False,,1,,,,,,,,,,,,
2026-03-19T02:36:16.788703-04:00,vsin_dk,draftkings,epl,epl_20260319_fulham_liverpool,,,Fulham,Liverpool,450.0,5.0,95.0,40.0,60.0,,,,,,,,,,35.0,,True,,1,,,,,,,,,,,,
2026-03-19T02:36:16.788703-04:00,vsin_dk,draftkings,epl,epl_20260319_tottenham_sunderland,,,Tottenham,Sunderland,155.0,48.0,52.0,40.0,60.0,,,,,,,,,,8.0,,False,,1,,,,,,,,,,,,
2026-03-19T02:36:16.788703-04:00,vsin_dk,draftkings,epl,epl_20260319_man_city_chelsea,,,Man City,Chelsea,130.0,88.0,12.0,97.0,3.0,,,,,,,,,,9.0,,False,,1,,,,,,,,,,,,
2026-03-19T02:36:16.788703-04:00,vsin_dk,draftkings,epl,epl_20260319_leeds_man_utd,,,Leeds,Man Utd,400.0,4.0,96.0,5.0,95.0,,,,,,,,,,1.0,,False,,1,,,,,,,,,,,,
2026-03-19T03:07:04.881733-04:00,vsin_dk,draftkings,epl,epl_20260319_man_utd_bournemouth,,,Man Utd,Bournemouth,115.0,94.0,6.0,93.0,7.0,,,,,,,,,,1.0,,False,,1,,,,,,,,,,,,
2026-03-19T03:07:04.881733-04:00,vsin_dk,draftkings,epl,epl_20260319_liverpool_brighton,,,Liverpool,Brighton,120.0,91.0,9.0,88.0,12.0,,,,,,,,,,3.0,,False,,1,,,,,,,,,,,,
2026-03-19T03:07:04.881733-04:00,vsin_dk,draftkings,epl,epl_20260319_burnley_fulham,,,Burnley,Fulham,500.0,5.0,95.0,21.0,79.0,,,,,,,,,,16.0,,True,,1,,,,,,,,,,,,
2026-03-19T03:07:04.881733-04:00,vsin_dk,draftkings,epl,epl_20260319_chelsea_everton,,,Chelsea,Everton,115.0,90.0,10.0,73.0,27.0,,,,,,,,,,17.0,,True,,1,,,,,,,,,,,,
2026-03-19T03:07:04.881733-04:00,vsin_dk,draftkings,epl,epl_20260319_brentford_leeds,,,Brentford,Leeds,180.0,40.0,60.0,55.0,45.0,,,,,,,,,,15.0,,True,,1,,,,,,,,,,,,
2026-03-19T03:07:04.881733-04:00,vsin_dk,draftkings,epl,epl_20260319_sunderland_newcastle,,,Sunderland,Newcastle,425.0,6.0,94.0,35.0,65.0,,,,,,,,,,29.0,,True,,1,,,,,,,,,,,,
2026-03-19T03:07:04.881733-04:00,vsin_dk,draftkings,epl,epl_20260319_nottingham_forest_tottenham,,,Nottingham Forest,Tottenham,200.0,21.0,79.0,18.0,82.0,,,,,,,,,,3.0,,False,,1,,,,,,,,,,,,
2026-03-19T03:07:04.881733-04:00,vsin_dk,draftkings,epl,epl_20260319_west_ham_aston_villa,,,West Ham,Aston Villa,285.0,8.0,92.0,17.0,83.0,,,,,,,,,,9.0,,False,,1,,,,,,,,,,,,
2026-03-19T03:07:04.881733-04:00,vsin_dk,draftkings,epl,epl_20260319_wolves_west_ham,,,Wolves,West Ham,310.0,20.0,80.0,82.0,18.0,,,,,,,,,,62.0,,True,,1,,,,,,,,,,,,
2026-03-19T03:07:04.881733-04:00,vsin_dk,draftkings,epl,epl_20260319_bournemouth_arsenal,,,Bournemouth,Arsenal,700.0,6.0,94.0,32.0,68.0,,,,,,,,,,26.0,,True,,1,,,,,,,,,,,,
2026-03-19T03:07:04.881733-04:00,vsin_dk,draftkings,epl,epl_20260319_newcastle_crystal_palace,,,Newcastle,Crystal Palace,145.0,71.0,29.0,83.0,17.0,,,,,,,,,,12.0,,False,,1,,,,,,,,,,,,
2026-03-19T03:07:04.881733-04:00,vsin_dk,draftkings,epl,epl_20260319_everton_brentford,,,Everton,Brentford,235.0,13.0,87.0,11.0,89.0,,,,,,,,,,2.0,,False,,1,,,,,,,,,,,,
2026-03-19T03:07:04.881733-04:00,vsin_dk,draftkings,epl,epl_20260319_aston_villa_nottingham_forest,,,Aston Villa,Nottingham Forest,175.0,53.0,47.0,64.0,36.0,,,,,,,,,,11.0,,False,,1,,,,,,,,,,,,
2026-03-19T03:07:04.881733-04:00,vsin_dk,draftkings,epl,epl_20260319_brighton_burnley,,,Brighton,Burnley,-125.0,92.0,8.0,81.0,19.0,,,,,,,,,,11.0,,False,,1,,,,,,,,,,,,
2026-03-19T03:07:04.881733-04:00,vsin_dk,draftkings,epl,epl_20260319_fulham_liverpool,,,Fulham,Liverpool,450.0,5.0,95.0,40.0,60.0,,,,,,,,,,35.0,,True,,1,,,,,,,,,,,,
2026-03-19T03:07:04.881733-04:00,vsin_dk,draftkings,epl,epl_20260319_tottenham_sunderland,,,Tottenham,Sunderland,155.0,48.0,52.0,40.0,60.0,,,,,,,,,,8.0,,False,,1,,,,,,,,,,,,
2026-03-19T03:07:04.881733-04:00,vsin_dk,draftkings,epl,epl_20260319_man_city_chelsea,,,Man City,Chelsea,130.0,88.0,12.0,97.0,3.0,,,,,,,,,,9.0,,False,,1,,,,,,,,,,,,
2026-03-19T03:07:04.881733-04:00,vsin_dk,draftkings,epl,epl_20260319_leeds_man_utd,,,Leeds,Man Utd,400.0,4.0,96.0,5.0,95.0,,,,,,,,,,1.0,,False,,1,,,,,,,,,,,,
2026-03-19T03:35:52.096102-04:00,vsin_dk,draftkings,epl,epl_20260319_man_utd_bournemouth,,,Man Utd,Bournemouth,115.0,94.0,6.0,93.0,7.0,,,,,,,,,,1.0,,False,,1,,,,,,,,,,,,
2026-03-19T03:35:52.096102-04:00,vsin_dk,draftkings,epl,epl_20260319_liverpool_brighton,,,Liverpool,Brighton,120.0,91.0,9.0,88.0,12.0,,,,,,,,,,3.0,,False,,1,,,,,,,,,,,,
2026-03-19T03:35:52.096102-04:00,vsin_dk,draftkings,epl,epl_20260319_burnley_fulham,,,Burnley,Fulham,500.0,5.0,95.0,21.0,79.0,,,,,,,,,,16.0,,True,,1,,,,,,,,,,,,
2026-03-19T03:35:52.096102-04:00,vsin_dk,draftkings,epl,epl_20260319_chelsea_everton,,,Chelsea,Everton,115.0,89.0,11.0,73.0,27.0,,,,,,,,,,16.0,,True,,1,,,,,,,,,,,,
2026-03-19T03:35:52.096102-04:00,vsin_dk,draftkings,epl,epl_20260319_brentford_leeds,,,Brentford,Leeds,180.0,40.0,60.0,55.0,45.0,,,,,,,,,,15.0,,True,,1,,,,,,,,,,,,
2026-03-19T03:35:52.096102-04:00,vsin_dk,draftkings,epl,epl_20260319_sunderland_newcastle,,,Sunderland,Newcastle,425.0,5.0,95.0,35.0,65.0,,,,,,,,,,30.0,,True,,1,,,,,,,,,,,,
2026-03-19T03:35:52.096102-04:00,vsin_dk,draftkings,epl,epl_20260319_nottingham_forest_tottenham,,,Nottingham Forest,Tottenham,200.0,21.0,79.0,18.0,82.0,,,,,,,,,,3.0,,False,,1,,,,,,,,,,,,
2026-03-19T03:35:52.096102-04:00,vsin_dk,draftkings,epl,epl_20260319_west_ham_aston_villa,,,West Ham,Aston Villa,285.0,8.0,92.0,17.0,83.0,,,,,,,,,,9.0,,False,,1,,,,,,,,,,,,
2026-03-19T03:35:52.096102-04:00,vsin_dk,draftkings,epl,epl_20260319_wolves_west_ham,,,Wolves,West Ham,310.0,20.0,80.0,82.0,18.0,,,,,,,,,,62.0,,True,,1,,,,,,,,,,,,
2026-03-19T03:35:52.096102-04:00,vsin_dk,draftkings,epl,epl_20260319_bournemouth_arsenal,,,Bournemouth,Arsenal,700.0,6.0,94.0,32.0,68.0,,,,,,,,,,26.0,,True,,1,,,,,,,,,,,,
2026-03-19T03:35:52.096102-04:00,vsin_dk,draftkings,epl,epl_20260319_newcastle_crystal_palace,,,Newcastle,Crystal Palace,145.0,71.0,29.0,83.0,17.0,,,,,,,,,,12.0,,False,,1,,,,,,,,,,,,
2026-03-19T03:35:52.096102-04:00,vsin_dk,draftkings,epl,epl_20260319_everton_brentford,,,Everton,Brentford,235.0,13.0,87.0,11.0,89.0,,,,,,,,,,2.0,,False,,1,,,,,,,,,,,,
2026-03-19T03:35:52.096102-04:00,vsin_dk,draftkings,epl,epl_20260319_aston_villa_nottingham_forest,,,Aston Villa,Nottingham Forest,175.0,53.0,47.0,64.0,36.0,,,,,,,,,,11.0,,False,,1,,,,,,,,,,,,
2026-03-19T03:35:52.096102-04:00,vsin_dk,draftkings,epl,epl_20260319_brighton_burnley,,,Brighton,Burnley,-125.0,92.0,8.0,81.0,19.0,,,,,,,,,,11.0,,False,,1,,,,,,,,,,,,
2026-03-19T03:35:52.096102-04:00,vsin_dk,draftkings,epl,epl_20260319_fulham_liverpool,,,Fulham,Liverpool,450.0,5.0,95.0,40.0,60.0,,,,,,,,,,35.0,,True,,1,,,,,,,,,,,,
2026-03-19T03:35:52.096102-04:00,vsin_dk,draftkings,epl,epl_20260319_tottenham_sunderland,,,Tottenham,Sunderland,155.0,48.0,52.0,40.0,60.0,,,,,,,,,,8.0,,False,,1,,,,,,,,,,,,
2026-03-19T03:35:52.096102-04:00,vsin_dk,draftkings,epl,epl_20260319_man_city_chelsea,,,Man City,Chelsea,130.0,88.0,12.0,97.0,3.0,,,,,,,,,,9.0,,False,,1,,,,,,,,,,,,
2026-03-19T03:35:52.096102-04:00,vsin_dk,draftkings,epl,epl_20260319_leeds_man_utd,,,Leeds,Man Utd,400.0,4.0,96.0,5.0,95.0,,,,,,,,,,1.0,,False,,1,,,,,,,,,,,,
2026-03-19T03:59:55.717123-04:00,vsin_dk,draftkings,epl,epl_20260319_man_utd_bournemouth,,,Man Utd,Bournemouth,115.0,94.0,6.0,93.0,7.0,,,,,,,,,,1.0,,False,,1,,,,,,,,,,,,
2026-03-19T03:59:55.717123-04:00,vsin_dk,draftkings,epl,epl_20260319_liverpool_brighton,,,Liverpool,Brighton,120.0,91.0,9.0,88.0,12.0,,,,,,,,,,3.0,,False,,1,,,,,,,,,,,,
2026-03-19T03:59:55.717123-04:00,vsin_dk,draftkings,epl,epl_20260319_burnley_fulham,,,Burnley,Fulham,500.0,5.0,95.0,21.0,79.0,,,,,,,,,,16.0,,True,,1,,,,,,,,,,,,
2026-03-19T03:59:55.717123-04:00,vsin_dk,draftkings,epl,epl_20260319_chelsea_everton,,,Chelsea,Everton,115.0,90.0,10.0,73.0,27.0,,,,,,,,,,17.0,,True,,1,,,,,,,,,,,,
2026-03-19T03:59:55.717123-04:00,vsin_dk,draftkings,epl,epl_20260319_brentford_leeds,,,Brentford,Leeds,180.0,40.0,60.0,55.0,45.0,,,,,,,,,,15.0,,True,,1,,,,,,,,,,,,
2026-03-19T03:59:55.717123-04:00,vsin_dk,draftkings,epl,epl_20260319_sunderland_newcastle,,,Sunderland,Newcastle,425.0,5.0,95.0,35.0,65.0,,,,,,,,,,30.0,,True,,1,,,,,,,,,,,,
2026-03-19T03:59:55.717123-04:00,vsin_dk,draftkings,epl,epl_20260319_nottingham_forest_tottenham,,,Nottingham Forest,Tottenham,200.0,21.0,79.0,18.0,82.0,,,,,,,,,,3.0,,False,,1,,,,,,,,,,,,
2026-03-19T03:59:55.717123-04:00,vsin_dk,draftkings,epl,epl_20260319_west_ham_aston_villa,,,West Ham,Aston Villa,285.0,8.0,92.0,17.0,83.0,,,,,,,,,,9.0,,False,,1,,,,,,,,,,,,
2026-03-19T03:59:55.717123-04:00,vsin_dk,draftkings,epl,epl_20260319_wolves_west_ham,,,Wolves,West Ham,310.0,20.0,80.0,82.0,18.0,,,,,,,,,,62.0,,True,,1,,,,,,,,,,,,
2026-03-19T03:59:55.717123-04:00,vsin_dk,draftkings,epl,epl_20260319_bournemouth_arsenal,,,Bournemouth,Arsenal,700.0,6.0,94.0,32.0,68.0,,,,,,,,,,26.0,,True,,1,,,,,,,,,,,,
2026-03-19T03:59:55.717123-04:00,vsin_dk,draftkings,epl,epl_20260319_newcastle_crystal_palace,,,Newcastle,Crystal Palace,145.0,71.0,29.0,83.0,17.0,,,,,,,,,,12.0,,False,,1,,,,,,,,,,,,
2026-03-19T03:59:55.717123-04:00,vsin_dk,draftkings,epl,epl_20260319_everton_brentford,,,Everton,Brentford,235.0,13.0,87.0,11.0,89.0,,,,,,,,,,2.0,,False,,1,,,,,,,,,,,,
2026-03-19T03:59:55.717123-04:00,vsin_dk,draftkings,epl,epl_20260319_aston_villa_nottingham_forest,,,Aston Villa,Nottingham Forest,175.0,53.0,47.0,64.0,36.0,,,,,,,,,,11.0,,False,,1,,,,,,,,,,,,
2026-03-19T03:59:55.717123-04:00,vsin_dk,draftkings,epl,epl_20260319_brighton_burnley,,,Brighton,Burnley,-125.0,92.0,8.0,81.0,19.0,,,,,,,,,,11.0,,False,,1,,,,,,,,,,,,
2026-03-19T03:59:55.717123-04:00,vsin_dk,draftkings,epl,epl_20260319_fulham_liverpool,,,Fulham,Liverpool,450.0,5.0,95.0,40.0,60.0,,,,,,,,,,35.0,,True,,1,,,,,,,,,,,,
2026-03-19T03:59:55.717123-04:00,vsin_dk,draftkings,epl,epl_20260319_tottenham_sunderland,,,Tottenham,Sunderland,155.0,48.0,52.0,40.0,60.0,,,,,,,,,,8.0,,False,,1,,,,,,,,,,,,
2026-03-19T03:59:55.717123-04:00,vsin_dk,draftkings,epl,epl_20260319_man_city_chelsea,,,Man City,Chelsea,130.0,88.0,12.0,97.0,3.0,,,,,,,,,,9.0,,False,,1,,,,,,,,,,,,
2026-03-19T03:59:55.717123-04:00,vsin_dk,draftkings,epl,epl_20260319_leeds_man_utd,,,Leeds,Man Utd,400.0,4.0,96.0,5.0,95.0,,,,,,,,,,1.0,,False,,1,,,,,,,,,,,,
2026-03-19T04:36:24.720791-04:00,vsin_dk,draftkings,epl,epl_20260319_man_utd_bournemouth,,,Man Utd,Bournemouth,115.0,94.0,6.0,93.0,7.0,,,,,,,,,,1.0,,False,,1,,,,,,,,,,,,
2026-03-19T04:36:24.720791-04:00,vsin_dk,draftkings,epl,epl_20260319_liverpool_brighton,,,Liverpool,Brighton,120.0,91.0,9.0,88.0,12.0,,,,,,,,,,3.0,,False,,1,,,,,,,,,,,,
2026-03-19T04:36:24.720791-04:00,vsin_dk,draftkings,epl,epl_20260319_burnley_fulham,,,Burnley,Fulham,500.0,5.0,95.0,21.0,79.0,,,,,,,,,,16.0,,True,,1,,,,,,,,,,,,
2026-03-19T04:36:24.720791-04:00,vsin_dk,draftkings,epl,epl_20260319_chelsea_everton,,,Chelsea,Everton,115.0,90.0,10.0,73.0,27.0,,,,,,,,,,17.0,,True,,1,,,,,,,,,,,,
2026-03-19T04:36:24.720791-04:00,vsin_dk,draftkings,epl,epl_20260319_brentford_leeds,,,Brentford,Leeds,180.0,40.0,60.0,55.0,45.0,,,,,,,,,,15.0,,True,,1,,,,,,,,,,,,
2026-03-19T04:36:24.720791-04:00,vsin_dk,draftkings,epl,epl_20260319_sunderland_newcastle,,,Sunderland,Newcastle,425.0,6.0,94.0,35.0,65.0,,,,,,,,,,29.0,,True,,1,,,,,,,,,,,,
2026-03-19T04:36:24.720791-04:00,vsin_dk,draftkings,epl,epl_20260319_nottingham_forest_tottenham,,,Nottingham Forest,Tottenham,210.0,20.0,80.0,18.0,82.0,,,,,,,,,,2.0,,False,,1,,,,,,,,,,,,
2026-03-19T04:36:24.720791-04:00,vsin_dk,draftkings,epl,epl_20260319_west_ham_aston_villa,,,West Ham,Aston Villa,285.0,8.0,92.0,17.0,83.0,,,,,,,,,,9.0,,False,,1,,,,,,,,,,,,
2026-03-19T04:36:24.720791-04:00,vsin_dk,draftkings,epl,epl_20260319_wolves_west_ham,,,Wolves,West Ham,310.0,20.0,80.0,82.0,18.0,,,,,,,,,,62.0,,True,,1,,,,,,,,,,,,
2026-03-19T04:36:24.720791-04:00,vsin_dk,draftkings,epl,epl_20260319_bournemouth_arsenal,,,Bournemouth,Arsenal,700.0,6.0,94.0,32.0,68.0,,,,,,,,,,26.0,,True,,1,,,,,,,,,,,,
2026-03-19T04:36:24.720791-04:00,vsin_dk,draftkings,epl,epl_20260319_newcastle_crystal_palace,,,Newcastle,Crystal Palace,145.0,71.0,29.0,83.0,17.0,,,,,,,,,,12.0,,False,,1,,,,,,,,,,,,
2026-03-19T04:36:24.720791-04:00,vsin_dk,draftkings,epl,epl_20260319_everton_brentford,,,Everton,Brentford,235.0,13.0,87.0,11.0,89.0,,,,,,,,,,2.0,,False,,1,,,,,,,,,,,,
2026-03-19T04:36:24.720791-04:00,vsin_dk,draftkings,epl,epl_20260319_aston_villa_nottingham_forest,,,Aston Villa,Nottingham Forest,175.0,53.0,47.0,64.0,36.0,,,,,,,,,,11.0,,False,,1,,,,,,,,,,,,
2026-03-19T04:36:24.720791-04:00,vsin_dk,draftkings,epl,epl_20260319_brighton_burnley,,,Brighton,Burnley,-125.0,92.0,8.0,81.0,19.0,,,,,,,,,,11.0,,False,,1,,,,,,,,,,,,
2026-03-19T04:36:24.720791-04:00,vsin_dk,draftkings,epl,epl_20260319_fulham_liverpool,,,Fulham,Liverpool,450.0,5.0,95.0,40.0,60.0,,,,,,,,,,35.0,,True,,1,,,,,,,,,,,,
2026-03-19T04:36:24.720791-04:00,vsin_dk,draftkings,epl,epl_20260319_tottenham_sunderland,,,Tottenham,Sunderland,155.0,48.0,52.0,40.0,60.0,,,,,,,,,,8.0,,False,,1,,,,,,,,,,,,
2026-03-19T04:36:24.720791-04:00,vsin_dk,draftkings,epl,epl_20260319_man_city_chelsea,,,Man City,Chelsea,130.0,88.0,12.0,97.0,3.0,,,,,,,,,,9.0,,False,,1,,,,,,,,,,,,
2026-03-19T04:36:24.720791-04:00,vsin_dk,draftkings,epl,epl_20260319_leeds_man_utd,,,Leeds,Man Utd,400.0,4.0,96.0,5.0,95.0,,,,,,,,,,1.0,,False,,1,,,,,,,,,,,,
2026-03-19T05:06:31.282315-04:00,vsin_dk,draftkings,epl,epl_20260319_man_utd_bournemouth,,,Man Utd,Bournemouth,115.0,94.0,6.0,93.0,7.0,,,,,,,,,,1.0,,False,,1,,,,,,,,,,,,
2026-03-19T05:06:31.282315-04:00,vsin_dk,draftkings,epl,epl_20260319_liverpool_brighton,,,Liverpool,Brighton,120.0,91.0,9.0,88.0,12.0,,,,,,,,,,3.0,,False,,1,,,,,,,,,,,,
2026-03-19T05:06:31.282315-04:00,vsin_dk,draftkings,epl,epl_20260319_burnley_fulham,,,Burnley,Fulham,500.0,5.0,95.0,21.0,79.0,,,,,,,,,,16.0,,True,,1,,,,,,,,,,,,
2026-03-19T05:06:31.282315-04:00,vsin_dk,draftkings,epl,epl_20260319_chelsea_everton,,,Chelsea,Everton,115.0,90.0,10.0,73.0,27.0,,,,,,,,,,17.0,,True,,1,,,,,,,,,,,,
2026-03-19T05:06:31.282315-04:00,vsin_dk,draftkings,epl,epl_20260319_brentford_leeds,,,Brentford,Leeds,180.0,40.0,60.0,56.0,44.0,,,,,,,,,,16.0,,True,,1,,,,,,,,,,,,
2026-03-19T05:06:31.282315-04:00,vsin_dk,draftkings,epl,epl_20260319_sunderland_newcastle,,,Sunderland,Newcastle,425.0,6.0,94.0,35.0,65.0,,,,,,,,,,29.0,,True,,1,,,,,,,,,,,,
2026-03-19T05:06:31.282315-04:00,vsin_dk,draftkings,epl,epl_20260319_nottingham_forest_tottenham,,,Nottingham Forest,Tottenham,210.0,20.0,80.0,18.0,82.0,,,,,,,,,,2.0,,False,,1,,,,,,,,,,,,
2026-03-19T05:06:31.282315-04:00,vsin_dk,draftkings,epl,epl_20260319_west_ham_aston_villa,,,West Ham,Aston Villa,285.0,8.0,92.0,17.0,83.0,,,,,,,,,,9.0,,False,,1,,,,,,,,,,,,
2026-03-19T05:06:31.282315-04:00,vsin_dk,draftkings,epl,epl_20260319_wolves_west_ham,,,Wolves,West Ham,310.0,20.0,80.0,82.0,18.0,,,,,,,,,,62.0,,True,,1,,,,,,,,,,,,
2026-03-19T05:06:31.282315-04:00,vsin_dk,draftkings,epl,epl_20260319_bournemouth_arsenal,,,Bournemouth,Arsenal,700.0,6.0,94.0,32.0,68.0,,,,,,,,,,26.0,,True,,1,,,,,,,,,,,,
2026-03-19T05:06:31.282315-04:00,vsin_dk,draftkings,epl,epl_20260319_newcastle_crystal_palace,,,Newcastle,Crystal Palace,145.0,71.0,29.0,83.0,17.0,,,,,,,,,,12.0,,False,,1,,,,,,,,,,,,
2026-03-19T05:06:31.282315-04:00,vsin_dk,draftkings,epl,epl_20260319_everton_brentford,,,Everton,Brentford,235.0,13.0,87.0,11.0,89.0,,,,,,,,,,2.0,,False,,1,,,,,,,,,,,,
2026-03-19T05:06:31.282315-04:00,vsin_dk,draftkings,epl,epl_20260319_aston_villa_nottingham_forest,,,Aston Villa,Nottingham Forest,175.0,53.0,47.0,64.0,36.0,,,,,,,,,,11.0,,False,,1,,,,,,,,,,,,
2026-03-19T05:06:31.282315-04:00,vsin_dk,draftkings,epl,epl_20260319_brighton_burnley,,,Brighton,Burnley,-125.0,92.0,8.0,81.0,19.0,,,,,,,,,,11.0,,False,,1,,,,,,,,,,,,
2026-03-19T05:06:31.282315-04:00,vsin_dk,draftkings,epl,epl_20260319_fulham_liverpool,,,Fulham,Liverpool,450.0,5.0,95.0,40.0,60.0,,,,,,,,,,35.0,,True,,1,,,,,,,,,,,,
2026-03-19T05:06:31.282315-04:00,vsin_dk,draftkings,epl,epl_20260319_tottenham_sunderland,,,Tottenham,Sunderland,155.0,48.0,52.0,40.0,60.0,,,,,,,,,,8.0,,False,,1,,,,,,,,,,,,
2026-03-19T05:06:31.282315-04:00,vsin_dk,draftkings,epl,epl_20260319_man_city_chelsea,,,Man City,Chelsea,130.0,88.0,12.0,97.0,3.0,,,,,,,,,,9.0,,False,,1,,,,,,,,,,,,
2026-03-19T05:06:31.282315-04:00,vsin_dk,draftkings,epl,epl_20260319_leeds_man_utd,,,Leeds,Man Utd,400.0,4.0,96.0,5.0,95.0,,,,,,,,,,1.0,,False,,1,,,,,,,,,,,,
2026-03-19T05:36:36.609569-04:00,vsin_dk,draftkings,epl,epl_20260319_man_utd_bournemouth,,,Man Utd,Bournemouth,115.0,94.0,6.0,93.0,7.0,,,,,,,,,,1.0,,False,,1,,,,,,,,,,,,
2026-03-19T05:36:36.609569-04:00,vsin_dk,draftkings,epl,epl_20260319_liverpool_brighton,,,Liverpool,Brighton,120.0,91.0,9.0,88.0,12.0,,,,,,,,,,3.0,,False,,1,,,,,,,,,,,,
2026-03-19T05:36:36.609569-04:00,vsin_dk,draftkings,epl,epl_20260319_burnley_fulham,,,Burnley,Fulham,500.0,5.0,95.0,21.0,79.0,,,,,,,,,,16.0,,True,,1,,,,,,,,,,,,
2026-03-19T05:36:36.609569-04:00,vsin_dk,draftkings,epl,epl_20260319_chelsea_everton,,,Chelsea,Everton,115.0,90.0,10.0,73.0,27.0,,,,,,,,,,17.0,,True,,1,,,,,,,,,,,,
2026-03-19T05:36:36.609569-04:00,vsin_dk,draftkings,epl,epl_20260319_brentford_leeds,,,Brentford,Leeds,180.0,40.0,60.0,56.0,44.0,,,,,,,,,,16.0,,True,,1,,,,,,,,,,,,
2026-03-19T05:36:36.609569-04:00,vsin_dk,draftkings,epl,epl_20260319_sunderland_newcastle,,,Sunderland,Newcastle,425.0,6.0,94.0,35.0,65.0,,,,,,,,,,29.0,,True,,1,,,,,,,,,,,,
2026-03-19T05:36:36.609569-04:00,vsin_dk,draftkings,epl,epl_20260319_nottingham_forest_tottenham,,,Nottingham Forest,Tottenham,210.0,20.0,80.0,18.0,82.0,,,,,,,,,,2.0,,False,,1,,,,,,,,,,,,
2026-03-19T05:36:36.609569-04:00,vsin_dk,draftkings,epl,epl_20260319_west_ham_aston_villa,,,West Ham,Aston Villa,285.0,8.0,92.0,17.0,83.0,,,,,,,,,,9.0,,False,,1,,,,,,,,,,,,
2026-03-19T05:36:36.609569-04:00,vsin_dk,draftkings,epl,epl_20260319_wolves_west_ham,,,Wolves,West Ham,310.0,20.0,80.0,82.0,18.0,,,,,,,,,,62.0,,True,,1,,,,,,,,,,,,
2026-03-19T05:36:36.609569-04:00,vsin_dk,draftkings,epl,epl_20260319_bournemouth_arsenal,,,Bournemouth,Arsenal,700.0,6.0,94.0,32.0,68.0,,,,,,,,,,26.0,,True,,1,,,,,,,,,,,,
2026-03-19T05:36:36.609569-04:00,vsin_dk,draftkings,epl,epl_20260319_newcastle_crystal_palace,,,Newcastle,Crystal Palace,145.0,71.0,29.0,83.0,17.0,,,,,,,,,,12.0,,False,,1,,,,,,,,,,,,
2026-03-19T05:36:36.609569-04:00,vsin_dk,draftkings,epl,epl_20260319_everton_brentford,,,Everton,Brentford,235.0,13.0,87.0,11.0,89.0,,,,,,,,,,2.0,,False,,1,,,,,,,,,,,,
2026-03-19T05:36:36.609569-04:00,vsin_dk,draftkings,epl,epl_20260319_aston_villa_nottingham_forest,,,Aston Villa,Nottingham Forest,175.0,53.0,47.0,64.0,36.0,,,,,,,,,,11.0,,False,,1,,,,,,,,,,,,
2026-03-19T05:36:36.609569-04:00,vsin_dk,draftkings,epl,epl_20260319_brighton_burnley,,,Brighton,Burnley,-125.0,92.0,8.0,81.0,19.0,,,,,,,,,,11.0,,False,,1,,,,,,,,,,,,
2026-03-19T05:36:36.609569-04:00,vsin_dk,draftkings,epl,epl_20260319_fulham_liverpool,,,Fulham,Liverpool,450.0,5.0,95.0,40.0,60.0,,,,,,,,,,35.0,,True,,1,,,,,,,,,,,,
2026-03-19T05:36:36.609569-04:00,vsin_dk,draftkings,epl,epl_20260319_tottenham_sunderland,,,Tottenham,Sunderland,155.0,48.0,52.0,40.0,60.0,,,,,,,,,,8.0,,False,,1,,,,,,,,,,,,
2026-03-19T05:36:36.609569-04:00,vsin_dk,draftkings,epl,epl_20260319_man_city_chelsea,,,Man City,Chelsea,130.0,88.0,12.0,97.0,3.0,,,,,,,,,,9.0,,False,,1,,,,,,,,,,,,
2026-03-19T05:36:36.609569-04:00,vsin_dk,draftkings,epl,epl_20260319_leeds_man_utd,,,Leeds,Man Utd,400.0,4.0,96.0,5.0,95.0,,,,,,,,,,1.0,,False,,1,,,,,,,,,,,,
2026-03-19T06:06:32.912495-04:00,vsin_dk,draftkings,epl,epl_20260319_man_utd_bournemouth,,,Man Utd,Bournemouth,115.0,94.0,6.0,93.0,7.0,,,,,,,,,,1.0,,False,,1,,,,,,,,,,,,
2026-03-19T06:06:32.912495-04:00,vsin_dk,draftkings,epl,epl_20260319_liverpool_brighton,,,Liverpool,Brighton,120.0,91.0,9.0,88.0,12.0,,,,,,,,,,3.0,,False,,1,,,,,,,,,,,,
2026-03-19T06:06:32.912495-04:00,vsin_dk,draftkings,epl,epl_20260319_burnley_fulham,,,Burnley,Fulham,500.0,5.0,95.0,21.0,79.0,,,,,,,,,,16.0,,True,,1,,,,,,,,,,,,
2026-03-19T06:06:32.912495-04:00,vsin_dk,draftkings,epl,epl_20260319_chelsea_everton,,,Chelsea,Everton,115.0,90.0,10.0,73.0,27.0,,,,,,,,,,17.0,,True,,1,,,,,,,,,,,,
2026-03-19T06:06:32.912495-04:00,vsin_dk,draftkings,epl,epl_20260319_brentford_leeds,,,Brentford,Leeds,180.0,40.0,60.0,56.0,44.0,,,,,,,,,,16.0,,True,,1,,,,,,,,,,,,
2026-03-19T06:06:32.912495-04:00,vsin_dk,draftkings,epl,epl_20260319_sunderland_newcastle,,,Sunderland,Newcastle,425.0,5.0,95.0,35.0,65.0,,,,,,,,,,30.0,,True,,1,,,,,,,,,,,,
2026-03-19T06:06:32.912495-04:00,vsin_dk,draftkings,epl,epl_20260319_nottingham_forest_tottenham,,,Nottingham Forest,Tottenham,210.0,20.0,80.0,18.0,82.0,,,,,,,,,,2.0,,False,,1,,,,,,,,,,,,
2026-03-19T06:06:32.912495-04:00,vsin_dk,draftkings,epl,epl_20260319_west_ham_aston_villa,,,West Ham,Aston Villa,285.0,8.0,92.0,17.0,83.0,,,,,,,,,,9.0,,False,,1,,,,,,,,,,,,
2026-03-19T06:06:32.912495-04:00,vsin_dk,draftkings,epl,epl_20260319_wolves_west_ham,,,Wolves,West Ham,310.0,20.0,80.0,82.0,18.0,,,,,,,,,,62.0,,True,,1,,,,,,,,,,,,
2026-03-19T06:06:32.912495-04:00,vsin_dk,draftkings,epl,epl_20260319_bournemouth_arsenal,,,Bournemouth,Arsenal,700.0,6.0,94.0,32.0,68.0,,,,,,,,,,26.0,,True,,1,,,,,,,,,,,,
2026-03-19T06:06:32.912495-04:00,vsin_dk,draftkings,epl,epl_20260319_newcastle_crystal_palace,,,Newcastle,Crystal Palace,145.0,71.0,29.0,83.0,17.0,,,,,,,,,,12.0,,False,,1,,,,,,,,,,,,
2026-03-19T06:06:32.912495-04:00,vsin_dk,draftkings,epl,epl_20260319_everton_brentford,,,Everton,Brentford,235.0,13.0,87.0,11.0,89.0,,,,,,,,,,2.0,,False,,1,,,,,,,,,,,,
2026-03-19T06:06:32.912495-04:00,vsin_dk,draftkings,epl,epl_20260319_aston_villa_nottingham_forest,,,Aston Villa,Nottingham Forest,175.0,53.0,47.0,64.0,36.0,,,,,,,,,,11.0,,False,,1,,,,,,,,,,,,
2026-03-19T06:06:32.912495-04:00,vsin_dk,draftkings,epl,epl_20260319_brighton_burnley,,,Brighton,Burnley,-125.0,92.0,8.0,81.0,19.0,,,,,,,,,,11.0,,False,,1,,,,,,,,,,,,
2026-03-19T06:06:32.912495-04:00,vsin_dk,draftkings,epl,epl_20260319_fulham_liverpool,,,Fulham,Liverpool,450.0,5.0,95.0,40.0,60.0,,,,,,,,,,35.0,,True,,1,,,,,,,,,,,,
2026-03-19T06:06:32.912495-04:00,vsin_dk,draftkings,epl,epl_20260319_tottenham_sunderland,,,Tottenham,Sunderland,155.0,48.0,52.0,40.0,60.0,,,,,,,,,,8.0,,False,,1,,,,,,,,,,,,
2026-03-19T06:06:32.912495-04:00,vsin_dk,draftkings,epl,epl_20260319_man_city_chelsea,,,Man City,Chelsea,130.0,88.0,12.0,97.0,3.0,,,,,,,,,,9.0,,False,,1,,,,,,,,,,,,
2026-03-19T06:06:32.912495-04:00,vsin_dk,draftkings,epl,epl_20260319_leeds_man_utd,,,Leeds,Man Utd,400.0,4.0,96.0,5.0,95.0,,,,,,,,,,1.0,,False,,1,,,,,,,,,,,,
2026-03-19T07:30:23.739023-04:00,vsin_dk,draftkings,epl,epl_20260319_man_utd_bournemouth,,,Man Utd,Bournemouth,115.0,94.0,6.0,93.0,7.0,,,,,,,,,,1.0,,False,,1,,,,,,,,,,,,
2026-03-19T07:30:23.739023-04:00,vsin_dk,draftkings,epl,epl_20260319_liverpool_brighton,,,Liverpool,Brighton,120.0,91.0,9.0,88.0,12.0,,,,,,,,,,3.0,,False,,1,,,,,,,,,,,,
2026-03-19T07:30:23.739023-04:00,vsin_dk,draftkings,epl,epl_20260319_burnley_fulham,,,Burnley,Fulham,500.0,5.0,95.0,21.0,79.0,,,,,,,,,,16.0,,True,,1,,,,,,,,,,,,
2026-03-19T07:30:23.739023-04:00,vsin_dk,draftkings,epl,epl_20260319_chelsea_everton,,,Chelsea,Everton,115.0,90.0,10.0,73.0,27.0,,,,,,,,,,17.0,,True,,1,,,,,,,,,,,,
2026-03-19T07:30:23.739023-04:00,vsin_dk,draftkings,epl,epl_20260319_brentford_leeds,,,Brentford,Leeds,180.0,40.0,60.0,56.0,44.0,,,,,,,,,,16.0,,True,,1,,,,,,,,,,,,
2026-03-19T07:30:23.739023-04:00,vsin_dk,draftkings,epl,epl_20260319_sunderland_newcastle,,,Sunderland,Newcastle,425.0,5.0,95.0,35.0,65.0,,,,,,,,,,30.0,,True,,1,,,,,,,,,,,,
2026-03-19T07:30:23.739023-04:00,vsin_dk,draftkings,epl,epl_20260319_nottingham_forest_tottenham,,,Nottingham Forest,Tottenham,210.0,20.0,80.0,18.0,82.0,,,,,,,,,,2.0,,False,,1,,,,,,,,,,,,
2026-03-19T07:30:23.739023-04:00,vsin_dk,draftkings,epl,epl_20260319_west_ham_aston_villa,,,West Ham,Aston Villa,285.0,8.0,92.0,16.0,84.0,,,,,,,,,,8.0,,False,,1,,,,,,,,,,,,
2026-03-19T07:30:23.739023-04:00,vsin_dk,draftkings,epl,epl_20260319_wolves_west_ham,,,Wolves,West Ham,310.0,20.0,80.0,77.0,23.0,,,,,,,,,,57.0,,True,,1,,,,,,,,,,,,
2026-03-19T07:30:23.739023-04:00,vsin_dk,draftkings,epl,epl_20260319_bournemouth_arsenal,,,Bournemouth,Arsenal,700.0,6.0,94.0,32.0,68.0,,,,,,,,,,26.0,,True,,1,,,,,,,,,,,,
2026-03-19T07:30:23.739023-04:00,vsin_dk,draftkings,epl,epl_20260319_newcastle_crystal_palace,,,Newcastle,Crystal Palace,145.0,72.0,28.0,83.0,17.0,,,,,,,,,,11.0,,False,,1,,,,,,,,,,,,
2026-03-19T07:30:23.739023-04:00,vsin_dk,draftkings,epl,epl_20260319_everton_brentford,,,Everton,Brentford,235.0,13.0,87.0,11.0,89.0,,,,,,,,,,2.0,,False,,1,,,,,,,,,,,,
2026-03-19T07:30:23.739023-04:00,vsin_dk,draftkings,epl,epl_20260319_aston_villa_nottingham_forest,,,Aston Villa,Nottingham Forest,175.0,53.0,47.0,64.0,36.0,,,,,,,,,,11.0,,False,,1,,,,,,,,,,,,
2026-03-19T07:30:23.739023-04:00,vsin_dk,draftkings,epl,epl_20260319_brighton_burnley,,,Brighton,Burnley,-125.0,92.0,8.0,81.0,19.0,,,,,,,,,,11.0,,False,,1,,,,,,,,,,,,
2026-03-19T07:30:23.739023-04:00,vsin_dk,draftkings,epl,epl_20260319_fulham_liverpool,,,Fulham,Liverpool,450.0,5.0,95.0,40.0,60.0,,,,,,,,,,35.0,,True,,1,,,,,,,,,,,,
2026-03-19T07:30:23.739023-04:00,vsin_dk,draftkings,epl,epl_20260319_tottenham_sunderland,,,Tottenham,Sunderland,155.0,48.0,52.0,40.0,60.0,,,,,,,,,,8.0,,False,,1,,,,,,,,,,,,
2026-03-19T07:30:23.739023-04:00,vsin_dk,draftkings,epl,epl_20260319_man_city_chelsea,,,Man City,Chelsea,130.0,88.0,12.0,97.0,3.0,,,,,,,,,,9.0,,False,,1,,,,,,,,,,,,
2026-03-19T07:30:23.739023-04:00,vsin_dk,draftkings,epl,epl_20260319_leeds_man_utd,,,Leeds,Man Utd,400.0,4.0,96.0,5.0,95.0,,,,,,,,,,1.0,,False,,1,,,,,,,,,,,,
2026-03-19T09:10:30.458184-04:00,vsin_dk,draftkings,epl,epl_20260319_man_utd_bournemouth,,,Man Utd,Bournemouth,115.0,94.0,6.0,93.0,7.0,,,,,,,,,,1.0,,False,,1,,,,,,,,,,,,
2026-03-19T09:10:30.458184-04:00,vsin_dk,draftkings,epl,epl_20260319_liverpool_brighton,,,Liverpool,Brighton,120.0,91.0,9.0,88.0,12.0,,,,,,,,,,3.0,,False,,1,,,,,,,,,,,,
2026-03-19T09:10:30.458184-04:00,vsin_dk,draftkings,epl,epl_20260319_burnley_fulham,,,Burnley,Fulham,500.0,5.0,95.0,21.0,79.0,,,,,,,,,,16.0,,True,,1,,,,,,,,,,,,
2026-03-19T09:10:30.458184-04:00,vsin_dk,draftkings,epl,epl_20260319_chelsea_everton,,,Chelsea,Everton,115.0,89.0,11.0,73.0,27.0,,,,,,,,,,16.0,,True,,1,,,,,,,,,,,,
2026-03-19T09:10:30.458184-04:00,vsin_dk,draftkings,epl,epl_20260319_brentford_leeds,,,Brentford,Leeds,180.0,41.0,59.0,55.0,45.0,,,,,,,,,,14.0,,False,,1,,,,,,,,,,,,
2026-03-19T09:10:30.458184-04:00,vsin_dk,draftkings,epl,epl_20260319_sunderland_newcastle,,,Sunderland,Newcastle,425.0,5.0,95.0,34.0,66.0,,,,,,,,,,29.0,,True,,1,,,,,,,,,,,,
2026-03-19T09:10:30.458184-04:00,vsin_dk,draftkings,epl,epl_20260319_nottingham_forest_tottenham,,,Nottingham Forest,Tottenham,210.0,20.0,80.0,18.0,82.0,,,,,,,,,,2.0,,False,,1,,,,,,,,,,,,
2026-03-19T09:10:30.458184-04:00,vsin_dk,draftkings,epl,epl_20260319_west_ham_aston_villa,,,West Ham,Aston Villa,285.0,8.0,92.0,16.0,84.0,,,,,,,,,,8.0,,False,,1,,,,,,,,,,,,
2026-03-19T09:10:30.458184-04:00,vsin_dk,draftkings,epl,epl_20260319_wolves_west_ham,,,Wolves,West Ham,310.0,19.0,81.0,72.0,28.0,,,,,,,,,,53.0,,True,,1,,,,,,,,,,,,
2026-03-19T09:10:30.458184-04:00,vsin_dk,draftkings,epl,epl_20260319_bournemouth_arsenal,,,Bournemouth,Arsenal,750.0,6.0,94.0,32.0,68.0,,,,,,,,,,26.0,,True,,1,,,,,,,,,,,,
2026-03-19T09:10:30.458184-04:00,vsin_dk,draftkings,epl,epl_20260319_newcastle_crystal_palace,,,Newcastle,Crystal Palace,145.0,73.0,27.0,83.0,17.0,,,,,,,,,,10.0,,False,,1,,,,,,,,,,,,
2026-03-19T09:10:30.458184-04:00,vsin_dk,draftkings,epl,epl_20260319_everton_brentford,,,Everton,Brentford,235.0,13.0,87.0,11.0,89.0,,,,,,,,,,2.0,,False,,1,,,,,,,,,,,,
2026-03-19T09:10:30.458184-04:00,vsin_dk,draftkings,epl,epl_20260319_aston_villa_nottingham_forest,,,Aston Villa,Nottingham Forest,175.0,55.0,45.0,82.0,18.0,,,,,,,,,,27.0,,True,,1,,,,,,,,,,,,
2026-03-19T09:10:30.458184-04:00,vsin_dk,draftkings,epl,epl_20260319_brighton_burnley,,,Brighton,Burnley,-125.0,93.0,8.0,82.0,18.0,,,,,,,,,,10.0,,False,,1,,,,,,,,,,,,
2026-03-19T09:10:30.458184-04:00,vsin_dk,draftkings,epl,epl_20260319_fulham_liverpool,,,Fulham,Liverpool,450.0,5.0,95.0,40.0,60.0,,,,,,,,,,35.0,,True,,1,,,,,,,,,,,,
2026-03-19T09:10:30.458184-04:00,vsin_dk,draftkings,epl,epl_20260319_tottenham_sunderland,,,Tottenham,Sunderland,155.0,48.0,52.0,40.0,60.0,,,,,,,,,,8.0,,False,,1,,,,,,,,,,,,
2026-03-19T09:10:30.458184-04:00,vsin_dk,draftkings,epl,epl_20260319_man_city_chelsea,,,Man City,Chelsea,130.0,88.0,12.0,97.0,3.0,,,,,,,,,,9.0,,False,,1,,,,,,,,,,,,
2026-03-19T09:10:30.458184-04:00,vsin_dk,draftkings,epl,epl_20260319_leeds_man_utd,,,Leeds,Man Utd,400.0,4.0,96.0,5.0,95.0,,,,,,,,,,1.0,,False,,1,,,,,,,,,,,,
2026-03-19T09:45:42.764777-04:00,vsin_dk,draftkings,epl,epl_20260319_man_utd_bournemouth,,,Man Utd,Bournemouth,110.0,94.0,6.0,93.0,7.0,,,,,,,,,,1.0,,False,,1,,,,,,,,,,,,
2026-03-19T09:45:42.764777-04:00,vsin_dk,draftkings,epl,epl_20260319_liverpool_brighton,,,Liverpool,Brighton,120.0,91.0,9.0,88.0,12.0,,,,,,,,,,3.0,,False,,1,,,,,,,,,,,,
2026-03-19T09:45:42.764777-04:00,vsin_dk,draftkings,epl,epl_20260319_burnley_fulham,,,Burnley,Fulham,500.0,5.0,95.0,21.0,79.0,,,,,,,,,,16.0,,True,,1,,,,,,,,,,,,
2026-03-19T09:45:42.764777-04:00,vsin_dk,draftkings,epl,epl_20260319_chelsea_everton,,,Chelsea,Everton,115.0,89.0,11.0,73.0,27.0,,,,,,,,,,16.0,,True,,1,,,,,,,,,,,,
2026-03-19T09:45:42.764777-04:00,vsin_dk,draftkings,epl,epl_20260319_brentford_leeds,,,Brentford,Leeds,180.0,41.0,59.0,55.0,45.0,,,,,,,,,,14.0,,False,,1,,,,,,,,,,,,
2026-03-19T09:45:42.764777-04:00,vsin_dk,draftkings,epl,epl_20260319_sunderland_newcastle,,,Sunderland,Newcastle,425.0,5.0,95.0,34.0,66.0,,,,,,,,,,29.0,,True,,1,,,,,,,,,,,,
2026-03-19T09:45:42.764777-04:00,vsin_dk,draftkings,epl,epl_20260319_nottingham_forest_tottenham,,,Nottingham Forest,Tottenham,210.0,20.0,80.0,19.0,81.0,,,,,,,,,,1.0,,False,,1,,,,,,,,,,,,
2026-03-19T09:45:42.764777-04:00,vsin_dk,draftkings,epl,epl_20260319_west_ham_aston_villa,,,West Ham,Aston Villa,285.0,8.0,92.0,16.0,84.0,,,,,,,,,,8.0,,False,,1,,,,,,,,,,,,
2026-03-19T09:45:42.764777-04:00,vsin_dk,draftkings,epl,epl_20260319_wolves_west_ham,,,Wolves,West Ham,310.0,18.0,82.0,72.0,28.0,,,,,,,,,,54.0,,True,,1,,,,,,,,,,,,
2026-03-19T09:45:42.764777-04:00,vsin_dk,draftkings,epl,epl_20260319_bournemouth_arsenal,,,Bournemouth,Arsenal,750.0,6.0,94.0,32.0,68.0,,,,,,,,,,26.0,,True,,1,,,,,,,,,,,,
2026-03-19T09:45:42.764777-04:00,vsin_dk,draftkings,epl,epl_20260319_newcastle_crystal_palace,,,Newcastle,Crystal Palace,145.0,73.0,27.0,83.0,17.0,,,,,,,,,,10.0,,False,,1,,,,,,,,,,,,
2026-03-19T09:45:42.764777-04:00,vsin_dk,draftkings,epl,epl_20260319_everton_brentford,,,Everton,Brentford,235.0,13.0,87.0,11.0,89.0,,,,,,,,,,2.0,,False,,1,,,,,,,,,,,,
2026-03-19T09:45:42.764777-04:00,vsin_dk,draftkings,epl,epl_20260319_aston_villa_nottingham_forest,,,Aston Villa,Nottingham Forest,175.0,55.0,45.0,82.0,18.0,,,,,,,,,,27.0,,True,,1,,,,,,,,,,,,
2026-03-19T09:45:42.764777-04:00,vsin_dk,draftkings,epl,epl_20260319_brighton_burnley,,,Brighton,Burnley,-125.0,93.0,8.0,82.0,18.0,,,,,,,,,,10.0,,False,,1,,,,,,,,,,,,
2026-03-19T09:45:42.764777-04:00,vsin_dk,draftkings,epl,epl_20260319_fulham_liverpool,,,Fulham,Liverpool,450.0,5.0,95.0,40.0,60.0,,,,,,,,,,35.0,,True,,1,,,,,,,,,,,,
2026-03-19T09:45:42.764777-04:00,vsin_dk,draftkings,epl,epl_20260319_tottenham_sunderland,,,Tottenham,Sunderland,155.0,48.0,52.0,40.0,60.0,,,,,,,,,,8.0,,False,,1,,,,,,,,,,,,
2026-03-19T09:45:42.764777-04:00,vsin_dk,draftkings,epl,epl_20260319_man_city_chelsea,,,Man City,Chelsea,130.0,88.0,12.0,97.0,3.0,,,,,,,,,,9.0,,False,,1,,,,,,,,,,,,
2026-03-19T09:45:42.764777-04:00,vsin_dk,draftkings,epl,epl_20260319_leeds_man_utd,,,Leeds,Man Utd,400.0,4.0,96.0,4.0,96.0,,,,,,,,,,0.0,,False,,1,,,,,,,,,,,,
2026-03-19T10:17:31.548917-04:00,vsin_dk,draftkings,epl,epl_20260319_man_utd_bournemouth,,,Man Utd,Bournemouth,110.0,94.0,6.0,93.0,7.0,,,,,,,,,,1.0,,False,,1,,,,,,,,,,,,
2026-03-19T10:17:31.548917-04:00,vsin_dk,draftkings,epl,epl_20260319_liverpool_brighton,,,Liverpool,Brighton,120.0,91.0,9.0,89.0,11.0,,,,,,,,,,2.0,,False,,1,,,,,,,,,,,,
2026-03-19T10:17:31.548917-04:00,vsin_dk,draftkings,epl,epl_20260319_burnley_fulham,,,Burnley,Fulham,500.0,5.0,95.0,21.0,79.0,,,,,,,,,,16.0,,True,,1,,,,,,,,,,,,
2026-03-19T10:17:31.548917-04:00,vsin_dk,draftkings,epl,epl_20260319_chelsea_everton,,,Chelsea,Everton,115.0,89.0,11.0,74.0,26.0,,,,,,,,,,15.0,,True,,1,,,,,,,,,,,,
2026-03-19T10:17:31.548917-04:00,vsin_dk,draftkings,epl,epl_20260319_brentford_leeds,,,Brentford,Leeds,180.0,41.0,59.0,55.0,45.0,,,,,,,,,,14.0,,False,,1,,,,,,,,,,,,
2026-03-19T10:17:31.548917-04:00,vsin_dk,draftkings,epl,epl_20260319_sunderland_newcastle,,,Sunderland,Newcastle,425.0,5.0,95.0,33.0,67.0,,,,,,,,,,28.0,,True,,1,,,,,,,,,,,,
2026-03-19T10:17:31.548917-04:00,vsin_dk,draftkings,epl,epl_20260319_nottingham_forest_tottenham,,,Nottingham Forest,Tottenham,210.0,20.0,80.0,19.0,81.0,,,,,,,,,,1.0,,False,,1,,,,,,,,,,,,
2026-03-19T10:17:31.548917-04:00,vsin_dk,draftkings,epl,epl_20260319_west_ham_aston_villa,,,West Ham,Aston Villa,285.0,8.0,92.0,16.0,84.0,,,,,,,,,,8.0,,False,,1,,,,,,,,,,,,
2026-03-19T10:17:31.548917-04:00,vsin_dk,draftkings,epl,epl_20260319_wolves_west_ham,,,Wolves,West Ham,310.0,20.0,80.0,72.0,28.0,,,,,,,,,,52.0,,True,,1,,,,,,,,,,,,
2026-03-19T10:17:31.548917-04:00,vsin_dk,draftkings,epl,epl_20260319_bournemouth_arsenal,,,Bournemouth,Arsenal,750.0,6.0,94.0,32.0,68.0,,,,,,,,,,26.0,,True,,1,,,,,,,,,,,,
2026-03-19T10:17:31.548917-04:00,vsin_dk,draftkings,epl,epl_20260319_newcastle_crystal_palace,,,Newcastle,Crystal Palace,145.0,72.0,28.0,79.0,21.0,,,,,,,,,,7.0,,False,,1,,,,,,,,,,,,
2026-03-19T10:17:31.548917-04:00,vsin_dk,draftkings,epl,epl_20260319_everton_brentford,,,Everton,Brentford,235.0,13.0,87.0,11.0,89.0,,,,,,,,,,2.0,,False,,1,,,,,,,,,,,,
2026-03-19T10:17:31.548917-04:00,vsin_dk,draftkings,epl,epl_20260319_aston_villa_nottingham_forest,,,Aston Villa,Nottingham Forest,175.0,55.0,45.0,82.0,18.0,,,,,,,,,,27.0,,True,,1,,,,,,,,,,,,
2026-03-19T10:17:31.548917-04:00,vsin_dk,draftkings,epl,epl_20260319_brighton_burnley,,,Brighton,Burnley,-125.0,93.0,8.0,82.0,18.0,,,,,,,,,,10.0,,False,,1,,,,,,,,,,,,
2026-03-19T10:17:31.548917-04:00,vsin_dk,draftkings,epl,epl_20260319_fulham_liverpool,,,Fulham,Liverpool,450.0,5.0,95.0,40.0,60.0,,,,,,,,,,35.0,,True,,1,,,,,,,,,,,,
2026-03-19T10:17:31.548917-04:00,vsin_dk,draftkings,epl,epl_20260319_tottenham_sunderland,,,Tottenham,Sunderland,155.0,48.0,52.0,40.0,60.0,,,,,,,,,,8.0,,False,,1,,,,,,,,,,,,
2026-03-19T10:17:31.548917-04:00,vsin_dk,draftkings,epl,epl_20260319_man_city_chelsea,,,Man City,Chelsea,130.0,88.0,12.0,97.0,3.0,,,,,,,,,,9.0,,False,,1,,,,,,,,,,,,
2026-03-19T10:17:31.548917-04:00,vsin_dk,draftkings,epl,epl_20260319_leeds_man_utd,,,Leeds,Man Utd,400.0,4.0,96.0,4.0,96.0,,,,,,,,,,0.0,,False,,1,,,,,,,,,,,,
2026-03-19T10:36:39.978038-04:00,vsin_dk,draftkings,epl,epl_20260319_man_utd_bournemouth,,,Man Utd,Bournemouth,110.0,94.0,6.0,93.0,7.0,,,,,,,,,,1.0,,False,,1,,,,,,,,,,,,
2026-03-19T10:36:39.978038-04:00,vsin_dk,draftkings,epl,epl_20260319_liverpool_brighton,,,Liverpool,Brighton,120.0,91.0,9.0,89.0,11.0,,,,,,,,,,2.0,,False,,1,,,,,,,,,,,,
2026-03-19T10:36:39.978038-04:00,vsin_dk,draftkings,epl,epl_20260319_burnley_fulham,,,Burnley,Fulham,500.0,5.0,95.0,20.0,80.0,,,,,,,,,,15.0,,True,,1,,,,,,,,,,,,
2026-03-19T10:36:39.978038-04:00,vsin_dk,draftkings,epl,epl_20260319_chelsea_everton,,,Chelsea,Everton,115.0,89.0,11.0,74.0,26.0,,,,,,,,,,15.0,,True,,1,,,,,,,,,,,,
2026-03-19T10:36:39.978038-04:00,vsin_dk,draftkings,epl,epl_20260319_brentford_leeds,,,Brentford,Leeds,180.0,40.0,60.0,54.0,46.0,,,,,,,,,,14.0,,False,,1,,,,,,,,,,,,
2026-03-19T10:36:39.978038-04:00,vsin_dk,draftkings,epl,epl_20260319_sunderland_newcastle,,,Sunderland,Newcastle,425.0,5.0,95.0,33.0,67.0,,,,,,,,,,28.0,,True,,1,,,,,,,,,,,,
2026-03-19T10:36:39.978038-04:00,vsin_dk,draftkings,epl,epl_20260319_nottingham_forest_tottenham,,,Nottingham Forest,Tottenham,220.0,20.0,80.0,19.0,81.0,,,,,,,,,,1.0,,False,,1,,,,,,,,,,,,
2026-03-19T10:36:39.978038-04:00,vsin_dk,draftkings,epl,epl_20260319_west_ham_aston_villa,,,West Ham,Aston Villa,285.0,8.0,92.0,16.0,84.0,,,,,,,,,,8.0,,False,,1,,,,,,,,,,,,
2026-03-19T10:36:39.978038-04:00,vsin_dk,draftkings,epl,epl_20260319_wolves_west_ham,,,Wolves,West Ham,310.0,20.0,80.0,72.0,28.0,,,,,,,,,,52.0,,True,,1,,,,,,,,,,,,
2026-03-19T10:36:39.978038-04:00,vsin_dk,draftkings,epl,epl_20260319_bournemouth_arsenal,,,Bournemouth,Arsenal,750.0,5.0,95.0,31.0,69.0,,,,,,,,,,26.0,,True,,1,,,,,,,,,,,,
2026-03-19T10:36:39.978038-04:00,vsin_dk,draftkings,epl,epl_20260319_newcastle_crystal_palace,,,Newcastle,Crystal Palace,145.0,73.0,27.0,80.0,20.0,,,,,,,,,,7.0,,False,,1,,,,,,,,,,,,
2026-03-19T10:36:39.978038-04:00,vsin_dk,draftkings,epl,epl_20260319_everton_brentford,,,Everton,Brentford,235.0,13.0,88.0,9.0,91.0,,,,,,,,,,3.0,,False,,1,,,,,,,,,,,,
2026-03-19T10:36:39.978038-04:00,vsin_dk,draftkings,epl,epl_20260319_aston_villa_nottingham_forest,,,Aston Villa,Nottingham Forest,175.0,55.0,45.0,82.0,18.0,,,,,,,,,,27.0,,True,,1,,,,,,,,,,,,
2026-03-19T10:36:39.978038-04:00,vsin_dk,draftkings,epl,epl_20260319_brighton_burnley,,,Brighton,Burnley,-125.0,93.0,7.0,84.0,16.0,,,,,,,,,,9.0,,False,,1,,,,,,,,,,,,
2026-03-19T10:36:39.978038-04:00,vsin_dk,draftkings,epl,epl_20260319_fulham_liverpool,,,Fulham,Liverpool,450.0,5.0,95.0,40.0,60.0,,,,,,,,,,35.0,,True,,1,,,,,,,,,,,,
2026-03-19T10:36:39.978038-04:00,vsin_dk,draftkings,epl,epl_20260319_tottenham_sunderland,,,Tottenham,Sunderland,155.0,48.0,52.0,40.0,60.0,,,,,,,,,,8.0,,False,,1,,,,,,,,,,,,
2026-03-19T10:36:39.978038-04:00,vsin_dk,draftkings,epl,epl_20260319_man_city_chelsea,,,Man City,Chelsea,130.0,88.0,12.0,97.0,3.0,,,,,,,,,,9.0,,False,,1,,,,,,,,,,,,
2026-03-19T10:36:39.978038-04:00,vsin_dk,draftkings,epl,epl_20260319_leeds_man_utd,,,Leeds,Man Utd,400.0,4.0,96.0,4.0,96.0,,,,,,,,,,0.0,,False,,1,,,,,,,,,,,,
2026-03-19T10:44:48.632888-04:00,vsin_dk,draftkings,epl,epl_20260319_man_utd_bournemouth,,,Man Utd,Bournemouth,110.0,94.0,6.0,93.0,7.0,,,,,,,,,,1.0,,False,,1,,,,,,,,,,,,
2026-03-19T10:44:48.632888-04:00,vsin_dk,draftkings,epl,epl_20260319_liverpool_brighton,,,Liverpool,Brighton,120.0,91.0,9.0,89.0,11.0,,,,,,,,,,2.0,,False,,1,,,,,,,,,,,,
2026-03-19T10:44:48.632888-04:00,vsin_dk,draftkings,epl,epl_20260319_burnley_fulham,,,Burnley,Fulham,500.0,5.0,95.0,20.0,80.0,,,,,,,,,,15.0,,True,,1,,,,,,,,,,,,
2026-03-19T10:44:48.632888-04:00,vsin_dk,draftkings,epl,epl_20260319_chelsea_everton,,,Chelsea,Everton,115.0,89.0,11.0,74.0,26.0,,,,,,,,,,15.0,,True,,1,,,,,,,,,,,,
2026-03-19T10:44:48.632888-04:00,vsin_dk,draftkings,epl,epl_20260319_brentford_leeds,,,Brentford,Leeds,180.0,40.0,60.0,54.0,46.0,,,,,,,,,,14.0,,False,,1,,,,,,,,,,,,
2026-03-19T10:44:48.632888-04:00,vsin_dk,draftkings,epl,epl_20260319_sunderland_newcastle,,,Sunderland,Newcastle,425.0,5.0,95.0,33.0,67.0,,,,,,,,,,28.0,,True,,1,,,,,,,,,,,,
2026-03-19T10:44:48.632888-04:00,vsin_dk,draftkings,epl,epl_20260319_nottingham_forest_tottenham,,,Nottingham Forest,Tottenham,220.0,20.0,80.0,19.0,81.0,,,,,,,,,,1.0,,False,,1,,,,,,,,,,,,
2026-03-19T10:44:48.632888-04:00,vsin_dk,draftkings,epl,epl_20260319_west_ham_aston_villa,,,West Ham,Aston Villa,285.0,8.0,92.0,16.0,84.0,,,,,,,,,,8.0,,False,,1,,,,,,,,,,,,
2026-03-19T10:44:48.632888-04:00,vsin_dk,draftkings,epl,epl_20260319_wolves_west_ham,,,Wolves,West Ham,310.0,20.0,80.0,72.0,28.0,,,,,,,,,,52.0,,True,,1,,,,,,,,,,,,
2026-03-19T10:44:48.632888-04:00,vsin_dk,draftkings,epl,epl_20260319_bournemouth_arsenal,,,Bournemouth,Arsenal,750.0,5.0,95.0,31.0,69.0,,,,,,,,,,26.0,,True,,1,,,,,,,,,,,,
2026-03-19T10:44:48.632888-04:00,vsin_dk,draftkings,epl,epl_20260319_newcastle_crystal_palace,,,Newcastle,Crystal Palace,145.0,73.0,27.0,80.0,20.0,,,,,,,,,,7.0,,False,,1,,,,,,,,,,,,
2026-03-19T10:44:48.632888-04:00,vsin_dk,draftkings,epl,epl_20260319_everton_brentford,,,Everton,Brentford,235.0,13.0,88.0,9.0,91.0,,,,,,,,,,3.0,,False,,1,,,,,,,,,,,,
2026-03-19T10:44:48.632888-04:00,vsin_dk,draftkings,epl,epl_20260319_aston_villa_nottingham_forest,,,Aston Villa,Nottingham Forest,175.0,55.0,45.0,82.0,18.0,,,,,,,,,,27.0,,True,,1,,,,,,,,,,,,
2026-03-19T10:44:48.632888-04:00,vsin_dk,draftkings,epl,epl_20260319_brighton_burnley,,,Brighton,Burnley,-125.0,93.0,7.0,84.0,16.0,,,,,,,,,,9.0,,False,,1,,,,,,,,,,,,
2026-03-19T10:44:48.632888-04:00,vsin_dk,draftkings,epl,epl_20260319_fulham_liverpool,,,Fulham,Liverpool,450.0,5.0,95.0,33.0,67.0,,,,,,,,,,28.0,,True,,1,,,,,,,,,,,,
2026-03-19T10:44:48.632888-04:00,vsin_dk,draftkings,epl,epl_20260319_tottenham_sunderland,,,Tottenham,Sunderland,155.0,46.0,54.0,36.0,64.0,,,,,,,,,,10.0,,False,,1,,,,,,,,,,,,
2026-03-19T10:44:48.632888-04:00,vsin_dk,draftkings,epl,epl_20260319_man_city_chelsea,,,Man City,Chelsea,130.0,88.0,12.0,97.0,3.0,,,,,,,,,,9.0,,False,,1,,,,,,,,,,,,
2026-03-19T10:44:48.632888-04:00,vsin_dk,draftkings,epl,epl_20260319_leeds_man_utd,,,Leeds,Man Utd,400.0,4.0,96.0,4.0,96.0,,,,,,,,,,0.0,,False,,1,,,,,,,,,,,,
2026-03-19T11:06:15.061369-04:00,vsin_dk,draftkings,epl,epl_20260319_man_utd_bournemouth,,,Man Utd,Bournemouth,110.0,94.0,6.0,93.0,7.0,,,,,,,,,,1.0,,False,,1,,,,,,,,,,,,
2026-03-19T11:06:15.061369-04:00,vsin_dk,draftkings,epl,epl_20260319_liverpool_brighton,,,Liverpool,Brighton,120.0,91.0,9.0,89.0,11.0,,,,,,,,,,2.0,,False,,1,,,,,,,,,,,,
2026-03-19T11:06:15.061369-04:00,vsin_dk,draftkings,epl,epl_20260319_burnley_fulham,,,Burnley,Fulham,500.0,5.0,95.0,20.0,80.0,,,,,,,,,,15.0,,True,,1,,,,,,,,,,,,
2026-03-19T11:06:15.061369-04:00,vsin_dk,draftkings,epl,epl_20260319_chelsea_everton,,,Chelsea,Everton,115.0,89.0,11.0,74.0,26.0,,,,,,,,,,15.0,,True,,1,,,,,,,,,,,,
2026-03-19T11:06:15.061369-04:00,vsin_dk,draftkings,epl,epl_20260319_brentford_leeds,,,Brentford,Leeds,180.0,41.0,59.0,54.0,46.0,,,,,,,,,,13.0,,False,,1,,,,,,,,,,,,
2026-03-19T11:06:15.061369-04:00,vsin_dk,draftkings,epl,epl_20260319_sunderland_newcastle,,,Sunderland,Newcastle,425.0,5.0,95.0,33.0,67.0,,,,,,,,,,28.0,,True,,1,,,,,,,,,,,,
2026-03-19T11:06:15.061369-04:00,vsin_dk,draftkings,epl,epl_20260319_nottingham_forest_tottenham,,,Nottingham Forest,Tottenham,220.0,20.0,80.0,18.0,82.0,,,,,,,,,,2.0,,False,,1,,,,,,,,,,,,
2026-03-19T11:06:15.061369-04:00,vsin_dk,draftkings,epl,epl_20260319_west_ham_aston_villa,,,West Ham,Aston Villa,285.0,8.0,92.0,16.0,84.0,,,,,,,,,,8.0,,False,,1,,,,,,,,,,,,
2026-03-19T11:06:15.061369-04:00,vsin_dk,draftkings,epl,epl_20260319_wolves_west_ham,,,Wolves,West Ham,310.0,20.0,80.0,72.0,28.0,,,,,,,,,,52.0,,True,,1,,,,,,,,,,,,
2026-03-19T11:06:15.061369-04:00,vsin_dk,draftkings,epl,epl_20260319_bournemouth_arsenal,,,Bournemouth,Arsenal,750.0,5.0,95.0,30.0,70.0,,,,,,,,,,25.0,,True,,1,,,,,,,,,,,,
2026-03-19T11:06:15.061369-04:00,vsin_dk,draftkings,epl,epl_20260319_newcastle_crystal_palace,,,Newcastle,Crystal Palace,145.0,73.0,27.0,80.0,20.0,,,,,,,,,,7.0,,False,,1,,,,,,,,,,,,
2026-03-19T11:06:15.061369-04:00,vsin_dk,draftkings,epl,epl_20260319_everton_brentford,,,Everton,Brentford,235.0,13.0,88.0,9.0,91.0,,,,,,,,,,3.0,,False,,1,,,,,,,,,,,,
2026-03-19T11:06:15.061369-04:00,vsin_dk,draftkings,epl,epl_20260319_aston_villa_nottingham_forest,,,Aston Villa,Nottingham Forest,175.0,55.0,45.0,82.0,18.0,,,,,,,,,,27.0,,True,,1,,,,,,,,,,,,
2026-03-19T11:06:15.061369-04:00,vsin_dk,draftkings,epl,epl_20260319_brighton_burnley,,,Brighton,Burnley,-125.0,93.0,7.0,84.0,16.0,,,,,,,,,,9.0,,False,,1,,,,,,,,,,,,
2026-03-19T11:06:15.061369-04:00,vsin_dk,draftkings,epl,epl_20260319_fulham_liverpool,,,Fulham,Liverpool,450.0,5.0,95.0,33.0,67.0,,,,,,,,,,28.0,,True,,1,,,,,,,,,,,,
2026-03-19T11:06:15.061369-04:00,vsin_dk,draftkings,epl,epl_20260319_tottenham_sunderland,,,Tottenham,Sunderland,155.0,46.0,54.0,36.0,64.0,,,,,,,,,,10.0,,False,,1,,,,,,,,,,,,
2026-03-19T11:06:15.061369-04:00,vsin_dk,draftkings,epl,epl_20260319_man_city_chelsea,,,Man City,Chelsea,130.0,88.0,12.0,97.0,3.0,,,,,,,,,,9.0,,False,,1,,,,,,,,,,,,
2026-03-19T11:06:15.061369-04:00,vsin_dk,draftkings,epl,epl_20260319_leeds_man_utd,,,Leeds,Man Utd,400.0,4.0,96.0,4.0,96.0,,,,,,,,,,0.0,,False,,1,,,,,,,,,,,,
2026-03-19T11:37:34.669412-04:00,vsin_dk,draftkings,epl,epl_20260319_man_utd_bournemouth,,,Man Utd,Bournemouth,110.0,94.0,6.0,94.0,6.0,,,,,,,,,,0.0,,False,,1,,,,,,,,,,,,
2026-03-19T11:37:34.669412-04:00,vsin_dk,draftkings,epl,epl_20260319_liverpool_brighton,,,Liverpool,Brighton,120.0,91.0,9.0,91.0,9.0,,,,,,,,,,0.0,,False,,1,,,,,,,,,,,,
2026-03-19T11:37:34.669412-04:00,vsin_dk,draftkings,epl,epl_20260319_burnley_fulham,,,Burnley,Fulham,500.0,5.0,95.0,20.0,80.0,,,,,,,,,,15.0,,True,,1,,,,,,,,,,,,
2026-03-19T11:37:34.669412-04:00,vsin_dk,draftkings,epl,epl_20260319_chelsea_everton,,,Chelsea,Everton,115.0,89.0,11.0,74.0,26.0,,,,,,,,,,15.0,,True,,1,,,,,,,,,,,,
2026-03-19T11:37:34.669412-04:00,vsin_dk,draftkings,epl,epl_20260319_brentford_leeds,,,Brentford,Leeds,180.0,41.0,59.0,54.0,46.0,,,,,,,,,,13.0,,False,,1,,,,,,,,,,,,
2026-03-19T11:37:34.669412-04:00,vsin_dk,draftkings,epl,epl_20260319_sunderland_newcastle,,,Sunderland,Newcastle,425.0,5.0,95.0,33.0,67.0,,,,,,,,,,28.0,,True,,1,,,,,,,,,,,,
2026-03-19T11:37:34.669412-04:00,vsin_dk,draftkings,epl,epl_20260319_nottingham_forest_tottenham,,,Nottingham Forest,Tottenham,220.0,20.0,80.0,18.0,82.0,,,,,,,,,,2.0,,False,,1,,,,,,,,,,,,
2026-03-19T11:37:34.669412-04:00,vsin_dk,draftkings,epl,epl_20260319_west_ham_aston_villa,,,West Ham,Aston Villa,285.0,8.0,92.0,15.0,85.0,,,,,,,,,,7.0,,False,,1,,,,,,,,,,,,
2026-03-19T11:37:34.669412-04:00,vsin_dk,draftkings,epl,epl_20260319_wolves_west_ham,,,Wolves,West Ham,310.0,20.0,80.0,72.0,28.0,,,,,,,,,,52.0,,True,,1,,,,,,,,,,,,
2026-03-19T11:37:34.669412-04:00,vsin_dk,draftkings,epl,epl_20260319_bournemouth_arsenal,,,Bournemouth,Arsenal,750.0,5.0,95.0,30.0,70.0,,,,,,,,,,25.0,,True,,1,,,,,,,,,,,,
2026-03-19T11:37:34.669412-04:00,vsin_dk,draftkings,epl,epl_20260319_newcastle_crystal_palace,,,Newcastle,Crystal Palace,145.0,73.0,27.0,80.0,20.0,,,,,,,,,,7.0,,False,,1,,,,,,,,,,,,
2026-03-19T11:37:34.669412-04:00,vsin_dk,draftkings,epl,epl_20260319_everton_brentford,,,Everton,Brentford,235.0,13.0,88.0,9.0,91.0,,,,,,,,,,3.0,,False,,1,,,,,,,,,,,,
2026-03-19T11:37:34.669412-04:00,vsin_dk,draftkings,epl,epl_20260319_aston_villa_nottingham_forest,,,Aston Villa,Nottingham Forest,175.0,55.0,45.0,82.0,18.0,,,,,,,,,,27.0,,True,,1,,,,,,,,,,,,
2026-03-19T11:37:34.669412-04:00,vsin_dk,draftkings,epl,epl_20260319_brighton_burnley,,,Brighton,Burnley,-125.0,93.0,7.0,84.0,16.0,,,,,,,,,,9.0,,False,,1,,,,,,,,,,,,
2026-03-19T11:37:34.669412-04:00,vsin_dk,draftkings,epl,epl_20260319_fulham_liverpool,,,Fulham,Liverpool,450.0,5.0,95.0,33.0,67.0,,,,,,,,,,28.0,,True,,1,,,,,,,,,,,,
2026-03-19T11:37:34.669412-04:00,vsin_dk,draftkings,epl,epl_20260319_tottenham_sunderland,,,Tottenham,Sunderland,155.0,46.0,54.0,36.0,64.0,,,,,,,,,,10.0,,False,,1,,,,,,,,,,,,
2026-03-19T11:37:34.669412-04:00,vsin_dk,draftkings,epl,epl_20260319_man_city_chelsea,,,Man City,Chelsea,130.0,88.0,12.0,97.0,3.0,,,,,,,,,,9.0,,False,,1,,,,,,,,,,,,
2026-03-19T11:37:34.669412-04:00,vsin_dk,draftkings,epl,epl_20260319_leeds_man_utd,,,Leeds,Man Utd,400.0,4.0,96.0,4.0,96.0,,,,,,,,,,0.0,,False,,1,,,,,,,,,,,,
2026-03-19T12:06:44.067310-04:00,vsin_dk,draftkings,epl,epl_20260319_man_utd_bournemouth,,,Man Utd,Bournemouth,110.0,94.0,6.0,94.0,6.0,,,,,,,,,,0.0,,False,,1,,,,,,,,,,,,
2026-03-19T12:06:44.067310-04:00,vsin_dk,draftkings,epl,epl_20260319_liverpool_brighton,,,Liverpool,Brighton,120.0,91.0,9.0,91.0,9.0,,,,,,,,,,0.0,,False,,1,,,,,,,,,,,,
2026-03-19T12:06:44.067310-04:00,vsin_dk,draftkings,epl,epl_20260319_burnley_fulham,,,Burnley,Fulham,500.0,5.0,95.0,20.0,80.0,,,,,,,,,,15.0,,True,,1,,,,,,,,,,,,
2026-03-19T12:06:44.067310-04:00,vsin_dk,draftkings,epl,epl_20260319_chelsea_everton,,,Chelsea,Everton,115.0,89.0,11.0,74.0,26.0,,,,,,,,,,15.0,,True,,1,,,,,,,,,,,,
2026-03-19T12:06:44.067310-04:00,vsin_dk,draftkings,epl,epl_20260319_brentford_leeds,,,Brentford,Leeds,180.0,41.0,59.0,54.0,46.0,,,,,,,,,,13.0,,False,,1,,,,,,,,,,,,
2026-03-19T12:06:44.067310-04:00,vsin_dk,draftkings,epl,epl_20260319_sunderland_newcastle,,,Sunderland,Newcastle,425.0,5.0,95.0,33.0,67.0,,,,,,,,,,28.0,,True,,1,,,,,,,,,,,,
2026-03-19T12:06:44.067310-04:00,vsin_dk,draftkings,epl,epl_20260319_nottingham_forest_tottenham,,,Nottingham Forest,Tottenham,220.0,20.0,80.0,18.0,82.0,,,,,,,,,,2.0,,False,,1,,,,,,,,,,,,
2026-03-19T12:06:44.067310-04:00,vsin_dk,draftkings,epl,epl_20260319_west_ham_aston_villa,,,West Ham,Aston Villa,285.0,8.0,92.0,16.0,84.0,,,,,,,,,,8.0,,False,,1,,,,,,,,,,,,
2026-03-19T12:06:44.067310-04:00,vsin_dk,draftkings,epl,epl_20260319_wolves_west_ham,,,Wolves,West Ham,310.0,21.0,79.0,72.0,28.0,,,,,,,,,,51.0,,True,,1,,,,,,,,,,,,
2026-03-19T12:06:44.067310-04:00,vsin_dk,draftkings,epl,epl_20260319_bournemouth_arsenal,,,Bournemouth,Arsenal,750.0,5.0,95.0,30.0,70.0,,,,,,,,,,25.0,,True,,1,,,,,,,,,,,,
2026-03-19T12:06:44.067310-04:00,vsin_dk,draftkings,epl,epl_20260319_newcastle_crystal_palace,,,Newcastle,Crystal Palace,145.0,73.0,27.0,80.0,20.0,,,,,,,,,,7.0,,False,,1,,,,,,,,,,,,
2026-03-19T12:06:44.067310-04:00,vsin_dk,draftkings,epl,epl_20260319_everton_brentford,,,Everton,Brentford,235.0,13.0,88.0,9.0,91.0,,,,,,,,,,3.0,,False,,1,,,,,,,,,,,,
2026-03-19T12:06:44.067310-04:00,vsin_dk,draftkings,epl,epl_20260319_aston_villa_nottingham_forest,,,Aston Villa,Nottingham Forest,175.0,55.0,45.0,82.0,18.0,,,,,,,,,,27.0,,True,,1,,,,,,,,,,,,
2026-03-19T12:06:44.067310-04:00,vsin_dk,draftkings,epl,epl_20260319_brighton_burnley,,,Brighton,Burnley,-125.0,93.0,7.0,84.0,16.0,,,,,,,,,,9.0,,False,,1,,,,,,,,,,,,
2026-03-19T12:06:44.067310-04:00,vsin_dk,draftkings,epl,epl_20260319_fulham_liverpool,,,Fulham,Liverpool,450.0,5.0,95.0,33.0,67.0,,,,,,,,,,28.0,,True,,1,,,,,,,,,,,,
2026-03-19T12:06:44.067310-04:00,vsin_dk,draftkings,epl,epl_20260319_tottenham_sunderland,,,Tottenham,Sunderland,155.0,46.0,54.0,36.0,64.0,,,,,,,,,,10.0,,False,,1,,,,,,,,,,,,
2026-03-19T12:06:44.067310-04:00,vsin_dk,draftkings,epl,epl_20260319_man_city_chelsea,,,Man City,Chelsea,130.0,88.0,12.0,97.0,3.0,,,,,,,,,,9.0,,False,,1,,,,,,,,,,,,
2026-03-19T12:06:44.067310-04:00,vsin_dk,draftkings,epl,epl_20260319_leeds_man_utd,,,Leeds,Man Utd,400.0,4.0,96.0,4.0,96.0,,,,,,,,,,0.0,,False,,1,,,,,,,,,,,,
2026-03-19T12:36:00.540046-04:00,vsin_dk,draftkings,epl,epl_20260319_man_utd_bournemouth,,,Man Utd,Bournemouth,110.0,94.0,6.0,94.0,6.0,,,,,,,,,,0.0,,False,,1,,,,,,,,,,,,
2026-03-19T12:36:00.540046-04:00,vsin_dk,draftkings,epl,epl_20260319_liverpool_brighton,,,Liverpool,Brighton,120.0,91.0,9.0,90.0,10.0,,,,,,,,,,1.0,,False,,1,,,,,,,,,,,,
2026-03-19T12:36:00.540046-04:00,vsin_dk,draftkings,epl,epl_20260319_burnley_fulham,,,Burnley,Fulham,500.0,5.0,95.0,18.0,82.0,,,,,,,,,,13.0,,False,,1,,,,,,,,,,,,
2026-03-19T12:36:00.540046-04:00,vsin_dk,draftkings,epl,epl_20260319_chelsea_everton,,,Chelsea,Everton,115.0,89.0,11.0,74.0,26.0,,,,,,,,,,15.0,,True,,1,,,,,,,,,,,,
2026-03-19T12:36:00.540046-04:00,vsin_dk,draftkings,epl,epl_20260319_brentford_leeds,,,Brentford,Leeds,180.0,41.0,59.0,54.0,46.0,,,,,,,,,,13.0,,False,,1,,,,,,,,,,,,
2026-03-19T12:36:00.540046-04:00,vsin_dk,draftkings,epl,epl_20260319_sunderland_newcastle,,,Sunderland,Newcastle,425.0,5.0,95.0,31.0,69.0,,,,,,,,,,26.0,,True,,1,,,,,,,,,,,,
2026-03-19T12:36:00.540046-04:00,vsin_dk,draftkings,epl,epl_20260319_nottingham_forest_tottenham,,,Nottingham Forest,Tottenham,220.0,20.0,80.0,18.0,82.0,,,,,,,,,,2.0,,False,,1,,,,,,,,,,,,
2026-03-19T12:36:00.540046-04:00,vsin_dk,draftkings,epl,epl_20260319_west_ham_aston_villa,,,West Ham,Aston Villa,285.0,8.0,92.0,15.0,85.0,,,,,,,,,,7.0,,False,,1,,,,,,,,,,,,
2026-03-19T12:36:00.540046-04:00,vsin_dk,draftkings,epl,epl_20260319_wolves_west_ham,,,Wolves,West Ham,310.0,21.0,79.0,72.0,28.0,,,,,,,,,,51.0,,True,,1,,,,,,,,,,,,
2026-03-19T12:36:00.540046-04:00,vsin_dk,draftkings,epl,epl_20260319_bournemouth_arsenal,,,Bournemouth,Arsenal,750.0,5.0,95.0,30.0,70.0,,,,,,,,,,25.0,,True,,1,,,,,,,,,,,,
2026-03-19T12:36:00.540046-04:00,vsin_dk,draftkings,epl,epl_20260319_newcastle_crystal_palace,,,Newcastle,Crystal Palace,145.0,73.0,27.0,80.0,20.0,,,,,,,,,,7.0,,False,,1,,,,,,,,,,,,
2026-03-19T12:36:00.540046-04:00,vsin_dk,draftkings,epl,epl_20260319_everton_brentford,,,Everton,Brentford,235.0,13.0,88.0,9.0,91.0,,,,,,,,,,3.0,,False,,1,,,,,,,,,,,,
2026-03-19T12:36:00.540046-04:00,vsin_dk,draftkings,epl,epl_20260319_aston_villa_nottingham_forest,,,Aston Villa,Nottingham Forest,170.0,55.0,45.0,82.0,18.0,,,,,,,,,,27.0,,True,,1,,,,,,,,,,,,
2026-03-19T12:36:00.540046-04:00,vsin_dk,draftkings,epl,epl_20260319_brighton_burnley,,,Brighton,Burnley,-125.0,93.0,7.0,84.0,16.0,,,,,,,,,,9.0,,False,,1,,,,,,,,,,,,
2026-03-19T12:36:00.540046-04:00,vsin_dk,draftkings,epl,epl_20260319_fulham_liverpool,,,Fulham,Liverpool,450.0,5.0,95.0,33.0,67.0,,,,,,,,,,28.0,,True,,1,,,,,,,,,,,,
2026-03-19T12:36:00.540046-04:00,vsin_dk,draftkings,epl,epl_20260319_tottenham_sunderland,,,Tottenham,Sunderland,155.0,46.0,54.0,36.0,64.0,,,,,,,,,,10.0,,False,,1,,,,,,,,,,,,
2026-03-19T12:36:00.540046-04:00,vsin_dk,draftkings,epl,epl_20260319_man_city_chelsea,,,Man City,Chelsea,130.0,88.0,12.0,97.0,3.0,,,,,,,,,,9.0,,False,,1,,,,,,,,,,,,
2026-03-19T12:36:00.540046-04:00,vsin_dk,draftkings,epl,epl_20260319_leeds_man_utd,,,Leeds,Man Utd,400.0,3.0,97.0,4.0,96.0,,,,,,,,,,1.0,,False,,1,,,,,,,,,,,,
2026-03-19T13:06:06.501251-04:00,vsin_dk,draftkings,epl,epl_20260319_man_utd_bournemouth,,,Man Utd,Bournemouth,110.0,94.0,6.0,94.0,6.0,,,,,,,,,,0.0,,False,,1,,,,,,,,,,,,
2026-03-19T13:06:06.501251-04:00,vsin_dk,draftkings,epl,epl_20260319_liverpool_brighton,,,Liverpool,Brighton,120.0,91.0,9.0,90.0,10.0,,,,,,,,,,1.0,,False,,1,,,,,,,,,,,,
2026-03-19T13:06:06.501251-04:00,vsin_dk,draftkings,epl,epl_20260319_burnley_fulham,,,Burnley,Fulham,500.0,5.0,95.0,18.0,82.0,,,,,,,,,,13.0,,False,,1,,,,,,,,,,,,
2026-03-19T13:06:06.501251-04:00,vsin_dk,draftkings,epl,epl_20260319_chelsea_everton,,,Chelsea,Everton,115.0,89.0,11.0,73.0,27.0,,,,,,,,,,16.0,,True,,1,,,,,,,,,,,,
2026-03-19T13:06:06.501251-04:00,vsin_dk,draftkings,epl,epl_20260319_brentford_leeds,,,Brentford,Leeds,180.0,41.0,59.0,54.0,46.0,,,,,,,,,,13.0,,False,,1,,,,,,,,,,,,
2026-03-19T13:06:06.501251-04:00,vsin_dk,draftkings,epl,epl_20260319_sunderland_newcastle,,,Sunderland,Newcastle,425.0,5.0,95.0,31.0,69.0,,,,,,,,,,26.0,,True,,1,,,,,,,,,,,,
2026-03-19T13:06:06.501251-04:00,vsin_dk,draftkings,epl,epl_20260319_nottingham_forest_tottenham,,,Nottingham Forest,Tottenham,220.0,20.0,80.0,18.0,82.0,,,,,,,,,,2.0,,False,,1,,,,,,,,,,,,
2026-03-19T13:06:06.501251-04:00,vsin_dk,draftkings,epl,epl_20260319_west_ham_aston_villa,,,West Ham,Aston Villa,285.0,8.0,92.0,15.0,85.0,,,,,,,,,,7.0,,False,,1,,,,,,,,,,,,
2026-03-19T13:06:06.501251-04:00,vsin_dk,draftkings,epl,epl_20260319_wolves_west_ham,,,Wolves,West Ham,310.0,21.0,79.0,71.0,29.0,,,,,,,,,,50.0,,True,,1,,,,,,,,,,,,
2026-03-19T13:06:06.501251-04:00,vsin_dk,draftkings,epl,epl_20260319_bournemouth_arsenal,,,Bournemouth,Arsenal,750.0,5.0,95.0,30.0,70.0,,,,,,,,,,25.0,,True,,1,,,,,,,,,,,,
2026-03-19T13:06:06.501251-04:00,vsin_dk,draftkings,epl,epl_20260319_newcastle_crystal_palace,,,Newcastle,Crystal Palace,145.0,73.0,27.0,80.0,20.0,,,,,,,,,,7.0,,False,,1,,,,,,,,,,,,
2026-03-19T13:06:06.501251-04:00,vsin_dk,draftkings,epl,epl_20260319_everton_brentford,,,Everton,Brentford,235.0,13.0,88.0,9.0,91.0,,,,,,,,,,3.0,,False,,1,,,,,,,,,,,,
2026-03-19T13:06:06.501251-04:00,vsin_dk,draftkings,epl,epl_20260319_aston_villa_nottingham_forest,,,Aston Villa,Nottingham Forest,170.0,55.0,45.0,82.0,18.0,,,,,,,,,,27.0,,True,,1,,,,,,,,,,,,
2026-03-19T13:06:06.501251-04:00,vsin_dk,draftkings,epl,epl_20260319_brighton_burnley,,,Brighton,Burnley,-125.0,93.0,7.0,84.0,16.0,,,,,,,,,,9.0,,False,,1,,,,,,,,,,,,
2026-03-19T13:06:06.501251-04:00,vsin_dk,draftkings,epl,epl_20260319_fulham_liverpool,,,Fulham,Liverpool,450.0,5.0,95.0,33.0,67.0,,,,,,,,,,28.0,,True,,1,,,,,,,,,,,,
2026-03-19T13:06:06.501251-04:00,vsin_dk,draftkings,epl,epl_20260319_tottenham_sunderland,,,Tottenham,Sunderland,155.0,46.0,54.0,36.0,64.0,,,,,,,,,,10.0,,False,,1,,,,,,,,,,,,
2026-03-19T13:06:06.501251-04:00,vsin_dk,draftkings,epl,epl_20260319_man_city_chelsea,,,Man City,Chelsea,130.0,89.0,11.0,97.0,3.0,,,,,,,,,,8.0,,False,,1,,,,,,,,,,,,
2026-03-19T13:06:06.501251-04:00,vsin_dk,draftkings,epl,epl_20260319_leeds_man_utd,,,Leeds,Man Utd,400.0,3.0,97.0,4.0,96.0,,,,,,,,,,1.0,,False,,1,,,,,,,,,,,,
2026-03-19T13:36:26.335014-04:00,vsin_dk,draftkings,epl,epl_20260319_man_utd_bournemouth,,,Man Utd,Bournemouth,110.0,94.0,6.0,93.0,7.0,,,,,,,,,,1.0,,False,,1,,,,,,,,,,,,
2026-03-19T13:36:26.335014-04:00,vsin_dk,draftkings,epl,epl_20260319_liverpool_brighton,,,Liverpool,Brighton,120.0,91.0,9.0,90.0,10.0,,,,,,,,,,1.0,,False,,1,,,,,,,,,,,,
2026-03-19T13:36:26.335014-04:00,vsin_dk,draftkings,epl,epl_20260319_burnley_fulham,,,Burnley,Fulham,500.0,5.0,95.0,18.0,82.0,,,,,,,,,,13.0,,False,,1,,,,,,,,,,,,
2026-03-19T13:36:26.335014-04:00,vsin_dk,draftkings,epl,epl_20260319_chelsea_everton,,,Chelsea,Everton,115.0,89.0,11.0,74.0,26.0,,,,,,,,,,15.0,,True,,1,,,,,,,,,,,,
2026-03-19T13:36:26.335014-04:00,vsin_dk,draftkings,epl,epl_20260319_brentford_leeds,,,Brentford,Leeds,180.0,42.0,58.0,54.0,46.0,,,,,,,,,,12.0,,False,,1,,,,,,,,,,,,
2026-03-19T13:36:26.335014-04:00,vsin_dk,draftkings,epl,epl_20260319_sunderland_newcastle,,,Sunderland,Newcastle,425.0,5.0,95.0,30.0,70.0,,,,,,,,,,25.0,,True,,1,,,,,,,,,,,,
2026-03-19T13:36:26.335014-04:00,vsin_dk,draftkings,epl,epl_20260319_nottingham_forest_tottenham,,,Nottingham Forest,Tottenham,220.0,20.0,80.0,18.0,82.0,,,,,,,,,,2.0,,False,,1,,,,,,,,,,,,
2026-03-19T13:36:26.335014-04:00,vsin_dk,draftkings,epl,epl_20260319_west_ham_aston_villa,,,West Ham,Aston Villa,285.0,8.0,92.0,15.0,85.0,,,,,,,,,,7.0,,False,,1,,,,,,,,,,,,
2026-03-19T13:36:26.335014-04:00,vsin_dk,draftkings,epl,epl_20260319_wolves_west_ham,,,Wolves,West Ham,310.0,21.0,79.0,71.0,29.0,,,,,,,,,,50.0,,True,,1,,,,,,,,,,,,
2026-03-19T13:36:26.335014-04:00,vsin_dk,draftkings,epl,epl_20260319_bournemouth_arsenal,,,Bournemouth,Arsenal,750.0,5.0,95.0,30.0,70.0,,,,,,,,,,25.0,,True,,1,,,,,,,,,,,,
2026-03-19T13:36:26.335014-04:00,vsin_dk,draftkings,epl,epl_20260319_newcastle_crystal_palace,,,Newcastle,Crystal Palace,145.0,73.0,27.0,80.0,20.0,,,,,,,,,,7.0,,False,,1,,,,,,,,,,,,
2026-03-19T13:36:26.335014-04:00,vsin_dk,draftkings,epl,epl_20260319_everton_brentford,,,Everton,Brentford,235.0,13.0,88.0,9.0,91.0,,,,,,,,,,3.0,,False,,1,,,,,,,,,,,,
2026-03-19T13:36:26.335014-04:00,vsin_dk,draftkings,epl,epl_20260319_aston_villa_nottingham_forest,,,Aston Villa,Nottingham Forest,170.0,55.0,45.0,82.0,18.0,,,,,,,,,,27.0,,True,,1,,,,,,,,,,,,
2026-03-19T13:36:26.335014-04:00,vsin_dk,draftkings,epl,epl_20260319_brighton_burnley,,,Brighton,Burnley,-125.0,93.0,7.0,84.0,16.0,,,,,,,,,,9.0,,False,,1,,,,,,,,,,,,
2026-03-19T13:36:26.335014-04:00,vsin_dk,draftkings,epl,epl_20260319_fulham_liverpool,,,Fulham,Liverpool,450.0,5.0,95.0,33.0,67.0,,,,,,,,,,28.0,,True,,1,,,,,,,,,,,,
2026-03-19T13:36:26.335014-04:00,vsin_dk,draftkings,epl,epl_20260319_tottenham_sunderland,,,Tottenham,Sunderland,155.0,46.0,54.0,36.0,64.0,,,,,,,,,,10.0,,False,,1,,,,,,,,,,,,
2026-03-19T13:36:26.335014-04:00,vsin_dk,draftkings,epl,epl_20260319_man_city_chelsea,,,Man City,Chelsea,130.0,89.0,11.0,97.0,3.0,,,,,,,,,,8.0,,False,,1,,,,,,,,,,,,
2026-03-19T13:36:26.335014-04:00,vsin_dk,draftkings,epl,epl_20260319_leeds_man_utd,,,Leeds,Man Utd,400.0,3.0,97.0,4.0,96.0,,,,,,,,,,1.0,,False,,1,,,,,,,,,,,,
2026-03-19T14:06:46.378579-04:00,vsin_dk,draftkings,epl,epl_20260319_man_utd_bournemouth,,,Man Utd,Bournemouth,110.0,94.0,6.0,93.0,7.0,,,,,,,,,,1.0,,False,,1,,,,,,,,,,,,
2026-03-19T14:06:46.378579-04:00,vsin_dk,draftkings,epl,epl_20260319_liverpool_brighton,,,Liverpool,Brighton,120.0,91.0,9.0,91.0,9.0,,,,,,,,,,0.0,,False,,1,,,,,,,,,,,,
2026-03-19T14:06:46.378579-04:00,vsin_dk,draftkings,epl,epl_20260319_burnley_fulham,,,Burnley,Fulham,500.0,5.0,95.0,18.0,82.0,,,,,,,,,,13.0,,False,,1,,,,,,,,,,,,
2026-03-19T14:06:46.378579-04:00,vsin_dk,draftkings,epl,epl_20260319_chelsea_everton,,,Chelsea,Everton,115.0,89.0,11.0,75.0,25.0,,,,,,,,,,14.0,,False,,1,,,,,,,,,,,,
2026-03-19T14:06:46.378579-04:00,vsin_dk,draftkings,epl,epl_20260319_brentford_leeds,,,Brentford,Leeds,180.0,42.0,58.0,54.0,46.0,,,,,,,,,,12.0,,False,,1,,,,,,,,,,,,
2026-03-19T14:06:46.378579-04:00,vsin_dk,draftkings,epl,epl_20260319_sunderland_newcastle,,,Sunderland,Newcastle,425.0,5.0,95.0,30.0,70.0,,,,,,,,,,25.0,,True,,1,,,,,,,,,,,,
2026-03-19T14:06:46.378579-04:00,vsin_dk,draftkings,epl,epl_20260319_nottingham_forest_tottenham,,,Nottingham Forest,Tottenham,220.0,20.0,80.0,18.0,82.0,,,,,,,,,,2.0,,False,,1,,,,,,,,,,,,
2026-03-19T14:06:46.378579-04:00,vsin_dk,draftkings,epl,epl_20260319_west_ham_aston_villa,,,West Ham,Aston Villa,285.0,8.0,92.0,15.0,85.0,,,,,,,,,,7.0,,False,,1,,,,,,,,,,,,
2026-03-19T14:06:46.378579-04:00,vsin_dk,draftkings,epl,epl_20260319_wolves_west_ham,,,Wolves,West Ham,310.0,21.0,79.0,71.0,29.0,,,,,,,,,,50.0,,True,,1,,,,,,,,,,,,
2026-03-19T14:06:46.378579-04:00,vsin_dk,draftkings,epl,epl_20260319_bournemouth_arsenal,,,Bournemouth,Arsenal,750.0,5.0,95.0,30.0,70.0,,,,,,,,,,25.0,,True,,1,,,,,,,,,,,,
2026-03-19T14:06:46.378579-04:00,vsin_dk,draftkings,epl,epl_20260319_newcastle_crystal_palace,,,Newcastle,Crystal Palace,145.0,66.0,34.0,78.0,22.0,,,,,,,,,,12.0,,False,,1,,,,,,,,,,,,
2026-03-19T14:06:46.378579-04:00,vsin_dk,draftkings,epl,epl_20260319_everton_brentford,,,Everton,Brentford,235.0,13.0,88.0,9.0,91.0,,,,,,,,,,3.0,,False,,1,,,,,,,,,,,,
2026-03-19T14:06:46.378579-04:00,vsin_dk,draftkings,epl,epl_20260319_aston_villa_nottingham_forest,,,Aston Villa,Nottingham Forest,170.0,55.0,45.0,82.0,18.0,,,,,,,,,,27.0,,True,,1,,,,,,,,,,,,
2026-03-19T14:06:46.378579-04:00,vsin_dk,draftkings,epl,epl_20260319_brighton_burnley,,,Brighton,Burnley,-125.0,93.0,7.0,84.0,16.0,,,,,,,,,,9.0,,False,,1,,,,,,,,,,,,
2026-03-19T14:06:46.378579-04:00,vsin_dk,draftkings,epl,epl_20260319_fulham_liverpool,,,Fulham,Liverpool,450.0,5.0,95.0,33.0,67.0,,,,,,,,,,28.0,,True,,1,,,,,,,,,,,,
2026-03-19T14:06:46.378579-04:00,vsin_dk,draftkings,epl,epl_20260319_tottenham_sunderland,,,Tottenham,Sunderland,155.0,46.0,54.0,36.0,64.0,,,,,,,,,,10.0,,False,,1,,,,,,,,,,,,
2026-03-19T14:06:46.378579-04:00,vsin_dk,draftkings,epl,epl_20260319_man_city_chelsea,,,Man City,Chelsea,130.0,89.0,11.0,97.0,3.0,,,,,,,,,,8.0,,False,,1,,,,,,,,,,,,
2026-03-19T14:06:46.378579-04:00,vsin_dk,draftkings,epl,epl_20260319_leeds_man_utd,,,Leeds,Man Utd,400.0,3.0,97.0,4.0,96.0,,,,,,,,,,1.0,,False,,1,,,,,,,,,,,,
2026-03-19T14:36:27.497930-04:00,vsin_dk,draftkings,epl,epl_20260319_man_utd_bournemouth,,,Man Utd,Bournemouth,110.0,94.0,6.0,93.0,7.0,,,,,,,,,,1.0,,False,,1,,,,,,,,,,,,
2026-03-19T14:36:27.497930-04:00,vsin_dk,draftkings,epl,epl_20260319_liverpool_brighton,,,Liverpool,Brighton,120.0,91.0,9.0,90.0,10.0,,,,,,,,,,1.0,,False,,1,,,,,,,,,,,,
2026-03-19T14:36:27.497930-04:00,vsin_dk,draftkings,epl,epl_20260319_burnley_fulham,,,Burnley,Fulham,500.0,5.0,95.0,18.0,82.0,,,,,,,,,,13.0,,False,,1,,,,,,,,,,,,
2026-03-19T14:36:27.497930-04:00,vsin_dk,draftkings,epl,epl_20260319_chelsea_everton,,,Chelsea,Everton,115.0,89.0,11.0,75.0,25.0,,,,,,,,,,14.0,,False,,1,,,,,,,,,,,,
2026-03-19T14:36:27.497930-04:00,vsin_dk,draftkings,epl,epl_20260319_brentford_leeds,,,Brentford,Leeds,180.0,42.0,58.0,49.0,51.0,,,,,,,,,,7.0,,False,,1,,,,,,,,,,,,
2026-03-19T14:36:27.497930-04:00,vsin_dk,draftkings,epl,epl_20260319_sunderland_newcastle,,,Sunderland,Newcastle,425.0,5.0,95.0,30.0,70.0,,,,,,,,,,25.0,,True,,1,,,,,,,,,,,,
2026-03-19T14:36:27.497930-04:00,vsin_dk,draftkings,epl,epl_20260319_nottingham_forest_tottenham,,,Nottingham Forest,Tottenham,220.0,20.0,80.0,18.0,82.0,,,,,,,,,,2.0,,False,,1,,,,,,,,,,,,
2026-03-19T14:36:27.497930-04:00,vsin_dk,draftkings,epl,epl_20260319_west_ham_aston_villa,,,West Ham,Aston Villa,285.0,8.0,92.0,15.0,85.0,,,,,,,,,,7.0,,False,,1,,,,,,,,,,,,
2026-03-19T14:36:27.497930-04:00,vsin_dk,draftkings,epl,epl_20260319_wolves_west_ham,,,Wolves,West Ham,310.0,21.0,79.0,71.0,29.0,,,,,,,,,,50.0,,True,,1,,,,,,,,,,,,
2026-03-19T14:36:27.497930-04:00,vsin_dk,draftkings,epl,epl_20260319_bournemouth_arsenal,,,Bournemouth,Arsenal,750.0,5.0,95.0,29.0,71.0,,,,,,,,,,24.0,,True,,1,,,,,,,,,,,,
2026-03-19T14:36:27.497930-04:00,vsin_dk,draftkings,epl,epl_20260319_newcastle_crystal_palace,,,Newcastle,Crystal Palace,145.0,64.0,36.0,78.0,22.0,,,,,,,,,,14.0,,False,,1,,,,,,,,,,,,
2026-03-19T14:36:27.497930-04:00,vsin_dk,draftkings,epl,epl_20260319_everton_brentford,,,Everton,Brentford,235.0,13.0,88.0,9.0,91.0,,,,,,,,,,3.0,,False,,1,,,,,,,,,,,,
2026-03-19T14:36:27.497930-04:00,vsin_dk,draftkings,epl,epl_20260319_aston_villa_nottingham_forest,,,Aston Villa,Nottingham Forest,170.0,55.0,45.0,82.0,18.0,,,,,,,,,,27.0,,True,,1,,,,,,,,,,,,
2026-03-19T14:36:27.497930-04:00,vsin_dk,draftkings,epl,epl_20260319_brighton_burnley,,,Brighton,Burnley,-125.0,93.0,7.0,84.0,16.0,,,,,,,,,,9.0,,False,,1,,,,,,,,,,,,
2026-03-19T14:36:27.497930-04:00,vsin_dk,draftkings,epl,epl_20260319_fulham_liverpool,,,Fulham,Liverpool,450.0,5.0,95.0,33.0,67.0,,,,,,,,,,28.0,,True,,1,,,,,,,,,,,,
2026-03-19T14:36:27.497930-04:00,vsin_dk,draftkings,epl,epl_20260319_tottenham_sunderland,,,Tottenham,Sunderland,155.0,46.0,54.0,36.0,64.0,,,,,,,,,,10.0,,False,,1,,,,,,,,,,,,
2026-03-19T14:36:27.497930-04:00,vsin_dk,draftkings,epl,epl_20260319_man_city_chelsea,,,Man City,Chelsea,130.0,89.0,11.0,97.0,3.0,,,,,,,,,,8.0,,False,,1,,,,,,,,,,,,
2026-03-19T14:36:27.497930-04:00,vsin_dk,draftkings,epl,epl_20260319_leeds_man_utd,,,Leeds,Man Utd,400.0,3.0,97.0,4.0,96.0,,,,,,,,,,1.0,,False,,1,,,,,,,,,,,,
2026-03-19T15:06:19.828211-04:00,vsin_dk,draftkings,epl,epl_20260319_man_utd_bournemouth,,,Man Utd,Bournemouth,110.0,94.0,6.0,92.0,8.0,,,,,,,,,,2.0,,False,,1,,,,,,,,,,,,
2026-03-19T15:06:19.828211-04:00,vsin_dk,draftkings,epl,epl_20260319_liverpool_brighton,,,Liverpool,Brighton,120.0,91.0,9.0,87.0,13.0,,,,,,,,,,4.0,,False,,1,,,,,,,,,,,,
2026-03-19T15:06:19.828211-04:00,vsin_dk,draftkings,epl,epl_20260319_burnley_fulham,,,Burnley,Fulham,500.0,5.0,95.0,18.0,82.0,,,,,,,,,,13.0,,False,,1,,,,,,,,,,,,
2026-03-19T15:06:19.828211-04:00,vsin_dk,draftkings,epl,epl_20260319_chelsea_everton,,,Chelsea,Everton,115.0,89.0,11.0,75.0,25.0,,,,,,,,,,14.0,,False,,1,,,,,,,,,,,,
2026-03-19T15:06:19.828211-04:00,vsin_dk,draftkings,epl,epl_20260319_brentford_leeds,,,Brentford,Leeds,180.0,42.0,58.0,41.0,59.0,,,,,,,,,,1.0,,False,,1,,,,,,,,,,,,
2026-03-19T15:06:19.828211-04:00,vsin_dk,draftkings,epl,epl_20260319_sunderland_newcastle,,,Sunderland,Newcastle,425.0,5.0,95.0,30.0,70.0,,,,,,,,,,25.0,,True,,1,,,,,,,,,,,,
2026-03-19T15:06:19.828211-04:00,vsin_dk,draftkings,epl,epl_20260319_nottingham_forest_tottenham,,,Nottingham Forest,Tottenham,220.0,20.0,80.0,18.0,82.0,,,,,,,,,,2.0,,False,,1,,,,,,,,,,,,
2026-03-19T15:06:19.828211-04:00,vsin_dk,draftkings,epl,epl_20260319_west_ham_aston_villa,,,West Ham,Aston Villa,285.0,8.0,92.0,15.0,85.0,,,,,,,,,,7.0,,False,,1,,,,,,,,,,,,
2026-03-19T15:06:19.828211-04:00,vsin_dk,draftkings,epl,epl_20260319_wolves_west_ham,,,Wolves,West Ham,320.0,21.0,79.0,71.0,29.0,,,,,,,,,,50.0,,True,,1,,,,,,,,,,,,
2026-03-19T15:06:19.828211-04:00,vsin_dk,draftkings,epl,epl_20260319_bournemouth_arsenal,,,Bournemouth,Arsenal,750.0,5.0,95.0,29.0,71.0,,,,,,,,,,24.0,,True,,1,,,,,,,,,,,,
2026-03-19T15:06:19.828211-04:00,vsin_dk,draftkings,epl,epl_20260319_newcastle_crystal_palace,,,Newcastle,Crystal Palace,145.0,63.0,37.0,78.0,22.0,,,,,,,,,,15.0,,True,,1,,,,,,,,,,,,
2026-03-19T15:06:19.828211-04:00,vsin_dk,draftkings,epl,epl_20260319_everton_brentford,,,Everton,Brentford,235.0,13.0,88.0,9.0,91.0,,,,,,,,,,3.0,,False,,1,,,,,,,,,,,,
2026-03-19T15:06:19.828211-04:00,vsin_dk,draftkings,epl,epl_20260319_aston_villa_nottingham_forest,,,Aston Villa,Nottingham Forest,170.0,55.0,45.0,82.0,18.0,,,,,,,,,,27.0,,True,,1,,,,,,,,,,,,
2026-03-19T15:06:19.828211-04:00,vsin_dk,draftkings,epl,epl_20260319_brighton_burnley,,,Brighton,Burnley,-125.0,93.0,7.0,84.0,16.0,,,,,,,,,,9.0,,False,,1,,,,,,,,,,,,
2026-03-19T15:06:19.828211-04:00,vsin_dk,draftkings,epl,epl_20260319_fulham_liverpool,,,Fulham,Liverpool,450.0,5.0,95.0,33.0,67.0,,,,,,,,,,28.0,,True,,1,,,,,,,,,,,,
2026-03-19T15:06:19.828211-04:00,vsin_dk,draftkings,epl,epl_20260319_tottenham_sunderland,,,Tottenham,Sunderland,155.0,46.0,54.0,36.0,64.0,,,,,,,,,,10.0,,False,,1,,,,,,,,,,,,
2026-03-19T15:06:19.828211-04:00,vsin_dk,draftkings,epl,epl_20260319_man_city_chelsea,,,Man City,Chelsea,130.0,89.0,11.0,97.0,3.0,,,,,,,,,,8.0,,False,,1,,,,,,,,,,,,
2026-03-19T15:06:19.828211-04:00,vsin_dk,draftkings,epl,epl_20260319_leeds_man_utd,,,Leeds,Man Utd,400.0,3.0,97.0,4.0,96.0,,,,,,,,,,1.0,,False,,1,,,,,,,,,,,,
2026-03-19T15:36:09.772783-04:00,vsin_dk,draftkings,epl,epl_20260319_man_utd_bournemouth,,,Man Utd,Bournemouth,110.0,94.0,6.0,92.0,8.0,,,,,,,,,,2.0,,False,,1,,,,,,,,,,,,
2026-03-19T15:36:09.772783-04:00,vsin_dk,draftkings,epl,epl_20260319_liverpool_brighton,,,Liverpool,Brighton,120.0,91.0,9.0,87.0,13.0,,,,,,,,,,4.0,,False,,1,,,,,,,,,,,,
2026-03-19T15:36:09.772783-04:00,vsin_dk,draftkings,epl,epl_20260319_burnley_fulham,,,Burnley,Fulham,500.0,5.0,95.0,18.0,82.0,,,,,,,,,,13.0,,False,,1,,,,,,,,,,,,
2026-03-19T15:36:09.772783-04:00,vsin_dk,draftkings,epl,epl_20260319_chelsea_everton,,,Chelsea,Everton,115.0,89.0,11.0,75.0,25.0,,,,,,,,,,14.0,,False,,1,,,,,,,,,,,,
2026-03-19T15:36:09.772783-04:00,vsin_dk,draftkings,epl,epl_20260319_brentford_leeds,,,Brentford,Leeds,180.0,42.0,58.0,41.0,59.0,,,,,,,,,,1.0,,False,,1,,,,,,,,,,,,
2026-03-19T15:36:09.772783-04:00,vsin_dk,draftkings,epl,epl_20260319_sunderland_newcastle,,,Sunderland,Newcastle,425.0,5.0,95.0,30.0,70.0,,,,,,,,,,25.0,,True,,1,,,,,,,,,,,,
2026-03-19T15:36:09.772783-04:00,vsin_dk,draftkings,epl,epl_20260319_nottingham_forest_tottenham,,,Nottingham Forest,Tottenham,220.0,20.0,80.0,18.0,82.0,,,,,,,,,,2.0,,False,,1,,,,,,,,,,,,
2026-03-19T15:36:09.772783-04:00,vsin_dk,draftkings,epl,epl_20260319_west_ham_aston_villa,,,West Ham,Aston Villa,285.0,9.0,91.0,15.0,85.0,,,,,,,,,,6.0,,False,,1,,,,,,,,,,,,
2026-03-19T15:36:09.772783-04:00,vsin_dk,draftkings,epl,epl_20260319_wolves_west_ham,,,Wolves,West Ham,320.0,21.0,79.0,71.0,29.0,,,,,,,,,,50.0,,True,,1,,,,,,,,,,,,
2026-03-19T15:36:09.772783-04:00,vsin_dk,draftkings,epl,epl_20260319_bournemouth_arsenal,,,Bournemouth,Arsenal,750.0,5.0,95.0,29.0,71.0,,,,,,,,,,24.0,,True,,1,,,,,,,,,,,,
2026-03-19T15:36:09.772783-04:00,vsin_dk,draftkings,epl,epl_20260319_newcastle_crystal_palace,,,Newcastle,Crystal Palace,145.0,63.0,37.0,78.0,22.0,,,,,,,,,,15.0,,True,,1,,,,,,,,,,,,
2026-03-19T15:36:09.772783-04:00,vsin_dk,draftkings,epl,epl_20260319_everton_brentford,,,Everton,Brentford,235.0,13.0,88.0,9.0,91.0,,,,,,,,,,3.0,,False,,1,,,,,,,,,,,,
2026-03-19T15:36:09.772783-04:00,vsin_dk,draftkings,epl,epl_20260319_aston_villa_nottingham_forest,,,Aston Villa,Nottingham Forest,170.0,55.0,45.0,82.0,18.0,,,,,,,,,,27.0,,True,,1,,,,,,,,,,,,
2026-03-19T15:36:09.772783-04:00,vsin_dk,draftkings,epl,epl_20260319_brighton_burnley,,,Brighton,Burnley,-125.0,93.0,7.0,84.0,16.0,,,,,,,,,,9.0,,False,,1,,,,,,,,,,,,
2026-03-19T15:36:09.772783-04:00,vsin_dk,draftkings,epl,epl_20260319_fulham_liverpool,,,Fulham,Liverpool,450.0,5.0,95.0,33.0,67.0,,,,,,,,,,28.0,,True,,1,,,,,,,,,,,,
2026-03-19T15:36:09.772783-04:00,vsin_dk,draftkings,epl,epl_20260319_tottenham_sunderland,,,Tottenham,Sunderland,155.0,46.0,54.0,36.0,64.0,,,,,,,,,,10.0,,False,,1,,,,,,,,,,,,
2026-03-19T15:36:09.772783-04:00,vsin_dk,draftkings,epl,epl_20260319_man_city_chelsea,,,Man City,Chelsea,130.0,89.0,11.0,97.0,3.0,,,,,,,,,,8.0,,False,,1,,,,,,,,,,,,
2026-03-19T15:36:09.772783-04:00,vsin_dk,draftkings,epl,epl_20260319_leeds_man_utd,,,Leeds,Man Utd,400.0,3.0,97.0,4.0,96.0,,,,,,,,,,1.0,,False,,1,,,,,,,,,,,,
2026-03-19T16:02:32.954700-04:00,vsin_dk,draftkings,epl,epl_20260319_man_utd_bournemouth,,,Man Utd,Bournemouth,110.0,94.0,6.0,92.0,8.0,,,,,,,,,,2.0,,False,,1,,,,,,,,,,,,
2026-03-19T16:02:32.954700-04:00,vsin_dk,draftkings,epl,epl_20260319_liverpool_brighton,,,Liverpool,Brighton,120.0,91.0,9.0,87.0,13.0,,,,,,,,,,4.0,,False,,1,,,,,,,,,,,,
2026-03-19T16:02:32.954700-04:00,vsin_dk,draftkings,epl,epl_20260319_burnley_fulham,,,Burnley,Fulham,500.0,5.0,95.0,18.0,82.0,,,,,,,,,,13.0,,False,,1,,,,,,,,,,,,
2026-03-19T16:02:32.954700-04:00,vsin_dk,draftkings,epl,epl_20260319_chelsea_everton,,,Chelsea,Everton,115.0,89.0,11.0,75.0,25.0,,,,,,,,,,14.0,,False,,1,,,,,,,,,,,,
2026-03-19T16:02:32.954700-04:00,vsin_dk,draftkings,epl,epl_20260319_brentford_leeds,,,Brentford,Leeds,180.0,42.0,58.0,41.0,59.0,,,,,,,,,,1.0,,False,,1,,,,,,,,,,,,
2026-03-19T16:02:32.954700-04:00,vsin_dk,draftkings,epl,epl_20260319_sunderland_newcastle,,,Sunderland,Newcastle,425.0,5.0,95.0,30.0,70.0,,,,,,,,,,25.0,,True,,1,,,,,,,,,,,,
2026-03-19T16:02:32.954700-04:00,vsin_dk,draftkings,epl,epl_20260319_nottingham_forest_tottenham,,,Nottingham Forest,Tottenham,220.0,20.0,80.0,18.0,82.0,,,,,,,,,,2.0,,False,,1,,,,,,,,,,,,
2026-03-19T16:02:32.954700-04:00,vsin_dk,draftkings,epl,epl_20260319_west_ham_aston_villa,,,West Ham,Aston Villa,285.0,8.0,92.0,15.0,85.0,,,,,,,,,,7.0,,False,,1,,,,,,,,,,,,
2026-03-19T16:02:32.954700-04:00,vsin_dk,draftkings,epl,epl_20260319_wolves_west_ham,,,Wolves,West Ham,320.0,21.0,79.0,71.0,29.0,,,,,,,,,,50.0,,True,,1,,,,,,,,,,,,
2026-03-19T16:02:32.954700-04:00,vsin_dk,draftkings,epl,epl_20260319_bournemouth_arsenal,,,Bournemouth,Arsenal,750.0,5.0,95.0,29.0,71.0,,,,,,,,,,24.0,,True,,1,,,,,,,,,,,,
2026-03-19T16:02:32.954700-04:00,vsin_dk,draftkings,epl,epl_20260319_newcastle_crystal_palace,,,Newcastle,Crystal Palace,145.0,64.0,36.0,78.0,22.0,,,,,,,,,,14.0,,False,,1,,,,,,,,,,,,
2026-03-19T16:02:32.954700-04:00,vsin_dk,draftkings,epl,epl_20260319_everton_brentford,,,Everton,Brentford,235.0,13.0,88.0,9.0,91.0,,,,,,,,,,3.0,,False,,1,,,,,,,,,,,,
2026-03-19T16:02:32.954700-04:00,vsin_dk,draftkings,epl,epl_20260319_aston_villa_nottingham_forest,,,Aston Villa,Nottingham Forest,170.0,55.0,45.0,82.0,18.0,,,,,,,,,,27.0,,True,,1,,,,,,,,,,,,
2026-03-19T16:02:32.954700-04:00,vsin_dk,draftkings,epl,epl_20260319_brighton_burnley,,,Brighton,Burnley,-125.0,93.0,7.0,84.0,16.0,,,,,,,,,,9.0,,False,,1,,,,,,,,,,,,
2026-03-19T16:02:32.954700-04:00,vsin_dk,draftkings,epl,epl_20260319_fulham_liverpool,,,Fulham,Liverpool,450.0,4.0,96.0,33.0,67.0,,,,,,,,,,29.0,,True,,1,,,,,,,,,,,,
2026-03-19T16:02:32.954700-04:00,vsin_dk,draftkings,epl,epl_20260319_tottenham_sunderland,,,Tottenham,Sunderland,155.0,46.0,54.0,36.0,64.0,,,,,,,,,,10.0,,False,,1,,,,,,,,,,,,
2026-03-19T16:02:32.954700-04:00,vsin_dk,draftkings,epl,epl_20260319_man_city_chelsea,,,Man City,Chelsea,130.0,89.0,11.0,97.0,3.0,,,,,,,,,,8.0,,False,,1,,,,,,,,,,,,
2026-03-19T16:02:32.954700-04:00,vsin_dk,draftkings,epl,epl_20260319_leeds_man_utd,,,Leeds,Man Utd,400.0,3.0,97.0,4.0,96.0,,,,,,,,,,1.0,,False,,1,,,,,,,,,,,,
2026-03-19T16:36:32.492477-04:00,vsin_dk,draftkings,epl,epl_20260319_man_utd_bournemouth,,,Man Utd,Bournemouth,110.0,94.0,6.0,93.0,7.0,,,,,,,,,,1.0,,False,,1,,,,,,,,,,,,
2026-03-19T16:36:32.492477-04:00,vsin_dk,draftkings,epl,epl_20260319_liverpool_brighton,,,Liverpool,Brighton,120.0,91.0,9.0,87.0,13.0,,,,,,,,,,4.0,,False,,1,,,,,,,,,,,,
2026-03-19T16:36:32.492477-04:00,vsin_dk,draftkings,epl,epl_20260319_burnley_fulham,,,Burnley,Fulham,500.0,5.0,95.0,18.0,82.0,,,,,,,,,,13.0,,False,,1,,,,,,,,,,,,
2026-03-19T16:36:32.492477-04:00,vsin_dk,draftkings,epl,epl_20260319_chelsea_everton,,,Chelsea,Everton,115.0,89.0,11.0,75.0,25.0,,,,,,,,,,14.0,,False,,1,,,,,,,,,,,,
2026-03-19T16:36:32.492477-04:00,vsin_dk,draftkings,epl,epl_20260319_brentford_leeds,,,Brentford,Leeds,180.0,42.0,58.0,42.0,58.0,,,,,,,,,,0.0,,False,,1,,,,,,,,,,,,
2026-03-19T16:36:32.492477-04:00,vsin_dk,draftkings,epl,epl_20260319_sunderland_newcastle,,,Sunderland,Newcastle,425.0,5.0,95.0,30.0,70.0,,,,,,,,,,25.0,,True,,1,,,,,,,,,,,,
2026-03-19T16:36:32.492477-04:00,vsin_dk,draftkings,epl,epl_20260319_nottingham_forest_tottenham,,,Nottingham Forest,Tottenham,220.0,20.0,80.0,15.0,85.0,,,,,,,,,,5.0,,False,,1,,,,,,,,,,,,
2026-03-19T16:36:32.492477-04:00,vsin_dk,draftkings,epl,epl_20260319_west_ham_aston_villa,,,West Ham,Aston Villa,285.0,9.0,91.0,15.0,85.0,,,,,,,,,,6.0,,False,,1,,,,,,,,,,,,
2026-03-19T16:36:32.492477-04:00,vsin_dk,draftkings,epl,epl_20260319_wolves_west_ham,,,Wolves,West Ham,320.0,21.0,79.0,71.0,29.0,,,,,,,,,,50.0,,True,,1,,,,,,,,,,,,
2026-03-19T16:36:32.492477-04:00,vsin_dk,draftkings,epl,epl_20260319_bournemouth_arsenal,,,Bournemouth,Arsenal,750.0,5.0,95.0,29.0,71.0,,,,,,,,,,24.0,,True,,1,,,,,,,,,,,,
2026-03-19T16:36:32.492477-04:00,vsin_dk,draftkings,epl,epl_20260319_newcastle_crystal_palace,,,Newcastle,Crystal Palace,145.0,64.0,36.0,78.0,22.0,,,,,,,,,,14.0,,False,,1,,,,,,,,,,,,
2026-03-19T16:36:32.492477-04:00,vsin_dk,draftkings,epl,epl_20260319_everton_brentford,,,Everton,Brentford,235.0,13.0,88.0,9.0,91.0,,,,,,,,,,3.0,,False,,1,,,,,,,,,,,,
2026-03-19T16:36:32.492477-04:00,vsin_dk,draftkings,epl,epl_20260319_aston_villa_nottingham_forest,,,Aston Villa,Nottingham Forest,170.0,55.0,45.0,82.0,18.0,,,,,,,,,,27.0,,True,,1,,,,,,,,,,,,
2026-03-19T16:36:32.492477-04:00,vsin_dk,draftkings,epl,epl_20260319_brighton_burnley,,,Brighton,Burnley,-125.0,93.0,7.0,84.0,16.0,,,,,,,,,,9.0,,False,,1,,,,,,,,,,,,
2026-03-19T16:36:32.492477-04:00,vsin_dk,draftkings,epl,epl_20260319_fulham_liverpool,,,Fulham,Liverpool,450.0,4.0,96.0,33.0,67.0,,,,,,,,,,29.0,,True,,1,,,,,,,,,,,,
2026-03-19T16:36:32.492477-04:00,vsin_dk,draftkings,epl,epl_20260319_tottenham_sunderland,,,Tottenham,Sunderland,155.0,46.0,54.0,36.0,64.0,,,,,,,,,,10.0,,False,,1,,,,,,,,,,,,
2026-03-19T16:36:32.492477-04:00,vsin_dk,draftkings,epl,epl_20260319_man_city_chelsea,,,Man City,Chelsea,130.0,89.0,11.0,97.0,3.0,,,,,,,,,,8.0,,False,,1,,,,,,,,,,,,
2026-03-19T16:36:32.492477-04:00,vsin_dk,draftkings,epl,epl_20260319_leeds_man_utd,,,Leeds,Man Utd,400.0,3.0,97.0,4.0,96.0,,,,,,,,,,1.0,,False,,1,,,,,,,,,,,,
2026-03-19T17:07:58.562289-04:00,vsin_dk,draftkings,epl,epl_20260319_man_utd_bournemouth,,,Man Utd,Bournemouth,110.0,94.0,6.0,93.0,7.0,,,,,,,,,,1.0,,False,,1,,,,,,,,,,,,
2026-03-19T17:07:58.562289-04:00,vsin_dk,draftkings,epl,epl_20260319_liverpool_brighton,,,Liverpool,Brighton,120.0,91.0,9.0,87.0,13.0,,,,,,,,,,4.0,,False,,1,,,,,,,,,,,,
2026-03-19T17:07:58.562289-04:00,vsin_dk,draftkings,epl,epl_20260319_burnley_fulham,,,Burnley,Fulham,500.0,5.0,95.0,18.0,82.0,,,,,,,,,,13.0,,False,,1,,,,,,,,,,,,
2026-03-19T17:07:58.562289-04:00,vsin_dk,draftkings,epl,epl_20260319_chelsea_everton,,,Chelsea,Everton,115.0,89.0,11.0,75.0,25.0,,,,,,,,,,14.0,,False,,1,,,,,,,,,,,,
2026-03-19T17:07:58.562289-04:00,vsin_dk,draftkings,epl,epl_20260319_brentford_leeds,,,Brentford,Leeds,180.0,42.0,58.0,42.0,58.0,,,,,,,,,,0.0,,False,,1,,,,,,,,,,,,
2026-03-19T17:07:58.562289-04:00,vsin_dk,draftkings,epl,epl_20260319_sunderland_newcastle,,,Sunderland,Newcastle,425.0,5.0,95.0,30.0,70.0,,,,,,,,,,25.0,,True,,1,,,,,,,,,,,,
2026-03-19T17:07:58.562289-04:00,vsin_dk,draftkings,epl,epl_20260319_nottingham_forest_tottenham,,,Nottingham Forest,Tottenham,220.0,19.0,81.0,14.0,86.0,,,,,,,,,,5.0,,False,,1,,,,,,,,,,,,
2026-03-19T17:07:58.562289-04:00,vsin_dk,draftkings,epl,epl_20260319_west_ham_aston_villa,,,West Ham,Aston Villa,285.0,8.0,92.0,15.0,85.0,,,,,,,,,,7.0,,False,,1,,,,,,,,,,,,
2026-03-19T17:07:58.562289-04:00,vsin_dk,draftkings,epl,epl_20260319_wolves_west_ham,,,Wolves,West Ham,320.0,20.0,80.0,71.0,29.0,,,,,,,,,,51.0,,True,,1,,,,,,,,,,,,
2026-03-19T17:07:58.562289-04:00,vsin_dk,draftkings,epl,epl_20260319_bournemouth_arsenal,,,Bournemouth,Arsenal,750.0,5.0,95.0,29.0,71.0,,,,,,,,,,24.0,,True,,1,,,,,,,,,,,,
2026-03-19T17:07:58.562289-04:00,vsin_dk,draftkings,epl,epl_20260319_newcastle_crystal_palace,,,Newcastle,Crystal Palace,145.0,64.0,36.0,76.0,24.0,,,,,,,,,,12.0,,False,,1,,,,,,,,,,,,
2026-03-19T17:07:58.562289-04:00,vsin_dk,draftkings,epl,epl_20260319_everton_brentford,,,Everton,Brentford,235.0,13.0,88.0,9.0,91.0,,,,,,,,,,3.0,,False,,1,,,,,,,,,,,,
2026-03-19T17:07:58.562289-04:00,vsin_dk,draftkings,epl,epl_20260319_aston_villa_nottingham_forest,,,Aston Villa,Nottingham Forest,170.0,55.0,45.0,82.0,18.0,,,,,,,,,,27.0,,True,,1,,,,,,,,,,,,
2026-03-19T17:07:58.562289-04:00,vsin_dk,draftkings,epl,epl_20260319_brighton_burnley,,,Brighton,Burnley,-125.0,93.0,7.0,84.0,16.0,,,,,,,,,,9.0,,False,,1,,,,,,,,,,,,
2026-03-19T17:07:58.562289-04:00,vsin_dk,draftkings,epl,epl_20260319_fulham_liverpool,,,Fulham,Liverpool,450.0,4.0,96.0,33.0,67.0,,,,,,,,,,29.0,,True,,1,,,,,,,,,,,,
2026-03-19T17:07:58.562289-04:00,vsin_dk,draftkings,epl,epl_20260319_tottenham_sunderland,,,Tottenham,Sunderland,155.0,46.0,54.0,36.0,64.0,,,,,,,,,,10.0,,False,,1,,,,,,,,,,,,
2026-03-19T17:07:58.562289-04:00,vsin_dk,draftkings,epl,epl_20260319_man_city_chelsea,,,Man City,Chelsea,130.0,89.0,11.0,97.0,3.0,,,,,,,,,,8.0,,False,,1,,,,,,,,,,,,
2026-03-19T17:07:58.562289-04:00,vsin_dk,draftkings,epl,epl_20260319_leeds_man_utd,,,Leeds,Man Utd,400.0,3.0,97.0,4.0,96.0,,,,,,,,,,1.0,,False,,1,,,,,,,,,,,,
2026-03-19T17:36:31.513854-04:00,vsin_dk,draftkings,epl,epl_20260319_man_utd_bournemouth,,,Man Utd,Bournemouth,110.0,94.0,6.0,92.0,8.0,,,,,,,,,,2.0,,False,,1,,,,,,,,,,,,
2026-03-19T17:36:31.513854-04:00,vsin_dk,draftkings,epl,epl_20260319_liverpool_brighton,,,Liverpool,Brighton,120.0,91.0,9.0,88.0,12.0,,,,,,,,,,3.0,,False,,1,,,,,,,,,,,,
2026-03-19T17:36:31.513854-04:00,vsin_dk,draftkings,epl,epl_20260319_burnley_fulham,,,Burnley,Fulham,500.0,5.0,95.0,16.0,84.0,,,,,,,,,,11.0,,False,,1,,,,,,,,,,,,
2026-03-19T17:36:31.513854-04:00,vsin_dk,draftkings,epl,epl_20260319_chelsea_everton,,,Chelsea,Everton,115.0,89.0,11.0,75.0,25.0,,,,,,,,,,14.0,,False,,1,,,,,,,,,,,,
2026-03-19T17:36:31.513854-04:00,vsin_dk,draftkings,epl,epl_20260319_brentford_leeds,,,Brentford,Leeds,180.0,43.0,57.0,42.0,58.0,,,,,,,,,,1.0,,False,,1,,,,,,,,,,,,
2026-03-19T17:36:31.513854-04:00,vsin_dk,draftkings,epl,epl_20260319_sunderland_newcastle,,,Sunderland,Newcastle,425.0,5.0,95.0,30.0,70.0,,,,,,,,,,25.0,,True,,1,,,,,,,,,,,,
2026-03-19T17:36:31.513854-04:00,vsin_dk,draftkings,epl,epl_20260319_nottingham_forest_tottenham,,,Nottingham Forest,Tottenham,220.0,19.0,81.0,14.0,86.0,,,,,,,,,,5.0,,False,,1,,,,,,,,,,,,
2026-03-19T17:36:31.513854-04:00,vsin_dk,draftkings,epl,epl_20260319_west_ham_aston_villa,,,West Ham,Aston Villa,285.0,8.0,92.0,13.0,87.0,,,,,,,,,,5.0,,False,,1,,,,,,,,,,,,
2026-03-19T17:36:31.513854-04:00,vsin_dk,draftkings,epl,epl_20260319_wolves_west_ham,,,Wolves,West Ham,320.0,22.0,78.0,72.0,28.0,,,,,,,,,,50.0,,True,,1,,,,,,,,,,,,
2026-03-19T17:36:31.513854-04:00,vsin_dk,draftkings,epl,epl_20260319_bournemouth_arsenal,,,Bournemouth,Arsenal,750.0,5.0,95.0,29.0,71.0,,,,,,,,,,24.0,,True,,1,,,,,,,,,,,,
2026-03-19T17:36:31.513854-04:00,vsin_dk,draftkings,epl,epl_20260319_newcastle_crystal_palace,,,Newcastle,Crystal Palace,145.0,64.0,36.0,76.0,24.0,,,,,,,,,,12.0,,False,,1,,,,,,,,,,,,
2026-03-19T17:36:31.513854-04:00,vsin_dk,draftkings,epl,epl_20260319_everton_brentford,,,Everton,Brentford,235.0,12.0,88.0,9.0,91.0,,,,,,,,,,3.0,,False,,1,,,,,,,,,,,,
2026-03-19T17:36:31.513854-04:00,vsin_dk,draftkings,epl,epl_20260319_aston_villa_nottingham_forest,,,Aston Villa,Nottingham Forest,170.0,55.0,45.0,82.0,18.0,,,,,,,,,,27.0,,True,,1,,,,,,,,,,,,
2026-03-19T17:36:31.513854-04:00,vsin_dk,draftkings,epl,epl_20260319_brighton_burnley,,,Brighton,Burnley,-125.0,93.0,7.0,84.0,16.0,,,,,,,,,,9.0,,False,,1,,,,,,,,,,,,
2026-03-19T17:36:31.513854-04:00,vsin_dk,draftkings,epl,epl_20260319_fulham_liverpool,,,Fulham,Liverpool,450.0,4.0,96.0,32.0,68.0,,,,,,,,,,28.0,,True,,1,,,,,,,,,,,,
2026-03-19T17:36:31.513854-04:00,vsin_dk,draftkings,epl,epl_20260319_tottenham_sunderland,,,Tottenham,Sunderland,155.0,46.0,54.0,36.0,64.0,,,,,,,,,,10.0,,False,,1,,,,,,,,,,,,
2026-03-19T17:36:31.513854-04:00,vsin_dk,draftkings,epl,epl_20260319_man_city_chelsea,,,Man City,Chelsea,130.0,89.0,11.0,97.0,3.0,,,,,,,,,,8.0,,False,,1,,,,,,,,,,,,
2026-03-19T17:36:31.513854-04:00,vsin_dk,draftkings,epl,epl_20260319_leeds_man_utd,,,Leeds,Man Utd,400.0,3.0,97.0,4.0,96.0,,,,,,,,,,1.0,,False,,1,,,,,,,,,,,,
2026-03-19T17:55:15.742919-04:00,vsin_dk,draftkings,epl,epl_20260319_man_utd_bournemouth,,,Man Utd,Bournemouth,110.0,94.0,6.0,92.0,8.0,,,,,,,,,,2.0,,False,,1,,,,,,,,,,,,
2026-03-19T17:55:15.742919-04:00,vsin_dk,draftkings,epl,epl_20260319_liverpool_brighton,,,Liverpool,Brighton,120.0,91.0,9.0,88.0,12.0,,,,,,,,,,3.0,,False,,1,,,,,,,,,,,,
2026-03-19T17:55:15.742919-04:00,vsin_dk,draftkings,epl,epl_20260319_burnley_fulham,,,Burnley,Fulham,500.0,5.0,95.0,16.0,84.0,,,,,,,,,,11.0,,False,,1,,,,,,,,,,,,
2026-03-19T17:55:15.742919-04:00,vsin_dk,draftkings,epl,epl_20260319_chelsea_everton,,,Chelsea,Everton,115.0,89.0,11.0,75.0,25.0,,,,,,,,,,14.0,,False,,1,,,,,,,,,,,,
2026-03-19T17:55:15.742919-04:00,vsin_dk,draftkings,epl,epl_20260319_brentford_leeds,,,Brentford,Leeds,180.0,44.0,56.0,42.0,58.0,,,,,,,,,,2.0,,False,,1,,,,,,,,,,,,
2026-03-19T17:55:15.742919-04:00,vsin_dk,draftkings,epl,epl_20260319_sunderland_newcastle,,,Sunderland,Newcastle,425.0,5.0,95.0,30.0,70.0,,,,,,,,,,25.0,,True,,1,,,,,,,,,,,,
2026-03-19T17:55:15.742919-04:00,vsin_dk,draftkings,epl,epl_20260319_nottingham_forest_tottenham,,,Nottingham Forest,Tottenham,220.0,19.0,81.0,14.0,86.0,,,,,,,,,,5.0,,False,,1,,,,,,,,,,,,
2026-03-19T17:55:15.742919-04:00,vsin_dk,draftkings,epl,epl_20260319_west_ham_aston_villa,,,West Ham,Aston Villa,285.0,8.0,92.0,13.0,87.0,,,,,,,,,,5.0,,False,,1,,,,,,,,,,,,
2026-03-19T17:55:15.742919-04:00,vsin_dk,draftkings,epl,epl_20260319_wolves_west_ham,,,Wolves,West Ham,320.0,23.0,77.0,72.0,28.0,,,,,,,,,,49.0,,True,,1,,,,,,,,,,,,
2026-03-19T17:55:15.742919-04:00,vsin_dk,draftkings,epl,epl_20260319_bournemouth_arsenal,,,Bournemouth,Arsenal,750.0,5.0,95.0,29.0,71.0,,,,,,,,,,24.0,,True,,1,,,,,,,,,,,,
2026-03-19T17:55:15.742919-04:00,vsin_dk,draftkings,epl,epl_20260319_newcastle_crystal_palace,,,Newcastle,Crystal Palace,145.0,64.0,36.0,76.0,24.0,,,,,,,,,,12.0,,False,,1,,,,,,,,,,,,
2026-03-19T17:55:15.742919-04:00,vsin_dk,draftkings,epl,epl_20260319_everton_brentford,,,Everton,Brentford,235.0,12.0,88.0,9.0,91.0,,,,,,,,,,3.0,,False,,1,,,,,,,,,,,,
2026-03-19T17:55:15.742919-04:00,vsin_dk,draftkings,epl,epl_20260319_aston_villa_nottingham_forest,,,Aston Villa,Nottingham Forest,170.0,55.0,45.0,82.0,18.0,,,,,,,,,,27.0,,True,,1,,,,,,,,,,,,
2026-03-19T17:55:15.742919-04:00,vsin_dk,draftkings,epl,epl_20260319_brighton_burnley,,,Brighton,Burnley,-125.0,93.0,7.0,84.0,16.0,,,,,,,,,,9.0,,False,,1,,,,,,,,,,,,
2026-03-19T17:55:15.742919-04:00,vsin_dk,draftkings,epl,epl_20260319_fulham_liverpool,,,Fulham,Liverpool,450.0,4.0,96.0,32.0,68.0,,,,,,,,,,28.0,,True,,1,,,,,,,,,,,,
2026-03-19T17:55:15.742919-04:00,vsin_dk,draftkings,epl,epl_20260319_tottenham_sunderland,,,Tottenham,Sunderland,155.0,46.0,54.0,36.0,64.0,,,,,,,,,,10.0,,False,,1,,,,,,,,,,,,
2026-03-19T17:55:15.742919-04:00,vsin_dk,draftkings,epl,epl_20260319_man_city_chelsea,,,Man City,Chelsea,130.0,89.0,11.0,97.0,3.0,,,,,,,,,,8.0,,False,,1,,,,,,,,,,,,
2026-03-19T17:55:15.742919-04:00,vsin_dk,draftkings,epl,epl_20260319_leeds_man_utd,,,Leeds,Man Utd,400.0,3.0,97.0,4.0,96.0,,,,,,,,,,1.0,,False,,1,,,,,,,,,,,,
2026-03-19T18:06:42.774188-04:00,vsin_dk,draftkings,epl,epl_20260319_man_utd_bournemouth,,,Man Utd,Bournemouth,110.0,94.0,6.0,92.0,8.0,,,,,,,,,,2.0,,False,,1,,,,,,,,,,,,
2026-03-19T18:06:42.774188-04:00,vsin_dk,draftkings,epl,epl_20260319_liverpool_brighton,,,Liverpool,Brighton,120.0,91.0,9.0,88.0,12.0,,,,,,,,,,3.0,,False,,1,,,,,,,,,,,,
2026-03-19T18:06:42.774188-04:00,vsin_dk,draftkings,epl,epl_20260319_burnley_fulham,,,Burnley,Fulham,500.0,5.0,95.0,16.0,84.0,,,,,,,,,,11.0,,False,,1,,,,,,,,,,,,
2026-03-19T18:06:42.774188-04:00,vsin_dk,draftkings,epl,epl_20260319_chelsea_everton,,,Chelsea,Everton,115.0,89.0,11.0,75.0,25.0,,,,,,,,,,14.0,,False,,1,,,,,,,,,,,,
2026-03-19T18:06:42.774188-04:00,vsin_dk,draftkings,epl,epl_20260319_brentford_leeds,,,Brentford,Leeds,180.0,43.0,57.0,41.0,59.0,,,,,,,,,,2.0,,False,,1,,,,,,,,,,,,
2026-03-19T18:06:42.774188-04:00,vsin_dk,draftkings,epl,epl_20260319_sunderland_newcastle,,,Sunderland,Newcastle,425.0,5.0,95.0,30.0,70.0,,,,,,,,,,25.0,,True,,1,,,,,,,,,,,,
2026-03-19T18:06:42.774188-04:00,vsin_dk,draftkings,epl,epl_20260319_nottingham_forest_tottenham,,,Nottingham Forest,Tottenham,220.0,19.0,81.0,14.0,86.0,,,,,,,,,,5.0,,False,,1,,,,,,,,,,,,
2026-03-19T18:06:42.774188-04:00,vsin_dk,draftkings,epl,epl_20260319_west_ham_aston_villa,,,West Ham,Aston Villa,285.0,8.0,92.0,13.0,87.0,,,,,,,,,,5.0,,False,,1,,,,,,,,,,,,
2026-03-19T18:06:42.774188-04:00,vsin_dk,draftkings,epl,epl_20260319_wolves_west_ham,,,Wolves,West Ham,320.0,23.0,77.0,72.0,28.0,,,,,,,,,,49.0,,True,,1,,,,,,,,,,,,
2026-03-19T18:06:42.774188-04:00,vsin_dk,draftkings,epl,epl_20260319_bournemouth_arsenal,,,Bournemouth,Arsenal,750.0,6.0,94.0,29.0,71.0,,,,,,,,,,23.0,,True,,1,,,,,,,,,,,,
2026-03-19T18:06:42.774188-04:00,vsin_dk,draftkings,epl,epl_20260319_newcastle_crystal_palace,,,Newcastle,Crystal Palace,145.0,63.0,37.0,76.0,24.0,,,,,,,,,,13.0,,False,,1,,,,,,,,,,,,
2026-03-19T18:06:42.774188-04:00,vsin_dk,draftkings,epl,epl_20260319_everton_brentford,,,Everton,Brentford,235.0,12.0,88.0,9.0,91.0,,,,,,,,,,3.0,,False,,1,,,,,,,,,,,,
2026-03-19T18:06:42.774188-04:00,vsin_dk,draftkings,epl,epl_20260319_aston_villa_nottingham_forest,,,Aston Villa,Nottingham Forest,170.0,55.0,45.0,82.0,18.0,,,,,,,,,,27.0,,True,,1,,,,,,,,,,,,
2026-03-19T18:06:42.774188-04:00,vsin_dk,draftkings,epl,epl_20260319_brighton_burnley,,,Brighton,Burnley,-125.0,93.0,7.0,84.0,16.0,,,,,,,,,,9.0,,False,,1,,,,,,,,,,,,
2026-03-19T18:06:42.774188-04:00,vsin_dk,draftkings,epl,epl_20260319_fulham_liverpool,,,Fulham,Liverpool,450.0,4.0,96.0,32.0,68.0,,,,,,,,,,28.0,,True,,1,,,,,,,,,,,,
2026-03-19T18:06:42.774188-04:00,vsin_dk,draftkings,epl,epl_20260319_tottenham_sunderland,,,Tottenham,Sunderland,155.0,46.0,54.0,36.0,64.0,,,,,,,,,,10.0,,False,,1,,,,,,,,,,,,
2026-03-19T18:06:42.774188-04:00,vsin_dk,draftkings,epl,epl_20260319_man_city_chelsea,,,Man City,Chelsea,130.0,89.0,11.0,97.0,3.0,,,,,,,,,,8.0,,False,,1,,,,,,,,,,,,
2026-03-19T18:06:42.774188-04:00,vsin_dk,draftkings,epl,epl_20260319_leeds_man_utd,,,Leeds,Man Utd,400.0,4.0,96.0,4.0,96.0,,,,,,,,,,0.0,,False,,1,,,,,,,,,,,,
2026-03-19T18:36:28.619304-04:00,vsin_dk,draftkings,epl,epl_20260319_man_utd_bournemouth,,,Man Utd,Bournemouth,110.0,94.0,6.0,93.0,7.0,,,,,,,,,,1.0,,False,,1,,,,,,,,,,,,
2026-03-19T18:36:28.619304-04:00,vsin_dk,draftkings,epl,epl_20260319_liverpool_brighton,,,Liverpool,Brighton,120.0,91.0,9.0,88.0,12.0,,,,,,,,,,3.0,,False,,1,,,,,,,,,,,,
2026-03-19T18:36:28.619304-04:00,vsin_dk,draftkings,epl,epl_20260319_burnley_fulham,,,Burnley,Fulham,500.0,5.0,95.0,16.0,84.0,,,,,,,,,,11.0,,False,,1,,,,,,,,,,,,
2026-03-19T18:36:28.619304-04:00,vsin_dk,draftkings,epl,epl_20260319_chelsea_everton,,,Chelsea,Everton,115.0,89.0,11.0,72.0,28.0,,,,,,,,,,17.0,,True,,1,,,,,,,,,,,,
2026-03-19T18:36:28.619304-04:00,vsin_dk,draftkings,epl,epl_20260319_brentford_leeds,,,Brentford,Leeds,180.0,44.0,56.0,42.0,58.0,,,,,,,,,,2.0,,False,,1,,,,,,,,,,,,
2026-03-19T18:36:28.619304-04:00,vsin_dk,draftkings,epl,epl_20260319_sunderland_newcastle,,,Sunderland,Newcastle,425.0,5.0,95.0,29.0,71.0,,,,,,,,,,24.0,,True,,1,,,,,,,,,,,,
2026-03-19T18:36:28.619304-04:00,vsin_dk,draftkings,epl,epl_20260319_nottingham_forest_tottenham,,,Nottingham Forest,Tottenham,220.0,19.0,81.0,14.0,86.0,,,,,,,,,,5.0,,False,,1,,,,,,,,,,,,
2026-03-19T18:36:28.619304-04:00,vsin_dk,draftkings,epl,epl_20260319_west_ham_aston_villa,,,West Ham,Aston Villa,285.0,8.0,92.0,10.0,90.0,,,,,,,,,,2.0,,False,,1,,,,,,,,,,,,
2026-03-19T18:36:28.619304-04:00,vsin_dk,draftkings,epl,epl_20260319_wolves_west_ham,,,Wolves,West Ham,320.0,22.0,78.0,72.0,28.0,,,,,,,,,,50.0,,True,,1,,,,,,,,,,,,
2026-03-19T18:36:28.619304-04:00,vsin_dk,draftkings,epl,epl_20260319_bournemouth_arsenal,,,Bournemouth,Arsenal,750.0,5.0,95.0,29.0,71.0,,,,,,,,,,24.0,,True,,1,,,,,,,,,,,,
2026-03-19T18:36:28.619304-04:00,vsin_dk,draftkings,epl,epl_20260319_newcastle_crystal_palace,,,Newcastle,Crystal Palace,145.0,64.0,36.0,76.0,24.0,,,,,,,,,,12.0,,False,,1,,,,,,,,,,,,
2026-03-19T18:36:28.619304-04:00,vsin_dk,draftkings,epl,epl_20260319_everton_brentford,,,Everton,Brentford,235.0,12.0,88.0,9.0,91.0,,,,,,,,,,3.0,,False,,1,,,,,,,,,,,,
2026-03-19T18:36:28.619304-04:00,vsin_dk,draftkings,epl,epl_20260319_aston_villa_nottingham_forest,,,Aston Villa,Nottingham Forest,170.0,56.0,44.0,82.0,18.0,,,,,,,,,,26.0,,True,,1,,,,,,,,,,,,
2026-03-19T18:36:28.619304-04:00,vsin_dk,draftkings,epl,epl_20260319_brighton_burnley,,,Brighton,Burnley,-125.0,93.0,7.0,84.0,16.0,,,,,,,,,,9.0,,False,,1,,,,,,,,,,,,
2026-03-19T18:36:28.619304-04:00,vsin_dk,draftkings,epl,epl_20260319_fulham_liverpool,,,Fulham,Liverpool,450.0,4.0,96.0,32.0,68.0,,,,,,,,,,28.0,,True,,1,,,,,,,,,,,,
2026-03-19T18:36:28.619304-04:00,vsin_dk,draftkings,epl,epl_20260319_tottenham_sunderland,,,Tottenham,Sunderland,155.0,46.0,54.0,36.0,64.0,,,,,,,,,,10.0,,False,,1,,,,,,,,,,,,
2026-03-19T18:36:28.619304-04:00,vsin_dk,draftkings,epl,epl_20260319_man_city_chelsea,,,Man City,Chelsea,130.0,89.0,11.0,97.0,3.0,,,,,,,,,,8.0,,False,,1,,,,,,,,,,,,
2026-03-19T18:36:28.619304-04:00,vsin_dk,draftkings,epl,epl_20260319_leeds_man_utd,,,Leeds,Man Utd,400.0,4.0,96.0,4.0,96.0,,,,,,,,,,0.0,,False,,1,,,,,,,,,,,,
2026-03-19T19:06:18.765344-04:00,vsin_dk,draftkings,epl,epl_20260319_man_utd_bournemouth,,,Man Utd,Bournemouth,110.0,94.0,6.0,93.0,7.0,,,,,,,,,,1.0,,False,,1,,,,,,,,,,,,
2026-03-19T19:06:18.765344-04:00,vsin_dk,draftkings,epl,epl_20260319_liverpool_brighton,,,Liverpool,Brighton,120.0,91.0,9.0,89.0,11.0,,,,,,,,,,2.0,,False,,1,,,,,,,,,,,,
2026-03-19T19:06:18.765344-04:00,vsin_dk,draftkings,epl,epl_20260319_burnley_fulham,,,Burnley,Fulham,500.0,5.0,95.0,16.0,84.0,,,,,,,,,,11.0,,False,,1,,,,,,,,,,,,
2026-03-19T19:06:18.765344-04:00,vsin_dk,draftkings,epl,epl_20260319_chelsea_everton,,,Chelsea,Everton,115.0,89.0,11.0,73.0,27.0,,,,,,,,,,16.0,,True,,1,,,,,,,,,,,,
2026-03-19T19:06:18.765344-04:00,vsin_dk,draftkings,epl,epl_20260319_brentford_leeds,,,Brentford,Leeds,180.0,45.0,55.0,42.0,58.0,,,,,,,,,,3.0,,False,,1,,,,,,,,,,,,
2026-03-19T19:06:18.765344-04:00,vsin_dk,draftkings,epl,epl_20260319_sunderland_newcastle,,,Sunderland,Newcastle,425.0,5.0,95.0,29.0,71.0,,,,,,,,,,24.0,,True,,1,,,,,,,,,,,,
2026-03-19T19:06:18.765344-04:00,vsin_dk,draftkings,epl,epl_20260319_nottingham_forest_tottenham,,,Nottingham Forest,Tottenham,220.0,19.0,81.0,13.0,87.0,,,,,,,,,,6.0,,False,,1,,,,,,,,,,,,
2026-03-19T19:06:18.765344-04:00,vsin_dk,draftkings,epl,epl_20260319_west_ham_aston_villa,,,West Ham,Aston Villa,285.0,8.0,92.0,10.0,90.0,,,,,,,,,,2.0,,False,,1,,,,,,,,,,,,
2026-03-19T19:06:18.765344-04:00,vsin_dk,draftkings,epl,epl_20260319_wolves_west_ham,,,Wolves,West Ham,320.0,22.0,78.0,72.0,28.0,,,,,,,,,,50.0,,True,,1,,,,,,,,,,,,
2026-03-19T19:06:18.765344-04:00,vsin_dk,draftkings,epl,epl_20260319_bournemouth_arsenal,,,Bournemouth,Arsenal,750.0,6.0,94.0,30.0,70.0,,,,,,,,,,24.0,,True,,1,,,,,,,,,,,,
2026-03-19T19:06:18.765344-04:00,vsin_dk,draftkings,epl,epl_20260319_newcastle_crystal_palace,,,Newcastle,Crystal Palace,145.0,65.0,35.0,78.0,22.0,,,,,,,,,,13.0,,False,,1,,,,,,,,,,,,
2026-03-19T19:06:18.765344-04:00,vsin_dk,draftkings,epl,epl_20260319_everton_brentford,,,Everton,Brentford,235.0,12.0,88.0,9.0,91.0,,,,,,,,,,3.0,,False,,1,,,,,,,,,,,,
2026-03-19T19:06:18.765344-04:00,vsin_dk,draftkings,epl,epl_20260319_aston_villa_nottingham_forest,,,Aston Villa,Nottingham Forest,170.0,56.0,44.0,82.0,18.0,,,,,,,,,,26.0,,True,,1,,,,,,,,,,,,
2026-03-19T19:06:18.765344-04:00,vsin_dk,draftkings,epl,epl_20260319_brighton_burnley,,,Brighton,Burnley,-125.0,94.0,6.0,84.0,16.0,,,,,,,,,,10.0,,False,,1,,,,,,,,,,,,
2026-03-19T19:06:18.765344-04:00,vsin_dk,draftkings,epl,epl_20260319_fulham_liverpool,,,Fulham,Liverpool,450.0,4.0,96.0,32.0,68.0,,,,,,,,,,28.0,,True,,1,,,,,,,,,,,,
2026-03-19T19:06:18.765344-04:00,vsin_dk,draftkings,epl,epl_20260319_tottenham_sunderland,,,Tottenham,Sunderland,155.0,46.0,54.0,36.0,64.0,,,,,,,,,,10.0,,False,,1,,,,,,,,,,,,
2026-03-19T19:06:18.765344-04:00,vsin_dk,draftkings,epl,epl_20260319_man_city_chelsea,,,Man City,Chelsea,130.0,90.0,10.0,97.0,3.0,,,,,,,,,,7.0,,False,,1,,,,,,,,,,,,
2026-03-19T19:06:18.765344-04:00,vsin_dk,draftkings,epl,epl_20260319_leeds_man_utd,,,Leeds,Man Utd,400.0,4.0,96.0,4.0,96.0,,,,,,,,,,0.0,,False,,1,,,,,,,,,,,,
2026-03-19T19:36:53.780043-04:00,vsin_dk,draftkings,epl,epl_20260319_man_utd_bournemouth,,,Man Utd,Bournemouth,110.0,94.0,6.0,93.0,7.0,,,,,,,,,,1.0,,False,,1,,,,,,,,,,,,
2026-03-19T19:36:53.780043-04:00,vsin_dk,draftkings,epl,epl_20260319_liverpool_brighton,,,Liverpool,Brighton,120.0,91.0,9.0,89.0,11.0,,,,,,,,,,2.0,,False,,1,,,,,,,,,,,,
2026-03-19T19:36:53.780043-04:00,vsin_dk,draftkings,epl,epl_20260319_burnley_fulham,,,Burnley,Fulham,500.0,5.0,95.0,16.0,84.0,,,,,,,,,,11.0,,False,,1,,,,,,,,,,,,
2026-03-19T19:36:53.780043-04:00,vsin_dk,draftkings,epl,epl_20260319_chelsea_everton,,,Chelsea,Everton,115.0,89.0,11.0,73.0,27.0,,,,,,,,,,16.0,,True,,1,,,,,,,,,,,,
2026-03-19T19:36:53.780043-04:00,vsin_dk,draftkings,epl,epl_20260319_brentford_leeds,,,Brentford,Leeds,180.0,45.0,55.0,42.0,58.0,,,,,,,,,,3.0,,False,,1,,,,,,,,,,,,
2026-03-19T19:36:53.780043-04:00,vsin_dk,draftkings,epl,epl_20260319_sunderland_newcastle,,,Sunderland,Newcastle,425.0,5.0,95.0,28.0,72.0,,,,,,,,,,23.0,,True,,1,,,,,,,,,,,,
2026-03-19T19:36:53.780043-04:00,vsin_dk,draftkings,epl,epl_20260319_nottingham_forest_tottenham,,,Nottingham Forest,Tottenham,220.0,19.0,81.0,13.0,87.0,,,,,,,,,,6.0,,False,,1,,,,,,,,,,,,
2026-03-19T19:36:53.780043-04:00,vsin_dk,draftkings,epl,epl_20260319_west_ham_aston_villa,,,West Ham,Aston Villa,285.0,8.0,92.0,9.0,91.0,,,,,,,,,,1.0,,False,,1,,,,,,,,,,,,
2026-03-19T19:36:53.780043-04:00,vsin_dk,draftkings,epl,epl_20260319_wolves_west_ham,,,Wolves,West Ham,320.0,21.0,79.0,71.0,29.0,,,,,,,,,,50.0,,True,,1,,,,,,,,,,,,
2026-03-19T19:36:53.780043-04:00,vsin_dk,draftkings,epl,epl_20260319_bournemouth_arsenal,,,Bournemouth,Arsenal,750.0,6.0,94.0,31.0,69.0,,,,,,,,,,25.0,,True,,1,,,,,,,,,,,,
2026-03-19T19:36:53.780043-04:00,vsin_dk,draftkings,epl,epl_20260319_newcastle_crystal_palace,,,Newcastle,Crystal Palace,145.0,64.0,36.0,75.0,25.0,,,,,,,,,,11.0,,False,,1,,,,,,,,,,,,
2026-03-19T19:36:53.780043-04:00,vsin_dk,draftkings,epl,epl_20260319_everton_brentford,,,Everton,Brentford,235.0,12.0,88.0,9.0,91.0,,,,,,,,,,3.0,,False,,1,,,,,,,,,,,,
2026-03-19T19:36:53.780043-04:00,vsin_dk,draftkings,epl,epl_20260319_aston_villa_nottingham_forest,,,Aston Villa,Nottingham Forest,170.0,56.0,44.0,82.0,18.0,,,,,,,,,,26.0,,True,,1,,,,,,,,,,,,
2026-03-19T19:36:53.780043-04:00,vsin_dk,draftkings,epl,epl_20260319_brighton_burnley,,,Brighton,Burnley,-125.0,94.0,6.0,84.0,16.0,,,,,,,,,,10.0,,False,,1,,,,,,,,,,,,
2026-03-19T19:36:53.780043-04:00,vsin_dk,draftkings,epl,epl_20260319_fulham_liverpool,,,Fulham,Liverpool,450.0,4.0,96.0,31.0,69.0,,,,,,,,,,27.0,,True,,1,,,,,,,,,,,,
2026-03-19T19:36:53.780043-04:00,vsin_dk,draftkings,epl,epl_20260319_tottenham_sunderland,,,Tottenham,Sunderland,155.0,46.0,54.0,36.0,64.0,,,,,,,,,,10.0,,False,,1,,,,,,,,,,,,
2026-03-19T19:36:53.780043-04:00,vsin_dk,draftkings,epl,epl_20260319_man_city_chelsea,,,Man City,Chelsea,130.0,90.0,10.0,97.0,3.0,,,,,,,,,,7.0,,False,,1,,,,,,,,,,,,
2026-03-19T19:36:53.780043-04:00,vsin_dk,draftkings,epl,epl_20260319_leeds_man_utd,,,Leeds,Man Utd,400.0,4.0,96.0,4.0,96.0,,,,,,,,,,0.0,,False,,1,,,,,,,,,,,,
