timestamp,source,book,sport,game_id,game_date,game_time,away_team,home_team,spread_line,spread_away_bets_pct,spread_home_bets_pct,spread_away_handle_pct,spread_home_handle_pct,total_line,total_over_bets_pct,total_under_bets_pct,total_over_handle_pct,total_under_handle_pct,ml_away_bets_pct,ml_home_bets_pct,ml_away_handle_pct,ml_home_handle_pct,spread_bets_handle_divergence,total_bets_handle_divergence,sharp_signal_spread,sharp_signal_total,scrape_num,d_spread_line,d_spread_away_bets_pct,d_spread_home_bets_pct,d_spread_away_handle_pct,d_spread_home_handle_pct,d_total_line,d_total_over_bets_pct,d_total_under_bets_pct,d_total_over_handle_pct,d_total_under_handle_pct,d_ml_away_bets_pct,d_ml_home_bets_pct
2026-03-22T02:35:59.479057-04:00,vsin_dk,draftkings,mlb,mlb_20260325_new_york_yankees_san_francisco_giants,Mar 25,,New York Yankees,San Francisco Giants,-117.0,82.0,18.0,79.0,21.0,,,,,,,,,,3.0,,False,,1,,,,,,,,,,,,
2026-03-22T02:35:59.479057-04:00,vsin_dk,draftkings,mlb,mlb_20260326_pittsburgh_pirates_new_york_mets,Mar 26,,Pittsburgh Pirates,New York Mets,101.0,32.0,68.0,21.0,79.0,,,,,,,,,,11.0,,False,,1,,,,,,,,,,,,
2026-03-22T02:35:59.479057-04:00,vsin_dk,draftkings,mlb,mlb_20260326_chicago_white_sox_milwaukee_brewers,Mar 26,,Chicago White Sox,Milwaukee Brewers,160.0,13.0,87.0,16.0,84.0,,,,,,,,,,3.0,,False,,1,,,,,,,,,,,,
2026-03-22T02:35:59.479057-04:00,vsin_dk,draftkings,mlb,mlb_20260326_washington_nationals_chicago_cubs,Mar 26,,Washington Nationals,Chicago Cubs,163.0,11.0,89.0,10.0,90.0,,,,,,,,,,1.0,,False,,1,,,,,,,,,,,,
2026-03-22T02:35:59.479057-04:00,vsin_dk,draftkings,mlb,mlb_20260326_minnesota_twins_baltimore_orioles,Mar 26,,Minnesota Twins,Baltimore Orioles,133.0,20.0,80.0,8.0,92.0,,,,,,,,,,12.0,,False,,1,,,,,,,,,,,,
2026-03-22T02:35:59.479057-04:00,vsin_dk,draftkings,mlb,mlb_20260326_los_angeles_angels_houston_astros,Mar 26,,Los Angeles Angels,Houston Astros,155.0,13.0,87.0,14.0,86.0,,,,,,,,,,1.0,,False,,1,,,,,,,,,,,,
2026-03-22T02:35:59.479057-04:00,vsin_dk,draftkings,mlb,mlb_20260326_detroit_tigers_san_diego_padres,Mar 26,,Detroit Tigers,San Diego Padres,-138.0,66.0,34.0,84.0,16.0,,,,,,,,,,18.0,,True,,1,,,,,,,,,,,,
2026-03-22T02:35:59.479057-04:00,vsin_dk,draftkings,mlb,mlb_20260326_boston_red_sox_cincinnati_reds,Mar 26,,Boston Red Sox,Cincinnati Reds,-158.0,77.0,23.0,83.0,17.0,,,,,,,,,,6.0,,False,,1,,,,,,,,,,,,
2026-03-22T02:35:59.479057-04:00,vsin_dk,draftkings,mlb,mlb_20260326_tampa_bay_rays_st_louis_cardinals,Mar 26,,Tampa Bay Rays,ST Louis Cardinals,-124.0,64.0,36.0,73.0,27.0,,,,,,,,,,9.0,,False,,1,,,,,,,,,,,,
2026-03-22T02:35:59.479057-04:00,vsin_dk,draftkings,mlb,mlb_20260326_texas_rangers_philadelphia_phillies,Mar 26,,Texas Rangers,Philadelphia Phillies,127.0,13.0,87.0,7.0,93.0,,,,,,,,,,6.0,,False,,1,,,,,,,,,,,,
2026-03-22T02:35:59.479057-04:00,vsin_dk,draftkings,mlb,mlb_20260326_arizona_diamondbacks_los_angeles_dodgers,Mar 26,,Arizona Diamondbacks,Los Angeles Dodgers,191.0,9.0,91.0,14.0,86.0,,,,,,,,,,5.0,,False,,1,,,,,,,,,,,,
2026-03-22T02:35:59.479057-04:00,vsin_dk,draftkings,mlb,mlb_20260326_cleveland_guardians_seattle_mariners,Mar 26,,Cleveland Guardians,Seattle Mariners,144.0,17.0,83.0,14.0,86.0,,,,,,,,,,3.0,,False,,1,,,,,,,,,,,,
2026-03-22T02:35:59.479057-04:00,vsin_dk,draftkings,mlb,mlb_20260327_athletics_toronto_blue_jays,Mar 27,,Athletics,Toronto Blue Jays,149.0,8.0,92.0,4.0,96.0,,,,,,,,,,4.0,,False,,1,,,,,,,,,,,,
2026-03-22T02:35:59.479057-04:00,vsin_dk,draftkings,mlb,mlb_20260327_colorado_rockies_miami_marlins,Mar 27,,Colorado Rockies,Miami Marlins,144.0,11.0,89.0,29.0,71.0,,,,,,,,,,18.0,,True,,1,,,,,,,,,,,,
2026-03-22T02:35:59.479057-04:00,vsin_dk,draftkings,mlb,mlb_20260327_kansas_city_royals_atlanta_braves,Mar 27,,Kansas City Royals,Atlanta Braves,125.0,23.0,77.0,78.0,22.0,,,,,,,,,,55.0,,True,,1,,,,,,,,,,,,
2026-03-22T03:05:43.466383-04:00,vsin_dk,draftkings,mlb,mlb_20260325_new_york_yankees_san_francisco_giants,Mar 25,,New York Yankees,San Francisco Giants,-117.0,82.0,18.0,79.0,21.0,,,,,,,,,,3.0,,False,,1,,,,,,,,,,,,
2026-03-22T03:05:43.466383-04:00,vsin_dk,draftkings,mlb,mlb_20260326_pittsburgh_pirates_new_york_mets,Mar 26,,Pittsburgh Pirates,New York Mets,101.0,32.0,68.0,21.0,79.0,,,,,,,,,,11.0,,False,,1,,,,,,,,,,,,
2026-03-22T03:05:43.466383-04:00,vsin_dk,draftkings,mlb,mlb_20260326_chicago_white_sox_milwaukee_brewers,Mar 26,,Chicago White Sox,Milwaukee Brewers,160.0,13.0,87.0,16.0,84.0,,,,,,,,,,3.0,,False,,1,,,,,,,,,,,,
2026-03-22T03:05:43.466383-04:00,vsin_dk,draftkings,mlb,mlb_20260326_washington_nationals_chicago_cubs,Mar 26,,Washington Nationals,Chicago Cubs,163.0,11.0,89.0,10.0,90.0,,,,,,,,,,1.0,,False,,1,,,,,,,,,,,,
2026-03-22T03:05:43.466383-04:00,vsin_dk,draftkings,mlb,mlb_20260326_minnesota_twins_baltimore_orioles,Mar 26,,Minnesota Twins,Baltimore Orioles,133.0,20.0,80.0,8.0,92.0,,,,,,,,,,12.0,,False,,1,,,,,,,,,,,,
2026-03-22T03:05:43.466383-04:00,vsin_dk,draftkings,mlb,mlb_20260326_los_angeles_angels_houston_astros,Mar 26,,Los Angeles Angels,Houston Astros,155.0,13.0,87.0,14.0,86.0,,,,,,,,,,1.0,,False,,1,,,,,,,,,,,,
2026-03-22T03:05:43.466383-04:00,vsin_dk,draftkings,mlb,mlb_20260326_detroit_tigers_san_diego_padres,Mar 26,,Detroit Tigers,San Diego Padres,-138.0,66.0,34.0,84.0,16.0,,,,,,,,,,18.0,,True,,1,,,,,,,,,,,,
2026-03-22T03:05:43.466383-04:00,vsin_dk,draftkings,mlb,mlb_20260326_boston_red_sox_cincinnati_reds,Mar 26,,Boston Red Sox,Cincinnati Reds,-158.0,77.0,23.0,83.0,17.0,,,,,,,,,,6.0,,False,,1,,,,,,,,,,,,
2026-03-22T03:05:43.466383-04:00,vsin_dk,draftkings,mlb,mlb_20260326_tampa_bay_rays_st_louis_cardinals,Mar 26,,Tampa Bay Rays,ST Louis Cardinals,-124.0,64.0,36.0,73.0,27.0,,,,,,,,,,9.0,,False,,1,,,,,,,,,,,,
2026-03-22T03:05:43.466383-04:00,vsin_dk,draftkings,mlb,mlb_20260326_texas_rangers_philadelphia_phillies,Mar 26,,Texas Rangers,Philadelphia Phillies,127.0,13.0,87.0,7.0,93.0,,,,,,,,,,6.0,,False,,1,,,,,,,,,,,,
2026-03-22T03:05:43.466383-04:00,vsin_dk,draftkings,mlb,mlb_20260326_arizona_diamondbacks_los_angeles_dodgers,Mar 26,,Arizona Diamondbacks,Los Angeles Dodgers,191.0,9.0,91.0,14.0,86.0,,,,,,,,,,5.0,,False,,1,,,,,,,,,,,,
2026-03-22T03:05:43.466383-04:00,vsin_dk,draftkings,mlb,mlb_20260326_cleveland_guardians_seattle_mariners,Mar 26,,Cleveland Guardians,Seattle Mariners,144.0,17.0,83.0,14.0,86.0,,,,,,,,,,3.0,,False,,1,,,,,,,,,,,,
2026-03-22T03:05:43.466383-04:00,vsin_dk,draftkings,mlb,mlb_20260327_athletics_toronto_blue_jays,Mar 27,,Athletics,Toronto Blue Jays,149.0,8.0,92.0,4.0,96.0,,,,,,,,,,4.0,,False,,1,,,,,,,,,,,,
2026-03-22T03:05:43.466383-04:00,vsin_dk,draftkings,mlb,mlb_20260327_colorado_rockies_miami_marlins,Mar 27,,Colorado Rockies,Miami Marlins,144.0,11.0,89.0,29.0,71.0,,,,,,,,,,18.0,,True,,1,,,,,,,,,,,,
2026-03-22T03:05:43.466383-04:00,vsin_dk,draftkings,mlb,mlb_20260327_kansas_city_royals_atlanta_braves,Mar 27,,Kansas City Royals,Atlanta Braves,125.0,23.0,77.0,78.0,22.0,,,,,,,,,,55.0,,True,,1,,,,,,,,,,,,
2026-03-22T03:17:36.211420-04:00,vsin_dk,draftkings,mlb,mlb_20260325_new_york_yankees_san_francisco_giants,Mar 25,,New York Yankees,San Francisco Giants,-117.0,82.0,18.0,79.0,21.0,,,,,,,,,,3.0,,False,,1,,,,,,,,,,,,
2026-03-22T03:17:36.211420-04:00,vsin_dk,draftkings,mlb,mlb_20260326_pittsburgh_pirates_new_york_mets,Mar 26,,Pittsburgh Pirates,New York Mets,101.0,32.0,68.0,21.0,79.0,,,,,,,,,,11.0,,False,,1,,,,,,,,,,,,
2026-03-22T03:17:36.211420-04:00,vsin_dk,draftkings,mlb,mlb_20260326_chicago_white_sox_milwaukee_brewers,Mar 26,,Chicago White Sox,Milwaukee Brewers,160.0,13.0,87.0,16.0,84.0,,,,,,,,,,3.0,,False,,1,,,,,,,,,,,,
2026-03-22T03:17:36.211420-04:00,vsin_dk,draftkings,mlb,mlb_20260326_washington_nationals_chicago_cubs,Mar 26,,Washington Nationals,Chicago Cubs,163.0,11.0,89.0,10.0,90.0,,,,,,,,,,1.0,,False,,1,,,,,,,,,,,,
2026-03-22T03:17:36.211420-04:00,vsin_dk,draftkings,mlb,mlb_20260326_minnesota_twins_baltimore_orioles,Mar 26,,Minnesota Twins,Baltimore Orioles,133.0,20.0,80.0,8.0,92.0,,,,,,,,,,12.0,,False,,1,,,,,,,,,,,,
2026-03-22T03:17:36.211420-04:00,vsin_dk,draftkings,mlb,mlb_20260326_los_angeles_angels_houston_astros,Mar 26,,Los Angeles Angels,Houston Astros,155.0,13.0,87.0,14.0,86.0,,,,,,,,,,1.0,,False,,1,,,,,,,,,,,,
2026-03-22T03:17:36.211420-04:00,vsin_dk,draftkings,mlb,mlb_20260326_detroit_tigers_san_diego_padres,Mar 26,,Detroit Tigers,San Diego Padres,-138.0,66.0,34.0,84.0,16.0,,,,,,,,,,18.0,,True,,1,,,,,,,,,,,,
2026-03-22T03:17:36.211420-04:00,vsin_dk,draftkings,mlb,mlb_20260326_boston_red_sox_cincinnati_reds,Mar 26,,Boston Red Sox,Cincinnati Reds,-158.0,77.0,23.0,83.0,17.0,,,,,,,,,,6.0,,False,,1,,,,,,,,,,,,
2026-03-22T03:17:36.211420-04:00,vsin_dk,draftkings,mlb,mlb_20260326_tampa_bay_rays_st_louis_cardinals,Mar 26,,Tampa Bay Rays,ST Louis Cardinals,-124.0,64.0,36.0,73.0,27.0,,,,,,,,,,9.0,,False,,1,,,,,,,,,,,,
2026-03-22T03:17:36.211420-04:00,vsin_dk,draftkings,mlb,mlb_20260326_texas_rangers_philadelphia_phillies,Mar 26,,Texas Rangers,Philadelphia Phillies,127.0,13.0,87.0,7.0,93.0,,,,,,,,,,6.0,,False,,1,,,,,,,,,,,,
2026-03-22T03:17:36.211420-04:00,vsin_dk,draftkings,mlb,mlb_20260326_arizona_diamondbacks_los_angeles_dodgers,Mar 26,,Arizona Diamondbacks,Los Angeles Dodgers,191.0,9.0,91.0,14.0,86.0,,,,,,,,,,5.0,,False,,1,,,,,,,,,,,,
2026-03-22T03:17:36.211420-04:00,vsin_dk,draftkings,mlb,mlb_20260326_cleveland_guardians_seattle_mariners,Mar 26,,Cleveland Guardians,Seattle Mariners,144.0,17.0,83.0,14.0,86.0,,,,,,,,,,3.0,,False,,1,,,,,,,,,,,,
2026-03-22T03:17:36.211420-04:00,vsin_dk,draftkings,mlb,mlb_20260327_athletics_toronto_blue_jays,Mar 27,,Athletics,Toronto Blue Jays,149.0,8.0,92.0,4.0,96.0,,,,,,,,,,4.0,,False,,1,,,,,,,,,,,,
2026-03-22T03:17:36.211420-04:00,vsin_dk,draftkings,mlb,mlb_20260327_colorado_rockies_miami_marlins,Mar 27,,Colorado Rockies,Miami Marlins,144.0,11.0,89.0,29.0,71.0,,,,,,,,,,18.0,,True,,1,,,,,,,,,,,,
2026-03-22T03:17:36.211420-04:00,vsin_dk,draftkings,mlb,mlb_20260327_kansas_city_royals_atlanta_braves,Mar 27,,Kansas City Royals,Atlanta Braves,125.0,23.0,77.0,78.0,22.0,,,,,,,,,,55.0,,True,,1,,,,,,,,,,,,
2026-03-22T03:35:40.412360-04:00,vsin_dk,draftkings,mlb,mlb_20260325_new_york_yankees_san_francisco_giants,Mar 25,,New York Yankees,San Francisco Giants,-117.0,82.0,18.0,79.0,21.0,,,,,,,,,,3.0,,False,,1,,,,,,,,,,,,
2026-03-22T03:35:40.412360-04:00,vsin_dk,draftkings,mlb,mlb_20260326_pittsburgh_pirates_new_york_mets,Mar 26,,Pittsburgh Pirates,New York Mets,101.0,32.0,68.0,21.0,79.0,,,,,,,,,,11.0,,False,,1,,,,,,,,,,,,
2026-03-22T03:35:40.412360-04:00,vsin_dk,draftkings,mlb,mlb_20260326_chicago_white_sox_milwaukee_brewers,Mar 26,,Chicago White Sox,Milwaukee Brewers,160.0,13.0,87.0,16.0,84.0,,,,,,,,,,3.0,,False,,1,,,,,,,,,,,,
2026-03-22T03:35:40.412360-04:00,vsin_dk,draftkings,mlb,mlb_20260326_washington_nationals_chicago_cubs,Mar 26,,Washington Nationals,Chicago Cubs,163.0,11.0,89.0,10.0,90.0,,,,,,,,,,1.0,,False,,1,,,,,,,,,,,,
2026-03-22T03:35:40.412360-04:00,vsin_dk,draftkings,mlb,mlb_20260326_minnesota_twins_baltimore_orioles,Mar 26,,Minnesota Twins,Baltimore Orioles,133.0,20.0,80.0,8.0,92.0,,,,,,,,,,12.0,,False,,1,,,,,,,,,,,,
2026-03-22T03:35:40.412360-04:00,vsin_dk,draftkings,mlb,mlb_20260326_los_angeles_angels_houston_astros,Mar 26,,Los Angeles Angels,Houston Astros,155.0,13.0,87.0,14.0,86.0,,,,,,,,,,1.0,,False,,1,,,,,,,,,,,,
2026-03-22T03:35:40.412360-04:00,vsin_dk,draftkings,mlb,mlb_20260326_detroit_tigers_san_diego_padres,Mar 26,,Detroit Tigers,San Diego Padres,-138.0,66.0,34.0,84.0,16.0,,,,,,,,,,18.0,,True,,1,,,,,,,,,,,,
2026-03-22T03:35:40.412360-04:00,vsin_dk,draftkings,mlb,mlb_20260326_boston_red_sox_cincinnati_reds,Mar 26,,Boston Red Sox,Cincinnati Reds,-158.0,77.0,23.0,83.0,17.0,,,,,,,,,,6.0,,False,,1,,,,,,,,,,,,
2026-03-22T03:35:40.412360-04:00,vsin_dk,draftkings,mlb,mlb_20260326_tampa_bay_rays_st_louis_cardinals,Mar 26,,Tampa Bay Rays,ST Louis Cardinals,-124.0,64.0,36.0,73.0,27.0,,,,,,,,,,9.0,,False,,1,,,,,,,,,,,,
2026-03-22T03:35:40.412360-04:00,vsin_dk,draftkings,mlb,mlb_20260326_texas_rangers_philadelphia_phillies,Mar 26,,Texas Rangers,Philadelphia Phillies,127.0,13.0,87.0,6.0,94.0,,,,,,,,,,7.0,,False,,1,,,,,,,,,,,,
2026-03-22T03:35:40.412360-04:00,vsin_dk,draftkings,mlb,mlb_20260326_arizona_diamondbacks_los_angeles_dodgers,Mar 26,,Arizona Diamondbacks,Los Angeles Dodgers,191.0,9.0,91.0,15.0,85.0,,,,,,,,,,6.0,,False,,1,,,,,,,,,,,,
2026-03-22T03:35:40.412360-04:00,vsin_dk,draftkings,mlb,mlb_20260326_cleveland_guardians_seattle_mariners,Mar 26,,Cleveland Guardians,Seattle Mariners,144.0,17.0,83.0,14.0,86.0,,,,,,,,,,3.0,,False,,1,,,,,,,,,,,,
2026-03-22T03:35:40.412360-04:00,vsin_dk,draftkings,mlb,mlb_20260327_athletics_toronto_blue_jays,Mar 27,,Athletics,Toronto Blue Jays,149.0,10.0,90.0,5.0,95.0,,,,,,,,,,5.0,,False,,1,,,,,,,,,,,,
2026-03-22T03:35:40.412360-04:00,vsin_dk,draftkings,mlb,mlb_20260327_colorado_rockies_miami_marlins,Mar 27,,Colorado Rockies,Miami Marlins,144.0,11.0,89.0,30.0,70.0,,,,,,,,,,19.0,,True,,1,,,,,,,,,,,,
2026-03-22T03:35:40.412360-04:00,vsin_dk,draftkings,mlb,mlb_20260327_kansas_city_royals_atlanta_braves,Mar 27,,Kansas City Royals,Atlanta Braves,125.0,22.0,78.0,77.0,23.0,,,,,,,,,,55.0,,True,,1,,,,,,,,,,,,
2026-03-22T03:58:50.319226-04:00,vsin_dk,draftkings,mlb,mlb_20260325_new_york_yankees_san_francisco_giants,Mar 25,,New York Yankees,San Francisco Giants,-117.0,82.0,18.0,79.0,21.0,,,,,,,,,,3.0,,False,,1,,,,,,,,,,,,
2026-03-22T03:58:50.319226-04:00,vsin_dk,draftkings,mlb,mlb_20260326_pittsburgh_pirates_new_york_mets,Mar 26,,Pittsburgh Pirates,New York Mets,101.0,32.0,68.0,21.0,79.0,,,,,,,,,,11.0,,False,,1,,,,,,,,,,,,
2026-03-22T03:58:50.319226-04:00,vsin_dk,draftkings,mlb,mlb_20260326_chicago_white_sox_milwaukee_brewers,Mar 26,,Chicago White Sox,Milwaukee Brewers,160.0,13.0,87.0,15.0,85.0,,,,,,,,,,2.0,,False,,1,,,,,,,,,,,,
2026-03-22T03:58:50.319226-04:00,vsin_dk,draftkings,mlb,mlb_20260326_washington_nationals_chicago_cubs,Mar 26,,Washington Nationals,Chicago Cubs,163.0,11.0,89.0,10.0,90.0,,,,,,,,,,1.0,,False,,1,,,,,,,,,,,,
2026-03-22T03:58:50.319226-04:00,vsin_dk,draftkings,mlb,mlb_20260326_minnesota_twins_baltimore_orioles,Mar 26,,Minnesota Twins,Baltimore Orioles,133.0,20.0,80.0,8.0,92.0,,,,,,,,,,12.0,,False,,1,,,,,,,,,,,,
2026-03-22T03:58:50.319226-04:00,vsin_dk,draftkings,mlb,mlb_20260326_los_angeles_angels_houston_astros,Mar 26,,Los Angeles Angels,Houston Astros,155.0,13.0,87.0,14.0,86.0,,,,,,,,,,1.0,,False,,1,,,,,,,,,,,,
2026-03-22T03:58:50.319226-04:00,vsin_dk,draftkings,mlb,mlb_20260326_detroit_tigers_san_diego_padres,Mar 26,,Detroit Tigers,San Diego Padres,-138.0,66.0,34.0,84.0,16.0,,,,,,,,,,18.0,,True,,1,,,,,,,,,,,,
2026-03-22T03:58:50.319226-04:00,vsin_dk,draftkings,mlb,mlb_20260326_boston_red_sox_cincinnati_reds,Mar 26,,Boston Red Sox,Cincinnati Reds,-158.0,77.0,23.0,83.0,17.0,,,,,,,,,,6.0,,False,,1,,,,,,,,,,,,
2026-03-22T03:58:50.319226-04:00,vsin_dk,draftkings,mlb,mlb_20260326_tampa_bay_rays_st_louis_cardinals,Mar 26,,Tampa Bay Rays,ST Louis Cardinals,-124.0,64.0,36.0,74.0,26.0,,,,,,,,,,10.0,,False,,1,,,,,,,,,,,,
2026-03-22T03:58:50.319226-04:00,vsin_dk,draftkings,mlb,mlb_20260326_texas_rangers_philadelphia_phillies,Mar 26,,Texas Rangers,Philadelphia Phillies,127.0,13.0,87.0,6.0,94.0,,,,,,,,,,7.0,,False,,1,,,,,,,,,,,,
2026-03-22T03:58:50.319226-04:00,vsin_dk,draftkings,mlb,mlb_20260326_arizona_diamondbacks_los_angeles_dodgers,Mar 26,,Arizona Diamondbacks,Los Angeles Dodgers,191.0,9.0,91.0,15.0,85.0,,,,,,,,,,6.0,,False,,1,,,,,,,,,,,,
2026-03-22T03:58:50.319226-04:00,vsin_dk,draftkings,mlb,mlb_20260326_cleveland_guardians_seattle_mariners,Mar 26,,Cleveland Guardians,Seattle Mariners,144.0,17.0,83.0,14.0,86.0,,,,,,,,,,3.0,,False,,1,,,,,,,,,,,,
2026-03-22T03:58:50.319226-04:00,vsin_dk,draftkings,mlb,mlb_20260327_athletics_toronto_blue_jays,Mar 27,,Athletics,Toronto Blue Jays,149.0,9.0,91.0,5.0,95.0,,,,,,,,,,4.0,,False,,1,,,,,,,,,,,,
2026-03-22T03:58:50.319226-04:00,vsin_dk,draftkings,mlb,mlb_20260327_colorado_rockies_miami_marlins,Mar 27,,Colorado Rockies,Miami Marlins,144.0,11.0,89.0,28.0,72.0,,,,,,,,,,17.0,,True,,1,,,,,,,,,,,,
2026-03-22T03:58:50.319226-04:00,vsin_dk,draftkings,mlb,mlb_20260327_kansas_city_royals_atlanta_braves,Mar 27,,Kansas City Royals,Atlanta Braves,125.0,21.0,79.0,76.0,24.0,,,,,,,,,,55.0,,True,,1,,,,,,,,,,,,
2026-03-22T04:26:10.245111-04:00,vsin_dk,draftkings,mlb,mlb_20260325_new_york_yankees_san_francisco_giants,Mar 25,,New York Yankees,San Francisco Giants,-117.0,82.0,18.0,79.0,21.0,,,,,,,,,,3.0,,False,,1,,,,,,,,,,,,
2026-03-22T04:26:10.245111-04:00,vsin_dk,draftkings,mlb,mlb_20260326_pittsburgh_pirates_new_york_mets,Mar 26,,Pittsburgh Pirates,New York Mets,101.0,32.0,68.0,21.0,79.0,,,,,,,,,,11.0,,False,,1,,,,,,,,,,,,
2026-03-22T04:26:10.245111-04:00,vsin_dk,draftkings,mlb,mlb_20260326_chicago_white_sox_milwaukee_brewers,Mar 26,,Chicago White Sox,Milwaukee Brewers,160.0,13.0,87.0,15.0,85.0,,,,,,,,,,2.0,,False,,1,,,,,,,,,,,,
2026-03-22T04:26:10.245111-04:00,vsin_dk,draftkings,mlb,mlb_20260326_washington_nationals_chicago_cubs,Mar 26,,Washington Nationals,Chicago Cubs,163.0,11.0,89.0,10.0,90.0,,,,,,,,,,1.0,,False,,1,,,,,,,,,,,,
2026-03-22T04:26:10.245111-04:00,vsin_dk,draftkings,mlb,mlb_20260326_minnesota_twins_baltimore_orioles,Mar 26,,Minnesota Twins,Baltimore Orioles,133.0,20.0,80.0,8.0,92.0,,,,,,,,,,12.0,,False,,1,,,,,,,,,,,,
2026-03-22T04:26:10.245111-04:00,vsin_dk,draftkings,mlb,mlb_20260326_boston_red_sox_cincinnati_reds,Mar 26,,Boston Red Sox,Cincinnati Reds,-158.0,77.0,23.0,83.0,17.0,,,,,,,,,,6.0,,False,,1,,,,,,,,,,,,
2026-03-22T04:26:10.245111-04:00,vsin_dk,draftkings,mlb,mlb_20260326_los_angeles_angels_houston_astros,Mar 26,,Los Angeles Angels,Houston Astros,155.0,13.0,87.0,14.0,86.0,,,,,,,,,,1.0,,False,,1,,,,,,,,,,,,
2026-03-22T04:26:10.245111-04:00,vsin_dk,draftkings,mlb,mlb_20260326_detroit_tigers_san_diego_padres,Mar 26,,Detroit Tigers,San Diego Padres,-138.0,66.0,34.0,84.0,16.0,,,,,,,,,,18.0,,True,,1,,,,,,,,,,,,
2026-03-22T04:26:10.245111-04:00,vsin_dk,draftkings,mlb,mlb_20260326_texas_rangers_philadelphia_phillies,Mar 26,,Texas Rangers,Philadelphia Phillies,127.0,13.0,87.0,6.0,94.0,,,,,,,,,,7.0,,False,,1,,,,,,,,,,,,
2026-03-22T04:26:10.245111-04:00,vsin_dk,draftkings,mlb,mlb_20260326_tampa_bay_rays_st_louis_cardinals,Mar 26,,Tampa Bay Rays,ST Louis Cardinals,-124.0,64.0,36.0,74.0,26.0,,,,,,,,,,10.0,,False,,1,,,,,,,,,,,,
2026-03-22T04:26:10.245111-04:00,vsin_dk,draftkings,mlb,mlb_20260326_arizona_diamondbacks_los_angeles_dodgers,Mar 26,,Arizona Diamondbacks,Los Angeles Dodgers,191.0,9.0,91.0,15.0,85.0,,,,,,,,,,6.0,,False,,1,,,,,,,,,,,,
2026-03-22T04:26:10.245111-04:00,vsin_dk,draftkings,mlb,mlb_20260326_cleveland_guardians_seattle_mariners,Mar 26,,Cleveland Guardians,Seattle Mariners,144.0,17.0,83.0,14.0,86.0,,,,,,,,,,3.0,,False,,1,,,,,,,,,,,,
2026-03-22T04:26:10.245111-04:00,vsin_dk,draftkings,mlb,mlb_20260327_athletics_toronto_blue_jays,Mar 27,,Athletics,Toronto Blue Jays,149.0,9.0,91.0,5.0,95.0,,,,,,,,,,4.0,,False,,1,,,,,,,,,,,,
2026-03-22T04:26:10.245111-04:00,vsin_dk,draftkings,mlb,mlb_20260327_colorado_rockies_miami_marlins,Mar 27,,Colorado Rockies,Miami Marlins,144.0,11.0,89.0,28.0,72.0,,,,,,,,,,17.0,,True,,1,,,,,,,,,,,,
2026-03-22T04:26:10.245111-04:00,vsin_dk,draftkings,mlb,mlb_20260327_kansas_city_royals_atlanta_braves,Mar 27,,Kansas City Royals,Atlanta Braves,125.0,21.0,79.0,76.0,24.0,,,,,,,,,,55.0,,True,,1,,,,,,,,,,,,
2026-03-22T04:35:38.098475-04:00,vsin_dk,draftkings,mlb,mlb_20260325_new_york_yankees_san_francisco_giants,Mar 25,,New York Yankees,San Francisco Giants,-117.0,82.0,18.0,79.0,21.0,,,,,,,,,,3.0,,False,,1,,,,,,,,,,,,
2026-03-22T04:35:38.098475-04:00,vsin_dk,draftkings,mlb,mlb_20260326_pittsburgh_pirates_new_york_mets,Mar 26,,Pittsburgh Pirates,New York Mets,101.0,32.0,68.0,21.0,79.0,,,,,,,,,,11.0,,False,,1,,,,,,,,,,,,
2026-03-22T04:35:38.098475-04:00,vsin_dk,draftkings,mlb,mlb_20260326_chicago_white_sox_milwaukee_brewers,Mar 26,,Chicago White Sox,Milwaukee Brewers,160.0,13.0,87.0,15.0,85.0,,,,,,,,,,2.0,,False,,1,,,,,,,,,,,,
2026-03-22T04:35:38.098475-04:00,vsin_dk,draftkings,mlb,mlb_20260326_washington_nationals_chicago_cubs,Mar 26,,Washington Nationals,Chicago Cubs,163.0,11.0,89.0,10.0,90.0,,,,,,,,,,1.0,,False,,1,,,,,,,,,,,,
2026-03-22T04:35:38.098475-04:00,vsin_dk,draftkings,mlb,mlb_20260326_minnesota_twins_baltimore_orioles,Mar 26,,Minnesota Twins,Baltimore Orioles,133.0,20.0,80.0,8.0,92.0,,,,,,,,,,12.0,,False,,1,,,,,,,,,,,,
2026-03-22T04:35:38.098475-04:00,vsin_dk,draftkings,mlb,mlb_20260326_boston_red_sox_cincinnati_reds,Mar 26,,Boston Red Sox,Cincinnati Reds,-158.0,77.0,23.0,83.0,17.0,,,,,,,,,,6.0,,False,,1,,,,,,,,,,,,
2026-03-22T04:35:38.098475-04:00,vsin_dk,draftkings,mlb,mlb_20260326_los_angeles_angels_houston_astros,Mar 26,,Los Angeles Angels,Houston Astros,155.0,13.0,87.0,14.0,86.0,,,,,,,,,,1.0,,False,,1,,,,,,,,,,,,
2026-03-22T04:35:38.098475-04:00,vsin_dk,draftkings,mlb,mlb_20260326_detroit_tigers_san_diego_padres,Mar 26,,Detroit Tigers,San Diego Padres,-138.0,66.0,34.0,84.0,16.0,,,,,,,,,,18.0,,True,,1,,,,,,,,,,,,
2026-03-22T04:35:38.098475-04:00,vsin_dk,draftkings,mlb,mlb_20260326_texas_rangers_philadelphia_phillies,Mar 26,,Texas Rangers,Philadelphia Phillies,127.0,13.0,87.0,6.0,94.0,,,,,,,,,,7.0,,False,,1,,,,,,,,,,,,
2026-03-22T04:35:38.098475-04:00,vsin_dk,draftkings,mlb,mlb_20260326_tampa_bay_rays_st_louis_cardinals,Mar 26,,Tampa Bay Rays,ST Louis Cardinals,-124.0,64.0,36.0,74.0,26.0,,,,,,,,,,10.0,,False,,1,,,,,,,,,,,,
2026-03-22T04:35:38.098475-04:00,vsin_dk,draftkings,mlb,mlb_20260326_arizona_diamondbacks_los_angeles_dodgers,Mar 26,,Arizona Diamondbacks,Los Angeles Dodgers,191.0,9.0,91.0,15.0,85.0,,,,,,,,,,6.0,,False,,1,,,,,,,,,,,,
2026-03-22T04:35:38.098475-04:00,vsin_dk,draftkings,mlb,mlb_20260326_cleveland_guardians_seattle_mariners,Mar 26,,Cleveland Guardians,Seattle Mariners,144.0,17.0,83.0,14.0,86.0,,,,,,,,,,3.0,,False,,1,,,,,,,,,,,,
2026-03-22T04:35:38.098475-04:00,vsin_dk,draftkings,mlb,mlb_20260327_athletics_toronto_blue_jays,Mar 27,,Athletics,Toronto Blue Jays,149.0,9.0,91.0,5.0,95.0,,,,,,,,,,4.0,,False,,1,,,,,,,,,,,,
2026-03-22T04:35:38.098475-04:00,vsin_dk,draftkings,mlb,mlb_20260327_colorado_rockies_miami_marlins,Mar 27,,Colorado Rockies,Miami Marlins,144.0,11.0,89.0,28.0,72.0,,,,,,,,,,17.0,,True,,1,,,,,,,,,,,,
2026-03-22T04:35:38.098475-04:00,vsin_dk,draftkings,mlb,mlb_20260327_kansas_city_royals_atlanta_braves,Mar 27,,Kansas City Royals,Atlanta Braves,125.0,21.0,79.0,76.0,24.0,,,,,,,,,,55.0,,True,,1,,,,,,,,,,,,
2026-03-22T05:01:18.819488-04:00,vsin_dk,draftkings,mlb,mlb_20260325_new_york_yankees_san_francisco_giants,Mar 25,,New York Yankees,San Francisco Giants,-117.0,82.0,18.0,79.0,21.0,,,,,,,,,,3.0,,False,,1,,,,,,,,,,,,
2026-03-22T05:01:18.819488-04:00,vsin_dk,draftkings,mlb,mlb_20260326_pittsburgh_pirates_new_york_mets,Mar 26,,Pittsburgh Pirates,New York Mets,101.0,32.0,68.0,21.0,79.0,,,,,,,,,,11.0,,False,,1,,,,,,,,,,,,
2026-03-22T05:01:18.819488-04:00,vsin_dk,draftkings,mlb,mlb_20260326_chicago_white_sox_milwaukee_brewers,Mar 26,,Chicago White Sox,Milwaukee Brewers,160.0,13.0,87.0,16.0,84.0,,,,,,,,,,3.0,,False,,1,,,,,,,,,,,,
2026-03-22T05:01:18.819488-04:00,vsin_dk,draftkings,mlb,mlb_20260326_washington_nationals_chicago_cubs,Mar 26,,Washington Nationals,Chicago Cubs,163.0,11.0,89.0,10.0,90.0,,,,,,,,,,1.0,,False,,1,,,,,,,,,,,,
2026-03-22T05:01:18.819488-04:00,vsin_dk,draftkings,mlb,mlb_20260326_minnesota_twins_baltimore_orioles,Mar 26,,Minnesota Twins,Baltimore Orioles,133.0,20.0,80.0,8.0,92.0,,,,,,,,,,12.0,,False,,1,,,,,,,,,,,,
2026-03-22T05:01:18.819488-04:00,vsin_dk,draftkings,mlb,mlb_20260326_boston_red_sox_cincinnati_reds,Mar 26,,Boston Red Sox,Cincinnati Reds,-158.0,77.0,23.0,83.0,17.0,,,,,,,,,,6.0,,False,,1,,,,,,,,,,,,
2026-03-22T05:01:18.819488-04:00,vsin_dk,draftkings,mlb,mlb_20260326_los_angeles_angels_houston_astros,Mar 26,,Los Angeles Angels,Houston Astros,155.0,13.0,87.0,14.0,86.0,,,,,,,,,,1.0,,False,,1,,,,,,,,,,,,
2026-03-22T05:01:18.819488-04:00,vsin_dk,draftkings,mlb,mlb_20260326_detroit_tigers_san_diego_padres,Mar 26,,Detroit Tigers,San Diego Padres,-138.0,66.0,34.0,84.0,16.0,,,,,,,,,,18.0,,True,,1,,,,,,,,,,,,
2026-03-22T05:01:18.819488-04:00,vsin_dk,draftkings,mlb,mlb_20260326_texas_rangers_philadelphia_phillies,Mar 26,,Texas Rangers,Philadelphia Phillies,127.0,13.0,87.0,6.0,94.0,,,,,,,,,,7.0,,False,,1,,,,,,,,,,,,
2026-03-22T05:01:18.819488-04:00,vsin_dk,draftkings,mlb,mlb_20260326_tampa_bay_rays_st_louis_cardinals,Mar 26,,Tampa Bay Rays,ST Louis Cardinals,-124.0,64.0,36.0,74.0,26.0,,,,,,,,,,10.0,,False,,1,,,,,,,,,,,,
2026-03-22T05:01:18.819488-04:00,vsin_dk,draftkings,mlb,mlb_20260326_arizona_diamondbacks_los_angeles_dodgers,Mar 26,,Arizona Diamondbacks,Los Angeles Dodgers,191.0,9.0,91.0,15.0,85.0,,,,,,,,,,6.0,,False,,1,,,,,,,,,,,,
2026-03-22T05:01:18.819488-04:00,vsin_dk,draftkings,mlb,mlb_20260326_cleveland_guardians_seattle_mariners,Mar 26,,Cleveland Guardians,Seattle Mariners,144.0,17.0,83.0,14.0,86.0,,,,,,,,,,3.0,,False,,1,,,,,,,,,,,,
2026-03-22T05:01:18.819488-04:00,vsin_dk,draftkings,mlb,mlb_20260327_athletics_toronto_blue_jays,Mar 27,,Athletics,Toronto Blue Jays,149.0,10.0,90.0,7.0,93.0,,,,,,,,,,3.0,,False,,1,,,,,,,,,,,,
2026-03-22T05:01:18.819488-04:00,vsin_dk,draftkings,mlb,mlb_20260327_colorado_rockies_miami_marlins,Mar 27,,Colorado Rockies,Miami Marlins,144.0,11.0,89.0,28.0,72.0,,,,,,,,,,17.0,,True,,1,,,,,,,,,,,,
2026-03-22T05:01:18.819488-04:00,vsin_dk,draftkings,mlb,mlb_20260327_kansas_city_royals_atlanta_braves,Mar 27,,Kansas City Royals,Atlanta Braves,125.0,21.0,79.0,76.0,24.0,,,,,,,,,,55.0,,True,,1,,,,,,,,,,,,
2026-03-22T05:27:06.806040-04:00,vsin_dk,draftkings,mlb,mlb_20260325_new_york_yankees_san_francisco_giants,Mar 25,,New York Yankees,San Francisco Giants,-117.0,82.0,18.0,79.0,21.0,,,,,,,,,,3.0,,False,,1,,,,,,,,,,,,
2026-03-22T05:27:06.806040-04:00,vsin_dk,draftkings,mlb,mlb_20260326_pittsburgh_pirates_new_york_mets,Mar 26,,Pittsburgh Pirates,New York Mets,101.0,32.0,68.0,21.0,79.0,,,,,,,,,,11.0,,False,,1,,,,,,,,,,,,
2026-03-22T05:27:06.806040-04:00,vsin_dk,draftkings,mlb,mlb_20260326_chicago_white_sox_milwaukee_brewers,Mar 26,,Chicago White Sox,Milwaukee Brewers,160.0,13.0,87.0,16.0,84.0,,,,,,,,,,3.0,,False,,1,,,,,,,,,,,,
2026-03-22T05:27:06.806040-04:00,vsin_dk,draftkings,mlb,mlb_20260326_washington_nationals_chicago_cubs,Mar 26,,Washington Nationals,Chicago Cubs,163.0,11.0,89.0,10.0,90.0,,,,,,,,,,1.0,,False,,1,,,,,,,,,,,,
2026-03-22T05:27:06.806040-04:00,vsin_dk,draftkings,mlb,mlb_20260326_minnesota_twins_baltimore_orioles,Mar 26,,Minnesota Twins,Baltimore Orioles,133.0,19.0,81.0,8.0,92.0,,,,,,,,,,11.0,,False,,1,,,,,,,,,,,,
2026-03-22T05:27:06.806040-04:00,vsin_dk,draftkings,mlb,mlb_20260326_boston_red_sox_cincinnati_reds,Mar 26,,Boston Red Sox,Cincinnati Reds,-158.0,78.0,22.0,83.0,17.0,,,,,,,,,,5.0,,False,,1,,,,,,,,,,,,
2026-03-22T05:27:06.806040-04:00,vsin_dk,draftkings,mlb,mlb_20260326_los_angeles_angels_houston_astros,Mar 26,,Los Angeles Angels,Houston Astros,155.0,13.0,87.0,14.0,86.0,,,,,,,,,,1.0,,False,,1,,,,,,,,,,,,
2026-03-22T05:27:06.806040-04:00,vsin_dk,draftkings,mlb,mlb_20260326_detroit_tigers_san_diego_padres,Mar 26,,Detroit Tigers,San Diego Padres,-138.0,66.0,34.0,84.0,16.0,,,,,,,,,,18.0,,True,,1,,,,,,,,,,,,
2026-03-22T05:27:06.806040-04:00,vsin_dk,draftkings,mlb,mlb_20260326_texas_rangers_philadelphia_phillies,Mar 26,,Texas Rangers,Philadelphia Phillies,127.0,13.0,87.0,6.0,94.0,,,,,,,,,,7.0,,False,,1,,,,,,,,,,,,
2026-03-22T05:27:06.806040-04:00,vsin_dk,draftkings,mlb,mlb_20260326_tampa_bay_rays_st_louis_cardinals,Mar 26,,Tampa Bay Rays,ST Louis Cardinals,-124.0,64.0,36.0,74.0,26.0,,,,,,,,,,10.0,,False,,1,,,,,,,,,,,,
2026-03-22T05:27:06.806040-04:00,vsin_dk,draftkings,mlb,mlb_20260326_arizona_diamondbacks_los_angeles_dodgers,Mar 26,,Arizona Diamondbacks,Los Angeles Dodgers,191.0,9.0,91.0,15.0,85.0,,,,,,,,,,6.0,,False,,1,,,,,,,,,,,,
2026-03-22T05:27:06.806040-04:00,vsin_dk,draftkings,mlb,mlb_20260326_cleveland_guardians_seattle_mariners,Mar 26,,Cleveland Guardians,Seattle Mariners,144.0,17.0,83.0,14.0,86.0,,,,,,,,,,3.0,,False,,1,,,,,,,,,,,,
2026-03-22T05:27:06.806040-04:00,vsin_dk,draftkings,mlb,mlb_20260327_athletics_toronto_blue_jays,Mar 27,,Athletics,Toronto Blue Jays,149.0,10.0,90.0,7.0,93.0,,,,,,,,,,3.0,,False,,1,,,,,,,,,,,,
2026-03-22T05:27:06.806040-04:00,vsin_dk,draftkings,mlb,mlb_20260327_colorado_rockies_miami_marlins,Mar 27,,Colorado Rockies,Miami Marlins,144.0,11.0,89.0,28.0,72.0,,,,,,,,,,17.0,,True,,1,,,,,,,,,,,,
2026-03-22T05:27:06.806040-04:00,vsin_dk,draftkings,mlb,mlb_20260327_kansas_city_royals_atlanta_braves,Mar 27,,Kansas City Royals,Atlanta Braves,125.0,21.0,79.0,76.0,24.0,,,,,,,,,,55.0,,True,,1,,,,,,,,,,,,
2026-03-22T05:36:07.403352-04:00,vsin_dk,draftkings,mlb,mlb_20260325_new_york_yankees_san_francisco_giants,Mar 25,,New York Yankees,San Francisco Giants,-117.0,82.0,18.0,79.0,21.0,,,,,,,,,,3.0,,False,,1,,,,,,,,,,,,
2026-03-22T05:36:07.403352-04:00,vsin_dk,draftkings,mlb,mlb_20260326_pittsburgh_pirates_new_york_mets,Mar 26,,Pittsburgh Pirates,New York Mets,101.0,32.0,68.0,21.0,79.0,,,,,,,,,,11.0,,False,,1,,,,,,,,,,,,
2026-03-22T05:36:07.403352-04:00,vsin_dk,draftkings,mlb,mlb_20260326_chicago_white_sox_milwaukee_brewers,Mar 26,,Chicago White Sox,Milwaukee Brewers,160.0,13.0,87.0,16.0,84.0,,,,,,,,,,3.0,,False,,1,,,,,,,,,,,,
2026-03-22T05:36:07.403352-04:00,vsin_dk,draftkings,mlb,mlb_20260326_washington_nationals_chicago_cubs,Mar 26,,Washington Nationals,Chicago Cubs,163.0,11.0,89.0,10.0,90.0,,,,,,,,,,1.0,,False,,1,,,,,,,,,,,,
2026-03-22T05:36:07.403352-04:00,vsin_dk,draftkings,mlb,mlb_20260326_minnesota_twins_baltimore_orioles,Mar 26,,Minnesota Twins,Baltimore Orioles,133.0,19.0,81.0,8.0,92.0,,,,,,,,,,11.0,,False,,1,,,,,,,,,,,,
2026-03-22T05:36:07.403352-04:00,vsin_dk,draftkings,mlb,mlb_20260326_boston_red_sox_cincinnati_reds,Mar 26,,Boston Red Sox,Cincinnati Reds,-158.0,78.0,22.0,83.0,17.0,,,,,,,,,,5.0,,False,,1,,,,,,,,,,,,
2026-03-22T05:36:07.403352-04:00,vsin_dk,draftkings,mlb,mlb_20260326_los_angeles_angels_houston_astros,Mar 26,,Los Angeles Angels,Houston Astros,155.0,13.0,87.0,14.0,86.0,,,,,,,,,,1.0,,False,,1,,,,,,,,,,,,
2026-03-22T05:36:07.403352-04:00,vsin_dk,draftkings,mlb,mlb_20260326_detroit_tigers_san_diego_padres,Mar 26,,Detroit Tigers,San Diego Padres,-138.0,66.0,34.0,83.0,17.0,,,,,,,,,,17.0,,True,,1,,,,,,,,,,,,
2026-03-22T05:36:07.403352-04:00,vsin_dk,draftkings,mlb,mlb_20260326_texas_rangers_philadelphia_phillies,Mar 26,,Texas Rangers,Philadelphia Phillies,127.0,13.0,87.0,6.0,94.0,,,,,,,,,,7.0,,False,,1,,,,,,,,,,,,
2026-03-22T05:36:07.403352-04:00,vsin_dk,draftkings,mlb,mlb_20260326_tampa_bay_rays_st_louis_cardinals,Mar 26,,Tampa Bay Rays,ST Louis Cardinals,-124.0,64.0,36.0,74.0,26.0,,,,,,,,,,10.0,,False,,1,,,,,,,,,,,,
2026-03-22T05:36:07.403352-04:00,vsin_dk,draftkings,mlb,mlb_20260326_arizona_diamondbacks_los_angeles_dodgers,Mar 26,,Arizona Diamondbacks,Los Angeles Dodgers,191.0,9.0,91.0,15.0,85.0,,,,,,,,,,6.0,,False,,1,,,,,,,,,,,,
2026-03-22T05:36:07.403352-04:00,vsin_dk,draftkings,mlb,mlb_20260326_cleveland_guardians_seattle_mariners,Mar 26,,Cleveland Guardians,Seattle Mariners,144.0,17.0,83.0,14.0,86.0,,,,,,,,,,3.0,,False,,1,,,,,,,,,,,,
2026-03-22T05:36:07.403352-04:00,vsin_dk,draftkings,mlb,mlb_20260327_athletics_toronto_blue_jays,Mar 27,,Athletics,Toronto Blue Jays,149.0,10.0,90.0,7.0,93.0,,,,,,,,,,3.0,,False,,1,,,,,,,,,,,,
2026-03-22T05:36:07.403352-04:00,vsin_dk,draftkings,mlb,mlb_20260327_colorado_rockies_miami_marlins,Mar 27,,Colorado Rockies,Miami Marlins,144.0,11.0,89.0,28.0,72.0,,,,,,,,,,17.0,,True,,1,,,,,,,,,,,,
2026-03-22T05:36:07.403352-04:00,vsin_dk,draftkings,mlb,mlb_20260327_kansas_city_royals_atlanta_braves,Mar 27,,Kansas City Royals,Atlanta Braves,125.0,21.0,79.0,76.0,24.0,,,,,,,,,,55.0,,True,,1,,,,,,,,,,,,
2026-03-22T05:57:32.590507-04:00,vsin_dk,draftkings,mlb,mlb_20260325_new_york_yankees_san_francisco_giants,Mar 25,,New York Yankees,San Francisco Giants,-117.0,82.0,18.0,79.0,21.0,,,,,,,,,,3.0,,False,,1,,,,,,,,,,,,
2026-03-22T05:57:32.590507-04:00,vsin_dk,draftkings,mlb,mlb_20260326_pittsburgh_pirates_new_york_mets,Mar 26,,Pittsburgh Pirates,New York Mets,101.0,32.0,68.0,21.0,79.0,,,,,,,,,,11.0,,False,,1,,,,,,,,,,,,
2026-03-22T05:57:32.590507-04:00,vsin_dk,draftkings,mlb,mlb_20260326_chicago_white_sox_milwaukee_brewers,Mar 26,,Chicago White Sox,Milwaukee Brewers,160.0,13.0,87.0,16.0,84.0,,,,,,,,,,3.0,,False,,1,,,,,,,,,,,,
2026-03-22T05:57:32.590507-04:00,vsin_dk,draftkings,mlb,mlb_20260326_washington_nationals_chicago_cubs,Mar 26,,Washington Nationals,Chicago Cubs,163.0,11.0,89.0,10.0,90.0,,,,,,,,,,1.0,,False,,1,,,,,,,,,,,,
2026-03-22T05:57:32.590507-04:00,vsin_dk,draftkings,mlb,mlb_20260326_minnesota_twins_baltimore_orioles,Mar 26,,Minnesota Twins,Baltimore Orioles,133.0,20.0,80.0,8.0,92.0,,,,,,,,,,12.0,,False,,1,,,,,,,,,,,,
2026-03-22T05:57:32.590507-04:00,vsin_dk,draftkings,mlb,mlb_20260326_boston_red_sox_cincinnati_reds,Mar 26,,Boston Red Sox,Cincinnati Reds,-158.0,78.0,22.0,82.0,18.0,,,,,,,,,,4.0,,False,,1,,,,,,,,,,,,
2026-03-22T05:57:32.590507-04:00,vsin_dk,draftkings,mlb,mlb_20260326_los_angeles_angels_houston_astros,Mar 26,,Los Angeles Angels,Houston Astros,155.0,13.0,87.0,14.0,86.0,,,,,,,,,,1.0,,False,,1,,,,,,,,,,,,
2026-03-22T05:57:32.590507-04:00,vsin_dk,draftkings,mlb,mlb_20260326_detroit_tigers_san_diego_padres,Mar 26,,Detroit Tigers,San Diego Padres,-138.0,66.0,34.0,84.0,16.0,,,,,,,,,,18.0,,True,,1,,,,,,,,,,,,
2026-03-22T05:57:32.590507-04:00,vsin_dk,draftkings,mlb,mlb_20260326_texas_rangers_philadelphia_phillies,Mar 26,,Texas Rangers,Philadelphia Phillies,127.0,13.0,87.0,6.0,94.0,,,,,,,,,,7.0,,False,,1,,,,,,,,,,,,
2026-03-22T05:57:32.590507-04:00,vsin_dk,draftkings,mlb,mlb_20260326_tampa_bay_rays_st_louis_cardinals,Mar 26,,Tampa Bay Rays,ST Louis Cardinals,-124.0,64.0,36.0,74.0,26.0,,,,,,,,,,10.0,,False,,1,,,,,,,,,,,,
2026-03-22T05:57:32.590507-04:00,vsin_dk,draftkings,mlb,mlb_20260326_arizona_diamondbacks_los_angeles_dodgers,Mar 26,,Arizona Diamondbacks,Los Angeles Dodgers,191.0,9.0,91.0,15.0,85.0,,,,,,,,,,6.0,,False,,1,,,,,,,,,,,,
2026-03-22T05:57:32.590507-04:00,vsin_dk,draftkings,mlb,mlb_20260326_cleveland_guardians_seattle_mariners,Mar 26,,Cleveland Guardians,Seattle Mariners,144.0,17.0,83.0,14.0,86.0,,,,,,,,,,3.0,,False,,1,,,,,,,,,,,,
2026-03-22T05:57:32.590507-04:00,vsin_dk,draftkings,mlb,mlb_20260327_athletics_toronto_blue_jays,Mar 27,,Athletics,Toronto Blue Jays,149.0,10.0,90.0,2.0,98.0,,,,,,,,,,8.0,,False,,1,,,,,,,,,,,,
2026-03-22T05:57:32.590507-04:00,vsin_dk,draftkings,mlb,mlb_20260327_colorado_rockies_miami_marlins,Mar 27,,Colorado Rockies,Miami Marlins,144.0,11.0,89.0,28.0,72.0,,,,,,,,,,17.0,,True,,1,,,,,,,,,,,,
2026-03-22T05:57:32.590507-04:00,vsin_dk,draftkings,mlb,mlb_20260327_kansas_city_royals_atlanta_braves,Mar 27,,Kansas City Royals,Atlanta Braves,125.0,21.0,79.0,40.0,60.0,,,,,,,,,,19.0,,True,,1,,,,,,,,,,,,
2026-03-22T06:05:47.935077-04:00,vsin_dk,draftkings,mlb,mlb_20260325_new_york_yankees_san_francisco_giants,Mar 25,,New York Yankees,San Francisco Giants,-117.0,82.0,18.0,79.0,21.0,,,,,,,,,,3.0,,False,,1,,,,,,,,,,,,
2026-03-22T06:05:47.935077-04:00,vsin_dk,draftkings,mlb,mlb_20260326_pittsburgh_pirates_new_york_mets,Mar 26,,Pittsburgh Pirates,New York Mets,101.0,32.0,68.0,21.0,79.0,,,,,,,,,,11.0,,False,,1,,,,,,,,,,,,
2026-03-22T06:05:47.935077-04:00,vsin_dk,draftkings,mlb,mlb_20260326_chicago_white_sox_milwaukee_brewers,Mar 26,,Chicago White Sox,Milwaukee Brewers,160.0,13.0,87.0,16.0,84.0,,,,,,,,,,3.0,,False,,1,,,,,,,,,,,,
2026-03-22T06:05:47.935077-04:00,vsin_dk,draftkings,mlb,mlb_20260326_washington_nationals_chicago_cubs,Mar 26,,Washington Nationals,Chicago Cubs,163.0,11.0,89.0,10.0,90.0,,,,,,,,,,1.0,,False,,1,,,,,,,,,,,,
2026-03-22T06:05:47.935077-04:00,vsin_dk,draftkings,mlb,mlb_20260326_minnesota_twins_baltimore_orioles,Mar 26,,Minnesota Twins,Baltimore Orioles,133.0,20.0,80.0,8.0,92.0,,,,,,,,,,12.0,,False,,1,,,,,,,,,,,,
2026-03-22T06:05:47.935077-04:00,vsin_dk,draftkings,mlb,mlb_20260326_boston_red_sox_cincinnati_reds,Mar 26,,Boston Red Sox,Cincinnati Reds,-158.0,78.0,22.0,82.0,18.0,,,,,,,,,,4.0,,False,,1,,,,,,,,,,,,
2026-03-22T06:05:47.935077-04:00,vsin_dk,draftkings,mlb,mlb_20260326_los_angeles_angels_houston_astros,Mar 26,,Los Angeles Angels,Houston Astros,155.0,13.0,87.0,14.0,86.0,,,,,,,,,,1.0,,False,,1,,,,,,,,,,,,
2026-03-22T06:05:47.935077-04:00,vsin_dk,draftkings,mlb,mlb_20260326_detroit_tigers_san_diego_padres,Mar 26,,Detroit Tigers,San Diego Padres,-138.0,66.0,34.0,84.0,16.0,,,,,,,,,,18.0,,True,,1,,,,,,,,,,,,
2026-03-22T06:05:47.935077-04:00,vsin_dk,draftkings,mlb,mlb_20260326_texas_rangers_philadelphia_phillies,Mar 26,,Texas Rangers,Philadelphia Phillies,127.0,13.0,87.0,6.0,94.0,,,,,,,,,,7.0,,False,,1,,,,,,,,,,,,
2026-03-22T06:05:47.935077-04:00,vsin_dk,draftkings,mlb,mlb_20260326_tampa_bay_rays_st_louis_cardinals,Mar 26,,Tampa Bay Rays,ST Louis Cardinals,-124.0,64.0,36.0,74.0,26.0,,,,,,,,,,10.0,,False,,1,,,,,,,,,,,,
2026-03-22T06:05:47.935077-04:00,vsin_dk,draftkings,mlb,mlb_20260326_arizona_diamondbacks_los_angeles_dodgers,Mar 26,,Arizona Diamondbacks,Los Angeles Dodgers,191.0,9.0,91.0,15.0,85.0,,,,,,,,,,6.0,,False,,1,,,,,,,,,,,,
2026-03-22T06:05:47.935077-04:00,vsin_dk,draftkings,mlb,mlb_20260326_cleveland_guardians_seattle_mariners,Mar 26,,Cleveland Guardians,Seattle Mariners,144.0,17.0,83.0,14.0,86.0,,,,,,,,,,3.0,,False,,1,,,,,,,,,,,,
2026-03-22T06:05:47.935077-04:00,vsin_dk,draftkings,mlb,mlb_20260327_athletics_toronto_blue_jays,Mar 27,,Athletics,Toronto Blue Jays,149.0,10.0,90.0,2.0,98.0,,,,,,,,,,8.0,,False,,1,,,,,,,,,,,,
2026-03-22T06:05:47.935077-04:00,vsin_dk,draftkings,mlb,mlb_20260327_colorado_rockies_miami_marlins,Mar 27,,Colorado Rockies,Miami Marlins,144.0,11.0,89.0,28.0,72.0,,,,,,,,,,17.0,,True,,1,,,,,,,,,,,,
2026-03-22T06:05:47.935077-04:00,vsin_dk,draftkings,mlb,mlb_20260327_kansas_city_royals_atlanta_braves,Mar 27,,Kansas City Royals,Atlanta Braves,125.0,21.0,79.0,40.0,60.0,,,,,,,,,,19.0,,True,,1,,,,,,,,,,,,
2026-03-22T06:21:22.244874-04:00,vsin_dk,draftkings,mlb,mlb_20260325_new_york_yankees_san_francisco_giants,Mar 25,,New York Yankees,San Francisco Giants,-117.0,82.0,18.0,79.0,21.0,,,,,,,,,,3.0,,False,,1,,,,,,,,,,,,
2026-03-22T06:21:22.244874-04:00,vsin_dk,draftkings,mlb,mlb_20260326_pittsburgh_pirates_new_york_mets,Mar 26,,Pittsburgh Pirates,New York Mets,101.0,32.0,68.0,21.0,79.0,,,,,,,,,,11.0,,False,,1,,,,,,,,,,,,
2026-03-22T06:21:22.244874-04:00,vsin_dk,draftkings,mlb,mlb_20260326_chicago_white_sox_milwaukee_brewers,Mar 26,,Chicago White Sox,Milwaukee Brewers,160.0,13.0,87.0,16.0,84.0,,,,,,,,,,3.0,,False,,1,,,,,,,,,,,,
2026-03-22T06:21:22.244874-04:00,vsin_dk,draftkings,mlb,mlb_20260326_washington_nationals_chicago_cubs,Mar 26,,Washington Nationals,Chicago Cubs,163.0,11.0,89.0,10.0,90.0,,,,,,,,,,1.0,,False,,1,,,,,,,,,,,,
2026-03-22T06:21:22.244874-04:00,vsin_dk,draftkings,mlb,mlb_20260326_minnesota_twins_baltimore_orioles,Mar 26,,Minnesota Twins,Baltimore Orioles,133.0,20.0,80.0,8.0,92.0,,,,,,,,,,12.0,,False,,1,,,,,,,,,,,,
2026-03-22T06:21:22.244874-04:00,vsin_dk,draftkings,mlb,mlb_20260326_boston_red_sox_cincinnati_reds,Mar 26,,Boston Red Sox,Cincinnati Reds,-158.0,78.0,22.0,82.0,18.0,,,,,,,,,,4.0,,False,,1,,,,,,,,,,,,
2026-03-22T06:21:22.244874-04:00,vsin_dk,draftkings,mlb,mlb_20260326_los_angeles_angels_houston_astros,Mar 26,,Los Angeles Angels,Houston Astros,155.0,13.0,87.0,14.0,86.0,,,,,,,,,,1.0,,False,,1,,,,,,,,,,,,
2026-03-22T06:21:22.244874-04:00,vsin_dk,draftkings,mlb,mlb_20260326_detroit_tigers_san_diego_padres,Mar 26,,Detroit Tigers,San Diego Padres,-138.0,66.0,34.0,84.0,16.0,,,,,,,,,,18.0,,True,,1,,,,,,,,,,,,
2026-03-22T06:21:22.244874-04:00,vsin_dk,draftkings,mlb,mlb_20260326_texas_rangers_philadelphia_phillies,Mar 26,,Texas Rangers,Philadelphia Phillies,127.0,13.0,87.0,6.0,94.0,,,,,,,,,,7.0,,False,,1,,,,,,,,,,,,
2026-03-22T06:21:22.244874-04:00,vsin_dk,draftkings,mlb,mlb_20260326_tampa_bay_rays_st_louis_cardinals,Mar 26,,Tampa Bay Rays,ST Louis Cardinals,-124.0,64.0,36.0,74.0,26.0,,,,,,,,,,10.0,,False,,1,,,,,,,,,,,,
2026-03-22T06:21:22.244874-04:00,vsin_dk,draftkings,mlb,mlb_20260326_arizona_diamondbacks_los_angeles_dodgers,Mar 26,,Arizona Diamondbacks,Los Angeles Dodgers,191.0,9.0,91.0,15.0,85.0,,,,,,,,,,6.0,,False,,1,,,,,,,,,,,,
2026-03-22T06:21:22.244874-04:00,vsin_dk,draftkings,mlb,mlb_20260326_cleveland_guardians_seattle_mariners,Mar 26,,Cleveland Guardians,Seattle Mariners,144.0,17.0,83.0,14.0,86.0,,,,,,,,,,3.0,,False,,1,,,,,,,,,,,,
2026-03-22T06:21:22.244874-04:00,vsin_dk,draftkings,mlb,mlb_20260327_athletics_toronto_blue_jays,Mar 27,,Athletics,Toronto Blue Jays,149.0,10.0,90.0,2.0,98.0,,,,,,,,,,8.0,,False,,1,,,,,,,,,,,,
2026-03-22T06:21:22.244874-04:00,vsin_dk,draftkings,mlb,mlb_20260327_colorado_rockies_miami_marlins,Mar 27,,Colorado Rockies,Miami Marlins,144.0,11.0,89.0,28.0,72.0,,,,,,,,,,17.0,,True,,1,,,,,,,,,,,,
2026-03-22T06:21:22.244874-04:00,vsin_dk,draftkings,mlb,mlb_20260327_kansas_city_royals_atlanta_braves,Mar 27,,Kansas City Royals,Atlanta Braves,125.0,21.0,79.0,40.0,60.0,,,,,,,,,,19.0,,True,,1,,,,,,,,,,,,
2026-03-22T06:35:58.857341-04:00,vsin_dk,draftkings,mlb,mlb_20260325_new_york_yankees_san_francisco_giants,Mar 25,,New York Yankees,San Francisco Giants,-117.0,82.0,18.0,79.0,21.0,,,,,,,,,,3.0,,False,,1,,,,,,,,,,,,
2026-03-22T06:35:58.857341-04:00,vsin_dk,draftkings,mlb,mlb_20260326_pittsburgh_pirates_new_york_mets,Mar 26,,Pittsburgh Pirates,New York Mets,101.0,32.0,68.0,21.0,79.0,,,,,,,,,,11.0,,False,,1,,,,,,,,,,,,
2026-03-22T06:35:58.857341-04:00,vsin_dk,draftkings,mlb,mlb_20260326_chicago_white_sox_milwaukee_brewers,Mar 26,,Chicago White Sox,Milwaukee Brewers,160.0,13.0,87.0,16.0,84.0,,,,,,,,,,3.0,,False,,1,,,,,,,,,,,,
2026-03-22T06:35:58.857341-04:00,vsin_dk,draftkings,mlb,mlb_20260326_washington_nationals_chicago_cubs,Mar 26,,Washington Nationals,Chicago Cubs,163.0,11.0,89.0,10.0,90.0,,,,,,,,,,1.0,,False,,1,,,,,,,,,,,,
2026-03-22T06:35:58.857341-04:00,vsin_dk,draftkings,mlb,mlb_20260326_minnesota_twins_baltimore_orioles,Mar 26,,Minnesota Twins,Baltimore Orioles,133.0,20.0,80.0,8.0,92.0,,,,,,,,,,12.0,,False,,1,,,,,,,,,,,,
2026-03-22T06:35:58.857341-04:00,vsin_dk,draftkings,mlb,mlb_20260326_boston_red_sox_cincinnati_reds,Mar 26,,Boston Red Sox,Cincinnati Reds,-158.0,78.0,22.0,82.0,18.0,,,,,,,,,,4.0,,False,,1,,,,,,,,,,,,
2026-03-22T06:35:58.857341-04:00,vsin_dk,draftkings,mlb,mlb_20260326_los_angeles_angels_houston_astros,Mar 26,,Los Angeles Angels,Houston Astros,155.0,13.0,87.0,14.0,86.0,,,,,,,,,,1.0,,False,,1,,,,,,,,,,,,
2026-03-22T06:35:58.857341-04:00,vsin_dk,draftkings,mlb,mlb_20260326_detroit_tigers_san_diego_padres,Mar 26,,Detroit Tigers,San Diego Padres,-138.0,66.0,34.0,84.0,16.0,,,,,,,,,,18.0,,True,,1,,,,,,,,,,,,
2026-03-22T06:35:58.857341-04:00,vsin_dk,draftkings,mlb,mlb_20260326_texas_rangers_philadelphia_phillies,Mar 26,,Texas Rangers,Philadelphia Phillies,127.0,13.0,87.0,6.0,94.0,,,,,,,,,,7.0,,False,,1,,,,,,,,,,,,
2026-03-22T06:35:58.857341-04:00,vsin_dk,draftkings,mlb,mlb_20260326_tampa_bay_rays_st_louis_cardinals,Mar 26,,Tampa Bay Rays,ST Louis Cardinals,-124.0,64.0,36.0,74.0,26.0,,,,,,,,,,10.0,,False,,1,,,,,,,,,,,,
2026-03-22T06:35:58.857341-04:00,vsin_dk,draftkings,mlb,mlb_20260326_arizona_diamondbacks_los_angeles_dodgers,Mar 26,,Arizona Diamondbacks,Los Angeles Dodgers,191.0,9.0,91.0,15.0,85.0,,,,,,,,,,6.0,,False,,1,,,,,,,,,,,,
2026-03-22T06:35:58.857341-04:00,vsin_dk,draftkings,mlb,mlb_20260326_cleveland_guardians_seattle_mariners,Mar 26,,Cleveland Guardians,Seattle Mariners,144.0,17.0,83.0,14.0,86.0,,,,,,,,,,3.0,,False,,1,,,,,,,,,,,,
2026-03-22T06:35:58.857341-04:00,vsin_dk,draftkings,mlb,mlb_20260327_athletics_toronto_blue_jays,Mar 27,,Athletics,Toronto Blue Jays,149.0,10.0,90.0,2.0,98.0,,,,,,,,,,8.0,,False,,1,,,,,,,,,,,,
2026-03-22T06:35:58.857341-04:00,vsin_dk,draftkings,mlb,mlb_20260327_colorado_rockies_miami_marlins,Mar 27,,Colorado Rockies,Miami Marlins,144.0,11.0,89.0,28.0,72.0,,,,,,,,,,17.0,,True,,1,,,,,,,,,,,,
2026-03-22T06:35:58.857341-04:00,vsin_dk,draftkings,mlb,mlb_20260327_kansas_city_royals_atlanta_braves,Mar 27,,Kansas City Royals,Atlanta Braves,125.0,21.0,79.0,40.0,60.0,,,,,,,,,,19.0,,True,,1,,,,,,,,,,,,
2026-03-22T06:56:00.328784-04:00,vsin_dk,draftkings,mlb,mlb_20260325_new_york_yankees_san_francisco_giants,Mar 25,,New York Yankees,San Francisco Giants,-117.0,82.0,18.0,79.0,21.0,,,,,,,,,,3.0,,False,,1,,,,,,,,,,,,
2026-03-22T06:56:00.328784-04:00,vsin_dk,draftkings,mlb,mlb_20260326_pittsburgh_pirates_new_york_mets,Mar 26,,Pittsburgh Pirates,New York Mets,101.0,33.0,67.0,21.0,79.0,,,,,,,,,,12.0,,False,,1,,,,,,,,,,,,
2026-03-22T06:56:00.328784-04:00,vsin_dk,draftkings,mlb,mlb_20260326_chicago_white_sox_milwaukee_brewers,Mar 26,,Chicago White Sox,Milwaukee Brewers,160.0,13.0,87.0,16.0,84.0,,,,,,,,,,3.0,,False,,1,,,,,,,,,,,,
2026-03-22T06:56:00.328784-04:00,vsin_dk,draftkings,mlb,mlb_20260326_washington_nationals_chicago_cubs,Mar 26,,Washington Nationals,Chicago Cubs,163.0,11.0,89.0,10.0,90.0,,,,,,,,,,1.0,,False,,1,,,,,,,,,,,,
2026-03-22T06:56:00.328784-04:00,vsin_dk,draftkings,mlb,mlb_20260326_minnesota_twins_baltimore_orioles,Mar 26,,Minnesota Twins,Baltimore Orioles,133.0,19.0,81.0,8.0,92.0,,,,,,,,,,11.0,,False,,1,,,,,,,,,,,,
2026-03-22T06:56:00.328784-04:00,vsin_dk,draftkings,mlb,mlb_20260326_boston_red_sox_cincinnati_reds,Mar 26,,Boston Red Sox,Cincinnati Reds,-158.0,78.0,22.0,82.0,18.0,,,,,,,,,,4.0,,False,,1,,,,,,,,,,,,
2026-03-22T06:56:00.328784-04:00,vsin_dk,draftkings,mlb,mlb_20260326_los_angeles_angels_houston_astros,Mar 26,,Los Angeles Angels,Houston Astros,155.0,13.0,87.0,14.0,86.0,,,,,,,,,,1.0,,False,,1,,,,,,,,,,,,
2026-03-22T06:56:00.328784-04:00,vsin_dk,draftkings,mlb,mlb_20260326_detroit_tigers_san_diego_padres,Mar 26,,Detroit Tigers,San Diego Padres,-138.0,66.0,34.0,84.0,16.0,,,,,,,,,,18.0,,True,,1,,,,,,,,,,,,
2026-03-22T06:56:00.328784-04:00,vsin_dk,draftkings,mlb,mlb_20260326_texas_rangers_philadelphia_phillies,Mar 26,,Texas Rangers,Philadelphia Phillies,127.0,13.0,87.0,6.0,94.0,,,,,,,,,,7.0,,False,,1,,,,,,,,,,,,
2026-03-22T06:56:00.328784-04:00,vsin_dk,draftkings,mlb,mlb_20260326_tampa_bay_rays_st_louis_cardinals,Mar 26,,Tampa Bay Rays,ST Louis Cardinals,-124.0,64.0,36.0,74.0,26.0,,,,,,,,,,10.0,,False,,1,,,,,,,,,,,,
2026-03-22T06:56:00.328784-04:00,vsin_dk,draftkings,mlb,mlb_20260326_arizona_diamondbacks_los_angeles_dodgers,Mar 26,,Arizona Diamondbacks,Los Angeles Dodgers,191.0,9.0,91.0,15.0,85.0,,,,,,,,,,6.0,,False,,1,,,,,,,,,,,,
2026-03-22T06:56:00.328784-04:00,vsin_dk,draftkings,mlb,mlb_20260326_cleveland_guardians_seattle_mariners,Mar 26,,Cleveland Guardians,Seattle Mariners,144.0,17.0,83.0,14.0,86.0,,,,,,,,,,3.0,,False,,1,,,,,,,,,,,,
2026-03-22T06:56:00.328784-04:00,vsin_dk,draftkings,mlb,mlb_20260327_athletics_toronto_blue_jays,Mar 27,,Athletics,Toronto Blue Jays,149.0,10.0,90.0,2.0,98.0,,,,,,,,,,8.0,,False,,1,,,,,,,,,,,,
2026-03-22T06:56:00.328784-04:00,vsin_dk,draftkings,mlb,mlb_20260327_colorado_rockies_miami_marlins,Mar 27,,Colorado Rockies,Miami Marlins,144.0,11.0,89.0,28.0,72.0,,,,,,,,,,17.0,,True,,1,,,,,,,,,,,,
2026-03-22T06:56:00.328784-04:00,vsin_dk,draftkings,mlb,mlb_20260327_kansas_city_royals_atlanta_braves,Mar 27,,Kansas City Royals,Atlanta Braves,125.0,20.0,80.0,40.0,60.0,,,,,,,,,,20.0,,True,,1,,,,,,,,,,,,
2026-03-22T07:05:51.176892-04:00,vsin_dk,draftkings,mlb,mlb_20260325_new_york_yankees_san_francisco_giants,Mar 25,,New York Yankees,San Francisco Giants,-117.0,82.0,18.0,79.0,21.0,,,,,,,,,,3.0,,False,,1,,,,,,,,,,,,
2026-03-22T07:05:51.176892-04:00,vsin_dk,draftkings,mlb,mlb_20260326_pittsburgh_pirates_new_york_mets,Mar 26,,Pittsburgh Pirates,New York Mets,101.0,33.0,67.0,21.0,79.0,,,,,,,,,,12.0,,False,,1,,,,,,,,,,,,
2026-03-22T07:05:51.176892-04:00,vsin_dk,draftkings,mlb,mlb_20260326_chicago_white_sox_milwaukee_brewers,Mar 26,,Chicago White Sox,Milwaukee Brewers,160.0,13.0,87.0,16.0,84.0,,,,,,,,,,3.0,,False,,1,,,,,,,,,,,,
2026-03-22T07:05:51.176892-04:00,vsin_dk,draftkings,mlb,mlb_20260326_washington_nationals_chicago_cubs,Mar 26,,Washington Nationals,Chicago Cubs,163.0,11.0,89.0,10.0,90.0,,,,,,,,,,1.0,,False,,1,,,,,,,,,,,,
2026-03-22T07:05:51.176892-04:00,vsin_dk,draftkings,mlb,mlb_20260326_minnesota_twins_baltimore_orioles,Mar 26,,Minnesota Twins,Baltimore Orioles,133.0,19.0,81.0,8.0,92.0,,,,,,,,,,11.0,,False,,1,,,,,,,,,,,,
2026-03-22T07:05:51.176892-04:00,vsin_dk,draftkings,mlb,mlb_20260326_boston_red_sox_cincinnati_reds,Mar 26,,Boston Red Sox,Cincinnati Reds,-158.0,78.0,22.0,82.0,18.0,,,,,,,,,,4.0,,False,,1,,,,,,,,,,,,
2026-03-22T07:05:51.176892-04:00,vsin_dk,draftkings,mlb,mlb_20260326_los_angeles_angels_houston_astros,Mar 26,,Los Angeles Angels,Houston Astros,155.0,13.0,87.0,14.0,86.0,,,,,,,,,,1.0,,False,,1,,,,,,,,,,,,
2026-03-22T07:05:51.176892-04:00,vsin_dk,draftkings,mlb,mlb_20260326_detroit_tigers_san_diego_padres,Mar 26,,Detroit Tigers,San Diego Padres,-138.0,66.0,34.0,84.0,16.0,,,,,,,,,,18.0,,True,,1,,,,,,,,,,,,
2026-03-22T07:05:51.176892-04:00,vsin_dk,draftkings,mlb,mlb_20260326_texas_rangers_philadelphia_phillies,Mar 26,,Texas Rangers,Philadelphia Phillies,127.0,13.0,87.0,6.0,94.0,,,,,,,,,,7.0,,False,,1,,,,,,,,,,,,
2026-03-22T07:05:51.176892-04:00,vsin_dk,draftkings,mlb,mlb_20260326_tampa_bay_rays_st_louis_cardinals,Mar 26,,Tampa Bay Rays,ST Louis Cardinals,-124.0,64.0,36.0,74.0,26.0,,,,,,,,,,10.0,,False,,1,,,,,,,,,,,,
2026-03-22T07:05:51.176892-04:00,vsin_dk,draftkings,mlb,mlb_20260326_arizona_diamondbacks_los_angeles_dodgers,Mar 26,,Arizona Diamondbacks,Los Angeles Dodgers,191.0,9.0,91.0,15.0,85.0,,,,,,,,,,6.0,,False,,1,,,,,,,,,,,,
2026-03-22T07:05:51.176892-04:00,vsin_dk,draftkings,mlb,mlb_20260326_cleveland_guardians_seattle_mariners,Mar 26,,Cleveland Guardians,Seattle Mariners,144.0,17.0,83.0,14.0,86.0,,,,,,,,,,3.0,,False,,1,,,,,,,,,,,,
2026-03-22T07:05:51.176892-04:00,vsin_dk,draftkings,mlb,mlb_20260327_athletics_toronto_blue_jays,Mar 27,,Athletics,Toronto Blue Jays,149.0,10.0,90.0,2.0,98.0,,,,,,,,,,8.0,,False,,1,,,,,,,,,,,,
2026-03-22T07:05:51.176892-04:00,vsin_dk,draftkings,mlb,mlb_20260327_colorado_rockies_miami_marlins,Mar 27,,Colorado Rockies,Miami Marlins,144.0,11.0,89.0,28.0,72.0,,,,,,,,,,17.0,,True,,1,,,,,,,,,,,,
2026-03-22T07:05:51.176892-04:00,vsin_dk,draftkings,mlb,mlb_20260327_kansas_city_royals_atlanta_braves,Mar 27,,Kansas City Royals,Atlanta Braves,125.0,20.0,80.0,40.0,60.0,,,,,,,,,,20.0,,True,,1,,,,,,,,,,,,
2026-03-22T07:19:59.191625-04:00,vsin_dk,draftkings,mlb,mlb_20260325_new_york_yankees_san_francisco_giants,Mar 25,,New York Yankees,San Francisco Giants,-117.0,82.0,18.0,80.0,20.0,,,,,,,,,,2.0,,False,,1,,,,,,,,,,,,
2026-03-22T07:19:59.191625-04:00,vsin_dk,draftkings,mlb,mlb_20260326_pittsburgh_pirates_new_york_mets,Mar 26,,Pittsburgh Pirates,New York Mets,101.0,33.0,67.0,21.0,79.0,,,,,,,,,,12.0,,False,,1,,,,,,,,,,,,
2026-03-22T07:19:59.191625-04:00,vsin_dk,draftkings,mlb,mlb_20260326_chicago_white_sox_milwaukee_brewers,Mar 26,,Chicago White Sox,Milwaukee Brewers,160.0,13.0,87.0,16.0,84.0,,,,,,,,,,3.0,,False,,1,,,,,,,,,,,,
2026-03-22T07:19:59.191625-04:00,vsin_dk,draftkings,mlb,mlb_20260326_washington_nationals_chicago_cubs,Mar 26,,Washington Nationals,Chicago Cubs,163.0,11.0,89.0,10.0,90.0,,,,,,,,,,1.0,,False,,1,,,,,,,,,,,,
2026-03-22T07:19:59.191625-04:00,vsin_dk,draftkings,mlb,mlb_20260326_minnesota_twins_baltimore_orioles,Mar 26,,Minnesota Twins,Baltimore Orioles,133.0,19.0,81.0,8.0,92.0,,,,,,,,,,11.0,,False,,1,,,,,,,,,,,,
2026-03-22T07:19:59.191625-04:00,vsin_dk,draftkings,mlb,mlb_20260326_boston_red_sox_cincinnati_reds,Mar 26,,Boston Red Sox,Cincinnati Reds,-158.0,78.0,22.0,82.0,18.0,,,,,,,,,,4.0,,False,,1,,,,,,,,,,,,
2026-03-22T07:19:59.191625-04:00,vsin_dk,draftkings,mlb,mlb_20260326_los_angeles_angels_houston_astros,Mar 26,,Los Angeles Angels,Houston Astros,155.0,13.0,87.0,13.0,87.0,,,,,,,,,,0.0,,False,,1,,,,,,,,,,,,
2026-03-22T07:19:59.191625-04:00,vsin_dk,draftkings,mlb,mlb_20260326_detroit_tigers_san_diego_padres,Mar 26,,Detroit Tigers,San Diego Padres,-138.0,66.0,34.0,84.0,16.0,,,,,,,,,,18.0,,True,,1,,,,,,,,,,,,
2026-03-22T07:19:59.191625-04:00,vsin_dk,draftkings,mlb,mlb_20260326_texas_rangers_philadelphia_phillies,Mar 26,,Texas Rangers,Philadelphia Phillies,127.0,13.0,87.0,6.0,94.0,,,,,,,,,,7.0,,False,,1,,,,,,,,,,,,
2026-03-22T07:19:59.191625-04:00,vsin_dk,draftkings,mlb,mlb_20260326_tampa_bay_rays_st_louis_cardinals,Mar 26,,Tampa Bay Rays,ST Louis Cardinals,-124.0,64.0,36.0,74.0,26.0,,,,,,,,,,10.0,,False,,1,,,,,,,,,,,,
2026-03-22T07:19:59.191625-04:00,vsin_dk,draftkings,mlb,mlb_20260326_arizona_diamondbacks_los_angeles_dodgers,Mar 26,,Arizona Diamondbacks,Los Angeles Dodgers,191.0,9.0,91.0,15.0,85.0,,,,,,,,,,6.0,,False,,1,,,,,,,,,,,,
2026-03-22T07:19:59.191625-04:00,vsin_dk,draftkings,mlb,mlb_20260326_cleveland_guardians_seattle_mariners,Mar 26,,Cleveland Guardians,Seattle Mariners,144.0,17.0,83.0,14.0,86.0,,,,,,,,,,3.0,,False,,1,,,,,,,,,,,,
2026-03-22T07:19:59.191625-04:00,vsin_dk,draftkings,mlb,mlb_20260327_athletics_toronto_blue_jays,Mar 27,,Athletics,Toronto Blue Jays,149.0,10.0,90.0,2.0,98.0,,,,,,,,,,8.0,,False,,1,,,,,,,,,,,,
2026-03-22T07:19:59.191625-04:00,vsin_dk,draftkings,mlb,mlb_20260327_colorado_rockies_miami_marlins,Mar 27,,Colorado Rockies,Miami Marlins,144.0,12.0,88.0,28.0,72.0,,,,,,,,,,16.0,,True,,1,,,,,,,,,,,,
2026-03-22T07:19:59.191625-04:00,vsin_dk,draftkings,mlb,mlb_20260327_kansas_city_royals_atlanta_braves,Mar 27,,Kansas City Royals,Atlanta Braves,125.0,20.0,80.0,40.0,60.0,,,,,,,,,,20.0,,True,,1,,,,,,,,,,,,
2026-03-22T07:35:50.495844-04:00,vsin_dk,draftkings,mlb,mlb_20260325_new_york_yankees_san_francisco_giants,Mar 25,,New York Yankees,San Francisco Giants,-117.0,82.0,18.0,80.0,20.0,,,,,,,,,,2.0,,False,,1,,,,,,,,,,,,
2026-03-22T07:35:50.495844-04:00,vsin_dk,draftkings,mlb,mlb_20260326_pittsburgh_pirates_new_york_mets,Mar 26,,Pittsburgh Pirates,New York Mets,101.0,33.0,67.0,21.0,79.0,,,,,,,,,,12.0,,False,,1,,,,,,,,,,,,
2026-03-22T07:35:50.495844-04:00,vsin_dk,draftkings,mlb,mlb_20260326_chicago_white_sox_milwaukee_brewers,Mar 26,,Chicago White Sox,Milwaukee Brewers,160.0,13.0,87.0,16.0,84.0,,,,,,,,,,3.0,,False,,1,,,,,,,,,,,,
2026-03-22T07:35:50.495844-04:00,vsin_dk,draftkings,mlb,mlb_20260326_washington_nationals_chicago_cubs,Mar 26,,Washington Nationals,Chicago Cubs,163.0,11.0,89.0,10.0,90.0,,,,,,,,,,1.0,,False,,1,,,,,,,,,,,,
2026-03-22T07:35:50.495844-04:00,vsin_dk,draftkings,mlb,mlb_20260326_minnesota_twins_baltimore_orioles,Mar 26,,Minnesota Twins,Baltimore Orioles,133.0,19.0,81.0,8.0,92.0,,,,,,,,,,11.0,,False,,1,,,,,,,,,,,,
2026-03-22T07:35:50.495844-04:00,vsin_dk,draftkings,mlb,mlb_20260326_boston_red_sox_cincinnati_reds,Mar 26,,Boston Red Sox,Cincinnati Reds,-158.0,78.0,22.0,82.0,18.0,,,,,,,,,,4.0,,False,,1,,,,,,,,,,,,
2026-03-22T07:35:50.495844-04:00,vsin_dk,draftkings,mlb,mlb_20260326_detroit_tigers_san_diego_padres,Mar 26,,Detroit Tigers,San Diego Padres,-138.0,66.0,34.0,84.0,16.0,,,,,,,,,,18.0,,True,,1,,,,,,,,,,,,
2026-03-22T07:35:50.495844-04:00,vsin_dk,draftkings,mlb,mlb_20260326_los_angeles_angels_houston_astros,Mar 26,,Los Angeles Angels,Houston Astros,155.0,13.0,87.0,13.0,87.0,,,,,,,,,,0.0,,False,,1,,,,,,,,,,,,
2026-03-22T07:35:50.495844-04:00,vsin_dk,draftkings,mlb,mlb_20260326_texas_rangers_philadelphia_phillies,Mar 26,,Texas Rangers,Philadelphia Phillies,127.0,13.0,87.0,6.0,94.0,,,,,,,,,,7.0,,False,,1,,,,,,,,,,,,
2026-03-22T07:35:50.495844-04:00,vsin_dk,draftkings,mlb,mlb_20260326_tampa_bay_rays_st_louis_cardinals,Mar 26,,Tampa Bay Rays,ST Louis Cardinals,-124.0,64.0,36.0,74.0,26.0,,,,,,,,,,10.0,,False,,1,,,,,,,,,,,,
2026-03-22T07:35:50.495844-04:00,vsin_dk,draftkings,mlb,mlb_20260326_arizona_diamondbacks_los_angeles_dodgers,Mar 26,,Arizona Diamondbacks,Los Angeles Dodgers,191.0,9.0,91.0,15.0,85.0,,,,,,,,,,6.0,,False,,1,,,,,,,,,,,,
2026-03-22T07:35:50.495844-04:00,vsin_dk,draftkings,mlb,mlb_20260326_cleveland_guardians_seattle_mariners,Mar 26,,Cleveland Guardians,Seattle Mariners,144.0,16.0,84.0,14.0,86.0,,,,,,,,,,2.0,,False,,1,,,,,,,,,,,,
2026-03-22T07:35:50.495844-04:00,vsin_dk,draftkings,mlb,mlb_20260327_athletics_toronto_blue_jays,Mar 27,,Athletics,Toronto Blue Jays,149.0,10.0,90.0,2.0,98.0,,,,,,,,,,8.0,,False,,1,,,,,,,,,,,,
2026-03-22T07:35:50.495844-04:00,vsin_dk,draftkings,mlb,mlb_20260327_colorado_rockies_miami_marlins,Mar 27,,Colorado Rockies,Miami Marlins,144.0,12.0,88.0,28.0,72.0,,,,,,,,,,16.0,,True,,1,,,,,,,,,,,,
2026-03-22T07:35:50.495844-04:00,vsin_dk,draftkings,mlb,mlb_20260327_kansas_city_royals_atlanta_braves,Mar 27,,Kansas City Royals,Atlanta Braves,125.0,20.0,80.0,40.0,60.0,,,,,,,,,,20.0,,True,,1,,,,,,,,,,,,
2026-03-22T07:48:42.758627-04:00,vsin_dk,draftkings,mlb,mlb_20260325_new_york_yankees_san_francisco_giants,Mar 25,,New York Yankees,San Francisco Giants,-117.0,82.0,18.0,80.0,20.0,,,,,,,,,,2.0,,False,,1,,,,,,,,,,,,
2026-03-22T07:48:42.758627-04:00,vsin_dk,draftkings,mlb,mlb_20260326_pittsburgh_pirates_new_york_mets,Mar 26,,Pittsburgh Pirates,New York Mets,101.0,33.0,67.0,21.0,79.0,,,,,,,,,,12.0,,False,,1,,,,,,,,,,,,
2026-03-22T07:48:42.758627-04:00,vsin_dk,draftkings,mlb,mlb_20260326_chicago_white_sox_milwaukee_brewers,Mar 26,,Chicago White Sox,Milwaukee Brewers,160.0,13.0,87.0,15.0,85.0,,,,,,,,,,2.0,,False,,1,,,,,,,,,,,,
2026-03-22T07:48:42.758627-04:00,vsin_dk,draftkings,mlb,mlb_20260326_washington_nationals_chicago_cubs,Mar 26,,Washington Nationals,Chicago Cubs,163.0,11.0,89.0,10.0,90.0,,,,,,,,,,1.0,,False,,1,,,,,,,,,,,,
2026-03-22T07:48:42.758627-04:00,vsin_dk,draftkings,mlb,mlb_20260326_minnesota_twins_baltimore_orioles,Mar 26,,Minnesota Twins,Baltimore Orioles,133.0,19.0,81.0,8.0,92.0,,,,,,,,,,11.0,,False,,1,,,,,,,,,,,,
2026-03-22T07:48:42.758627-04:00,vsin_dk,draftkings,mlb,mlb_20260326_boston_red_sox_cincinnati_reds,Mar 26,,Boston Red Sox,Cincinnati Reds,-158.0,78.0,22.0,82.0,18.0,,,,,,,,,,4.0,,False,,1,,,,,,,,,,,,
2026-03-22T07:48:42.758627-04:00,vsin_dk,draftkings,mlb,mlb_20260326_los_angeles_angels_houston_astros,Mar 26,,Los Angeles Angels,Houston Astros,155.0,13.0,87.0,13.0,87.0,,,,,,,,,,0.0,,False,,1,,,,,,,,,,,,
2026-03-22T07:48:42.758627-04:00,vsin_dk,draftkings,mlb,mlb_20260326_detroit_tigers_san_diego_padres,Mar 26,,Detroit Tigers,San Diego Padres,-138.0,66.0,34.0,84.0,16.0,,,,,,,,,,18.0,,True,,1,,,,,,,,,,,,
2026-03-22T07:48:42.758627-04:00,vsin_dk,draftkings,mlb,mlb_20260326_texas_rangers_philadelphia_phillies,Mar 26,,Texas Rangers,Philadelphia Phillies,127.0,13.0,87.0,6.0,94.0,,,,,,,,,,7.0,,False,,1,,,,,,,,,,,,
2026-03-22T07:48:42.758627-04:00,vsin_dk,draftkings,mlb,mlb_20260326_tampa_bay_rays_st_louis_cardinals,Mar 26,,Tampa Bay Rays,ST Louis Cardinals,-124.0,64.0,36.0,74.0,26.0,,,,,,,,,,10.0,,False,,1,,,,,,,,,,,,
2026-03-22T07:48:42.758627-04:00,vsin_dk,draftkings,mlb,mlb_20260326_arizona_diamondbacks_los_angeles_dodgers,Mar 26,,Arizona Diamondbacks,Los Angeles Dodgers,191.0,9.0,91.0,15.0,85.0,,,,,,,,,,6.0,,False,,1,,,,,,,,,,,,
2026-03-22T07:48:42.758627-04:00,vsin_dk,draftkings,mlb,mlb_20260326_cleveland_guardians_seattle_mariners,Mar 26,,Cleveland Guardians,Seattle Mariners,144.0,17.0,83.0,14.0,86.0,,,,,,,,,,3.0,,False,,1,,,,,,,,,,,,
2026-03-22T07:48:42.758627-04:00,vsin_dk,draftkings,mlb,mlb_20260327_athletics_toronto_blue_jays,Mar 27,,Athletics,Toronto Blue Jays,149.0,10.0,90.0,2.0,98.0,,,,,,,,,,8.0,,False,,1,,,,,,,,,,,,
2026-03-22T07:48:42.758627-04:00,vsin_dk,draftkings,mlb,mlb_20260327_colorado_rockies_miami_marlins,Mar 27,,Colorado Rockies,Miami Marlins,144.0,11.0,89.0,28.0,72.0,,,,,,,,,,17.0,,True,,1,,,,,,,,,,,,
2026-03-22T07:48:42.758627-04:00,vsin_dk,draftkings,mlb,mlb_20260327_kansas_city_royals_atlanta_braves,Mar 27,,Kansas City Royals,Atlanta Braves,125.0,20.0,80.0,40.0,60.0,,,,,,,,,,20.0,,True,,1,,,,,,,,,,,,
2026-03-22T08:05:59.816640-04:00,vsin_dk,draftkings,mlb,mlb_20260325_new_york_yankees_san_francisco_giants,Mar 25,,New York Yankees,San Francisco Giants,-117.0,82.0,18.0,80.0,20.0,,,,,,,,,,2.0,,False,,1,,,,,,,,,,,,
2026-03-22T08:05:59.816640-04:00,vsin_dk,draftkings,mlb,mlb_20260326_pittsburgh_pirates_new_york_mets,Mar 26,,Pittsburgh Pirates,New York Mets,101.0,33.0,67.0,21.0,79.0,,,,,,,,,,12.0,,False,,1,,,,,,,,,,,,
2026-03-22T08:05:59.816640-04:00,vsin_dk,draftkings,mlb,mlb_20260326_chicago_white_sox_milwaukee_brewers,Mar 26,,Chicago White Sox,Milwaukee Brewers,160.0,13.0,87.0,15.0,85.0,,,,,,,,,,2.0,,False,,1,,,,,,,,,,,,
2026-03-22T08:05:59.816640-04:00,vsin_dk,draftkings,mlb,mlb_20260326_washington_nationals_chicago_cubs,Mar 26,,Washington Nationals,Chicago Cubs,163.0,11.0,89.0,10.0,90.0,,,,,,,,,,1.0,,False,,1,,,,,,,,,,,,
2026-03-22T08:05:59.816640-04:00,vsin_dk,draftkings,mlb,mlb_20260326_minnesota_twins_baltimore_orioles,Mar 26,,Minnesota Twins,Baltimore Orioles,133.0,19.0,81.0,8.0,92.0,,,,,,,,,,11.0,,False,,1,,,,,,,,,,,,
2026-03-22T08:05:59.816640-04:00,vsin_dk,draftkings,mlb,mlb_20260326_boston_red_sox_cincinnati_reds,Mar 26,,Boston Red Sox,Cincinnati Reds,-158.0,78.0,22.0,82.0,18.0,,,,,,,,,,4.0,,False,,1,,,,,,,,,,,,
2026-03-22T08:05:59.816640-04:00,vsin_dk,draftkings,mlb,mlb_20260326_detroit_tigers_san_diego_padres,Mar 26,,Detroit Tigers,San Diego Padres,-138.0,66.0,34.0,84.0,16.0,,,,,,,,,,18.0,,True,,1,,,,,,,,,,,,
2026-03-22T08:05:59.816640-04:00,vsin_dk,draftkings,mlb,mlb_20260326_los_angeles_angels_houston_astros,Mar 26,,Los Angeles Angels,Houston Astros,155.0,13.0,87.0,13.0,87.0,,,,,,,,,,0.0,,False,,1,,,,,,,,,,,,
2026-03-22T08:05:59.816640-04:00,vsin_dk,draftkings,mlb,mlb_20260326_texas_rangers_philadelphia_phillies,Mar 26,,Texas Rangers,Philadelphia Phillies,127.0,13.0,87.0,6.0,94.0,,,,,,,,,,7.0,,False,,1,,,,,,,,,,,,
2026-03-22T08:05:59.816640-04:00,vsin_dk,draftkings,mlb,mlb_20260326_tampa_bay_rays_st_louis_cardinals,Mar 26,,Tampa Bay Rays,ST Louis Cardinals,-124.0,65.0,35.0,74.0,26.0,,,,,,,,,,9.0,,False,,1,,,,,,,,,,,,
2026-03-22T08:05:59.816640-04:00,vsin_dk,draftkings,mlb,mlb_20260326_arizona_diamondbacks_los_angeles_dodgers,Mar 26,,Arizona Diamondbacks,Los Angeles Dodgers,191.0,9.0,91.0,15.0,85.0,,,,,,,,,,6.0,,False,,1,,,,,,,,,,,,
2026-03-22T08:05:59.816640-04:00,vsin_dk,draftkings,mlb,mlb_20260326_cleveland_guardians_seattle_mariners,Mar 26,,Cleveland Guardians,Seattle Mariners,144.0,16.0,84.0,14.0,86.0,,,,,,,,,,2.0,,False,,1,,,,,,,,,,,,
2026-03-22T08:05:59.816640-04:00,vsin_dk,draftkings,mlb,mlb_20260327_athletics_toronto_blue_jays,Mar 27,,Athletics,Toronto Blue Jays,149.0,10.0,90.0,2.0,98.0,,,,,,,,,,8.0,,False,,1,,,,,,,,,,,,
2026-03-22T08:05:59.816640-04:00,vsin_dk,draftkings,mlb,mlb_20260327_colorado_rockies_miami_marlins,Mar 27,,Colorado Rockies,Miami Marlins,144.0,12.0,88.0,28.0,72.0,,,,,,,,,,16.0,,True,,1,,,,,,,,,,,,
2026-03-22T08:05:59.816640-04:00,vsin_dk,draftkings,mlb,mlb_20260327_kansas_city_royals_atlanta_braves,Mar 27,,Kansas City Royals,Atlanta Braves,125.0,19.0,81.0,40.0,60.0,,,,,,,,,,21.0,,True,,1,,,,,,,,,,,,
2026-03-22T08:28:49.816138-04:00,vsin_dk,draftkings,mlb,mlb_20260325_new_york_yankees_san_francisco_giants,Mar 25,,New York Yankees,San Francisco Giants,-117.0,82.0,18.0,80.0,20.0,,,,,,,,,,2.0,,False,,1,,,,,,,,,,,,
2026-03-22T08:28:49.816138-04:00,vsin_dk,draftkings,mlb,mlb_20260326_pittsburgh_pirates_new_york_mets,Mar 26,,Pittsburgh Pirates,New York Mets,101.0,33.0,67.0,21.0,79.0,,,,,,,,,,12.0,,False,,1,,,,,,,,,,,,
2026-03-22T08:28:49.816138-04:00,vsin_dk,draftkings,mlb,mlb_20260326_chicago_white_sox_milwaukee_brewers,Mar 26,,Chicago White Sox,Milwaukee Brewers,160.0,13.0,87.0,15.0,85.0,,,,,,,,,,2.0,,False,,1,,,,,,,,,,,,
2026-03-22T08:28:49.816138-04:00,vsin_dk,draftkings,mlb,mlb_20260326_washington_nationals_chicago_cubs,Mar 26,,Washington Nationals,Chicago Cubs,163.0,11.0,89.0,10.0,90.0,,,,,,,,,,1.0,,False,,1,,,,,,,,,,,,
2026-03-22T08:28:49.816138-04:00,vsin_dk,draftkings,mlb,mlb_20260326_minnesota_twins_baltimore_orioles,Mar 26,,Minnesota Twins,Baltimore Orioles,133.0,19.0,81.0,8.0,92.0,,,,,,,,,,11.0,,False,,1,,,,,,,,,,,,
2026-03-22T08:28:49.816138-04:00,vsin_dk,draftkings,mlb,mlb_20260326_boston_red_sox_cincinnati_reds,Mar 26,,Boston Red Sox,Cincinnati Reds,-158.0,78.0,22.0,82.0,18.0,,,,,,,,,,4.0,,False,,1,,,,,,,,,,,,
2026-03-22T08:28:49.816138-04:00,vsin_dk,draftkings,mlb,mlb_20260326_los_angeles_angels_houston_astros,Mar 26,,Los Angeles Angels,Houston Astros,155.0,13.0,87.0,13.0,87.0,,,,,,,,,,0.0,,False,,1,,,,,,,,,,,,
2026-03-22T08:28:49.816138-04:00,vsin_dk,draftkings,mlb,mlb_20260326_detroit_tigers_san_diego_padres,Mar 26,,Detroit Tigers,San Diego Padres,-138.0,66.0,34.0,84.0,16.0,,,,,,,,,,18.0,,True,,1,,,,,,,,,,,,
2026-03-22T08:28:49.816138-04:00,vsin_dk,draftkings,mlb,mlb_20260326_texas_rangers_philadelphia_phillies,Mar 26,,Texas Rangers,Philadelphia Phillies,127.0,13.0,87.0,6.0,94.0,,,,,,,,,,7.0,,False,,1,,,,,,,,,,,,
2026-03-22T08:28:49.816138-04:00,vsin_dk,draftkings,mlb,mlb_20260326_tampa_bay_rays_st_louis_cardinals,Mar 26,,Tampa Bay Rays,ST Louis Cardinals,-124.0,64.0,36.0,73.0,27.0,,,,,,,,,,9.0,,False,,1,,,,,,,,,,,,
2026-03-22T08:28:49.816138-04:00,vsin_dk,draftkings,mlb,mlb_20260326_arizona_diamondbacks_los_angeles_dodgers,Mar 26,,Arizona Diamondbacks,Los Angeles Dodgers,191.0,9.0,91.0,15.0,85.0,,,,,,,,,,6.0,,False,,1,,,,,,,,,,,,
2026-03-22T08:28:49.816138-04:00,vsin_dk,draftkings,mlb,mlb_20260326_cleveland_guardians_seattle_mariners,Mar 26,,Cleveland Guardians,Seattle Mariners,144.0,17.0,83.0,14.0,86.0,,,,,,,,,,3.0,,False,,1,,,,,,,,,,,,
2026-03-22T08:28:49.816138-04:00,vsin_dk,draftkings,mlb,mlb_20260327_athletics_toronto_blue_jays,Mar 27,,Athletics,Toronto Blue Jays,149.0,10.0,90.0,2.0,98.0,,,,,,,,,,8.0,,False,,1,,,,,,,,,,,,
2026-03-22T08:28:49.816138-04:00,vsin_dk,draftkings,mlb,mlb_20260327_colorado_rockies_miami_marlins,Mar 27,,Colorado Rockies,Miami Marlins,144.0,11.0,89.0,28.0,72.0,,,,,,,,,,17.0,,True,,1,,,,,,,,,,,,
2026-03-22T08:28:49.816138-04:00,vsin_dk,draftkings,mlb,mlb_20260327_kansas_city_royals_atlanta_braves,Mar 27,,Kansas City Royals,Atlanta Braves,125.0,19.0,81.0,40.0,60.0,,,,,,,,,,21.0,,True,,1,,,,,,,,,,,,
2026-03-22T09:06:01.914140-04:00,vsin_dk,draftkings,mlb,mlb_20260325_new_york_yankees_san_francisco_giants,Mar 25,,New York Yankees,San Francisco Giants,-117.0,82.0,18.0,80.0,20.0,,,,,,,,,,2.0,,False,,1,,,,,,,,,,,,
2026-03-22T09:06:01.914140-04:00,vsin_dk,draftkings,mlb,mlb_20260326_pittsburgh_pirates_new_york_mets,Mar 26,,Pittsburgh Pirates,New York Mets,101.0,33.0,67.0,22.0,78.0,,,,,,,,,,11.0,,False,,1,,,,,,,,,,,,
2026-03-22T09:06:01.914140-04:00,vsin_dk,draftkings,mlb,mlb_20260326_chicago_white_sox_milwaukee_brewers,Mar 26,,Chicago White Sox,Milwaukee Brewers,160.0,13.0,87.0,18.0,82.0,,,,,,,,,,5.0,,False,,1,,,,,,,,,,,,
2026-03-22T09:06:01.914140-04:00,vsin_dk,draftkings,mlb,mlb_20260326_washington_nationals_chicago_cubs,Mar 26,,Washington Nationals,Chicago Cubs,163.0,11.0,89.0,10.0,90.0,,,,,,,,,,1.0,,False,,1,,,,,,,,,,,,
2026-03-22T09:06:01.914140-04:00,vsin_dk,draftkings,mlb,mlb_20260326_minnesota_twins_baltimore_orioles,Mar 26,,Minnesota Twins,Baltimore Orioles,133.0,19.0,81.0,8.0,92.0,,,,,,,,,,11.0,,False,,1,,,,,,,,,,,,
2026-03-22T09:06:01.914140-04:00,vsin_dk,draftkings,mlb,mlb_20260326_boston_red_sox_cincinnati_reds,Mar 26,,Boston Red Sox,Cincinnati Reds,-158.0,78.0,22.0,82.0,18.0,,,,,,,,,,4.0,,False,,1,,,,,,,,,,,,
2026-03-22T09:06:01.914140-04:00,vsin_dk,draftkings,mlb,mlb_20260326_los_angeles_angels_houston_astros,Mar 26,,Los Angeles Angels,Houston Astros,155.0,13.0,87.0,13.0,87.0,,,,,,,,,,0.0,,False,,1,,,,,,,,,,,,
2026-03-22T09:06:01.914140-04:00,vsin_dk,draftkings,mlb,mlb_20260326_detroit_tigers_san_diego_padres,Mar 26,,Detroit Tigers,San Diego Padres,-138.0,67.0,33.0,84.0,16.0,,,,,,,,,,17.0,,True,,1,,,,,,,,,,,,
2026-03-22T09:06:01.914140-04:00,vsin_dk,draftkings,mlb,mlb_20260326_texas_rangers_philadelphia_phillies,Mar 26,,Texas Rangers,Philadelphia Phillies,127.0,13.0,87.0,6.0,94.0,,,,,,,,,,7.0,,False,,1,,,,,,,,,,,,
2026-03-22T09:06:01.914140-04:00,vsin_dk,draftkings,mlb,mlb_20260326_tampa_bay_rays_st_louis_cardinals,Mar 26,,Tampa Bay Rays,ST Louis Cardinals,-124.0,65.0,35.0,73.0,27.0,,,,,,,,,,8.0,,False,,1,,,,,,,,,,,,
2026-03-22T09:06:01.914140-04:00,vsin_dk,draftkings,mlb,mlb_20260326_arizona_diamondbacks_los_angeles_dodgers,Mar 26,,Arizona Diamondbacks,Los Angeles Dodgers,191.0,9.0,91.0,15.0,85.0,,,,,,,,,,6.0,,False,,1,,,,,,,,,,,,
2026-03-22T09:06:01.914140-04:00,vsin_dk,draftkings,mlb,mlb_20260326_cleveland_guardians_seattle_mariners,Mar 26,,Cleveland Guardians,Seattle Mariners,144.0,16.0,84.0,14.0,86.0,,,,,,,,,,2.0,,False,,1,,,,,,,,,,,,
2026-03-22T09:06:01.914140-04:00,vsin_dk,draftkings,mlb,mlb_20260327_athletics_toronto_blue_jays,Mar 27,,Athletics,Toronto Blue Jays,149.0,10.0,90.0,2.0,98.0,,,,,,,,,,8.0,,False,,1,,,,,,,,,,,,
2026-03-22T09:06:01.914140-04:00,vsin_dk,draftkings,mlb,mlb_20260327_colorado_rockies_miami_marlins,Mar 27,,Colorado Rockies,Miami Marlins,144.0,11.0,89.0,28.0,72.0,,,,,,,,,,17.0,,True,,1,,,,,,,,,,,,
2026-03-22T09:06:01.914140-04:00,vsin_dk,draftkings,mlb,mlb_20260327_kansas_city_royals_atlanta_braves,Mar 27,,Kansas City Royals,Atlanta Braves,125.0,19.0,81.0,40.0,60.0,,,,,,,,,,21.0,,True,,1,,,,,,,,,,,,
2026-03-22T09:29:50.963539-04:00,vsin_dk,draftkings,mlb,mlb_20260325_new_york_yankees_san_francisco_giants,Mar 25,,New York Yankees,San Francisco Giants,-117.0,82.0,18.0,80.0,20.0,,,,,,,,,,2.0,,False,,1,,,,,,,,,,,,
2026-03-22T09:29:50.963539-04:00,vsin_dk,draftkings,mlb,mlb_20260326_pittsburgh_pirates_new_york_mets,Mar 26,,Pittsburgh Pirates,New York Mets,101.0,33.0,67.0,22.0,78.0,,,,,,,,,,11.0,,False,,1,,,,,,,,,,,,
2026-03-22T09:29:50.963539-04:00,vsin_dk,draftkings,mlb,mlb_20260326_chicago_white_sox_milwaukee_brewers,Mar 26,,Chicago White Sox,Milwaukee Brewers,160.0,13.0,87.0,18.0,82.0,,,,,,,,,,5.0,,False,,1,,,,,,,,,,,,
2026-03-22T09:29:50.963539-04:00,vsin_dk,draftkings,mlb,mlb_20260326_washington_nationals_chicago_cubs,Mar 26,,Washington Nationals,Chicago Cubs,163.0,11.0,89.0,10.0,90.0,,,,,,,,,,1.0,,False,,1,,,,,,,,,,,,
2026-03-22T09:29:50.963539-04:00,vsin_dk,draftkings,mlb,mlb_20260326_minnesota_twins_baltimore_orioles,Mar 26,,Minnesota Twins,Baltimore Orioles,133.0,19.0,81.0,8.0,92.0,,,,,,,,,,11.0,,False,,1,,,,,,,,,,,,
2026-03-22T09:29:50.963539-04:00,vsin_dk,draftkings,mlb,mlb_20260326_los_angeles_angels_houston_astros,Mar 26,,Los Angeles Angels,Houston Astros,155.0,13.0,87.0,13.0,87.0,,,,,,,,,,0.0,,False,,1,,,,,,,,,,,,
2026-03-22T09:29:50.963539-04:00,vsin_dk,draftkings,mlb,mlb_20260326_detroit_tigers_san_diego_padres,Mar 26,,Detroit Tigers,San Diego Padres,-138.0,67.0,33.0,84.0,16.0,,,,,,,,,,17.0,,True,,1,,,,,,,,,,,,
2026-03-22T09:29:50.963539-04:00,vsin_dk,draftkings,mlb,mlb_20260326_boston_red_sox_cincinnati_reds,Mar 26,,Boston Red Sox,Cincinnati Reds,-158.0,78.0,22.0,83.0,17.0,,,,,,,,,,5.0,,False,,1,,,,,,,,,,,,
2026-03-22T09:29:50.963539-04:00,vsin_dk,draftkings,mlb,mlb_20260326_tampa_bay_rays_st_louis_cardinals,Mar 26,,Tampa Bay Rays,ST Louis Cardinals,-124.0,64.0,36.0,73.0,27.0,,,,,,,,,,9.0,,False,,1,,,,,,,,,,,,
2026-03-22T09:29:50.963539-04:00,vsin_dk,draftkings,mlb,mlb_20260326_texas_rangers_philadelphia_phillies,Mar 26,,Texas Rangers,Philadelphia Phillies,127.0,13.0,87.0,6.0,94.0,,,,,,,,,,7.0,,False,,1,,,,,,,,,,,,
2026-03-22T09:29:50.963539-04:00,vsin_dk,draftkings,mlb,mlb_20260326_arizona_diamondbacks_los_angeles_dodgers,Mar 26,,Arizona Diamondbacks,Los Angeles Dodgers,191.0,9.0,91.0,15.0,85.0,,,,,,,,,,6.0,,False,,1,,,,,,,,,,,,
2026-03-22T09:29:50.963539-04:00,vsin_dk,draftkings,mlb,mlb_20260326_cleveland_guardians_seattle_mariners,Mar 26,,Cleveland Guardians,Seattle Mariners,144.0,16.0,84.0,14.0,86.0,,,,,,,,,,2.0,,False,,1,,,,,,,,,,,,
2026-03-22T09:29:50.963539-04:00,vsin_dk,draftkings,mlb,mlb_20260327_athletics_toronto_blue_jays,Mar 27,,Athletics,Toronto Blue Jays,149.0,9.0,91.0,2.0,98.0,,,,,,,,,,7.0,,False,,1,,,,,,,,,,,,
2026-03-22T09:29:50.963539-04:00,vsin_dk,draftkings,mlb,mlb_20260327_colorado_rockies_miami_marlins,Mar 27,,Colorado Rockies,Miami Marlins,144.0,11.0,89.0,28.0,72.0,,,,,,,,,,17.0,,True,,1,,,,,,,,,,,,
2026-03-22T09:29:50.963539-04:00,vsin_dk,draftkings,mlb,mlb_20260327_kansas_city_royals_atlanta_braves,Mar 27,,Kansas City Royals,Atlanta Braves,125.0,20.0,80.0,41.0,59.0,,,,,,,,,,21.0,,True,,1,,,,,,,,,,,,
2026-03-22T10:02:30.438746-04:00,vsin_dk,draftkings,mlb,mlb_20260325_new_york_yankees_san_francisco_giants,Mar 25,,New York Yankees,San Francisco Giants,-117.0,82.0,18.0,80.0,20.0,,,,,,,,,,2.0,,False,,1,,,,,,,,,,,,
2026-03-22T10:02:30.438746-04:00,vsin_dk,draftkings,mlb,mlb_20260326_pittsburgh_pirates_new_york_mets,Mar 26,,Pittsburgh Pirates,New York Mets,101.0,34.0,66.0,22.0,78.0,,,,,,,,,,12.0,,False,,1,,,,,,,,,,,,
2026-03-22T10:02:30.438746-04:00,vsin_dk,draftkings,mlb,mlb_20260326_chicago_white_sox_milwaukee_brewers,Mar 26,,Chicago White Sox,Milwaukee Brewers,160.0,13.0,87.0,18.0,82.0,,,,,,,,,,5.0,,False,,1,,,,,,,,,,,,
2026-03-22T10:02:30.438746-04:00,vsin_dk,draftkings,mlb,mlb_20260326_washington_nationals_chicago_cubs,Mar 26,,Washington Nationals,Chicago Cubs,163.0,11.0,89.0,10.0,90.0,,,,,,,,,,1.0,,False,,1,,,,,,,,,,,,
2026-03-22T10:02:30.438746-04:00,vsin_dk,draftkings,mlb,mlb_20260326_minnesota_twins_baltimore_orioles,Mar 26,,Minnesota Twins,Baltimore Orioles,133.0,19.0,81.0,8.0,92.0,,,,,,,,,,11.0,,False,,1,,,,,,,,,,,,
2026-03-22T10:02:30.438746-04:00,vsin_dk,draftkings,mlb,mlb_20260326_los_angeles_angels_houston_astros,Mar 26,,Los Angeles Angels,Houston Astros,155.0,13.0,87.0,13.0,87.0,,,,,,,,,,0.0,,False,,1,,,,,,,,,,,,
2026-03-22T10:02:30.438746-04:00,vsin_dk,draftkings,mlb,mlb_20260326_detroit_tigers_san_diego_padres,Mar 26,,Detroit Tigers,San Diego Padres,-138.0,67.0,33.0,84.0,16.0,,,,,,,,,,17.0,,True,,1,,,,,,,,,,,,
2026-03-22T10:02:30.438746-04:00,vsin_dk,draftkings,mlb,mlb_20260326_boston_red_sox_cincinnati_reds,Mar 26,,Boston Red Sox,Cincinnati Reds,-158.0,78.0,22.0,82.0,18.0,,,,,,,,,,4.0,,False,,1,,,,,,,,,,,,
2026-03-22T10:02:30.438746-04:00,vsin_dk,draftkings,mlb,mlb_20260326_tampa_bay_rays_st_louis_cardinals,Mar 26,,Tampa Bay Rays,ST Louis Cardinals,-124.0,65.0,35.0,74.0,26.0,,,,,,,,,,9.0,,False,,1,,,,,,,,,,,,
2026-03-22T10:02:30.438746-04:00,vsin_dk,draftkings,mlb,mlb_20260326_texas_rangers_philadelphia_phillies,Mar 26,,Texas Rangers,Philadelphia Phillies,127.0,12.0,88.0,6.0,94.0,,,,,,,,,,6.0,,False,,1,,,,,,,,,,,,
2026-03-22T10:02:30.438746-04:00,vsin_dk,draftkings,mlb,mlb_20260326_arizona_diamondbacks_los_angeles_dodgers,Mar 26,,Arizona Diamondbacks,Los Angeles Dodgers,191.0,9.0,91.0,15.0,85.0,,,,,,,,,,6.0,,False,,1,,,,,,,,,,,,
2026-03-22T10:02:30.438746-04:00,vsin_dk,draftkings,mlb,mlb_20260326_cleveland_guardians_seattle_mariners,Mar 26,,Cleveland Guardians,Seattle Mariners,144.0,16.0,84.0,14.0,86.0,,,,,,,,,,2.0,,False,,1,,,,,,,,,,,,
2026-03-22T10:02:30.438746-04:00,vsin_dk,draftkings,mlb,mlb_20260327_athletics_toronto_blue_jays,Mar 27,,Athletics,Toronto Blue Jays,149.0,9.0,91.0,2.0,98.0,,,,,,,,,,7.0,,False,,1,,,,,,,,,,,,
2026-03-22T10:02:30.438746-04:00,vsin_dk,draftkings,mlb,mlb_20260327_colorado_rockies_miami_marlins,Mar 27,,Colorado Rockies,Miami Marlins,144.0,11.0,89.0,26.0,74.0,,,,,,,,,,15.0,,True,,1,,,,,,,,,,,,
2026-03-22T10:02:30.438746-04:00,vsin_dk,draftkings,mlb,mlb_20260327_kansas_city_royals_atlanta_braves,Mar 27,,Kansas City Royals,Atlanta Braves,125.0,20.0,80.0,41.0,59.0,,,,,,,,,,21.0,,True,,1,,,,,,,,,,,,
2026-03-22T10:26:43.255954-04:00,vsin_dk,draftkings,mlb,mlb_20260325_new_york_yankees_san_francisco_giants,Mar 25,,New York Yankees,San Francisco Giants,-117.0,82.0,18.0,80.0,20.0,,,,,,,,,,2.0,,False,,1,,,,,,,,,,,,
2026-03-22T10:26:43.255954-04:00,vsin_dk,draftkings,mlb,mlb_20260326_pittsburgh_pirates_new_york_mets,Mar 26,,Pittsburgh Pirates,New York Mets,101.0,34.0,66.0,22.0,78.0,,,,,,,,,,12.0,,False,,1,,,,,,,,,,,,
2026-03-22T10:26:43.255954-04:00,vsin_dk,draftkings,mlb,mlb_20260326_chicago_white_sox_milwaukee_brewers,Mar 26,,Chicago White Sox,Milwaukee Brewers,160.0,12.0,88.0,19.0,81.0,,,,,,,,,,7.0,,False,,1,,,,,,,,,,,,
2026-03-22T10:26:43.255954-04:00,vsin_dk,draftkings,mlb,mlb_20260326_washington_nationals_chicago_cubs,Mar 26,,Washington Nationals,Chicago Cubs,163.0,11.0,89.0,10.0,90.0,,,,,,,,,,1.0,,False,,1,,,,,,,,,,,,
2026-03-22T10:26:43.255954-04:00,vsin_dk,draftkings,mlb,mlb_20260326_minnesota_twins_baltimore_orioles,Mar 26,,Minnesota Twins,Baltimore Orioles,133.0,19.0,81.0,8.0,92.0,,,,,,,,,,11.0,,False,,1,,,,,,,,,,,,
2026-03-22T10:26:43.255954-04:00,vsin_dk,draftkings,mlb,mlb_20260326_los_angeles_angels_houston_astros,Mar 26,,Los Angeles Angels,Houston Astros,155.0,13.0,87.0,13.0,87.0,,,,,,,,,,0.0,,False,,1,,,,,,,,,,,,
2026-03-22T10:26:43.255954-04:00,vsin_dk,draftkings,mlb,mlb_20260326_detroit_tigers_san_diego_padres,Mar 26,,Detroit Tigers,San Diego Padres,-138.0,67.0,33.0,84.0,16.0,,,,,,,,,,17.0,,True,,1,,,,,,,,,,,,
2026-03-22T10:26:43.255954-04:00,vsin_dk,draftkings,mlb,mlb_20260326_boston_red_sox_cincinnati_reds,Mar 26,,Boston Red Sox,Cincinnati Reds,-158.0,78.0,22.0,82.0,18.0,,,,,,,,,,4.0,,False,,1,,,,,,,,,,,,
2026-03-22T10:26:43.255954-04:00,vsin_dk,draftkings,mlb,mlb_20260326_tampa_bay_rays_st_louis_cardinals,Mar 26,,Tampa Bay Rays,ST Louis Cardinals,-124.0,65.0,35.0,74.0,26.0,,,,,,,,,,9.0,,False,,1,,,,,,,,,,,,
2026-03-22T10:26:43.255954-04:00,vsin_dk,draftkings,mlb,mlb_20260326_texas_rangers_philadelphia_phillies,Mar 26,,Texas Rangers,Philadelphia Phillies,127.0,12.0,88.0,6.0,94.0,,,,,,,,,,6.0,,False,,1,,,,,,,,,,,,
2026-03-22T10:26:43.255954-04:00,vsin_dk,draftkings,mlb,mlb_20260326_arizona_diamondbacks_los_angeles_dodgers,Mar 26,,Arizona Diamondbacks,Los Angeles Dodgers,191.0,9.0,91.0,15.0,85.0,,,,,,,,,,6.0,,False,,1,,,,,,,,,,,,
2026-03-22T10:26:43.255954-04:00,vsin_dk,draftkings,mlb,mlb_20260326_cleveland_guardians_seattle_mariners,Mar 26,,Cleveland Guardians,Seattle Mariners,144.0,16.0,84.0,14.0,86.0,,,,,,,,,,2.0,,False,,1,,,,,,,,,,,,
2026-03-22T10:26:43.255954-04:00,vsin_dk,draftkings,mlb,mlb_20260327_athletics_toronto_blue_jays,Mar 27,,Athletics,Toronto Blue Jays,149.0,9.0,91.0,2.0,98.0,,,,,,,,,,7.0,,False,,1,,,,,,,,,,,,
2026-03-22T10:26:43.255954-04:00,vsin_dk,draftkings,mlb,mlb_20260327_colorado_rockies_miami_marlins,Mar 27,,Colorado Rockies,Miami Marlins,144.0,11.0,89.0,26.0,74.0,,,,,,,,,,15.0,,True,,1,,,,,,,,,,,,
2026-03-22T10:26:43.255954-04:00,vsin_dk,draftkings,mlb,mlb_20260327_kansas_city_royals_atlanta_braves,Mar 27,,Kansas City Royals,Atlanta Braves,125.0,20.0,80.0,41.0,59.0,,,,,,,,,,21.0,,True,,1,,,,,,,,,,,,
2026-03-22T10:35:21.116833-04:00,vsin_dk,draftkings,mlb,mlb_20260325_new_york_yankees_san_francisco_giants,Mar 25,,New York Yankees,San Francisco Giants,-117.0,82.0,18.0,80.0,20.0,,,,,,,,,,2.0,,False,,1,,,,,,,,,,,,
2026-03-22T10:35:21.116833-04:00,vsin_dk,draftkings,mlb,mlb_20260326_pittsburgh_pirates_new_york_mets,Mar 26,,Pittsburgh Pirates,New York Mets,101.0,34.0,66.0,22.0,78.0,,,,,,,,,,12.0,,False,,1,,,,,,,,,,,,
2026-03-22T10:35:21.116833-04:00,vsin_dk,draftkings,mlb,mlb_20260326_chicago_white_sox_milwaukee_brewers,Mar 26,,Chicago White Sox,Milwaukee Brewers,160.0,12.0,88.0,19.0,81.0,,,,,,,,,,7.0,,False,,1,,,,,,,,,,,,
2026-03-22T10:35:21.116833-04:00,vsin_dk,draftkings,mlb,mlb_20260326_washington_nationals_chicago_cubs,Mar 26,,Washington Nationals,Chicago Cubs,163.0,11.0,89.0,10.0,90.0,,,,,,,,,,1.0,,False,,1,,,,,,,,,,,,
2026-03-22T10:35:21.116833-04:00,vsin_dk,draftkings,mlb,mlb_20260326_minnesota_twins_baltimore_orioles,Mar 26,,Minnesota Twins,Baltimore Orioles,133.0,19.0,81.0,8.0,92.0,,,,,,,,,,11.0,,False,,1,,,,,,,,,,,,
2026-03-22T10:35:21.116833-04:00,vsin_dk,draftkings,mlb,mlb_20260326_boston_red_sox_cincinnati_reds,Mar 26,,Boston Red Sox,Cincinnati Reds,-158.0,78.0,22.0,83.0,17.0,,,,,,,,,,5.0,,False,,1,,,,,,,,,,,,
2026-03-22T10:35:21.116833-04:00,vsin_dk,draftkings,mlb,mlb_20260326_los_angeles_angels_houston_astros,Mar 26,,Los Angeles Angels,Houston Astros,155.0,13.0,87.0,13.0,87.0,,,,,,,,,,0.0,,False,,1,,,,,,,,,,,,
2026-03-22T10:35:21.116833-04:00,vsin_dk,draftkings,mlb,mlb_20260326_detroit_tigers_san_diego_padres,Mar 26,,Detroit Tigers,San Diego Padres,-138.0,67.0,33.0,84.0,16.0,,,,,,,,,,17.0,,True,,1,,,,,,,,,,,,
2026-03-22T10:35:21.116833-04:00,vsin_dk,draftkings,mlb,mlb_20260326_texas_rangers_philadelphia_phillies,Mar 26,,Texas Rangers,Philadelphia Phillies,127.0,12.0,88.0,6.0,94.0,,,,,,,,,,6.0,,False,,1,,,,,,,,,,,,
2026-03-22T10:35:21.116833-04:00,vsin_dk,draftkings,mlb,mlb_20260326_tampa_bay_rays_st_louis_cardinals,Mar 26,,Tampa Bay Rays,ST Louis Cardinals,-124.0,65.0,35.0,74.0,26.0,,,,,,,,,,9.0,,False,,1,,,,,,,,,,,,
2026-03-22T10:35:21.116833-04:00,vsin_dk,draftkings,mlb,mlb_20260326_arizona_diamondbacks_los_angeles_dodgers,Mar 26,,Arizona Diamondbacks,Los Angeles Dodgers,191.0,9.0,91.0,15.0,85.0,,,,,,,,,,6.0,,False,,1,,,,,,,,,,,,
2026-03-22T10:35:21.116833-04:00,vsin_dk,draftkings,mlb,mlb_20260326_cleveland_guardians_seattle_mariners,Mar 26,,Cleveland Guardians,Seattle Mariners,144.0,16.0,84.0,14.0,86.0,,,,,,,,,,2.0,,False,,1,,,,,,,,,,,,
2026-03-22T10:35:21.116833-04:00,vsin_dk,draftkings,mlb,mlb_20260327_athletics_toronto_blue_jays,Mar 27,,Athletics,Toronto Blue Jays,149.0,9.0,91.0,2.0,98.0,,,,,,,,,,7.0,,False,,1,,,,,,,,,,,,
2026-03-22T10:35:21.116833-04:00,vsin_dk,draftkings,mlb,mlb_20260327_colorado_rockies_miami_marlins,Mar 27,,Colorado Rockies,Miami Marlins,144.0,11.0,89.0,26.0,74.0,,,,,,,,,,15.0,,True,,1,,,,,,,,,,,,
2026-03-22T10:35:21.116833-04:00,vsin_dk,draftkings,mlb,mlb_20260327_kansas_city_royals_atlanta_braves,Mar 27,,Kansas City Royals,Atlanta Braves,125.0,20.0,80.0,41.0,59.0,,,,,,,,,,21.0,,True,,1,,,,,,,,,,,,
2026-03-22T10:55:49.139741-04:00,vsin_dk,draftkings,mlb,mlb_20260325_new_york_yankees_san_francisco_giants,Mar 25,,New York Yankees,San Francisco Giants,-117.0,82.0,18.0,80.0,20.0,,,,,,,,,,2.0,,False,,1,,,,,,,,,,,,
2026-03-22T10:55:49.139741-04:00,vsin_dk,draftkings,mlb,mlb_20260326_pittsburgh_pirates_new_york_mets,Mar 26,,Pittsburgh Pirates,New York Mets,101.0,34.0,66.0,22.0,78.0,,,,,,,,,,12.0,,False,,1,,,,,,,,,,,,
2026-03-22T10:55:49.139741-04:00,vsin_dk,draftkings,mlb,mlb_20260326_chicago_white_sox_milwaukee_brewers,Mar 26,,Chicago White Sox,Milwaukee Brewers,160.0,13.0,87.0,19.0,81.0,,,,,,,,,,6.0,,False,,1,,,,,,,,,,,,
2026-03-22T10:55:49.139741-04:00,vsin_dk,draftkings,mlb,mlb_20260326_washington_nationals_chicago_cubs,Mar 26,,Washington Nationals,Chicago Cubs,163.0,11.0,89.0,10.0,90.0,,,,,,,,,,1.0,,False,,1,,,,,,,,,,,,
2026-03-22T10:55:49.139741-04:00,vsin_dk,draftkings,mlb,mlb_20260326_minnesota_twins_baltimore_orioles,Mar 26,,Minnesota Twins,Baltimore Orioles,133.0,19.0,81.0,8.0,92.0,,,,,,,,,,11.0,,False,,1,,,,,,,,,,,,
2026-03-22T10:55:49.139741-04:00,vsin_dk,draftkings,mlb,mlb_20260326_boston_red_sox_cincinnati_reds,Mar 26,,Boston Red Sox,Cincinnati Reds,-158.0,78.0,22.0,83.0,17.0,,,,,,,,,,5.0,,False,,1,,,,,,,,,,,,
2026-03-22T10:55:49.139741-04:00,vsin_dk,draftkings,mlb,mlb_20260326_los_angeles_angels_houston_astros,Mar 26,,Los Angeles Angels,Houston Astros,155.0,13.0,87.0,13.0,87.0,,,,,,,,,,0.0,,False,,1,,,,,,,,,,,,
2026-03-22T10:55:49.139741-04:00,vsin_dk,draftkings,mlb,mlb_20260326_detroit_tigers_san_diego_padres,Mar 26,,Detroit Tigers,San Diego Padres,-138.0,67.0,33.0,84.0,16.0,,,,,,,,,,17.0,,True,,1,,,,,,,,,,,,
2026-03-22T10:55:49.139741-04:00,vsin_dk,draftkings,mlb,mlb_20260326_texas_rangers_philadelphia_phillies,Mar 26,,Texas Rangers,Philadelphia Phillies,127.0,13.0,87.0,6.0,94.0,,,,,,,,,,7.0,,False,,1,,,,,,,,,,,,
2026-03-22T10:55:49.139741-04:00,vsin_dk,draftkings,mlb,mlb_20260326_tampa_bay_rays_st_louis_cardinals,Mar 26,,Tampa Bay Rays,ST Louis Cardinals,-124.0,65.0,35.0,74.0,26.0,,,,,,,,,,9.0,,False,,1,,,,,,,,,,,,
2026-03-22T10:55:49.139741-04:00,vsin_dk,draftkings,mlb,mlb_20260326_arizona_diamondbacks_los_angeles_dodgers,Mar 26,,Arizona Diamondbacks,Los Angeles Dodgers,191.0,9.0,91.0,15.0,85.0,,,,,,,,,,6.0,,False,,1,,,,,,,,,,,,
2026-03-22T10:55:49.139741-04:00,vsin_dk,draftkings,mlb,mlb_20260326_cleveland_guardians_seattle_mariners,Mar 26,,Cleveland Guardians,Seattle Mariners,144.0,16.0,84.0,14.0,86.0,,,,,,,,,,2.0,,False,,1,,,,,,,,,,,,
2026-03-22T10:55:49.139741-04:00,vsin_dk,draftkings,mlb,mlb_20260327_athletics_toronto_blue_jays,Mar 27,,Athletics,Toronto Blue Jays,149.0,9.0,91.0,2.0,98.0,,,,,,,,,,7.0,,False,,1,,,,,,,,,,,,
2026-03-22T10:55:49.139741-04:00,vsin_dk,draftkings,mlb,mlb_20260327_colorado_rockies_miami_marlins,Mar 27,,Colorado Rockies,Miami Marlins,144.0,12.0,88.0,49.0,51.0,,,,,,,,,,37.0,,True,,1,,,,,,,,,,,,
2026-03-22T10:55:49.139741-04:00,vsin_dk,draftkings,mlb,mlb_20260327_kansas_city_royals_atlanta_braves,Mar 27,,Kansas City Royals,Atlanta Braves,125.0,20.0,80.0,41.0,59.0,,,,,,,,,,21.0,,True,,1,,,,,,,,,,,,
2026-03-22T11:05:48.469893-04:00,vsin_dk,draftkings,mlb,mlb_20260325_new_york_yankees_san_francisco_giants,Mar 25,,New York Yankees,San Francisco Giants,-117.0,82.0,18.0,80.0,20.0,,,,,,,,,,2.0,,False,,1,,,,,,,,,,,,
2026-03-22T11:05:48.469893-04:00,vsin_dk,draftkings,mlb,mlb_20260326_pittsburgh_pirates_new_york_mets,Mar 26,,Pittsburgh Pirates,New York Mets,101.0,34.0,66.0,22.0,78.0,,,,,,,,,,12.0,,False,,1,,,,,,,,,,,,
2026-03-22T11:05:48.469893-04:00,vsin_dk,draftkings,mlb,mlb_20260326_chicago_white_sox_milwaukee_brewers,Mar 26,,Chicago White Sox,Milwaukee Brewers,160.0,13.0,87.0,19.0,81.0,,,,,,,,,,6.0,,False,,1,,,,,,,,,,,,
2026-03-22T11:05:48.469893-04:00,vsin_dk,draftkings,mlb,mlb_20260326_washington_nationals_chicago_cubs,Mar 26,,Washington Nationals,Chicago Cubs,163.0,11.0,89.0,10.0,90.0,,,,,,,,,,1.0,,False,,1,,,,,,,,,,,,
2026-03-22T11:05:48.469893-04:00,vsin_dk,draftkings,mlb,mlb_20260326_minnesota_twins_baltimore_orioles,Mar 26,,Minnesota Twins,Baltimore Orioles,133.0,19.0,81.0,8.0,92.0,,,,,,,,,,11.0,,False,,1,,,,,,,,,,,,
2026-03-22T11:05:48.469893-04:00,vsin_dk,draftkings,mlb,mlb_20260326_boston_red_sox_cincinnati_reds,Mar 26,,Boston Red Sox,Cincinnati Reds,-158.0,78.0,22.0,82.0,18.0,,,,,,,,,,4.0,,False,,1,,,,,,,,,,,,
2026-03-22T11:05:48.469893-04:00,vsin_dk,draftkings,mlb,mlb_20260326_detroit_tigers_san_diego_padres,Mar 26,,Detroit Tigers,San Diego Padres,-138.0,67.0,33.0,84.0,16.0,,,,,,,,,,17.0,,True,,1,,,,,,,,,,,,
2026-03-22T11:05:48.469893-04:00,vsin_dk,draftkings,mlb,mlb_20260326_los_angeles_angels_houston_astros,Mar 26,,Los Angeles Angels,Houston Astros,155.0,13.0,87.0,13.0,87.0,,,,,,,,,,0.0,,False,,1,,,,,,,,,,,,
2026-03-22T11:05:48.469893-04:00,vsin_dk,draftkings,mlb,mlb_20260326_texas_rangers_philadelphia_phillies,Mar 26,,Texas Rangers,Philadelphia Phillies,127.0,13.0,87.0,6.0,94.0,,,,,,,,,,7.0,,False,,1,,,,,,,,,,,,
2026-03-22T11:05:48.469893-04:00,vsin_dk,draftkings,mlb,mlb_20260326_tampa_bay_rays_st_louis_cardinals,Mar 26,,Tampa Bay Rays,ST Louis Cardinals,-124.0,65.0,35.0,74.0,26.0,,,,,,,,,,9.0,,False,,1,,,,,,,,,,,,
2026-03-22T11:05:48.469893-04:00,vsin_dk,draftkings,mlb,mlb_20260326_arizona_diamondbacks_los_angeles_dodgers,Mar 26,,Arizona Diamondbacks,Los Angeles Dodgers,191.0,9.0,91.0,15.0,85.0,,,,,,,,,,6.0,,False,,1,,,,,,,,,,,,
2026-03-22T11:05:48.469893-04:00,vsin_dk,draftkings,mlb,mlb_20260326_cleveland_guardians_seattle_mariners,Mar 26,,Cleveland Guardians,Seattle Mariners,144.0,16.0,84.0,14.0,86.0,,,,,,,,,,2.0,,False,,1,,,,,,,,,,,,
2026-03-22T11:05:48.469893-04:00,vsin_dk,draftkings,mlb,mlb_20260327_athletics_toronto_blue_jays,Mar 27,,Athletics,Toronto Blue Jays,149.0,10.0,90.0,21.0,79.0,,,,,,,,,,11.0,,False,,1,,,,,,,,,,,,
2026-03-22T11:05:48.469893-04:00,vsin_dk,draftkings,mlb,mlb_20260327_colorado_rockies_miami_marlins,Mar 27,,Colorado Rockies,Miami Marlins,144.0,12.0,88.0,49.0,51.0,,,,,,,,,,37.0,,True,,1,,,,,,,,,,,,
2026-03-22T11:05:48.469893-04:00,vsin_dk,draftkings,mlb,mlb_20260327_kansas_city_royals_atlanta_braves,Mar 27,,Kansas City Royals,Atlanta Braves,125.0,21.0,79.0,41.0,59.0,,,,,,,,,,20.0,,True,,1,,,,,,,,,,,,
2026-03-22T11:20:49.747462-04:00,vsin_dk,draftkings,mlb,mlb_20260325_new_york_yankees_san_francisco_giants,Mar 25,,New York Yankees,San Francisco Giants,-117.0,82.0,18.0,80.0,20.0,,,,,,,,,,2.0,,False,,1,,,,,,,,,,,,
2026-03-22T11:20:49.747462-04:00,vsin_dk,draftkings,mlb,mlb_20260326_pittsburgh_pirates_new_york_mets,Mar 26,,Pittsburgh Pirates,New York Mets,101.0,34.0,66.0,23.0,77.0,,,,,,,,,,11.0,,False,,1,,,,,,,,,,,,
2026-03-22T11:20:49.747462-04:00,vsin_dk,draftkings,mlb,mlb_20260326_chicago_white_sox_milwaukee_brewers,Mar 26,,Chicago White Sox,Milwaukee Brewers,160.0,12.0,88.0,19.0,81.0,,,,,,,,,,7.0,,False,,1,,,,,,,,,,,,
2026-03-22T11:20:49.747462-04:00,vsin_dk,draftkings,mlb,mlb_20260326_washington_nationals_chicago_cubs,Mar 26,,Washington Nationals,Chicago Cubs,163.0,11.0,89.0,10.0,90.0,,,,,,,,,,1.0,,False,,1,,,,,,,,,,,,
2026-03-22T11:20:49.747462-04:00,vsin_dk,draftkings,mlb,mlb_20260326_minnesota_twins_baltimore_orioles,Mar 26,,Minnesota Twins,Baltimore Orioles,133.0,19.0,81.0,8.0,92.0,,,,,,,,,,11.0,,False,,1,,,,,,,,,,,,
2026-03-22T11:20:49.747462-04:00,vsin_dk,draftkings,mlb,mlb_20260326_los_angeles_angels_houston_astros,Mar 26,,Los Angeles Angels,Houston Astros,155.0,13.0,87.0,13.0,87.0,,,,,,,,,,0.0,,False,,1,,,,,,,,,,,,
2026-03-22T11:20:49.747462-04:00,vsin_dk,draftkings,mlb,mlb_20260326_detroit_tigers_san_diego_padres,Mar 26,,Detroit Tigers,San Diego Padres,-138.0,67.0,33.0,84.0,16.0,,,,,,,,,,17.0,,True,,1,,,,,,,,,,,,
2026-03-22T11:20:49.747462-04:00,vsin_dk,draftkings,mlb,mlb_20260326_boston_red_sox_cincinnati_reds,Mar 26,,Boston Red Sox,Cincinnati Reds,-158.0,78.0,22.0,82.0,18.0,,,,,,,,,,4.0,,False,,1,,,,,,,,,,,,
2026-03-22T11:20:49.747462-04:00,vsin_dk,draftkings,mlb,mlb_20260326_tampa_bay_rays_st_louis_cardinals,Mar 26,,Tampa Bay Rays,ST Louis Cardinals,-124.0,65.0,35.0,73.0,27.0,,,,,,,,,,8.0,,False,,1,,,,,,,,,,,,
2026-03-22T11:20:49.747462-04:00,vsin_dk,draftkings,mlb,mlb_20260326_texas_rangers_philadelphia_phillies,Mar 26,,Texas Rangers,Philadelphia Phillies,127.0,13.0,87.0,6.0,94.0,,,,,,,,,,7.0,,False,,1,,,,,,,,,,,,
2026-03-22T11:20:49.747462-04:00,vsin_dk,draftkings,mlb,mlb_20260326_arizona_diamondbacks_los_angeles_dodgers,Mar 26,,Arizona Diamondbacks,Los Angeles Dodgers,191.0,9.0,91.0,15.0,85.0,,,,,,,,,,6.0,,False,,1,,,,,,,,,,,,
2026-03-22T11:20:49.747462-04:00,vsin_dk,draftkings,mlb,mlb_20260326_cleveland_guardians_seattle_mariners,Mar 26,,Cleveland Guardians,Seattle Mariners,144.0,16.0,84.0,14.0,86.0,,,,,,,,,,2.0,,False,,1,,,,,,,,,,,,
2026-03-22T11:20:49.747462-04:00,vsin_dk,draftkings,mlb,mlb_20260327_athletics_toronto_blue_jays,Mar 27,,Athletics,Toronto Blue Jays,149.0,10.0,90.0,21.0,79.0,,,,,,,,,,11.0,,False,,1,,,,,,,,,,,,
2026-03-22T11:20:49.747462-04:00,vsin_dk,draftkings,mlb,mlb_20260327_colorado_rockies_miami_marlins,Mar 27,,Colorado Rockies,Miami Marlins,144.0,12.0,88.0,49.0,51.0,,,,,,,,,,37.0,,True,,1,,,,,,,,,,,,
2026-03-22T11:20:49.747462-04:00,vsin_dk,draftkings,mlb,mlb_20260327_kansas_city_royals_atlanta_braves,Mar 27,,Kansas City Royals,Atlanta Braves,125.0,20.0,80.0,41.0,59.0,,,,,,,,,,21.0,,True,,1,,,,,,,,,,,,
2026-03-22T11:35:49.435652-04:00,vsin_dk,draftkings,mlb,mlb_20260325_new_york_yankees_san_francisco_giants,Mar 25,,New York Yankees,San Francisco Giants,-117.0,82.0,18.0,80.0,20.0,,,,,,,,,,2.0,,False,,1,,,,,,,,,,,,
2026-03-22T11:35:49.435652-04:00,vsin_dk,draftkings,mlb,mlb_20260326_pittsburgh_pirates_new_york_mets,Mar 26,,Pittsburgh Pirates,New York Mets,101.0,35.0,65.0,23.0,77.0,,,,,,,,,,12.0,,False,,1,,,,,,,,,,,,
2026-03-22T11:35:49.435652-04:00,vsin_dk,draftkings,mlb,mlb_20260326_chicago_white_sox_milwaukee_brewers,Mar 26,,Chicago White Sox,Milwaukee Brewers,160.0,13.0,87.0,19.0,81.0,,,,,,,,,,6.0,,False,,1,,,,,,,,,,,,
2026-03-22T11:35:49.435652-04:00,vsin_dk,draftkings,mlb,mlb_20260326_washington_nationals_chicago_cubs,Mar 26,,Washington Nationals,Chicago Cubs,163.0,11.0,89.0,10.0,90.0,,,,,,,,,,1.0,,False,,1,,,,,,,,,,,,
2026-03-22T11:35:49.435652-04:00,vsin_dk,draftkings,mlb,mlb_20260326_minnesota_twins_baltimore_orioles,Mar 26,,Minnesota Twins,Baltimore Orioles,133.0,19.0,81.0,8.0,92.0,,,,,,,,,,11.0,,False,,1,,,,,,,,,,,,
2026-03-22T11:35:49.435652-04:00,vsin_dk,draftkings,mlb,mlb_20260326_boston_red_sox_cincinnati_reds,Mar 26,,Boston Red Sox,Cincinnati Reds,-158.0,78.0,22.0,82.0,18.0,,,,,,,,,,4.0,,False,,1,,,,,,,,,,,,
2026-03-22T11:35:49.435652-04:00,vsin_dk,draftkings,mlb,mlb_20260326_detroit_tigers_san_diego_padres,Mar 26,,Detroit Tigers,San Diego Padres,-138.0,67.0,33.0,83.0,17.0,,,,,,,,,,16.0,,True,,1,,,,,,,,,,,,
2026-03-22T11:35:49.435652-04:00,vsin_dk,draftkings,mlb,mlb_20260326_los_angeles_angels_houston_astros,Mar 26,,Los Angeles Angels,Houston Astros,155.0,13.0,87.0,13.0,87.0,,,,,,,,,,0.0,,False,,1,,,,,,,,,,,,
2026-03-22T11:35:49.435652-04:00,vsin_dk,draftkings,mlb,mlb_20260326_texas_rangers_philadelphia_phillies,Mar 26,,Texas Rangers,Philadelphia Phillies,127.0,13.0,87.0,6.0,94.0,,,,,,,,,,7.0,,False,,1,,,,,,,,,,,,
2026-03-22T11:35:49.435652-04:00,vsin_dk,draftkings,mlb,mlb_20260326_tampa_bay_rays_st_louis_cardinals,Mar 26,,Tampa Bay Rays,ST Louis Cardinals,-124.0,65.0,35.0,73.0,27.0,,,,,,,,,,8.0,,False,,1,,,,,,,,,,,,
2026-03-22T11:35:49.435652-04:00,vsin_dk,draftkings,mlb,mlb_20260326_arizona_diamondbacks_los_angeles_dodgers,Mar 26,,Arizona Diamondbacks,Los Angeles Dodgers,191.0,9.0,91.0,15.0,85.0,,,,,,,,,,6.0,,False,,1,,,,,,,,,,,,
2026-03-22T11:35:49.435652-04:00,vsin_dk,draftkings,mlb,mlb_20260326_cleveland_guardians_seattle_mariners,Mar 26,,Cleveland Guardians,Seattle Mariners,144.0,16.0,84.0,14.0,86.0,,,,,,,,,,2.0,,False,,1,,,,,,,,,,,,
2026-03-22T11:35:49.435652-04:00,vsin_dk,draftkings,mlb,mlb_20260327_athletics_toronto_blue_jays,Mar 27,,Athletics,Toronto Blue Jays,149.0,10.0,90.0,21.0,79.0,,,,,,,,,,11.0,,False,,1,,,,,,,,,,,,
2026-03-22T11:35:49.435652-04:00,vsin_dk,draftkings,mlb,mlb_20260327_colorado_rockies_miami_marlins,Mar 27,,Colorado Rockies,Miami Marlins,144.0,14.0,86.0,49.0,51.0,,,,,,,,,,35.0,,True,,1,,,,,,,,,,,,
2026-03-22T11:35:49.435652-04:00,vsin_dk,draftkings,mlb,mlb_20260327_kansas_city_royals_atlanta_braves,Mar 27,,Kansas City Royals,Atlanta Braves,125.0,20.0,80.0,41.0,59.0,,,,,,,,,,21.0,,True,,1,,,,,,,,,,,,
2026-03-22T11:51:12.176152-04:00,vsin_dk,draftkings,mlb,mlb_20260325_new_york_yankees_san_francisco_giants,Mar 25,,New York Yankees,San Francisco Giants,-117.0,82.0,18.0,80.0,20.0,,,,,,,,,,2.0,,False,,1,,,,,,,,,,,,
2026-03-22T11:51:12.176152-04:00,vsin_dk,draftkings,mlb,mlb_20260326_pittsburgh_pirates_new_york_mets,Mar 26,,Pittsburgh Pirates,New York Mets,101.0,35.0,65.0,23.0,77.0,,,,,,,,,,12.0,,False,,1,,,,,,,,,,,,
2026-03-22T11:51:12.176152-04:00,vsin_dk,draftkings,mlb,mlb_20260326_chicago_white_sox_milwaukee_brewers,Mar 26,,Chicago White Sox,Milwaukee Brewers,160.0,13.0,87.0,19.0,81.0,,,,,,,,,,6.0,,False,,1,,,,,,,,,,,,
2026-03-22T11:51:12.176152-04:00,vsin_dk,draftkings,mlb,mlb_20260326_washington_nationals_chicago_cubs,Mar 26,,Washington Nationals,Chicago Cubs,163.0,11.0,89.0,10.0,90.0,,,,,,,,,,1.0,,False,,1,,,,,,,,,,,,
2026-03-22T11:51:12.176152-04:00,vsin_dk,draftkings,mlb,mlb_20260326_minnesota_twins_baltimore_orioles,Mar 26,,Minnesota Twins,Baltimore Orioles,133.0,19.0,81.0,8.0,92.0,,,,,,,,,,11.0,,False,,1,,,,,,,,,,,,
2026-03-22T11:51:12.176152-04:00,vsin_dk,draftkings,mlb,mlb_20260326_los_angeles_angels_houston_astros,Mar 26,,Los Angeles Angels,Houston Astros,155.0,13.0,87.0,13.0,87.0,,,,,,,,,,0.0,,False,,1,,,,,,,,,,,,
2026-03-22T11:51:12.176152-04:00,vsin_dk,draftkings,mlb,mlb_20260326_detroit_tigers_san_diego_padres,Mar 26,,Detroit Tigers,San Diego Padres,-138.0,68.0,32.0,83.0,17.0,,,,,,,,,,15.0,,True,,1,,,,,,,,,,,,
2026-03-22T11:51:12.176152-04:00,vsin_dk,draftkings,mlb,mlb_20260326_boston_red_sox_cincinnati_reds,Mar 26,,Boston Red Sox,Cincinnati Reds,-158.0,78.0,22.0,83.0,17.0,,,,,,,,,,5.0,,False,,1,,,,,,,,,,,,
2026-03-22T11:51:12.176152-04:00,vsin_dk,draftkings,mlb,mlb_20260326_tampa_bay_rays_st_louis_cardinals,Mar 26,,Tampa Bay Rays,ST Louis Cardinals,-124.0,65.0,35.0,73.0,27.0,,,,,,,,,,8.0,,False,,1,,,,,,,,,,,,
2026-03-22T11:51:12.176152-04:00,vsin_dk,draftkings,mlb,mlb_20260326_texas_rangers_philadelphia_phillies,Mar 26,,Texas Rangers,Philadelphia Phillies,127.0,13.0,87.0,7.0,93.0,,,,,,,,,,6.0,,False,,1,,,,,,,,,,,,
2026-03-22T11:51:12.176152-04:00,vsin_dk,draftkings,mlb,mlb_20260326_arizona_diamondbacks_los_angeles_dodgers,Mar 26,,Arizona Diamondbacks,Los Angeles Dodgers,191.0,9.0,91.0,15.0,85.0,,,,,,,,,,6.0,,False,,1,,,,,,,,,,,,
2026-03-22T11:51:12.176152-04:00,vsin_dk,draftkings,mlb,mlb_20260326_cleveland_guardians_seattle_mariners,Mar 26,,Cleveland Guardians,Seattle Mariners,144.0,16.0,84.0,14.0,86.0,,,,,,,,,,2.0,,False,,1,,,,,,,,,,,,
2026-03-22T11:51:12.176152-04:00,vsin_dk,draftkings,mlb,mlb_20260327_athletics_toronto_blue_jays,Mar 27,,Athletics,Toronto Blue Jays,149.0,10.0,90.0,21.0,79.0,,,,,,,,,,11.0,,False,,1,,,,,,,,,,,,
2026-03-22T11:51:12.176152-04:00,vsin_dk,draftkings,mlb,mlb_20260327_colorado_rockies_miami_marlins,Mar 27,,Colorado Rockies,Miami Marlins,144.0,14.0,86.0,49.0,51.0,,,,,,,,,,35.0,,True,,1,,,,,,,,,,,,
2026-03-22T11:51:12.176152-04:00,vsin_dk,draftkings,mlb,mlb_20260327_kansas_city_royals_atlanta_braves,Mar 27,,Kansas City Royals,Atlanta Braves,125.0,20.0,80.0,40.0,60.0,,,,,,,,,,20.0,,True,,1,,,,,,,,,,,,
2026-03-22T12:05:48.689502-04:00,vsin_dk,draftkings,mlb,mlb_20260325_new_york_yankees_san_francisco_giants,Mar 25,,New York Yankees,San Francisco Giants,-117.0,82.0,18.0,81.0,19.0,,,,,,,,,,1.0,,False,,1,,,,,,,,,,,,
2026-03-22T12:05:48.689502-04:00,vsin_dk,draftkings,mlb,mlb_20260326_pittsburgh_pirates_new_york_mets,Mar 26,,Pittsburgh Pirates,New York Mets,101.0,35.0,65.0,23.0,77.0,,,,,,,,,,12.0,,False,,1,,,,,,,,,,,,
2026-03-22T12:05:48.689502-04:00,vsin_dk,draftkings,mlb,mlb_20260326_chicago_white_sox_milwaukee_brewers,Mar 26,,Chicago White Sox,Milwaukee Brewers,160.0,13.0,87.0,19.0,81.0,,,,,,,,,,6.0,,False,,1,,,,,,,,,,,,
2026-03-22T12:05:48.689502-04:00,vsin_dk,draftkings,mlb,mlb_20260326_washington_nationals_chicago_cubs,Mar 26,,Washington Nationals,Chicago Cubs,163.0,11.0,89.0,10.0,90.0,,,,,,,,,,1.0,,False,,1,,,,,,,,,,,,
2026-03-22T12:05:48.689502-04:00,vsin_dk,draftkings,mlb,mlb_20260326_minnesota_twins_baltimore_orioles,Mar 26,,Minnesota Twins,Baltimore Orioles,133.0,19.0,81.0,8.0,92.0,,,,,,,,,,11.0,,False,,1,,,,,,,,,,,,
2026-03-22T12:05:48.689502-04:00,vsin_dk,draftkings,mlb,mlb_20260326_boston_red_sox_cincinnati_reds,Mar 26,,Boston Red Sox,Cincinnati Reds,-158.0,78.0,22.0,83.0,17.0,,,,,,,,,,5.0,,False,,1,,,,,,,,,,,,
2026-03-22T12:05:48.689502-04:00,vsin_dk,draftkings,mlb,mlb_20260326_los_angeles_angels_houston_astros,Mar 26,,Los Angeles Angels,Houston Astros,155.0,13.0,87.0,13.0,87.0,,,,,,,,,,0.0,,False,,1,,,,,,,,,,,,
2026-03-22T12:05:48.689502-04:00,vsin_dk,draftkings,mlb,mlb_20260326_detroit_tigers_san_diego_padres,Mar 26,,Detroit Tigers,San Diego Padres,-138.0,68.0,32.0,83.0,17.0,,,,,,,,,,15.0,,True,,1,,,,,,,,,,,,
2026-03-22T12:05:48.689502-04:00,vsin_dk,draftkings,mlb,mlb_20260326_texas_rangers_philadelphia_phillies,Mar 26,,Texas Rangers,Philadelphia Phillies,127.0,12.0,88.0,7.0,93.0,,,,,,,,,,5.0,,False,,1,,,,,,,,,,,,
2026-03-22T12:05:48.689502-04:00,vsin_dk,draftkings,mlb,mlb_20260326_tampa_bay_rays_st_louis_cardinals,Mar 26,,Tampa Bay Rays,ST Louis Cardinals,-124.0,66.0,34.0,73.0,27.0,,,,,,,,,,7.0,,False,,1,,,,,,,,,,,,
2026-03-22T12:05:48.689502-04:00,vsin_dk,draftkings,mlb,mlb_20260326_arizona_diamondbacks_los_angeles_dodgers,Mar 26,,Arizona Diamondbacks,Los Angeles Dodgers,191.0,9.0,91.0,13.0,87.0,,,,,,,,,,4.0,,False,,1,,,,,,,,,,,,
2026-03-22T12:05:48.689502-04:00,vsin_dk,draftkings,mlb,mlb_20260326_cleveland_guardians_seattle_mariners,Mar 26,,Cleveland Guardians,Seattle Mariners,144.0,16.0,84.0,14.0,86.0,,,,,,,,,,2.0,,False,,1,,,,,,,,,,,,
2026-03-22T12:05:48.689502-04:00,vsin_dk,draftkings,mlb,mlb_20260327_athletics_toronto_blue_jays,Mar 27,,Athletics,Toronto Blue Jays,149.0,10.0,90.0,21.0,79.0,,,,,,,,,,11.0,,False,,1,,,,,,,,,,,,
2026-03-22T12:05:48.689502-04:00,vsin_dk,draftkings,mlb,mlb_20260327_colorado_rockies_miami_marlins,Mar 27,,Colorado Rockies,Miami Marlins,144.0,14.0,86.0,48.0,52.0,,,,,,,,,,34.0,,True,,1,,,,,,,,,,,,
2026-03-22T12:05:48.689502-04:00,vsin_dk,draftkings,mlb,mlb_20260327_kansas_city_royals_atlanta_braves,Mar 27,,Kansas City Royals,Atlanta Braves,125.0,21.0,79.0,40.0,60.0,,,,,,,,,,19.0,,True,,1,,,,,,,,,,,,
2026-03-22T12:21:20.854124-04:00,vsin_dk,draftkings,mlb,mlb_20260325_new_york_yankees_san_francisco_giants,Mar 25,,New York Yankees,San Francisco Giants,-117.0,82.0,18.0,81.0,19.0,,,,,,,,,,1.0,,False,,1,,,,,,,,,,,,
2026-03-22T12:21:20.854124-04:00,vsin_dk,draftkings,mlb,mlb_20260326_pittsburgh_pirates_new_york_mets,Mar 26,,Pittsburgh Pirates,New York Mets,101.0,35.0,65.0,23.0,77.0,,,,,,,,,,12.0,,False,,1,,,,,,,,,,,,
2026-03-22T12:21:20.854124-04:00,vsin_dk,draftkings,mlb,mlb_20260326_chicago_white_sox_milwaukee_brewers,Mar 26,,Chicago White Sox,Milwaukee Brewers,160.0,13.0,87.0,19.0,81.0,,,,,,,,,,6.0,,False,,1,,,,,,,,,,,,
2026-03-22T12:21:20.854124-04:00,vsin_dk,draftkings,mlb,mlb_20260326_washington_nationals_chicago_cubs,Mar 26,,Washington Nationals,Chicago Cubs,163.0,11.0,89.0,10.0,90.0,,,,,,,,,,1.0,,False,,1,,,,,,,,,,,,
2026-03-22T12:21:20.854124-04:00,vsin_dk,draftkings,mlb,mlb_20260326_minnesota_twins_baltimore_orioles,Mar 26,,Minnesota Twins,Baltimore Orioles,133.0,19.0,81.0,8.0,92.0,,,,,,,,,,11.0,,False,,1,,,,,,,,,,,,
2026-03-22T12:21:20.854124-04:00,vsin_dk,draftkings,mlb,mlb_20260326_boston_red_sox_cincinnati_reds,Mar 26,,Boston Red Sox,Cincinnati Reds,-158.0,78.0,22.0,83.0,17.0,,,,,,,,,,5.0,,False,,1,,,,,,,,,,,,
2026-03-22T12:21:20.854124-04:00,vsin_dk,draftkings,mlb,mlb_20260326_los_angeles_angels_houston_astros,Mar 26,,Los Angeles Angels,Houston Astros,155.0,13.0,87.0,13.0,87.0,,,,,,,,,,0.0,,False,,1,,,,,,,,,,,,
2026-03-22T12:21:20.854124-04:00,vsin_dk,draftkings,mlb,mlb_20260326_detroit_tigers_san_diego_padres,Mar 26,,Detroit Tigers,San Diego Padres,-138.0,68.0,32.0,83.0,17.0,,,,,,,,,,15.0,,True,,1,,,,,,,,,,,,
2026-03-22T12:21:20.854124-04:00,vsin_dk,draftkings,mlb,mlb_20260326_texas_rangers_philadelphia_phillies,Mar 26,,Texas Rangers,Philadelphia Phillies,127.0,12.0,88.0,7.0,93.0,,,,,,,,,,5.0,,False,,1,,,,,,,,,,,,
2026-03-22T12:21:20.854124-04:00,vsin_dk,draftkings,mlb,mlb_20260326_tampa_bay_rays_st_louis_cardinals,Mar 26,,Tampa Bay Rays,ST Louis Cardinals,-124.0,65.0,35.0,73.0,27.0,,,,,,,,,,8.0,,False,,1,,,,,,,,,,,,
2026-03-22T12:21:20.854124-04:00,vsin_dk,draftkings,mlb,mlb_20260326_arizona_diamondbacks_los_angeles_dodgers,Mar 26,,Arizona Diamondbacks,Los Angeles Dodgers,191.0,9.0,91.0,13.0,87.0,,,,,,,,,,4.0,,False,,1,,,,,,,,,,,,
2026-03-22T12:21:20.854124-04:00,vsin_dk,draftkings,mlb,mlb_20260326_cleveland_guardians_seattle_mariners,Mar 26,,Cleveland Guardians,Seattle Mariners,144.0,16.0,84.0,14.0,86.0,,,,,,,,,,2.0,,False,,1,,,,,,,,,,,,
2026-03-22T12:21:20.854124-04:00,vsin_dk,draftkings,mlb,mlb_20260327_athletics_toronto_blue_jays,Mar 27,,Athletics,Toronto Blue Jays,149.0,10.0,90.0,21.0,79.0,,,,,,,,,,11.0,,False,,1,,,,,,,,,,,,
2026-03-22T12:21:20.854124-04:00,vsin_dk,draftkings,mlb,mlb_20260327_colorado_rockies_miami_marlins,Mar 27,,Colorado Rockies,Miami Marlins,144.0,14.0,86.0,48.0,52.0,,,,,,,,,,34.0,,True,,1,,,,,,,,,,,,
2026-03-22T12:21:20.854124-04:00,vsin_dk,draftkings,mlb,mlb_20260327_kansas_city_royals_atlanta_braves,Mar 27,,Kansas City Royals,Atlanta Braves,125.0,21.0,79.0,38.0,62.0,,,,,,,,,,17.0,,True,,1,,,,,,,,,,,,
2026-03-22T12:35:37.903173-04:00,vsin_dk,draftkings,mlb,mlb_20260325_new_york_yankees_san_francisco_giants,Mar 25,,New York Yankees,San Francisco Giants,-117.0,82.0,18.0,81.0,19.0,,,,,,,,,,1.0,,False,,1,,,,,,,,,,,,
2026-03-22T12:35:37.903173-04:00,vsin_dk,draftkings,mlb,mlb_20260326_pittsburgh_pirates_new_york_mets,Mar 26,,Pittsburgh Pirates,New York Mets,101.0,35.0,65.0,23.0,77.0,,,,,,,,,,12.0,,False,,1,,,,,,,,,,,,
2026-03-22T12:35:37.903173-04:00,vsin_dk,draftkings,mlb,mlb_20260326_chicago_white_sox_milwaukee_brewers,Mar 26,,Chicago White Sox,Milwaukee Brewers,160.0,13.0,87.0,19.0,81.0,,,,,,,,,,6.0,,False,,1,,,,,,,,,,,,
2026-03-22T12:35:37.903173-04:00,vsin_dk,draftkings,mlb,mlb_20260326_washington_nationals_chicago_cubs,Mar 26,,Washington Nationals,Chicago Cubs,163.0,11.0,89.0,10.0,90.0,,,,,,,,,,1.0,,False,,1,,,,,,,,,,,,
2026-03-22T12:35:37.903173-04:00,vsin_dk,draftkings,mlb,mlb_20260326_minnesota_twins_baltimore_orioles,Mar 26,,Minnesota Twins,Baltimore Orioles,133.0,19.0,81.0,8.0,92.0,,,,,,,,,,11.0,,False,,1,,,,,,,,,,,,
2026-03-22T12:35:37.903173-04:00,vsin_dk,draftkings,mlb,mlb_20260326_boston_red_sox_cincinnati_reds,Mar 26,,Boston Red Sox,Cincinnati Reds,-158.0,78.0,22.0,83.0,17.0,,,,,,,,,,5.0,,False,,1,,,,,,,,,,,,
2026-03-22T12:35:37.903173-04:00,vsin_dk,draftkings,mlb,mlb_20260326_los_angeles_angels_houston_astros,Mar 26,,Los Angeles Angels,Houston Astros,155.0,13.0,87.0,13.0,87.0,,,,,,,,,,0.0,,False,,1,,,,,,,,,,,,
2026-03-22T12:35:37.903173-04:00,vsin_dk,draftkings,mlb,mlb_20260326_detroit_tigers_san_diego_padres,Mar 26,,Detroit Tigers,San Diego Padres,-138.0,68.0,32.0,83.0,17.0,,,,,,,,,,15.0,,True,,1,,,,,,,,,,,,
2026-03-22T12:35:37.903173-04:00,vsin_dk,draftkings,mlb,mlb_20260326_texas_rangers_philadelphia_phillies,Mar 26,,Texas Rangers,Philadelphia Phillies,127.0,12.0,88.0,7.0,93.0,,,,,,,,,,5.0,,False,,1,,,,,,,,,,,,
2026-03-22T12:35:37.903173-04:00,vsin_dk,draftkings,mlb,mlb_20260326_tampa_bay_rays_st_louis_cardinals,Mar 26,,Tampa Bay Rays,ST Louis Cardinals,-124.0,65.0,35.0,73.0,27.0,,,,,,,,,,8.0,,False,,1,,,,,,,,,,,,
2026-03-22T12:35:37.903173-04:00,vsin_dk,draftkings,mlb,mlb_20260326_arizona_diamondbacks_los_angeles_dodgers,Mar 26,,Arizona Diamondbacks,Los Angeles Dodgers,191.0,9.0,91.0,13.0,87.0,,,,,,,,,,4.0,,False,,1,,,,,,,,,,,,
2026-03-22T12:35:37.903173-04:00,vsin_dk,draftkings,mlb,mlb_20260326_cleveland_guardians_seattle_mariners,Mar 26,,Cleveland Guardians,Seattle Mariners,144.0,17.0,83.0,14.0,86.0,,,,,,,,,,3.0,,False,,1,,,,,,,,,,,,
2026-03-22T12:35:37.903173-04:00,vsin_dk,draftkings,mlb,mlb_20260327_athletics_toronto_blue_jays,Mar 27,,Athletics,Toronto Blue Jays,149.0,10.0,90.0,21.0,79.0,,,,,,,,,,11.0,,False,,1,,,,,,,,,,,,
2026-03-22T12:35:37.903173-04:00,vsin_dk,draftkings,mlb,mlb_20260327_colorado_rockies_miami_marlins,Mar 27,,Colorado Rockies,Miami Marlins,144.0,14.0,86.0,48.0,52.0,,,,,,,,,,34.0,,True,,1,,,,,,,,,,,,
2026-03-22T12:35:37.903173-04:00,vsin_dk,draftkings,mlb,mlb_20260327_kansas_city_royals_atlanta_braves,Mar 27,,Kansas City Royals,Atlanta Braves,125.0,21.0,79.0,38.0,62.0,,,,,,,,,,17.0,,True,,1,,,,,,,,,,,,
2026-03-22T12:57:14.910093-04:00,vsin_dk,draftkings,mlb,mlb_20260325_new_york_yankees_san_francisco_giants,Mar 25,,New York Yankees,San Francisco Giants,-117.0,82.0,18.0,81.0,19.0,,,,,,,,,,1.0,,False,,1,,,,,,,,,,,,
2026-03-22T12:57:14.910093-04:00,vsin_dk,draftkings,mlb,mlb_20260326_pittsburgh_pirates_new_york_mets,Mar 26,,Pittsburgh Pirates,New York Mets,101.0,35.0,65.0,23.0,77.0,,,,,,,,,,12.0,,False,,1,,,,,,,,,,,,
2026-03-22T12:57:14.910093-04:00,vsin_dk,draftkings,mlb,mlb_20260326_chicago_white_sox_milwaukee_brewers,Mar 26,,Chicago White Sox,Milwaukee Brewers,160.0,13.0,87.0,19.0,81.0,,,,,,,,,,6.0,,False,,1,,,,,,,,,,,,
2026-03-22T12:57:14.910093-04:00,vsin_dk,draftkings,mlb,mlb_20260326_washington_nationals_chicago_cubs,Mar 26,,Washington Nationals,Chicago Cubs,163.0,11.0,89.0,10.0,90.0,,,,,,,,,,1.0,,False,,1,,,,,,,,,,,,
2026-03-22T12:57:14.910093-04:00,vsin_dk,draftkings,mlb,mlb_20260326_minnesota_twins_baltimore_orioles,Mar 26,,Minnesota Twins,Baltimore Orioles,133.0,19.0,81.0,8.0,92.0,,,,,,,,,,11.0,,False,,1,,,,,,,,,,,,
2026-03-22T12:57:14.910093-04:00,vsin_dk,draftkings,mlb,mlb_20260326_boston_red_sox_cincinnati_reds,Mar 26,,Boston Red Sox,Cincinnati Reds,-158.0,78.0,22.0,83.0,17.0,,,,,,,,,,5.0,,False,,1,,,,,,,,,,,,
2026-03-22T12:57:14.910093-04:00,vsin_dk,draftkings,mlb,mlb_20260326_los_angeles_angels_houston_astros,Mar 26,,Los Angeles Angels,Houston Astros,155.0,13.0,87.0,13.0,87.0,,,,,,,,,,0.0,,False,,1,,,,,,,,,,,,
2026-03-22T12:57:14.910093-04:00,vsin_dk,draftkings,mlb,mlb_20260326_detroit_tigers_san_diego_padres,Mar 26,,Detroit Tigers,San Diego Padres,-138.0,68.0,32.0,83.0,17.0,,,,,,,,,,15.0,,True,,1,,,,,,,,,,,,
2026-03-22T12:57:14.910093-04:00,vsin_dk,draftkings,mlb,mlb_20260326_texas_rangers_philadelphia_phillies,Mar 26,,Texas Rangers,Philadelphia Phillies,127.0,12.0,88.0,7.0,93.0,,,,,,,,,,5.0,,False,,1,,,,,,,,,,,,
2026-03-22T12:57:14.910093-04:00,vsin_dk,draftkings,mlb,mlb_20260326_tampa_bay_rays_st_louis_cardinals,Mar 26,,Tampa Bay Rays,ST Louis Cardinals,-124.0,65.0,35.0,73.0,27.0,,,,,,,,,,8.0,,False,,1,,,,,,,,,,,,
2026-03-22T12:57:14.910093-04:00,vsin_dk,draftkings,mlb,mlb_20260326_arizona_diamondbacks_los_angeles_dodgers,Mar 26,,Arizona Diamondbacks,Los Angeles Dodgers,191.0,9.0,91.0,13.0,87.0,,,,,,,,,,4.0,,False,,1,,,,,,,,,,,,
2026-03-22T12:57:14.910093-04:00,vsin_dk,draftkings,mlb,mlb_20260326_cleveland_guardians_seattle_mariners,Mar 26,,Cleveland Guardians,Seattle Mariners,144.0,17.0,83.0,14.0,86.0,,,,,,,,,,3.0,,False,,1,,,,,,,,,,,,
2026-03-22T12:57:14.910093-04:00,vsin_dk,draftkings,mlb,mlb_20260327_athletics_toronto_blue_jays,Mar 27,,Athletics,Toronto Blue Jays,149.0,10.0,90.0,21.0,79.0,,,,,,,,,,11.0,,False,,1,,,,,,,,,,,,
2026-03-22T12:57:14.910093-04:00,vsin_dk,draftkings,mlb,mlb_20260327_colorado_rockies_miami_marlins,Mar 27,,Colorado Rockies,Miami Marlins,144.0,14.0,86.0,48.0,52.0,,,,,,,,,,34.0,,True,,1,,,,,,,,,,,,
2026-03-22T12:57:14.910093-04:00,vsin_dk,draftkings,mlb,mlb_20260327_kansas_city_royals_atlanta_braves,Mar 27,,Kansas City Royals,Atlanta Braves,125.0,21.0,79.0,38.0,62.0,,,,,,,,,,17.0,,True,,1,,,,,,,,,,,,
2026-03-22T13:06:04.545245-04:00,vsin_dk,draftkings,mlb,mlb_20260325_new_york_yankees_san_francisco_giants,Mar 25,,New York Yankees,San Francisco Giants,-117.0,82.0,18.0,81.0,19.0,,,,,,,,,,1.0,,False,,1,,,,,,,,,,,,
2026-03-22T13:06:04.545245-04:00,vsin_dk,draftkings,mlb,mlb_20260326_pittsburgh_pirates_new_york_mets,Mar 26,,Pittsburgh Pirates,New York Mets,101.0,35.0,65.0,23.0,77.0,,,,,,,,,,12.0,,False,,1,,,,,,,,,,,,
2026-03-22T13:06:04.545245-04:00,vsin_dk,draftkings,mlb,mlb_20260326_chicago_white_sox_milwaukee_brewers,Mar 26,,Chicago White Sox,Milwaukee Brewers,160.0,13.0,87.0,19.0,81.0,,,,,,,,,,6.0,,False,,1,,,,,,,,,,,,
2026-03-22T13:06:04.545245-04:00,vsin_dk,draftkings,mlb,mlb_20260326_washington_nationals_chicago_cubs,Mar 26,,Washington Nationals,Chicago Cubs,163.0,11.0,89.0,10.0,90.0,,,,,,,,,,1.0,,False,,1,,,,,,,,,,,,
2026-03-22T13:06:04.545245-04:00,vsin_dk,draftkings,mlb,mlb_20260326_minnesota_twins_baltimore_orioles,Mar 26,,Minnesota Twins,Baltimore Orioles,133.0,19.0,81.0,8.0,92.0,,,,,,,,,,11.0,,False,,1,,,,,,,,,,,,
2026-03-22T13:06:04.545245-04:00,vsin_dk,draftkings,mlb,mlb_20260326_boston_red_sox_cincinnati_reds,Mar 26,,Boston Red Sox,Cincinnati Reds,-158.0,78.0,22.0,82.0,18.0,,,,,,,,,,4.0,,False,,1,,,,,,,,,,,,
2026-03-22T13:06:04.545245-04:00,vsin_dk,draftkings,mlb,mlb_20260326_los_angeles_angels_houston_astros,Mar 26,,Los Angeles Angels,Houston Astros,155.0,13.0,87.0,13.0,87.0,,,,,,,,,,0.0,,False,,1,,,,,,,,,,,,
2026-03-22T13:06:04.545245-04:00,vsin_dk,draftkings,mlb,mlb_20260326_detroit_tigers_san_diego_padres,Mar 26,,Detroit Tigers,San Diego Padres,-138.0,68.0,32.0,83.0,17.0,,,,,,,,,,15.0,,True,,1,,,,,,,,,,,,
2026-03-22T13:06:04.545245-04:00,vsin_dk,draftkings,mlb,mlb_20260326_texas_rangers_philadelphia_phillies,Mar 26,,Texas Rangers,Philadelphia Phillies,127.0,12.0,88.0,7.0,93.0,,,,,,,,,,5.0,,False,,1,,,,,,,,,,,,
2026-03-22T13:06:04.545245-04:00,vsin_dk,draftkings,mlb,mlb_20260326_tampa_bay_rays_st_louis_cardinals,Mar 26,,Tampa Bay Rays,ST Louis Cardinals,-124.0,65.0,35.0,73.0,27.0,,,,,,,,,,8.0,,False,,1,,,,,,,,,,,,
2026-03-22T13:06:04.545245-04:00,vsin_dk,draftkings,mlb,mlb_20260326_arizona_diamondbacks_los_angeles_dodgers,Mar 26,,Arizona Diamondbacks,Los Angeles Dodgers,191.0,9.0,91.0,13.0,87.0,,,,,,,,,,4.0,,False,,1,,,,,,,,,,,,
2026-03-22T13:06:04.545245-04:00,vsin_dk,draftkings,mlb,mlb_20260326_cleveland_guardians_seattle_mariners,Mar 26,,Cleveland Guardians,Seattle Mariners,144.0,17.0,83.0,15.0,85.0,,,,,,,,,,2.0,,False,,1,,,,,,,,,,,,
2026-03-22T13:06:04.545245-04:00,vsin_dk,draftkings,mlb,mlb_20260327_athletics_toronto_blue_jays,Mar 27,,Athletics,Toronto Blue Jays,149.0,10.0,90.0,21.0,79.0,,,,,,,,,,11.0,,False,,1,,,,,,,,,,,,
2026-03-22T13:06:04.545245-04:00,vsin_dk,draftkings,mlb,mlb_20260327_colorado_rockies_miami_marlins,Mar 27,,Colorado Rockies,Miami Marlins,144.0,14.0,86.0,47.0,53.0,,,,,,,,,,33.0,,True,,1,,,,,,,,,,,,
2026-03-22T13:06:04.545245-04:00,vsin_dk,draftkings,mlb,mlb_20260327_kansas_city_royals_atlanta_braves,Mar 27,,Kansas City Royals,Atlanta Braves,125.0,21.0,79.0,38.0,62.0,,,,,,,,,,17.0,,True,,1,,,,,,,,,,,,
2026-03-22T13:20:55.056023-04:00,vsin_dk,draftkings,mlb,mlb_20260325_new_york_yankees_san_francisco_giants,Mar 25,,New York Yankees,San Francisco Giants,-117.0,82.0,18.0,81.0,19.0,,,,,,,,,,1.0,,False,,1,,,,,,,,,,,,
2026-03-22T13:20:55.056023-04:00,vsin_dk,draftkings,mlb,mlb_20260326_pittsburgh_pirates_new_york_mets,Mar 26,,Pittsburgh Pirates,New York Mets,101.0,35.0,65.0,23.0,77.0,,,,,,,,,,12.0,,False,,1,,,,,,,,,,,,
2026-03-22T13:20:55.056023-04:00,vsin_dk,draftkings,mlb,mlb_20260326_chicago_white_sox_milwaukee_brewers,Mar 26,,Chicago White Sox,Milwaukee Brewers,160.0,13.0,87.0,19.0,81.0,,,,,,,,,,6.0,,False,,1,,,,,,,,,,,,
2026-03-22T13:20:55.056023-04:00,vsin_dk,draftkings,mlb,mlb_20260326_washington_nationals_chicago_cubs,Mar 26,,Washington Nationals,Chicago Cubs,163.0,11.0,89.0,10.0,90.0,,,,,,,,,,1.0,,False,,1,,,,,,,,,,,,
2026-03-22T13:20:55.056023-04:00,vsin_dk,draftkings,mlb,mlb_20260326_minnesota_twins_baltimore_orioles,Mar 26,,Minnesota Twins,Baltimore Orioles,133.0,19.0,81.0,8.0,92.0,,,,,,,,,,11.0,,False,,1,,,,,,,,,,,,
2026-03-22T13:20:55.056023-04:00,vsin_dk,draftkings,mlb,mlb_20260326_los_angeles_angels_houston_astros,Mar 26,,Los Angeles Angels,Houston Astros,155.0,13.0,87.0,14.0,86.0,,,,,,,,,,1.0,,False,,1,,,,,,,,,,,,
2026-03-22T13:20:55.056023-04:00,vsin_dk,draftkings,mlb,mlb_20260326_detroit_tigers_san_diego_padres,Mar 26,,Detroit Tigers,San Diego Padres,-138.0,68.0,32.0,83.0,17.0,,,,,,,,,,15.0,,True,,1,,,,,,,,,,,,
2026-03-22T13:20:55.056023-04:00,vsin_dk,draftkings,mlb,mlb_20260326_boston_red_sox_cincinnati_reds,Mar 26,,Boston Red Sox,Cincinnati Reds,-158.0,78.0,22.0,83.0,17.0,,,,,,,,,,5.0,,False,,1,,,,,,,,,,,,
2026-03-22T13:20:55.056023-04:00,vsin_dk,draftkings,mlb,mlb_20260326_tampa_bay_rays_st_louis_cardinals,Mar 26,,Tampa Bay Rays,ST Louis Cardinals,-124.0,65.0,35.0,73.0,27.0,,,,,,,,,,8.0,,False,,1,,,,,,,,,,,,
2026-03-22T13:20:55.056023-04:00,vsin_dk,draftkings,mlb,mlb_20260326_texas_rangers_philadelphia_phillies,Mar 26,,Texas Rangers,Philadelphia Phillies,127.0,12.0,88.0,6.0,94.0,,,,,,,,,,6.0,,False,,1,,,,,,,,,,,,
2026-03-22T13:20:55.056023-04:00,vsin_dk,draftkings,mlb,mlb_20260326_arizona_diamondbacks_los_angeles_dodgers,Mar 26,,Arizona Diamondbacks,Los Angeles Dodgers,191.0,9.0,91.0,13.0,87.0,,,,,,,,,,4.0,,False,,1,,,,,,,,,,,,
2026-03-22T13:20:55.056023-04:00,vsin_dk,draftkings,mlb,mlb_20260326_cleveland_guardians_seattle_mariners,Mar 26,,Cleveland Guardians,Seattle Mariners,144.0,17.0,83.0,15.0,85.0,,,,,,,,,,2.0,,False,,1,,,,,,,,,,,,
2026-03-22T13:20:55.056023-04:00,vsin_dk,draftkings,mlb,mlb_20260327_athletics_toronto_blue_jays,Mar 27,,Athletics,Toronto Blue Jays,149.0,10.0,90.0,20.0,80.0,,,,,,,,,,10.0,,False,,1,,,,,,,,,,,,
2026-03-22T13:20:55.056023-04:00,vsin_dk,draftkings,mlb,mlb_20260327_colorado_rockies_miami_marlins,Mar 27,,Colorado Rockies,Miami Marlins,144.0,14.0,86.0,47.0,53.0,,,,,,,,,,33.0,,True,,1,,,,,,,,,,,,
2026-03-22T13:20:55.056023-04:00,vsin_dk,draftkings,mlb,mlb_20260327_kansas_city_royals_atlanta_braves,Mar 27,,Kansas City Royals,Atlanta Braves,125.0,21.0,79.0,38.0,62.0,,,,,,,,,,17.0,,True,,1,,,,,,,,,,,,
2026-03-22T13:35:55.413302-04:00,vsin_dk,draftkings,mlb,mlb_20260325_new_york_yankees_san_francisco_giants,Mar 25,,New York Yankees,San Francisco Giants,-117.0,82.0,18.0,81.0,19.0,,,,,,,,,,1.0,,False,,1,,,,,,,,,,,,
2026-03-22T13:35:55.413302-04:00,vsin_dk,draftkings,mlb,mlb_20260326_pittsburgh_pirates_new_york_mets,Mar 26,,Pittsburgh Pirates,New York Mets,101.0,35.0,65.0,23.0,77.0,,,,,,,,,,12.0,,False,,1,,,,,,,,,,,,
2026-03-22T13:35:55.413302-04:00,vsin_dk,draftkings,mlb,mlb_20260326_chicago_white_sox_milwaukee_brewers,Mar 26,,Chicago White Sox,Milwaukee Brewers,160.0,13.0,87.0,19.0,81.0,,,,,,,,,,6.0,,False,,1,,,,,,,,,,,,
2026-03-22T13:35:55.413302-04:00,vsin_dk,draftkings,mlb,mlb_20260326_washington_nationals_chicago_cubs,Mar 26,,Washington Nationals,Chicago Cubs,163.0,11.0,89.0,10.0,90.0,,,,,,,,,,1.0,,False,,1,,,,,,,,,,,,
2026-03-22T13:35:55.413302-04:00,vsin_dk,draftkings,mlb,mlb_20260326_minnesota_twins_baltimore_orioles,Mar 26,,Minnesota Twins,Baltimore Orioles,133.0,19.0,81.0,8.0,92.0,,,,,,,,,,11.0,,False,,1,,,,,,,,,,,,
2026-03-22T13:35:55.413302-04:00,vsin_dk,draftkings,mlb,mlb_20260326_los_angeles_angels_houston_astros,Mar 26,,Los Angeles Angels,Houston Astros,155.0,13.0,87.0,14.0,86.0,,,,,,,,,,1.0,,False,,1,,,,,,,,,,,,
2026-03-22T13:35:55.413302-04:00,vsin_dk,draftkings,mlb,mlb_20260326_detroit_tigers_san_diego_padres,Mar 26,,Detroit Tigers,San Diego Padres,-138.0,68.0,32.0,83.0,17.0,,,,,,,,,,15.0,,True,,1,,,,,,,,,,,,
2026-03-22T13:35:55.413302-04:00,vsin_dk,draftkings,mlb,mlb_20260326_boston_red_sox_cincinnati_reds,Mar 26,,Boston Red Sox,Cincinnati Reds,-158.0,78.0,22.0,83.0,17.0,,,,,,,,,,5.0,,False,,1,,,,,,,,,,,,
2026-03-22T13:35:55.413302-04:00,vsin_dk,draftkings,mlb,mlb_20260326_tampa_bay_rays_st_louis_cardinals,Mar 26,,Tampa Bay Rays,ST Louis Cardinals,-124.0,65.0,35.0,73.0,27.0,,,,,,,,,,8.0,,False,,1,,,,,,,,,,,,
2026-03-22T13:35:55.413302-04:00,vsin_dk,draftkings,mlb,mlb_20260326_texas_rangers_philadelphia_phillies,Mar 26,,Texas Rangers,Philadelphia Phillies,127.0,12.0,88.0,6.0,94.0,,,,,,,,,,6.0,,False,,1,,,,,,,,,,,,
2026-03-22T13:35:55.413302-04:00,vsin_dk,draftkings,mlb,mlb_20260326_arizona_diamondbacks_los_angeles_dodgers,Mar 26,,Arizona Diamondbacks,Los Angeles Dodgers,191.0,9.0,91.0,13.0,87.0,,,,,,,,,,4.0,,False,,1,,,,,,,,,,,,
2026-03-22T13:35:55.413302-04:00,vsin_dk,draftkings,mlb,mlb_20260326_cleveland_guardians_seattle_mariners,Mar 26,,Cleveland Guardians,Seattle Mariners,144.0,17.0,83.0,15.0,85.0,,,,,,,,,,2.0,,False,,1,,,,,,,,,,,,
2026-03-22T13:35:55.413302-04:00,vsin_dk,draftkings,mlb,mlb_20260327_athletics_toronto_blue_jays,Mar 27,,Athletics,Toronto Blue Jays,149.0,10.0,90.0,20.0,80.0,,,,,,,,,,10.0,,False,,1,,,,,,,,,,,,
2026-03-22T13:35:55.413302-04:00,vsin_dk,draftkings,mlb,mlb_20260327_colorado_rockies_miami_marlins,Mar 27,,Colorado Rockies,Miami Marlins,144.0,14.0,86.0,47.0,53.0,,,,,,,,,,33.0,,True,,1,,,,,,,,,,,,
2026-03-22T13:35:55.413302-04:00,vsin_dk,draftkings,mlb,mlb_20260327_kansas_city_royals_atlanta_braves,Mar 27,,Kansas City Royals,Atlanta Braves,125.0,21.0,79.0,38.0,62.0,,,,,,,,,,17.0,,True,,1,,,,,,,,,,,,
2026-03-22T13:52:32.120231-04:00,vsin_dk,draftkings,mlb,mlb_20260325_new_york_yankees_san_francisco_giants,Mar 25,,New York Yankees,San Francisco Giants,-117.0,82.0,18.0,81.0,19.0,,,,,,,,,,1.0,,False,,1,,,,,,,,,,,,
2026-03-22T13:52:32.120231-04:00,vsin_dk,draftkings,mlb,mlb_20260326_pittsburgh_pirates_new_york_mets,Mar 26,,Pittsburgh Pirates,New York Mets,101.0,35.0,65.0,23.0,77.0,,,,,,,,,,12.0,,False,,1,,,,,,,,,,,,
2026-03-22T13:52:32.120231-04:00,vsin_dk,draftkings,mlb,mlb_20260326_chicago_white_sox_milwaukee_brewers,Mar 26,,Chicago White Sox,Milwaukee Brewers,160.0,13.0,87.0,19.0,81.0,,,,,,,,,,6.0,,False,,1,,,,,,,,,,,,
2026-03-22T13:52:32.120231-04:00,vsin_dk,draftkings,mlb,mlb_20260326_washington_nationals_chicago_cubs,Mar 26,,Washington Nationals,Chicago Cubs,163.0,11.0,89.0,10.0,90.0,,,,,,,,,,1.0,,False,,1,,,,,,,,,,,,
2026-03-22T13:52:32.120231-04:00,vsin_dk,draftkings,mlb,mlb_20260326_minnesota_twins_baltimore_orioles,Mar 26,,Minnesota Twins,Baltimore Orioles,133.0,19.0,81.0,8.0,92.0,,,,,,,,,,11.0,,False,,1,,,,,,,,,,,,
2026-03-22T13:52:32.120231-04:00,vsin_dk,draftkings,mlb,mlb_20260326_detroit_tigers_san_diego_padres,Mar 26,,Detroit Tigers,San Diego Padres,-138.0,68.0,32.0,83.0,17.0,,,,,,,,,,15.0,,True,,1,,,,,,,,,,,,
2026-03-22T13:52:32.120231-04:00,vsin_dk,draftkings,mlb,mlb_20260326_los_angeles_angels_houston_astros,Mar 26,,Los Angeles Angels,Houston Astros,155.0,13.0,87.0,17.0,83.0,,,,,,,,,,4.0,,False,,1,,,,,,,,,,,,
2026-03-22T13:52:32.120231-04:00,vsin_dk,draftkings,mlb,mlb_20260326_boston_red_sox_cincinnati_reds,Mar 26,,Boston Red Sox,Cincinnati Reds,-158.0,79.0,21.0,83.0,17.0,,,,,,,,,,4.0,,False,,1,,,,,,,,,,,,
2026-03-22T13:52:32.120231-04:00,vsin_dk,draftkings,mlb,mlb_20260326_tampa_bay_rays_st_louis_cardinals,Mar 26,,Tampa Bay Rays,ST Louis Cardinals,-124.0,65.0,35.0,73.0,27.0,,,,,,,,,,8.0,,False,,1,,,,,,,,,,,,
2026-03-22T13:52:32.120231-04:00,vsin_dk,draftkings,mlb,mlb_20260326_texas_rangers_philadelphia_phillies,Mar 26,,Texas Rangers,Philadelphia Phillies,127.0,12.0,88.0,6.0,94.0,,,,,,,,,,6.0,,False,,1,,,,,,,,,,,,
2026-03-22T13:52:32.120231-04:00,vsin_dk,draftkings,mlb,mlb_20260326_arizona_diamondbacks_los_angeles_dodgers,Mar 26,,Arizona Diamondbacks,Los Angeles Dodgers,191.0,9.0,91.0,13.0,87.0,,,,,,,,,,4.0,,False,,1,,,,,,,,,,,,
2026-03-22T13:52:32.120231-04:00,vsin_dk,draftkings,mlb,mlb_20260326_cleveland_guardians_seattle_mariners,Mar 26,,Cleveland Guardians,Seattle Mariners,144.0,17.0,83.0,15.0,85.0,,,,,,,,,,2.0,,False,,1,,,,,,,,,,,,
2026-03-22T13:52:32.120231-04:00,vsin_dk,draftkings,mlb,mlb_20260327_athletics_toronto_blue_jays,Mar 27,,Athletics,Toronto Blue Jays,149.0,10.0,90.0,22.0,78.0,,,,,,,,,,12.0,,False,,1,,,,,,,,,,,,
2026-03-22T13:52:32.120231-04:00,vsin_dk,draftkings,mlb,mlb_20260327_colorado_rockies_miami_marlins,Mar 27,,Colorado Rockies,Miami Marlins,144.0,14.0,86.0,47.0,53.0,,,,,,,,,,33.0,,True,,1,,,,,,,,,,,,
2026-03-22T13:52:32.120231-04:00,vsin_dk,draftkings,mlb,mlb_20260327_kansas_city_royals_atlanta_braves,Mar 27,,Kansas City Royals,Atlanta Braves,125.0,20.0,80.0,37.0,63.0,,,,,,,,,,17.0,,True,,1,,,,,,,,,,,,
2026-03-22T14:06:22.554987-04:00,vsin_dk,draftkings,mlb,mlb_20260325_new_york_yankees_san_francisco_giants,Mar 25,,New York Yankees,San Francisco Giants,-117.0,82.0,18.0,81.0,19.0,,,,,,,,,,1.0,,False,,1,,,,,,,,,,,,
2026-03-22T14:06:22.554987-04:00,vsin_dk,draftkings,mlb,mlb_20260326_pittsburgh_pirates_new_york_mets,Mar 26,,Pittsburgh Pirates,New York Mets,101.0,35.0,65.0,23.0,77.0,,,,,,,,,,12.0,,False,,1,,,,,,,,,,,,
2026-03-22T14:06:22.554987-04:00,vsin_dk,draftkings,mlb,mlb_20260326_chicago_white_sox_milwaukee_brewers,Mar 26,,Chicago White Sox,Milwaukee Brewers,160.0,13.0,87.0,19.0,81.0,,,,,,,,,,6.0,,False,,1,,,,,,,,,,,,
2026-03-22T14:06:22.554987-04:00,vsin_dk,draftkings,mlb,mlb_20260326_washington_nationals_chicago_cubs,Mar 26,,Washington Nationals,Chicago Cubs,163.0,11.0,89.0,10.0,90.0,,,,,,,,,,1.0,,False,,1,,,,,,,,,,,,
2026-03-22T14:06:22.554987-04:00,vsin_dk,draftkings,mlb,mlb_20260326_minnesota_twins_baltimore_orioles,Mar 26,,Minnesota Twins,Baltimore Orioles,133.0,19.0,81.0,8.0,92.0,,,,,,,,,,11.0,,False,,1,,,,,,,,,,,,
2026-03-22T14:06:22.554987-04:00,vsin_dk,draftkings,mlb,mlb_20260326_los_angeles_angels_houston_astros,Mar 26,,Los Angeles Angels,Houston Astros,155.0,13.0,87.0,17.0,83.0,,,,,,,,,,4.0,,False,,1,,,,,,,,,,,,
2026-03-22T14:06:22.554987-04:00,vsin_dk,draftkings,mlb,mlb_20260326_detroit_tigers_san_diego_padres,Mar 26,,Detroit Tigers,San Diego Padres,-138.0,68.0,32.0,83.0,17.0,,,,,,,,,,15.0,,True,,1,,,,,,,,,,,,
2026-03-22T14:06:22.554987-04:00,vsin_dk,draftkings,mlb,mlb_20260326_boston_red_sox_cincinnati_reds,Mar 26,,Boston Red Sox,Cincinnati Reds,-158.0,79.0,21.0,83.0,17.0,,,,,,,,,,4.0,,False,,1,,,,,,,,,,,,
2026-03-22T14:06:22.554987-04:00,vsin_dk,draftkings,mlb,mlb_20260326_tampa_bay_rays_st_louis_cardinals,Mar 26,,Tampa Bay Rays,ST Louis Cardinals,-124.0,65.0,35.0,73.0,27.0,,,,,,,,,,8.0,,False,,1,,,,,,,,,,,,
2026-03-22T14:06:22.554987-04:00,vsin_dk,draftkings,mlb,mlb_20260326_texas_rangers_philadelphia_phillies,Mar 26,,Texas Rangers,Philadelphia Phillies,127.0,12.0,88.0,6.0,94.0,,,,,,,,,,6.0,,False,,1,,,,,,,,,,,,
2026-03-22T14:06:22.554987-04:00,vsin_dk,draftkings,mlb,mlb_20260326_arizona_diamondbacks_los_angeles_dodgers,Mar 26,,Arizona Diamondbacks,Los Angeles Dodgers,191.0,9.0,91.0,13.0,87.0,,,,,,,,,,4.0,,False,,1,,,,,,,,,,,,
2026-03-22T14:06:22.554987-04:00,vsin_dk,draftkings,mlb,mlb_20260326_cleveland_guardians_seattle_mariners,Mar 26,,Cleveland Guardians,Seattle Mariners,144.0,17.0,83.0,15.0,85.0,,,,,,,,,,2.0,,False,,1,,,,,,,,,,,,
2026-03-22T14:06:22.554987-04:00,vsin_dk,draftkings,mlb,mlb_20260327_athletics_toronto_blue_jays,Mar 27,,Athletics,Toronto Blue Jays,149.0,10.0,90.0,22.0,78.0,,,,,,,,,,12.0,,False,,1,,,,,,,,,,,,
2026-03-22T14:06:22.554987-04:00,vsin_dk,draftkings,mlb,mlb_20260327_colorado_rockies_miami_marlins,Mar 27,,Colorado Rockies,Miami Marlins,144.0,13.0,87.0,47.0,53.0,,,,,,,,,,34.0,,True,,1,,,,,,,,,,,,
2026-03-22T14:06:22.554987-04:00,vsin_dk,draftkings,mlb,mlb_20260327_kansas_city_royals_atlanta_braves,Mar 27,,Kansas City Royals,Atlanta Braves,125.0,20.0,80.0,37.0,63.0,,,,,,,,,,17.0,,True,,1,,,,,,,,,,,,
2026-03-22T14:26:09.484060-04:00,vsin_dk,draftkings,mlb,mlb_20260325_new_york_yankees_san_francisco_giants,Mar 25,,New York Yankees,San Francisco Giants,-117.0,82.0,18.0,81.0,19.0,7.0,,100.0,,100.0,33.0,67.0,1.0,99.0,1.0,,False,,1,,,,,,,,,,,,
2026-03-22T14:26:09.484060-04:00,vsin_dk,draftkings,mlb,mlb_20260326_pittsburgh_pirates_new_york_mets,Mar 26,,Pittsburgh Pirates,New York Mets,101.0,35.0,65.0,23.0,77.0,,,,,,,,,,12.0,,False,,1,,,,,,,,,,,,
2026-03-22T14:26:09.484060-04:00,vsin_dk,draftkings,mlb,mlb_20260326_chicago_white_sox_milwaukee_brewers,Mar 26,,Chicago White Sox,Milwaukee Brewers,160.0,13.0,87.0,19.0,81.0,,,,,,,,,,6.0,,False,,1,,,,,,,,,,,,
2026-03-22T14:26:09.484060-04:00,vsin_dk,draftkings,mlb,mlb_20260326_washington_nationals_chicago_cubs,Mar 26,,Washington Nationals,Chicago Cubs,163.0,11.0,89.0,10.0,90.0,,,,,,,,,,1.0,,False,,1,,,,,,,,,,,,
2026-03-22T14:26:09.484060-04:00,vsin_dk,draftkings,mlb,mlb_20260326_minnesota_twins_baltimore_orioles,Mar 26,,Minnesota Twins,Baltimore Orioles,133.0,19.0,81.0,8.0,92.0,,,,,,,,,,11.0,,False,,1,,,,,,,,,,,,
2026-03-22T14:26:09.484060-04:00,vsin_dk,draftkings,mlb,mlb_20260326_boston_red_sox_cincinnati_reds,Mar 26,,Boston Red Sox,Cincinnati Reds,-158.0,79.0,21.0,83.0,17.0,,,,,,,,,,4.0,,False,,1,,,,,,,,,,,,
2026-03-22T14:26:09.484060-04:00,vsin_dk,draftkings,mlb,mlb_20260326_los_angeles_angels_houston_astros,Mar 26,,Los Angeles Angels,Houston Astros,155.0,13.0,87.0,16.0,84.0,,,,,,,,,,3.0,,False,,1,,,,,,,,,,,,
2026-03-22T14:26:09.484060-04:00,vsin_dk,draftkings,mlb,mlb_20260326_detroit_tigers_san_diego_padres,Mar 26,,Detroit Tigers,San Diego Padres,-138.0,68.0,32.0,83.0,17.0,,,,,,,,,,15.0,,True,,1,,,,,,,,,,,,
2026-03-22T14:26:09.484060-04:00,vsin_dk,draftkings,mlb,mlb_20260326_texas_rangers_philadelphia_phillies,Mar 26,,Texas Rangers,Philadelphia Phillies,127.0,13.0,87.0,6.0,94.0,,,,,,,,,,7.0,,False,,1,,,,,,,,,,,,
2026-03-22T14:26:09.484060-04:00,vsin_dk,draftkings,mlb,mlb_20260326_tampa_bay_rays_st_louis_cardinals,Mar 26,,Tampa Bay Rays,ST Louis Cardinals,-124.0,65.0,35.0,73.0,27.0,,,,,,,,,,8.0,,False,,1,,,,,,,,,,,,
2026-03-22T14:26:09.484060-04:00,vsin_dk,draftkings,mlb,mlb_20260326_arizona_diamondbacks_los_angeles_dodgers,Mar 26,,Arizona Diamondbacks,Los Angeles Dodgers,191.0,9.0,91.0,13.0,87.0,,,,,,,,,,4.0,,False,,1,,,,,,,,,,,,
2026-03-22T14:26:09.484060-04:00,vsin_dk,draftkings,mlb,mlb_20260326_cleveland_guardians_seattle_mariners,Mar 26,,Cleveland Guardians,Seattle Mariners,144.0,17.0,83.0,15.0,85.0,,,,,,,,,,2.0,,False,,1,,,,,,,,,,,,
2026-03-22T14:26:09.484060-04:00,vsin_dk,draftkings,mlb,mlb_20260327_athletics_toronto_blue_jays,Mar 27,,Athletics,Toronto Blue Jays,149.0,9.0,91.0,20.0,80.0,,,,,,,,,,11.0,,False,,1,,,,,,,,,,,,
2026-03-22T14:26:09.484060-04:00,vsin_dk,draftkings,mlb,mlb_20260327_colorado_rockies_miami_marlins,Mar 27,,Colorado Rockies,Miami Marlins,144.0,14.0,86.0,47.0,53.0,,,,,,,,,,33.0,,True,,1,,,,,,,,,,,,
2026-03-22T14:26:09.484060-04:00,vsin_dk,draftkings,mlb,mlb_20260327_kansas_city_royals_atlanta_braves,Mar 27,,Kansas City Royals,Atlanta Braves,125.0,20.0,80.0,37.0,63.0,,,,,,,,,,17.0,,True,,1,,,,,,,,,,,,
2026-03-22T14:36:17.129822-04:00,vsin_dk,draftkings,mlb,mlb_20260325_new_york_yankees_san_francisco_giants,Mar 25,,New York Yankees,San Francisco Giants,-117.0,82.0,18.0,81.0,19.0,7.0,50.0,50.0,100.0,,25.0,75.0,1.0,99.0,1.0,50.0,False,True,1,,,,,,,,,,,,
2026-03-22T14:36:17.129822-04:00,vsin_dk,draftkings,mlb,mlb_20260326_pittsburgh_pirates_new_york_mets,Mar 26,,Pittsburgh Pirates,New York Mets,101.0,35.0,65.0,23.0,77.0,,,,,,,,,,12.0,,False,,1,,,,,,,,,,,,
2026-03-22T14:36:17.129822-04:00,vsin_dk,draftkings,mlb,mlb_20260326_chicago_white_sox_milwaukee_brewers,Mar 26,,Chicago White Sox,Milwaukee Brewers,160.0,13.0,87.0,18.0,82.0,,,,,,,,,,5.0,,False,,1,,,,,,,,,,,,
2026-03-22T14:36:17.129822-04:00,vsin_dk,draftkings,mlb,mlb_20260326_washington_nationals_chicago_cubs,Mar 26,,Washington Nationals,Chicago Cubs,163.0,11.0,89.0,10.0,90.0,,,,,,,,,,1.0,,False,,1,,,,,,,,,,,,
2026-03-22T14:36:17.129822-04:00,vsin_dk,draftkings,mlb,mlb_20260326_minnesota_twins_baltimore_orioles,Mar 26,,Minnesota Twins,Baltimore Orioles,133.0,19.0,81.0,8.0,92.0,,,,,,,,,,11.0,,False,,1,,,,,,,,,,,,
2026-03-22T14:36:17.129822-04:00,vsin_dk,draftkings,mlb,mlb_20260326_los_angeles_angels_houston_astros,Mar 26,,Los Angeles Angels,Houston Astros,155.0,13.0,87.0,16.0,84.0,,,,,,,,,,3.0,,False,,1,,,,,,,,,,,,
2026-03-22T14:36:17.129822-04:00,vsin_dk,draftkings,mlb,mlb_20260326_detroit_tigers_san_diego_padres,Mar 26,,Detroit Tigers,San Diego Padres,-138.0,68.0,32.0,84.0,16.0,,,,,,,,,,16.0,,True,,1,,,,,,,,,,,,
2026-03-22T14:36:17.129822-04:00,vsin_dk,draftkings,mlb,mlb_20260326_boston_red_sox_cincinnati_reds,Mar 26,,Boston Red Sox,Cincinnati Reds,-158.0,79.0,21.0,83.0,17.0,,,,,,,,,,4.0,,False,,1,,,,,,,,,,,,
2026-03-22T14:36:17.129822-04:00,vsin_dk,draftkings,mlb,mlb_20260326_tampa_bay_rays_st_louis_cardinals,Mar 26,,Tampa Bay Rays,ST Louis Cardinals,-124.0,65.0,35.0,73.0,27.0,,,,,,,,,,8.0,,False,,1,,,,,,,,,,,,
2026-03-22T14:36:17.129822-04:00,vsin_dk,draftkings,mlb,mlb_20260326_texas_rangers_philadelphia_phillies,Mar 26,,Texas Rangers,Philadelphia Phillies,127.0,13.0,87.0,6.0,94.0,,,,,,,,,,7.0,,False,,1,,,,,,,,,,,,
2026-03-22T14:36:17.129822-04:00,vsin_dk,draftkings,mlb,mlb_20260326_arizona_diamondbacks_los_angeles_dodgers,Mar 26,,Arizona Diamondbacks,Los Angeles Dodgers,191.0,9.0,91.0,13.0,87.0,,,,,,,,,,4.0,,False,,1,,,,,,,,,,,,
2026-03-22T14:36:17.129822-04:00,vsin_dk,draftkings,mlb,mlb_20260326_cleveland_guardians_seattle_mariners,Mar 26,,Cleveland Guardians,Seattle Mariners,144.0,17.0,83.0,15.0,85.0,,,,,,,,,,2.0,,False,,1,,,,,,,,,,,,
2026-03-22T14:36:17.129822-04:00,vsin_dk,draftkings,mlb,mlb_20260327_athletics_toronto_blue_jays,Mar 27,,Athletics,Toronto Blue Jays,149.0,9.0,91.0,20.0,80.0,,,,,,,,,,11.0,,False,,1,,,,,,,,,,,,
2026-03-22T14:36:17.129822-04:00,vsin_dk,draftkings,mlb,mlb_20260327_colorado_rockies_miami_marlins,Mar 27,,Colorado Rockies,Miami Marlins,144.0,13.0,87.0,47.0,53.0,,,,,,,,,,34.0,,True,,1,,,,,,,,,,,,
2026-03-22T14:36:17.129822-04:00,vsin_dk,draftkings,mlb,mlb_20260327_kansas_city_royals_atlanta_braves,Mar 27,,Kansas City Royals,Atlanta Braves,125.0,20.0,80.0,37.0,63.0,,,,,,,,,,17.0,,True,,1,,,,,,,,,,,,
2026-03-22T15:04:26.923535-04:00,vsin_dk,draftkings,mlb,mlb_20260325_new_york_yankees_san_francisco_giants,Mar 25,,New York Yankees,San Francisco Giants,-117.0,82.0,18.0,81.0,19.0,7.0,60.0,40.0,95.0,5.0,63.0,38.0,54.0,46.0,1.0,35.0,False,True,1,,,,,,,,,,,,
2026-03-22T15:04:26.923535-04:00,vsin_dk,draftkings,mlb,mlb_20260326_pittsburgh_pirates_new_york_mets,Mar 26,,Pittsburgh Pirates,New York Mets,101.0,35.0,65.0,23.0,77.0,,,,,,,,,,12.0,,False,,1,,,,,,,,,,,,
2026-03-22T15:04:26.923535-04:00,vsin_dk,draftkings,mlb,mlb_20260326_chicago_white_sox_milwaukee_brewers,Mar 26,,Chicago White Sox,Milwaukee Brewers,160.0,12.0,88.0,18.0,82.0,,,,,,,,,,6.0,,False,,1,,,,,,,,,,,,
2026-03-22T15:04:26.923535-04:00,vsin_dk,draftkings,mlb,mlb_20260326_washington_nationals_chicago_cubs,Mar 26,,Washington Nationals,Chicago Cubs,163.0,11.0,89.0,9.0,91.0,,,,,,,,,,2.0,,False,,1,,,,,,,,,,,,
2026-03-22T15:04:26.923535-04:00,vsin_dk,draftkings,mlb,mlb_20260326_minnesota_twins_baltimore_orioles,Mar 26,,Minnesota Twins,Baltimore Orioles,133.0,19.0,81.0,8.0,92.0,,,,,,,,,,11.0,,False,,1,,,,,,,,,,,,
2026-03-22T15:04:26.923535-04:00,vsin_dk,draftkings,mlb,mlb_20260326_detroit_tigers_san_diego_padres,Mar 26,,Detroit Tigers,San Diego Padres,-138.0,69.0,31.0,84.0,16.0,,,,,,,,,,15.0,,True,,1,,,,,,,,,,,,
2026-03-22T15:04:26.923535-04:00,vsin_dk,draftkings,mlb,mlb_20260326_los_angeles_angels_houston_astros,Mar 26,,Los Angeles Angels,Houston Astros,155.0,13.0,87.0,16.0,84.0,,,,,,,,,,3.0,,False,,1,,,,,,,,,,,,
2026-03-22T15:04:26.923535-04:00,vsin_dk,draftkings,mlb,mlb_20260326_boston_red_sox_cincinnati_reds,Mar 26,,Boston Red Sox,Cincinnati Reds,-158.0,79.0,21.0,83.0,17.0,,,,,,,,,,4.0,,False,,1,,,,,,,,,,,,
2026-03-22T15:04:26.923535-04:00,vsin_dk,draftkings,mlb,mlb_20260326_tampa_bay_rays_st_louis_cardinals,Mar 26,,Tampa Bay Rays,ST Louis Cardinals,-124.0,65.0,35.0,72.0,28.0,,,,,,,,,,7.0,,False,,1,,,,,,,,,,,,
2026-03-22T15:04:26.923535-04:00,vsin_dk,draftkings,mlb,mlb_20260326_texas_rangers_philadelphia_phillies,Mar 26,,Texas Rangers,Philadelphia Phillies,127.0,13.0,87.0,6.0,94.0,,,,,,,,,,7.0,,False,,1,,,,,,,,,,,,
2026-03-22T15:04:26.923535-04:00,vsin_dk,draftkings,mlb,mlb_20260326_arizona_diamondbacks_los_angeles_dodgers,Mar 26,,Arizona Diamondbacks,Los Angeles Dodgers,191.0,9.0,91.0,13.0,87.0,,,,,,,,,,4.0,,False,,1,,,,,,,,,,,,
2026-03-22T15:04:26.923535-04:00,vsin_dk,draftkings,mlb,mlb_20260326_cleveland_guardians_seattle_mariners,Mar 26,,Cleveland Guardians,Seattle Mariners,144.0,17.0,83.0,15.0,85.0,,,,,,,,,,2.0,,False,,1,,,,,,,,,,,,
2026-03-22T15:04:26.923535-04:00,vsin_dk,draftkings,mlb,mlb_20260327_athletics_toronto_blue_jays,Mar 27,,Athletics,Toronto Blue Jays,149.0,9.0,91.0,20.0,80.0,,,,,,,,,,11.0,,False,,1,,,,,,,,,,,,
2026-03-22T15:04:26.923535-04:00,vsin_dk,draftkings,mlb,mlb_20260327_colorado_rockies_miami_marlins,Mar 27,,Colorado Rockies,Miami Marlins,144.0,13.0,87.0,45.0,55.0,,,,,,,,,,32.0,,True,,1,,,,,,,,,,,,
2026-03-22T15:04:26.923535-04:00,vsin_dk,draftkings,mlb,mlb_20260327_kansas_city_royals_atlanta_braves,Mar 27,,Kansas City Royals,Atlanta Braves,125.0,19.0,81.0,37.0,63.0,,,,,,,,,,18.0,,True,,1,,,,,,,,,,,,
2026-03-22T15:29:52.391281-04:00,vsin_dk,draftkings,mlb,mlb_20260325_new_york_yankees_san_francisco_giants,Mar 25,,New York Yankees,San Francisco Giants,-117.0,82.0,18.0,81.0,19.0,7.0,60.0,40.0,95.0,5.0,67.0,33.0,55.0,45.0,1.0,35.0,False,True,1,,,,,,,,,,,,
2026-03-22T15:29:52.391281-04:00,vsin_dk,draftkings,mlb,mlb_20260326_pittsburgh_pirates_new_york_mets,Mar 26,,Pittsburgh Pirates,New York Mets,101.0,35.0,65.0,24.0,76.0,,,,,,,,,,11.0,,False,,1,,,,,,,,,,,,
2026-03-22T15:29:52.391281-04:00,vsin_dk,draftkings,mlb,mlb_20260326_chicago_white_sox_milwaukee_brewers,Mar 26,,Chicago White Sox,Milwaukee Brewers,160.0,12.0,88.0,18.0,82.0,,,,,,,,,,6.0,,False,,1,,,,,,,,,,,,
2026-03-22T15:29:52.391281-04:00,vsin_dk,draftkings,mlb,mlb_20260326_washington_nationals_chicago_cubs,Mar 26,,Washington Nationals,Chicago Cubs,163.0,11.0,89.0,10.0,90.0,,,,,,,,,,1.0,,False,,1,,,,,,,,,,,,
2026-03-22T15:29:52.391281-04:00,vsin_dk,draftkings,mlb,mlb_20260326_minnesota_twins_baltimore_orioles,Mar 26,,Minnesota Twins,Baltimore Orioles,133.0,19.0,81.0,8.0,92.0,,,,,,,,,,11.0,,False,,1,,,,,,,,,,,,
2026-03-22T15:29:52.391281-04:00,vsin_dk,draftkings,mlb,mlb_20260326_los_angeles_angels_houston_astros,Mar 26,,Los Angeles Angels,Houston Astros,155.0,13.0,87.0,16.0,84.0,,,,,,,,,,3.0,,False,,1,,,,,,,,,,,,
2026-03-22T15:29:52.391281-04:00,vsin_dk,draftkings,mlb,mlb_20260326_detroit_tigers_san_diego_padres,Mar 26,,Detroit Tigers,San Diego Padres,-138.0,69.0,31.0,84.0,16.0,,,,,,,,,,15.0,,True,,1,,,,,,,,,,,,
2026-03-22T15:29:52.391281-04:00,vsin_dk,draftkings,mlb,mlb_20260326_boston_red_sox_cincinnati_reds,Mar 26,,Boston Red Sox,Cincinnati Reds,-158.0,79.0,21.0,82.0,18.0,,,,,,,,,,3.0,,False,,1,,,,,,,,,,,,
2026-03-22T15:29:52.391281-04:00,vsin_dk,draftkings,mlb,mlb_20260326_tampa_bay_rays_st_louis_cardinals,Mar 26,,Tampa Bay Rays,ST Louis Cardinals,-124.0,65.0,35.0,72.0,28.0,,,,,,,,,,7.0,,False,,1,,,,,,,,,,,,
2026-03-22T15:29:52.391281-04:00,vsin_dk,draftkings,mlb,mlb_20260326_texas_rangers_philadelphia_phillies,Mar 26,,Texas Rangers,Philadelphia Phillies,127.0,13.0,87.0,6.0,94.0,,,,,,,,,,7.0,,False,,1,,,,,,,,,,,,
2026-03-22T15:29:52.391281-04:00,vsin_dk,draftkings,mlb,mlb_20260326_arizona_diamondbacks_los_angeles_dodgers,Mar 26,,Arizona Diamondbacks,Los Angeles Dodgers,191.0,9.0,91.0,13.0,87.0,,,,,,,,,,4.0,,False,,1,,,,,,,,,,,,
2026-03-22T15:29:52.391281-04:00,vsin_dk,draftkings,mlb,mlb_20260326_cleveland_guardians_seattle_mariners,Mar 26,,Cleveland Guardians,Seattle Mariners,144.0,17.0,83.0,15.0,85.0,,,,,,,,,,2.0,,False,,1,,,,,,,,,,,,
2026-03-22T15:29:52.391281-04:00,vsin_dk,draftkings,mlb,mlb_20260327_athletics_toronto_blue_jays,Mar 27,,Athletics,Toronto Blue Jays,149.0,9.0,91.0,20.0,80.0,,,,,,,,,,11.0,,False,,1,,,,,,,,,,,,
2026-03-22T15:29:52.391281-04:00,vsin_dk,draftkings,mlb,mlb_20260327_colorado_rockies_miami_marlins,Mar 27,,Colorado Rockies,Miami Marlins,144.0,13.0,87.0,45.0,55.0,,,,,,,,,,32.0,,True,,1,,,,,,,,,,,,
2026-03-22T15:29:52.391281-04:00,vsin_dk,draftkings,mlb,mlb_20260327_kansas_city_royals_atlanta_braves,Mar 27,,Kansas City Royals,Atlanta Braves,125.0,20.0,80.0,37.0,63.0,,,,,,,,,,17.0,,True,,1,,,,,,,,,,,,
2026-03-22T15:49:15.854878-04:00,vsin_dk,draftkings,mlb,mlb_20260325_new_york_yankees_san_francisco_giants,Mar 25,,New York Yankees,San Francisco Giants,-117.0,82.0,18.0,81.0,19.0,7.0,75.0,25.0,97.0,3.0,70.0,30.0,73.0,27.0,1.0,22.0,False,True,1,,,,,,,,,,,,
2026-03-22T15:49:15.854878-04:00,vsin_dk,draftkings,mlb,mlb_20260326_pittsburgh_pirates_new_york_mets,Mar 26,,Pittsburgh Pirates,New York Mets,101.0,35.0,65.0,24.0,76.0,,,,,,,,,,11.0,,False,,1,,,,,,,,,,,,
2026-03-22T15:49:15.854878-04:00,vsin_dk,draftkings,mlb,mlb_20260326_chicago_white_sox_milwaukee_brewers,Mar 26,,Chicago White Sox,Milwaukee Brewers,160.0,12.0,88.0,18.0,82.0,,,,,,,,,,6.0,,False,,1,,,,,,,,,,,,
2026-03-22T15:49:15.854878-04:00,vsin_dk,draftkings,mlb,mlb_20260326_washington_nationals_chicago_cubs,Mar 26,,Washington Nationals,Chicago Cubs,163.0,11.0,89.0,10.0,90.0,,,,,,,,,,1.0,,False,,1,,,,,,,,,,,,
2026-03-22T15:49:15.854878-04:00,vsin_dk,draftkings,mlb,mlb_20260326_minnesota_twins_baltimore_orioles,Mar 26,,Minnesota Twins,Baltimore Orioles,133.0,19.0,81.0,8.0,92.0,,,,,,,,,,11.0,,False,,1,,,,,,,,,,,,
2026-03-22T15:49:15.854878-04:00,vsin_dk,draftkings,mlb,mlb_20260326_boston_red_sox_cincinnati_reds,Mar 26,,Boston Red Sox,Cincinnati Reds,-158.0,79.0,21.0,81.0,19.0,,,,,,,,,,2.0,,False,,1,,,,,,,,,,,,
2026-03-22T15:49:15.854878-04:00,vsin_dk,draftkings,mlb,mlb_20260326_los_angeles_angels_houston_astros,Mar 26,,Los Angeles Angels,Houston Astros,155.0,13.0,87.0,16.0,84.0,,,,,,,,,,3.0,,False,,1,,,,,,,,,,,,
2026-03-22T15:49:15.854878-04:00,vsin_dk,draftkings,mlb,mlb_20260326_detroit_tigers_san_diego_padres,Mar 26,,Detroit Tigers,San Diego Padres,-138.0,69.0,31.0,84.0,16.0,,,,,,,,,,15.0,,True,,1,,,,,,,,,,,,
2026-03-22T15:49:15.854878-04:00,vsin_dk,draftkings,mlb,mlb_20260326_texas_rangers_philadelphia_phillies,Mar 26,,Texas Rangers,Philadelphia Phillies,127.0,13.0,87.0,6.0,94.0,,,,,,,,,,7.0,,False,,1,,,,,,,,,,,,
2026-03-22T15:49:15.854878-04:00,vsin_dk,draftkings,mlb,mlb_20260326_tampa_bay_rays_st_louis_cardinals,Mar 26,,Tampa Bay Rays,ST Louis Cardinals,-124.0,65.0,35.0,72.0,28.0,,,,,,,,,,7.0,,False,,1,,,,,,,,,,,,
2026-03-22T15:49:15.854878-04:00,vsin_dk,draftkings,mlb,mlb_20260326_arizona_diamondbacks_los_angeles_dodgers,Mar 26,,Arizona Diamondbacks,Los Angeles Dodgers,191.0,9.0,91.0,13.0,87.0,,,,,,,,,,4.0,,False,,1,,,,,,,,,,,,
2026-03-22T15:49:15.854878-04:00,vsin_dk,draftkings,mlb,mlb_20260326_cleveland_guardians_seattle_mariners,Mar 26,,Cleveland Guardians,Seattle Mariners,144.0,17.0,83.0,15.0,85.0,,,,,,,,,,2.0,,False,,1,,,,,,,,,,,,
2026-03-22T15:49:15.854878-04:00,vsin_dk,draftkings,mlb,mlb_20260327_athletics_toronto_blue_jays,Mar 27,,Athletics,Toronto Blue Jays,149.0,9.0,91.0,20.0,80.0,,,,,,,,,,11.0,,False,,1,,,,,,,,,,,,
2026-03-22T15:49:15.854878-04:00,vsin_dk,draftkings,mlb,mlb_20260327_colorado_rockies_miami_marlins,Mar 27,,Colorado Rockies,Miami Marlins,144.0,14.0,86.0,45.0,55.0,,,,,,,,,,31.0,,True,,1,,,,,,,,,,,,
2026-03-22T15:49:15.854878-04:00,vsin_dk,draftkings,mlb,mlb_20260327_kansas_city_royals_atlanta_braves,Mar 27,,Kansas City Royals,Atlanta Braves,125.0,19.0,81.0,37.0,63.0,,,,,,,,,,18.0,,True,,1,,,,,,,,,,,,
2026-03-22T16:05:58.840875-04:00,vsin_dk,draftkings,mlb,mlb_20260325_new_york_yankees_san_francisco_giants,Mar 25,,New York Yankees,San Francisco Giants,-117.0,82.0,18.0,81.0,19.0,7.0,78.0,22.0,97.0,3.0,73.0,27.0,73.0,27.0,1.0,19.0,False,True,1,,,,,,,,,,,,
2026-03-22T16:05:58.840875-04:00,vsin_dk,draftkings,mlb,mlb_20260326_pittsburgh_pirates_new_york_mets,Mar 26,,Pittsburgh Pirates,New York Mets,101.0,35.0,65.0,25.0,75.0,,,,,,,,,,10.0,,False,,1,,,,,,,,,,,,
2026-03-22T16:05:58.840875-04:00,vsin_dk,draftkings,mlb,mlb_20260326_chicago_white_sox_milwaukee_brewers,Mar 26,,Chicago White Sox,Milwaukee Brewers,160.0,12.0,88.0,18.0,82.0,,,,,,,,,,6.0,,False,,1,,,,,,,,,,,,
2026-03-22T16:05:58.840875-04:00,vsin_dk,draftkings,mlb,mlb_20260326_washington_nationals_chicago_cubs,Mar 26,,Washington Nationals,Chicago Cubs,163.0,11.0,89.0,10.0,90.0,,,,,,,,,,1.0,,False,,1,,,,,,,,,,,,
2026-03-22T16:05:58.840875-04:00,vsin_dk,draftkings,mlb,mlb_20260326_minnesota_twins_baltimore_orioles,Mar 26,,Minnesota Twins,Baltimore Orioles,133.0,19.0,81.0,8.0,92.0,,,,,,,,,,11.0,,False,,1,,,,,,,,,,,,
2026-03-22T16:05:58.840875-04:00,vsin_dk,draftkings,mlb,mlb_20260326_los_angeles_angels_houston_astros,Mar 26,,Los Angeles Angels,Houston Astros,155.0,13.0,87.0,16.0,84.0,,,,,,,,,,3.0,,False,,1,,,,,,,,,,,,
2026-03-22T16:05:58.840875-04:00,vsin_dk,draftkings,mlb,mlb_20260326_detroit_tigers_san_diego_padres,Mar 26,,Detroit Tigers,San Diego Padres,-138.0,69.0,31.0,84.0,16.0,,,,,,,,,,15.0,,True,,1,,,,,,,,,,,,
2026-03-22T16:05:58.840875-04:00,vsin_dk,draftkings,mlb,mlb_20260326_boston_red_sox_cincinnati_reds,Mar 26,,Boston Red Sox,Cincinnati Reds,-158.0,79.0,21.0,82.0,18.0,,,,,,,,,,3.0,,False,,1,,,,,,,,,,,,
2026-03-22T16:05:58.840875-04:00,vsin_dk,draftkings,mlb,mlb_20260326_tampa_bay_rays_st_louis_cardinals,Mar 26,,Tampa Bay Rays,ST Louis Cardinals,-124.0,65.0,35.0,72.0,28.0,,,,,,,,,,7.0,,False,,1,,,,,,,,,,,,
2026-03-22T16:05:58.840875-04:00,vsin_dk,draftkings,mlb,mlb_20260326_texas_rangers_philadelphia_phillies,Mar 26,,Texas Rangers,Philadelphia Phillies,127.0,12.0,88.0,6.0,94.0,,,,,,,,,,6.0,,False,,1,,,,,,,,,,,,
2026-03-22T16:05:58.840875-04:00,vsin_dk,draftkings,mlb,mlb_20260326_arizona_diamondbacks_los_angeles_dodgers,Mar 26,,Arizona Diamondbacks,Los Angeles Dodgers,191.0,9.0,91.0,12.0,88.0,,,,,,,,,,3.0,,False,,1,,,,,,,,,,,,
2026-03-22T16:05:58.840875-04:00,vsin_dk,draftkings,mlb,mlb_20260326_cleveland_guardians_seattle_mariners,Mar 26,,Cleveland Guardians,Seattle Mariners,144.0,17.0,83.0,15.0,85.0,,,,,,,,,,2.0,,False,,1,,,,,,,,,,,,
2026-03-22T16:05:58.840875-04:00,vsin_dk,draftkings,mlb,mlb_20260327_athletics_toronto_blue_jays,Mar 27,,Athletics,Toronto Blue Jays,149.0,9.0,91.0,15.0,85.0,,,,,,,,,,6.0,,False,,1,,,,,,,,,,,,
2026-03-22T16:05:58.840875-04:00,vsin_dk,draftkings,mlb,mlb_20260327_colorado_rockies_miami_marlins,Mar 27,,Colorado Rockies,Miami Marlins,144.0,14.0,86.0,46.0,54.0,,,,,,,,,,32.0,,True,,1,,,,,,,,,,,,
2026-03-22T16:05:58.840875-04:00,vsin_dk,draftkings,mlb,mlb_20260327_kansas_city_royals_atlanta_braves,Mar 27,,Kansas City Royals,Atlanta Braves,125.0,19.0,81.0,30.0,70.0,,,,,,,,,,11.0,,False,,1,,,,,,,,,,,,
2026-03-22T16:18:44.679671-04:00,vsin_dk,draftkings,mlb,mlb_20260325_new_york_yankees_san_francisco_giants,Mar 25,,New York Yankees,San Francisco Giants,-117.0,82.0,18.0,81.0,19.0,7.0,80.0,20.0,98.0,2.0,79.0,21.0,75.0,25.0,1.0,18.0,False,True,1,,,,,,,,,,,,
2026-03-22T16:18:44.679671-04:00,vsin_dk,draftkings,mlb,mlb_20260326_pittsburgh_pirates_new_york_mets,Mar 26,,Pittsburgh Pirates,New York Mets,101.0,35.0,65.0,25.0,75.0,,,,,,,,,,10.0,,False,,1,,,,,,,,,,,,
2026-03-22T16:18:44.679671-04:00,vsin_dk,draftkings,mlb,mlb_20260326_chicago_white_sox_milwaukee_brewers,Mar 26,,Chicago White Sox,Milwaukee Brewers,160.0,12.0,88.0,18.0,82.0,,,,,,,,,,6.0,,False,,1,,,,,,,,,,,,
2026-03-22T16:18:44.679671-04:00,vsin_dk,draftkings,mlb,mlb_20260326_washington_nationals_chicago_cubs,Mar 26,,Washington Nationals,Chicago Cubs,163.0,11.0,89.0,10.0,90.0,,,,,,,,,,1.0,,False,,1,,,,,,,,,,,,
2026-03-22T16:18:44.679671-04:00,vsin_dk,draftkings,mlb,mlb_20260326_minnesota_twins_baltimore_orioles,Mar 26,,Minnesota Twins,Baltimore Orioles,133.0,19.0,81.0,8.0,92.0,,,,,,,,,,11.0,,False,,1,,,,,,,,,,,,
2026-03-22T16:18:44.679671-04:00,vsin_dk,draftkings,mlb,mlb_20260326_boston_red_sox_cincinnati_reds,Mar 26,,Boston Red Sox,Cincinnati Reds,-158.0,79.0,21.0,82.0,18.0,,,,,,,,,,3.0,,False,,1,,,,,,,,,,,,
2026-03-22T16:18:44.679671-04:00,vsin_dk,draftkings,mlb,mlb_20260326_los_angeles_angels_houston_astros,Mar 26,,Los Angeles Angels,Houston Astros,155.0,13.0,87.0,16.0,84.0,,,,,,,,,,3.0,,False,,1,,,,,,,,,,,,
2026-03-22T16:18:44.679671-04:00,vsin_dk,draftkings,mlb,mlb_20260326_detroit_tigers_san_diego_padres,Mar 26,,Detroit Tigers,San Diego Padres,-138.0,69.0,31.0,84.0,16.0,,,,,,,,,,15.0,,True,,1,,,,,,,,,,,,
2026-03-22T16:18:44.679671-04:00,vsin_dk,draftkings,mlb,mlb_20260326_texas_rangers_philadelphia_phillies,Mar 26,,Texas Rangers,Philadelphia Phillies,127.0,12.0,88.0,6.0,94.0,,,,,,,,,,6.0,,False,,1,,,,,,,,,,,,
2026-03-22T16:18:44.679671-04:00,vsin_dk,draftkings,mlb,mlb_20260326_tampa_bay_rays_st_louis_cardinals,Mar 26,,Tampa Bay Rays,ST Louis Cardinals,-124.0,65.0,35.0,72.0,28.0,,,,,,,,,,7.0,,False,,1,,,,,,,,,,,,
2026-03-22T16:18:44.679671-04:00,vsin_dk,draftkings,mlb,mlb_20260326_arizona_diamondbacks_los_angeles_dodgers,Mar 26,,Arizona Diamondbacks,Los Angeles Dodgers,191.0,9.0,91.0,12.0,88.0,,,,,,,,,,3.0,,False,,1,,,,,,,,,,,,
2026-03-22T16:18:44.679671-04:00,vsin_dk,draftkings,mlb,mlb_20260326_cleveland_guardians_seattle_mariners,Mar 26,,Cleveland Guardians,Seattle Mariners,144.0,17.0,83.0,15.0,85.0,,,,,,,,,,2.0,,False,,1,,,,,,,,,,,,
2026-03-22T16:18:44.679671-04:00,vsin_dk,draftkings,mlb,mlb_20260327_athletics_toronto_blue_jays,Mar 27,,Athletics,Toronto Blue Jays,149.0,9.0,91.0,15.0,85.0,,,,,,,,,,6.0,,False,,1,,,,,,,,,,,,
2026-03-22T16:18:44.679671-04:00,vsin_dk,draftkings,mlb,mlb_20260327_colorado_rockies_miami_marlins,Mar 27,,Colorado Rockies,Miami Marlins,144.0,14.0,86.0,45.0,55.0,,,,,,,,,,31.0,,True,,1,,,,,,,,,,,,
2026-03-22T16:18:44.679671-04:00,vsin_dk,draftkings,mlb,mlb_20260327_kansas_city_royals_atlanta_braves,Mar 27,,Kansas City Royals,Atlanta Braves,125.0,19.0,81.0,30.0,70.0,,,,,,,,,,11.0,,False,,1,,,,,,,,,,,,
2026-03-22T16:35:28.982264-04:00,vsin_dk,draftkings,mlb,mlb_20260325_new_york_yankees_san_francisco_giants,Mar 25,,New York Yankees,San Francisco Giants,-117.0,82.0,18.0,81.0,19.0,7.0,67.0,33.0,94.0,6.0,79.0,21.0,75.0,25.0,1.0,27.0,False,True,1,,,,,,,,,,,,
2026-03-22T16:35:28.982264-04:00,vsin_dk,draftkings,mlb,mlb_20260326_pittsburgh_pirates_new_york_mets,Mar 26,,Pittsburgh Pirates,New York Mets,101.0,36.0,64.0,26.0,74.0,,,,,,,,,,10.0,,False,,1,,,,,,,,,,,,
2026-03-22T16:35:28.982264-04:00,vsin_dk,draftkings,mlb,mlb_20260326_chicago_white_sox_milwaukee_brewers,Mar 26,,Chicago White Sox,Milwaukee Brewers,160.0,12.0,88.0,18.0,82.0,,,,,,,,,,6.0,,False,,1,,,,,,,,,,,,
2026-03-22T16:35:28.982264-04:00,vsin_dk,draftkings,mlb,mlb_20260326_washington_nationals_chicago_cubs,Mar 26,,Washington Nationals,Chicago Cubs,163.0,11.0,89.0,10.0,90.0,,,,,,,,,,1.0,,False,,1,,,,,,,,,,,,
2026-03-22T16:35:28.982264-04:00,vsin_dk,draftkings,mlb,mlb_20260326_minnesota_twins_baltimore_orioles,Mar 26,,Minnesota Twins,Baltimore Orioles,133.0,18.0,82.0,8.0,92.0,,,,,,,,,,10.0,,False,,1,,,,,,,,,,,,
2026-03-22T16:35:28.982264-04:00,vsin_dk,draftkings,mlb,mlb_20260326_boston_red_sox_cincinnati_reds,Mar 26,,Boston Red Sox,Cincinnati Reds,-158.0,79.0,21.0,81.0,19.0,,,,,,,,,,2.0,,False,,1,,,,,,,,,,,,
2026-03-22T16:35:28.982264-04:00,vsin_dk,draftkings,mlb,mlb_20260326_detroit_tigers_san_diego_padres,Mar 26,,Detroit Tigers,San Diego Padres,-138.0,69.0,31.0,83.0,17.0,,,,,,,,,,14.0,,False,,1,,,,,,,,,,,,
2026-03-22T16:35:28.982264-04:00,vsin_dk,draftkings,mlb,mlb_20260326_los_angeles_angels_houston_astros,Mar 26,,Los Angeles Angels,Houston Astros,155.0,13.0,87.0,16.0,84.0,,,,,,,,,,3.0,,False,,1,,,,,,,,,,,,
2026-03-22T16:35:28.982264-04:00,vsin_dk,draftkings,mlb,mlb_20260326_texas_rangers_philadelphia_phillies,Mar 26,,Texas Rangers,Philadelphia Phillies,127.0,13.0,87.0,6.0,94.0,,,,,,,,,,7.0,,False,,1,,,,,,,,,,,,
2026-03-22T16:35:28.982264-04:00,vsin_dk,draftkings,mlb,mlb_20260326_tampa_bay_rays_st_louis_cardinals,Mar 26,,Tampa Bay Rays,ST Louis Cardinals,-124.0,65.0,35.0,72.0,28.0,,,,,,,,,,7.0,,False,,1,,,,,,,,,,,,
2026-03-22T16:35:28.982264-04:00,vsin_dk,draftkings,mlb,mlb_20260326_arizona_diamondbacks_los_angeles_dodgers,Mar 26,,Arizona Diamondbacks,Los Angeles Dodgers,191.0,9.0,91.0,12.0,88.0,,,,,,,,,,3.0,,False,,1,,,,,,,,,,,,
2026-03-22T16:35:28.982264-04:00,vsin_dk,draftkings,mlb,mlb_20260326_cleveland_guardians_seattle_mariners,Mar 26,,Cleveland Guardians,Seattle Mariners,144.0,17.0,83.0,15.0,85.0,,,,,,,,,,2.0,,False,,1,,,,,,,,,,,,
2026-03-22T16:35:28.982264-04:00,vsin_dk,draftkings,mlb,mlb_20260327_athletics_toronto_blue_jays,Mar 27,,Athletics,Toronto Blue Jays,149.0,9.0,91.0,15.0,85.0,,,,,,,,,,6.0,,False,,1,,,,,,,,,,,,
2026-03-22T16:35:28.982264-04:00,vsin_dk,draftkings,mlb,mlb_20260327_colorado_rockies_miami_marlins,Mar 27,,Colorado Rockies,Miami Marlins,144.0,14.0,86.0,47.0,53.0,,,,,,,,,,33.0,,True,,1,,,,,,,,,,,,
2026-03-22T16:35:28.982264-04:00,vsin_dk,draftkings,mlb,mlb_20260327_kansas_city_royals_atlanta_braves,Mar 27,,Kansas City Royals,Atlanta Braves,125.0,19.0,81.0,30.0,70.0,,,,,,,,,,11.0,,False,,1,,,,,,,,,,,,
2026-03-22T16:54:01.097871-04:00,vsin_dk,draftkings,mlb,mlb_20260325_new_york_yankees_san_francisco_giants,Mar 25,,New York Yankees,San Francisco Giants,-117.0,82.0,18.0,81.0,19.0,7.0,67.0,33.0,94.0,6.0,80.0,20.0,78.0,22.0,1.0,27.0,False,True,1,,,,,,,,,,,,
2026-03-22T16:54:01.097871-04:00,vsin_dk,draftkings,mlb,mlb_20260326_pittsburgh_pirates_new_york_mets,Mar 26,,Pittsburgh Pirates,New York Mets,101.0,36.0,64.0,26.0,74.0,,,,,,,,,,10.0,,False,,1,,,,,,,,,,,,
2026-03-22T16:54:01.097871-04:00,vsin_dk,draftkings,mlb,mlb_20260326_chicago_white_sox_milwaukee_brewers,Mar 26,,Chicago White Sox,Milwaukee Brewers,160.0,12.0,88.0,18.0,82.0,,,,,,,,,,6.0,,False,,1,,,,,,,,,,,,
2026-03-22T16:54:01.097871-04:00,vsin_dk,draftkings,mlb,mlb_20260326_washington_nationals_chicago_cubs,Mar 26,,Washington Nationals,Chicago Cubs,163.0,11.0,89.0,10.0,90.0,,,,,,,,,,1.0,,False,,1,,,,,,,,,,,,
2026-03-22T16:54:01.097871-04:00,vsin_dk,draftkings,mlb,mlb_20260326_minnesota_twins_baltimore_orioles,Mar 26,,Minnesota Twins,Baltimore Orioles,127.0,18.0,82.0,8.0,92.0,,,,,,,,,,10.0,,False,,1,,,,,,,,,,,,
2026-03-22T16:54:01.097871-04:00,vsin_dk,draftkings,mlb,mlb_20260326_boston_red_sox_cincinnati_reds,Mar 26,,Boston Red Sox,Cincinnati Reds,-158.0,79.0,21.0,81.0,19.0,,,,,,,,,,2.0,,False,,1,,,,,,,,,,,,
2026-03-22T16:54:01.097871-04:00,vsin_dk,draftkings,mlb,mlb_20260326_detroit_tigers_san_diego_padres,Mar 26,,Detroit Tigers,San Diego Padres,-138.0,69.0,31.0,83.0,17.0,,,,,,,,,,14.0,,False,,1,,,,,,,,,,,,
2026-03-22T16:54:01.097871-04:00,vsin_dk,draftkings,mlb,mlb_20260326_los_angeles_angels_houston_astros,Mar 26,,Los Angeles Angels,Houston Astros,155.0,13.0,87.0,16.0,84.0,,,,,,,,,,3.0,,False,,1,,,,,,,,,,,,
2026-03-22T16:54:01.097871-04:00,vsin_dk,draftkings,mlb,mlb_20260326_texas_rangers_philadelphia_phillies,Mar 26,,Texas Rangers,Philadelphia Phillies,127.0,13.0,87.0,7.0,93.0,,,,,,,,,,6.0,,False,,1,,,,,,,,,,,,
2026-03-22T16:54:01.097871-04:00,vsin_dk,draftkings,mlb,mlb_20260326_tampa_bay_rays_st_louis_cardinals,Mar 26,,Tampa Bay Rays,ST Louis Cardinals,-124.0,65.0,35.0,72.0,28.0,,,,,,,,,,7.0,,False,,1,,,,,,,,,,,,
2026-03-22T16:54:01.097871-04:00,vsin_dk,draftkings,mlb,mlb_20260326_arizona_diamondbacks_los_angeles_dodgers,Mar 26,,Arizona Diamondbacks,Los Angeles Dodgers,191.0,9.0,91.0,12.0,88.0,,,,,,,,,,3.0,,False,,1,,,,,,,,,,,,
2026-03-22T16:54:01.097871-04:00,vsin_dk,draftkings,mlb,mlb_20260326_cleveland_guardians_seattle_mariners,Mar 26,,Cleveland Guardians,Seattle Mariners,144.0,17.0,83.0,15.0,85.0,,,,,,,,,,2.0,,False,,1,,,,,,,,,,,,
2026-03-22T16:54:01.097871-04:00,vsin_dk,draftkings,mlb,mlb_20260327_athletics_toronto_blue_jays,Mar 27,,Athletics,Toronto Blue Jays,149.0,9.0,91.0,15.0,85.0,,,,,,,,,,6.0,,False,,1,,,,,,,,,,,,
2026-03-22T16:54:01.097871-04:00,vsin_dk,draftkings,mlb,mlb_20260327_colorado_rockies_miami_marlins,Mar 27,,Colorado Rockies,Miami Marlins,144.0,14.0,86.0,47.0,53.0,,,,,,,,,,33.0,,True,,1,,,,,,,,,,,,
2026-03-22T16:54:01.097871-04:00,vsin_dk,draftkings,mlb,mlb_20260327_kansas_city_royals_atlanta_braves,Mar 27,,Kansas City Royals,Atlanta Braves,125.0,19.0,81.0,30.0,70.0,,,,,,,,,,11.0,,False,,1,,,,,,,,,,,,
2026-03-22T17:05:55.076692-04:00,vsin_dk,draftkings,mlb,mlb_20260325_new_york_yankees_san_francisco_giants,Mar 25,,New York Yankees,San Francisco Giants,-117.0,82.0,18.0,81.0,19.0,7.0,69.0,31.0,95.0,5.0,81.0,19.0,78.0,22.0,1.0,26.0,False,True,1,,,,,,,,,,,,
2026-03-22T17:05:55.076692-04:00,vsin_dk,draftkings,mlb,mlb_20260326_pittsburgh_pirates_new_york_mets,Mar 26,,Pittsburgh Pirates,New York Mets,101.0,36.0,64.0,26.0,74.0,,,,,,,,,,10.0,,False,,1,,,,,,,,,,,,
2026-03-22T17:05:55.076692-04:00,vsin_dk,draftkings,mlb,mlb_20260326_chicago_white_sox_milwaukee_brewers,Mar 26,,Chicago White Sox,Milwaukee Brewers,160.0,12.0,88.0,18.0,82.0,,,,,,,,,,6.0,,False,,1,,,,,,,,,,,,
2026-03-22T17:05:55.076692-04:00,vsin_dk,draftkings,mlb,mlb_20260326_washington_nationals_chicago_cubs,Mar 26,,Washington Nationals,Chicago Cubs,163.0,11.0,89.0,10.0,90.0,,,,,,,,,,1.0,,False,,1,,,,,,,,,,,,
2026-03-22T17:05:55.076692-04:00,vsin_dk,draftkings,mlb,mlb_20260326_minnesota_twins_baltimore_orioles,Mar 26,,Minnesota Twins,Baltimore Orioles,127.0,18.0,82.0,8.0,92.0,,,,,,,,,,10.0,,False,,1,,,,,,,,,,,,
2026-03-22T17:05:55.076692-04:00,vsin_dk,draftkings,mlb,mlb_20260326_boston_red_sox_cincinnati_reds,Mar 26,,Boston Red Sox,Cincinnati Reds,-158.0,79.0,21.0,81.0,19.0,,,,,,,,,,2.0,,False,,1,,,,,,,,,,,,
2026-03-22T17:05:55.076692-04:00,vsin_dk,draftkings,mlb,mlb_20260326_los_angeles_angels_houston_astros,Mar 26,,Los Angeles Angels,Houston Astros,155.0,13.0,87.0,16.0,84.0,,,,,,,,,,3.0,,False,,1,,,,,,,,,,,,
2026-03-22T17:05:55.076692-04:00,vsin_dk,draftkings,mlb,mlb_20260326_detroit_tigers_san_diego_padres,Mar 26,,Detroit Tigers,San Diego Padres,-138.0,69.0,31.0,83.0,17.0,,,,,,,,,,14.0,,False,,1,,,,,,,,,,,,
2026-03-22T17:05:55.076692-04:00,vsin_dk,draftkings,mlb,mlb_20260326_texas_rangers_philadelphia_phillies,Mar 26,,Texas Rangers,Philadelphia Phillies,127.0,13.0,87.0,7.0,93.0,,,,,,,,,,6.0,,False,,1,,,,,,,,,,,,
2026-03-22T17:05:55.076692-04:00,vsin_dk,draftkings,mlb,mlb_20260326_tampa_bay_rays_st_louis_cardinals,Mar 26,,Tampa Bay Rays,ST Louis Cardinals,-124.0,65.0,35.0,72.0,28.0,,,,,,,,,,7.0,,False,,1,,,,,,,,,,,,
2026-03-22T17:05:55.076692-04:00,vsin_dk,draftkings,mlb,mlb_20260326_arizona_diamondbacks_los_angeles_dodgers,Mar 26,,Arizona Diamondbacks,Los Angeles Dodgers,191.0,9.0,91.0,12.0,88.0,,,,,,,,,,3.0,,False,,1,,,,,,,,,,,,
2026-03-22T17:05:55.076692-04:00,vsin_dk,draftkings,mlb,mlb_20260326_cleveland_guardians_seattle_mariners,Mar 26,,Cleveland Guardians,Seattle Mariners,144.0,17.0,83.0,15.0,85.0,,,,,,,,,,2.0,,False,,1,,,,,,,,,,,,
2026-03-22T17:05:55.076692-04:00,vsin_dk,draftkings,mlb,mlb_20260327_athletics_toronto_blue_jays,Mar 27,,Athletics,Toronto Blue Jays,149.0,9.0,91.0,15.0,85.0,,,,,,,,,,6.0,,False,,1,,,,,,,,,,,,
2026-03-22T17:05:55.076692-04:00,vsin_dk,draftkings,mlb,mlb_20260327_colorado_rockies_miami_marlins,Mar 27,,Colorado Rockies,Miami Marlins,144.0,14.0,86.0,47.0,53.0,,,,,,,,,,33.0,,True,,1,,,,,,,,,,,,
2026-03-22T17:05:55.076692-04:00,vsin_dk,draftkings,mlb,mlb_20260327_kansas_city_royals_atlanta_braves,Mar 27,,Kansas City Royals,Atlanta Braves,125.0,19.0,81.0,30.0,70.0,,,,,,,,,,11.0,,False,,1,,,,,,,,,,,,
2026-03-22T17:21:07.627629-04:00,vsin_dk,draftkings,mlb,mlb_20260325_new_york_yankees_san_francisco_giants,Mar 25,,New York Yankees,San Francisco Giants,-117.0,82.0,18.0,81.0,19.0,7.0,67.0,33.0,93.0,7.0,80.0,20.0,80.0,20.0,1.0,26.0,False,True,1,,,,,,,,,,,,
2026-03-22T17:21:07.627629-04:00,vsin_dk,draftkings,mlb,mlb_20260326_pittsburgh_pirates_new_york_mets,Mar 26,,Pittsburgh Pirates,New York Mets,101.0,36.0,64.0,26.0,74.0,,,,,,,,,,10.0,,False,,1,,,,,,,,,,,,
2026-03-22T17:21:07.627629-04:00,vsin_dk,draftkings,mlb,mlb_20260326_chicago_white_sox_milwaukee_brewers,Mar 26,,Chicago White Sox,Milwaukee Brewers,160.0,12.0,88.0,18.0,82.0,,,,,,,,,,6.0,,False,,1,,,,,,,,,,,,
2026-03-22T17:21:07.627629-04:00,vsin_dk,draftkings,mlb,mlb_20260326_washington_nationals_chicago_cubs,Mar 26,,Washington Nationals,Chicago Cubs,163.0,11.0,89.0,10.0,90.0,,,,,,,,,,1.0,,False,,1,,,,,,,,,,,,
2026-03-22T17:21:07.627629-04:00,vsin_dk,draftkings,mlb,mlb_20260326_minnesota_twins_baltimore_orioles,Mar 26,,Minnesota Twins,Baltimore Orioles,127.0,18.0,82.0,8.0,92.0,,,,,,,,,,10.0,,False,,1,,,,,,,,,,,,
2026-03-22T17:21:07.627629-04:00,vsin_dk,draftkings,mlb,mlb_20260326_boston_red_sox_cincinnati_reds,Mar 26,,Boston Red Sox,Cincinnati Reds,-158.0,79.0,21.0,81.0,19.0,,,,,,,,,,2.0,,False,,1,,,,,,,,,,,,
2026-03-22T17:21:07.627629-04:00,vsin_dk,draftkings,mlb,mlb_20260326_los_angeles_angels_houston_astros,Mar 26,,Los Angeles Angels,Houston Astros,155.0,13.0,87.0,16.0,84.0,,,,,,,,,,3.0,,False,,1,,,,,,,,,,,,
2026-03-22T17:21:07.627629-04:00,vsin_dk,draftkings,mlb,mlb_20260326_detroit_tigers_san_diego_padres,Mar 26,,Detroit Tigers,San Diego Padres,-138.0,69.0,31.0,84.0,16.0,,,,,,,,,,15.0,,True,,1,,,,,,,,,,,,
2026-03-22T17:21:07.627629-04:00,vsin_dk,draftkings,mlb,mlb_20260326_texas_rangers_philadelphia_phillies,Mar 26,,Texas Rangers,Philadelphia Phillies,127.0,13.0,87.0,7.0,93.0,,,,,,,,,,6.0,,False,,1,,,,,,,,,,,,
2026-03-22T17:21:07.627629-04:00,vsin_dk,draftkings,mlb,mlb_20260326_tampa_bay_rays_st_louis_cardinals,Mar 26,,Tampa Bay Rays,ST Louis Cardinals,-124.0,65.0,35.0,72.0,28.0,,,,,,,,,,7.0,,False,,1,,,,,,,,,,,,
2026-03-22T17:21:07.627629-04:00,vsin_dk,draftkings,mlb,mlb_20260326_arizona_diamondbacks_los_angeles_dodgers,Mar 26,,Arizona Diamondbacks,Los Angeles Dodgers,191.0,9.0,91.0,12.0,88.0,,,,,,,,,,3.0,,False,,1,,,,,,,,,,,,
2026-03-22T17:21:07.627629-04:00,vsin_dk,draftkings,mlb,mlb_20260326_cleveland_guardians_seattle_mariners,Mar 26,,Cleveland Guardians,Seattle Mariners,144.0,17.0,83.0,15.0,85.0,,,,,,,,,,2.0,,False,,1,,,,,,,,,,,,
2026-03-22T17:21:07.627629-04:00,vsin_dk,draftkings,mlb,mlb_20260327_athletics_toronto_blue_jays,Mar 27,,Athletics,Toronto Blue Jays,149.0,9.0,91.0,15.0,85.0,,,,,,,,,,6.0,,False,,1,,,,,,,,,,,,
2026-03-22T17:21:07.627629-04:00,vsin_dk,draftkings,mlb,mlb_20260327_colorado_rockies_miami_marlins,Mar 27,,Colorado Rockies,Miami Marlins,144.0,14.0,86.0,36.0,64.0,,,,,,,,,,22.0,,True,,1,,,,,,,,,,,,
2026-03-22T17:21:07.627629-04:00,vsin_dk,draftkings,mlb,mlb_20260327_kansas_city_royals_atlanta_braves,Mar 27,,Kansas City Royals,Atlanta Braves,125.0,19.0,81.0,29.0,71.0,,,,,,,,,,10.0,,False,,1,,,,,,,,,,,,
2026-03-22T17:35:26.854048-04:00,vsin_dk,draftkings,mlb,mlb_20260325_new_york_yankees_san_francisco_giants,Mar 25,,New York Yankees,San Francisco Giants,-117.0,82.0,18.0,81.0,19.0,7.0,67.0,33.0,93.0,7.0,80.0,20.0,80.0,20.0,1.0,26.0,False,True,1,,,,,,,,,,,,
2026-03-22T17:35:26.854048-04:00,vsin_dk,draftkings,mlb,mlb_20260326_pittsburgh_pirates_new_york_mets,Mar 26,,Pittsburgh Pirates,New York Mets,101.0,36.0,64.0,26.0,74.0,,,,,,,,,,10.0,,False,,1,,,,,,,,,,,,
2026-03-22T17:35:26.854048-04:00,vsin_dk,draftkings,mlb,mlb_20260326_chicago_white_sox_milwaukee_brewers,Mar 26,,Chicago White Sox,Milwaukee Brewers,160.0,12.0,88.0,18.0,82.0,,,,,,,,,,6.0,,False,,1,,,,,,,,,,,,
2026-03-22T17:35:26.854048-04:00,vsin_dk,draftkings,mlb,mlb_20260326_washington_nationals_chicago_cubs,Mar 26,,Washington Nationals,Chicago Cubs,163.0,11.0,89.0,10.0,90.0,,,,,,,,,,1.0,,False,,1,,,,,,,,,,,,
2026-03-22T17:35:26.854048-04:00,vsin_dk,draftkings,mlb,mlb_20260326_minnesota_twins_baltimore_orioles,Mar 26,,Minnesota Twins,Baltimore Orioles,127.0,18.0,82.0,8.0,92.0,,,,,,,,,,10.0,,False,,1,,,,,,,,,,,,
2026-03-22T17:35:26.854048-04:00,vsin_dk,draftkings,mlb,mlb_20260326_boston_red_sox_cincinnati_reds,Mar 26,,Boston Red Sox,Cincinnati Reds,-158.0,79.0,21.0,81.0,19.0,,,,,,,,,,2.0,,False,,1,,,,,,,,,,,,
2026-03-22T17:35:26.854048-04:00,vsin_dk,draftkings,mlb,mlb_20260326_detroit_tigers_san_diego_padres,Mar 26,,Detroit Tigers,San Diego Padres,-138.0,69.0,31.0,84.0,16.0,,,,,,,,,,15.0,,True,,1,,,,,,,,,,,,
2026-03-22T17:35:26.854048-04:00,vsin_dk,draftkings,mlb,mlb_20260326_los_angeles_angels_houston_astros,Mar 26,,Los Angeles Angels,Houston Astros,155.0,13.0,87.0,16.0,84.0,,,,,,,,,,3.0,,False,,1,,,,,,,,,,,,
2026-03-22T17:35:26.854048-04:00,vsin_dk,draftkings,mlb,mlb_20260326_texas_rangers_philadelphia_phillies,Mar 26,,Texas Rangers,Philadelphia Phillies,127.0,13.0,87.0,7.0,93.0,,,,,,,,,,6.0,,False,,1,,,,,,,,,,,,
2026-03-22T17:35:26.854048-04:00,vsin_dk,draftkings,mlb,mlb_20260326_tampa_bay_rays_st_louis_cardinals,Mar 26,,Tampa Bay Rays,ST Louis Cardinals,-124.0,65.0,35.0,72.0,28.0,,,,,,,,,,7.0,,False,,1,,,,,,,,,,,,
2026-03-22T17:35:26.854048-04:00,vsin_dk,draftkings,mlb,mlb_20260326_arizona_diamondbacks_los_angeles_dodgers,Mar 26,,Arizona Diamondbacks,Los Angeles Dodgers,191.0,9.0,91.0,12.0,88.0,,,,,,,,,,3.0,,False,,1,,,,,,,,,,,,
2026-03-22T17:35:26.854048-04:00,vsin_dk,draftkings,mlb,mlb_20260326_cleveland_guardians_seattle_mariners,Mar 26,,Cleveland Guardians,Seattle Mariners,144.0,17.0,83.0,16.0,84.0,,,,,,,,,,1.0,,False,,1,,,,,,,,,,,,
2026-03-22T17:35:26.854048-04:00,vsin_dk,draftkings,mlb,mlb_20260327_athletics_toronto_blue_jays,Mar 27,,Athletics,Toronto Blue Jays,149.0,9.0,91.0,15.0,85.0,,,,,,,,,,6.0,,False,,1,,,,,,,,,,,,
2026-03-22T17:35:26.854048-04:00,vsin_dk,draftkings,mlb,mlb_20260327_colorado_rockies_miami_marlins,Mar 27,,Colorado Rockies,Miami Marlins,144.0,13.0,87.0,36.0,64.0,,,,,,,,,,23.0,,True,,1,,,,,,,,,,,,
2026-03-22T17:35:26.854048-04:00,vsin_dk,draftkings,mlb,mlb_20260327_kansas_city_royals_atlanta_braves,Mar 27,,Kansas City Royals,Atlanta Braves,125.0,19.0,81.0,29.0,71.0,,,,,,,,,,10.0,,False,,1,,,,,,,,,,,,
2026-03-22T17:51:02.580258-04:00,vsin_dk,draftkings,mlb,mlb_20260325_new_york_yankees_san_francisco_giants,Mar 25,,New York Yankees,San Francisco Giants,-117.0,82.0,18.0,81.0,19.0,7.0,67.0,33.0,93.0,7.0,80.0,20.0,80.0,20.0,1.0,26.0,False,True,1,,,,,,,,,,,,
2026-03-22T17:51:02.580258-04:00,vsin_dk,draftkings,mlb,mlb_20260326_pittsburgh_pirates_new_york_mets,Mar 26,,Pittsburgh Pirates,New York Mets,101.0,36.0,64.0,26.0,74.0,,,,,,,,,,10.0,,False,,1,,,,,,,,,,,,
2026-03-22T17:51:02.580258-04:00,vsin_dk,draftkings,mlb,mlb_20260326_chicago_white_sox_milwaukee_brewers,Mar 26,,Chicago White Sox,Milwaukee Brewers,160.0,12.0,88.0,18.0,82.0,,,,,,,,,,6.0,,False,,1,,,,,,,,,,,,
2026-03-22T17:51:02.580258-04:00,vsin_dk,draftkings,mlb,mlb_20260326_washington_nationals_chicago_cubs,Mar 26,,Washington Nationals,Chicago Cubs,163.0,11.0,89.0,10.0,90.0,,,,,,,,,,1.0,,False,,1,,,,,,,,,,,,
2026-03-22T17:51:02.580258-04:00,vsin_dk,draftkings,mlb,mlb_20260326_minnesota_twins_baltimore_orioles,Mar 26,,Minnesota Twins,Baltimore Orioles,127.0,18.0,82.0,8.0,92.0,,,,,,,,,,10.0,,False,,1,,,,,,,,,,,,
2026-03-22T17:51:02.580258-04:00,vsin_dk,draftkings,mlb,mlb_20260326_los_angeles_angels_houston_astros,Mar 26,,Los Angeles Angels,Houston Astros,155.0,13.0,87.0,16.0,84.0,,,,,,,,,,3.0,,False,,1,,,,,,,,,,,,
2026-03-22T17:51:02.580258-04:00,vsin_dk,draftkings,mlb,mlb_20260326_detroit_tigers_san_diego_padres,Mar 26,,Detroit Tigers,San Diego Padres,-138.0,69.0,31.0,84.0,16.0,,,,,,,,,,15.0,,True,,1,,,,,,,,,,,,
2026-03-22T17:51:02.580258-04:00,vsin_dk,draftkings,mlb,mlb_20260326_boston_red_sox_cincinnati_reds,Mar 26,,Boston Red Sox,Cincinnati Reds,-158.0,79.0,21.0,81.0,19.0,,,,,,,,,,2.0,,False,,1,,,,,,,,,,,,
2026-03-22T17:51:02.580258-04:00,vsin_dk,draftkings,mlb,mlb_20260326_tampa_bay_rays_st_louis_cardinals,Mar 26,,Tampa Bay Rays,ST Louis Cardinals,-124.0,65.0,35.0,72.0,28.0,,,,,,,,,,7.0,,False,,1,,,,,,,,,,,,
2026-03-22T17:51:02.580258-04:00,vsin_dk,draftkings,mlb,mlb_20260326_texas_rangers_philadelphia_phillies,Mar 26,,Texas Rangers,Philadelphia Phillies,127.0,13.0,87.0,7.0,93.0,,,,,,,,,,6.0,,False,,1,,,,,,,,,,,,
2026-03-22T17:51:02.580258-04:00,vsin_dk,draftkings,mlb,mlb_20260326_arizona_diamondbacks_los_angeles_dodgers,Mar 26,,Arizona Diamondbacks,Los Angeles Dodgers,191.0,9.0,91.0,12.0,88.0,,,,,,,,,,3.0,,False,,1,,,,,,,,,,,,
2026-03-22T17:51:02.580258-04:00,vsin_dk,draftkings,mlb,mlb_20260326_cleveland_guardians_seattle_mariners,Mar 26,,Cleveland Guardians,Seattle Mariners,144.0,17.0,83.0,16.0,84.0,,,,,,,,,,1.0,,False,,1,,,,,,,,,,,,
2026-03-22T17:51:02.580258-04:00,vsin_dk,draftkings,mlb,mlb_20260327_athletics_toronto_blue_jays,Mar 27,,Athletics,Toronto Blue Jays,149.0,9.0,91.0,15.0,85.0,,,,,,,,,,6.0,,False,,1,,,,,,,,,,,,
2026-03-22T17:51:02.580258-04:00,vsin_dk,draftkings,mlb,mlb_20260327_colorado_rockies_miami_marlins,Mar 27,,Colorado Rockies,Miami Marlins,144.0,14.0,86.0,36.0,64.0,,,,,,,,,,22.0,,True,,1,,,,,,,,,,,,
2026-03-22T17:51:02.580258-04:00,vsin_dk,draftkings,mlb,mlb_20260327_kansas_city_royals_atlanta_braves,Mar 27,,Kansas City Royals,Atlanta Braves,125.0,19.0,81.0,29.0,71.0,,,,,,,,,,10.0,,False,,1,,,,,,,,,,,,
2026-03-22T18:06:21.951960-04:00,vsin_dk,draftkings,mlb,mlb_20260325_new_york_yankees_san_francisco_giants,Mar 25,,New York Yankees,San Francisco Giants,-117.0,82.0,18.0,81.0,19.0,7.0,67.0,33.0,80.0,20.0,83.0,17.0,81.0,19.0,1.0,13.0,False,False,1,,,,,,,,,,,,
2026-03-22T18:06:21.951960-04:00,vsin_dk,draftkings,mlb,mlb_20260326_pittsburgh_pirates_new_york_mets,Mar 26,,Pittsburgh Pirates,New York Mets,101.0,36.0,64.0,26.0,74.0,,,,,,,,,,10.0,,False,,1,,,,,,,,,,,,
2026-03-22T18:06:21.951960-04:00,vsin_dk,draftkings,mlb,mlb_20260326_chicago_white_sox_milwaukee_brewers,Mar 26,,Chicago White Sox,Milwaukee Brewers,160.0,12.0,88.0,18.0,82.0,,,,,,,,,,6.0,,False,,1,,,,,,,,,,,,
2026-03-22T18:06:21.951960-04:00,vsin_dk,draftkings,mlb,mlb_20260326_washington_nationals_chicago_cubs,Mar 26,,Washington Nationals,Chicago Cubs,163.0,11.0,89.0,10.0,90.0,,,,,,,,,,1.0,,False,,1,,,,,,,,,,,,
2026-03-22T18:06:21.951960-04:00,vsin_dk,draftkings,mlb,mlb_20260326_minnesota_twins_baltimore_orioles,Mar 26,,Minnesota Twins,Baltimore Orioles,127.0,18.0,82.0,8.0,92.0,,,,,,,,,,10.0,,False,,1,,,,,,,,,,,,
2026-03-22T18:06:21.951960-04:00,vsin_dk,draftkings,mlb,mlb_20260326_detroit_tigers_san_diego_padres,Mar 26,,Detroit Tigers,San Diego Padres,-138.0,69.0,31.0,84.0,16.0,,,,,,,,,,15.0,,True,,1,,,,,,,,,,,,
2026-03-22T18:06:21.951960-04:00,vsin_dk,draftkings,mlb,mlb_20260326_los_angeles_angels_houston_astros,Mar 26,,Los Angeles Angels,Houston Astros,155.0,13.0,87.0,16.0,84.0,,,,,,,,,,3.0,,False,,1,,,,,,,,,,,,
2026-03-22T18:06:21.951960-04:00,vsin_dk,draftkings,mlb,mlb_20260326_boston_red_sox_cincinnati_reds,Mar 26,,Boston Red Sox,Cincinnati Reds,-158.0,79.0,21.0,81.0,19.0,,,,,,,,,,2.0,,False,,1,,,,,,,,,,,,
2026-03-22T18:06:21.951960-04:00,vsin_dk,draftkings,mlb,mlb_20260326_tampa_bay_rays_st_louis_cardinals,Mar 26,,Tampa Bay Rays,ST Louis Cardinals,-124.0,65.0,35.0,72.0,28.0,,,,,,,,,,7.0,,False,,1,,,,,,,,,,,,
2026-03-22T18:06:21.951960-04:00,vsin_dk,draftkings,mlb,mlb_20260326_texas_rangers_philadelphia_phillies,Mar 26,,Texas Rangers,Philadelphia Phillies,127.0,13.0,87.0,7.0,93.0,,,,,,,,,,6.0,,False,,1,,,,,,,,,,,,
2026-03-22T18:06:21.951960-04:00,vsin_dk,draftkings,mlb,mlb_20260326_arizona_diamondbacks_los_angeles_dodgers,Mar 26,,Arizona Diamondbacks,Los Angeles Dodgers,191.0,9.0,91.0,12.0,88.0,,,,,,,,,,3.0,,False,,1,,,,,,,,,,,,
2026-03-22T18:06:21.951960-04:00,vsin_dk,draftkings,mlb,mlb_20260326_cleveland_guardians_seattle_mariners,Mar 26,,Cleveland Guardians,Seattle Mariners,144.0,17.0,83.0,16.0,84.0,,,,,,,,,,1.0,,False,,1,,,,,,,,,,,,
2026-03-22T18:06:21.951960-04:00,vsin_dk,draftkings,mlb,mlb_20260327_athletics_toronto_blue_jays,Mar 27,,Athletics,Toronto Blue Jays,149.0,9.0,91.0,15.0,85.0,,,,,,,,,,6.0,,False,,1,,,,,,,,,,,,
2026-03-22T18:06:21.951960-04:00,vsin_dk,draftkings,mlb,mlb_20260327_colorado_rockies_miami_marlins,Mar 27,,Colorado Rockies,Miami Marlins,144.0,14.0,86.0,36.0,64.0,,,,,,,,,,22.0,,True,,1,,,,,,,,,,,,
2026-03-22T18:06:21.951960-04:00,vsin_dk,draftkings,mlb,mlb_20260327_kansas_city_royals_atlanta_braves,Mar 27,,Kansas City Royals,Atlanta Braves,125.0,19.0,81.0,29.0,71.0,,,,,,,,,,10.0,,False,,1,,,,,,,,,,,,
2026-03-22T18:19:20.620443-04:00,vsin_dk,draftkings,mlb,mlb_20260325_new_york_yankees_san_francisco_giants,Mar 25,,New York Yankees,San Francisco Giants,-117.0,82.0,18.0,81.0,19.0,7.0,68.0,32.0,80.0,20.0,84.0,16.0,83.0,17.0,1.0,12.0,False,False,1,,,,,,,,,,,,
2026-03-22T18:19:20.620443-04:00,vsin_dk,draftkings,mlb,mlb_20260326_pittsburgh_pirates_new_york_mets,Mar 26,,Pittsburgh Pirates,New York Mets,101.0,36.0,64.0,26.0,74.0,,,,,,,,,,10.0,,False,,1,,,,,,,,,,,,
2026-03-22T18:19:20.620443-04:00,vsin_dk,draftkings,mlb,mlb_20260326_chicago_white_sox_milwaukee_brewers,Mar 26,,Chicago White Sox,Milwaukee Brewers,160.0,12.0,88.0,18.0,82.0,,,,,,,,,,6.0,,False,,1,,,,,,,,,,,,
2026-03-22T18:19:20.620443-04:00,vsin_dk,draftkings,mlb,mlb_20260326_washington_nationals_chicago_cubs,Mar 26,,Washington Nationals,Chicago Cubs,163.0,11.0,89.0,10.0,90.0,,,,,,,,,,1.0,,False,,1,,,,,,,,,,,,
2026-03-22T18:19:20.620443-04:00,vsin_dk,draftkings,mlb,mlb_20260326_minnesota_twins_baltimore_orioles,Mar 26,,Minnesota Twins,Baltimore Orioles,127.0,18.0,82.0,8.0,92.0,,,,,,,,,,10.0,,False,,1,,,,,,,,,,,,
2026-03-22T18:19:20.620443-04:00,vsin_dk,draftkings,mlb,mlb_20260326_los_angeles_angels_houston_astros,Mar 26,,Los Angeles Angels,Houston Astros,155.0,13.0,87.0,16.0,84.0,,,,,,,,,,3.0,,False,,1,,,,,,,,,,,,
2026-03-22T18:19:20.620443-04:00,vsin_dk,draftkings,mlb,mlb_20260326_detroit_tigers_san_diego_padres,Mar 26,,Detroit Tigers,San Diego Padres,-138.0,69.0,31.0,84.0,16.0,,,,,,,,,,15.0,,True,,1,,,,,,,,,,,,
2026-03-22T18:19:20.620443-04:00,vsin_dk,draftkings,mlb,mlb_20260326_boston_red_sox_cincinnati_reds,Mar 26,,Boston Red Sox,Cincinnati Reds,-158.0,79.0,21.0,81.0,19.0,,,,,,,,,,2.0,,False,,1,,,,,,,,,,,,
2026-03-22T18:19:20.620443-04:00,vsin_dk,draftkings,mlb,mlb_20260326_tampa_bay_rays_st_louis_cardinals,Mar 26,,Tampa Bay Rays,ST Louis Cardinals,-124.0,66.0,34.0,72.0,28.0,,,,,,,,,,6.0,,False,,1,,,,,,,,,,,,
2026-03-22T18:19:20.620443-04:00,vsin_dk,draftkings,mlb,mlb_20260326_texas_rangers_philadelphia_phillies,Mar 26,,Texas Rangers,Philadelphia Phillies,127.0,13.0,87.0,7.0,93.0,,,,,,,,,,6.0,,False,,1,,,,,,,,,,,,
2026-03-22T18:19:20.620443-04:00,vsin_dk,draftkings,mlb,mlb_20260326_arizona_diamondbacks_los_angeles_dodgers,Mar 26,,Arizona Diamondbacks,Los Angeles Dodgers,191.0,9.0,91.0,12.0,88.0,,,,,,,,,,3.0,,False,,1,,,,,,,,,,,,
2026-03-22T18:19:20.620443-04:00,vsin_dk,draftkings,mlb,mlb_20260326_cleveland_guardians_seattle_mariners,Mar 26,,Cleveland Guardians,Seattle Mariners,144.0,17.0,83.0,16.0,84.0,,,,,,,,,,1.0,,False,,1,,,,,,,,,,,,
2026-03-22T18:19:20.620443-04:00,vsin_dk,draftkings,mlb,mlb_20260327_athletics_toronto_blue_jays,Mar 27,,Athletics,Toronto Blue Jays,149.0,9.0,91.0,15.0,85.0,,,,,,,,,,6.0,,False,,1,,,,,,,,,,,,
2026-03-22T18:19:20.620443-04:00,vsin_dk,draftkings,mlb,mlb_20260327_colorado_rockies_miami_marlins,Mar 27,,Colorado Rockies,Miami Marlins,144.0,14.0,86.0,36.0,64.0,,,,,,,,,,22.0,,True,,1,,,,,,,,,,,,
2026-03-22T18:19:20.620443-04:00,vsin_dk,draftkings,mlb,mlb_20260327_kansas_city_royals_atlanta_braves,Mar 27,,Kansas City Royals,Atlanta Braves,125.0,19.0,81.0,30.0,70.0,,,,,,,,,,11.0,,False,,1,,,,,,,,,,,,
2026-03-22T18:36:59.458027-04:00,vsin_dk,draftkings,mlb,mlb_20260325_new_york_yankees_san_francisco_giants,Mar 25,,New York Yankees,San Francisco Giants,-117.0,82.0,18.0,81.0,19.0,7.0,65.0,35.0,68.0,32.0,81.0,19.0,83.0,17.0,1.0,3.0,False,False,1,,,,,,,,,,,,
2026-03-22T18:36:59.458027-04:00,vsin_dk,draftkings,mlb,mlb_20260326_pittsburgh_pirates_new_york_mets,Mar 26,,Pittsburgh Pirates,New York Mets,101.0,36.0,64.0,26.0,74.0,,,,,,,,,,10.0,,False,,1,,,,,,,,,,,,
2026-03-22T18:36:59.458027-04:00,vsin_dk,draftkings,mlb,mlb_20260326_chicago_white_sox_milwaukee_brewers,Mar 26,,Chicago White Sox,Milwaukee Brewers,160.0,12.0,88.0,18.0,82.0,,,,,,,,,,6.0,,False,,1,,,,,,,,,,,,
2026-03-22T18:36:59.458027-04:00,vsin_dk,draftkings,mlb,mlb_20260326_washington_nationals_chicago_cubs,Mar 26,,Washington Nationals,Chicago Cubs,163.0,11.0,89.0,10.0,90.0,,,,,,,,,,1.0,,False,,1,,,,,,,,,,,,
2026-03-22T18:36:59.458027-04:00,vsin_dk,draftkings,mlb,mlb_20260326_minnesota_twins_baltimore_orioles,Mar 26,,Minnesota Twins,Baltimore Orioles,127.0,18.0,82.0,8.0,92.0,,,,,,,,,,10.0,,False,,1,,,,,,,,,,,,
2026-03-22T18:36:59.458027-04:00,vsin_dk,draftkings,mlb,mlb_20260326_boston_red_sox_cincinnati_reds,Mar 26,,Boston Red Sox,Cincinnati Reds,-158.0,79.0,21.0,81.0,19.0,,,,,,,,,,2.0,,False,,1,,,,,,,,,,,,
2026-03-22T18:36:59.458027-04:00,vsin_dk,draftkings,mlb,mlb_20260326_los_angeles_angels_houston_astros,Mar 26,,Los Angeles Angels,Houston Astros,155.0,13.0,87.0,16.0,84.0,,,,,,,,,,3.0,,False,,1,,,,,,,,,,,,
2026-03-22T18:36:59.458027-04:00,vsin_dk,draftkings,mlb,mlb_20260326_detroit_tigers_san_diego_padres,Mar 26,,Detroit Tigers,San Diego Padres,-138.0,69.0,31.0,84.0,16.0,,,,,,,,,,15.0,,True,,1,,,,,,,,,,,,
2026-03-22T18:36:59.458027-04:00,vsin_dk,draftkings,mlb,mlb_20260326_texas_rangers_philadelphia_phillies,Mar 26,,Texas Rangers,Philadelphia Phillies,127.0,13.0,87.0,7.0,93.0,,,,,,,,,,6.0,,False,,1,,,,,,,,,,,,
2026-03-22T18:36:59.458027-04:00,vsin_dk,draftkings,mlb,mlb_20260326_tampa_bay_rays_st_louis_cardinals,Mar 26,,Tampa Bay Rays,ST Louis Cardinals,-124.0,66.0,34.0,72.0,28.0,,,,,,,,,,6.0,,False,,1,,,,,,,,,,,,
2026-03-22T18:36:59.458027-04:00,vsin_dk,draftkings,mlb,mlb_20260326_arizona_diamondbacks_los_angeles_dodgers,Mar 26,,Arizona Diamondbacks,Los Angeles Dodgers,191.0,9.0,91.0,13.0,87.0,,,,,,,,,,4.0,,False,,1,,,,,,,,,,,,
2026-03-22T18:36:59.458027-04:00,vsin_dk,draftkings,mlb,mlb_20260326_cleveland_guardians_seattle_mariners,Mar 26,,Cleveland Guardians,Seattle Mariners,144.0,17.0,83.0,16.0,84.0,,,,,,,,,,1.0,,False,,1,,,,,,,,,,,,
2026-03-22T18:36:59.458027-04:00,vsin_dk,draftkings,mlb,mlb_20260327_athletics_toronto_blue_jays,Mar 27,,Athletics,Toronto Blue Jays,149.0,9.0,91.0,15.0,85.0,,,,,,,,,,6.0,,False,,1,,,,,,,,,,,,
2026-03-22T18:36:59.458027-04:00,vsin_dk,draftkings,mlb,mlb_20260327_colorado_rockies_miami_marlins,Mar 27,,Colorado Rockies,Miami Marlins,144.0,14.0,86.0,36.0,64.0,,,,,,,,,,22.0,,True,,1,,,,,,,,,,,,
2026-03-22T18:36:59.458027-04:00,vsin_dk,draftkings,mlb,mlb_20260327_kansas_city_royals_atlanta_braves,Mar 27,,Kansas City Royals,Atlanta Braves,125.0,19.0,81.0,30.0,70.0,,,,,,,,,,11.0,,False,,1,,,,,,,,,,,,
2026-03-22T18:54:14.204780-04:00,vsin_dk,draftkings,mlb,mlb_20260325_new_york_yankees_san_francisco_giants,Mar 25,,New York Yankees,San Francisco Giants,-117.0,83.0,17.0,81.0,19.0,7.0,68.0,32.0,68.0,32.0,82.0,18.0,84.0,16.0,2.0,0.0,False,False,1,,,,,,,,,,,,
2026-03-22T18:54:14.204780-04:00,vsin_dk,draftkings,mlb,mlb_20260326_pittsburgh_pirates_new_york_mets,Mar 26,,Pittsburgh Pirates,New York Mets,101.0,36.0,64.0,26.0,74.0,,,,,,,,,,10.0,,False,,1,,,,,,,,,,,,
2026-03-22T18:54:14.204780-04:00,vsin_dk,draftkings,mlb,mlb_20260326_chicago_white_sox_milwaukee_brewers,Mar 26,,Chicago White Sox,Milwaukee Brewers,160.0,12.0,88.0,18.0,82.0,,,,,,,,,,6.0,,False,,1,,,,,,,,,,,,
2026-03-22T18:54:14.204780-04:00,vsin_dk,draftkings,mlb,mlb_20260326_washington_nationals_chicago_cubs,Mar 26,,Washington Nationals,Chicago Cubs,163.0,11.0,89.0,10.0,90.0,,,,,,,,,,1.0,,False,,1,,,,,,,,,,,,
2026-03-22T18:54:14.204780-04:00,vsin_dk,draftkings,mlb,mlb_20260326_minnesota_twins_baltimore_orioles,Mar 26,,Minnesota Twins,Baltimore Orioles,127.0,18.0,82.0,8.0,92.0,,,,,,,,,,10.0,,False,,1,,,,,,,,,,,,
2026-03-22T18:54:14.204780-04:00,vsin_dk,draftkings,mlb,mlb_20260326_los_angeles_angels_houston_astros,Mar 26,,Los Angeles Angels,Houston Astros,155.0,13.0,87.0,16.0,84.0,,,,,,,,,,3.0,,False,,1,,,,,,,,,,,,
2026-03-22T18:54:14.204780-04:00,vsin_dk,draftkings,mlb,mlb_20260326_detroit_tigers_san_diego_padres,Mar 26,,Detroit Tigers,San Diego Padres,-138.0,69.0,31.0,84.0,16.0,,,,,,,,,,15.0,,True,,1,,,,,,,,,,,,
2026-03-22T18:54:14.204780-04:00,vsin_dk,draftkings,mlb,mlb_20260326_boston_red_sox_cincinnati_reds,Mar 26,,Boston Red Sox,Cincinnati Reds,-158.0,79.0,21.0,81.0,19.0,,,,,,,,,,2.0,,False,,1,,,,,,,,,,,,
2026-03-22T18:54:14.204780-04:00,vsin_dk,draftkings,mlb,mlb_20260326_tampa_bay_rays_st_louis_cardinals,Mar 26,,Tampa Bay Rays,ST Louis Cardinals,-124.0,66.0,34.0,72.0,28.0,,,,,,,,,,6.0,,False,,1,,,,,,,,,,,,
2026-03-22T18:54:14.204780-04:00,vsin_dk,draftkings,mlb,mlb_20260326_texas_rangers_philadelphia_phillies,Mar 26,,Texas Rangers,Philadelphia Phillies,127.0,13.0,87.0,7.0,93.0,,,,,,,,,,6.0,,False,,1,,,,,,,,,,,,
2026-03-22T18:54:14.204780-04:00,vsin_dk,draftkings,mlb,mlb_20260326_arizona_diamondbacks_los_angeles_dodgers,Mar 26,,Arizona Diamondbacks,Los Angeles Dodgers,191.0,9.0,91.0,13.0,87.0,,,,,,,,,,4.0,,False,,1,,,,,,,,,,,,
2026-03-22T18:54:14.204780-04:00,vsin_dk,draftkings,mlb,mlb_20260326_cleveland_guardians_seattle_mariners,Mar 26,,Cleveland Guardians,Seattle Mariners,144.0,17.0,83.0,16.0,84.0,,,,,,,,,,1.0,,False,,1,,,,,,,,,,,,
2026-03-22T18:54:14.204780-04:00,vsin_dk,draftkings,mlb,mlb_20260327_athletics_toronto_blue_jays,Mar 27,,Athletics,Toronto Blue Jays,149.0,9.0,91.0,15.0,85.0,,,,,,,,,,6.0,,False,,1,,,,,,,,,,,,
2026-03-22T18:54:14.204780-04:00,vsin_dk,draftkings,mlb,mlb_20260327_colorado_rockies_miami_marlins,Mar 27,,Colorado Rockies,Miami Marlins,144.0,14.0,86.0,36.0,64.0,,,,,,,,,,22.0,,True,,1,,,,,,,,,,,,
2026-03-22T18:54:14.204780-04:00,vsin_dk,draftkings,mlb,mlb_20260327_kansas_city_royals_atlanta_braves,Mar 27,,Kansas City Royals,Atlanta Braves,125.0,19.0,81.0,30.0,70.0,,,,,,,,,,11.0,,False,,1,,,,,,,,,,,,
2026-03-22T19:05:54.937562-04:00,vsin_dk,draftkings,mlb,mlb_20260325_new_york_yankees_san_francisco_giants,Mar 25,,New York Yankees,San Francisco Giants,-117.0,83.0,17.0,81.0,19.0,7.0,67.0,33.0,87.0,13.0,79.0,21.0,84.0,16.0,2.0,20.0,False,True,1,,,,,,,,,,,,
2026-03-22T19:05:54.937562-04:00,vsin_dk,draftkings,mlb,mlb_20260326_pittsburgh_pirates_new_york_mets,Mar 26,,Pittsburgh Pirates,New York Mets,101.0,36.0,64.0,26.0,74.0,,,,,,,,,,10.0,,False,,1,,,,,,,,,,,,
2026-03-22T19:05:54.937562-04:00,vsin_dk,draftkings,mlb,mlb_20260326_chicago_white_sox_milwaukee_brewers,Mar 26,,Chicago White Sox,Milwaukee Brewers,160.0,12.0,88.0,18.0,82.0,,,,,,,,,,6.0,,False,,1,,,,,,,,,,,,
2026-03-22T19:05:54.937562-04:00,vsin_dk,draftkings,mlb,mlb_20260326_washington_nationals_chicago_cubs,Mar 26,,Washington Nationals,Chicago Cubs,163.0,11.0,89.0,10.0,90.0,,,,,,,,,,1.0,,False,,1,,,,,,,,,,,,
2026-03-22T19:05:54.937562-04:00,vsin_dk,draftkings,mlb,mlb_20260326_minnesota_twins_baltimore_orioles,Mar 26,,Minnesota Twins,Baltimore Orioles,127.0,19.0,81.0,8.0,92.0,,,,,,,,,,11.0,,False,,1,,,,,,,,,,,,
2026-03-22T19:05:54.937562-04:00,vsin_dk,draftkings,mlb,mlb_20260326_los_angeles_angels_houston_astros,Mar 26,,Los Angeles Angels,Houston Astros,155.0,13.0,87.0,16.0,84.0,,,,,,,,,,3.0,,False,,1,,,,,,,,,,,,
2026-03-22T19:05:54.937562-04:00,vsin_dk,draftkings,mlb,mlb_20260326_detroit_tigers_san_diego_padres,Mar 26,,Detroit Tigers,San Diego Padres,-138.0,69.0,31.0,84.0,16.0,,,,,,,,,,15.0,,True,,1,,,,,,,,,,,,
2026-03-22T19:05:54.937562-04:00,vsin_dk,draftkings,mlb,mlb_20260326_boston_red_sox_cincinnati_reds,Mar 26,,Boston Red Sox,Cincinnati Reds,-158.0,79.0,21.0,81.0,19.0,,,,,,,,,,2.0,,False,,1,,,,,,,,,,,,
2026-03-22T19:05:54.937562-04:00,vsin_dk,draftkings,mlb,mlb_20260326_tampa_bay_rays_st_louis_cardinals,Mar 26,,Tampa Bay Rays,ST Louis Cardinals,-124.0,66.0,34.0,72.0,28.0,,,,,,,,,,6.0,,False,,1,,,,,,,,,,,,
2026-03-22T19:05:54.937562-04:00,vsin_dk,draftkings,mlb,mlb_20260326_texas_rangers_philadelphia_phillies,Mar 26,,Texas Rangers,Philadelphia Phillies,127.0,13.0,87.0,7.0,93.0,,,,,,,,,,6.0,,False,,1,,,,,,,,,,,,
2026-03-22T19:05:54.937562-04:00,vsin_dk,draftkings,mlb,mlb_20260326_arizona_diamondbacks_los_angeles_dodgers,Mar 26,,Arizona Diamondbacks,Los Angeles Dodgers,191.0,9.0,91.0,13.0,87.0,,,,,,,,,,4.0,,False,,1,,,,,,,,,,,,
2026-03-22T19:05:54.937562-04:00,vsin_dk,draftkings,mlb,mlb_20260326_cleveland_guardians_seattle_mariners,Mar 26,,Cleveland Guardians,Seattle Mariners,144.0,17.0,83.0,16.0,84.0,,,,,,,,,,1.0,,False,,1,,,,,,,,,,,,
2026-03-22T19:05:54.937562-04:00,vsin_dk,draftkings,mlb,mlb_20260327_athletics_toronto_blue_jays,Mar 27,,Athletics,Toronto Blue Jays,149.0,9.0,91.0,15.0,85.0,,,,,,,,,,6.0,,False,,1,,,,,,,,,,,,
2026-03-22T19:05:54.937562-04:00,vsin_dk,draftkings,mlb,mlb_20260327_colorado_rockies_miami_marlins,Mar 27,,Colorado Rockies,Miami Marlins,144.0,14.0,86.0,36.0,64.0,,,,,,,,,,22.0,,True,,1,,,,,,,,,,,,
2026-03-22T19:05:54.937562-04:00,vsin_dk,draftkings,mlb,mlb_20260327_kansas_city_royals_atlanta_braves,Mar 27,,Kansas City Royals,Atlanta Braves,125.0,19.0,81.0,30.0,70.0,,,,,,,,,,11.0,,False,,1,,,,,,,,,,,,
2026-03-22T19:21:36.646227-04:00,vsin_dk,draftkings,mlb,mlb_20260325_new_york_yankees_san_francisco_giants,Mar 25,,New York Yankees,San Francisco Giants,-117.0,83.0,17.0,81.0,19.0,7.0,67.0,33.0,87.0,13.0,81.0,19.0,85.0,15.0,2.0,20.0,False,True,1,,,,,,,,,,,,
2026-03-22T19:21:36.646227-04:00,vsin_dk,draftkings,mlb,mlb_20260326_pittsburgh_pirates_new_york_mets,Mar 26,,Pittsburgh Pirates,New York Mets,101.0,36.0,64.0,26.0,74.0,,,,,,,,,,10.0,,False,,1,,,,,,,,,,,,
2026-03-22T19:21:36.646227-04:00,vsin_dk,draftkings,mlb,mlb_20260326_chicago_white_sox_milwaukee_brewers,Mar 26,,Chicago White Sox,Milwaukee Brewers,160.0,12.0,88.0,18.0,82.0,,,,,,,,,,6.0,,False,,1,,,,,,,,,,,,
2026-03-22T19:21:36.646227-04:00,vsin_dk,draftkings,mlb,mlb_20260326_washington_nationals_chicago_cubs,Mar 26,,Washington Nationals,Chicago Cubs,163.0,11.0,89.0,10.0,90.0,,,,,,,,,,1.0,,False,,1,,,,,,,,,,,,
2026-03-22T19:21:36.646227-04:00,vsin_dk,draftkings,mlb,mlb_20260326_minnesota_twins_baltimore_orioles,Mar 26,,Minnesota Twins,Baltimore Orioles,127.0,19.0,81.0,8.0,92.0,,,,,,,,,,11.0,,False,,1,,,,,,,,,,,,
2026-03-22T19:21:36.646227-04:00,vsin_dk,draftkings,mlb,mlb_20260326_detroit_tigers_san_diego_padres,Mar 26,,Detroit Tigers,San Diego Padres,-138.0,69.0,31.0,84.0,16.0,,,,,,,,,,15.0,,True,,1,,,,,,,,,,,,
2026-03-22T19:21:36.646227-04:00,vsin_dk,draftkings,mlb,mlb_20260326_los_angeles_angels_houston_astros,Mar 26,,Los Angeles Angels,Houston Astros,155.0,13.0,87.0,16.0,84.0,,,,,,,,,,3.0,,False,,1,,,,,,,,,,,,
2026-03-22T19:21:36.646227-04:00,vsin_dk,draftkings,mlb,mlb_20260326_boston_red_sox_cincinnati_reds,Mar 26,,Boston Red Sox,Cincinnati Reds,-158.0,79.0,21.0,81.0,19.0,,,,,,,,,,2.0,,False,,1,,,,,,,,,,,,
2026-03-22T19:21:36.646227-04:00,vsin_dk,draftkings,mlb,mlb_20260326_tampa_bay_rays_st_louis_cardinals,Mar 26,,Tampa Bay Rays,ST Louis Cardinals,-124.0,66.0,34.0,73.0,27.0,,,,,,,,,,7.0,,False,,1,,,,,,,,,,,,
2026-03-22T19:21:36.646227-04:00,vsin_dk,draftkings,mlb,mlb_20260326_texas_rangers_philadelphia_phillies,Mar 26,,Texas Rangers,Philadelphia Phillies,127.0,13.0,87.0,7.0,93.0,,,,,,,,,,6.0,,False,,1,,,,,,,,,,,,
2026-03-22T19:21:36.646227-04:00,vsin_dk,draftkings,mlb,mlb_20260326_arizona_diamondbacks_los_angeles_dodgers,Mar 26,,Arizona Diamondbacks,Los Angeles Dodgers,191.0,9.0,91.0,13.0,87.0,,,,,,,,,,4.0,,False,,1,,,,,,,,,,,,
2026-03-22T19:21:36.646227-04:00,vsin_dk,draftkings,mlb,mlb_20260326_cleveland_guardians_seattle_mariners,Mar 26,,Cleveland Guardians,Seattle Mariners,144.0,17.0,83.0,16.0,84.0,,,,,,,,,,1.0,,False,,1,,,,,,,,,,,,
2026-03-22T19:21:36.646227-04:00,vsin_dk,draftkings,mlb,mlb_20260327_athletics_toronto_blue_jays,Mar 27,,Athletics,Toronto Blue Jays,149.0,9.0,91.0,15.0,85.0,,,,,,,,,,6.0,,False,,1,,,,,,,,,,,,
2026-03-22T19:21:36.646227-04:00,vsin_dk,draftkings,mlb,mlb_20260327_colorado_rockies_miami_marlins,Mar 27,,Colorado Rockies,Miami Marlins,144.0,14.0,86.0,38.0,62.0,,,,,,,,,,24.0,,True,,1,,,,,,,,,,,,
2026-03-22T19:21:36.646227-04:00,vsin_dk,draftkings,mlb,mlb_20260327_kansas_city_royals_atlanta_braves,Mar 27,,Kansas City Royals,Atlanta Braves,125.0,18.0,82.0,29.0,71.0,,,,,,,,,,11.0,,False,,1,,,,,,,,,,,,
2026-03-22T19:35:20.631437-04:00,vsin_dk,draftkings,mlb,mlb_20260325_new_york_yankees_san_francisco_giants,Mar 25,,New York Yankees,San Francisco Giants,-117.0,83.0,17.0,81.0,19.0,7.0,70.0,30.0,89.0,11.0,82.0,18.0,85.0,15.0,2.0,19.0,False,True,1,,,,,,,,,,,,
2026-03-22T19:35:20.631437-04:00,vsin_dk,draftkings,mlb,mlb_20260326_pittsburgh_pirates_new_york_mets,Mar 26,,Pittsburgh Pirates,New York Mets,101.0,36.0,64.0,26.0,74.0,,,,,,,,,,10.0,,False,,1,,,,,,,,,,,,
2026-03-22T19:35:20.631437-04:00,vsin_dk,draftkings,mlb,mlb_20260326_chicago_white_sox_milwaukee_brewers,Mar 26,,Chicago White Sox,Milwaukee Brewers,160.0,12.0,88.0,18.0,82.0,,,,,,,,,,6.0,,False,,1,,,,,,,,,,,,
2026-03-22T19:35:20.631437-04:00,vsin_dk,draftkings,mlb,mlb_20260326_washington_nationals_chicago_cubs,Mar 26,,Washington Nationals,Chicago Cubs,163.0,11.0,89.0,10.0,90.0,,,,,,,,,,1.0,,False,,1,,,,,,,,,,,,
2026-03-22T19:35:20.631437-04:00,vsin_dk,draftkings,mlb,mlb_20260326_minnesota_twins_baltimore_orioles,Mar 26,,Minnesota Twins,Baltimore Orioles,127.0,19.0,81.0,8.0,92.0,,,,,,,,,,11.0,,False,,1,,,,,,,,,,,,
2026-03-22T19:35:20.631437-04:00,vsin_dk,draftkings,mlb,mlb_20260326_detroit_tigers_san_diego_padres,Mar 26,,Detroit Tigers,San Diego Padres,-138.0,69.0,31.0,84.0,16.0,,,,,,,,,,15.0,,True,,1,,,,,,,,,,,,
2026-03-22T19:35:20.631437-04:00,vsin_dk,draftkings,mlb,mlb_20260326_los_angeles_angels_houston_astros,Mar 26,,Los Angeles Angels,Houston Astros,155.0,13.0,87.0,16.0,84.0,,,,,,,,,,3.0,,False,,1,,,,,,,,,,,,
2026-03-22T19:35:20.631437-04:00,vsin_dk,draftkings,mlb,mlb_20260326_boston_red_sox_cincinnati_reds,Mar 26,,Boston Red Sox,Cincinnati Reds,-158.0,79.0,21.0,81.0,19.0,,,,,,,,,,2.0,,False,,1,,,,,,,,,,,,
2026-03-22T19:35:20.631437-04:00,vsin_dk,draftkings,mlb,mlb_20260326_tampa_bay_rays_st_louis_cardinals,Mar 26,,Tampa Bay Rays,ST Louis Cardinals,-124.0,66.0,34.0,73.0,27.0,,,,,,,,,,7.0,,False,,1,,,,,,,,,,,,
2026-03-22T19:35:20.631437-04:00,vsin_dk,draftkings,mlb,mlb_20260326_texas_rangers_philadelphia_phillies,Mar 26,,Texas Rangers,Philadelphia Phillies,127.0,13.0,87.0,7.0,93.0,,,,,,,,,,6.0,,False,,1,,,,,,,,,,,,
2026-03-22T19:35:20.631437-04:00,vsin_dk,draftkings,mlb,mlb_20260326_arizona_diamondbacks_los_angeles_dodgers,Mar 26,,Arizona Diamondbacks,Los Angeles Dodgers,191.0,9.0,91.0,13.0,87.0,,,,,,,,,,4.0,,False,,1,,,,,,,,,,,,
2026-03-22T19:35:20.631437-04:00,vsin_dk,draftkings,mlb,mlb_20260326_cleveland_guardians_seattle_mariners,Mar 26,,Cleveland Guardians,Seattle Mariners,144.0,17.0,83.0,16.0,84.0,,,,,,,,,,1.0,,False,,1,,,,,,,,,,,,
2026-03-22T19:35:20.631437-04:00,vsin_dk,draftkings,mlb,mlb_20260327_athletics_toronto_blue_jays,Mar 27,,Athletics,Toronto Blue Jays,149.0,9.0,91.0,15.0,85.0,,,,,,,,,,6.0,,False,,1,,,,,,,,,,,,
2026-03-22T19:35:20.631437-04:00,vsin_dk,draftkings,mlb,mlb_20260327_colorado_rockies_miami_marlins,Mar 27,,Colorado Rockies,Miami Marlins,144.0,14.0,86.0,38.0,62.0,,,,,,,,,,24.0,,True,,1,,,,,,,,,,,,
2026-03-22T19:35:20.631437-04:00,vsin_dk,draftkings,mlb,mlb_20260327_kansas_city_royals_atlanta_braves,Mar 27,,Kansas City Royals,Atlanta Braves,125.0,18.0,82.0,29.0,71.0,,,,,,,,,,11.0,,False,,1,,,,,,,,,,,,
2026-03-22T19:53:21.841785-04:00,vsin_dk,draftkings,mlb,mlb_20260325_new_york_yankees_san_francisco_giants,Mar 25,,New York Yankees,San Francisco Giants,-117.0,83.0,17.0,81.0,19.0,7.0,70.0,30.0,89.0,11.0,78.0,22.0,49.0,51.0,2.0,19.0,False,True,1,,,,,,,,,,,,
2026-03-22T19:53:21.841785-04:00,vsin_dk,draftkings,mlb,mlb_20260326_pittsburgh_pirates_new_york_mets,Mar 26,,Pittsburgh Pirates,New York Mets,101.0,36.0,64.0,26.0,74.0,,,,,,,,,,10.0,,False,,1,,,,,,,,,,,,
2026-03-22T19:53:21.841785-04:00,vsin_dk,draftkings,mlb,mlb_20260326_chicago_white_sox_milwaukee_brewers,Mar 26,,Chicago White Sox,Milwaukee Brewers,160.0,12.0,88.0,18.0,82.0,,,,,,,,,,6.0,,False,,1,,,,,,,,,,,,
2026-03-22T19:53:21.841785-04:00,vsin_dk,draftkings,mlb,mlb_20260326_washington_nationals_chicago_cubs,Mar 26,,Washington Nationals,Chicago Cubs,163.0,11.0,89.0,10.0,90.0,,,,,,,,,,1.0,,False,,1,,,,,,,,,,,,
2026-03-22T19:53:21.841785-04:00,vsin_dk,draftkings,mlb,mlb_20260326_minnesota_twins_baltimore_orioles,Mar 26,,Minnesota Twins,Baltimore Orioles,127.0,19.0,81.0,8.0,92.0,,,,,,,,,,11.0,,False,,1,,,,,,,,,,,,
2026-03-22T19:53:21.841785-04:00,vsin_dk,draftkings,mlb,mlb_20260326_los_angeles_angels_houston_astros,Mar 26,,Los Angeles Angels,Houston Astros,155.0,13.0,87.0,16.0,84.0,,,,,,,,,,3.0,,False,,1,,,,,,,,,,,,
2026-03-22T19:53:21.841785-04:00,vsin_dk,draftkings,mlb,mlb_20260326_detroit_tigers_san_diego_padres,Mar 26,,Detroit Tigers,San Diego Padres,-138.0,69.0,31.0,84.0,16.0,,,,,,,,,,15.0,,True,,1,,,,,,,,,,,,
2026-03-22T19:53:21.841785-04:00,vsin_dk,draftkings,mlb,mlb_20260326_boston_red_sox_cincinnati_reds,Mar 26,,Boston Red Sox,Cincinnati Reds,-158.0,79.0,21.0,81.0,19.0,,,,,,,,,,2.0,,False,,1,,,,,,,,,,,,
2026-03-22T19:53:21.841785-04:00,vsin_dk,draftkings,mlb,mlb_20260326_tampa_bay_rays_st_louis_cardinals,Mar 26,,Tampa Bay Rays,ST Louis Cardinals,-124.0,66.0,34.0,73.0,27.0,,,,,,,,,,7.0,,False,,1,,,,,,,,,,,,
2026-03-22T19:53:21.841785-04:00,vsin_dk,draftkings,mlb,mlb_20260326_texas_rangers_philadelphia_phillies,Mar 26,,Texas Rangers,Philadelphia Phillies,127.0,13.0,87.0,7.0,93.0,,,,,,,,,,6.0,,False,,1,,,,,,,,,,,,
2026-03-22T19:53:21.841785-04:00,vsin_dk,draftkings,mlb,mlb_20260326_arizona_diamondbacks_los_angeles_dodgers,Mar 26,,Arizona Diamondbacks,Los Angeles Dodgers,191.0,9.0,91.0,13.0,87.0,,,,,,,,,,4.0,,False,,1,,,,,,,,,,,,
2026-03-22T19:53:21.841785-04:00,vsin_dk,draftkings,mlb,mlb_20260326_cleveland_guardians_seattle_mariners,Mar 26,,Cleveland Guardians,Seattle Mariners,144.0,17.0,83.0,16.0,84.0,,,,,,,,,,1.0,,False,,1,,,,,,,,,,,,
2026-03-22T19:53:21.841785-04:00,vsin_dk,draftkings,mlb,mlb_20260327_athletics_toronto_blue_jays,Mar 27,,Athletics,Toronto Blue Jays,149.0,9.0,91.0,14.0,86.0,,,,,,,,,,5.0,,False,,1,,,,,,,,,,,,
2026-03-22T19:53:21.841785-04:00,vsin_dk,draftkings,mlb,mlb_20260327_colorado_rockies_miami_marlins,Mar 27,,Colorado Rockies,Miami Marlins,144.0,14.0,86.0,38.0,62.0,,,,,,,,,,24.0,,True,,1,,,,,,,,,,,,
2026-03-22T19:53:21.841785-04:00,vsin_dk,draftkings,mlb,mlb_20260327_kansas_city_royals_atlanta_braves,Mar 27,,Kansas City Royals,Atlanta Braves,125.0,18.0,82.0,29.0,71.0,,,,,,,,,,11.0,,False,,1,,,,,,,,,,,,
2026-03-22T20:06:01.693215-04:00,vsin_dk,draftkings,mlb,mlb_20260325_new_york_yankees_san_francisco_giants,Mar 25,,New York Yankees,San Francisco Giants,-117.0,83.0,17.0,81.0,19.0,7.0,71.0,29.0,89.0,11.0,80.0,20.0,55.0,45.0,2.0,18.0,False,True,1,,,,,,,,,,,,
2026-03-22T20:06:01.693215-04:00,vsin_dk,draftkings,mlb,mlb_20260326_pittsburgh_pirates_new_york_mets,Mar 26,,Pittsburgh Pirates,New York Mets,101.0,36.0,64.0,26.0,74.0,,,,,,,,,,10.0,,False,,1,,,,,,,,,,,,
2026-03-22T20:06:01.693215-04:00,vsin_dk,draftkings,mlb,mlb_20260326_chicago_white_sox_milwaukee_brewers,Mar 26,,Chicago White Sox,Milwaukee Brewers,160.0,12.0,88.0,17.0,83.0,,,,,,,,,,5.0,,False,,1,,,,,,,,,,,,
2026-03-22T20:06:01.693215-04:00,vsin_dk,draftkings,mlb,mlb_20260326_washington_nationals_chicago_cubs,Mar 26,,Washington Nationals,Chicago Cubs,163.0,11.0,89.0,10.0,90.0,,,,,,,,,,1.0,,False,,1,,,,,,,,,,,,
2026-03-22T20:06:01.693215-04:00,vsin_dk,draftkings,mlb,mlb_20260326_minnesota_twins_baltimore_orioles,Mar 26,,Minnesota Twins,Baltimore Orioles,127.0,19.0,81.0,8.0,92.0,,,,,,,,,,11.0,,False,,1,,,,,,,,,,,,
2026-03-22T20:06:01.693215-04:00,vsin_dk,draftkings,mlb,mlb_20260326_los_angeles_angels_houston_astros,Mar 26,,Los Angeles Angels,Houston Astros,155.0,13.0,87.0,16.0,84.0,,,,,,,,,,3.0,,False,,1,,,,,,,,,,,,
2026-03-22T20:06:01.693215-04:00,vsin_dk,draftkings,mlb,mlb_20260326_detroit_tigers_san_diego_padres,Mar 26,,Detroit Tigers,San Diego Padres,-138.0,70.0,31.0,84.0,16.0,,,,,,,,,,15.0,,True,,1,,,,,,,,,,,,
2026-03-22T20:06:01.693215-04:00,vsin_dk,draftkings,mlb,mlb_20260326_boston_red_sox_cincinnati_reds,Mar 26,,Boston Red Sox,Cincinnati Reds,-158.0,79.0,21.0,81.0,19.0,,,,,,,,,,2.0,,False,,1,,,,,,,,,,,,
2026-03-22T20:06:01.693215-04:00,vsin_dk,draftkings,mlb,mlb_20260326_tampa_bay_rays_st_louis_cardinals,Mar 26,,Tampa Bay Rays,ST Louis Cardinals,-124.0,66.0,34.0,73.0,27.0,,,,,,,,,,7.0,,False,,1,,,,,,,,,,,,
2026-03-22T20:06:01.693215-04:00,vsin_dk,draftkings,mlb,mlb_20260326_texas_rangers_philadelphia_phillies,Mar 26,,Texas Rangers,Philadelphia Phillies,127.0,13.0,87.0,7.0,93.0,,,,,,,,,,6.0,,False,,1,,,,,,,,,,,,
2026-03-22T20:06:01.693215-04:00,vsin_dk,draftkings,mlb,mlb_20260326_arizona_diamondbacks_los_angeles_dodgers,Mar 26,,Arizona Diamondbacks,Los Angeles Dodgers,191.0,9.0,91.0,13.0,87.0,,,,,,,,,,4.0,,False,,1,,,,,,,,,,,,
2026-03-22T20:06:01.693215-04:00,vsin_dk,draftkings,mlb,mlb_20260326_cleveland_guardians_seattle_mariners,Mar 26,,Cleveland Guardians,Seattle Mariners,144.0,17.0,83.0,16.0,84.0,,,,,,,,,,1.0,,False,,1,,,,,,,,,,,,
2026-03-22T20:06:01.693215-04:00,vsin_dk,draftkings,mlb,mlb_20260327_athletics_toronto_blue_jays,Mar 27,,Athletics,Toronto Blue Jays,149.0,9.0,91.0,14.0,86.0,,,,,,,,,,5.0,,False,,1,,,,,,,,,,,,
2026-03-22T20:06:01.693215-04:00,vsin_dk,draftkings,mlb,mlb_20260327_colorado_rockies_miami_marlins,Mar 27,,Colorado Rockies,Miami Marlins,144.0,14.0,86.0,38.0,62.0,,,,,,,,,,24.0,,True,,1,,,,,,,,,,,,
2026-03-22T20:06:01.693215-04:00,vsin_dk,draftkings,mlb,mlb_20260327_kansas_city_royals_atlanta_braves,Mar 27,,Kansas City Royals,Atlanta Braves,125.0,19.0,81.0,30.0,70.0,,,,,,,,,,11.0,,False,,1,,,,,,,,,,,,
2026-03-22T20:35:49.020597-04:00,vsin_dk,draftkings,mlb,mlb_20260325_new_york_yankees_san_francisco_giants,Mar 25,,New York Yankees,San Francisco Giants,-117.0,83.0,17.0,81.0,19.0,7.0,71.0,29.0,42.0,58.0,80.0,20.0,56.0,44.0,2.0,29.0,False,True,1,,,,,,,,,,,,
2026-03-22T20:35:49.020597-04:00,vsin_dk,draftkings,mlb,mlb_20260326_pittsburgh_pirates_new_york_mets,Mar 26,,Pittsburgh Pirates,New York Mets,101.0,37.0,63.0,27.0,73.0,,,,,,,,,,10.0,,False,,1,,,,,,,,,,,,
2026-03-22T20:35:49.020597-04:00,vsin_dk,draftkings,mlb,mlb_20260326_chicago_white_sox_milwaukee_brewers,Mar 26,,Chicago White Sox,Milwaukee Brewers,160.0,12.0,88.0,17.0,83.0,,,,,,,,,,5.0,,False,,1,,,,,,,,,,,,
2026-03-22T20:35:49.020597-04:00,vsin_dk,draftkings,mlb,mlb_20260326_washington_nationals_chicago_cubs,Mar 26,,Washington Nationals,Chicago Cubs,163.0,11.0,89.0,10.0,90.0,,,,,,,,,,1.0,,False,,1,,,,,,,,,,,,
2026-03-22T20:35:49.020597-04:00,vsin_dk,draftkings,mlb,mlb_20260326_minnesota_twins_baltimore_orioles,Mar 26,,Minnesota Twins,Baltimore Orioles,127.0,19.0,81.0,9.0,91.0,,,,,,,,,,10.0,,False,,1,,,,,,,,,,,,
2026-03-22T20:35:49.020597-04:00,vsin_dk,draftkings,mlb,mlb_20260326_los_angeles_angels_houston_astros,Mar 26,,Los Angeles Angels,Houston Astros,155.0,13.0,87.0,16.0,84.0,,,,,,,,,,3.0,,False,,1,,,,,,,,,,,,
2026-03-22T20:35:49.020597-04:00,vsin_dk,draftkings,mlb,mlb_20260326_detroit_tigers_san_diego_padres,Mar 26,,Detroit Tigers,San Diego Padres,-138.0,69.0,31.0,84.0,16.0,,,,,,,,,,15.0,,True,,1,,,,,,,,,,,,
2026-03-22T20:35:49.020597-04:00,vsin_dk,draftkings,mlb,mlb_20260326_boston_red_sox_cincinnati_reds,Mar 26,,Boston Red Sox,Cincinnati Reds,-158.0,79.0,21.0,81.0,19.0,,,,,,,,,,2.0,,False,,1,,,,,,,,,,,,
2026-03-22T20:35:49.020597-04:00,vsin_dk,draftkings,mlb,mlb_20260326_tampa_bay_rays_st_louis_cardinals,Mar 26,,Tampa Bay Rays,ST Louis Cardinals,-124.0,66.0,34.0,72.0,28.0,,,,,,,,,,6.0,,False,,1,,,,,,,,,,,,
2026-03-22T20:35:49.020597-04:00,vsin_dk,draftkings,mlb,mlb_20260326_texas_rangers_philadelphia_phillies,Mar 26,,Texas Rangers,Philadelphia Phillies,127.0,13.0,87.0,7.0,93.0,,,,,,,,,,6.0,,False,,1,,,,,,,,,,,,
2026-03-22T20:35:49.020597-04:00,vsin_dk,draftkings,mlb,mlb_20260326_arizona_diamondbacks_los_angeles_dodgers,Mar 26,,Arizona Diamondbacks,Los Angeles Dodgers,191.0,9.0,91.0,13.0,87.0,,,,,,,,,,4.0,,False,,1,,,,,,,,,,,,
2026-03-22T20:35:49.020597-04:00,vsin_dk,draftkings,mlb,mlb_20260326_cleveland_guardians_seattle_mariners,Mar 26,,Cleveland Guardians,Seattle Mariners,144.0,17.0,83.0,16.0,84.0,,,,,,,,,,1.0,,False,,1,,,,,,,,,,,,
2026-03-22T20:35:49.020597-04:00,vsin_dk,draftkings,mlb,mlb_20260327_athletics_toronto_blue_jays,Mar 27,,Athletics,Toronto Blue Jays,149.0,9.0,91.0,14.0,86.0,,,,,,,,,,5.0,,False,,1,,,,,,,,,,,,
2026-03-22T20:35:49.020597-04:00,vsin_dk,draftkings,mlb,mlb_20260327_colorado_rockies_miami_marlins,Mar 27,,Colorado Rockies,Miami Marlins,144.0,14.0,86.0,38.0,62.0,,,,,,,,,,24.0,,True,,1,,,,,,,,,,,,
2026-03-22T20:35:49.020597-04:00,vsin_dk,draftkings,mlb,mlb_20260327_kansas_city_royals_atlanta_braves,Mar 27,,Kansas City Royals,Atlanta Braves,125.0,19.0,81.0,30.0,70.0,,,,,,,,,,11.0,,False,,1,,,,,,,,,,,,
2026-03-22T21:06:02.484846-04:00,vsin_dk,draftkings,mlb,mlb_20260325_new_york_yankees_san_francisco_giants,Mar 25,,New York Yankees,San Francisco Giants,-117.0,83.0,17.0,81.0,19.0,7.0,72.0,28.0,42.0,58.0,69.0,31.0,61.0,39.0,2.0,30.0,False,True,1,,,,,,,,,,,,
2026-03-22T21:06:02.484846-04:00,vsin_dk,draftkings,mlb,mlb_20260326_pittsburgh_pirates_new_york_mets,Mar 26,,Pittsburgh Pirates,New York Mets,101.0,37.0,63.0,27.0,73.0,,,,,,,,,,10.0,,False,,1,,,,,,,,,,,,
2026-03-22T21:06:02.484846-04:00,vsin_dk,draftkings,mlb,mlb_20260326_chicago_white_sox_milwaukee_brewers,Mar 26,,Chicago White Sox,Milwaukee Brewers,160.0,12.0,88.0,17.0,83.0,,,,,,,,,,5.0,,False,,1,,,,,,,,,,,,
2026-03-22T21:06:02.484846-04:00,vsin_dk,draftkings,mlb,mlb_20260326_washington_nationals_chicago_cubs,Mar 26,,Washington Nationals,Chicago Cubs,163.0,11.0,89.0,10.0,90.0,,,,,,,,,,1.0,,False,,1,,,,,,,,,,,,
2026-03-22T21:06:02.484846-04:00,vsin_dk,draftkings,mlb,mlb_20260326_minnesota_twins_baltimore_orioles,Mar 26,,Minnesota Twins,Baltimore Orioles,127.0,19.0,81.0,9.0,91.0,,,,,,,,,,10.0,,False,,1,,,,,,,,,,,,
2026-03-22T21:06:02.484846-04:00,vsin_dk,draftkings,mlb,mlb_20260326_los_angeles_angels_houston_astros,Mar 26,,Los Angeles Angels,Houston Astros,155.0,13.0,87.0,16.0,84.0,,,,,,,,,,3.0,,False,,1,,,,,,,,,,,,
2026-03-22T21:06:02.484846-04:00,vsin_dk,draftkings,mlb,mlb_20260326_detroit_tigers_san_diego_padres,Mar 26,,Detroit Tigers,San Diego Padres,-138.0,70.0,30.0,84.0,16.0,,,,,,,,,,14.0,,False,,1,,,,,,,,,,,,
2026-03-22T21:06:02.484846-04:00,vsin_dk,draftkings,mlb,mlb_20260326_boston_red_sox_cincinnati_reds,Mar 26,,Boston Red Sox,Cincinnati Reds,-158.0,79.0,21.0,82.0,18.0,,,,,,,,,,3.0,,False,,1,,,,,,,,,,,,
2026-03-22T21:06:02.484846-04:00,vsin_dk,draftkings,mlb,mlb_20260326_tampa_bay_rays_st_louis_cardinals,Mar 26,,Tampa Bay Rays,ST Louis Cardinals,-124.0,66.0,34.0,72.0,28.0,,,,,,,,,,6.0,,False,,1,,,,,,,,,,,,
2026-03-22T21:06:02.484846-04:00,vsin_dk,draftkings,mlb,mlb_20260326_texas_rangers_philadelphia_phillies,Mar 26,,Texas Rangers,Philadelphia Phillies,127.0,13.0,87.0,7.0,93.0,,,,,,,,,,6.0,,False,,1,,,,,,,,,,,,
2026-03-22T21:06:02.484846-04:00,vsin_dk,draftkings,mlb,mlb_20260326_arizona_diamondbacks_los_angeles_dodgers,Mar 26,,Arizona Diamondbacks,Los Angeles Dodgers,191.0,9.0,91.0,13.0,87.0,,,,,,,,,,4.0,,False,,1,,,,,,,,,,,,
2026-03-22T21:06:02.484846-04:00,vsin_dk,draftkings,mlb,mlb_20260326_cleveland_guardians_seattle_mariners,Mar 26,,Cleveland Guardians,Seattle Mariners,144.0,16.0,84.0,16.0,84.0,,,,,,,,,,0.0,,False,,1,,,,,,,,,,,,
2026-03-22T21:06:02.484846-04:00,vsin_dk,draftkings,mlb,mlb_20260327_athletics_toronto_blue_jays,Mar 27,,Athletics,Toronto Blue Jays,149.0,9.0,91.0,14.0,86.0,,,,,,,,,,5.0,,False,,1,,,,,,,,,,,,
2026-03-22T21:06:02.484846-04:00,vsin_dk,draftkings,mlb,mlb_20260327_colorado_rockies_miami_marlins,Mar 27,,Colorado Rockies,Miami Marlins,144.0,15.0,85.0,38.0,62.0,,,,,,,,,,23.0,,True,,1,,,,,,,,,,,,
2026-03-22T21:06:02.484846-04:00,vsin_dk,draftkings,mlb,mlb_20260327_kansas_city_royals_atlanta_braves,Mar 27,,Kansas City Royals,Atlanta Braves,125.0,19.0,81.0,30.0,70.0,,,,,,,,,,11.0,,False,,1,,,,,,,,,,,,
