timestamp,source,book,sport,game_id,game_date,game_time,away_team,home_team,spread_line,spread_away_bets_pct,spread_home_bets_pct,spread_away_handle_pct,spread_home_handle_pct,total_line,total_over_bets_pct,total_under_bets_pct,total_over_handle_pct,total_under_handle_pct,ml_away_bets_pct,ml_home_bets_pct,ml_away_handle_pct,ml_home_handle_pct,spread_bets_handle_divergence,total_bets_handle_divergence,sharp_signal_spread,sharp_signal_total,scrape_num,d_spread_line,d_spread_away_bets_pct,d_spread_home_bets_pct,d_spread_away_handle_pct,d_spread_home_handle_pct,d_total_line,d_total_over_bets_pct,d_total_under_bets_pct,d_total_over_handle_pct,d_total_under_handle_pct,d_ml_away_bets_pct,d_ml_home_bets_pct
2026-03-27T00:05:28.232973-04:00,vsin_dk,draftkings,mlb,mlb_20260326_pittsburgh_pirates_new_york_mets,Mar 26,,Pittsburgh Pirates,New York Mets,102.0,49.0,51.0,47.0,53.0,7.0,40.0,60.0,38.0,62.0,28.0,72.0,46.0,54.0,2.0,2.0,False,False,1,,,,,,,,,,,,
2026-03-27T00:05:28.232973-04:00,vsin_dk,draftkings,mlb,mlb_20260326_chicago_white_sox_milwaukee_brewers,Mar 26,,Chicago White Sox,Milwaukee Brewers,163.0,10.0,90.0,18.0,82.0,7.5,47.0,53.0,65.0,35.0,19.0,81.0,12.0,88.0,8.0,18.0,False,True,1,,,,,,,,,,,,
2026-03-27T00:05:28.232973-04:00,vsin_dk,draftkings,mlb,mlb_20260326_washington_nationals_chicago_cubs,Mar 26,,Washington Nationals,Chicago Cubs,169.0,7.0,93.0,16.0,84.0,7.0,59.0,41.0,39.0,61.0,14.0,86.0,12.0,88.0,9.0,20.0,False,True,1,,,,,,,,,,,,
2026-03-27T00:05:28.232973-04:00,vsin_dk,draftkings,mlb,mlb_20260326_minnesota_twins_baltimore_orioles,Mar 26,,Minnesota Twins,Baltimore Orioles,120.0,19.0,81.0,37.0,63.0,8.5,56.0,44.0,64.0,36.0,35.0,65.0,5.0,95.0,18.0,8.0,True,False,1,,,,,,,,,,,,
2026-03-27T00:05:28.232973-04:00,vsin_dk,draftkings,mlb,mlb_20260326_los_angeles_angels_houston_astros,Mar 26,,Los Angeles Angels,Houston Astros,153.0,10.0,90.0,21.0,79.0,8.0,55.0,45.0,47.0,53.0,26.0,74.0,60.0,40.0,11.0,8.0,False,False,1,,,,,,,,,,,,
2026-03-27T00:05:28.232973-04:00,vsin_dk,draftkings,mlb,mlb_20260326_detroit_tigers_san_diego_padres,Mar 26,,Detroit Tigers,San Diego Padres,-126.0,77.0,23.0,73.0,27.0,7.0,44.0,56.0,17.0,83.0,48.0,52.0,64.0,36.0,4.0,27.0,False,True,1,,,,,,,,,,,,
2026-03-27T00:05:28.232973-04:00,vsin_dk,draftkings,mlb,mlb_20260326_boston_red_sox_cincinnati_reds,Mar 26,,Boston Red Sox,Cincinnati Reds,-163.0,83.0,17.0,74.0,26.0,8.0,58.0,42.0,60.0,40.0,67.0,33.0,82.0,18.0,9.0,2.0,False,False,1,,,,,,,,,,,,
2026-03-27T00:05:28.232973-04:00,vsin_dk,draftkings,mlb,mlb_20260326_texas_rangers_philadelphia_phillies,Mar 26,,Texas Rangers,Philadelphia Phillies,144.0,15.0,85.0,37.0,63.0,8.0,50.0,50.0,53.0,47.0,34.0,66.0,22.0,78.0,22.0,3.0,True,False,1,,,,,,,,,,,,
2026-03-27T00:05:28.232973-04:00,vsin_dk,draftkings,mlb,mlb_20260326_tampa_bay_rays_st_louis_cardinals,Mar 26,,Tampa Bay Rays,ST Louis Cardinals,-136.0,65.0,35.0,57.0,43.0,8.0,61.0,39.0,84.0,16.0,36.0,64.0,43.0,57.0,8.0,23.0,False,True,1,,,,,,,,,,,,
2026-03-27T00:05:28.232973-04:00,vsin_dk,draftkings,mlb,mlb_20260326_arizona_diamondbacks_los_angeles_dodgers,Mar 26,,Arizona Diamondbacks,Los Angeles Dodgers,229.0,6.0,94.0,19.0,81.0,9.0,51.0,49.0,58.0,42.0,10.0,90.0,9.0,91.0,13.0,7.0,False,False,1,,,,,,,,,,,,
2026-03-27T00:05:28.232973-04:00,vsin_dk,draftkings,mlb,mlb_20260326_cleveland_guardians_seattle_mariners,Mar 26,,Cleveland Guardians,Seattle Mariners,153.0,18.0,82.0,39.0,61.0,6.5,69.0,31.0,56.0,44.0,34.0,66.0,23.0,77.0,21.0,13.0,True,False,1,,,,,,,,,,,,
2026-03-27T00:05:28.232973-04:00,vsin_dk,draftkings,mlb,mlb_20260327_new_york_yankees_san_francisco_giants,Mar 27,,New York Yankees,San Francisco Giants,-131.0,83.0,17.0,80.0,20.0,7.5,82.0,18.0,93.0,7.0,79.0,21.0,79.0,21.0,3.0,11.0,False,False,1,,,,,,,,,,,,
2026-03-27T00:05:28.232973-04:00,vsin_dk,draftkings,mlb,mlb_20260327_athletics_toronto_blue_jays,Mar 27,,Athletics,Toronto Blue Jays,139.0,12.0,88.0,53.0,47.0,8.5,56.0,44.0,22.0,78.0,17.0,83.0,5.0,95.0,41.0,34.0,True,True,1,,,,,,,,,,,,
2026-03-27T00:05:28.232973-04:00,vsin_dk,draftkings,mlb,mlb_20260327_colorado_rockies_miami_marlins,Mar 27,,Colorado Rockies,Miami Marlins,163.0,16.0,84.0,44.0,56.0,7.5,70.0,30.0,96.0,4.0,22.0,78.0,19.0,81.0,28.0,26.0,True,True,1,,,,,,,,,,,,
2026-03-27T00:05:28.232973-04:00,vsin_dk,draftkings,mlb,mlb_20260327_kansas_city_royals_atlanta_braves,Mar 27,,Kansas City Royals,Atlanta Braves,119.0,22.0,78.0,53.0,47.0,7.5,70.0,30.0,69.0,31.0,38.0,62.0,25.0,75.0,31.0,1.0,True,False,1,,,,,,,,,,,,
2026-03-27T00:05:28.232973-04:00,vsin_dk,draftkings,mlb,mlb_20260327_los_angeles_angels_houston_astros,Mar 27,,Los Angeles Angels,Houston Astros,135.0,21.0,79.0,36.0,64.0,8.5,54.0,46.0,16.0,84.0,33.0,67.0,4.0,96.0,15.0,38.0,True,True,1,,,,,,,,,,,,
2026-03-27T00:05:28.232973-04:00,vsin_dk,draftkings,mlb,mlb_20260327_detroit_tigers_san_diego_padres,Mar 27,,Detroit Tigers,San Diego Padres,104.0,60.0,40.0,69.0,31.0,7.5,71.0,29.0,49.0,51.0,57.0,43.0,49.0,51.0,9.0,22.0,False,True,1,,,,,,,,,,,,
2026-03-27T00:05:28.232973-04:00,vsin_dk,draftkings,mlb,mlb_20260327_cleveland_guardians_seattle_mariners,Mar 27,,Cleveland Guardians,Seattle Mariners,141.0,22.0,78.0,13.0,87.0,7.0,52.0,48.0,15.0,85.0,32.0,68.0,14.0,86.0,9.0,37.0,False,True,1,,,,,,,,,,,,
2026-03-27T00:05:28.232973-04:00,vsin_dk,draftkings,mlb,mlb_20260327_arizona_diamondbacks_los_angeles_dodgers,Mar 27,,Arizona Diamondbacks,Los Angeles Dodgers,179.0,11.0,89.0,8.0,92.0,8.5,75.0,25.0,84.0,16.0,14.0,86.0,43.0,57.0,3.0,9.0,False,False,1,,,,,,,,,,,,
2026-03-27T00:05:46.817497-04:00,vsin_circa,circa,mlb,mlb_20260326_pittsburgh_pirates_new_york_mets,Mar 26,,Pittsburgh Pirates,New York Mets,105.0,59.0,41.0,23.0,77.0,7.0,11.0,89.0,29.0,71.0,43.0,57.0,67.0,33.0,36.0,18.0,True,True,1,,,,,,,,,,,,
2026-03-27T00:05:46.817497-04:00,vsin_circa,circa,mlb,mlb_20260326_chicago_white_sox_milwaukee_brewers,Mar 26,,Chicago White Sox,Milwaukee Brewers,168.0,52.0,48.0,7.0,93.0,7.5,33.0,67.0,45.0,55.0,,100.0,,100.0,45.0,12.0,True,False,1,,,,,,,,,,,,
2026-03-27T00:05:46.817497-04:00,vsin_circa,circa,mlb,mlb_20260326_washington_nationals_chicago_cubs,Mar 26,,Washington Nationals,Chicago Cubs,178.0,27.0,73.0,19.0,81.0,7.0,29.0,71.0,6.0,94.0,14.0,86.0,86.0,14.0,8.0,23.0,False,True,1,,,,,,,,,,,,
2026-03-27T00:05:46.817497-04:00,vsin_circa,circa,mlb,mlb_20260326_minnesota_twins_baltimore_orioles,Mar 26,,Minnesota Twins,Baltimore Orioles,126.0,45.0,55.0,11.0,89.0,8.5,72.0,28.0,86.0,14.0,38.0,63.0,85.0,15.0,34.0,14.0,True,False,1,,,,,,,,,,,,
2026-03-27T00:05:46.817497-04:00,vsin_circa,circa,mlb,mlb_20260326_los_angeles_angels_houston_astros,Mar 26,,Los Angeles Angels,Houston Astros,160.0,61.0,39.0,75.0,25.0,8.0,17.0,83.0,2.0,98.0,25.0,75.0,94.0,6.0,14.0,15.0,False,True,1,,,,,,,,,,,,
2026-03-27T00:05:46.817497-04:00,vsin_circa,circa,mlb,mlb_20260326_detroit_tigers_san_diego_padres,Mar 26,,Detroit Tigers,San Diego Padres,-120.0,62.0,38.0,42.0,58.0,7.0,44.0,56.0,36.0,64.0,50.0,50.0,27.0,73.0,20.0,8.0,True,False,1,,,,,,,,,,,,
2026-03-27T00:05:46.817497-04:00,vsin_circa,circa,mlb,mlb_20260326_boston_red_sox_cincinnati_reds,Mar 26,,Boston Red Sox,Cincinnati Reds,-152.0,44.0,56.0,85.0,15.0,8.0,25.0,75.0,20.0,80.0,71.0,29.0,99.0,1.0,41.0,5.0,True,False,1,,,,,,,,,,,,
2026-03-27T00:05:46.817497-04:00,vsin_circa,circa,mlb,mlb_20260326_texas_rangers_philadelphia_phillies,Mar 26,,Texas Rangers,Philadelphia Phillies,142.0,47.0,53.0,13.0,87.0,8.0,56.0,44.0,59.0,41.0,,100.0,,100.0,34.0,3.0,True,False,1,,,,,,,,,,,,
2026-03-27T00:05:46.817497-04:00,vsin_circa,circa,mlb,mlb_20260326_tampa_bay_rays_st_louis_cardinals,Mar 26,,Tampa Bay Rays,ST Louis Cardinals,-128.0,66.0,34.0,93.0,7.0,8.0,57.0,43.0,21.0,79.0,40.0,60.0,100.0,,27.0,36.0,True,True,1,,,,,,,,,,,,
2026-03-27T00:05:46.817497-04:00,vsin_circa,circa,mlb,mlb_20260326_arizona_diamondbacks_los_angeles_dodgers,Mar 26,,Arizona Diamondbacks,Los Angeles Dodgers,250.0,59.0,41.0,2.0,98.0,9.0,44.0,56.0,14.0,86.0,24.0,76.0,18.0,82.0,57.0,30.0,True,True,1,,,,,,,,,,,,
2026-03-27T00:05:46.817497-04:00,vsin_circa,circa,mlb,mlb_20260326_cleveland_guardians_seattle_mariners,Mar 26,,Cleveland Guardians,Seattle Mariners,157.0,45.0,55.0,35.0,65.0,6.5,43.0,57.0,62.0,38.0,33.0,67.0,24.0,76.0,10.0,19.0,False,True,1,,,,,,,,,,,,
2026-03-27T00:05:46.817497-04:00,vsin_circa,circa,mlb,mlb_20260327_new_york_yankees_san_francisco_giants,Mar 27,,New York Yankees,San Francisco Giants,-125.0,86.0,14.0,95.0,5.0,7.5,100.0,,100.0,,,100.0,,100.0,9.0,0.0,False,False,1,,,,,,,,,,,,
2026-03-27T00:05:46.817497-04:00,vsin_circa,circa,mlb,mlb_20260327_athletics_toronto_blue_jays,Mar 27,,Athletics,Toronto Blue Jays,141.0,22.0,78.0,7.0,93.0,8.5,50.0,50.0,50.0,50.0,50.0,50.0,50.0,50.0,15.0,0.0,True,False,1,,,,,,,,,,,,
2026-03-27T00:05:46.817497-04:00,vsin_circa,circa,mlb,mlb_20260327_colorado_rockies_miami_marlins,Mar 27,,Colorado Rockies,Miami Marlins,167.0,,100.0,,100.0,7.5,50.0,50.0,50.0,50.0,50.0,50.0,58.0,42.0,0.0,0.0,False,False,1,,,,,,,,,,,,
2026-03-27T00:05:46.817497-04:00,vsin_circa,circa,mlb,mlb_20260327_kansas_city_royals_atlanta_braves,Mar 27,,Kansas City Royals,Atlanta Braves,123.0,33.0,67.0,25.0,75.0,7.5,50.0,50.0,100.0,,50.0,50.0,50.0,50.0,8.0,50.0,False,True,1,,,,,,,,,,,,
2026-03-27T00:05:46.817497-04:00,vsin_circa,circa,mlb,mlb_20260327_los_angeles_angels_houston_astros,Mar 27,,Los Angeles Angels,Houston Astros,140.0,50.0,50.0,50.0,50.0,8.5,50.0,50.0,50.0,50.0,50.0,50.0,50.0,50.0,0.0,0.0,False,False,1,,,,,,,,,,,,
2026-03-27T00:05:46.817497-04:00,vsin_circa,circa,mlb,mlb_20260327_detroit_tigers_san_diego_padres,Mar 27,,Detroit Tigers,San Diego Padres,107.0,50.0,50.0,50.0,50.0,7.5,,100.0,,100.0,50.0,50.0,50.0,50.0,0.0,,False,,1,,,,,,,,,,,,
2026-03-27T00:05:46.817497-04:00,vsin_circa,circa,mlb,mlb_20260327_cleveland_guardians_seattle_mariners,Mar 27,,Cleveland Guardians,Seattle Mariners,145.0,50.0,50.0,50.0,50.0,7.5,50.0,50.0,50.0,50.0,50.0,50.0,50.0,50.0,0.0,0.0,False,False,1,,,,,,,,,,,,
2026-03-27T00:05:46.817497-04:00,vsin_circa,circa,mlb,mlb_20260327_arizona_diamondbacks_los_angeles_dodgers,Mar 27,,Arizona Diamondbacks,Los Angeles Dodgers,182.0,,100.0,,100.0,8.5,50.0,50.0,50.0,50.0,,100.0,,100.0,0.0,0.0,False,False,1,,,,,,,,,,,,
2026-03-27T00:13:49.906777-04:00,vsin_dk,draftkings,mlb,mlb_20260326_pittsburgh_pirates_new_york_mets,Mar 26,,Pittsburgh Pirates,New York Mets,102.0,49.0,51.0,47.0,53.0,7.0,40.0,60.0,38.0,62.0,28.0,72.0,46.0,54.0,2.0,2.0,False,False,1,,,,,,,,,,,,
2026-03-27T00:13:49.906777-04:00,vsin_dk,draftkings,mlb,mlb_20260326_chicago_white_sox_milwaukee_brewers,Mar 26,,Chicago White Sox,Milwaukee Brewers,163.0,10.0,90.0,18.0,82.0,7.5,47.0,53.0,65.0,35.0,19.0,81.0,12.0,88.0,8.0,18.0,False,True,1,,,,,,,,,,,,
2026-03-27T00:13:49.906777-04:00,vsin_dk,draftkings,mlb,mlb_20260326_washington_nationals_chicago_cubs,Mar 26,,Washington Nationals,Chicago Cubs,169.0,7.0,93.0,16.0,84.0,7.0,59.0,41.0,39.0,61.0,14.0,86.0,12.0,88.0,9.0,20.0,False,True,1,,,,,,,,,,,,
2026-03-27T00:13:49.906777-04:00,vsin_dk,draftkings,mlb,mlb_20260326_minnesota_twins_baltimore_orioles,Mar 26,,Minnesota Twins,Baltimore Orioles,120.0,19.0,81.0,37.0,63.0,8.5,56.0,44.0,64.0,36.0,35.0,65.0,5.0,95.0,18.0,8.0,True,False,1,,,,,,,,,,,,
2026-03-27T00:13:49.906777-04:00,vsin_dk,draftkings,mlb,mlb_20260326_los_angeles_angels_houston_astros,Mar 26,,Los Angeles Angels,Houston Astros,153.0,10.0,90.0,21.0,79.0,8.0,55.0,45.0,47.0,53.0,26.0,74.0,60.0,40.0,11.0,8.0,False,False,1,,,,,,,,,,,,
2026-03-27T00:13:49.906777-04:00,vsin_dk,draftkings,mlb,mlb_20260326_detroit_tigers_san_diego_padres,Mar 26,,Detroit Tigers,San Diego Padres,-126.0,77.0,23.0,73.0,27.0,7.0,44.0,56.0,17.0,83.0,48.0,52.0,64.0,36.0,4.0,27.0,False,True,1,,,,,,,,,,,,
2026-03-27T00:13:49.906777-04:00,vsin_dk,draftkings,mlb,mlb_20260326_boston_red_sox_cincinnati_reds,Mar 26,,Boston Red Sox,Cincinnati Reds,-163.0,83.0,17.0,74.0,26.0,8.0,58.0,42.0,60.0,40.0,67.0,33.0,82.0,18.0,9.0,2.0,False,False,1,,,,,,,,,,,,
2026-03-27T00:13:49.906777-04:00,vsin_dk,draftkings,mlb,mlb_20260326_texas_rangers_philadelphia_phillies,Mar 26,,Texas Rangers,Philadelphia Phillies,144.0,15.0,85.0,37.0,63.0,8.0,50.0,50.0,53.0,47.0,34.0,66.0,22.0,78.0,22.0,3.0,True,False,1,,,,,,,,,,,,
2026-03-27T00:13:49.906777-04:00,vsin_dk,draftkings,mlb,mlb_20260326_tampa_bay_rays_st_louis_cardinals,Mar 26,,Tampa Bay Rays,ST Louis Cardinals,-136.0,65.0,35.0,57.0,43.0,8.0,61.0,39.0,84.0,16.0,36.0,64.0,43.0,57.0,8.0,23.0,False,True,1,,,,,,,,,,,,
2026-03-27T00:13:49.906777-04:00,vsin_dk,draftkings,mlb,mlb_20260326_arizona_diamondbacks_los_angeles_dodgers,Mar 26,,Arizona Diamondbacks,Los Angeles Dodgers,229.0,6.0,94.0,19.0,81.0,9.0,51.0,49.0,58.0,42.0,10.0,90.0,9.0,91.0,13.0,7.0,False,False,1,,,,,,,,,,,,
2026-03-27T00:13:49.906777-04:00,vsin_dk,draftkings,mlb,mlb_20260326_cleveland_guardians_seattle_mariners,Mar 26,,Cleveland Guardians,Seattle Mariners,153.0,18.0,82.0,39.0,61.0,6.5,69.0,31.0,56.0,44.0,34.0,66.0,23.0,77.0,21.0,13.0,True,False,1,,,,,,,,,,,,
2026-03-27T00:13:49.906777-04:00,vsin_dk,draftkings,mlb,mlb_20260327_new_york_yankees_san_francisco_giants,Mar 27,,New York Yankees,San Francisco Giants,-131.0,83.0,17.0,80.0,20.0,7.5,82.0,18.0,92.0,8.0,78.0,22.0,79.0,21.0,3.0,10.0,False,False,1,,,,,,,,,,,,
2026-03-27T00:13:49.906777-04:00,vsin_dk,draftkings,mlb,mlb_20260327_athletics_toronto_blue_jays,Mar 27,,Athletics,Toronto Blue Jays,139.0,12.0,88.0,51.0,49.0,8.5,56.0,44.0,22.0,78.0,17.0,83.0,5.0,95.0,39.0,34.0,True,True,1,,,,,,,,,,,,
2026-03-27T00:13:49.906777-04:00,vsin_dk,draftkings,mlb,mlb_20260327_colorado_rockies_miami_marlins,Mar 27,,Colorado Rockies,Miami Marlins,163.0,16.0,84.0,44.0,56.0,7.5,70.0,30.0,95.0,5.0,22.0,78.0,19.0,81.0,28.0,25.0,True,True,1,,,,,,,,,,,,
2026-03-27T00:13:49.906777-04:00,vsin_dk,draftkings,mlb,mlb_20260327_kansas_city_royals_atlanta_braves,Mar 27,,Kansas City Royals,Atlanta Braves,119.0,22.0,78.0,53.0,47.0,7.5,69.0,31.0,68.0,32.0,38.0,62.0,25.0,75.0,31.0,1.0,True,False,1,,,,,,,,,,,,
2026-03-27T00:13:49.906777-04:00,vsin_dk,draftkings,mlb,mlb_20260327_los_angeles_angels_houston_astros,Mar 27,,Los Angeles Angels,Houston Astros,135.0,21.0,79.0,36.0,64.0,8.5,54.0,46.0,17.0,83.0,33.0,67.0,6.0,94.0,15.0,37.0,True,True,1,,,,,,,,,,,,
2026-03-27T00:13:49.906777-04:00,vsin_dk,draftkings,mlb,mlb_20260327_detroit_tigers_san_diego_padres,Mar 27,,Detroit Tigers,San Diego Padres,104.0,60.0,40.0,70.0,30.0,7.5,71.0,29.0,50.0,50.0,57.0,43.0,51.0,49.0,10.0,21.0,False,True,1,,,,,,,,,,,,
2026-03-27T00:13:49.906777-04:00,vsin_dk,draftkings,mlb,mlb_20260327_cleveland_guardians_seattle_mariners,Mar 27,,Cleveland Guardians,Seattle Mariners,141.0,23.0,77.0,14.0,86.0,7.0,52.0,48.0,14.0,86.0,33.0,67.0,14.0,86.0,9.0,38.0,False,True,1,,,,,,,,,,,,
2026-03-27T00:13:49.906777-04:00,vsin_dk,draftkings,mlb,mlb_20260327_arizona_diamondbacks_los_angeles_dodgers,Mar 27,,Arizona Diamondbacks,Los Angeles Dodgers,179.0,11.0,89.0,8.0,92.0,8.5,76.0,24.0,84.0,16.0,15.0,85.0,43.0,57.0,3.0,8.0,False,False,1,,,,,,,,,,,,
2026-03-27T00:14:08.833282-04:00,vsin_circa,circa,mlb,mlb_20260326_pittsburgh_pirates_new_york_mets,Mar 26,,Pittsburgh Pirates,New York Mets,105.0,59.0,41.0,23.0,77.0,7.0,11.0,89.0,29.0,71.0,43.0,57.0,67.0,33.0,36.0,18.0,True,True,1,,,,,,,,,,,,
2026-03-27T00:14:08.833282-04:00,vsin_circa,circa,mlb,mlb_20260326_chicago_white_sox_milwaukee_brewers,Mar 26,,Chicago White Sox,Milwaukee Brewers,168.0,52.0,48.0,7.0,93.0,7.5,33.0,67.0,45.0,55.0,,100.0,,100.0,45.0,12.0,True,False,1,,,,,,,,,,,,
2026-03-27T00:14:08.833282-04:00,vsin_circa,circa,mlb,mlb_20260326_washington_nationals_chicago_cubs,Mar 26,,Washington Nationals,Chicago Cubs,178.0,27.0,73.0,19.0,81.0,7.0,29.0,71.0,6.0,94.0,14.0,86.0,86.0,14.0,8.0,23.0,False,True,1,,,,,,,,,,,,
2026-03-27T00:14:08.833282-04:00,vsin_circa,circa,mlb,mlb_20260326_minnesota_twins_baltimore_orioles,Mar 26,,Minnesota Twins,Baltimore Orioles,126.0,45.0,55.0,11.0,89.0,8.5,72.0,28.0,86.0,14.0,38.0,63.0,85.0,15.0,34.0,14.0,True,False,1,,,,,,,,,,,,
2026-03-27T00:14:08.833282-04:00,vsin_circa,circa,mlb,mlb_20260326_los_angeles_angels_houston_astros,Mar 26,,Los Angeles Angels,Houston Astros,160.0,61.0,39.0,75.0,25.0,8.0,17.0,83.0,2.0,98.0,25.0,75.0,94.0,6.0,14.0,15.0,False,True,1,,,,,,,,,,,,
2026-03-27T00:14:08.833282-04:00,vsin_circa,circa,mlb,mlb_20260326_detroit_tigers_san_diego_padres,Mar 26,,Detroit Tigers,San Diego Padres,-120.0,62.0,38.0,42.0,58.0,7.0,44.0,56.0,36.0,64.0,50.0,50.0,27.0,73.0,20.0,8.0,True,False,1,,,,,,,,,,,,
2026-03-27T00:14:08.833282-04:00,vsin_circa,circa,mlb,mlb_20260326_boston_red_sox_cincinnati_reds,Mar 26,,Boston Red Sox,Cincinnati Reds,-152.0,44.0,56.0,85.0,15.0,8.0,25.0,75.0,20.0,80.0,71.0,29.0,99.0,1.0,41.0,5.0,True,False,1,,,,,,,,,,,,
2026-03-27T00:14:08.833282-04:00,vsin_circa,circa,mlb,mlb_20260326_texas_rangers_philadelphia_phillies,Mar 26,,Texas Rangers,Philadelphia Phillies,142.0,47.0,53.0,13.0,87.0,8.0,56.0,44.0,59.0,41.0,,100.0,,100.0,34.0,3.0,True,False,1,,,,,,,,,,,,
2026-03-27T00:14:08.833282-04:00,vsin_circa,circa,mlb,mlb_20260326_tampa_bay_rays_st_louis_cardinals,Mar 26,,Tampa Bay Rays,ST Louis Cardinals,-128.0,66.0,34.0,93.0,7.0,8.0,57.0,43.0,21.0,79.0,40.0,60.0,100.0,,27.0,36.0,True,True,1,,,,,,,,,,,,
2026-03-27T00:14:08.833282-04:00,vsin_circa,circa,mlb,mlb_20260326_arizona_diamondbacks_los_angeles_dodgers,Mar 26,,Arizona Diamondbacks,Los Angeles Dodgers,250.0,59.0,41.0,2.0,98.0,9.0,44.0,56.0,14.0,86.0,24.0,76.0,18.0,82.0,57.0,30.0,True,True,1,,,,,,,,,,,,
2026-03-27T00:14:08.833282-04:00,vsin_circa,circa,mlb,mlb_20260326_cleveland_guardians_seattle_mariners,Mar 26,,Cleveland Guardians,Seattle Mariners,157.0,45.0,55.0,35.0,65.0,6.5,43.0,57.0,62.0,38.0,33.0,67.0,24.0,76.0,10.0,19.0,False,True,1,,,,,,,,,,,,
2026-03-27T00:14:08.833282-04:00,vsin_circa,circa,mlb,mlb_20260327_new_york_yankees_san_francisco_giants,Mar 27,,New York Yankees,San Francisco Giants,-125.0,86.0,14.0,95.0,5.0,7.5,100.0,,100.0,,,100.0,,100.0,9.0,0.0,False,False,1,,,,,,,,,,,,
2026-03-27T00:14:08.833282-04:00,vsin_circa,circa,mlb,mlb_20260327_athletics_toronto_blue_jays,Mar 27,,Athletics,Toronto Blue Jays,141.0,22.0,78.0,7.0,93.0,8.5,50.0,50.0,50.0,50.0,50.0,50.0,50.0,50.0,15.0,0.0,True,False,1,,,,,,,,,,,,
2026-03-27T00:14:08.833282-04:00,vsin_circa,circa,mlb,mlb_20260327_colorado_rockies_miami_marlins,Mar 27,,Colorado Rockies,Miami Marlins,167.0,,100.0,,100.0,7.5,50.0,50.0,50.0,50.0,50.0,50.0,58.0,42.0,0.0,0.0,False,False,1,,,,,,,,,,,,
2026-03-27T00:14:08.833282-04:00,vsin_circa,circa,mlb,mlb_20260327_kansas_city_royals_atlanta_braves,Mar 27,,Kansas City Royals,Atlanta Braves,123.0,33.0,67.0,25.0,75.0,7.5,50.0,50.0,100.0,,50.0,50.0,50.0,50.0,8.0,50.0,False,True,1,,,,,,,,,,,,
2026-03-27T00:14:08.833282-04:00,vsin_circa,circa,mlb,mlb_20260327_los_angeles_angels_houston_astros,Mar 27,,Los Angeles Angels,Houston Astros,140.0,50.0,50.0,50.0,50.0,8.5,50.0,50.0,50.0,50.0,50.0,50.0,50.0,50.0,0.0,0.0,False,False,1,,,,,,,,,,,,
2026-03-27T00:14:08.833282-04:00,vsin_circa,circa,mlb,mlb_20260327_detroit_tigers_san_diego_padres,Mar 27,,Detroit Tigers,San Diego Padres,107.0,50.0,50.0,50.0,50.0,7.5,,100.0,,100.0,50.0,50.0,50.0,50.0,0.0,,False,,1,,,,,,,,,,,,
2026-03-27T00:14:08.833282-04:00,vsin_circa,circa,mlb,mlb_20260327_cleveland_guardians_seattle_mariners,Mar 27,,Cleveland Guardians,Seattle Mariners,145.0,50.0,50.0,50.0,50.0,7.5,50.0,50.0,50.0,50.0,50.0,50.0,50.0,50.0,0.0,0.0,False,False,1,,,,,,,,,,,,
2026-03-27T00:14:08.833282-04:00,vsin_circa,circa,mlb,mlb_20260327_arizona_diamondbacks_los_angeles_dodgers,Mar 27,,Arizona Diamondbacks,Los Angeles Dodgers,182.0,,100.0,,100.0,8.5,50.0,50.0,50.0,50.0,,100.0,,100.0,0.0,0.0,False,False,1,,,,,,,,,,,,
2026-03-27T00:35:28.718985-04:00,vsin_dk,draftkings,mlb,mlb_20260326_pittsburgh_pirates_new_york_mets,Mar 26,,Pittsburgh Pirates,New York Mets,102.0,49.0,51.0,47.0,53.0,7.0,40.0,60.0,38.0,62.0,28.0,72.0,46.0,54.0,2.0,2.0,False,False,1,,,,,,,,,,,,
2026-03-27T00:35:28.718985-04:00,vsin_dk,draftkings,mlb,mlb_20260326_chicago_white_sox_milwaukee_brewers,Mar 26,,Chicago White Sox,Milwaukee Brewers,163.0,10.0,90.0,18.0,82.0,7.5,47.0,53.0,65.0,35.0,19.0,81.0,12.0,88.0,8.0,18.0,False,True,1,,,,,,,,,,,,
2026-03-27T00:35:28.718985-04:00,vsin_dk,draftkings,mlb,mlb_20260326_washington_nationals_chicago_cubs,Mar 26,,Washington Nationals,Chicago Cubs,169.0,7.0,93.0,16.0,84.0,7.0,59.0,41.0,39.0,61.0,14.0,86.0,12.0,88.0,9.0,20.0,False,True,1,,,,,,,,,,,,
2026-03-27T00:35:28.718985-04:00,vsin_dk,draftkings,mlb,mlb_20260326_minnesota_twins_baltimore_orioles,Mar 26,,Minnesota Twins,Baltimore Orioles,120.0,19.0,81.0,37.0,63.0,8.5,56.0,44.0,64.0,36.0,35.0,65.0,5.0,95.0,18.0,8.0,True,False,1,,,,,,,,,,,,
2026-03-27T00:35:28.718985-04:00,vsin_dk,draftkings,mlb,mlb_20260326_los_angeles_angels_houston_astros,Mar 26,,Los Angeles Angels,Houston Astros,153.0,10.0,90.0,21.0,79.0,8.0,55.0,45.0,47.0,53.0,26.0,74.0,60.0,40.0,11.0,8.0,False,False,1,,,,,,,,,,,,
2026-03-27T00:35:28.718985-04:00,vsin_dk,draftkings,mlb,mlb_20260326_detroit_tigers_san_diego_padres,Mar 26,,Detroit Tigers,San Diego Padres,-126.0,77.0,23.0,73.0,27.0,7.0,44.0,56.0,17.0,83.0,48.0,52.0,64.0,36.0,4.0,27.0,False,True,1,,,,,,,,,,,,
2026-03-27T00:35:28.718985-04:00,vsin_dk,draftkings,mlb,mlb_20260326_boston_red_sox_cincinnati_reds,Mar 26,,Boston Red Sox,Cincinnati Reds,-163.0,83.0,17.0,74.0,26.0,8.0,58.0,42.0,60.0,40.0,67.0,33.0,82.0,18.0,9.0,2.0,False,False,1,,,,,,,,,,,,
2026-03-27T00:35:28.718985-04:00,vsin_dk,draftkings,mlb,mlb_20260326_texas_rangers_philadelphia_phillies,Mar 26,,Texas Rangers,Philadelphia Phillies,144.0,15.0,85.0,37.0,63.0,8.0,50.0,50.0,53.0,47.0,34.0,66.0,22.0,78.0,22.0,3.0,True,False,1,,,,,,,,,,,,
2026-03-27T00:35:28.718985-04:00,vsin_dk,draftkings,mlb,mlb_20260326_tampa_bay_rays_st_louis_cardinals,Mar 26,,Tampa Bay Rays,ST Louis Cardinals,-136.0,65.0,35.0,57.0,43.0,8.0,61.0,39.0,84.0,16.0,36.0,64.0,43.0,57.0,8.0,23.0,False,True,1,,,,,,,,,,,,
2026-03-27T00:35:28.718985-04:00,vsin_dk,draftkings,mlb,mlb_20260326_arizona_diamondbacks_los_angeles_dodgers,Mar 26,,Arizona Diamondbacks,Los Angeles Dodgers,229.0,6.0,94.0,19.0,81.0,9.0,51.0,49.0,58.0,42.0,10.0,90.0,9.0,91.0,13.0,7.0,False,False,1,,,,,,,,,,,,
2026-03-27T00:35:28.718985-04:00,vsin_dk,draftkings,mlb,mlb_20260326_cleveland_guardians_seattle_mariners,Mar 26,,Cleveland Guardians,Seattle Mariners,153.0,18.0,82.0,39.0,61.0,6.5,69.0,31.0,56.0,44.0,34.0,66.0,23.0,77.0,21.0,13.0,True,False,1,,,,,,,,,,,,
2026-03-27T00:35:28.718985-04:00,vsin_dk,draftkings,mlb,mlb_20260327_new_york_yankees_san_francisco_giants,Mar 27,,New York Yankees,San Francisco Giants,-131.0,83.0,17.0,79.0,21.0,7.5,82.0,18.0,87.0,13.0,78.0,22.0,84.0,16.0,4.0,5.0,False,False,1,,,,,,,,,,,,
2026-03-27T00:35:28.718985-04:00,vsin_dk,draftkings,mlb,mlb_20260327_athletics_toronto_blue_jays,Mar 27,,Athletics,Toronto Blue Jays,139.0,12.0,88.0,49.0,51.0,8.5,57.0,43.0,24.0,76.0,16.0,84.0,5.0,95.0,37.0,33.0,True,True,1,,,,,,,,,,,,
2026-03-27T00:35:28.718985-04:00,vsin_dk,draftkings,mlb,mlb_20260327_colorado_rockies_miami_marlins,Mar 27,,Colorado Rockies,Miami Marlins,163.0,16.0,84.0,49.0,51.0,7.5,71.0,29.0,94.0,6.0,22.0,78.0,36.0,64.0,33.0,23.0,True,True,1,,,,,,,,,,,,
2026-03-27T00:35:28.718985-04:00,vsin_dk,draftkings,mlb,mlb_20260327_kansas_city_royals_atlanta_braves,Mar 27,,Kansas City Royals,Atlanta Braves,119.0,22.0,78.0,52.0,48.0,7.5,69.0,31.0,70.0,30.0,37.0,63.0,26.0,74.0,30.0,1.0,True,False,1,,,,,,,,,,,,
2026-03-27T00:35:28.718985-04:00,vsin_dk,draftkings,mlb,mlb_20260327_los_angeles_angels_houston_astros,Mar 27,,Los Angeles Angels,Houston Astros,135.0,21.0,79.0,33.0,67.0,8.5,55.0,45.0,22.0,78.0,33.0,67.0,8.0,92.0,12.0,33.0,False,True,1,,,,,,,,,,,,
2026-03-27T00:35:28.718985-04:00,vsin_dk,draftkings,mlb,mlb_20260327_detroit_tigers_san_diego_padres,Mar 27,,Detroit Tigers,San Diego Padres,104.0,60.0,40.0,65.0,35.0,7.5,70.0,30.0,42.0,58.0,55.0,45.0,49.0,51.0,5.0,28.0,False,True,1,,,,,,,,,,,,
2026-03-27T00:35:28.718985-04:00,vsin_dk,draftkings,mlb,mlb_20260327_cleveland_guardians_seattle_mariners,Mar 27,,Cleveland Guardians,Seattle Mariners,141.0,23.0,77.0,14.0,86.0,7.0,54.0,46.0,14.0,86.0,32.0,68.0,13.0,87.0,9.0,40.0,False,True,1,,,,,,,,,,,,
2026-03-27T00:35:28.718985-04:00,vsin_dk,draftkings,mlb,mlb_20260327_arizona_diamondbacks_los_angeles_dodgers,Mar 27,,Arizona Diamondbacks,Los Angeles Dodgers,184.0,11.0,89.0,28.0,72.0,8.5,77.0,23.0,86.0,14.0,14.0,86.0,39.0,61.0,17.0,9.0,True,False,1,,,,,,,,,,,,
2026-03-27T00:35:50.302435-04:00,vsin_circa,circa,mlb,mlb_20260326_pittsburgh_pirates_new_york_mets,Mar 26,,Pittsburgh Pirates,New York Mets,105.0,59.0,41.0,23.0,77.0,7.0,11.0,89.0,29.0,71.0,43.0,57.0,67.0,33.0,36.0,18.0,True,True,1,,,,,,,,,,,,
2026-03-27T00:35:50.302435-04:00,vsin_circa,circa,mlb,mlb_20260326_chicago_white_sox_milwaukee_brewers,Mar 26,,Chicago White Sox,Milwaukee Brewers,168.0,52.0,48.0,7.0,93.0,7.5,33.0,67.0,45.0,55.0,,100.0,,100.0,45.0,12.0,True,False,1,,,,,,,,,,,,
2026-03-27T00:35:50.302435-04:00,vsin_circa,circa,mlb,mlb_20260326_washington_nationals_chicago_cubs,Mar 26,,Washington Nationals,Chicago Cubs,178.0,27.0,73.0,19.0,81.0,7.0,29.0,71.0,6.0,94.0,14.0,86.0,86.0,14.0,8.0,23.0,False,True,1,,,,,,,,,,,,
2026-03-27T00:35:50.302435-04:00,vsin_circa,circa,mlb,mlb_20260326_minnesota_twins_baltimore_orioles,Mar 26,,Minnesota Twins,Baltimore Orioles,126.0,45.0,55.0,11.0,89.0,8.5,72.0,28.0,86.0,14.0,38.0,63.0,85.0,15.0,34.0,14.0,True,False,1,,,,,,,,,,,,
2026-03-27T00:35:50.302435-04:00,vsin_circa,circa,mlb,mlb_20260326_los_angeles_angels_houston_astros,Mar 26,,Los Angeles Angels,Houston Astros,160.0,61.0,39.0,75.0,25.0,8.0,17.0,83.0,2.0,98.0,25.0,75.0,94.0,6.0,14.0,15.0,False,True,1,,,,,,,,,,,,
2026-03-27T00:35:50.302435-04:00,vsin_circa,circa,mlb,mlb_20260326_detroit_tigers_san_diego_padres,Mar 26,,Detroit Tigers,San Diego Padres,-120.0,62.0,38.0,42.0,58.0,7.0,44.0,56.0,36.0,64.0,50.0,50.0,27.0,73.0,20.0,8.0,True,False,1,,,,,,,,,,,,
2026-03-27T00:35:50.302435-04:00,vsin_circa,circa,mlb,mlb_20260326_boston_red_sox_cincinnati_reds,Mar 26,,Boston Red Sox,Cincinnati Reds,-152.0,44.0,56.0,85.0,15.0,8.0,25.0,75.0,20.0,80.0,71.0,29.0,99.0,1.0,41.0,5.0,True,False,1,,,,,,,,,,,,
2026-03-27T00:35:50.302435-04:00,vsin_circa,circa,mlb,mlb_20260326_texas_rangers_philadelphia_phillies,Mar 26,,Texas Rangers,Philadelphia Phillies,142.0,47.0,53.0,13.0,87.0,8.0,56.0,44.0,59.0,41.0,,100.0,,100.0,34.0,3.0,True,False,1,,,,,,,,,,,,
2026-03-27T00:35:50.302435-04:00,vsin_circa,circa,mlb,mlb_20260326_tampa_bay_rays_st_louis_cardinals,Mar 26,,Tampa Bay Rays,ST Louis Cardinals,-128.0,66.0,34.0,93.0,7.0,8.0,57.0,43.0,21.0,79.0,40.0,60.0,100.0,,27.0,36.0,True,True,1,,,,,,,,,,,,
2026-03-27T00:35:50.302435-04:00,vsin_circa,circa,mlb,mlb_20260326_arizona_diamondbacks_los_angeles_dodgers,Mar 26,,Arizona Diamondbacks,Los Angeles Dodgers,250.0,59.0,41.0,2.0,98.0,9.0,44.0,56.0,14.0,86.0,24.0,76.0,18.0,82.0,57.0,30.0,True,True,1,,,,,,,,,,,,
2026-03-27T00:35:50.302435-04:00,vsin_circa,circa,mlb,mlb_20260326_cleveland_guardians_seattle_mariners,Mar 26,,Cleveland Guardians,Seattle Mariners,157.0,45.0,55.0,35.0,65.0,6.5,43.0,57.0,62.0,38.0,33.0,67.0,24.0,76.0,10.0,19.0,False,True,1,,,,,,,,,,,,
2026-03-27T00:35:50.302435-04:00,vsin_circa,circa,mlb,mlb_20260327_new_york_yankees_san_francisco_giants,Mar 27,,New York Yankees,San Francisco Giants,-125.0,86.0,14.0,95.0,5.0,7.5,100.0,,100.0,,,100.0,,100.0,9.0,0.0,False,False,1,,,,,,,,,,,,
2026-03-27T00:35:50.302435-04:00,vsin_circa,circa,mlb,mlb_20260327_athletics_toronto_blue_jays,Mar 27,,Athletics,Toronto Blue Jays,141.0,30.0,70.0,11.0,89.0,8.5,100.0,,100.0,,50.0,50.0,50.0,50.0,19.0,0.0,True,False,1,,,,,,,,,,,,
2026-03-27T00:35:50.302435-04:00,vsin_circa,circa,mlb,mlb_20260327_colorado_rockies_miami_marlins,Mar 27,,Colorado Rockies,Miami Marlins,167.0,,100.0,,100.0,7.5,50.0,50.0,50.0,50.0,50.0,50.0,58.0,42.0,0.0,0.0,False,False,1,,,,,,,,,,,,
2026-03-27T00:35:50.302435-04:00,vsin_circa,circa,mlb,mlb_20260327_kansas_city_royals_atlanta_braves,Mar 27,,Kansas City Royals,Atlanta Braves,123.0,33.0,67.0,25.0,75.0,7.5,50.0,50.0,100.0,,50.0,50.0,50.0,50.0,8.0,50.0,False,True,1,,,,,,,,,,,,
2026-03-27T00:35:50.302435-04:00,vsin_circa,circa,mlb,mlb_20260327_los_angeles_angels_houston_astros,Mar 27,,Los Angeles Angels,Houston Astros,140.0,50.0,50.0,50.0,50.0,8.5,50.0,50.0,50.0,50.0,50.0,50.0,50.0,50.0,0.0,0.0,False,False,1,,,,,,,,,,,,
2026-03-27T00:35:50.302435-04:00,vsin_circa,circa,mlb,mlb_20260327_detroit_tigers_san_diego_padres,Mar 27,,Detroit Tigers,San Diego Padres,107.0,50.0,50.0,50.0,50.0,7.5,,100.0,,100.0,50.0,50.0,50.0,50.0,0.0,,False,,1,,,,,,,,,,,,
2026-03-27T00:35:50.302435-04:00,vsin_circa,circa,mlb,mlb_20260327_cleveland_guardians_seattle_mariners,Mar 27,,Cleveland Guardians,Seattle Mariners,145.0,50.0,50.0,50.0,50.0,7.5,,100.0,,100.0,50.0,50.0,50.0,50.0,0.0,,False,,1,,,,,,,,,,,,
2026-03-27T00:35:50.302435-04:00,vsin_circa,circa,mlb,mlb_20260327_arizona_diamondbacks_los_angeles_dodgers,Mar 27,,Arizona Diamondbacks,Los Angeles Dodgers,182.0,,100.0,,100.0,8.5,50.0,50.0,50.0,50.0,,100.0,,100.0,0.0,0.0,False,False,1,,,,,,,,,,,,
2026-03-27T01:05:32.323363-04:00,vsin_dk,draftkings,mlb,mlb_20260326_pittsburgh_pirates_new_york_mets,Mar 26,,Pittsburgh Pirates,New York Mets,102.0,49.0,51.0,47.0,53.0,7.0,40.0,60.0,38.0,62.0,28.0,72.0,46.0,54.0,2.0,2.0,False,False,1,,,,,,,,,,,,
2026-03-27T01:05:32.323363-04:00,vsin_dk,draftkings,mlb,mlb_20260326_chicago_white_sox_milwaukee_brewers,Mar 26,,Chicago White Sox,Milwaukee Brewers,163.0,10.0,90.0,18.0,82.0,7.5,47.0,53.0,65.0,35.0,19.0,81.0,12.0,88.0,8.0,18.0,False,True,1,,,,,,,,,,,,
2026-03-27T01:05:32.323363-04:00,vsin_dk,draftkings,mlb,mlb_20260326_washington_nationals_chicago_cubs,Mar 26,,Washington Nationals,Chicago Cubs,169.0,7.0,93.0,16.0,84.0,7.0,59.0,41.0,39.0,61.0,14.0,86.0,12.0,88.0,9.0,20.0,False,True,1,,,,,,,,,,,,
2026-03-27T01:05:32.323363-04:00,vsin_dk,draftkings,mlb,mlb_20260326_minnesota_twins_baltimore_orioles,Mar 26,,Minnesota Twins,Baltimore Orioles,120.0,19.0,81.0,37.0,63.0,8.5,56.0,44.0,64.0,36.0,35.0,65.0,5.0,95.0,18.0,8.0,True,False,1,,,,,,,,,,,,
2026-03-27T01:05:32.323363-04:00,vsin_dk,draftkings,mlb,mlb_20260326_los_angeles_angels_houston_astros,Mar 26,,Los Angeles Angels,Houston Astros,153.0,10.0,90.0,21.0,79.0,8.0,55.0,45.0,47.0,53.0,26.0,74.0,60.0,40.0,11.0,8.0,False,False,1,,,,,,,,,,,,
2026-03-27T01:05:32.323363-04:00,vsin_dk,draftkings,mlb,mlb_20260326_detroit_tigers_san_diego_padres,Mar 26,,Detroit Tigers,San Diego Padres,-126.0,77.0,23.0,73.0,27.0,7.0,44.0,56.0,17.0,83.0,48.0,52.0,64.0,36.0,4.0,27.0,False,True,1,,,,,,,,,,,,
2026-03-27T01:05:32.323363-04:00,vsin_dk,draftkings,mlb,mlb_20260326_boston_red_sox_cincinnati_reds,Mar 26,,Boston Red Sox,Cincinnati Reds,-163.0,83.0,17.0,74.0,26.0,8.0,58.0,42.0,60.0,40.0,67.0,33.0,82.0,18.0,9.0,2.0,False,False,1,,,,,,,,,,,,
2026-03-27T01:05:32.323363-04:00,vsin_dk,draftkings,mlb,mlb_20260326_texas_rangers_philadelphia_phillies,Mar 26,,Texas Rangers,Philadelphia Phillies,144.0,15.0,85.0,37.0,63.0,8.0,50.0,50.0,53.0,47.0,34.0,66.0,22.0,78.0,22.0,3.0,True,False,1,,,,,,,,,,,,
2026-03-27T01:05:32.323363-04:00,vsin_dk,draftkings,mlb,mlb_20260326_tampa_bay_rays_st_louis_cardinals,Mar 26,,Tampa Bay Rays,ST Louis Cardinals,-136.0,65.0,35.0,57.0,43.0,8.0,61.0,39.0,84.0,16.0,36.0,64.0,43.0,57.0,8.0,23.0,False,True,1,,,,,,,,,,,,
2026-03-27T01:05:32.323363-04:00,vsin_dk,draftkings,mlb,mlb_20260326_arizona_diamondbacks_los_angeles_dodgers,Mar 26,,Arizona Diamondbacks,Los Angeles Dodgers,229.0,6.0,94.0,19.0,81.0,9.0,51.0,49.0,58.0,42.0,10.0,90.0,9.0,91.0,13.0,7.0,False,False,1,,,,,,,,,,,,
2026-03-27T01:05:32.323363-04:00,vsin_dk,draftkings,mlb,mlb_20260326_cleveland_guardians_seattle_mariners,Mar 26,,Cleveland Guardians,Seattle Mariners,153.0,18.0,82.0,39.0,61.0,6.5,69.0,31.0,56.0,44.0,34.0,66.0,23.0,77.0,21.0,13.0,True,False,1,,,,,,,,,,,,
2026-03-27T01:05:32.323363-04:00,vsin_dk,draftkings,mlb,mlb_20260327_new_york_yankees_san_francisco_giants,Mar 27,,New York Yankees,San Francisco Giants,-131.0,83.0,17.0,79.0,21.0,7.5,83.0,17.0,89.0,11.0,79.0,21.0,79.0,21.0,4.0,6.0,False,False,1,,,,,,,,,,,,
2026-03-27T01:05:32.323363-04:00,vsin_dk,draftkings,mlb,mlb_20260327_athletics_toronto_blue_jays,Mar 27,,Athletics,Toronto Blue Jays,139.0,12.0,88.0,47.0,53.0,8.5,57.0,43.0,25.0,75.0,16.0,84.0,5.0,95.0,35.0,32.0,True,True,1,,,,,,,,,,,,
2026-03-27T01:05:32.323363-04:00,vsin_dk,draftkings,mlb,mlb_20260327_colorado_rockies_miami_marlins,Mar 27,,Colorado Rockies,Miami Marlins,163.0,16.0,84.0,50.0,50.0,7.5,72.0,28.0,94.0,6.0,22.0,78.0,37.0,63.0,34.0,22.0,True,True,1,,,,,,,,,,,,
2026-03-27T01:05:32.323363-04:00,vsin_dk,draftkings,mlb,mlb_20260327_kansas_city_royals_atlanta_braves,Mar 27,,Kansas City Royals,Atlanta Braves,119.0,22.0,78.0,50.0,50.0,7.5,67.0,33.0,64.0,36.0,37.0,63.0,23.0,77.0,28.0,3.0,True,False,1,,,,,,,,,,,,
2026-03-27T01:05:32.323363-04:00,vsin_dk,draftkings,mlb,mlb_20260327_los_angeles_angels_houston_astros,Mar 27,,Los Angeles Angels,Houston Astros,135.0,22.0,78.0,32.0,68.0,8.5,55.0,45.0,14.0,86.0,34.0,66.0,8.0,92.0,10.0,41.0,False,True,1,,,,,,,,,,,,
2026-03-27T01:05:32.323363-04:00,vsin_dk,draftkings,mlb,mlb_20260327_detroit_tigers_san_diego_padres,Mar 27,,Detroit Tigers,San Diego Padres,104.0,61.0,39.0,71.0,29.0,7.5,70.0,30.0,42.0,58.0,53.0,47.0,50.0,50.0,10.0,28.0,False,True,1,,,,,,,,,,,,
2026-03-27T01:05:32.323363-04:00,vsin_dk,draftkings,mlb,mlb_20260327_cleveland_guardians_seattle_mariners,Mar 27,,Cleveland Guardians,Seattle Mariners,141.0,22.0,78.0,15.0,85.0,7.0,57.0,43.0,13.0,87.0,33.0,67.0,13.0,87.0,7.0,44.0,False,True,1,,,,,,,,,,,,
2026-03-27T01:05:32.323363-04:00,vsin_dk,draftkings,mlb,mlb_20260327_arizona_diamondbacks_los_angeles_dodgers,Mar 27,,Arizona Diamondbacks,Los Angeles Dodgers,184.0,11.0,89.0,34.0,66.0,8.5,78.0,22.0,86.0,14.0,14.0,86.0,32.0,68.0,23.0,8.0,True,False,1,,,,,,,,,,,,
2026-03-27T01:05:52.629475-04:00,vsin_circa,circa,mlb,mlb_20260326_pittsburgh_pirates_new_york_mets,Mar 26,,Pittsburgh Pirates,New York Mets,105.0,59.0,41.0,23.0,77.0,7.0,11.0,89.0,29.0,71.0,43.0,57.0,67.0,33.0,36.0,18.0,True,True,1,,,,,,,,,,,,
2026-03-27T01:05:52.629475-04:00,vsin_circa,circa,mlb,mlb_20260326_chicago_white_sox_milwaukee_brewers,Mar 26,,Chicago White Sox,Milwaukee Brewers,168.0,52.0,48.0,7.0,93.0,7.5,33.0,67.0,45.0,55.0,,100.0,,100.0,45.0,12.0,True,False,1,,,,,,,,,,,,
2026-03-27T01:05:52.629475-04:00,vsin_circa,circa,mlb,mlb_20260326_washington_nationals_chicago_cubs,Mar 26,,Washington Nationals,Chicago Cubs,178.0,27.0,73.0,19.0,81.0,7.0,29.0,71.0,6.0,94.0,14.0,86.0,86.0,14.0,8.0,23.0,False,True,1,,,,,,,,,,,,
2026-03-27T01:05:52.629475-04:00,vsin_circa,circa,mlb,mlb_20260326_minnesota_twins_baltimore_orioles,Mar 26,,Minnesota Twins,Baltimore Orioles,126.0,45.0,55.0,11.0,89.0,8.5,72.0,28.0,86.0,14.0,38.0,63.0,85.0,15.0,34.0,14.0,True,False,1,,,,,,,,,,,,
2026-03-27T01:05:52.629475-04:00,vsin_circa,circa,mlb,mlb_20260326_los_angeles_angels_houston_astros,Mar 26,,Los Angeles Angels,Houston Astros,160.0,61.0,39.0,75.0,25.0,8.0,17.0,83.0,2.0,98.0,25.0,75.0,94.0,6.0,14.0,15.0,False,True,1,,,,,,,,,,,,
2026-03-27T01:05:52.629475-04:00,vsin_circa,circa,mlb,mlb_20260326_detroit_tigers_san_diego_padres,Mar 26,,Detroit Tigers,San Diego Padres,-120.0,62.0,38.0,42.0,58.0,7.0,44.0,56.0,36.0,64.0,50.0,50.0,27.0,73.0,20.0,8.0,True,False,1,,,,,,,,,,,,
2026-03-27T01:05:52.629475-04:00,vsin_circa,circa,mlb,mlb_20260326_boston_red_sox_cincinnati_reds,Mar 26,,Boston Red Sox,Cincinnati Reds,-152.0,44.0,56.0,85.0,15.0,8.0,25.0,75.0,20.0,80.0,71.0,29.0,99.0,1.0,41.0,5.0,True,False,1,,,,,,,,,,,,
2026-03-27T01:05:52.629475-04:00,vsin_circa,circa,mlb,mlb_20260326_texas_rangers_philadelphia_phillies,Mar 26,,Texas Rangers,Philadelphia Phillies,142.0,47.0,53.0,13.0,87.0,8.0,56.0,44.0,59.0,41.0,,100.0,,100.0,34.0,3.0,True,False,1,,,,,,,,,,,,
2026-03-27T01:05:52.629475-04:00,vsin_circa,circa,mlb,mlb_20260326_tampa_bay_rays_st_louis_cardinals,Mar 26,,Tampa Bay Rays,ST Louis Cardinals,-128.0,66.0,34.0,93.0,7.0,8.0,57.0,43.0,21.0,79.0,40.0,60.0,100.0,,27.0,36.0,True,True,1,,,,,,,,,,,,
2026-03-27T01:05:52.629475-04:00,vsin_circa,circa,mlb,mlb_20260326_arizona_diamondbacks_los_angeles_dodgers,Mar 26,,Arizona Diamondbacks,Los Angeles Dodgers,250.0,59.0,41.0,2.0,98.0,9.0,44.0,56.0,14.0,86.0,24.0,76.0,18.0,82.0,57.0,30.0,True,True,1,,,,,,,,,,,,
2026-03-27T01:05:52.629475-04:00,vsin_circa,circa,mlb,mlb_20260326_cleveland_guardians_seattle_mariners,Mar 26,,Cleveland Guardians,Seattle Mariners,157.0,45.0,55.0,35.0,65.0,6.5,43.0,57.0,62.0,38.0,33.0,67.0,24.0,76.0,10.0,19.0,False,True,1,,,,,,,,,,,,
2026-03-27T01:05:52.629475-04:00,vsin_circa,circa,mlb,mlb_20260327_new_york_yankees_san_francisco_giants,Mar 27,,New York Yankees,San Francisco Giants,-122.0,88.0,13.0,97.0,3.0,7.5,100.0,,100.0,,,100.0,,100.0,10.0,0.0,False,False,1,,,,,,,,,,,,
2026-03-27T01:05:52.629475-04:00,vsin_circa,circa,mlb,mlb_20260327_athletics_toronto_blue_jays,Mar 27,,Athletics,Toronto Blue Jays,141.0,27.0,73.0,3.0,97.0,8.5,100.0,,100.0,,50.0,50.0,50.0,50.0,24.0,0.0,True,False,1,,,,,,,,,,,,
2026-03-27T01:05:52.629475-04:00,vsin_circa,circa,mlb,mlb_20260327_colorado_rockies_miami_marlins,Mar 27,,Colorado Rockies,Miami Marlins,167.0,25.0,75.0,1.0,99.0,7.5,100.0,,100.0,,50.0,50.0,58.0,42.0,24.0,0.0,True,False,1,,,,,,,,,,,,
2026-03-27T01:05:52.629475-04:00,vsin_circa,circa,mlb,mlb_20260327_kansas_city_royals_atlanta_braves,Mar 27,,Kansas City Royals,Atlanta Braves,123.0,33.0,67.0,25.0,75.0,7.5,50.0,50.0,100.0,,50.0,50.0,50.0,50.0,8.0,50.0,False,True,1,,,,,,,,,,,,
2026-03-27T01:05:52.629475-04:00,vsin_circa,circa,mlb,mlb_20260327_los_angeles_angels_houston_astros,Mar 27,,Los Angeles Angels,Houston Astros,142.0,50.0,50.0,50.0,50.0,8.5,50.0,50.0,50.0,50.0,50.0,50.0,50.0,50.0,0.0,0.0,False,False,1,,,,,,,,,,,,
2026-03-27T01:05:52.629475-04:00,vsin_circa,circa,mlb,mlb_20260327_detroit_tigers_san_diego_padres,Mar 27,,Detroit Tigers,San Diego Padres,108.0,50.0,50.0,50.0,50.0,7.5,,100.0,,100.0,50.0,50.0,50.0,50.0,0.0,,False,,1,,,,,,,,,,,,
2026-03-27T01:05:52.629475-04:00,vsin_circa,circa,mlb,mlb_20260327_cleveland_guardians_seattle_mariners,Mar 27,,Cleveland Guardians,Seattle Mariners,148.0,50.0,50.0,50.0,50.0,7.5,,100.0,,100.0,50.0,50.0,50.0,50.0,0.0,,False,,1,,,,,,,,,,,,
2026-03-27T01:05:52.629475-04:00,vsin_circa,circa,mlb,mlb_20260327_arizona_diamondbacks_los_angeles_dodgers,Mar 27,,Arizona Diamondbacks,Los Angeles Dodgers,187.0,,100.0,,100.0,8.5,50.0,50.0,50.0,50.0,,100.0,,100.0,0.0,0.0,False,False,1,,,,,,,,,,,,
2026-03-27T01:35:34.953343-04:00,vsin_dk,draftkings,mlb,mlb_20260326_pittsburgh_pirates_new_york_mets,Mar 26,,Pittsburgh Pirates,New York Mets,102.0,49.0,51.0,47.0,53.0,7.0,40.0,60.0,38.0,62.0,28.0,72.0,46.0,54.0,2.0,2.0,False,False,1,,,,,,,,,,,,
2026-03-27T01:35:34.953343-04:00,vsin_dk,draftkings,mlb,mlb_20260326_chicago_white_sox_milwaukee_brewers,Mar 26,,Chicago White Sox,Milwaukee Brewers,163.0,10.0,90.0,18.0,82.0,7.5,47.0,53.0,65.0,35.0,19.0,81.0,12.0,88.0,8.0,18.0,False,True,1,,,,,,,,,,,,
2026-03-27T01:35:34.953343-04:00,vsin_dk,draftkings,mlb,mlb_20260326_washington_nationals_chicago_cubs,Mar 26,,Washington Nationals,Chicago Cubs,169.0,7.0,93.0,16.0,84.0,7.0,59.0,41.0,39.0,61.0,14.0,86.0,12.0,88.0,9.0,20.0,False,True,1,,,,,,,,,,,,
2026-03-27T01:35:34.953343-04:00,vsin_dk,draftkings,mlb,mlb_20260326_minnesota_twins_baltimore_orioles,Mar 26,,Minnesota Twins,Baltimore Orioles,120.0,19.0,81.0,37.0,63.0,8.5,56.0,44.0,64.0,36.0,35.0,65.0,5.0,95.0,18.0,8.0,True,False,1,,,,,,,,,,,,
2026-03-27T01:35:34.953343-04:00,vsin_dk,draftkings,mlb,mlb_20260326_los_angeles_angels_houston_astros,Mar 26,,Los Angeles Angels,Houston Astros,153.0,10.0,90.0,21.0,79.0,8.0,55.0,45.0,47.0,53.0,26.0,74.0,60.0,40.0,11.0,8.0,False,False,1,,,,,,,,,,,,
2026-03-27T01:35:34.953343-04:00,vsin_dk,draftkings,mlb,mlb_20260326_detroit_tigers_san_diego_padres,Mar 26,,Detroit Tigers,San Diego Padres,-126.0,77.0,23.0,73.0,27.0,7.0,44.0,56.0,17.0,83.0,48.0,52.0,64.0,36.0,4.0,27.0,False,True,1,,,,,,,,,,,,
2026-03-27T01:35:34.953343-04:00,vsin_dk,draftkings,mlb,mlb_20260326_boston_red_sox_cincinnati_reds,Mar 26,,Boston Red Sox,Cincinnati Reds,-163.0,83.0,17.0,74.0,26.0,8.0,58.0,42.0,60.0,40.0,67.0,33.0,82.0,18.0,9.0,2.0,False,False,1,,,,,,,,,,,,
2026-03-27T01:35:34.953343-04:00,vsin_dk,draftkings,mlb,mlb_20260326_texas_rangers_philadelphia_phillies,Mar 26,,Texas Rangers,Philadelphia Phillies,144.0,15.0,85.0,37.0,63.0,8.0,50.0,50.0,53.0,47.0,34.0,66.0,22.0,78.0,22.0,3.0,True,False,1,,,,,,,,,,,,
2026-03-27T01:35:34.953343-04:00,vsin_dk,draftkings,mlb,mlb_20260326_tampa_bay_rays_st_louis_cardinals,Mar 26,,Tampa Bay Rays,ST Louis Cardinals,-136.0,65.0,35.0,57.0,43.0,8.0,61.0,39.0,84.0,16.0,36.0,64.0,43.0,57.0,8.0,23.0,False,True,1,,,,,,,,,,,,
2026-03-27T01:35:34.953343-04:00,vsin_dk,draftkings,mlb,mlb_20260326_arizona_diamondbacks_los_angeles_dodgers,Mar 26,,Arizona Diamondbacks,Los Angeles Dodgers,229.0,6.0,94.0,19.0,81.0,9.0,51.0,49.0,58.0,42.0,10.0,90.0,9.0,91.0,13.0,7.0,False,False,1,,,,,,,,,,,,
2026-03-27T01:35:34.953343-04:00,vsin_dk,draftkings,mlb,mlb_20260326_cleveland_guardians_seattle_mariners,Mar 26,,Cleveland Guardians,Seattle Mariners,153.0,18.0,82.0,39.0,61.0,6.5,69.0,31.0,56.0,44.0,34.0,66.0,23.0,77.0,21.0,13.0,True,False,1,,,,,,,,,,,,
2026-03-27T01:35:34.953343-04:00,vsin_dk,draftkings,mlb,mlb_20260327_new_york_yankees_san_francisco_giants,Mar 27,,New York Yankees,San Francisco Giants,-126.0,82.0,18.0,69.0,31.0,7.5,83.0,17.0,67.0,33.0,79.0,21.0,82.0,18.0,13.0,16.0,False,True,1,,,,,,,,,,,,
2026-03-27T01:35:34.953343-04:00,vsin_dk,draftkings,mlb,mlb_20260327_athletics_toronto_blue_jays,Mar 27,,Athletics,Toronto Blue Jays,139.0,12.0,88.0,44.0,56.0,8.5,57.0,43.0,30.0,70.0,17.0,83.0,5.0,95.0,32.0,27.0,True,True,1,,,,,,,,,,,,
2026-03-27T01:35:34.953343-04:00,vsin_dk,draftkings,mlb,mlb_20260327_colorado_rockies_miami_marlins,Mar 27,,Colorado Rockies,Miami Marlins,163.0,16.0,84.0,49.0,51.0,7.5,73.0,27.0,94.0,6.0,23.0,77.0,33.0,67.0,33.0,21.0,True,True,1,,,,,,,,,,,,
2026-03-27T01:35:34.953343-04:00,vsin_dk,draftkings,mlb,mlb_20260327_kansas_city_royals_atlanta_braves,Mar 27,,Kansas City Royals,Atlanta Braves,119.0,22.0,78.0,49.0,51.0,7.5,67.0,33.0,63.0,37.0,37.0,63.0,23.0,77.0,27.0,4.0,True,False,1,,,,,,,,,,,,
2026-03-27T01:35:34.953343-04:00,vsin_dk,draftkings,mlb,mlb_20260327_los_angeles_angels_houston_astros,Mar 27,,Los Angeles Angels,Houston Astros,135.0,22.0,78.0,32.0,68.0,8.5,55.0,45.0,17.0,83.0,33.0,67.0,8.0,92.0,10.0,38.0,False,True,1,,,,,,,,,,,,
2026-03-27T01:35:34.953343-04:00,vsin_dk,draftkings,mlb,mlb_20260327_detroit_tigers_san_diego_padres,Mar 27,,Detroit Tigers,San Diego Padres,104.0,61.0,39.0,71.0,29.0,7.5,70.0,30.0,46.0,54.0,52.0,48.0,49.0,51.0,10.0,24.0,False,True,1,,,,,,,,,,,,
2026-03-27T01:35:34.953343-04:00,vsin_dk,draftkings,mlb,mlb_20260327_cleveland_guardians_seattle_mariners,Mar 27,,Cleveland Guardians,Seattle Mariners,141.0,23.0,77.0,19.0,81.0,7.0,59.0,41.0,13.0,87.0,33.0,67.0,13.0,87.0,4.0,46.0,False,True,1,,,,,,,,,,,,
2026-03-27T01:35:34.953343-04:00,vsin_dk,draftkings,mlb,mlb_20260327_arizona_diamondbacks_los_angeles_dodgers,Mar 27,,Arizona Diamondbacks,Los Angeles Dodgers,184.0,11.0,89.0,41.0,59.0,8.5,77.0,23.0,89.0,11.0,15.0,85.0,31.0,69.0,30.0,12.0,True,False,1,,,,,,,,,,,,
2026-03-27T01:35:55.855770-04:00,vsin_circa,circa,mlb,mlb_20260326_pittsburgh_pirates_new_york_mets,Mar 26,,Pittsburgh Pirates,New York Mets,105.0,59.0,41.0,23.0,77.0,7.0,11.0,89.0,29.0,71.0,43.0,57.0,67.0,33.0,36.0,18.0,True,True,1,,,,,,,,,,,,
2026-03-27T01:35:55.855770-04:00,vsin_circa,circa,mlb,mlb_20260326_chicago_white_sox_milwaukee_brewers,Mar 26,,Chicago White Sox,Milwaukee Brewers,168.0,52.0,48.0,7.0,93.0,7.5,33.0,67.0,45.0,55.0,,100.0,,100.0,45.0,12.0,True,False,1,,,,,,,,,,,,
2026-03-27T01:35:55.855770-04:00,vsin_circa,circa,mlb,mlb_20260326_washington_nationals_chicago_cubs,Mar 26,,Washington Nationals,Chicago Cubs,178.0,27.0,73.0,19.0,81.0,7.0,29.0,71.0,6.0,94.0,14.0,86.0,86.0,14.0,8.0,23.0,False,True,1,,,,,,,,,,,,
2026-03-27T01:35:55.855770-04:00,vsin_circa,circa,mlb,mlb_20260326_minnesota_twins_baltimore_orioles,Mar 26,,Minnesota Twins,Baltimore Orioles,126.0,45.0,55.0,11.0,89.0,8.5,72.0,28.0,86.0,14.0,38.0,63.0,85.0,15.0,34.0,14.0,True,False,1,,,,,,,,,,,,
2026-03-27T01:35:55.855770-04:00,vsin_circa,circa,mlb,mlb_20260326_los_angeles_angels_houston_astros,Mar 26,,Los Angeles Angels,Houston Astros,160.0,61.0,39.0,75.0,25.0,8.0,17.0,83.0,2.0,98.0,25.0,75.0,94.0,6.0,14.0,15.0,False,True,1,,,,,,,,,,,,
2026-03-27T01:35:55.855770-04:00,vsin_circa,circa,mlb,mlb_20260326_detroit_tigers_san_diego_padres,Mar 26,,Detroit Tigers,San Diego Padres,-120.0,62.0,38.0,42.0,58.0,7.0,44.0,56.0,36.0,64.0,50.0,50.0,27.0,73.0,20.0,8.0,True,False,1,,,,,,,,,,,,
2026-03-27T01:35:55.855770-04:00,vsin_circa,circa,mlb,mlb_20260326_boston_red_sox_cincinnati_reds,Mar 26,,Boston Red Sox,Cincinnati Reds,-152.0,44.0,56.0,85.0,15.0,8.0,25.0,75.0,20.0,80.0,71.0,29.0,99.0,1.0,41.0,5.0,True,False,1,,,,,,,,,,,,
2026-03-27T01:35:55.855770-04:00,vsin_circa,circa,mlb,mlb_20260326_texas_rangers_philadelphia_phillies,Mar 26,,Texas Rangers,Philadelphia Phillies,142.0,47.0,53.0,13.0,87.0,8.0,56.0,44.0,59.0,41.0,,100.0,,100.0,34.0,3.0,True,False,1,,,,,,,,,,,,
2026-03-27T01:35:55.855770-04:00,vsin_circa,circa,mlb,mlb_20260326_tampa_bay_rays_st_louis_cardinals,Mar 26,,Tampa Bay Rays,ST Louis Cardinals,-128.0,66.0,34.0,93.0,7.0,8.0,57.0,43.0,21.0,79.0,40.0,60.0,100.0,,27.0,36.0,True,True,1,,,,,,,,,,,,
2026-03-27T01:35:55.855770-04:00,vsin_circa,circa,mlb,mlb_20260326_arizona_diamondbacks_los_angeles_dodgers,Mar 26,,Arizona Diamondbacks,Los Angeles Dodgers,250.0,59.0,41.0,2.0,98.0,9.0,44.0,56.0,14.0,86.0,24.0,76.0,18.0,82.0,57.0,30.0,True,True,1,,,,,,,,,,,,
2026-03-27T01:35:55.855770-04:00,vsin_circa,circa,mlb,mlb_20260326_cleveland_guardians_seattle_mariners,Mar 26,,Cleveland Guardians,Seattle Mariners,157.0,45.0,55.0,35.0,65.0,6.5,43.0,57.0,62.0,38.0,33.0,67.0,24.0,76.0,10.0,19.0,False,True,1,,,,,,,,,,,,
2026-03-27T01:35:55.855770-04:00,vsin_circa,circa,mlb,mlb_20260327_new_york_yankees_san_francisco_giants,Mar 27,,New York Yankees,San Francisco Giants,-122.0,89.0,11.0,97.0,3.0,7.5,100.0,,100.0,,50.0,50.0,94.0,6.0,8.0,0.0,False,False,1,,,,,,,,,,,,
2026-03-27T01:35:55.855770-04:00,vsin_circa,circa,mlb,mlb_20260327_athletics_toronto_blue_jays,Mar 27,,Athletics,Toronto Blue Jays,145.0,33.0,67.0,3.0,97.0,8.5,100.0,,100.0,,50.0,50.0,50.0,50.0,30.0,0.0,True,False,1,,,,,,,,,,,,
2026-03-27T01:35:55.855770-04:00,vsin_circa,circa,mlb,mlb_20260327_colorado_rockies_miami_marlins,Mar 27,,Colorado Rockies,Miami Marlins,167.0,25.0,75.0,1.0,99.0,7.5,100.0,,100.0,,50.0,50.0,58.0,42.0,24.0,0.0,True,False,1,,,,,,,,,,,,
2026-03-27T01:35:55.855770-04:00,vsin_circa,circa,mlb,mlb_20260327_kansas_city_royals_atlanta_braves,Mar 27,,Kansas City Royals,Atlanta Braves,123.0,33.0,67.0,25.0,75.0,7.5,33.0,67.0,98.0,2.0,50.0,50.0,50.0,50.0,8.0,65.0,False,True,1,,,,,,,,,,,,
2026-03-27T01:35:55.855770-04:00,vsin_circa,circa,mlb,mlb_20260327_los_angeles_angels_houston_astros,Mar 27,,Los Angeles Angels,Houston Astros,142.0,50.0,50.0,50.0,50.0,8.5,50.0,50.0,50.0,50.0,50.0,50.0,50.0,50.0,0.0,0.0,False,False,1,,,,,,,,,,,,
2026-03-27T01:35:55.855770-04:00,vsin_circa,circa,mlb,mlb_20260327_detroit_tigers_san_diego_padres,Mar 27,,Detroit Tigers,San Diego Padres,108.0,50.0,50.0,50.0,50.0,7.5,,100.0,,100.0,50.0,50.0,50.0,50.0,0.0,,False,,1,,,,,,,,,,,,
2026-03-27T01:35:55.855770-04:00,vsin_circa,circa,mlb,mlb_20260327_cleveland_guardians_seattle_mariners,Mar 27,,Cleveland Guardians,Seattle Mariners,148.0,50.0,50.0,50.0,50.0,7.5,,100.0,,100.0,50.0,50.0,50.0,50.0,0.0,,False,,1,,,,,,,,,,,,
2026-03-27T01:35:55.855770-04:00,vsin_circa,circa,mlb,mlb_20260327_arizona_diamondbacks_los_angeles_dodgers,Mar 27,,Arizona Diamondbacks,Los Angeles Dodgers,187.0,,100.0,,100.0,8.5,50.0,50.0,50.0,50.0,,100.0,,100.0,0.0,0.0,False,False,1,,,,,,,,,,,,
2026-03-27T01:59:28.940249-04:00,vsin_dk,draftkings,mlb,mlb_20260326_pittsburgh_pirates_new_york_mets,Mar 26,,Pittsburgh Pirates,New York Mets,102.0,49.0,51.0,47.0,53.0,7.0,40.0,60.0,38.0,62.0,28.0,72.0,46.0,54.0,2.0,2.0,False,False,1,,,,,,,,,,,,
2026-03-27T01:59:28.940249-04:00,vsin_dk,draftkings,mlb,mlb_20260326_chicago_white_sox_milwaukee_brewers,Mar 26,,Chicago White Sox,Milwaukee Brewers,163.0,10.0,90.0,18.0,82.0,7.5,47.0,53.0,65.0,35.0,19.0,81.0,12.0,88.0,8.0,18.0,False,True,1,,,,,,,,,,,,
2026-03-27T01:59:28.940249-04:00,vsin_dk,draftkings,mlb,mlb_20260326_washington_nationals_chicago_cubs,Mar 26,,Washington Nationals,Chicago Cubs,169.0,7.0,93.0,16.0,84.0,7.0,59.0,41.0,39.0,61.0,14.0,86.0,12.0,88.0,9.0,20.0,False,True,1,,,,,,,,,,,,
2026-03-27T01:59:28.940249-04:00,vsin_dk,draftkings,mlb,mlb_20260326_minnesota_twins_baltimore_orioles,Mar 26,,Minnesota Twins,Baltimore Orioles,120.0,19.0,81.0,37.0,63.0,8.5,56.0,44.0,64.0,36.0,35.0,65.0,5.0,95.0,18.0,8.0,True,False,1,,,,,,,,,,,,
2026-03-27T01:59:28.940249-04:00,vsin_dk,draftkings,mlb,mlb_20260326_los_angeles_angels_houston_astros,Mar 26,,Los Angeles Angels,Houston Astros,153.0,10.0,90.0,21.0,79.0,8.0,55.0,45.0,47.0,53.0,26.0,74.0,60.0,40.0,11.0,8.0,False,False,1,,,,,,,,,,,,
2026-03-27T01:59:28.940249-04:00,vsin_dk,draftkings,mlb,mlb_20260326_detroit_tigers_san_diego_padres,Mar 26,,Detroit Tigers,San Diego Padres,-126.0,77.0,23.0,73.0,27.0,7.0,44.0,56.0,17.0,83.0,48.0,52.0,64.0,36.0,4.0,27.0,False,True,1,,,,,,,,,,,,
2026-03-27T01:59:28.940249-04:00,vsin_dk,draftkings,mlb,mlb_20260326_boston_red_sox_cincinnati_reds,Mar 26,,Boston Red Sox,Cincinnati Reds,-163.0,83.0,17.0,74.0,26.0,8.0,58.0,42.0,60.0,40.0,67.0,33.0,82.0,18.0,9.0,2.0,False,False,1,,,,,,,,,,,,
2026-03-27T01:59:28.940249-04:00,vsin_dk,draftkings,mlb,mlb_20260326_texas_rangers_philadelphia_phillies,Mar 26,,Texas Rangers,Philadelphia Phillies,144.0,15.0,85.0,37.0,63.0,8.0,50.0,50.0,53.0,47.0,34.0,66.0,22.0,78.0,22.0,3.0,True,False,1,,,,,,,,,,,,
2026-03-27T01:59:28.940249-04:00,vsin_dk,draftkings,mlb,mlb_20260326_tampa_bay_rays_st_louis_cardinals,Mar 26,,Tampa Bay Rays,ST Louis Cardinals,-136.0,65.0,35.0,57.0,43.0,8.0,61.0,39.0,84.0,16.0,36.0,64.0,43.0,57.0,8.0,23.0,False,True,1,,,,,,,,,,,,
2026-03-27T01:59:28.940249-04:00,vsin_dk,draftkings,mlb,mlb_20260326_arizona_diamondbacks_los_angeles_dodgers,Mar 26,,Arizona Diamondbacks,Los Angeles Dodgers,229.0,6.0,94.0,19.0,81.0,9.0,51.0,49.0,58.0,42.0,10.0,90.0,9.0,91.0,13.0,7.0,False,False,1,,,,,,,,,,,,
2026-03-27T01:59:28.940249-04:00,vsin_dk,draftkings,mlb,mlb_20260326_cleveland_guardians_seattle_mariners,Mar 26,,Cleveland Guardians,Seattle Mariners,153.0,18.0,82.0,39.0,61.0,6.5,69.0,31.0,56.0,44.0,34.0,66.0,23.0,77.0,21.0,13.0,True,False,1,,,,,,,,,,,,
2026-03-27T01:59:28.940249-04:00,vsin_dk,draftkings,mlb,mlb_20260327_new_york_yankees_san_francisco_giants,Mar 27,,New York Yankees,San Francisco Giants,-131.0,82.0,18.0,70.0,30.0,7.5,83.0,17.0,68.0,32.0,79.0,21.0,82.0,18.0,12.0,15.0,False,True,1,,,,,,,,,,,,
2026-03-27T01:59:28.940249-04:00,vsin_dk,draftkings,mlb,mlb_20260327_athletics_toronto_blue_jays,Mar 27,,Athletics,Toronto Blue Jays,139.0,12.0,88.0,43.0,57.0,8.5,57.0,43.0,30.0,70.0,17.0,83.0,5.0,95.0,31.0,27.0,True,True,1,,,,,,,,,,,,
2026-03-27T01:59:28.940249-04:00,vsin_dk,draftkings,mlb,mlb_20260327_colorado_rockies_miami_marlins,Mar 27,,Colorado Rockies,Miami Marlins,163.0,16.0,84.0,48.0,52.0,7.5,73.0,27.0,94.0,6.0,23.0,77.0,33.0,67.0,32.0,21.0,True,True,1,,,,,,,,,,,,
2026-03-27T01:59:28.940249-04:00,vsin_dk,draftkings,mlb,mlb_20260327_kansas_city_royals_atlanta_braves,Mar 27,,Kansas City Royals,Atlanta Braves,119.0,22.0,78.0,48.0,52.0,7.5,67.0,33.0,63.0,37.0,36.0,64.0,23.0,77.0,26.0,4.0,True,False,1,,,,,,,,,,,,
2026-03-27T01:59:28.940249-04:00,vsin_dk,draftkings,mlb,mlb_20260327_los_angeles_angels_houston_astros,Mar 27,,Los Angeles Angels,Houston Astros,135.0,22.0,78.0,32.0,68.0,8.5,55.0,45.0,18.0,82.0,34.0,66.0,8.0,92.0,10.0,37.0,False,True,1,,,,,,,,,,,,
2026-03-27T01:59:28.940249-04:00,vsin_dk,draftkings,mlb,mlb_20260327_detroit_tigers_san_diego_padres,Mar 27,,Detroit Tigers,San Diego Padres,104.0,61.0,39.0,71.0,29.0,7.5,71.0,29.0,45.0,55.0,51.0,49.0,20.0,80.0,10.0,26.0,False,True,1,,,,,,,,,,,,
2026-03-27T01:59:28.940249-04:00,vsin_dk,draftkings,mlb,mlb_20260327_cleveland_guardians_seattle_mariners,Mar 27,,Cleveland Guardians,Seattle Mariners,141.0,23.0,77.0,19.0,81.0,7.0,60.0,40.0,13.0,87.0,34.0,66.0,13.0,87.0,4.0,47.0,False,True,1,,,,,,,,,,,,
2026-03-27T01:59:28.940249-04:00,vsin_dk,draftkings,mlb,mlb_20260327_arizona_diamondbacks_los_angeles_dodgers,Mar 27,,Arizona Diamondbacks,Los Angeles Dodgers,184.0,11.0,89.0,43.0,57.0,8.5,77.0,23.0,89.0,11.0,15.0,85.0,30.0,70.0,32.0,12.0,True,False,1,,,,,,,,,,,,
2026-03-27T01:59:49.883451-04:00,vsin_circa,circa,mlb,mlb_20260326_pittsburgh_pirates_new_york_mets,Mar 26,,Pittsburgh Pirates,New York Mets,105.0,59.0,41.0,23.0,77.0,7.0,11.0,89.0,29.0,71.0,43.0,57.0,67.0,33.0,36.0,18.0,True,True,1,,,,,,,,,,,,
2026-03-27T01:59:49.883451-04:00,vsin_circa,circa,mlb,mlb_20260326_chicago_white_sox_milwaukee_brewers,Mar 26,,Chicago White Sox,Milwaukee Brewers,168.0,52.0,48.0,7.0,93.0,7.5,33.0,67.0,45.0,55.0,,100.0,,100.0,45.0,12.0,True,False,1,,,,,,,,,,,,
2026-03-27T01:59:49.883451-04:00,vsin_circa,circa,mlb,mlb_20260326_washington_nationals_chicago_cubs,Mar 26,,Washington Nationals,Chicago Cubs,178.0,27.0,73.0,19.0,81.0,7.0,29.0,71.0,6.0,94.0,14.0,86.0,86.0,14.0,8.0,23.0,False,True,1,,,,,,,,,,,,
2026-03-27T01:59:49.883451-04:00,vsin_circa,circa,mlb,mlb_20260326_minnesota_twins_baltimore_orioles,Mar 26,,Minnesota Twins,Baltimore Orioles,126.0,45.0,55.0,11.0,89.0,8.5,72.0,28.0,86.0,14.0,38.0,63.0,85.0,15.0,34.0,14.0,True,False,1,,,,,,,,,,,,
2026-03-27T01:59:49.883451-04:00,vsin_circa,circa,mlb,mlb_20260326_los_angeles_angels_houston_astros,Mar 26,,Los Angeles Angels,Houston Astros,160.0,61.0,39.0,75.0,25.0,8.0,17.0,83.0,2.0,98.0,25.0,75.0,94.0,6.0,14.0,15.0,False,True,1,,,,,,,,,,,,
2026-03-27T01:59:49.883451-04:00,vsin_circa,circa,mlb,mlb_20260326_detroit_tigers_san_diego_padres,Mar 26,,Detroit Tigers,San Diego Padres,-120.0,62.0,38.0,42.0,58.0,7.0,44.0,56.0,36.0,64.0,50.0,50.0,27.0,73.0,20.0,8.0,True,False,1,,,,,,,,,,,,
2026-03-27T01:59:49.883451-04:00,vsin_circa,circa,mlb,mlb_20260326_boston_red_sox_cincinnati_reds,Mar 26,,Boston Red Sox,Cincinnati Reds,-152.0,44.0,56.0,85.0,15.0,8.0,25.0,75.0,20.0,80.0,71.0,29.0,99.0,1.0,41.0,5.0,True,False,1,,,,,,,,,,,,
2026-03-27T01:59:49.883451-04:00,vsin_circa,circa,mlb,mlb_20260326_texas_rangers_philadelphia_phillies,Mar 26,,Texas Rangers,Philadelphia Phillies,142.0,47.0,53.0,13.0,87.0,8.0,56.0,44.0,59.0,41.0,,100.0,,100.0,34.0,3.0,True,False,1,,,,,,,,,,,,
2026-03-27T01:59:49.883451-04:00,vsin_circa,circa,mlb,mlb_20260326_tampa_bay_rays_st_louis_cardinals,Mar 26,,Tampa Bay Rays,ST Louis Cardinals,-128.0,66.0,34.0,93.0,7.0,8.0,57.0,43.0,21.0,79.0,40.0,60.0,100.0,,27.0,36.0,True,True,1,,,,,,,,,,,,
2026-03-27T01:59:49.883451-04:00,vsin_circa,circa,mlb,mlb_20260326_arizona_diamondbacks_los_angeles_dodgers,Mar 26,,Arizona Diamondbacks,Los Angeles Dodgers,250.0,59.0,41.0,2.0,98.0,9.0,44.0,56.0,14.0,86.0,24.0,76.0,18.0,82.0,57.0,30.0,True,True,1,,,,,,,,,,,,
2026-03-27T01:59:49.883451-04:00,vsin_circa,circa,mlb,mlb_20260326_cleveland_guardians_seattle_mariners,Mar 26,,Cleveland Guardians,Seattle Mariners,157.0,45.0,55.0,35.0,65.0,6.5,43.0,57.0,62.0,38.0,33.0,67.0,24.0,76.0,10.0,19.0,False,True,1,,,,,,,,,,,,
2026-03-27T01:59:49.883451-04:00,vsin_circa,circa,mlb,mlb_20260327_new_york_yankees_san_francisco_giants,Mar 27,,New York Yankees,San Francisco Giants,-122.0,80.0,20.0,93.0,7.0,7.5,100.0,,100.0,,50.0,50.0,94.0,6.0,13.0,0.0,False,False,1,,,,,,,,,,,,
2026-03-27T01:59:49.883451-04:00,vsin_circa,circa,mlb,mlb_20260327_athletics_toronto_blue_jays,Mar 27,,Athletics,Toronto Blue Jays,145.0,38.0,62.0,4.0,96.0,8.5,100.0,,100.0,,50.0,50.0,50.0,50.0,34.0,0.0,True,False,1,,,,,,,,,,,,
2026-03-27T01:59:49.883451-04:00,vsin_circa,circa,mlb,mlb_20260327_colorado_rockies_miami_marlins,Mar 27,,Colorado Rockies,Miami Marlins,167.0,40.0,60.0,1.0,99.0,7.5,100.0,,100.0,,50.0,50.0,58.0,42.0,39.0,0.0,True,False,1,,,,,,,,,,,,
2026-03-27T01:59:49.883451-04:00,vsin_circa,circa,mlb,mlb_20260327_kansas_city_royals_atlanta_braves,Mar 27,,Kansas City Royals,Atlanta Braves,123.0,50.0,50.0,32.0,68.0,7.5,33.0,67.0,98.0,2.0,50.0,50.0,50.0,50.0,18.0,65.0,True,True,1,,,,,,,,,,,,
2026-03-27T01:59:49.883451-04:00,vsin_circa,circa,mlb,mlb_20260327_los_angeles_angels_houston_astros,Mar 27,,Los Angeles Angels,Houston Astros,142.0,100.0,,100.0,,8.5,50.0,50.0,50.0,50.0,50.0,50.0,50.0,50.0,,0.0,,False,1,,,,,,,,,,,,
2026-03-27T01:59:49.883451-04:00,vsin_circa,circa,mlb,mlb_20260327_detroit_tigers_san_diego_padres,Mar 27,,Detroit Tigers,San Diego Padres,108.0,100.0,,100.0,,7.5,,100.0,,100.0,50.0,50.0,50.0,50.0,,,,,1,,,,,,,,,,,,
2026-03-27T01:59:49.883451-04:00,vsin_circa,circa,mlb,mlb_20260327_cleveland_guardians_seattle_mariners,Mar 27,,Cleveland Guardians,Seattle Mariners,148.0,100.0,,100.0,,7.5,,100.0,,100.0,50.0,50.0,50.0,50.0,,,,,1,,,,,,,,,,,,
2026-03-27T01:59:49.883451-04:00,vsin_circa,circa,mlb,mlb_20260327_arizona_diamondbacks_los_angeles_dodgers,Mar 27,,Arizona Diamondbacks,Los Angeles Dodgers,187.0,33.0,67.0,2.0,98.0,8.5,50.0,50.0,50.0,50.0,,100.0,,100.0,31.0,0.0,True,False,1,,,,,,,,,,,,
2026-03-27T02:35:42.397393-04:00,vsin_dk,draftkings,mlb,mlb_20260326_pittsburgh_pirates_new_york_mets,Mar 26,,Pittsburgh Pirates,New York Mets,102.0,49.0,51.0,47.0,53.0,7.0,40.0,60.0,38.0,62.0,28.0,72.0,46.0,54.0,2.0,2.0,False,False,1,,,,,,,,,,,,
2026-03-27T02:35:42.397393-04:00,vsin_dk,draftkings,mlb,mlb_20260326_chicago_white_sox_milwaukee_brewers,Mar 26,,Chicago White Sox,Milwaukee Brewers,163.0,10.0,90.0,18.0,82.0,7.5,47.0,53.0,65.0,35.0,19.0,81.0,12.0,88.0,8.0,18.0,False,True,1,,,,,,,,,,,,
2026-03-27T02:35:42.397393-04:00,vsin_dk,draftkings,mlb,mlb_20260326_washington_nationals_chicago_cubs,Mar 26,,Washington Nationals,Chicago Cubs,169.0,7.0,93.0,16.0,84.0,7.0,59.0,41.0,39.0,61.0,14.0,86.0,12.0,88.0,9.0,20.0,False,True,1,,,,,,,,,,,,
2026-03-27T02:35:42.397393-04:00,vsin_dk,draftkings,mlb,mlb_20260326_minnesota_twins_baltimore_orioles,Mar 26,,Minnesota Twins,Baltimore Orioles,120.0,19.0,81.0,37.0,63.0,8.5,56.0,44.0,64.0,36.0,35.0,65.0,5.0,95.0,18.0,8.0,True,False,1,,,,,,,,,,,,
2026-03-27T02:35:42.397393-04:00,vsin_dk,draftkings,mlb,mlb_20260326_los_angeles_angels_houston_astros,Mar 26,,Los Angeles Angels,Houston Astros,153.0,10.0,90.0,21.0,79.0,8.0,55.0,45.0,47.0,53.0,26.0,74.0,60.0,40.0,11.0,8.0,False,False,1,,,,,,,,,,,,
2026-03-27T02:35:42.397393-04:00,vsin_dk,draftkings,mlb,mlb_20260326_detroit_tigers_san_diego_padres,Mar 26,,Detroit Tigers,San Diego Padres,-126.0,77.0,23.0,73.0,27.0,7.0,44.0,56.0,17.0,83.0,48.0,52.0,64.0,36.0,4.0,27.0,False,True,1,,,,,,,,,,,,
2026-03-27T02:35:42.397393-04:00,vsin_dk,draftkings,mlb,mlb_20260326_boston_red_sox_cincinnati_reds,Mar 26,,Boston Red Sox,Cincinnati Reds,-163.0,83.0,17.0,74.0,26.0,8.0,58.0,42.0,60.0,40.0,67.0,33.0,82.0,18.0,9.0,2.0,False,False,1,,,,,,,,,,,,
2026-03-27T02:35:42.397393-04:00,vsin_dk,draftkings,mlb,mlb_20260326_texas_rangers_philadelphia_phillies,Mar 26,,Texas Rangers,Philadelphia Phillies,144.0,15.0,85.0,37.0,63.0,8.0,50.0,50.0,53.0,47.0,34.0,66.0,22.0,78.0,22.0,3.0,True,False,1,,,,,,,,,,,,
2026-03-27T02:35:42.397393-04:00,vsin_dk,draftkings,mlb,mlb_20260326_tampa_bay_rays_st_louis_cardinals,Mar 26,,Tampa Bay Rays,ST Louis Cardinals,-136.0,65.0,35.0,57.0,43.0,8.0,61.0,39.0,84.0,16.0,36.0,64.0,43.0,57.0,8.0,23.0,False,True,1,,,,,,,,,,,,
2026-03-27T02:35:42.397393-04:00,vsin_dk,draftkings,mlb,mlb_20260326_arizona_diamondbacks_los_angeles_dodgers,Mar 26,,Arizona Diamondbacks,Los Angeles Dodgers,229.0,6.0,94.0,19.0,81.0,9.0,51.0,49.0,58.0,42.0,10.0,90.0,9.0,91.0,13.0,7.0,False,False,1,,,,,,,,,,,,
2026-03-27T02:35:42.397393-04:00,vsin_dk,draftkings,mlb,mlb_20260326_cleveland_guardians_seattle_mariners,Mar 26,,Cleveland Guardians,Seattle Mariners,153.0,18.0,82.0,39.0,61.0,6.5,69.0,31.0,56.0,44.0,34.0,66.0,23.0,77.0,21.0,13.0,True,False,1,,,,,,,,,,,,
2026-03-27T02:35:42.397393-04:00,vsin_dk,draftkings,mlb,mlb_20260327_new_york_yankees_san_francisco_giants,Mar 27,,New York Yankees,San Francisco Giants,-131.0,82.0,18.0,72.0,28.0,7.5,83.0,17.0,69.0,31.0,79.0,21.0,80.0,20.0,10.0,14.0,False,False,1,,,,,,,,,,,,
2026-03-27T02:35:42.397393-04:00,vsin_dk,draftkings,mlb,mlb_20260327_athletics_toronto_blue_jays,Mar 27,,Athletics,Toronto Blue Jays,139.0,12.0,88.0,44.0,56.0,8.5,58.0,42.0,30.0,70.0,17.0,83.0,22.0,78.0,32.0,28.0,True,True,1,,,,,,,,,,,,
2026-03-27T02:35:42.397393-04:00,vsin_dk,draftkings,mlb,mlb_20260327_colorado_rockies_miami_marlins,Mar 27,,Colorado Rockies,Miami Marlins,163.0,16.0,84.0,50.0,50.0,7.5,74.0,26.0,94.0,6.0,23.0,77.0,33.0,67.0,34.0,20.0,True,True,1,,,,,,,,,,,,
2026-03-27T02:35:42.397393-04:00,vsin_dk,draftkings,mlb,mlb_20260327_kansas_city_royals_atlanta_braves,Mar 27,,Kansas City Royals,Atlanta Braves,119.0,22.0,78.0,48.0,52.0,7.5,67.0,33.0,63.0,37.0,36.0,64.0,23.0,77.0,26.0,4.0,True,False,1,,,,,,,,,,,,
2026-03-27T02:35:42.397393-04:00,vsin_dk,draftkings,mlb,mlb_20260327_los_angeles_angels_houston_astros,Mar 27,,Los Angeles Angels,Houston Astros,135.0,22.0,78.0,32.0,68.0,8.5,54.0,46.0,18.0,82.0,34.0,66.0,9.0,91.0,10.0,36.0,False,True,1,,,,,,,,,,,,
2026-03-27T02:35:42.397393-04:00,vsin_dk,draftkings,mlb,mlb_20260327_detroit_tigers_san_diego_padres,Mar 27,,Detroit Tigers,San Diego Padres,104.0,61.0,39.0,73.0,27.0,7.5,70.0,30.0,48.0,52.0,51.0,49.0,22.0,78.0,12.0,22.0,False,True,1,,,,,,,,,,,,
2026-03-27T02:35:42.397393-04:00,vsin_dk,draftkings,mlb,mlb_20260327_cleveland_guardians_seattle_mariners,Mar 27,,Cleveland Guardians,Seattle Mariners,141.0,23.0,77.0,20.0,80.0,7.0,60.0,40.0,15.0,85.0,35.0,65.0,12.0,88.0,3.0,45.0,False,True,1,,,,,,,,,,,,
2026-03-27T02:35:42.397393-04:00,vsin_dk,draftkings,mlb,mlb_20260327_arizona_diamondbacks_los_angeles_dodgers,Mar 27,,Arizona Diamondbacks,Los Angeles Dodgers,184.0,11.0,89.0,44.0,56.0,8.5,77.0,23.0,89.0,11.0,16.0,84.0,28.0,72.0,33.0,12.0,True,False,1,,,,,,,,,,,,
2026-03-27T02:36:01.751359-04:00,vsin_circa,circa,mlb,mlb_20260326_pittsburgh_pirates_new_york_mets,Mar 26,,Pittsburgh Pirates,New York Mets,105.0,59.0,41.0,23.0,77.0,7.0,11.0,89.0,29.0,71.0,43.0,57.0,67.0,33.0,36.0,18.0,True,True,1,,,,,,,,,,,,
2026-03-27T02:36:01.751359-04:00,vsin_circa,circa,mlb,mlb_20260326_chicago_white_sox_milwaukee_brewers,Mar 26,,Chicago White Sox,Milwaukee Brewers,168.0,52.0,48.0,7.0,93.0,7.5,33.0,67.0,45.0,55.0,,100.0,,100.0,45.0,12.0,True,False,1,,,,,,,,,,,,
2026-03-27T02:36:01.751359-04:00,vsin_circa,circa,mlb,mlb_20260326_washington_nationals_chicago_cubs,Mar 26,,Washington Nationals,Chicago Cubs,178.0,27.0,73.0,19.0,81.0,7.0,29.0,71.0,6.0,94.0,14.0,86.0,86.0,14.0,8.0,23.0,False,True,1,,,,,,,,,,,,
2026-03-27T02:36:01.751359-04:00,vsin_circa,circa,mlb,mlb_20260326_minnesota_twins_baltimore_orioles,Mar 26,,Minnesota Twins,Baltimore Orioles,126.0,45.0,55.0,11.0,89.0,8.5,72.0,28.0,86.0,14.0,38.0,63.0,85.0,15.0,34.0,14.0,True,False,1,,,,,,,,,,,,
2026-03-27T02:36:01.751359-04:00,vsin_circa,circa,mlb,mlb_20260326_los_angeles_angels_houston_astros,Mar 26,,Los Angeles Angels,Houston Astros,160.0,61.0,39.0,75.0,25.0,8.0,17.0,83.0,2.0,98.0,25.0,75.0,94.0,6.0,14.0,15.0,False,True,1,,,,,,,,,,,,
2026-03-27T02:36:01.751359-04:00,vsin_circa,circa,mlb,mlb_20260326_detroit_tigers_san_diego_padres,Mar 26,,Detroit Tigers,San Diego Padres,-120.0,62.0,38.0,42.0,58.0,7.0,44.0,56.0,36.0,64.0,50.0,50.0,27.0,73.0,20.0,8.0,True,False,1,,,,,,,,,,,,
2026-03-27T02:36:01.751359-04:00,vsin_circa,circa,mlb,mlb_20260326_boston_red_sox_cincinnati_reds,Mar 26,,Boston Red Sox,Cincinnati Reds,-152.0,44.0,56.0,85.0,15.0,8.0,25.0,75.0,20.0,80.0,71.0,29.0,99.0,1.0,41.0,5.0,True,False,1,,,,,,,,,,,,
2026-03-27T02:36:01.751359-04:00,vsin_circa,circa,mlb,mlb_20260326_texas_rangers_philadelphia_phillies,Mar 26,,Texas Rangers,Philadelphia Phillies,142.0,47.0,53.0,13.0,87.0,8.0,56.0,44.0,59.0,41.0,,100.0,,100.0,34.0,3.0,True,False,1,,,,,,,,,,,,
2026-03-27T02:36:01.751359-04:00,vsin_circa,circa,mlb,mlb_20260326_tampa_bay_rays_st_louis_cardinals,Mar 26,,Tampa Bay Rays,ST Louis Cardinals,-128.0,66.0,34.0,93.0,7.0,8.0,57.0,43.0,21.0,79.0,40.0,60.0,100.0,,27.0,36.0,True,True,1,,,,,,,,,,,,
2026-03-27T02:36:01.751359-04:00,vsin_circa,circa,mlb,mlb_20260326_arizona_diamondbacks_los_angeles_dodgers,Mar 26,,Arizona Diamondbacks,Los Angeles Dodgers,250.0,59.0,41.0,2.0,98.0,9.0,44.0,56.0,14.0,86.0,24.0,76.0,18.0,82.0,57.0,30.0,True,True,1,,,,,,,,,,,,
2026-03-27T02:36:01.751359-04:00,vsin_circa,circa,mlb,mlb_20260326_cleveland_guardians_seattle_mariners,Mar 26,,Cleveland Guardians,Seattle Mariners,157.0,45.0,55.0,35.0,65.0,6.5,43.0,57.0,62.0,38.0,33.0,67.0,24.0,76.0,10.0,19.0,False,True,1,,,,,,,,,,,,
2026-03-27T02:36:01.751359-04:00,vsin_circa,circa,mlb,mlb_20260327_new_york_yankees_san_francisco_giants,Mar 27,,New York Yankees,San Francisco Giants,-122.0,80.0,20.0,93.0,7.0,7.5,100.0,,100.0,,50.0,50.0,94.0,6.0,13.0,0.0,False,False,1,,,,,,,,,,,,
2026-03-27T02:36:01.751359-04:00,vsin_circa,circa,mlb,mlb_20260327_athletics_toronto_blue_jays,Mar 27,,Athletics,Toronto Blue Jays,145.0,40.0,60.0,4.0,96.0,8.5,100.0,,100.0,,50.0,50.0,50.0,50.0,36.0,0.0,True,False,1,,,,,,,,,,,,
2026-03-27T02:36:01.751359-04:00,vsin_circa,circa,mlb,mlb_20260327_colorado_rockies_miami_marlins,Mar 27,,Colorado Rockies,Miami Marlins,167.0,43.0,57.0,1.0,99.0,7.5,100.0,,100.0,,50.0,50.0,58.0,42.0,42.0,0.0,True,False,1,,,,,,,,,,,,
2026-03-27T02:36:01.751359-04:00,vsin_circa,circa,mlb,mlb_20260327_kansas_city_royals_atlanta_braves,Mar 27,,Kansas City Royals,Atlanta Braves,123.0,33.0,67.0,15.0,85.0,7.5,33.0,67.0,98.0,2.0,50.0,50.0,50.0,50.0,18.0,65.0,True,True,1,,,,,,,,,,,,
2026-03-27T02:36:01.751359-04:00,vsin_circa,circa,mlb,mlb_20260327_los_angeles_angels_houston_astros,Mar 27,,Los Angeles Angels,Houston Astros,142.0,67.0,33.0,42.0,58.0,8.5,50.0,50.0,50.0,50.0,50.0,50.0,50.0,50.0,25.0,0.0,True,False,1,,,,,,,,,,,,
2026-03-27T02:36:01.751359-04:00,vsin_circa,circa,mlb,mlb_20260327_detroit_tigers_san_diego_padres,Mar 27,,Detroit Tigers,San Diego Padres,108.0,100.0,,100.0,,7.5,,100.0,,100.0,50.0,50.0,50.0,50.0,,,,,1,,,,,,,,,,,,
2026-03-27T02:36:01.751359-04:00,vsin_circa,circa,mlb,mlb_20260327_cleveland_guardians_seattle_mariners,Mar 27,,Cleveland Guardians,Seattle Mariners,148.0,60.0,40.0,14.0,86.0,7.5,,100.0,,100.0,50.0,50.0,50.0,50.0,46.0,,True,,1,,,,,,,,,,,,
2026-03-27T02:36:01.751359-04:00,vsin_circa,circa,mlb,mlb_20260327_arizona_diamondbacks_los_angeles_dodgers,Mar 27,,Arizona Diamondbacks,Los Angeles Dodgers,187.0,50.0,50.0,2.0,98.0,8.5,50.0,50.0,50.0,50.0,,100.0,,100.0,48.0,0.0,True,False,1,,,,,,,,,,,,
2026-03-27T02:59:51.742034-04:00,vsin_dk,draftkings,mlb,mlb_20260326_pittsburgh_pirates_new_york_mets,Mar 26,,Pittsburgh Pirates,New York Mets,102.0,49.0,51.0,47.0,53.0,7.0,40.0,60.0,38.0,62.0,28.0,72.0,46.0,54.0,2.0,2.0,False,False,1,,,,,,,,,,,,
2026-03-27T02:59:51.742034-04:00,vsin_dk,draftkings,mlb,mlb_20260326_chicago_white_sox_milwaukee_brewers,Mar 26,,Chicago White Sox,Milwaukee Brewers,163.0,10.0,90.0,18.0,82.0,7.5,47.0,53.0,65.0,35.0,19.0,81.0,12.0,88.0,8.0,18.0,False,True,1,,,,,,,,,,,,
2026-03-27T02:59:51.742034-04:00,vsin_dk,draftkings,mlb,mlb_20260326_washington_nationals_chicago_cubs,Mar 26,,Washington Nationals,Chicago Cubs,169.0,7.0,93.0,16.0,84.0,7.0,59.0,41.0,39.0,61.0,14.0,86.0,12.0,88.0,9.0,20.0,False,True,1,,,,,,,,,,,,
2026-03-27T02:59:51.742034-04:00,vsin_dk,draftkings,mlb,mlb_20260326_minnesota_twins_baltimore_orioles,Mar 26,,Minnesota Twins,Baltimore Orioles,120.0,19.0,81.0,37.0,63.0,8.5,56.0,44.0,64.0,36.0,35.0,65.0,5.0,95.0,18.0,8.0,True,False,1,,,,,,,,,,,,
2026-03-27T02:59:51.742034-04:00,vsin_dk,draftkings,mlb,mlb_20260326_los_angeles_angels_houston_astros,Mar 26,,Los Angeles Angels,Houston Astros,153.0,10.0,90.0,21.0,79.0,8.0,55.0,45.0,47.0,53.0,26.0,74.0,60.0,40.0,11.0,8.0,False,False,1,,,,,,,,,,,,
2026-03-27T02:59:51.742034-04:00,vsin_dk,draftkings,mlb,mlb_20260326_detroit_tigers_san_diego_padres,Mar 26,,Detroit Tigers,San Diego Padres,-126.0,77.0,23.0,73.0,27.0,7.0,44.0,56.0,17.0,83.0,48.0,52.0,64.0,36.0,4.0,27.0,False,True,1,,,,,,,,,,,,
2026-03-27T02:59:51.742034-04:00,vsin_dk,draftkings,mlb,mlb_20260326_boston_red_sox_cincinnati_reds,Mar 26,,Boston Red Sox,Cincinnati Reds,-163.0,83.0,17.0,74.0,26.0,8.0,58.0,42.0,60.0,40.0,67.0,33.0,82.0,18.0,9.0,2.0,False,False,1,,,,,,,,,,,,
2026-03-27T02:59:51.742034-04:00,vsin_dk,draftkings,mlb,mlb_20260326_texas_rangers_philadelphia_phillies,Mar 26,,Texas Rangers,Philadelphia Phillies,144.0,15.0,85.0,37.0,63.0,8.0,50.0,50.0,53.0,47.0,34.0,66.0,22.0,78.0,22.0,3.0,True,False,1,,,,,,,,,,,,
2026-03-27T02:59:51.742034-04:00,vsin_dk,draftkings,mlb,mlb_20260326_tampa_bay_rays_st_louis_cardinals,Mar 26,,Tampa Bay Rays,ST Louis Cardinals,-136.0,65.0,35.0,57.0,43.0,8.0,61.0,39.0,84.0,16.0,36.0,64.0,43.0,57.0,8.0,23.0,False,True,1,,,,,,,,,,,,
2026-03-27T02:59:51.742034-04:00,vsin_dk,draftkings,mlb,mlb_20260326_arizona_diamondbacks_los_angeles_dodgers,Mar 26,,Arizona Diamondbacks,Los Angeles Dodgers,229.0,6.0,94.0,19.0,81.0,9.0,51.0,49.0,58.0,42.0,10.0,90.0,9.0,91.0,13.0,7.0,False,False,1,,,,,,,,,,,,
2026-03-27T02:59:51.742034-04:00,vsin_dk,draftkings,mlb,mlb_20260326_cleveland_guardians_seattle_mariners,Mar 26,,Cleveland Guardians,Seattle Mariners,153.0,18.0,82.0,39.0,61.0,6.5,69.0,31.0,56.0,44.0,34.0,66.0,23.0,77.0,21.0,13.0,True,False,1,,,,,,,,,,,,
2026-03-27T02:59:51.742034-04:00,vsin_dk,draftkings,mlb,mlb_20260327_new_york_yankees_san_francisco_giants,Mar 27,,New York Yankees,San Francisco Giants,-131.0,82.0,18.0,72.0,28.0,7.5,83.0,17.0,69.0,31.0,79.0,21.0,81.0,19.0,10.0,14.0,False,False,1,,,,,,,,,,,,
2026-03-27T02:59:51.742034-04:00,vsin_dk,draftkings,mlb,mlb_20260327_athletics_toronto_blue_jays,Mar 27,,Athletics,Toronto Blue Jays,139.0,12.0,88.0,44.0,56.0,8.5,58.0,42.0,30.0,70.0,17.0,83.0,22.0,78.0,32.0,28.0,True,True,1,,,,,,,,,,,,
2026-03-27T02:59:51.742034-04:00,vsin_dk,draftkings,mlb,mlb_20260327_colorado_rockies_miami_marlins,Mar 27,,Colorado Rockies,Miami Marlins,163.0,16.0,84.0,50.0,50.0,7.5,73.0,27.0,94.0,6.0,24.0,76.0,34.0,66.0,34.0,21.0,True,True,1,,,,,,,,,,,,
2026-03-27T02:59:51.742034-04:00,vsin_dk,draftkings,mlb,mlb_20260327_kansas_city_royals_atlanta_braves,Mar 27,,Kansas City Royals,Atlanta Braves,119.0,22.0,78.0,47.0,53.0,7.5,66.0,34.0,62.0,38.0,36.0,64.0,23.0,77.0,25.0,4.0,True,False,1,,,,,,,,,,,,
2026-03-27T02:59:51.742034-04:00,vsin_dk,draftkings,mlb,mlb_20260327_los_angeles_angels_houston_astros,Mar 27,,Los Angeles Angels,Houston Astros,135.0,22.0,78.0,31.0,69.0,8.5,54.0,46.0,18.0,82.0,34.0,66.0,9.0,91.0,9.0,36.0,False,True,1,,,,,,,,,,,,
2026-03-27T02:59:51.742034-04:00,vsin_dk,draftkings,mlb,mlb_20260327_detroit_tigers_san_diego_padres,Mar 27,,Detroit Tigers,San Diego Padres,104.0,61.0,39.0,74.0,26.0,7.5,71.0,29.0,50.0,50.0,51.0,49.0,22.0,78.0,13.0,21.0,False,True,1,,,,,,,,,,,,
2026-03-27T02:59:51.742034-04:00,vsin_dk,draftkings,mlb,mlb_20260327_cleveland_guardians_seattle_mariners,Mar 27,,Cleveland Guardians,Seattle Mariners,141.0,23.0,77.0,19.0,81.0,7.0,61.0,39.0,15.0,85.0,36.0,64.0,13.0,87.0,4.0,46.0,False,True,1,,,,,,,,,,,,
2026-03-27T02:59:51.742034-04:00,vsin_dk,draftkings,mlb,mlb_20260327_arizona_diamondbacks_los_angeles_dodgers,Mar 27,,Arizona Diamondbacks,Los Angeles Dodgers,184.0,11.0,89.0,44.0,56.0,8.5,77.0,23.0,89.0,11.0,15.0,85.0,28.0,72.0,33.0,12.0,True,False,1,,,,,,,,,,,,
2026-03-27T03:00:13.991410-04:00,vsin_circa,circa,mlb,mlb_20260326_pittsburgh_pirates_new_york_mets,Mar 26,,Pittsburgh Pirates,New York Mets,105.0,59.0,41.0,23.0,77.0,7.0,11.0,89.0,29.0,71.0,43.0,57.0,67.0,33.0,36.0,18.0,True,True,1,,,,,,,,,,,,
2026-03-27T03:00:13.991410-04:00,vsin_circa,circa,mlb,mlb_20260326_chicago_white_sox_milwaukee_brewers,Mar 26,,Chicago White Sox,Milwaukee Brewers,168.0,52.0,48.0,7.0,93.0,7.5,33.0,67.0,45.0,55.0,,100.0,,100.0,45.0,12.0,True,False,1,,,,,,,,,,,,
2026-03-27T03:00:13.991410-04:00,vsin_circa,circa,mlb,mlb_20260326_washington_nationals_chicago_cubs,Mar 26,,Washington Nationals,Chicago Cubs,178.0,27.0,73.0,19.0,81.0,7.0,29.0,71.0,6.0,94.0,14.0,86.0,86.0,14.0,8.0,23.0,False,True,1,,,,,,,,,,,,
2026-03-27T03:00:13.991410-04:00,vsin_circa,circa,mlb,mlb_20260326_minnesota_twins_baltimore_orioles,Mar 26,,Minnesota Twins,Baltimore Orioles,126.0,45.0,55.0,11.0,89.0,8.5,72.0,28.0,86.0,14.0,38.0,63.0,85.0,15.0,34.0,14.0,True,False,1,,,,,,,,,,,,
2026-03-27T03:00:13.991410-04:00,vsin_circa,circa,mlb,mlb_20260326_los_angeles_angels_houston_astros,Mar 26,,Los Angeles Angels,Houston Astros,160.0,61.0,39.0,75.0,25.0,8.0,17.0,83.0,2.0,98.0,25.0,75.0,94.0,6.0,14.0,15.0,False,True,1,,,,,,,,,,,,
2026-03-27T03:00:13.991410-04:00,vsin_circa,circa,mlb,mlb_20260326_detroit_tigers_san_diego_padres,Mar 26,,Detroit Tigers,San Diego Padres,-120.0,62.0,38.0,42.0,58.0,7.0,44.0,56.0,36.0,64.0,50.0,50.0,27.0,73.0,20.0,8.0,True,False,1,,,,,,,,,,,,
2026-03-27T03:00:13.991410-04:00,vsin_circa,circa,mlb,mlb_20260326_boston_red_sox_cincinnati_reds,Mar 26,,Boston Red Sox,Cincinnati Reds,-152.0,44.0,56.0,85.0,15.0,8.0,25.0,75.0,20.0,80.0,71.0,29.0,99.0,1.0,41.0,5.0,True,False,1,,,,,,,,,,,,
2026-03-27T03:00:13.991410-04:00,vsin_circa,circa,mlb,mlb_20260326_texas_rangers_philadelphia_phillies,Mar 26,,Texas Rangers,Philadelphia Phillies,142.0,47.0,53.0,13.0,87.0,8.0,56.0,44.0,59.0,41.0,,100.0,,100.0,34.0,3.0,True,False,1,,,,,,,,,,,,
2026-03-27T03:00:13.991410-04:00,vsin_circa,circa,mlb,mlb_20260326_tampa_bay_rays_st_louis_cardinals,Mar 26,,Tampa Bay Rays,ST Louis Cardinals,-128.0,66.0,34.0,93.0,7.0,8.0,57.0,43.0,21.0,79.0,40.0,60.0,100.0,,27.0,36.0,True,True,1,,,,,,,,,,,,
2026-03-27T03:00:13.991410-04:00,vsin_circa,circa,mlb,mlb_20260326_arizona_diamondbacks_los_angeles_dodgers,Mar 26,,Arizona Diamondbacks,Los Angeles Dodgers,250.0,59.0,41.0,2.0,98.0,9.0,44.0,56.0,14.0,86.0,24.0,76.0,18.0,82.0,57.0,30.0,True,True,1,,,,,,,,,,,,
2026-03-27T03:00:13.991410-04:00,vsin_circa,circa,mlb,mlb_20260326_cleveland_guardians_seattle_mariners,Mar 26,,Cleveland Guardians,Seattle Mariners,157.0,45.0,55.0,35.0,65.0,6.5,43.0,57.0,62.0,38.0,33.0,67.0,24.0,76.0,10.0,19.0,False,True,1,,,,,,,,,,,,
2026-03-27T03:00:13.991410-04:00,vsin_circa,circa,mlb,mlb_20260327_new_york_yankees_san_francisco_giants,Mar 27,,New York Yankees,San Francisco Giants,-122.0,82.0,18.0,94.0,6.0,7.5,100.0,,100.0,,50.0,50.0,94.0,6.0,12.0,0.0,False,False,1,,,,,,,,,,,,
2026-03-27T03:00:13.991410-04:00,vsin_circa,circa,mlb,mlb_20260327_athletics_toronto_blue_jays,Mar 27,,Athletics,Toronto Blue Jays,145.0,40.0,60.0,4.0,96.0,8.5,100.0,,100.0,,50.0,50.0,50.0,50.0,36.0,0.0,True,False,1,,,,,,,,,,,,
2026-03-27T03:00:13.991410-04:00,vsin_circa,circa,mlb,mlb_20260327_colorado_rockies_miami_marlins,Mar 27,,Colorado Rockies,Miami Marlins,167.0,43.0,57.0,1.0,99.0,7.5,100.0,,100.0,,50.0,50.0,58.0,42.0,42.0,0.0,True,False,1,,,,,,,,,,,,
2026-03-27T03:00:13.991410-04:00,vsin_circa,circa,mlb,mlb_20260327_kansas_city_royals_atlanta_braves,Mar 27,,Kansas City Royals,Atlanta Braves,123.0,43.0,57.0,29.0,71.0,7.5,33.0,67.0,98.0,2.0,50.0,50.0,50.0,50.0,14.0,65.0,False,True,1,,,,,,,,,,,,
2026-03-27T03:00:13.991410-04:00,vsin_circa,circa,mlb,mlb_20260327_los_angeles_angels_houston_astros,Mar 27,,Los Angeles Angels,Houston Astros,142.0,67.0,33.0,42.0,58.0,8.5,50.0,50.0,50.0,50.0,50.0,50.0,50.0,50.0,25.0,0.0,True,False,1,,,,,,,,,,,,
2026-03-27T03:00:13.991410-04:00,vsin_circa,circa,mlb,mlb_20260327_detroit_tigers_san_diego_padres,Mar 27,,Detroit Tigers,San Diego Padres,108.0,100.0,,100.0,,7.5,,100.0,,100.0,50.0,50.0,50.0,50.0,,,,,1,,,,,,,,,,,,
2026-03-27T03:00:13.991410-04:00,vsin_circa,circa,mlb,mlb_20260327_cleveland_guardians_seattle_mariners,Mar 27,,Cleveland Guardians,Seattle Mariners,148.0,60.0,40.0,14.0,86.0,7.5,,100.0,,100.0,,100.0,,100.0,46.0,,True,,1,,,,,,,,,,,,
2026-03-27T03:00:13.991410-04:00,vsin_circa,circa,mlb,mlb_20260327_arizona_diamondbacks_los_angeles_dodgers,Mar 27,,Arizona Diamondbacks,Los Angeles Dodgers,187.0,50.0,50.0,2.0,98.0,8.5,50.0,50.0,50.0,50.0,,100.0,,100.0,48.0,0.0,True,False,1,,,,,,,,,,,,
2026-03-27T03:35:20.905995-04:00,vsin_dk,draftkings,mlb,mlb_20260326_pittsburgh_pirates_new_york_mets,Mar 26,,Pittsburgh Pirates,New York Mets,102.0,49.0,51.0,47.0,53.0,7.0,40.0,60.0,38.0,62.0,28.0,72.0,46.0,54.0,2.0,2.0,False,False,1,,,,,,,,,,,,
2026-03-27T03:35:20.905995-04:00,vsin_dk,draftkings,mlb,mlb_20260326_chicago_white_sox_milwaukee_brewers,Mar 26,,Chicago White Sox,Milwaukee Brewers,163.0,10.0,90.0,18.0,82.0,7.5,47.0,53.0,65.0,35.0,19.0,81.0,12.0,88.0,8.0,18.0,False,True,1,,,,,,,,,,,,
2026-03-27T03:35:20.905995-04:00,vsin_dk,draftkings,mlb,mlb_20260326_washington_nationals_chicago_cubs,Mar 26,,Washington Nationals,Chicago Cubs,169.0,7.0,93.0,16.0,84.0,7.0,59.0,41.0,39.0,61.0,14.0,86.0,12.0,88.0,9.0,20.0,False,True,1,,,,,,,,,,,,
2026-03-27T03:35:20.905995-04:00,vsin_dk,draftkings,mlb,mlb_20260326_minnesota_twins_baltimore_orioles,Mar 26,,Minnesota Twins,Baltimore Orioles,120.0,19.0,81.0,37.0,63.0,8.5,56.0,44.0,64.0,36.0,35.0,65.0,5.0,95.0,18.0,8.0,True,False,1,,,,,,,,,,,,
2026-03-27T03:35:20.905995-04:00,vsin_dk,draftkings,mlb,mlb_20260326_los_angeles_angels_houston_astros,Mar 26,,Los Angeles Angels,Houston Astros,153.0,10.0,90.0,21.0,79.0,8.0,55.0,45.0,47.0,53.0,26.0,74.0,60.0,40.0,11.0,8.0,False,False,1,,,,,,,,,,,,
2026-03-27T03:35:20.905995-04:00,vsin_dk,draftkings,mlb,mlb_20260326_detroit_tigers_san_diego_padres,Mar 26,,Detroit Tigers,San Diego Padres,-126.0,77.0,23.0,73.0,27.0,7.0,44.0,56.0,17.0,83.0,48.0,52.0,64.0,36.0,4.0,27.0,False,True,1,,,,,,,,,,,,
2026-03-27T03:35:20.905995-04:00,vsin_dk,draftkings,mlb,mlb_20260326_boston_red_sox_cincinnati_reds,Mar 26,,Boston Red Sox,Cincinnati Reds,-163.0,83.0,17.0,74.0,26.0,8.0,58.0,42.0,60.0,40.0,67.0,33.0,82.0,18.0,9.0,2.0,False,False,1,,,,,,,,,,,,
2026-03-27T03:35:20.905995-04:00,vsin_dk,draftkings,mlb,mlb_20260326_texas_rangers_philadelphia_phillies,Mar 26,,Texas Rangers,Philadelphia Phillies,144.0,15.0,85.0,37.0,63.0,8.0,50.0,50.0,53.0,47.0,34.0,66.0,22.0,78.0,22.0,3.0,True,False,1,,,,,,,,,,,,
2026-03-27T03:35:20.905995-04:00,vsin_dk,draftkings,mlb,mlb_20260326_tampa_bay_rays_st_louis_cardinals,Mar 26,,Tampa Bay Rays,ST Louis Cardinals,-136.0,65.0,35.0,57.0,43.0,8.0,61.0,39.0,84.0,16.0,36.0,64.0,43.0,57.0,8.0,23.0,False,True,1,,,,,,,,,,,,
2026-03-27T03:35:20.905995-04:00,vsin_dk,draftkings,mlb,mlb_20260326_arizona_diamondbacks_los_angeles_dodgers,Mar 26,,Arizona Diamondbacks,Los Angeles Dodgers,229.0,6.0,94.0,19.0,81.0,9.0,51.0,49.0,58.0,42.0,10.0,90.0,9.0,91.0,13.0,7.0,False,False,1,,,,,,,,,,,,
2026-03-27T03:35:20.905995-04:00,vsin_dk,draftkings,mlb,mlb_20260326_cleveland_guardians_seattle_mariners,Mar 26,,Cleveland Guardians,Seattle Mariners,153.0,18.0,82.0,39.0,61.0,6.5,69.0,31.0,56.0,44.0,34.0,66.0,23.0,77.0,21.0,13.0,True,False,1,,,,,,,,,,,,
2026-03-27T03:35:20.905995-04:00,vsin_dk,draftkings,mlb,mlb_20260327_new_york_yankees_san_francisco_giants,Mar 27,,New York Yankees,San Francisco Giants,-131.0,82.0,18.0,72.0,28.0,7.5,83.0,17.0,69.0,31.0,79.0,21.0,81.0,19.0,10.0,14.0,False,False,1,,,,,,,,,,,,
2026-03-27T03:35:20.905995-04:00,vsin_dk,draftkings,mlb,mlb_20260327_athletics_toronto_blue_jays,Mar 27,,Athletics,Toronto Blue Jays,139.0,12.0,88.0,43.0,57.0,8.5,59.0,41.0,31.0,69.0,17.0,83.0,23.0,77.0,31.0,28.0,True,True,1,,,,,,,,,,,,
2026-03-27T03:35:20.905995-04:00,vsin_dk,draftkings,mlb,mlb_20260327_colorado_rockies_miami_marlins,Mar 27,,Colorado Rockies,Miami Marlins,163.0,16.0,84.0,50.0,50.0,7.5,73.0,27.0,94.0,6.0,24.0,76.0,34.0,66.0,34.0,21.0,True,True,1,,,,,,,,,,,,
2026-03-27T03:35:20.905995-04:00,vsin_dk,draftkings,mlb,mlb_20260327_kansas_city_royals_atlanta_braves,Mar 27,,Kansas City Royals,Atlanta Braves,119.0,22.0,78.0,47.0,53.0,7.5,66.0,34.0,63.0,37.0,36.0,64.0,22.0,78.0,25.0,3.0,True,False,1,,,,,,,,,,,,
2026-03-27T03:35:20.905995-04:00,vsin_dk,draftkings,mlb,mlb_20260327_los_angeles_angels_houston_astros,Mar 27,,Los Angeles Angels,Houston Astros,135.0,22.0,78.0,30.0,70.0,8.5,54.0,46.0,19.0,81.0,34.0,66.0,6.0,94.0,8.0,35.0,False,True,1,,,,,,,,,,,,
2026-03-27T03:35:20.905995-04:00,vsin_dk,draftkings,mlb,mlb_20260327_detroit_tigers_san_diego_padres,Mar 27,,Detroit Tigers,San Diego Padres,104.0,61.0,39.0,74.0,26.0,7.5,71.0,29.0,50.0,50.0,50.0,50.0,21.0,79.0,13.0,21.0,False,True,1,,,,,,,,,,,,
2026-03-27T03:35:20.905995-04:00,vsin_dk,draftkings,mlb,mlb_20260327_cleveland_guardians_seattle_mariners,Mar 27,,Cleveland Guardians,Seattle Mariners,141.0,23.0,77.0,21.0,79.0,7.0,62.0,38.0,15.0,85.0,37.0,63.0,10.0,90.0,2.0,47.0,False,True,1,,,,,,,,,,,,
2026-03-27T03:35:20.905995-04:00,vsin_dk,draftkings,mlb,mlb_20260327_arizona_diamondbacks_los_angeles_dodgers,Mar 27,,Arizona Diamondbacks,Los Angeles Dodgers,184.0,10.0,90.0,43.0,57.0,8.5,78.0,22.0,89.0,11.0,15.0,85.0,27.0,73.0,33.0,11.0,True,False,1,,,,,,,,,,,,
2026-03-27T03:35:41.571908-04:00,vsin_circa,circa,mlb,mlb_20260326_pittsburgh_pirates_new_york_mets,Mar 26,,Pittsburgh Pirates,New York Mets,105.0,59.0,41.0,23.0,77.0,7.0,11.0,89.0,29.0,71.0,43.0,57.0,67.0,33.0,36.0,18.0,True,True,1,,,,,,,,,,,,
2026-03-27T03:35:41.571908-04:00,vsin_circa,circa,mlb,mlb_20260326_chicago_white_sox_milwaukee_brewers,Mar 26,,Chicago White Sox,Milwaukee Brewers,168.0,52.0,48.0,7.0,93.0,7.5,33.0,67.0,45.0,55.0,,100.0,,100.0,45.0,12.0,True,False,1,,,,,,,,,,,,
2026-03-27T03:35:41.571908-04:00,vsin_circa,circa,mlb,mlb_20260326_washington_nationals_chicago_cubs,Mar 26,,Washington Nationals,Chicago Cubs,178.0,27.0,73.0,19.0,81.0,7.0,29.0,71.0,6.0,94.0,14.0,86.0,86.0,14.0,8.0,23.0,False,True,1,,,,,,,,,,,,
2026-03-27T03:35:41.571908-04:00,vsin_circa,circa,mlb,mlb_20260326_minnesota_twins_baltimore_orioles,Mar 26,,Minnesota Twins,Baltimore Orioles,126.0,45.0,55.0,11.0,89.0,8.5,72.0,28.0,86.0,14.0,38.0,63.0,85.0,15.0,34.0,14.0,True,False,1,,,,,,,,,,,,
2026-03-27T03:35:41.571908-04:00,vsin_circa,circa,mlb,mlb_20260326_los_angeles_angels_houston_astros,Mar 26,,Los Angeles Angels,Houston Astros,160.0,61.0,39.0,75.0,25.0,8.0,17.0,83.0,2.0,98.0,25.0,75.0,94.0,6.0,14.0,15.0,False,True,1,,,,,,,,,,,,
2026-03-27T03:35:41.571908-04:00,vsin_circa,circa,mlb,mlb_20260326_detroit_tigers_san_diego_padres,Mar 26,,Detroit Tigers,San Diego Padres,-120.0,62.0,38.0,42.0,58.0,7.0,44.0,56.0,36.0,64.0,50.0,50.0,27.0,73.0,20.0,8.0,True,False,1,,,,,,,,,,,,
2026-03-27T03:35:41.571908-04:00,vsin_circa,circa,mlb,mlb_20260326_boston_red_sox_cincinnati_reds,Mar 26,,Boston Red Sox,Cincinnati Reds,-152.0,44.0,56.0,85.0,15.0,8.0,25.0,75.0,20.0,80.0,71.0,29.0,99.0,1.0,41.0,5.0,True,False,1,,,,,,,,,,,,
2026-03-27T03:35:41.571908-04:00,vsin_circa,circa,mlb,mlb_20260326_texas_rangers_philadelphia_phillies,Mar 26,,Texas Rangers,Philadelphia Phillies,142.0,47.0,53.0,13.0,87.0,8.0,56.0,44.0,59.0,41.0,,100.0,,100.0,34.0,3.0,True,False,1,,,,,,,,,,,,
2026-03-27T03:35:41.571908-04:00,vsin_circa,circa,mlb,mlb_20260326_tampa_bay_rays_st_louis_cardinals,Mar 26,,Tampa Bay Rays,ST Louis Cardinals,-128.0,66.0,34.0,93.0,7.0,8.0,57.0,43.0,21.0,79.0,40.0,60.0,100.0,,27.0,36.0,True,True,1,,,,,,,,,,,,
2026-03-27T03:35:41.571908-04:00,vsin_circa,circa,mlb,mlb_20260326_arizona_diamondbacks_los_angeles_dodgers,Mar 26,,Arizona Diamondbacks,Los Angeles Dodgers,250.0,59.0,41.0,2.0,98.0,9.0,44.0,56.0,14.0,86.0,24.0,76.0,18.0,82.0,57.0,30.0,True,True,1,,,,,,,,,,,,
2026-03-27T03:35:41.571908-04:00,vsin_circa,circa,mlb,mlb_20260326_cleveland_guardians_seattle_mariners,Mar 26,,Cleveland Guardians,Seattle Mariners,157.0,45.0,55.0,35.0,65.0,6.5,43.0,57.0,62.0,38.0,33.0,67.0,24.0,76.0,10.0,19.0,False,True,1,,,,,,,,,,,,
2026-03-27T03:35:41.571908-04:00,vsin_circa,circa,mlb,mlb_20260327_new_york_yankees_san_francisco_giants,Mar 27,,New York Yankees,San Francisco Giants,-122.0,82.0,18.0,94.0,6.0,7.5,100.0,,100.0,,50.0,50.0,94.0,6.0,12.0,0.0,False,False,1,,,,,,,,,,,,
2026-03-27T03:35:41.571908-04:00,vsin_circa,circa,mlb,mlb_20260327_athletics_toronto_blue_jays,Mar 27,,Athletics,Toronto Blue Jays,145.0,44.0,56.0,8.0,92.0,8.5,100.0,,100.0,,50.0,50.0,50.0,50.0,36.0,0.0,True,False,1,,,,,,,,,,,,
2026-03-27T03:35:41.571908-04:00,vsin_circa,circa,mlb,mlb_20260327_colorado_rockies_miami_marlins,Mar 27,,Colorado Rockies,Miami Marlins,167.0,43.0,57.0,1.0,99.0,7.5,100.0,,100.0,,50.0,50.0,58.0,42.0,42.0,0.0,True,False,1,,,,,,,,,,,,
2026-03-27T03:35:41.571908-04:00,vsin_circa,circa,mlb,mlb_20260327_kansas_city_royals_atlanta_braves,Mar 27,,Kansas City Royals,Atlanta Braves,123.0,43.0,57.0,29.0,71.0,7.5,33.0,67.0,98.0,2.0,50.0,50.0,50.0,50.0,14.0,65.0,False,True,1,,,,,,,,,,,,
2026-03-27T03:35:41.571908-04:00,vsin_circa,circa,mlb,mlb_20260327_los_angeles_angels_houston_astros,Mar 27,,Los Angeles Angels,Houston Astros,142.0,67.0,33.0,42.0,58.0,8.5,50.0,50.0,50.0,50.0,50.0,50.0,50.0,50.0,25.0,0.0,True,False,1,,,,,,,,,,,,
2026-03-27T03:35:41.571908-04:00,vsin_circa,circa,mlb,mlb_20260327_detroit_tigers_san_diego_padres,Mar 27,,Detroit Tigers,San Diego Padres,108.0,100.0,,100.0,,7.5,,100.0,,100.0,50.0,50.0,50.0,50.0,,,,,1,,,,,,,,,,,,
2026-03-27T03:35:41.571908-04:00,vsin_circa,circa,mlb,mlb_20260327_cleveland_guardians_seattle_mariners,Mar 27,,Cleveland Guardians,Seattle Mariners,148.0,67.0,33.0,35.0,65.0,7.5,,100.0,,100.0,,100.0,,100.0,32.0,,True,,1,,,,,,,,,,,,
2026-03-27T03:35:41.571908-04:00,vsin_circa,circa,mlb,mlb_20260327_arizona_diamondbacks_los_angeles_dodgers,Mar 27,,Arizona Diamondbacks,Los Angeles Dodgers,187.0,50.0,50.0,2.0,98.0,8.5,50.0,50.0,50.0,50.0,,100.0,,100.0,48.0,0.0,True,False,1,,,,,,,,,,,,
2026-03-27T03:56:43.375406-04:00,vsin_dk,draftkings,mlb,mlb_20260326_pittsburgh_pirates_new_york_mets,Mar 26,,Pittsburgh Pirates,New York Mets,102.0,49.0,51.0,47.0,53.0,7.0,40.0,60.0,38.0,62.0,28.0,72.0,46.0,54.0,2.0,2.0,False,False,1,,,,,,,,,,,,
2026-03-27T03:56:43.375406-04:00,vsin_dk,draftkings,mlb,mlb_20260326_chicago_white_sox_milwaukee_brewers,Mar 26,,Chicago White Sox,Milwaukee Brewers,163.0,10.0,90.0,18.0,82.0,7.5,47.0,53.0,65.0,35.0,19.0,81.0,12.0,88.0,8.0,18.0,False,True,1,,,,,,,,,,,,
2026-03-27T03:56:43.375406-04:00,vsin_dk,draftkings,mlb,mlb_20260326_washington_nationals_chicago_cubs,Mar 26,,Washington Nationals,Chicago Cubs,169.0,7.0,93.0,16.0,84.0,7.0,59.0,41.0,39.0,61.0,14.0,86.0,12.0,88.0,9.0,20.0,False,True,1,,,,,,,,,,,,
2026-03-27T03:56:43.375406-04:00,vsin_dk,draftkings,mlb,mlb_20260326_minnesota_twins_baltimore_orioles,Mar 26,,Minnesota Twins,Baltimore Orioles,120.0,19.0,81.0,37.0,63.0,8.5,56.0,44.0,64.0,36.0,35.0,65.0,5.0,95.0,18.0,8.0,True,False,1,,,,,,,,,,,,
2026-03-27T03:56:43.375406-04:00,vsin_dk,draftkings,mlb,mlb_20260326_los_angeles_angels_houston_astros,Mar 26,,Los Angeles Angels,Houston Astros,153.0,10.0,90.0,21.0,79.0,8.0,55.0,45.0,47.0,53.0,26.0,74.0,60.0,40.0,11.0,8.0,False,False,1,,,,,,,,,,,,
2026-03-27T03:56:43.375406-04:00,vsin_dk,draftkings,mlb,mlb_20260326_detroit_tigers_san_diego_padres,Mar 26,,Detroit Tigers,San Diego Padres,-126.0,77.0,23.0,73.0,27.0,7.0,44.0,56.0,17.0,83.0,48.0,52.0,64.0,36.0,4.0,27.0,False,True,1,,,,,,,,,,,,
2026-03-27T03:56:43.375406-04:00,vsin_dk,draftkings,mlb,mlb_20260326_boston_red_sox_cincinnati_reds,Mar 26,,Boston Red Sox,Cincinnati Reds,-163.0,83.0,17.0,74.0,26.0,8.0,58.0,42.0,60.0,40.0,67.0,33.0,82.0,18.0,9.0,2.0,False,False,1,,,,,,,,,,,,
2026-03-27T03:56:43.375406-04:00,vsin_dk,draftkings,mlb,mlb_20260326_texas_rangers_philadelphia_phillies,Mar 26,,Texas Rangers,Philadelphia Phillies,144.0,15.0,85.0,37.0,63.0,8.0,50.0,50.0,53.0,47.0,34.0,66.0,22.0,78.0,22.0,3.0,True,False,1,,,,,,,,,,,,
2026-03-27T03:56:43.375406-04:00,vsin_dk,draftkings,mlb,mlb_20260326_tampa_bay_rays_st_louis_cardinals,Mar 26,,Tampa Bay Rays,ST Louis Cardinals,-136.0,65.0,35.0,57.0,43.0,8.0,61.0,39.0,84.0,16.0,36.0,64.0,43.0,57.0,8.0,23.0,False,True,1,,,,,,,,,,,,
2026-03-27T03:56:43.375406-04:00,vsin_dk,draftkings,mlb,mlb_20260326_arizona_diamondbacks_los_angeles_dodgers,Mar 26,,Arizona Diamondbacks,Los Angeles Dodgers,229.0,6.0,94.0,19.0,81.0,9.0,51.0,49.0,58.0,42.0,10.0,90.0,9.0,91.0,13.0,7.0,False,False,1,,,,,,,,,,,,
2026-03-27T03:56:43.375406-04:00,vsin_dk,draftkings,mlb,mlb_20260326_cleveland_guardians_seattle_mariners,Mar 26,,Cleveland Guardians,Seattle Mariners,153.0,18.0,82.0,39.0,61.0,6.5,69.0,31.0,56.0,44.0,34.0,66.0,23.0,77.0,21.0,13.0,True,False,1,,,,,,,,,,,,
2026-03-27T03:56:43.375406-04:00,vsin_dk,draftkings,mlb,mlb_20260327_new_york_yankees_san_francisco_giants,Mar 27,,New York Yankees,San Francisco Giants,-131.0,82.0,18.0,72.0,28.0,7.5,83.0,17.0,70.0,30.0,79.0,21.0,81.0,19.0,10.0,13.0,False,False,1,,,,,,,,,,,,
2026-03-27T03:56:43.375406-04:00,vsin_dk,draftkings,mlb,mlb_20260327_athletics_toronto_blue_jays,Mar 27,,Athletics,Toronto Blue Jays,141.0,12.0,88.0,43.0,57.0,8.5,59.0,41.0,31.0,69.0,17.0,83.0,22.0,78.0,31.0,28.0,True,True,1,,,,,,,,,,,,
2026-03-27T03:56:43.375406-04:00,vsin_dk,draftkings,mlb,mlb_20260327_colorado_rockies_miami_marlins,Mar 27,,Colorado Rockies,Miami Marlins,163.0,16.0,84.0,50.0,50.0,7.5,73.0,27.0,94.0,6.0,24.0,76.0,34.0,66.0,34.0,21.0,True,True,1,,,,,,,,,,,,
2026-03-27T03:56:43.375406-04:00,vsin_dk,draftkings,mlb,mlb_20260327_kansas_city_royals_atlanta_braves,Mar 27,,Kansas City Royals,Atlanta Braves,119.0,22.0,78.0,46.0,54.0,7.5,65.0,35.0,62.0,38.0,36.0,64.0,22.0,78.0,24.0,3.0,True,False,1,,,,,,,,,,,,
2026-03-27T03:56:43.375406-04:00,vsin_dk,draftkings,mlb,mlb_20260327_los_angeles_angels_houston_astros,Mar 27,,Los Angeles Angels,Houston Astros,135.0,22.0,78.0,30.0,70.0,8.5,55.0,45.0,19.0,81.0,34.0,66.0,6.0,94.0,8.0,36.0,False,True,1,,,,,,,,,,,,
2026-03-27T03:56:43.375406-04:00,vsin_dk,draftkings,mlb,mlb_20260327_detroit_tigers_san_diego_padres,Mar 27,,Detroit Tigers,San Diego Padres,104.0,61.0,39.0,74.0,26.0,7.5,72.0,28.0,52.0,48.0,50.0,50.0,21.0,79.0,13.0,20.0,False,True,1,,,,,,,,,,,,
2026-03-27T03:56:43.375406-04:00,vsin_dk,draftkings,mlb,mlb_20260327_cleveland_guardians_seattle_mariners,Mar 27,,Cleveland Guardians,Seattle Mariners,141.0,23.0,77.0,20.0,80.0,7.0,63.0,37.0,16.0,84.0,36.0,64.0,10.0,90.0,3.0,47.0,False,True,1,,,,,,,,,,,,
2026-03-27T03:56:43.375406-04:00,vsin_dk,draftkings,mlb,mlb_20260327_arizona_diamondbacks_los_angeles_dodgers,Mar 27,,Arizona Diamondbacks,Los Angeles Dodgers,184.0,10.0,90.0,43.0,57.0,8.5,78.0,22.0,89.0,11.0,15.0,85.0,27.0,73.0,33.0,11.0,True,False,1,,,,,,,,,,,,
2026-03-27T03:57:01.887485-04:00,vsin_circa,circa,mlb,mlb_20260326_pittsburgh_pirates_new_york_mets,Mar 26,,Pittsburgh Pirates,New York Mets,105.0,59.0,41.0,23.0,77.0,7.0,11.0,89.0,29.0,71.0,43.0,57.0,67.0,33.0,36.0,18.0,True,True,1,,,,,,,,,,,,
2026-03-27T03:57:01.887485-04:00,vsin_circa,circa,mlb,mlb_20260326_chicago_white_sox_milwaukee_brewers,Mar 26,,Chicago White Sox,Milwaukee Brewers,168.0,52.0,48.0,7.0,93.0,7.5,33.0,67.0,45.0,55.0,,100.0,,100.0,45.0,12.0,True,False,1,,,,,,,,,,,,
2026-03-27T03:57:01.887485-04:00,vsin_circa,circa,mlb,mlb_20260326_washington_nationals_chicago_cubs,Mar 26,,Washington Nationals,Chicago Cubs,178.0,27.0,73.0,19.0,81.0,7.0,29.0,71.0,6.0,94.0,14.0,86.0,86.0,14.0,8.0,23.0,False,True,1,,,,,,,,,,,,
2026-03-27T03:57:01.887485-04:00,vsin_circa,circa,mlb,mlb_20260326_minnesota_twins_baltimore_orioles,Mar 26,,Minnesota Twins,Baltimore Orioles,126.0,45.0,55.0,11.0,89.0,8.5,72.0,28.0,86.0,14.0,38.0,63.0,85.0,15.0,34.0,14.0,True,False,1,,,,,,,,,,,,
2026-03-27T03:57:01.887485-04:00,vsin_circa,circa,mlb,mlb_20260326_los_angeles_angels_houston_astros,Mar 26,,Los Angeles Angels,Houston Astros,160.0,61.0,39.0,75.0,25.0,8.0,17.0,83.0,2.0,98.0,25.0,75.0,94.0,6.0,14.0,15.0,False,True,1,,,,,,,,,,,,
2026-03-27T03:57:01.887485-04:00,vsin_circa,circa,mlb,mlb_20260326_detroit_tigers_san_diego_padres,Mar 26,,Detroit Tigers,San Diego Padres,-120.0,62.0,38.0,42.0,58.0,7.0,44.0,56.0,36.0,64.0,50.0,50.0,27.0,73.0,20.0,8.0,True,False,1,,,,,,,,,,,,
2026-03-27T03:57:01.887485-04:00,vsin_circa,circa,mlb,mlb_20260326_boston_red_sox_cincinnati_reds,Mar 26,,Boston Red Sox,Cincinnati Reds,-152.0,44.0,56.0,85.0,15.0,8.0,25.0,75.0,20.0,80.0,71.0,29.0,99.0,1.0,41.0,5.0,True,False,1,,,,,,,,,,,,
2026-03-27T03:57:01.887485-04:00,vsin_circa,circa,mlb,mlb_20260326_texas_rangers_philadelphia_phillies,Mar 26,,Texas Rangers,Philadelphia Phillies,142.0,47.0,53.0,13.0,87.0,8.0,56.0,44.0,59.0,41.0,,100.0,,100.0,34.0,3.0,True,False,1,,,,,,,,,,,,
2026-03-27T03:57:01.887485-04:00,vsin_circa,circa,mlb,mlb_20260326_tampa_bay_rays_st_louis_cardinals,Mar 26,,Tampa Bay Rays,ST Louis Cardinals,-128.0,66.0,34.0,93.0,7.0,8.0,57.0,43.0,21.0,79.0,40.0,60.0,100.0,,27.0,36.0,True,True,1,,,,,,,,,,,,
2026-03-27T03:57:01.887485-04:00,vsin_circa,circa,mlb,mlb_20260326_arizona_diamondbacks_los_angeles_dodgers,Mar 26,,Arizona Diamondbacks,Los Angeles Dodgers,250.0,59.0,41.0,2.0,98.0,9.0,44.0,56.0,14.0,86.0,24.0,76.0,18.0,82.0,57.0,30.0,True,True,1,,,,,,,,,,,,
2026-03-27T03:57:01.887485-04:00,vsin_circa,circa,mlb,mlb_20260326_cleveland_guardians_seattle_mariners,Mar 26,,Cleveland Guardians,Seattle Mariners,157.0,45.0,55.0,35.0,65.0,6.5,43.0,57.0,62.0,38.0,33.0,67.0,24.0,76.0,10.0,19.0,False,True,1,,,,,,,,,,,,
2026-03-27T03:57:01.887485-04:00,vsin_circa,circa,mlb,mlb_20260327_new_york_yankees_san_francisco_giants,Mar 27,,New York Yankees,San Francisco Giants,-122.0,82.0,18.0,94.0,6.0,7.5,100.0,,100.0,,50.0,50.0,94.0,6.0,12.0,0.0,False,False,1,,,,,,,,,,,,
2026-03-27T03:57:01.887485-04:00,vsin_circa,circa,mlb,mlb_20260327_athletics_toronto_blue_jays,Mar 27,,Athletics,Toronto Blue Jays,145.0,44.0,56.0,8.0,92.0,8.5,100.0,,100.0,,50.0,50.0,50.0,50.0,36.0,0.0,True,False,1,,,,,,,,,,,,
2026-03-27T03:57:01.887485-04:00,vsin_circa,circa,mlb,mlb_20260327_colorado_rockies_miami_marlins,Mar 27,,Colorado Rockies,Miami Marlins,167.0,43.0,57.0,1.0,99.0,7.5,100.0,,100.0,,50.0,50.0,58.0,42.0,42.0,0.0,True,False,1,,,,,,,,,,,,
2026-03-27T03:57:01.887485-04:00,vsin_circa,circa,mlb,mlb_20260327_kansas_city_royals_atlanta_braves,Mar 27,,Kansas City Royals,Atlanta Braves,123.0,43.0,57.0,29.0,71.0,7.5,33.0,67.0,98.0,2.0,50.0,50.0,50.0,50.0,14.0,65.0,False,True,1,,,,,,,,,,,,
2026-03-27T03:57:01.887485-04:00,vsin_circa,circa,mlb,mlb_20260327_los_angeles_angels_houston_astros,Mar 27,,Los Angeles Angels,Houston Astros,142.0,67.0,33.0,42.0,58.0,8.5,50.0,50.0,50.0,50.0,50.0,50.0,50.0,50.0,25.0,0.0,True,False,1,,,,,,,,,,,,
2026-03-27T03:57:01.887485-04:00,vsin_circa,circa,mlb,mlb_20260327_detroit_tigers_san_diego_padres,Mar 27,,Detroit Tigers,San Diego Padres,108.0,100.0,,100.0,,7.5,,100.0,,100.0,50.0,50.0,50.0,50.0,,,,,1,,,,,,,,,,,,
2026-03-27T03:57:01.887485-04:00,vsin_circa,circa,mlb,mlb_20260327_cleveland_guardians_seattle_mariners,Mar 27,,Cleveland Guardians,Seattle Mariners,148.0,71.0,29.0,45.0,55.0,7.5,,100.0,,100.0,,100.0,,100.0,26.0,,True,,1,,,,,,,,,,,,
2026-03-27T03:57:01.887485-04:00,vsin_circa,circa,mlb,mlb_20260327_arizona_diamondbacks_los_angeles_dodgers,Mar 27,,Arizona Diamondbacks,Los Angeles Dodgers,187.0,50.0,50.0,2.0,98.0,8.5,50.0,50.0,50.0,50.0,,100.0,,100.0,48.0,0.0,True,False,1,,,,,,,,,,,,
2026-03-27T04:05:19.669988-04:00,vsin_dk,draftkings,mlb,mlb_20260326_pittsburgh_pirates_new_york_mets,Mar 26,,Pittsburgh Pirates,New York Mets,102.0,49.0,51.0,47.0,53.0,7.0,40.0,60.0,38.0,62.0,28.0,72.0,46.0,54.0,2.0,2.0,False,False,1,,,,,,,,,,,,
2026-03-27T04:05:19.669988-04:00,vsin_dk,draftkings,mlb,mlb_20260326_chicago_white_sox_milwaukee_brewers,Mar 26,,Chicago White Sox,Milwaukee Brewers,163.0,10.0,90.0,18.0,82.0,7.5,47.0,53.0,65.0,35.0,19.0,81.0,12.0,88.0,8.0,18.0,False,True,1,,,,,,,,,,,,
2026-03-27T04:05:19.669988-04:00,vsin_dk,draftkings,mlb,mlb_20260326_washington_nationals_chicago_cubs,Mar 26,,Washington Nationals,Chicago Cubs,169.0,7.0,93.0,16.0,84.0,7.0,59.0,41.0,39.0,61.0,14.0,86.0,12.0,88.0,9.0,20.0,False,True,1,,,,,,,,,,,,
2026-03-27T04:05:19.669988-04:00,vsin_dk,draftkings,mlb,mlb_20260326_minnesota_twins_baltimore_orioles,Mar 26,,Minnesota Twins,Baltimore Orioles,120.0,19.0,81.0,37.0,63.0,8.5,56.0,44.0,64.0,36.0,35.0,65.0,5.0,95.0,18.0,8.0,True,False,1,,,,,,,,,,,,
2026-03-27T04:05:19.669988-04:00,vsin_dk,draftkings,mlb,mlb_20260326_los_angeles_angels_houston_astros,Mar 26,,Los Angeles Angels,Houston Astros,153.0,10.0,90.0,21.0,79.0,8.0,55.0,45.0,47.0,53.0,26.0,74.0,60.0,40.0,11.0,8.0,False,False,1,,,,,,,,,,,,
2026-03-27T04:05:19.669988-04:00,vsin_dk,draftkings,mlb,mlb_20260326_detroit_tigers_san_diego_padres,Mar 26,,Detroit Tigers,San Diego Padres,-126.0,77.0,23.0,73.0,27.0,7.0,44.0,56.0,17.0,83.0,48.0,52.0,64.0,36.0,4.0,27.0,False,True,1,,,,,,,,,,,,
2026-03-27T04:05:19.669988-04:00,vsin_dk,draftkings,mlb,mlb_20260326_boston_red_sox_cincinnati_reds,Mar 26,,Boston Red Sox,Cincinnati Reds,-163.0,83.0,17.0,74.0,26.0,8.0,58.0,42.0,60.0,40.0,67.0,33.0,82.0,18.0,9.0,2.0,False,False,1,,,,,,,,,,,,
2026-03-27T04:05:19.669988-04:00,vsin_dk,draftkings,mlb,mlb_20260326_texas_rangers_philadelphia_phillies,Mar 26,,Texas Rangers,Philadelphia Phillies,144.0,15.0,85.0,37.0,63.0,8.0,50.0,50.0,53.0,47.0,34.0,66.0,22.0,78.0,22.0,3.0,True,False,1,,,,,,,,,,,,
2026-03-27T04:05:19.669988-04:00,vsin_dk,draftkings,mlb,mlb_20260326_tampa_bay_rays_st_louis_cardinals,Mar 26,,Tampa Bay Rays,ST Louis Cardinals,-136.0,65.0,35.0,57.0,43.0,8.0,61.0,39.0,84.0,16.0,36.0,64.0,43.0,57.0,8.0,23.0,False,True,1,,,,,,,,,,,,
2026-03-27T04:05:19.669988-04:00,vsin_dk,draftkings,mlb,mlb_20260326_arizona_diamondbacks_los_angeles_dodgers,Mar 26,,Arizona Diamondbacks,Los Angeles Dodgers,229.0,6.0,94.0,19.0,81.0,9.0,51.0,49.0,58.0,42.0,10.0,90.0,9.0,91.0,13.0,7.0,False,False,1,,,,,,,,,,,,
2026-03-27T04:05:19.669988-04:00,vsin_dk,draftkings,mlb,mlb_20260326_cleveland_guardians_seattle_mariners,Mar 26,,Cleveland Guardians,Seattle Mariners,153.0,18.0,82.0,39.0,61.0,6.5,69.0,31.0,56.0,44.0,34.0,66.0,23.0,77.0,21.0,13.0,True,False,1,,,,,,,,,,,,
2026-03-27T04:05:19.669988-04:00,vsin_dk,draftkings,mlb,mlb_20260327_new_york_yankees_san_francisco_giants,Mar 27,,New York Yankees,San Francisco Giants,-131.0,82.0,18.0,72.0,28.0,7.5,83.0,17.0,70.0,30.0,79.0,21.0,81.0,19.0,10.0,13.0,False,False,1,,,,,,,,,,,,
2026-03-27T04:05:19.669988-04:00,vsin_dk,draftkings,mlb,mlb_20260327_athletics_toronto_blue_jays,Mar 27,,Athletics,Toronto Blue Jays,141.0,12.0,88.0,43.0,57.0,8.5,59.0,41.0,31.0,69.0,17.0,83.0,22.0,78.0,31.0,28.0,True,True,1,,,,,,,,,,,,
2026-03-27T04:05:19.669988-04:00,vsin_dk,draftkings,mlb,mlb_20260327_colorado_rockies_miami_marlins,Mar 27,,Colorado Rockies,Miami Marlins,163.0,16.0,84.0,50.0,50.0,7.5,73.0,27.0,94.0,6.0,24.0,76.0,34.0,66.0,34.0,21.0,True,True,1,,,,,,,,,,,,
2026-03-27T04:05:19.669988-04:00,vsin_dk,draftkings,mlb,mlb_20260327_kansas_city_royals_atlanta_braves,Mar 27,,Kansas City Royals,Atlanta Braves,119.0,22.0,78.0,46.0,54.0,7.5,65.0,35.0,62.0,38.0,36.0,64.0,22.0,78.0,24.0,3.0,True,False,1,,,,,,,,,,,,
2026-03-27T04:05:19.669988-04:00,vsin_dk,draftkings,mlb,mlb_20260327_los_angeles_angels_houston_astros,Mar 27,,Los Angeles Angels,Houston Astros,135.0,22.0,78.0,30.0,70.0,8.5,54.0,46.0,19.0,81.0,35.0,65.0,6.0,94.0,8.0,35.0,False,True,1,,,,,,,,,,,,
2026-03-27T04:05:19.669988-04:00,vsin_dk,draftkings,mlb,mlb_20260327_detroit_tigers_san_diego_padres,Mar 27,,Detroit Tigers,San Diego Padres,104.0,61.0,39.0,74.0,26.0,7.5,71.0,29.0,52.0,48.0,50.0,50.0,21.0,79.0,13.0,19.0,False,True,1,,,,,,,,,,,,
2026-03-27T04:05:19.669988-04:00,vsin_dk,draftkings,mlb,mlb_20260327_cleveland_guardians_seattle_mariners,Mar 27,,Cleveland Guardians,Seattle Mariners,141.0,23.0,77.0,20.0,80.0,7.0,63.0,37.0,16.0,84.0,37.0,63.0,10.0,90.0,3.0,47.0,False,True,1,,,,,,,,,,,,
2026-03-27T04:05:19.669988-04:00,vsin_dk,draftkings,mlb,mlb_20260327_arizona_diamondbacks_los_angeles_dodgers,Mar 27,,Arizona Diamondbacks,Los Angeles Dodgers,184.0,10.0,90.0,43.0,57.0,8.5,78.0,22.0,89.0,11.0,15.0,85.0,26.0,74.0,33.0,11.0,True,False,1,,,,,,,,,,,,
2026-03-27T04:05:41.252300-04:00,vsin_circa,circa,mlb,mlb_20260326_pittsburgh_pirates_new_york_mets,Mar 26,,Pittsburgh Pirates,New York Mets,105.0,59.0,41.0,23.0,77.0,7.0,11.0,89.0,29.0,71.0,43.0,57.0,67.0,33.0,36.0,18.0,True,True,1,,,,,,,,,,,,
2026-03-27T04:05:41.252300-04:00,vsin_circa,circa,mlb,mlb_20260326_chicago_white_sox_milwaukee_brewers,Mar 26,,Chicago White Sox,Milwaukee Brewers,168.0,52.0,48.0,7.0,93.0,7.5,33.0,67.0,45.0,55.0,,100.0,,100.0,45.0,12.0,True,False,1,,,,,,,,,,,,
2026-03-27T04:05:41.252300-04:00,vsin_circa,circa,mlb,mlb_20260326_washington_nationals_chicago_cubs,Mar 26,,Washington Nationals,Chicago Cubs,178.0,27.0,73.0,19.0,81.0,7.0,29.0,71.0,6.0,94.0,14.0,86.0,86.0,14.0,8.0,23.0,False,True,1,,,,,,,,,,,,
2026-03-27T04:05:41.252300-04:00,vsin_circa,circa,mlb,mlb_20260326_minnesota_twins_baltimore_orioles,Mar 26,,Minnesota Twins,Baltimore Orioles,126.0,45.0,55.0,11.0,89.0,8.5,72.0,28.0,86.0,14.0,38.0,63.0,85.0,15.0,34.0,14.0,True,False,1,,,,,,,,,,,,
2026-03-27T04:05:41.252300-04:00,vsin_circa,circa,mlb,mlb_20260326_los_angeles_angels_houston_astros,Mar 26,,Los Angeles Angels,Houston Astros,160.0,61.0,39.0,75.0,25.0,8.0,17.0,83.0,2.0,98.0,25.0,75.0,94.0,6.0,14.0,15.0,False,True,1,,,,,,,,,,,,
2026-03-27T04:05:41.252300-04:00,vsin_circa,circa,mlb,mlb_20260326_detroit_tigers_san_diego_padres,Mar 26,,Detroit Tigers,San Diego Padres,-120.0,62.0,38.0,42.0,58.0,7.0,44.0,56.0,36.0,64.0,50.0,50.0,27.0,73.0,20.0,8.0,True,False,1,,,,,,,,,,,,
2026-03-27T04:05:41.252300-04:00,vsin_circa,circa,mlb,mlb_20260326_boston_red_sox_cincinnati_reds,Mar 26,,Boston Red Sox,Cincinnati Reds,-152.0,44.0,56.0,85.0,15.0,8.0,25.0,75.0,20.0,80.0,71.0,29.0,99.0,1.0,41.0,5.0,True,False,1,,,,,,,,,,,,
2026-03-27T04:05:41.252300-04:00,vsin_circa,circa,mlb,mlb_20260326_texas_rangers_philadelphia_phillies,Mar 26,,Texas Rangers,Philadelphia Phillies,142.0,47.0,53.0,13.0,87.0,8.0,56.0,44.0,59.0,41.0,,100.0,,100.0,34.0,3.0,True,False,1,,,,,,,,,,,,
2026-03-27T04:05:41.252300-04:00,vsin_circa,circa,mlb,mlb_20260326_tampa_bay_rays_st_louis_cardinals,Mar 26,,Tampa Bay Rays,ST Louis Cardinals,-128.0,66.0,34.0,93.0,7.0,8.0,57.0,43.0,21.0,79.0,40.0,60.0,100.0,,27.0,36.0,True,True,1,,,,,,,,,,,,
2026-03-27T04:05:41.252300-04:00,vsin_circa,circa,mlb,mlb_20260326_arizona_diamondbacks_los_angeles_dodgers,Mar 26,,Arizona Diamondbacks,Los Angeles Dodgers,250.0,59.0,41.0,2.0,98.0,9.0,44.0,56.0,14.0,86.0,24.0,76.0,18.0,82.0,57.0,30.0,True,True,1,,,,,,,,,,,,
2026-03-27T04:05:41.252300-04:00,vsin_circa,circa,mlb,mlb_20260326_cleveland_guardians_seattle_mariners,Mar 26,,Cleveland Guardians,Seattle Mariners,157.0,45.0,55.0,35.0,65.0,6.5,43.0,57.0,62.0,38.0,33.0,67.0,24.0,76.0,10.0,19.0,False,True,1,,,,,,,,,,,,
2026-03-27T04:05:41.252300-04:00,vsin_circa,circa,mlb,mlb_20260327_new_york_yankees_san_francisco_giants,Mar 27,,New York Yankees,San Francisco Giants,-122.0,83.0,17.0,95.0,5.0,7.5,100.0,,100.0,,50.0,50.0,94.0,6.0,12.0,0.0,False,False,1,,,,,,,,,,,,
2026-03-27T04:05:41.252300-04:00,vsin_circa,circa,mlb,mlb_20260327_athletics_toronto_blue_jays,Mar 27,,Athletics,Toronto Blue Jays,145.0,47.0,53.0,8.0,92.0,8.5,100.0,,100.0,,50.0,50.0,50.0,50.0,39.0,0.0,True,False,1,,,,,,,,,,,,
2026-03-27T04:05:41.252300-04:00,vsin_circa,circa,mlb,mlb_20260327_colorado_rockies_miami_marlins,Mar 27,,Colorado Rockies,Miami Marlins,167.0,50.0,50.0,2.0,98.0,7.5,100.0,,100.0,,50.0,50.0,58.0,42.0,48.0,0.0,True,False,1,,,,,,,,,,,,
2026-03-27T04:05:41.252300-04:00,vsin_circa,circa,mlb,mlb_20260327_kansas_city_royals_atlanta_braves,Mar 27,,Kansas City Royals,Atlanta Braves,123.0,50.0,50.0,32.0,68.0,7.5,33.0,67.0,98.0,2.0,50.0,50.0,50.0,50.0,18.0,65.0,True,True,1,,,,,,,,,,,,
2026-03-27T04:05:41.252300-04:00,vsin_circa,circa,mlb,mlb_20260327_los_angeles_angels_houston_astros,Mar 27,,Los Angeles Angels,Houston Astros,142.0,67.0,33.0,42.0,58.0,8.5,,100.0,,100.0,50.0,50.0,50.0,50.0,25.0,,True,,1,,,,,,,,,,,,
2026-03-27T04:05:41.252300-04:00,vsin_circa,circa,mlb,mlb_20260327_detroit_tigers_san_diego_padres,Mar 27,,Detroit Tigers,San Diego Padres,108.0,100.0,,100.0,,7.5,,100.0,,100.0,50.0,50.0,50.0,50.0,,,,,1,,,,,,,,,,,,
2026-03-27T04:05:41.252300-04:00,vsin_circa,circa,mlb,mlb_20260327_cleveland_guardians_seattle_mariners,Mar 27,,Cleveland Guardians,Seattle Mariners,148.0,75.0,25.0,46.0,54.0,7.5,,100.0,,100.0,,100.0,,100.0,29.0,,True,,1,,,,,,,,,,,,
2026-03-27T04:05:41.252300-04:00,vsin_circa,circa,mlb,mlb_20260327_arizona_diamondbacks_los_angeles_dodgers,Mar 27,,Arizona Diamondbacks,Los Angeles Dodgers,187.0,50.0,50.0,2.0,98.0,8.5,100.0,,100.0,,,100.0,,100.0,48.0,0.0,True,False,1,,,,,,,,,,,,
2026-03-27T04:35:28.817910-04:00,vsin_dk,draftkings,mlb,mlb_20260326_pittsburgh_pirates_new_york_mets,Mar 26,,Pittsburgh Pirates,New York Mets,102.0,49.0,51.0,47.0,53.0,7.0,40.0,60.0,38.0,62.0,28.0,72.0,46.0,54.0,2.0,2.0,False,False,1,,,,,,,,,,,,
2026-03-27T04:35:28.817910-04:00,vsin_dk,draftkings,mlb,mlb_20260326_chicago_white_sox_milwaukee_brewers,Mar 26,,Chicago White Sox,Milwaukee Brewers,163.0,10.0,90.0,18.0,82.0,7.5,47.0,53.0,65.0,35.0,19.0,81.0,12.0,88.0,8.0,18.0,False,True,1,,,,,,,,,,,,
2026-03-27T04:35:28.817910-04:00,vsin_dk,draftkings,mlb,mlb_20260326_washington_nationals_chicago_cubs,Mar 26,,Washington Nationals,Chicago Cubs,169.0,7.0,93.0,16.0,84.0,7.0,59.0,41.0,39.0,61.0,14.0,86.0,12.0,88.0,9.0,20.0,False,True,1,,,,,,,,,,,,
2026-03-27T04:35:28.817910-04:00,vsin_dk,draftkings,mlb,mlb_20260326_minnesota_twins_baltimore_orioles,Mar 26,,Minnesota Twins,Baltimore Orioles,120.0,19.0,81.0,37.0,63.0,8.5,56.0,44.0,64.0,36.0,35.0,65.0,5.0,95.0,18.0,8.0,True,False,1,,,,,,,,,,,,
2026-03-27T04:35:28.817910-04:00,vsin_dk,draftkings,mlb,mlb_20260326_los_angeles_angels_houston_astros,Mar 26,,Los Angeles Angels,Houston Astros,153.0,10.0,90.0,21.0,79.0,8.0,55.0,45.0,47.0,53.0,26.0,74.0,60.0,40.0,11.0,8.0,False,False,1,,,,,,,,,,,,
2026-03-27T04:35:28.817910-04:00,vsin_dk,draftkings,mlb,mlb_20260326_detroit_tigers_san_diego_padres,Mar 26,,Detroit Tigers,San Diego Padres,-126.0,77.0,23.0,73.0,27.0,7.0,44.0,56.0,17.0,83.0,48.0,52.0,64.0,36.0,4.0,27.0,False,True,1,,,,,,,,,,,,
2026-03-27T04:35:28.817910-04:00,vsin_dk,draftkings,mlb,mlb_20260326_boston_red_sox_cincinnati_reds,Mar 26,,Boston Red Sox,Cincinnati Reds,-163.0,83.0,17.0,74.0,26.0,8.0,58.0,42.0,60.0,40.0,67.0,33.0,82.0,18.0,9.0,2.0,False,False,1,,,,,,,,,,,,
2026-03-27T04:35:28.817910-04:00,vsin_dk,draftkings,mlb,mlb_20260326_texas_rangers_philadelphia_phillies,Mar 26,,Texas Rangers,Philadelphia Phillies,144.0,15.0,85.0,37.0,63.0,8.0,50.0,50.0,53.0,47.0,34.0,66.0,22.0,78.0,22.0,3.0,True,False,1,,,,,,,,,,,,
2026-03-27T04:35:28.817910-04:00,vsin_dk,draftkings,mlb,mlb_20260326_tampa_bay_rays_st_louis_cardinals,Mar 26,,Tampa Bay Rays,ST Louis Cardinals,-136.0,65.0,35.0,57.0,43.0,8.0,61.0,39.0,84.0,16.0,36.0,64.0,43.0,57.0,8.0,23.0,False,True,1,,,,,,,,,,,,
2026-03-27T04:35:28.817910-04:00,vsin_dk,draftkings,mlb,mlb_20260326_arizona_diamondbacks_los_angeles_dodgers,Mar 26,,Arizona Diamondbacks,Los Angeles Dodgers,229.0,6.0,94.0,19.0,81.0,9.0,51.0,49.0,58.0,42.0,10.0,90.0,9.0,91.0,13.0,7.0,False,False,1,,,,,,,,,,,,
2026-03-27T04:35:28.817910-04:00,vsin_dk,draftkings,mlb,mlb_20260326_cleveland_guardians_seattle_mariners,Mar 26,,Cleveland Guardians,Seattle Mariners,153.0,18.0,82.0,39.0,61.0,6.5,69.0,31.0,56.0,44.0,34.0,66.0,23.0,77.0,21.0,13.0,True,False,1,,,,,,,,,,,,
2026-03-27T04:35:28.817910-04:00,vsin_dk,draftkings,mlb,mlb_20260327_new_york_yankees_san_francisco_giants,Mar 27,,New York Yankees,San Francisco Giants,-131.0,82.0,18.0,73.0,27.0,7.5,83.0,17.0,70.0,30.0,79.0,21.0,81.0,19.0,9.0,13.0,False,False,1,,,,,,,,,,,,
2026-03-27T04:35:28.817910-04:00,vsin_dk,draftkings,mlb,mlb_20260327_athletics_toronto_blue_jays,Mar 27,,Athletics,Toronto Blue Jays,144.0,12.0,88.0,43.0,57.0,8.5,59.0,41.0,31.0,69.0,17.0,83.0,21.0,79.0,31.0,28.0,True,True,1,,,,,,,,,,,,
2026-03-27T04:35:28.817910-04:00,vsin_dk,draftkings,mlb,mlb_20260327_colorado_rockies_miami_marlins,Mar 27,,Colorado Rockies,Miami Marlins,163.0,16.0,84.0,50.0,50.0,7.5,73.0,27.0,94.0,6.0,24.0,76.0,34.0,66.0,34.0,21.0,True,True,1,,,,,,,,,,,,
2026-03-27T04:35:28.817910-04:00,vsin_dk,draftkings,mlb,mlb_20260327_kansas_city_royals_atlanta_braves,Mar 27,,Kansas City Royals,Atlanta Braves,119.0,22.0,78.0,46.0,54.0,7.5,65.0,35.0,62.0,38.0,36.0,64.0,22.0,78.0,24.0,3.0,True,False,1,,,,,,,,,,,,
2026-03-27T04:35:28.817910-04:00,vsin_dk,draftkings,mlb,mlb_20260327_los_angeles_angels_houston_astros,Mar 27,,Los Angeles Angels,Houston Astros,135.0,22.0,78.0,29.0,71.0,8.5,55.0,45.0,20.0,80.0,35.0,65.0,6.0,94.0,7.0,35.0,False,True,1,,,,,,,,,,,,
2026-03-27T04:35:28.817910-04:00,vsin_dk,draftkings,mlb,mlb_20260327_detroit_tigers_san_diego_padres,Mar 27,,Detroit Tigers,San Diego Padres,104.0,61.0,39.0,74.0,26.0,7.5,71.0,29.0,53.0,47.0,50.0,50.0,22.0,78.0,13.0,18.0,False,True,1,,,,,,,,,,,,
2026-03-27T04:35:28.817910-04:00,vsin_dk,draftkings,mlb,mlb_20260327_cleveland_guardians_seattle_mariners,Mar 27,,Cleveland Guardians,Seattle Mariners,141.0,23.0,77.0,21.0,79.0,7.0,63.0,37.0,16.0,84.0,37.0,63.0,10.0,90.0,2.0,47.0,False,True,1,,,,,,,,,,,,
2026-03-27T04:35:28.817910-04:00,vsin_dk,draftkings,mlb,mlb_20260327_arizona_diamondbacks_los_angeles_dodgers,Mar 27,,Arizona Diamondbacks,Los Angeles Dodgers,184.0,10.0,90.0,42.0,58.0,8.5,78.0,22.0,89.0,11.0,14.0,86.0,26.0,74.0,32.0,11.0,True,False,1,,,,,,,,,,,,
2026-03-27T04:35:49.312763-04:00,vsin_circa,circa,mlb,mlb_20260326_pittsburgh_pirates_new_york_mets,Mar 26,,Pittsburgh Pirates,New York Mets,105.0,59.0,41.0,23.0,77.0,7.0,11.0,89.0,29.0,71.0,43.0,57.0,67.0,33.0,36.0,18.0,True,True,1,,,,,,,,,,,,
2026-03-27T04:35:49.312763-04:00,vsin_circa,circa,mlb,mlb_20260326_chicago_white_sox_milwaukee_brewers,Mar 26,,Chicago White Sox,Milwaukee Brewers,168.0,52.0,48.0,7.0,93.0,7.5,33.0,67.0,45.0,55.0,,100.0,,100.0,45.0,12.0,True,False,1,,,,,,,,,,,,
2026-03-27T04:35:49.312763-04:00,vsin_circa,circa,mlb,mlb_20260326_washington_nationals_chicago_cubs,Mar 26,,Washington Nationals,Chicago Cubs,178.0,27.0,73.0,19.0,81.0,7.0,29.0,71.0,6.0,94.0,14.0,86.0,86.0,14.0,8.0,23.0,False,True,1,,,,,,,,,,,,
2026-03-27T04:35:49.312763-04:00,vsin_circa,circa,mlb,mlb_20260326_minnesota_twins_baltimore_orioles,Mar 26,,Minnesota Twins,Baltimore Orioles,126.0,45.0,55.0,11.0,89.0,8.5,72.0,28.0,86.0,14.0,38.0,63.0,85.0,15.0,34.0,14.0,True,False,1,,,,,,,,,,,,
2026-03-27T04:35:49.312763-04:00,vsin_circa,circa,mlb,mlb_20260326_los_angeles_angels_houston_astros,Mar 26,,Los Angeles Angels,Houston Astros,160.0,61.0,39.0,75.0,25.0,8.0,17.0,83.0,2.0,98.0,25.0,75.0,94.0,6.0,14.0,15.0,False,True,1,,,,,,,,,,,,
2026-03-27T04:35:49.312763-04:00,vsin_circa,circa,mlb,mlb_20260326_detroit_tigers_san_diego_padres,Mar 26,,Detroit Tigers,San Diego Padres,-120.0,62.0,38.0,42.0,58.0,7.0,44.0,56.0,36.0,64.0,50.0,50.0,27.0,73.0,20.0,8.0,True,False,1,,,,,,,,,,,,
2026-03-27T04:35:49.312763-04:00,vsin_circa,circa,mlb,mlb_20260326_boston_red_sox_cincinnati_reds,Mar 26,,Boston Red Sox,Cincinnati Reds,-152.0,44.0,56.0,85.0,15.0,8.0,25.0,75.0,20.0,80.0,71.0,29.0,99.0,1.0,41.0,5.0,True,False,1,,,,,,,,,,,,
2026-03-27T04:35:49.312763-04:00,vsin_circa,circa,mlb,mlb_20260326_texas_rangers_philadelphia_phillies,Mar 26,,Texas Rangers,Philadelphia Phillies,142.0,47.0,53.0,13.0,87.0,8.0,56.0,44.0,59.0,41.0,,100.0,,100.0,34.0,3.0,True,False,1,,,,,,,,,,,,
2026-03-27T04:35:49.312763-04:00,vsin_circa,circa,mlb,mlb_20260326_tampa_bay_rays_st_louis_cardinals,Mar 26,,Tampa Bay Rays,ST Louis Cardinals,-128.0,66.0,34.0,93.0,7.0,8.0,57.0,43.0,21.0,79.0,40.0,60.0,100.0,,27.0,36.0,True,True,1,,,,,,,,,,,,
2026-03-27T04:35:49.312763-04:00,vsin_circa,circa,mlb,mlb_20260326_arizona_diamondbacks_los_angeles_dodgers,Mar 26,,Arizona Diamondbacks,Los Angeles Dodgers,250.0,59.0,41.0,2.0,98.0,9.0,44.0,56.0,14.0,86.0,24.0,76.0,18.0,82.0,57.0,30.0,True,True,1,,,,,,,,,,,,
2026-03-27T04:35:49.312763-04:00,vsin_circa,circa,mlb,mlb_20260326_cleveland_guardians_seattle_mariners,Mar 26,,Cleveland Guardians,Seattle Mariners,157.0,45.0,55.0,35.0,65.0,6.5,43.0,57.0,62.0,38.0,33.0,67.0,24.0,76.0,10.0,19.0,False,True,1,,,,,,,,,,,,
2026-03-27T04:35:49.312763-04:00,vsin_circa,circa,mlb,mlb_20260327_new_york_yankees_san_francisco_giants,Mar 27,,New York Yankees,San Francisco Giants,-122.0,83.0,17.0,95.0,5.0,7.5,100.0,,100.0,,50.0,50.0,94.0,6.0,12.0,0.0,False,False,1,,,,,,,,,,,,
2026-03-27T04:35:49.312763-04:00,vsin_circa,circa,mlb,mlb_20260327_athletics_toronto_blue_jays,Mar 27,,Athletics,Toronto Blue Jays,145.0,47.0,53.0,8.0,92.0,8.5,100.0,,100.0,,50.0,50.0,50.0,50.0,39.0,0.0,True,False,1,,,,,,,,,,,,
2026-03-27T04:35:49.312763-04:00,vsin_circa,circa,mlb,mlb_20260327_colorado_rockies_miami_marlins,Mar 27,,Colorado Rockies,Miami Marlins,167.0,50.0,50.0,2.0,98.0,7.5,100.0,,100.0,,50.0,50.0,58.0,42.0,48.0,0.0,True,False,1,,,,,,,,,,,,
2026-03-27T04:35:49.312763-04:00,vsin_circa,circa,mlb,mlb_20260327_kansas_city_royals_atlanta_braves,Mar 27,,Kansas City Royals,Atlanta Braves,123.0,50.0,50.0,32.0,68.0,7.5,33.0,67.0,98.0,2.0,50.0,50.0,50.0,50.0,18.0,65.0,True,True,1,,,,,,,,,,,,
2026-03-27T04:35:49.312763-04:00,vsin_circa,circa,mlb,mlb_20260327_los_angeles_angels_houston_astros,Mar 27,,Los Angeles Angels,Houston Astros,142.0,67.0,33.0,42.0,58.0,8.5,,100.0,,100.0,50.0,50.0,50.0,50.0,25.0,,True,,1,,,,,,,,,,,,
2026-03-27T04:35:49.312763-04:00,vsin_circa,circa,mlb,mlb_20260327_detroit_tigers_san_diego_padres,Mar 27,,Detroit Tigers,San Diego Padres,108.0,100.0,,100.0,,7.5,,100.0,,100.0,50.0,50.0,50.0,50.0,,,,,1,,,,,,,,,,,,
2026-03-27T04:35:49.312763-04:00,vsin_circa,circa,mlb,mlb_20260327_cleveland_guardians_seattle_mariners,Mar 27,,Cleveland Guardians,Seattle Mariners,148.0,75.0,25.0,46.0,54.0,7.5,,100.0,,100.0,,100.0,,100.0,29.0,,True,,1,,,,,,,,,,,,
2026-03-27T04:35:49.312763-04:00,vsin_circa,circa,mlb,mlb_20260327_arizona_diamondbacks_los_angeles_dodgers,Mar 27,,Arizona Diamondbacks,Los Angeles Dodgers,187.0,50.0,50.0,2.0,98.0,8.5,100.0,,100.0,,,100.0,,100.0,48.0,0.0,True,False,1,,,,,,,,,,,,
2026-03-27T05:05:48.565253-04:00,vsin_dk,draftkings,mlb,mlb_20260326_pittsburgh_pirates_new_york_mets,Mar 26,,Pittsburgh Pirates,New York Mets,102.0,49.0,51.0,47.0,53.0,7.0,40.0,60.0,38.0,62.0,28.0,72.0,46.0,54.0,2.0,2.0,False,False,1,,,,,,,,,,,,
2026-03-27T05:05:48.565253-04:00,vsin_dk,draftkings,mlb,mlb_20260326_chicago_white_sox_milwaukee_brewers,Mar 26,,Chicago White Sox,Milwaukee Brewers,163.0,10.0,90.0,18.0,82.0,7.5,47.0,53.0,65.0,35.0,19.0,81.0,12.0,88.0,8.0,18.0,False,True,1,,,,,,,,,,,,
2026-03-27T05:05:48.565253-04:00,vsin_dk,draftkings,mlb,mlb_20260326_washington_nationals_chicago_cubs,Mar 26,,Washington Nationals,Chicago Cubs,169.0,7.0,93.0,16.0,84.0,7.0,59.0,41.0,39.0,61.0,14.0,86.0,12.0,88.0,9.0,20.0,False,True,1,,,,,,,,,,,,
2026-03-27T05:05:48.565253-04:00,vsin_dk,draftkings,mlb,mlb_20260326_minnesota_twins_baltimore_orioles,Mar 26,,Minnesota Twins,Baltimore Orioles,120.0,19.0,81.0,37.0,63.0,8.5,56.0,44.0,64.0,36.0,35.0,65.0,5.0,95.0,18.0,8.0,True,False,1,,,,,,,,,,,,
2026-03-27T05:05:48.565253-04:00,vsin_dk,draftkings,mlb,mlb_20260326_los_angeles_angels_houston_astros,Mar 26,,Los Angeles Angels,Houston Astros,153.0,10.0,90.0,21.0,79.0,8.0,55.0,45.0,47.0,53.0,26.0,74.0,60.0,40.0,11.0,8.0,False,False,1,,,,,,,,,,,,
2026-03-27T05:05:48.565253-04:00,vsin_dk,draftkings,mlb,mlb_20260326_detroit_tigers_san_diego_padres,Mar 26,,Detroit Tigers,San Diego Padres,-126.0,77.0,23.0,73.0,27.0,7.0,44.0,56.0,17.0,83.0,48.0,52.0,64.0,36.0,4.0,27.0,False,True,1,,,,,,,,,,,,
2026-03-27T05:05:48.565253-04:00,vsin_dk,draftkings,mlb,mlb_20260326_boston_red_sox_cincinnati_reds,Mar 26,,Boston Red Sox,Cincinnati Reds,-163.0,83.0,17.0,74.0,26.0,8.0,58.0,42.0,60.0,40.0,67.0,33.0,82.0,18.0,9.0,2.0,False,False,1,,,,,,,,,,,,
2026-03-27T05:05:48.565253-04:00,vsin_dk,draftkings,mlb,mlb_20260326_texas_rangers_philadelphia_phillies,Mar 26,,Texas Rangers,Philadelphia Phillies,144.0,15.0,85.0,37.0,63.0,8.0,50.0,50.0,53.0,47.0,34.0,66.0,22.0,78.0,22.0,3.0,True,False,1,,,,,,,,,,,,
2026-03-27T05:05:48.565253-04:00,vsin_dk,draftkings,mlb,mlb_20260326_tampa_bay_rays_st_louis_cardinals,Mar 26,,Tampa Bay Rays,ST Louis Cardinals,-136.0,65.0,35.0,57.0,43.0,8.0,61.0,39.0,84.0,16.0,36.0,64.0,43.0,57.0,8.0,23.0,False,True,1,,,,,,,,,,,,
2026-03-27T05:05:48.565253-04:00,vsin_dk,draftkings,mlb,mlb_20260326_arizona_diamondbacks_los_angeles_dodgers,Mar 26,,Arizona Diamondbacks,Los Angeles Dodgers,229.0,6.0,94.0,19.0,81.0,9.0,51.0,49.0,58.0,42.0,10.0,90.0,9.0,91.0,13.0,7.0,False,False,1,,,,,,,,,,,,
2026-03-27T05:05:48.565253-04:00,vsin_dk,draftkings,mlb,mlb_20260326_cleveland_guardians_seattle_mariners,Mar 26,,Cleveland Guardians,Seattle Mariners,153.0,18.0,82.0,39.0,61.0,6.5,69.0,31.0,56.0,44.0,34.0,66.0,23.0,77.0,21.0,13.0,True,False,1,,,,,,,,,,,,
2026-03-27T05:05:48.565253-04:00,vsin_dk,draftkings,mlb,mlb_20260327_new_york_yankees_san_francisco_giants,Mar 27,,New York Yankees,San Francisco Giants,-131.0,82.0,18.0,73.0,27.0,7.5,84.0,16.0,71.0,29.0,78.0,22.0,82.0,18.0,9.0,13.0,False,False,1,,,,,,,,,,,,
2026-03-27T05:05:48.565253-04:00,vsin_dk,draftkings,mlb,mlb_20260327_athletics_toronto_blue_jays,Mar 27,,Athletics,Toronto Blue Jays,144.0,12.0,88.0,42.0,58.0,8.5,59.0,41.0,30.0,70.0,17.0,83.0,21.0,79.0,30.0,29.0,True,True,1,,,,,,,,,,,,
2026-03-27T05:05:48.565253-04:00,vsin_dk,draftkings,mlb,mlb_20260327_colorado_rockies_miami_marlins,Mar 27,,Colorado Rockies,Miami Marlins,163.0,16.0,84.0,49.0,51.0,7.5,74.0,26.0,94.0,6.0,23.0,77.0,33.0,67.0,33.0,20.0,True,True,1,,,,,,,,,,,,
2026-03-27T05:05:48.565253-04:00,vsin_dk,draftkings,mlb,mlb_20260327_kansas_city_royals_atlanta_braves,Mar 27,,Kansas City Royals,Atlanta Braves,119.0,22.0,78.0,46.0,54.0,7.5,65.0,35.0,62.0,38.0,36.0,64.0,22.0,78.0,24.0,3.0,True,False,1,,,,,,,,,,,,
2026-03-27T05:05:48.565253-04:00,vsin_dk,draftkings,mlb,mlb_20260327_los_angeles_angels_houston_astros,Mar 27,,Los Angeles Angels,Houston Astros,135.0,22.0,78.0,29.0,71.0,8.5,55.0,45.0,21.0,79.0,35.0,65.0,6.0,94.0,7.0,34.0,False,True,1,,,,,,,,,,,,
2026-03-27T05:05:48.565253-04:00,vsin_dk,draftkings,mlb,mlb_20260327_detroit_tigers_san_diego_padres,Mar 27,,Detroit Tigers,San Diego Padres,104.0,61.0,39.0,74.0,26.0,7.5,72.0,28.0,53.0,47.0,50.0,50.0,22.0,78.0,13.0,19.0,False,True,1,,,,,,,,,,,,
2026-03-27T05:05:48.565253-04:00,vsin_dk,draftkings,mlb,mlb_20260327_cleveland_guardians_seattle_mariners,Mar 27,,Cleveland Guardians,Seattle Mariners,141.0,23.0,77.0,21.0,79.0,7.0,64.0,36.0,16.0,84.0,37.0,63.0,9.0,91.0,2.0,48.0,False,True,1,,,,,,,,,,,,
2026-03-27T05:05:48.565253-04:00,vsin_dk,draftkings,mlb,mlb_20260327_arizona_diamondbacks_los_angeles_dodgers,Mar 27,,Arizona Diamondbacks,Los Angeles Dodgers,184.0,10.0,90.0,41.0,59.0,8.5,78.0,22.0,87.0,13.0,14.0,86.0,24.0,76.0,31.0,9.0,True,False,1,,,,,,,,,,,,
2026-03-27T05:06:11.412944-04:00,vsin_circa,circa,mlb,mlb_20260326_pittsburgh_pirates_new_york_mets,Mar 26,,Pittsburgh Pirates,New York Mets,105.0,59.0,41.0,23.0,77.0,7.0,11.0,89.0,29.0,71.0,43.0,57.0,67.0,33.0,36.0,18.0,True,True,1,,,,,,,,,,,,
2026-03-27T05:06:11.412944-04:00,vsin_circa,circa,mlb,mlb_20260326_chicago_white_sox_milwaukee_brewers,Mar 26,,Chicago White Sox,Milwaukee Brewers,168.0,52.0,48.0,7.0,93.0,7.5,33.0,67.0,45.0,55.0,,100.0,,100.0,45.0,12.0,True,False,1,,,,,,,,,,,,
2026-03-27T05:06:11.412944-04:00,vsin_circa,circa,mlb,mlb_20260326_washington_nationals_chicago_cubs,Mar 26,,Washington Nationals,Chicago Cubs,178.0,27.0,73.0,19.0,81.0,7.0,29.0,71.0,6.0,94.0,14.0,86.0,86.0,14.0,8.0,23.0,False,True,1,,,,,,,,,,,,
2026-03-27T05:06:11.412944-04:00,vsin_circa,circa,mlb,mlb_20260326_minnesota_twins_baltimore_orioles,Mar 26,,Minnesota Twins,Baltimore Orioles,126.0,45.0,55.0,11.0,89.0,8.5,72.0,28.0,86.0,14.0,38.0,63.0,85.0,15.0,34.0,14.0,True,False,1,,,,,,,,,,,,
2026-03-27T05:06:11.412944-04:00,vsin_circa,circa,mlb,mlb_20260326_los_angeles_angels_houston_astros,Mar 26,,Los Angeles Angels,Houston Astros,160.0,61.0,39.0,75.0,25.0,8.0,17.0,83.0,2.0,98.0,25.0,75.0,94.0,6.0,14.0,15.0,False,True,1,,,,,,,,,,,,
2026-03-27T05:06:11.412944-04:00,vsin_circa,circa,mlb,mlb_20260326_detroit_tigers_san_diego_padres,Mar 26,,Detroit Tigers,San Diego Padres,-120.0,62.0,38.0,42.0,58.0,7.0,44.0,56.0,36.0,64.0,50.0,50.0,27.0,73.0,20.0,8.0,True,False,1,,,,,,,,,,,,
2026-03-27T05:06:11.412944-04:00,vsin_circa,circa,mlb,mlb_20260326_boston_red_sox_cincinnati_reds,Mar 26,,Boston Red Sox,Cincinnati Reds,-152.0,44.0,56.0,85.0,15.0,8.0,25.0,75.0,20.0,80.0,71.0,29.0,99.0,1.0,41.0,5.0,True,False,1,,,,,,,,,,,,
2026-03-27T05:06:11.412944-04:00,vsin_circa,circa,mlb,mlb_20260326_texas_rangers_philadelphia_phillies,Mar 26,,Texas Rangers,Philadelphia Phillies,142.0,47.0,53.0,13.0,87.0,8.0,56.0,44.0,59.0,41.0,,100.0,,100.0,34.0,3.0,True,False,1,,,,,,,,,,,,
2026-03-27T05:06:11.412944-04:00,vsin_circa,circa,mlb,mlb_20260326_tampa_bay_rays_st_louis_cardinals,Mar 26,,Tampa Bay Rays,ST Louis Cardinals,-128.0,66.0,34.0,93.0,7.0,8.0,57.0,43.0,21.0,79.0,40.0,60.0,100.0,,27.0,36.0,True,True,1,,,,,,,,,,,,
2026-03-27T05:06:11.412944-04:00,vsin_circa,circa,mlb,mlb_20260326_arizona_diamondbacks_los_angeles_dodgers,Mar 26,,Arizona Diamondbacks,Los Angeles Dodgers,250.0,59.0,41.0,2.0,98.0,9.0,44.0,56.0,14.0,86.0,24.0,76.0,18.0,82.0,57.0,30.0,True,True,1,,,,,,,,,,,,
2026-03-27T05:06:11.412944-04:00,vsin_circa,circa,mlb,mlb_20260326_cleveland_guardians_seattle_mariners,Mar 26,,Cleveland Guardians,Seattle Mariners,157.0,45.0,55.0,35.0,65.0,6.5,43.0,57.0,62.0,38.0,33.0,67.0,24.0,76.0,10.0,19.0,False,True,1,,,,,,,,,,,,
2026-03-27T05:06:11.412944-04:00,vsin_circa,circa,mlb,mlb_20260327_new_york_yankees_san_francisco_giants,Mar 27,,New York Yankees,San Francisco Giants,-122.0,83.0,17.0,95.0,5.0,7.5,100.0,,100.0,,50.0,50.0,94.0,6.0,12.0,0.0,False,False,1,,,,,,,,,,,,
2026-03-27T05:06:11.412944-04:00,vsin_circa,circa,mlb,mlb_20260327_athletics_toronto_blue_jays,Mar 27,,Athletics,Toronto Blue Jays,145.0,47.0,53.0,8.0,92.0,8.5,100.0,,100.0,,50.0,50.0,50.0,50.0,39.0,0.0,True,False,1,,,,,,,,,,,,
2026-03-27T05:06:11.412944-04:00,vsin_circa,circa,mlb,mlb_20260327_colorado_rockies_miami_marlins,Mar 27,,Colorado Rockies,Miami Marlins,167.0,50.0,50.0,2.0,98.0,7.5,100.0,,100.0,,50.0,50.0,58.0,42.0,48.0,0.0,True,False,1,,,,,,,,,,,,
2026-03-27T05:06:11.412944-04:00,vsin_circa,circa,mlb,mlb_20260327_kansas_city_royals_atlanta_braves,Mar 27,,Kansas City Royals,Atlanta Braves,123.0,50.0,50.0,32.0,68.0,7.5,33.0,67.0,98.0,2.0,50.0,50.0,50.0,50.0,18.0,65.0,True,True,1,,,,,,,,,,,,
2026-03-27T05:06:11.412944-04:00,vsin_circa,circa,mlb,mlb_20260327_los_angeles_angels_houston_astros,Mar 27,,Los Angeles Angels,Houston Astros,142.0,67.0,33.0,42.0,58.0,8.5,,100.0,,100.0,50.0,50.0,50.0,50.0,25.0,,True,,1,,,,,,,,,,,,
2026-03-27T05:06:11.412944-04:00,vsin_circa,circa,mlb,mlb_20260327_detroit_tigers_san_diego_padres,Mar 27,,Detroit Tigers,San Diego Padres,108.0,100.0,,100.0,,7.5,,100.0,,100.0,50.0,50.0,50.0,50.0,,,,,1,,,,,,,,,,,,
2026-03-27T05:06:11.412944-04:00,vsin_circa,circa,mlb,mlb_20260327_cleveland_guardians_seattle_mariners,Mar 27,,Cleveland Guardians,Seattle Mariners,148.0,78.0,22.0,48.0,52.0,7.5,,100.0,,100.0,,100.0,,100.0,30.0,,True,,1,,,,,,,,,,,,
2026-03-27T05:06:11.412944-04:00,vsin_circa,circa,mlb,mlb_20260327_arizona_diamondbacks_los_angeles_dodgers,Mar 27,,Arizona Diamondbacks,Los Angeles Dodgers,187.0,50.0,50.0,2.0,98.0,8.5,100.0,,100.0,,,100.0,,100.0,48.0,0.0,True,False,1,,,,,,,,,,,,
2026-03-27T05:35:20.779254-04:00,vsin_dk,draftkings,mlb,mlb_20260326_pittsburgh_pirates_new_york_mets,Mar 26,,Pittsburgh Pirates,New York Mets,102.0,49.0,51.0,47.0,53.0,7.0,40.0,60.0,38.0,62.0,28.0,72.0,46.0,54.0,2.0,2.0,False,False,1,,,,,,,,,,,,
2026-03-27T05:35:20.779254-04:00,vsin_dk,draftkings,mlb,mlb_20260326_chicago_white_sox_milwaukee_brewers,Mar 26,,Chicago White Sox,Milwaukee Brewers,163.0,10.0,90.0,18.0,82.0,7.5,47.0,53.0,65.0,35.0,19.0,81.0,12.0,88.0,8.0,18.0,False,True,1,,,,,,,,,,,,
2026-03-27T05:35:20.779254-04:00,vsin_dk,draftkings,mlb,mlb_20260326_washington_nationals_chicago_cubs,Mar 26,,Washington Nationals,Chicago Cubs,169.0,7.0,93.0,16.0,84.0,7.0,59.0,41.0,39.0,61.0,14.0,86.0,12.0,88.0,9.0,20.0,False,True,1,,,,,,,,,,,,
2026-03-27T05:35:20.779254-04:00,vsin_dk,draftkings,mlb,mlb_20260326_minnesota_twins_baltimore_orioles,Mar 26,,Minnesota Twins,Baltimore Orioles,120.0,19.0,81.0,37.0,63.0,8.5,56.0,44.0,64.0,36.0,35.0,65.0,5.0,95.0,18.0,8.0,True,False,1,,,,,,,,,,,,
2026-03-27T05:35:20.779254-04:00,vsin_dk,draftkings,mlb,mlb_20260326_los_angeles_angels_houston_astros,Mar 26,,Los Angeles Angels,Houston Astros,153.0,10.0,90.0,21.0,79.0,8.0,55.0,45.0,47.0,53.0,26.0,74.0,60.0,40.0,11.0,8.0,False,False,1,,,,,,,,,,,,
2026-03-27T05:35:20.779254-04:00,vsin_dk,draftkings,mlb,mlb_20260326_detroit_tigers_san_diego_padres,Mar 26,,Detroit Tigers,San Diego Padres,-126.0,77.0,23.0,73.0,27.0,7.0,44.0,56.0,17.0,83.0,48.0,52.0,64.0,36.0,4.0,27.0,False,True,1,,,,,,,,,,,,
2026-03-27T05:35:20.779254-04:00,vsin_dk,draftkings,mlb,mlb_20260326_boston_red_sox_cincinnati_reds,Mar 26,,Boston Red Sox,Cincinnati Reds,-163.0,83.0,17.0,74.0,26.0,8.0,58.0,42.0,60.0,40.0,67.0,33.0,82.0,18.0,9.0,2.0,False,False,1,,,,,,,,,,,,
2026-03-27T05:35:20.779254-04:00,vsin_dk,draftkings,mlb,mlb_20260326_texas_rangers_philadelphia_phillies,Mar 26,,Texas Rangers,Philadelphia Phillies,144.0,15.0,85.0,37.0,63.0,8.0,50.0,50.0,53.0,47.0,34.0,66.0,22.0,78.0,22.0,3.0,True,False,1,,,,,,,,,,,,
2026-03-27T05:35:20.779254-04:00,vsin_dk,draftkings,mlb,mlb_20260326_tampa_bay_rays_st_louis_cardinals,Mar 26,,Tampa Bay Rays,ST Louis Cardinals,-136.0,65.0,35.0,57.0,43.0,8.0,61.0,39.0,84.0,16.0,36.0,64.0,43.0,57.0,8.0,23.0,False,True,1,,,,,,,,,,,,
2026-03-27T05:35:20.779254-04:00,vsin_dk,draftkings,mlb,mlb_20260326_arizona_diamondbacks_los_angeles_dodgers,Mar 26,,Arizona Diamondbacks,Los Angeles Dodgers,229.0,6.0,94.0,19.0,81.0,9.0,51.0,49.0,58.0,42.0,10.0,90.0,9.0,91.0,13.0,7.0,False,False,1,,,,,,,,,,,,
2026-03-27T05:35:20.779254-04:00,vsin_dk,draftkings,mlb,mlb_20260326_cleveland_guardians_seattle_mariners,Mar 26,,Cleveland Guardians,Seattle Mariners,153.0,18.0,82.0,39.0,61.0,6.5,69.0,31.0,56.0,44.0,34.0,66.0,23.0,77.0,21.0,13.0,True,False,1,,,,,,,,,,,,
2026-03-27T05:35:20.779254-04:00,vsin_dk,draftkings,mlb,mlb_20260327_new_york_yankees_san_francisco_giants,Mar 27,,New York Yankees,San Francisco Giants,-131.0,82.0,18.0,73.0,27.0,7.5,84.0,16.0,70.0,30.0,78.0,22.0,84.0,16.0,9.0,14.0,False,False,1,,,,,,,,,,,,
2026-03-27T05:35:20.779254-04:00,vsin_dk,draftkings,mlb,mlb_20260327_athletics_toronto_blue_jays,Mar 27,,Athletics,Toronto Blue Jays,144.0,12.0,88.0,41.0,59.0,8.5,59.0,41.0,30.0,70.0,17.0,83.0,21.0,79.0,29.0,29.0,True,True,1,,,,,,,,,,,,
2026-03-27T05:35:20.779254-04:00,vsin_dk,draftkings,mlb,mlb_20260327_colorado_rockies_miami_marlins,Mar 27,,Colorado Rockies,Miami Marlins,163.0,16.0,84.0,49.0,51.0,7.5,73.0,27.0,94.0,6.0,23.0,77.0,32.0,68.0,33.0,21.0,True,True,1,,,,,,,,,,,,
2026-03-27T05:35:20.779254-04:00,vsin_dk,draftkings,mlb,mlb_20260327_kansas_city_royals_atlanta_braves,Mar 27,,Kansas City Royals,Atlanta Braves,119.0,22.0,78.0,46.0,54.0,7.5,64.0,36.0,62.0,38.0,36.0,64.0,22.0,78.0,24.0,2.0,True,False,1,,,,,,,,,,,,
2026-03-27T05:35:20.779254-04:00,vsin_dk,draftkings,mlb,mlb_20260327_los_angeles_angels_houston_astros,Mar 27,,Los Angeles Angels,Houston Astros,135.0,22.0,78.0,29.0,71.0,8.5,55.0,45.0,22.0,78.0,35.0,65.0,7.0,93.0,7.0,33.0,False,True,1,,,,,,,,,,,,
2026-03-27T05:35:20.779254-04:00,vsin_dk,draftkings,mlb,mlb_20260327_detroit_tigers_san_diego_padres,Mar 27,,Detroit Tigers,San Diego Padres,104.0,61.0,39.0,74.0,26.0,7.5,71.0,29.0,80.0,20.0,49.0,51.0,24.0,76.0,13.0,9.0,False,False,1,,,,,,,,,,,,
2026-03-27T05:35:20.779254-04:00,vsin_dk,draftkings,mlb,mlb_20260327_cleveland_guardians_seattle_mariners,Mar 27,,Cleveland Guardians,Seattle Mariners,141.0,23.0,77.0,21.0,79.0,7.0,64.0,36.0,16.0,84.0,36.0,64.0,8.0,92.0,2.0,48.0,False,True,1,,,,,,,,,,,,
2026-03-27T05:35:20.779254-04:00,vsin_dk,draftkings,mlb,mlb_20260327_arizona_diamondbacks_los_angeles_dodgers,Mar 27,,Arizona Diamondbacks,Los Angeles Dodgers,184.0,10.0,90.0,41.0,59.0,8.5,78.0,22.0,85.0,15.0,14.0,86.0,25.0,75.0,31.0,7.0,True,False,1,,,,,,,,,,,,
2026-03-27T05:35:40.768047-04:00,vsin_circa,circa,mlb,mlb_20260326_pittsburgh_pirates_new_york_mets,Mar 26,,Pittsburgh Pirates,New York Mets,105.0,59.0,41.0,23.0,77.0,7.0,11.0,89.0,29.0,71.0,43.0,57.0,67.0,33.0,36.0,18.0,True,True,1,,,,,,,,,,,,
2026-03-27T05:35:40.768047-04:00,vsin_circa,circa,mlb,mlb_20260326_chicago_white_sox_milwaukee_brewers,Mar 26,,Chicago White Sox,Milwaukee Brewers,168.0,52.0,48.0,7.0,93.0,7.5,33.0,67.0,45.0,55.0,,100.0,,100.0,45.0,12.0,True,False,1,,,,,,,,,,,,
2026-03-27T05:35:40.768047-04:00,vsin_circa,circa,mlb,mlb_20260326_washington_nationals_chicago_cubs,Mar 26,,Washington Nationals,Chicago Cubs,178.0,27.0,73.0,19.0,81.0,7.0,29.0,71.0,6.0,94.0,14.0,86.0,86.0,14.0,8.0,23.0,False,True,1,,,,,,,,,,,,
2026-03-27T05:35:40.768047-04:00,vsin_circa,circa,mlb,mlb_20260326_minnesota_twins_baltimore_orioles,Mar 26,,Minnesota Twins,Baltimore Orioles,126.0,45.0,55.0,11.0,89.0,8.5,72.0,28.0,86.0,14.0,38.0,63.0,85.0,15.0,34.0,14.0,True,False,1,,,,,,,,,,,,
2026-03-27T05:35:40.768047-04:00,vsin_circa,circa,mlb,mlb_20260326_los_angeles_angels_houston_astros,Mar 26,,Los Angeles Angels,Houston Astros,160.0,61.0,39.0,75.0,25.0,8.0,17.0,83.0,2.0,98.0,25.0,75.0,94.0,6.0,14.0,15.0,False,True,1,,,,,,,,,,,,
2026-03-27T05:35:40.768047-04:00,vsin_circa,circa,mlb,mlb_20260326_detroit_tigers_san_diego_padres,Mar 26,,Detroit Tigers,San Diego Padres,-120.0,62.0,38.0,42.0,58.0,7.0,44.0,56.0,36.0,64.0,50.0,50.0,27.0,73.0,20.0,8.0,True,False,1,,,,,,,,,,,,
2026-03-27T05:35:40.768047-04:00,vsin_circa,circa,mlb,mlb_20260326_boston_red_sox_cincinnati_reds,Mar 26,,Boston Red Sox,Cincinnati Reds,-152.0,44.0,56.0,85.0,15.0,8.0,25.0,75.0,20.0,80.0,71.0,29.0,99.0,1.0,41.0,5.0,True,False,1,,,,,,,,,,,,
2026-03-27T05:35:40.768047-04:00,vsin_circa,circa,mlb,mlb_20260326_texas_rangers_philadelphia_phillies,Mar 26,,Texas Rangers,Philadelphia Phillies,142.0,47.0,53.0,13.0,87.0,8.0,56.0,44.0,59.0,41.0,,100.0,,100.0,34.0,3.0,True,False,1,,,,,,,,,,,,
2026-03-27T05:35:40.768047-04:00,vsin_circa,circa,mlb,mlb_20260326_tampa_bay_rays_st_louis_cardinals,Mar 26,,Tampa Bay Rays,ST Louis Cardinals,-128.0,66.0,34.0,93.0,7.0,8.0,57.0,43.0,21.0,79.0,40.0,60.0,100.0,,27.0,36.0,True,True,1,,,,,,,,,,,,
2026-03-27T05:35:40.768047-04:00,vsin_circa,circa,mlb,mlb_20260326_arizona_diamondbacks_los_angeles_dodgers,Mar 26,,Arizona Diamondbacks,Los Angeles Dodgers,250.0,59.0,41.0,2.0,98.0,9.0,44.0,56.0,14.0,86.0,24.0,76.0,18.0,82.0,57.0,30.0,True,True,1,,,,,,,,,,,,
2026-03-27T05:35:40.768047-04:00,vsin_circa,circa,mlb,mlb_20260326_cleveland_guardians_seattle_mariners,Mar 26,,Cleveland Guardians,Seattle Mariners,157.0,45.0,55.0,35.0,65.0,6.5,43.0,57.0,62.0,38.0,33.0,67.0,24.0,76.0,10.0,19.0,False,True,1,,,,,,,,,,,,
2026-03-27T05:35:40.768047-04:00,vsin_circa,circa,mlb,mlb_20260327_new_york_yankees_san_francisco_giants,Mar 27,,New York Yankees,San Francisco Giants,-122.0,83.0,17.0,95.0,5.0,7.5,100.0,,100.0,,50.0,50.0,94.0,6.0,12.0,0.0,False,False,1,,,,,,,,,,,,
2026-03-27T05:35:40.768047-04:00,vsin_circa,circa,mlb,mlb_20260327_athletics_toronto_blue_jays,Mar 27,,Athletics,Toronto Blue Jays,145.0,47.0,53.0,8.0,92.0,8.5,100.0,,100.0,,50.0,50.0,50.0,50.0,39.0,0.0,True,False,1,,,,,,,,,,,,
2026-03-27T05:35:40.768047-04:00,vsin_circa,circa,mlb,mlb_20260327_colorado_rockies_miami_marlins,Mar 27,,Colorado Rockies,Miami Marlins,167.0,50.0,50.0,2.0,98.0,7.5,100.0,,100.0,,50.0,50.0,58.0,42.0,48.0,0.0,True,False,1,,,,,,,,,,,,
2026-03-27T05:35:40.768047-04:00,vsin_circa,circa,mlb,mlb_20260327_kansas_city_royals_atlanta_braves,Mar 27,,Kansas City Royals,Atlanta Braves,123.0,50.0,50.0,32.0,68.0,7.5,33.0,67.0,98.0,2.0,50.0,50.0,50.0,50.0,18.0,65.0,True,True,1,,,,,,,,,,,,
2026-03-27T05:35:40.768047-04:00,vsin_circa,circa,mlb,mlb_20260327_los_angeles_angels_houston_astros,Mar 27,,Los Angeles Angels,Houston Astros,142.0,67.0,33.0,42.0,58.0,8.5,,100.0,,100.0,50.0,50.0,50.0,50.0,25.0,,True,,1,,,,,,,,,,,,
2026-03-27T05:35:40.768047-04:00,vsin_circa,circa,mlb,mlb_20260327_detroit_tigers_san_diego_padres,Mar 27,,Detroit Tigers,San Diego Padres,108.0,100.0,,100.0,,7.5,,100.0,,100.0,50.0,50.0,50.0,50.0,,,,,1,,,,,,,,,,,,
2026-03-27T05:35:40.768047-04:00,vsin_circa,circa,mlb,mlb_20260327_cleveland_guardians_seattle_mariners,Mar 27,,Cleveland Guardians,Seattle Mariners,148.0,78.0,22.0,48.0,52.0,7.5,,100.0,,100.0,,100.0,,100.0,30.0,,True,,1,,,,,,,,,,,,
2026-03-27T05:35:40.768047-04:00,vsin_circa,circa,mlb,mlb_20260327_arizona_diamondbacks_los_angeles_dodgers,Mar 27,,Arizona Diamondbacks,Los Angeles Dodgers,187.0,60.0,40.0,4.0,96.0,8.5,100.0,,100.0,,,100.0,,100.0,56.0,0.0,True,False,1,,,,,,,,,,,,
2026-03-27T05:47:36.703471-04:00,vsin_dk,draftkings,mlb,mlb_20260326_pittsburgh_pirates_new_york_mets,Mar 26,,Pittsburgh Pirates,New York Mets,102.0,49.0,51.0,47.0,53.0,7.0,40.0,60.0,38.0,62.0,28.0,72.0,46.0,54.0,2.0,2.0,False,False,1,,,,,,,,,,,,
2026-03-27T05:47:36.703471-04:00,vsin_dk,draftkings,mlb,mlb_20260326_chicago_white_sox_milwaukee_brewers,Mar 26,,Chicago White Sox,Milwaukee Brewers,163.0,10.0,90.0,18.0,82.0,7.5,47.0,53.0,65.0,35.0,19.0,81.0,12.0,88.0,8.0,18.0,False,True,1,,,,,,,,,,,,
2026-03-27T05:47:36.703471-04:00,vsin_dk,draftkings,mlb,mlb_20260326_washington_nationals_chicago_cubs,Mar 26,,Washington Nationals,Chicago Cubs,169.0,7.0,93.0,16.0,84.0,7.0,59.0,41.0,39.0,61.0,14.0,86.0,12.0,88.0,9.0,20.0,False,True,1,,,,,,,,,,,,
2026-03-27T05:47:36.703471-04:00,vsin_dk,draftkings,mlb,mlb_20260326_minnesota_twins_baltimore_orioles,Mar 26,,Minnesota Twins,Baltimore Orioles,120.0,19.0,81.0,37.0,63.0,8.5,56.0,44.0,64.0,36.0,35.0,65.0,5.0,95.0,18.0,8.0,True,False,1,,,,,,,,,,,,
2026-03-27T05:47:36.703471-04:00,vsin_dk,draftkings,mlb,mlb_20260326_los_angeles_angels_houston_astros,Mar 26,,Los Angeles Angels,Houston Astros,153.0,10.0,90.0,21.0,79.0,8.0,55.0,45.0,47.0,53.0,26.0,74.0,60.0,40.0,11.0,8.0,False,False,1,,,,,,,,,,,,
2026-03-27T05:47:36.703471-04:00,vsin_dk,draftkings,mlb,mlb_20260326_detroit_tigers_san_diego_padres,Mar 26,,Detroit Tigers,San Diego Padres,-126.0,77.0,23.0,73.0,27.0,7.0,44.0,56.0,17.0,83.0,48.0,52.0,64.0,36.0,4.0,27.0,False,True,1,,,,,,,,,,,,
2026-03-27T05:47:36.703471-04:00,vsin_dk,draftkings,mlb,mlb_20260326_boston_red_sox_cincinnati_reds,Mar 26,,Boston Red Sox,Cincinnati Reds,-163.0,83.0,17.0,74.0,26.0,8.0,58.0,42.0,60.0,40.0,67.0,33.0,82.0,18.0,9.0,2.0,False,False,1,,,,,,,,,,,,
2026-03-27T05:47:36.703471-04:00,vsin_dk,draftkings,mlb,mlb_20260326_texas_rangers_philadelphia_phillies,Mar 26,,Texas Rangers,Philadelphia Phillies,144.0,15.0,85.0,37.0,63.0,8.0,50.0,50.0,53.0,47.0,34.0,66.0,22.0,78.0,22.0,3.0,True,False,1,,,,,,,,,,,,
2026-03-27T05:47:36.703471-04:00,vsin_dk,draftkings,mlb,mlb_20260326_tampa_bay_rays_st_louis_cardinals,Mar 26,,Tampa Bay Rays,ST Louis Cardinals,-136.0,65.0,35.0,57.0,43.0,8.0,61.0,39.0,84.0,16.0,36.0,64.0,43.0,57.0,8.0,23.0,False,True,1,,,,,,,,,,,,
2026-03-27T05:47:36.703471-04:00,vsin_dk,draftkings,mlb,mlb_20260326_arizona_diamondbacks_los_angeles_dodgers,Mar 26,,Arizona Diamondbacks,Los Angeles Dodgers,229.0,6.0,94.0,19.0,81.0,9.0,51.0,49.0,58.0,42.0,10.0,90.0,9.0,91.0,13.0,7.0,False,False,1,,,,,,,,,,,,
2026-03-27T05:47:36.703471-04:00,vsin_dk,draftkings,mlb,mlb_20260326_cleveland_guardians_seattle_mariners,Mar 26,,Cleveland Guardians,Seattle Mariners,153.0,18.0,82.0,39.0,61.0,6.5,69.0,31.0,56.0,44.0,34.0,66.0,23.0,77.0,21.0,13.0,True,False,1,,,,,,,,,,,,
2026-03-27T05:47:36.703471-04:00,vsin_dk,draftkings,mlb,mlb_20260327_new_york_yankees_san_francisco_giants,Mar 27,,New York Yankees,San Francisco Giants,-131.0,82.0,18.0,74.0,26.0,7.5,83.0,17.0,70.0,30.0,79.0,21.0,84.0,16.0,8.0,13.0,False,False,1,,,,,,,,,,,,
2026-03-27T05:47:36.703471-04:00,vsin_dk,draftkings,mlb,mlb_20260327_athletics_toronto_blue_jays,Mar 27,,Athletics,Toronto Blue Jays,144.0,12.0,88.0,41.0,59.0,8.5,59.0,41.0,30.0,70.0,17.0,83.0,21.0,79.0,29.0,29.0,True,True,1,,,,,,,,,,,,
2026-03-27T05:47:36.703471-04:00,vsin_dk,draftkings,mlb,mlb_20260327_colorado_rockies_miami_marlins,Mar 27,,Colorado Rockies,Miami Marlins,163.0,16.0,84.0,48.0,52.0,7.5,73.0,27.0,94.0,6.0,23.0,77.0,32.0,68.0,32.0,21.0,True,True,1,,,,,,,,,,,,
2026-03-27T05:47:36.703471-04:00,vsin_dk,draftkings,mlb,mlb_20260327_kansas_city_royals_atlanta_braves,Mar 27,,Kansas City Royals,Atlanta Braves,119.0,22.0,78.0,46.0,54.0,7.5,64.0,36.0,61.0,39.0,35.0,65.0,22.0,78.0,24.0,3.0,True,False,1,,,,,,,,,,,,
2026-03-27T05:47:36.703471-04:00,vsin_dk,draftkings,mlb,mlb_20260327_los_angeles_angels_houston_astros,Mar 27,,Los Angeles Angels,Houston Astros,135.0,22.0,78.0,28.0,72.0,8.5,55.0,45.0,22.0,78.0,35.0,65.0,7.0,93.0,6.0,33.0,False,True,1,,,,,,,,,,,,
2026-03-27T05:47:36.703471-04:00,vsin_dk,draftkings,mlb,mlb_20260327_detroit_tigers_san_diego_padres,Mar 27,,Detroit Tigers,San Diego Padres,104.0,61.0,39.0,74.0,26.0,7.5,72.0,28.0,80.0,20.0,50.0,50.0,24.0,76.0,13.0,8.0,False,False,1,,,,,,,,,,,,
2026-03-27T05:47:36.703471-04:00,vsin_dk,draftkings,mlb,mlb_20260327_cleveland_guardians_seattle_mariners,Mar 27,,Cleveland Guardians,Seattle Mariners,141.0,23.0,77.0,21.0,79.0,7.0,65.0,35.0,16.0,84.0,36.0,64.0,8.0,92.0,2.0,49.0,False,True,1,,,,,,,,,,,,
2026-03-27T05:47:36.703471-04:00,vsin_dk,draftkings,mlb,mlb_20260327_arizona_diamondbacks_los_angeles_dodgers,Mar 27,,Arizona Diamondbacks,Los Angeles Dodgers,189.0,10.0,90.0,41.0,59.0,8.5,78.0,22.0,84.0,16.0,14.0,86.0,24.0,76.0,31.0,6.0,True,False,1,,,,,,,,,,,,
2026-03-27T05:47:56.653727-04:00,vsin_circa,circa,mlb,mlb_20260326_pittsburgh_pirates_new_york_mets,Mar 26,,Pittsburgh Pirates,New York Mets,105.0,59.0,41.0,23.0,77.0,7.0,11.0,89.0,29.0,71.0,43.0,57.0,67.0,33.0,36.0,18.0,True,True,1,,,,,,,,,,,,
2026-03-27T05:47:56.653727-04:00,vsin_circa,circa,mlb,mlb_20260326_chicago_white_sox_milwaukee_brewers,Mar 26,,Chicago White Sox,Milwaukee Brewers,168.0,52.0,48.0,7.0,93.0,7.5,33.0,67.0,45.0,55.0,,100.0,,100.0,45.0,12.0,True,False,1,,,,,,,,,,,,
2026-03-27T05:47:56.653727-04:00,vsin_circa,circa,mlb,mlb_20260326_washington_nationals_chicago_cubs,Mar 26,,Washington Nationals,Chicago Cubs,178.0,27.0,73.0,19.0,81.0,7.0,29.0,71.0,6.0,94.0,14.0,86.0,86.0,14.0,8.0,23.0,False,True,1,,,,,,,,,,,,
2026-03-27T05:47:56.653727-04:00,vsin_circa,circa,mlb,mlb_20260326_minnesota_twins_baltimore_orioles,Mar 26,,Minnesota Twins,Baltimore Orioles,126.0,45.0,55.0,11.0,89.0,8.5,72.0,28.0,86.0,14.0,38.0,63.0,85.0,15.0,34.0,14.0,True,False,1,,,,,,,,,,,,
2026-03-27T05:47:56.653727-04:00,vsin_circa,circa,mlb,mlb_20260326_los_angeles_angels_houston_astros,Mar 26,,Los Angeles Angels,Houston Astros,160.0,61.0,39.0,75.0,25.0,8.0,17.0,83.0,2.0,98.0,25.0,75.0,94.0,6.0,14.0,15.0,False,True,1,,,,,,,,,,,,
2026-03-27T05:47:56.653727-04:00,vsin_circa,circa,mlb,mlb_20260326_detroit_tigers_san_diego_padres,Mar 26,,Detroit Tigers,San Diego Padres,-120.0,62.0,38.0,42.0,58.0,7.0,44.0,56.0,36.0,64.0,50.0,50.0,27.0,73.0,20.0,8.0,True,False,1,,,,,,,,,,,,
2026-03-27T05:47:56.653727-04:00,vsin_circa,circa,mlb,mlb_20260326_boston_red_sox_cincinnati_reds,Mar 26,,Boston Red Sox,Cincinnati Reds,-152.0,44.0,56.0,85.0,15.0,8.0,25.0,75.0,20.0,80.0,71.0,29.0,99.0,1.0,41.0,5.0,True,False,1,,,,,,,,,,,,
2026-03-27T05:47:56.653727-04:00,vsin_circa,circa,mlb,mlb_20260326_texas_rangers_philadelphia_phillies,Mar 26,,Texas Rangers,Philadelphia Phillies,142.0,47.0,53.0,13.0,87.0,8.0,56.0,44.0,59.0,41.0,,100.0,,100.0,34.0,3.0,True,False,1,,,,,,,,,,,,
2026-03-27T05:47:56.653727-04:00,vsin_circa,circa,mlb,mlb_20260326_tampa_bay_rays_st_louis_cardinals,Mar 26,,Tampa Bay Rays,ST Louis Cardinals,-128.0,66.0,34.0,93.0,7.0,8.0,57.0,43.0,21.0,79.0,40.0,60.0,100.0,,27.0,36.0,True,True,1,,,,,,,,,,,,
2026-03-27T05:47:56.653727-04:00,vsin_circa,circa,mlb,mlb_20260326_arizona_diamondbacks_los_angeles_dodgers,Mar 26,,Arizona Diamondbacks,Los Angeles Dodgers,250.0,59.0,41.0,2.0,98.0,9.0,44.0,56.0,14.0,86.0,24.0,76.0,18.0,82.0,57.0,30.0,True,True,1,,,,,,,,,,,,
2026-03-27T05:47:56.653727-04:00,vsin_circa,circa,mlb,mlb_20260326_cleveland_guardians_seattle_mariners,Mar 26,,Cleveland Guardians,Seattle Mariners,157.0,45.0,55.0,35.0,65.0,6.5,43.0,57.0,62.0,38.0,33.0,67.0,24.0,76.0,10.0,19.0,False,True,1,,,,,,,,,,,,
2026-03-27T05:47:56.653727-04:00,vsin_circa,circa,mlb,mlb_20260327_new_york_yankees_san_francisco_giants,Mar 27,,New York Yankees,San Francisco Giants,-122.0,77.0,23.0,90.0,10.0,7.5,100.0,,100.0,,50.0,50.0,94.0,6.0,13.0,0.0,False,False,1,,,,,,,,,,,,
2026-03-27T05:47:56.653727-04:00,vsin_circa,circa,mlb,mlb_20260327_athletics_toronto_blue_jays,Mar 27,,Athletics,Toronto Blue Jays,145.0,47.0,53.0,8.0,92.0,8.5,100.0,,100.0,,50.0,50.0,50.0,50.0,39.0,0.0,True,False,1,,,,,,,,,,,,
2026-03-27T05:47:56.653727-04:00,vsin_circa,circa,mlb,mlb_20260327_colorado_rockies_miami_marlins,Mar 27,,Colorado Rockies,Miami Marlins,167.0,50.0,50.0,2.0,98.0,7.5,100.0,,100.0,,50.0,50.0,58.0,42.0,48.0,0.0,True,False,1,,,,,,,,,,,,
2026-03-27T05:47:56.653727-04:00,vsin_circa,circa,mlb,mlb_20260327_kansas_city_royals_atlanta_braves,Mar 27,,Kansas City Royals,Atlanta Braves,123.0,50.0,50.0,32.0,68.0,7.5,33.0,67.0,98.0,2.0,50.0,50.0,50.0,50.0,18.0,65.0,True,True,1,,,,,,,,,,,,
2026-03-27T05:47:56.653727-04:00,vsin_circa,circa,mlb,mlb_20260327_los_angeles_angels_houston_astros,Mar 27,,Los Angeles Angels,Houston Astros,142.0,67.0,33.0,42.0,58.0,8.5,,100.0,,100.0,50.0,50.0,50.0,50.0,25.0,,True,,1,,,,,,,,,,,,
2026-03-27T05:47:56.653727-04:00,vsin_circa,circa,mlb,mlb_20260327_detroit_tigers_san_diego_padres,Mar 27,,Detroit Tigers,San Diego Padres,108.0,100.0,,100.0,,7.5,,100.0,,100.0,50.0,50.0,50.0,50.0,,,,,1,,,,,,,,,,,,
2026-03-27T05:47:56.653727-04:00,vsin_circa,circa,mlb,mlb_20260327_cleveland_guardians_seattle_mariners,Mar 27,,Cleveland Guardians,Seattle Mariners,148.0,78.0,22.0,48.0,52.0,7.5,,100.0,,100.0,,100.0,,100.0,30.0,,True,,1,,,,,,,,,,,,
2026-03-27T05:47:56.653727-04:00,vsin_circa,circa,mlb,mlb_20260327_arizona_diamondbacks_los_angeles_dodgers,Mar 27,,Arizona Diamondbacks,Los Angeles Dodgers,187.0,60.0,40.0,4.0,96.0,8.5,100.0,,100.0,,,100.0,,100.0,56.0,0.0,True,False,1,,,,,,,,,,,,
2026-03-27T06:05:18.768920-04:00,vsin_dk,draftkings,mlb,mlb_20260326_pittsburgh_pirates_new_york_mets,Mar 26,,Pittsburgh Pirates,New York Mets,102.0,49.0,51.0,47.0,53.0,7.0,40.0,60.0,38.0,62.0,28.0,72.0,46.0,54.0,2.0,2.0,False,False,1,,,,,,,,,,,,
2026-03-27T06:05:18.768920-04:00,vsin_dk,draftkings,mlb,mlb_20260326_chicago_white_sox_milwaukee_brewers,Mar 26,,Chicago White Sox,Milwaukee Brewers,163.0,10.0,90.0,18.0,82.0,7.5,47.0,53.0,65.0,35.0,19.0,81.0,12.0,88.0,8.0,18.0,False,True,1,,,,,,,,,,,,
2026-03-27T06:05:18.768920-04:00,vsin_dk,draftkings,mlb,mlb_20260326_washington_nationals_chicago_cubs,Mar 26,,Washington Nationals,Chicago Cubs,169.0,7.0,93.0,16.0,84.0,7.0,59.0,41.0,39.0,61.0,14.0,86.0,12.0,88.0,9.0,20.0,False,True,1,,,,,,,,,,,,
2026-03-27T06:05:18.768920-04:00,vsin_dk,draftkings,mlb,mlb_20260326_minnesota_twins_baltimore_orioles,Mar 26,,Minnesota Twins,Baltimore Orioles,120.0,19.0,81.0,37.0,63.0,8.5,56.0,44.0,64.0,36.0,35.0,65.0,5.0,95.0,18.0,8.0,True,False,1,,,,,,,,,,,,
2026-03-27T06:05:18.768920-04:00,vsin_dk,draftkings,mlb,mlb_20260326_los_angeles_angels_houston_astros,Mar 26,,Los Angeles Angels,Houston Astros,153.0,10.0,90.0,21.0,79.0,8.0,55.0,45.0,47.0,53.0,26.0,74.0,60.0,40.0,11.0,8.0,False,False,1,,,,,,,,,,,,
2026-03-27T06:05:18.768920-04:00,vsin_dk,draftkings,mlb,mlb_20260326_detroit_tigers_san_diego_padres,Mar 26,,Detroit Tigers,San Diego Padres,-126.0,77.0,23.0,73.0,27.0,7.0,44.0,56.0,17.0,83.0,48.0,52.0,64.0,36.0,4.0,27.0,False,True,1,,,,,,,,,,,,
2026-03-27T06:05:18.768920-04:00,vsin_dk,draftkings,mlb,mlb_20260326_boston_red_sox_cincinnati_reds,Mar 26,,Boston Red Sox,Cincinnati Reds,-163.0,83.0,17.0,74.0,26.0,8.0,58.0,42.0,60.0,40.0,67.0,33.0,82.0,18.0,9.0,2.0,False,False,1,,,,,,,,,,,,
2026-03-27T06:05:18.768920-04:00,vsin_dk,draftkings,mlb,mlb_20260326_texas_rangers_philadelphia_phillies,Mar 26,,Texas Rangers,Philadelphia Phillies,144.0,15.0,85.0,37.0,63.0,8.0,50.0,50.0,53.0,47.0,34.0,66.0,22.0,78.0,22.0,3.0,True,False,1,,,,,,,,,,,,
2026-03-27T06:05:18.768920-04:00,vsin_dk,draftkings,mlb,mlb_20260326_tampa_bay_rays_st_louis_cardinals,Mar 26,,Tampa Bay Rays,ST Louis Cardinals,-136.0,65.0,35.0,57.0,43.0,8.0,61.0,39.0,84.0,16.0,36.0,64.0,43.0,57.0,8.0,23.0,False,True,1,,,,,,,,,,,,
2026-03-27T06:05:18.768920-04:00,vsin_dk,draftkings,mlb,mlb_20260326_arizona_diamondbacks_los_angeles_dodgers,Mar 26,,Arizona Diamondbacks,Los Angeles Dodgers,229.0,6.0,94.0,19.0,81.0,9.0,51.0,49.0,58.0,42.0,10.0,90.0,9.0,91.0,13.0,7.0,False,False,1,,,,,,,,,,,,
2026-03-27T06:05:18.768920-04:00,vsin_dk,draftkings,mlb,mlb_20260326_cleveland_guardians_seattle_mariners,Mar 26,,Cleveland Guardians,Seattle Mariners,153.0,18.0,82.0,39.0,61.0,6.5,69.0,31.0,56.0,44.0,34.0,66.0,23.0,77.0,21.0,13.0,True,False,1,,,,,,,,,,,,
2026-03-27T06:05:18.768920-04:00,vsin_dk,draftkings,mlb,mlb_20260327_new_york_yankees_san_francisco_giants,Mar 27,,New York Yankees,San Francisco Giants,-131.0,82.0,18.0,73.0,27.0,7.5,83.0,17.0,70.0,30.0,79.0,21.0,84.0,16.0,9.0,13.0,False,False,1,,,,,,,,,,,,
2026-03-27T06:05:18.768920-04:00,vsin_dk,draftkings,mlb,mlb_20260327_athletics_toronto_blue_jays,Mar 27,,Athletics,Toronto Blue Jays,144.0,12.0,88.0,41.0,59.0,8.5,60.0,40.0,31.0,69.0,17.0,83.0,23.0,77.0,29.0,29.0,True,True,1,,,,,,,,,,,,
2026-03-27T06:05:18.768920-04:00,vsin_dk,draftkings,mlb,mlb_20260327_colorado_rockies_miami_marlins,Mar 27,,Colorado Rockies,Miami Marlins,163.0,16.0,84.0,49.0,51.0,7.5,73.0,27.0,94.0,6.0,23.0,77.0,37.0,63.0,33.0,21.0,True,True,1,,,,,,,,,,,,
2026-03-27T06:05:18.768920-04:00,vsin_dk,draftkings,mlb,mlb_20260327_kansas_city_royals_atlanta_braves,Mar 27,,Kansas City Royals,Atlanta Braves,119.0,22.0,78.0,45.0,55.0,7.5,64.0,36.0,60.0,40.0,35.0,65.0,22.0,78.0,23.0,4.0,True,False,1,,,,,,,,,,,,
2026-03-27T06:05:18.768920-04:00,vsin_dk,draftkings,mlb,mlb_20260327_los_angeles_angels_houston_astros,Mar 27,,Los Angeles Angels,Houston Astros,135.0,22.0,78.0,28.0,72.0,8.5,55.0,45.0,20.0,80.0,35.0,65.0,7.0,93.0,6.0,35.0,False,True,1,,,,,,,,,,,,
2026-03-27T06:05:18.768920-04:00,vsin_dk,draftkings,mlb,mlb_20260327_detroit_tigers_san_diego_padres,Mar 27,,Detroit Tigers,San Diego Padres,104.0,62.0,38.0,74.0,26.0,7.5,71.0,29.0,80.0,20.0,49.0,51.0,24.0,76.0,12.0,9.0,False,False,1,,,,,,,,,,,,
2026-03-27T06:05:18.768920-04:00,vsin_dk,draftkings,mlb,mlb_20260327_cleveland_guardians_seattle_mariners,Mar 27,,Cleveland Guardians,Seattle Mariners,141.0,23.0,77.0,21.0,79.0,7.0,65.0,35.0,16.0,84.0,36.0,64.0,8.0,92.0,2.0,49.0,False,True,1,,,,,,,,,,,,
2026-03-27T06:05:18.768920-04:00,vsin_dk,draftkings,mlb,mlb_20260327_arizona_diamondbacks_los_angeles_dodgers,Mar 27,,Arizona Diamondbacks,Los Angeles Dodgers,189.0,10.0,90.0,41.0,59.0,8.5,78.0,22.0,84.0,16.0,13.0,87.0,24.0,76.0,31.0,6.0,True,False,1,,,,,,,,,,,,
2026-03-27T06:05:39.805279-04:00,vsin_circa,circa,mlb,mlb_20260326_pittsburgh_pirates_new_york_mets,Mar 26,,Pittsburgh Pirates,New York Mets,105.0,59.0,41.0,23.0,77.0,7.0,11.0,89.0,29.0,71.0,43.0,57.0,67.0,33.0,36.0,18.0,True,True,1,,,,,,,,,,,,
2026-03-27T06:05:39.805279-04:00,vsin_circa,circa,mlb,mlb_20260326_chicago_white_sox_milwaukee_brewers,Mar 26,,Chicago White Sox,Milwaukee Brewers,168.0,52.0,48.0,7.0,93.0,7.5,33.0,67.0,45.0,55.0,,100.0,,100.0,45.0,12.0,True,False,1,,,,,,,,,,,,
2026-03-27T06:05:39.805279-04:00,vsin_circa,circa,mlb,mlb_20260326_washington_nationals_chicago_cubs,Mar 26,,Washington Nationals,Chicago Cubs,178.0,27.0,73.0,19.0,81.0,7.0,29.0,71.0,6.0,94.0,14.0,86.0,86.0,14.0,8.0,23.0,False,True,1,,,,,,,,,,,,
2026-03-27T06:05:39.805279-04:00,vsin_circa,circa,mlb,mlb_20260326_minnesota_twins_baltimore_orioles,Mar 26,,Minnesota Twins,Baltimore Orioles,126.0,45.0,55.0,11.0,89.0,8.5,72.0,28.0,86.0,14.0,38.0,63.0,85.0,15.0,34.0,14.0,True,False,1,,,,,,,,,,,,
2026-03-27T06:05:39.805279-04:00,vsin_circa,circa,mlb,mlb_20260326_los_angeles_angels_houston_astros,Mar 26,,Los Angeles Angels,Houston Astros,160.0,61.0,39.0,75.0,25.0,8.0,17.0,83.0,2.0,98.0,25.0,75.0,94.0,6.0,14.0,15.0,False,True,1,,,,,,,,,,,,
2026-03-27T06:05:39.805279-04:00,vsin_circa,circa,mlb,mlb_20260326_detroit_tigers_san_diego_padres,Mar 26,,Detroit Tigers,San Diego Padres,-120.0,62.0,38.0,42.0,58.0,7.0,44.0,56.0,36.0,64.0,50.0,50.0,27.0,73.0,20.0,8.0,True,False,1,,,,,,,,,,,,
2026-03-27T06:05:39.805279-04:00,vsin_circa,circa,mlb,mlb_20260326_boston_red_sox_cincinnati_reds,Mar 26,,Boston Red Sox,Cincinnati Reds,-152.0,44.0,56.0,85.0,15.0,8.0,25.0,75.0,20.0,80.0,71.0,29.0,99.0,1.0,41.0,5.0,True,False,1,,,,,,,,,,,,
2026-03-27T06:05:39.805279-04:00,vsin_circa,circa,mlb,mlb_20260326_texas_rangers_philadelphia_phillies,Mar 26,,Texas Rangers,Philadelphia Phillies,142.0,47.0,53.0,13.0,87.0,8.0,56.0,44.0,59.0,41.0,,100.0,,100.0,34.0,3.0,True,False,1,,,,,,,,,,,,
2026-03-27T06:05:39.805279-04:00,vsin_circa,circa,mlb,mlb_20260326_tampa_bay_rays_st_louis_cardinals,Mar 26,,Tampa Bay Rays,ST Louis Cardinals,-128.0,66.0,34.0,93.0,7.0,8.0,57.0,43.0,21.0,79.0,40.0,60.0,100.0,,27.0,36.0,True,True,1,,,,,,,,,,,,
2026-03-27T06:05:39.805279-04:00,vsin_circa,circa,mlb,mlb_20260326_arizona_diamondbacks_los_angeles_dodgers,Mar 26,,Arizona Diamondbacks,Los Angeles Dodgers,250.0,59.0,41.0,2.0,98.0,9.0,44.0,56.0,14.0,86.0,24.0,76.0,18.0,82.0,57.0,30.0,True,True,1,,,,,,,,,,,,
2026-03-27T06:05:39.805279-04:00,vsin_circa,circa,mlb,mlb_20260326_cleveland_guardians_seattle_mariners,Mar 26,,Cleveland Guardians,Seattle Mariners,157.0,45.0,55.0,35.0,65.0,6.5,43.0,57.0,62.0,38.0,33.0,67.0,24.0,76.0,10.0,19.0,False,True,1,,,,,,,,,,,,
2026-03-27T06:05:39.805279-04:00,vsin_circa,circa,mlb,mlb_20260327_new_york_yankees_san_francisco_giants,Mar 27,,New York Yankees,San Francisco Giants,-122.0,77.0,23.0,90.0,10.0,7.5,100.0,,100.0,,50.0,50.0,94.0,6.0,13.0,0.0,False,False,1,,,,,,,,,,,,
2026-03-27T06:05:39.805279-04:00,vsin_circa,circa,mlb,mlb_20260327_athletics_toronto_blue_jays,Mar 27,,Athletics,Toronto Blue Jays,145.0,47.0,53.0,8.0,92.0,8.5,100.0,,100.0,,50.0,50.0,50.0,50.0,39.0,0.0,True,False,1,,,,,,,,,,,,
2026-03-27T06:05:39.805279-04:00,vsin_circa,circa,mlb,mlb_20260327_colorado_rockies_miami_marlins,Mar 27,,Colorado Rockies,Miami Marlins,167.0,50.0,50.0,2.0,98.0,7.5,100.0,,100.0,,50.0,50.0,58.0,42.0,48.0,0.0,True,False,1,,,,,,,,,,,,
2026-03-27T06:05:39.805279-04:00,vsin_circa,circa,mlb,mlb_20260327_kansas_city_royals_atlanta_braves,Mar 27,,Kansas City Royals,Atlanta Braves,123.0,50.0,50.0,32.0,68.0,7.5,33.0,67.0,98.0,2.0,50.0,50.0,50.0,50.0,18.0,65.0,True,True,1,,,,,,,,,,,,
2026-03-27T06:05:39.805279-04:00,vsin_circa,circa,mlb,mlb_20260327_los_angeles_angels_houston_astros,Mar 27,,Los Angeles Angels,Houston Astros,142.0,67.0,33.0,42.0,58.0,8.5,,100.0,,100.0,50.0,50.0,50.0,50.0,25.0,,True,,1,,,,,,,,,,,,
2026-03-27T06:05:39.805279-04:00,vsin_circa,circa,mlb,mlb_20260327_detroit_tigers_san_diego_padres,Mar 27,,Detroit Tigers,San Diego Padres,108.0,100.0,,100.0,,7.5,,100.0,,100.0,50.0,50.0,50.0,50.0,,,,,1,,,,,,,,,,,,
2026-03-27T06:05:39.805279-04:00,vsin_circa,circa,mlb,mlb_20260327_cleveland_guardians_seattle_mariners,Mar 27,,Cleveland Guardians,Seattle Mariners,148.0,78.0,22.0,48.0,52.0,7.5,,100.0,,100.0,,100.0,,100.0,30.0,,True,,1,,,,,,,,,,,,
2026-03-27T06:05:39.805279-04:00,vsin_circa,circa,mlb,mlb_20260327_arizona_diamondbacks_los_angeles_dodgers,Mar 27,,Arizona Diamondbacks,Los Angeles Dodgers,187.0,60.0,40.0,4.0,96.0,8.5,100.0,,100.0,,,100.0,,100.0,56.0,0.0,True,False,1,,,,,,,,,,,,
2026-03-27T06:35:34.750472-04:00,vsin_dk,draftkings,mlb,mlb_20260326_pittsburgh_pirates_new_york_mets,Mar 26,,Pittsburgh Pirates,New York Mets,102.0,49.0,51.0,47.0,53.0,7.0,40.0,60.0,38.0,62.0,28.0,72.0,46.0,54.0,2.0,2.0,False,False,1,,,,,,,,,,,,
2026-03-27T06:35:34.750472-04:00,vsin_dk,draftkings,mlb,mlb_20260326_chicago_white_sox_milwaukee_brewers,Mar 26,,Chicago White Sox,Milwaukee Brewers,163.0,10.0,90.0,18.0,82.0,7.5,47.0,53.0,65.0,35.0,19.0,81.0,12.0,88.0,8.0,18.0,False,True,1,,,,,,,,,,,,
2026-03-27T06:35:34.750472-04:00,vsin_dk,draftkings,mlb,mlb_20260326_washington_nationals_chicago_cubs,Mar 26,,Washington Nationals,Chicago Cubs,169.0,7.0,93.0,16.0,84.0,7.0,59.0,41.0,39.0,61.0,14.0,86.0,12.0,88.0,9.0,20.0,False,True,1,,,,,,,,,,,,
2026-03-27T06:35:34.750472-04:00,vsin_dk,draftkings,mlb,mlb_20260326_minnesota_twins_baltimore_orioles,Mar 26,,Minnesota Twins,Baltimore Orioles,120.0,19.0,81.0,37.0,63.0,8.5,56.0,44.0,64.0,36.0,35.0,65.0,5.0,95.0,18.0,8.0,True,False,1,,,,,,,,,,,,
2026-03-27T06:35:34.750472-04:00,vsin_dk,draftkings,mlb,mlb_20260326_los_angeles_angels_houston_astros,Mar 26,,Los Angeles Angels,Houston Astros,153.0,10.0,90.0,21.0,79.0,8.0,55.0,45.0,47.0,53.0,26.0,74.0,60.0,40.0,11.0,8.0,False,False,1,,,,,,,,,,,,
2026-03-27T06:35:34.750472-04:00,vsin_dk,draftkings,mlb,mlb_20260326_detroit_tigers_san_diego_padres,Mar 26,,Detroit Tigers,San Diego Padres,-126.0,77.0,23.0,73.0,27.0,7.0,44.0,56.0,17.0,83.0,48.0,52.0,64.0,36.0,4.0,27.0,False,True,1,,,,,,,,,,,,
2026-03-27T06:35:34.750472-04:00,vsin_dk,draftkings,mlb,mlb_20260326_boston_red_sox_cincinnati_reds,Mar 26,,Boston Red Sox,Cincinnati Reds,-163.0,83.0,17.0,74.0,26.0,8.0,58.0,42.0,60.0,40.0,67.0,33.0,82.0,18.0,9.0,2.0,False,False,1,,,,,,,,,,,,
2026-03-27T06:35:34.750472-04:00,vsin_dk,draftkings,mlb,mlb_20260326_texas_rangers_philadelphia_phillies,Mar 26,,Texas Rangers,Philadelphia Phillies,144.0,15.0,85.0,37.0,63.0,8.0,50.0,50.0,53.0,47.0,34.0,66.0,22.0,78.0,22.0,3.0,True,False,1,,,,,,,,,,,,
2026-03-27T06:35:34.750472-04:00,vsin_dk,draftkings,mlb,mlb_20260326_tampa_bay_rays_st_louis_cardinals,Mar 26,,Tampa Bay Rays,ST Louis Cardinals,-136.0,65.0,35.0,57.0,43.0,8.0,61.0,39.0,84.0,16.0,36.0,64.0,43.0,57.0,8.0,23.0,False,True,1,,,,,,,,,,,,
2026-03-27T06:35:34.750472-04:00,vsin_dk,draftkings,mlb,mlb_20260326_arizona_diamondbacks_los_angeles_dodgers,Mar 26,,Arizona Diamondbacks,Los Angeles Dodgers,229.0,6.0,94.0,19.0,81.0,9.0,51.0,49.0,58.0,42.0,10.0,90.0,9.0,91.0,13.0,7.0,False,False,1,,,,,,,,,,,,
2026-03-27T06:35:34.750472-04:00,vsin_dk,draftkings,mlb,mlb_20260326_cleveland_guardians_seattle_mariners,Mar 26,,Cleveland Guardians,Seattle Mariners,153.0,18.0,82.0,39.0,61.0,6.5,69.0,31.0,56.0,44.0,34.0,66.0,23.0,77.0,21.0,13.0,True,False,1,,,,,,,,,,,,
2026-03-27T06:35:34.750472-04:00,vsin_dk,draftkings,mlb,mlb_20260327_new_york_yankees_san_francisco_giants,Mar 27,,New York Yankees,San Francisco Giants,-131.0,82.0,18.0,74.0,26.0,8.0,83.0,17.0,70.0,30.0,79.0,21.0,84.0,16.0,8.0,13.0,False,False,1,,,,,,,,,,,,
2026-03-27T06:35:34.750472-04:00,vsin_dk,draftkings,mlb,mlb_20260327_athletics_toronto_blue_jays,Mar 27,,Athletics,Toronto Blue Jays,144.0,12.0,88.0,40.0,60.0,8.5,59.0,41.0,33.0,67.0,17.0,83.0,23.0,77.0,28.0,26.0,True,True,1,,,,,,,,,,,,
2026-03-27T06:35:34.750472-04:00,vsin_dk,draftkings,mlb,mlb_20260327_colorado_rockies_miami_marlins,Mar 27,,Colorado Rockies,Miami Marlins,163.0,16.0,84.0,48.0,52.0,7.5,74.0,26.0,94.0,6.0,23.0,77.0,37.0,63.0,32.0,20.0,True,True,1,,,,,,,,,,,,
2026-03-27T06:35:34.750472-04:00,vsin_dk,draftkings,mlb,mlb_20260327_kansas_city_royals_atlanta_braves,Mar 27,,Kansas City Royals,Atlanta Braves,119.0,22.0,78.0,44.0,56.0,7.5,64.0,36.0,57.0,43.0,35.0,65.0,21.0,79.0,22.0,7.0,True,False,1,,,,,,,,,,,,
2026-03-27T06:35:34.750472-04:00,vsin_dk,draftkings,mlb,mlb_20260327_los_angeles_angels_houston_astros,Mar 27,,Los Angeles Angels,Houston Astros,135.0,22.0,78.0,28.0,72.0,8.5,55.0,45.0,22.0,78.0,35.0,65.0,7.0,93.0,6.0,33.0,False,True,1,,,,,,,,,,,,
2026-03-27T06:35:34.750472-04:00,vsin_dk,draftkings,mlb,mlb_20260327_detroit_tigers_san_diego_padres,Mar 27,,Detroit Tigers,San Diego Padres,104.0,62.0,38.0,75.0,25.0,7.5,71.0,29.0,75.0,25.0,49.0,51.0,29.0,71.0,13.0,4.0,False,False,1,,,,,,,,,,,,
2026-03-27T06:35:34.750472-04:00,vsin_dk,draftkings,mlb,mlb_20260327_cleveland_guardians_seattle_mariners,Mar 27,,Cleveland Guardians,Seattle Mariners,141.0,23.0,77.0,21.0,79.0,7.0,65.0,35.0,18.0,82.0,36.0,64.0,7.0,93.0,2.0,47.0,False,True,1,,,,,,,,,,,,
2026-03-27T06:35:34.750472-04:00,vsin_dk,draftkings,mlb,mlb_20260327_arizona_diamondbacks_los_angeles_dodgers,Mar 27,,Arizona Diamondbacks,Los Angeles Dodgers,189.0,10.0,90.0,40.0,60.0,8.5,79.0,21.0,84.0,16.0,13.0,87.0,24.0,76.0,30.0,5.0,True,False,1,,,,,,,,,,,,
2026-03-27T06:35:56.458586-04:00,vsin_circa,circa,mlb,mlb_20260326_pittsburgh_pirates_new_york_mets,Mar 26,,Pittsburgh Pirates,New York Mets,105.0,59.0,41.0,23.0,77.0,7.0,11.0,89.0,29.0,71.0,43.0,57.0,67.0,33.0,36.0,18.0,True,True,1,,,,,,,,,,,,
2026-03-27T06:35:56.458586-04:00,vsin_circa,circa,mlb,mlb_20260326_chicago_white_sox_milwaukee_brewers,Mar 26,,Chicago White Sox,Milwaukee Brewers,168.0,52.0,48.0,7.0,93.0,7.5,33.0,67.0,45.0,55.0,,100.0,,100.0,45.0,12.0,True,False,1,,,,,,,,,,,,
2026-03-27T06:35:56.458586-04:00,vsin_circa,circa,mlb,mlb_20260326_washington_nationals_chicago_cubs,Mar 26,,Washington Nationals,Chicago Cubs,178.0,27.0,73.0,19.0,81.0,7.0,29.0,71.0,6.0,94.0,14.0,86.0,86.0,14.0,8.0,23.0,False,True,1,,,,,,,,,,,,
2026-03-27T06:35:56.458586-04:00,vsin_circa,circa,mlb,mlb_20260326_minnesota_twins_baltimore_orioles,Mar 26,,Minnesota Twins,Baltimore Orioles,126.0,45.0,55.0,11.0,89.0,8.5,72.0,28.0,86.0,14.0,38.0,63.0,85.0,15.0,34.0,14.0,True,False,1,,,,,,,,,,,,
2026-03-27T06:35:56.458586-04:00,vsin_circa,circa,mlb,mlb_20260326_los_angeles_angels_houston_astros,Mar 26,,Los Angeles Angels,Houston Astros,160.0,61.0,39.0,75.0,25.0,8.0,17.0,83.0,2.0,98.0,25.0,75.0,94.0,6.0,14.0,15.0,False,True,1,,,,,,,,,,,,
2026-03-27T06:35:56.458586-04:00,vsin_circa,circa,mlb,mlb_20260326_detroit_tigers_san_diego_padres,Mar 26,,Detroit Tigers,San Diego Padres,-120.0,62.0,38.0,42.0,58.0,7.0,44.0,56.0,36.0,64.0,50.0,50.0,27.0,73.0,20.0,8.0,True,False,1,,,,,,,,,,,,
2026-03-27T06:35:56.458586-04:00,vsin_circa,circa,mlb,mlb_20260326_boston_red_sox_cincinnati_reds,Mar 26,,Boston Red Sox,Cincinnati Reds,-152.0,44.0,56.0,85.0,15.0,8.0,25.0,75.0,20.0,80.0,71.0,29.0,99.0,1.0,41.0,5.0,True,False,1,,,,,,,,,,,,
2026-03-27T06:35:56.458586-04:00,vsin_circa,circa,mlb,mlb_20260326_texas_rangers_philadelphia_phillies,Mar 26,,Texas Rangers,Philadelphia Phillies,142.0,47.0,53.0,13.0,87.0,8.0,56.0,44.0,59.0,41.0,,100.0,,100.0,34.0,3.0,True,False,1,,,,,,,,,,,,
2026-03-27T06:35:56.458586-04:00,vsin_circa,circa,mlb,mlb_20260326_tampa_bay_rays_st_louis_cardinals,Mar 26,,Tampa Bay Rays,ST Louis Cardinals,-128.0,66.0,34.0,93.0,7.0,8.0,57.0,43.0,21.0,79.0,40.0,60.0,100.0,,27.0,36.0,True,True,1,,,,,,,,,,,,
2026-03-27T06:35:56.458586-04:00,vsin_circa,circa,mlb,mlb_20260326_arizona_diamondbacks_los_angeles_dodgers,Mar 26,,Arizona Diamondbacks,Los Angeles Dodgers,250.0,59.0,41.0,2.0,98.0,9.0,44.0,56.0,14.0,86.0,24.0,76.0,18.0,82.0,57.0,30.0,True,True,1,,,,,,,,,,,,
2026-03-27T06:35:56.458586-04:00,vsin_circa,circa,mlb,mlb_20260326_cleveland_guardians_seattle_mariners,Mar 26,,Cleveland Guardians,Seattle Mariners,157.0,45.0,55.0,35.0,65.0,6.5,43.0,57.0,62.0,38.0,33.0,67.0,24.0,76.0,10.0,19.0,False,True,1,,,,,,,,,,,,
2026-03-27T06:35:56.458586-04:00,vsin_circa,circa,mlb,mlb_20260327_new_york_yankees_san_francisco_giants,Mar 27,,New York Yankees,San Francisco Giants,-122.0,77.0,23.0,90.0,10.0,7.5,100.0,,100.0,,67.0,33.0,94.0,6.0,13.0,0.0,False,False,1,,,,,,,,,,,,
2026-03-27T06:35:56.458586-04:00,vsin_circa,circa,mlb,mlb_20260327_athletics_toronto_blue_jays,Mar 27,,Athletics,Toronto Blue Jays,145.0,47.0,53.0,8.0,92.0,8.5,100.0,,100.0,,,100.0,,100.0,39.0,0.0,True,False,1,,,,,,,,,,,,
2026-03-27T06:35:56.458586-04:00,vsin_circa,circa,mlb,mlb_20260327_colorado_rockies_miami_marlins,Mar 27,,Colorado Rockies,Miami Marlins,167.0,50.0,50.0,2.0,98.0,7.5,100.0,,100.0,,50.0,50.0,58.0,42.0,48.0,0.0,True,False,1,,,,,,,,,,,,
2026-03-27T06:35:56.458586-04:00,vsin_circa,circa,mlb,mlb_20260327_kansas_city_royals_atlanta_braves,Mar 27,,Kansas City Royals,Atlanta Braves,123.0,50.0,50.0,32.0,68.0,7.5,33.0,67.0,98.0,2.0,50.0,50.0,50.0,50.0,18.0,65.0,True,True,1,,,,,,,,,,,,
2026-03-27T06:35:56.458586-04:00,vsin_circa,circa,mlb,mlb_20260327_los_angeles_angels_houston_astros,Mar 27,,Los Angeles Angels,Houston Astros,142.0,67.0,33.0,42.0,58.0,8.5,,100.0,,100.0,50.0,50.0,50.0,50.0,25.0,,True,,1,,,,,,,,,,,,
2026-03-27T06:35:56.458586-04:00,vsin_circa,circa,mlb,mlb_20260327_detroit_tigers_san_diego_padres,Mar 27,,Detroit Tigers,San Diego Padres,108.0,75.0,25.0,97.0,3.0,7.5,,100.0,,100.0,50.0,50.0,50.0,50.0,22.0,,True,,1,,,,,,,,,,,,
2026-03-27T06:35:56.458586-04:00,vsin_circa,circa,mlb,mlb_20260327_cleveland_guardians_seattle_mariners,Mar 27,,Cleveland Guardians,Seattle Mariners,148.0,78.0,22.0,48.0,52.0,7.5,,100.0,,100.0,,100.0,,100.0,30.0,,True,,1,,,,,,,,,,,,
2026-03-27T06:35:56.458586-04:00,vsin_circa,circa,mlb,mlb_20260327_arizona_diamondbacks_los_angeles_dodgers,Mar 27,,Arizona Diamondbacks,Los Angeles Dodgers,187.0,60.0,40.0,4.0,96.0,8.5,100.0,,100.0,,,100.0,,100.0,56.0,0.0,True,False,1,,,,,,,,,,,,
2026-03-27T07:04:37.669823-04:00,vsin_dk,draftkings,mlb,mlb_20260326_pittsburgh_pirates_new_york_mets,Mar 26,,Pittsburgh Pirates,New York Mets,102.0,49.0,51.0,47.0,53.0,7.0,40.0,60.0,38.0,62.0,28.0,72.0,46.0,54.0,2.0,2.0,False,False,1,,,,,,,,,,,,
2026-03-27T07:04:37.669823-04:00,vsin_dk,draftkings,mlb,mlb_20260326_chicago_white_sox_milwaukee_brewers,Mar 26,,Chicago White Sox,Milwaukee Brewers,163.0,10.0,90.0,18.0,82.0,7.5,47.0,53.0,65.0,35.0,19.0,81.0,12.0,88.0,8.0,18.0,False,True,1,,,,,,,,,,,,
2026-03-27T07:04:37.669823-04:00,vsin_dk,draftkings,mlb,mlb_20260326_washington_nationals_chicago_cubs,Mar 26,,Washington Nationals,Chicago Cubs,169.0,7.0,93.0,16.0,84.0,7.0,59.0,41.0,39.0,61.0,14.0,86.0,12.0,88.0,9.0,20.0,False,True,1,,,,,,,,,,,,
2026-03-27T07:04:37.669823-04:00,vsin_dk,draftkings,mlb,mlb_20260326_minnesota_twins_baltimore_orioles,Mar 26,,Minnesota Twins,Baltimore Orioles,120.0,19.0,81.0,37.0,63.0,8.5,56.0,44.0,64.0,36.0,35.0,65.0,5.0,95.0,18.0,8.0,True,False,1,,,,,,,,,,,,
2026-03-27T07:04:37.669823-04:00,vsin_dk,draftkings,mlb,mlb_20260326_los_angeles_angels_houston_astros,Mar 26,,Los Angeles Angels,Houston Astros,153.0,10.0,90.0,21.0,79.0,8.0,55.0,45.0,47.0,53.0,26.0,74.0,60.0,40.0,11.0,8.0,False,False,1,,,,,,,,,,,,
2026-03-27T07:04:37.669823-04:00,vsin_dk,draftkings,mlb,mlb_20260326_detroit_tigers_san_diego_padres,Mar 26,,Detroit Tigers,San Diego Padres,-126.0,77.0,23.0,73.0,27.0,7.0,44.0,56.0,17.0,83.0,48.0,52.0,64.0,36.0,4.0,27.0,False,True,1,,,,,,,,,,,,
2026-03-27T07:04:37.669823-04:00,vsin_dk,draftkings,mlb,mlb_20260326_boston_red_sox_cincinnati_reds,Mar 26,,Boston Red Sox,Cincinnati Reds,-163.0,83.0,17.0,74.0,26.0,8.0,58.0,42.0,60.0,40.0,67.0,33.0,82.0,18.0,9.0,2.0,False,False,1,,,,,,,,,,,,
2026-03-27T07:04:37.669823-04:00,vsin_dk,draftkings,mlb,mlb_20260326_texas_rangers_philadelphia_phillies,Mar 26,,Texas Rangers,Philadelphia Phillies,144.0,15.0,85.0,37.0,63.0,8.0,50.0,50.0,53.0,47.0,34.0,66.0,22.0,78.0,22.0,3.0,True,False,1,,,,,,,,,,,,
2026-03-27T07:04:37.669823-04:00,vsin_dk,draftkings,mlb,mlb_20260326_tampa_bay_rays_st_louis_cardinals,Mar 26,,Tampa Bay Rays,ST Louis Cardinals,-136.0,65.0,35.0,57.0,43.0,8.0,61.0,39.0,84.0,16.0,36.0,64.0,43.0,57.0,8.0,23.0,False,True,1,,,,,,,,,,,,
2026-03-27T07:04:37.669823-04:00,vsin_dk,draftkings,mlb,mlb_20260326_arizona_diamondbacks_los_angeles_dodgers,Mar 26,,Arizona Diamondbacks,Los Angeles Dodgers,229.0,6.0,94.0,19.0,81.0,9.0,51.0,49.0,58.0,42.0,10.0,90.0,9.0,91.0,13.0,7.0,False,False,1,,,,,,,,,,,,
2026-03-27T07:04:37.669823-04:00,vsin_dk,draftkings,mlb,mlb_20260326_cleveland_guardians_seattle_mariners,Mar 26,,Cleveland Guardians,Seattle Mariners,153.0,18.0,82.0,39.0,61.0,6.5,69.0,31.0,56.0,44.0,34.0,66.0,23.0,77.0,21.0,13.0,True,False,1,,,,,,,,,,,,
2026-03-27T07:04:37.669823-04:00,vsin_dk,draftkings,mlb,mlb_20260327_new_york_yankees_san_francisco_giants,Mar 27,,New York Yankees,San Francisco Giants,-131.0,82.0,18.0,74.0,26.0,8.0,82.0,18.0,70.0,30.0,79.0,21.0,85.0,15.0,8.0,12.0,False,False,1,,,,,,,,,,,,
2026-03-27T07:04:37.669823-04:00,vsin_dk,draftkings,mlb,mlb_20260327_athletics_toronto_blue_jays,Mar 27,,Athletics,Toronto Blue Jays,144.0,12.0,88.0,40.0,60.0,8.5,59.0,41.0,33.0,67.0,17.0,83.0,23.0,77.0,28.0,26.0,True,True,1,,,,,,,,,,,,
2026-03-27T07:04:37.669823-04:00,vsin_dk,draftkings,mlb,mlb_20260327_colorado_rockies_miami_marlins,Mar 27,,Colorado Rockies,Miami Marlins,163.0,16.0,84.0,47.0,53.0,7.5,74.0,26.0,94.0,6.0,23.0,77.0,37.0,63.0,31.0,20.0,True,True,1,,,,,,,,,,,,
2026-03-27T07:04:37.669823-04:00,vsin_dk,draftkings,mlb,mlb_20260327_kansas_city_royals_atlanta_braves,Mar 27,,Kansas City Royals,Atlanta Braves,119.0,22.0,78.0,42.0,58.0,7.5,63.0,37.0,55.0,45.0,35.0,65.0,22.0,78.0,20.0,8.0,True,False,1,,,,,,,,,,,,
2026-03-27T07:04:37.669823-04:00,vsin_dk,draftkings,mlb,mlb_20260327_los_angeles_angels_houston_astros,Mar 27,,Los Angeles Angels,Houston Astros,135.0,22.0,78.0,27.0,73.0,8.5,55.0,45.0,24.0,76.0,35.0,65.0,7.0,93.0,5.0,31.0,False,True,1,,,,,,,,,,,,
2026-03-27T07:04:37.669823-04:00,vsin_dk,draftkings,mlb,mlb_20260327_detroit_tigers_san_diego_padres,Mar 27,,Detroit Tigers,San Diego Padres,104.0,62.0,38.0,75.0,25.0,7.5,72.0,28.0,72.0,28.0,49.0,51.0,30.0,70.0,13.0,0.0,False,False,1,,,,,,,,,,,,
2026-03-27T07:04:37.669823-04:00,vsin_dk,draftkings,mlb,mlb_20260327_cleveland_guardians_seattle_mariners,Mar 27,,Cleveland Guardians,Seattle Mariners,141.0,23.0,77.0,20.0,80.0,7.0,66.0,34.0,20.0,80.0,36.0,64.0,7.0,93.0,3.0,46.0,False,True,1,,,,,,,,,,,,
2026-03-27T07:04:37.669823-04:00,vsin_dk,draftkings,mlb,mlb_20260327_arizona_diamondbacks_los_angeles_dodgers,Mar 27,,Arizona Diamondbacks,Los Angeles Dodgers,189.0,10.0,90.0,39.0,61.0,8.5,79.0,21.0,84.0,16.0,13.0,87.0,24.0,76.0,29.0,5.0,True,False,1,,,,,,,,,,,,
2026-03-27T07:04:55.762928-04:00,vsin_circa,circa,mlb,mlb_20260326_pittsburgh_pirates_new_york_mets,Mar 26,,Pittsburgh Pirates,New York Mets,105.0,59.0,41.0,23.0,77.0,7.0,11.0,89.0,29.0,71.0,43.0,57.0,67.0,33.0,36.0,18.0,True,True,1,,,,,,,,,,,,
2026-03-27T07:04:55.762928-04:00,vsin_circa,circa,mlb,mlb_20260326_chicago_white_sox_milwaukee_brewers,Mar 26,,Chicago White Sox,Milwaukee Brewers,168.0,52.0,48.0,7.0,93.0,7.5,33.0,67.0,45.0,55.0,,100.0,,100.0,45.0,12.0,True,False,1,,,,,,,,,,,,
2026-03-27T07:04:55.762928-04:00,vsin_circa,circa,mlb,mlb_20260326_washington_nationals_chicago_cubs,Mar 26,,Washington Nationals,Chicago Cubs,178.0,27.0,73.0,19.0,81.0,7.0,29.0,71.0,6.0,94.0,14.0,86.0,86.0,14.0,8.0,23.0,False,True,1,,,,,,,,,,,,
2026-03-27T07:04:55.762928-04:00,vsin_circa,circa,mlb,mlb_20260326_minnesota_twins_baltimore_orioles,Mar 26,,Minnesota Twins,Baltimore Orioles,126.0,45.0,55.0,11.0,89.0,8.5,72.0,28.0,86.0,14.0,38.0,63.0,85.0,15.0,34.0,14.0,True,False,1,,,,,,,,,,,,
2026-03-27T07:04:55.762928-04:00,vsin_circa,circa,mlb,mlb_20260326_los_angeles_angels_houston_astros,Mar 26,,Los Angeles Angels,Houston Astros,160.0,61.0,39.0,75.0,25.0,8.0,17.0,83.0,2.0,98.0,25.0,75.0,94.0,6.0,14.0,15.0,False,True,1,,,,,,,,,,,,
2026-03-27T07:04:55.762928-04:00,vsin_circa,circa,mlb,mlb_20260326_detroit_tigers_san_diego_padres,Mar 26,,Detroit Tigers,San Diego Padres,-120.0,62.0,38.0,42.0,58.0,7.0,44.0,56.0,36.0,64.0,50.0,50.0,27.0,73.0,20.0,8.0,True,False,1,,,,,,,,,,,,
2026-03-27T07:04:55.762928-04:00,vsin_circa,circa,mlb,mlb_20260326_boston_red_sox_cincinnati_reds,Mar 26,,Boston Red Sox,Cincinnati Reds,-152.0,44.0,56.0,85.0,15.0,8.0,25.0,75.0,20.0,80.0,71.0,29.0,99.0,1.0,41.0,5.0,True,False,1,,,,,,,,,,,,
2026-03-27T07:04:55.762928-04:00,vsin_circa,circa,mlb,mlb_20260326_texas_rangers_philadelphia_phillies,Mar 26,,Texas Rangers,Philadelphia Phillies,142.0,47.0,53.0,13.0,87.0,8.0,56.0,44.0,59.0,41.0,,100.0,,100.0,34.0,3.0,True,False,1,,,,,,,,,,,,
2026-03-27T07:04:55.762928-04:00,vsin_circa,circa,mlb,mlb_20260326_tampa_bay_rays_st_louis_cardinals,Mar 26,,Tampa Bay Rays,ST Louis Cardinals,-128.0,66.0,34.0,93.0,7.0,8.0,57.0,43.0,21.0,79.0,40.0,60.0,100.0,,27.0,36.0,True,True,1,,,,,,,,,,,,
2026-03-27T07:04:55.762928-04:00,vsin_circa,circa,mlb,mlb_20260326_arizona_diamondbacks_los_angeles_dodgers,Mar 26,,Arizona Diamondbacks,Los Angeles Dodgers,250.0,59.0,41.0,2.0,98.0,9.0,44.0,56.0,14.0,86.0,24.0,76.0,18.0,82.0,57.0,30.0,True,True,1,,,,,,,,,,,,
2026-03-27T07:04:55.762928-04:00,vsin_circa,circa,mlb,mlb_20260326_cleveland_guardians_seattle_mariners,Mar 26,,Cleveland Guardians,Seattle Mariners,157.0,45.0,55.0,35.0,65.0,6.5,43.0,57.0,62.0,38.0,33.0,67.0,24.0,76.0,10.0,19.0,False,True,1,,,,,,,,,,,,
2026-03-27T07:04:55.762928-04:00,vsin_circa,circa,mlb,mlb_20260327_new_york_yankees_san_francisco_giants,Mar 27,,New York Yankees,San Francisco Giants,-122.0,77.0,23.0,90.0,10.0,7.5,100.0,,100.0,,67.0,33.0,94.0,6.0,13.0,0.0,False,False,1,,,,,,,,,,,,
2026-03-27T07:04:55.762928-04:00,vsin_circa,circa,mlb,mlb_20260327_athletics_toronto_blue_jays,Mar 27,,Athletics,Toronto Blue Jays,149.0,47.0,53.0,8.0,92.0,8.5,100.0,,100.0,,,100.0,,100.0,39.0,0.0,True,False,1,,,,,,,,,,,,
2026-03-27T07:04:55.762928-04:00,vsin_circa,circa,mlb,mlb_20260327_colorado_rockies_miami_marlins,Mar 27,,Colorado Rockies,Miami Marlins,167.0,50.0,50.0,2.0,98.0,7.5,100.0,,100.0,,50.0,50.0,58.0,42.0,48.0,0.0,True,False,1,,,,,,,,,,,,
2026-03-27T07:04:55.762928-04:00,vsin_circa,circa,mlb,mlb_20260327_kansas_city_royals_atlanta_braves,Mar 27,,Kansas City Royals,Atlanta Braves,123.0,50.0,50.0,32.0,68.0,7.5,33.0,67.0,98.0,2.0,50.0,50.0,50.0,50.0,18.0,65.0,True,True,1,,,,,,,,,,,,
2026-03-27T07:04:55.762928-04:00,vsin_circa,circa,mlb,mlb_20260327_los_angeles_angels_houston_astros,Mar 27,,Los Angeles Angels,Houston Astros,142.0,67.0,33.0,42.0,58.0,8.5,,100.0,,100.0,50.0,50.0,50.0,50.0,25.0,,True,,1,,,,,,,,,,,,
2026-03-27T07:04:55.762928-04:00,vsin_circa,circa,mlb,mlb_20260327_detroit_tigers_san_diego_padres,Mar 27,,Detroit Tigers,San Diego Padres,108.0,75.0,25.0,97.0,3.0,7.5,,100.0,,100.0,50.0,50.0,50.0,50.0,22.0,,True,,1,,,,,,,,,,,,
2026-03-27T07:04:55.762928-04:00,vsin_circa,circa,mlb,mlb_20260327_cleveland_guardians_seattle_mariners,Mar 27,,Cleveland Guardians,Seattle Mariners,148.0,78.0,22.0,48.0,52.0,7.5,,100.0,,100.0,,100.0,,100.0,30.0,,True,,1,,,,,,,,,,,,
2026-03-27T07:04:55.762928-04:00,vsin_circa,circa,mlb,mlb_20260327_arizona_diamondbacks_los_angeles_dodgers,Mar 27,,Arizona Diamondbacks,Los Angeles Dodgers,187.0,60.0,40.0,4.0,96.0,8.5,100.0,,100.0,,,100.0,,100.0,56.0,0.0,True,False,1,,,,,,,,,,,,
2026-03-27T07:35:16.719464-04:00,vsin_dk,draftkings,mlb,mlb_20260326_pittsburgh_pirates_new_york_mets,Mar 26,,Pittsburgh Pirates,New York Mets,102.0,49.0,51.0,47.0,53.0,7.0,40.0,60.0,38.0,62.0,28.0,72.0,46.0,54.0,2.0,2.0,False,False,1,,,,,,,,,,,,
2026-03-27T07:35:16.719464-04:00,vsin_dk,draftkings,mlb,mlb_20260326_chicago_white_sox_milwaukee_brewers,Mar 26,,Chicago White Sox,Milwaukee Brewers,163.0,10.0,90.0,18.0,82.0,7.5,47.0,53.0,65.0,35.0,19.0,81.0,12.0,88.0,8.0,18.0,False,True,1,,,,,,,,,,,,
2026-03-27T07:35:16.719464-04:00,vsin_dk,draftkings,mlb,mlb_20260326_washington_nationals_chicago_cubs,Mar 26,,Washington Nationals,Chicago Cubs,169.0,7.0,93.0,16.0,84.0,7.0,59.0,41.0,39.0,61.0,14.0,86.0,12.0,88.0,9.0,20.0,False,True,1,,,,,,,,,,,,
2026-03-27T07:35:16.719464-04:00,vsin_dk,draftkings,mlb,mlb_20260326_minnesota_twins_baltimore_orioles,Mar 26,,Minnesota Twins,Baltimore Orioles,120.0,19.0,81.0,37.0,63.0,8.5,56.0,44.0,64.0,36.0,35.0,65.0,5.0,95.0,18.0,8.0,True,False,1,,,,,,,,,,,,
2026-03-27T07:35:16.719464-04:00,vsin_dk,draftkings,mlb,mlb_20260326_los_angeles_angels_houston_astros,Mar 26,,Los Angeles Angels,Houston Astros,153.0,10.0,90.0,21.0,79.0,8.0,55.0,45.0,47.0,53.0,26.0,74.0,60.0,40.0,11.0,8.0,False,False,1,,,,,,,,,,,,
2026-03-27T07:35:16.719464-04:00,vsin_dk,draftkings,mlb,mlb_20260326_detroit_tigers_san_diego_padres,Mar 26,,Detroit Tigers,San Diego Padres,-126.0,77.0,23.0,73.0,27.0,7.0,44.0,56.0,17.0,83.0,48.0,52.0,64.0,36.0,4.0,27.0,False,True,1,,,,,,,,,,,,
2026-03-27T07:35:16.719464-04:00,vsin_dk,draftkings,mlb,mlb_20260326_boston_red_sox_cincinnati_reds,Mar 26,,Boston Red Sox,Cincinnati Reds,-163.0,83.0,17.0,74.0,26.0,8.0,58.0,42.0,60.0,40.0,67.0,33.0,82.0,18.0,9.0,2.0,False,False,1,,,,,,,,,,,,
2026-03-27T07:35:16.719464-04:00,vsin_dk,draftkings,mlb,mlb_20260326_texas_rangers_philadelphia_phillies,Mar 26,,Texas Rangers,Philadelphia Phillies,144.0,15.0,85.0,37.0,63.0,8.0,50.0,50.0,53.0,47.0,34.0,66.0,22.0,78.0,22.0,3.0,True,False,1,,,,,,,,,,,,
2026-03-27T07:35:16.719464-04:00,vsin_dk,draftkings,mlb,mlb_20260326_tampa_bay_rays_st_louis_cardinals,Mar 26,,Tampa Bay Rays,ST Louis Cardinals,-136.0,65.0,35.0,57.0,43.0,8.0,61.0,39.0,84.0,16.0,36.0,64.0,43.0,57.0,8.0,23.0,False,True,1,,,,,,,,,,,,
2026-03-27T07:35:16.719464-04:00,vsin_dk,draftkings,mlb,mlb_20260326_arizona_diamondbacks_los_angeles_dodgers,Mar 26,,Arizona Diamondbacks,Los Angeles Dodgers,229.0,6.0,94.0,19.0,81.0,9.0,51.0,49.0,58.0,42.0,10.0,90.0,9.0,91.0,13.0,7.0,False,False,1,,,,,,,,,,,,
2026-03-27T07:35:16.719464-04:00,vsin_dk,draftkings,mlb,mlb_20260326_cleveland_guardians_seattle_mariners,Mar 26,,Cleveland Guardians,Seattle Mariners,153.0,18.0,82.0,39.0,61.0,6.5,69.0,31.0,56.0,44.0,34.0,66.0,23.0,77.0,21.0,13.0,True,False,1,,,,,,,,,,,,
2026-03-27T07:35:16.719464-04:00,vsin_dk,draftkings,mlb,mlb_20260327_new_york_yankees_san_francisco_giants,Mar 27,,New York Yankees,San Francisco Giants,-131.0,82.0,18.0,73.0,27.0,7.5,82.0,18.0,71.0,29.0,79.0,21.0,84.0,16.0,9.0,11.0,False,False,1,,,,,,,,,,,,
2026-03-27T07:35:16.719464-04:00,vsin_dk,draftkings,mlb,mlb_20260327_athletics_toronto_blue_jays,Mar 27,,Athletics,Toronto Blue Jays,144.0,12.0,88.0,39.0,61.0,8.5,59.0,41.0,34.0,66.0,17.0,83.0,22.0,78.0,27.0,25.0,True,True,1,,,,,,,,,,,,
2026-03-27T07:35:16.719464-04:00,vsin_dk,draftkings,mlb,mlb_20260327_colorado_rockies_miami_marlins,Mar 27,,Colorado Rockies,Miami Marlins,163.0,16.0,84.0,46.0,54.0,7.5,75.0,25.0,94.0,6.0,23.0,77.0,35.0,65.0,30.0,19.0,True,True,1,,,,,,,,,,,,
2026-03-27T07:35:16.719464-04:00,vsin_dk,draftkings,mlb,mlb_20260327_kansas_city_royals_atlanta_braves,Mar 27,,Kansas City Royals,Atlanta Braves,119.0,22.0,78.0,41.0,59.0,7.5,63.0,37.0,56.0,44.0,35.0,65.0,22.0,78.0,19.0,7.0,True,False,1,,,,,,,,,,,,
2026-03-27T07:35:16.719464-04:00,vsin_dk,draftkings,mlb,mlb_20260327_los_angeles_angels_houston_astros,Mar 27,,Los Angeles Angels,Houston Astros,135.0,22.0,78.0,27.0,73.0,8.5,54.0,46.0,25.0,75.0,35.0,65.0,8.0,92.0,5.0,29.0,False,True,1,,,,,,,,,,,,
2026-03-27T07:35:16.719464-04:00,vsin_dk,draftkings,mlb,mlb_20260327_detroit_tigers_san_diego_padres,Mar 27,,Detroit Tigers,San Diego Padres,104.0,62.0,38.0,75.0,25.0,7.5,70.0,30.0,65.0,35.0,49.0,51.0,34.0,66.0,13.0,5.0,False,False,1,,,,,,,,,,,,
2026-03-27T07:35:16.719464-04:00,vsin_dk,draftkings,mlb,mlb_20260327_cleveland_guardians_seattle_mariners,Mar 27,,Cleveland Guardians,Seattle Mariners,141.0,23.0,77.0,19.0,81.0,7.0,67.0,33.0,21.0,79.0,35.0,65.0,7.0,93.0,4.0,46.0,False,True,1,,,,,,,,,,,,
2026-03-27T07:35:16.719464-04:00,vsin_dk,draftkings,mlb,mlb_20260327_arizona_diamondbacks_los_angeles_dodgers,Mar 27,,Arizona Diamondbacks,Los Angeles Dodgers,194.0,10.0,90.0,39.0,61.0,8.5,79.0,21.0,85.0,15.0,13.0,87.0,25.0,75.0,29.0,6.0,True,False,1,,,,,,,,,,,,
2026-03-27T07:35:37.012613-04:00,vsin_circa,circa,mlb,mlb_20260326_pittsburgh_pirates_new_york_mets,Mar 26,,Pittsburgh Pirates,New York Mets,105.0,59.0,41.0,23.0,77.0,7.0,11.0,89.0,29.0,71.0,43.0,57.0,67.0,33.0,36.0,18.0,True,True,1,,,,,,,,,,,,
2026-03-27T07:35:37.012613-04:00,vsin_circa,circa,mlb,mlb_20260326_chicago_white_sox_milwaukee_brewers,Mar 26,,Chicago White Sox,Milwaukee Brewers,168.0,52.0,48.0,7.0,93.0,7.5,33.0,67.0,45.0,55.0,,100.0,,100.0,45.0,12.0,True,False,1,,,,,,,,,,,,
2026-03-27T07:35:37.012613-04:00,vsin_circa,circa,mlb,mlb_20260326_washington_nationals_chicago_cubs,Mar 26,,Washington Nationals,Chicago Cubs,178.0,27.0,73.0,19.0,81.0,7.0,29.0,71.0,6.0,94.0,14.0,86.0,86.0,14.0,8.0,23.0,False,True,1,,,,,,,,,,,,
2026-03-27T07:35:37.012613-04:00,vsin_circa,circa,mlb,mlb_20260326_minnesota_twins_baltimore_orioles,Mar 26,,Minnesota Twins,Baltimore Orioles,126.0,45.0,55.0,11.0,89.0,8.5,72.0,28.0,86.0,14.0,38.0,63.0,85.0,15.0,34.0,14.0,True,False,1,,,,,,,,,,,,
2026-03-27T07:35:37.012613-04:00,vsin_circa,circa,mlb,mlb_20260326_los_angeles_angels_houston_astros,Mar 26,,Los Angeles Angels,Houston Astros,160.0,61.0,39.0,75.0,25.0,8.0,17.0,83.0,2.0,98.0,25.0,75.0,94.0,6.0,14.0,15.0,False,True,1,,,,,,,,,,,,
2026-03-27T07:35:37.012613-04:00,vsin_circa,circa,mlb,mlb_20260326_detroit_tigers_san_diego_padres,Mar 26,,Detroit Tigers,San Diego Padres,-120.0,62.0,38.0,42.0,58.0,7.0,44.0,56.0,36.0,64.0,50.0,50.0,27.0,73.0,20.0,8.0,True,False,1,,,,,,,,,,,,
2026-03-27T07:35:37.012613-04:00,vsin_circa,circa,mlb,mlb_20260326_boston_red_sox_cincinnati_reds,Mar 26,,Boston Red Sox,Cincinnati Reds,-152.0,44.0,56.0,85.0,15.0,8.0,25.0,75.0,20.0,80.0,71.0,29.0,99.0,1.0,41.0,5.0,True,False,1,,,,,,,,,,,,
2026-03-27T07:35:37.012613-04:00,vsin_circa,circa,mlb,mlb_20260326_texas_rangers_philadelphia_phillies,Mar 26,,Texas Rangers,Philadelphia Phillies,142.0,47.0,53.0,13.0,87.0,8.0,56.0,44.0,59.0,41.0,,100.0,,100.0,34.0,3.0,True,False,1,,,,,,,,,,,,
2026-03-27T07:35:37.012613-04:00,vsin_circa,circa,mlb,mlb_20260326_tampa_bay_rays_st_louis_cardinals,Mar 26,,Tampa Bay Rays,ST Louis Cardinals,-128.0,66.0,34.0,93.0,7.0,8.0,57.0,43.0,21.0,79.0,40.0,60.0,100.0,,27.0,36.0,True,True,1,,,,,,,,,,,,
2026-03-27T07:35:37.012613-04:00,vsin_circa,circa,mlb,mlb_20260326_arizona_diamondbacks_los_angeles_dodgers,Mar 26,,Arizona Diamondbacks,Los Angeles Dodgers,250.0,59.0,41.0,2.0,98.0,9.0,44.0,56.0,14.0,86.0,24.0,76.0,18.0,82.0,57.0,30.0,True,True,1,,,,,,,,,,,,
2026-03-27T07:35:37.012613-04:00,vsin_circa,circa,mlb,mlb_20260326_cleveland_guardians_seattle_mariners,Mar 26,,Cleveland Guardians,Seattle Mariners,157.0,45.0,55.0,35.0,65.0,6.5,43.0,57.0,62.0,38.0,33.0,67.0,24.0,76.0,10.0,19.0,False,True,1,,,,,,,,,,,,
2026-03-27T07:35:37.012613-04:00,vsin_circa,circa,mlb,mlb_20260327_new_york_yankees_san_francisco_giants,Mar 27,,New York Yankees,San Francisco Giants,-122.0,77.0,23.0,90.0,10.0,7.5,100.0,,100.0,,67.0,33.0,94.0,6.0,13.0,0.0,False,False,1,,,,,,,,,,,,
2026-03-27T07:35:37.012613-04:00,vsin_circa,circa,mlb,mlb_20260327_athletics_toronto_blue_jays,Mar 27,,Athletics,Toronto Blue Jays,149.0,47.0,53.0,8.0,92.0,8.5,100.0,,100.0,,,100.0,,100.0,39.0,0.0,True,False,1,,,,,,,,,,,,
2026-03-27T07:35:37.012613-04:00,vsin_circa,circa,mlb,mlb_20260327_colorado_rockies_miami_marlins,Mar 27,,Colorado Rockies,Miami Marlins,167.0,50.0,50.0,2.0,98.0,7.5,100.0,,100.0,,50.0,50.0,58.0,42.0,48.0,0.0,True,False,1,,,,,,,,,,,,
2026-03-27T07:35:37.012613-04:00,vsin_circa,circa,mlb,mlb_20260327_kansas_city_royals_atlanta_braves,Mar 27,,Kansas City Royals,Atlanta Braves,123.0,50.0,50.0,32.0,68.0,7.5,33.0,67.0,98.0,2.0,50.0,50.0,50.0,50.0,18.0,65.0,True,True,1,,,,,,,,,,,,
2026-03-27T07:35:37.012613-04:00,vsin_circa,circa,mlb,mlb_20260327_los_angeles_angels_houston_astros,Mar 27,,Los Angeles Angels,Houston Astros,142.0,67.0,33.0,42.0,58.0,8.5,,100.0,,100.0,50.0,50.0,50.0,50.0,25.0,,True,,1,,,,,,,,,,,,
2026-03-27T07:35:37.012613-04:00,vsin_circa,circa,mlb,mlb_20260327_detroit_tigers_san_diego_padres,Mar 27,,Detroit Tigers,San Diego Padres,108.0,75.0,25.0,97.0,3.0,7.5,,100.0,,100.0,50.0,50.0,50.0,50.0,22.0,,True,,1,,,,,,,,,,,,
2026-03-27T07:35:37.012613-04:00,vsin_circa,circa,mlb,mlb_20260327_cleveland_guardians_seattle_mariners,Mar 27,,Cleveland Guardians,Seattle Mariners,148.0,78.0,22.0,48.0,52.0,7.5,,100.0,,100.0,,100.0,,100.0,30.0,,True,,1,,,,,,,,,,,,
2026-03-27T07:35:37.012613-04:00,vsin_circa,circa,mlb,mlb_20260327_arizona_diamondbacks_los_angeles_dodgers,Mar 27,,Arizona Diamondbacks,Los Angeles Dodgers,191.0,60.0,40.0,4.0,96.0,8.5,100.0,,100.0,,,100.0,,100.0,56.0,0.0,True,False,1,,,,,,,,,,,,
2026-03-27T08:04:49.880580-04:00,vsin_dk,draftkings,mlb,mlb_20260327_new_york_yankees_san_francisco_giants,Mar 27,,New York Yankees,San Francisco Giants,-131.0,82.0,18.0,73.0,27.0,7.5,83.0,17.0,72.0,28.0,79.0,21.0,83.0,17.0,9.0,11.0,False,False,1,,,,,,,,,,,,
2026-03-27T08:04:49.880580-04:00,vsin_dk,draftkings,mlb,mlb_20260327_athletics_toronto_blue_jays,Mar 27,,Athletics,Toronto Blue Jays,144.0,12.0,88.0,38.0,62.0,8.5,59.0,41.0,35.0,65.0,18.0,82.0,22.0,78.0,26.0,24.0,True,True,1,,,,,,,,,,,,
2026-03-27T08:04:49.880580-04:00,vsin_dk,draftkings,mlb,mlb_20260327_colorado_rockies_miami_marlins,Mar 27,,Colorado Rockies,Miami Marlins,163.0,16.0,84.0,44.0,56.0,7.5,75.0,25.0,94.0,6.0,23.0,77.0,33.0,67.0,28.0,19.0,True,True,1,,,,,,,,,,,,
2026-03-27T08:04:49.880580-04:00,vsin_dk,draftkings,mlb,mlb_20260327_kansas_city_royals_atlanta_braves,Mar 27,,Kansas City Royals,Atlanta Braves,119.0,22.0,78.0,41.0,59.0,7.5,63.0,37.0,56.0,44.0,34.0,66.0,21.0,79.0,19.0,7.0,True,False,1,,,,,,,,,,,,
2026-03-27T08:04:49.880580-04:00,vsin_dk,draftkings,mlb,mlb_20260327_los_angeles_angels_houston_astros,Mar 27,,Los Angeles Angels,Houston Astros,135.0,22.0,78.0,27.0,73.0,8.5,54.0,46.0,28.0,72.0,35.0,65.0,8.0,92.0,5.0,26.0,False,True,1,,,,,,,,,,,,
2026-03-27T08:04:49.880580-04:00,vsin_dk,draftkings,mlb,mlb_20260327_detroit_tigers_san_diego_padres,Mar 27,,Detroit Tigers,San Diego Padres,104.0,62.0,38.0,75.0,25.0,7.5,69.0,31.0,58.0,42.0,49.0,51.0,35.0,65.0,13.0,11.0,False,False,1,,,,,,,,,,,,
2026-03-27T08:04:49.880580-04:00,vsin_dk,draftkings,mlb,mlb_20260327_cleveland_guardians_seattle_mariners,Mar 27,,Cleveland Guardians,Seattle Mariners,141.0,22.0,78.0,19.0,81.0,7.0,67.0,33.0,22.0,78.0,36.0,64.0,7.0,93.0,3.0,45.0,False,True,1,,,,,,,,,,,,
2026-03-27T08:04:49.880580-04:00,vsin_dk,draftkings,mlb,mlb_20260327_arizona_diamondbacks_los_angeles_dodgers,Mar 27,,Arizona Diamondbacks,Los Angeles Dodgers,194.0,9.0,91.0,39.0,61.0,8.5,79.0,21.0,85.0,15.0,12.0,88.0,26.0,74.0,30.0,6.0,True,False,1,,,,,,,,,,,,
2026-03-27T08:05:08.784426-04:00,vsin_circa,circa,mlb,mlb_20260327_new_york_yankees_san_francisco_giants,Mar 27,,New York Yankees,San Francisco Giants,-128.0,77.0,23.0,90.0,10.0,7.5,100.0,,100.0,,67.0,33.0,94.0,6.0,13.0,0.0,False,False,1,,,,,,,,,,,,
2026-03-27T08:05:08.784426-04:00,vsin_circa,circa,mlb,mlb_20260327_athletics_toronto_blue_jays,Mar 27,,Athletics,Toronto Blue Jays,149.0,47.0,53.0,8.0,92.0,8.5,100.0,,100.0,,,100.0,,100.0,39.0,0.0,True,False,1,,,,,,,,,,,,
2026-03-27T08:05:08.784426-04:00,vsin_circa,circa,mlb,mlb_20260327_colorado_rockies_miami_marlins,Mar 27,,Colorado Rockies,Miami Marlins,167.0,50.0,50.0,2.0,98.0,7.5,100.0,,100.0,,50.0,50.0,58.0,42.0,48.0,0.0,True,False,1,,,,,,,,,,,,
2026-03-27T08:05:08.784426-04:00,vsin_circa,circa,mlb,mlb_20260327_kansas_city_royals_atlanta_braves,Mar 27,,Kansas City Royals,Atlanta Braves,123.0,50.0,50.0,32.0,68.0,7.5,33.0,67.0,98.0,2.0,50.0,50.0,50.0,50.0,18.0,65.0,True,True,1,,,,,,,,,,,,
2026-03-27T08:05:08.784426-04:00,vsin_circa,circa,mlb,mlb_20260327_los_angeles_angels_houston_astros,Mar 27,,Los Angeles Angels,Houston Astros,142.0,67.0,33.0,42.0,58.0,8.5,,100.0,,100.0,50.0,50.0,50.0,50.0,25.0,,True,,1,,,,,,,,,,,,
2026-03-27T08:05:08.784426-04:00,vsin_circa,circa,mlb,mlb_20260327_detroit_tigers_san_diego_padres,Mar 27,,Detroit Tigers,San Diego Padres,108.0,75.0,25.0,97.0,3.0,7.5,,100.0,,100.0,50.0,50.0,50.0,50.0,22.0,,True,,1,,,,,,,,,,,,
2026-03-27T08:05:08.784426-04:00,vsin_circa,circa,mlb,mlb_20260327_cleveland_guardians_seattle_mariners,Mar 27,,Cleveland Guardians,Seattle Mariners,148.0,78.0,22.0,48.0,52.0,7.5,,100.0,,100.0,,100.0,,100.0,30.0,,True,,1,,,,,,,,,,,,
2026-03-27T08:05:08.784426-04:00,vsin_circa,circa,mlb,mlb_20260327_arizona_diamondbacks_los_angeles_dodgers,Mar 27,,Arizona Diamondbacks,Los Angeles Dodgers,191.0,60.0,40.0,4.0,96.0,8.5,100.0,,100.0,,,100.0,,100.0,56.0,0.0,True,False,1,,,,,,,,,,,,
2026-03-27T08:35:45.419623-04:00,vsin_dk,draftkings,mlb,mlb_20260327_new_york_yankees_san_francisco_giants,Mar 27,,New York Yankees,San Francisco Giants,-131.0,82.0,18.0,73.0,27.0,7.5,83.0,17.0,72.0,28.0,79.0,21.0,83.0,17.0,9.0,11.0,False,False,1,,,,,,,,,,,,
2026-03-27T08:35:45.419623-04:00,vsin_dk,draftkings,mlb,mlb_20260327_athletics_toronto_blue_jays,Mar 27,,Athletics,Toronto Blue Jays,144.0,12.0,88.0,37.0,63.0,8.5,59.0,41.0,36.0,64.0,18.0,82.0,25.0,75.0,25.0,23.0,True,True,1,,,,,,,,,,,,
2026-03-27T08:35:45.419623-04:00,vsin_dk,draftkings,mlb,mlb_20260327_colorado_rockies_miami_marlins,Mar 27,,Colorado Rockies,Miami Marlins,163.0,16.0,84.0,43.0,57.0,7.5,75.0,25.0,92.0,8.0,22.0,78.0,31.0,69.0,27.0,17.0,True,True,1,,,,,,,,,,,,
2026-03-27T08:35:45.419623-04:00,vsin_dk,draftkings,mlb,mlb_20260327_kansas_city_royals_atlanta_braves,Mar 27,,Kansas City Royals,Atlanta Braves,119.0,21.0,79.0,40.0,60.0,7.5,62.0,38.0,54.0,46.0,35.0,65.0,21.0,79.0,19.0,8.0,True,False,1,,,,,,,,,,,,
2026-03-27T08:35:45.419623-04:00,vsin_dk,draftkings,mlb,mlb_20260327_los_angeles_angels_houston_astros,Mar 27,,Los Angeles Angels,Houston Astros,135.0,21.0,79.0,25.0,75.0,8.5,54.0,46.0,33.0,67.0,36.0,64.0,8.0,92.0,4.0,21.0,False,True,1,,,,,,,,,,,,
2026-03-27T08:35:45.419623-04:00,vsin_dk,draftkings,mlb,mlb_20260327_detroit_tigers_san_diego_padres,Mar 27,,Detroit Tigers,San Diego Padres,104.0,63.0,37.0,75.0,25.0,7.5,68.0,32.0,48.0,52.0,48.0,52.0,36.0,64.0,12.0,20.0,False,True,1,,,,,,,,,,,,
2026-03-27T08:35:45.419623-04:00,vsin_dk,draftkings,mlb,mlb_20260327_cleveland_guardians_seattle_mariners,Mar 27,,Cleveland Guardians,Seattle Mariners,141.0,22.0,78.0,19.0,81.0,7.0,68.0,32.0,23.0,77.0,36.0,64.0,8.0,92.0,3.0,45.0,False,True,1,,,,,,,,,,,,
2026-03-27T08:35:45.419623-04:00,vsin_dk,draftkings,mlb,mlb_20260327_arizona_diamondbacks_los_angeles_dodgers,Mar 27,,Arizona Diamondbacks,Los Angeles Dodgers,203.0,9.0,91.0,41.0,59.0,8.5,79.0,21.0,85.0,15.0,12.0,88.0,25.0,75.0,32.0,6.0,True,False,1,,,,,,,,,,,,
2026-03-27T08:36:11.717846-04:00,vsin_circa,circa,mlb,mlb_20260327_new_york_yankees_san_francisco_giants,Mar 27,,New York Yankees,San Francisco Giants,-128.0,71.0,29.0,66.0,34.0,7.5,100.0,,100.0,,67.0,33.0,94.0,6.0,5.0,0.0,False,False,1,,,,,,,,,,,,
2026-03-27T08:36:11.717846-04:00,vsin_circa,circa,mlb,mlb_20260327_athletics_toronto_blue_jays,Mar 27,,Athletics,Toronto Blue Jays,149.0,47.0,53.0,8.0,92.0,8.5,100.0,,100.0,,,100.0,,100.0,39.0,0.0,True,False,1,,,,,,,,,,,,
2026-03-27T08:36:11.717846-04:00,vsin_circa,circa,mlb,mlb_20260327_colorado_rockies_miami_marlins,Mar 27,,Colorado Rockies,Miami Marlins,167.0,50.0,50.0,2.0,98.0,7.5,100.0,,100.0,,50.0,50.0,58.0,42.0,48.0,0.0,True,False,1,,,,,,,,,,,,
2026-03-27T08:36:11.717846-04:00,vsin_circa,circa,mlb,mlb_20260327_kansas_city_royals_atlanta_braves,Mar 27,,Kansas City Royals,Atlanta Braves,123.0,50.0,50.0,32.0,68.0,7.5,33.0,67.0,98.0,2.0,50.0,50.0,50.0,50.0,18.0,65.0,True,True,1,,,,,,,,,,,,
2026-03-27T08:36:11.717846-04:00,vsin_circa,circa,mlb,mlb_20260327_los_angeles_angels_houston_astros,Mar 27,,Los Angeles Angels,Houston Astros,142.0,67.0,33.0,42.0,58.0,8.5,,100.0,,100.0,50.0,50.0,50.0,50.0,25.0,,True,,1,,,,,,,,,,,,
2026-03-27T08:36:11.717846-04:00,vsin_circa,circa,mlb,mlb_20260327_detroit_tigers_san_diego_padres,Mar 27,,Detroit Tigers,San Diego Padres,108.0,75.0,25.0,97.0,3.0,7.5,,100.0,,100.0,50.0,50.0,50.0,50.0,22.0,,True,,1,,,,,,,,,,,,
2026-03-27T08:36:11.717846-04:00,vsin_circa,circa,mlb,mlb_20260327_cleveland_guardians_seattle_mariners,Mar 27,,Cleveland Guardians,Seattle Mariners,148.0,78.0,22.0,48.0,52.0,7.5,,100.0,,100.0,,100.0,,100.0,30.0,,True,,1,,,,,,,,,,,,
2026-03-27T08:36:11.717846-04:00,vsin_circa,circa,mlb,mlb_20260327_arizona_diamondbacks_los_angeles_dodgers,Mar 27,,Arizona Diamondbacks,Los Angeles Dodgers,212.0,60.0,40.0,4.0,96.0,8.5,100.0,,100.0,,,100.0,,100.0,56.0,0.0,True,False,1,,,,,,,,,,,,
2026-03-27T09:05:49.289611-04:00,vsin_dk,draftkings,mlb,mlb_20260327_new_york_yankees_san_francisco_giants,Mar 27,,New York Yankees,San Francisco Giants,-131.0,82.0,18.0,74.0,26.0,7.5,83.0,17.0,73.0,27.0,79.0,21.0,84.0,16.0,8.0,10.0,False,False,1,,,,,,,,,,,,
2026-03-27T09:05:49.289611-04:00,vsin_dk,draftkings,mlb,mlb_20260327_athletics_toronto_blue_jays,Mar 27,,Athletics,Toronto Blue Jays,149.0,12.0,88.0,36.0,64.0,8.5,60.0,40.0,36.0,64.0,18.0,82.0,26.0,74.0,24.0,24.0,True,True,1,,,,,,,,,,,,
2026-03-27T09:05:49.289611-04:00,vsin_dk,draftkings,mlb,mlb_20260327_colorado_rockies_miami_marlins,Mar 27,,Colorado Rockies,Miami Marlins,163.0,16.0,84.0,43.0,57.0,7.5,76.0,24.0,93.0,7.0,22.0,78.0,30.0,70.0,27.0,17.0,True,True,1,,,,,,,,,,,,
2026-03-27T09:05:49.289611-04:00,vsin_dk,draftkings,mlb,mlb_20260327_kansas_city_royals_atlanta_braves,Mar 27,,Kansas City Royals,Atlanta Braves,119.0,21.0,79.0,38.0,62.0,7.5,62.0,38.0,54.0,46.0,34.0,66.0,23.0,77.0,17.0,8.0,True,False,1,,,,,,,,,,,,
2026-03-27T09:05:49.289611-04:00,vsin_dk,draftkings,mlb,mlb_20260327_los_angeles_angels_houston_astros,Mar 27,,Los Angeles Angels,Houston Astros,135.0,21.0,79.0,26.0,74.0,8.5,54.0,46.0,37.0,63.0,36.0,64.0,8.0,92.0,5.0,17.0,False,True,1,,,,,,,,,,,,
2026-03-27T09:05:49.289611-04:00,vsin_dk,draftkings,mlb,mlb_20260327_detroit_tigers_san_diego_padres,Mar 27,,Detroit Tigers,San Diego Padres,104.0,63.0,37.0,74.0,26.0,7.5,68.0,32.0,44.0,56.0,48.0,52.0,36.0,64.0,11.0,24.0,False,True,1,,,,,,,,,,,,
2026-03-27T09:05:49.289611-04:00,vsin_dk,draftkings,mlb,mlb_20260327_cleveland_guardians_seattle_mariners,Mar 27,,Cleveland Guardians,Seattle Mariners,141.0,22.0,78.0,20.0,80.0,7.0,68.0,32.0,24.0,76.0,36.0,64.0,8.0,92.0,2.0,44.0,False,True,1,,,,,,,,,,,,
2026-03-27T09:05:49.289611-04:00,vsin_dk,draftkings,mlb,mlb_20260327_arizona_diamondbacks_los_angeles_dodgers,Mar 27,,Arizona Diamondbacks,Los Angeles Dodgers,203.0,9.0,91.0,40.0,60.0,8.5,79.0,21.0,83.0,17.0,11.0,89.0,24.0,76.0,31.0,4.0,True,False,1,,,,,,,,,,,,
2026-03-27T09:06:14.145763-04:00,vsin_circa,circa,mlb,mlb_20260327_new_york_yankees_san_francisco_giants,Mar 27,,New York Yankees,San Francisco Giants,-128.0,71.0,29.0,66.0,34.0,7.5,100.0,,100.0,,67.0,33.0,94.0,6.0,5.0,0.0,False,False,1,,,,,,,,,,,,
2026-03-27T09:06:14.145763-04:00,vsin_circa,circa,mlb,mlb_20260327_athletics_toronto_blue_jays,Mar 27,,Athletics,Toronto Blue Jays,149.0,44.0,56.0,8.0,92.0,8.5,100.0,,100.0,,,100.0,,100.0,36.0,0.0,True,False,1,,,,,,,,,,,,
2026-03-27T09:06:14.145763-04:00,vsin_circa,circa,mlb,mlb_20260327_colorado_rockies_miami_marlins,Mar 27,,Colorado Rockies,Miami Marlins,167.0,50.0,50.0,2.0,98.0,7.5,100.0,,100.0,,50.0,50.0,58.0,42.0,48.0,0.0,True,False,1,,,,,,,,,,,,
2026-03-27T09:06:14.145763-04:00,vsin_circa,circa,mlb,mlb_20260327_kansas_city_royals_atlanta_braves,Mar 27,,Kansas City Royals,Atlanta Braves,123.0,50.0,50.0,32.0,68.0,7.5,33.0,67.0,98.0,2.0,50.0,50.0,50.0,50.0,18.0,65.0,True,True,1,,,,,,,,,,,,
2026-03-27T09:06:14.145763-04:00,vsin_circa,circa,mlb,mlb_20260327_los_angeles_angels_houston_astros,Mar 27,,Los Angeles Angels,Houston Astros,142.0,67.0,33.0,42.0,58.0,8.5,,100.0,,100.0,50.0,50.0,50.0,50.0,25.0,,True,,1,,,,,,,,,,,,
2026-03-27T09:06:14.145763-04:00,vsin_circa,circa,mlb,mlb_20260327_detroit_tigers_san_diego_padres,Mar 27,,Detroit Tigers,San Diego Padres,108.0,75.0,25.0,97.0,3.0,7.5,,100.0,,100.0,50.0,50.0,50.0,50.0,22.0,,True,,1,,,,,,,,,,,,
2026-03-27T09:06:14.145763-04:00,vsin_circa,circa,mlb,mlb_20260327_cleveland_guardians_seattle_mariners,Mar 27,,Cleveland Guardians,Seattle Mariners,148.0,78.0,22.0,48.0,52.0,7.0,,100.0,,100.0,,100.0,,100.0,30.0,,True,,1,,,,,,,,,,,,
2026-03-27T09:06:14.145763-04:00,vsin_circa,circa,mlb,mlb_20260327_arizona_diamondbacks_los_angeles_dodgers,Mar 27,,Arizona Diamondbacks,Los Angeles Dodgers,212.0,60.0,40.0,4.0,96.0,8.5,100.0,,100.0,,,100.0,,100.0,56.0,0.0,True,False,1,,,,,,,,,,,,
2026-03-27T09:35:21.620303-04:00,vsin_dk,draftkings,mlb,mlb_20260327_new_york_yankees_san_francisco_giants,Mar 27,,New York Yankees,San Francisco Giants,-131.0,82.0,18.0,74.0,26.0,8.0,83.0,17.0,72.0,28.0,79.0,21.0,85.0,15.0,8.0,11.0,False,False,1,,,,,,,,,,,,
2026-03-27T09:35:21.620303-04:00,vsin_dk,draftkings,mlb,mlb_20260327_athletics_toronto_blue_jays,Mar 27,,Athletics,Toronto Blue Jays,144.0,12.0,88.0,40.0,60.0,8.5,60.0,40.0,36.0,64.0,18.0,82.0,25.0,75.0,28.0,24.0,True,True,1,,,,,,,,,,,,
2026-03-27T09:35:21.620303-04:00,vsin_dk,draftkings,mlb,mlb_20260327_colorado_rockies_miami_marlins,Mar 27,,Colorado Rockies,Miami Marlins,163.0,16.0,84.0,42.0,58.0,7.5,77.0,23.0,92.0,8.0,22.0,78.0,33.0,67.0,26.0,15.0,True,True,1,,,,,,,,,,,,
2026-03-27T09:35:21.620303-04:00,vsin_dk,draftkings,mlb,mlb_20260327_kansas_city_royals_atlanta_braves,Mar 27,,Kansas City Royals,Atlanta Braves,119.0,22.0,78.0,38.0,62.0,7.5,62.0,38.0,55.0,45.0,34.0,66.0,25.0,75.0,16.0,7.0,True,False,1,,,,,,,,,,,,
2026-03-27T09:35:21.620303-04:00,vsin_dk,draftkings,mlb,mlb_20260327_los_angeles_angels_houston_astros,Mar 27,,Los Angeles Angels,Houston Astros,135.0,21.0,79.0,29.0,71.0,8.5,54.0,46.0,38.0,62.0,36.0,64.0,8.0,92.0,8.0,16.0,False,True,1,,,,,,,,,,,,
2026-03-27T09:35:21.620303-04:00,vsin_dk,draftkings,mlb,mlb_20260327_detroit_tigers_san_diego_padres,Mar 27,,Detroit Tigers,San Diego Padres,104.0,63.0,37.0,75.0,25.0,7.5,67.0,33.0,42.0,58.0,47.0,53.0,32.0,68.0,12.0,25.0,False,True,1,,,,,,,,,,,,
2026-03-27T09:35:21.620303-04:00,vsin_dk,draftkings,mlb,mlb_20260327_cleveland_guardians_seattle_mariners,Mar 27,,Cleveland Guardians,Seattle Mariners,144.0,22.0,78.0,21.0,79.0,7.0,67.0,33.0,24.0,76.0,36.0,64.0,10.0,90.0,1.0,43.0,False,True,1,,,,,,,,,,,,
2026-03-27T09:35:21.620303-04:00,vsin_dk,draftkings,mlb,mlb_20260327_arizona_diamondbacks_los_angeles_dodgers,Mar 27,,Arizona Diamondbacks,Los Angeles Dodgers,203.0,9.0,91.0,45.0,55.0,8.5,80.0,20.0,83.0,17.0,11.0,89.0,23.0,77.0,36.0,3.0,True,False,1,,,,,,,,,,,,
2026-03-27T09:35:42.274884-04:00,vsin_circa,circa,mlb,mlb_20260327_new_york_yankees_san_francisco_giants,Mar 27,,New York Yankees,San Francisco Giants,-128.0,73.0,27.0,68.0,32.0,8.0,100.0,,100.0,,67.0,33.0,94.0,6.0,5.0,0.0,False,False,1,,,,,,,,,,,,
2026-03-27T09:35:42.274884-04:00,vsin_circa,circa,mlb,mlb_20260327_athletics_toronto_blue_jays,Mar 27,,Athletics,Toronto Blue Jays,149.0,47.0,53.0,23.0,77.0,8.5,100.0,,100.0,,,100.0,,100.0,24.0,0.0,True,False,1,,,,,,,,,,,,
2026-03-27T09:35:42.274884-04:00,vsin_circa,circa,mlb,mlb_20260327_colorado_rockies_miami_marlins,Mar 27,,Colorado Rockies,Miami Marlins,167.0,50.0,50.0,2.0,98.0,7.5,100.0,,100.0,,50.0,50.0,58.0,42.0,48.0,0.0,True,False,1,,,,,,,,,,,,
2026-03-27T09:35:42.274884-04:00,vsin_circa,circa,mlb,mlb_20260327_kansas_city_royals_atlanta_braves,Mar 27,,Kansas City Royals,Atlanta Braves,123.0,50.0,50.0,32.0,68.0,7.5,33.0,67.0,98.0,2.0,50.0,50.0,50.0,50.0,18.0,65.0,True,True,1,,,,,,,,,,,,
2026-03-27T09:35:42.274884-04:00,vsin_circa,circa,mlb,mlb_20260327_los_angeles_angels_houston_astros,Mar 27,,Los Angeles Angels,Houston Astros,142.0,67.0,33.0,42.0,58.0,8.5,,100.0,,100.0,50.0,50.0,50.0,50.0,25.0,,True,,1,,,,,,,,,,,,
2026-03-27T09:35:42.274884-04:00,vsin_circa,circa,mlb,mlb_20260327_detroit_tigers_san_diego_padres,Mar 27,,Detroit Tigers,San Diego Padres,108.0,75.0,25.0,97.0,3.0,7.5,,100.0,,100.0,50.0,50.0,50.0,50.0,22.0,,True,,1,,,,,,,,,,,,
2026-03-27T09:35:42.274884-04:00,vsin_circa,circa,mlb,mlb_20260327_cleveland_guardians_seattle_mariners,Mar 27,,Cleveland Guardians,Seattle Mariners,148.0,78.0,22.0,48.0,52.0,7.0,,100.0,,100.0,,100.0,,100.0,30.0,,True,,1,,,,,,,,,,,,
2026-03-27T09:35:42.274884-04:00,vsin_circa,circa,mlb,mlb_20260327_arizona_diamondbacks_los_angeles_dodgers,Mar 27,,Arizona Diamondbacks,Los Angeles Dodgers,212.0,60.0,40.0,4.0,96.0,8.5,100.0,,100.0,,,100.0,,100.0,56.0,0.0,True,False,1,,,,,,,,,,,,
2026-03-27T10:05:16.981511-04:00,vsin_dk,draftkings,mlb,mlb_20260327_new_york_yankees_san_francisco_giants,Mar 27,,New York Yankees,San Francisco Giants,-131.0,82.0,18.0,75.0,25.0,8.0,83.0,17.0,72.0,28.0,79.0,21.0,84.0,16.0,7.0,11.0,False,False,1,,,,,,,,,,,,
2026-03-27T10:05:16.981511-04:00,vsin_dk,draftkings,mlb,mlb_20260327_athletics_toronto_blue_jays,Mar 27,,Athletics,Toronto Blue Jays,144.0,12.0,88.0,40.0,60.0,8.5,60.0,40.0,36.0,64.0,18.0,82.0,23.0,77.0,28.0,24.0,True,True,1,,,,,,,,,,,,
2026-03-27T10:05:16.981511-04:00,vsin_dk,draftkings,mlb,mlb_20260327_colorado_rockies_miami_marlins,Mar 27,,Colorado Rockies,Miami Marlins,163.0,16.0,84.0,41.0,59.0,7.5,76.0,24.0,92.0,8.0,22.0,78.0,30.0,70.0,25.0,16.0,True,True,1,,,,,,,,,,,,
2026-03-27T10:05:16.981511-04:00,vsin_dk,draftkings,mlb,mlb_20260327_kansas_city_royals_atlanta_braves,Mar 27,,Kansas City Royals,Atlanta Braves,119.0,21.0,79.0,38.0,62.0,7.5,60.0,40.0,53.0,47.0,34.0,66.0,25.0,75.0,17.0,7.0,True,False,1,,,,,,,,,,,,
2026-03-27T10:05:16.981511-04:00,vsin_dk,draftkings,mlb,mlb_20260327_los_angeles_angels_houston_astros,Mar 27,,Los Angeles Angels,Houston Astros,135.0,21.0,79.0,29.0,71.0,8.5,56.0,44.0,43.0,57.0,36.0,64.0,19.0,81.0,8.0,13.0,False,False,1,,,,,,,,,,,,
2026-03-27T10:05:16.981511-04:00,vsin_dk,draftkings,mlb,mlb_20260327_detroit_tigers_san_diego_padres,Mar 27,,Detroit Tigers,San Diego Padres,104.0,63.0,37.0,75.0,25.0,7.5,67.0,33.0,41.0,59.0,44.0,56.0,30.0,70.0,12.0,26.0,False,True,1,,,,,,,,,,,,
2026-03-27T10:05:16.981511-04:00,vsin_dk,draftkings,mlb,mlb_20260327_cleveland_guardians_seattle_mariners,Mar 27,,Cleveland Guardians,Seattle Mariners,144.0,22.0,78.0,22.0,78.0,7.0,66.0,34.0,25.0,75.0,37.0,63.0,12.0,88.0,0.0,41.0,False,True,1,,,,,,,,,,,,
2026-03-27T10:05:16.981511-04:00,vsin_dk,draftkings,mlb,mlb_20260327_arizona_diamondbacks_los_angeles_dodgers,Mar 27,,Arizona Diamondbacks,Los Angeles Dodgers,203.0,9.0,91.0,45.0,55.0,8.5,80.0,20.0,85.0,15.0,11.0,89.0,21.0,79.0,36.0,5.0,True,False,1,,,,,,,,,,,,
2026-03-27T10:05:37.352103-04:00,vsin_circa,circa,mlb,mlb_20260327_new_york_yankees_san_francisco_giants,Mar 27,,New York Yankees,San Francisco Giants,-128.0,69.0,31.0,64.0,36.0,8.0,100.0,,100.0,,67.0,33.0,94.0,6.0,5.0,0.0,False,False,1,,,,,,,,,,,,
2026-03-27T10:05:37.352103-04:00,vsin_circa,circa,mlb,mlb_20260327_athletics_toronto_blue_jays,Mar 27,,Athletics,Toronto Blue Jays,149.0,47.0,53.0,23.0,77.0,8.5,100.0,,100.0,,,100.0,,100.0,24.0,0.0,True,False,1,,,,,,,,,,,,
2026-03-27T10:05:37.352103-04:00,vsin_circa,circa,mlb,mlb_20260327_colorado_rockies_miami_marlins,Mar 27,,Colorado Rockies,Miami Marlins,167.0,50.0,50.0,2.0,98.0,7.5,100.0,,100.0,,50.0,50.0,58.0,42.0,48.0,0.0,True,False,1,,,,,,,,,,,,
2026-03-27T10:05:37.352103-04:00,vsin_circa,circa,mlb,mlb_20260327_kansas_city_royals_atlanta_braves,Mar 27,,Kansas City Royals,Atlanta Braves,123.0,50.0,50.0,32.0,68.0,7.5,33.0,67.0,98.0,2.0,50.0,50.0,50.0,50.0,18.0,65.0,True,True,1,,,,,,,,,,,,
2026-03-27T10:05:37.352103-04:00,vsin_circa,circa,mlb,mlb_20260327_los_angeles_angels_houston_astros,Mar 27,,Los Angeles Angels,Houston Astros,142.0,67.0,33.0,42.0,58.0,8.5,,100.0,,100.0,50.0,50.0,50.0,50.0,25.0,,True,,1,,,,,,,,,,,,
2026-03-27T10:05:37.352103-04:00,vsin_circa,circa,mlb,mlb_20260327_detroit_tigers_san_diego_padres,Mar 27,,Detroit Tigers,San Diego Padres,108.0,75.0,25.0,97.0,3.0,7.5,,100.0,,100.0,50.0,50.0,50.0,50.0,22.0,,True,,1,,,,,,,,,,,,
2026-03-27T10:05:37.352103-04:00,vsin_circa,circa,mlb,mlb_20260327_cleveland_guardians_seattle_mariners,Mar 27,,Cleveland Guardians,Seattle Mariners,148.0,70.0,30.0,48.0,52.0,7.0,,100.0,,100.0,,100.0,,100.0,22.0,,True,,1,,,,,,,,,,,,
2026-03-27T10:05:37.352103-04:00,vsin_circa,circa,mlb,mlb_20260327_arizona_diamondbacks_los_angeles_dodgers,Mar 27,,Arizona Diamondbacks,Los Angeles Dodgers,212.0,60.0,40.0,4.0,96.0,8.5,100.0,,100.0,,,100.0,,100.0,56.0,0.0,True,False,1,,,,,,,,,,,,
2026-03-27T10:35:19.631950-04:00,vsin_dk,draftkings,mlb,mlb_20260327_new_york_yankees_san_francisco_giants,Mar 27,,New York Yankees,San Francisco Giants,-136.0,82.0,18.0,75.0,25.0,8.0,82.0,18.0,73.0,27.0,79.0,21.0,84.0,16.0,7.0,9.0,False,False,1,,,,,,,,,,,,
2026-03-27T10:35:19.631950-04:00,vsin_dk,draftkings,mlb,mlb_20260327_athletics_toronto_blue_jays,Mar 27,,Athletics,Toronto Blue Jays,144.0,12.0,88.0,38.0,62.0,8.5,60.0,40.0,37.0,63.0,18.0,82.0,22.0,78.0,26.0,23.0,True,True,1,,,,,,,,,,,,
2026-03-27T10:35:19.631950-04:00,vsin_dk,draftkings,mlb,mlb_20260327_colorado_rockies_miami_marlins,Mar 27,,Colorado Rockies,Miami Marlins,163.0,15.0,85.0,41.0,59.0,8.0,77.0,23.0,92.0,8.0,22.0,78.0,30.0,70.0,26.0,15.0,True,True,1,,,,,,,,,,,,
2026-03-27T10:35:19.631950-04:00,vsin_dk,draftkings,mlb,mlb_20260327_kansas_city_royals_atlanta_braves,Mar 27,,Kansas City Royals,Atlanta Braves,119.0,21.0,79.0,38.0,62.0,7.5,59.0,41.0,55.0,45.0,34.0,66.0,25.0,75.0,17.0,4.0,True,False,1,,,,,,,,,,,,
2026-03-27T10:35:19.631950-04:00,vsin_dk,draftkings,mlb,mlb_20260327_los_angeles_angels_houston_astros,Mar 27,,Los Angeles Angels,Houston Astros,139.0,20.0,80.0,31.0,69.0,8.5,56.0,44.0,44.0,56.0,36.0,64.0,20.0,80.0,11.0,12.0,False,False,1,,,,,,,,,,,,
2026-03-27T10:35:19.631950-04:00,vsin_dk,draftkings,mlb,mlb_20260327_detroit_tigers_san_diego_padres,Mar 27,,Detroit Tigers,San Diego Padres,104.0,63.0,37.0,74.0,26.0,7.5,67.0,33.0,39.0,61.0,43.0,57.0,30.0,70.0,11.0,28.0,False,True,1,,,,,,,,,,,,
2026-03-27T10:35:19.631950-04:00,vsin_dk,draftkings,mlb,mlb_20260327_cleveland_guardians_seattle_mariners,Mar 27,,Cleveland Guardians,Seattle Mariners,144.0,21.0,79.0,24.0,76.0,7.0,65.0,35.0,24.0,76.0,38.0,62.0,13.0,87.0,3.0,41.0,False,True,1,,,,,,,,,,,,
2026-03-27T10:35:19.631950-04:00,vsin_dk,draftkings,mlb,mlb_20260327_arizona_diamondbacks_los_angeles_dodgers,Mar 27,,Arizona Diamondbacks,Los Angeles Dodgers,203.0,9.0,91.0,44.0,56.0,8.5,81.0,19.0,85.0,15.0,10.0,90.0,20.0,80.0,35.0,4.0,True,False,1,,,,,,,,,,,,
2026-03-27T10:35:39.934839-04:00,vsin_circa,circa,mlb,mlb_20260327_new_york_yankees_san_francisco_giants,Mar 27,,New York Yankees,San Francisco Giants,-128.0,71.0,29.0,64.0,36.0,8.0,100.0,,100.0,,67.0,33.0,94.0,6.0,7.0,0.0,False,False,1,,,,,,,,,,,,
2026-03-27T10:35:39.934839-04:00,vsin_circa,circa,mlb,mlb_20260327_athletics_toronto_blue_jays,Mar 27,,Athletics,Toronto Blue Jays,149.0,47.0,53.0,23.0,77.0,8.5,100.0,,100.0,,,100.0,,100.0,24.0,0.0,True,False,1,,,,,,,,,,,,
2026-03-27T10:35:39.934839-04:00,vsin_circa,circa,mlb,mlb_20260327_colorado_rockies_miami_marlins,Mar 27,,Colorado Rockies,Miami Marlins,167.0,44.0,56.0,2.0,98.0,7.5,100.0,,100.0,,50.0,50.0,58.0,42.0,42.0,0.0,True,False,1,,,,,,,,,,,,
2026-03-27T10:35:39.934839-04:00,vsin_circa,circa,mlb,mlb_20260327_kansas_city_royals_atlanta_braves,Mar 27,,Kansas City Royals,Atlanta Braves,123.0,50.0,50.0,32.0,68.0,7.5,33.0,67.0,98.0,2.0,50.0,50.0,50.0,50.0,18.0,65.0,True,True,1,,,,,,,,,,,,
2026-03-27T10:35:39.934839-04:00,vsin_circa,circa,mlb,mlb_20260327_los_angeles_angels_houston_astros,Mar 27,,Los Angeles Angels,Houston Astros,142.0,67.0,33.0,42.0,58.0,8.5,,100.0,,100.0,50.0,50.0,50.0,50.0,25.0,,True,,1,,,,,,,,,,,,
2026-03-27T10:35:39.934839-04:00,vsin_circa,circa,mlb,mlb_20260327_detroit_tigers_san_diego_padres,Mar 27,,Detroit Tigers,San Diego Padres,108.0,75.0,25.0,97.0,3.0,7.5,,100.0,,100.0,50.0,50.0,50.0,50.0,22.0,,True,,1,,,,,,,,,,,,
2026-03-27T10:35:39.934839-04:00,vsin_circa,circa,mlb,mlb_20260327_cleveland_guardians_seattle_mariners,Mar 27,,Cleveland Guardians,Seattle Mariners,148.0,70.0,30.0,48.0,52.0,7.0,,100.0,,100.0,,100.0,,100.0,22.0,,True,,1,,,,,,,,,,,,
2026-03-27T10:35:39.934839-04:00,vsin_circa,circa,mlb,mlb_20260327_arizona_diamondbacks_los_angeles_dodgers,Mar 27,,Arizona Diamondbacks,Los Angeles Dodgers,212.0,60.0,40.0,4.0,96.0,8.5,100.0,,100.0,,,100.0,,100.0,56.0,0.0,True,False,1,,,,,,,,,,,,
2026-03-27T11:05:39.329796-04:00,vsin_dk,draftkings,mlb,mlb_20260327_new_york_yankees_san_francisco_giants,Mar 27,,New York Yankees,San Francisco Giants,-136.0,82.0,18.0,75.0,25.0,8.0,82.0,18.0,74.0,26.0,79.0,21.0,84.0,16.0,7.0,8.0,False,False,1,,,,,,,,,,,,
2026-03-27T11:05:39.329796-04:00,vsin_dk,draftkings,mlb,mlb_20260327_athletics_toronto_blue_jays,Mar 27,,Athletics,Toronto Blue Jays,149.0,12.0,88.0,37.0,63.0,8.5,60.0,40.0,38.0,62.0,18.0,82.0,22.0,78.0,25.0,22.0,True,True,1,,,,,,,,,,,,
2026-03-27T11:05:39.329796-04:00,vsin_dk,draftkings,mlb,mlb_20260327_colorado_rockies_miami_marlins,Mar 27,,Colorado Rockies,Miami Marlins,163.0,16.0,84.0,40.0,60.0,8.0,76.0,24.0,90.0,10.0,23.0,77.0,30.0,70.0,24.0,14.0,True,False,1,,,,,,,,,,,,
2026-03-27T11:05:39.329796-04:00,vsin_dk,draftkings,mlb,mlb_20260327_kansas_city_royals_atlanta_braves,Mar 27,,Kansas City Royals,Atlanta Braves,119.0,21.0,79.0,37.0,63.0,7.5,59.0,41.0,49.0,51.0,34.0,66.0,24.0,76.0,16.0,10.0,True,False,1,,,,,,,,,,,,
2026-03-27T11:05:39.329796-04:00,vsin_dk,draftkings,mlb,mlb_20260327_los_angeles_angels_houston_astros,Mar 27,,Los Angeles Angels,Houston Astros,135.0,20.0,80.0,31.0,69.0,8.5,56.0,44.0,46.0,54.0,37.0,63.0,20.0,80.0,11.0,10.0,False,False,1,,,,,,,,,,,,
2026-03-27T11:05:39.329796-04:00,vsin_dk,draftkings,mlb,mlb_20260327_detroit_tigers_san_diego_padres,Mar 27,,Detroit Tigers,San Diego Padres,104.0,63.0,37.0,74.0,26.0,7.5,68.0,32.0,36.0,64.0,43.0,57.0,30.0,70.0,11.0,32.0,False,True,1,,,,,,,,,,,,
2026-03-27T11:05:39.329796-04:00,vsin_dk,draftkings,mlb,mlb_20260327_cleveland_guardians_seattle_mariners,Mar 27,,Cleveland Guardians,Seattle Mariners,144.0,21.0,79.0,24.0,76.0,7.0,65.0,35.0,23.0,77.0,37.0,63.0,13.0,87.0,3.0,42.0,False,True,1,,,,,,,,,,,,
2026-03-27T11:05:39.329796-04:00,vsin_dk,draftkings,mlb,mlb_20260327_arizona_diamondbacks_los_angeles_dodgers,Mar 27,,Arizona Diamondbacks,Los Angeles Dodgers,203.0,9.0,91.0,43.0,57.0,8.5,81.0,19.0,83.0,17.0,10.0,90.0,20.0,80.0,34.0,2.0,True,False,1,,,,,,,,,,,,
2026-03-27T11:05:59.571120-04:00,vsin_circa,circa,mlb,mlb_20260327_new_york_yankees_san_francisco_giants,Mar 27,,New York Yankees,San Francisco Giants,-128.0,68.0,32.0,65.0,35.0,8.0,100.0,,100.0,,50.0,50.0,84.0,16.0,3.0,0.0,False,False,1,,,,,,,,,,,,
2026-03-27T11:05:59.571120-04:00,vsin_circa,circa,mlb,mlb_20260327_athletics_toronto_blue_jays,Mar 27,,Athletics,Toronto Blue Jays,154.0,45.0,55.0,25.0,75.0,8.5,100.0,,100.0,,,100.0,,100.0,20.0,0.0,True,False,1,,,,,,,,,,,,
2026-03-27T11:05:59.571120-04:00,vsin_circa,circa,mlb,mlb_20260327_colorado_rockies_miami_marlins,Mar 27,,Colorado Rockies,Miami Marlins,167.0,45.0,55.0,2.0,98.0,7.5,100.0,,100.0,,50.0,50.0,58.0,42.0,43.0,0.0,True,False,1,,,,,,,,,,,,
2026-03-27T11:05:59.571120-04:00,vsin_circa,circa,mlb,mlb_20260327_kansas_city_royals_atlanta_braves,Mar 27,,Kansas City Royals,Atlanta Braves,123.0,50.0,50.0,33.0,67.0,7.5,33.0,67.0,98.0,2.0,50.0,50.0,50.0,50.0,17.0,65.0,True,True,1,,,,,,,,,,,,
2026-03-27T11:05:59.571120-04:00,vsin_circa,circa,mlb,mlb_20260327_los_angeles_angels_houston_astros,Mar 27,,Los Angeles Angels,Houston Astros,142.0,50.0,50.0,37.0,63.0,8.5,,100.0,,100.0,50.0,50.0,50.0,50.0,13.0,,False,,1,,,,,,,,,,,,
2026-03-27T11:05:59.571120-04:00,vsin_circa,circa,mlb,mlb_20260327_detroit_tigers_san_diego_padres,Mar 27,,Detroit Tigers,San Diego Padres,108.0,80.0,20.0,98.0,2.0,7.5,,100.0,,100.0,50.0,50.0,50.0,50.0,18.0,,True,,1,,,,,,,,,,,,
2026-03-27T11:05:59.571120-04:00,vsin_circa,circa,mlb,mlb_20260327_cleveland_guardians_seattle_mariners,Mar 27,,Cleveland Guardians,Seattle Mariners,148.0,73.0,27.0,49.0,51.0,7.0,,100.0,,100.0,,100.0,,100.0,24.0,,True,,1,,,,,,,,,,,,
2026-03-27T11:05:59.571120-04:00,vsin_circa,circa,mlb,mlb_20260327_arizona_diamondbacks_los_angeles_dodgers,Mar 27,,Arizona Diamondbacks,Los Angeles Dodgers,212.0,67.0,33.0,5.0,95.0,8.5,100.0,,100.0,,,100.0,,100.0,62.0,0.0,True,False,1,,,,,,,,,,,,
2026-03-27T11:18:30.579493-04:00,vsin_dk,draftkings,mlb,mlb_20260327_new_york_yankees_san_francisco_giants,Mar 27,,New York Yankees,San Francisco Giants,-136.0,82.0,18.0,76.0,24.0,8.0,82.0,18.0,74.0,26.0,79.0,21.0,83.0,17.0,6.0,8.0,False,False,1,,,,,,,,,,,,
2026-03-27T11:18:30.579493-04:00,vsin_dk,draftkings,mlb,mlb_20260327_athletics_toronto_blue_jays,Mar 27,,Athletics,Toronto Blue Jays,149.0,12.0,88.0,36.0,64.0,8.5,60.0,40.0,37.0,63.0,18.0,82.0,21.0,79.0,24.0,23.0,True,True,1,,,,,,,,,,,,
2026-03-27T11:18:30.579493-04:00,vsin_dk,draftkings,mlb,mlb_20260327_colorado_rockies_miami_marlins,Mar 27,,Colorado Rockies,Miami Marlins,163.0,16.0,84.0,39.0,61.0,8.0,76.0,24.0,88.0,12.0,23.0,77.0,29.0,71.0,23.0,12.0,True,False,1,,,,,,,,,,,,
2026-03-27T11:18:30.579493-04:00,vsin_dk,draftkings,mlb,mlb_20260327_kansas_city_royals_atlanta_braves,Mar 27,,Kansas City Royals,Atlanta Braves,119.0,21.0,79.0,36.0,64.0,7.5,58.0,42.0,46.0,54.0,34.0,66.0,23.0,77.0,15.0,12.0,True,False,1,,,,,,,,,,,,
2026-03-27T11:18:30.579493-04:00,vsin_dk,draftkings,mlb,mlb_20260327_los_angeles_angels_houston_astros,Mar 27,,Los Angeles Angels,Houston Astros,135.0,20.0,80.0,31.0,69.0,8.5,56.0,44.0,46.0,54.0,37.0,63.0,20.0,80.0,11.0,10.0,False,False,1,,,,,,,,,,,,
2026-03-27T11:18:30.579493-04:00,vsin_dk,draftkings,mlb,mlb_20260327_detroit_tigers_san_diego_padres,Mar 27,,Detroit Tigers,San Diego Padres,104.0,63.0,37.0,74.0,26.0,7.5,68.0,32.0,36.0,64.0,43.0,57.0,26.0,74.0,11.0,32.0,False,True,1,,,,,,,,,,,,
2026-03-27T11:18:30.579493-04:00,vsin_dk,draftkings,mlb,mlb_20260327_cleveland_guardians_seattle_mariners,Mar 27,,Cleveland Guardians,Seattle Mariners,144.0,21.0,79.0,24.0,76.0,7.0,64.0,36.0,22.0,78.0,37.0,63.0,14.0,86.0,3.0,42.0,False,True,1,,,,,,,,,,,,
2026-03-27T11:18:30.579493-04:00,vsin_dk,draftkings,mlb,mlb_20260327_arizona_diamondbacks_los_angeles_dodgers,Mar 27,,Arizona Diamondbacks,Los Angeles Dodgers,209.0,9.0,91.0,43.0,57.0,8.5,81.0,19.0,84.0,16.0,11.0,89.0,20.0,80.0,34.0,3.0,True,False,1,,,,,,,,,,,,
2026-03-27T11:18:53.308459-04:00,vsin_circa,circa,mlb,mlb_20260327_new_york_yankees_san_francisco_giants,Mar 27,,New York Yankees,San Francisco Giants,-128.0,68.0,32.0,65.0,35.0,8.0,100.0,,100.0,,50.0,50.0,84.0,16.0,3.0,0.0,False,False,1,,,,,,,,,,,,
2026-03-27T11:18:53.308459-04:00,vsin_circa,circa,mlb,mlb_20260327_athletics_toronto_blue_jays,Mar 27,,Athletics,Toronto Blue Jays,154.0,45.0,55.0,25.0,75.0,8.5,100.0,,100.0,,,100.0,,100.0,20.0,0.0,True,False,1,,,,,,,,,,,,
2026-03-27T11:18:53.308459-04:00,vsin_circa,circa,mlb,mlb_20260327_colorado_rockies_miami_marlins,Mar 27,,Colorado Rockies,Miami Marlins,167.0,45.0,55.0,2.0,98.0,7.5,100.0,,100.0,,50.0,50.0,58.0,42.0,43.0,0.0,True,False,1,,,,,,,,,,,,
2026-03-27T11:18:53.308459-04:00,vsin_circa,circa,mlb,mlb_20260327_kansas_city_royals_atlanta_braves,Mar 27,,Kansas City Royals,Atlanta Braves,123.0,50.0,50.0,33.0,67.0,7.5,33.0,67.0,98.0,2.0,50.0,50.0,50.0,50.0,17.0,65.0,True,True,1,,,,,,,,,,,,
2026-03-27T11:18:53.308459-04:00,vsin_circa,circa,mlb,mlb_20260327_los_angeles_angels_houston_astros,Mar 27,,Los Angeles Angels,Houston Astros,142.0,50.0,50.0,37.0,63.0,8.5,,100.0,,100.0,50.0,50.0,50.0,50.0,13.0,,False,,1,,,,,,,,,,,,
2026-03-27T11:18:53.308459-04:00,vsin_circa,circa,mlb,mlb_20260327_detroit_tigers_san_diego_padres,Mar 27,,Detroit Tigers,San Diego Padres,108.0,80.0,20.0,98.0,2.0,7.5,,100.0,,100.0,50.0,50.0,50.0,50.0,18.0,,True,,1,,,,,,,,,,,,
2026-03-27T11:18:53.308459-04:00,vsin_circa,circa,mlb,mlb_20260327_cleveland_guardians_seattle_mariners,Mar 27,,Cleveland Guardians,Seattle Mariners,148.0,67.0,33.0,46.0,54.0,7.0,,100.0,,100.0,,100.0,,100.0,21.0,,True,,1,,,,,,,,,,,,
2026-03-27T11:18:53.308459-04:00,vsin_circa,circa,mlb,mlb_20260327_arizona_diamondbacks_los_angeles_dodgers,Mar 27,,Arizona Diamondbacks,Los Angeles Dodgers,212.0,67.0,33.0,5.0,95.0,8.5,100.0,,100.0,,,100.0,,100.0,62.0,0.0,True,False,1,,,,,,,,,,,,
2026-03-27T11:35:12.556638-04:00,vsin_dk,draftkings,mlb,mlb_20260327_new_york_yankees_san_francisco_giants,Mar 27,,New York Yankees,San Francisco Giants,-136.0,82.0,18.0,76.0,24.0,8.5,82.0,18.0,74.0,26.0,79.0,21.0,83.0,17.0,6.0,8.0,False,False,1,,,,,,,,,,,,
2026-03-27T11:35:12.556638-04:00,vsin_dk,draftkings,mlb,mlb_20260327_athletics_toronto_blue_jays,Mar 27,,Athletics,Toronto Blue Jays,149.0,12.0,88.0,37.0,63.0,8.5,61.0,39.0,38.0,62.0,18.0,82.0,23.0,77.0,25.0,23.0,True,True,1,,,,,,,,,,,,
2026-03-27T11:35:12.556638-04:00,vsin_dk,draftkings,mlb,mlb_20260327_colorado_rockies_miami_marlins,Mar 27,,Colorado Rockies,Miami Marlins,163.0,16.0,84.0,39.0,61.0,8.0,76.0,24.0,88.0,12.0,23.0,77.0,29.0,71.0,23.0,12.0,True,False,1,,,,,,,,,,,,
2026-03-27T11:35:12.556638-04:00,vsin_dk,draftkings,mlb,mlb_20260327_kansas_city_royals_atlanta_braves,Mar 27,,Kansas City Royals,Atlanta Braves,119.0,21.0,79.0,36.0,64.0,7.5,58.0,42.0,43.0,57.0,34.0,66.0,23.0,77.0,15.0,15.0,True,True,1,,,,,,,,,,,,
2026-03-27T11:35:12.556638-04:00,vsin_dk,draftkings,mlb,mlb_20260327_los_angeles_angels_houston_astros,Mar 27,,Los Angeles Angels,Houston Astros,135.0,20.0,80.0,30.0,70.0,8.5,56.0,44.0,45.0,55.0,37.0,63.0,19.0,81.0,10.0,11.0,False,False,1,,,,,,,,,,,,
2026-03-27T11:35:12.556638-04:00,vsin_dk,draftkings,mlb,mlb_20260327_detroit_tigers_san_diego_padres,Mar 27,,Detroit Tigers,San Diego Padres,104.0,63.0,37.0,72.0,28.0,7.5,68.0,32.0,36.0,64.0,43.0,57.0,27.0,73.0,9.0,32.0,False,True,1,,,,,,,,,,,,
2026-03-27T11:35:12.556638-04:00,vsin_dk,draftkings,mlb,mlb_20260327_cleveland_guardians_seattle_mariners,Mar 27,,Cleveland Guardians,Seattle Mariners,144.0,21.0,79.0,24.0,76.0,7.0,65.0,35.0,22.0,78.0,38.0,62.0,14.0,86.0,3.0,43.0,False,True,1,,,,,,,,,,,,
2026-03-27T11:35:12.556638-04:00,vsin_dk,draftkings,mlb,mlb_20260327_arizona_diamondbacks_los_angeles_dodgers,Mar 27,,Arizona Diamondbacks,Los Angeles Dodgers,209.0,9.0,91.0,43.0,57.0,8.5,81.0,19.0,84.0,16.0,11.0,89.0,20.0,80.0,34.0,3.0,True,False,1,,,,,,,,,,,,
2026-03-27T11:35:32.694274-04:00,vsin_circa,circa,mlb,mlb_20260327_new_york_yankees_san_francisco_giants,Mar 27,,New York Yankees,San Francisco Giants,-128.0,69.0,31.0,77.0,23.0,8.0,100.0,,100.0,,60.0,40.0,86.0,14.0,8.0,0.0,False,False,1,,,,,,,,,,,,
2026-03-27T11:35:32.694274-04:00,vsin_circa,circa,mlb,mlb_20260327_athletics_toronto_blue_jays,Mar 27,,Athletics,Toronto Blue Jays,154.0,45.0,55.0,25.0,75.0,8.5,67.0,33.0,81.0,19.0,,100.0,,100.0,20.0,14.0,True,False,1,,,,,,,,,,,,
2026-03-27T11:35:32.694274-04:00,vsin_circa,circa,mlb,mlb_20260327_colorado_rockies_miami_marlins,Mar 27,,Colorado Rockies,Miami Marlins,167.0,45.0,55.0,2.0,98.0,7.5,100.0,,100.0,,33.0,67.0,57.0,43.0,43.0,0.0,True,False,1,,,,,,,,,,,,
2026-03-27T11:35:32.694274-04:00,vsin_circa,circa,mlb,mlb_20260327_kansas_city_royals_atlanta_braves,Mar 27,,Kansas City Royals,Atlanta Braves,123.0,42.0,58.0,20.0,80.0,7.5,33.0,67.0,98.0,2.0,50.0,50.0,50.0,50.0,22.0,65.0,True,True,1,,,,,,,,,,,,
2026-03-27T11:35:32.694274-04:00,vsin_circa,circa,mlb,mlb_20260327_los_angeles_angels_houston_astros,Mar 27,,Los Angeles Angels,Houston Astros,142.0,50.0,50.0,37.0,63.0,8.5,,100.0,,100.0,50.0,50.0,50.0,50.0,13.0,,False,,1,,,,,,,,,,,,
2026-03-27T11:35:32.694274-04:00,vsin_circa,circa,mlb,mlb_20260327_detroit_tigers_san_diego_padres,Mar 27,,Detroit Tigers,San Diego Padres,108.0,80.0,20.0,98.0,2.0,7.5,,100.0,,100.0,,100.0,,100.0,18.0,,True,,1,,,,,,,,,,,,
2026-03-27T11:35:32.694274-04:00,vsin_circa,circa,mlb,mlb_20260327_cleveland_guardians_seattle_mariners,Mar 27,,Cleveland Guardians,Seattle Mariners,148.0,67.0,33.0,46.0,54.0,7.0,,100.0,,100.0,,100.0,,100.0,21.0,,True,,1,,,,,,,,,,,,
2026-03-27T11:35:32.694274-04:00,vsin_circa,circa,mlb,mlb_20260327_arizona_diamondbacks_los_angeles_dodgers,Mar 27,,Arizona Diamondbacks,Los Angeles Dodgers,212.0,67.0,33.0,5.0,95.0,8.5,100.0,,100.0,,,100.0,,100.0,62.0,0.0,True,False,1,,,,,,,,,,,,
2026-03-27T12:05:15.706773-04:00,vsin_dk,draftkings,mlb,mlb_20260327_new_york_yankees_san_francisco_giants,Mar 27,,New York Yankees,San Francisco Giants,-131.0,82.0,18.0,76.0,24.0,8.5,80.0,20.0,70.0,30.0,79.0,21.0,80.0,20.0,6.0,10.0,False,False,1,,,,,,,,,,,,
2026-03-27T12:05:15.706773-04:00,vsin_dk,draftkings,mlb,mlb_20260327_athletics_toronto_blue_jays,Mar 27,,Athletics,Toronto Blue Jays,149.0,12.0,88.0,37.0,63.0,8.5,63.0,37.0,41.0,59.0,18.0,82.0,29.0,71.0,25.0,22.0,True,True,1,,,,,,,,,,,,
2026-03-27T12:05:15.706773-04:00,vsin_dk,draftkings,mlb,mlb_20260327_colorado_rockies_miami_marlins,Mar 27,,Colorado Rockies,Miami Marlins,159.0,15.0,85.0,37.0,63.0,8.0,74.0,26.0,83.0,17.0,23.0,77.0,28.0,72.0,22.0,9.0,True,False,1,,,,,,,,,,,,
2026-03-27T12:05:15.706773-04:00,vsin_dk,draftkings,mlb,mlb_20260327_kansas_city_royals_atlanta_braves,Mar 27,,Kansas City Royals,Atlanta Braves,119.0,22.0,78.0,37.0,63.0,7.5,58.0,42.0,44.0,56.0,34.0,66.0,21.0,79.0,15.0,14.0,True,False,1,,,,,,,,,,,,
2026-03-27T12:05:15.706773-04:00,vsin_dk,draftkings,mlb,mlb_20260327_los_angeles_angels_houston_astros,Mar 27,,Los Angeles Angels,Houston Astros,135.0,20.0,80.0,29.0,71.0,8.5,56.0,44.0,51.0,49.0,37.0,63.0,26.0,74.0,9.0,5.0,False,False,1,,,,,,,,,,,,
2026-03-27T12:05:15.706773-04:00,vsin_dk,draftkings,mlb,mlb_20260327_detroit_tigers_san_diego_padres,Mar 27,,Detroit Tigers,San Diego Padres,104.0,63.0,37.0,72.0,28.0,7.5,68.0,32.0,35.0,65.0,43.0,57.0,28.0,72.0,9.0,33.0,False,True,1,,,,,,,,,,,,
2026-03-27T12:05:15.706773-04:00,vsin_dk,draftkings,mlb,mlb_20260327_cleveland_guardians_seattle_mariners,Mar 27,,Cleveland Guardians,Seattle Mariners,144.0,21.0,79.0,25.0,75.0,7.0,64.0,36.0,20.0,80.0,38.0,62.0,23.0,77.0,4.0,44.0,False,True,1,,,,,,,,,,,,
2026-03-27T12:05:15.706773-04:00,vsin_dk,draftkings,mlb,mlb_20260327_arizona_diamondbacks_los_angeles_dodgers,Mar 27,,Arizona Diamondbacks,Los Angeles Dodgers,203.0,9.0,91.0,44.0,56.0,8.5,82.0,18.0,86.0,14.0,11.0,89.0,20.0,80.0,35.0,4.0,True,False,1,,,,,,,,,,,,
2026-03-27T12:05:36.496032-04:00,vsin_circa,circa,mlb,mlb_20260327_new_york_yankees_san_francisco_giants,Mar 27,,New York Yankees,San Francisco Giants,-128.0,70.0,30.0,80.0,20.0,8.0,100.0,,100.0,,67.0,33.0,88.0,12.0,10.0,0.0,False,False,1,,,,,,,,,,,,
2026-03-27T12:05:36.496032-04:00,vsin_circa,circa,mlb,mlb_20260327_athletics_toronto_blue_jays,Mar 27,,Athletics,Toronto Blue Jays,154.0,50.0,50.0,28.0,72.0,8.5,67.0,33.0,81.0,19.0,,100.0,,100.0,22.0,14.0,True,False,1,,,,,,,,,,,,
2026-03-27T12:05:36.496032-04:00,vsin_circa,circa,mlb,mlb_20260327_colorado_rockies_miami_marlins,Mar 27,,Colorado Rockies,Miami Marlins,167.0,54.0,46.0,6.0,94.0,7.5,100.0,,100.0,,40.0,60.0,47.0,53.0,48.0,0.0,True,False,1,,,,,,,,,,,,
2026-03-27T12:05:36.496032-04:00,vsin_circa,circa,mlb,mlb_20260327_kansas_city_royals_atlanta_braves,Mar 27,,Kansas City Royals,Atlanta Braves,123.0,33.0,67.0,13.0,87.0,7.5,33.0,67.0,98.0,2.0,50.0,50.0,50.0,50.0,20.0,65.0,True,True,1,,,,,,,,,,,,
2026-03-27T12:05:36.496032-04:00,vsin_circa,circa,mlb,mlb_20260327_los_angeles_angels_houston_astros,Mar 27,,Los Angeles Angels,Houston Astros,142.0,50.0,50.0,37.0,63.0,8.5,,100.0,,100.0,50.0,50.0,50.0,50.0,13.0,,False,,1,,,,,,,,,,,,
2026-03-27T12:05:36.496032-04:00,vsin_circa,circa,mlb,mlb_20260327_detroit_tigers_san_diego_padres,Mar 27,,Detroit Tigers,San Diego Padres,108.0,80.0,20.0,98.0,2.0,7.5,,100.0,,100.0,,100.0,,100.0,18.0,,True,,1,,,,,,,,,,,,
2026-03-27T12:05:36.496032-04:00,vsin_circa,circa,mlb,mlb_20260327_cleveland_guardians_seattle_mariners,Mar 27,,Cleveland Guardians,Seattle Mariners,152.0,69.0,31.0,48.0,52.0,7.0,,100.0,,100.0,,100.0,,100.0,21.0,,True,,1,,,,,,,,,,,,
2026-03-27T12:05:36.496032-04:00,vsin_circa,circa,mlb,mlb_20260327_arizona_diamondbacks_los_angeles_dodgers,Mar 27,,Arizona Diamondbacks,Los Angeles Dodgers,212.0,67.0,33.0,5.0,95.0,8.5,100.0,,100.0,,,100.0,,100.0,62.0,0.0,True,False,1,,,,,,,,,,,,
2026-03-27T12:15:18.743789-04:00,vsin_dk,draftkings,mlb,mlb_20260327_new_york_yankees_san_francisco_giants,Mar 27,,New York Yankees,San Francisco Giants,-131.0,82.0,18.0,76.0,24.0,8.5,80.0,20.0,69.0,31.0,80.0,20.0,81.0,19.0,6.0,11.0,False,False,1,,,,,,,,,,,,
2026-03-27T12:15:18.743789-04:00,vsin_dk,draftkings,mlb,mlb_20260327_athletics_toronto_blue_jays,Mar 27,,Athletics,Toronto Blue Jays,149.0,12.0,88.0,37.0,63.0,8.5,63.0,37.0,42.0,58.0,18.0,82.0,29.0,71.0,25.0,21.0,True,True,1,,,,,,,,,,,,
2026-03-27T12:15:18.743789-04:00,vsin_dk,draftkings,mlb,mlb_20260327_colorado_rockies_miami_marlins,Mar 27,,Colorado Rockies,Miami Marlins,159.0,15.0,85.0,37.0,63.0,8.0,74.0,26.0,83.0,17.0,23.0,77.0,28.0,72.0,22.0,9.0,True,False,1,,,,,,,,,,,,
2026-03-27T12:15:18.743789-04:00,vsin_dk,draftkings,mlb,mlb_20260327_kansas_city_royals_atlanta_braves,Mar 27,,Kansas City Royals,Atlanta Braves,119.0,22.0,78.0,37.0,63.0,7.5,58.0,42.0,43.0,57.0,34.0,66.0,21.0,79.0,15.0,15.0,True,True,1,,,,,,,,,,,,
2026-03-27T12:15:18.743789-04:00,vsin_dk,draftkings,mlb,mlb_20260327_los_angeles_angels_houston_astros,Mar 27,,Los Angeles Angels,Houston Astros,135.0,20.0,80.0,29.0,71.0,8.5,57.0,43.0,52.0,48.0,37.0,63.0,26.0,74.0,9.0,5.0,False,False,1,,,,,,,,,,,,
2026-03-27T12:15:18.743789-04:00,vsin_dk,draftkings,mlb,mlb_20260327_detroit_tigers_san_diego_padres,Mar 27,,Detroit Tigers,San Diego Padres,104.0,63.0,37.0,72.0,28.0,7.5,68.0,32.0,35.0,65.0,43.0,57.0,29.0,71.0,9.0,33.0,False,True,1,,,,,,,,,,,,
2026-03-27T12:15:18.743789-04:00,vsin_dk,draftkings,mlb,mlb_20260327_cleveland_guardians_seattle_mariners,Mar 27,,Cleveland Guardians,Seattle Mariners,144.0,21.0,79.0,29.0,71.0,7.0,64.0,36.0,19.0,81.0,38.0,62.0,23.0,77.0,8.0,45.0,False,True,1,,,,,,,,,,,,
2026-03-27T12:15:18.743789-04:00,vsin_dk,draftkings,mlb,mlb_20260327_arizona_diamondbacks_los_angeles_dodgers,Mar 27,,Arizona Diamondbacks,Los Angeles Dodgers,209.0,9.0,91.0,43.0,57.0,8.5,82.0,18.0,86.0,14.0,11.0,89.0,20.0,80.0,34.0,4.0,True,False,1,,,,,,,,,,,,
2026-03-27T12:15:39.413812-04:00,vsin_circa,circa,mlb,mlb_20260327_new_york_yankees_san_francisco_giants,Mar 27,,New York Yankees,San Francisco Giants,-128.0,70.0,30.0,80.0,20.0,8.0,100.0,,100.0,,67.0,33.0,88.0,12.0,10.0,0.0,False,False,1,,,,,,,,,,,,
2026-03-27T12:15:39.413812-04:00,vsin_circa,circa,mlb,mlb_20260327_athletics_toronto_blue_jays,Mar 27,,Athletics,Toronto Blue Jays,154.0,50.0,50.0,28.0,72.0,8.5,67.0,33.0,81.0,19.0,,100.0,,100.0,22.0,14.0,True,False,1,,,,,,,,,,,,
2026-03-27T12:15:39.413812-04:00,vsin_circa,circa,mlb,mlb_20260327_colorado_rockies_miami_marlins,Mar 27,,Colorado Rockies,Miami Marlins,167.0,54.0,46.0,6.0,94.0,7.5,100.0,,100.0,,40.0,60.0,47.0,53.0,48.0,0.0,True,False,1,,,,,,,,,,,,
2026-03-27T12:15:39.413812-04:00,vsin_circa,circa,mlb,mlb_20260327_kansas_city_royals_atlanta_braves,Mar 27,,Kansas City Royals,Atlanta Braves,123.0,31.0,69.0,13.0,87.0,7.5,33.0,67.0,98.0,2.0,50.0,50.0,50.0,50.0,18.0,65.0,True,True,1,,,,,,,,,,,,
2026-03-27T12:15:39.413812-04:00,vsin_circa,circa,mlb,mlb_20260327_los_angeles_angels_houston_astros,Mar 27,,Los Angeles Angels,Houston Astros,142.0,50.0,50.0,37.0,63.0,8.5,,100.0,,100.0,50.0,50.0,50.0,50.0,13.0,,False,,1,,,,,,,,,,,,
2026-03-27T12:15:39.413812-04:00,vsin_circa,circa,mlb,mlb_20260327_detroit_tigers_san_diego_padres,Mar 27,,Detroit Tigers,San Diego Padres,108.0,80.0,20.0,98.0,2.0,7.5,,100.0,,100.0,,100.0,,100.0,18.0,,True,,1,,,,,,,,,,,,
2026-03-27T12:15:39.413812-04:00,vsin_circa,circa,mlb,mlb_20260327_cleveland_guardians_seattle_mariners,Mar 27,,Cleveland Guardians,Seattle Mariners,152.0,69.0,31.0,48.0,52.0,7.0,,100.0,,100.0,,100.0,,100.0,21.0,,True,,1,,,,,,,,,,,,
2026-03-27T12:15:39.413812-04:00,vsin_circa,circa,mlb,mlb_20260327_arizona_diamondbacks_los_angeles_dodgers,Mar 27,,Arizona Diamondbacks,Los Angeles Dodgers,213.0,67.0,33.0,5.0,95.0,8.5,100.0,,100.0,,,100.0,,100.0,62.0,0.0,True,False,1,,,,,,,,,,,,
2026-03-27T12:35:29.608908-04:00,vsin_dk,draftkings,mlb,mlb_20260327_new_york_yankees_san_francisco_giants,Mar 27,,New York Yankees,San Francisco Giants,-131.0,82.0,18.0,77.0,23.0,8.5,79.0,21.0,67.0,33.0,79.0,21.0,80.0,20.0,5.0,12.0,False,False,1,,,,,,,,,,,,
2026-03-27T12:35:29.608908-04:00,vsin_dk,draftkings,mlb,mlb_20260327_athletics_toronto_blue_jays,Mar 27,,Athletics,Toronto Blue Jays,149.0,12.0,88.0,37.0,63.0,8.5,64.0,36.0,44.0,56.0,18.0,82.0,31.0,69.0,25.0,20.0,True,True,1,,,,,,,,,,,,
2026-03-27T12:35:29.608908-04:00,vsin_dk,draftkings,mlb,mlb_20260327_colorado_rockies_miami_marlins,Mar 27,,Colorado Rockies,Miami Marlins,159.0,15.0,85.0,37.0,63.0,8.0,74.0,26.0,82.0,18.0,23.0,77.0,28.0,72.0,22.0,8.0,True,False,1,,,,,,,,,,,,
2026-03-27T12:35:29.608908-04:00,vsin_dk,draftkings,mlb,mlb_20260327_kansas_city_royals_atlanta_braves,Mar 27,,Kansas City Royals,Atlanta Braves,123.0,21.0,79.0,37.0,63.0,7.5,57.0,43.0,45.0,55.0,34.0,66.0,21.0,79.0,16.0,12.0,True,False,1,,,,,,,,,,,,
2026-03-27T12:35:29.608908-04:00,vsin_dk,draftkings,mlb,mlb_20260327_los_angeles_angels_houston_astros,Mar 27,,Los Angeles Angels,Houston Astros,135.0,20.0,80.0,28.0,72.0,8.5,57.0,43.0,53.0,47.0,37.0,63.0,26.0,74.0,8.0,4.0,False,False,1,,,,,,,,,,,,
2026-03-27T12:35:29.608908-04:00,vsin_dk,draftkings,mlb,mlb_20260327_detroit_tigers_san_diego_padres,Mar 27,,Detroit Tigers,San Diego Padres,104.0,63.0,37.0,71.0,29.0,7.5,68.0,32.0,34.0,66.0,43.0,57.0,30.0,70.0,8.0,34.0,False,True,1,,,,,,,,,,,,
2026-03-27T12:35:29.608908-04:00,vsin_dk,draftkings,mlb,mlb_20260327_cleveland_guardians_seattle_mariners,Mar 27,,Cleveland Guardians,Seattle Mariners,144.0,21.0,79.0,30.0,70.0,7.0,63.0,37.0,18.0,82.0,38.0,62.0,32.0,68.0,9.0,45.0,False,True,1,,,,,,,,,,,,
2026-03-27T12:35:29.608908-04:00,vsin_dk,draftkings,mlb,mlb_20260327_arizona_diamondbacks_los_angeles_dodgers,Mar 27,,Arizona Diamondbacks,Los Angeles Dodgers,209.0,9.0,91.0,46.0,54.0,8.5,82.0,18.0,86.0,14.0,11.0,89.0,19.0,81.0,37.0,4.0,True,False,1,,,,,,,,,,,,
2026-03-27T12:35:50.391580-04:00,vsin_circa,circa,mlb,mlb_20260327_new_york_yankees_san_francisco_giants,Mar 27,,New York Yankees,San Francisco Giants,-128.0,71.0,29.0,75.0,25.0,8.0,100.0,,100.0,,67.0,33.0,88.0,12.0,4.0,0.0,False,False,1,,,,,,,,,,,,
2026-03-27T12:35:50.391580-04:00,vsin_circa,circa,mlb,mlb_20260327_athletics_toronto_blue_jays,Mar 27,,Athletics,Toronto Blue Jays,154.0,50.0,50.0,28.0,72.0,8.5,60.0,40.0,72.0,28.0,,100.0,,100.0,22.0,12.0,True,False,1,,,,,,,,,,,,
2026-03-27T12:35:50.391580-04:00,vsin_circa,circa,mlb,mlb_20260327_colorado_rockies_miami_marlins,Mar 27,,Colorado Rockies,Miami Marlins,167.0,57.0,43.0,6.0,94.0,7.5,100.0,,100.0,,40.0,60.0,47.0,53.0,51.0,0.0,True,False,1,,,,,,,,,,,,
2026-03-27T12:35:50.391580-04:00,vsin_circa,circa,mlb,mlb_20260327_kansas_city_royals_atlanta_braves,Mar 27,,Kansas City Royals,Atlanta Braves,123.0,29.0,71.0,12.0,88.0,7.5,25.0,75.0,97.0,3.0,50.0,50.0,50.0,50.0,17.0,72.0,True,True,1,,,,,,,,,,,,
2026-03-27T12:35:50.391580-04:00,vsin_circa,circa,mlb,mlb_20260327_los_angeles_angels_houston_astros,Mar 27,,Los Angeles Angels,Houston Astros,142.0,60.0,40.0,39.0,61.0,8.5,,100.0,,100.0,50.0,50.0,50.0,50.0,21.0,,True,,1,,,,,,,,,,,,
2026-03-27T12:35:50.391580-04:00,vsin_circa,circa,mlb,mlb_20260327_detroit_tigers_san_diego_padres,Mar 27,,Detroit Tigers,San Diego Padres,108.0,83.0,17.0,98.0,2.0,7.5,,100.0,,100.0,,100.0,,100.0,15.0,,True,,1,,,,,,,,,,,,
2026-03-27T12:35:50.391580-04:00,vsin_circa,circa,mlb,mlb_20260327_cleveland_guardians_seattle_mariners,Mar 27,,Cleveland Guardians,Seattle Mariners,152.0,69.0,31.0,48.0,52.0,7.0,,100.0,,100.0,,100.0,,100.0,21.0,,True,,1,,,,,,,,,,,,
2026-03-27T12:35:50.391580-04:00,vsin_circa,circa,mlb,mlb_20260327_arizona_diamondbacks_los_angeles_dodgers,Mar 27,,Arizona Diamondbacks,Los Angeles Dodgers,213.0,67.0,33.0,5.0,95.0,8.5,100.0,,100.0,,14.0,86.0,1.0,99.0,62.0,0.0,True,False,1,,,,,,,,,,,,
2026-03-27T13:05:23.581003-04:00,vsin_dk,draftkings,mlb,mlb_20260327_new_york_yankees_san_francisco_giants,Mar 27,,New York Yankees,San Francisco Giants,-131.0,83.0,17.0,78.0,22.0,8.5,78.0,22.0,65.0,35.0,79.0,21.0,81.0,19.0,5.0,13.0,False,False,1,,,,,,,,,,,,
2026-03-27T13:05:23.581003-04:00,vsin_dk,draftkings,mlb,mlb_20260327_athletics_toronto_blue_jays,Mar 27,,Athletics,Toronto Blue Jays,149.0,12.0,88.0,36.0,64.0,8.5,65.0,35.0,47.0,53.0,19.0,81.0,33.0,67.0,24.0,18.0,True,True,1,,,,,,,,,,,,
2026-03-27T13:05:23.581003-04:00,vsin_dk,draftkings,mlb,mlb_20260327_colorado_rockies_miami_marlins,Mar 27,,Colorado Rockies,Miami Marlins,159.0,15.0,85.0,34.0,66.0,8.0,73.0,27.0,81.0,19.0,24.0,76.0,29.0,71.0,19.0,8.0,True,False,1,,,,,,,,,,,,
2026-03-27T13:05:23.581003-04:00,vsin_dk,draftkings,mlb,mlb_20260327_kansas_city_royals_atlanta_braves,Mar 27,,Kansas City Royals,Atlanta Braves,123.0,21.0,79.0,37.0,63.0,7.5,57.0,43.0,44.0,56.0,34.0,66.0,18.0,82.0,16.0,13.0,True,False,1,,,,,,,,,,,,
2026-03-27T13:05:23.581003-04:00,vsin_dk,draftkings,mlb,mlb_20260327_los_angeles_angels_houston_astros,Mar 27,,Los Angeles Angels,Houston Astros,135.0,20.0,80.0,27.0,73.0,8.5,57.0,43.0,55.0,45.0,37.0,63.0,10.0,90.0,7.0,2.0,False,False,1,,,,,,,,,,,,
2026-03-27T13:05:23.581003-04:00,vsin_dk,draftkings,mlb,mlb_20260327_detroit_tigers_san_diego_padres,Mar 27,,Detroit Tigers,San Diego Padres,104.0,62.0,38.0,71.0,29.0,7.5,69.0,31.0,34.0,66.0,42.0,58.0,31.0,69.0,9.0,35.0,False,True,1,,,,,,,,,,,,
2026-03-27T13:05:23.581003-04:00,vsin_dk,draftkings,mlb,mlb_20260327_cleveland_guardians_seattle_mariners,Mar 27,,Cleveland Guardians,Seattle Mariners,144.0,21.0,79.0,27.0,73.0,7.0,62.0,38.0,17.0,83.0,38.0,62.0,15.0,85.0,6.0,45.0,False,True,1,,,,,,,,,,,,
2026-03-27T13:05:23.581003-04:00,vsin_dk,draftkings,mlb,mlb_20260327_arizona_diamondbacks_los_angeles_dodgers,Mar 27,,Arizona Diamondbacks,Los Angeles Dodgers,209.0,9.0,91.0,46.0,54.0,8.5,82.0,18.0,86.0,14.0,11.0,89.0,21.0,79.0,37.0,4.0,True,False,1,,,,,,,,,,,,
2026-03-27T13:05:44.126909-04:00,vsin_circa,circa,mlb,mlb_20260327_new_york_yankees_san_francisco_giants,Mar 27,,New York Yankees,San Francisco Giants,-128.0,67.0,33.0,34.0,66.0,8.0,82.0,18.0,95.0,5.0,71.0,29.0,96.0,4.0,33.0,13.0,True,False,1,,,,,,,,,,,,
2026-03-27T13:05:44.126909-04:00,vsin_circa,circa,mlb,mlb_20260327_athletics_toronto_blue_jays,Mar 27,,Athletics,Toronto Blue Jays,154.0,48.0,52.0,28.0,72.0,8.5,67.0,33.0,86.0,14.0,,100.0,,100.0,20.0,19.0,True,True,1,,,,,,,,,,,,
2026-03-27T13:05:44.126909-04:00,vsin_circa,circa,mlb,mlb_20260327_colorado_rockies_miami_marlins,Mar 27,,Colorado Rockies,Miami Marlins,167.0,63.0,38.0,8.0,92.0,7.5,100.0,,100.0,,50.0,50.0,59.0,41.0,54.0,0.0,True,False,1,,,,,,,,,,,,
2026-03-27T13:05:44.126909-04:00,vsin_circa,circa,mlb,mlb_20260327_kansas_city_royals_atlanta_braves,Mar 27,,Kansas City Royals,Atlanta Braves,123.0,27.0,73.0,13.0,87.0,7.5,25.0,75.0,97.0,3.0,,100.0,,100.0,14.0,72.0,False,True,1,,,,,,,,,,,,
2026-03-27T13:05:44.126909-04:00,vsin_circa,circa,mlb,mlb_20260327_los_angeles_angels_houston_astros,Mar 27,,Los Angeles Angels,Houston Astros,142.0,71.0,29.0,51.0,49.0,8.5,,100.0,,100.0,50.0,50.0,50.0,50.0,20.0,,True,,1,,,,,,,,,,,,
2026-03-27T13:05:44.126909-04:00,vsin_circa,circa,mlb,mlb_20260327_detroit_tigers_san_diego_padres,Mar 27,,Detroit Tigers,San Diego Padres,108.0,86.0,14.0,98.0,2.0,7.5,,100.0,,100.0,50.0,50.0,85.0,15.0,12.0,,False,,1,,,,,,,,,,,,
2026-03-27T13:05:44.126909-04:00,vsin_circa,circa,mlb,mlb_20260327_cleveland_guardians_seattle_mariners,Mar 27,,Cleveland Guardians,Seattle Mariners,152.0,68.0,32.0,13.0,87.0,7.0,,100.0,,100.0,,100.0,,100.0,55.0,,True,,1,,,,,,,,,,,,
2026-03-27T13:05:44.126909-04:00,vsin_circa,circa,mlb,mlb_20260327_arizona_diamondbacks_los_angeles_dodgers,Mar 27,,Arizona Diamondbacks,Los Angeles Dodgers,213.0,67.0,33.0,7.0,93.0,8.5,100.0,,100.0,,14.0,86.0,1.0,99.0,60.0,0.0,True,False,1,,,,,,,,,,,,
2026-03-27T13:19:23.098444-04:00,vsin_dk,draftkings,mlb,mlb_20260327_new_york_yankees_san_francisco_giants,Mar 27,,New York Yankees,San Francisco Giants,-136.0,83.0,17.0,79.0,21.0,8.5,77.0,23.0,66.0,34.0,79.0,21.0,81.0,19.0,4.0,11.0,False,False,1,,,,,,,,,,,,
2026-03-27T13:19:23.098444-04:00,vsin_dk,draftkings,mlb,mlb_20260327_athletics_toronto_blue_jays,Mar 27,,Athletics,Toronto Blue Jays,149.0,12.0,88.0,36.0,64.0,8.5,65.0,35.0,48.0,52.0,19.0,81.0,33.0,67.0,24.0,17.0,True,True,1,,,,,,,,,,,,
2026-03-27T13:19:23.098444-04:00,vsin_dk,draftkings,mlb,mlb_20260327_colorado_rockies_miami_marlins,Mar 27,,Colorado Rockies,Miami Marlins,159.0,15.0,85.0,34.0,66.0,8.0,73.0,27.0,79.0,21.0,24.0,76.0,29.0,71.0,19.0,6.0,True,False,1,,,,,,,,,,,,
2026-03-27T13:19:23.098444-04:00,vsin_dk,draftkings,mlb,mlb_20260327_kansas_city_royals_atlanta_braves,Mar 27,,Kansas City Royals,Atlanta Braves,123.0,21.0,79.0,37.0,63.0,7.5,57.0,43.0,44.0,56.0,34.0,66.0,18.0,82.0,16.0,13.0,True,False,1,,,,,,,,,,,,
2026-03-27T13:19:23.098444-04:00,vsin_dk,draftkings,mlb,mlb_20260327_los_angeles_angels_houston_astros,Mar 27,,Los Angeles Angels,Houston Astros,135.0,20.0,80.0,27.0,73.0,8.5,57.0,43.0,55.0,45.0,37.0,63.0,10.0,90.0,7.0,2.0,False,False,1,,,,,,,,,,,,
2026-03-27T13:19:23.098444-04:00,vsin_dk,draftkings,mlb,mlb_20260327_detroit_tigers_san_diego_padres,Mar 27,,Detroit Tigers,San Diego Padres,104.0,62.0,38.0,71.0,29.0,7.5,70.0,30.0,34.0,66.0,42.0,58.0,31.0,69.0,9.0,36.0,False,True,1,,,,,,,,,,,,
2026-03-27T13:19:23.098444-04:00,vsin_dk,draftkings,mlb,mlb_20260327_cleveland_guardians_seattle_mariners,Mar 27,,Cleveland Guardians,Seattle Mariners,144.0,21.0,79.0,27.0,73.0,7.0,62.0,38.0,16.0,84.0,38.0,62.0,15.0,85.0,6.0,46.0,False,True,1,,,,,,,,,,,,
2026-03-27T13:19:23.098444-04:00,vsin_dk,draftkings,mlb,mlb_20260327_arizona_diamondbacks_los_angeles_dodgers,Mar 27,,Arizona Diamondbacks,Los Angeles Dodgers,209.0,9.0,91.0,45.0,55.0,8.5,82.0,18.0,87.0,13.0,10.0,90.0,21.0,79.0,36.0,5.0,True,False,1,,,,,,,,,,,,
2026-03-27T13:19:47.059885-04:00,vsin_circa,circa,mlb,mlb_20260327_new_york_yankees_san_francisco_giants,Mar 27,,New York Yankees,San Francisco Giants,-128.0,65.0,35.0,34.0,66.0,8.0,69.0,31.0,92.0,8.0,78.0,22.0,98.0,2.0,31.0,23.0,True,True,1,,,,,,,,,,,,
2026-03-27T13:19:47.059885-04:00,vsin_circa,circa,mlb,mlb_20260327_athletics_toronto_blue_jays,Mar 27,,Athletics,Toronto Blue Jays,154.0,46.0,54.0,28.0,72.0,8.5,67.0,33.0,86.0,14.0,,100.0,,100.0,18.0,19.0,True,True,1,,,,,,,,,,,,
2026-03-27T13:19:47.059885-04:00,vsin_circa,circa,mlb,mlb_20260327_colorado_rockies_miami_marlins,Mar 27,,Colorado Rockies,Miami Marlins,167.0,63.0,38.0,8.0,92.0,7.5,100.0,,100.0,,50.0,50.0,59.0,41.0,54.0,0.0,True,False,1,,,,,,,,,,,,
2026-03-27T13:19:47.059885-04:00,vsin_circa,circa,mlb,mlb_20260327_kansas_city_royals_atlanta_braves,Mar 27,,Kansas City Royals,Atlanta Braves,130.0,26.0,74.0,7.0,93.0,7.5,25.0,75.0,97.0,3.0,,100.0,,100.0,19.0,72.0,True,True,1,,,,,,,,,,,,
2026-03-27T13:19:47.059885-04:00,vsin_circa,circa,mlb,mlb_20260327_los_angeles_angels_houston_astros,Mar 27,,Los Angeles Angels,Houston Astros,142.0,71.0,29.0,51.0,49.0,8.5,,100.0,,100.0,50.0,50.0,50.0,50.0,20.0,,True,,1,,,,,,,,,,,,
2026-03-27T13:19:47.059885-04:00,vsin_circa,circa,mlb,mlb_20260327_detroit_tigers_san_diego_padres,Mar 27,,Detroit Tigers,San Diego Padres,108.0,86.0,14.0,98.0,2.0,7.5,,100.0,,100.0,50.0,50.0,85.0,15.0,12.0,,False,,1,,,,,,,,,,,,
2026-03-27T13:19:47.059885-04:00,vsin_circa,circa,mlb,mlb_20260327_cleveland_guardians_seattle_mariners,Mar 27,,Cleveland Guardians,Seattle Mariners,152.0,68.0,32.0,13.0,87.0,7.0,,100.0,,100.0,,100.0,,100.0,55.0,,True,,1,,,,,,,,,,,,
2026-03-27T13:19:47.059885-04:00,vsin_circa,circa,mlb,mlb_20260327_arizona_diamondbacks_los_angeles_dodgers,Mar 27,,Arizona Diamondbacks,Los Angeles Dodgers,213.0,60.0,40.0,7.0,93.0,8.5,100.0,,100.0,,14.0,86.0,1.0,99.0,53.0,0.0,True,False,1,,,,,,,,,,,,
2026-03-27T13:35:22.735864-04:00,vsin_dk,draftkings,mlb,mlb_20260327_new_york_yankees_san_francisco_giants,Mar 27,,New York Yankees,San Francisco Giants,-136.0,82.0,18.0,79.0,21.0,8.5,77.0,23.0,65.0,35.0,79.0,21.0,81.0,19.0,3.0,12.0,False,False,1,,,,,,,,,,,,
2026-03-27T13:35:22.735864-04:00,vsin_dk,draftkings,mlb,mlb_20260327_athletics_toronto_blue_jays,Mar 27,,Athletics,Toronto Blue Jays,149.0,12.0,88.0,35.0,65.0,8.5,66.0,34.0,49.0,51.0,19.0,81.0,32.0,68.0,23.0,17.0,True,True,1,,,,,,,,,,,,
2026-03-27T13:35:22.735864-04:00,vsin_dk,draftkings,mlb,mlb_20260327_colorado_rockies_miami_marlins,Mar 27,,Colorado Rockies,Miami Marlins,163.0,15.0,85.0,33.0,67.0,7.5,73.0,27.0,79.0,21.0,24.0,76.0,28.0,72.0,18.0,6.0,True,False,1,,,,,,,,,,,,
2026-03-27T13:35:22.735864-04:00,vsin_dk,draftkings,mlb,mlb_20260327_kansas_city_royals_atlanta_braves,Mar 27,,Kansas City Royals,Atlanta Braves,119.0,21.0,79.0,37.0,63.0,7.5,56.0,44.0,44.0,56.0,34.0,66.0,18.0,82.0,16.0,12.0,True,False,1,,,,,,,,,,,,
2026-03-27T13:35:22.735864-04:00,vsin_dk,draftkings,mlb,mlb_20260327_los_angeles_angels_houston_astros,Mar 27,,Los Angeles Angels,Houston Astros,135.0,20.0,80.0,27.0,73.0,8.5,57.0,43.0,56.0,44.0,37.0,63.0,11.0,89.0,7.0,1.0,False,False,1,,,,,,,,,,,,
2026-03-27T13:35:22.735864-04:00,vsin_dk,draftkings,mlb,mlb_20260327_detroit_tigers_san_diego_padres,Mar 27,,Detroit Tigers,San Diego Padres,104.0,62.0,38.0,71.0,29.0,7.5,70.0,30.0,33.0,67.0,42.0,58.0,32.0,68.0,9.0,37.0,False,True,1,,,,,,,,,,,,
2026-03-27T13:35:22.735864-04:00,vsin_dk,draftkings,mlb,mlb_20260327_cleveland_guardians_seattle_mariners,Mar 27,,Cleveland Guardians,Seattle Mariners,144.0,22.0,78.0,28.0,72.0,7.0,61.0,39.0,16.0,84.0,38.0,62.0,16.0,84.0,6.0,45.0,False,True,1,,,,,,,,,,,,
2026-03-27T13:35:22.735864-04:00,vsin_dk,draftkings,mlb,mlb_20260327_arizona_diamondbacks_los_angeles_dodgers,Mar 27,,Arizona Diamondbacks,Los Angeles Dodgers,209.0,9.0,91.0,46.0,54.0,8.5,82.0,18.0,84.0,16.0,10.0,90.0,22.0,78.0,37.0,2.0,True,False,1,,,,,,,,,,,,
2026-03-27T13:35:43.996489-04:00,vsin_circa,circa,mlb,mlb_20260327_new_york_yankees_san_francisco_giants,Mar 27,,New York Yankees,San Francisco Giants,-128.0,65.0,35.0,34.0,66.0,8.0,64.0,36.0,91.0,9.0,78.0,22.0,98.0,2.0,31.0,27.0,True,True,1,,,,,,,,,,,,
2026-03-27T13:35:43.996489-04:00,vsin_circa,circa,mlb,mlb_20260327_athletics_toronto_blue_jays,Mar 27,,Athletics,Toronto Blue Jays,154.0,46.0,54.0,28.0,72.0,8.5,67.0,33.0,86.0,14.0,,100.0,,100.0,18.0,19.0,True,True,1,,,,,,,,,,,,
2026-03-27T13:35:43.996489-04:00,vsin_circa,circa,mlb,mlb_20260327_colorado_rockies_miami_marlins,Mar 27,,Colorado Rockies,Miami Marlins,167.0,63.0,38.0,8.0,92.0,7.5,100.0,,100.0,,50.0,50.0,59.0,41.0,54.0,0.0,True,False,1,,,,,,,,,,,,
2026-03-27T13:35:43.996489-04:00,vsin_circa,circa,mlb,mlb_20260327_kansas_city_royals_atlanta_braves,Mar 27,,Kansas City Royals,Atlanta Braves,123.0,29.0,71.0,28.0,72.0,7.5,25.0,75.0,97.0,3.0,50.0,50.0,100.0,,1.0,72.0,False,True,1,,,,,,,,,,,,
2026-03-27T13:35:43.996489-04:00,vsin_circa,circa,mlb,mlb_20260327_los_angeles_angels_houston_astros,Mar 27,,Los Angeles Angels,Houston Astros,142.0,71.0,29.0,51.0,49.0,8.5,,100.0,,100.0,50.0,50.0,50.0,50.0,20.0,,True,,1,,,,,,,,,,,,
2026-03-27T13:35:43.996489-04:00,vsin_circa,circa,mlb,mlb_20260327_detroit_tigers_san_diego_padres,Mar 27,,Detroit Tigers,San Diego Padres,108.0,86.0,14.0,98.0,2.0,7.5,,100.0,,100.0,50.0,50.0,85.0,15.0,12.0,,False,,1,,,,,,,,,,,,
2026-03-27T13:35:43.996489-04:00,vsin_circa,circa,mlb,mlb_20260327_cleveland_guardians_seattle_mariners,Mar 27,,Cleveland Guardians,Seattle Mariners,152.0,68.0,32.0,13.0,87.0,7.0,,100.0,,100.0,,100.0,,100.0,55.0,,True,,1,,,,,,,,,,,,
2026-03-27T13:35:43.996489-04:00,vsin_circa,circa,mlb,mlb_20260327_arizona_diamondbacks_los_angeles_dodgers,Mar 27,,Arizona Diamondbacks,Los Angeles Dodgers,213.0,60.0,40.0,7.0,93.0,8.5,100.0,,100.0,,14.0,86.0,1.0,99.0,53.0,0.0,True,False,1,,,,,,,,,,,,
2026-03-27T14:14:59.469805-04:00,vsin_dk,draftkings,mlb,mlb_20260327_new_york_yankees_san_francisco_giants,Mar 27,,New York Yankees,San Francisco Giants,-136.0,83.0,17.0,78.0,22.0,8.5,75.0,25.0,67.0,33.0,79.0,21.0,83.0,17.0,5.0,8.0,False,False,1,,,,,,,,,,,,
2026-03-27T14:14:59.469805-04:00,vsin_dk,draftkings,mlb,mlb_20260327_athletics_toronto_blue_jays,Mar 27,,Athletics,Toronto Blue Jays,149.0,13.0,87.0,35.0,65.0,8.5,66.0,34.0,50.0,50.0,19.0,81.0,31.0,69.0,22.0,16.0,True,True,1,,,,,,,,,,,,
2026-03-27T14:14:59.469805-04:00,vsin_dk,draftkings,mlb,mlb_20260327_colorado_rockies_miami_marlins,Mar 27,,Colorado Rockies,Miami Marlins,163.0,16.0,84.0,34.0,66.0,7.5,73.0,27.0,79.0,21.0,24.0,76.0,46.0,54.0,18.0,6.0,True,False,1,,,,,,,,,,,,
2026-03-27T14:14:59.469805-04:00,vsin_dk,draftkings,mlb,mlb_20260327_kansas_city_royals_atlanta_braves,Mar 27,,Kansas City Royals,Atlanta Braves,119.0,21.0,79.0,37.0,63.0,7.5,55.0,45.0,40.0,60.0,34.0,66.0,18.0,82.0,16.0,15.0,True,True,1,,,,,,,,,,,,
2026-03-27T14:14:59.469805-04:00,vsin_dk,draftkings,mlb,mlb_20260327_los_angeles_angels_houston_astros,Mar 27,,Los Angeles Angels,Houston Astros,135.0,19.0,81.0,26.0,74.0,8.5,57.0,43.0,56.0,44.0,37.0,63.0,10.0,90.0,7.0,1.0,False,False,1,,,,,,,,,,,,
2026-03-27T14:14:59.469805-04:00,vsin_dk,draftkings,mlb,mlb_20260327_detroit_tigers_san_diego_padres,Mar 27,,Detroit Tigers,San Diego Padres,104.0,62.0,38.0,70.0,30.0,7.5,70.0,30.0,33.0,67.0,42.0,58.0,33.0,67.0,8.0,37.0,False,True,1,,,,,,,,,,,,
2026-03-27T14:14:59.469805-04:00,vsin_dk,draftkings,mlb,mlb_20260327_cleveland_guardians_seattle_mariners,Mar 27,,Cleveland Guardians,Seattle Mariners,144.0,22.0,78.0,27.0,73.0,7.0,60.0,40.0,16.0,84.0,39.0,61.0,30.0,70.0,5.0,44.0,False,True,1,,,,,,,,,,,,
2026-03-27T14:14:59.469805-04:00,vsin_dk,draftkings,mlb,mlb_20260327_arizona_diamondbacks_los_angeles_dodgers,Mar 27,,Arizona Diamondbacks,Los Angeles Dodgers,209.0,9.0,91.0,44.0,56.0,8.5,82.0,18.0,83.0,17.0,10.0,90.0,21.0,79.0,35.0,1.0,True,False,1,,,,,,,,,,,,
2026-03-27T14:15:20.544453-04:00,vsin_circa,circa,mlb,mlb_20260327_new_york_yankees_san_francisco_giants,Mar 27,,New York Yankees,San Francisco Giants,-128.0,62.0,38.0,35.0,65.0,8.0,69.0,31.0,95.0,5.0,78.0,22.0,98.0,2.0,27.0,26.0,True,True,1,,,,,,,,,,,,
2026-03-27T14:15:20.544453-04:00,vsin_circa,circa,mlb,mlb_20260327_athletics_toronto_blue_jays,Mar 27,,Athletics,Toronto Blue Jays,154.0,48.0,52.0,32.0,68.0,8.5,67.0,33.0,86.0,14.0,25.0,75.0,97.0,3.0,16.0,19.0,True,True,1,,,,,,,,,,,,
2026-03-27T14:15:20.544453-04:00,vsin_circa,circa,mlb,mlb_20260327_colorado_rockies_miami_marlins,Mar 27,,Colorado Rockies,Miami Marlins,167.0,65.0,35.0,8.0,92.0,7.5,100.0,,100.0,,50.0,50.0,11.0,89.0,57.0,0.0,True,False,1,,,,,,,,,,,,
2026-03-27T14:15:20.544453-04:00,vsin_circa,circa,mlb,mlb_20260327_kansas_city_royals_atlanta_braves,Mar 27,,Kansas City Royals,Atlanta Braves,123.0,39.0,61.0,30.0,70.0,7.5,40.0,60.0,98.0,2.0,75.0,25.0,100.0,,9.0,58.0,False,True,1,,,,,,,,,,,,
2026-03-27T14:15:20.544453-04:00,vsin_circa,circa,mlb,mlb_20260327_los_angeles_angels_houston_astros,Mar 27,,Los Angeles Angels,Houston Astros,142.0,67.0,33.0,24.0,76.0,8.5,,100.0,,100.0,100.0,,100.0,,43.0,,True,,1,,,,,,,,,,,,
2026-03-27T14:15:20.544453-04:00,vsin_circa,circa,mlb,mlb_20260327_detroit_tigers_san_diego_padres,Mar 27,,Detroit Tigers,San Diego Padres,108.0,91.0,9.0,100.0,,7.5,50.0,50.0,99.0,1.0,67.0,33.0,88.0,12.0,,49.0,,True,1,,,,,,,,,,,,
2026-03-27T14:15:20.544453-04:00,vsin_circa,circa,mlb,mlb_20260327_cleveland_guardians_seattle_mariners,Mar 27,,Cleveland Guardians,Seattle Mariners,152.0,70.0,30.0,17.0,83.0,7.0,,100.0,,100.0,,100.0,,100.0,53.0,,True,,1,,,,,,,,,,,,
2026-03-27T14:15:20.544453-04:00,vsin_circa,circa,mlb,mlb_20260327_arizona_diamondbacks_los_angeles_dodgers,Mar 27,,Arizona Diamondbacks,Los Angeles Dodgers,213.0,64.0,36.0,8.0,92.0,8.5,86.0,14.0,88.0,12.0,20.0,80.0,1.0,99.0,56.0,2.0,True,False,1,,,,,,,,,,,,
2026-03-27T14:35:14.658094-04:00,vsin_dk,draftkings,mlb,mlb_20260327_new_york_yankees_san_francisco_giants,Mar 27,,New York Yankees,San Francisco Giants,-136.0,83.0,17.0,78.0,22.0,8.5,75.0,25.0,67.0,33.0,79.0,21.0,85.0,15.0,5.0,8.0,False,False,1,,,,,,,,,,,,
2026-03-27T14:35:14.658094-04:00,vsin_dk,draftkings,mlb,mlb_20260327_athletics_toronto_blue_jays,Mar 27,,Athletics,Toronto Blue Jays,149.0,12.0,88.0,35.0,65.0,8.5,67.0,33.0,52.0,48.0,19.0,81.0,30.0,70.0,23.0,15.0,True,True,1,,,,,,,,,,,,
2026-03-27T14:35:14.658094-04:00,vsin_dk,draftkings,mlb,mlb_20260327_colorado_rockies_miami_marlins,Mar 27,,Colorado Rockies,Miami Marlins,163.0,15.0,85.0,33.0,67.0,7.5,74.0,26.0,80.0,20.0,24.0,76.0,47.0,53.0,18.0,6.0,True,False,1,,,,,,,,,,,,
2026-03-27T14:35:14.658094-04:00,vsin_dk,draftkings,mlb,mlb_20260327_kansas_city_royals_atlanta_braves,Mar 27,,Kansas City Royals,Atlanta Braves,119.0,21.0,79.0,37.0,63.0,7.0,55.0,45.0,39.0,61.0,34.0,66.0,18.0,82.0,16.0,16.0,True,True,1,,,,,,,,,,,,
2026-03-27T14:35:14.658094-04:00,vsin_dk,draftkings,mlb,mlb_20260327_los_angeles_angels_houston_astros,Mar 27,,Los Angeles Angels,Houston Astros,135.0,19.0,81.0,26.0,74.0,8.5,58.0,42.0,58.0,42.0,37.0,63.0,10.0,90.0,7.0,0.0,False,False,1,,,,,,,,,,,,
2026-03-27T14:35:14.658094-04:00,vsin_dk,draftkings,mlb,mlb_20260327_detroit_tigers_san_diego_padres,Mar 27,,Detroit Tigers,San Diego Padres,104.0,62.0,38.0,70.0,30.0,7.5,70.0,30.0,32.0,68.0,42.0,58.0,34.0,66.0,8.0,38.0,False,True,1,,,,,,,,,,,,
2026-03-27T14:35:14.658094-04:00,vsin_dk,draftkings,mlb,mlb_20260327_cleveland_guardians_seattle_mariners,Mar 27,,Cleveland Guardians,Seattle Mariners,141.0,21.0,79.0,27.0,73.0,7.0,61.0,39.0,17.0,83.0,39.0,61.0,29.0,71.0,6.0,44.0,False,True,1,,,,,,,,,,,,
2026-03-27T14:35:14.658094-04:00,vsin_dk,draftkings,mlb,mlb_20260327_arizona_diamondbacks_los_angeles_dodgers,Mar 27,,Arizona Diamondbacks,Los Angeles Dodgers,209.0,9.0,91.0,43.0,57.0,8.5,82.0,18.0,84.0,16.0,10.0,90.0,20.0,80.0,34.0,2.0,True,False,1,,,,,,,,,,,,
2026-03-27T14:35:36.424441-04:00,vsin_circa,circa,mlb,mlb_20260327_new_york_yankees_san_francisco_giants,Mar 27,,New York Yankees,San Francisco Giants,-128.0,62.0,38.0,35.0,65.0,8.5,71.0,29.0,95.0,5.0,82.0,18.0,98.0,2.0,27.0,24.0,True,True,1,,,,,,,,,,,,
2026-03-27T14:35:36.424441-04:00,vsin_circa,circa,mlb,mlb_20260327_athletics_toronto_blue_jays,Mar 27,,Athletics,Toronto Blue Jays,154.0,52.0,48.0,33.0,67.0,8.5,67.0,33.0,86.0,14.0,20.0,80.0,95.0,5.0,19.0,19.0,True,True,1,,,,,,,,,,,,
2026-03-27T14:35:36.424441-04:00,vsin_circa,circa,mlb,mlb_20260327_colorado_rockies_miami_marlins,Mar 27,,Colorado Rockies,Miami Marlins,170.0,67.0,33.0,9.0,91.0,7.5,100.0,,100.0,,50.0,50.0,11.0,89.0,58.0,0.0,True,False,1,,,,,,,,,,,,
2026-03-27T14:35:36.424441-04:00,vsin_circa,circa,mlb,mlb_20260327_kansas_city_royals_atlanta_braves,Mar 27,,Kansas City Royals,Atlanta Braves,123.0,41.0,59.0,30.0,70.0,7.5,40.0,60.0,98.0,2.0,75.0,25.0,100.0,,11.0,58.0,False,True,1,,,,,,,,,,,,
2026-03-27T14:35:36.424441-04:00,vsin_circa,circa,mlb,mlb_20260327_los_angeles_angels_houston_astros,Mar 27,,Los Angeles Angels,Houston Astros,142.0,73.0,27.0,54.0,46.0,8.5,,100.0,,100.0,100.0,,100.0,,19.0,,True,,1,,,,,,,,,,,,
2026-03-27T14:35:36.424441-04:00,vsin_circa,circa,mlb,mlb_20260327_detroit_tigers_san_diego_padres,Mar 27,,Detroit Tigers,San Diego Padres,108.0,92.0,8.0,100.0,,7.5,50.0,50.0,99.0,1.0,67.0,33.0,88.0,12.0,,49.0,,True,1,,,,,,,,,,,,
2026-03-27T14:35:36.424441-04:00,vsin_circa,circa,mlb,mlb_20260327_cleveland_guardians_seattle_mariners,Mar 27,,Cleveland Guardians,Seattle Mariners,152.0,71.0,29.0,18.0,82.0,7.0,,100.0,,100.0,,100.0,,100.0,53.0,,True,,1,,,,,,,,,,,,
2026-03-27T14:35:36.424441-04:00,vsin_circa,circa,mlb,mlb_20260327_arizona_diamondbacks_los_angeles_dodgers,Mar 27,,Arizona Diamondbacks,Los Angeles Dodgers,213.0,64.0,36.0,8.0,92.0,8.5,86.0,14.0,88.0,12.0,23.0,77.0,1.0,99.0,56.0,2.0,True,False,1,,,,,,,,,,,,
2026-03-27T15:05:09.261196-04:00,vsin_dk,draftkings,mlb,mlb_20260327_new_york_yankees_san_francisco_giants,Mar 27,,New York Yankees,San Francisco Giants,-136.0,83.0,17.0,78.0,22.0,8.5,74.0,26.0,66.0,34.0,79.0,21.0,85.0,15.0,5.0,8.0,False,False,1,,,,,,,,,,,,
2026-03-27T15:05:09.261196-04:00,vsin_dk,draftkings,mlb,mlb_20260327_athletics_toronto_blue_jays,Mar 27,,Athletics,Toronto Blue Jays,149.0,12.0,88.0,34.0,66.0,8.5,68.0,32.0,53.0,47.0,19.0,81.0,33.0,67.0,22.0,15.0,True,True,1,,,,,,,,,,,,
2026-03-27T15:05:09.261196-04:00,vsin_dk,draftkings,mlb,mlb_20260327_colorado_rockies_miami_marlins,Mar 27,,Colorado Rockies,Miami Marlins,163.0,16.0,84.0,33.0,67.0,8.0,73.0,27.0,80.0,20.0,24.0,76.0,45.0,55.0,17.0,7.0,True,False,1,,,,,,,,,,,,
2026-03-27T15:05:09.261196-04:00,vsin_dk,draftkings,mlb,mlb_20260327_kansas_city_royals_atlanta_braves,Mar 27,,Kansas City Royals,Atlanta Braves,119.0,21.0,79.0,37.0,63.0,7.5,56.0,44.0,39.0,61.0,34.0,66.0,18.0,82.0,16.0,17.0,True,True,1,,,,,,,,,,,,
2026-03-27T15:05:09.261196-04:00,vsin_dk,draftkings,mlb,mlb_20260327_los_angeles_angels_houston_astros,Mar 27,,Los Angeles Angels,Houston Astros,135.0,19.0,81.0,25.0,75.0,8.5,58.0,42.0,58.0,42.0,37.0,63.0,12.0,88.0,6.0,0.0,False,False,1,,,,,,,,,,,,
2026-03-27T15:05:09.261196-04:00,vsin_dk,draftkings,mlb,mlb_20260327_detroit_tigers_san_diego_padres,Mar 27,,Detroit Tigers,San Diego Padres,109.0,62.0,38.0,70.0,30.0,7.5,71.0,29.0,34.0,66.0,43.0,57.0,34.0,66.0,8.0,37.0,False,True,1,,,,,,,,,,,,
2026-03-27T15:05:09.261196-04:00,vsin_dk,draftkings,mlb,mlb_20260327_cleveland_guardians_seattle_mariners,Mar 27,,Cleveland Guardians,Seattle Mariners,141.0,21.0,79.0,27.0,73.0,7.0,62.0,38.0,21.0,79.0,39.0,61.0,29.0,71.0,6.0,41.0,False,True,1,,,,,,,,,,,,
2026-03-27T15:05:09.261196-04:00,vsin_dk,draftkings,mlb,mlb_20260327_arizona_diamondbacks_los_angeles_dodgers,Mar 27,,Arizona Diamondbacks,Los Angeles Dodgers,209.0,9.0,91.0,43.0,57.0,8.5,82.0,18.0,84.0,16.0,10.0,90.0,20.0,80.0,34.0,2.0,True,False,1,,,,,,,,,,,,
2026-03-27T15:05:29.614097-04:00,vsin_circa,circa,mlb,mlb_20260327_new_york_yankees_san_francisco_giants,Mar 27,,New York Yankees,San Francisco Giants,-128.0,67.0,33.0,36.0,64.0,8.5,74.0,26.0,95.0,5.0,82.0,18.0,98.0,2.0,31.0,21.0,True,True,1,,,,,,,,,,,,
2026-03-27T15:05:29.614097-04:00,vsin_circa,circa,mlb,mlb_20260327_athletics_toronto_blue_jays,Mar 27,,Athletics,Toronto Blue Jays,154.0,50.0,50.0,33.0,67.0,8.5,57.0,43.0,39.0,61.0,17.0,83.0,86.0,14.0,17.0,18.0,True,True,1,,,,,,,,,,,,
2026-03-27T15:05:29.614097-04:00,vsin_circa,circa,mlb,mlb_20260327_colorado_rockies_miami_marlins,Mar 27,,Colorado Rockies,Miami Marlins,170.0,63.0,37.0,9.0,91.0,7.5,100.0,,100.0,,50.0,50.0,11.0,89.0,54.0,0.0,True,False,1,,,,,,,,,,,,
2026-03-27T15:05:29.614097-04:00,vsin_circa,circa,mlb,mlb_20260327_kansas_city_royals_atlanta_braves,Mar 27,,Kansas City Royals,Atlanta Braves,123.0,39.0,61.0,30.0,70.0,7.5,40.0,60.0,98.0,2.0,75.0,25.0,100.0,,9.0,58.0,False,True,1,,,,,,,,,,,,
2026-03-27T15:05:29.614097-04:00,vsin_circa,circa,mlb,mlb_20260327_los_angeles_angels_houston_astros,Mar 27,,Los Angeles Angels,Houston Astros,142.0,67.0,33.0,53.0,47.0,8.5,,100.0,,100.0,100.0,,100.0,,14.0,,False,,1,,,,,,,,,,,,
2026-03-27T15:05:29.614097-04:00,vsin_circa,circa,mlb,mlb_20260327_detroit_tigers_san_diego_padres,Mar 27,,Detroit Tigers,San Diego Padres,108.0,85.0,15.0,96.0,4.0,7.5,50.0,50.0,91.0,9.0,67.0,33.0,88.0,12.0,11.0,41.0,False,True,1,,,,,,,,,,,,
2026-03-27T15:05:29.614097-04:00,vsin_circa,circa,mlb,mlb_20260327_cleveland_guardians_seattle_mariners,Mar 27,,Cleveland Guardians,Seattle Mariners,152.0,67.0,33.0,18.0,82.0,7.0,20.0,80.0,14.0,86.0,,100.0,,100.0,49.0,6.0,True,False,1,,,,,,,,,,,,
2026-03-27T15:05:29.614097-04:00,vsin_circa,circa,mlb,mlb_20260327_arizona_diamondbacks_los_angeles_dodgers,Mar 27,,Arizona Diamondbacks,Los Angeles Dodgers,213.0,69.0,31.0,8.0,92.0,8.5,89.0,11.0,91.0,9.0,20.0,80.0,1.0,99.0,61.0,2.0,True,False,1,,,,,,,,,,,,
2026-03-27T15:19:50.562540-04:00,vsin_dk,draftkings,mlb,mlb_20260327_new_york_yankees_san_francisco_giants,Mar 27,,New York Yankees,San Francisco Giants,-136.0,83.0,17.0,76.0,24.0,8.5,73.0,27.0,65.0,35.0,79.0,21.0,84.0,16.0,7.0,8.0,False,False,1,,,,,,,,,,,,
2026-03-27T15:19:50.562540-04:00,vsin_dk,draftkings,mlb,mlb_20260327_athletics_toronto_blue_jays,Mar 27,,Athletics,Toronto Blue Jays,149.0,12.0,88.0,34.0,66.0,8.5,68.0,32.0,54.0,46.0,19.0,81.0,33.0,67.0,22.0,14.0,True,False,1,,,,,,,,,,,,
2026-03-27T15:19:50.562540-04:00,vsin_dk,draftkings,mlb,mlb_20260327_colorado_rockies_miami_marlins,Mar 27,,Colorado Rockies,Miami Marlins,163.0,16.0,84.0,33.0,67.0,8.0,73.0,27.0,79.0,21.0,24.0,76.0,45.0,55.0,17.0,6.0,True,False,1,,,,,,,,,,,,
2026-03-27T15:19:50.562540-04:00,vsin_dk,draftkings,mlb,mlb_20260327_kansas_city_royals_atlanta_braves,Mar 27,,Kansas City Royals,Atlanta Braves,119.0,22.0,78.0,36.0,64.0,7.5,56.0,44.0,39.0,61.0,33.0,67.0,17.0,83.0,14.0,17.0,False,True,1,,,,,,,,,,,,
2026-03-27T15:19:50.562540-04:00,vsin_dk,draftkings,mlb,mlb_20260327_los_angeles_angels_houston_astros,Mar 27,,Los Angeles Angels,Houston Astros,135.0,20.0,80.0,24.0,76.0,8.5,58.0,42.0,60.0,40.0,37.0,63.0,12.0,88.0,4.0,2.0,False,False,1,,,,,,,,,,,,
2026-03-27T15:19:50.562540-04:00,vsin_dk,draftkings,mlb,mlb_20260327_detroit_tigers_san_diego_padres,Mar 27,,Detroit Tigers,San Diego Padres,109.0,61.0,39.0,70.0,30.0,7.5,70.0,30.0,34.0,66.0,45.0,55.0,35.0,65.0,9.0,36.0,False,True,1,,,,,,,,,,,,
2026-03-27T15:19:50.562540-04:00,vsin_dk,draftkings,mlb,mlb_20260327_cleveland_guardians_seattle_mariners,Mar 27,,Cleveland Guardians,Seattle Mariners,141.0,21.0,79.0,27.0,73.0,7.0,62.0,38.0,22.0,78.0,40.0,60.0,30.0,70.0,6.0,40.0,False,True,1,,,,,,,,,,,,
2026-03-27T15:19:50.562540-04:00,vsin_dk,draftkings,mlb,mlb_20260327_arizona_diamondbacks_los_angeles_dodgers,Mar 27,,Arizona Diamondbacks,Los Angeles Dodgers,209.0,8.0,92.0,42.0,58.0,8.5,82.0,18.0,83.0,17.0,11.0,89.0,20.0,80.0,34.0,1.0,True,False,1,,,,,,,,,,,,
2026-03-27T15:20:11.949894-04:00,vsin_circa,circa,mlb,mlb_20260327_new_york_yankees_san_francisco_giants,Mar 27,,New York Yankees,San Francisco Giants,-128.0,66.0,34.0,36.0,64.0,8.5,71.0,29.0,95.0,5.0,82.0,18.0,98.0,2.0,30.0,24.0,True,True,1,,,,,,,,,,,,
2026-03-27T15:20:11.949894-04:00,vsin_circa,circa,mlb,mlb_20260327_athletics_toronto_blue_jays,Mar 27,,Athletics,Toronto Blue Jays,154.0,50.0,50.0,33.0,67.0,8.5,57.0,43.0,39.0,61.0,25.0,75.0,95.0,5.0,17.0,18.0,True,True,1,,,,,,,,,,,,
2026-03-27T15:20:11.949894-04:00,vsin_circa,circa,mlb,mlb_20260327_colorado_rockies_miami_marlins,Mar 27,,Colorado Rockies,Miami Marlins,170.0,63.0,37.0,9.0,91.0,7.5,100.0,,100.0,,50.0,50.0,11.0,89.0,54.0,0.0,True,False,1,,,,,,,,,,,,
2026-03-27T15:20:11.949894-04:00,vsin_circa,circa,mlb,mlb_20260327_kansas_city_royals_atlanta_braves,Mar 27,,Kansas City Royals,Atlanta Braves,126.0,38.0,62.0,10.0,90.0,7.5,40.0,60.0,98.0,2.0,75.0,25.0,100.0,,28.0,58.0,True,True,1,,,,,,,,,,,,
2026-03-27T15:20:11.949894-04:00,vsin_circa,circa,mlb,mlb_20260327_los_angeles_angels_houston_astros,Mar 27,,Los Angeles Angels,Houston Astros,142.0,67.0,33.0,53.0,47.0,8.5,,100.0,,100.0,100.0,,100.0,,14.0,,False,,1,,,,,,,,,,,,
2026-03-27T15:20:11.949894-04:00,vsin_circa,circa,mlb,mlb_20260327_detroit_tigers_san_diego_padres,Mar 27,,Detroit Tigers,San Diego Padres,108.0,85.0,15.0,96.0,4.0,7.5,50.0,50.0,91.0,9.0,67.0,33.0,88.0,12.0,11.0,41.0,False,True,1,,,,,,,,,,,,
2026-03-27T15:20:11.949894-04:00,vsin_circa,circa,mlb,mlb_20260327_cleveland_guardians_seattle_mariners,Mar 27,,Cleveland Guardians,Seattle Mariners,152.0,64.0,36.0,17.0,83.0,7.0,20.0,80.0,14.0,86.0,,100.0,,100.0,47.0,6.0,True,False,1,,,,,,,,,,,,
2026-03-27T15:20:11.949894-04:00,vsin_circa,circa,mlb,mlb_20260327_arizona_diamondbacks_los_angeles_dodgers,Mar 27,,Arizona Diamondbacks,Los Angeles Dodgers,213.0,69.0,31.0,8.0,92.0,8.5,89.0,11.0,91.0,9.0,18.0,82.0,1.0,99.0,61.0,2.0,True,False,1,,,,,,,,,,,,
2026-03-27T15:35:16.644491-04:00,vsin_dk,draftkings,mlb,mlb_20260327_new_york_yankees_san_francisco_giants,Mar 27,,New York Yankees,San Francisco Giants,-136.0,83.0,17.0,75.0,25.0,8.5,72.0,28.0,65.0,35.0,79.0,21.0,84.0,16.0,8.0,7.0,False,False,1,,,,,,,,,,,,
2026-03-27T15:35:16.644491-04:00,vsin_dk,draftkings,mlb,mlb_20260327_athletics_toronto_blue_jays,Mar 27,,Athletics,Toronto Blue Jays,149.0,12.0,88.0,34.0,66.0,8.5,69.0,31.0,55.0,45.0,19.0,81.0,35.0,65.0,22.0,14.0,True,False,1,,,,,,,,,,,,
2026-03-27T15:35:16.644491-04:00,vsin_dk,draftkings,mlb,mlb_20260327_colorado_rockies_miami_marlins,Mar 27,,Colorado Rockies,Miami Marlins,163.0,16.0,84.0,33.0,67.0,8.0,72.0,28.0,78.0,22.0,24.0,76.0,45.0,55.0,17.0,6.0,True,False,1,,,,,,,,,,,,
2026-03-27T15:35:16.644491-04:00,vsin_dk,draftkings,mlb,mlb_20260327_kansas_city_royals_atlanta_braves,Mar 27,,Kansas City Royals,Atlanta Braves,119.0,22.0,78.0,36.0,64.0,7.5,56.0,44.0,39.0,61.0,33.0,67.0,17.0,83.0,14.0,17.0,False,True,1,,,,,,,,,,,,
2026-03-27T15:35:16.644491-04:00,vsin_dk,draftkings,mlb,mlb_20260327_los_angeles_angels_houston_astros,Mar 27,,Los Angeles Angels,Houston Astros,135.0,20.0,80.0,24.0,76.0,8.5,57.0,43.0,62.0,38.0,38.0,62.0,12.0,88.0,4.0,5.0,False,False,1,,,,,,,,,,,,
2026-03-27T15:35:16.644491-04:00,vsin_dk,draftkings,mlb,mlb_20260327_detroit_tigers_san_diego_padres,Mar 27,,Detroit Tigers,San Diego Padres,109.0,61.0,39.0,70.0,30.0,7.5,70.0,30.0,34.0,66.0,46.0,54.0,39.0,61.0,9.0,36.0,False,True,1,,,,,,,,,,,,
2026-03-27T15:35:16.644491-04:00,vsin_dk,draftkings,mlb,mlb_20260327_cleveland_guardians_seattle_mariners,Mar 27,,Cleveland Guardians,Seattle Mariners,141.0,21.0,79.0,27.0,73.0,7.0,62.0,38.0,22.0,78.0,40.0,60.0,30.0,70.0,6.0,40.0,False,True,1,,,,,,,,,,,,
2026-03-27T15:35:16.644491-04:00,vsin_dk,draftkings,mlb,mlb_20260327_arizona_diamondbacks_los_angeles_dodgers,Mar 27,,Arizona Diamondbacks,Los Angeles Dodgers,209.0,8.0,92.0,42.0,58.0,8.5,82.0,18.0,83.0,17.0,11.0,89.0,20.0,80.0,34.0,1.0,True,False,1,,,,,,,,,,,,
2026-03-27T15:35:37.214461-04:00,vsin_circa,circa,mlb,mlb_20260327_new_york_yankees_san_francisco_giants,Mar 27,,New York Yankees,San Francisco Giants,-132.0,65.0,35.0,36.0,64.0,8.5,71.0,29.0,95.0,5.0,83.0,17.0,99.0,1.0,29.0,24.0,True,True,1,,,,,,,,,,,,
2026-03-27T15:35:37.214461-04:00,vsin_circa,circa,mlb,mlb_20260327_athletics_toronto_blue_jays,Mar 27,,Athletics,Toronto Blue Jays,154.0,50.0,50.0,22.0,78.0,8.5,57.0,43.0,39.0,61.0,25.0,75.0,95.0,5.0,28.0,18.0,True,True,1,,,,,,,,,,,,
2026-03-27T15:35:37.214461-04:00,vsin_circa,circa,mlb,mlb_20260327_colorado_rockies_miami_marlins,Mar 27,,Colorado Rockies,Miami Marlins,170.0,62.0,38.0,5.0,95.0,7.5,100.0,,100.0,,50.0,50.0,11.0,89.0,57.0,0.0,True,False,1,,,,,,,,,,,,
2026-03-27T15:35:37.214461-04:00,vsin_circa,circa,mlb,mlb_20260327_kansas_city_royals_atlanta_braves,Mar 27,,Kansas City Royals,Atlanta Braves,126.0,38.0,62.0,10.0,90.0,7.5,40.0,60.0,98.0,2.0,60.0,40.0,99.0,1.0,28.0,58.0,True,True,1,,,,,,,,,,,,
2026-03-27T15:35:37.214461-04:00,vsin_circa,circa,mlb,mlb_20260327_los_angeles_angels_houston_astros,Mar 27,,Los Angeles Angels,Houston Astros,142.0,67.0,33.0,53.0,47.0,8.5,,100.0,,100.0,100.0,,100.0,,14.0,,False,,1,,,,,,,,,,,,
2026-03-27T15:35:37.214461-04:00,vsin_circa,circa,mlb,mlb_20260327_detroit_tigers_san_diego_padres,Mar 27,,Detroit Tigers,San Diego Padres,108.0,86.0,14.0,96.0,4.0,7.5,50.0,50.0,91.0,9.0,67.0,33.0,88.0,12.0,10.0,41.0,False,True,1,,,,,,,,,,,,
2026-03-27T15:35:37.214461-04:00,vsin_circa,circa,mlb,mlb_20260327_cleveland_guardians_seattle_mariners,Mar 27,,Cleveland Guardians,Seattle Mariners,152.0,65.0,35.0,18.0,82.0,7.0,20.0,80.0,14.0,86.0,,100.0,,100.0,47.0,6.0,True,False,1,,,,,,,,,,,,
2026-03-27T15:35:37.214461-04:00,vsin_circa,circa,mlb,mlb_20260327_arizona_diamondbacks_los_angeles_dodgers,Mar 27,,Arizona Diamondbacks,Los Angeles Dodgers,213.0,67.0,33.0,2.0,98.0,8.5,89.0,11.0,91.0,9.0,17.0,83.0,1.0,99.0,65.0,2.0,True,False,1,,,,,,,,,,,,
2026-03-27T16:00:08.095380-04:00,vsin_dk,draftkings,mlb,mlb_20260327_new_york_yankees_san_francisco_giants,Mar 27,,New York Yankees,San Francisco Giants,-136.0,83.0,17.0,75.0,25.0,8.5,72.0,28.0,62.0,38.0,79.0,21.0,84.0,16.0,8.0,10.0,False,False,1,,,,,,,,,,,,
2026-03-27T16:00:08.095380-04:00,vsin_dk,draftkings,mlb,mlb_20260327_athletics_toronto_blue_jays,Mar 27,,Athletics,Toronto Blue Jays,149.0,13.0,87.0,33.0,67.0,8.5,69.0,31.0,54.0,46.0,19.0,81.0,34.0,66.0,20.0,15.0,True,True,1,,,,,,,,,,,,
2026-03-27T16:00:08.095380-04:00,vsin_dk,draftkings,mlb,mlb_20260327_colorado_rockies_miami_marlins,Mar 27,,Colorado Rockies,Miami Marlins,163.0,16.0,84.0,32.0,68.0,8.0,71.0,29.0,76.0,24.0,24.0,76.0,45.0,55.0,16.0,5.0,True,False,1,,,,,,,,,,,,
2026-03-27T16:00:08.095380-04:00,vsin_dk,draftkings,mlb,mlb_20260327_kansas_city_royals_atlanta_braves,Mar 27,,Kansas City Royals,Atlanta Braves,123.0,22.0,78.0,35.0,65.0,7.5,57.0,43.0,39.0,61.0,33.0,67.0,16.0,84.0,13.0,18.0,False,True,1,,,,,,,,,,,,
2026-03-27T16:00:08.095380-04:00,vsin_dk,draftkings,mlb,mlb_20260327_los_angeles_angels_houston_astros,Mar 27,,Los Angeles Angels,Houston Astros,141.0,20.0,80.0,24.0,76.0,8.5,57.0,43.0,63.0,37.0,38.0,62.0,13.0,87.0,4.0,6.0,False,False,1,,,,,,,,,,,,
2026-03-27T16:00:08.095380-04:00,vsin_dk,draftkings,mlb,mlb_20260327_detroit_tigers_san_diego_padres,Mar 27,,Detroit Tigers,San Diego Padres,109.0,61.0,39.0,69.0,31.0,7.5,71.0,29.0,33.0,67.0,46.0,54.0,39.0,61.0,8.0,38.0,False,True,1,,,,,,,,,,,,
2026-03-27T16:00:08.095380-04:00,vsin_dk,draftkings,mlb,mlb_20260327_cleveland_guardians_seattle_mariners,Mar 27,,Cleveland Guardians,Seattle Mariners,141.0,21.0,79.0,27.0,73.0,7.0,62.0,38.0,22.0,78.0,41.0,59.0,30.0,70.0,6.0,40.0,False,True,1,,,,,,,,,,,,
2026-03-27T16:00:08.095380-04:00,vsin_dk,draftkings,mlb,mlb_20260327_arizona_diamondbacks_los_angeles_dodgers,Mar 27,,Arizona Diamondbacks,Los Angeles Dodgers,209.0,8.0,92.0,41.0,59.0,8.5,83.0,17.0,83.0,17.0,11.0,89.0,19.0,81.0,33.0,0.0,True,False,1,,,,,,,,,,,,
2026-03-27T16:00:29.422340-04:00,vsin_circa,circa,mlb,mlb_20260327_new_york_yankees_san_francisco_giants,Mar 27,,New York Yankees,San Francisco Giants,-134.0,64.0,36.0,57.0,43.0,8.5,70.0,30.0,94.0,6.0,86.0,14.0,99.0,1.0,7.0,24.0,False,True,1,,,,,,,,,,,,
2026-03-27T16:00:29.422340-04:00,vsin_circa,circa,mlb,mlb_20260327_athletics_toronto_blue_jays,Mar 27,,Athletics,Toronto Blue Jays,154.0,51.0,49.0,22.0,78.0,8.5,63.0,38.0,54.0,46.0,25.0,75.0,95.0,5.0,29.0,9.0,True,False,1,,,,,,,,,,,,
2026-03-27T16:00:29.422340-04:00,vsin_circa,circa,mlb,mlb_20260327_colorado_rockies_miami_marlins,Mar 27,,Colorado Rockies,Miami Marlins,170.0,63.0,38.0,19.0,81.0,7.5,100.0,,100.0,,50.0,50.0,11.0,89.0,43.0,0.0,True,False,1,,,,,,,,,,,,
2026-03-27T16:00:29.422340-04:00,vsin_circa,circa,mlb,mlb_20260327_kansas_city_royals_atlanta_braves,Mar 27,,Kansas City Royals,Atlanta Braves,129.0,39.0,61.0,5.0,95.0,7.5,50.0,50.0,98.0,2.0,50.0,50.0,97.0,3.0,34.0,48.0,True,True,1,,,,,,,,,,,,
2026-03-27T16:00:29.422340-04:00,vsin_circa,circa,mlb,mlb_20260327_los_angeles_angels_houston_astros,Mar 27,,Los Angeles Angels,Houston Astros,152.0,62.0,38.0,1.0,99.0,8.5,,100.0,,100.0,100.0,,100.0,,61.0,,True,,1,,,,,,,,,,,,
2026-03-27T16:00:29.422340-04:00,vsin_circa,circa,mlb,mlb_20260327_detroit_tigers_san_diego_padres,Mar 27,,Detroit Tigers,San Diego Padres,108.0,86.0,14.0,96.0,4.0,7.5,50.0,50.0,91.0,9.0,67.0,33.0,88.0,12.0,10.0,41.0,False,True,1,,,,,,,,,,,,
2026-03-27T16:00:29.422340-04:00,vsin_circa,circa,mlb,mlb_20260327_cleveland_guardians_seattle_mariners,Mar 27,,Cleveland Guardians,Seattle Mariners,152.0,61.0,39.0,17.0,83.0,7.0,20.0,80.0,14.0,86.0,,100.0,,100.0,44.0,6.0,True,False,1,,,,,,,,,,,,
2026-03-27T16:00:29.422340-04:00,vsin_circa,circa,mlb,mlb_20260327_arizona_diamondbacks_los_angeles_dodgers,Mar 27,,Arizona Diamondbacks,Los Angeles Dodgers,213.0,67.0,33.0,2.0,98.0,8.5,90.0,10.0,94.0,6.0,17.0,83.0,1.0,99.0,65.0,4.0,True,False,1,,,,,,,,,,,,
2026-03-27T16:29:10.092924-04:00,vsin_dk,draftkings,mlb,mlb_20260327_new_york_yankees_san_francisco_giants,Mar 27,,New York Yankees,San Francisco Giants,-136.0,83.0,17.0,74.0,26.0,8.5,71.0,29.0,63.0,37.0,78.0,22.0,83.0,17.0,9.0,8.0,False,False,1,,,,,,,,,,,,
2026-03-27T16:29:10.092924-04:00,vsin_dk,draftkings,mlb,mlb_20260327_athletics_toronto_blue_jays,Mar 27,,Athletics,Toronto Blue Jays,149.0,13.0,87.0,34.0,66.0,8.5,70.0,30.0,55.0,45.0,19.0,81.0,33.0,67.0,21.0,15.0,True,True,1,,,,,,,,,,,,
2026-03-27T16:29:10.092924-04:00,vsin_dk,draftkings,mlb,mlb_20260327_colorado_rockies_miami_marlins,Mar 27,,Colorado Rockies,Miami Marlins,163.0,16.0,84.0,32.0,68.0,8.0,71.0,29.0,75.0,25.0,24.0,76.0,44.0,56.0,16.0,4.0,True,False,1,,,,,,,,,,,,
2026-03-27T16:29:10.092924-04:00,vsin_dk,draftkings,mlb,mlb_20260327_kansas_city_royals_atlanta_braves,Mar 27,,Kansas City Royals,Atlanta Braves,123.0,22.0,78.0,35.0,65.0,7.5,57.0,43.0,25.0,75.0,33.0,67.0,16.0,84.0,13.0,32.0,False,True,1,,,,,,,,,,,,
2026-03-27T16:29:10.092924-04:00,vsin_dk,draftkings,mlb,mlb_20260327_los_angeles_angels_houston_astros,Mar 27,,Los Angeles Angels,Houston Astros,140.0,20.0,80.0,24.0,76.0,8.5,57.0,43.0,63.0,37.0,38.0,62.0,22.0,78.0,4.0,6.0,False,False,1,,,,,,,,,,,,
2026-03-27T16:29:10.092924-04:00,vsin_dk,draftkings,mlb,mlb_20260327_detroit_tigers_san_diego_padres,Mar 27,,Detroit Tigers,San Diego Padres,109.0,61.0,39.0,69.0,31.0,7.5,71.0,29.0,33.0,67.0,48.0,52.0,40.0,60.0,8.0,38.0,False,True,1,,,,,,,,,,,,
2026-03-27T16:29:10.092924-04:00,vsin_dk,draftkings,mlb,mlb_20260327_cleveland_guardians_seattle_mariners,Mar 27,,Cleveland Guardians,Seattle Mariners,141.0,22.0,78.0,26.0,74.0,7.0,62.0,38.0,22.0,78.0,41.0,59.0,30.0,70.0,4.0,40.0,False,True,1,,,,,,,,,,,,
2026-03-27T16:29:10.092924-04:00,vsin_dk,draftkings,mlb,mlb_20260327_arizona_diamondbacks_los_angeles_dodgers,Mar 27,,Arizona Diamondbacks,Los Angeles Dodgers,209.0,8.0,92.0,41.0,59.0,8.5,83.0,17.0,83.0,17.0,11.0,89.0,19.0,81.0,33.0,0.0,True,False,1,,,,,,,,,,,,
2026-03-27T16:29:30.090504-04:00,vsin_circa,circa,mlb,mlb_20260327_new_york_yankees_san_francisco_giants,Mar 27,,New York Yankees,San Francisco Giants,-128.0,61.0,39.0,51.0,49.0,8.5,69.0,31.0,94.0,6.0,88.0,13.0,99.0,1.0,10.0,25.0,False,True,1,,,,,,,,,,,,
2026-03-27T16:29:30.090504-04:00,vsin_circa,circa,mlb,mlb_20260327_athletics_toronto_blue_jays,Mar 27,,Athletics,Toronto Blue Jays,154.0,53.0,47.0,22.0,78.0,8.5,70.0,30.0,69.0,31.0,25.0,75.0,95.0,5.0,31.0,1.0,True,False,1,,,,,,,,,,,,
2026-03-27T16:29:30.090504-04:00,vsin_circa,circa,mlb,mlb_20260327_colorado_rockies_miami_marlins,Mar 27,,Colorado Rockies,Miami Marlins,170.0,63.0,38.0,19.0,81.0,7.5,100.0,,100.0,,44.0,56.0,11.0,89.0,43.0,0.0,True,False,1,,,,,,,,,,,,
2026-03-27T16:29:30.090504-04:00,vsin_circa,circa,mlb,mlb_20260327_kansas_city_royals_atlanta_braves,Mar 27,,Kansas City Royals,Atlanta Braves,129.0,39.0,61.0,6.0,94.0,7.5,50.0,50.0,98.0,2.0,50.0,50.0,97.0,3.0,33.0,48.0,True,True,1,,,,,,,,,,,,
2026-03-27T16:29:30.090504-04:00,vsin_circa,circa,mlb,mlb_20260327_los_angeles_angels_houston_astros,Mar 27,,Los Angeles Angels,Houston Astros,152.0,62.0,38.0,1.0,99.0,8.5,,100.0,,100.0,100.0,,100.0,,61.0,,True,,1,,,,,,,,,,,,
2026-03-27T16:29:30.090504-04:00,vsin_circa,circa,mlb,mlb_20260327_detroit_tigers_san_diego_padres,Mar 27,,Detroit Tigers,San Diego Padres,108.0,82.0,18.0,86.0,14.0,7.5,50.0,50.0,91.0,9.0,67.0,33.0,88.0,12.0,4.0,41.0,False,True,1,,,,,,,,,,,,
2026-03-27T16:29:30.090504-04:00,vsin_circa,circa,mlb,mlb_20260327_cleveland_guardians_seattle_mariners,Mar 27,,Cleveland Guardians,Seattle Mariners,152.0,61.0,39.0,17.0,83.0,7.0,20.0,80.0,14.0,86.0,,100.0,,100.0,44.0,6.0,True,False,1,,,,,,,,,,,,
2026-03-27T16:29:30.090504-04:00,vsin_circa,circa,mlb,mlb_20260327_arizona_diamondbacks_los_angeles_dodgers,Mar 27,,Arizona Diamondbacks,Los Angeles Dodgers,213.0,63.0,38.0,2.0,98.0,8.5,91.0,9.0,94.0,6.0,17.0,83.0,1.0,99.0,60.0,3.0,True,False,1,,,,,,,,,,,,
2026-03-27T16:29:10.092924-04:00,vsin_dk,draftkings,mlb,mlb_20260327_new_york_yankees_san_francisco_giants,Mar 27,,New York Yankees,San Francisco Giants,-136.0,83.0,17.0,74.0,26.0,8.5,71.0,29.0,63.0,37.0,78.0,22.0,83.0,17.0,9.0,8.0,False,False,2,0.0,0.0,0.0,0.0,0.0,0.0,0.0,0.0,0.0,0.0,0.0,0.0
2026-03-27T16:29:30.090504-04:00,vsin_circa,circa,mlb,mlb_20260327_new_york_yankees_san_francisco_giants,Mar 27,,New York Yankees,San Francisco Giants,-128.0,61.0,39.0,51.0,49.0,8.5,69.0,31.0,94.0,6.0,88.0,13.0,99.0,1.0,10.0,25.0,False,True,2,0.0,0.0,0.0,0.0,0.0,0.0,0.0,0.0,0.0,0.0,0.0,0.0
