timestamp,source,book,sport,game_id,game_date,game_time,away_team,home_team,spread_line,spread_away_bets_pct,spread_home_bets_pct,spread_away_handle_pct,spread_home_handle_pct,total_line,total_over_bets_pct,total_under_bets_pct,total_over_handle_pct,total_under_handle_pct,ml_away_bets_pct,ml_home_bets_pct,ml_away_handle_pct,ml_home_handle_pct,spread_bets_handle_divergence,total_bets_handle_divergence,sharp_signal_spread,sharp_signal_total,scrape_num,d_spread_line,d_spread_away_bets_pct,d_spread_home_bets_pct,d_spread_away_handle_pct,d_spread_home_handle_pct,d_total_line,d_total_over_bets_pct,d_total_under_bets_pct,d_total_over_handle_pct,d_total_under_handle_pct,d_ml_away_bets_pct,d_ml_home_bets_pct
2026-03-05T00:07:37.839539-05:00,vsin_dk,draftkings,nba,nba_20260304_oklahoma_city_thunder_new_york_knicks,Mar 4,,Oklahoma City Thunder,New York Knicks,-4.5,42.0,58.0,43.0,57.0,221.5,77.0,23.0,66.0,34.0,59.0,41.0,48.0,52.0,1.0,11.0,False,False,1,,,,,,,,,,,,
2026-03-05T00:07:37.839539-05:00,vsin_dk,draftkings,nba,nba_20260304_charlotte_hornets_boston_celtics,Mar 4,,Charlotte Hornets,Boston Celtics,6.5,45.0,55.0,30.0,70.0,214.5,75.0,25.0,63.0,37.0,24.0,76.0,36.0,64.0,15.0,12.0,True,False,1,,,,,,,,,,,,
2026-03-05T00:07:37.839539-05:00,vsin_dk,draftkings,nba,nba_20260304_portland_trailblazers_memphis_grizzlies,Mar 4,,Portland Trailblazers,Memphis Grizzlies,-9.5,36.0,64.0,46.0,54.0,231.5,34.0,66.0,55.0,45.0,79.0,21.0,67.0,33.0,10.0,21.0,False,True,1,,,,,,,,,,,,
2026-03-05T00:07:37.839539-05:00,vsin_dk,draftkings,nba,nba_20260304_atlanta_hawks_milwaukee_bucks,Mar 4,,Atlanta Hawks,Milwaukee Bucks,1.5,49.0,51.0,46.0,54.0,232.5,50.0,50.0,63.0,37.0,45.0,55.0,37.0,63.0,3.0,13.0,False,False,1,,,,,,,,,,,,
2026-03-05T00:07:37.839539-05:00,vsin_dk,draftkings,nba,nba_20260304_indiana_pacers_los_angeles_clippers,Mar 4,,Indiana Pacers,Los Angeles Clippers,11.5,39.0,61.0,49.0,51.0,230.5,57.0,43.0,71.0,29.0,13.0,87.0,17.0,83.0,10.0,14.0,False,False,1,,,,,,,,,,,,
2026-03-05T00:07:37.839539-05:00,vsin_dk,draftkings,nba,nba_20260305_utah_jazz_washington_wizards,Mar 5,,Utah Jazz,Washington Wizards,2.5,50.0,50.0,23.0,77.0,243.5,20.0,80.0,3.0,97.0,53.0,47.0,54.0,46.0,27.0,17.0,True,True,1,,,,,,,,,,,,
2026-03-05T00:07:37.839539-05:00,vsin_dk,draftkings,nba,nba_20260305_dallas_mavericks_orlando_magic,Mar 5,,Dallas Mavericks,Orlando Magic,8.5,30.0,70.0,40.0,60.0,229.5,33.0,67.0,24.0,76.0,12.0,88.0,42.0,58.0,10.0,9.0,False,False,1,,,,,,,,,,,,
2026-03-05T00:07:37.839539-05:00,vsin_dk,draftkings,nba,nba_20260305_golden_state_warriors_houston_rockets,Mar 5,,Golden State Warriors,Houston Rockets,9.5,30.0,70.0,19.0,81.0,215.5,74.0,26.0,96.0,4.0,9.0,91.0,10.0,90.0,11.0,22.0,False,True,1,,,,,,,,,,,,
2026-03-05T00:07:37.839539-05:00,vsin_dk,draftkings,nba,nba_20260305_brooklyn_nets_miami_heat,Mar 5,,Brooklyn Nets,Miami Heat,12.5,29.0,71.0,60.0,40.0,225.5,51.0,49.0,57.0,43.0,8.0,92.0,22.0,78.0,31.0,6.0,True,False,1,,,,,,,,,,,,
2026-03-05T00:07:37.839539-05:00,vsin_dk,draftkings,nba,nba_20260305_detroit_pistons_san_antonio_spurs,Mar 5,,Detroit Pistons,San Antonio Spurs,3.5,27.0,73.0,7.0,93.0,227.5,52.0,48.0,82.0,18.0,30.0,70.0,23.0,77.0,20.0,30.0,True,True,1,,,,,,,,,,,,
2026-03-05T00:07:37.839539-05:00,vsin_dk,draftkings,nba,nba_20260305_toronto_raptors_minnesota_timberwolves,Mar 5,,Toronto Raptors,Minnesota Timberwolves,5.5,42.0,58.0,47.0,53.0,226.5,60.0,40.0,54.0,46.0,15.0,85.0,14.0,86.0,5.0,6.0,False,False,1,,,,,,,,,,,,
2026-03-05T00:07:37.839539-05:00,vsin_dk,draftkings,nba,nba_20260305_chicago_bulls_phoenix_suns,Mar 5,,Chicago Bulls,Phoenix Suns,11.5,52.0,48.0,27.0,73.0,224.5,65.0,35.0,76.0,24.0,10.0,90.0,10.0,90.0,25.0,11.0,True,False,1,,,,,,,,,,,,
2026-03-05T00:07:37.839539-05:00,vsin_dk,draftkings,nba,nba_20260305_los_angeles_lakers_denver_nuggets,Mar 5,,Los Angeles Lakers,Denver Nuggets,5.5,40.0,60.0,9.0,91.0,239.5,37.0,63.0,67.0,33.0,31.0,69.0,39.0,61.0,31.0,30.0,True,True,1,,,,,,,,,,,,
2026-03-05T00:07:37.839539-05:00,vsin_dk,draftkings,nba,nba_20260305_new_orleans_pelicans_sacramento_kings,Mar 5,,New Orleans Pelicans,Sacramento Kings,-4.5,70.0,30.0,97.0,3.0,234.5,30.0,70.0,77.0,23.0,76.0,24.0,79.0,21.0,27.0,47.0,True,True,1,,,,,,,,,,,,
2026-03-05T00:07:58.651907-05:00,vsin_circa,circa,nba,nba_20260304_oklahoma_city_thunder_new_york_knicks,Mar 4,,Oklahoma City Thunder,New York Knicks,-4.0,40.0,60.0,7.0,93.0,221.5,60.0,40.0,47.0,53.0,38.0,63.0,97.0,3.0,33.0,13.0,True,False,1,,,,,,,,,,,,
2026-03-05T00:07:58.651907-05:00,vsin_circa,circa,nba,nba_20260304_charlotte_hornets_boston_celtics,Mar 4,,Charlotte Hornets,Boston Celtics,7.0,43.0,57.0,5.0,95.0,215.0,58.0,42.0,71.0,29.0,63.0,38.0,17.0,83.0,38.0,13.0,True,False,1,,,,,,,,,,,,
2026-03-05T00:07:58.651907-05:00,vsin_circa,circa,nba,nba_20260304_portland_trailblazers_memphis_grizzlies,Mar 4,,Portland Trailblazers,Memphis Grizzlies,-9.0,56.0,44.0,89.0,11.0,231.0,20.0,80.0,1.0,99.0,20.0,80.0,,100.0,33.0,19.0,True,True,1,,,,,,,,,,,,
2026-03-05T00:07:58.651907-05:00,vsin_circa,circa,nba,nba_20260304_atlanta_hawks_milwaukee_bucks,Mar 4,,Atlanta Hawks,Milwaukee Bucks,1.0,31.0,69.0,98.0,2.0,232.5,50.0,50.0,43.0,57.0,55.0,45.0,60.0,40.0,67.0,7.0,True,False,1,,,,,,,,,,,,
2026-03-05T00:07:58.651907-05:00,vsin_circa,circa,nba,nba_20260304_indiana_pacers_los_angeles_clippers,Mar 4,,Indiana Pacers,Los Angeles Clippers,11.5,14.0,86.0,10.0,90.0,230.0,47.0,53.0,32.0,68.0,33.0,67.0,,100.0,4.0,15.0,False,True,1,,,,,,,,,,,,
2026-03-05T00:07:58.651907-05:00,vsin_circa,circa,nba,nba_20260305_utah_jazz_washington_wizards,Mar 5,,Utah Jazz,Washington Wizards,2.5,50.0,50.0,50.0,50.0,243.5,100.0,,100.0,,100.0,,100.0,,0.0,0.0,False,False,1,,,,,,,,,,,,
2026-03-05T00:07:58.651907-05:00,vsin_circa,circa,nba,nba_20260305_dallas_mavericks_orlando_magic,Mar 5,,Dallas Mavericks,Orlando Magic,8.0,50.0,50.0,50.0,50.0,229.5,50.0,50.0,50.0,50.0,50.0,50.0,50.0,50.0,0.0,0.0,False,False,1,,,,,,,,,,,,
2026-03-05T00:07:58.651907-05:00,vsin_circa,circa,nba,nba_20260305_golden_state_warriors_houston_rockets,Mar 5,,Golden State Warriors,Houston Rockets,9.5,50.0,50.0,50.0,50.0,216.0,50.0,50.0,50.0,50.0,50.0,50.0,50.0,50.0,0.0,0.0,False,False,1,,,,,,,,,,,,
2026-03-05T00:07:58.651907-05:00,vsin_circa,circa,nba,nba_20260305_brooklyn_nets_miami_heat,Mar 5,,Brooklyn Nets,Miami Heat,12.5,50.0,50.0,50.0,50.0,225.5,50.0,50.0,50.0,50.0,,100.0,,100.0,0.0,0.0,False,False,1,,,,,,,,,,,,
2026-03-05T00:07:58.651907-05:00,vsin_circa,circa,nba,nba_20260305_detroit_pistons_san_antonio_spurs,Mar 5,,Detroit Pistons,San Antonio Spurs,3.5,,100.0,,100.0,228.0,50.0,50.0,50.0,50.0,,100.0,,100.0,0.0,0.0,False,False,1,,,,,,,,,,,,
2026-03-05T00:07:58.651907-05:00,vsin_circa,circa,nba,nba_20260305_toronto_raptors_minnesota_timberwolves,Mar 5,,Toronto Raptors,Minnesota Timberwolves,6.0,100.0,,100.0,,228.0,50.0,50.0,50.0,50.0,50.0,50.0,50.0,50.0,,0.0,,False,1,,,,,,,,,,,,
2026-03-05T00:07:58.651907-05:00,vsin_circa,circa,nba,nba_20260305_chicago_bulls_phoenix_suns,Mar 5,,Chicago Bulls,Phoenix Suns,11.5,50.0,50.0,50.0,50.0,225.0,50.0,50.0,50.0,50.0,50.0,50.0,50.0,50.0,0.0,0.0,False,False,1,,,,,,,,,,,,
2026-03-05T00:07:58.651907-05:00,vsin_circa,circa,nba,nba_20260305_los_angeles_lakers_denver_nuggets,Mar 5,,Los Angeles Lakers,Denver Nuggets,5.0,,100.0,,100.0,241.0,67.0,33.0,83.0,17.0,50.0,50.0,50.0,50.0,0.0,16.0,False,True,1,,,,,,,,,,,,
2026-03-05T00:07:58.651907-05:00,vsin_circa,circa,nba,nba_20260305_new_orleans_pelicans_sacramento_kings,Mar 5,,New Orleans Pelicans,Sacramento Kings,-4.5,50.0,50.0,50.0,50.0,233.5,50.0,50.0,52.0,48.0,50.0,50.0,50.0,50.0,0.0,2.0,False,False,1,,,,,,,,,,,,
2026-03-05T00:37:32.069066-05:00,vsin_dk,draftkings,nba,nba_20260304_oklahoma_city_thunder_new_york_knicks,Mar 4,,Oklahoma City Thunder,New York Knicks,-4.5,42.0,58.0,43.0,57.0,221.5,77.0,23.0,66.0,34.0,59.0,41.0,48.0,52.0,1.0,11.0,False,False,1,,,,,,,,,,,,
2026-03-05T00:37:32.069066-05:00,vsin_dk,draftkings,nba,nba_20260304_charlotte_hornets_boston_celtics,Mar 4,,Charlotte Hornets,Boston Celtics,6.5,45.0,55.0,30.0,70.0,214.5,75.0,25.0,63.0,37.0,24.0,76.0,36.0,64.0,15.0,12.0,True,False,1,,,,,,,,,,,,
2026-03-05T00:37:32.069066-05:00,vsin_dk,draftkings,nba,nba_20260304_portland_trailblazers_memphis_grizzlies,Mar 4,,Portland Trailblazers,Memphis Grizzlies,-9.5,36.0,64.0,46.0,54.0,231.5,34.0,66.0,55.0,45.0,79.0,21.0,67.0,33.0,10.0,21.0,False,True,1,,,,,,,,,,,,
2026-03-05T00:37:32.069066-05:00,vsin_dk,draftkings,nba,nba_20260304_atlanta_hawks_milwaukee_bucks,Mar 4,,Atlanta Hawks,Milwaukee Bucks,1.5,49.0,51.0,46.0,54.0,232.5,50.0,50.0,63.0,37.0,45.0,55.0,37.0,63.0,3.0,13.0,False,False,1,,,,,,,,,,,,
2026-03-05T00:37:32.069066-05:00,vsin_dk,draftkings,nba,nba_20260304_indiana_pacers_los_angeles_clippers,Mar 4,,Indiana Pacers,Los Angeles Clippers,11.5,39.0,61.0,49.0,51.0,230.5,57.0,43.0,71.0,29.0,13.0,87.0,17.0,83.0,10.0,14.0,False,False,1,,,,,,,,,,,,
2026-03-05T00:37:32.069066-05:00,vsin_dk,draftkings,nba,nba_20260305_utah_jazz_washington_wizards,Mar 5,,Utah Jazz,Washington Wizards,2.5,54.0,46.0,49.0,51.0,243.5,24.0,76.0,2.0,98.0,53.0,47.0,59.0,41.0,5.0,22.0,False,True,1,,,,,,,,,,,,
2026-03-05T00:37:32.069066-05:00,vsin_dk,draftkings,nba,nba_20260305_dallas_mavericks_orlando_magic,Mar 5,,Dallas Mavericks,Orlando Magic,8.5,30.0,70.0,34.0,66.0,229.5,33.0,67.0,19.0,81.0,12.0,88.0,39.0,61.0,4.0,14.0,False,False,1,,,,,,,,,,,,
2026-03-05T00:37:32.069066-05:00,vsin_dk,draftkings,nba,nba_20260305_golden_state_warriors_houston_rockets,Mar 5,,Golden State Warriors,Houston Rockets,9.5,32.0,68.0,33.0,67.0,215.5,73.0,27.0,94.0,6.0,10.0,90.0,18.0,82.0,1.0,21.0,False,True,1,,,,,,,,,,,,
2026-03-05T00:37:32.069066-05:00,vsin_dk,draftkings,nba,nba_20260305_brooklyn_nets_miami_heat,Mar 5,,Brooklyn Nets,Miami Heat,12.5,28.0,72.0,52.0,48.0,225.5,51.0,49.0,57.0,43.0,8.0,92.0,22.0,78.0,24.0,6.0,True,False,1,,,,,,,,,,,,
2026-03-05T00:37:32.069066-05:00,vsin_dk,draftkings,nba,nba_20260305_detroit_pistons_san_antonio_spurs,Mar 5,,Detroit Pistons,San Antonio Spurs,3.5,31.0,69.0,8.0,92.0,227.5,50.0,50.0,80.0,20.0,32.0,68.0,23.0,77.0,23.0,30.0,True,True,1,,,,,,,,,,,,
2026-03-05T00:37:32.069066-05:00,vsin_dk,draftkings,nba,nba_20260305_toronto_raptors_minnesota_timberwolves,Mar 5,,Toronto Raptors,Minnesota Timberwolves,5.5,42.0,58.0,37.0,63.0,226.5,59.0,41.0,60.0,40.0,16.0,84.0,15.0,85.0,5.0,1.0,False,False,1,,,,,,,,,,,,
2026-03-05T00:37:32.069066-05:00,vsin_dk,draftkings,nba,nba_20260305_chicago_bulls_phoenix_suns,Mar 5,,Chicago Bulls,Phoenix Suns,11.5,53.0,47.0,25.0,75.0,224.5,63.0,37.0,75.0,25.0,11.0,89.0,12.0,88.0,28.0,12.0,True,False,1,,,,,,,,,,,,
2026-03-05T00:37:32.069066-05:00,vsin_dk,draftkings,nba,nba_20260305_los_angeles_lakers_denver_nuggets,Mar 5,,Los Angeles Lakers,Denver Nuggets,5.5,42.0,58.0,10.0,90.0,240.5,37.0,63.0,66.0,34.0,31.0,69.0,44.0,56.0,32.0,29.0,True,True,1,,,,,,,,,,,,
2026-03-05T00:37:32.069066-05:00,vsin_dk,draftkings,nba,nba_20260305_new_orleans_pelicans_sacramento_kings,Mar 5,,New Orleans Pelicans,Sacramento Kings,-4.5,67.0,33.0,96.0,4.0,234.5,33.0,67.0,75.0,25.0,76.0,24.0,83.0,17.0,29.0,42.0,True,True,1,,,,,,,,,,,,
2026-03-05T00:37:52.693722-05:00,vsin_circa,circa,nba,nba_20260304_oklahoma_city_thunder_new_york_knicks,Mar 4,,Oklahoma City Thunder,New York Knicks,-4.0,40.0,60.0,7.0,93.0,221.5,60.0,40.0,47.0,53.0,38.0,63.0,97.0,3.0,33.0,13.0,True,False,1,,,,,,,,,,,,
2026-03-05T00:37:52.693722-05:00,vsin_circa,circa,nba,nba_20260304_charlotte_hornets_boston_celtics,Mar 4,,Charlotte Hornets,Boston Celtics,7.0,43.0,57.0,5.0,95.0,215.0,58.0,42.0,71.0,29.0,63.0,38.0,17.0,83.0,38.0,13.0,True,False,1,,,,,,,,,,,,
2026-03-05T00:37:52.693722-05:00,vsin_circa,circa,nba,nba_20260304_portland_trailblazers_memphis_grizzlies,Mar 4,,Portland Trailblazers,Memphis Grizzlies,-9.0,56.0,44.0,89.0,11.0,231.0,20.0,80.0,1.0,99.0,20.0,80.0,,100.0,33.0,19.0,True,True,1,,,,,,,,,,,,
2026-03-05T00:37:52.693722-05:00,vsin_circa,circa,nba,nba_20260304_atlanta_hawks_milwaukee_bucks,Mar 4,,Atlanta Hawks,Milwaukee Bucks,1.0,31.0,69.0,98.0,2.0,232.5,50.0,50.0,43.0,57.0,55.0,45.0,60.0,40.0,67.0,7.0,True,False,1,,,,,,,,,,,,
2026-03-05T00:37:52.693722-05:00,vsin_circa,circa,nba,nba_20260304_indiana_pacers_los_angeles_clippers,Mar 4,,Indiana Pacers,Los Angeles Clippers,11.5,14.0,86.0,10.0,90.0,230.0,47.0,53.0,32.0,68.0,33.0,67.0,,100.0,4.0,15.0,False,True,1,,,,,,,,,,,,
2026-03-05T00:37:52.693722-05:00,vsin_circa,circa,nba,nba_20260305_utah_jazz_washington_wizards,Mar 5,,Utah Jazz,Washington Wizards,2.5,50.0,50.0,50.0,50.0,243.5,100.0,,100.0,,100.0,,100.0,,0.0,0.0,False,False,1,,,,,,,,,,,,
2026-03-05T00:37:52.693722-05:00,vsin_circa,circa,nba,nba_20260305_dallas_mavericks_orlando_magic,Mar 5,,Dallas Mavericks,Orlando Magic,8.0,,100.0,,100.0,229.5,50.0,50.0,50.0,50.0,50.0,50.0,50.0,50.0,0.0,0.0,False,False,1,,,,,,,,,,,,
2026-03-05T00:37:52.693722-05:00,vsin_circa,circa,nba,nba_20260305_golden_state_warriors_houston_rockets,Mar 5,,Golden State Warriors,Houston Rockets,9.5,50.0,50.0,50.0,50.0,216.0,50.0,50.0,50.0,50.0,50.0,50.0,50.0,50.0,0.0,0.0,False,False,1,,,,,,,,,,,,
2026-03-05T00:37:52.693722-05:00,vsin_circa,circa,nba,nba_20260305_brooklyn_nets_miami_heat,Mar 5,,Brooklyn Nets,Miami Heat,12.5,50.0,50.0,50.0,50.0,225.5,50.0,50.0,50.0,50.0,,100.0,,100.0,0.0,0.0,False,False,1,,,,,,,,,,,,
2026-03-05T00:37:52.693722-05:00,vsin_circa,circa,nba,nba_20260305_detroit_pistons_san_antonio_spurs,Mar 5,,Detroit Pistons,San Antonio Spurs,3.5,,100.0,,100.0,228.0,50.0,50.0,50.0,50.0,,100.0,,100.0,0.0,0.0,False,False,1,,,,,,,,,,,,
2026-03-05T00:37:52.693722-05:00,vsin_circa,circa,nba,nba_20260305_toronto_raptors_minnesota_timberwolves,Mar 5,,Toronto Raptors,Minnesota Timberwolves,6.0,100.0,,100.0,,228.0,50.0,50.0,50.0,50.0,50.0,50.0,50.0,50.0,,0.0,,False,1,,,,,,,,,,,,
2026-03-05T00:37:52.693722-05:00,vsin_circa,circa,nba,nba_20260305_chicago_bulls_phoenix_suns,Mar 5,,Chicago Bulls,Phoenix Suns,11.5,50.0,50.0,50.0,50.0,225.0,50.0,50.0,50.0,50.0,50.0,50.0,50.0,50.0,0.0,0.0,False,False,1,,,,,,,,,,,,
2026-03-05T00:37:52.693722-05:00,vsin_circa,circa,nba,nba_20260305_los_angeles_lakers_denver_nuggets,Mar 5,,Los Angeles Lakers,Denver Nuggets,5.0,,100.0,,100.0,241.0,67.0,33.0,83.0,17.0,50.0,50.0,50.0,50.0,0.0,16.0,False,True,1,,,,,,,,,,,,
2026-03-05T00:37:52.693722-05:00,vsin_circa,circa,nba,nba_20260305_new_orleans_pelicans_sacramento_kings,Mar 5,,New Orleans Pelicans,Sacramento Kings,-4.5,50.0,50.0,50.0,50.0,233.5,50.0,50.0,52.0,48.0,50.0,50.0,50.0,50.0,0.0,2.0,False,False,1,,,,,,,,,,,,
2026-03-05T01:07:00.935185-05:00,vsin_dk,draftkings,nba,nba_20260304_oklahoma_city_thunder_new_york_knicks,Mar 4,,Oklahoma City Thunder,New York Knicks,-4.5,42.0,58.0,43.0,57.0,221.5,77.0,23.0,66.0,34.0,59.0,41.0,48.0,52.0,1.0,11.0,False,False,1,,,,,,,,,,,,
2026-03-05T01:07:00.935185-05:00,vsin_dk,draftkings,nba,nba_20260304_charlotte_hornets_boston_celtics,Mar 4,,Charlotte Hornets,Boston Celtics,6.5,45.0,55.0,30.0,70.0,214.5,75.0,25.0,63.0,37.0,24.0,76.0,36.0,64.0,15.0,12.0,True,False,1,,,,,,,,,,,,
2026-03-05T01:07:00.935185-05:00,vsin_dk,draftkings,nba,nba_20260304_portland_trailblazers_memphis_grizzlies,Mar 4,,Portland Trailblazers,Memphis Grizzlies,-9.5,36.0,64.0,46.0,54.0,231.5,34.0,66.0,55.0,45.0,79.0,21.0,67.0,33.0,10.0,21.0,False,True,1,,,,,,,,,,,,
2026-03-05T01:07:00.935185-05:00,vsin_dk,draftkings,nba,nba_20260304_atlanta_hawks_milwaukee_bucks,Mar 4,,Atlanta Hawks,Milwaukee Bucks,1.5,49.0,51.0,46.0,54.0,232.5,50.0,50.0,63.0,37.0,45.0,55.0,37.0,63.0,3.0,13.0,False,False,1,,,,,,,,,,,,
2026-03-05T01:07:00.935185-05:00,vsin_dk,draftkings,nba,nba_20260304_indiana_pacers_los_angeles_clippers,Mar 4,,Indiana Pacers,Los Angeles Clippers,11.5,39.0,61.0,49.0,51.0,230.5,57.0,43.0,71.0,29.0,13.0,87.0,17.0,83.0,10.0,14.0,False,False,1,,,,,,,,,,,,
2026-03-05T01:07:00.935185-05:00,vsin_dk,draftkings,nba,nba_20260305_utah_jazz_washington_wizards,Mar 5,,Utah Jazz,Washington Wizards,2.5,54.0,46.0,62.0,38.0,243.5,25.0,75.0,2.0,98.0,54.0,46.0,61.0,39.0,8.0,23.0,False,True,1,,,,,,,,,,,,
2026-03-05T01:07:00.935185-05:00,vsin_dk,draftkings,nba,nba_20260305_dallas_mavericks_orlando_magic,Mar 5,,Dallas Mavericks,Orlando Magic,8.5,29.0,71.0,27.0,73.0,229.5,34.0,66.0,19.0,81.0,12.0,88.0,38.0,62.0,2.0,15.0,False,True,1,,,,,,,,,,,,
2026-03-05T01:07:00.935185-05:00,vsin_dk,draftkings,nba,nba_20260305_golden_state_warriors_houston_rockets,Mar 5,,Golden State Warriors,Houston Rockets,9.5,32.0,68.0,33.0,67.0,215.5,73.0,27.0,94.0,6.0,10.0,90.0,20.0,80.0,1.0,21.0,False,True,1,,,,,,,,,,,,
2026-03-05T01:07:00.935185-05:00,vsin_dk,draftkings,nba,nba_20260305_brooklyn_nets_miami_heat,Mar 5,,Brooklyn Nets,Miami Heat,12.5,27.0,73.0,44.0,56.0,225.5,51.0,49.0,62.0,38.0,8.0,92.0,23.0,77.0,17.0,11.0,True,False,1,,,,,,,,,,,,
2026-03-05T01:07:00.935185-05:00,vsin_dk,draftkings,nba,nba_20260305_detroit_pistons_san_antonio_spurs,Mar 5,,Detroit Pistons,San Antonio Spurs,3.5,32.0,68.0,6.0,94.0,227.5,50.0,50.0,65.0,35.0,32.0,68.0,28.0,72.0,26.0,15.0,True,True,1,,,,,,,,,,,,
2026-03-05T01:07:00.935185-05:00,vsin_dk,draftkings,nba,nba_20260305_toronto_raptors_minnesota_timberwolves,Mar 5,,Toronto Raptors,Minnesota Timberwolves,5.5,42.0,58.0,34.0,66.0,226.5,60.0,40.0,61.0,39.0,17.0,83.0,15.0,85.0,8.0,1.0,False,False,1,,,,,,,,,,,,
2026-03-05T01:07:00.935185-05:00,vsin_dk,draftkings,nba,nba_20260305_chicago_bulls_phoenix_suns,Mar 5,,Chicago Bulls,Phoenix Suns,11.5,52.0,48.0,31.0,69.0,224.5,63.0,37.0,75.0,25.0,11.0,89.0,12.0,88.0,21.0,12.0,True,False,1,,,,,,,,,,,,
2026-03-05T01:07:00.935185-05:00,vsin_dk,draftkings,nba,nba_20260305_los_angeles_lakers_denver_nuggets,Mar 5,,Los Angeles Lakers,Denver Nuggets,5.5,42.0,58.0,9.0,91.0,240.5,36.0,64.0,66.0,34.0,31.0,69.0,43.0,57.0,33.0,30.0,True,True,1,,,,,,,,,,,,
2026-03-05T01:07:00.935185-05:00,vsin_dk,draftkings,nba,nba_20260305_new_orleans_pelicans_sacramento_kings,Mar 5,,New Orleans Pelicans,Sacramento Kings,-4.5,69.0,31.0,91.0,9.0,234.5,33.0,67.0,75.0,25.0,76.0,24.0,82.0,18.0,22.0,42.0,True,True,1,,,,,,,,,,,,
2026-03-05T01:07:20.976440-05:00,vsin_circa,circa,nba,nba_20260304_oklahoma_city_thunder_new_york_knicks,Mar 4,,Oklahoma City Thunder,New York Knicks,-4.0,40.0,60.0,7.0,93.0,221.5,60.0,40.0,47.0,53.0,38.0,63.0,97.0,3.0,33.0,13.0,True,False,1,,,,,,,,,,,,
2026-03-05T01:07:20.976440-05:00,vsin_circa,circa,nba,nba_20260304_charlotte_hornets_boston_celtics,Mar 4,,Charlotte Hornets,Boston Celtics,7.0,43.0,57.0,5.0,95.0,215.0,58.0,42.0,71.0,29.0,63.0,38.0,17.0,83.0,38.0,13.0,True,False,1,,,,,,,,,,,,
2026-03-05T01:07:20.976440-05:00,vsin_circa,circa,nba,nba_20260304_portland_trailblazers_memphis_grizzlies,Mar 4,,Portland Trailblazers,Memphis Grizzlies,-9.0,56.0,44.0,89.0,11.0,231.0,20.0,80.0,1.0,99.0,20.0,80.0,,100.0,33.0,19.0,True,True,1,,,,,,,,,,,,
2026-03-05T01:07:20.976440-05:00,vsin_circa,circa,nba,nba_20260304_atlanta_hawks_milwaukee_bucks,Mar 4,,Atlanta Hawks,Milwaukee Bucks,1.0,31.0,69.0,98.0,2.0,232.5,50.0,50.0,43.0,57.0,55.0,45.0,60.0,40.0,67.0,7.0,True,False,1,,,,,,,,,,,,
2026-03-05T01:07:20.976440-05:00,vsin_circa,circa,nba,nba_20260304_indiana_pacers_los_angeles_clippers,Mar 4,,Indiana Pacers,Los Angeles Clippers,11.5,14.0,86.0,10.0,90.0,230.0,47.0,53.0,32.0,68.0,33.0,67.0,,100.0,4.0,15.0,False,True,1,,,,,,,,,,,,
2026-03-05T01:07:20.976440-05:00,vsin_circa,circa,nba,nba_20260305_utah_jazz_washington_wizards,Mar 5,,Utah Jazz,Washington Wizards,2.5,50.0,50.0,50.0,50.0,243.5,100.0,,100.0,,100.0,,100.0,,0.0,0.0,False,False,1,,,,,,,,,,,,
2026-03-05T01:07:20.976440-05:00,vsin_circa,circa,nba,nba_20260305_dallas_mavericks_orlando_magic,Mar 5,,Dallas Mavericks,Orlando Magic,8.0,,100.0,,100.0,229.5,50.0,50.0,50.0,50.0,50.0,50.0,50.0,50.0,0.0,0.0,False,False,1,,,,,,,,,,,,
2026-03-05T01:07:20.976440-05:00,vsin_circa,circa,nba,nba_20260305_golden_state_warriors_houston_rockets,Mar 5,,Golden State Warriors,Houston Rockets,9.5,50.0,50.0,50.0,50.0,216.0,100.0,,100.0,,50.0,50.0,50.0,50.0,0.0,0.0,False,False,1,,,,,,,,,,,,
2026-03-05T01:07:20.976440-05:00,vsin_circa,circa,nba,nba_20260305_brooklyn_nets_miami_heat,Mar 5,,Brooklyn Nets,Miami Heat,12.5,50.0,50.0,50.0,50.0,225.5,50.0,50.0,50.0,50.0,,100.0,,100.0,0.0,0.0,False,False,1,,,,,,,,,,,,
2026-03-05T01:07:20.976440-05:00,vsin_circa,circa,nba,nba_20260305_detroit_pistons_san_antonio_spurs,Mar 5,,Detroit Pistons,San Antonio Spurs,3.5,,100.0,,100.0,228.0,50.0,50.0,50.0,50.0,,100.0,,100.0,0.0,0.0,False,False,1,,,,,,,,,,,,
2026-03-05T01:07:20.976440-05:00,vsin_circa,circa,nba,nba_20260305_toronto_raptors_minnesota_timberwolves,Mar 5,,Toronto Raptors,Minnesota Timberwolves,6.0,100.0,,100.0,,228.0,50.0,50.0,50.0,50.0,50.0,50.0,50.0,50.0,,0.0,,False,1,,,,,,,,,,,,
2026-03-05T01:07:20.976440-05:00,vsin_circa,circa,nba,nba_20260305_chicago_bulls_phoenix_suns,Mar 5,,Chicago Bulls,Phoenix Suns,11.5,50.0,50.0,50.0,50.0,225.0,,100.0,,100.0,50.0,50.0,50.0,50.0,0.0,,False,,1,,,,,,,,,,,,
2026-03-05T01:07:20.976440-05:00,vsin_circa,circa,nba,nba_20260305_los_angeles_lakers_denver_nuggets,Mar 5,,Los Angeles Lakers,Denver Nuggets,5.0,50.0,50.0,9.0,91.0,241.0,67.0,33.0,83.0,17.0,50.0,50.0,50.0,50.0,41.0,16.0,True,True,1,,,,,,,,,,,,
2026-03-05T01:07:20.976440-05:00,vsin_circa,circa,nba,nba_20260305_new_orleans_pelicans_sacramento_kings,Mar 5,,New Orleans Pelicans,Sacramento Kings,-4.5,50.0,50.0,50.0,50.0,233.5,50.0,50.0,52.0,48.0,100.0,,100.0,,0.0,2.0,False,False,1,,,,,,,,,,,,
2026-03-05T01:37:41.497657-05:00,vsin_dk,draftkings,nba,nba_20260304_oklahoma_city_thunder_new_york_knicks,Mar 4,,Oklahoma City Thunder,New York Knicks,-4.5,42.0,58.0,43.0,57.0,221.5,77.0,23.0,66.0,34.0,59.0,41.0,48.0,52.0,1.0,11.0,False,False,1,,,,,,,,,,,,
2026-03-05T01:37:41.497657-05:00,vsin_dk,draftkings,nba,nba_20260304_charlotte_hornets_boston_celtics,Mar 4,,Charlotte Hornets,Boston Celtics,6.5,45.0,55.0,30.0,70.0,214.5,75.0,25.0,63.0,37.0,24.0,76.0,36.0,64.0,15.0,12.0,True,False,1,,,,,,,,,,,,
2026-03-05T01:37:41.497657-05:00,vsin_dk,draftkings,nba,nba_20260304_portland_trailblazers_memphis_grizzlies,Mar 4,,Portland Trailblazers,Memphis Grizzlies,-9.5,36.0,64.0,46.0,54.0,231.5,34.0,66.0,55.0,45.0,79.0,21.0,67.0,33.0,10.0,21.0,False,True,1,,,,,,,,,,,,
2026-03-05T01:37:41.497657-05:00,vsin_dk,draftkings,nba,nba_20260304_atlanta_hawks_milwaukee_bucks,Mar 4,,Atlanta Hawks,Milwaukee Bucks,1.5,49.0,51.0,46.0,54.0,232.5,50.0,50.0,63.0,37.0,45.0,55.0,37.0,63.0,3.0,13.0,False,False,1,,,,,,,,,,,,
2026-03-05T01:37:41.497657-05:00,vsin_dk,draftkings,nba,nba_20260304_indiana_pacers_los_angeles_clippers,Mar 4,,Indiana Pacers,Los Angeles Clippers,11.5,39.0,61.0,49.0,51.0,230.5,57.0,43.0,71.0,29.0,13.0,87.0,17.0,83.0,10.0,14.0,False,False,1,,,,,,,,,,,,
2026-03-05T01:37:41.497657-05:00,vsin_dk,draftkings,nba,nba_20260305_utah_jazz_washington_wizards,Mar 5,,Utah Jazz,Washington Wizards,2.5,54.0,46.0,47.0,53.0,243.5,26.0,74.0,5.0,95.0,55.0,45.0,61.0,39.0,7.0,21.0,False,True,1,,,,,,,,,,,,
2026-03-05T01:37:41.497657-05:00,vsin_dk,draftkings,nba,nba_20260305_dallas_mavericks_orlando_magic,Mar 5,,Dallas Mavericks,Orlando Magic,8.5,30.0,70.0,27.0,73.0,229.5,35.0,65.0,18.0,82.0,11.0,89.0,33.0,67.0,3.0,17.0,False,True,1,,,,,,,,,,,,
2026-03-05T01:37:41.497657-05:00,vsin_dk,draftkings,nba,nba_20260305_golden_state_warriors_houston_rockets,Mar 5,,Golden State Warriors,Houston Rockets,9.5,35.0,65.0,37.0,63.0,215.5,72.0,28.0,93.0,7.0,10.0,90.0,21.0,79.0,2.0,21.0,False,True,1,,,,,,,,,,,,
2026-03-05T01:37:41.497657-05:00,vsin_dk,draftkings,nba,nba_20260305_brooklyn_nets_miami_heat,Mar 5,,Brooklyn Nets,Miami Heat,12.5,28.0,72.0,35.0,65.0,225.5,54.0,46.0,65.0,35.0,8.0,92.0,24.0,76.0,7.0,11.0,False,False,1,,,,,,,,,,,,
2026-03-05T01:37:41.497657-05:00,vsin_dk,draftkings,nba,nba_20260305_detroit_pistons_san_antonio_spurs,Mar 5,,Detroit Pistons,San Antonio Spurs,3.5,33.0,67.0,8.0,92.0,227.5,51.0,49.0,59.0,41.0,32.0,68.0,29.0,71.0,25.0,8.0,True,False,1,,,,,,,,,,,,
2026-03-05T01:37:41.497657-05:00,vsin_dk,draftkings,nba,nba_20260305_toronto_raptors_minnesota_timberwolves,Mar 5,,Toronto Raptors,Minnesota Timberwolves,5.5,42.0,58.0,34.0,66.0,226.5,60.0,40.0,77.0,23.0,16.0,84.0,16.0,84.0,8.0,17.0,False,True,1,,,,,,,,,,,,
2026-03-05T01:37:41.497657-05:00,vsin_dk,draftkings,nba,nba_20260305_chicago_bulls_phoenix_suns,Mar 5,,Chicago Bulls,Phoenix Suns,11.5,52.0,48.0,32.0,68.0,224.5,65.0,35.0,74.0,26.0,11.0,89.0,13.0,87.0,20.0,9.0,True,False,1,,,,,,,,,,,,
2026-03-05T01:37:41.497657-05:00,vsin_dk,draftkings,nba,nba_20260305_los_angeles_lakers_denver_nuggets,Mar 5,,Los Angeles Lakers,Denver Nuggets,5.5,44.0,56.0,16.0,84.0,240.5,36.0,64.0,64.0,36.0,31.0,69.0,57.0,43.0,28.0,28.0,True,True,1,,,,,,,,,,,,
2026-03-05T01:37:41.497657-05:00,vsin_dk,draftkings,nba,nba_20260305_new_orleans_pelicans_sacramento_kings,Mar 5,,New Orleans Pelicans,Sacramento Kings,-4.5,69.0,31.0,92.0,8.0,234.5,34.0,66.0,81.0,19.0,77.0,23.0,82.0,18.0,23.0,47.0,True,True,1,,,,,,,,,,,,
2026-03-05T01:38:02.707477-05:00,vsin_circa,circa,nba,nba_20260304_oklahoma_city_thunder_new_york_knicks,Mar 4,,Oklahoma City Thunder,New York Knicks,-4.0,40.0,60.0,7.0,93.0,221.5,60.0,40.0,47.0,53.0,38.0,63.0,97.0,3.0,33.0,13.0,True,False,1,,,,,,,,,,,,
2026-03-05T01:38:02.707477-05:00,vsin_circa,circa,nba,nba_20260304_charlotte_hornets_boston_celtics,Mar 4,,Charlotte Hornets,Boston Celtics,7.0,43.0,57.0,5.0,95.0,215.0,58.0,42.0,71.0,29.0,63.0,38.0,17.0,83.0,38.0,13.0,True,False,1,,,,,,,,,,,,
2026-03-05T01:38:02.707477-05:00,vsin_circa,circa,nba,nba_20260304_portland_trailblazers_memphis_grizzlies,Mar 4,,Portland Trailblazers,Memphis Grizzlies,-9.0,56.0,44.0,89.0,11.0,231.0,20.0,80.0,1.0,99.0,20.0,80.0,,100.0,33.0,19.0,True,True,1,,,,,,,,,,,,
2026-03-05T01:38:02.707477-05:00,vsin_circa,circa,nba,nba_20260304_atlanta_hawks_milwaukee_bucks,Mar 4,,Atlanta Hawks,Milwaukee Bucks,1.0,31.0,69.0,98.0,2.0,232.5,50.0,50.0,43.0,57.0,55.0,45.0,60.0,40.0,67.0,7.0,True,False,1,,,,,,,,,,,,
2026-03-05T01:38:02.707477-05:00,vsin_circa,circa,nba,nba_20260304_indiana_pacers_los_angeles_clippers,Mar 4,,Indiana Pacers,Los Angeles Clippers,11.5,14.0,86.0,10.0,90.0,230.0,47.0,53.0,32.0,68.0,33.0,67.0,,100.0,4.0,15.0,False,True,1,,,,,,,,,,,,
2026-03-05T01:38:02.707477-05:00,vsin_circa,circa,nba,nba_20260305_utah_jazz_washington_wizards,Mar 5,,Utah Jazz,Washington Wizards,2.5,,100.0,,100.0,242.5,67.0,33.0,66.0,34.0,100.0,,100.0,,0.0,1.0,False,False,1,,,,,,,,,,,,
2026-03-05T01:38:02.707477-05:00,vsin_circa,circa,nba,nba_20260305_dallas_mavericks_orlando_magic,Mar 5,,Dallas Mavericks,Orlando Magic,8.0,,100.0,,100.0,229.5,50.0,50.0,50.0,50.0,50.0,50.0,50.0,50.0,0.0,0.0,False,False,1,,,,,,,,,,,,
2026-03-05T01:38:02.707477-05:00,vsin_circa,circa,nba,nba_20260305_golden_state_warriors_houston_rockets,Mar 5,,Golden State Warriors,Houston Rockets,9.5,100.0,,100.0,,216.0,100.0,,100.0,,50.0,50.0,50.0,50.0,,0.0,,False,1,,,,,,,,,,,,
2026-03-05T01:38:02.707477-05:00,vsin_circa,circa,nba,nba_20260305_brooklyn_nets_miami_heat,Mar 5,,Brooklyn Nets,Miami Heat,12.5,,100.0,,100.0,225.5,50.0,50.0,50.0,50.0,,100.0,,100.0,0.0,0.0,False,False,1,,,,,,,,,,,,
2026-03-05T01:38:02.707477-05:00,vsin_circa,circa,nba,nba_20260305_detroit_pistons_san_antonio_spurs,Mar 5,,Detroit Pistons,San Antonio Spurs,3.5,,100.0,,100.0,228.0,50.0,50.0,50.0,50.0,50.0,50.0,7.0,93.0,0.0,0.0,False,False,1,,,,,,,,,,,,
2026-03-05T01:38:02.707477-05:00,vsin_circa,circa,nba,nba_20260305_toronto_raptors_minnesota_timberwolves,Mar 5,,Toronto Raptors,Minnesota Timberwolves,6.0,100.0,,100.0,,228.0,50.0,50.0,50.0,50.0,100.0,,100.0,,,0.0,,False,1,,,,,,,,,,,,
2026-03-05T01:38:02.707477-05:00,vsin_circa,circa,nba,nba_20260305_chicago_bulls_phoenix_suns,Mar 5,,Chicago Bulls,Phoenix Suns,11.5,,100.0,,100.0,225.0,,100.0,,100.0,50.0,50.0,50.0,50.0,0.0,,False,,1,,,,,,,,,,,,
2026-03-05T01:38:02.707477-05:00,vsin_circa,circa,nba,nba_20260305_los_angeles_lakers_denver_nuggets,Mar 5,,Los Angeles Lakers,Denver Nuggets,5.0,33.0,67.0,9.0,91.0,241.0,67.0,33.0,83.0,17.0,50.0,50.0,50.0,50.0,24.0,16.0,True,True,1,,,,,,,,,,,,
2026-03-05T01:38:02.707477-05:00,vsin_circa,circa,nba,nba_20260305_new_orleans_pelicans_sacramento_kings,Mar 5,,New Orleans Pelicans,Sacramento Kings,-4.5,50.0,50.0,50.0,50.0,233.5,50.0,50.0,52.0,48.0,50.0,50.0,100.0,,0.0,2.0,False,False,1,,,,,,,,,,,,
2026-03-05T02:08:09.157957-05:00,vsin_dk,draftkings,nba,nba_20260304_oklahoma_city_thunder_new_york_knicks,Mar 4,,Oklahoma City Thunder,New York Knicks,-4.5,42.0,58.0,43.0,57.0,221.5,77.0,23.0,66.0,34.0,59.0,41.0,48.0,52.0,1.0,11.0,False,False,1,,,,,,,,,,,,
2026-03-05T02:08:09.157957-05:00,vsin_dk,draftkings,nba,nba_20260304_charlotte_hornets_boston_celtics,Mar 4,,Charlotte Hornets,Boston Celtics,6.5,45.0,55.0,30.0,70.0,214.5,75.0,25.0,63.0,37.0,24.0,76.0,36.0,64.0,15.0,12.0,True,False,1,,,,,,,,,,,,
2026-03-05T02:08:09.157957-05:00,vsin_dk,draftkings,nba,nba_20260304_portland_trailblazers_memphis_grizzlies,Mar 4,,Portland Trailblazers,Memphis Grizzlies,-9.5,36.0,64.0,46.0,54.0,231.5,34.0,66.0,55.0,45.0,79.0,21.0,67.0,33.0,10.0,21.0,False,True,1,,,,,,,,,,,,
2026-03-05T02:08:09.157957-05:00,vsin_dk,draftkings,nba,nba_20260304_atlanta_hawks_milwaukee_bucks,Mar 4,,Atlanta Hawks,Milwaukee Bucks,1.5,49.0,51.0,46.0,54.0,232.5,50.0,50.0,63.0,37.0,45.0,55.0,37.0,63.0,3.0,13.0,False,False,1,,,,,,,,,,,,
2026-03-05T02:08:09.157957-05:00,vsin_dk,draftkings,nba,nba_20260304_indiana_pacers_los_angeles_clippers,Mar 4,,Indiana Pacers,Los Angeles Clippers,11.5,39.0,61.0,49.0,51.0,230.5,57.0,43.0,71.0,29.0,13.0,87.0,17.0,83.0,10.0,14.0,False,False,1,,,,,,,,,,,,
2026-03-05T02:08:09.157957-05:00,vsin_dk,draftkings,nba,nba_20260305_utah_jazz_washington_wizards,Mar 5,,Utah Jazz,Washington Wizards,2.5,56.0,44.0,54.0,46.0,243.5,26.0,74.0,5.0,95.0,56.0,44.0,61.0,39.0,2.0,21.0,False,True,1,,,,,,,,,,,,
2026-03-05T02:08:09.157957-05:00,vsin_dk,draftkings,nba,nba_20260305_dallas_mavericks_orlando_magic,Mar 5,,Dallas Mavericks,Orlando Magic,8.5,32.0,68.0,28.0,72.0,229.5,37.0,63.0,16.0,84.0,11.0,89.0,32.0,68.0,4.0,21.0,False,True,1,,,,,,,,,,,,
2026-03-05T02:08:09.157957-05:00,vsin_dk,draftkings,nba,nba_20260305_golden_state_warriors_houston_rockets,Mar 5,,Golden State Warriors,Houston Rockets,9.5,36.0,64.0,35.0,65.0,215.5,72.0,28.0,93.0,7.0,10.0,90.0,21.0,79.0,1.0,21.0,False,True,1,,,,,,,,,,,,
2026-03-05T02:08:09.157957-05:00,vsin_dk,draftkings,nba,nba_20260305_brooklyn_nets_miami_heat,Mar 5,,Brooklyn Nets,Miami Heat,12.5,29.0,71.0,34.0,66.0,225.5,54.0,46.0,62.0,38.0,8.0,92.0,23.0,77.0,5.0,8.0,False,False,1,,,,,,,,,,,,
2026-03-05T02:08:09.157957-05:00,vsin_dk,draftkings,nba,nba_20260305_detroit_pistons_san_antonio_spurs,Mar 5,,Detroit Pistons,San Antonio Spurs,3.5,33.0,67.0,8.0,92.0,227.5,52.0,48.0,60.0,40.0,32.0,68.0,30.0,70.0,25.0,8.0,True,False,1,,,,,,,,,,,,
2026-03-05T02:08:09.157957-05:00,vsin_dk,draftkings,nba,nba_20260305_toronto_raptors_minnesota_timberwolves,Mar 5,,Toronto Raptors,Minnesota Timberwolves,5.5,43.0,57.0,34.0,66.0,226.5,61.0,39.0,73.0,27.0,17.0,83.0,17.0,83.0,9.0,12.0,False,False,1,,,,,,,,,,,,
2026-03-05T02:08:09.157957-05:00,vsin_dk,draftkings,nba,nba_20260305_chicago_bulls_phoenix_suns,Mar 5,,Chicago Bulls,Phoenix Suns,11.5,52.0,48.0,34.0,66.0,224.5,66.0,34.0,75.0,25.0,10.0,90.0,13.0,87.0,18.0,9.0,True,False,1,,,,,,,,,,,,
2026-03-05T02:08:09.157957-05:00,vsin_dk,draftkings,nba,nba_20260305_los_angeles_lakers_denver_nuggets,Mar 5,,Los Angeles Lakers,Denver Nuggets,5.5,45.0,55.0,18.0,82.0,240.5,36.0,64.0,61.0,39.0,31.0,69.0,60.0,40.0,27.0,25.0,True,True,1,,,,,,,,,,,,
2026-03-05T02:08:09.157957-05:00,vsin_dk,draftkings,nba,nba_20260305_new_orleans_pelicans_sacramento_kings,Mar 5,,New Orleans Pelicans,Sacramento Kings,-4.5,69.0,31.0,92.0,8.0,233.5,35.0,65.0,80.0,20.0,76.0,24.0,77.0,23.0,23.0,45.0,True,True,1,,,,,,,,,,,,
2026-03-05T02:08:30.456020-05:00,vsin_circa,circa,nba,nba_20260304_oklahoma_city_thunder_new_york_knicks,Mar 4,,Oklahoma City Thunder,New York Knicks,-4.0,40.0,60.0,7.0,93.0,221.5,60.0,40.0,47.0,53.0,38.0,63.0,97.0,3.0,33.0,13.0,True,False,1,,,,,,,,,,,,
2026-03-05T02:08:30.456020-05:00,vsin_circa,circa,nba,nba_20260304_charlotte_hornets_boston_celtics,Mar 4,,Charlotte Hornets,Boston Celtics,7.0,43.0,57.0,5.0,95.0,215.0,58.0,42.0,71.0,29.0,63.0,38.0,17.0,83.0,38.0,13.0,True,False,1,,,,,,,,,,,,
2026-03-05T02:08:30.456020-05:00,vsin_circa,circa,nba,nba_20260304_portland_trailblazers_memphis_grizzlies,Mar 4,,Portland Trailblazers,Memphis Grizzlies,-9.0,56.0,44.0,89.0,11.0,231.0,20.0,80.0,1.0,99.0,20.0,80.0,,100.0,33.0,19.0,True,True,1,,,,,,,,,,,,
2026-03-05T02:08:30.456020-05:00,vsin_circa,circa,nba,nba_20260304_atlanta_hawks_milwaukee_bucks,Mar 4,,Atlanta Hawks,Milwaukee Bucks,1.0,31.0,69.0,98.0,2.0,232.5,50.0,50.0,43.0,57.0,55.0,45.0,60.0,40.0,67.0,7.0,True,False,1,,,,,,,,,,,,
2026-03-05T02:08:30.456020-05:00,vsin_circa,circa,nba,nba_20260304_indiana_pacers_los_angeles_clippers,Mar 4,,Indiana Pacers,Los Angeles Clippers,11.5,14.0,86.0,10.0,90.0,230.0,47.0,53.0,32.0,68.0,33.0,67.0,,100.0,4.0,15.0,False,True,1,,,,,,,,,,,,
2026-03-05T02:08:30.456020-05:00,vsin_circa,circa,nba,nba_20260305_utah_jazz_washington_wizards,Mar 5,,Utah Jazz,Washington Wizards,1.5,,100.0,,100.0,242.5,67.0,33.0,66.0,34.0,100.0,,100.0,,0.0,1.0,False,False,1,,,,,,,,,,,,
2026-03-05T02:08:30.456020-05:00,vsin_circa,circa,nba,nba_20260305_dallas_mavericks_orlando_magic,Mar 5,,Dallas Mavericks,Orlando Magic,8.0,,100.0,,100.0,229.5,50.0,50.0,50.0,50.0,50.0,50.0,50.0,50.0,0.0,0.0,False,False,1,,,,,,,,,,,,
2026-03-05T02:08:30.456020-05:00,vsin_circa,circa,nba,nba_20260305_golden_state_warriors_houston_rockets,Mar 5,,Golden State Warriors,Houston Rockets,9.5,100.0,,100.0,,216.0,100.0,,100.0,,50.0,50.0,50.0,50.0,,0.0,,False,1,,,,,,,,,,,,
2026-03-05T02:08:30.456020-05:00,vsin_circa,circa,nba,nba_20260305_brooklyn_nets_miami_heat,Mar 5,,Brooklyn Nets,Miami Heat,12.5,,100.0,,100.0,225.5,50.0,50.0,50.0,50.0,,100.0,,100.0,0.0,0.0,False,False,1,,,,,,,,,,,,
2026-03-05T02:08:30.456020-05:00,vsin_circa,circa,nba,nba_20260305_detroit_pistons_san_antonio_spurs,Mar 5,,Detroit Pistons,San Antonio Spurs,3.5,,100.0,,100.0,228.0,50.0,50.0,50.0,50.0,50.0,50.0,7.0,93.0,0.0,0.0,False,False,1,,,,,,,,,,,,
2026-03-05T02:08:30.456020-05:00,vsin_circa,circa,nba,nba_20260305_toronto_raptors_minnesota_timberwolves,Mar 5,,Toronto Raptors,Minnesota Timberwolves,6.0,100.0,,100.0,,228.0,50.0,50.0,50.0,50.0,100.0,,100.0,,,0.0,,False,1,,,,,,,,,,,,
2026-03-05T02:08:30.456020-05:00,vsin_circa,circa,nba,nba_20260305_chicago_bulls_phoenix_suns,Mar 5,,Chicago Bulls,Phoenix Suns,11.5,,100.0,,100.0,225.0,,100.0,,100.0,50.0,50.0,50.0,50.0,0.0,,False,,1,,,,,,,,,,,,
2026-03-05T02:08:30.456020-05:00,vsin_circa,circa,nba,nba_20260305_los_angeles_lakers_denver_nuggets,Mar 5,,Los Angeles Lakers,Denver Nuggets,5.0,25.0,75.0,7.0,93.0,241.0,67.0,33.0,83.0,17.0,50.0,50.0,50.0,50.0,18.0,16.0,True,True,1,,,,,,,,,,,,
2026-03-05T02:08:30.456020-05:00,vsin_circa,circa,nba,nba_20260305_new_orleans_pelicans_sacramento_kings,Mar 5,,New Orleans Pelicans,Sacramento Kings,-4.5,50.0,50.0,50.0,50.0,233.5,50.0,50.0,52.0,48.0,50.0,50.0,100.0,,0.0,2.0,False,False,1,,,,,,,,,,,,
2026-03-05T02:37:30.864883-05:00,vsin_dk,draftkings,nba,nba_20260304_oklahoma_city_thunder_new_york_knicks,Mar 4,,Oklahoma City Thunder,New York Knicks,-4.5,42.0,58.0,43.0,57.0,221.5,77.0,23.0,66.0,34.0,59.0,41.0,48.0,52.0,1.0,11.0,False,False,1,,,,,,,,,,,,
2026-03-05T02:37:30.864883-05:00,vsin_dk,draftkings,nba,nba_20260304_charlotte_hornets_boston_celtics,Mar 4,,Charlotte Hornets,Boston Celtics,6.5,45.0,55.0,30.0,70.0,214.5,75.0,25.0,63.0,37.0,24.0,76.0,36.0,64.0,15.0,12.0,True,False,1,,,,,,,,,,,,
2026-03-05T02:37:30.864883-05:00,vsin_dk,draftkings,nba,nba_20260304_portland_trailblazers_memphis_grizzlies,Mar 4,,Portland Trailblazers,Memphis Grizzlies,-9.5,36.0,64.0,46.0,54.0,231.5,34.0,66.0,55.0,45.0,79.0,21.0,67.0,33.0,10.0,21.0,False,True,1,,,,,,,,,,,,
2026-03-05T02:37:30.864883-05:00,vsin_dk,draftkings,nba,nba_20260304_atlanta_hawks_milwaukee_bucks,Mar 4,,Atlanta Hawks,Milwaukee Bucks,1.5,49.0,51.0,46.0,54.0,232.5,50.0,50.0,63.0,37.0,45.0,55.0,37.0,63.0,3.0,13.0,False,False,1,,,,,,,,,,,,
2026-03-05T02:37:30.864883-05:00,vsin_dk,draftkings,nba,nba_20260304_indiana_pacers_los_angeles_clippers,Mar 4,,Indiana Pacers,Los Angeles Clippers,11.5,39.0,61.0,49.0,51.0,230.5,57.0,43.0,71.0,29.0,13.0,87.0,17.0,83.0,10.0,14.0,False,False,1,,,,,,,,,,,,
2026-03-05T02:37:30.864883-05:00,vsin_dk,draftkings,nba,nba_20260305_utah_jazz_washington_wizards,Mar 5,,Utah Jazz,Washington Wizards,1.5,56.0,44.0,57.0,43.0,243.5,27.0,73.0,5.0,95.0,56.0,44.0,62.0,38.0,1.0,22.0,False,True,1,,,,,,,,,,,,
2026-03-05T02:37:30.864883-05:00,vsin_dk,draftkings,nba,nba_20260305_dallas_mavericks_orlando_magic,Mar 5,,Dallas Mavericks,Orlando Magic,8.5,32.0,68.0,28.0,72.0,229.5,38.0,62.0,15.0,85.0,11.0,89.0,31.0,69.0,4.0,23.0,False,True,1,,,,,,,,,,,,
2026-03-05T02:37:30.864883-05:00,vsin_dk,draftkings,nba,nba_20260305_golden_state_warriors_houston_rockets,Mar 5,,Golden State Warriors,Houston Rockets,9.5,37.0,63.0,35.0,65.0,215.5,72.0,28.0,93.0,7.0,10.0,90.0,21.0,79.0,2.0,21.0,False,True,1,,,,,,,,,,,,
2026-03-05T02:37:30.864883-05:00,vsin_dk,draftkings,nba,nba_20260305_brooklyn_nets_miami_heat,Mar 5,,Brooklyn Nets,Miami Heat,12.5,29.0,71.0,35.0,65.0,225.5,53.0,47.0,62.0,38.0,8.0,92.0,23.0,77.0,6.0,9.0,False,False,1,,,,,,,,,,,,
2026-03-05T02:37:30.864883-05:00,vsin_dk,draftkings,nba,nba_20260305_detroit_pistons_san_antonio_spurs,Mar 5,,Detroit Pistons,San Antonio Spurs,3.5,34.0,66.0,7.0,93.0,227.5,51.0,49.0,61.0,39.0,33.0,67.0,31.0,69.0,27.0,10.0,True,False,1,,,,,,,,,,,,
2026-03-05T02:37:30.864883-05:00,vsin_dk,draftkings,nba,nba_20260305_toronto_raptors_minnesota_timberwolves,Mar 5,,Toronto Raptors,Minnesota Timberwolves,5.5,43.0,57.0,34.0,66.0,226.5,61.0,39.0,74.0,26.0,17.0,83.0,18.0,82.0,9.0,13.0,False,False,1,,,,,,,,,,,,
2026-03-05T02:37:30.864883-05:00,vsin_dk,draftkings,nba,nba_20260305_chicago_bulls_phoenix_suns,Mar 5,,Chicago Bulls,Phoenix Suns,11.5,52.0,48.0,34.0,66.0,224.5,65.0,35.0,76.0,24.0,10.0,90.0,13.0,87.0,18.0,11.0,True,False,1,,,,,,,,,,,,
2026-03-05T02:37:30.864883-05:00,vsin_dk,draftkings,nba,nba_20260305_los_angeles_lakers_denver_nuggets,Mar 5,,Los Angeles Lakers,Denver Nuggets,5.5,46.0,54.0,18.0,82.0,240.5,36.0,64.0,62.0,38.0,31.0,69.0,61.0,39.0,28.0,26.0,True,True,1,,,,,,,,,,,,
2026-03-05T02:37:30.864883-05:00,vsin_dk,draftkings,nba,nba_20260305_new_orleans_pelicans_sacramento_kings,Mar 5,,New Orleans Pelicans,Sacramento Kings,-4.5,68.0,32.0,92.0,8.0,233.5,35.0,65.0,80.0,20.0,76.0,24.0,76.0,24.0,24.0,45.0,True,True,1,,,,,,,,,,,,
2026-03-05T02:37:51.792124-05:00,vsin_circa,circa,nba,nba_20260304_oklahoma_city_thunder_new_york_knicks,Mar 4,,Oklahoma City Thunder,New York Knicks,-4.0,40.0,60.0,7.0,93.0,221.5,60.0,40.0,47.0,53.0,38.0,63.0,97.0,3.0,33.0,13.0,True,False,1,,,,,,,,,,,,
2026-03-05T02:37:51.792124-05:00,vsin_circa,circa,nba,nba_20260304_charlotte_hornets_boston_celtics,Mar 4,,Charlotte Hornets,Boston Celtics,7.0,43.0,57.0,5.0,95.0,215.0,58.0,42.0,71.0,29.0,63.0,38.0,17.0,83.0,38.0,13.0,True,False,1,,,,,,,,,,,,
2026-03-05T02:37:51.792124-05:00,vsin_circa,circa,nba,nba_20260304_portland_trailblazers_memphis_grizzlies,Mar 4,,Portland Trailblazers,Memphis Grizzlies,-9.0,56.0,44.0,89.0,11.0,231.0,20.0,80.0,1.0,99.0,20.0,80.0,,100.0,33.0,19.0,True,True,1,,,,,,,,,,,,
2026-03-05T02:37:51.792124-05:00,vsin_circa,circa,nba,nba_20260304_atlanta_hawks_milwaukee_bucks,Mar 4,,Atlanta Hawks,Milwaukee Bucks,1.0,31.0,69.0,98.0,2.0,232.5,50.0,50.0,43.0,57.0,55.0,45.0,60.0,40.0,67.0,7.0,True,False,1,,,,,,,,,,,,
2026-03-05T02:37:51.792124-05:00,vsin_circa,circa,nba,nba_20260304_indiana_pacers_los_angeles_clippers,Mar 4,,Indiana Pacers,Los Angeles Clippers,11.5,14.0,86.0,10.0,90.0,230.0,47.0,53.0,32.0,68.0,33.0,67.0,,100.0,4.0,15.0,False,True,1,,,,,,,,,,,,
2026-03-05T02:37:51.792124-05:00,vsin_circa,circa,nba,nba_20260305_utah_jazz_washington_wizards,Mar 5,,Utah Jazz,Washington Wizards,1.5,,100.0,,100.0,242.5,67.0,33.0,66.0,34.0,100.0,,100.0,,0.0,1.0,False,False,1,,,,,,,,,,,,
2026-03-05T02:37:51.792124-05:00,vsin_circa,circa,nba,nba_20260305_dallas_mavericks_orlando_magic,Mar 5,,Dallas Mavericks,Orlando Magic,8.0,,100.0,,100.0,229.5,50.0,50.0,50.0,50.0,50.0,50.0,50.0,50.0,0.0,0.0,False,False,1,,,,,,,,,,,,
2026-03-05T02:37:51.792124-05:00,vsin_circa,circa,nba,nba_20260305_golden_state_warriors_houston_rockets,Mar 5,,Golden State Warriors,Houston Rockets,9.5,100.0,,100.0,,216.0,100.0,,100.0,,50.0,50.0,50.0,50.0,,0.0,,False,1,,,,,,,,,,,,
2026-03-05T02:37:51.792124-05:00,vsin_circa,circa,nba,nba_20260305_brooklyn_nets_miami_heat,Mar 5,,Brooklyn Nets,Miami Heat,12.5,,100.0,,100.0,225.5,50.0,50.0,50.0,50.0,,100.0,,100.0,0.0,0.0,False,False,1,,,,,,,,,,,,
2026-03-05T02:37:51.792124-05:00,vsin_circa,circa,nba,nba_20260305_detroit_pistons_san_antonio_spurs,Mar 5,,Detroit Pistons,San Antonio Spurs,3.5,,100.0,,100.0,228.0,50.0,50.0,50.0,50.0,50.0,50.0,7.0,93.0,0.0,0.0,False,False,1,,,,,,,,,,,,
2026-03-05T02:37:51.792124-05:00,vsin_circa,circa,nba,nba_20260305_toronto_raptors_minnesota_timberwolves,Mar 5,,Toronto Raptors,Minnesota Timberwolves,6.0,100.0,,100.0,,228.0,50.0,50.0,50.0,50.0,100.0,,100.0,,,0.0,,False,1,,,,,,,,,,,,
2026-03-05T02:37:51.792124-05:00,vsin_circa,circa,nba,nba_20260305_chicago_bulls_phoenix_suns,Mar 5,,Chicago Bulls,Phoenix Suns,11.5,,100.0,,100.0,225.0,,100.0,,100.0,50.0,50.0,50.0,50.0,0.0,,False,,1,,,,,,,,,,,,
2026-03-05T02:37:51.792124-05:00,vsin_circa,circa,nba,nba_20260305_los_angeles_lakers_denver_nuggets,Mar 5,,Los Angeles Lakers,Denver Nuggets,5.0,25.0,75.0,7.0,93.0,241.0,67.0,33.0,83.0,17.0,50.0,50.0,50.0,50.0,18.0,16.0,True,True,1,,,,,,,,,,,,
2026-03-05T02:37:51.792124-05:00,vsin_circa,circa,nba,nba_20260305_new_orleans_pelicans_sacramento_kings,Mar 5,,New Orleans Pelicans,Sacramento Kings,-4.5,50.0,50.0,50.0,50.0,233.5,50.0,50.0,52.0,48.0,50.0,50.0,100.0,,0.0,2.0,False,False,1,,,,,,,,,,,,
2026-03-05T03:00:11.608168-05:00,vsin_dk,draftkings,nba,nba_20260304_oklahoma_city_thunder_new_york_knicks,Mar 4,,Oklahoma City Thunder,New York Knicks,-4.5,42.0,58.0,43.0,57.0,221.5,77.0,23.0,66.0,34.0,59.0,41.0,48.0,52.0,1.0,11.0,False,False,1,,,,,,,,,,,,
2026-03-05T03:00:11.608168-05:00,vsin_dk,draftkings,nba,nba_20260304_charlotte_hornets_boston_celtics,Mar 4,,Charlotte Hornets,Boston Celtics,6.5,45.0,55.0,30.0,70.0,214.5,75.0,25.0,63.0,37.0,24.0,76.0,36.0,64.0,15.0,12.0,True,False,1,,,,,,,,,,,,
2026-03-05T03:00:11.608168-05:00,vsin_dk,draftkings,nba,nba_20260304_portland_trailblazers_memphis_grizzlies,Mar 4,,Portland Trailblazers,Memphis Grizzlies,-9.5,36.0,64.0,46.0,54.0,231.5,34.0,66.0,55.0,45.0,79.0,21.0,67.0,33.0,10.0,21.0,False,True,1,,,,,,,,,,,,
2026-03-05T03:00:11.608168-05:00,vsin_dk,draftkings,nba,nba_20260304_atlanta_hawks_milwaukee_bucks,Mar 4,,Atlanta Hawks,Milwaukee Bucks,1.5,49.0,51.0,46.0,54.0,232.5,50.0,50.0,63.0,37.0,45.0,55.0,37.0,63.0,3.0,13.0,False,False,1,,,,,,,,,,,,
2026-03-05T03:00:11.608168-05:00,vsin_dk,draftkings,nba,nba_20260304_indiana_pacers_los_angeles_clippers,Mar 4,,Indiana Pacers,Los Angeles Clippers,11.5,39.0,61.0,49.0,51.0,230.5,57.0,43.0,71.0,29.0,13.0,87.0,17.0,83.0,10.0,14.0,False,False,1,,,,,,,,,,,,
2026-03-05T03:00:11.608168-05:00,vsin_dk,draftkings,nba,nba_20260305_utah_jazz_washington_wizards,Mar 5,,Utah Jazz,Washington Wizards,1.5,57.0,43.0,56.0,44.0,243.5,27.0,73.0,5.0,95.0,55.0,45.0,61.0,39.0,1.0,22.0,False,True,1,,,,,,,,,,,,
2026-03-05T03:00:11.608168-05:00,vsin_dk,draftkings,nba,nba_20260305_dallas_mavericks_orlando_magic,Mar 5,,Dallas Mavericks,Orlando Magic,8.5,32.0,68.0,27.0,73.0,229.5,38.0,62.0,15.0,85.0,11.0,89.0,30.0,70.0,5.0,23.0,False,True,1,,,,,,,,,,,,
2026-03-05T03:00:11.608168-05:00,vsin_dk,draftkings,nba,nba_20260305_golden_state_warriors_houston_rockets,Mar 5,,Golden State Warriors,Houston Rockets,9.5,37.0,63.0,35.0,65.0,215.5,72.0,28.0,93.0,7.0,10.0,90.0,21.0,79.0,2.0,21.0,False,True,1,,,,,,,,,,,,
2026-03-05T03:00:11.608168-05:00,vsin_dk,draftkings,nba,nba_20260305_brooklyn_nets_miami_heat,Mar 5,,Brooklyn Nets,Miami Heat,12.5,30.0,70.0,34.0,66.0,225.5,53.0,47.0,61.0,39.0,8.0,92.0,24.0,76.0,4.0,8.0,False,False,1,,,,,,,,,,,,
2026-03-05T03:00:11.608168-05:00,vsin_dk,draftkings,nba,nba_20260305_detroit_pistons_san_antonio_spurs,Mar 5,,Detroit Pistons,San Antonio Spurs,3.5,35.0,65.0,10.0,90.0,227.5,53.0,47.0,61.0,39.0,33.0,67.0,32.0,68.0,25.0,8.0,True,False,1,,,,,,,,,,,,
2026-03-05T03:00:11.608168-05:00,vsin_dk,draftkings,nba,nba_20260305_toronto_raptors_minnesota_timberwolves,Mar 5,,Toronto Raptors,Minnesota Timberwolves,5.5,44.0,56.0,35.0,65.0,227.5,60.0,40.0,72.0,28.0,17.0,83.0,18.0,82.0,9.0,12.0,False,False,1,,,,,,,,,,,,
2026-03-05T03:00:11.608168-05:00,vsin_dk,draftkings,nba,nba_20260305_chicago_bulls_phoenix_suns,Mar 5,,Chicago Bulls,Phoenix Suns,11.5,53.0,47.0,36.0,64.0,224.5,64.0,36.0,75.0,25.0,10.0,90.0,13.0,87.0,17.0,11.0,True,False,1,,,,,,,,,,,,
2026-03-05T03:00:11.608168-05:00,vsin_dk,draftkings,nba,nba_20260305_los_angeles_lakers_denver_nuggets,Mar 5,,Los Angeles Lakers,Denver Nuggets,5.5,46.0,54.0,17.0,83.0,240.5,35.0,65.0,61.0,39.0,31.0,69.0,60.0,40.0,29.0,26.0,True,True,1,,,,,,,,,,,,
2026-03-05T03:00:11.608168-05:00,vsin_dk,draftkings,nba,nba_20260305_new_orleans_pelicans_sacramento_kings,Mar 5,,New Orleans Pelicans,Sacramento Kings,-4.5,68.0,32.0,92.0,8.0,233.5,36.0,64.0,80.0,20.0,76.0,24.0,77.0,23.0,24.0,44.0,True,True,1,,,,,,,,,,,,
2026-03-05T03:00:31.432931-05:00,vsin_circa,circa,nba,nba_20260304_oklahoma_city_thunder_new_york_knicks,Mar 4,,Oklahoma City Thunder,New York Knicks,-4.0,40.0,60.0,7.0,93.0,221.5,60.0,40.0,47.0,53.0,38.0,63.0,97.0,3.0,33.0,13.0,True,False,1,,,,,,,,,,,,
2026-03-05T03:00:31.432931-05:00,vsin_circa,circa,nba,nba_20260304_charlotte_hornets_boston_celtics,Mar 4,,Charlotte Hornets,Boston Celtics,7.0,43.0,57.0,5.0,95.0,215.0,58.0,42.0,71.0,29.0,63.0,38.0,17.0,83.0,38.0,13.0,True,False,1,,,,,,,,,,,,
2026-03-05T03:00:31.432931-05:00,vsin_circa,circa,nba,nba_20260304_portland_trailblazers_memphis_grizzlies,Mar 4,,Portland Trailblazers,Memphis Grizzlies,-9.0,56.0,44.0,89.0,11.0,231.0,20.0,80.0,1.0,99.0,20.0,80.0,,100.0,33.0,19.0,True,True,1,,,,,,,,,,,,
2026-03-05T03:00:31.432931-05:00,vsin_circa,circa,nba,nba_20260304_atlanta_hawks_milwaukee_bucks,Mar 4,,Atlanta Hawks,Milwaukee Bucks,1.0,31.0,69.0,98.0,2.0,232.5,50.0,50.0,43.0,57.0,55.0,45.0,60.0,40.0,67.0,7.0,True,False,1,,,,,,,,,,,,
2026-03-05T03:00:31.432931-05:00,vsin_circa,circa,nba,nba_20260304_indiana_pacers_los_angeles_clippers,Mar 4,,Indiana Pacers,Los Angeles Clippers,11.5,14.0,86.0,10.0,90.0,230.0,47.0,53.0,32.0,68.0,33.0,67.0,,100.0,4.0,15.0,False,True,1,,,,,,,,,,,,
2026-03-05T03:00:31.432931-05:00,vsin_circa,circa,nba,nba_20260305_utah_jazz_washington_wizards,Mar 5,,Utah Jazz,Washington Wizards,1.5,,100.0,,100.0,242.5,67.0,33.0,66.0,34.0,100.0,,100.0,,0.0,1.0,False,False,1,,,,,,,,,,,,
2026-03-05T03:00:31.432931-05:00,vsin_circa,circa,nba,nba_20260305_dallas_mavericks_orlando_magic,Mar 5,,Dallas Mavericks,Orlando Magic,8.0,,100.0,,100.0,229.5,50.0,50.0,50.0,50.0,50.0,50.0,50.0,50.0,0.0,0.0,False,False,1,,,,,,,,,,,,
2026-03-05T03:00:31.432931-05:00,vsin_circa,circa,nba,nba_20260305_golden_state_warriors_houston_rockets,Mar 5,,Golden State Warriors,Houston Rockets,9.5,100.0,,100.0,,216.0,100.0,,100.0,,50.0,50.0,50.0,50.0,,0.0,,False,1,,,,,,,,,,,,
2026-03-05T03:00:31.432931-05:00,vsin_circa,circa,nba,nba_20260305_brooklyn_nets_miami_heat,Mar 5,,Brooklyn Nets,Miami Heat,12.5,,100.0,,100.0,225.5,50.0,50.0,50.0,50.0,,100.0,,100.0,0.0,0.0,False,False,1,,,,,,,,,,,,
2026-03-05T03:00:31.432931-05:00,vsin_circa,circa,nba,nba_20260305_detroit_pistons_san_antonio_spurs,Mar 5,,Detroit Pistons,San Antonio Spurs,3.5,,100.0,,100.0,228.0,50.0,50.0,50.0,50.0,50.0,50.0,7.0,93.0,0.0,0.0,False,False,1,,,,,,,,,,,,
2026-03-05T03:00:31.432931-05:00,vsin_circa,circa,nba,nba_20260305_toronto_raptors_minnesota_timberwolves,Mar 5,,Toronto Raptors,Minnesota Timberwolves,6.0,100.0,,100.0,,228.0,50.0,50.0,50.0,50.0,100.0,,100.0,,,0.0,,False,1,,,,,,,,,,,,
2026-03-05T03:00:31.432931-05:00,vsin_circa,circa,nba,nba_20260305_chicago_bulls_phoenix_suns,Mar 5,,Chicago Bulls,Phoenix Suns,11.5,,100.0,,100.0,225.0,,100.0,,100.0,50.0,50.0,50.0,50.0,0.0,,False,,1,,,,,,,,,,,,
2026-03-05T03:00:31.432931-05:00,vsin_circa,circa,nba,nba_20260305_los_angeles_lakers_denver_nuggets,Mar 5,,Los Angeles Lakers,Denver Nuggets,5.0,25.0,75.0,7.0,93.0,241.0,67.0,33.0,83.0,17.0,50.0,50.0,50.0,50.0,18.0,16.0,True,True,1,,,,,,,,,,,,
2026-03-05T03:00:31.432931-05:00,vsin_circa,circa,nba,nba_20260305_new_orleans_pelicans_sacramento_kings,Mar 5,,New Orleans Pelicans,Sacramento Kings,-4.5,50.0,50.0,50.0,50.0,233.5,50.0,50.0,52.0,48.0,50.0,50.0,100.0,,0.0,2.0,False,False,1,,,,,,,,,,,,
2026-03-05T03:37:23.262646-05:00,vsin_dk,draftkings,nba,nba_20260304_oklahoma_city_thunder_new_york_knicks,Mar 4,,Oklahoma City Thunder,New York Knicks,-4.5,42.0,58.0,43.0,57.0,221.5,77.0,23.0,66.0,34.0,59.0,41.0,48.0,52.0,1.0,11.0,False,False,1,,,,,,,,,,,,
2026-03-05T03:37:23.262646-05:00,vsin_dk,draftkings,nba,nba_20260304_charlotte_hornets_boston_celtics,Mar 4,,Charlotte Hornets,Boston Celtics,6.5,45.0,55.0,30.0,70.0,214.5,75.0,25.0,63.0,37.0,24.0,76.0,36.0,64.0,15.0,12.0,True,False,1,,,,,,,,,,,,
2026-03-05T03:37:23.262646-05:00,vsin_dk,draftkings,nba,nba_20260304_portland_trailblazers_memphis_grizzlies,Mar 4,,Portland Trailblazers,Memphis Grizzlies,-9.5,36.0,64.0,46.0,54.0,231.5,34.0,66.0,55.0,45.0,79.0,21.0,67.0,33.0,10.0,21.0,False,True,1,,,,,,,,,,,,
2026-03-05T03:37:23.262646-05:00,vsin_dk,draftkings,nba,nba_20260304_atlanta_hawks_milwaukee_bucks,Mar 4,,Atlanta Hawks,Milwaukee Bucks,1.5,49.0,51.0,46.0,54.0,232.5,50.0,50.0,63.0,37.0,45.0,55.0,37.0,63.0,3.0,13.0,False,False,1,,,,,,,,,,,,
2026-03-05T03:37:23.262646-05:00,vsin_dk,draftkings,nba,nba_20260304_indiana_pacers_los_angeles_clippers,Mar 4,,Indiana Pacers,Los Angeles Clippers,11.5,39.0,61.0,49.0,51.0,230.5,57.0,43.0,71.0,29.0,13.0,87.0,17.0,83.0,10.0,14.0,False,False,1,,,,,,,,,,,,
2026-03-05T03:37:23.262646-05:00,vsin_dk,draftkings,nba,nba_20260305_utah_jazz_washington_wizards,Mar 5,,Utah Jazz,Washington Wizards,1.5,61.0,39.0,57.0,43.0,243.5,27.0,73.0,6.0,94.0,55.0,45.0,59.0,41.0,4.0,21.0,False,True,1,,,,,,,,,,,,
2026-03-05T03:37:23.262646-05:00,vsin_dk,draftkings,nba,nba_20260305_dallas_mavericks_orlando_magic,Mar 5,,Dallas Mavericks,Orlando Magic,8.5,33.0,67.0,27.0,73.0,229.5,39.0,61.0,16.0,84.0,11.0,89.0,29.0,71.0,6.0,23.0,False,True,1,,,,,,,,,,,,
2026-03-05T03:37:23.262646-05:00,vsin_dk,draftkings,nba,nba_20260305_golden_state_warriors_houston_rockets,Mar 5,,Golden State Warriors,Houston Rockets,9.5,38.0,62.0,35.0,65.0,215.5,72.0,28.0,93.0,7.0,9.0,91.0,21.0,79.0,3.0,21.0,False,True,1,,,,,,,,,,,,
2026-03-05T03:37:23.262646-05:00,vsin_dk,draftkings,nba,nba_20260305_brooklyn_nets_miami_heat,Mar 5,,Brooklyn Nets,Miami Heat,12.5,30.0,70.0,28.0,72.0,225.5,54.0,46.0,61.0,39.0,8.0,92.0,24.0,76.0,2.0,7.0,False,False,1,,,,,,,,,,,,
2026-03-05T03:37:23.262646-05:00,vsin_dk,draftkings,nba,nba_20260305_detroit_pistons_san_antonio_spurs,Mar 5,,Detroit Pistons,San Antonio Spurs,3.5,36.0,64.0,11.0,89.0,227.5,54.0,46.0,60.0,40.0,33.0,67.0,33.0,67.0,25.0,6.0,True,False,1,,,,,,,,,,,,
2026-03-05T03:37:23.262646-05:00,vsin_dk,draftkings,nba,nba_20260305_toronto_raptors_minnesota_timberwolves,Mar 5,,Toronto Raptors,Minnesota Timberwolves,5.5,47.0,53.0,34.0,66.0,227.5,61.0,39.0,78.0,22.0,17.0,83.0,18.0,82.0,13.0,17.0,False,True,1,,,,,,,,,,,,
2026-03-05T03:37:23.262646-05:00,vsin_dk,draftkings,nba,nba_20260305_chicago_bulls_phoenix_suns,Mar 5,,Chicago Bulls,Phoenix Suns,11.5,53.0,47.0,38.0,62.0,224.5,65.0,35.0,77.0,23.0,10.0,90.0,14.0,86.0,15.0,12.0,True,False,1,,,,,,,,,,,,
2026-03-05T03:37:23.262646-05:00,vsin_dk,draftkings,nba,nba_20260305_los_angeles_lakers_denver_nuggets,Mar 5,,Los Angeles Lakers,Denver Nuggets,5.5,47.0,53.0,22.0,78.0,240.5,35.0,65.0,61.0,39.0,30.0,70.0,66.0,34.0,25.0,26.0,True,True,1,,,,,,,,,,,,
2026-03-05T03:37:23.262646-05:00,vsin_dk,draftkings,nba,nba_20260305_new_orleans_pelicans_sacramento_kings,Mar 5,,New Orleans Pelicans,Sacramento Kings,-4.5,68.0,32.0,92.0,8.0,233.5,37.0,63.0,79.0,21.0,77.0,23.0,76.0,24.0,24.0,42.0,True,True,1,,,,,,,,,,,,
2026-03-05T03:37:41.895988-05:00,vsin_circa,circa,nba,nba_20260304_oklahoma_city_thunder_new_york_knicks,Mar 4,,Oklahoma City Thunder,New York Knicks,-4.0,40.0,60.0,7.0,93.0,221.5,60.0,40.0,47.0,53.0,38.0,63.0,97.0,3.0,33.0,13.0,True,False,1,,,,,,,,,,,,
2026-03-05T03:37:41.895988-05:00,vsin_circa,circa,nba,nba_20260304_charlotte_hornets_boston_celtics,Mar 4,,Charlotte Hornets,Boston Celtics,7.0,43.0,57.0,5.0,95.0,215.0,58.0,42.0,71.0,29.0,63.0,38.0,17.0,83.0,38.0,13.0,True,False,1,,,,,,,,,,,,
2026-03-05T03:37:41.895988-05:00,vsin_circa,circa,nba,nba_20260304_portland_trailblazers_memphis_grizzlies,Mar 4,,Portland Trailblazers,Memphis Grizzlies,-9.0,56.0,44.0,89.0,11.0,231.0,20.0,80.0,1.0,99.0,20.0,80.0,,100.0,33.0,19.0,True,True,1,,,,,,,,,,,,
2026-03-05T03:37:41.895988-05:00,vsin_circa,circa,nba,nba_20260304_atlanta_hawks_milwaukee_bucks,Mar 4,,Atlanta Hawks,Milwaukee Bucks,1.0,31.0,69.0,98.0,2.0,232.5,50.0,50.0,43.0,57.0,55.0,45.0,60.0,40.0,67.0,7.0,True,False,1,,,,,,,,,,,,
2026-03-05T03:37:41.895988-05:00,vsin_circa,circa,nba,nba_20260304_indiana_pacers_los_angeles_clippers,Mar 4,,Indiana Pacers,Los Angeles Clippers,11.5,14.0,86.0,10.0,90.0,230.0,47.0,53.0,32.0,68.0,33.0,67.0,,100.0,4.0,15.0,False,True,1,,,,,,,,,,,,
2026-03-05T03:37:41.895988-05:00,vsin_circa,circa,nba,nba_20260305_utah_jazz_washington_wizards,Mar 5,,Utah Jazz,Washington Wizards,1.5,,100.0,,100.0,242.5,67.0,33.0,66.0,34.0,100.0,,100.0,,0.0,1.0,False,False,1,,,,,,,,,,,,
2026-03-05T03:37:41.895988-05:00,vsin_circa,circa,nba,nba_20260305_dallas_mavericks_orlando_magic,Mar 5,,Dallas Mavericks,Orlando Magic,8.0,,100.0,,100.0,229.5,50.0,50.0,50.0,50.0,50.0,50.0,50.0,50.0,0.0,0.0,False,False,1,,,,,,,,,,,,
2026-03-05T03:37:41.895988-05:00,vsin_circa,circa,nba,nba_20260305_golden_state_warriors_houston_rockets,Mar 5,,Golden State Warriors,Houston Rockets,9.5,50.0,50.0,2.0,98.0,216.0,50.0,50.0,38.0,63.0,50.0,50.0,50.0,50.0,48.0,12.0,True,False,1,,,,,,,,,,,,
2026-03-05T03:37:41.895988-05:00,vsin_circa,circa,nba,nba_20260305_brooklyn_nets_miami_heat,Mar 5,,Brooklyn Nets,Miami Heat,12.5,,100.0,,100.0,225.5,50.0,50.0,50.0,50.0,,100.0,,100.0,0.0,0.0,False,False,1,,,,,,,,,,,,
2026-03-05T03:37:41.895988-05:00,vsin_circa,circa,nba,nba_20260305_detroit_pistons_san_antonio_spurs,Mar 5,,Detroit Pistons,San Antonio Spurs,3.5,,100.0,,100.0,228.0,50.0,50.0,50.0,50.0,50.0,50.0,7.0,93.0,0.0,0.0,False,False,1,,,,,,,,,,,,
2026-03-05T03:37:41.895988-05:00,vsin_circa,circa,nba,nba_20260305_toronto_raptors_minnesota_timberwolves,Mar 5,,Toronto Raptors,Minnesota Timberwolves,6.0,100.0,,100.0,,228.0,50.0,50.0,50.0,50.0,100.0,,100.0,,,0.0,,False,1,,,,,,,,,,,,
2026-03-05T03:37:41.895988-05:00,vsin_circa,circa,nba,nba_20260305_chicago_bulls_phoenix_suns,Mar 5,,Chicago Bulls,Phoenix Suns,11.5,,100.0,,100.0,225.0,,100.0,,100.0,50.0,50.0,50.0,50.0,0.0,,False,,1,,,,,,,,,,,,
2026-03-05T03:37:41.895988-05:00,vsin_circa,circa,nba,nba_20260305_los_angeles_lakers_denver_nuggets,Mar 5,,Los Angeles Lakers,Denver Nuggets,5.0,20.0,80.0,5.0,95.0,241.0,75.0,25.0,84.0,16.0,50.0,50.0,50.0,50.0,15.0,9.0,True,False,1,,,,,,,,,,,,
2026-03-05T03:37:41.895988-05:00,vsin_circa,circa,nba,nba_20260305_new_orleans_pelicans_sacramento_kings,Mar 5,,New Orleans Pelicans,Sacramento Kings,-4.5,50.0,50.0,50.0,50.0,233.5,50.0,50.0,52.0,48.0,50.0,50.0,100.0,,0.0,2.0,False,False,1,,,,,,,,,,,,
2026-03-05T04:07:55.628691-05:00,vsin_dk,draftkings,nba,nba_20260304_oklahoma_city_thunder_new_york_knicks,Mar 4,,Oklahoma City Thunder,New York Knicks,-4.5,42.0,58.0,43.0,57.0,221.5,77.0,23.0,66.0,34.0,59.0,41.0,48.0,52.0,1.0,11.0,False,False,1,,,,,,,,,,,,
2026-03-05T04:07:55.628691-05:00,vsin_dk,draftkings,nba,nba_20260304_charlotte_hornets_boston_celtics,Mar 4,,Charlotte Hornets,Boston Celtics,6.5,45.0,55.0,30.0,70.0,214.5,75.0,25.0,63.0,37.0,24.0,76.0,36.0,64.0,15.0,12.0,True,False,1,,,,,,,,,,,,
2026-03-05T04:07:55.628691-05:00,vsin_dk,draftkings,nba,nba_20260304_portland_trailblazers_memphis_grizzlies,Mar 4,,Portland Trailblazers,Memphis Grizzlies,-9.5,36.0,64.0,46.0,54.0,231.5,34.0,66.0,55.0,45.0,79.0,21.0,67.0,33.0,10.0,21.0,False,True,1,,,,,,,,,,,,
2026-03-05T04:07:55.628691-05:00,vsin_dk,draftkings,nba,nba_20260304_atlanta_hawks_milwaukee_bucks,Mar 4,,Atlanta Hawks,Milwaukee Bucks,1.5,49.0,51.0,46.0,54.0,232.5,50.0,50.0,63.0,37.0,45.0,55.0,37.0,63.0,3.0,13.0,False,False,1,,,,,,,,,,,,
2026-03-05T04:07:55.628691-05:00,vsin_dk,draftkings,nba,nba_20260304_indiana_pacers_los_angeles_clippers,Mar 4,,Indiana Pacers,Los Angeles Clippers,11.5,39.0,61.0,49.0,51.0,230.5,57.0,43.0,71.0,29.0,13.0,87.0,17.0,83.0,10.0,14.0,False,False,1,,,,,,,,,,,,
2026-03-05T04:07:55.628691-05:00,vsin_dk,draftkings,nba,nba_20260305_utah_jazz_washington_wizards,Mar 5,,Utah Jazz,Washington Wizards,1.5,61.0,39.0,54.0,46.0,243.5,26.0,74.0,7.0,93.0,55.0,45.0,57.0,43.0,7.0,19.0,False,True,1,,,,,,,,,,,,
2026-03-05T04:07:55.628691-05:00,vsin_dk,draftkings,nba,nba_20260305_dallas_mavericks_orlando_magic,Mar 5,,Dallas Mavericks,Orlando Magic,8.5,33.0,67.0,26.0,74.0,229.5,39.0,61.0,17.0,83.0,11.0,89.0,29.0,71.0,7.0,22.0,False,True,1,,,,,,,,,,,,
2026-03-05T04:07:55.628691-05:00,vsin_dk,draftkings,nba,nba_20260305_golden_state_warriors_houston_rockets,Mar 5,,Golden State Warriors,Houston Rockets,9.5,38.0,62.0,35.0,65.0,215.5,70.0,30.0,92.0,8.0,10.0,90.0,21.0,79.0,3.0,22.0,False,True,1,,,,,,,,,,,,
2026-03-05T04:07:55.628691-05:00,vsin_dk,draftkings,nba,nba_20260305_brooklyn_nets_miami_heat,Mar 5,,Brooklyn Nets,Miami Heat,12.5,31.0,69.0,35.0,65.0,225.5,52.0,48.0,61.0,39.0,8.0,92.0,24.0,76.0,4.0,9.0,False,False,1,,,,,,,,,,,,
2026-03-05T04:07:55.628691-05:00,vsin_dk,draftkings,nba,nba_20260305_detroit_pistons_san_antonio_spurs,Mar 5,,Detroit Pistons,San Antonio Spurs,3.5,36.0,64.0,11.0,89.0,227.5,53.0,47.0,57.0,43.0,33.0,67.0,33.0,67.0,25.0,4.0,True,False,1,,,,,,,,,,,,
2026-03-05T04:07:55.628691-05:00,vsin_dk,draftkings,nba,nba_20260305_toronto_raptors_minnesota_timberwolves,Mar 5,,Toronto Raptors,Minnesota Timberwolves,5.5,46.0,54.0,35.0,65.0,227.5,61.0,39.0,78.0,22.0,17.0,83.0,18.0,82.0,11.0,17.0,False,True,1,,,,,,,,,,,,
2026-03-05T04:07:55.628691-05:00,vsin_dk,draftkings,nba,nba_20260305_chicago_bulls_phoenix_suns,Mar 5,,Chicago Bulls,Phoenix Suns,11.5,52.0,48.0,42.0,58.0,224.5,64.0,36.0,77.0,23.0,10.0,90.0,15.0,85.0,10.0,13.0,False,False,1,,,,,,,,,,,,
2026-03-05T04:07:55.628691-05:00,vsin_dk,draftkings,nba,nba_20260305_los_angeles_lakers_denver_nuggets,Mar 5,,Los Angeles Lakers,Denver Nuggets,5.5,48.0,52.0,29.0,71.0,240.5,34.0,66.0,57.0,43.0,30.0,70.0,66.0,34.0,19.0,23.0,True,True,1,,,,,,,,,,,,
2026-03-05T04:07:55.628691-05:00,vsin_dk,draftkings,nba,nba_20260305_new_orleans_pelicans_sacramento_kings,Mar 5,,New Orleans Pelicans,Sacramento Kings,-4.5,68.0,32.0,91.0,9.0,233.5,35.0,65.0,78.0,22.0,77.0,23.0,77.0,23.0,23.0,43.0,True,True,1,,,,,,,,,,,,
2026-03-05T04:08:17.280572-05:00,vsin_circa,circa,nba,nba_20260304_oklahoma_city_thunder_new_york_knicks,Mar 4,,Oklahoma City Thunder,New York Knicks,-4.0,40.0,60.0,7.0,93.0,221.5,60.0,40.0,47.0,53.0,38.0,63.0,97.0,3.0,33.0,13.0,True,False,1,,,,,,,,,,,,
2026-03-05T04:08:17.280572-05:00,vsin_circa,circa,nba,nba_20260304_charlotte_hornets_boston_celtics,Mar 4,,Charlotte Hornets,Boston Celtics,7.0,43.0,57.0,5.0,95.0,215.0,58.0,42.0,71.0,29.0,63.0,38.0,17.0,83.0,38.0,13.0,True,False,1,,,,,,,,,,,,
2026-03-05T04:08:17.280572-05:00,vsin_circa,circa,nba,nba_20260304_portland_trailblazers_memphis_grizzlies,Mar 4,,Portland Trailblazers,Memphis Grizzlies,-9.0,56.0,44.0,89.0,11.0,231.0,20.0,80.0,1.0,99.0,20.0,80.0,,100.0,33.0,19.0,True,True,1,,,,,,,,,,,,
2026-03-05T04:08:17.280572-05:00,vsin_circa,circa,nba,nba_20260304_atlanta_hawks_milwaukee_bucks,Mar 4,,Atlanta Hawks,Milwaukee Bucks,1.0,31.0,69.0,98.0,2.0,232.5,50.0,50.0,43.0,57.0,55.0,45.0,60.0,40.0,67.0,7.0,True,False,1,,,,,,,,,,,,
2026-03-05T04:08:17.280572-05:00,vsin_circa,circa,nba,nba_20260304_indiana_pacers_los_angeles_clippers,Mar 4,,Indiana Pacers,Los Angeles Clippers,11.5,14.0,86.0,10.0,90.0,230.0,47.0,53.0,32.0,68.0,33.0,67.0,,100.0,4.0,15.0,False,True,1,,,,,,,,,,,,
2026-03-05T04:08:17.280572-05:00,vsin_circa,circa,nba,nba_20260305_utah_jazz_washington_wizards,Mar 5,,Utah Jazz,Washington Wizards,1.5,,100.0,,100.0,242.5,67.0,33.0,66.0,34.0,100.0,,100.0,,0.0,1.0,False,False,1,,,,,,,,,,,,
2026-03-05T04:08:17.280572-05:00,vsin_circa,circa,nba,nba_20260305_dallas_mavericks_orlando_magic,Mar 5,,Dallas Mavericks,Orlando Magic,8.0,,100.0,,100.0,229.5,50.0,50.0,50.0,50.0,50.0,50.0,50.0,50.0,0.0,0.0,False,False,1,,,,,,,,,,,,
2026-03-05T04:08:17.280572-05:00,vsin_circa,circa,nba,nba_20260305_golden_state_warriors_houston_rockets,Mar 5,,Golden State Warriors,Houston Rockets,9.5,50.0,50.0,2.0,98.0,216.0,50.0,50.0,38.0,63.0,50.0,50.0,50.0,50.0,48.0,12.0,True,False,1,,,,,,,,,,,,
2026-03-05T04:08:17.280572-05:00,vsin_circa,circa,nba,nba_20260305_brooklyn_nets_miami_heat,Mar 5,,Brooklyn Nets,Miami Heat,12.5,,100.0,,100.0,225.5,50.0,50.0,50.0,50.0,,100.0,,100.0,0.0,0.0,False,False,1,,,,,,,,,,,,
2026-03-05T04:08:17.280572-05:00,vsin_circa,circa,nba,nba_20260305_detroit_pistons_san_antonio_spurs,Mar 5,,Detroit Pistons,San Antonio Spurs,3.5,,100.0,,100.0,228.0,50.0,50.0,50.0,50.0,50.0,50.0,7.0,93.0,0.0,0.0,False,False,1,,,,,,,,,,,,
2026-03-05T04:08:17.280572-05:00,vsin_circa,circa,nba,nba_20260305_toronto_raptors_minnesota_timberwolves,Mar 5,,Toronto Raptors,Minnesota Timberwolves,6.0,100.0,,100.0,,228.0,50.0,50.0,50.0,50.0,100.0,,100.0,,,0.0,,False,1,,,,,,,,,,,,
2026-03-05T04:08:17.280572-05:00,vsin_circa,circa,nba,nba_20260305_chicago_bulls_phoenix_suns,Mar 5,,Chicago Bulls,Phoenix Suns,11.5,,100.0,,100.0,225.0,,100.0,,100.0,50.0,50.0,50.0,50.0,0.0,,False,,1,,,,,,,,,,,,
2026-03-05T04:08:17.280572-05:00,vsin_circa,circa,nba,nba_20260305_los_angeles_lakers_denver_nuggets,Mar 5,,Los Angeles Lakers,Denver Nuggets,5.0,20.0,80.0,5.0,95.0,241.0,75.0,25.0,84.0,16.0,50.0,50.0,50.0,50.0,15.0,9.0,True,False,1,,,,,,,,,,,,
2026-03-05T04:08:17.280572-05:00,vsin_circa,circa,nba,nba_20260305_new_orleans_pelicans_sacramento_kings,Mar 5,,New Orleans Pelicans,Sacramento Kings,-4.5,50.0,50.0,50.0,50.0,233.5,50.0,50.0,52.0,48.0,50.0,50.0,100.0,,0.0,2.0,False,False,1,,,,,,,,,,,,
2026-03-05T04:37:50.367213-05:00,vsin_dk,draftkings,nba,nba_20260304_oklahoma_city_thunder_new_york_knicks,Mar 4,,Oklahoma City Thunder,New York Knicks,-4.5,42.0,58.0,43.0,57.0,221.5,77.0,23.0,66.0,34.0,59.0,41.0,48.0,52.0,1.0,11.0,False,False,1,,,,,,,,,,,,
2026-03-05T04:37:50.367213-05:00,vsin_dk,draftkings,nba,nba_20260304_charlotte_hornets_boston_celtics,Mar 4,,Charlotte Hornets,Boston Celtics,6.5,45.0,55.0,30.0,70.0,214.5,75.0,25.0,63.0,37.0,24.0,76.0,36.0,64.0,15.0,12.0,True,False,1,,,,,,,,,,,,
2026-03-05T04:37:50.367213-05:00,vsin_dk,draftkings,nba,nba_20260304_portland_trailblazers_memphis_grizzlies,Mar 4,,Portland Trailblazers,Memphis Grizzlies,-9.5,36.0,64.0,46.0,54.0,231.5,34.0,66.0,55.0,45.0,79.0,21.0,67.0,33.0,10.0,21.0,False,True,1,,,,,,,,,,,,
2026-03-05T04:37:50.367213-05:00,vsin_dk,draftkings,nba,nba_20260304_atlanta_hawks_milwaukee_bucks,Mar 4,,Atlanta Hawks,Milwaukee Bucks,1.5,49.0,51.0,46.0,54.0,232.5,50.0,50.0,63.0,37.0,45.0,55.0,37.0,63.0,3.0,13.0,False,False,1,,,,,,,,,,,,
2026-03-05T04:37:50.367213-05:00,vsin_dk,draftkings,nba,nba_20260304_indiana_pacers_los_angeles_clippers,Mar 4,,Indiana Pacers,Los Angeles Clippers,11.5,39.0,61.0,49.0,51.0,230.5,57.0,43.0,71.0,29.0,13.0,87.0,17.0,83.0,10.0,14.0,False,False,1,,,,,,,,,,,,
2026-03-05T04:37:50.367213-05:00,vsin_dk,draftkings,nba,nba_20260305_utah_jazz_washington_wizards,Mar 5,,Utah Jazz,Washington Wizards,1.5,60.0,40.0,55.0,45.0,243.5,26.0,74.0,7.0,93.0,54.0,46.0,56.0,44.0,5.0,19.0,False,True,1,,,,,,,,,,,,
2026-03-05T04:37:50.367213-05:00,vsin_dk,draftkings,nba,nba_20260305_dallas_mavericks_orlando_magic,Mar 5,,Dallas Mavericks,Orlando Magic,8.5,33.0,67.0,27.0,73.0,228.5,39.0,61.0,17.0,83.0,11.0,89.0,29.0,71.0,6.0,22.0,False,True,1,,,,,,,,,,,,
2026-03-05T04:37:50.367213-05:00,vsin_dk,draftkings,nba,nba_20260305_golden_state_warriors_houston_rockets,Mar 5,,Golden State Warriors,Houston Rockets,9.5,39.0,61.0,34.0,66.0,215.5,70.0,30.0,91.0,9.0,10.0,90.0,20.0,80.0,5.0,21.0,False,True,1,,,,,,,,,,,,
2026-03-05T04:37:50.367213-05:00,vsin_dk,draftkings,nba,nba_20260305_brooklyn_nets_miami_heat,Mar 5,,Brooklyn Nets,Miami Heat,12.5,31.0,69.0,33.0,67.0,225.5,52.0,48.0,72.0,28.0,8.0,92.0,24.0,76.0,2.0,20.0,False,True,1,,,,,,,,,,,,
2026-03-05T04:37:50.367213-05:00,vsin_dk,draftkings,nba,nba_20260305_detroit_pistons_san_antonio_spurs,Mar 5,,Detroit Pistons,San Antonio Spurs,3.5,36.0,64.0,12.0,88.0,227.5,53.0,47.0,59.0,41.0,33.0,67.0,33.0,67.0,24.0,6.0,True,False,1,,,,,,,,,,,,
2026-03-05T04:37:50.367213-05:00,vsin_dk,draftkings,nba,nba_20260305_toronto_raptors_minnesota_timberwolves,Mar 5,,Toronto Raptors,Minnesota Timberwolves,5.5,46.0,54.0,35.0,65.0,227.5,60.0,40.0,62.0,38.0,17.0,83.0,18.0,82.0,11.0,2.0,False,False,1,,,,,,,,,,,,
2026-03-05T04:37:50.367213-05:00,vsin_dk,draftkings,nba,nba_20260305_chicago_bulls_phoenix_suns,Mar 5,,Chicago Bulls,Phoenix Suns,11.5,52.0,48.0,43.0,57.0,224.5,64.0,36.0,77.0,23.0,10.0,90.0,15.0,85.0,9.0,13.0,False,False,1,,,,,,,,,,,,
2026-03-05T04:37:50.367213-05:00,vsin_dk,draftkings,nba,nba_20260305_los_angeles_lakers_denver_nuggets,Mar 5,,Los Angeles Lakers,Denver Nuggets,5.5,47.0,53.0,29.0,71.0,240.5,34.0,66.0,58.0,42.0,30.0,70.0,65.0,35.0,18.0,24.0,True,True,1,,,,,,,,,,,,
2026-03-05T04:37:50.367213-05:00,vsin_dk,draftkings,nba,nba_20260305_new_orleans_pelicans_sacramento_kings,Mar 5,,New Orleans Pelicans,Sacramento Kings,-4.5,68.0,32.0,91.0,9.0,233.5,36.0,64.0,72.0,28.0,77.0,23.0,77.0,23.0,23.0,36.0,True,True,1,,,,,,,,,,,,
2026-03-05T04:38:12.973918-05:00,vsin_circa,circa,nba,nba_20260304_oklahoma_city_thunder_new_york_knicks,Mar 4,,Oklahoma City Thunder,New York Knicks,-4.0,40.0,60.0,7.0,93.0,221.5,60.0,40.0,47.0,53.0,38.0,63.0,97.0,3.0,33.0,13.0,True,False,1,,,,,,,,,,,,
2026-03-05T04:38:12.973918-05:00,vsin_circa,circa,nba,nba_20260304_charlotte_hornets_boston_celtics,Mar 4,,Charlotte Hornets,Boston Celtics,7.0,43.0,57.0,5.0,95.0,215.0,58.0,42.0,71.0,29.0,63.0,38.0,17.0,83.0,38.0,13.0,True,False,1,,,,,,,,,,,,
2026-03-05T04:38:12.973918-05:00,vsin_circa,circa,nba,nba_20260304_portland_trailblazers_memphis_grizzlies,Mar 4,,Portland Trailblazers,Memphis Grizzlies,-9.0,56.0,44.0,89.0,11.0,231.0,20.0,80.0,1.0,99.0,20.0,80.0,,100.0,33.0,19.0,True,True,1,,,,,,,,,,,,
2026-03-05T04:38:12.973918-05:00,vsin_circa,circa,nba,nba_20260304_atlanta_hawks_milwaukee_bucks,Mar 4,,Atlanta Hawks,Milwaukee Bucks,1.0,31.0,69.0,98.0,2.0,232.5,50.0,50.0,43.0,57.0,55.0,45.0,60.0,40.0,67.0,7.0,True,False,1,,,,,,,,,,,,
2026-03-05T04:38:12.973918-05:00,vsin_circa,circa,nba,nba_20260304_indiana_pacers_los_angeles_clippers,Mar 4,,Indiana Pacers,Los Angeles Clippers,11.5,14.0,86.0,10.0,90.0,230.0,47.0,53.0,32.0,68.0,33.0,67.0,,100.0,4.0,15.0,False,True,1,,,,,,,,,,,,
2026-03-05T04:38:12.973918-05:00,vsin_circa,circa,nba,nba_20260305_utah_jazz_washington_wizards,Mar 5,,Utah Jazz,Washington Wizards,1.5,,100.0,,100.0,242.5,67.0,33.0,66.0,34.0,100.0,,100.0,,0.0,1.0,False,False,1,,,,,,,,,,,,
2026-03-05T04:38:12.973918-05:00,vsin_circa,circa,nba,nba_20260305_dallas_mavericks_orlando_magic,Mar 5,,Dallas Mavericks,Orlando Magic,8.5,,100.0,,100.0,229.5,50.0,50.0,50.0,50.0,50.0,50.0,50.0,50.0,0.0,0.0,False,False,1,,,,,,,,,,,,
2026-03-05T04:38:12.973918-05:00,vsin_circa,circa,nba,nba_20260305_golden_state_warriors_houston_rockets,Mar 5,,Golden State Warriors,Houston Rockets,9.5,50.0,50.0,2.0,98.0,216.0,50.0,50.0,38.0,63.0,50.0,50.0,50.0,50.0,48.0,12.0,True,False,1,,,,,,,,,,,,
2026-03-05T04:38:12.973918-05:00,vsin_circa,circa,nba,nba_20260305_brooklyn_nets_miami_heat,Mar 5,,Brooklyn Nets,Miami Heat,12.5,,100.0,,100.0,225.5,50.0,50.0,50.0,50.0,,100.0,,100.0,0.0,0.0,False,False,1,,,,,,,,,,,,
2026-03-05T04:38:12.973918-05:00,vsin_circa,circa,nba,nba_20260305_detroit_pistons_san_antonio_spurs,Mar 5,,Detroit Pistons,San Antonio Spurs,3.5,,100.0,,100.0,228.0,50.0,50.0,50.0,50.0,50.0,50.0,7.0,93.0,0.0,0.0,False,False,1,,,,,,,,,,,,
2026-03-05T04:38:12.973918-05:00,vsin_circa,circa,nba,nba_20260305_toronto_raptors_minnesota_timberwolves,Mar 5,,Toronto Raptors,Minnesota Timberwolves,6.0,100.0,,100.0,,228.0,50.0,50.0,50.0,50.0,100.0,,100.0,,,0.0,,False,1,,,,,,,,,,,,
2026-03-05T04:38:12.973918-05:00,vsin_circa,circa,nba,nba_20260305_chicago_bulls_phoenix_suns,Mar 5,,Chicago Bulls,Phoenix Suns,11.5,,100.0,,100.0,225.0,,100.0,,100.0,50.0,50.0,50.0,50.0,0.0,,False,,1,,,,,,,,,,,,
2026-03-05T04:38:12.973918-05:00,vsin_circa,circa,nba,nba_20260305_los_angeles_lakers_denver_nuggets,Mar 5,,Los Angeles Lakers,Denver Nuggets,5.0,20.0,80.0,5.0,95.0,241.0,75.0,25.0,84.0,16.0,50.0,50.0,50.0,50.0,15.0,9.0,True,False,1,,,,,,,,,,,,
2026-03-05T04:38:12.973918-05:00,vsin_circa,circa,nba,nba_20260305_new_orleans_pelicans_sacramento_kings,Mar 5,,New Orleans Pelicans,Sacramento Kings,-4.5,50.0,50.0,50.0,50.0,233.5,50.0,50.0,52.0,48.0,50.0,50.0,100.0,,0.0,2.0,False,False,1,,,,,,,,,,,,
2026-03-05T05:07:12.127988-05:00,vsin_dk,draftkings,nba,nba_20260304_oklahoma_city_thunder_new_york_knicks,Mar 4,,Oklahoma City Thunder,New York Knicks,-4.5,42.0,58.0,43.0,57.0,221.5,77.0,23.0,66.0,34.0,59.0,41.0,48.0,52.0,1.0,11.0,False,False,1,,,,,,,,,,,,
2026-03-05T05:07:12.127988-05:00,vsin_dk,draftkings,nba,nba_20260304_charlotte_hornets_boston_celtics,Mar 4,,Charlotte Hornets,Boston Celtics,6.5,45.0,55.0,30.0,70.0,214.5,75.0,25.0,63.0,37.0,24.0,76.0,36.0,64.0,15.0,12.0,True,False,1,,,,,,,,,,,,
2026-03-05T05:07:12.127988-05:00,vsin_dk,draftkings,nba,nba_20260304_portland_trailblazers_memphis_grizzlies,Mar 4,,Portland Trailblazers,Memphis Grizzlies,-9.5,36.0,64.0,46.0,54.0,231.5,34.0,66.0,55.0,45.0,79.0,21.0,67.0,33.0,10.0,21.0,False,True,1,,,,,,,,,,,,
2026-03-05T05:07:12.127988-05:00,vsin_dk,draftkings,nba,nba_20260304_atlanta_hawks_milwaukee_bucks,Mar 4,,Atlanta Hawks,Milwaukee Bucks,1.5,49.0,51.0,46.0,54.0,232.5,50.0,50.0,63.0,37.0,45.0,55.0,37.0,63.0,3.0,13.0,False,False,1,,,,,,,,,,,,
2026-03-05T05:07:12.127988-05:00,vsin_dk,draftkings,nba,nba_20260304_indiana_pacers_los_angeles_clippers,Mar 4,,Indiana Pacers,Los Angeles Clippers,11.5,39.0,61.0,49.0,51.0,230.5,57.0,43.0,71.0,29.0,13.0,87.0,17.0,83.0,10.0,14.0,False,False,1,,,,,,,,,,,,
2026-03-05T05:07:12.127988-05:00,vsin_dk,draftkings,nba,nba_20260305_utah_jazz_washington_wizards,Mar 5,,Utah Jazz,Washington Wizards,1.5,59.0,41.0,54.0,46.0,243.5,26.0,74.0,7.0,93.0,54.0,46.0,57.0,43.0,5.0,19.0,False,True,1,,,,,,,,,,,,
2026-03-05T05:07:12.127988-05:00,vsin_dk,draftkings,nba,nba_20260305_dallas_mavericks_orlando_magic,Mar 5,,Dallas Mavericks,Orlando Magic,8.5,33.0,67.0,26.0,74.0,228.5,39.0,61.0,17.0,83.0,11.0,89.0,28.0,72.0,7.0,22.0,False,True,1,,,,,,,,,,,,
2026-03-05T05:07:12.127988-05:00,vsin_dk,draftkings,nba,nba_20260305_golden_state_warriors_houston_rockets,Mar 5,,Golden State Warriors,Houston Rockets,9.5,38.0,62.0,33.0,67.0,215.5,70.0,30.0,90.0,10.0,10.0,90.0,22.0,78.0,5.0,20.0,False,True,1,,,,,,,,,,,,
2026-03-05T05:07:12.127988-05:00,vsin_dk,draftkings,nba,nba_20260305_brooklyn_nets_miami_heat,Mar 5,,Brooklyn Nets,Miami Heat,12.5,30.0,70.0,33.0,67.0,225.5,52.0,48.0,72.0,28.0,8.0,92.0,24.0,76.0,3.0,20.0,False,True,1,,,,,,,,,,,,
2026-03-05T05:07:12.127988-05:00,vsin_dk,draftkings,nba,nba_20260305_detroit_pistons_san_antonio_spurs,Mar 5,,Detroit Pistons,San Antonio Spurs,3.5,36.0,64.0,12.0,88.0,227.5,53.0,47.0,56.0,44.0,33.0,67.0,33.0,67.0,24.0,3.0,True,False,1,,,,,,,,,,,,
2026-03-05T05:07:12.127988-05:00,vsin_dk,draftkings,nba,nba_20260305_toronto_raptors_minnesota_timberwolves,Mar 5,,Toronto Raptors,Minnesota Timberwolves,5.5,46.0,54.0,35.0,65.0,227.5,59.0,41.0,57.0,43.0,17.0,83.0,22.0,78.0,11.0,2.0,False,False,1,,,,,,,,,,,,
2026-03-05T05:07:12.127988-05:00,vsin_dk,draftkings,nba,nba_20260305_chicago_bulls_phoenix_suns,Mar 5,,Chicago Bulls,Phoenix Suns,11.5,52.0,48.0,44.0,56.0,224.5,63.0,37.0,77.0,23.0,10.0,90.0,14.0,86.0,8.0,14.0,False,False,1,,,,,,,,,,,,
2026-03-05T05:07:12.127988-05:00,vsin_dk,draftkings,nba,nba_20260305_los_angeles_lakers_denver_nuggets,Mar 5,,Los Angeles Lakers,Denver Nuggets,5.5,47.0,53.0,29.0,71.0,240.5,34.0,66.0,58.0,42.0,30.0,70.0,65.0,35.0,18.0,24.0,True,True,1,,,,,,,,,,,,
2026-03-05T05:07:12.127988-05:00,vsin_dk,draftkings,nba,nba_20260305_new_orleans_pelicans_sacramento_kings,Mar 5,,New Orleans Pelicans,Sacramento Kings,-4.5,68.0,32.0,91.0,9.0,233.5,36.0,64.0,72.0,28.0,77.0,23.0,77.0,23.0,23.0,36.0,True,True,1,,,,,,,,,,,,
2026-03-05T05:07:31.464119-05:00,vsin_circa,circa,nba,nba_20260304_oklahoma_city_thunder_new_york_knicks,Mar 4,,Oklahoma City Thunder,New York Knicks,-4.0,40.0,60.0,7.0,93.0,221.5,60.0,40.0,47.0,53.0,38.0,63.0,97.0,3.0,33.0,13.0,True,False,1,,,,,,,,,,,,
2026-03-05T05:07:31.464119-05:00,vsin_circa,circa,nba,nba_20260304_charlotte_hornets_boston_celtics,Mar 4,,Charlotte Hornets,Boston Celtics,7.0,43.0,57.0,5.0,95.0,215.0,58.0,42.0,71.0,29.0,63.0,38.0,17.0,83.0,38.0,13.0,True,False,1,,,,,,,,,,,,
2026-03-05T05:07:31.464119-05:00,vsin_circa,circa,nba,nba_20260304_portland_trailblazers_memphis_grizzlies,Mar 4,,Portland Trailblazers,Memphis Grizzlies,-9.0,56.0,44.0,89.0,11.0,231.0,20.0,80.0,1.0,99.0,20.0,80.0,,100.0,33.0,19.0,True,True,1,,,,,,,,,,,,
2026-03-05T05:07:31.464119-05:00,vsin_circa,circa,nba,nba_20260304_atlanta_hawks_milwaukee_bucks,Mar 4,,Atlanta Hawks,Milwaukee Bucks,1.0,31.0,69.0,98.0,2.0,232.5,50.0,50.0,43.0,57.0,55.0,45.0,60.0,40.0,67.0,7.0,True,False,1,,,,,,,,,,,,
2026-03-05T05:07:31.464119-05:00,vsin_circa,circa,nba,nba_20260304_indiana_pacers_los_angeles_clippers,Mar 4,,Indiana Pacers,Los Angeles Clippers,11.5,14.0,86.0,10.0,90.0,230.0,47.0,53.0,32.0,68.0,33.0,67.0,,100.0,4.0,15.0,False,True,1,,,,,,,,,,,,
2026-03-05T05:07:31.464119-05:00,vsin_circa,circa,nba,nba_20260305_utah_jazz_washington_wizards,Mar 5,,Utah Jazz,Washington Wizards,1.5,,100.0,,100.0,242.5,67.0,33.0,66.0,34.0,100.0,,100.0,,0.0,1.0,False,False,1,,,,,,,,,,,,
2026-03-05T05:07:31.464119-05:00,vsin_circa,circa,nba,nba_20260305_dallas_mavericks_orlando_magic,Mar 5,,Dallas Mavericks,Orlando Magic,8.5,,100.0,,100.0,229.5,50.0,50.0,50.0,50.0,50.0,50.0,50.0,50.0,0.0,0.0,False,False,1,,,,,,,,,,,,
2026-03-05T05:07:31.464119-05:00,vsin_circa,circa,nba,nba_20260305_golden_state_warriors_houston_rockets,Mar 5,,Golden State Warriors,Houston Rockets,9.5,67.0,33.0,38.0,62.0,216.0,50.0,50.0,38.0,63.0,50.0,50.0,50.0,50.0,29.0,12.0,True,False,1,,,,,,,,,,,,
2026-03-05T05:07:31.464119-05:00,vsin_circa,circa,nba,nba_20260305_brooklyn_nets_miami_heat,Mar 5,,Brooklyn Nets,Miami Heat,12.5,,100.0,,100.0,225.5,50.0,50.0,50.0,50.0,50.0,50.0,,100.0,0.0,0.0,False,False,1,,,,,,,,,,,,
2026-03-05T05:07:31.464119-05:00,vsin_circa,circa,nba,nba_20260305_detroit_pistons_san_antonio_spurs,Mar 5,,Detroit Pistons,San Antonio Spurs,3.5,,100.0,,100.0,228.0,50.0,50.0,50.0,50.0,50.0,50.0,7.0,93.0,0.0,0.0,False,False,1,,,,,,,,,,,,
2026-03-05T05:07:31.464119-05:00,vsin_circa,circa,nba,nba_20260305_toronto_raptors_minnesota_timberwolves,Mar 5,,Toronto Raptors,Minnesota Timberwolves,6.0,100.0,,100.0,,228.0,50.0,50.0,50.0,50.0,100.0,,100.0,,,0.0,,False,1,,,,,,,,,,,,
2026-03-05T05:07:31.464119-05:00,vsin_circa,circa,nba,nba_20260305_chicago_bulls_phoenix_suns,Mar 5,,Chicago Bulls,Phoenix Suns,11.5,50.0,50.0,97.0,3.0,225.0,,100.0,,100.0,50.0,50.0,50.0,50.0,47.0,,True,,1,,,,,,,,,,,,
2026-03-05T05:07:31.464119-05:00,vsin_circa,circa,nba,nba_20260305_los_angeles_lakers_denver_nuggets,Mar 5,,Los Angeles Lakers,Denver Nuggets,5.0,20.0,80.0,5.0,95.0,241.0,75.0,25.0,84.0,16.0,50.0,50.0,50.0,50.0,15.0,9.0,True,False,1,,,,,,,,,,,,
2026-03-05T05:07:31.464119-05:00,vsin_circa,circa,nba,nba_20260305_new_orleans_pelicans_sacramento_kings,Mar 5,,New Orleans Pelicans,Sacramento Kings,-4.5,50.0,50.0,50.0,50.0,233.5,50.0,50.0,52.0,48.0,50.0,50.0,100.0,,0.0,2.0,False,False,1,,,,,,,,,,,,
2026-03-05T05:37:21.166180-05:00,vsin_dk,draftkings,nba,nba_20260304_oklahoma_city_thunder_new_york_knicks,Mar 4,,Oklahoma City Thunder,New York Knicks,-4.5,42.0,58.0,43.0,57.0,221.5,77.0,23.0,66.0,34.0,59.0,41.0,48.0,52.0,1.0,11.0,False,False,1,,,,,,,,,,,,
2026-03-05T05:37:21.166180-05:00,vsin_dk,draftkings,nba,nba_20260304_charlotte_hornets_boston_celtics,Mar 4,,Charlotte Hornets,Boston Celtics,6.5,45.0,55.0,30.0,70.0,214.5,75.0,25.0,63.0,37.0,24.0,76.0,36.0,64.0,15.0,12.0,True,False,1,,,,,,,,,,,,
2026-03-05T05:37:21.166180-05:00,vsin_dk,draftkings,nba,nba_20260304_portland_trailblazers_memphis_grizzlies,Mar 4,,Portland Trailblazers,Memphis Grizzlies,-9.5,36.0,64.0,46.0,54.0,231.5,34.0,66.0,55.0,45.0,79.0,21.0,67.0,33.0,10.0,21.0,False,True,1,,,,,,,,,,,,
2026-03-05T05:37:21.166180-05:00,vsin_dk,draftkings,nba,nba_20260304_atlanta_hawks_milwaukee_bucks,Mar 4,,Atlanta Hawks,Milwaukee Bucks,1.5,49.0,51.0,46.0,54.0,232.5,50.0,50.0,63.0,37.0,45.0,55.0,37.0,63.0,3.0,13.0,False,False,1,,,,,,,,,,,,
2026-03-05T05:37:21.166180-05:00,vsin_dk,draftkings,nba,nba_20260304_indiana_pacers_los_angeles_clippers,Mar 4,,Indiana Pacers,Los Angeles Clippers,11.5,39.0,61.0,49.0,51.0,230.5,57.0,43.0,71.0,29.0,13.0,87.0,17.0,83.0,10.0,14.0,False,False,1,,,,,,,,,,,,
2026-03-05T05:37:21.166180-05:00,vsin_dk,draftkings,nba,nba_20260305_utah_jazz_washington_wizards,Mar 5,,Utah Jazz,Washington Wizards,1.5,59.0,41.0,53.0,47.0,243.5,26.0,74.0,6.0,94.0,53.0,47.0,54.0,46.0,6.0,20.0,False,True,1,,,,,,,,,,,,
2026-03-05T05:37:21.166180-05:00,vsin_dk,draftkings,nba,nba_20260305_dallas_mavericks_orlando_magic,Mar 5,,Dallas Mavericks,Orlando Magic,8.5,33.0,67.0,27.0,73.0,228.5,40.0,60.0,20.0,80.0,11.0,89.0,27.0,73.0,6.0,20.0,False,True,1,,,,,,,,,,,,
2026-03-05T05:37:21.166180-05:00,vsin_dk,draftkings,nba,nba_20260305_golden_state_warriors_houston_rockets,Mar 5,,Golden State Warriors,Houston Rockets,9.5,39.0,61.0,33.0,67.0,215.5,70.0,30.0,88.0,12.0,10.0,90.0,22.0,78.0,6.0,18.0,False,True,1,,,,,,,,,,,,
2026-03-05T05:37:21.166180-05:00,vsin_dk,draftkings,nba,nba_20260305_brooklyn_nets_miami_heat,Mar 5,,Brooklyn Nets,Miami Heat,12.5,31.0,69.0,31.0,69.0,225.5,53.0,47.0,73.0,27.0,8.0,92.0,23.0,77.0,0.0,20.0,False,True,1,,,,,,,,,,,,
2026-03-05T05:37:21.166180-05:00,vsin_dk,draftkings,nba,nba_20260305_detroit_pistons_san_antonio_spurs,Mar 5,,Detroit Pistons,San Antonio Spurs,3.5,37.0,63.0,13.0,87.0,227.5,53.0,47.0,58.0,42.0,33.0,67.0,33.0,67.0,24.0,5.0,True,False,1,,,,,,,,,,,,
2026-03-05T05:37:21.166180-05:00,vsin_dk,draftkings,nba,nba_20260305_toronto_raptors_minnesota_timberwolves,Mar 5,,Toronto Raptors,Minnesota Timberwolves,5.5,46.0,54.0,32.0,68.0,227.5,59.0,41.0,62.0,38.0,17.0,83.0,22.0,78.0,14.0,3.0,False,False,1,,,,,,,,,,,,
2026-03-05T05:37:21.166180-05:00,vsin_dk,draftkings,nba,nba_20260305_chicago_bulls_phoenix_suns,Mar 5,,Chicago Bulls,Phoenix Suns,11.5,52.0,48.0,41.0,59.0,224.5,64.0,36.0,77.0,23.0,9.0,91.0,15.0,85.0,11.0,13.0,False,False,1,,,,,,,,,,,,
2026-03-05T05:37:21.166180-05:00,vsin_dk,draftkings,nba,nba_20260305_los_angeles_lakers_denver_nuggets,Mar 5,,Los Angeles Lakers,Denver Nuggets,5.5,48.0,52.0,30.0,70.0,240.5,34.0,66.0,58.0,42.0,30.0,70.0,65.0,35.0,18.0,24.0,True,True,1,,,,,,,,,,,,
2026-03-05T05:37:21.166180-05:00,vsin_dk,draftkings,nba,nba_20260305_new_orleans_pelicans_sacramento_kings,Mar 5,,New Orleans Pelicans,Sacramento Kings,-4.5,69.0,31.0,92.0,8.0,233.5,36.0,64.0,70.0,30.0,77.0,23.0,76.0,24.0,23.0,34.0,True,True,1,,,,,,,,,,,,
2026-03-05T05:37:40.535300-05:00,vsin_circa,circa,nba,nba_20260304_oklahoma_city_thunder_new_york_knicks,Mar 4,,Oklahoma City Thunder,New York Knicks,-4.0,40.0,60.0,7.0,93.0,221.5,60.0,40.0,47.0,53.0,38.0,63.0,97.0,3.0,33.0,13.0,True,False,1,,,,,,,,,,,,
2026-03-05T05:37:40.535300-05:00,vsin_circa,circa,nba,nba_20260304_charlotte_hornets_boston_celtics,Mar 4,,Charlotte Hornets,Boston Celtics,7.0,43.0,57.0,5.0,95.0,215.0,58.0,42.0,71.0,29.0,63.0,38.0,17.0,83.0,38.0,13.0,True,False,1,,,,,,,,,,,,
2026-03-05T05:37:40.535300-05:00,vsin_circa,circa,nba,nba_20260304_portland_trailblazers_memphis_grizzlies,Mar 4,,Portland Trailblazers,Memphis Grizzlies,-9.0,56.0,44.0,89.0,11.0,231.0,20.0,80.0,1.0,99.0,20.0,80.0,,100.0,33.0,19.0,True,True,1,,,,,,,,,,,,
2026-03-05T05:37:40.535300-05:00,vsin_circa,circa,nba,nba_20260304_atlanta_hawks_milwaukee_bucks,Mar 4,,Atlanta Hawks,Milwaukee Bucks,1.0,31.0,69.0,98.0,2.0,232.5,50.0,50.0,43.0,57.0,55.0,45.0,60.0,40.0,67.0,7.0,True,False,1,,,,,,,,,,,,
2026-03-05T05:37:40.535300-05:00,vsin_circa,circa,nba,nba_20260304_indiana_pacers_los_angeles_clippers,Mar 4,,Indiana Pacers,Los Angeles Clippers,11.5,14.0,86.0,10.0,90.0,230.0,47.0,53.0,32.0,68.0,33.0,67.0,,100.0,4.0,15.0,False,True,1,,,,,,,,,,,,
2026-03-05T05:37:40.535300-05:00,vsin_circa,circa,nba,nba_20260305_utah_jazz_washington_wizards,Mar 5,,Utah Jazz,Washington Wizards,1.5,,100.0,,100.0,242.5,67.0,33.0,66.0,34.0,100.0,,100.0,,0.0,1.0,False,False,1,,,,,,,,,,,,
2026-03-05T05:37:40.535300-05:00,vsin_circa,circa,nba,nba_20260305_dallas_mavericks_orlando_magic,Mar 5,,Dallas Mavericks,Orlando Magic,8.5,,100.0,,100.0,229.5,50.0,50.0,50.0,50.0,50.0,50.0,50.0,50.0,0.0,0.0,False,False,1,,,,,,,,,,,,
2026-03-05T05:37:40.535300-05:00,vsin_circa,circa,nba,nba_20260305_golden_state_warriors_houston_rockets,Mar 5,,Golden State Warriors,Houston Rockets,9.5,67.0,33.0,38.0,62.0,216.0,50.0,50.0,38.0,63.0,50.0,50.0,50.0,50.0,29.0,12.0,True,False,1,,,,,,,,,,,,
2026-03-05T05:37:40.535300-05:00,vsin_circa,circa,nba,nba_20260305_brooklyn_nets_miami_heat,Mar 5,,Brooklyn Nets,Miami Heat,12.5,,100.0,,100.0,225.5,50.0,50.0,50.0,50.0,50.0,50.0,,100.0,0.0,0.0,False,False,1,,,,,,,,,,,,
2026-03-05T05:37:40.535300-05:00,vsin_circa,circa,nba,nba_20260305_detroit_pistons_san_antonio_spurs,Mar 5,,Detroit Pistons,San Antonio Spurs,3.5,,100.0,,100.0,228.0,50.0,50.0,50.0,50.0,50.0,50.0,7.0,93.0,0.0,0.0,False,False,1,,,,,,,,,,,,
2026-03-05T05:37:40.535300-05:00,vsin_circa,circa,nba,nba_20260305_toronto_raptors_minnesota_timberwolves,Mar 5,,Toronto Raptors,Minnesota Timberwolves,6.0,100.0,,100.0,,228.0,50.0,50.0,50.0,50.0,100.0,,100.0,,,0.0,,False,1,,,,,,,,,,,,
2026-03-05T05:37:40.535300-05:00,vsin_circa,circa,nba,nba_20260305_chicago_bulls_phoenix_suns,Mar 5,,Chicago Bulls,Phoenix Suns,11.5,50.0,50.0,97.0,3.0,225.0,,100.0,,100.0,50.0,50.0,50.0,50.0,47.0,,True,,1,,,,,,,,,,,,
2026-03-05T05:37:40.535300-05:00,vsin_circa,circa,nba,nba_20260305_los_angeles_lakers_denver_nuggets,Mar 5,,Los Angeles Lakers,Denver Nuggets,5.0,20.0,80.0,5.0,95.0,241.0,75.0,25.0,84.0,16.0,50.0,50.0,50.0,50.0,15.0,9.0,True,False,1,,,,,,,,,,,,
2026-03-05T05:37:40.535300-05:00,vsin_circa,circa,nba,nba_20260305_new_orleans_pelicans_sacramento_kings,Mar 5,,New Orleans Pelicans,Sacramento Kings,-4.5,50.0,50.0,50.0,50.0,233.5,50.0,50.0,52.0,48.0,50.0,50.0,100.0,,0.0,2.0,False,False,1,,,,,,,,,,,,
2026-03-05T06:07:50.484652-05:00,vsin_dk,draftkings,nba,nba_20260304_oklahoma_city_thunder_new_york_knicks,Mar 4,,Oklahoma City Thunder,New York Knicks,-4.5,42.0,58.0,43.0,57.0,221.5,77.0,23.0,66.0,34.0,59.0,41.0,48.0,52.0,1.0,11.0,False,False,1,,,,,,,,,,,,
2026-03-05T06:07:50.484652-05:00,vsin_dk,draftkings,nba,nba_20260304_charlotte_hornets_boston_celtics,Mar 4,,Charlotte Hornets,Boston Celtics,6.5,45.0,55.0,30.0,70.0,214.5,75.0,25.0,63.0,37.0,24.0,76.0,36.0,64.0,15.0,12.0,True,False,1,,,,,,,,,,,,
2026-03-05T06:07:50.484652-05:00,vsin_dk,draftkings,nba,nba_20260304_portland_trailblazers_memphis_grizzlies,Mar 4,,Portland Trailblazers,Memphis Grizzlies,-9.5,36.0,64.0,46.0,54.0,231.5,34.0,66.0,55.0,45.0,79.0,21.0,67.0,33.0,10.0,21.0,False,True,1,,,,,,,,,,,,
2026-03-05T06:07:50.484652-05:00,vsin_dk,draftkings,nba,nba_20260304_atlanta_hawks_milwaukee_bucks,Mar 4,,Atlanta Hawks,Milwaukee Bucks,1.5,49.0,51.0,46.0,54.0,232.5,50.0,50.0,63.0,37.0,45.0,55.0,37.0,63.0,3.0,13.0,False,False,1,,,,,,,,,,,,
2026-03-05T06:07:50.484652-05:00,vsin_dk,draftkings,nba,nba_20260304_indiana_pacers_los_angeles_clippers,Mar 4,,Indiana Pacers,Los Angeles Clippers,11.5,39.0,61.0,49.0,51.0,230.5,57.0,43.0,71.0,29.0,13.0,87.0,17.0,83.0,10.0,14.0,False,False,1,,,,,,,,,,,,
2026-03-05T06:07:50.484652-05:00,vsin_dk,draftkings,nba,nba_20260305_utah_jazz_washington_wizards,Mar 5,,Utah Jazz,Washington Wizards,1.5,56.0,44.0,52.0,48.0,242.5,26.0,74.0,6.0,94.0,53.0,47.0,53.0,47.0,4.0,20.0,False,True,1,,,,,,,,,,,,
2026-03-05T06:07:50.484652-05:00,vsin_dk,draftkings,nba,nba_20260305_dallas_mavericks_orlando_magic,Mar 5,,Dallas Mavericks,Orlando Magic,8.5,34.0,66.0,26.0,74.0,228.5,41.0,59.0,21.0,79.0,11.0,89.0,26.0,74.0,8.0,20.0,False,True,1,,,,,,,,,,,,
2026-03-05T06:07:50.484652-05:00,vsin_dk,draftkings,nba,nba_20260305_golden_state_warriors_houston_rockets,Mar 5,,Golden State Warriors,Houston Rockets,9.5,39.0,61.0,34.0,66.0,215.5,70.0,30.0,88.0,12.0,10.0,90.0,22.0,78.0,5.0,18.0,False,True,1,,,,,,,,,,,,
2026-03-05T06:07:50.484652-05:00,vsin_dk,draftkings,nba,nba_20260305_brooklyn_nets_miami_heat,Mar 5,,Brooklyn Nets,Miami Heat,12.5,30.0,70.0,31.0,69.0,225.5,53.0,47.0,75.0,25.0,8.0,92.0,23.0,77.0,1.0,22.0,False,True,1,,,,,,,,,,,,
2026-03-05T06:07:50.484652-05:00,vsin_dk,draftkings,nba,nba_20260305_detroit_pistons_san_antonio_spurs,Mar 5,,Detroit Pistons,San Antonio Spurs,3.5,37.0,63.0,13.0,87.0,227.5,54.0,46.0,58.0,42.0,33.0,67.0,32.0,68.0,24.0,4.0,True,False,1,,,,,,,,,,,,
2026-03-05T06:07:50.484652-05:00,vsin_dk,draftkings,nba,nba_20260305_toronto_raptors_minnesota_timberwolves,Mar 5,,Toronto Raptors,Minnesota Timberwolves,5.5,46.0,54.0,24.0,76.0,227.5,59.0,41.0,59.0,41.0,17.0,83.0,22.0,78.0,22.0,0.0,True,False,1,,,,,,,,,,,,
2026-03-05T06:07:50.484652-05:00,vsin_dk,draftkings,nba,nba_20260305_chicago_bulls_phoenix_suns,Mar 5,,Chicago Bulls,Phoenix Suns,11.5,52.0,48.0,41.0,59.0,224.5,63.0,37.0,76.0,24.0,9.0,91.0,14.0,86.0,11.0,13.0,False,False,1,,,,,,,,,,,,
2026-03-05T06:07:50.484652-05:00,vsin_dk,draftkings,nba,nba_20260305_los_angeles_lakers_denver_nuggets,Mar 5,,Los Angeles Lakers,Denver Nuggets,5.5,49.0,51.0,29.0,71.0,240.5,34.0,66.0,57.0,43.0,30.0,70.0,64.0,36.0,20.0,23.0,True,True,1,,,,,,,,,,,,
2026-03-05T06:07:50.484652-05:00,vsin_dk,draftkings,nba,nba_20260305_new_orleans_pelicans_sacramento_kings,Mar 5,,New Orleans Pelicans,Sacramento Kings,-4.5,68.0,32.0,91.0,9.0,233.5,36.0,64.0,70.0,30.0,77.0,23.0,77.0,23.0,23.0,34.0,True,True,1,,,,,,,,,,,,
2026-03-05T06:08:11.505463-05:00,vsin_circa,circa,nba,nba_20260304_oklahoma_city_thunder_new_york_knicks,Mar 4,,Oklahoma City Thunder,New York Knicks,-4.0,40.0,60.0,7.0,93.0,221.5,60.0,40.0,47.0,53.0,38.0,63.0,97.0,3.0,33.0,13.0,True,False,1,,,,,,,,,,,,
2026-03-05T06:08:11.505463-05:00,vsin_circa,circa,nba,nba_20260304_charlotte_hornets_boston_celtics,Mar 4,,Charlotte Hornets,Boston Celtics,7.0,43.0,57.0,5.0,95.0,215.0,58.0,42.0,71.0,29.0,63.0,38.0,17.0,83.0,38.0,13.0,True,False,1,,,,,,,,,,,,
2026-03-05T06:08:11.505463-05:00,vsin_circa,circa,nba,nba_20260304_portland_trailblazers_memphis_grizzlies,Mar 4,,Portland Trailblazers,Memphis Grizzlies,-9.0,56.0,44.0,89.0,11.0,231.0,20.0,80.0,1.0,99.0,20.0,80.0,,100.0,33.0,19.0,True,True,1,,,,,,,,,,,,
2026-03-05T06:08:11.505463-05:00,vsin_circa,circa,nba,nba_20260304_atlanta_hawks_milwaukee_bucks,Mar 4,,Atlanta Hawks,Milwaukee Bucks,1.0,31.0,69.0,98.0,2.0,232.5,50.0,50.0,43.0,57.0,55.0,45.0,60.0,40.0,67.0,7.0,True,False,1,,,,,,,,,,,,
2026-03-05T06:08:11.505463-05:00,vsin_circa,circa,nba,nba_20260304_indiana_pacers_los_angeles_clippers,Mar 4,,Indiana Pacers,Los Angeles Clippers,11.5,14.0,86.0,10.0,90.0,230.0,47.0,53.0,32.0,68.0,33.0,67.0,,100.0,4.0,15.0,False,True,1,,,,,,,,,,,,
2026-03-05T06:08:11.505463-05:00,vsin_circa,circa,nba,nba_20260305_utah_jazz_washington_wizards,Mar 5,,Utah Jazz,Washington Wizards,1.5,,100.0,,100.0,242.5,67.0,33.0,66.0,34.0,100.0,,100.0,,0.0,1.0,False,False,1,,,,,,,,,,,,
2026-03-05T06:08:11.505463-05:00,vsin_circa,circa,nba,nba_20260305_dallas_mavericks_orlando_magic,Mar 5,,Dallas Mavericks,Orlando Magic,8.5,,100.0,,100.0,229.0,,100.0,,100.0,50.0,50.0,50.0,50.0,0.0,,False,,1,,,,,,,,,,,,
2026-03-05T06:08:11.505463-05:00,vsin_circa,circa,nba,nba_20260305_golden_state_warriors_houston_rockets,Mar 5,,Golden State Warriors,Houston Rockets,9.5,67.0,33.0,38.0,62.0,216.0,50.0,50.0,38.0,63.0,50.0,50.0,50.0,50.0,29.0,12.0,True,False,1,,,,,,,,,,,,
2026-03-05T06:08:11.505463-05:00,vsin_circa,circa,nba,nba_20260305_brooklyn_nets_miami_heat,Mar 5,,Brooklyn Nets,Miami Heat,12.5,,100.0,,100.0,225.5,50.0,50.0,50.0,50.0,50.0,50.0,,100.0,0.0,0.0,False,False,1,,,,,,,,,,,,
2026-03-05T06:08:11.505463-05:00,vsin_circa,circa,nba,nba_20260305_detroit_pistons_san_antonio_spurs,Mar 5,,Detroit Pistons,San Antonio Spurs,3.5,,100.0,,100.0,228.0,50.0,50.0,50.0,50.0,50.0,50.0,7.0,93.0,0.0,0.0,False,False,1,,,,,,,,,,,,
2026-03-05T06:08:11.505463-05:00,vsin_circa,circa,nba,nba_20260305_toronto_raptors_minnesota_timberwolves,Mar 5,,Toronto Raptors,Minnesota Timberwolves,6.0,100.0,,100.0,,228.0,50.0,50.0,50.0,50.0,100.0,,100.0,,,0.0,,False,1,,,,,,,,,,,,
2026-03-05T06:08:11.505463-05:00,vsin_circa,circa,nba,nba_20260305_chicago_bulls_phoenix_suns,Mar 5,,Chicago Bulls,Phoenix Suns,11.5,50.0,50.0,97.0,3.0,225.0,,100.0,,100.0,50.0,50.0,50.0,50.0,47.0,,True,,1,,,,,,,,,,,,
2026-03-05T06:08:11.505463-05:00,vsin_circa,circa,nba,nba_20260305_los_angeles_lakers_denver_nuggets,Mar 5,,Los Angeles Lakers,Denver Nuggets,5.5,20.0,80.0,5.0,95.0,241.0,75.0,25.0,84.0,16.0,50.0,50.0,50.0,50.0,15.0,9.0,True,False,1,,,,,,,,,,,,
2026-03-05T06:08:11.505463-05:00,vsin_circa,circa,nba,nba_20260305_new_orleans_pelicans_sacramento_kings,Mar 5,,New Orleans Pelicans,Sacramento Kings,-4.5,50.0,50.0,50.0,50.0,233.5,50.0,50.0,52.0,48.0,50.0,50.0,100.0,,0.0,2.0,False,False,1,,,,,,,,,,,,
2026-03-05T07:00:51.162399-05:00,vsin_dk,draftkings,nba,nba_20260304_oklahoma_city_thunder_new_york_knicks,Mar 4,,Oklahoma City Thunder,New York Knicks,-4.5,42.0,58.0,43.0,57.0,221.5,77.0,23.0,66.0,34.0,59.0,41.0,48.0,52.0,1.0,11.0,False,False,1,,,,,,,,,,,,
2026-03-05T07:00:51.162399-05:00,vsin_dk,draftkings,nba,nba_20260304_charlotte_hornets_boston_celtics,Mar 4,,Charlotte Hornets,Boston Celtics,6.5,45.0,55.0,30.0,70.0,214.5,75.0,25.0,63.0,37.0,24.0,76.0,36.0,64.0,15.0,12.0,True,False,1,,,,,,,,,,,,
2026-03-05T07:00:51.162399-05:00,vsin_dk,draftkings,nba,nba_20260304_portland_trailblazers_memphis_grizzlies,Mar 4,,Portland Trailblazers,Memphis Grizzlies,-9.5,36.0,64.0,46.0,54.0,231.5,34.0,66.0,55.0,45.0,79.0,21.0,67.0,33.0,10.0,21.0,False,True,1,,,,,,,,,,,,
2026-03-05T07:00:51.162399-05:00,vsin_dk,draftkings,nba,nba_20260304_atlanta_hawks_milwaukee_bucks,Mar 4,,Atlanta Hawks,Milwaukee Bucks,1.5,49.0,51.0,46.0,54.0,232.5,50.0,50.0,63.0,37.0,45.0,55.0,37.0,63.0,3.0,13.0,False,False,1,,,,,,,,,,,,
2026-03-05T07:00:51.162399-05:00,vsin_dk,draftkings,nba,nba_20260304_indiana_pacers_los_angeles_clippers,Mar 4,,Indiana Pacers,Los Angeles Clippers,11.5,39.0,61.0,49.0,51.0,230.5,57.0,43.0,71.0,29.0,13.0,87.0,17.0,83.0,10.0,14.0,False,False,1,,,,,,,,,,,,
2026-03-05T07:00:51.162399-05:00,vsin_dk,draftkings,nba,nba_20260305_utah_jazz_washington_wizards,Mar 5,,Utah Jazz,Washington Wizards,1.5,56.0,44.0,53.0,47.0,243.5,27.0,73.0,13.0,87.0,53.0,47.0,45.0,55.0,3.0,14.0,False,False,1,,,,,,,,,,,,
2026-03-05T07:00:51.162399-05:00,vsin_dk,draftkings,nba,nba_20260305_dallas_mavericks_orlando_magic,Mar 5,,Dallas Mavericks,Orlando Magic,8.5,34.0,66.0,26.0,74.0,228.5,41.0,59.0,20.0,80.0,11.0,89.0,25.0,75.0,8.0,21.0,False,True,1,,,,,,,,,,,,
2026-03-05T07:00:51.162399-05:00,vsin_dk,draftkings,nba,nba_20260305_golden_state_warriors_houston_rockets,Mar 5,,Golden State Warriors,Houston Rockets,9.5,38.0,62.0,34.0,66.0,215.5,69.0,31.0,88.0,12.0,10.0,90.0,23.0,77.0,4.0,19.0,False,True,1,,,,,,,,,,,,
2026-03-05T07:00:51.162399-05:00,vsin_dk,draftkings,nba,nba_20260305_brooklyn_nets_miami_heat,Mar 5,,Brooklyn Nets,Miami Heat,12.5,30.0,70.0,30.0,70.0,226.5,52.0,48.0,76.0,24.0,7.0,93.0,22.0,78.0,0.0,24.0,False,True,1,,,,,,,,,,,,
2026-03-05T07:00:51.162399-05:00,vsin_dk,draftkings,nba,nba_20260305_detroit_pistons_san_antonio_spurs,Mar 5,,Detroit Pistons,San Antonio Spurs,3.5,38.0,62.0,16.0,84.0,228.5,53.0,47.0,53.0,47.0,33.0,67.0,33.0,67.0,22.0,0.0,True,False,1,,,,,,,,,,,,
2026-03-05T07:00:51.162399-05:00,vsin_dk,draftkings,nba,nba_20260305_toronto_raptors_minnesota_timberwolves,Mar 5,,Toronto Raptors,Minnesota Timberwolves,5.5,45.0,55.0,26.0,74.0,227.5,58.0,42.0,51.0,49.0,17.0,83.0,23.0,77.0,19.0,7.0,True,False,1,,,,,,,,,,,,
2026-03-05T07:00:51.162399-05:00,vsin_dk,draftkings,nba,nba_20260305_chicago_bulls_phoenix_suns,Mar 5,,Chicago Bulls,Phoenix Suns,10.5,52.0,48.0,40.0,60.0,224.5,63.0,37.0,74.0,26.0,9.0,91.0,16.0,84.0,12.0,11.0,False,False,1,,,,,,,,,,,,
2026-03-05T07:00:51.162399-05:00,vsin_dk,draftkings,nba,nba_20260305_los_angeles_lakers_denver_nuggets,Mar 5,,Los Angeles Lakers,Denver Nuggets,5.5,49.0,51.0,32.0,68.0,241.5,34.0,66.0,52.0,48.0,30.0,70.0,62.0,38.0,17.0,18.0,True,True,1,,,,,,,,,,,,
2026-03-05T07:00:51.162399-05:00,vsin_dk,draftkings,nba,nba_20260305_new_orleans_pelicans_sacramento_kings,Mar 5,,New Orleans Pelicans,Sacramento Kings,-4.5,68.0,32.0,90.0,10.0,233.5,37.0,63.0,66.0,34.0,77.0,23.0,76.0,24.0,22.0,29.0,True,True,1,,,,,,,,,,,,
2026-03-05T07:01:11.631181-05:00,vsin_circa,circa,nba,nba_20260304_oklahoma_city_thunder_new_york_knicks,Mar 4,,Oklahoma City Thunder,New York Knicks,-4.0,40.0,60.0,7.0,93.0,221.5,60.0,40.0,47.0,53.0,38.0,63.0,97.0,3.0,33.0,13.0,True,False,1,,,,,,,,,,,,
2026-03-05T07:01:11.631181-05:00,vsin_circa,circa,nba,nba_20260304_charlotte_hornets_boston_celtics,Mar 4,,Charlotte Hornets,Boston Celtics,7.0,43.0,57.0,5.0,95.0,215.0,58.0,42.0,71.0,29.0,63.0,38.0,17.0,83.0,38.0,13.0,True,False,1,,,,,,,,,,,,
2026-03-05T07:01:11.631181-05:00,vsin_circa,circa,nba,nba_20260304_portland_trailblazers_memphis_grizzlies,Mar 4,,Portland Trailblazers,Memphis Grizzlies,-9.0,56.0,44.0,89.0,11.0,231.0,20.0,80.0,1.0,99.0,20.0,80.0,,100.0,33.0,19.0,True,True,1,,,,,,,,,,,,
2026-03-05T07:01:11.631181-05:00,vsin_circa,circa,nba,nba_20260304_atlanta_hawks_milwaukee_bucks,Mar 4,,Atlanta Hawks,Milwaukee Bucks,1.0,31.0,69.0,98.0,2.0,232.5,50.0,50.0,43.0,57.0,55.0,45.0,60.0,40.0,67.0,7.0,True,False,1,,,,,,,,,,,,
2026-03-05T07:01:11.631181-05:00,vsin_circa,circa,nba,nba_20260304_indiana_pacers_los_angeles_clippers,Mar 4,,Indiana Pacers,Los Angeles Clippers,11.5,14.0,86.0,10.0,90.0,230.0,47.0,53.0,32.0,68.0,33.0,67.0,,100.0,4.0,15.0,False,True,1,,,,,,,,,,,,
2026-03-05T07:01:11.631181-05:00,vsin_circa,circa,nba,nba_20260305_utah_jazz_washington_wizards,Mar 5,,Utah Jazz,Washington Wizards,1.5,,100.0,,100.0,242.5,67.0,33.0,66.0,34.0,100.0,,100.0,,0.0,1.0,False,False,1,,,,,,,,,,,,
2026-03-05T07:01:11.631181-05:00,vsin_circa,circa,nba,nba_20260305_dallas_mavericks_orlando_magic,Mar 5,,Dallas Mavericks,Orlando Magic,8.5,,100.0,,100.0,229.0,,100.0,,100.0,50.0,50.0,50.0,50.0,0.0,,False,,1,,,,,,,,,,,,
2026-03-05T07:01:11.631181-05:00,vsin_circa,circa,nba,nba_20260305_golden_state_warriors_houston_rockets,Mar 5,,Golden State Warriors,Houston Rockets,9.5,67.0,33.0,38.0,62.0,216.0,50.0,50.0,38.0,63.0,50.0,50.0,50.0,50.0,29.0,12.0,True,False,1,,,,,,,,,,,,
2026-03-05T07:01:11.631181-05:00,vsin_circa,circa,nba,nba_20260305_brooklyn_nets_miami_heat,Mar 5,,Brooklyn Nets,Miami Heat,12.5,,100.0,,100.0,225.5,100.0,,100.0,,50.0,50.0,,100.0,0.0,0.0,False,False,1,,,,,,,,,,,,
2026-03-05T07:01:11.631181-05:00,vsin_circa,circa,nba,nba_20260305_detroit_pistons_san_antonio_spurs,Mar 5,,Detroit Pistons,San Antonio Spurs,3.5,,100.0,,100.0,228.0,100.0,,100.0,,50.0,50.0,7.0,93.0,0.0,0.0,False,False,1,,,,,,,,,,,,
2026-03-05T07:01:11.631181-05:00,vsin_circa,circa,nba,nba_20260305_toronto_raptors_minnesota_timberwolves,Mar 5,,Toronto Raptors,Minnesota Timberwolves,6.0,100.0,,100.0,,228.0,50.0,50.0,50.0,50.0,100.0,,100.0,,,0.0,,False,1,,,,,,,,,,,,
2026-03-05T07:01:11.631181-05:00,vsin_circa,circa,nba,nba_20260305_chicago_bulls_phoenix_suns,Mar 5,,Chicago Bulls,Phoenix Suns,11.0,67.0,33.0,100.0,,225.0,,100.0,,100.0,50.0,50.0,50.0,50.0,,,,,1,,,,,,,,,,,,
2026-03-05T07:01:11.631181-05:00,vsin_circa,circa,nba,nba_20260305_los_angeles_lakers_denver_nuggets,Mar 5,,Los Angeles Lakers,Denver Nuggets,5.5,20.0,80.0,5.0,95.0,241.0,75.0,25.0,84.0,16.0,100.0,,100.0,,15.0,9.0,True,False,1,,,,,,,,,,,,
2026-03-05T07:01:11.631181-05:00,vsin_circa,circa,nba,nba_20260305_new_orleans_pelicans_sacramento_kings,Mar 5,,New Orleans Pelicans,Sacramento Kings,-4.5,50.0,50.0,50.0,50.0,233.5,50.0,50.0,52.0,48.0,50.0,50.0,100.0,,0.0,2.0,False,False,1,,,,,,,,,,,,
2026-03-05T07:37:37.994987-05:00,vsin_dk,draftkings,nba,nba_20260304_oklahoma_city_thunder_new_york_knicks,Mar 4,,Oklahoma City Thunder,New York Knicks,-4.5,42.0,58.0,43.0,57.0,221.5,77.0,23.0,66.0,34.0,59.0,41.0,48.0,52.0,1.0,11.0,False,False,1,,,,,,,,,,,,
2026-03-05T07:37:37.994987-05:00,vsin_dk,draftkings,nba,nba_20260304_charlotte_hornets_boston_celtics,Mar 4,,Charlotte Hornets,Boston Celtics,6.5,45.0,55.0,30.0,70.0,214.5,75.0,25.0,63.0,37.0,24.0,76.0,36.0,64.0,15.0,12.0,True,False,1,,,,,,,,,,,,
2026-03-05T07:37:37.994987-05:00,vsin_dk,draftkings,nba,nba_20260304_portland_trailblazers_memphis_grizzlies,Mar 4,,Portland Trailblazers,Memphis Grizzlies,-9.5,36.0,64.0,46.0,54.0,231.5,34.0,66.0,55.0,45.0,79.0,21.0,67.0,33.0,10.0,21.0,False,True,1,,,,,,,,,,,,
2026-03-05T07:37:37.994987-05:00,vsin_dk,draftkings,nba,nba_20260304_atlanta_hawks_milwaukee_bucks,Mar 4,,Atlanta Hawks,Milwaukee Bucks,1.5,49.0,51.0,46.0,54.0,232.5,50.0,50.0,63.0,37.0,45.0,55.0,37.0,63.0,3.0,13.0,False,False,1,,,,,,,,,,,,
2026-03-05T07:37:37.994987-05:00,vsin_dk,draftkings,nba,nba_20260304_indiana_pacers_los_angeles_clippers,Mar 4,,Indiana Pacers,Los Angeles Clippers,11.5,39.0,61.0,49.0,51.0,230.5,57.0,43.0,71.0,29.0,13.0,87.0,17.0,83.0,10.0,14.0,False,False,1,,,,,,,,,,,,
2026-03-05T07:37:37.994987-05:00,vsin_dk,draftkings,nba,nba_20260305_utah_jazz_washington_wizards,Mar 5,,Utah Jazz,Washington Wizards,2.5,54.0,46.0,53.0,47.0,243.5,26.0,74.0,17.0,83.0,52.0,48.0,35.0,65.0,1.0,9.0,False,False,1,,,,,,,,,,,,
2026-03-05T07:37:37.994987-05:00,vsin_dk,draftkings,nba,nba_20260305_dallas_mavericks_orlando_magic,Mar 5,,Dallas Mavericks,Orlando Magic,9.5,34.0,66.0,25.0,75.0,228.5,42.0,58.0,34.0,66.0,11.0,89.0,25.0,75.0,9.0,8.0,False,False,1,,,,,,,,,,,,
2026-03-05T07:37:37.994987-05:00,vsin_dk,draftkings,nba,nba_20260305_golden_state_warriors_houston_rockets,Mar 5,,Golden State Warriors,Houston Rockets,9.5,39.0,61.0,35.0,65.0,215.5,68.0,32.0,82.0,18.0,10.0,90.0,26.0,74.0,4.0,14.0,False,False,1,,,,,,,,,,,,
2026-03-05T07:37:37.994987-05:00,vsin_dk,draftkings,nba,nba_20260305_brooklyn_nets_miami_heat,Mar 5,,Brooklyn Nets,Miami Heat,12.5,30.0,70.0,28.0,72.0,226.5,51.0,49.0,78.0,22.0,7.0,93.0,20.0,80.0,2.0,27.0,False,True,1,,,,,,,,,,,,
2026-03-05T07:37:37.994987-05:00,vsin_dk,draftkings,nba,nba_20260305_detroit_pistons_san_antonio_spurs,Mar 5,,Detroit Pistons,San Antonio Spurs,3.5,38.0,62.0,16.0,84.0,228.5,52.0,48.0,52.0,48.0,33.0,67.0,33.0,67.0,22.0,0.0,True,False,1,,,,,,,,,,,,
2026-03-05T07:37:37.994987-05:00,vsin_dk,draftkings,nba,nba_20260305_toronto_raptors_minnesota_timberwolves,Mar 5,,Toronto Raptors,Minnesota Timberwolves,5.5,45.0,55.0,27.0,73.0,227.5,58.0,42.0,46.0,54.0,16.0,84.0,21.0,79.0,18.0,12.0,True,False,1,,,,,,,,,,,,
2026-03-05T07:37:37.994987-05:00,vsin_dk,draftkings,nba,nba_20260305_chicago_bulls_phoenix_suns,Mar 5,,Chicago Bulls,Phoenix Suns,10.5,52.0,48.0,65.0,35.0,224.5,64.0,36.0,74.0,26.0,9.0,91.0,22.0,78.0,13.0,10.0,False,False,1,,,,,,,,,,,,
2026-03-05T07:37:37.994987-05:00,vsin_dk,draftkings,nba,nba_20260305_los_angeles_lakers_denver_nuggets,Mar 5,,Los Angeles Lakers,Denver Nuggets,5.5,51.0,49.0,42.0,58.0,241.5,32.0,68.0,51.0,49.0,30.0,70.0,63.0,37.0,9.0,19.0,False,True,1,,,,,,,,,,,,
2026-03-05T07:37:37.994987-05:00,vsin_dk,draftkings,nba,nba_20260305_new_orleans_pelicans_sacramento_kings,Mar 5,,New Orleans Pelicans,Sacramento Kings,-5.5,67.0,33.0,89.0,11.0,234.5,38.0,62.0,71.0,29.0,77.0,23.0,76.0,24.0,22.0,33.0,True,True,1,,,,,,,,,,,,
2026-03-05T07:37:57.929349-05:00,vsin_circa,circa,nba,nba_20260304_oklahoma_city_thunder_new_york_knicks,Mar 4,,Oklahoma City Thunder,New York Knicks,-4.0,40.0,60.0,7.0,93.0,221.5,60.0,40.0,47.0,53.0,38.0,63.0,97.0,3.0,33.0,13.0,True,False,1,,,,,,,,,,,,
2026-03-05T07:37:57.929349-05:00,vsin_circa,circa,nba,nba_20260304_charlotte_hornets_boston_celtics,Mar 4,,Charlotte Hornets,Boston Celtics,7.0,43.0,57.0,5.0,95.0,215.0,58.0,42.0,71.0,29.0,63.0,38.0,17.0,83.0,38.0,13.0,True,False,1,,,,,,,,,,,,
2026-03-05T07:37:57.929349-05:00,vsin_circa,circa,nba,nba_20260304_portland_trailblazers_memphis_grizzlies,Mar 4,,Portland Trailblazers,Memphis Grizzlies,-9.0,56.0,44.0,89.0,11.0,231.0,20.0,80.0,1.0,99.0,20.0,80.0,,100.0,33.0,19.0,True,True,1,,,,,,,,,,,,
2026-03-05T07:37:57.929349-05:00,vsin_circa,circa,nba,nba_20260304_atlanta_hawks_milwaukee_bucks,Mar 4,,Atlanta Hawks,Milwaukee Bucks,1.0,31.0,69.0,98.0,2.0,232.5,50.0,50.0,43.0,57.0,55.0,45.0,60.0,40.0,67.0,7.0,True,False,1,,,,,,,,,,,,
2026-03-05T07:37:57.929349-05:00,vsin_circa,circa,nba,nba_20260304_indiana_pacers_los_angeles_clippers,Mar 4,,Indiana Pacers,Los Angeles Clippers,11.5,14.0,86.0,10.0,90.0,230.0,47.0,53.0,32.0,68.0,33.0,67.0,,100.0,4.0,15.0,False,True,1,,,,,,,,,,,,
2026-03-05T07:37:57.929349-05:00,vsin_circa,circa,nba,nba_20260305_utah_jazz_washington_wizards,Mar 5,,Utah Jazz,Washington Wizards,2.0,,100.0,,100.0,242.5,67.0,33.0,66.0,34.0,100.0,,100.0,,0.0,1.0,False,False,1,,,,,,,,,,,,
2026-03-05T07:37:57.929349-05:00,vsin_circa,circa,nba,nba_20260305_dallas_mavericks_orlando_magic,Mar 5,,Dallas Mavericks,Orlando Magic,8.5,,100.0,,100.0,229.0,,100.0,,100.0,50.0,50.0,50.0,50.0,0.0,,False,,1,,,,,,,,,,,,
2026-03-05T07:37:57.929349-05:00,vsin_circa,circa,nba,nba_20260305_golden_state_warriors_houston_rockets,Mar 5,,Golden State Warriors,Houston Rockets,9.5,67.0,33.0,38.0,62.0,215.0,33.0,67.0,5.0,95.0,50.0,50.0,50.0,50.0,29.0,28.0,True,True,1,,,,,,,,,,,,
2026-03-05T07:37:57.929349-05:00,vsin_circa,circa,nba,nba_20260305_brooklyn_nets_miami_heat,Mar 5,,Brooklyn Nets,Miami Heat,12.5,,100.0,,100.0,225.5,100.0,,100.0,,50.0,50.0,,100.0,0.0,0.0,False,False,1,,,,,,,,,,,,
2026-03-05T07:37:57.929349-05:00,vsin_circa,circa,nba,nba_20260305_detroit_pistons_san_antonio_spurs,Mar 5,,Detroit Pistons,San Antonio Spurs,3.5,,100.0,,100.0,228.0,100.0,,100.0,,50.0,50.0,7.0,93.0,0.0,0.0,False,False,1,,,,,,,,,,,,
2026-03-05T07:37:57.929349-05:00,vsin_circa,circa,nba,nba_20260305_toronto_raptors_minnesota_timberwolves,Mar 5,,Toronto Raptors,Minnesota Timberwolves,6.0,100.0,,100.0,,228.0,50.0,50.0,50.0,50.0,100.0,,100.0,,,0.0,,False,1,,,,,,,,,,,,
2026-03-05T07:37:57.929349-05:00,vsin_circa,circa,nba,nba_20260305_chicago_bulls_phoenix_suns,Mar 5,,Chicago Bulls,Phoenix Suns,11.0,67.0,33.0,100.0,,225.0,,100.0,,100.0,50.0,50.0,50.0,50.0,,,,,1,,,,,,,,,,,,
2026-03-05T07:37:57.929349-05:00,vsin_circa,circa,nba,nba_20260305_los_angeles_lakers_denver_nuggets,Mar 5,,Los Angeles Lakers,Denver Nuggets,5.5,20.0,80.0,5.0,95.0,241.0,75.0,25.0,84.0,16.0,100.0,,100.0,,15.0,9.0,True,False,1,,,,,,,,,,,,
2026-03-05T07:37:57.929349-05:00,vsin_circa,circa,nba,nba_20260305_new_orleans_pelicans_sacramento_kings,Mar 5,,New Orleans Pelicans,Sacramento Kings,-4.5,50.0,50.0,50.0,50.0,235.0,50.0,50.0,52.0,48.0,50.0,50.0,100.0,,0.0,2.0,False,False,1,,,,,,,,,,,,
2026-03-05T08:07:31.157307-05:00,vsin_dk,draftkings,nba,nba_20260305_utah_jazz_washington_wizards,Mar 5,,Utah Jazz,Washington Wizards,2.5,53.0,47.0,53.0,47.0,243.5,25.0,75.0,18.0,82.0,52.0,48.0,32.0,68.0,0.0,7.0,False,False,1,,,,,,,,,,,,
2026-03-05T08:07:31.157307-05:00,vsin_dk,draftkings,nba,nba_20260305_dallas_mavericks_orlando_magic,Mar 5,,Dallas Mavericks,Orlando Magic,8.5,34.0,66.0,24.0,76.0,228.5,41.0,59.0,34.0,66.0,11.0,89.0,24.0,76.0,10.0,7.0,False,False,1,,,,,,,,,,,,
2026-03-05T08:07:31.157307-05:00,vsin_dk,draftkings,nba,nba_20260305_golden_state_warriors_houston_rockets,Mar 5,,Golden State Warriors,Houston Rockets,9.5,39.0,61.0,37.0,63.0,215.5,67.0,33.0,74.0,26.0,10.0,90.0,27.0,73.0,2.0,7.0,False,False,1,,,,,,,,,,,,
2026-03-05T08:07:31.157307-05:00,vsin_dk,draftkings,nba,nba_20260305_brooklyn_nets_miami_heat,Mar 5,,Brooklyn Nets,Miami Heat,12.5,29.0,71.0,22.0,78.0,226.5,51.0,49.0,78.0,22.0,7.0,93.0,20.0,80.0,7.0,27.0,False,True,1,,,,,,,,,,,,
2026-03-05T08:07:31.157307-05:00,vsin_dk,draftkings,nba,nba_20260305_detroit_pistons_san_antonio_spurs,Mar 5,,Detroit Pistons,San Antonio Spurs,3.5,39.0,61.0,17.0,83.0,228.5,52.0,48.0,51.0,49.0,33.0,67.0,32.0,68.0,22.0,1.0,True,False,1,,,,,,,,,,,,
2026-03-05T08:07:31.157307-05:00,vsin_dk,draftkings,nba,nba_20260305_toronto_raptors_minnesota_timberwolves,Mar 5,,Toronto Raptors,Minnesota Timberwolves,5.5,44.0,56.0,29.0,71.0,226.5,57.0,43.0,39.0,61.0,16.0,84.0,21.0,79.0,15.0,18.0,True,True,1,,,,,,,,,,,,
2026-03-05T08:07:31.157307-05:00,vsin_dk,draftkings,nba,nba_20260305_chicago_bulls_phoenix_suns,Mar 5,,Chicago Bulls,Phoenix Suns,10.5,51.0,49.0,64.0,36.0,224.5,64.0,36.0,70.0,30.0,9.0,91.0,18.0,82.0,13.0,6.0,False,False,1,,,,,,,,,,,,
2026-03-05T08:07:31.157307-05:00,vsin_dk,draftkings,nba,nba_20260305_los_angeles_lakers_denver_nuggets,Mar 5,,Los Angeles Lakers,Denver Nuggets,5.5,50.0,50.0,47.0,53.0,241.5,32.0,68.0,45.0,55.0,30.0,70.0,61.0,39.0,3.0,13.0,False,False,1,,,,,,,,,,,,
2026-03-05T08:07:31.157307-05:00,vsin_dk,draftkings,nba,nba_20260305_new_orleans_pelicans_sacramento_kings,Mar 5,,New Orleans Pelicans,Sacramento Kings,-5.5,66.0,34.0,90.0,10.0,234.5,38.0,62.0,72.0,28.0,77.0,23.0,77.0,23.0,24.0,34.0,True,True,1,,,,,,,,,,,,
2026-03-05T08:07:51.421664-05:00,vsin_circa,circa,nba,nba_20260305_utah_jazz_washington_wizards,Mar 5,,Utah Jazz,Washington Wizards,3.0,,100.0,,100.0,242.5,67.0,33.0,66.0,34.0,100.0,,100.0,,0.0,1.0,False,False,1,,,,,,,,,,,,
2026-03-05T08:07:51.421664-05:00,vsin_circa,circa,nba,nba_20260305_dallas_mavericks_orlando_magic,Mar 5,,Dallas Mavericks,Orlando Magic,8.5,,100.0,,100.0,229.0,,100.0,,100.0,50.0,50.0,50.0,50.0,0.0,,False,,1,,,,,,,,,,,,
2026-03-05T08:07:51.421664-05:00,vsin_circa,circa,nba,nba_20260305_golden_state_warriors_houston_rockets,Mar 5,,Golden State Warriors,Houston Rockets,9.5,67.0,33.0,38.0,62.0,215.0,33.0,67.0,5.0,95.0,50.0,50.0,50.0,50.0,29.0,28.0,True,True,1,,,,,,,,,,,,
2026-03-05T08:07:51.421664-05:00,vsin_circa,circa,nba,nba_20260305_brooklyn_nets_miami_heat,Mar 5,,Brooklyn Nets,Miami Heat,12.5,,100.0,,100.0,226.5,100.0,,100.0,,50.0,50.0,,100.0,0.0,0.0,False,False,1,,,,,,,,,,,,
2026-03-05T08:07:51.421664-05:00,vsin_circa,circa,nba,nba_20260305_detroit_pistons_san_antonio_spurs,Mar 5,,Detroit Pistons,San Antonio Spurs,3.5,,100.0,,100.0,228.0,100.0,,100.0,,50.0,50.0,7.0,93.0,0.0,0.0,False,False,1,,,,,,,,,,,,
2026-03-05T08:07:51.421664-05:00,vsin_circa,circa,nba,nba_20260305_toronto_raptors_minnesota_timberwolves,Mar 5,,Toronto Raptors,Minnesota Timberwolves,6.0,100.0,,100.0,,227.0,50.0,50.0,50.0,50.0,100.0,,100.0,,,0.0,,False,1,,,,,,,,,,,,
2026-03-05T08:07:51.421664-05:00,vsin_circa,circa,nba,nba_20260305_chicago_bulls_phoenix_suns,Mar 5,,Chicago Bulls,Phoenix Suns,11.0,67.0,33.0,100.0,,225.0,,100.0,,100.0,50.0,50.0,50.0,50.0,,,,,1,,,,,,,,,,,,
2026-03-05T08:07:51.421664-05:00,vsin_circa,circa,nba,nba_20260305_los_angeles_lakers_denver_nuggets,Mar 5,,Los Angeles Lakers,Denver Nuggets,5.0,20.0,80.0,5.0,95.0,241.0,75.0,25.0,84.0,16.0,100.0,,100.0,,15.0,9.0,True,False,1,,,,,,,,,,,,
2026-03-05T08:07:51.421664-05:00,vsin_circa,circa,nba,nba_20260305_new_orleans_pelicans_sacramento_kings,Mar 5,,New Orleans Pelicans,Sacramento Kings,-5.5,50.0,50.0,50.0,50.0,235.0,50.0,50.0,52.0,48.0,50.0,50.0,100.0,,0.0,2.0,False,False,1,,,,,,,,,,,,
2026-03-05T08:37:23.668216-05:00,vsin_dk,draftkings,nba,nba_20260305_utah_jazz_washington_wizards,Mar 5,,Utah Jazz,Washington Wizards,2.5,52.0,48.0,49.0,51.0,243.5,26.0,74.0,17.0,83.0,51.0,49.0,33.0,67.0,3.0,9.0,False,False,1,,,,,,,,,,,,
2026-03-05T08:37:23.668216-05:00,vsin_dk,draftkings,nba,nba_20260305_dallas_mavericks_orlando_magic,Mar 5,,Dallas Mavericks,Orlando Magic,8.5,34.0,66.0,24.0,76.0,228.5,42.0,58.0,38.0,62.0,11.0,89.0,24.0,76.0,10.0,4.0,False,False,1,,,,,,,,,,,,
2026-03-05T08:37:23.668216-05:00,vsin_dk,draftkings,nba,nba_20260305_golden_state_warriors_houston_rockets,Mar 5,,Golden State Warriors,Houston Rockets,9.5,39.0,61.0,36.0,64.0,214.5,67.0,33.0,73.0,27.0,10.0,90.0,29.0,71.0,3.0,6.0,False,False,1,,,,,,,,,,,,
2026-03-05T08:37:23.668216-05:00,vsin_dk,draftkings,nba,nba_20260305_brooklyn_nets_miami_heat,Mar 5,,Brooklyn Nets,Miami Heat,12.5,29.0,71.0,23.0,77.0,226.5,51.0,49.0,78.0,22.0,7.0,93.0,12.0,88.0,6.0,27.0,False,True,1,,,,,,,,,,,,
2026-03-05T08:37:23.668216-05:00,vsin_dk,draftkings,nba,nba_20260305_detroit_pistons_san_antonio_spurs,Mar 5,,Detroit Pistons,San Antonio Spurs,3.5,39.0,61.0,18.0,82.0,228.5,51.0,49.0,46.0,54.0,33.0,67.0,31.0,69.0,21.0,5.0,True,False,1,,,,,,,,,,,,
2026-03-05T08:37:23.668216-05:00,vsin_dk,draftkings,nba,nba_20260305_toronto_raptors_minnesota_timberwolves,Mar 5,,Toronto Raptors,Minnesota Timberwolves,5.5,44.0,56.0,30.0,70.0,226.5,58.0,42.0,40.0,60.0,16.0,84.0,22.0,78.0,14.0,18.0,False,True,1,,,,,,,,,,,,
2026-03-05T08:37:23.668216-05:00,vsin_dk,draftkings,nba,nba_20260305_chicago_bulls_phoenix_suns,Mar 5,,Chicago Bulls,Phoenix Suns,10.5,51.0,49.0,63.0,37.0,224.5,64.0,36.0,63.0,37.0,10.0,90.0,23.0,77.0,12.0,1.0,False,False,1,,,,,,,,,,,,
2026-03-05T08:37:23.668216-05:00,vsin_dk,draftkings,nba,nba_20260305_los_angeles_lakers_denver_nuggets,Mar 5,,Los Angeles Lakers,Denver Nuggets,5.5,51.0,49.0,50.0,50.0,241.5,32.0,68.0,31.0,69.0,29.0,71.0,60.0,40.0,1.0,1.0,False,False,1,,,,,,,,,,,,
2026-03-05T08:37:23.668216-05:00,vsin_dk,draftkings,nba,nba_20260305_new_orleans_pelicans_sacramento_kings,Mar 5,,New Orleans Pelicans,Sacramento Kings,-5.5,63.0,37.0,89.0,11.0,234.5,39.0,61.0,78.0,22.0,77.0,23.0,76.0,24.0,26.0,39.0,True,True,1,,,,,,,,,,,,
2026-03-05T08:37:44.115399-05:00,vsin_circa,circa,nba,nba_20260305_utah_jazz_washington_wizards,Mar 5,,Utah Jazz,Washington Wizards,3.0,,100.0,,100.0,242.5,67.0,33.0,66.0,34.0,100.0,,100.0,,0.0,1.0,False,False,1,,,,,,,,,,,,
2026-03-05T08:37:44.115399-05:00,vsin_circa,circa,nba,nba_20260305_dallas_mavericks_orlando_magic,Mar 5,,Dallas Mavericks,Orlando Magic,9.0,,100.0,,100.0,229.0,,100.0,,100.0,50.0,50.0,50.0,50.0,0.0,,False,,1,,,,,,,,,,,,
2026-03-05T08:37:44.115399-05:00,vsin_circa,circa,nba,nba_20260305_golden_state_warriors_houston_rockets,Mar 5,,Golden State Warriors,Houston Rockets,9.0,67.0,33.0,38.0,62.0,214.5,33.0,67.0,5.0,95.0,50.0,50.0,50.0,50.0,29.0,28.0,True,True,1,,,,,,,,,,,,
2026-03-05T08:37:44.115399-05:00,vsin_circa,circa,nba,nba_20260305_brooklyn_nets_miami_heat,Mar 5,,Brooklyn Nets,Miami Heat,13.0,,100.0,,100.0,226.5,100.0,,100.0,,50.0,50.0,,100.0,0.0,0.0,False,False,1,,,,,,,,,,,,
2026-03-05T08:37:44.115399-05:00,vsin_circa,circa,nba,nba_20260305_detroit_pistons_san_antonio_spurs,Mar 5,,Detroit Pistons,San Antonio Spurs,4.0,,100.0,,100.0,228.0,100.0,,100.0,,33.0,67.0,3.0,97.0,0.0,0.0,False,False,1,,,,,,,,,,,,
2026-03-05T08:37:44.115399-05:00,vsin_circa,circa,nba,nba_20260305_toronto_raptors_minnesota_timberwolves,Mar 5,,Toronto Raptors,Minnesota Timberwolves,6.0,100.0,,100.0,,226.5,,100.0,,100.0,100.0,,100.0,,,,,,1,,,,,,,,,,,,
2026-03-05T08:37:44.115399-05:00,vsin_circa,circa,nba,nba_20260305_chicago_bulls_phoenix_suns,Mar 5,,Chicago Bulls,Phoenix Suns,11.0,67.0,33.0,100.0,,225.0,,100.0,,100.0,50.0,50.0,50.0,50.0,,,,,1,,,,,,,,,,,,
2026-03-05T08:37:44.115399-05:00,vsin_circa,circa,nba,nba_20260305_los_angeles_lakers_denver_nuggets,Mar 5,,Los Angeles Lakers,Denver Nuggets,5.5,20.0,80.0,5.0,95.0,241.0,75.0,25.0,84.0,16.0,100.0,,100.0,,15.0,9.0,True,False,1,,,,,,,,,,,,
2026-03-05T08:37:44.115399-05:00,vsin_circa,circa,nba,nba_20260305_new_orleans_pelicans_sacramento_kings,Mar 5,,New Orleans Pelicans,Sacramento Kings,-5.5,50.0,50.0,50.0,50.0,235.0,50.0,50.0,52.0,48.0,50.0,50.0,100.0,,0.0,2.0,False,False,1,,,,,,,,,,,,
2026-03-05T09:07:47.696281-05:00,vsin_dk,draftkings,nba,nba_20260305_utah_jazz_washington_wizards,Mar 5,,Utah Jazz,Washington Wizards,2.5,52.0,48.0,50.0,50.0,243.5,26.0,74.0,20.0,80.0,51.0,49.0,33.0,67.0,2.0,6.0,False,False,1,,,,,,,,,,,,
2026-03-05T09:07:47.696281-05:00,vsin_dk,draftkings,nba,nba_20260305_dallas_mavericks_orlando_magic,Mar 5,,Dallas Mavericks,Orlando Magic,9.5,34.0,66.0,23.0,77.0,228.5,43.0,57.0,36.0,64.0,11.0,89.0,22.0,78.0,11.0,7.0,False,False,1,,,,,,,,,,,,
2026-03-05T09:07:47.696281-05:00,vsin_dk,draftkings,nba,nba_20260305_golden_state_warriors_houston_rockets,Mar 5,,Golden State Warriors,Houston Rockets,8.5,39.0,61.0,37.0,63.0,214.5,67.0,33.0,69.0,31.0,10.0,90.0,31.0,69.0,2.0,2.0,False,False,1,,,,,,,,,,,,
2026-03-05T09:07:47.696281-05:00,vsin_dk,draftkings,nba,nba_20260305_brooklyn_nets_miami_heat,Mar 5,,Brooklyn Nets,Miami Heat,12.5,29.0,71.0,22.0,78.0,226.5,51.0,49.0,75.0,25.0,7.0,93.0,13.0,87.0,7.0,24.0,False,True,1,,,,,,,,,,,,
2026-03-05T09:07:47.696281-05:00,vsin_dk,draftkings,nba,nba_20260305_detroit_pistons_san_antonio_spurs,Mar 5,,Detroit Pistons,San Antonio Spurs,3.5,40.0,60.0,19.0,81.0,228.5,51.0,49.0,43.0,57.0,33.0,67.0,33.0,67.0,21.0,8.0,True,False,1,,,,,,,,,,,,
2026-03-05T09:07:47.696281-05:00,vsin_dk,draftkings,nba,nba_20260305_toronto_raptors_minnesota_timberwolves,Mar 5,,Toronto Raptors,Minnesota Timberwolves,5.5,43.0,57.0,34.0,66.0,226.5,58.0,42.0,31.0,69.0,16.0,84.0,23.0,77.0,9.0,27.0,False,True,1,,,,,,,,,,,,
2026-03-05T09:07:47.696281-05:00,vsin_dk,draftkings,nba,nba_20260305_chicago_bulls_phoenix_suns,Mar 5,,Chicago Bulls,Phoenix Suns,10.5,51.0,49.0,64.0,36.0,224.5,64.0,36.0,59.0,41.0,9.0,91.0,23.0,77.0,13.0,5.0,False,False,1,,,,,,,,,,,,
2026-03-05T09:07:47.696281-05:00,vsin_dk,draftkings,nba,nba_20260305_los_angeles_lakers_denver_nuggets,Mar 5,,Los Angeles Lakers,Denver Nuggets,5.5,51.0,49.0,51.0,49.0,240.5,32.0,68.0,32.0,68.0,29.0,71.0,59.0,41.0,0.0,0.0,False,False,1,,,,,,,,,,,,
2026-03-05T09:07:47.696281-05:00,vsin_dk,draftkings,nba,nba_20260305_new_orleans_pelicans_sacramento_kings,Mar 5,,New Orleans Pelicans,Sacramento Kings,-5.5,62.0,38.0,84.0,16.0,234.5,39.0,61.0,79.0,21.0,77.0,23.0,70.0,30.0,22.0,40.0,True,True,1,,,,,,,,,,,,
2026-03-05T09:08:08.780792-05:00,vsin_circa,circa,nba,nba_20260305_utah_jazz_washington_wizards,Mar 5,,Utah Jazz,Washington Wizards,3.0,,100.0,,100.0,242.5,50.0,50.0,65.0,35.0,100.0,,100.0,,0.0,15.0,False,True,1,,,,,,,,,,,,
2026-03-05T09:08:08.780792-05:00,vsin_circa,circa,nba,nba_20260305_dallas_mavericks_orlando_magic,Mar 5,,Dallas Mavericks,Orlando Magic,9.0,,100.0,,100.0,229.0,,100.0,,100.0,50.0,50.0,50.0,50.0,0.0,,False,,1,,,,,,,,,,,,
2026-03-05T09:08:08.780792-05:00,vsin_circa,circa,nba,nba_20260305_golden_state_warriors_houston_rockets,Mar 5,,Golden State Warriors,Houston Rockets,9.0,67.0,33.0,38.0,62.0,214.5,33.0,67.0,5.0,95.0,50.0,50.0,50.0,50.0,29.0,28.0,True,True,1,,,,,,,,,,,,
2026-03-05T09:08:08.780792-05:00,vsin_circa,circa,nba,nba_20260305_brooklyn_nets_miami_heat,Mar 5,,Brooklyn Nets,Miami Heat,13.0,,100.0,,100.0,226.5,100.0,,100.0,,50.0,50.0,,100.0,0.0,0.0,False,False,1,,,,,,,,,,,,
2026-03-05T09:08:08.780792-05:00,vsin_circa,circa,nba,nba_20260305_detroit_pistons_san_antonio_spurs,Mar 5,,Detroit Pistons,San Antonio Spurs,4.0,,100.0,,100.0,228.0,100.0,,100.0,,33.0,67.0,3.0,97.0,0.0,0.0,False,False,1,,,,,,,,,,,,
2026-03-05T09:08:08.780792-05:00,vsin_circa,circa,nba,nba_20260305_toronto_raptors_minnesota_timberwolves,Mar 5,,Toronto Raptors,Minnesota Timberwolves,6.0,100.0,,100.0,,226.5,,100.0,,100.0,100.0,,100.0,,,,,,1,,,,,,,,,,,,
2026-03-05T09:08:08.780792-05:00,vsin_circa,circa,nba,nba_20260305_chicago_bulls_phoenix_suns,Mar 5,,Chicago Bulls,Phoenix Suns,10.5,67.0,33.0,100.0,,225.0,,100.0,,100.0,50.0,50.0,50.0,50.0,,,,,1,,,,,,,,,,,,
2026-03-05T09:08:08.780792-05:00,vsin_circa,circa,nba,nba_20260305_los_angeles_lakers_denver_nuggets,Mar 5,,Los Angeles Lakers,Denver Nuggets,5.5,20.0,80.0,5.0,95.0,241.0,60.0,40.0,84.0,16.0,100.0,,100.0,,15.0,24.0,True,True,1,,,,,,,,,,,,
2026-03-05T09:08:08.780792-05:00,vsin_circa,circa,nba,nba_20260305_new_orleans_pelicans_sacramento_kings,Mar 5,,New Orleans Pelicans,Sacramento Kings,-5.5,50.0,50.0,50.0,50.0,235.0,50.0,50.0,52.0,48.0,50.0,50.0,100.0,,0.0,2.0,False,False,1,,,,,,,,,,,,
2026-03-05T09:37:42.455592-05:00,vsin_dk,draftkings,nba,nba_20260305_utah_jazz_washington_wizards,Mar 5,,Utah Jazz,Washington Wizards,2.5,52.0,48.0,50.0,50.0,243.5,26.0,74.0,19.0,81.0,50.0,50.0,28.0,72.0,2.0,7.0,False,False,1,,,,,,,,,,,,
2026-03-05T09:37:42.455592-05:00,vsin_dk,draftkings,nba,nba_20260305_dallas_mavericks_orlando_magic,Mar 5,,Dallas Mavericks,Orlando Magic,9.5,35.0,65.0,25.0,75.0,228.5,43.0,57.0,38.0,62.0,11.0,89.0,19.0,81.0,10.0,5.0,False,False,1,,,,,,,,,,,,
2026-03-05T09:37:42.455592-05:00,vsin_dk,draftkings,nba,nba_20260305_golden_state_warriors_houston_rockets,Mar 5,,Golden State Warriors,Houston Rockets,8.5,38.0,62.0,36.0,64.0,214.5,67.0,33.0,69.0,31.0,10.0,90.0,34.0,66.0,2.0,2.0,False,False,1,,,,,,,,,,,,
2026-03-05T09:37:42.455592-05:00,vsin_dk,draftkings,nba,nba_20260305_brooklyn_nets_miami_heat,Mar 5,,Brooklyn Nets,Miami Heat,12.5,30.0,70.0,24.0,76.0,226.5,51.0,49.0,74.0,26.0,7.0,93.0,12.0,88.0,6.0,23.0,False,True,1,,,,,,,,,,,,
2026-03-05T09:37:42.455592-05:00,vsin_dk,draftkings,nba,nba_20260305_detroit_pistons_san_antonio_spurs,Mar 5,,Detroit Pistons,San Antonio Spurs,3.5,41.0,59.0,22.0,78.0,228.5,52.0,48.0,53.0,47.0,33.0,67.0,26.0,74.0,19.0,1.0,True,False,1,,,,,,,,,,,,
2026-03-05T09:37:42.455592-05:00,vsin_dk,draftkings,nba,nba_20260305_toronto_raptors_minnesota_timberwolves,Mar 5,,Toronto Raptors,Minnesota Timberwolves,5.5,43.0,57.0,34.0,66.0,226.5,58.0,42.0,31.0,69.0,16.0,84.0,22.0,78.0,9.0,27.0,False,True,1,,,,,,,,,,,,
2026-03-05T09:37:42.455592-05:00,vsin_dk,draftkings,nba,nba_20260305_chicago_bulls_phoenix_suns,Mar 5,,Chicago Bulls,Phoenix Suns,10.5,51.0,49.0,78.0,22.0,224.5,64.0,36.0,58.0,42.0,9.0,91.0,28.0,72.0,27.0,6.0,True,False,1,,,,,,,,,,,,
2026-03-05T09:37:42.455592-05:00,vsin_dk,draftkings,nba,nba_20260305_los_angeles_lakers_denver_nuggets,Mar 5,,Los Angeles Lakers,Denver Nuggets,5.5,51.0,49.0,51.0,49.0,240.5,32.0,68.0,33.0,67.0,29.0,71.0,58.0,42.0,0.0,1.0,False,False,1,,,,,,,,,,,,
2026-03-05T09:37:42.455592-05:00,vsin_dk,draftkings,nba,nba_20260305_new_orleans_pelicans_sacramento_kings,Mar 5,,New Orleans Pelicans,Sacramento Kings,-5.5,62.0,38.0,84.0,16.0,234.5,39.0,61.0,79.0,21.0,77.0,23.0,71.0,29.0,22.0,40.0,True,True,1,,,,,,,,,,,,
2026-03-05T09:38:03.418503-05:00,vsin_circa,circa,nba,nba_20260305_utah_jazz_washington_wizards,Mar 5,,Utah Jazz,Washington Wizards,3.0,,100.0,,100.0,244.0,60.0,40.0,79.0,21.0,100.0,,100.0,,0.0,19.0,False,True,1,,,,,,,,,,,,
2026-03-05T09:38:03.418503-05:00,vsin_circa,circa,nba,nba_20260305_dallas_mavericks_orlando_magic,Mar 5,,Dallas Mavericks,Orlando Magic,9.0,,100.0,,100.0,229.0,,100.0,,100.0,50.0,50.0,50.0,50.0,0.0,,False,,1,,,,,,,,,,,,
2026-03-05T09:38:03.418503-05:00,vsin_circa,circa,nba,nba_20260305_golden_state_warriors_houston_rockets,Mar 5,,Golden State Warriors,Houston Rockets,9.0,67.0,33.0,38.0,62.0,214.5,33.0,67.0,5.0,95.0,50.0,50.0,50.0,50.0,29.0,28.0,True,True,1,,,,,,,,,,,,
2026-03-05T09:38:03.418503-05:00,vsin_circa,circa,nba,nba_20260305_brooklyn_nets_miami_heat,Mar 5,,Brooklyn Nets,Miami Heat,13.0,,100.0,,100.0,226.5,100.0,,100.0,,50.0,50.0,,100.0,0.0,0.0,False,False,1,,,,,,,,,,,,
2026-03-05T09:38:03.418503-05:00,vsin_circa,circa,nba,nba_20260305_detroit_pistons_san_antonio_spurs,Mar 5,,Detroit Pistons,San Antonio Spurs,4.0,,100.0,,100.0,228.0,100.0,,100.0,,33.0,67.0,3.0,97.0,0.0,0.0,False,False,1,,,,,,,,,,,,
2026-03-05T09:38:03.418503-05:00,vsin_circa,circa,nba,nba_20260305_toronto_raptors_minnesota_timberwolves,Mar 5,,Toronto Raptors,Minnesota Timberwolves,6.0,100.0,,100.0,,226.5,,100.0,,100.0,100.0,,100.0,,,,,,1,,,,,,,,,,,,
2026-03-05T09:38:03.418503-05:00,vsin_circa,circa,nba,nba_20260305_chicago_bulls_phoenix_suns,Mar 5,,Chicago Bulls,Phoenix Suns,10.5,67.0,33.0,100.0,,225.0,,100.0,,100.0,50.0,50.0,50.0,50.0,,,,,1,,,,,,,,,,,,
2026-03-05T09:38:03.418503-05:00,vsin_circa,circa,nba,nba_20260305_los_angeles_lakers_denver_nuggets,Mar 5,,Los Angeles Lakers,Denver Nuggets,5.5,20.0,80.0,5.0,95.0,241.0,60.0,40.0,84.0,16.0,100.0,,100.0,,15.0,24.0,True,True,1,,,,,,,,,,,,
2026-03-05T09:38:03.418503-05:00,vsin_circa,circa,nba,nba_20260305_new_orleans_pelicans_sacramento_kings,Mar 5,,New Orleans Pelicans,Sacramento Kings,-5.5,50.0,50.0,50.0,50.0,235.0,50.0,50.0,52.0,48.0,50.0,50.0,100.0,,0.0,2.0,False,False,1,,,,,,,,,,,,
2026-03-05T10:08:10.824167-05:00,vsin_dk,draftkings,nba,nba_20260305_utah_jazz_washington_wizards,Mar 5,,Utah Jazz,Washington Wizards,3.5,52.0,48.0,46.0,54.0,243.5,26.0,74.0,18.0,82.0,50.0,50.0,28.0,72.0,6.0,8.0,False,False,1,,,,,,,,,,,,
2026-03-05T10:08:10.824167-05:00,vsin_dk,draftkings,nba,nba_20260305_dallas_mavericks_orlando_magic,Mar 5,,Dallas Mavericks,Orlando Magic,9.5,36.0,64.0,25.0,75.0,228.5,43.0,57.0,38.0,62.0,11.0,89.0,20.0,80.0,11.0,5.0,False,False,1,,,,,,,,,,,,
2026-03-05T10:08:10.824167-05:00,vsin_dk,draftkings,nba,nba_20260305_golden_state_warriors_houston_rockets,Mar 5,,Golden State Warriors,Houston Rockets,8.5,38.0,62.0,36.0,64.0,213.5,68.0,32.0,71.0,29.0,10.0,90.0,33.0,67.0,2.0,3.0,False,False,1,,,,,,,,,,,,
2026-03-05T10:08:10.824167-05:00,vsin_dk,draftkings,nba,nba_20260305_brooklyn_nets_miami_heat,Mar 5,,Brooklyn Nets,Miami Heat,12.5,32.0,68.0,24.0,76.0,226.5,51.0,49.0,74.0,26.0,7.0,93.0,12.0,88.0,8.0,23.0,False,True,1,,,,,,,,,,,,
2026-03-05T10:08:10.824167-05:00,vsin_dk,draftkings,nba,nba_20260305_detroit_pistons_san_antonio_spurs,Mar 5,,Detroit Pistons,San Antonio Spurs,3.5,41.0,59.0,25.0,75.0,228.5,52.0,48.0,53.0,47.0,33.0,67.0,26.0,74.0,16.0,1.0,True,False,1,,,,,,,,,,,,
2026-03-05T10:08:10.824167-05:00,vsin_dk,draftkings,nba,nba_20260305_toronto_raptors_minnesota_timberwolves,Mar 5,,Toronto Raptors,Minnesota Timberwolves,5.5,42.0,58.0,33.0,67.0,226.5,58.0,42.0,33.0,67.0,16.0,84.0,19.0,81.0,9.0,25.0,False,True,1,,,,,,,,,,,,
2026-03-05T10:08:10.824167-05:00,vsin_dk,draftkings,nba,nba_20260305_chicago_bulls_phoenix_suns,Mar 5,,Chicago Bulls,Phoenix Suns,10.5,52.0,48.0,77.0,23.0,224.5,63.0,37.0,55.0,45.0,9.0,91.0,29.0,71.0,25.0,8.0,True,False,1,,,,,,,,,,,,
2026-03-05T10:08:10.824167-05:00,vsin_dk,draftkings,nba,nba_20260305_los_angeles_lakers_denver_nuggets,Mar 5,,Los Angeles Lakers,Denver Nuggets,5.5,51.0,49.0,51.0,49.0,240.5,33.0,67.0,32.0,68.0,29.0,71.0,57.0,43.0,0.0,1.0,False,False,1,,,,,,,,,,,,
2026-03-05T10:08:10.824167-05:00,vsin_dk,draftkings,nba,nba_20260305_new_orleans_pelicans_sacramento_kings,Mar 5,,New Orleans Pelicans,Sacramento Kings,-5.5,63.0,37.0,80.0,20.0,234.5,39.0,61.0,81.0,19.0,77.0,23.0,73.0,27.0,17.0,42.0,True,True,1,,,,,,,,,,,,
2026-03-05T10:08:31.087779-05:00,vsin_circa,circa,nba,nba_20260305_utah_jazz_washington_wizards,Mar 5,,Utah Jazz,Washington Wizards,4.0,,100.0,,100.0,244.0,60.0,40.0,79.0,21.0,100.0,,100.0,,0.0,19.0,False,True,1,,,,,,,,,,,,
2026-03-05T10:08:31.087779-05:00,vsin_circa,circa,nba,nba_20260305_dallas_mavericks_orlando_magic,Mar 5,,Dallas Mavericks,Orlando Magic,9.0,,100.0,,100.0,229.0,,100.0,,100.0,50.0,50.0,50.0,50.0,0.0,,False,,1,,,,,,,,,,,,
2026-03-05T10:08:31.087779-05:00,vsin_circa,circa,nba,nba_20260305_golden_state_warriors_houston_rockets,Mar 5,,Golden State Warriors,Houston Rockets,9.0,60.0,40.0,42.0,58.0,214.5,33.0,67.0,5.0,95.0,50.0,50.0,50.0,50.0,18.0,28.0,True,True,1,,,,,,,,,,,,
2026-03-05T10:08:31.087779-05:00,vsin_circa,circa,nba,nba_20260305_brooklyn_nets_miami_heat,Mar 5,,Brooklyn Nets,Miami Heat,13.0,,100.0,,100.0,226.5,100.0,,100.0,,50.0,50.0,,100.0,0.0,0.0,False,False,1,,,,,,,,,,,,
2026-03-05T10:08:31.087779-05:00,vsin_circa,circa,nba,nba_20260305_detroit_pistons_san_antonio_spurs,Mar 5,,Detroit Pistons,San Antonio Spurs,3.5,25.0,75.0,97.0,3.0,228.0,100.0,,100.0,,33.0,67.0,3.0,97.0,72.0,0.0,True,False,1,,,,,,,,,,,,
2026-03-05T10:08:31.087779-05:00,vsin_circa,circa,nba,nba_20260305_toronto_raptors_minnesota_timberwolves,Mar 5,,Toronto Raptors,Minnesota Timberwolves,6.0,100.0,,100.0,,226.5,,100.0,,100.0,100.0,,100.0,,,,,,1,,,,,,,,,,,,
2026-03-05T10:08:31.087779-05:00,vsin_circa,circa,nba,nba_20260305_chicago_bulls_phoenix_suns,Mar 5,,Chicago Bulls,Phoenix Suns,10.5,67.0,33.0,100.0,,225.0,,100.0,,100.0,50.0,50.0,50.0,50.0,,,,,1,,,,,,,,,,,,
2026-03-05T10:08:31.087779-05:00,vsin_circa,circa,nba,nba_20260305_los_angeles_lakers_denver_nuggets,Mar 5,,Los Angeles Lakers,Denver Nuggets,5.5,33.0,67.0,69.0,31.0,241.0,60.0,40.0,84.0,16.0,100.0,,100.0,,36.0,24.0,True,True,1,,,,,,,,,,,,
2026-03-05T10:08:31.087779-05:00,vsin_circa,circa,nba,nba_20260305_new_orleans_pelicans_sacramento_kings,Mar 5,,New Orleans Pelicans,Sacramento Kings,-5.5,50.0,50.0,50.0,50.0,235.0,50.0,50.0,52.0,48.0,50.0,50.0,100.0,,0.0,2.0,False,False,1,,,,,,,,,,,,
2026-03-05T10:37:30.762995-05:00,vsin_dk,draftkings,nba,nba_20260305_utah_jazz_washington_wizards,Mar 5,,Utah Jazz,Washington Wizards,3.5,52.0,48.0,47.0,53.0,243.5,26.0,74.0,19.0,81.0,50.0,50.0,29.0,71.0,5.0,7.0,False,False,1,,,,,,,,,,,,
2026-03-05T10:37:30.762995-05:00,vsin_dk,draftkings,nba,nba_20260305_dallas_mavericks_orlando_magic,Mar 5,,Dallas Mavericks,Orlando Magic,9.5,37.0,63.0,26.0,74.0,228.5,43.0,57.0,37.0,63.0,11.0,89.0,18.0,82.0,11.0,6.0,False,False,1,,,,,,,,,,,,
2026-03-05T10:37:30.762995-05:00,vsin_dk,draftkings,nba,nba_20260305_golden_state_warriors_houston_rockets,Mar 5,,Golden State Warriors,Houston Rockets,8.5,38.0,62.0,34.0,66.0,214.5,69.0,31.0,73.0,27.0,10.0,90.0,34.0,66.0,4.0,4.0,False,False,1,,,,,,,,,,,,
2026-03-05T10:37:30.762995-05:00,vsin_dk,draftkings,nba,nba_20260305_brooklyn_nets_miami_heat,Mar 5,,Brooklyn Nets,Miami Heat,12.5,32.0,68.0,25.0,75.0,226.5,50.0,50.0,74.0,26.0,7.0,93.0,11.0,89.0,7.0,24.0,False,True,1,,,,,,,,,,,,
2026-03-05T10:37:30.762995-05:00,vsin_dk,draftkings,nba,nba_20260305_detroit_pistons_san_antonio_spurs,Mar 5,,Detroit Pistons,San Antonio Spurs,3.5,43.0,57.0,27.0,73.0,228.5,51.0,49.0,54.0,46.0,33.0,67.0,23.0,77.0,16.0,3.0,True,False,1,,,,,,,,,,,,
2026-03-05T10:37:30.762995-05:00,vsin_dk,draftkings,nba,nba_20260305_toronto_raptors_minnesota_timberwolves,Mar 5,,Toronto Raptors,Minnesota Timberwolves,5.5,43.0,57.0,33.0,67.0,226.5,58.0,42.0,32.0,68.0,16.0,84.0,18.0,82.0,10.0,26.0,False,True,1,,,,,,,,,,,,
2026-03-05T10:37:30.762995-05:00,vsin_dk,draftkings,nba,nba_20260305_chicago_bulls_phoenix_suns,Mar 5,,Chicago Bulls,Phoenix Suns,10.5,52.0,48.0,77.0,23.0,224.5,63.0,37.0,53.0,47.0,9.0,91.0,28.0,72.0,25.0,10.0,True,False,1,,,,,,,,,,,,
2026-03-05T10:37:30.762995-05:00,vsin_dk,draftkings,nba,nba_20260305_los_angeles_lakers_denver_nuggets,Mar 5,,Los Angeles Lakers,Denver Nuggets,5.5,51.0,49.0,51.0,49.0,240.5,33.0,67.0,32.0,68.0,29.0,71.0,56.0,44.0,0.0,1.0,False,False,1,,,,,,,,,,,,
2026-03-05T10:37:30.762995-05:00,vsin_dk,draftkings,nba,nba_20260305_new_orleans_pelicans_sacramento_kings,Mar 5,,New Orleans Pelicans,Sacramento Kings,-5.5,62.0,38.0,81.0,19.0,234.5,39.0,61.0,80.0,20.0,77.0,23.0,74.0,26.0,19.0,41.0,True,True,1,,,,,,,,,,,,
2026-03-05T10:37:51.238834-05:00,vsin_circa,circa,nba,nba_20260305_utah_jazz_washington_wizards,Mar 5,,Utah Jazz,Washington Wizards,4.0,,100.0,,100.0,244.0,60.0,40.0,79.0,21.0,100.0,,100.0,,0.0,19.0,False,True,1,,,,,,,,,,,,
2026-03-05T10:37:51.238834-05:00,vsin_circa,circa,nba,nba_20260305_dallas_mavericks_orlando_magic,Mar 5,,Dallas Mavericks,Orlando Magic,9.0,,100.0,,100.0,229.0,,100.0,,100.0,50.0,50.0,50.0,50.0,0.0,,False,,1,,,,,,,,,,,,
2026-03-05T10:37:51.238834-05:00,vsin_circa,circa,nba,nba_20260305_golden_state_warriors_houston_rockets,Mar 5,,Golden State Warriors,Houston Rockets,9.0,60.0,40.0,42.0,58.0,214.5,33.0,67.0,5.0,95.0,50.0,50.0,50.0,50.0,18.0,28.0,True,True,1,,,,,,,,,,,,
2026-03-05T10:37:51.238834-05:00,vsin_circa,circa,nba,nba_20260305_brooklyn_nets_miami_heat,Mar 5,,Brooklyn Nets,Miami Heat,13.0,,100.0,,100.0,226.5,100.0,,100.0,,50.0,50.0,,100.0,0.0,0.0,False,False,1,,,,,,,,,,,,
2026-03-05T10:37:51.238834-05:00,vsin_circa,circa,nba,nba_20260305_detroit_pistons_san_antonio_spurs,Mar 5,,Detroit Pistons,San Antonio Spurs,3.5,20.0,80.0,96.0,4.0,228.0,100.0,,100.0,,33.0,67.0,3.0,97.0,76.0,0.0,True,False,1,,,,,,,,,,,,
2026-03-05T10:37:51.238834-05:00,vsin_circa,circa,nba,nba_20260305_toronto_raptors_minnesota_timberwolves,Mar 5,,Toronto Raptors,Minnesota Timberwolves,6.0,100.0,,100.0,,226.5,,100.0,,100.0,100.0,,100.0,,,,,,1,,,,,,,,,,,,
2026-03-05T10:37:51.238834-05:00,vsin_circa,circa,nba,nba_20260305_chicago_bulls_phoenix_suns,Mar 5,,Chicago Bulls,Phoenix Suns,10.5,67.0,33.0,100.0,,225.0,,100.0,,100.0,50.0,50.0,50.0,50.0,,,,,1,,,,,,,,,,,,
2026-03-05T10:37:51.238834-05:00,vsin_circa,circa,nba,nba_20260305_los_angeles_lakers_denver_nuggets,Mar 5,,Los Angeles Lakers,Denver Nuggets,5.5,29.0,71.0,65.0,35.0,241.0,60.0,40.0,84.0,16.0,100.0,,100.0,,36.0,24.0,True,True,1,,,,,,,,,,,,
2026-03-05T10:37:51.238834-05:00,vsin_circa,circa,nba,nba_20260305_new_orleans_pelicans_sacramento_kings,Mar 5,,New Orleans Pelicans,Sacramento Kings,-5.5,100.0,,100.0,,235.0,50.0,50.0,52.0,48.0,50.0,50.0,100.0,,,2.0,,False,1,,,,,,,,,,,,
2026-03-05T11:07:27.774278-05:00,vsin_dk,draftkings,nba,nba_20260305_utah_jazz_washington_wizards,Mar 5,,Utah Jazz,Washington Wizards,3.5,52.0,48.0,40.0,60.0,243.5,26.0,74.0,19.0,81.0,49.0,51.0,31.0,69.0,12.0,7.0,False,False,1,,,,,,,,,,,,
2026-03-05T11:07:27.774278-05:00,vsin_dk,draftkings,nba,nba_20260305_dallas_mavericks_orlando_magic,Mar 5,,Dallas Mavericks,Orlando Magic,9.5,37.0,63.0,27.0,73.0,229.5,42.0,58.0,38.0,62.0,11.0,89.0,17.0,83.0,10.0,4.0,False,False,1,,,,,,,,,,,,
2026-03-05T11:07:27.774278-05:00,vsin_dk,draftkings,nba,nba_20260305_golden_state_warriors_houston_rockets,Mar 5,,Golden State Warriors,Houston Rockets,8.5,37.0,63.0,32.0,68.0,213.5,68.0,32.0,63.0,37.0,10.0,90.0,36.0,64.0,5.0,5.0,False,False,1,,,,,,,,,,,,
2026-03-05T11:07:27.774278-05:00,vsin_dk,draftkings,nba,nba_20260305_brooklyn_nets_miami_heat,Mar 5,,Brooklyn Nets,Miami Heat,13.5,32.0,68.0,20.0,80.0,226.5,50.0,50.0,73.0,27.0,7.0,93.0,10.0,90.0,12.0,23.0,False,True,1,,,,,,,,,,,,
2026-03-05T11:07:27.774278-05:00,vsin_dk,draftkings,nba,nba_20260305_detroit_pistons_san_antonio_spurs,Mar 5,,Detroit Pistons,San Antonio Spurs,3.5,43.0,57.0,28.0,72.0,228.5,51.0,49.0,52.0,48.0,33.0,67.0,24.0,76.0,15.0,1.0,True,False,1,,,,,,,,,,,,
2026-03-05T11:07:27.774278-05:00,vsin_dk,draftkings,nba,nba_20260305_toronto_raptors_minnesota_timberwolves,Mar 5,,Toronto Raptors,Minnesota Timberwolves,5.5,42.0,58.0,33.0,67.0,225.5,58.0,42.0,33.0,67.0,16.0,84.0,20.0,80.0,9.0,25.0,False,True,1,,,,,,,,,,,,
2026-03-05T11:07:27.774278-05:00,vsin_dk,draftkings,nba,nba_20260305_chicago_bulls_phoenix_suns,Mar 5,,Chicago Bulls,Phoenix Suns,10.5,52.0,48.0,79.0,21.0,224.5,62.0,38.0,51.0,49.0,9.0,91.0,28.0,72.0,27.0,11.0,True,False,1,,,,,,,,,,,,
2026-03-05T11:07:27.774278-05:00,vsin_dk,draftkings,nba,nba_20260305_los_angeles_lakers_denver_nuggets,Mar 5,,Los Angeles Lakers,Denver Nuggets,5.5,51.0,49.0,51.0,49.0,240.5,32.0,68.0,35.0,65.0,29.0,71.0,51.0,49.0,0.0,3.0,False,False,1,,,,,,,,,,,,
2026-03-05T11:07:27.774278-05:00,vsin_dk,draftkings,nba,nba_20260305_new_orleans_pelicans_sacramento_kings,Mar 5,,New Orleans Pelicans,Sacramento Kings,-5.5,63.0,37.0,81.0,19.0,234.5,39.0,61.0,81.0,19.0,77.0,23.0,74.0,26.0,18.0,42.0,True,True,1,,,,,,,,,,,,
2026-03-05T11:07:48.184575-05:00,vsin_circa,circa,nba,nba_20260305_utah_jazz_washington_wizards,Mar 5,,Utah Jazz,Washington Wizards,4.0,,100.0,,100.0,244.0,50.0,50.0,79.0,21.0,100.0,,100.0,,0.0,29.0,False,True,1,,,,,,,,,,,,
2026-03-05T11:07:48.184575-05:00,vsin_circa,circa,nba,nba_20260305_dallas_mavericks_orlando_magic,Mar 5,,Dallas Mavericks,Orlando Magic,9.0,,100.0,,100.0,229.0,50.0,50.0,52.0,48.0,50.0,50.0,50.0,50.0,0.0,2.0,False,False,1,,,,,,,,,,,,
2026-03-05T11:07:48.184575-05:00,vsin_circa,circa,nba,nba_20260305_golden_state_warriors_houston_rockets,Mar 5,,Golden State Warriors,Houston Rockets,9.0,60.0,40.0,42.0,58.0,214.5,25.0,75.0,5.0,95.0,50.0,50.0,50.0,50.0,18.0,20.0,True,True,1,,,,,,,,,,,,
2026-03-05T11:07:48.184575-05:00,vsin_circa,circa,nba,nba_20260305_brooklyn_nets_miami_heat,Mar 5,,Brooklyn Nets,Miami Heat,13.0,,100.0,,100.0,226.5,50.0,50.0,67.0,33.0,50.0,50.0,,100.0,0.0,17.0,False,True,1,,,,,,,,,,,,
2026-03-05T11:07:48.184575-05:00,vsin_circa,circa,nba,nba_20260305_detroit_pistons_san_antonio_spurs,Mar 5,,Detroit Pistons,San Antonio Spurs,3.5,33.0,67.0,96.0,4.0,228.0,100.0,,100.0,,33.0,67.0,3.0,97.0,63.0,0.0,True,False,1,,,,,,,,,,,,
2026-03-05T11:07:48.184575-05:00,vsin_circa,circa,nba,nba_20260305_toronto_raptors_minnesota_timberwolves,Mar 5,,Toronto Raptors,Minnesota Timberwolves,6.0,100.0,,100.0,,226.5,,100.0,,100.0,100.0,,100.0,,,,,,1,,,,,,,,,,,,
2026-03-05T11:07:48.184575-05:00,vsin_circa,circa,nba,nba_20260305_chicago_bulls_phoenix_suns,Mar 5,,Chicago Bulls,Phoenix Suns,10.5,67.0,33.0,100.0,,225.0,,100.0,,100.0,50.0,50.0,50.0,50.0,,,,,1,,,,,,,,,,,,
2026-03-05T11:07:48.184575-05:00,vsin_circa,circa,nba,nba_20260305_los_angeles_lakers_denver_nuggets,Mar 5,,Los Angeles Lakers,Denver Nuggets,5.5,29.0,71.0,65.0,35.0,241.0,50.0,50.0,82.0,18.0,100.0,,100.0,,36.0,32.0,True,True,1,,,,,,,,,,,,
2026-03-05T11:07:48.184575-05:00,vsin_circa,circa,nba,nba_20260305_new_orleans_pelicans_sacramento_kings,Mar 5,,New Orleans Pelicans,Sacramento Kings,-5.5,100.0,,100.0,,235.0,50.0,50.0,52.0,48.0,50.0,50.0,100.0,,,2.0,,False,1,,,,,,,,,,,,
2026-03-05T13:07:53.029390-05:00,vsin_dk,draftkings,nba,nba_20260305_utah_jazz_washington_wizards,Mar 5,,Utah Jazz,Washington Wizards,4.5,53.0,47.0,43.0,57.0,243.5,27.0,73.0,33.0,67.0,48.0,52.0,33.0,67.0,10.0,6.0,False,False,1,,,,,,,,,,,,
2026-03-05T13:07:53.029390-05:00,vsin_dk,draftkings,nba,nba_20260305_dallas_mavericks_orlando_magic,Mar 5,,Dallas Mavericks,Orlando Magic,8.5,37.0,63.0,24.0,76.0,230.5,41.0,59.0,48.0,52.0,11.0,89.0,13.0,87.0,13.0,7.0,False,False,1,,,,,,,,,,,,
2026-03-05T13:07:53.029390-05:00,vsin_dk,draftkings,nba,nba_20260305_golden_state_warriors_houston_rockets,Mar 5,,Golden State Warriors,Houston Rockets,8.5,36.0,64.0,33.0,67.0,212.5,70.0,30.0,64.0,36.0,10.0,90.0,34.0,66.0,3.0,6.0,False,False,1,,,,,,,,,,,,
2026-03-05T13:07:53.029390-05:00,vsin_dk,draftkings,nba,nba_20260305_brooklyn_nets_miami_heat,Mar 5,,Brooklyn Nets,Miami Heat,13.5,34.0,66.0,39.0,61.0,227.5,49.0,51.0,63.0,37.0,7.0,93.0,8.0,92.0,5.0,14.0,False,False,1,,,,,,,,,,,,
2026-03-05T13:07:53.029390-05:00,vsin_dk,draftkings,nba,nba_20260305_detroit_pistons_san_antonio_spurs,Mar 5,,Detroit Pistons,San Antonio Spurs,3.5,46.0,54.0,42.0,58.0,228.5,50.0,50.0,50.0,50.0,33.0,67.0,22.0,78.0,4.0,0.0,False,False,1,,,,,,,,,,,,
2026-03-05T13:07:53.029390-05:00,vsin_dk,draftkings,nba,nba_20260305_toronto_raptors_minnesota_timberwolves,Mar 5,,Toronto Raptors,Minnesota Timberwolves,4.5,42.0,58.0,45.0,55.0,225.5,57.0,43.0,23.0,77.0,16.0,84.0,32.0,68.0,3.0,34.0,False,True,1,,,,,,,,,,,,
2026-03-05T13:07:53.029390-05:00,vsin_dk,draftkings,nba,nba_20260305_chicago_bulls_phoenix_suns,Mar 5,,Chicago Bulls,Phoenix Suns,10.5,52.0,48.0,70.0,30.0,224.5,61.0,39.0,49.0,51.0,9.0,91.0,27.0,73.0,18.0,12.0,True,False,1,,,,,,,,,,,,
2026-03-05T13:07:53.029390-05:00,vsin_dk,draftkings,nba,nba_20260305_los_angeles_lakers_denver_nuggets,Mar 5,,Los Angeles Lakers,Denver Nuggets,4.5,51.0,49.0,51.0,49.0,241.5,33.0,67.0,30.0,70.0,28.0,72.0,45.0,55.0,0.0,3.0,False,False,1,,,,,,,,,,,,
2026-03-05T13:07:53.029390-05:00,vsin_dk,draftkings,nba,nba_20260305_new_orleans_pelicans_sacramento_kings,Mar 5,,New Orleans Pelicans,Sacramento Kings,-5.5,63.0,37.0,73.0,27.0,234.5,39.0,61.0,77.0,23.0,77.0,23.0,83.0,17.0,10.0,38.0,False,True,1,,,,,,,,,,,,
2026-03-05T13:08:13.375685-05:00,vsin_circa,circa,nba,nba_20260305_utah_jazz_washington_wizards,Mar 5,,Utah Jazz,Washington Wizards,5.0,33.0,67.0,5.0,95.0,242.5,50.0,50.0,79.0,21.0,100.0,,100.0,,28.0,29.0,True,True,1,,,,,,,,,,,,
2026-03-05T13:08:13.375685-05:00,vsin_circa,circa,nba,nba_20260305_dallas_mavericks_orlando_magic,Mar 5,,Dallas Mavericks,Orlando Magic,9.0,,100.0,,100.0,229.5,75.0,25.0,69.0,31.0,100.0,,100.0,,0.0,6.0,False,False,1,,,,,,,,,,,,
2026-03-05T13:08:13.375685-05:00,vsin_circa,circa,nba,nba_20260305_golden_state_warriors_houston_rockets,Mar 5,,Golden State Warriors,Houston Rockets,9.0,50.0,50.0,19.0,81.0,213.0,20.0,80.0,2.0,98.0,100.0,,100.0,,31.0,18.0,True,True,1,,,,,,,,,,,,
2026-03-05T13:08:13.375685-05:00,vsin_circa,circa,nba,nba_20260305_brooklyn_nets_miami_heat,Mar 5,,Brooklyn Nets,Miami Heat,13.0,,100.0,,100.0,226.5,50.0,50.0,67.0,33.0,67.0,33.0,,100.0,0.0,17.0,False,True,1,,,,,,,,,,,,
2026-03-05T13:08:13.375685-05:00,vsin_circa,circa,nba,nba_20260305_detroit_pistons_san_antonio_spurs,Mar 5,,Detroit Pistons,San Antonio Spurs,3.5,38.0,63.0,96.0,4.0,228.0,100.0,,100.0,,50.0,50.0,7.0,93.0,59.0,0.0,True,False,1,,,,,,,,,,,,
2026-03-05T13:08:13.375685-05:00,vsin_circa,circa,nba,nba_20260305_toronto_raptors_minnesota_timberwolves,Mar 5,,Toronto Raptors,Minnesota Timberwolves,4.5,100.0,,100.0,,225.0,,100.0,,100.0,100.0,,100.0,,,,,,1,,,,,,,,,,,,
2026-03-05T13:08:13.375685-05:00,vsin_circa,circa,nba,nba_20260305_chicago_bulls_phoenix_suns,Mar 5,,Chicago Bulls,Phoenix Suns,10.5,60.0,40.0,99.0,1.0,224.5,,100.0,,100.0,100.0,,100.0,,39.0,,True,,1,,,,,,,,,,,,
2026-03-05T13:08:13.375685-05:00,vsin_circa,circa,nba,nba_20260305_los_angeles_lakers_denver_nuggets,Mar 5,,Los Angeles Lakers,Denver Nuggets,5.0,33.0,67.0,64.0,36.0,241.0,43.0,57.0,70.0,30.0,100.0,,100.0,,31.0,27.0,True,True,1,,,,,,,,,,,,
2026-03-05T13:08:13.375685-05:00,vsin_circa,circa,nba,nba_20260305_new_orleans_pelicans_sacramento_kings,Mar 5,,New Orleans Pelicans,Sacramento Kings,-5.5,100.0,,100.0,,235.0,50.0,50.0,52.0,48.0,33.0,67.0,99.0,1.0,,2.0,,False,1,,,,,,,,,,,,
2026-03-05T13:37:33.252337-05:00,vsin_dk,draftkings,nba,nba_20260305_utah_jazz_washington_wizards,Mar 5,,Utah Jazz,Washington Wizards,4.5,54.0,46.0,43.0,57.0,242.5,27.0,73.0,39.0,61.0,48.0,52.0,32.0,68.0,11.0,12.0,False,False,1,,,,,,,,,,,,
2026-03-05T13:37:33.252337-05:00,vsin_dk,draftkings,nba,nba_20260305_dallas_mavericks_orlando_magic,Mar 5,,Dallas Mavericks,Orlando Magic,9.5,37.0,63.0,23.0,77.0,230.5,40.0,60.0,45.0,55.0,11.0,89.0,13.0,87.0,14.0,5.0,False,False,1,,,,,,,,,,,,
2026-03-05T13:37:33.252337-05:00,vsin_dk,draftkings,nba,nba_20260305_golden_state_warriors_houston_rockets,Mar 5,,Golden State Warriors,Houston Rockets,8.5,35.0,65.0,33.0,67.0,212.5,70.0,30.0,64.0,36.0,10.0,90.0,32.0,68.0,2.0,6.0,False,False,1,,,,,,,,,,,,
2026-03-05T13:37:33.252337-05:00,vsin_dk,draftkings,nba,nba_20260305_brooklyn_nets_miami_heat,Mar 5,,Brooklyn Nets,Miami Heat,13.5,34.0,66.0,38.0,62.0,227.5,49.0,51.0,61.0,39.0,7.0,93.0,8.0,92.0,4.0,12.0,False,False,1,,,,,,,,,,,,
2026-03-05T13:37:33.252337-05:00,vsin_dk,draftkings,nba,nba_20260305_detroit_pistons_san_antonio_spurs,Mar 5,,Detroit Pistons,San Antonio Spurs,3.5,46.0,54.0,43.0,57.0,228.5,49.0,51.0,49.0,51.0,33.0,67.0,27.0,73.0,3.0,0.0,False,False,1,,,,,,,,,,,,
2026-03-05T13:37:33.252337-05:00,vsin_dk,draftkings,nba,nba_20260305_toronto_raptors_minnesota_timberwolves,Mar 5,,Toronto Raptors,Minnesota Timberwolves,4.5,41.0,59.0,44.0,56.0,224.5,57.0,43.0,25.0,75.0,16.0,84.0,37.0,63.0,3.0,32.0,False,True,1,,,,,,,,,,,,
2026-03-05T13:37:33.252337-05:00,vsin_dk,draftkings,nba,nba_20260305_chicago_bulls_phoenix_suns,Mar 5,,Chicago Bulls,Phoenix Suns,10.5,52.0,48.0,68.0,32.0,224.5,61.0,39.0,47.0,53.0,9.0,91.0,28.0,72.0,16.0,14.0,True,False,1,,,,,,,,,,,,
2026-03-05T13:37:33.252337-05:00,vsin_dk,draftkings,nba,nba_20260305_los_angeles_lakers_denver_nuggets,Mar 5,,Los Angeles Lakers,Denver Nuggets,5.5,51.0,49.0,51.0,49.0,240.5,33.0,67.0,31.0,69.0,28.0,72.0,45.0,55.0,0.0,2.0,False,False,1,,,,,,,,,,,,
2026-03-05T13:37:33.252337-05:00,vsin_dk,draftkings,nba,nba_20260305_new_orleans_pelicans_sacramento_kings,Mar 5,,New Orleans Pelicans,Sacramento Kings,-5.5,63.0,37.0,69.0,31.0,234.5,40.0,60.0,77.0,23.0,78.0,22.0,82.0,18.0,6.0,37.0,False,True,1,,,,,,,,,,,,
2026-03-05T13:37:33.252337-05:00,vsin_dk,draftkings,nba,nba_20260306_dallas_mavericks_boston_celtics,Mar 6,,Dallas Mavericks,Boston Celtics,15.5,43.0,57.0,71.0,29.0,225.5,,100.0,,100.0,13.0,87.0,17.0,83.0,28.0,,True,,1,,,,,,,,,,,,
2026-03-05T13:37:54.237112-05:00,vsin_circa,circa,nba,nba_20260305_utah_jazz_washington_wizards,Mar 5,,Utah Jazz,Washington Wizards,4.5,43.0,57.0,5.0,95.0,244.0,63.0,38.0,85.0,15.0,100.0,,100.0,,38.0,22.0,True,True,1,,,,,,,,,,,,
2026-03-05T13:37:54.237112-05:00,vsin_circa,circa,nba,nba_20260305_dallas_mavericks_orlando_magic,Mar 5,,Dallas Mavericks,Orlando Magic,9.0,,100.0,,100.0,229.5,60.0,40.0,4.0,96.0,100.0,,100.0,,0.0,56.0,False,True,1,,,,,,,,,,,,
2026-03-05T13:37:54.237112-05:00,vsin_circa,circa,nba,nba_20260305_golden_state_warriors_houston_rockets,Mar 5,,Golden State Warriors,Houston Rockets,8.5,56.0,44.0,94.0,6.0,213.0,20.0,80.0,2.0,98.0,100.0,,100.0,,38.0,18.0,True,True,1,,,,,,,,,,,,
2026-03-05T13:37:54.237112-05:00,vsin_circa,circa,nba,nba_20260305_brooklyn_nets_miami_heat,Mar 5,,Brooklyn Nets,Miami Heat,13.0,,100.0,,100.0,226.5,50.0,50.0,67.0,33.0,67.0,33.0,,100.0,0.0,17.0,False,True,1,,,,,,,,,,,,
2026-03-05T13:37:54.237112-05:00,vsin_circa,circa,nba,nba_20260305_detroit_pistons_san_antonio_spurs,Mar 5,,Detroit Pistons,San Antonio Spurs,3.5,38.0,63.0,96.0,4.0,228.0,50.0,50.0,23.0,77.0,60.0,40.0,38.0,62.0,59.0,27.0,True,True,1,,,,,,,,,,,,
2026-03-05T13:37:54.237112-05:00,vsin_circa,circa,nba,nba_20260305_toronto_raptors_minnesota_timberwolves,Mar 5,,Toronto Raptors,Minnesota Timberwolves,4.5,100.0,,100.0,,225.0,,100.0,,100.0,100.0,,100.0,,,,,,1,,,,,,,,,,,,
2026-03-05T13:37:54.237112-05:00,vsin_circa,circa,nba,nba_20260305_chicago_bulls_phoenix_suns,Mar 5,,Chicago Bulls,Phoenix Suns,10.5,60.0,40.0,99.0,1.0,224.5,,100.0,,100.0,100.0,,100.0,,39.0,,True,,1,,,,,,,,,,,,
2026-03-05T13:37:54.237112-05:00,vsin_circa,circa,nba,nba_20260305_los_angeles_lakers_denver_nuggets,Mar 5,,Los Angeles Lakers,Denver Nuggets,5.0,40.0,60.0,65.0,35.0,241.0,43.0,57.0,70.0,30.0,100.0,,100.0,,25.0,27.0,True,True,1,,,,,,,,,,,,
2026-03-05T13:37:54.237112-05:00,vsin_circa,circa,nba,nba_20260305_new_orleans_pelicans_sacramento_kings,Mar 5,,New Orleans Pelicans,Sacramento Kings,-5.5,100.0,,100.0,,235.0,50.0,50.0,52.0,48.0,33.0,67.0,99.0,1.0,,2.0,,False,1,,,,,,,,,,,,
2026-03-05T14:07:39.559948-05:00,vsin_dk,draftkings,nba,nba_20260305_utah_jazz_washington_wizards,Mar 5,,Utah Jazz,Washington Wizards,4.5,54.0,46.0,44.0,56.0,241.5,27.0,73.0,36.0,64.0,47.0,53.0,31.0,69.0,10.0,9.0,False,False,1,,,,,,,,,,,,
2026-03-05T14:07:39.559948-05:00,vsin_dk,draftkings,nba,nba_20260305_dallas_mavericks_orlando_magic,Mar 5,,Dallas Mavericks,Orlando Magic,9.5,37.0,63.0,23.0,77.0,230.5,40.0,60.0,44.0,56.0,11.0,89.0,14.0,86.0,14.0,4.0,False,False,1,,,,,,,,,,,,
2026-03-05T14:07:39.559948-05:00,vsin_dk,draftkings,nba,nba_20260305_golden_state_warriors_houston_rockets,Mar 5,,Golden State Warriors,Houston Rockets,8.5,35.0,65.0,33.0,67.0,212.5,70.0,30.0,65.0,35.0,10.0,90.0,33.0,67.0,2.0,5.0,False,False,1,,,,,,,,,,,,
2026-03-05T14:07:39.559948-05:00,vsin_dk,draftkings,nba,nba_20260305_brooklyn_nets_miami_heat,Mar 5,,Brooklyn Nets,Miami Heat,13.5,34.0,66.0,38.0,62.0,227.5,48.0,52.0,58.0,42.0,7.0,93.0,8.0,92.0,4.0,10.0,False,False,1,,,,,,,,,,,,
2026-03-05T14:07:39.559948-05:00,vsin_dk,draftkings,nba,nba_20260305_detroit_pistons_san_antonio_spurs,Mar 5,,Detroit Pistons,San Antonio Spurs,3.5,47.0,53.0,46.0,54.0,228.5,49.0,51.0,47.0,53.0,33.0,67.0,27.0,73.0,1.0,2.0,False,False,1,,,,,,,,,,,,
2026-03-05T14:07:39.559948-05:00,vsin_dk,draftkings,nba,nba_20260305_toronto_raptors_minnesota_timberwolves,Mar 5,,Toronto Raptors,Minnesota Timberwolves,4.5,40.0,60.0,47.0,53.0,224.5,58.0,42.0,27.0,73.0,16.0,84.0,41.0,59.0,7.0,31.0,False,True,1,,,,,,,,,,,,
2026-03-05T14:07:39.559948-05:00,vsin_dk,draftkings,nba,nba_20260305_chicago_bulls_phoenix_suns,Mar 5,,Chicago Bulls,Phoenix Suns,10.5,52.0,48.0,68.0,32.0,224.5,61.0,39.0,45.0,55.0,9.0,91.0,29.0,71.0,16.0,16.0,True,True,1,,,,,,,,,,,,
2026-03-05T14:07:39.559948-05:00,vsin_dk,draftkings,nba,nba_20260305_los_angeles_lakers_denver_nuggets,Mar 5,,Los Angeles Lakers,Denver Nuggets,5.5,51.0,49.0,52.0,48.0,240.5,33.0,67.0,29.0,71.0,28.0,72.0,47.0,53.0,1.0,4.0,False,False,1,,,,,,,,,,,,
2026-03-05T14:07:39.559948-05:00,vsin_dk,draftkings,nba,nba_20260305_new_orleans_pelicans_sacramento_kings,Mar 5,,New Orleans Pelicans,Sacramento Kings,-5.5,64.0,36.0,70.0,30.0,234.5,40.0,60.0,76.0,24.0,78.0,22.0,81.0,19.0,6.0,36.0,False,True,1,,,,,,,,,,,,
2026-03-05T14:07:39.559948-05:00,vsin_dk,draftkings,nba,nba_20260306_dallas_mavericks_boston_celtics,Mar 6,,Dallas Mavericks,Boston Celtics,15.5,27.0,73.0,41.0,59.0,225.5,33.0,67.0,14.0,86.0,17.0,83.0,26.0,74.0,14.0,19.0,False,True,1,,,,,,,,,,,,
2026-03-05T14:07:59.942982-05:00,vsin_circa,circa,nba,nba_20260305_utah_jazz_washington_wizards,Mar 5,,Utah Jazz,Washington Wizards,4.5,38.0,63.0,5.0,95.0,241.0,45.0,55.0,60.0,40.0,100.0,,100.0,,32.0,15.0,True,True,1,,,,,,,,,,,,
2026-03-05T14:07:59.942982-05:00,vsin_circa,circa,nba,nba_20260305_dallas_mavericks_orlando_magic,Mar 5,,Dallas Mavericks,Orlando Magic,9.0,14.0,86.0,15.0,85.0,229.5,57.0,43.0,5.0,95.0,100.0,,100.0,,1.0,52.0,False,True,1,,,,,,,,,,,,
2026-03-05T14:07:59.942982-05:00,vsin_circa,circa,nba,nba_20260305_golden_state_warriors_houston_rockets,Mar 5,,Golden State Warriors,Houston Rockets,8.5,50.0,50.0,94.0,6.0,213.0,20.0,80.0,2.0,98.0,100.0,,100.0,,44.0,18.0,True,True,1,,,,,,,,,,,,
2026-03-05T14:07:59.942982-05:00,vsin_circa,circa,nba,nba_20260305_brooklyn_nets_miami_heat,Mar 5,,Brooklyn Nets,Miami Heat,13.0,14.0,86.0,7.0,93.0,226.5,50.0,50.0,67.0,33.0,67.0,33.0,,100.0,7.0,17.0,False,True,1,,,,,,,,,,,,
2026-03-05T14:07:59.942982-05:00,vsin_circa,circa,nba,nba_20260305_detroit_pistons_san_antonio_spurs,Mar 5,,Detroit Pistons,San Antonio Spurs,3.5,44.0,56.0,96.0,4.0,228.0,33.0,67.0,20.0,80.0,60.0,40.0,38.0,62.0,52.0,13.0,True,False,1,,,,,,,,,,,,
2026-03-05T14:07:59.942982-05:00,vsin_circa,circa,nba,nba_20260305_toronto_raptors_minnesota_timberwolves,Mar 5,,Toronto Raptors,Minnesota Timberwolves,4.5,67.0,33.0,99.0,1.0,225.0,,100.0,,100.0,100.0,,100.0,,32.0,,True,,1,,,,,,,,,,,,
2026-03-05T14:07:59.942982-05:00,vsin_circa,circa,nba,nba_20260305_chicago_bulls_phoenix_suns,Mar 5,,Chicago Bulls,Phoenix Suns,10.5,50.0,50.0,98.0,2.0,224.5,25.0,75.0,31.0,69.0,100.0,,100.0,,48.0,6.0,True,False,1,,,,,,,,,,,,
2026-03-05T14:07:59.942982-05:00,vsin_circa,circa,nba,nba_20260305_los_angeles_lakers_denver_nuggets,Mar 5,,Los Angeles Lakers,Denver Nuggets,5.0,38.0,62.0,61.0,39.0,241.0,38.0,63.0,69.0,31.0,100.0,,100.0,,23.0,31.0,True,True,1,,,,,,,,,,,,
2026-03-05T14:07:59.942982-05:00,vsin_circa,circa,nba,nba_20260305_new_orleans_pelicans_sacramento_kings,Mar 5,,New Orleans Pelicans,Sacramento Kings,-5.5,75.0,25.0,98.0,2.0,235.0,50.0,50.0,52.0,48.0,33.0,67.0,99.0,1.0,23.0,2.0,True,False,1,,,,,,,,,,,,
2026-03-05T14:38:44.288840-05:00,vsin_dk,draftkings,nba,nba_20260305_utah_jazz_washington_wizards,Mar 5,,Utah Jazz,Washington Wizards,4.5,54.0,46.0,43.0,57.0,241.5,27.0,73.0,36.0,64.0,47.0,53.0,29.0,71.0,11.0,9.0,False,False,1,,,,,,,,,,,,
2026-03-05T14:38:44.288840-05:00,vsin_dk,draftkings,nba,nba_20260305_dallas_mavericks_orlando_magic,Mar 5,,Dallas Mavericks,Orlando Magic,8.5,38.0,62.0,24.0,76.0,230.5,40.0,60.0,44.0,56.0,11.0,89.0,14.0,86.0,14.0,4.0,False,False,1,,,,,,,,,,,,
2026-03-05T14:38:44.288840-05:00,vsin_dk,draftkings,nba,nba_20260305_golden_state_warriors_houston_rockets,Mar 5,,Golden State Warriors,Houston Rockets,8.5,35.0,65.0,33.0,67.0,212.5,71.0,29.0,65.0,35.0,10.0,90.0,34.0,66.0,2.0,6.0,False,False,1,,,,,,,,,,,,
2026-03-05T14:38:44.288840-05:00,vsin_dk,draftkings,nba,nba_20260305_brooklyn_nets_miami_heat,Mar 5,,Brooklyn Nets,Miami Heat,13.5,34.0,66.0,38.0,62.0,227.5,47.0,53.0,58.0,42.0,7.0,93.0,9.0,91.0,4.0,11.0,False,False,1,,,,,,,,,,,,
2026-03-05T14:38:44.288840-05:00,vsin_dk,draftkings,nba,nba_20260305_detroit_pistons_san_antonio_spurs,Mar 5,,Detroit Pistons,San Antonio Spurs,3.5,47.0,53.0,46.0,54.0,228.5,50.0,50.0,45.0,55.0,33.0,67.0,28.0,72.0,1.0,5.0,False,False,1,,,,,,,,,,,,
2026-03-05T14:38:44.288840-05:00,vsin_dk,draftkings,nba,nba_20260305_toronto_raptors_minnesota_timberwolves,Mar 5,,Toronto Raptors,Minnesota Timberwolves,4.5,40.0,60.0,48.0,52.0,224.5,58.0,42.0,30.0,70.0,16.0,84.0,40.0,60.0,8.0,28.0,False,True,1,,,,,,,,,,,,
2026-03-05T14:38:44.288840-05:00,vsin_dk,draftkings,nba,nba_20260305_chicago_bulls_phoenix_suns,Mar 5,,Chicago Bulls,Phoenix Suns,10.5,52.0,48.0,67.0,33.0,224.5,60.0,40.0,44.0,56.0,9.0,91.0,29.0,71.0,15.0,16.0,True,True,1,,,,,,,,,,,,
2026-03-05T14:38:44.288840-05:00,vsin_dk,draftkings,nba,nba_20260305_los_angeles_lakers_denver_nuggets,Mar 5,,Los Angeles Lakers,Denver Nuggets,5.5,51.0,49.0,52.0,48.0,240.5,33.0,67.0,30.0,70.0,29.0,71.0,48.0,52.0,1.0,3.0,False,False,1,,,,,,,,,,,,
2026-03-05T14:38:44.288840-05:00,vsin_dk,draftkings,nba,nba_20260305_new_orleans_pelicans_sacramento_kings,Mar 5,,New Orleans Pelicans,Sacramento Kings,-5.5,63.0,37.0,69.0,31.0,234.5,39.0,61.0,70.0,30.0,78.0,22.0,81.0,19.0,6.0,31.0,False,True,1,,,,,,,,,,,,
2026-03-05T14:38:44.288840-05:00,vsin_dk,draftkings,nba,nba_20260306_dallas_mavericks_boston_celtics,Mar 6,,Dallas Mavericks,Boston Celtics,15.5,24.0,76.0,30.0,70.0,225.5,32.0,68.0,12.0,88.0,13.0,88.0,16.0,84.0,6.0,20.0,False,True,1,,,,,,,,,,,,
2026-03-05T14:39:05.059727-05:00,vsin_circa,circa,nba,nba_20260305_utah_jazz_washington_wizards,Mar 5,,Utah Jazz,Washington Wizards,4.5,33.0,67.0,5.0,95.0,241.0,45.0,55.0,60.0,40.0,100.0,,100.0,,28.0,15.0,True,True,1,,,,,,,,,,,,
2026-03-05T14:39:05.059727-05:00,vsin_circa,circa,nba,nba_20260305_dallas_mavericks_orlando_magic,Mar 5,,Dallas Mavericks,Orlando Magic,9.0,14.0,86.0,15.0,85.0,229.5,63.0,38.0,5.0,95.0,100.0,,100.0,,1.0,58.0,False,True,1,,,,,,,,,,,,
2026-03-05T14:39:05.059727-05:00,vsin_circa,circa,nba,nba_20260305_golden_state_warriors_houston_rockets,Mar 5,,Golden State Warriors,Houston Rockets,8.5,50.0,50.0,94.0,6.0,213.0,33.0,67.0,2.0,98.0,100.0,,100.0,,44.0,31.0,True,True,1,,,,,,,,,,,,
2026-03-05T14:39:05.059727-05:00,vsin_circa,circa,nba,nba_20260305_brooklyn_nets_miami_heat,Mar 5,,Brooklyn Nets,Miami Heat,13.0,14.0,86.0,7.0,93.0,226.5,33.0,67.0,59.0,41.0,67.0,33.0,,100.0,7.0,26.0,False,True,1,,,,,,,,,,,,
2026-03-05T14:39:05.059727-05:00,vsin_circa,circa,nba,nba_20260305_detroit_pistons_san_antonio_spurs,Mar 5,,Detroit Pistons,San Antonio Spurs,3.5,40.0,60.0,95.0,5.0,229.5,25.0,75.0,20.0,80.0,60.0,40.0,38.0,62.0,55.0,5.0,True,False,1,,,,,,,,,,,,
2026-03-05T14:39:05.059727-05:00,vsin_circa,circa,nba,nba_20260305_toronto_raptors_minnesota_timberwolves,Mar 5,,Toronto Raptors,Minnesota Timberwolves,4.5,67.0,33.0,99.0,1.0,225.0,,100.0,,100.0,100.0,,100.0,,32.0,,True,,1,,,,,,,,,,,,
2026-03-05T14:39:05.059727-05:00,vsin_circa,circa,nba,nba_20260305_chicago_bulls_phoenix_suns,Mar 5,,Chicago Bulls,Phoenix Suns,10.5,50.0,50.0,98.0,2.0,224.5,20.0,80.0,26.0,74.0,100.0,,100.0,,48.0,6.0,True,False,1,,,,,,,,,,,,
2026-03-05T14:39:05.059727-05:00,vsin_circa,circa,nba,nba_20260305_los_angeles_lakers_denver_nuggets,Mar 5,,Los Angeles Lakers,Denver Nuggets,5.0,36.0,64.0,61.0,39.0,241.0,38.0,63.0,69.0,31.0,100.0,,100.0,,25.0,31.0,True,True,1,,,,,,,,,,,,
2026-03-05T14:39:05.059727-05:00,vsin_circa,circa,nba,nba_20260305_new_orleans_pelicans_sacramento_kings,Mar 5,,New Orleans Pelicans,Sacramento Kings,-6.0,80.0,20.0,98.0,2.0,235.0,50.0,50.0,52.0,48.0,33.0,67.0,99.0,1.0,18.0,2.0,True,False,1,,,,,,,,,,,,
2026-03-05T15:07:09.439110-05:00,vsin_dk,draftkings,nba,nba_20260305_utah_jazz_washington_wizards,Mar 5,,Utah Jazz,Washington Wizards,4.5,54.0,46.0,43.0,57.0,241.5,27.0,73.0,33.0,67.0,46.0,54.0,27.0,73.0,11.0,6.0,False,False,1,,,,,,,,,,,,
2026-03-05T15:07:09.439110-05:00,vsin_dk,draftkings,nba,nba_20260305_dallas_mavericks_orlando_magic,Mar 5,,Dallas Mavericks,Orlando Magic,8.5,38.0,62.0,24.0,76.0,230.5,39.0,61.0,44.0,56.0,11.0,89.0,15.0,85.0,14.0,5.0,False,False,1,,,,,,,,,,,,
2026-03-05T15:07:09.439110-05:00,vsin_dk,draftkings,nba,nba_20260305_golden_state_warriors_houston_rockets,Mar 5,,Golden State Warriors,Houston Rockets,8.5,35.0,65.0,32.0,68.0,212.5,71.0,29.0,66.0,34.0,10.0,90.0,34.0,66.0,3.0,5.0,False,False,1,,,,,,,,,,,,
2026-03-05T15:07:09.439110-05:00,vsin_dk,draftkings,nba,nba_20260305_brooklyn_nets_miami_heat,Mar 5,,Brooklyn Nets,Miami Heat,13.5,35.0,65.0,37.0,63.0,227.5,47.0,53.0,55.0,45.0,7.0,93.0,9.0,91.0,2.0,8.0,False,False,1,,,,,,,,,,,,
2026-03-05T15:07:09.439110-05:00,vsin_dk,draftkings,nba,nba_20260305_detroit_pistons_san_antonio_spurs,Mar 5,,Detroit Pistons,San Antonio Spurs,3.5,47.0,53.0,45.0,55.0,228.5,52.0,48.0,51.0,49.0,34.0,66.0,28.0,72.0,2.0,1.0,False,False,1,,,,,,,,,,,,
2026-03-05T15:07:09.439110-05:00,vsin_dk,draftkings,nba,nba_20260305_toronto_raptors_minnesota_timberwolves,Mar 5,,Toronto Raptors,Minnesota Timberwolves,4.5,40.0,60.0,47.0,53.0,224.5,59.0,41.0,31.0,69.0,16.0,84.0,41.0,59.0,7.0,28.0,False,True,1,,,,,,,,,,,,
2026-03-05T15:07:09.439110-05:00,vsin_dk,draftkings,nba,nba_20260305_chicago_bulls_phoenix_suns,Mar 5,,Chicago Bulls,Phoenix Suns,10.5,52.0,48.0,62.0,38.0,224.5,60.0,40.0,42.0,58.0,9.0,91.0,30.0,70.0,10.0,18.0,False,True,1,,,,,,,,,,,,
2026-03-05T15:07:09.439110-05:00,vsin_dk,draftkings,nba,nba_20260305_los_angeles_lakers_denver_nuggets,Mar 5,,Los Angeles Lakers,Denver Nuggets,4.5,50.0,50.0,52.0,48.0,240.5,33.0,67.0,31.0,69.0,29.0,71.0,48.0,52.0,2.0,2.0,False,False,1,,,,,,,,,,,,
2026-03-05T15:07:09.439110-05:00,vsin_dk,draftkings,nba,nba_20260305_new_orleans_pelicans_sacramento_kings,Mar 5,,New Orleans Pelicans,Sacramento Kings,-5.5,63.0,37.0,68.0,32.0,234.5,40.0,60.0,69.0,31.0,78.0,22.0,81.0,19.0,5.0,29.0,False,True,1,,,,,,,,,,,,
2026-03-05T15:07:09.439110-05:00,vsin_dk,draftkings,nba,nba_20260306_dallas_mavericks_boston_celtics,Mar 6,,Dallas Mavericks,Boston Celtics,15.5,27.0,73.0,34.0,66.0,225.5,29.0,71.0,11.0,89.0,20.0,80.0,24.0,76.0,7.0,18.0,False,True,1,,,,,,,,,,,,
2026-03-05T15:07:29.276808-05:00,vsin_circa,circa,nba,nba_20260305_utah_jazz_washington_wizards,Mar 5,,Utah Jazz,Washington Wizards,4.5,33.0,67.0,5.0,95.0,241.0,45.0,55.0,60.0,40.0,100.0,,100.0,,28.0,15.0,True,True,1,,,,,,,,,,,,
2026-03-05T15:07:29.276808-05:00,vsin_circa,circa,nba,nba_20260305_dallas_mavericks_orlando_magic,Mar 5,,Dallas Mavericks,Orlando Magic,8.5,14.0,86.0,15.0,85.0,230.0,63.0,38.0,5.0,95.0,100.0,,100.0,,1.0,58.0,False,True,1,,,,,,,,,,,,
2026-03-05T15:07:29.276808-05:00,vsin_circa,circa,nba,nba_20260305_golden_state_warriors_houston_rockets,Mar 5,,Golden State Warriors,Houston Rockets,8.5,50.0,50.0,94.0,6.0,213.0,33.0,67.0,2.0,98.0,100.0,,100.0,,44.0,31.0,True,True,1,,,,,,,,,,,,
2026-03-05T15:07:29.276808-05:00,vsin_circa,circa,nba,nba_20260305_brooklyn_nets_miami_heat,Mar 5,,Brooklyn Nets,Miami Heat,13.0,14.0,86.0,7.0,93.0,226.5,33.0,67.0,59.0,41.0,67.0,33.0,,100.0,7.0,26.0,False,True,1,,,,,,,,,,,,
2026-03-05T15:07:29.276808-05:00,vsin_circa,circa,nba,nba_20260305_detroit_pistons_san_antonio_spurs,Mar 5,,Detroit Pistons,San Antonio Spurs,3.5,45.0,55.0,96.0,4.0,229.5,20.0,80.0,19.0,81.0,60.0,40.0,38.0,62.0,51.0,1.0,True,False,1,,,,,,,,,,,,
2026-03-05T15:07:29.276808-05:00,vsin_circa,circa,nba,nba_20260305_toronto_raptors_minnesota_timberwolves,Mar 5,,Toronto Raptors,Minnesota Timberwolves,4.5,67.0,33.0,99.0,1.0,225.0,,100.0,,100.0,100.0,,100.0,,32.0,,True,,1,,,,,,,,,,,,
2026-03-05T15:07:29.276808-05:00,vsin_circa,circa,nba,nba_20260305_chicago_bulls_phoenix_suns,Mar 5,,Chicago Bulls,Phoenix Suns,10.5,50.0,50.0,98.0,2.0,224.5,20.0,80.0,26.0,74.0,100.0,,100.0,,48.0,6.0,True,False,1,,,,,,,,,,,,
2026-03-05T15:07:29.276808-05:00,vsin_circa,circa,nba,nba_20260305_los_angeles_lakers_denver_nuggets,Mar 5,,Los Angeles Lakers,Denver Nuggets,5.0,36.0,64.0,61.0,39.0,241.0,38.0,63.0,69.0,31.0,100.0,,100.0,,25.0,31.0,True,True,1,,,,,,,,,,,,
2026-03-05T15:07:29.276808-05:00,vsin_circa,circa,nba,nba_20260305_new_orleans_pelicans_sacramento_kings,Mar 5,,New Orleans Pelicans,Sacramento Kings,-5.5,67.0,33.0,8.0,92.0,235.0,50.0,50.0,52.0,48.0,33.0,67.0,99.0,1.0,59.0,2.0,True,False,1,,,,,,,,,,,,
2026-03-05T15:37:40.953756-05:00,vsin_dk,draftkings,nba,nba_20260305_utah_jazz_washington_wizards,Mar 5,,Utah Jazz,Washington Wizards,3.5,54.0,46.0,64.0,36.0,241.5,27.0,73.0,31.0,69.0,46.0,54.0,28.0,72.0,10.0,4.0,False,False,1,,,,,,,,,,,,
2026-03-05T15:37:40.953756-05:00,vsin_dk,draftkings,nba,nba_20260305_dallas_mavericks_orlando_magic,Mar 5,,Dallas Mavericks,Orlando Magic,7.5,38.0,62.0,26.0,74.0,230.5,39.0,61.0,43.0,57.0,11.0,89.0,15.0,85.0,12.0,4.0,False,False,1,,,,,,,,,,,,
2026-03-05T15:37:40.953756-05:00,vsin_dk,draftkings,nba,nba_20260305_golden_state_warriors_houston_rockets,Mar 5,,Golden State Warriors,Houston Rockets,8.5,34.0,66.0,31.0,69.0,212.5,72.0,28.0,67.0,33.0,10.0,90.0,33.0,67.0,3.0,5.0,False,False,1,,,,,,,,,,,,
2026-03-05T15:37:40.953756-05:00,vsin_dk,draftkings,nba,nba_20260305_brooklyn_nets_miami_heat,Mar 5,,Brooklyn Nets,Miami Heat,13.5,35.0,65.0,38.0,62.0,227.5,41.0,59.0,43.0,57.0,7.0,93.0,9.0,91.0,3.0,2.0,False,False,1,,,,,,,,,,,,
2026-03-05T15:37:40.953756-05:00,vsin_dk,draftkings,nba,nba_20260305_detroit_pistons_san_antonio_spurs,Mar 5,,Detroit Pistons,San Antonio Spurs,3.5,48.0,52.0,46.0,54.0,228.5,54.0,46.0,53.0,47.0,34.0,66.0,29.0,71.0,2.0,1.0,False,False,1,,,,,,,,,,,,
2026-03-05T15:37:40.953756-05:00,vsin_dk,draftkings,nba,nba_20260305_toronto_raptors_minnesota_timberwolves,Mar 5,,Toronto Raptors,Minnesota Timberwolves,4.5,39.0,61.0,45.0,55.0,224.5,60.0,40.0,28.0,72.0,16.0,84.0,41.0,59.0,6.0,32.0,False,True,1,,,,,,,,,,,,
2026-03-05T15:37:40.953756-05:00,vsin_dk,draftkings,nba,nba_20260305_chicago_bulls_phoenix_suns,Mar 5,,Chicago Bulls,Phoenix Suns,10.5,52.0,48.0,57.0,43.0,224.5,60.0,40.0,40.0,60.0,9.0,91.0,31.0,69.0,5.0,20.0,False,True,1,,,,,,,,,,,,
2026-03-05T15:37:40.953756-05:00,vsin_dk,draftkings,nba,nba_20260305_los_angeles_lakers_denver_nuggets,Mar 5,,Los Angeles Lakers,Denver Nuggets,4.5,49.0,51.0,47.0,53.0,240.5,34.0,66.0,31.0,69.0,29.0,71.0,47.0,53.0,2.0,3.0,False,False,1,,,,,,,,,,,,
2026-03-05T15:37:40.953756-05:00,vsin_dk,draftkings,nba,nba_20260305_new_orleans_pelicans_sacramento_kings,Mar 5,,New Orleans Pelicans,Sacramento Kings,-5.5,63.0,37.0,70.0,30.0,234.5,40.0,60.0,69.0,31.0,78.0,22.0,78.0,22.0,7.0,29.0,False,True,1,,,,,,,,,,,,
2026-03-05T15:37:40.953756-05:00,vsin_dk,draftkings,nba,nba_20260306_dallas_mavericks_boston_celtics,Mar 6,,Dallas Mavericks,Boston Celtics,15.5,29.0,71.0,31.0,69.0,225.5,32.0,68.0,16.0,84.0,18.0,82.0,22.0,78.0,2.0,16.0,False,True,1,,,,,,,,,,,,
2026-03-05T15:38:00.790924-05:00,vsin_circa,circa,nba,nba_20260305_utah_jazz_washington_wizards,Mar 5,,Utah Jazz,Washington Wizards,4.0,33.0,67.0,5.0,95.0,241.0,50.0,50.0,60.0,40.0,100.0,,100.0,,28.0,10.0,True,False,1,,,,,,,,,,,,
2026-03-05T15:38:00.790924-05:00,vsin_circa,circa,nba,nba_20260305_dallas_mavericks_orlando_magic,Mar 5,,Dallas Mavericks,Orlando Magic,8.0,14.0,86.0,15.0,85.0,230.0,67.0,33.0,5.0,95.0,100.0,,100.0,,1.0,62.0,False,True,1,,,,,,,,,,,,
2026-03-05T15:38:00.790924-05:00,vsin_circa,circa,nba,nba_20260305_golden_state_warriors_houston_rockets,Mar 5,,Golden State Warriors,Houston Rockets,8.5,50.0,50.0,94.0,6.0,213.0,38.0,63.0,3.0,97.0,100.0,,100.0,,44.0,35.0,True,True,1,,,,,,,,,,,,
2026-03-05T15:38:00.790924-05:00,vsin_circa,circa,nba,nba_20260305_brooklyn_nets_miami_heat,Mar 5,,Brooklyn Nets,Miami Heat,13.0,14.0,86.0,7.0,93.0,226.5,50.0,50.0,62.0,38.0,50.0,50.0,,100.0,7.0,12.0,False,False,1,,,,,,,,,,,,
2026-03-05T15:38:00.790924-05:00,vsin_circa,circa,nba,nba_20260305_detroit_pistons_san_antonio_spurs,Mar 5,,Detroit Pistons,San Antonio Spurs,3.5,42.0,58.0,94.0,6.0,229.5,33.0,67.0,21.0,79.0,60.0,40.0,38.0,62.0,52.0,12.0,True,False,1,,,,,,,,,,,,
2026-03-05T15:38:00.790924-05:00,vsin_circa,circa,nba,nba_20260305_toronto_raptors_minnesota_timberwolves,Mar 5,,Toronto Raptors,Minnesota Timberwolves,4.5,67.0,33.0,99.0,1.0,225.0,17.0,83.0,4.0,96.0,100.0,,100.0,,32.0,13.0,True,False,1,,,,,,,,,,,,
2026-03-05T15:38:00.790924-05:00,vsin_circa,circa,nba,nba_20260305_chicago_bulls_phoenix_suns,Mar 5,,Chicago Bulls,Phoenix Suns,10.5,50.0,50.0,98.0,2.0,224.5,33.0,67.0,32.0,68.0,100.0,,100.0,,48.0,1.0,True,False,1,,,,,,,,,,,,
2026-03-05T15:38:00.790924-05:00,vsin_circa,circa,nba,nba_20260305_los_angeles_lakers_denver_nuggets,Mar 5,,Los Angeles Lakers,Denver Nuggets,5.0,36.0,64.0,61.0,39.0,241.0,40.0,60.0,69.0,31.0,80.0,20.0,94.0,6.0,25.0,29.0,True,True,1,,,,,,,,,,,,
2026-03-05T15:38:00.790924-05:00,vsin_circa,circa,nba,nba_20260305_new_orleans_pelicans_sacramento_kings,Mar 5,,New Orleans Pelicans,Sacramento Kings,-5.5,67.0,33.0,8.0,92.0,235.0,67.0,33.0,53.0,47.0,33.0,67.0,99.0,1.0,59.0,14.0,True,False,1,,,,,,,,,,,,
2026-03-05T16:07:16.456809-05:00,vsin_dk,draftkings,nba,nba_20260305_utah_jazz_washington_wizards,Mar 5,,Utah Jazz,Washington Wizards,3.5,53.0,47.0,63.0,37.0,241.5,28.0,72.0,33.0,67.0,45.0,55.0,28.0,72.0,10.0,5.0,False,False,1,,,,,,,,,,,,
2026-03-05T16:07:16.456809-05:00,vsin_dk,draftkings,nba,nba_20260305_dallas_mavericks_orlando_magic,Mar 5,,Dallas Mavericks,Orlando Magic,7.5,37.0,63.0,27.0,73.0,230.5,39.0,61.0,42.0,58.0,11.0,89.0,16.0,84.0,10.0,3.0,False,False,1,,,,,,,,,,,,
2026-03-05T16:07:16.456809-05:00,vsin_dk,draftkings,nba,nba_20260305_golden_state_warriors_houston_rockets,Mar 5,,Golden State Warriors,Houston Rockets,8.5,34.0,66.0,32.0,68.0,212.5,72.0,28.0,68.0,32.0,10.0,90.0,32.0,68.0,2.0,4.0,False,False,1,,,,,,,,,,,,
2026-03-05T16:07:16.456809-05:00,vsin_dk,draftkings,nba,nba_20260305_brooklyn_nets_miami_heat,Mar 5,,Brooklyn Nets,Miami Heat,13.5,35.0,65.0,38.0,62.0,227.5,40.0,60.0,45.0,55.0,7.0,93.0,9.0,91.0,3.0,5.0,False,False,1,,,,,,,,,,,,
2026-03-05T16:07:16.456809-05:00,vsin_dk,draftkings,nba,nba_20260305_detroit_pistons_san_antonio_spurs,Mar 5,,Detroit Pistons,San Antonio Spurs,3.5,48.0,52.0,49.0,51.0,228.5,54.0,46.0,54.0,46.0,34.0,66.0,29.0,71.0,1.0,0.0,False,False,1,,,,,,,,,,,,
2026-03-05T16:07:16.456809-05:00,vsin_dk,draftkings,nba,nba_20260305_toronto_raptors_minnesota_timberwolves,Mar 5,,Toronto Raptors,Minnesota Timberwolves,4.5,39.0,61.0,44.0,56.0,224.5,61.0,39.0,31.0,69.0,16.0,84.0,40.0,60.0,5.0,30.0,False,True,1,,,,,,,,,,,,
2026-03-05T16:07:16.456809-05:00,vsin_dk,draftkings,nba,nba_20260305_chicago_bulls_phoenix_suns,Mar 5,,Chicago Bulls,Phoenix Suns,10.5,52.0,48.0,50.0,50.0,224.5,61.0,39.0,39.0,61.0,9.0,91.0,32.0,68.0,2.0,22.0,False,True,1,,,,,,,,,,,,
2026-03-05T16:07:16.456809-05:00,vsin_dk,draftkings,nba,nba_20260305_los_angeles_lakers_denver_nuggets,Mar 5,,Los Angeles Lakers,Denver Nuggets,4.5,48.0,52.0,45.0,55.0,240.5,34.0,66.0,32.0,68.0,29.0,71.0,47.0,53.0,3.0,2.0,False,False,1,,,,,,,,,,,,
2026-03-05T16:07:16.456809-05:00,vsin_dk,draftkings,nba,nba_20260305_new_orleans_pelicans_sacramento_kings,Mar 5,,New Orleans Pelicans,Sacramento Kings,-5.5,63.0,37.0,87.0,13.0,234.5,40.0,60.0,69.0,31.0,78.0,22.0,77.0,23.0,24.0,29.0,True,True,1,,,,,,,,,,,,
2026-03-05T16:07:16.456809-05:00,vsin_dk,draftkings,nba,nba_20260306_dallas_mavericks_boston_celtics,Mar 6,,Dallas Mavericks,Boston Celtics,15.5,30.0,70.0,30.0,70.0,225.5,34.0,66.0,15.0,85.0,15.0,85.0,21.0,79.0,0.0,19.0,False,True,1,,,,,,,,,,,,
2026-03-05T16:07:36.795478-05:00,vsin_circa,circa,nba,nba_20260305_utah_jazz_washington_wizards,Mar 5,,Utah Jazz,Washington Wizards,4.0,33.0,67.0,5.0,95.0,241.0,50.0,50.0,60.0,40.0,100.0,,100.0,,28.0,10.0,True,False,1,,,,,,,,,,,,
2026-03-05T16:07:36.795478-05:00,vsin_circa,circa,nba,nba_20260305_dallas_mavericks_orlando_magic,Mar 5,,Dallas Mavericks,Orlando Magic,7.5,22.0,78.0,51.0,49.0,230.0,67.0,33.0,5.0,95.0,100.0,,100.0,,29.0,62.0,True,True,1,,,,,,,,,,,,
2026-03-05T16:07:36.795478-05:00,vsin_circa,circa,nba,nba_20260305_golden_state_warriors_houston_rockets,Mar 5,,Golden State Warriors,Houston Rockets,8.5,50.0,50.0,94.0,6.0,213.0,50.0,50.0,13.0,87.0,100.0,,100.0,,44.0,37.0,True,True,1,,,,,,,,,,,,
2026-03-05T16:07:36.795478-05:00,vsin_circa,circa,nba,nba_20260305_brooklyn_nets_miami_heat,Mar 5,,Brooklyn Nets,Miami Heat,13.0,14.0,86.0,7.0,93.0,226.5,50.0,50.0,62.0,38.0,50.0,50.0,,100.0,7.0,12.0,False,False,1,,,,,,,,,,,,
2026-03-05T16:07:36.795478-05:00,vsin_circa,circa,nba,nba_20260305_detroit_pistons_san_antonio_spurs,Mar 5,,Detroit Pistons,San Antonio Spurs,3.5,38.0,62.0,94.0,6.0,229.5,33.0,67.0,21.0,79.0,60.0,40.0,38.0,62.0,56.0,12.0,True,False,1,,,,,,,,,,,,
2026-03-05T16:07:36.795478-05:00,vsin_circa,circa,nba,nba_20260305_toronto_raptors_minnesota_timberwolves,Mar 5,,Toronto Raptors,Minnesota Timberwolves,4.5,67.0,33.0,99.0,1.0,225.0,17.0,83.0,4.0,96.0,100.0,,100.0,,32.0,13.0,True,False,1,,,,,,,,,,,,
2026-03-05T16:07:36.795478-05:00,vsin_circa,circa,nba,nba_20260305_chicago_bulls_phoenix_suns,Mar 5,,Chicago Bulls,Phoenix Suns,10.5,50.0,50.0,98.0,2.0,224.5,33.0,67.0,32.0,68.0,100.0,,100.0,,48.0,1.0,True,False,1,,,,,,,,,,,,
2026-03-05T16:07:36.795478-05:00,vsin_circa,circa,nba,nba_20260305_los_angeles_lakers_denver_nuggets,Mar 5,,Los Angeles Lakers,Denver Nuggets,5.0,36.0,64.0,61.0,39.0,241.0,40.0,60.0,69.0,31.0,80.0,20.0,94.0,6.0,25.0,29.0,True,True,1,,,,,,,,,,,,
2026-03-05T16:07:36.795478-05:00,vsin_circa,circa,nba,nba_20260305_new_orleans_pelicans_sacramento_kings,Mar 5,,New Orleans Pelicans,Sacramento Kings,-5.5,67.0,33.0,8.0,92.0,235.0,67.0,33.0,53.0,47.0,33.0,67.0,99.0,1.0,59.0,14.0,True,False,1,,,,,,,,,,,,
2026-03-05T16:37:34.344950-05:00,vsin_dk,draftkings,nba,nba_20260305_utah_jazz_washington_wizards,Mar 5,,Utah Jazz,Washington Wizards,3.5,53.0,47.0,63.0,37.0,241.5,28.0,72.0,35.0,65.0,44.0,56.0,28.0,72.0,10.0,7.0,False,False,1,,,,,,,,,,,,
2026-03-05T16:37:34.344950-05:00,vsin_dk,draftkings,nba,nba_20260305_dallas_mavericks_orlando_magic,Mar 5,,Dallas Mavericks,Orlando Magic,7.5,37.0,63.0,31.0,69.0,230.5,39.0,61.0,42.0,58.0,12.0,88.0,19.0,81.0,6.0,3.0,False,False,1,,,,,,,,,,,,
2026-03-05T16:37:34.344950-05:00,vsin_dk,draftkings,nba,nba_20260305_golden_state_warriors_houston_rockets,Mar 5,,Golden State Warriors,Houston Rockets,8.5,34.0,66.0,30.0,70.0,212.5,73.0,27.0,70.0,30.0,10.0,90.0,28.0,72.0,4.0,3.0,False,False,1,,,,,,,,,,,,
2026-03-05T16:37:34.344950-05:00,vsin_dk,draftkings,nba,nba_20260305_brooklyn_nets_miami_heat,Mar 5,,Brooklyn Nets,Miami Heat,12.5,35.0,65.0,36.0,64.0,226.5,39.0,61.0,43.0,57.0,7.0,93.0,11.0,89.0,1.0,4.0,False,False,1,,,,,,,,,,,,
2026-03-05T16:37:34.344950-05:00,vsin_dk,draftkings,nba,nba_20260305_detroit_pistons_san_antonio_spurs,Mar 5,,Detroit Pistons,San Antonio Spurs,3.5,48.0,52.0,50.0,50.0,228.5,54.0,46.0,53.0,47.0,34.0,66.0,29.0,71.0,2.0,1.0,False,False,1,,,,,,,,,,,,
2026-03-05T16:37:34.344950-05:00,vsin_dk,draftkings,nba,nba_20260305_toronto_raptors_minnesota_timberwolves,Mar 5,,Toronto Raptors,Minnesota Timberwolves,4.5,38.0,62.0,43.0,57.0,224.5,61.0,39.0,31.0,69.0,16.0,84.0,40.0,60.0,5.0,30.0,False,True,1,,,,,,,,,,,,
2026-03-05T16:37:34.344950-05:00,vsin_dk,draftkings,nba,nba_20260305_chicago_bulls_phoenix_suns,Mar 5,,Chicago Bulls,Phoenix Suns,10.5,52.0,48.0,48.0,52.0,224.5,60.0,40.0,40.0,60.0,9.0,91.0,31.0,69.0,4.0,20.0,False,True,1,,,,,,,,,,,,
2026-03-05T16:37:34.344950-05:00,vsin_dk,draftkings,nba,nba_20260305_los_angeles_lakers_denver_nuggets,Mar 5,,Los Angeles Lakers,Denver Nuggets,4.5,48.0,52.0,50.0,50.0,240.5,35.0,65.0,32.0,68.0,30.0,70.0,49.0,51.0,2.0,3.0,False,False,1,,,,,,,,,,,,
2026-03-05T16:37:34.344950-05:00,vsin_dk,draftkings,nba,nba_20260305_new_orleans_pelicans_sacramento_kings,Mar 5,,New Orleans Pelicans,Sacramento Kings,-5.5,63.0,37.0,87.0,13.0,234.5,41.0,59.0,57.0,43.0,78.0,22.0,78.0,22.0,24.0,16.0,True,True,1,,,,,,,,,,,,
2026-03-05T16:37:34.344950-05:00,vsin_dk,draftkings,nba,nba_20260306_dallas_mavericks_boston_celtics,Mar 6,,Dallas Mavericks,Boston Celtics,15.5,38.0,62.0,28.0,72.0,225.5,32.0,68.0,15.0,85.0,13.0,88.0,20.0,80.0,10.0,17.0,False,True,1,,,,,,,,,,,,
2026-03-05T16:37:55.768677-05:00,vsin_circa,circa,nba,nba_20260305_utah_jazz_washington_wizards,Mar 5,,Utah Jazz,Washington Wizards,4.0,33.0,67.0,5.0,95.0,241.0,50.0,50.0,60.0,40.0,100.0,,100.0,,28.0,10.0,True,False,1,,,,,,,,,,,,
2026-03-05T16:37:55.768677-05:00,vsin_circa,circa,nba,nba_20260305_dallas_mavericks_orlando_magic,Mar 5,,Dallas Mavericks,Orlando Magic,7.5,22.0,78.0,51.0,49.0,230.0,67.0,33.0,5.0,95.0,100.0,,100.0,,29.0,62.0,True,True,1,,,,,,,,,,,,
2026-03-05T16:37:55.768677-05:00,vsin_circa,circa,nba,nba_20260305_golden_state_warriors_houston_rockets,Mar 5,,Golden State Warriors,Houston Rockets,8.5,50.0,50.0,94.0,6.0,213.0,50.0,50.0,13.0,87.0,100.0,,100.0,,44.0,37.0,True,True,1,,,,,,,,,,,,
2026-03-05T16:37:55.768677-05:00,vsin_circa,circa,nba,nba_20260305_brooklyn_nets_miami_heat,Mar 5,,Brooklyn Nets,Miami Heat,13.0,14.0,86.0,7.0,93.0,226.5,50.0,50.0,62.0,38.0,50.0,50.0,,100.0,7.0,12.0,False,False,1,,,,,,,,,,,,
2026-03-05T16:37:55.768677-05:00,vsin_circa,circa,nba,nba_20260305_detroit_pistons_san_antonio_spurs,Mar 5,,Detroit Pistons,San Antonio Spurs,3.5,38.0,62.0,94.0,6.0,229.5,33.0,67.0,21.0,79.0,60.0,40.0,38.0,62.0,56.0,12.0,True,False,1,,,,,,,,,,,,
2026-03-05T16:37:55.768677-05:00,vsin_circa,circa,nba,nba_20260305_toronto_raptors_minnesota_timberwolves,Mar 5,,Toronto Raptors,Minnesota Timberwolves,4.5,67.0,33.0,99.0,1.0,225.0,17.0,83.0,4.0,96.0,100.0,,100.0,,32.0,13.0,True,False,1,,,,,,,,,,,,
2026-03-05T16:37:55.768677-05:00,vsin_circa,circa,nba,nba_20260305_chicago_bulls_phoenix_suns,Mar 5,,Chicago Bulls,Phoenix Suns,10.5,50.0,50.0,98.0,2.0,224.5,33.0,67.0,32.0,68.0,100.0,,100.0,,48.0,1.0,True,False,1,,,,,,,,,,,,
2026-03-05T16:37:55.768677-05:00,vsin_circa,circa,nba,nba_20260305_los_angeles_lakers_denver_nuggets,Mar 5,,Los Angeles Lakers,Denver Nuggets,5.0,40.0,60.0,63.0,37.0,241.0,40.0,60.0,69.0,31.0,80.0,20.0,94.0,6.0,23.0,29.0,True,True,1,,,,,,,,,,,,
2026-03-05T16:37:55.768677-05:00,vsin_circa,circa,nba,nba_20260305_new_orleans_pelicans_sacramento_kings,Mar 5,,New Orleans Pelicans,Sacramento Kings,-5.5,67.0,33.0,8.0,92.0,235.0,67.0,33.0,53.0,47.0,33.0,67.0,99.0,1.0,59.0,14.0,True,False,1,,,,,,,,,,,,
2026-03-05T17:07:31.210979-05:00,vsin_dk,draftkings,nba,nba_20260305_utah_jazz_washington_wizards,Mar 5,,Utah Jazz,Washington Wizards,3.5,51.0,49.0,63.0,37.0,241.5,28.0,72.0,36.0,64.0,44.0,56.0,29.0,71.0,12.0,8.0,False,False,1,,,,,,,,,,,,
2026-03-05T17:07:31.210979-05:00,vsin_dk,draftkings,nba,nba_20260305_dallas_mavericks_orlando_magic,Mar 5,,Dallas Mavericks,Orlando Magic,7.5,37.0,63.0,29.0,71.0,230.5,38.0,62.0,42.0,58.0,12.0,88.0,21.0,79.0,8.0,4.0,False,False,1,,,,,,,,,,,,
2026-03-05T17:07:31.210979-05:00,vsin_dk,draftkings,nba,nba_20260305_golden_state_warriors_houston_rockets,Mar 5,,Golden State Warriors,Houston Rockets,8.5,34.0,66.0,30.0,70.0,213.5,73.0,27.0,68.0,32.0,10.0,90.0,26.0,74.0,4.0,5.0,False,False,1,,,,,,,,,,,,
2026-03-05T17:07:31.210979-05:00,vsin_dk,draftkings,nba,nba_20260305_brooklyn_nets_miami_heat,Mar 5,,Brooklyn Nets,Miami Heat,13.5,34.0,66.0,33.0,67.0,224.5,39.0,61.0,40.0,60.0,7.0,93.0,11.0,89.0,1.0,1.0,False,False,1,,,,,,,,,,,,
2026-03-05T17:07:31.210979-05:00,vsin_dk,draftkings,nba,nba_20260305_detroit_pistons_san_antonio_spurs,Mar 5,,Detroit Pistons,San Antonio Spurs,3.5,48.0,52.0,51.0,49.0,228.5,54.0,46.0,52.0,48.0,35.0,65.0,28.0,72.0,3.0,2.0,False,False,1,,,,,,,,,,,,
2026-03-05T17:07:31.210979-05:00,vsin_dk,draftkings,nba,nba_20260305_toronto_raptors_minnesota_timberwolves,Mar 5,,Toronto Raptors,Minnesota Timberwolves,4.5,38.0,62.0,43.0,57.0,224.5,62.0,38.0,34.0,66.0,16.0,84.0,39.0,61.0,5.0,28.0,False,True,1,,,,,,,,,,,,
2026-03-05T17:07:31.210979-05:00,vsin_dk,draftkings,nba,nba_20260305_chicago_bulls_phoenix_suns,Mar 5,,Chicago Bulls,Phoenix Suns,10.5,51.0,49.0,47.0,53.0,224.5,60.0,40.0,37.0,63.0,9.0,91.0,36.0,64.0,4.0,23.0,False,True,1,,,,,,,,,,,,
2026-03-05T17:07:31.210979-05:00,vsin_dk,draftkings,nba,nba_20260305_los_angeles_lakers_denver_nuggets,Mar 5,,Los Angeles Lakers,Denver Nuggets,4.5,47.0,53.0,49.0,51.0,240.5,35.0,65.0,32.0,68.0,30.0,70.0,50.0,50.0,2.0,3.0,False,False,1,,,,,,,,,,,,
2026-03-05T17:07:31.210979-05:00,vsin_dk,draftkings,nba,nba_20260305_new_orleans_pelicans_sacramento_kings,Mar 5,,New Orleans Pelicans,Sacramento Kings,-5.5,63.0,37.0,87.0,13.0,234.5,41.0,59.0,58.0,42.0,78.0,22.0,74.0,26.0,24.0,17.0,True,True,1,,,,,,,,,,,,
2026-03-05T17:07:31.210979-05:00,vsin_dk,draftkings,nba,nba_20260306_dallas_mavericks_boston_celtics,Mar 6,,Dallas Mavericks,Boston Celtics,15.5,38.0,62.0,30.0,70.0,225.5,37.0,63.0,15.0,85.0,13.0,87.0,20.0,80.0,8.0,22.0,False,True,1,,,,,,,,,,,,
2026-03-05T17:07:51.021587-05:00,vsin_circa,circa,nba,nba_20260305_utah_jazz_washington_wizards,Mar 5,,Utah Jazz,Washington Wizards,4.0,33.0,67.0,5.0,95.0,241.0,50.0,50.0,60.0,40.0,100.0,,100.0,,28.0,10.0,True,False,1,,,,,,,,,,,,
2026-03-05T17:07:51.021587-05:00,vsin_circa,circa,nba,nba_20260305_dallas_mavericks_orlando_magic,Mar 5,,Dallas Mavericks,Orlando Magic,7.5,22.0,78.0,51.0,49.0,230.0,67.0,33.0,5.0,95.0,100.0,,100.0,,29.0,62.0,True,True,1,,,,,,,,,,,,
2026-03-05T17:07:51.021587-05:00,vsin_circa,circa,nba,nba_20260305_golden_state_warriors_houston_rockets,Mar 5,,Golden State Warriors,Houston Rockets,8.5,50.0,50.0,94.0,6.0,213.0,50.0,50.0,13.0,87.0,100.0,,100.0,,44.0,37.0,True,True,1,,,,,,,,,,,,
2026-03-05T17:07:51.021587-05:00,vsin_circa,circa,nba,nba_20260305_brooklyn_nets_miami_heat,Mar 5,,Brooklyn Nets,Miami Heat,13.0,25.0,75.0,97.0,3.0,224.5,40.0,60.0,2.0,98.0,50.0,50.0,,100.0,72.0,38.0,True,True,1,,,,,,,,,,,,
2026-03-05T17:07:51.021587-05:00,vsin_circa,circa,nba,nba_20260305_detroit_pistons_san_antonio_spurs,Mar 5,,Detroit Pistons,San Antonio Spurs,3.5,38.0,62.0,94.0,6.0,229.5,29.0,71.0,19.0,81.0,50.0,50.0,9.0,91.0,56.0,10.0,True,False,1,,,,,,,,,,,,
2026-03-05T17:07:51.021587-05:00,vsin_circa,circa,nba,nba_20260305_toronto_raptors_minnesota_timberwolves,Mar 5,,Toronto Raptors,Minnesota Timberwolves,4.5,67.0,33.0,99.0,1.0,225.0,17.0,83.0,4.0,96.0,100.0,,100.0,,32.0,13.0,True,False,1,,,,,,,,,,,,
2026-03-05T17:07:51.021587-05:00,vsin_circa,circa,nba,nba_20260305_chicago_bulls_phoenix_suns,Mar 5,,Chicago Bulls,Phoenix Suns,10.5,50.0,50.0,98.0,2.0,224.5,33.0,67.0,32.0,68.0,100.0,,100.0,,48.0,1.0,True,False,1,,,,,,,,,,,,
2026-03-05T17:07:51.021587-05:00,vsin_circa,circa,nba,nba_20260305_los_angeles_lakers_denver_nuggets,Mar 5,,Los Angeles Lakers,Denver Nuggets,5.0,38.0,63.0,62.0,38.0,241.0,40.0,60.0,69.0,31.0,67.0,33.0,75.0,25.0,25.0,29.0,True,True,1,,,,,,,,,,,,
2026-03-05T17:07:51.021587-05:00,vsin_circa,circa,nba,nba_20260305_new_orleans_pelicans_sacramento_kings,Mar 5,,New Orleans Pelicans,Sacramento Kings,-5.5,67.0,33.0,8.0,92.0,235.0,67.0,33.0,53.0,47.0,33.0,67.0,99.0,1.0,59.0,14.0,True,False,1,,,,,,,,,,,,
2026-03-05T17:38:02.708559-05:00,vsin_dk,draftkings,nba,nba_20260305_utah_jazz_washington_wizards,Mar 5,,Utah Jazz,Washington Wizards,4.5,51.0,49.0,61.0,39.0,240.5,29.0,71.0,37.0,63.0,43.0,57.0,31.0,69.0,10.0,8.0,False,False,1,,,,,,,,,,,,
2026-03-05T17:38:02.708559-05:00,vsin_dk,draftkings,nba,nba_20260305_dallas_mavericks_orlando_magic,Mar 5,,Dallas Mavericks,Orlando Magic,8.5,37.0,63.0,36.0,64.0,230.5,38.0,62.0,39.0,61.0,12.0,88.0,21.0,79.0,1.0,1.0,False,False,1,,,,,,,,,,,,
2026-03-05T17:38:02.708559-05:00,vsin_dk,draftkings,nba,nba_20260305_golden_state_warriors_houston_rockets,Mar 5,,Golden State Warriors,Houston Rockets,8.5,33.0,67.0,25.0,75.0,212.5,73.0,27.0,68.0,32.0,10.0,90.0,23.0,77.0,8.0,5.0,False,False,1,,,,,,,,,,,,
2026-03-05T17:38:02.708559-05:00,vsin_dk,draftkings,nba,nba_20260305_brooklyn_nets_miami_heat,Mar 5,,Brooklyn Nets,Miami Heat,12.5,34.0,66.0,33.0,67.0,224.5,41.0,59.0,42.0,58.0,7.0,93.0,13.0,87.0,1.0,1.0,False,False,1,,,,,,,,,,,,
2026-03-05T17:38:02.708559-05:00,vsin_dk,draftkings,nba,nba_20260305_detroit_pistons_san_antonio_spurs,Mar 5,,Detroit Pistons,San Antonio Spurs,3.5,49.0,51.0,53.0,47.0,228.5,54.0,46.0,54.0,46.0,35.0,65.0,32.0,68.0,4.0,0.0,False,False,1,,,,,,,,,,,,
2026-03-05T17:38:02.708559-05:00,vsin_dk,draftkings,nba,nba_20260305_toronto_raptors_minnesota_timberwolves,Mar 5,,Toronto Raptors,Minnesota Timberwolves,4.5,38.0,62.0,44.0,56.0,224.5,62.0,38.0,35.0,65.0,17.0,83.0,41.0,59.0,6.0,27.0,False,True,1,,,,,,,,,,,,
2026-03-05T17:38:02.708559-05:00,vsin_dk,draftkings,nba,nba_20260305_chicago_bulls_phoenix_suns,Mar 5,,Chicago Bulls,Phoenix Suns,10.5,51.0,49.0,46.0,54.0,224.5,60.0,40.0,38.0,62.0,9.0,91.0,35.0,65.0,5.0,22.0,False,True,1,,,,,,,,,,,,
2026-03-05T17:38:02.708559-05:00,vsin_dk,draftkings,nba,nba_20260305_los_angeles_lakers_denver_nuggets,Mar 5,,Los Angeles Lakers,Denver Nuggets,4.5,47.0,53.0,53.0,47.0,240.5,35.0,65.0,32.0,68.0,30.0,70.0,53.0,47.0,6.0,3.0,False,False,1,,,,,,,,,,,,
2026-03-05T17:38:02.708559-05:00,vsin_dk,draftkings,nba,nba_20260305_new_orleans_pelicans_sacramento_kings,Mar 5,,New Orleans Pelicans,Sacramento Kings,-5.5,63.0,37.0,87.0,13.0,234.5,41.0,59.0,58.0,42.0,78.0,22.0,67.0,33.0,24.0,17.0,True,True,1,,,,,,,,,,,,
2026-03-05T17:38:02.708559-05:00,vsin_dk,draftkings,nba,nba_20260306_dallas_mavericks_boston_celtics,Mar 6,,Dallas Mavericks,Boston Celtics,15.5,40.0,60.0,28.0,72.0,225.5,33.0,67.0,10.0,90.0,14.0,86.0,37.0,63.0,12.0,23.0,False,True,1,,,,,,,,,,,,
2026-03-05T17:38:23.938602-05:00,vsin_circa,circa,nba,nba_20260305_utah_jazz_washington_wizards,Mar 5,,Utah Jazz,Washington Wizards,4.5,30.0,70.0,2.0,98.0,240.0,44.0,56.0,39.0,61.0,100.0,,100.0,,28.0,5.0,True,False,1,,,,,,,,,,,,
2026-03-05T17:38:23.938602-05:00,vsin_circa,circa,nba,nba_20260305_dallas_mavericks_orlando_magic,Mar 5,,Dallas Mavericks,Orlando Magic,7.5,30.0,70.0,51.0,49.0,230.0,70.0,30.0,6.0,94.0,100.0,,100.0,,21.0,64.0,True,True,1,,,,,,,,,,,,
2026-03-05T17:38:23.938602-05:00,vsin_circa,circa,nba,nba_20260305_golden_state_warriors_houston_rockets,Mar 5,,Golden State Warriors,Houston Rockets,8.5,50.0,50.0,94.0,6.0,213.0,50.0,50.0,13.0,87.0,100.0,,100.0,,44.0,37.0,True,True,1,,,,,,,,,,,,
2026-03-05T17:38:23.938602-05:00,vsin_circa,circa,nba,nba_20260305_brooklyn_nets_miami_heat,Mar 5,,Brooklyn Nets,Miami Heat,12.5,33.0,67.0,99.0,1.0,224.0,40.0,60.0,2.0,98.0,50.0,50.0,,100.0,66.0,38.0,True,True,1,,,,,,,,,,,,
2026-03-05T17:38:23.938602-05:00,vsin_circa,circa,nba,nba_20260305_detroit_pistons_san_antonio_spurs,Mar 5,,Detroit Pistons,San Antonio Spurs,3.5,38.0,62.0,94.0,6.0,228.0,22.0,78.0,2.0,98.0,43.0,57.0,8.0,92.0,56.0,20.0,True,True,1,,,,,,,,,,,,
2026-03-05T17:38:23.938602-05:00,vsin_circa,circa,nba,nba_20260305_toronto_raptors_minnesota_timberwolves,Mar 5,,Toronto Raptors,Minnesota Timberwolves,4.5,57.0,43.0,91.0,9.0,225.0,17.0,83.0,4.0,96.0,100.0,,100.0,,34.0,13.0,True,False,1,,,,,,,,,,,,
2026-03-05T17:38:23.938602-05:00,vsin_circa,circa,nba,nba_20260305_chicago_bulls_phoenix_suns,Mar 5,,Chicago Bulls,Phoenix Suns,10.5,43.0,57.0,66.0,34.0,224.5,29.0,71.0,31.0,69.0,100.0,,100.0,,23.0,2.0,True,False,1,,,,,,,,,,,,
2026-03-05T17:38:23.938602-05:00,vsin_circa,circa,nba,nba_20260305_los_angeles_lakers_denver_nuggets,Mar 5,,Los Angeles Lakers,Denver Nuggets,5.0,38.0,63.0,62.0,38.0,241.0,40.0,60.0,69.0,31.0,67.0,33.0,75.0,25.0,25.0,29.0,True,True,1,,,,,,,,,,,,
2026-03-05T17:38:23.938602-05:00,vsin_circa,circa,nba,nba_20260305_new_orleans_pelicans_sacramento_kings,Mar 5,,New Orleans Pelicans,Sacramento Kings,-5.5,67.0,33.0,8.0,92.0,235.0,67.0,33.0,53.0,47.0,33.0,67.0,99.0,1.0,59.0,14.0,True,False,1,,,,,,,,,,,,
2026-03-05T18:19:02.855608-05:00,vsin_dk,draftkings,nba,nba_20260305_utah_jazz_washington_wizards,Mar 5,,Utah Jazz,Washington Wizards,4.5,51.0,49.0,58.0,42.0,240.5,29.0,71.0,37.0,63.0,42.0,58.0,32.0,68.0,7.0,8.0,False,False,1,,,,,,,,,,,,
2026-03-05T18:19:02.855608-05:00,vsin_dk,draftkings,nba,nba_20260305_dallas_mavericks_orlando_magic,Mar 5,,Dallas Mavericks,Orlando Magic,7.5,38.0,62.0,36.0,64.0,229.5,38.0,62.0,77.0,23.0,12.0,88.0,23.0,77.0,2.0,39.0,False,True,1,,,,,,,,,,,,
2026-03-05T18:19:02.855608-05:00,vsin_dk,draftkings,nba,nba_20260305_golden_state_warriors_houston_rockets,Mar 5,,Golden State Warriors,Houston Rockets,9.5,32.0,68.0,25.0,75.0,214.5,74.0,26.0,67.0,33.0,9.0,91.0,20.0,80.0,7.0,7.0,False,False,1,,,,,,,,,,,,
2026-03-05T18:19:02.855608-05:00,vsin_dk,draftkings,nba,nba_20260305_brooklyn_nets_miami_heat,Mar 5,,Brooklyn Nets,Miami Heat,12.5,33.0,67.0,40.0,60.0,224.5,42.0,58.0,43.0,57.0,7.0,93.0,13.0,87.0,7.0,1.0,False,False,1,,,,,,,,,,,,
2026-03-05T18:19:02.855608-05:00,vsin_dk,draftkings,nba,nba_20260305_detroit_pistons_san_antonio_spurs,Mar 5,,Detroit Pistons,San Antonio Spurs,3.5,49.0,51.0,46.0,54.0,228.5,54.0,46.0,53.0,47.0,35.0,65.0,31.0,69.0,3.0,1.0,False,False,1,,,,,,,,,,,,
2026-03-05T18:19:02.855608-05:00,vsin_dk,draftkings,nba,nba_20260305_toronto_raptors_minnesota_timberwolves,Mar 5,,Toronto Raptors,Minnesota Timberwolves,5.5,38.0,62.0,39.0,61.0,226.5,63.0,37.0,37.0,63.0,17.0,83.0,40.0,60.0,1.0,26.0,False,True,1,,,,,,,,,,,,
2026-03-05T18:19:02.855608-05:00,vsin_dk,draftkings,nba,nba_20260305_chicago_bulls_phoenix_suns,Mar 5,,Chicago Bulls,Phoenix Suns,11.5,51.0,49.0,45.0,55.0,224.5,59.0,41.0,19.0,81.0,9.0,91.0,34.0,66.0,6.0,40.0,False,True,1,,,,,,,,,,,,
2026-03-05T18:19:02.855608-05:00,vsin_dk,draftkings,nba,nba_20260305_los_angeles_lakers_denver_nuggets,Mar 5,,Los Angeles Lakers,Denver Nuggets,4.5,46.0,54.0,59.0,41.0,240.5,36.0,64.0,32.0,68.0,31.0,69.0,56.0,44.0,13.0,4.0,False,False,1,,,,,,,,,,,,
2026-03-05T18:19:02.855608-05:00,vsin_dk,draftkings,nba,nba_20260305_new_orleans_pelicans_sacramento_kings,Mar 5,,New Orleans Pelicans,Sacramento Kings,-5.5,64.0,36.0,83.0,17.0,234.5,42.0,58.0,59.0,41.0,78.0,22.0,68.0,32.0,19.0,17.0,True,True,1,,,,,,,,,,,,
2026-03-05T18:19:02.855608-05:00,vsin_dk,draftkings,nba,nba_20260306_dallas_mavericks_boston_celtics,Mar 6,,Dallas Mavericks,Boston Celtics,15.5,38.0,62.0,61.0,39.0,225.5,27.0,73.0,6.0,94.0,12.0,88.0,19.0,81.0,23.0,21.0,True,True,1,,,,,,,,,,,,
2026-03-05T18:19:23.409165-05:00,vsin_circa,circa,nba,nba_20260305_utah_jazz_washington_wizards,Mar 5,,Utah Jazz,Washington Wizards,4.5,30.0,70.0,2.0,98.0,240.5,44.0,56.0,39.0,61.0,100.0,,100.0,,28.0,5.0,True,False,1,,,,,,,,,,,,
2026-03-05T18:19:23.409165-05:00,vsin_circa,circa,nba,nba_20260305_dallas_mavericks_orlando_magic,Mar 5,,Dallas Mavericks,Orlando Magic,8.0,36.0,64.0,54.0,46.0,229.5,64.0,36.0,3.0,97.0,100.0,,100.0,,18.0,61.0,True,True,1,,,,,,,,,,,,
2026-03-05T18:19:23.409165-05:00,vsin_circa,circa,nba,nba_20260305_golden_state_warriors_houston_rockets,Mar 5,,Golden State Warriors,Houston Rockets,9.5,50.0,50.0,94.0,6.0,214.5,55.0,45.0,22.0,78.0,100.0,,100.0,,44.0,33.0,True,True,1,,,,,,,,,,,,
2026-03-05T18:19:23.409165-05:00,vsin_circa,circa,nba,nba_20260305_brooklyn_nets_miami_heat,Mar 5,,Brooklyn Nets,Miami Heat,12.5,33.0,67.0,99.0,1.0,224.0,40.0,60.0,2.0,98.0,40.0,60.0,,100.0,66.0,38.0,True,True,1,,,,,,,,,,,,
2026-03-05T18:19:23.409165-05:00,vsin_circa,circa,nba,nba_20260305_detroit_pistons_san_antonio_spurs,Mar 5,,Detroit Pistons,San Antonio Spurs,3.5,43.0,57.0,96.0,4.0,229.0,30.0,70.0,48.0,52.0,56.0,44.0,47.0,53.0,53.0,18.0,True,True,1,,,,,,,,,,,,
2026-03-05T18:19:23.409165-05:00,vsin_circa,circa,nba,nba_20260305_toronto_raptors_minnesota_timberwolves,Mar 5,,Toronto Raptors,Minnesota Timberwolves,6.0,63.0,38.0,91.0,9.0,226.0,17.0,83.0,4.0,96.0,100.0,,100.0,,29.0,13.0,True,False,1,,,,,,,,,,,,
2026-03-05T18:19:23.409165-05:00,vsin_circa,circa,nba,nba_20260305_chicago_bulls_phoenix_suns,Mar 5,,Chicago Bulls,Phoenix Suns,11.0,43.0,57.0,66.0,34.0,224.5,29.0,71.0,31.0,69.0,100.0,,100.0,,23.0,2.0,True,False,1,,,,,,,,,,,,
2026-03-05T18:19:23.409165-05:00,vsin_circa,circa,nba,nba_20260305_los_angeles_lakers_denver_nuggets,Mar 5,,Los Angeles Lakers,Denver Nuggets,5.0,41.0,59.0,66.0,34.0,241.0,40.0,60.0,69.0,31.0,67.0,33.0,75.0,25.0,25.0,29.0,True,True,1,,,,,,,,,,,,
2026-03-05T18:19:23.409165-05:00,vsin_circa,circa,nba,nba_20260305_new_orleans_pelicans_sacramento_kings,Mar 5,,New Orleans Pelicans,Sacramento Kings,-5.5,67.0,33.0,8.0,92.0,235.0,67.0,33.0,53.0,47.0,33.0,67.0,99.0,1.0,59.0,14.0,True,False,1,,,,,,,,,,,,
2026-03-05T18:37:19.273538-05:00,vsin_dk,draftkings,nba,nba_20260305_utah_jazz_washington_wizards,Mar 5,,Utah Jazz,Washington Wizards,4.5,51.0,49.0,55.0,45.0,240.5,29.0,71.0,39.0,61.0,41.0,59.0,32.0,68.0,4.0,10.0,False,False,1,,,,,,,,,,,,
2026-03-05T18:37:19.273538-05:00,vsin_dk,draftkings,nba,nba_20260305_dallas_mavericks_orlando_magic,Mar 5,,Dallas Mavericks,Orlando Magic,7.5,38.0,62.0,34.0,66.0,229.5,39.0,61.0,76.0,24.0,12.0,88.0,23.0,77.0,4.0,37.0,False,True,1,,,,,,,,,,,,
2026-03-05T18:37:19.273538-05:00,vsin_dk,draftkings,nba,nba_20260305_golden_state_warriors_houston_rockets,Mar 5,,Golden State Warriors,Houston Rockets,9.5,32.0,68.0,25.0,75.0,214.5,74.0,26.0,62.0,38.0,9.0,91.0,19.0,81.0,7.0,12.0,False,False,1,,,,,,,,,,,,
2026-03-05T18:37:19.273538-05:00,vsin_dk,draftkings,nba,nba_20260305_brooklyn_nets_miami_heat,Mar 5,,Brooklyn Nets,Miami Heat,12.5,33.0,67.0,36.0,64.0,223.5,43.0,57.0,44.0,56.0,7.0,93.0,11.0,89.0,3.0,1.0,False,False,1,,,,,,,,,,,,
2026-03-05T18:37:19.273538-05:00,vsin_dk,draftkings,nba,nba_20260305_detroit_pistons_san_antonio_spurs,Mar 5,,Detroit Pistons,San Antonio Spurs,3.5,49.0,51.0,48.0,52.0,228.5,55.0,45.0,54.0,46.0,35.0,65.0,31.0,69.0,1.0,1.0,False,False,1,,,,,,,,,,,,
2026-03-05T18:37:19.273538-05:00,vsin_dk,draftkings,nba,nba_20260305_toronto_raptors_minnesota_timberwolves,Mar 5,,Toronto Raptors,Minnesota Timberwolves,5.5,38.0,62.0,40.0,60.0,227.5,63.0,37.0,27.0,73.0,17.0,83.0,40.0,60.0,2.0,36.0,False,True,1,,,,,,,,,,,,
2026-03-05T18:37:19.273538-05:00,vsin_dk,draftkings,nba,nba_20260305_chicago_bulls_phoenix_suns,Mar 5,,Chicago Bulls,Phoenix Suns,11.5,51.0,49.0,44.0,56.0,224.5,58.0,42.0,20.0,80.0,9.0,91.0,29.0,71.0,7.0,38.0,False,True,1,,,,,,,,,,,,
2026-03-05T18:37:19.273538-05:00,vsin_dk,draftkings,nba,nba_20260305_los_angeles_lakers_denver_nuggets,Mar 5,,Los Angeles Lakers,Denver Nuggets,4.5,46.0,54.0,58.0,42.0,240.5,36.0,64.0,32.0,68.0,31.0,69.0,57.0,43.0,12.0,4.0,False,False,1,,,,,,,,,,,,
2026-03-05T18:37:19.273538-05:00,vsin_dk,draftkings,nba,nba_20260305_new_orleans_pelicans_sacramento_kings,Mar 5,,New Orleans Pelicans,Sacramento Kings,-5.5,64.0,36.0,84.0,16.0,234.5,43.0,57.0,59.0,41.0,78.0,22.0,69.0,31.0,20.0,16.0,True,True,1,,,,,,,,,,,,
2026-03-05T18:37:19.273538-05:00,vsin_dk,draftkings,nba,nba_20260306_dallas_mavericks_boston_celtics,Mar 6,,Dallas Mavericks,Boston Celtics,15.5,37.0,63.0,47.0,53.0,225.5,28.0,72.0,7.0,93.0,12.0,88.0,19.0,81.0,10.0,21.0,False,True,1,,,,,,,,,,,,
2026-03-05T18:37:39.222379-05:00,vsin_circa,circa,nba,nba_20260305_utah_jazz_washington_wizards,Mar 5,,Utah Jazz,Washington Wizards,4.5,27.0,73.0,2.0,98.0,240.5,44.0,56.0,39.0,61.0,100.0,,100.0,,25.0,5.0,True,False,1,,,,,,,,,,,,
2026-03-05T18:37:39.222379-05:00,vsin_circa,circa,nba,nba_20260305_dallas_mavericks_orlando_magic,Mar 5,,Dallas Mavericks,Orlando Magic,8.0,36.0,64.0,54.0,46.0,229.5,64.0,36.0,3.0,97.0,100.0,,100.0,,18.0,61.0,True,True,1,,,,,,,,,,,,
2026-03-05T18:37:39.222379-05:00,vsin_circa,circa,nba,nba_20260305_golden_state_warriors_houston_rockets,Mar 5,,Golden State Warriors,Houston Rockets,9.5,50.0,50.0,94.0,6.0,214.5,55.0,45.0,22.0,78.0,100.0,,100.0,,44.0,33.0,True,True,1,,,,,,,,,,,,
2026-03-05T18:37:39.222379-05:00,vsin_circa,circa,nba,nba_20260305_brooklyn_nets_miami_heat,Mar 5,,Brooklyn Nets,Miami Heat,12.5,33.0,67.0,99.0,1.0,224.0,40.0,60.0,2.0,98.0,40.0,60.0,,100.0,66.0,38.0,True,True,1,,,,,,,,,,,,
2026-03-05T18:37:39.222379-05:00,vsin_circa,circa,nba,nba_20260305_detroit_pistons_san_antonio_spurs,Mar 5,,Detroit Pistons,San Antonio Spurs,3.5,43.0,57.0,96.0,4.0,229.0,30.0,70.0,48.0,52.0,56.0,44.0,47.0,53.0,53.0,18.0,True,True,1,,,,,,,,,,,,
2026-03-05T18:37:39.222379-05:00,vsin_circa,circa,nba,nba_20260305_toronto_raptors_minnesota_timberwolves,Mar 5,,Toronto Raptors,Minnesota Timberwolves,6.0,63.0,38.0,91.0,9.0,226.0,17.0,83.0,4.0,96.0,100.0,,100.0,,29.0,13.0,True,False,1,,,,,,,,,,,,
2026-03-05T18:37:39.222379-05:00,vsin_circa,circa,nba,nba_20260305_chicago_bulls_phoenix_suns,Mar 5,,Chicago Bulls,Phoenix Suns,11.0,43.0,57.0,66.0,34.0,224.5,29.0,71.0,31.0,69.0,100.0,,100.0,,23.0,2.0,True,False,1,,,,,,,,,,,,
2026-03-05T18:37:39.222379-05:00,vsin_circa,circa,nba,nba_20260305_los_angeles_lakers_denver_nuggets,Mar 5,,Los Angeles Lakers,Denver Nuggets,5.0,41.0,59.0,66.0,34.0,241.0,40.0,60.0,69.0,31.0,71.0,29.0,79.0,21.0,25.0,29.0,True,True,1,,,,,,,,,,,,
2026-03-05T18:37:39.222379-05:00,vsin_circa,circa,nba,nba_20260305_new_orleans_pelicans_sacramento_kings,Mar 5,,New Orleans Pelicans,Sacramento Kings,-5.5,67.0,33.0,8.0,92.0,235.0,67.0,33.0,53.0,47.0,33.0,67.0,99.0,1.0,59.0,14.0,True,False,1,,,,,,,,,,,,
2026-03-05T18:37:19.273538-05:00,vsin_dk,draftkings,nba,nba_20260305_utah_jazz_washington_wizards,Mar 5,,Utah Jazz,Washington Wizards,4.5,51.0,49.0,55.0,45.0,240.5,29.0,71.0,39.0,61.0,41.0,59.0,32.0,68.0,4.0,10.0,False,False,2,0.0,0.0,0.0,0.0,0.0,0.0,0.0,0.0,0.0,0.0,0.0,0.0
2026-03-05T18:37:19.273538-05:00,vsin_dk,draftkings,nba,nba_20260305_dallas_mavericks_orlando_magic,Mar 5,,Dallas Mavericks,Orlando Magic,7.5,38.0,62.0,34.0,66.0,229.5,39.0,61.0,76.0,24.0,12.0,88.0,23.0,77.0,4.0,37.0,False,True,2,0.0,0.0,0.0,0.0,0.0,0.0,0.0,0.0,0.0,0.0,0.0,0.0
2026-03-05T18:37:39.222379-05:00,vsin_circa,circa,nba,nba_20260305_utah_jazz_washington_wizards,Mar 5,,Utah Jazz,Washington Wizards,4.5,27.0,73.0,2.0,98.0,240.5,44.0,56.0,39.0,61.0,100.0,,100.0,,25.0,5.0,True,False,2,0.0,0.0,0.0,0.0,0.0,0.0,0.0,0.0,0.0,0.0,0.0,
2026-03-05T18:37:39.222379-05:00,vsin_circa,circa,nba,nba_20260305_dallas_mavericks_orlando_magic,Mar 5,,Dallas Mavericks,Orlando Magic,8.0,36.0,64.0,54.0,46.0,229.5,64.0,36.0,3.0,97.0,100.0,,100.0,,18.0,61.0,True,True,2,0.0,0.0,0.0,0.0,0.0,0.0,0.0,0.0,0.0,0.0,0.0,
2026-03-05T19:07:32.375568-05:00,vsin_dk,draftkings,nba,nba_20260305_utah_jazz_washington_wizards,Mar 5,,Utah Jazz,Washington Wizards,3.5,50.0,50.0,48.0,52.0,240.5,31.0,69.0,39.0,61.0,40.0,60.0,35.0,65.0,2.0,8.0,False,False,1,,,,,,,,,,,,
2026-03-05T19:07:32.375568-05:00,vsin_dk,draftkings,nba,nba_20260305_dallas_mavericks_orlando_magic,Mar 5,,Dallas Mavericks,Orlando Magic,8.5,38.0,62.0,34.0,66.0,230.5,40.0,60.0,73.0,27.0,13.0,87.0,23.0,77.0,4.0,33.0,False,True,1,,,,,,,,,,,,
2026-03-05T19:07:32.375568-05:00,vsin_dk,draftkings,nba,nba_20260305_golden_state_warriors_houston_rockets,Mar 5,,Golden State Warriors,Houston Rockets,9.5,32.0,68.0,25.0,75.0,214.5,73.0,27.0,64.0,36.0,9.0,91.0,17.0,83.0,7.0,9.0,False,False,1,,,,,,,,,,,,
2026-03-05T19:07:32.375568-05:00,vsin_dk,draftkings,nba,nba_20260305_brooklyn_nets_miami_heat,Mar 5,,Brooklyn Nets,Miami Heat,12.5,32.0,68.0,33.0,67.0,225.5,45.0,55.0,48.0,52.0,7.0,93.0,12.0,88.0,1.0,3.0,False,False,1,,,,,,,,,,,,
2026-03-05T19:07:32.375568-05:00,vsin_dk,draftkings,nba,nba_20260305_detroit_pistons_san_antonio_spurs,Mar 5,,Detroit Pistons,San Antonio Spurs,2.5,48.0,52.0,46.0,54.0,228.5,55.0,45.0,50.0,50.0,35.0,65.0,32.0,68.0,2.0,5.0,False,False,1,,,,,,,,,,,,
2026-03-05T19:07:32.375568-05:00,vsin_dk,draftkings,nba,nba_20260305_toronto_raptors_minnesota_timberwolves,Mar 5,,Toronto Raptors,Minnesota Timberwolves,4.5,39.0,61.0,42.0,58.0,226.5,62.0,38.0,26.0,74.0,17.0,83.0,38.0,62.0,3.0,36.0,False,True,1,,,,,,,,,,,,
2026-03-05T19:07:32.375568-05:00,vsin_dk,draftkings,nba,nba_20260305_chicago_bulls_phoenix_suns,Mar 5,,Chicago Bulls,Phoenix Suns,11.5,52.0,48.0,42.0,58.0,224.5,57.0,43.0,21.0,79.0,9.0,91.0,28.0,72.0,10.0,36.0,False,True,1,,,,,,,,,,,,
2026-03-05T19:07:32.375568-05:00,vsin_dk,draftkings,nba,nba_20260305_los_angeles_lakers_denver_nuggets,Mar 5,,Los Angeles Lakers,Denver Nuggets,4.5,45.0,55.0,55.0,45.0,240.5,38.0,62.0,35.0,65.0,31.0,69.0,56.0,44.0,10.0,3.0,False,False,1,,,,,,,,,,,,
2026-03-05T19:07:32.375568-05:00,vsin_dk,draftkings,nba,nba_20260305_new_orleans_pelicans_sacramento_kings,Mar 5,,New Orleans Pelicans,Sacramento Kings,-5.5,64.0,36.0,84.0,16.0,234.5,44.0,56.0,59.0,41.0,79.0,21.0,67.0,33.0,20.0,15.0,True,True,1,,,,,,,,,,,,
2026-03-05T19:07:32.375568-05:00,vsin_dk,draftkings,nba,nba_20260306_dallas_mavericks_boston_celtics,Mar 6,,Dallas Mavericks,Boston Celtics,15.5,35.0,65.0,46.0,54.0,225.5,24.0,76.0,6.0,94.0,12.0,88.0,21.0,79.0,11.0,18.0,False,True,1,,,,,,,,,,,,
2026-03-05T19:07:52.303567-05:00,vsin_circa,circa,nba,nba_20260305_utah_jazz_washington_wizards,Mar 5,,Utah Jazz,Washington Wizards,4.5,27.0,73.0,2.0,98.0,240.5,44.0,56.0,38.0,62.0,100.0,,100.0,,25.0,6.0,True,False,1,,,,,,,,,,,,
2026-03-05T19:07:52.303567-05:00,vsin_circa,circa,nba,nba_20260305_dallas_mavericks_orlando_magic,Mar 5,,Dallas Mavericks,Orlando Magic,8.0,36.0,64.0,54.0,46.0,231.0,62.0,38.0,37.0,63.0,100.0,,100.0,,18.0,25.0,True,True,1,,,,,,,,,,,,
2026-03-05T19:07:52.303567-05:00,vsin_circa,circa,nba,nba_20260305_golden_state_warriors_houston_rockets,Mar 5,,Golden State Warriors,Houston Rockets,9.5,42.0,58.0,91.0,9.0,214.5,50.0,50.0,21.0,79.0,50.0,50.0,5.0,95.0,49.0,29.0,True,True,1,,,,,,,,,,,,
2026-03-05T19:07:52.303567-05:00,vsin_circa,circa,nba,nba_20260305_brooklyn_nets_miami_heat,Mar 5,,Brooklyn Nets,Miami Heat,12.5,33.0,67.0,99.0,1.0,225.5,57.0,43.0,60.0,40.0,40.0,60.0,,100.0,66.0,3.0,True,False,1,,,,,,,,,,,,
2026-03-05T19:07:52.303567-05:00,vsin_circa,circa,nba,nba_20260305_detroit_pistons_san_antonio_spurs,Mar 5,,Detroit Pistons,San Antonio Spurs,3.5,47.0,53.0,96.0,4.0,229.0,23.0,77.0,45.0,55.0,60.0,40.0,48.0,52.0,49.0,22.0,True,True,1,,,,,,,,,,,,
2026-03-05T19:07:52.303567-05:00,vsin_circa,circa,nba,nba_20260305_toronto_raptors_minnesota_timberwolves,Mar 5,,Toronto Raptors,Minnesota Timberwolves,5.5,67.0,33.0,91.0,9.0,226.0,17.0,83.0,4.0,96.0,100.0,,100.0,,24.0,13.0,True,False,1,,,,,,,,,,,,
2026-03-05T19:07:52.303567-05:00,vsin_circa,circa,nba,nba_20260305_chicago_bulls_phoenix_suns,Mar 5,,Chicago Bulls,Phoenix Suns,11.0,43.0,57.0,66.0,34.0,224.5,29.0,71.0,31.0,69.0,100.0,,100.0,,23.0,2.0,True,False,1,,,,,,,,,,,,
2026-03-05T19:07:52.303567-05:00,vsin_circa,circa,nba,nba_20260305_los_angeles_lakers_denver_nuggets,Mar 5,,Los Angeles Lakers,Denver Nuggets,5.0,44.0,56.0,93.0,7.0,241.0,45.0,55.0,70.0,30.0,71.0,29.0,79.0,21.0,49.0,25.0,True,True,1,,,,,,,,,,,,
2026-03-05T19:07:52.303567-05:00,vsin_circa,circa,nba,nba_20260305_new_orleans_pelicans_sacramento_kings,Mar 5,,New Orleans Pelicans,Sacramento Kings,-5.5,67.0,33.0,8.0,92.0,235.0,67.0,33.0,53.0,47.0,33.0,67.0,99.0,1.0,59.0,14.0,True,False,1,,,,,,,,,,,,
2026-03-05T19:07:32.375568-05:00,vsin_dk,draftkings,nba,nba_20260305_golden_state_warriors_houston_rockets,Mar 5,,Golden State Warriors,Houston Rockets,9.5,32.0,68.0,25.0,75.0,214.5,73.0,27.0,64.0,36.0,9.0,91.0,17.0,83.0,7.0,9.0,False,False,2,0.0,0.0,0.0,0.0,0.0,0.0,0.0,0.0,0.0,0.0,0.0,0.0
2026-03-05T19:07:32.375568-05:00,vsin_dk,draftkings,nba,nba_20260305_brooklyn_nets_miami_heat,Mar 5,,Brooklyn Nets,Miami Heat,12.5,32.0,68.0,33.0,67.0,225.5,45.0,55.0,48.0,52.0,7.0,93.0,12.0,88.0,1.0,3.0,False,False,2,0.0,0.0,0.0,0.0,0.0,0.0,0.0,0.0,0.0,0.0,0.0,0.0
2026-03-05T19:07:52.303567-05:00,vsin_circa,circa,nba,nba_20260305_golden_state_warriors_houston_rockets,Mar 5,,Golden State Warriors,Houston Rockets,9.5,42.0,58.0,91.0,9.0,214.5,50.0,50.0,21.0,79.0,50.0,50.0,5.0,95.0,49.0,29.0,True,True,2,0.0,0.0,0.0,0.0,0.0,0.0,0.0,0.0,0.0,0.0,0.0,0.0
2026-03-05T19:07:52.303567-05:00,vsin_circa,circa,nba,nba_20260305_brooklyn_nets_miami_heat,Mar 5,,Brooklyn Nets,Miami Heat,12.5,33.0,67.0,99.0,1.0,225.5,57.0,43.0,60.0,40.0,40.0,60.0,,100.0,66.0,3.0,True,False,2,0.0,0.0,0.0,0.0,0.0,0.0,0.0,0.0,0.0,0.0,0.0,0.0
2026-03-05T19:38:01.845288-05:00,vsin_dk,draftkings,nba,nba_20260305_utah_jazz_washington_wizards,Mar 5,,Utah Jazz,Washington Wizards,3.5,50.0,50.0,48.0,52.0,240.5,31.0,69.0,39.0,61.0,40.0,60.0,35.0,65.0,2.0,8.0,False,False,1,,,,,,,,,,,,
2026-03-05T19:38:01.845288-05:00,vsin_dk,draftkings,nba,nba_20260305_dallas_mavericks_orlando_magic,Mar 5,,Dallas Mavericks,Orlando Magic,8.5,38.0,62.0,34.0,66.0,230.5,40.0,60.0,73.0,27.0,13.0,87.0,23.0,77.0,4.0,33.0,False,True,1,,,,,,,,,,,,
2026-03-05T19:38:01.845288-05:00,vsin_dk,draftkings,nba,nba_20260305_golden_state_warriors_houston_rockets,Mar 5,,Golden State Warriors,Houston Rockets,9.5,32.0,68.0,25.0,75.0,214.5,73.0,27.0,54.0,46.0,9.0,91.0,15.0,85.0,7.0,19.0,False,True,1,,,,,,,,,,,,
2026-03-05T19:38:01.845288-05:00,vsin_dk,draftkings,nba,nba_20260305_brooklyn_nets_miami_heat,Mar 5,,Brooklyn Nets,Miami Heat,12.5,31.0,69.0,51.0,49.0,225.5,46.0,54.0,48.0,52.0,7.0,93.0,12.0,88.0,20.0,2.0,True,False,1,,,,,,,,,,,,
2026-03-05T19:38:01.845288-05:00,vsin_dk,draftkings,nba,nba_20260305_detroit_pistons_san_antonio_spurs,Mar 5,,Detroit Pistons,San Antonio Spurs,3.5,47.0,53.0,46.0,54.0,227.5,55.0,45.0,49.0,51.0,36.0,64.0,32.0,68.0,1.0,6.0,False,False,1,,,,,,,,,,,,
2026-03-05T19:38:01.845288-05:00,vsin_dk,draftkings,nba,nba_20260305_toronto_raptors_minnesota_timberwolves,Mar 5,,Toronto Raptors,Minnesota Timberwolves,4.5,38.0,62.0,41.0,59.0,226.5,62.0,38.0,35.0,65.0,17.0,83.0,37.0,63.0,3.0,27.0,False,True,1,,,,,,,,,,,,
2026-03-05T19:38:01.845288-05:00,vsin_dk,draftkings,nba,nba_20260305_chicago_bulls_phoenix_suns,Mar 5,,Chicago Bulls,Phoenix Suns,12.5,52.0,48.0,48.0,52.0,223.5,57.0,43.0,24.0,76.0,9.0,91.0,28.0,72.0,4.0,33.0,False,True,1,,,,,,,,,,,,
2026-03-05T19:38:01.845288-05:00,vsin_dk,draftkings,nba,nba_20260305_los_angeles_lakers_denver_nuggets,Mar 5,,Los Angeles Lakers,Denver Nuggets,4.5,45.0,55.0,53.0,47.0,240.5,38.0,62.0,37.0,63.0,31.0,69.0,53.0,47.0,8.0,1.0,False,False,1,,,,,,,,,,,,
2026-03-05T19:38:01.845288-05:00,vsin_dk,draftkings,nba,nba_20260305_new_orleans_pelicans_sacramento_kings,Mar 5,,New Orleans Pelicans,Sacramento Kings,-5.5,64.0,36.0,83.0,17.0,234.5,44.0,56.0,59.0,41.0,79.0,21.0,68.0,32.0,19.0,15.0,True,True,1,,,,,,,,,,,,
2026-03-05T19:38:01.845288-05:00,vsin_dk,draftkings,nba,nba_20260306_dallas_mavericks_boston_celtics,Mar 6,,Dallas Mavericks,Boston Celtics,15.5,36.0,64.0,45.0,55.0,225.5,26.0,74.0,5.0,95.0,13.0,87.0,21.0,79.0,9.0,21.0,False,True,1,,,,,,,,,,,,
2026-03-05T19:38:01.845288-05:00,vsin_dk,draftkings,nba,nba_20260306_new_york_knicks_denver_nuggets,Mar 6,,New York Knicks,Denver Nuggets,-1.5,78.0,22.0,99.0,1.0,232.5,50.0,50.0,35.0,65.0,67.0,33.0,81.0,19.0,21.0,15.0,True,True,1,,,,,,,,,,,,
2026-03-05T19:38:01.845288-05:00,vsin_dk,draftkings,nba,nba_20260306_los_angeles_clippers_san_antonio_spurs,Mar 6,,Los Angeles Clippers,San Antonio Spurs,8.5,100.0,,100.0,,223.5,100.0,,100.0,,23.0,77.0,67.0,33.0,,0.0,,False,1,,,,,,,,,,,,
2026-03-05T19:38:24.835744-05:00,vsin_circa,circa,nba,nba_20260305_utah_jazz_washington_wizards,Mar 5,,Utah Jazz,Washington Wizards,4.5,27.0,73.0,2.0,98.0,240.5,44.0,56.0,38.0,62.0,100.0,,100.0,,25.0,6.0,True,False,1,,,,,,,,,,,,
2026-03-05T19:38:24.835744-05:00,vsin_circa,circa,nba,nba_20260305_dallas_mavericks_orlando_magic,Mar 5,,Dallas Mavericks,Orlando Magic,7.0,43.0,57.0,60.0,40.0,231.0,62.0,38.0,37.0,63.0,100.0,,100.0,,17.0,25.0,True,True,1,,,,,,,,,,,,
2026-03-05T19:38:24.835744-05:00,vsin_circa,circa,nba,nba_20260305_golden_state_warriors_houston_rockets,Mar 5,,Golden State Warriors,Houston Rockets,9.5,46.0,54.0,91.0,9.0,214.0,50.0,50.0,26.0,74.0,50.0,50.0,5.0,95.0,45.0,24.0,True,True,1,,,,,,,,,,,,
2026-03-05T19:38:24.835744-05:00,vsin_circa,circa,nba,nba_20260305_brooklyn_nets_miami_heat,Mar 5,,Brooklyn Nets,Miami Heat,12.5,33.0,67.0,99.0,1.0,225.5,50.0,50.0,57.0,43.0,40.0,60.0,,100.0,66.0,7.0,True,False,1,,,,,,,,,,,,
2026-03-05T19:38:24.835744-05:00,vsin_circa,circa,nba,nba_20260305_detroit_pistons_san_antonio_spurs,Mar 5,,Detroit Pistons,San Antonio Spurs,3.5,47.0,53.0,96.0,4.0,229.0,23.0,77.0,45.0,55.0,55.0,45.0,47.0,53.0,49.0,22.0,True,True,1,,,,,,,,,,,,
2026-03-05T19:38:24.835744-05:00,vsin_circa,circa,nba,nba_20260305_toronto_raptors_minnesota_timberwolves,Mar 5,,Toronto Raptors,Minnesota Timberwolves,5.5,67.0,33.0,91.0,9.0,226.0,29.0,71.0,72.0,28.0,100.0,,100.0,,24.0,43.0,True,True,1,,,,,,,,,,,,
2026-03-05T19:38:24.835744-05:00,vsin_circa,circa,nba,nba_20260305_chicago_bulls_phoenix_suns,Mar 5,,Chicago Bulls,Phoenix Suns,12.5,38.0,63.0,23.0,77.0,223.5,29.0,71.0,31.0,69.0,100.0,,100.0,,14.0,2.0,False,False,1,,,,,,,,,,,,
2026-03-05T19:38:24.835744-05:00,vsin_circa,circa,nba,nba_20260305_los_angeles_lakers_denver_nuggets,Mar 5,,Los Angeles Lakers,Denver Nuggets,5.0,42.0,58.0,93.0,7.0,241.0,40.0,60.0,69.0,31.0,78.0,22.0,87.0,13.0,51.0,29.0,True,True,1,,,,,,,,,,,,
2026-03-05T19:38:24.835744-05:00,vsin_circa,circa,nba,nba_20260305_new_orleans_pelicans_sacramento_kings,Mar 5,,New Orleans Pelicans,Sacramento Kings,-5.5,67.0,33.0,8.0,92.0,235.0,67.0,33.0,53.0,47.0,33.0,67.0,99.0,1.0,59.0,14.0,True,False,1,,,,,,,,,,,,
2026-03-05T19:38:01.845288-05:00,vsin_dk,draftkings,nba,nba_20260305_detroit_pistons_san_antonio_spurs,Mar 5,,Detroit Pistons,San Antonio Spurs,3.5,47.0,53.0,46.0,54.0,227.5,55.0,45.0,49.0,51.0,36.0,64.0,32.0,68.0,1.0,6.0,False,False,2,0.0,0.0,0.0,0.0,0.0,0.0,0.0,0.0,0.0,0.0,0.0,0.0
2026-03-05T19:38:01.845288-05:00,vsin_dk,draftkings,nba,nba_20260305_toronto_raptors_minnesota_timberwolves,Mar 5,,Toronto Raptors,Minnesota Timberwolves,4.5,38.0,62.0,41.0,59.0,226.5,62.0,38.0,35.0,65.0,17.0,83.0,37.0,63.0,3.0,27.0,False,True,2,0.0,0.0,0.0,0.0,0.0,0.0,0.0,0.0,0.0,0.0,0.0,0.0
2026-03-05T19:38:24.835744-05:00,vsin_circa,circa,nba,nba_20260305_detroit_pistons_san_antonio_spurs,Mar 5,,Detroit Pistons,San Antonio Spurs,3.5,47.0,53.0,96.0,4.0,229.0,23.0,77.0,45.0,55.0,55.0,45.0,47.0,53.0,49.0,22.0,True,True,2,0.0,0.0,0.0,0.0,0.0,0.0,0.0,0.0,0.0,0.0,0.0,0.0
2026-03-05T19:38:24.835744-05:00,vsin_circa,circa,nba,nba_20260305_toronto_raptors_minnesota_timberwolves,Mar 5,,Toronto Raptors,Minnesota Timberwolves,5.5,67.0,33.0,91.0,9.0,226.0,29.0,71.0,72.0,28.0,100.0,,100.0,,24.0,43.0,True,True,2,0.0,0.0,0.0,0.0,0.0,0.0,0.0,0.0,0.0,0.0,0.0,
2026-03-05T20:07:20.078515-05:00,vsin_dk,draftkings,nba,nba_20260305_utah_jazz_washington_wizards,Mar 5,,Utah Jazz,Washington Wizards,3.5,50.0,50.0,48.0,52.0,240.5,31.0,69.0,39.0,61.0,40.0,60.0,35.0,65.0,2.0,8.0,False,False,1,,,,,,,,,,,,
2026-03-05T20:07:20.078515-05:00,vsin_dk,draftkings,nba,nba_20260305_dallas_mavericks_orlando_magic,Mar 5,,Dallas Mavericks,Orlando Magic,8.5,38.0,62.0,34.0,66.0,230.5,40.0,60.0,73.0,27.0,13.0,87.0,23.0,77.0,4.0,33.0,False,True,1,,,,,,,,,,,,
2026-03-05T20:07:20.078515-05:00,vsin_dk,draftkings,nba,nba_20260305_golden_state_warriors_houston_rockets,Mar 5,,Golden State Warriors,Houston Rockets,9.5,32.0,68.0,25.0,75.0,214.5,73.0,27.0,54.0,46.0,9.0,91.0,15.0,85.0,7.0,19.0,False,True,1,,,,,,,,,,,,
2026-03-05T20:07:20.078515-05:00,vsin_dk,draftkings,nba,nba_20260305_brooklyn_nets_miami_heat,Mar 5,,Brooklyn Nets,Miami Heat,12.5,31.0,69.0,51.0,49.0,225.5,46.0,54.0,48.0,52.0,7.0,93.0,12.0,88.0,20.0,2.0,True,False,1,,,,,,,,,,,,
2026-03-05T20:07:20.078515-05:00,vsin_dk,draftkings,nba,nba_20260305_toronto_raptors_minnesota_timberwolves,Mar 5,,Toronto Raptors,Minnesota Timberwolves,4.5,38.0,62.0,40.0,60.0,226.5,62.0,38.0,38.0,62.0,17.0,83.0,46.0,54.0,2.0,24.0,False,True,1,,,,,,,,,,,,
2026-03-05T20:07:20.078515-05:00,vsin_dk,draftkings,nba,nba_20260305_detroit_pistons_san_antonio_spurs,Mar 5,,Detroit Pistons,San Antonio Spurs,2.5,47.0,53.0,47.0,53.0,229.5,55.0,45.0,50.0,50.0,36.0,64.0,32.0,68.0,0.0,5.0,False,False,1,,,,,,,,,,,,
2026-03-05T20:07:20.078515-05:00,vsin_dk,draftkings,nba,nba_20260305_chicago_bulls_phoenix_suns,Mar 5,,Chicago Bulls,Phoenix Suns,11.5,52.0,48.0,49.0,51.0,223.5,58.0,42.0,22.0,78.0,9.0,91.0,27.0,73.0,3.0,36.0,False,True,1,,,,,,,,,,,,
2026-03-05T20:07:20.078515-05:00,vsin_dk,draftkings,nba,nba_20260305_los_angeles_lakers_denver_nuggets,Mar 5,,Los Angeles Lakers,Denver Nuggets,4.5,45.0,55.0,52.0,48.0,240.5,39.0,61.0,37.0,63.0,31.0,69.0,53.0,47.0,7.0,2.0,False,False,1,,,,,,,,,,,,
2026-03-05T20:07:20.078515-05:00,vsin_dk,draftkings,nba,nba_20260305_new_orleans_pelicans_sacramento_kings,Mar 5,,New Orleans Pelicans,Sacramento Kings,-5.5,64.0,36.0,83.0,17.0,234.5,45.0,55.0,57.0,43.0,79.0,21.0,68.0,32.0,19.0,12.0,True,False,1,,,,,,,,,,,,
2026-03-05T20:07:20.078515-05:00,vsin_dk,draftkings,nba,nba_20260306_dallas_mavericks_boston_celtics,Mar 6,,Dallas Mavericks,Boston Celtics,15.5,35.0,65.0,45.0,55.0,225.5,27.0,73.0,5.0,95.0,12.0,88.0,22.0,78.0,10.0,22.0,False,True,1,,,,,,,,,,,,
2026-03-05T20:07:20.078515-05:00,vsin_dk,draftkings,nba,nba_20260306_new_york_knicks_denver_nuggets,Mar 6,,New York Knicks,Denver Nuggets,-1.5,67.0,33.0,86.0,14.0,232.5,60.0,40.0,63.0,37.0,73.0,27.0,91.0,9.0,19.0,3.0,True,False,1,,,,,,,,,,,,
2026-03-05T20:07:20.078515-05:00,vsin_dk,draftkings,nba,nba_20260306_los_angeles_clippers_san_antonio_spurs,Mar 6,,Los Angeles Clippers,San Antonio Spurs,8.5,75.0,25.0,91.0,9.0,223.5,100.0,,100.0,,13.0,87.0,55.0,45.0,16.0,0.0,True,False,1,,,,,,,,,,,,
2026-03-05T20:07:40.502099-05:00,vsin_circa,circa,nba,nba_20260305_utah_jazz_washington_wizards,Mar 5,,Utah Jazz,Washington Wizards,4.5,27.0,73.0,2.0,98.0,240.5,44.0,56.0,38.0,62.0,100.0,,100.0,,25.0,6.0,True,False,1,,,,,,,,,,,,
2026-03-05T20:07:40.502099-05:00,vsin_circa,circa,nba,nba_20260305_dallas_mavericks_orlando_magic,Mar 5,,Dallas Mavericks,Orlando Magic,7.0,43.0,57.0,60.0,40.0,231.0,62.0,38.0,37.0,63.0,100.0,,100.0,,17.0,25.0,True,True,1,,,,,,,,,,,,
2026-03-05T20:07:40.502099-05:00,vsin_circa,circa,nba,nba_20260305_golden_state_warriors_houston_rockets,Mar 5,,Golden State Warriors,Houston Rockets,9.5,46.0,54.0,91.0,9.0,214.0,50.0,50.0,26.0,74.0,50.0,50.0,5.0,95.0,45.0,24.0,True,True,1,,,,,,,,,,,,
2026-03-05T20:07:40.502099-05:00,vsin_circa,circa,nba,nba_20260305_brooklyn_nets_miami_heat,Mar 5,,Brooklyn Nets,Miami Heat,12.5,33.0,67.0,99.0,1.0,225.5,50.0,50.0,57.0,43.0,40.0,60.0,,100.0,66.0,7.0,True,False,1,,,,,,,,,,,,
2026-03-05T20:07:40.502099-05:00,vsin_circa,circa,nba,nba_20260305_detroit_pistons_san_antonio_spurs,Mar 5,,Detroit Pistons,San Antonio Spurs,3.5,47.0,53.0,96.0,4.0,229.5,27.0,73.0,60.0,40.0,58.0,42.0,79.0,21.0,49.0,33.0,True,True,1,,,,,,,,,,,,
2026-03-05T20:07:40.502099-05:00,vsin_circa,circa,nba,nba_20260305_toronto_raptors_minnesota_timberwolves,Mar 5,,Toronto Raptors,Minnesota Timberwolves,5.5,60.0,40.0,88.0,12.0,227.0,29.0,71.0,72.0,28.0,100.0,,100.0,,28.0,43.0,True,True,1,,,,,,,,,,,,
2026-03-05T20:07:40.502099-05:00,vsin_circa,circa,nba,nba_20260305_chicago_bulls_phoenix_suns,Mar 5,,Chicago Bulls,Phoenix Suns,12.0,44.0,56.0,53.0,47.0,223.5,29.0,71.0,31.0,69.0,100.0,,100.0,,9.0,2.0,False,False,1,,,,,,,,,,,,
2026-03-05T20:07:40.502099-05:00,vsin_circa,circa,nba,nba_20260305_los_angeles_lakers_denver_nuggets,Mar 5,,Los Angeles Lakers,Denver Nuggets,5.0,42.0,58.0,93.0,7.0,241.0,40.0,60.0,69.0,31.0,80.0,20.0,90.0,10.0,51.0,29.0,True,True,1,,,,,,,,,,,,
2026-03-05T20:07:40.502099-05:00,vsin_circa,circa,nba,nba_20260305_new_orleans_pelicans_sacramento_kings,Mar 5,,New Orleans Pelicans,Sacramento Kings,-5.5,67.0,33.0,8.0,92.0,235.0,67.0,33.0,53.0,47.0,33.0,67.0,99.0,1.0,59.0,14.0,True,False,1,,,,,,,,,,,,
2026-03-05T20:37:30.960472-05:00,vsin_dk,draftkings,nba,nba_20260305_utah_jazz_washington_wizards,Mar 5,,Utah Jazz,Washington Wizards,3.5,50.0,50.0,48.0,52.0,240.5,31.0,69.0,39.0,61.0,40.0,60.0,35.0,65.0,2.0,8.0,False,False,1,,,,,,,,,,,,
2026-03-05T20:37:30.960472-05:00,vsin_dk,draftkings,nba,nba_20260305_dallas_mavericks_orlando_magic,Mar 5,,Dallas Mavericks,Orlando Magic,8.5,38.0,62.0,34.0,66.0,230.5,40.0,60.0,73.0,27.0,13.0,87.0,23.0,77.0,4.0,33.0,False,True,1,,,,,,,,,,,,
2026-03-05T20:37:30.960472-05:00,vsin_dk,draftkings,nba,nba_20260305_golden_state_warriors_houston_rockets,Mar 5,,Golden State Warriors,Houston Rockets,9.5,32.0,68.0,25.0,75.0,214.5,73.0,27.0,54.0,46.0,9.0,91.0,15.0,85.0,7.0,19.0,False,True,1,,,,,,,,,,,,
2026-03-05T20:37:30.960472-05:00,vsin_dk,draftkings,nba,nba_20260305_brooklyn_nets_miami_heat,Mar 5,,Brooklyn Nets,Miami Heat,12.5,31.0,69.0,51.0,49.0,225.5,46.0,54.0,48.0,52.0,7.0,93.0,12.0,88.0,20.0,2.0,True,False,1,,,,,,,,,,,,
2026-03-05T20:37:30.960472-05:00,vsin_dk,draftkings,nba,nba_20260305_detroit_pistons_san_antonio_spurs,Mar 5,,Detroit Pistons,San Antonio Spurs,2.5,46.0,54.0,44.0,56.0,227.5,55.0,45.0,47.0,53.0,36.0,64.0,32.0,68.0,2.0,8.0,False,False,1,,,,,,,,,,,,
2026-03-05T20:37:30.960472-05:00,vsin_dk,draftkings,nba,nba_20260305_toronto_raptors_minnesota_timberwolves,Mar 5,,Toronto Raptors,Minnesota Timberwolves,4.5,38.0,62.0,40.0,60.0,226.5,62.0,38.0,44.0,56.0,17.0,83.0,46.0,54.0,2.0,18.0,False,True,1,,,,,,,,,,,,
2026-03-05T20:37:30.960472-05:00,vsin_dk,draftkings,nba,nba_20260305_chicago_bulls_phoenix_suns,Mar 5,,Chicago Bulls,Phoenix Suns,11.5,52.0,48.0,47.0,53.0,223.5,58.0,42.0,27.0,73.0,9.0,91.0,25.0,75.0,5.0,31.0,False,True,1,,,,,,,,,,,,
2026-03-05T20:37:30.960472-05:00,vsin_dk,draftkings,nba,nba_20260305_los_angeles_lakers_denver_nuggets,Mar 5,,Los Angeles Lakers,Denver Nuggets,3.5,45.0,55.0,51.0,49.0,240.5,39.0,61.0,38.0,62.0,31.0,69.0,52.0,48.0,6.0,1.0,False,False,1,,,,,,,,,,,,
2026-03-05T20:37:30.960472-05:00,vsin_dk,draftkings,nba,nba_20260305_new_orleans_pelicans_sacramento_kings,Mar 5,,New Orleans Pelicans,Sacramento Kings,-5.5,65.0,35.0,83.0,17.0,234.5,45.0,55.0,53.0,47.0,79.0,21.0,67.0,33.0,18.0,8.0,True,False,1,,,,,,,,,,,,
2026-03-05T20:37:30.960472-05:00,vsin_dk,draftkings,nba,nba_20260306_miami_heat_charlotte_hornets,Mar 6,,Miami Heat,Charlotte Hornets,6.5,25.0,75.0,17.0,83.0,230.5,100.0,,100.0,,25.0,75.0,2.0,98.0,8.0,0.0,False,False,1,,,,,,,,,,,,
2026-03-05T20:37:30.960472-05:00,vsin_dk,draftkings,nba,nba_20260306_dallas_mavericks_boston_celtics,Mar 6,,Dallas Mavericks,Boston Celtics,15.5,35.0,65.0,33.0,67.0,225.5,27.0,73.0,5.0,95.0,12.0,88.0,22.0,78.0,2.0,22.0,False,True,1,,,,,,,,,,,,
2026-03-05T20:37:30.960472-05:00,vsin_dk,draftkings,nba,nba_20260306_new_york_knicks_denver_nuggets,Mar 6,,New York Knicks,Denver Nuggets,-1.5,58.0,42.0,83.0,17.0,232.5,60.0,40.0,38.0,62.0,73.0,27.0,64.0,36.0,25.0,22.0,True,True,1,,,,,,,,,,,,
2026-03-05T20:37:30.960472-05:00,vsin_dk,draftkings,nba,nba_20260306_los_angeles_clippers_san_antonio_spurs,Mar 6,,Los Angeles Clippers,San Antonio Spurs,8.5,62.0,38.0,39.0,61.0,223.5,80.0,20.0,100.0,,16.0,84.0,25.0,75.0,23.0,20.0,True,True,1,,,,,,,,,,,,
2026-03-05T20:37:51.459503-05:00,vsin_circa,circa,nba,nba_20260305_utah_jazz_washington_wizards,Mar 5,,Utah Jazz,Washington Wizards,4.5,27.0,73.0,2.0,98.0,240.5,44.0,56.0,38.0,62.0,100.0,,100.0,,25.0,6.0,True,False,1,,,,,,,,,,,,
2026-03-05T20:37:51.459503-05:00,vsin_circa,circa,nba,nba_20260305_dallas_mavericks_orlando_magic,Mar 5,,Dallas Mavericks,Orlando Magic,7.0,43.0,57.0,60.0,40.0,231.0,62.0,38.0,37.0,63.0,100.0,,100.0,,17.0,25.0,True,True,1,,,,,,,,,,,,
2026-03-05T20:37:51.459503-05:00,vsin_circa,circa,nba,nba_20260305_golden_state_warriors_houston_rockets,Mar 5,,Golden State Warriors,Houston Rockets,9.5,46.0,54.0,91.0,9.0,214.0,50.0,50.0,26.0,74.0,50.0,50.0,5.0,95.0,45.0,24.0,True,True,1,,,,,,,,,,,,
2026-03-05T20:37:51.459503-05:00,vsin_circa,circa,nba,nba_20260305_brooklyn_nets_miami_heat,Mar 5,,Brooklyn Nets,Miami Heat,12.5,33.0,67.0,99.0,1.0,225.5,50.0,50.0,57.0,43.0,40.0,60.0,,100.0,66.0,7.0,True,False,1,,,,,,,,,,,,
2026-03-05T20:37:51.459503-05:00,vsin_circa,circa,nba,nba_20260305_toronto_raptors_minnesota_timberwolves,Mar 5,,Toronto Raptors,Minnesota Timberwolves,5.5,60.0,40.0,88.0,12.0,227.0,29.0,71.0,72.0,28.0,100.0,,100.0,,28.0,43.0,True,True,1,,,,,,,,,,,,
2026-03-05T20:37:51.459503-05:00,vsin_circa,circa,nba,nba_20260305_detroit_pistons_san_antonio_spurs,Mar 5,,Detroit Pistons,San Antonio Spurs,3.5,57.0,43.0,96.0,4.0,227.5,28.0,72.0,53.0,47.0,58.0,42.0,79.0,21.0,39.0,25.0,True,True,1,,,,,,,,,,,,
2026-03-05T20:37:51.459503-05:00,vsin_circa,circa,nba,nba_20260305_chicago_bulls_phoenix_suns,Mar 5,,Chicago Bulls,Phoenix Suns,12.0,40.0,60.0,53.0,47.0,223.5,25.0,75.0,8.0,92.0,100.0,,100.0,,13.0,17.0,False,True,1,,,,,,,,,,,,
2026-03-05T20:37:51.459503-05:00,vsin_circa,circa,nba,nba_20260305_los_angeles_lakers_denver_nuggets,Mar 5,,Los Angeles Lakers,Denver Nuggets,4.0,43.0,57.0,98.0,2.0,241.0,40.0,60.0,69.0,31.0,73.0,27.0,89.0,11.0,55.0,29.0,True,True,1,,,,,,,,,,,,
2026-03-05T20:37:51.459503-05:00,vsin_circa,circa,nba,nba_20260305_new_orleans_pelicans_sacramento_kings,Mar 5,,New Orleans Pelicans,Sacramento Kings,-5.5,67.0,33.0,8.0,92.0,235.0,67.0,33.0,53.0,47.0,33.0,67.0,99.0,1.0,59.0,14.0,True,False,1,,,,,,,,,,,,
2026-03-05T20:37:30.960472-05:00,vsin_dk,draftkings,nba,nba_20260305_chicago_bulls_phoenix_suns,Mar 5,,Chicago Bulls,Phoenix Suns,11.5,52.0,48.0,47.0,53.0,223.5,58.0,42.0,27.0,73.0,9.0,91.0,25.0,75.0,5.0,31.0,False,True,2,0.0,0.0,0.0,0.0,0.0,0.0,0.0,0.0,0.0,0.0,0.0,0.0
2026-03-05T20:37:51.459503-05:00,vsin_circa,circa,nba,nba_20260305_chicago_bulls_phoenix_suns,Mar 5,,Chicago Bulls,Phoenix Suns,12.0,40.0,60.0,53.0,47.0,223.5,25.0,75.0,8.0,92.0,100.0,,100.0,,13.0,17.0,False,True,2,0.0,0.0,0.0,0.0,0.0,0.0,0.0,0.0,0.0,0.0,0.0,
2026-03-05T21:07:25.466337-05:00,vsin_dk,draftkings,nba,nba_20260305_utah_jazz_washington_wizards,Mar 5,,Utah Jazz,Washington Wizards,3.5,50.0,50.0,48.0,52.0,240.5,31.0,69.0,39.0,61.0,40.0,60.0,35.0,65.0,2.0,8.0,False,False,1,,,,,,,,,,,,
2026-03-05T21:07:25.466337-05:00,vsin_dk,draftkings,nba,nba_20260305_dallas_mavericks_orlando_magic,Mar 5,,Dallas Mavericks,Orlando Magic,8.5,38.0,62.0,34.0,66.0,230.5,40.0,60.0,73.0,27.0,13.0,87.0,23.0,77.0,4.0,33.0,False,True,1,,,,,,,,,,,,
2026-03-05T21:07:25.466337-05:00,vsin_dk,draftkings,nba,nba_20260305_golden_state_warriors_houston_rockets,Mar 5,,Golden State Warriors,Houston Rockets,9.5,32.0,68.0,25.0,75.0,214.5,73.0,27.0,54.0,46.0,9.0,91.0,15.0,85.0,7.0,19.0,False,True,1,,,,,,,,,,,,
2026-03-05T21:07:25.466337-05:00,vsin_dk,draftkings,nba,nba_20260305_brooklyn_nets_miami_heat,Mar 5,,Brooklyn Nets,Miami Heat,12.5,31.0,69.0,51.0,49.0,225.5,46.0,54.0,48.0,52.0,7.0,93.0,12.0,88.0,20.0,2.0,True,False,1,,,,,,,,,,,,
2026-03-05T21:07:25.466337-05:00,vsin_dk,draftkings,nba,nba_20260305_detroit_pistons_san_antonio_spurs,Mar 5,,Detroit Pistons,San Antonio Spurs,2.5,46.0,54.0,44.0,56.0,227.5,55.0,45.0,47.0,53.0,36.0,64.0,32.0,68.0,2.0,8.0,False,False,1,,,,,,,,,,,,
2026-03-05T21:07:25.466337-05:00,vsin_dk,draftkings,nba,nba_20260305_toronto_raptors_minnesota_timberwolves,Mar 5,,Toronto Raptors,Minnesota Timberwolves,4.5,38.0,62.0,40.0,60.0,226.5,62.0,38.0,44.0,56.0,17.0,83.0,46.0,54.0,2.0,18.0,False,True,1,,,,,,,,,,,,
2026-03-05T21:07:25.466337-05:00,vsin_dk,draftkings,nba,nba_20260305_chicago_bulls_phoenix_suns,Mar 5,,Chicago Bulls,Phoenix Suns,11.5,51.0,49.0,47.0,53.0,223.5,57.0,43.0,35.0,65.0,9.0,91.0,24.0,76.0,4.0,22.0,False,True,1,,,,,,,,,,,,
2026-03-05T21:07:25.466337-05:00,vsin_dk,draftkings,nba,nba_20260305_los_angeles_lakers_denver_nuggets,Mar 5,,Los Angeles Lakers,Denver Nuggets,3.5,44.0,56.0,50.0,50.0,240.5,39.0,61.0,41.0,59.0,32.0,68.0,52.0,48.0,6.0,2.0,False,False,1,,,,,,,,,,,,
2026-03-05T21:07:25.466337-05:00,vsin_dk,draftkings,nba,nba_20260305_new_orleans_pelicans_sacramento_kings,Mar 5,,New Orleans Pelicans,Sacramento Kings,-5.5,65.0,35.0,83.0,17.0,234.5,45.0,55.0,54.0,46.0,79.0,21.0,66.0,34.0,18.0,9.0,True,False,1,,,,,,,,,,,,
2026-03-05T21:07:25.466337-05:00,vsin_dk,draftkings,nba,nba_20260306_miami_heat_charlotte_hornets,Mar 6,,Miami Heat,Charlotte Hornets,6.5,16.0,84.0,,100.0,230.5,67.0,33.0,100.0,,14.0,86.0,42.0,58.0,16.0,33.0,True,True,1,,,,,,,,,,,,
2026-03-05T21:07:25.466337-05:00,vsin_dk,draftkings,nba,nba_20260306_dallas_mavericks_boston_celtics,Mar 6,,Dallas Mavericks,Boston Celtics,15.5,34.0,66.0,32.0,68.0,225.5,27.0,73.0,5.0,95.0,12.0,88.0,19.0,81.0,2.0,22.0,False,True,1,,,,,,,,,,,,
2026-03-05T21:07:25.466337-05:00,vsin_dk,draftkings,nba,nba_20260306_new_york_knicks_denver_nuggets,Mar 6,,New York Knicks,Denver Nuggets,-1.5,60.0,40.0,80.0,20.0,232.5,60.0,40.0,38.0,62.0,63.0,37.0,62.0,38.0,20.0,22.0,True,True,1,,,,,,,,,,,,
2026-03-05T21:07:25.466337-05:00,vsin_dk,draftkings,nba,nba_20260306_los_angeles_clippers_san_antonio_spurs,Mar 6,,Los Angeles Clippers,San Antonio Spurs,8.5,56.0,44.0,67.0,33.0,223.5,75.0,25.0,100.0,,15.0,85.0,24.0,76.0,11.0,25.0,False,True,1,,,,,,,,,,,,
2026-03-05T21:07:45.913755-05:00,vsin_circa,circa,nba,nba_20260305_utah_jazz_washington_wizards,Mar 5,,Utah Jazz,Washington Wizards,4.5,27.0,73.0,2.0,98.0,240.5,44.0,56.0,38.0,62.0,100.0,,100.0,,25.0,6.0,True,False,1,,,,,,,,,,,,
2026-03-05T21:07:45.913755-05:00,vsin_circa,circa,nba,nba_20260305_dallas_mavericks_orlando_magic,Mar 5,,Dallas Mavericks,Orlando Magic,7.0,43.0,57.0,60.0,40.0,231.0,62.0,38.0,37.0,63.0,100.0,,100.0,,17.0,25.0,True,True,1,,,,,,,,,,,,
2026-03-05T21:07:45.913755-05:00,vsin_circa,circa,nba,nba_20260305_golden_state_warriors_houston_rockets,Mar 5,,Golden State Warriors,Houston Rockets,9.5,46.0,54.0,91.0,9.0,214.0,50.0,50.0,26.0,74.0,50.0,50.0,5.0,95.0,45.0,24.0,True,True,1,,,,,,,,,,,,
2026-03-05T21:07:45.913755-05:00,vsin_circa,circa,nba,nba_20260305_brooklyn_nets_miami_heat,Mar 5,,Brooklyn Nets,Miami Heat,12.5,33.0,67.0,99.0,1.0,225.5,50.0,50.0,57.0,43.0,40.0,60.0,,100.0,66.0,7.0,True,False,1,,,,,,,,,,,,
2026-03-05T21:07:45.913755-05:00,vsin_circa,circa,nba,nba_20260305_toronto_raptors_minnesota_timberwolves,Mar 5,,Toronto Raptors,Minnesota Timberwolves,5.5,60.0,40.0,88.0,12.0,227.0,29.0,71.0,72.0,28.0,100.0,,100.0,,28.0,43.0,True,True,1,,,,,,,,,,,,
2026-03-05T21:07:45.913755-05:00,vsin_circa,circa,nba,nba_20260305_detroit_pistons_san_antonio_spurs,Mar 5,,Detroit Pistons,San Antonio Spurs,3.5,57.0,43.0,96.0,4.0,227.5,28.0,72.0,53.0,47.0,58.0,42.0,79.0,21.0,39.0,25.0,True,True,1,,,,,,,,,,,,
2026-03-05T21:07:45.913755-05:00,vsin_circa,circa,nba,nba_20260305_chicago_bulls_phoenix_suns,Mar 5,,Chicago Bulls,Phoenix Suns,11.5,33.0,67.0,52.0,48.0,225.0,25.0,75.0,8.0,92.0,100.0,,100.0,,19.0,17.0,True,True,1,,,,,,,,,,,,
2026-03-05T21:07:45.913755-05:00,vsin_circa,circa,nba,nba_20260305_los_angeles_lakers_denver_nuggets,Mar 5,,Los Angeles Lakers,Denver Nuggets,4.0,43.0,57.0,98.0,2.0,241.0,40.0,60.0,69.0,31.0,73.0,27.0,89.0,11.0,55.0,29.0,True,True,1,,,,,,,,,,,,
2026-03-05T21:07:45.913755-05:00,vsin_circa,circa,nba,nba_20260305_new_orleans_pelicans_sacramento_kings,Mar 5,,New Orleans Pelicans,Sacramento Kings,-5.5,71.0,29.0,11.0,89.0,235.0,67.0,33.0,53.0,47.0,33.0,67.0,99.0,1.0,60.0,14.0,True,False,1,,,,,,,,,,,,
2026-03-05T21:38:00.124510-05:00,vsin_dk,draftkings,nba,nba_20260305_utah_jazz_washington_wizards,Mar 5,,Utah Jazz,Washington Wizards,3.5,50.0,50.0,48.0,52.0,240.5,31.0,69.0,39.0,61.0,40.0,60.0,35.0,65.0,2.0,8.0,False,False,1,,,,,,,,,,,,
2026-03-05T21:38:00.124510-05:00,vsin_dk,draftkings,nba,nba_20260305_dallas_mavericks_orlando_magic,Mar 5,,Dallas Mavericks,Orlando Magic,8.5,38.0,62.0,34.0,66.0,230.5,40.0,60.0,73.0,27.0,13.0,87.0,23.0,77.0,4.0,33.0,False,True,1,,,,,,,,,,,,
2026-03-05T21:38:00.124510-05:00,vsin_dk,draftkings,nba,nba_20260305_golden_state_warriors_houston_rockets,Mar 5,,Golden State Warriors,Houston Rockets,9.5,32.0,68.0,25.0,75.0,214.5,73.0,27.0,54.0,46.0,9.0,91.0,15.0,85.0,7.0,19.0,False,True,1,,,,,,,,,,,,
2026-03-05T21:38:00.124510-05:00,vsin_dk,draftkings,nba,nba_20260305_brooklyn_nets_miami_heat,Mar 5,,Brooklyn Nets,Miami Heat,12.5,31.0,69.0,51.0,49.0,225.5,46.0,54.0,48.0,52.0,7.0,93.0,12.0,88.0,20.0,2.0,True,False,1,,,,,,,,,,,,
2026-03-05T21:38:00.124510-05:00,vsin_dk,draftkings,nba,nba_20260305_detroit_pistons_san_antonio_spurs,Mar 5,,Detroit Pistons,San Antonio Spurs,2.5,46.0,54.0,44.0,56.0,227.5,55.0,45.0,47.0,53.0,36.0,64.0,32.0,68.0,2.0,8.0,False,False,1,,,,,,,,,,,,
2026-03-05T21:38:00.124510-05:00,vsin_dk,draftkings,nba,nba_20260305_toronto_raptors_minnesota_timberwolves,Mar 5,,Toronto Raptors,Minnesota Timberwolves,4.5,38.0,62.0,40.0,60.0,226.5,62.0,38.0,44.0,56.0,17.0,83.0,46.0,54.0,2.0,18.0,False,True,1,,,,,,,,,,,,
2026-03-05T21:38:00.124510-05:00,vsin_dk,draftkings,nba,nba_20260305_chicago_bulls_phoenix_suns,Mar 5,,Chicago Bulls,Phoenix Suns,10.5,51.0,49.0,43.0,57.0,224.5,57.0,43.0,35.0,65.0,10.0,90.0,24.0,76.0,8.0,22.0,False,True,1,,,,,,,,,,,,
2026-03-05T21:38:00.124510-05:00,vsin_dk,draftkings,nba,nba_20260305_los_angeles_lakers_denver_nuggets,Mar 5,,Los Angeles Lakers,Denver Nuggets,4.5,44.0,56.0,47.0,53.0,240.5,39.0,61.0,41.0,59.0,32.0,68.0,50.0,50.0,3.0,2.0,False,False,1,,,,,,,,,,,,
2026-03-05T21:38:00.124510-05:00,vsin_dk,draftkings,nba,nba_20260305_new_orleans_pelicans_sacramento_kings,Mar 5,,New Orleans Pelicans,Sacramento Kings,-6.5,64.0,36.0,81.0,19.0,235.5,46.0,54.0,56.0,44.0,78.0,22.0,65.0,35.0,17.0,10.0,True,False,1,,,,,,,,,,,,
2026-03-05T21:38:00.124510-05:00,vsin_dk,draftkings,nba,nba_20260306_miami_heat_charlotte_hornets,Mar 6,,Miami Heat,Charlotte Hornets,6.5,9.0,91.0,,100.0,230.5,71.0,29.0,98.0,2.0,14.0,86.0,23.0,77.0,9.0,27.0,False,True,1,,,,,,,,,,,,
2026-03-05T21:38:00.124510-05:00,vsin_dk,draftkings,nba,nba_20260306_dallas_mavericks_boston_celtics,Mar 6,,Dallas Mavericks,Boston Celtics,15.5,36.0,64.0,32.0,68.0,225.5,29.0,71.0,5.0,95.0,12.0,88.0,18.0,82.0,4.0,24.0,False,True,1,,,,,,,,,,,,
2026-03-05T21:38:00.124510-05:00,vsin_dk,draftkings,nba,nba_20260306_portland_trailblazers_houston_rockets,Mar 6,,Portland Trailblazers,Houston Rockets,7.5,45.0,55.0,11.0,89.0,223.5,20.0,80.0,5.0,95.0,18.0,82.0,2.0,98.0,34.0,15.0,True,True,1,,,,,,,,,,,,
2026-03-05T21:38:00.124510-05:00,vsin_dk,draftkings,nba,nba_20260306_new_york_knicks_denver_nuggets,Mar 6,,New York Knicks,Denver Nuggets,-1.5,57.0,43.0,84.0,16.0,232.5,53.0,47.0,20.0,80.0,63.0,37.0,64.0,36.0,27.0,33.0,True,True,1,,,,,,,,,,,,
2026-03-05T21:38:00.124510-05:00,vsin_dk,draftkings,nba,nba_20260306_los_angeles_clippers_san_antonio_spurs,Mar 6,,Los Angeles Clippers,San Antonio Spurs,8.5,59.0,41.0,73.0,27.0,223.5,79.0,21.0,100.0,,13.0,87.0,6.0,94.0,14.0,21.0,False,True,1,,,,,,,,,,,,
2026-03-05T21:38:22.359493-05:00,vsin_circa,circa,nba,nba_20260305_utah_jazz_washington_wizards,Mar 5,,Utah Jazz,Washington Wizards,4.5,27.0,73.0,2.0,98.0,240.5,44.0,56.0,38.0,62.0,100.0,,100.0,,25.0,6.0,True,False,1,,,,,,,,,,,,
2026-03-05T21:38:22.359493-05:00,vsin_circa,circa,nba,nba_20260305_dallas_mavericks_orlando_magic,Mar 5,,Dallas Mavericks,Orlando Magic,7.0,43.0,57.0,60.0,40.0,231.0,62.0,38.0,37.0,63.0,100.0,,100.0,,17.0,25.0,True,True,1,,,,,,,,,,,,
2026-03-05T21:38:22.359493-05:00,vsin_circa,circa,nba,nba_20260305_golden_state_warriors_houston_rockets,Mar 5,,Golden State Warriors,Houston Rockets,9.5,46.0,54.0,91.0,9.0,214.0,50.0,50.0,26.0,74.0,50.0,50.0,5.0,95.0,45.0,24.0,True,True,1,,,,,,,,,,,,
2026-03-05T21:38:22.359493-05:00,vsin_circa,circa,nba,nba_20260305_brooklyn_nets_miami_heat,Mar 5,,Brooklyn Nets,Miami Heat,12.5,33.0,67.0,99.0,1.0,225.5,50.0,50.0,57.0,43.0,40.0,60.0,,100.0,66.0,7.0,True,False,1,,,,,,,,,,,,
2026-03-05T21:38:22.359493-05:00,vsin_circa,circa,nba,nba_20260305_toronto_raptors_minnesota_timberwolves,Mar 5,,Toronto Raptors,Minnesota Timberwolves,5.5,60.0,40.0,88.0,12.0,227.0,29.0,71.0,72.0,28.0,100.0,,100.0,,28.0,43.0,True,True,1,,,,,,,,,,,,
2026-03-05T21:38:22.359493-05:00,vsin_circa,circa,nba,nba_20260305_detroit_pistons_san_antonio_spurs,Mar 5,,Detroit Pistons,San Antonio Spurs,3.5,57.0,43.0,96.0,4.0,227.5,28.0,72.0,53.0,47.0,58.0,42.0,79.0,21.0,39.0,25.0,True,True,1,,,,,,,,,,,,
2026-03-05T21:38:22.359493-05:00,vsin_circa,circa,nba,nba_20260305_chicago_bulls_phoenix_suns,Mar 5,,Chicago Bulls,Phoenix Suns,10.5,38.0,63.0,52.0,48.0,225.0,33.0,67.0,89.0,11.0,100.0,,100.0,,15.0,56.0,True,True,1,,,,,,,,,,,,
2026-03-05T21:38:22.359493-05:00,vsin_circa,circa,nba,nba_20260305_los_angeles_lakers_denver_nuggets,Mar 5,,Los Angeles Lakers,Denver Nuggets,4.0,46.0,54.0,98.0,2.0,241.0,38.0,62.0,59.0,41.0,77.0,23.0,89.0,11.0,52.0,21.0,True,True,1,,,,,,,,,,,,
2026-03-05T21:38:22.359493-05:00,vsin_circa,circa,nba,nba_20260305_new_orleans_pelicans_sacramento_kings,Mar 5,,New Orleans Pelicans,Sacramento Kings,-6.5,67.0,33.0,6.0,94.0,236.0,67.0,33.0,53.0,47.0,50.0,50.0,99.0,1.0,61.0,14.0,True,False,1,,,,,,,,,,,,
2026-03-05T21:38:00.124510-05:00,vsin_dk,draftkings,nba,nba_20260305_los_angeles_lakers_denver_nuggets,Mar 5,,Los Angeles Lakers,Denver Nuggets,4.5,44.0,56.0,47.0,53.0,240.5,39.0,61.0,41.0,59.0,32.0,68.0,50.0,50.0,3.0,2.0,False,False,2,0.0,0.0,0.0,0.0,0.0,0.0,0.0,0.0,0.0,0.0,0.0,0.0
2026-03-05T21:38:00.124510-05:00,vsin_dk,draftkings,nba,nba_20260305_new_orleans_pelicans_sacramento_kings,Mar 5,,New Orleans Pelicans,Sacramento Kings,-6.5,64.0,36.0,81.0,19.0,235.5,46.0,54.0,56.0,44.0,78.0,22.0,65.0,35.0,17.0,10.0,True,False,2,0.0,0.0,0.0,0.0,0.0,0.0,0.0,0.0,0.0,0.0,0.0,0.0
2026-03-05T21:38:22.359493-05:00,vsin_circa,circa,nba,nba_20260305_los_angeles_lakers_denver_nuggets,Mar 5,,Los Angeles Lakers,Denver Nuggets,4.0,46.0,54.0,98.0,2.0,241.0,38.0,62.0,59.0,41.0,77.0,23.0,89.0,11.0,52.0,21.0,True,True,2,0.0,0.0,0.0,0.0,0.0,0.0,0.0,0.0,0.0,0.0,0.0,0.0
2026-03-05T21:38:22.359493-05:00,vsin_circa,circa,nba,nba_20260305_new_orleans_pelicans_sacramento_kings,Mar 5,,New Orleans Pelicans,Sacramento Kings,-6.5,67.0,33.0,6.0,94.0,236.0,67.0,33.0,53.0,47.0,50.0,50.0,99.0,1.0,61.0,14.0,True,False,2,0.0,0.0,0.0,0.0,0.0,0.0,0.0,0.0,0.0,0.0,0.0,0.0
2026-03-05T22:07:42.297510-05:00,vsin_dk,draftkings,nba,nba_20260305_utah_jazz_washington_wizards,Mar 5,,Utah Jazz,Washington Wizards,3.5,50.0,50.0,48.0,52.0,240.5,31.0,69.0,39.0,61.0,40.0,60.0,35.0,65.0,2.0,8.0,False,False,1,,,,,,,,,,,,
2026-03-05T22:07:42.297510-05:00,vsin_dk,draftkings,nba,nba_20260305_dallas_mavericks_orlando_magic,Mar 5,,Dallas Mavericks,Orlando Magic,8.5,38.0,62.0,34.0,66.0,230.5,40.0,60.0,73.0,27.0,13.0,87.0,23.0,77.0,4.0,33.0,False,True,1,,,,,,,,,,,,
2026-03-05T22:07:42.297510-05:00,vsin_dk,draftkings,nba,nba_20260305_golden_state_warriors_houston_rockets,Mar 5,,Golden State Warriors,Houston Rockets,9.5,32.0,68.0,25.0,75.0,214.5,73.0,27.0,54.0,46.0,9.0,91.0,15.0,85.0,7.0,19.0,False,True,1,,,,,,,,,,,,
2026-03-05T22:07:42.297510-05:00,vsin_dk,draftkings,nba,nba_20260305_brooklyn_nets_miami_heat,Mar 5,,Brooklyn Nets,Miami Heat,12.5,31.0,69.0,51.0,49.0,225.5,46.0,54.0,48.0,52.0,7.0,93.0,12.0,88.0,20.0,2.0,True,False,1,,,,,,,,,,,,
2026-03-05T22:07:42.297510-05:00,vsin_dk,draftkings,nba,nba_20260305_detroit_pistons_san_antonio_spurs,Mar 5,,Detroit Pistons,San Antonio Spurs,2.5,46.0,54.0,44.0,56.0,227.5,55.0,45.0,47.0,53.0,36.0,64.0,32.0,68.0,2.0,8.0,False,False,1,,,,,,,,,,,,
2026-03-05T22:07:42.297510-05:00,vsin_dk,draftkings,nba,nba_20260305_toronto_raptors_minnesota_timberwolves,Mar 5,,Toronto Raptors,Minnesota Timberwolves,4.5,38.0,62.0,40.0,60.0,226.5,62.0,38.0,44.0,56.0,17.0,83.0,46.0,54.0,2.0,18.0,False,True,1,,,,,,,,,,,,
2026-03-05T22:07:42.297510-05:00,vsin_dk,draftkings,nba,nba_20260305_chicago_bulls_phoenix_suns,Mar 5,,Chicago Bulls,Phoenix Suns,10.5,51.0,49.0,43.0,57.0,224.5,57.0,43.0,35.0,65.0,10.0,90.0,24.0,76.0,8.0,22.0,False,True,1,,,,,,,,,,,,
2026-03-05T22:07:42.297510-05:00,vsin_dk,draftkings,nba,nba_20260305_los_angeles_lakers_denver_nuggets,Mar 5,,Los Angeles Lakers,Denver Nuggets,3.5,43.0,57.0,52.0,48.0,240.5,39.0,61.0,39.0,61.0,33.0,67.0,51.0,49.0,9.0,0.0,False,False,1,,,,,,,,,,,,
2026-03-05T22:07:42.297510-05:00,vsin_dk,draftkings,nba,nba_20260305_new_orleans_pelicans_sacramento_kings,Mar 5,,New Orleans Pelicans,Sacramento Kings,-6.5,64.0,36.0,76.0,24.0,236.5,46.0,54.0,61.0,39.0,78.0,22.0,64.0,36.0,12.0,15.0,False,True,1,,,,,,,,,,,,
2026-03-05T22:07:42.297510-05:00,vsin_dk,draftkings,nba,nba_20260306_miami_heat_charlotte_hornets,Mar 6,,Miami Heat,Charlotte Hornets,6.5,17.0,83.0,1.0,99.0,230.5,65.0,35.0,62.0,38.0,19.0,81.0,57.0,43.0,16.0,3.0,True,False,1,,,,,,,,,,,,
2026-03-05T22:07:42.297510-05:00,vsin_dk,draftkings,nba,nba_20260306_dallas_mavericks_boston_celtics,Mar 6,,Dallas Mavericks,Boston Celtics,14.5,37.0,63.0,30.0,70.0,223.5,32.0,68.0,5.0,95.0,13.0,87.0,19.0,81.0,7.0,27.0,False,True,1,,,,,,,,,,,,
2026-03-05T22:07:42.297510-05:00,vsin_dk,draftkings,nba,nba_20260306_portland_trailblazers_houston_rockets,Mar 6,,Portland Trailblazers,Houston Rockets,6.5,50.0,50.0,40.0,60.0,221.5,42.0,58.0,2.0,98.0,20.0,80.0,16.0,84.0,10.0,40.0,False,True,1,,,,,,,,,,,,
2026-03-05T22:07:42.297510-05:00,vsin_dk,draftkings,nba,nba_20260306_new_orleans_pelicans_phoenix_suns,Mar 6,,New Orleans Pelicans,Phoenix Suns,5.5,38.0,63.0,2.0,98.0,225.5,67.0,33.0,49.0,51.0,37.0,63.0,2.0,98.0,35.0,18.0,True,True,1,,,,,,,,,,,,
2026-03-05T22:07:42.297510-05:00,vsin_dk,draftkings,nba,nba_20260306_new_york_knicks_denver_nuggets,Mar 6,,New York Knicks,Denver Nuggets,1.5,56.0,44.0,77.0,23.0,229.5,65.0,35.0,47.0,53.0,59.0,41.0,60.0,40.0,21.0,18.0,True,True,1,,,,,,,,,,,,
2026-03-05T22:07:42.297510-05:00,vsin_dk,draftkings,nba,nba_20260306_los_angeles_clippers_san_antonio_spurs,Mar 6,,Los Angeles Clippers,San Antonio Spurs,8.5,51.0,49.0,71.0,29.0,223.5,81.0,19.0,99.0,1.0,14.0,86.0,10.0,90.0,20.0,18.0,True,True,1,,,,,,,,,,,,
2026-03-05T22:08:03.548409-05:00,vsin_circa,circa,nba,nba_20260305_utah_jazz_washington_wizards,Mar 5,,Utah Jazz,Washington Wizards,4.5,27.0,73.0,2.0,98.0,240.5,44.0,56.0,38.0,62.0,100.0,,100.0,,25.0,6.0,True,False,1,,,,,,,,,,,,
2026-03-05T22:08:03.548409-05:00,vsin_circa,circa,nba,nba_20260305_dallas_mavericks_orlando_magic,Mar 5,,Dallas Mavericks,Orlando Magic,7.0,43.0,57.0,60.0,40.0,231.0,62.0,38.0,37.0,63.0,100.0,,100.0,,17.0,25.0,True,True,1,,,,,,,,,,,,
2026-03-05T22:08:03.548409-05:00,vsin_circa,circa,nba,nba_20260305_golden_state_warriors_houston_rockets,Mar 5,,Golden State Warriors,Houston Rockets,9.5,46.0,54.0,91.0,9.0,214.0,50.0,50.0,26.0,74.0,50.0,50.0,5.0,95.0,45.0,24.0,True,True,1,,,,,,,,,,,,
2026-03-05T22:08:03.548409-05:00,vsin_circa,circa,nba,nba_20260305_brooklyn_nets_miami_heat,Mar 5,,Brooklyn Nets,Miami Heat,12.5,33.0,67.0,99.0,1.0,225.5,50.0,50.0,57.0,43.0,40.0,60.0,,100.0,66.0,7.0,True,False,1,,,,,,,,,,,,
2026-03-05T22:08:03.548409-05:00,vsin_circa,circa,nba,nba_20260305_toronto_raptors_minnesota_timberwolves,Mar 5,,Toronto Raptors,Minnesota Timberwolves,5.5,60.0,40.0,88.0,12.0,227.0,29.0,71.0,72.0,28.0,100.0,,100.0,,28.0,43.0,True,True,1,,,,,,,,,,,,
2026-03-05T22:08:03.548409-05:00,vsin_circa,circa,nba,nba_20260305_detroit_pistons_san_antonio_spurs,Mar 5,,Detroit Pistons,San Antonio Spurs,3.5,57.0,43.0,96.0,4.0,227.5,28.0,72.0,53.0,47.0,58.0,42.0,79.0,21.0,39.0,25.0,True,True,1,,,,,,,,,,,,
2026-03-05T22:08:03.548409-05:00,vsin_circa,circa,nba,nba_20260305_chicago_bulls_phoenix_suns,Mar 5,,Chicago Bulls,Phoenix Suns,10.5,38.0,63.0,52.0,48.0,225.0,33.0,67.0,89.0,11.0,100.0,,100.0,,15.0,56.0,True,True,1,,,,,,,,,,,,
2026-03-05T22:08:03.548409-05:00,vsin_circa,circa,nba,nba_20260305_los_angeles_lakers_denver_nuggets,Mar 5,,Los Angeles Lakers,Denver Nuggets,4.0,50.0,50.0,99.0,1.0,241.0,44.0,56.0,57.0,43.0,80.0,20.0,99.0,1.0,49.0,13.0,True,False,1,,,,,,,,,,,,
2026-03-05T22:08:03.548409-05:00,vsin_circa,circa,nba,nba_20260305_new_orleans_pelicans_sacramento_kings,Mar 5,,New Orleans Pelicans,Sacramento Kings,-7.0,70.0,30.0,9.0,91.0,236.0,67.0,33.0,53.0,47.0,60.0,40.0,99.0,1.0,61.0,14.0,True,False,1,,,,,,,,,,,,
2026-03-05T22:37:41.148492-05:00,vsin_dk,draftkings,nba,nba_20260305_utah_jazz_washington_wizards,Mar 5,,Utah Jazz,Washington Wizards,3.5,50.0,50.0,48.0,52.0,240.5,31.0,69.0,39.0,61.0,40.0,60.0,35.0,65.0,2.0,8.0,False,False,1,,,,,,,,,,,,
2026-03-05T22:37:41.148492-05:00,vsin_dk,draftkings,nba,nba_20260305_dallas_mavericks_orlando_magic,Mar 5,,Dallas Mavericks,Orlando Magic,8.5,38.0,62.0,34.0,66.0,230.5,40.0,60.0,73.0,27.0,13.0,87.0,23.0,77.0,4.0,33.0,False,True,1,,,,,,,,,,,,
2026-03-05T22:37:41.148492-05:00,vsin_dk,draftkings,nba,nba_20260305_golden_state_warriors_houston_rockets,Mar 5,,Golden State Warriors,Houston Rockets,9.5,32.0,68.0,25.0,75.0,214.5,73.0,27.0,54.0,46.0,9.0,91.0,15.0,85.0,7.0,19.0,False,True,1,,,,,,,,,,,,
2026-03-05T22:37:41.148492-05:00,vsin_dk,draftkings,nba,nba_20260305_brooklyn_nets_miami_heat,Mar 5,,Brooklyn Nets,Miami Heat,12.5,31.0,69.0,51.0,49.0,225.5,46.0,54.0,48.0,52.0,7.0,93.0,12.0,88.0,20.0,2.0,True,False,1,,,,,,,,,,,,
2026-03-05T22:37:41.148492-05:00,vsin_dk,draftkings,nba,nba_20260305_detroit_pistons_san_antonio_spurs,Mar 5,,Detroit Pistons,San Antonio Spurs,2.5,46.0,54.0,44.0,56.0,227.5,55.0,45.0,47.0,53.0,36.0,64.0,32.0,68.0,2.0,8.0,False,False,1,,,,,,,,,,,,
2026-03-05T22:37:41.148492-05:00,vsin_dk,draftkings,nba,nba_20260305_toronto_raptors_minnesota_timberwolves,Mar 5,,Toronto Raptors,Minnesota Timberwolves,4.5,38.0,62.0,40.0,60.0,226.5,62.0,38.0,44.0,56.0,17.0,83.0,46.0,54.0,2.0,18.0,False,True,1,,,,,,,,,,,,
2026-03-05T22:37:41.148492-05:00,vsin_dk,draftkings,nba,nba_20260305_chicago_bulls_phoenix_suns,Mar 5,,Chicago Bulls,Phoenix Suns,10.5,51.0,49.0,43.0,57.0,224.5,57.0,43.0,35.0,65.0,10.0,90.0,24.0,76.0,8.0,22.0,False,True,1,,,,,,,,,,,,
2026-03-05T22:37:41.148492-05:00,vsin_dk,draftkings,nba,nba_20260305_los_angeles_lakers_denver_nuggets,Mar 5,,Los Angeles Lakers,Denver Nuggets,3.5,43.0,57.0,52.0,48.0,240.5,39.0,61.0,39.0,61.0,33.0,67.0,51.0,49.0,9.0,0.0,False,False,1,,,,,,,,,,,,
2026-03-05T22:37:41.148492-05:00,vsin_dk,draftkings,nba,nba_20260305_new_orleans_pelicans_sacramento_kings,Mar 5,,New Orleans Pelicans,Sacramento Kings,-6.5,64.0,36.0,76.0,24.0,236.5,46.0,54.0,61.0,39.0,78.0,22.0,65.0,35.0,12.0,15.0,False,True,1,,,,,,,,,,,,
2026-03-05T22:37:41.148492-05:00,vsin_dk,draftkings,nba,nba_20260306_miami_heat_charlotte_hornets,Mar 6,,Miami Heat,Charlotte Hornets,6.5,24.0,76.0,7.0,93.0,230.5,59.0,41.0,38.0,62.0,17.0,83.0,45.0,55.0,17.0,21.0,True,True,1,,,,,,,,,,,,
2026-03-05T22:37:41.148492-05:00,vsin_dk,draftkings,nba,nba_20260306_dallas_mavericks_boston_celtics,Mar 6,,Dallas Mavericks,Boston Celtics,14.5,36.0,64.0,30.0,70.0,223.5,35.0,65.0,6.0,94.0,15.0,85.0,25.0,75.0,6.0,29.0,False,True,1,,,,,,,,,,,,
2026-03-05T22:37:41.148492-05:00,vsin_dk,draftkings,nba,nba_20260306_portland_trailblazers_houston_rockets,Mar 6,,Portland Trailblazers,Houston Rockets,6.5,47.0,53.0,56.0,44.0,221.5,62.0,38.0,6.0,94.0,19.0,81.0,33.0,67.0,9.0,56.0,False,True,1,,,,,,,,,,,,
2026-03-05T22:37:41.148492-05:00,vsin_dk,draftkings,nba,nba_20260306_new_orleans_pelicans_phoenix_suns,Mar 6,,New Orleans Pelicans,Phoenix Suns,5.5,39.0,61.0,12.0,88.0,225.5,67.0,33.0,82.0,18.0,23.0,77.0,11.0,89.0,27.0,15.0,True,True,1,,,,,,,,,,,,
2026-03-05T22:37:41.148492-05:00,vsin_dk,draftkings,nba,nba_20260306_new_york_knicks_denver_nuggets,Mar 6,,New York Knicks,Denver Nuggets,1.5,53.0,47.0,72.0,28.0,229.5,69.0,31.0,64.0,36.0,55.0,45.0,59.0,41.0,19.0,5.0,True,False,1,,,,,,,,,,,,
2026-03-05T22:37:41.148492-05:00,vsin_dk,draftkings,nba,nba_20260306_los_angeles_clippers_san_antonio_spurs,Mar 6,,Los Angeles Clippers,San Antonio Spurs,8.5,55.0,45.0,85.0,15.0,223.5,82.0,18.0,99.0,1.0,18.0,82.0,16.0,84.0,30.0,17.0,True,True,1,,,,,,,,,,,,
2026-03-05T22:38:01.815565-05:00,vsin_circa,circa,nba,nba_20260305_utah_jazz_washington_wizards,Mar 5,,Utah Jazz,Washington Wizards,4.5,27.0,73.0,2.0,98.0,240.5,44.0,56.0,38.0,62.0,100.0,,100.0,,25.0,6.0,True,False,1,,,,,,,,,,,,
2026-03-05T22:38:01.815565-05:00,vsin_circa,circa,nba,nba_20260305_dallas_mavericks_orlando_magic,Mar 5,,Dallas Mavericks,Orlando Magic,7.0,43.0,57.0,60.0,40.0,231.0,62.0,38.0,37.0,63.0,100.0,,100.0,,17.0,25.0,True,True,1,,,,,,,,,,,,
2026-03-05T22:38:01.815565-05:00,vsin_circa,circa,nba,nba_20260305_golden_state_warriors_houston_rockets,Mar 5,,Golden State Warriors,Houston Rockets,9.5,46.0,54.0,91.0,9.0,214.0,50.0,50.0,26.0,74.0,50.0,50.0,5.0,95.0,45.0,24.0,True,True,1,,,,,,,,,,,,
2026-03-05T22:38:01.815565-05:00,vsin_circa,circa,nba,nba_20260305_brooklyn_nets_miami_heat,Mar 5,,Brooklyn Nets,Miami Heat,12.5,33.0,67.0,99.0,1.0,225.5,50.0,50.0,57.0,43.0,40.0,60.0,,100.0,66.0,7.0,True,False,1,,,,,,,,,,,,
2026-03-05T22:38:01.815565-05:00,vsin_circa,circa,nba,nba_20260305_toronto_raptors_minnesota_timberwolves,Mar 5,,Toronto Raptors,Minnesota Timberwolves,5.5,60.0,40.0,88.0,12.0,227.0,29.0,71.0,72.0,28.0,100.0,,100.0,,28.0,43.0,True,True,1,,,,,,,,,,,,
2026-03-05T22:38:01.815565-05:00,vsin_circa,circa,nba,nba_20260305_detroit_pistons_san_antonio_spurs,Mar 5,,Detroit Pistons,San Antonio Spurs,3.5,57.0,43.0,96.0,4.0,227.5,28.0,72.0,53.0,47.0,58.0,42.0,79.0,21.0,39.0,25.0,True,True,1,,,,,,,,,,,,
2026-03-05T22:38:01.815565-05:00,vsin_circa,circa,nba,nba_20260305_chicago_bulls_phoenix_suns,Mar 5,,Chicago Bulls,Phoenix Suns,10.5,38.0,63.0,52.0,48.0,225.0,33.0,67.0,89.0,11.0,100.0,,100.0,,15.0,56.0,True,True,1,,,,,,,,,,,,
2026-03-05T22:38:01.815565-05:00,vsin_circa,circa,nba,nba_20260305_los_angeles_lakers_denver_nuggets,Mar 5,,Los Angeles Lakers,Denver Nuggets,4.0,50.0,50.0,99.0,1.0,241.0,44.0,56.0,57.0,43.0,80.0,20.0,99.0,1.0,49.0,13.0,True,False,1,,,,,,,,,,,,
2026-03-05T22:38:01.815565-05:00,vsin_circa,circa,nba,nba_20260305_new_orleans_pelicans_sacramento_kings,Mar 5,,New Orleans Pelicans,Sacramento Kings,-7.0,70.0,30.0,9.0,91.0,236.0,67.0,33.0,53.0,47.0,60.0,40.0,99.0,1.0,61.0,14.0,True,False,1,,,,,,,,,,,,
2026-03-05T22:38:01.815565-05:00,vsin_circa,circa,nba,nba_20260306_miami_heat_charlotte_hornets,Mar 6,,Miami Heat,Charlotte Hornets,6.5,50.0,50.0,50.0,50.0,230.5,50.0,50.0,50.0,50.0,50.0,50.0,50.0,50.0,0.0,0.0,False,False,1,,,,,,,,,,,,
2026-03-05T22:38:01.815565-05:00,vsin_circa,circa,nba,nba_20260306_dallas_mavericks_boston_celtics,Mar 6,,Dallas Mavericks,Boston Celtics,15.0,50.0,50.0,50.0,50.0,223.5,50.0,50.0,50.0,50.0,50.0,50.0,50.0,50.0,0.0,0.0,False,False,1,,,,,,,,,,,,
2026-03-05T22:38:01.815565-05:00,vsin_circa,circa,nba,nba_20260306_portland_trailblazers_houston_rockets,Mar 6,,Portland Trailblazers,Houston Rockets,6.5,50.0,50.0,50.0,50.0,222.0,50.0,50.0,50.0,50.0,50.0,50.0,50.0,50.0,0.0,0.0,False,False,1,,,,,,,,,,,,
2026-03-05T22:38:01.815565-05:00,vsin_circa,circa,nba,nba_20260306_new_orleans_pelicans_phoenix_suns,Mar 6,,New Orleans Pelicans,Phoenix Suns,6.0,50.0,50.0,50.0,50.0,225.5,50.0,50.0,50.0,50.0,50.0,50.0,50.0,50.0,0.0,0.0,False,False,1,,,,,,,,,,,,
2026-03-05T22:38:01.815565-05:00,vsin_circa,circa,nba,nba_20260306_new_york_knicks_denver_nuggets,Mar 6,,New York Knicks,Denver Nuggets,0.0,50.0,50.0,50.0,50.0,229.5,50.0,50.0,50.0,50.0,50.0,50.0,50.0,50.0,0.0,0.0,False,False,1,,,,,,,,,,,,
2026-03-05T22:38:01.815565-05:00,vsin_circa,circa,nba,nba_20260306_los_angeles_clippers_san_antonio_spurs,Mar 6,,Los Angeles Clippers,San Antonio Spurs,8.0,50.0,50.0,50.0,50.0,225.0,50.0,50.0,50.0,50.0,50.0,50.0,50.0,50.0,0.0,0.0,False,False,1,,,,,,,,,,,,
2026-03-05T23:07:50.951492-05:00,vsin_dk,draftkings,nba,nba_20260305_utah_jazz_washington_wizards,Mar 5,,Utah Jazz,Washington Wizards,3.5,50.0,50.0,48.0,52.0,240.5,31.0,69.0,39.0,61.0,40.0,60.0,35.0,65.0,2.0,8.0,False,False,1,,,,,,,,,,,,
2026-03-05T23:07:50.951492-05:00,vsin_dk,draftkings,nba,nba_20260305_dallas_mavericks_orlando_magic,Mar 5,,Dallas Mavericks,Orlando Magic,8.5,38.0,62.0,34.0,66.0,230.5,40.0,60.0,73.0,27.0,13.0,87.0,23.0,77.0,4.0,33.0,False,True,1,,,,,,,,,,,,
2026-03-05T23:07:50.951492-05:00,vsin_dk,draftkings,nba,nba_20260305_golden_state_warriors_houston_rockets,Mar 5,,Golden State Warriors,Houston Rockets,9.5,32.0,68.0,25.0,75.0,214.5,73.0,27.0,54.0,46.0,9.0,91.0,15.0,85.0,7.0,19.0,False,True,1,,,,,,,,,,,,
2026-03-05T23:07:50.951492-05:00,vsin_dk,draftkings,nba,nba_20260305_brooklyn_nets_miami_heat,Mar 5,,Brooklyn Nets,Miami Heat,12.5,31.0,69.0,51.0,49.0,225.5,46.0,54.0,48.0,52.0,7.0,93.0,12.0,88.0,20.0,2.0,True,False,1,,,,,,,,,,,,
2026-03-05T23:07:50.951492-05:00,vsin_dk,draftkings,nba,nba_20260305_detroit_pistons_san_antonio_spurs,Mar 5,,Detroit Pistons,San Antonio Spurs,2.5,46.0,54.0,44.0,56.0,227.5,55.0,45.0,47.0,53.0,36.0,64.0,32.0,68.0,2.0,8.0,False,False,1,,,,,,,,,,,,
2026-03-05T23:07:50.951492-05:00,vsin_dk,draftkings,nba,nba_20260305_toronto_raptors_minnesota_timberwolves,Mar 5,,Toronto Raptors,Minnesota Timberwolves,4.5,38.0,62.0,40.0,60.0,226.5,62.0,38.0,44.0,56.0,17.0,83.0,46.0,54.0,2.0,18.0,False,True,1,,,,,,,,,,,,
2026-03-05T23:07:50.951492-05:00,vsin_dk,draftkings,nba,nba_20260305_chicago_bulls_phoenix_suns,Mar 5,,Chicago Bulls,Phoenix Suns,10.5,51.0,49.0,43.0,57.0,224.5,57.0,43.0,35.0,65.0,10.0,90.0,24.0,76.0,8.0,22.0,False,True,1,,,,,,,,,,,,
2026-03-05T23:07:50.951492-05:00,vsin_dk,draftkings,nba,nba_20260305_los_angeles_lakers_denver_nuggets,Mar 5,,Los Angeles Lakers,Denver Nuggets,3.5,43.0,57.0,52.0,48.0,240.5,39.0,61.0,39.0,61.0,33.0,67.0,51.0,49.0,9.0,0.0,False,False,1,,,,,,,,,,,,
2026-03-05T23:07:50.951492-05:00,vsin_dk,draftkings,nba,nba_20260305_new_orleans_pelicans_sacramento_kings,Mar 5,,New Orleans Pelicans,Sacramento Kings,-6.5,64.0,36.0,76.0,24.0,236.5,46.0,54.0,61.0,39.0,78.0,22.0,65.0,35.0,12.0,15.0,False,True,1,,,,,,,,,,,,
2026-03-05T23:07:50.951492-05:00,vsin_dk,draftkings,nba,nba_20260306_miami_heat_charlotte_hornets,Mar 6,,Miami Heat,Charlotte Hornets,6.5,25.0,75.0,8.0,92.0,228.5,61.0,39.0,84.0,16.0,17.0,83.0,38.0,62.0,17.0,23.0,True,True,1,,,,,,,,,,,,
2026-03-05T23:07:50.951492-05:00,vsin_dk,draftkings,nba,nba_20260306_dallas_mavericks_boston_celtics,Mar 6,,Dallas Mavericks,Boston Celtics,15.5,39.0,61.0,30.0,70.0,222.5,39.0,61.0,6.0,94.0,17.0,83.0,29.0,71.0,9.0,33.0,False,True,1,,,,,,,,,,,,
2026-03-05T23:07:50.951492-05:00,vsin_dk,draftkings,nba,nba_20260306_portland_trailblazers_houston_rockets,Mar 6,,Portland Trailblazers,Houston Rockets,6.5,45.0,55.0,39.0,61.0,221.5,69.0,31.0,20.0,80.0,17.0,83.0,38.0,62.0,6.0,49.0,False,True,1,,,,,,,,,,,,
2026-03-05T23:07:50.951492-05:00,vsin_dk,draftkings,nba,nba_20260306_new_orleans_pelicans_phoenix_suns,Mar 6,,New Orleans Pelicans,Phoenix Suns,5.5,41.0,59.0,7.0,93.0,225.5,63.0,37.0,85.0,15.0,22.0,78.0,15.0,85.0,34.0,22.0,True,True,1,,,,,,,,,,,,
2026-03-05T23:07:50.951492-05:00,vsin_dk,draftkings,nba,nba_20260306_new_york_knicks_denver_nuggets,Mar 6,,New York Knicks,Denver Nuggets,-1.5,53.0,47.0,83.0,17.0,228.5,73.0,27.0,78.0,22.0,56.0,44.0,63.0,37.0,30.0,5.0,True,False,1,,,,,,,,,,,,
2026-03-05T23:07:50.951492-05:00,vsin_dk,draftkings,nba,nba_20260306_los_angeles_clippers_san_antonio_spurs,Mar 6,,Los Angeles Clippers,San Antonio Spurs,7.5,48.0,52.0,39.0,61.0,225.5,83.0,17.0,99.0,1.0,16.0,84.0,10.0,90.0,9.0,16.0,False,True,1,,,,,,,,,,,,
2026-03-05T23:08:12.912893-05:00,vsin_circa,circa,nba,nba_20260305_utah_jazz_washington_wizards,Mar 5,,Utah Jazz,Washington Wizards,4.5,27.0,73.0,2.0,98.0,240.5,44.0,56.0,38.0,62.0,100.0,,100.0,,25.0,6.0,True,False,1,,,,,,,,,,,,
2026-03-05T23:08:12.912893-05:00,vsin_circa,circa,nba,nba_20260305_dallas_mavericks_orlando_magic,Mar 5,,Dallas Mavericks,Orlando Magic,7.0,43.0,57.0,60.0,40.0,231.0,62.0,38.0,37.0,63.0,100.0,,100.0,,17.0,25.0,True,True,1,,,,,,,,,,,,
2026-03-05T23:08:12.912893-05:00,vsin_circa,circa,nba,nba_20260305_golden_state_warriors_houston_rockets,Mar 5,,Golden State Warriors,Houston Rockets,9.5,46.0,54.0,91.0,9.0,214.0,50.0,50.0,26.0,74.0,50.0,50.0,5.0,95.0,45.0,24.0,True,True,1,,,,,,,,,,,,
2026-03-05T23:08:12.912893-05:00,vsin_circa,circa,nba,nba_20260305_brooklyn_nets_miami_heat,Mar 5,,Brooklyn Nets,Miami Heat,12.5,33.0,67.0,99.0,1.0,225.5,50.0,50.0,57.0,43.0,40.0,60.0,,100.0,66.0,7.0,True,False,1,,,,,,,,,,,,
2026-03-05T23:08:12.912893-05:00,vsin_circa,circa,nba,nba_20260305_toronto_raptors_minnesota_timberwolves,Mar 5,,Toronto Raptors,Minnesota Timberwolves,5.5,60.0,40.0,88.0,12.0,227.0,29.0,71.0,72.0,28.0,100.0,,100.0,,28.0,43.0,True,True,1,,,,,,,,,,,,
2026-03-05T23:08:12.912893-05:00,vsin_circa,circa,nba,nba_20260305_detroit_pistons_san_antonio_spurs,Mar 5,,Detroit Pistons,San Antonio Spurs,3.5,57.0,43.0,96.0,4.0,227.5,28.0,72.0,53.0,47.0,58.0,42.0,79.0,21.0,39.0,25.0,True,True,1,,,,,,,,,,,,
2026-03-05T23:08:12.912893-05:00,vsin_circa,circa,nba,nba_20260305_chicago_bulls_phoenix_suns,Mar 5,,Chicago Bulls,Phoenix Suns,10.5,38.0,63.0,52.0,48.0,225.0,33.0,67.0,89.0,11.0,100.0,,100.0,,15.0,56.0,True,True,1,,,,,,,,,,,,
2026-03-05T23:08:12.912893-05:00,vsin_circa,circa,nba,nba_20260305_los_angeles_lakers_denver_nuggets,Mar 5,,Los Angeles Lakers,Denver Nuggets,4.0,50.0,50.0,99.0,1.0,241.0,44.0,56.0,57.0,43.0,80.0,20.0,99.0,1.0,49.0,13.0,True,False,1,,,,,,,,,,,,
2026-03-05T23:08:12.912893-05:00,vsin_circa,circa,nba,nba_20260305_new_orleans_pelicans_sacramento_kings,Mar 5,,New Orleans Pelicans,Sacramento Kings,-7.0,70.0,30.0,9.0,91.0,236.0,67.0,33.0,53.0,47.0,60.0,40.0,99.0,1.0,61.0,14.0,True,False,1,,,,,,,,,,,,
2026-03-05T23:08:12.912893-05:00,vsin_circa,circa,nba,nba_20260306_miami_heat_charlotte_hornets,Mar 6,,Miami Heat,Charlotte Hornets,6.5,50.0,50.0,50.0,50.0,228.5,,100.0,,100.0,50.0,50.0,50.0,50.0,0.0,,False,,1,,,,,,,,,,,,
2026-03-05T23:08:12.912893-05:00,vsin_circa,circa,nba,nba_20260306_dallas_mavericks_boston_celtics,Mar 6,,Dallas Mavericks,Boston Celtics,15.0,50.0,50.0,50.0,50.0,221.5,,100.0,,100.0,50.0,50.0,50.0,50.0,0.0,,False,,1,,,,,,,,,,,,
2026-03-05T23:08:12.912893-05:00,vsin_circa,circa,nba,nba_20260306_portland_trailblazers_houston_rockets,Mar 6,,Portland Trailblazers,Houston Rockets,6.5,50.0,50.0,50.0,50.0,222.0,50.0,50.0,50.0,50.0,50.0,50.0,50.0,50.0,0.0,0.0,False,False,1,,,,,,,,,,,,
2026-03-05T23:08:12.912893-05:00,vsin_circa,circa,nba,nba_20260306_new_orleans_pelicans_phoenix_suns,Mar 6,,New Orleans Pelicans,Phoenix Suns,6.0,50.0,50.0,50.0,50.0,225.5,50.0,50.0,50.0,50.0,50.0,50.0,50.0,50.0,0.0,0.0,False,False,1,,,,,,,,,,,,
2026-03-05T23:08:12.912893-05:00,vsin_circa,circa,nba,nba_20260306_new_york_knicks_denver_nuggets,Mar 6,,New York Knicks,Denver Nuggets,0.0,50.0,50.0,50.0,50.0,229.5,50.0,50.0,50.0,50.0,50.0,50.0,50.0,50.0,0.0,0.0,False,False,1,,,,,,,,,,,,
2026-03-05T23:08:12.912893-05:00,vsin_circa,circa,nba,nba_20260306_los_angeles_clippers_san_antonio_spurs,Mar 6,,Los Angeles Clippers,San Antonio Spurs,8.0,50.0,50.0,50.0,50.0,225.0,50.0,50.0,50.0,50.0,50.0,50.0,50.0,50.0,0.0,0.0,False,False,1,,,,,,,,,,,,
2026-03-05T23:38:07.650530-05:00,vsin_dk,draftkings,nba,nba_20260305_utah_jazz_washington_wizards,Mar 5,,Utah Jazz,Washington Wizards,3.5,50.0,50.0,48.0,52.0,240.5,31.0,69.0,39.0,61.0,40.0,60.0,35.0,65.0,2.0,8.0,False,False,1,,,,,,,,,,,,
2026-03-05T23:38:07.650530-05:00,vsin_dk,draftkings,nba,nba_20260305_dallas_mavericks_orlando_magic,Mar 5,,Dallas Mavericks,Orlando Magic,8.5,38.0,62.0,34.0,66.0,230.5,40.0,60.0,73.0,27.0,13.0,87.0,23.0,77.0,4.0,33.0,False,True,1,,,,,,,,,,,,
2026-03-05T23:38:07.650530-05:00,vsin_dk,draftkings,nba,nba_20260305_golden_state_warriors_houston_rockets,Mar 5,,Golden State Warriors,Houston Rockets,9.5,32.0,68.0,25.0,75.0,214.5,73.0,27.0,54.0,46.0,9.0,91.0,15.0,85.0,7.0,19.0,False,True,1,,,,,,,,,,,,
2026-03-05T23:38:07.650530-05:00,vsin_dk,draftkings,nba,nba_20260305_brooklyn_nets_miami_heat,Mar 5,,Brooklyn Nets,Miami Heat,12.5,31.0,69.0,51.0,49.0,225.5,46.0,54.0,48.0,52.0,7.0,93.0,12.0,88.0,20.0,2.0,True,False,1,,,,,,,,,,,,
2026-03-05T23:38:07.650530-05:00,vsin_dk,draftkings,nba,nba_20260305_detroit_pistons_san_antonio_spurs,Mar 5,,Detroit Pistons,San Antonio Spurs,2.5,46.0,54.0,44.0,56.0,227.5,55.0,45.0,47.0,53.0,36.0,64.0,32.0,68.0,2.0,8.0,False,False,1,,,,,,,,,,,,
2026-03-05T23:38:07.650530-05:00,vsin_dk,draftkings,nba,nba_20260305_toronto_raptors_minnesota_timberwolves,Mar 5,,Toronto Raptors,Minnesota Timberwolves,4.5,38.0,62.0,40.0,60.0,226.5,62.0,38.0,44.0,56.0,17.0,83.0,46.0,54.0,2.0,18.0,False,True,1,,,,,,,,,,,,
2026-03-05T23:38:07.650530-05:00,vsin_dk,draftkings,nba,nba_20260305_chicago_bulls_phoenix_suns,Mar 5,,Chicago Bulls,Phoenix Suns,10.5,51.0,49.0,43.0,57.0,224.5,57.0,43.0,35.0,65.0,10.0,90.0,24.0,76.0,8.0,22.0,False,True,1,,,,,,,,,,,,
2026-03-05T23:38:07.650530-05:00,vsin_dk,draftkings,nba,nba_20260305_los_angeles_lakers_denver_nuggets,Mar 5,,Los Angeles Lakers,Denver Nuggets,3.5,43.0,57.0,52.0,48.0,240.5,39.0,61.0,39.0,61.0,33.0,67.0,51.0,49.0,9.0,0.0,False,False,1,,,,,,,,,,,,
2026-03-05T23:38:07.650530-05:00,vsin_dk,draftkings,nba,nba_20260305_new_orleans_pelicans_sacramento_kings,Mar 5,,New Orleans Pelicans,Sacramento Kings,-6.5,64.0,36.0,76.0,24.0,236.5,46.0,54.0,61.0,39.0,78.0,22.0,65.0,35.0,12.0,15.0,False,True,1,,,,,,,,,,,,
2026-03-05T23:38:07.650530-05:00,vsin_dk,draftkings,nba,nba_20260306_miami_heat_charlotte_hornets,Mar 6,,Miami Heat,Charlotte Hornets,6.5,27.0,73.0,10.0,90.0,229.5,63.0,38.0,82.0,18.0,17.0,83.0,31.0,69.0,17.0,19.0,True,True,1,,,,,,,,,,,,
2026-03-05T23:38:07.650530-05:00,vsin_dk,draftkings,nba,nba_20260306_dallas_mavericks_boston_celtics,Mar 6,,Dallas Mavericks,Boston Celtics,15.5,42.0,58.0,29.0,71.0,222.5,42.0,58.0,6.0,94.0,17.0,83.0,30.0,70.0,13.0,36.0,False,True,1,,,,,,,,,,,,
2026-03-05T23:38:07.650530-05:00,vsin_dk,draftkings,nba,nba_20260306_portland_trailblazers_houston_rockets,Mar 6,,Portland Trailblazers,Houston Rockets,6.5,43.0,57.0,49.0,51.0,222.5,71.0,29.0,29.0,71.0,16.0,84.0,37.0,63.0,6.0,42.0,False,True,1,,,,,,,,,,,,
2026-03-05T23:38:07.650530-05:00,vsin_dk,draftkings,nba,nba_20260306_new_orleans_pelicans_phoenix_suns,Mar 6,,New Orleans Pelicans,Phoenix Suns,6.5,47.0,53.0,9.0,91.0,224.5,67.0,33.0,79.0,21.0,21.0,79.0,17.0,83.0,38.0,12.0,True,False,1,,,,,,,,,,,,
2026-03-05T23:38:07.650530-05:00,vsin_dk,draftkings,nba,nba_20260306_new_york_knicks_denver_nuggets,Mar 6,,New York Knicks,Denver Nuggets,1.5,50.0,50.0,82.0,18.0,229.5,74.0,26.0,66.0,34.0,55.0,45.0,61.0,39.0,32.0,8.0,True,False,1,,,,,,,,,,,,
2026-03-05T23:38:07.650530-05:00,vsin_dk,draftkings,nba,nba_20260306_los_angeles_clippers_san_antonio_spurs,Mar 6,,Los Angeles Clippers,San Antonio Spurs,7.5,44.0,56.0,36.0,64.0,224.5,74.0,26.0,99.0,1.0,15.0,85.0,13.0,87.0,8.0,25.0,False,True,1,,,,,,,,,,,,
2026-03-05T23:38:27.602649-05:00,vsin_circa,circa,nba,nba_20260305_utah_jazz_washington_wizards,Mar 5,,Utah Jazz,Washington Wizards,4.5,27.0,73.0,2.0,98.0,240.5,44.0,56.0,38.0,62.0,100.0,,100.0,,25.0,6.0,True,False,1,,,,,,,,,,,,
2026-03-05T23:38:27.602649-05:00,vsin_circa,circa,nba,nba_20260305_dallas_mavericks_orlando_magic,Mar 5,,Dallas Mavericks,Orlando Magic,7.0,43.0,57.0,60.0,40.0,231.0,62.0,38.0,37.0,63.0,100.0,,100.0,,17.0,25.0,True,True,1,,,,,,,,,,,,
2026-03-05T23:38:27.602649-05:00,vsin_circa,circa,nba,nba_20260305_golden_state_warriors_houston_rockets,Mar 5,,Golden State Warriors,Houston Rockets,9.5,46.0,54.0,91.0,9.0,214.0,50.0,50.0,26.0,74.0,50.0,50.0,5.0,95.0,45.0,24.0,True,True,1,,,,,,,,,,,,
2026-03-05T23:38:27.602649-05:00,vsin_circa,circa,nba,nba_20260305_brooklyn_nets_miami_heat,Mar 5,,Brooklyn Nets,Miami Heat,12.5,33.0,67.0,99.0,1.0,225.5,50.0,50.0,57.0,43.0,40.0,60.0,,100.0,66.0,7.0,True,False,1,,,,,,,,,,,,
2026-03-05T23:38:27.602649-05:00,vsin_circa,circa,nba,nba_20260305_toronto_raptors_minnesota_timberwolves,Mar 5,,Toronto Raptors,Minnesota Timberwolves,5.5,60.0,40.0,88.0,12.0,227.0,29.0,71.0,72.0,28.0,100.0,,100.0,,28.0,43.0,True,True,1,,,,,,,,,,,,
2026-03-05T23:38:27.602649-05:00,vsin_circa,circa,nba,nba_20260305_detroit_pistons_san_antonio_spurs,Mar 5,,Detroit Pistons,San Antonio Spurs,3.5,57.0,43.0,96.0,4.0,227.5,28.0,72.0,53.0,47.0,58.0,42.0,79.0,21.0,39.0,25.0,True,True,1,,,,,,,,,,,,
2026-03-05T23:38:27.602649-05:00,vsin_circa,circa,nba,nba_20260305_chicago_bulls_phoenix_suns,Mar 5,,Chicago Bulls,Phoenix Suns,10.5,38.0,63.0,52.0,48.0,225.0,33.0,67.0,89.0,11.0,100.0,,100.0,,15.0,56.0,True,True,1,,,,,,,,,,,,
2026-03-05T23:38:27.602649-05:00,vsin_circa,circa,nba,nba_20260305_los_angeles_lakers_denver_nuggets,Mar 5,,Los Angeles Lakers,Denver Nuggets,4.0,50.0,50.0,99.0,1.0,241.0,44.0,56.0,57.0,43.0,80.0,20.0,99.0,1.0,49.0,13.0,True,False,1,,,,,,,,,,,,
2026-03-05T23:38:27.602649-05:00,vsin_circa,circa,nba,nba_20260305_new_orleans_pelicans_sacramento_kings,Mar 5,,New Orleans Pelicans,Sacramento Kings,-7.0,70.0,30.0,9.0,91.0,236.0,67.0,33.0,53.0,47.0,60.0,40.0,99.0,1.0,61.0,14.0,True,False,1,,,,,,,,,,,,
2026-03-05T23:38:27.602649-05:00,vsin_circa,circa,nba,nba_20260306_miami_heat_charlotte_hornets,Mar 6,,Miami Heat,Charlotte Hornets,6.5,50.0,50.0,50.0,50.0,228.5,,100.0,,100.0,50.0,50.0,50.0,50.0,0.0,,False,,1,,,,,,,,,,,,
2026-03-05T23:38:27.602649-05:00,vsin_circa,circa,nba,nba_20260306_dallas_mavericks_boston_celtics,Mar 6,,Dallas Mavericks,Boston Celtics,15.0,50.0,50.0,50.0,50.0,221.5,,100.0,,100.0,50.0,50.0,50.0,50.0,0.0,,False,,1,,,,,,,,,,,,
2026-03-05T23:38:27.602649-05:00,vsin_circa,circa,nba,nba_20260306_portland_trailblazers_houston_rockets,Mar 6,,Portland Trailblazers,Houston Rockets,6.5,50.0,50.0,50.0,50.0,222.0,50.0,50.0,50.0,50.0,50.0,50.0,50.0,50.0,0.0,0.0,False,False,1,,,,,,,,,,,,
2026-03-05T23:38:27.602649-05:00,vsin_circa,circa,nba,nba_20260306_new_orleans_pelicans_phoenix_suns,Mar 6,,New Orleans Pelicans,Phoenix Suns,6.0,50.0,50.0,50.0,50.0,225.5,50.0,50.0,50.0,50.0,50.0,50.0,50.0,50.0,0.0,0.0,False,False,1,,,,,,,,,,,,
2026-03-05T23:38:27.602649-05:00,vsin_circa,circa,nba,nba_20260306_new_york_knicks_denver_nuggets,Mar 6,,New York Knicks,Denver Nuggets,0.0,50.0,50.0,50.0,50.0,229.5,50.0,50.0,50.0,50.0,50.0,50.0,50.0,50.0,0.0,0.0,False,False,1,,,,,,,,,,,,
2026-03-05T23:38:27.602649-05:00,vsin_circa,circa,nba,nba_20260306_los_angeles_clippers_san_antonio_spurs,Mar 6,,Los Angeles Clippers,San Antonio Spurs,8.0,50.0,50.0,50.0,50.0,225.0,50.0,50.0,50.0,50.0,50.0,50.0,50.0,50.0,0.0,0.0,False,False,1,,,,,,,,,,,,
