timestamp,source,book,sport,game_id,game_date,game_time,away_team,home_team,spread_line,spread_away_bets_pct,spread_home_bets_pct,spread_away_handle_pct,spread_home_handle_pct,total_line,total_over_bets_pct,total_under_bets_pct,total_over_handle_pct,total_under_handle_pct,ml_away_bets_pct,ml_home_bets_pct,ml_away_handle_pct,ml_home_handle_pct,spread_bets_handle_divergence,total_bets_handle_divergence,sharp_signal_spread,sharp_signal_total,scrape_num,d_spread_line,d_spread_away_bets_pct,d_spread_home_bets_pct,d_spread_away_handle_pct,d_spread_home_handle_pct,d_total_line,d_total_over_bets_pct,d_total_under_bets_pct,d_total_over_handle_pct,d_total_under_handle_pct,d_ml_away_bets_pct,d_ml_home_bets_pct
2026-03-10T00:08:04.465296-04:00,vsin_dk,draftkings,nba,nba_20260309_philadelphia_76ers_cleveland_cavaliers,Mar 9,,Philadelphia 76ers,Cleveland Cavaliers,14.5,33.0,67.0,12.0,88.0,226.5,63.0,37.0,59.0,41.0,13.0,87.0,18.0,82.0,21.0,4.0,True,False,1,,,,,,,,,,,,
2026-03-10T00:08:04.465296-04:00,vsin_dk,draftkings,nba,nba_20260309_memphis_grizzlies_brooklyn_nets,Mar 9,,Memphis Grizzlies,Brooklyn Nets,1.5,61.0,39.0,19.0,81.0,220.5,62.0,38.0,46.0,54.0,59.0,41.0,56.0,44.0,42.0,16.0,True,True,1,,,,,,,,,,,,
2026-03-10T00:08:04.465296-04:00,vsin_dk,draftkings,nba,nba_20260309_denver_nuggets_oklahoma_city_thunder,Mar 9,,Denver Nuggets,Oklahoma City Thunder,3.5,55.0,45.0,66.0,34.0,237.5,59.0,41.0,57.0,43.0,34.0,66.0,65.0,35.0,11.0,2.0,False,False,1,,,,,,,,,,,,
2026-03-10T00:08:04.465296-04:00,vsin_dk,draftkings,nba,nba_20260309_golden_state_warriors_utah_jazz,Mar 9,,Golden State Warriors,Utah Jazz,-6.5,58.0,42.0,59.0,41.0,224.5,62.0,38.0,59.0,41.0,78.0,22.0,69.0,31.0,1.0,3.0,False,False,1,,,,,,,,,,,,
2026-03-10T00:08:04.465296-04:00,vsin_dk,draftkings,nba,nba_20260309_new_york_knicks_los_angeles_clippers,Mar 9,,New York Knicks,Los Angeles Clippers,-1.5,68.0,32.0,70.0,30.0,220.5,75.0,25.0,63.0,37.0,71.0,29.0,78.0,22.0,2.0,12.0,False,False,1,,,,,,,,,,,,
2026-03-10T00:08:04.465296-04:00,vsin_dk,draftkings,nba,nba_20260310_memphis_grizzlies_philadelphia_76ers,Mar 10,,Memphis Grizzlies,Philadelphia 76ers,5.5,43.0,57.0,69.0,31.0,229.5,47.0,53.0,17.0,83.0,16.0,84.0,30.0,70.0,26.0,30.0,True,True,1,,,,,,,,,,,,
2026-03-10T00:08:04.465296-04:00,vsin_dk,draftkings,nba,nba_20260310_washington_wizards_miami_heat,Mar 10,,Washington Wizards,Miami Heat,14.5,44.0,56.0,7.0,93.0,242.5,36.0,64.0,84.0,16.0,13.0,87.0,29.0,71.0,37.0,48.0,True,True,1,,,,,,,,,,,,
2026-03-10T00:08:04.465296-04:00,vsin_dk,draftkings,nba,nba_20260310_detroit_pistons_brooklyn_nets,Mar 10,,Detroit Pistons,Brooklyn Nets,-14.5,56.0,44.0,63.0,37.0,216.5,82.0,18.0,90.0,10.0,87.0,13.0,82.0,18.0,7.0,8.0,False,False,1,,,,,,,,,,,,
2026-03-10T00:08:04.465296-04:00,vsin_dk,draftkings,nba,nba_20260310_dallas_mavericks_atlanta_hawks,Mar 10,,Dallas Mavericks,Atlanta Hawks,9.5,47.0,53.0,16.0,84.0,239.5,39.0,61.0,78.0,22.0,17.0,83.0,22.0,78.0,31.0,39.0,True,True,1,,,,,,,,,,,,
2026-03-10T00:08:04.465296-04:00,vsin_dk,draftkings,nba,nba_20260310_phoenix_suns_milwaukee_bucks,Mar 10,,Phoenix Suns,Milwaukee Bucks,-2.5,61.0,39.0,87.0,13.0,217.5,71.0,29.0,81.0,19.0,61.0,39.0,27.0,73.0,26.0,10.0,True,False,1,,,,,,,,,,,,
2026-03-10T00:08:04.465296-04:00,vsin_dk,draftkings,nba,nba_20260310_toronto_raptors_houston_rockets,Mar 10,,Toronto Raptors,Houston Rockets,4.5,42.0,58.0,35.0,65.0,215.5,68.0,32.0,9.0,91.0,19.0,81.0,51.0,49.0,7.0,59.0,False,True,1,,,,,,,,,,,,
2026-03-10T00:08:04.465296-04:00,vsin_dk,draftkings,nba,nba_20260310_boston_celtics_san_antonio_spurs,Mar 10,,Boston Celtics,San Antonio Spurs,3.5,52.0,48.0,38.0,62.0,222.5,72.0,28.0,54.0,46.0,49.0,51.0,60.0,40.0,14.0,18.0,False,True,1,,,,,,,,,,,,
2026-03-10T00:08:04.465296-04:00,vsin_dk,draftkings,nba,nba_20260310_indiana_pacers_sacramento_kings,Mar 10,,Indiana Pacers,Sacramento Kings,3.5,48.0,52.0,6.0,94.0,236.5,54.0,46.0,90.0,10.0,29.0,71.0,41.0,59.0,42.0,36.0,True,True,1,,,,,,,,,,,,
2026-03-10T00:08:04.465296-04:00,vsin_dk,draftkings,nba,nba_20260310_chicago_bulls_golden_state_warriors,Mar 10,,Chicago Bulls,Golden State Warriors,6.5,53.0,47.0,11.0,89.0,229.5,52.0,48.0,22.0,78.0,24.0,76.0,20.0,80.0,42.0,30.0,True,True,1,,,,,,,,,,,,
2026-03-10T00:08:04.465296-04:00,vsin_dk,draftkings,nba,nba_20260310_charlotte_hornets_portland_trailblazers,Mar 10,,Charlotte Hornets,Portland Trailblazers,-3.5,71.0,29.0,50.0,50.0,227.5,42.0,58.0,3.0,97.0,79.0,21.0,67.0,33.0,21.0,39.0,True,True,1,,,,,,,,,,,,
2026-03-10T00:08:04.465296-04:00,vsin_dk,draftkings,nba,nba_20260310_minnesota_timberwolves_los_angeles_lakers,Mar 10,,Minnesota Timberwolves,Los Angeles Lakers,-1.5,57.0,43.0,76.0,24.0,233.5,68.0,32.0,83.0,17.0,46.0,54.0,86.0,14.0,19.0,15.0,True,True,1,,,,,,,,,,,,
2026-03-10T00:08:26.291875-04:00,vsin_circa,circa,nba,nba_20260309_philadelphia_76ers_cleveland_cavaliers,Mar 9,,Philadelphia 76ers,Cleveland Cavaliers,14.0,13.0,88.0,69.0,31.0,226.0,44.0,56.0,14.0,86.0,20.0,80.0,,100.0,57.0,30.0,True,True,1,,,,,,,,,,,,
2026-03-10T00:08:26.291875-04:00,vsin_circa,circa,nba,nba_20260309_memphis_grizzlies_brooklyn_nets,Mar 9,,Memphis Grizzlies,Brooklyn Nets,1.5,43.0,57.0,4.0,96.0,219.5,44.0,56.0,27.0,73.0,44.0,56.0,92.0,8.0,39.0,17.0,True,True,1,,,,,,,,,,,,
2026-03-10T00:08:26.291875-04:00,vsin_circa,circa,nba,nba_20260309_denver_nuggets_oklahoma_city_thunder,Mar 9,,Denver Nuggets,Oklahoma City Thunder,3.0,55.0,45.0,34.0,66.0,236.0,47.0,53.0,82.0,18.0,92.0,8.0,100.0,,21.0,35.0,True,True,1,,,,,,,,,,,,
2026-03-10T00:08:26.291875-04:00,vsin_circa,circa,nba,nba_20260309_golden_state_warriors_utah_jazz,Mar 9,,Golden State Warriors,Utah Jazz,-6.5,63.0,37.0,60.0,40.0,226.0,58.0,42.0,70.0,30.0,20.0,80.0,,100.0,3.0,12.0,False,False,1,,,,,,,,,,,,
2026-03-10T00:08:26.291875-04:00,vsin_circa,circa,nba,nba_20260309_new_york_knicks_los_angeles_clippers,Mar 9,,New York Knicks,Los Angeles Clippers,-2.0,48.0,52.0,74.0,26.0,221.0,64.0,36.0,30.0,70.0,67.0,33.0,91.0,9.0,26.0,34.0,True,True,1,,,,,,,,,,,,
2026-03-10T00:08:26.291875-04:00,vsin_circa,circa,nba,nba_20260310_washington_wizards_miami_heat,Mar 10,,Washington Wizards,Miami Heat,15.5,50.0,50.0,33.0,67.0,242.5,50.0,50.0,50.0,50.0,,100.0,,100.0,17.0,0.0,True,False,1,,,,,,,,,,,,
2026-03-10T00:08:26.291875-04:00,vsin_circa,circa,nba,nba_20260310_dallas_mavericks_atlanta_hawks,Mar 10,,Dallas Mavericks,Atlanta Hawks,9.0,50.0,50.0,50.0,50.0,238.5,,100.0,,100.0,50.0,50.0,50.0,50.0,0.0,,False,,1,,,,,,,,,,,,
2026-03-10T00:08:26.291875-04:00,vsin_circa,circa,nba,nba_20260310_phoenix_suns_milwaukee_bucks,Mar 10,,Phoenix Suns,Milwaukee Bucks,-2.5,50.0,50.0,99.0,1.0,217.5,50.0,50.0,50.0,50.0,50.0,50.0,50.0,50.0,49.0,0.0,True,False,1,,,,,,,,,,,,
2026-03-10T00:08:26.291875-04:00,vsin_circa,circa,nba,nba_20260310_toronto_raptors_houston_rockets,Mar 10,,Toronto Raptors,Houston Rockets,4.0,100.0,,100.0,,216.5,50.0,50.0,50.0,50.0,100.0,,100.0,,,0.0,,False,1,,,,,,,,,,,,
2026-03-10T00:08:26.291875-04:00,vsin_circa,circa,nba,nba_20260310_boston_celtics_san_antonio_spurs,Mar 10,,Boston Celtics,San Antonio Spurs,3.5,,100.0,,100.0,222.5,50.0,50.0,50.0,50.0,50.0,50.0,50.0,50.0,0.0,0.0,False,False,1,,,,,,,,,,,,
2026-03-10T00:08:26.291875-04:00,vsin_circa,circa,nba,nba_20260310_indiana_pacers_sacramento_kings,Mar 10,,Indiana Pacers,Sacramento Kings,4.0,100.0,,100.0,,236.0,50.0,50.0,50.0,50.0,50.0,50.0,50.0,50.0,,0.0,,False,1,,,,,,,,,,,,
2026-03-10T00:08:26.291875-04:00,vsin_circa,circa,nba,nba_20260310_charlotte_hornets_portland_trailblazers,Mar 10,,Charlotte Hornets,Portland Trailblazers,-3.0,100.0,,100.0,,227.5,,100.0,,100.0,50.0,50.0,50.0,50.0,,,,,1,,,,,,,,,,,,
2026-03-10T00:08:26.291875-04:00,vsin_circa,circa,nba,nba_20260310_minnesota_timberwolves_los_angeles_lakers,Mar 10,,Minnesota Timberwolves,Los Angeles Lakers,-2.0,50.0,50.0,50.0,50.0,234.0,50.0,50.0,50.0,50.0,,100.0,,100.0,0.0,0.0,False,False,1,,,,,,,,,,,,
2026-03-10T00:37:51.415129-04:00,vsin_dk,draftkings,nba,nba_20260309_philadelphia_76ers_cleveland_cavaliers,Mar 9,,Philadelphia 76ers,Cleveland Cavaliers,14.5,33.0,67.0,12.0,88.0,226.5,63.0,37.0,59.0,41.0,13.0,87.0,18.0,82.0,21.0,4.0,True,False,1,,,,,,,,,,,,
2026-03-10T00:37:51.415129-04:00,vsin_dk,draftkings,nba,nba_20260309_memphis_grizzlies_brooklyn_nets,Mar 9,,Memphis Grizzlies,Brooklyn Nets,1.5,61.0,39.0,19.0,81.0,220.5,62.0,38.0,46.0,54.0,59.0,41.0,56.0,44.0,42.0,16.0,True,True,1,,,,,,,,,,,,
2026-03-10T00:37:51.415129-04:00,vsin_dk,draftkings,nba,nba_20260309_denver_nuggets_oklahoma_city_thunder,Mar 9,,Denver Nuggets,Oklahoma City Thunder,3.5,55.0,45.0,66.0,34.0,237.5,59.0,41.0,57.0,43.0,34.0,66.0,65.0,35.0,11.0,2.0,False,False,1,,,,,,,,,,,,
2026-03-10T00:37:51.415129-04:00,vsin_dk,draftkings,nba,nba_20260309_golden_state_warriors_utah_jazz,Mar 9,,Golden State Warriors,Utah Jazz,-6.5,58.0,42.0,59.0,41.0,224.5,62.0,38.0,59.0,41.0,78.0,22.0,69.0,31.0,1.0,3.0,False,False,1,,,,,,,,,,,,
2026-03-10T00:37:51.415129-04:00,vsin_dk,draftkings,nba,nba_20260309_new_york_knicks_los_angeles_clippers,Mar 9,,New York Knicks,Los Angeles Clippers,-1.5,68.0,32.0,70.0,30.0,220.5,75.0,25.0,63.0,37.0,71.0,29.0,78.0,22.0,2.0,12.0,False,False,1,,,,,,,,,,,,
2026-03-10T00:37:51.415129-04:00,vsin_dk,draftkings,nba,nba_20260310_memphis_grizzlies_philadelphia_76ers,Mar 10,,Memphis Grizzlies,Philadelphia 76ers,5.5,39.0,61.0,86.0,14.0,229.5,53.0,47.0,9.0,91.0,16.0,84.0,76.0,24.0,47.0,44.0,True,True,1,,,,,,,,,,,,
2026-03-10T00:37:51.415129-04:00,vsin_dk,draftkings,nba,nba_20260310_washington_wizards_miami_heat,Mar 10,,Washington Wizards,Miami Heat,14.5,44.0,56.0,7.0,93.0,242.5,35.0,65.0,80.0,20.0,13.0,87.0,31.0,69.0,37.0,45.0,True,True,1,,,,,,,,,,,,
2026-03-10T00:37:51.415129-04:00,vsin_dk,draftkings,nba,nba_20260310_detroit_pistons_brooklyn_nets,Mar 10,,Detroit Pistons,Brooklyn Nets,-14.5,56.0,44.0,67.0,33.0,216.5,80.0,20.0,37.0,63.0,87.0,13.0,81.0,19.0,11.0,43.0,False,True,1,,,,,,,,,,,,
2026-03-10T00:37:51.415129-04:00,vsin_dk,draftkings,nba,nba_20260310_dallas_mavericks_atlanta_hawks,Mar 10,,Dallas Mavericks,Atlanta Hawks,9.5,49.0,51.0,16.0,84.0,239.5,38.0,62.0,68.0,32.0,17.0,83.0,23.0,77.0,33.0,30.0,True,True,1,,,,,,,,,,,,
2026-03-10T00:37:51.415129-04:00,vsin_dk,draftkings,nba,nba_20260310_phoenix_suns_milwaukee_bucks,Mar 10,,Phoenix Suns,Milwaukee Bucks,-1.5,61.0,39.0,92.0,8.0,216.5,72.0,28.0,80.0,20.0,61.0,39.0,38.0,62.0,31.0,8.0,True,False,1,,,,,,,,,,,,
2026-03-10T00:37:51.415129-04:00,vsin_dk,draftkings,nba,nba_20260310_toronto_raptors_houston_rockets,Mar 10,,Toronto Raptors,Houston Rockets,4.5,42.0,58.0,36.0,64.0,215.5,71.0,29.0,10.0,90.0,19.0,81.0,43.0,57.0,6.0,61.0,False,True,1,,,,,,,,,,,,
2026-03-10T00:37:51.415129-04:00,vsin_dk,draftkings,nba,nba_20260310_boston_celtics_san_antonio_spurs,Mar 10,,Boston Celtics,San Antonio Spurs,3.5,53.0,47.0,36.0,64.0,222.5,73.0,27.0,56.0,44.0,49.0,51.0,60.0,40.0,17.0,17.0,True,True,1,,,,,,,,,,,,
2026-03-10T00:37:51.415129-04:00,vsin_dk,draftkings,nba,nba_20260310_indiana_pacers_sacramento_kings,Mar 10,,Indiana Pacers,Sacramento Kings,3.5,52.0,48.0,32.0,68.0,236.5,52.0,48.0,90.0,10.0,30.0,70.0,45.0,55.0,20.0,38.0,True,True,1,,,,,,,,,,,,
2026-03-10T00:37:51.415129-04:00,vsin_dk,draftkings,nba,nba_20260310_chicago_bulls_golden_state_warriors,Mar 10,,Chicago Bulls,Golden State Warriors,6.5,55.0,45.0,12.0,88.0,229.5,53.0,47.0,31.0,69.0,24.0,76.0,22.0,78.0,43.0,22.0,True,True,1,,,,,,,,,,,,
2026-03-10T00:37:51.415129-04:00,vsin_dk,draftkings,nba,nba_20260310_charlotte_hornets_portland_trailblazers,Mar 10,,Charlotte Hornets,Portland Trailblazers,-3.5,68.0,32.0,47.0,53.0,227.5,45.0,55.0,4.0,96.0,79.0,21.0,73.0,27.0,21.0,41.0,True,True,1,,,,,,,,,,,,
2026-03-10T00:37:51.415129-04:00,vsin_dk,draftkings,nba,nba_20260310_minnesota_timberwolves_los_angeles_lakers,Mar 10,,Minnesota Timberwolves,Los Angeles Lakers,-1.5,58.0,42.0,79.0,21.0,233.5,68.0,32.0,83.0,17.0,47.0,53.0,85.0,15.0,21.0,15.0,True,True,1,,,,,,,,,,,,
2026-03-10T00:38:09.469232-04:00,vsin_circa,circa,nba,nba_20260309_philadelphia_76ers_cleveland_cavaliers,Mar 9,,Philadelphia 76ers,Cleveland Cavaliers,14.0,13.0,88.0,69.0,31.0,226.0,44.0,56.0,14.0,86.0,20.0,80.0,,100.0,57.0,30.0,True,True,1,,,,,,,,,,,,
2026-03-10T00:38:09.469232-04:00,vsin_circa,circa,nba,nba_20260309_memphis_grizzlies_brooklyn_nets,Mar 9,,Memphis Grizzlies,Brooklyn Nets,1.5,43.0,57.0,4.0,96.0,219.5,44.0,56.0,27.0,73.0,44.0,56.0,92.0,8.0,39.0,17.0,True,True,1,,,,,,,,,,,,
2026-03-10T00:38:09.469232-04:00,vsin_circa,circa,nba,nba_20260309_denver_nuggets_oklahoma_city_thunder,Mar 9,,Denver Nuggets,Oklahoma City Thunder,3.0,55.0,45.0,34.0,66.0,236.0,47.0,53.0,82.0,18.0,92.0,8.0,100.0,,21.0,35.0,True,True,1,,,,,,,,,,,,
2026-03-10T00:38:09.469232-04:00,vsin_circa,circa,nba,nba_20260309_golden_state_warriors_utah_jazz,Mar 9,,Golden State Warriors,Utah Jazz,-6.5,63.0,37.0,60.0,40.0,226.0,58.0,42.0,70.0,30.0,20.0,80.0,,100.0,3.0,12.0,False,False,1,,,,,,,,,,,,
2026-03-10T00:38:09.469232-04:00,vsin_circa,circa,nba,nba_20260309_new_york_knicks_los_angeles_clippers,Mar 9,,New York Knicks,Los Angeles Clippers,-2.0,48.0,52.0,74.0,26.0,221.0,64.0,36.0,30.0,70.0,67.0,33.0,91.0,9.0,26.0,34.0,True,True,1,,,,,,,,,,,,
2026-03-10T00:38:09.469232-04:00,vsin_circa,circa,nba,nba_20260310_memphis_grizzlies_philadelphia_76ers,Mar 10,,Memphis Grizzlies,Philadelphia 76ers,5.5,50.0,50.0,50.0,50.0,229.5,50.0,50.0,50.0,50.0,50.0,50.0,50.0,50.0,0.0,0.0,False,False,1,,,,,,,,,,,,
2026-03-10T00:38:09.469232-04:00,vsin_circa,circa,nba,nba_20260310_washington_wizards_miami_heat,Mar 10,,Washington Wizards,Miami Heat,15.5,50.0,50.0,33.0,67.0,242.5,50.0,50.0,50.0,50.0,,100.0,,100.0,17.0,0.0,True,False,1,,,,,,,,,,,,
2026-03-10T00:38:09.469232-04:00,vsin_circa,circa,nba,nba_20260310_detroit_pistons_brooklyn_nets,Mar 10,,Detroit Pistons,Brooklyn Nets,-14.5,50.0,50.0,50.0,50.0,217.0,50.0,50.0,50.0,50.0,50.0,50.0,50.0,50.0,0.0,0.0,False,False,1,,,,,,,,,,,,
2026-03-10T00:38:09.469232-04:00,vsin_circa,circa,nba,nba_20260310_dallas_mavericks_atlanta_hawks,Mar 10,,Dallas Mavericks,Atlanta Hawks,9.0,50.0,50.0,50.0,50.0,238.5,,100.0,,100.0,50.0,50.0,50.0,50.0,0.0,,False,,1,,,,,,,,,,,,
2026-03-10T00:38:09.469232-04:00,vsin_circa,circa,nba,nba_20260310_phoenix_suns_milwaukee_bucks,Mar 10,,Phoenix Suns,Milwaukee Bucks,-2.5,50.0,50.0,99.0,1.0,217.5,50.0,50.0,50.0,50.0,50.0,50.0,50.0,50.0,49.0,0.0,True,False,1,,,,,,,,,,,,
2026-03-10T00:38:09.469232-04:00,vsin_circa,circa,nba,nba_20260310_toronto_raptors_houston_rockets,Mar 10,,Toronto Raptors,Houston Rockets,4.0,100.0,,100.0,,216.5,50.0,50.0,50.0,50.0,100.0,,100.0,,,0.0,,False,1,,,,,,,,,,,,
2026-03-10T00:38:09.469232-04:00,vsin_circa,circa,nba,nba_20260310_boston_celtics_san_antonio_spurs,Mar 10,,Boston Celtics,San Antonio Spurs,3.5,,100.0,,100.0,222.5,50.0,50.0,50.0,50.0,50.0,50.0,50.0,50.0,0.0,0.0,False,False,1,,,,,,,,,,,,
2026-03-10T00:38:09.469232-04:00,vsin_circa,circa,nba,nba_20260310_indiana_pacers_sacramento_kings,Mar 10,,Indiana Pacers,Sacramento Kings,4.0,100.0,,100.0,,236.0,50.0,50.0,50.0,50.0,50.0,50.0,50.0,50.0,,0.0,,False,1,,,,,,,,,,,,
2026-03-10T00:38:09.469232-04:00,vsin_circa,circa,nba,nba_20260310_chicago_bulls_golden_state_warriors,Mar 10,,Chicago Bulls,Golden State Warriors,6.5,50.0,50.0,50.0,50.0,229.0,50.0,50.0,50.0,50.0,50.0,50.0,50.0,50.0,0.0,0.0,False,False,1,,,,,,,,,,,,
2026-03-10T00:38:09.469232-04:00,vsin_circa,circa,nba,nba_20260310_charlotte_hornets_portland_trailblazers,Mar 10,,Charlotte Hornets,Portland Trailblazers,-3.0,100.0,,100.0,,227.5,,100.0,,100.0,50.0,50.0,50.0,50.0,,,,,1,,,,,,,,,,,,
2026-03-10T00:38:09.469232-04:00,vsin_circa,circa,nba,nba_20260310_minnesota_timberwolves_los_angeles_lakers,Mar 10,,Minnesota Timberwolves,Los Angeles Lakers,-2.0,50.0,50.0,50.0,50.0,234.0,50.0,50.0,50.0,50.0,,100.0,,100.0,0.0,0.0,False,False,1,,,,,,,,,,,,
2026-03-10T01:07:10.432417-04:00,vsin_dk,draftkings,nba,nba_20260309_philadelphia_76ers_cleveland_cavaliers,Mar 9,,Philadelphia 76ers,Cleveland Cavaliers,14.5,33.0,67.0,12.0,88.0,226.5,63.0,37.0,59.0,41.0,13.0,87.0,18.0,82.0,21.0,4.0,True,False,1,,,,,,,,,,,,
2026-03-10T01:07:10.432417-04:00,vsin_dk,draftkings,nba,nba_20260309_memphis_grizzlies_brooklyn_nets,Mar 9,,Memphis Grizzlies,Brooklyn Nets,1.5,61.0,39.0,19.0,81.0,220.5,62.0,38.0,46.0,54.0,59.0,41.0,56.0,44.0,42.0,16.0,True,True,1,,,,,,,,,,,,
2026-03-10T01:07:10.432417-04:00,vsin_dk,draftkings,nba,nba_20260309_denver_nuggets_oklahoma_city_thunder,Mar 9,,Denver Nuggets,Oklahoma City Thunder,3.5,55.0,45.0,66.0,34.0,237.5,59.0,41.0,57.0,43.0,34.0,66.0,65.0,35.0,11.0,2.0,False,False,1,,,,,,,,,,,,
2026-03-10T01:07:10.432417-04:00,vsin_dk,draftkings,nba,nba_20260309_golden_state_warriors_utah_jazz,Mar 9,,Golden State Warriors,Utah Jazz,-6.5,58.0,42.0,59.0,41.0,224.5,62.0,38.0,59.0,41.0,78.0,22.0,69.0,31.0,1.0,3.0,False,False,1,,,,,,,,,,,,
2026-03-10T01:07:10.432417-04:00,vsin_dk,draftkings,nba,nba_20260309_new_york_knicks_los_angeles_clippers,Mar 9,,New York Knicks,Los Angeles Clippers,-1.5,68.0,32.0,70.0,30.0,220.5,75.0,25.0,63.0,37.0,71.0,29.0,78.0,22.0,2.0,12.0,False,False,1,,,,,,,,,,,,
2026-03-10T01:07:10.432417-04:00,vsin_dk,draftkings,nba,nba_20260310_memphis_grizzlies_philadelphia_76ers,Mar 10,,Memphis Grizzlies,Philadelphia 76ers,5.5,38.0,62.0,62.0,38.0,229.5,59.0,41.0,16.0,84.0,16.0,84.0,70.0,30.0,24.0,43.0,True,True,1,,,,,,,,,,,,
2026-03-10T01:07:10.432417-04:00,vsin_dk,draftkings,nba,nba_20260310_washington_wizards_miami_heat,Mar 10,,Washington Wizards,Miami Heat,15.5,46.0,54.0,9.0,91.0,243.5,33.0,67.0,78.0,22.0,12.0,88.0,26.0,74.0,37.0,45.0,True,True,1,,,,,,,,,,,,
2026-03-10T01:07:10.432417-04:00,vsin_dk,draftkings,nba,nba_20260310_detroit_pistons_brooklyn_nets,Mar 10,,Detroit Pistons,Brooklyn Nets,-14.5,53.0,47.0,82.0,18.0,216.5,82.0,18.0,42.0,58.0,88.0,12.0,82.0,18.0,29.0,40.0,True,True,1,,,,,,,,,,,,
2026-03-10T01:07:10.432417-04:00,vsin_dk,draftkings,nba,nba_20260310_dallas_mavericks_atlanta_hawks,Mar 10,,Dallas Mavericks,Atlanta Hawks,9.5,51.0,49.0,21.0,79.0,239.5,38.0,62.0,68.0,32.0,16.0,84.0,26.0,74.0,30.0,30.0,True,True,1,,,,,,,,,,,,
2026-03-10T01:07:10.432417-04:00,vsin_dk,draftkings,nba,nba_20260310_phoenix_suns_milwaukee_bucks,Mar 10,,Phoenix Suns,Milwaukee Bucks,-1.5,60.0,40.0,92.0,8.0,217.5,75.0,25.0,82.0,18.0,60.0,40.0,41.0,59.0,32.0,7.0,True,False,1,,,,,,,,,,,,
2026-03-10T01:07:10.432417-04:00,vsin_dk,draftkings,nba,nba_20260310_toronto_raptors_houston_rockets,Mar 10,,Toronto Raptors,Houston Rockets,4.5,42.0,58.0,39.0,61.0,216.5,74.0,26.0,18.0,82.0,18.0,82.0,41.0,59.0,3.0,56.0,False,True,1,,,,,,,,,,,,
2026-03-10T01:07:10.432417-04:00,vsin_dk,draftkings,nba,nba_20260310_boston_celtics_san_antonio_spurs,Mar 10,,Boston Celtics,San Antonio Spurs,3.5,55.0,45.0,37.0,63.0,222.5,75.0,25.0,67.0,33.0,49.0,51.0,54.0,46.0,18.0,8.0,True,False,1,,,,,,,,,,,,
2026-03-10T01:07:10.432417-04:00,vsin_dk,draftkings,nba,nba_20260310_indiana_pacers_sacramento_kings,Mar 10,,Indiana Pacers,Sacramento Kings,3.5,50.0,50.0,32.0,68.0,235.5,53.0,47.0,90.0,10.0,30.0,70.0,43.0,57.0,18.0,37.0,True,True,1,,,,,,,,,,,,
2026-03-10T01:07:10.432417-04:00,vsin_dk,draftkings,nba,nba_20260310_chicago_bulls_golden_state_warriors,Mar 10,,Chicago Bulls,Golden State Warriors,5.5,54.0,46.0,14.0,86.0,228.5,57.0,43.0,47.0,53.0,24.0,76.0,28.0,72.0,40.0,10.0,True,False,1,,,,,,,,,,,,
2026-03-10T01:07:10.432417-04:00,vsin_dk,draftkings,nba,nba_20260310_charlotte_hornets_portland_trailblazers,Mar 10,,Charlotte Hornets,Portland Trailblazers,-3.5,66.0,34.0,50.0,50.0,227.5,48.0,52.0,6.0,94.0,79.0,21.0,72.0,28.0,16.0,42.0,True,True,1,,,,,,,,,,,,
2026-03-10T01:07:10.432417-04:00,vsin_dk,draftkings,nba,nba_20260310_minnesota_timberwolves_los_angeles_lakers,Mar 10,,Minnesota Timberwolves,Los Angeles Lakers,-1.5,58.0,42.0,81.0,19.0,233.5,69.0,31.0,84.0,16.0,47.0,53.0,84.0,16.0,23.0,15.0,True,True,1,,,,,,,,,,,,
2026-03-10T01:07:29.956496-04:00,vsin_circa,circa,nba,nba_20260309_philadelphia_76ers_cleveland_cavaliers,Mar 9,,Philadelphia 76ers,Cleveland Cavaliers,14.0,13.0,88.0,69.0,31.0,226.0,44.0,56.0,14.0,86.0,20.0,80.0,,100.0,57.0,30.0,True,True,1,,,,,,,,,,,,
2026-03-10T01:07:29.956496-04:00,vsin_circa,circa,nba,nba_20260309_memphis_grizzlies_brooklyn_nets,Mar 9,,Memphis Grizzlies,Brooklyn Nets,1.5,43.0,57.0,4.0,96.0,219.5,44.0,56.0,27.0,73.0,44.0,56.0,92.0,8.0,39.0,17.0,True,True,1,,,,,,,,,,,,
2026-03-10T01:07:29.956496-04:00,vsin_circa,circa,nba,nba_20260309_denver_nuggets_oklahoma_city_thunder,Mar 9,,Denver Nuggets,Oklahoma City Thunder,3.0,55.0,45.0,34.0,66.0,236.0,47.0,53.0,82.0,18.0,92.0,8.0,100.0,,21.0,35.0,True,True,1,,,,,,,,,,,,
2026-03-10T01:07:29.956496-04:00,vsin_circa,circa,nba,nba_20260309_golden_state_warriors_utah_jazz,Mar 9,,Golden State Warriors,Utah Jazz,-6.5,63.0,37.0,60.0,40.0,226.0,58.0,42.0,70.0,30.0,20.0,80.0,,100.0,3.0,12.0,False,False,1,,,,,,,,,,,,
2026-03-10T01:07:29.956496-04:00,vsin_circa,circa,nba,nba_20260309_new_york_knicks_los_angeles_clippers,Mar 9,,New York Knicks,Los Angeles Clippers,-2.0,48.0,52.0,74.0,26.0,221.0,64.0,36.0,30.0,70.0,67.0,33.0,91.0,9.0,26.0,34.0,True,True,1,,,,,,,,,,,,
2026-03-10T01:07:29.956496-04:00,vsin_circa,circa,nba,nba_20260310_memphis_grizzlies_philadelphia_76ers,Mar 10,,Memphis Grizzlies,Philadelphia 76ers,5.5,50.0,50.0,50.0,50.0,229.5,50.0,50.0,50.0,50.0,50.0,50.0,50.0,50.0,0.0,0.0,False,False,1,,,,,,,,,,,,
2026-03-10T01:07:29.956496-04:00,vsin_circa,circa,nba,nba_20260310_washington_wizards_miami_heat,Mar 10,,Washington Wizards,Miami Heat,15.5,33.0,67.0,33.0,67.0,242.5,50.0,50.0,50.0,50.0,,100.0,,100.0,0.0,0.0,False,False,1,,,,,,,,,,,,
2026-03-10T01:07:29.956496-04:00,vsin_circa,circa,nba,nba_20260310_detroit_pistons_brooklyn_nets,Mar 10,,Detroit Pistons,Brooklyn Nets,-14.5,50.0,50.0,50.0,50.0,217.0,50.0,50.0,50.0,50.0,50.0,50.0,50.0,50.0,0.0,0.0,False,False,1,,,,,,,,,,,,
2026-03-10T01:07:29.956496-04:00,vsin_circa,circa,nba,nba_20260310_dallas_mavericks_atlanta_hawks,Mar 10,,Dallas Mavericks,Atlanta Hawks,9.0,50.0,50.0,50.0,50.0,238.5,,100.0,,100.0,50.0,50.0,50.0,50.0,0.0,,False,,1,,,,,,,,,,,,
2026-03-10T01:07:29.956496-04:00,vsin_circa,circa,nba,nba_20260310_phoenix_suns_milwaukee_bucks,Mar 10,,Phoenix Suns,Milwaukee Bucks,-2.5,50.0,50.0,99.0,1.0,217.5,50.0,50.0,50.0,50.0,50.0,50.0,50.0,50.0,49.0,0.0,True,False,1,,,,,,,,,,,,
2026-03-10T01:07:29.956496-04:00,vsin_circa,circa,nba,nba_20260310_toronto_raptors_houston_rockets,Mar 10,,Toronto Raptors,Houston Rockets,4.0,100.0,,100.0,,217.0,50.0,50.0,50.0,50.0,100.0,,100.0,,,0.0,,False,1,,,,,,,,,,,,
2026-03-10T01:07:29.956496-04:00,vsin_circa,circa,nba,nba_20260310_boston_celtics_san_antonio_spurs,Mar 10,,Boston Celtics,San Antonio Spurs,3.5,,100.0,,100.0,222.5,50.0,50.0,50.0,50.0,50.0,50.0,50.0,50.0,0.0,0.0,False,False,1,,,,,,,,,,,,
2026-03-10T01:07:29.956496-04:00,vsin_circa,circa,nba,nba_20260310_indiana_pacers_sacramento_kings,Mar 10,,Indiana Pacers,Sacramento Kings,4.0,100.0,,100.0,,236.0,50.0,50.0,50.0,50.0,50.0,50.0,50.0,50.0,,0.0,,False,1,,,,,,,,,,,,
2026-03-10T01:07:29.956496-04:00,vsin_circa,circa,nba,nba_20260310_chicago_bulls_golden_state_warriors,Mar 10,,Chicago Bulls,Golden State Warriors,6.5,50.0,50.0,50.0,50.0,229.0,50.0,50.0,50.0,50.0,50.0,50.0,50.0,50.0,0.0,0.0,False,False,1,,,,,,,,,,,,
2026-03-10T01:07:29.956496-04:00,vsin_circa,circa,nba,nba_20260310_charlotte_hornets_portland_trailblazers,Mar 10,,Charlotte Hornets,Portland Trailblazers,-3.0,100.0,,100.0,,227.5,,100.0,,100.0,50.0,50.0,50.0,50.0,,,,,1,,,,,,,,,,,,
2026-03-10T01:07:29.956496-04:00,vsin_circa,circa,nba,nba_20260310_minnesota_timberwolves_los_angeles_lakers,Mar 10,,Minnesota Timberwolves,Los Angeles Lakers,-2.0,50.0,50.0,50.0,50.0,234.0,50.0,50.0,50.0,50.0,,100.0,,100.0,0.0,0.0,False,False,1,,,,,,,,,,,,
2026-03-10T01:37:52.349560-04:00,vsin_dk,draftkings,nba,nba_20260309_philadelphia_76ers_cleveland_cavaliers,Mar 9,,Philadelphia 76ers,Cleveland Cavaliers,14.5,33.0,67.0,12.0,88.0,226.5,63.0,37.0,59.0,41.0,13.0,87.0,18.0,82.0,21.0,4.0,True,False,1,,,,,,,,,,,,
2026-03-10T01:37:52.349560-04:00,vsin_dk,draftkings,nba,nba_20260309_memphis_grizzlies_brooklyn_nets,Mar 9,,Memphis Grizzlies,Brooklyn Nets,1.5,61.0,39.0,19.0,81.0,220.5,62.0,38.0,46.0,54.0,59.0,41.0,56.0,44.0,42.0,16.0,True,True,1,,,,,,,,,,,,
2026-03-10T01:37:52.349560-04:00,vsin_dk,draftkings,nba,nba_20260309_denver_nuggets_oklahoma_city_thunder,Mar 9,,Denver Nuggets,Oklahoma City Thunder,3.5,55.0,45.0,66.0,34.0,237.5,59.0,41.0,57.0,43.0,34.0,66.0,65.0,35.0,11.0,2.0,False,False,1,,,,,,,,,,,,
2026-03-10T01:37:52.349560-04:00,vsin_dk,draftkings,nba,nba_20260309_golden_state_warriors_utah_jazz,Mar 9,,Golden State Warriors,Utah Jazz,-6.5,58.0,42.0,59.0,41.0,224.5,62.0,38.0,59.0,41.0,78.0,22.0,69.0,31.0,1.0,3.0,False,False,1,,,,,,,,,,,,
2026-03-10T01:37:52.349560-04:00,vsin_dk,draftkings,nba,nba_20260309_new_york_knicks_los_angeles_clippers,Mar 9,,New York Knicks,Los Angeles Clippers,-1.5,68.0,32.0,70.0,30.0,220.5,75.0,25.0,63.0,37.0,71.0,29.0,78.0,22.0,2.0,12.0,False,False,1,,,,,,,,,,,,
2026-03-10T01:37:52.349560-04:00,vsin_dk,draftkings,nba,nba_20260310_memphis_grizzlies_philadelphia_76ers,Mar 10,,Memphis Grizzlies,Philadelphia 76ers,4.5,38.0,62.0,46.0,54.0,229.5,55.0,45.0,15.0,85.0,15.0,85.0,54.0,46.0,8.0,40.0,False,True,1,,,,,,,,,,,,
2026-03-10T01:37:52.349560-04:00,vsin_dk,draftkings,nba,nba_20260310_washington_wizards_miami_heat,Mar 10,,Washington Wizards,Miami Heat,15.5,47.0,53.0,18.0,82.0,243.5,32.0,68.0,76.0,24.0,12.0,88.0,19.0,81.0,29.0,44.0,True,True,1,,,,,,,,,,,,
2026-03-10T01:37:52.349560-04:00,vsin_dk,draftkings,nba,nba_20260310_detroit_pistons_brooklyn_nets,Mar 10,,Detroit Pistons,Brooklyn Nets,-14.5,54.0,46.0,82.0,18.0,217.5,79.0,21.0,46.0,54.0,88.0,12.0,82.0,18.0,28.0,33.0,True,True,1,,,,,,,,,,,,
2026-03-10T01:37:52.349560-04:00,vsin_dk,draftkings,nba,nba_20260310_dallas_mavericks_atlanta_hawks,Mar 10,,Dallas Mavericks,Atlanta Hawks,8.5,51.0,49.0,21.0,79.0,239.5,38.0,63.0,67.0,33.0,16.0,84.0,29.0,71.0,30.0,29.0,True,True,1,,,,,,,,,,,,
2026-03-10T01:37:52.349560-04:00,vsin_dk,draftkings,nba,nba_20260310_phoenix_suns_milwaukee_bucks,Mar 10,,Phoenix Suns,Milwaukee Bucks,-1.5,60.0,40.0,92.0,8.0,217.5,76.0,24.0,83.0,17.0,60.0,40.0,42.0,58.0,32.0,7.0,True,False,1,,,,,,,,,,,,
2026-03-10T01:37:52.349560-04:00,vsin_dk,draftkings,nba,nba_20260310_toronto_raptors_houston_rockets,Mar 10,,Toronto Raptors,Houston Rockets,4.5,42.0,58.0,45.0,55.0,216.5,75.0,25.0,25.0,75.0,19.0,81.0,39.0,61.0,3.0,50.0,False,True,1,,,,,,,,,,,,
2026-03-10T01:37:52.349560-04:00,vsin_dk,draftkings,nba,nba_20260310_boston_celtics_san_antonio_spurs,Mar 10,,Boston Celtics,San Antonio Spurs,3.5,55.0,45.0,38.0,62.0,222.5,75.0,25.0,47.0,53.0,48.0,52.0,57.0,43.0,17.0,28.0,True,True,1,,,,,,,,,,,,
2026-03-10T01:37:52.349560-04:00,vsin_dk,draftkings,nba,nba_20260310_indiana_pacers_sacramento_kings,Mar 10,,Indiana Pacers,Sacramento Kings,3.5,48.0,52.0,46.0,54.0,236.5,52.0,48.0,85.0,15.0,31.0,69.0,37.0,63.0,2.0,33.0,False,True,1,,,,,,,,,,,,
2026-03-10T01:37:52.349560-04:00,vsin_dk,draftkings,nba,nba_20260310_chicago_bulls_golden_state_warriors,Mar 10,,Chicago Bulls,Golden State Warriors,5.5,55.0,45.0,8.0,92.0,228.5,55.0,45.0,30.0,70.0,25.0,75.0,28.0,72.0,47.0,25.0,True,True,1,,,,,,,,,,,,
2026-03-10T01:37:52.349560-04:00,vsin_dk,draftkings,nba,nba_20260310_charlotte_hornets_portland_trailblazers,Mar 10,,Charlotte Hornets,Portland Trailblazers,-3.5,64.0,36.0,51.0,49.0,227.5,49.0,51.0,6.0,94.0,79.0,21.0,73.0,27.0,13.0,43.0,False,True,1,,,,,,,,,,,,
2026-03-10T01:37:52.349560-04:00,vsin_dk,draftkings,nba,nba_20260310_minnesota_timberwolves_los_angeles_lakers,Mar 10,,Minnesota Timberwolves,Los Angeles Lakers,-1.5,57.0,43.0,82.0,18.0,233.5,67.0,33.0,82.0,18.0,47.0,53.0,85.0,15.0,25.0,15.0,True,True,1,,,,,,,,,,,,
2026-03-10T01:38:14.302099-04:00,vsin_circa,circa,nba,nba_20260309_philadelphia_76ers_cleveland_cavaliers,Mar 9,,Philadelphia 76ers,Cleveland Cavaliers,14.0,13.0,88.0,69.0,31.0,226.0,44.0,56.0,14.0,86.0,20.0,80.0,,100.0,57.0,30.0,True,True,1,,,,,,,,,,,,
2026-03-10T01:38:14.302099-04:00,vsin_circa,circa,nba,nba_20260309_memphis_grizzlies_brooklyn_nets,Mar 9,,Memphis Grizzlies,Brooklyn Nets,1.5,43.0,57.0,4.0,96.0,219.5,44.0,56.0,27.0,73.0,44.0,56.0,92.0,8.0,39.0,17.0,True,True,1,,,,,,,,,,,,
2026-03-10T01:38:14.302099-04:00,vsin_circa,circa,nba,nba_20260309_denver_nuggets_oklahoma_city_thunder,Mar 9,,Denver Nuggets,Oklahoma City Thunder,3.0,55.0,45.0,34.0,66.0,236.0,47.0,53.0,82.0,18.0,92.0,8.0,100.0,,21.0,35.0,True,True,1,,,,,,,,,,,,
2026-03-10T01:38:14.302099-04:00,vsin_circa,circa,nba,nba_20260309_golden_state_warriors_utah_jazz,Mar 9,,Golden State Warriors,Utah Jazz,-6.5,63.0,37.0,60.0,40.0,226.0,58.0,42.0,70.0,30.0,20.0,80.0,,100.0,3.0,12.0,False,False,1,,,,,,,,,,,,
2026-03-10T01:38:14.302099-04:00,vsin_circa,circa,nba,nba_20260309_new_york_knicks_los_angeles_clippers,Mar 9,,New York Knicks,Los Angeles Clippers,-2.0,48.0,52.0,74.0,26.0,221.0,64.0,36.0,30.0,70.0,67.0,33.0,91.0,9.0,26.0,34.0,True,True,1,,,,,,,,,,,,
2026-03-10T01:38:14.302099-04:00,vsin_circa,circa,nba,nba_20260310_memphis_grizzlies_philadelphia_76ers,Mar 10,,Memphis Grizzlies,Philadelphia 76ers,5.5,50.0,50.0,50.0,50.0,229.5,50.0,50.0,50.0,50.0,50.0,50.0,50.0,50.0,0.0,0.0,False,False,1,,,,,,,,,,,,
2026-03-10T01:38:14.302099-04:00,vsin_circa,circa,nba,nba_20260310_washington_wizards_miami_heat,Mar 10,,Washington Wizards,Miami Heat,15.5,33.0,67.0,33.0,67.0,242.5,50.0,50.0,50.0,50.0,,100.0,,100.0,0.0,0.0,False,False,1,,,,,,,,,,,,
2026-03-10T01:38:14.302099-04:00,vsin_circa,circa,nba,nba_20260310_detroit_pistons_brooklyn_nets,Mar 10,,Detroit Pistons,Brooklyn Nets,-14.5,50.0,50.0,50.0,50.0,217.0,50.0,50.0,50.0,50.0,50.0,50.0,50.0,50.0,0.0,0.0,False,False,1,,,,,,,,,,,,
2026-03-10T01:38:14.302099-04:00,vsin_circa,circa,nba,nba_20260310_dallas_mavericks_atlanta_hawks,Mar 10,,Dallas Mavericks,Atlanta Hawks,9.0,50.0,50.0,50.0,50.0,238.5,,100.0,,100.0,50.0,50.0,50.0,50.0,0.0,,False,,1,,,,,,,,,,,,
2026-03-10T01:38:14.302099-04:00,vsin_circa,circa,nba,nba_20260310_phoenix_suns_milwaukee_bucks,Mar 10,,Phoenix Suns,Milwaukee Bucks,-2.5,50.0,50.0,99.0,1.0,217.5,50.0,50.0,50.0,50.0,50.0,50.0,50.0,50.0,49.0,0.0,True,False,1,,,,,,,,,,,,
2026-03-10T01:38:14.302099-04:00,vsin_circa,circa,nba,nba_20260310_toronto_raptors_houston_rockets,Mar 10,,Toronto Raptors,Houston Rockets,5.0,50.0,50.0,50.0,50.0,217.0,50.0,50.0,50.0,50.0,100.0,,100.0,,0.0,0.0,False,False,1,,,,,,,,,,,,
2026-03-10T01:38:14.302099-04:00,vsin_circa,circa,nba,nba_20260310_boston_celtics_san_antonio_spurs,Mar 10,,Boston Celtics,San Antonio Spurs,3.5,,100.0,,100.0,222.5,50.0,50.0,50.0,50.0,50.0,50.0,50.0,50.0,0.0,0.0,False,False,1,,,,,,,,,,,,
2026-03-10T01:38:14.302099-04:00,vsin_circa,circa,nba,nba_20260310_indiana_pacers_sacramento_kings,Mar 10,,Indiana Pacers,Sacramento Kings,4.0,100.0,,100.0,,236.0,50.0,50.0,50.0,50.0,50.0,50.0,50.0,50.0,,0.0,,False,1,,,,,,,,,,,,
2026-03-10T01:38:14.302099-04:00,vsin_circa,circa,nba,nba_20260310_chicago_bulls_golden_state_warriors,Mar 10,,Chicago Bulls,Golden State Warriors,6.5,50.0,50.0,50.0,50.0,227.5,50.0,50.0,50.0,50.0,50.0,50.0,50.0,50.0,0.0,0.0,False,False,1,,,,,,,,,,,,
2026-03-10T01:38:14.302099-04:00,vsin_circa,circa,nba,nba_20260310_charlotte_hornets_portland_trailblazers,Mar 10,,Charlotte Hornets,Portland Trailblazers,-3.0,100.0,,100.0,,227.5,,100.0,,100.0,50.0,50.0,50.0,50.0,,,,,1,,,,,,,,,,,,
2026-03-10T01:38:14.302099-04:00,vsin_circa,circa,nba,nba_20260310_minnesota_timberwolves_los_angeles_lakers,Mar 10,,Minnesota Timberwolves,Los Angeles Lakers,-2.0,50.0,50.0,50.0,50.0,234.0,50.0,50.0,50.0,50.0,,100.0,,100.0,0.0,0.0,False,False,1,,,,,,,,,,,,
2026-03-10T02:07:34.143437-04:00,vsin_dk,draftkings,nba,nba_20260309_philadelphia_76ers_cleveland_cavaliers,Mar 9,,Philadelphia 76ers,Cleveland Cavaliers,14.5,33.0,67.0,12.0,88.0,226.5,63.0,37.0,59.0,41.0,13.0,87.0,18.0,82.0,21.0,4.0,True,False,1,,,,,,,,,,,,
2026-03-10T02:07:34.143437-04:00,vsin_dk,draftkings,nba,nba_20260309_memphis_grizzlies_brooklyn_nets,Mar 9,,Memphis Grizzlies,Brooklyn Nets,1.5,61.0,39.0,19.0,81.0,220.5,62.0,38.0,46.0,54.0,59.0,41.0,56.0,44.0,42.0,16.0,True,True,1,,,,,,,,,,,,
2026-03-10T02:07:34.143437-04:00,vsin_dk,draftkings,nba,nba_20260309_denver_nuggets_oklahoma_city_thunder,Mar 9,,Denver Nuggets,Oklahoma City Thunder,3.5,55.0,45.0,66.0,34.0,237.5,59.0,41.0,57.0,43.0,34.0,66.0,65.0,35.0,11.0,2.0,False,False,1,,,,,,,,,,,,
2026-03-10T02:07:34.143437-04:00,vsin_dk,draftkings,nba,nba_20260309_golden_state_warriors_utah_jazz,Mar 9,,Golden State Warriors,Utah Jazz,-6.5,58.0,42.0,59.0,41.0,224.5,62.0,38.0,59.0,41.0,78.0,22.0,69.0,31.0,1.0,3.0,False,False,1,,,,,,,,,,,,
2026-03-10T02:07:34.143437-04:00,vsin_dk,draftkings,nba,nba_20260309_new_york_knicks_los_angeles_clippers,Mar 9,,New York Knicks,Los Angeles Clippers,-1.5,68.0,32.0,70.0,30.0,220.5,75.0,25.0,63.0,37.0,71.0,29.0,78.0,22.0,2.0,12.0,False,False,1,,,,,,,,,,,,
2026-03-10T02:07:34.143437-04:00,vsin_dk,draftkings,nba,nba_20260310_memphis_grizzlies_philadelphia_76ers,Mar 10,,Memphis Grizzlies,Philadelphia 76ers,4.5,37.0,63.0,67.0,33.0,229.5,56.0,44.0,16.0,84.0,18.0,82.0,47.0,53.0,30.0,40.0,True,True,1,,,,,,,,,,,,
2026-03-10T02:07:34.143437-04:00,vsin_dk,draftkings,nba,nba_20260310_washington_wizards_miami_heat,Mar 10,,Washington Wizards,Miami Heat,15.5,48.0,52.0,25.0,75.0,243.5,31.0,69.0,76.0,24.0,12.0,88.0,19.0,81.0,23.0,45.0,True,True,1,,,,,,,,,,,,
2026-03-10T02:07:34.143437-04:00,vsin_dk,draftkings,nba,nba_20260310_detroit_pistons_brooklyn_nets,Mar 10,,Detroit Pistons,Brooklyn Nets,-14.5,53.0,47.0,78.0,22.0,216.5,78.0,22.0,46.0,54.0,88.0,12.0,82.0,18.0,25.0,32.0,True,True,1,,,,,,,,,,,,
2026-03-10T02:07:34.143437-04:00,vsin_dk,draftkings,nba,nba_20260310_dallas_mavericks_atlanta_hawks,Mar 10,,Dallas Mavericks,Atlanta Hawks,8.5,50.0,50.0,20.0,80.0,239.5,38.0,62.0,66.0,34.0,17.0,83.0,29.0,71.0,30.0,28.0,True,True,1,,,,,,,,,,,,
2026-03-10T02:07:34.143437-04:00,vsin_dk,draftkings,nba,nba_20260310_phoenix_suns_milwaukee_bucks,Mar 10,,Phoenix Suns,Milwaukee Bucks,-1.5,61.0,39.0,93.0,7.0,217.5,77.0,23.0,83.0,17.0,60.0,40.0,42.0,58.0,32.0,6.0,True,False,1,,,,,,,,,,,,
2026-03-10T02:07:34.143437-04:00,vsin_dk,draftkings,nba,nba_20260310_toronto_raptors_houston_rockets,Mar 10,,Toronto Raptors,Houston Rockets,4.5,42.0,58.0,40.0,60.0,216.5,75.0,25.0,27.0,73.0,19.0,81.0,39.0,61.0,2.0,48.0,False,True,1,,,,,,,,,,,,
2026-03-10T02:07:34.143437-04:00,vsin_dk,draftkings,nba,nba_20260310_boston_celtics_san_antonio_spurs,Mar 10,,Boston Celtics,San Antonio Spurs,3.5,55.0,45.0,39.0,61.0,222.5,75.0,25.0,49.0,51.0,48.0,52.0,61.0,39.0,16.0,26.0,True,True,1,,,,,,,,,,,,
2026-03-10T02:07:34.143437-04:00,vsin_dk,draftkings,nba,nba_20260310_indiana_pacers_sacramento_kings,Mar 10,,Indiana Pacers,Sacramento Kings,3.5,47.0,53.0,36.0,64.0,236.5,50.0,50.0,84.0,16.0,31.0,69.0,35.0,65.0,11.0,34.0,False,True,1,,,,,,,,,,,,
2026-03-10T02:07:34.143437-04:00,vsin_dk,draftkings,nba,nba_20260310_chicago_bulls_golden_state_warriors,Mar 10,,Chicago Bulls,Golden State Warriors,5.5,56.0,44.0,12.0,88.0,228.5,55.0,45.0,28.0,72.0,25.0,75.0,20.0,80.0,44.0,27.0,True,True,1,,,,,,,,,,,,
2026-03-10T02:07:34.143437-04:00,vsin_dk,draftkings,nba,nba_20260310_charlotte_hornets_portland_trailblazers,Mar 10,,Charlotte Hornets,Portland Trailblazers,-3.5,64.0,36.0,55.0,45.0,227.5,51.0,49.0,6.0,94.0,79.0,21.0,77.0,23.0,9.0,45.0,False,True,1,,,,,,,,,,,,
2026-03-10T02:07:34.143437-04:00,vsin_dk,draftkings,nba,nba_20260310_minnesota_timberwolves_los_angeles_lakers,Mar 10,,Minnesota Timberwolves,Los Angeles Lakers,-1.5,58.0,42.0,83.0,17.0,233.5,68.0,32.0,83.0,17.0,48.0,52.0,85.0,15.0,25.0,15.0,True,True,1,,,,,,,,,,,,
2026-03-10T02:07:55.128487-04:00,vsin_circa,circa,nba,nba_20260309_philadelphia_76ers_cleveland_cavaliers,Mar 9,,Philadelphia 76ers,Cleveland Cavaliers,14.0,13.0,88.0,69.0,31.0,226.0,44.0,56.0,14.0,86.0,20.0,80.0,,100.0,57.0,30.0,True,True,1,,,,,,,,,,,,
2026-03-10T02:07:55.128487-04:00,vsin_circa,circa,nba,nba_20260309_memphis_grizzlies_brooklyn_nets,Mar 9,,Memphis Grizzlies,Brooklyn Nets,1.5,43.0,57.0,4.0,96.0,219.5,44.0,56.0,27.0,73.0,44.0,56.0,92.0,8.0,39.0,17.0,True,True,1,,,,,,,,,,,,
2026-03-10T02:07:55.128487-04:00,vsin_circa,circa,nba,nba_20260309_denver_nuggets_oklahoma_city_thunder,Mar 9,,Denver Nuggets,Oklahoma City Thunder,3.0,55.0,45.0,34.0,66.0,236.0,47.0,53.0,82.0,18.0,92.0,8.0,100.0,,21.0,35.0,True,True,1,,,,,,,,,,,,
2026-03-10T02:07:55.128487-04:00,vsin_circa,circa,nba,nba_20260309_golden_state_warriors_utah_jazz,Mar 9,,Golden State Warriors,Utah Jazz,-6.5,63.0,37.0,60.0,40.0,226.0,58.0,42.0,70.0,30.0,20.0,80.0,,100.0,3.0,12.0,False,False,1,,,,,,,,,,,,
2026-03-10T02:07:55.128487-04:00,vsin_circa,circa,nba,nba_20260309_new_york_knicks_los_angeles_clippers,Mar 9,,New York Knicks,Los Angeles Clippers,-2.0,48.0,52.0,74.0,26.0,221.0,64.0,36.0,30.0,70.0,67.0,33.0,91.0,9.0,26.0,34.0,True,True,1,,,,,,,,,,,,
2026-03-10T02:07:55.128487-04:00,vsin_circa,circa,nba,nba_20260310_memphis_grizzlies_philadelphia_76ers,Mar 10,,Memphis Grizzlies,Philadelphia 76ers,4.5,100.0,,100.0,,228.0,50.0,50.0,50.0,50.0,50.0,50.0,50.0,50.0,,0.0,,False,1,,,,,,,,,,,,
2026-03-10T02:07:55.128487-04:00,vsin_circa,circa,nba,nba_20260310_washington_wizards_miami_heat,Mar 10,,Washington Wizards,Miami Heat,15.5,33.0,67.0,33.0,67.0,242.5,50.0,50.0,50.0,50.0,,100.0,,100.0,0.0,0.0,False,False,1,,,,,,,,,,,,
2026-03-10T02:07:55.128487-04:00,vsin_circa,circa,nba,nba_20260310_detroit_pistons_brooklyn_nets,Mar 10,,Detroit Pistons,Brooklyn Nets,-14.5,50.0,50.0,50.0,50.0,217.0,50.0,50.0,50.0,50.0,50.0,50.0,50.0,50.0,0.0,0.0,False,False,1,,,,,,,,,,,,
2026-03-10T02:07:55.128487-04:00,vsin_circa,circa,nba,nba_20260310_dallas_mavericks_atlanta_hawks,Mar 10,,Dallas Mavericks,Atlanta Hawks,9.0,50.0,50.0,50.0,50.0,238.5,,100.0,,100.0,50.0,50.0,50.0,50.0,0.0,,False,,1,,,,,,,,,,,,
2026-03-10T02:07:55.128487-04:00,vsin_circa,circa,nba,nba_20260310_phoenix_suns_milwaukee_bucks,Mar 10,,Phoenix Suns,Milwaukee Bucks,-2.5,50.0,50.0,99.0,1.0,217.5,50.0,50.0,50.0,50.0,50.0,50.0,50.0,50.0,49.0,0.0,True,False,1,,,,,,,,,,,,
2026-03-10T02:07:55.128487-04:00,vsin_circa,circa,nba,nba_20260310_toronto_raptors_houston_rockets,Mar 10,,Toronto Raptors,Houston Rockets,5.0,50.0,50.0,50.0,50.0,217.0,50.0,50.0,50.0,50.0,100.0,,100.0,,0.0,0.0,False,False,1,,,,,,,,,,,,
2026-03-10T02:07:55.128487-04:00,vsin_circa,circa,nba,nba_20260310_boston_celtics_san_antonio_spurs,Mar 10,,Boston Celtics,San Antonio Spurs,3.5,,100.0,,100.0,222.5,50.0,50.0,50.0,50.0,50.0,50.0,50.0,50.0,0.0,0.0,False,False,1,,,,,,,,,,,,
2026-03-10T02:07:55.128487-04:00,vsin_circa,circa,nba,nba_20260310_indiana_pacers_sacramento_kings,Mar 10,,Indiana Pacers,Sacramento Kings,4.0,100.0,,100.0,,236.0,50.0,50.0,50.0,50.0,50.0,50.0,50.0,50.0,,0.0,,False,1,,,,,,,,,,,,
2026-03-10T02:07:55.128487-04:00,vsin_circa,circa,nba,nba_20260310_chicago_bulls_golden_state_warriors,Mar 10,,Chicago Bulls,Golden State Warriors,6.5,50.0,50.0,50.0,50.0,227.5,50.0,50.0,50.0,50.0,50.0,50.0,50.0,50.0,0.0,0.0,False,False,1,,,,,,,,,,,,
2026-03-10T02:07:55.128487-04:00,vsin_circa,circa,nba,nba_20260310_charlotte_hornets_portland_trailblazers,Mar 10,,Charlotte Hornets,Portland Trailblazers,-3.0,100.0,,100.0,,227.5,,100.0,,100.0,50.0,50.0,50.0,50.0,,,,,1,,,,,,,,,,,,
2026-03-10T02:07:55.128487-04:00,vsin_circa,circa,nba,nba_20260310_minnesota_timberwolves_los_angeles_lakers,Mar 10,,Minnesota Timberwolves,Los Angeles Lakers,-2.0,50.0,50.0,50.0,50.0,234.0,50.0,50.0,50.0,50.0,,100.0,,100.0,0.0,0.0,False,False,1,,,,,,,,,,,,
2026-03-10T02:37:28.772420-04:00,vsin_dk,draftkings,nba,nba_20260309_philadelphia_76ers_cleveland_cavaliers,Mar 9,,Philadelphia 76ers,Cleveland Cavaliers,14.5,33.0,67.0,12.0,88.0,226.5,63.0,37.0,59.0,41.0,13.0,87.0,18.0,82.0,21.0,4.0,True,False,1,,,,,,,,,,,,
2026-03-10T02:37:28.772420-04:00,vsin_dk,draftkings,nba,nba_20260309_memphis_grizzlies_brooklyn_nets,Mar 9,,Memphis Grizzlies,Brooklyn Nets,1.5,61.0,39.0,19.0,81.0,220.5,62.0,38.0,46.0,54.0,59.0,41.0,56.0,44.0,42.0,16.0,True,True,1,,,,,,,,,,,,
2026-03-10T02:37:28.772420-04:00,vsin_dk,draftkings,nba,nba_20260309_denver_nuggets_oklahoma_city_thunder,Mar 9,,Denver Nuggets,Oklahoma City Thunder,3.5,55.0,45.0,66.0,34.0,237.5,59.0,41.0,57.0,43.0,34.0,66.0,65.0,35.0,11.0,2.0,False,False,1,,,,,,,,,,,,
2026-03-10T02:37:28.772420-04:00,vsin_dk,draftkings,nba,nba_20260309_golden_state_warriors_utah_jazz,Mar 9,,Golden State Warriors,Utah Jazz,-6.5,58.0,42.0,59.0,41.0,224.5,62.0,38.0,59.0,41.0,78.0,22.0,69.0,31.0,1.0,3.0,False,False,1,,,,,,,,,,,,
2026-03-10T02:37:28.772420-04:00,vsin_dk,draftkings,nba,nba_20260309_new_york_knicks_los_angeles_clippers,Mar 9,,New York Knicks,Los Angeles Clippers,-1.5,68.0,32.0,70.0,30.0,220.5,75.0,25.0,63.0,37.0,71.0,29.0,78.0,22.0,2.0,12.0,False,False,1,,,,,,,,,,,,
2026-03-10T02:37:28.772420-04:00,vsin_dk,draftkings,nba,nba_20260310_memphis_grizzlies_philadelphia_76ers,Mar 10,,Memphis Grizzlies,Philadelphia 76ers,4.5,36.0,64.0,67.0,33.0,229.5,55.0,45.0,17.0,83.0,18.0,82.0,42.0,58.0,31.0,38.0,True,True,1,,,,,,,,,,,,
2026-03-10T02:37:28.772420-04:00,vsin_dk,draftkings,nba,nba_20260310_washington_wizards_miami_heat,Mar 10,,Washington Wizards,Miami Heat,15.5,49.0,51.0,24.0,76.0,243.5,30.0,70.0,75.0,25.0,12.0,88.0,19.0,81.0,25.0,45.0,True,True,1,,,,,,,,,,,,
2026-03-10T02:37:28.772420-04:00,vsin_dk,draftkings,nba,nba_20260310_detroit_pistons_brooklyn_nets,Mar 10,,Detroit Pistons,Brooklyn Nets,-14.5,53.0,47.0,78.0,22.0,216.5,78.0,22.0,45.0,55.0,88.0,12.0,82.0,18.0,25.0,33.0,True,True,1,,,,,,,,,,,,
2026-03-10T02:37:28.772420-04:00,vsin_dk,draftkings,nba,nba_20260310_dallas_mavericks_atlanta_hawks,Mar 10,,Dallas Mavericks,Atlanta Hawks,8.5,50.0,50.0,20.0,80.0,239.5,38.0,62.0,63.0,37.0,17.0,83.0,29.0,71.0,30.0,25.0,True,True,1,,,,,,,,,,,,
2026-03-10T02:37:28.772420-04:00,vsin_dk,draftkings,nba,nba_20260310_phoenix_suns_milwaukee_bucks,Mar 10,,Phoenix Suns,Milwaukee Bucks,-1.5,61.0,39.0,93.0,7.0,217.5,77.0,23.0,83.0,17.0,60.0,40.0,43.0,57.0,32.0,6.0,True,False,1,,,,,,,,,,,,
2026-03-10T02:37:28.772420-04:00,vsin_dk,draftkings,nba,nba_20260310_toronto_raptors_houston_rockets,Mar 10,,Toronto Raptors,Houston Rockets,4.5,42.0,58.0,33.0,67.0,216.5,76.0,24.0,30.0,70.0,20.0,80.0,38.0,62.0,9.0,46.0,False,True,1,,,,,,,,,,,,
2026-03-10T02:37:28.772420-04:00,vsin_dk,draftkings,nba,nba_20260310_boston_celtics_san_antonio_spurs,Mar 10,,Boston Celtics,San Antonio Spurs,3.5,56.0,44.0,41.0,59.0,222.5,75.0,25.0,49.0,51.0,48.0,52.0,58.0,42.0,15.0,26.0,True,True,1,,,,,,,,,,,,
2026-03-10T02:37:28.772420-04:00,vsin_dk,draftkings,nba,nba_20260310_indiana_pacers_sacramento_kings,Mar 10,,Indiana Pacers,Sacramento Kings,3.5,45.0,55.0,32.0,68.0,236.5,48.0,52.0,83.0,17.0,31.0,69.0,29.0,71.0,13.0,35.0,False,True,1,,,,,,,,,,,,
2026-03-10T02:37:28.772420-04:00,vsin_dk,draftkings,nba,nba_20260310_chicago_bulls_golden_state_warriors,Mar 10,,Chicago Bulls,Golden State Warriors,5.5,57.0,43.0,12.0,88.0,228.5,55.0,45.0,26.0,74.0,25.0,75.0,16.0,84.0,45.0,29.0,True,True,1,,,,,,,,,,,,
2026-03-10T02:37:28.772420-04:00,vsin_dk,draftkings,nba,nba_20260310_charlotte_hornets_portland_trailblazers,Mar 10,,Charlotte Hornets,Portland Trailblazers,-3.5,63.0,37.0,61.0,39.0,227.5,53.0,47.0,6.0,94.0,79.0,21.0,77.0,23.0,2.0,47.0,False,True,1,,,,,,,,,,,,
2026-03-10T02:37:28.772420-04:00,vsin_dk,draftkings,nba,nba_20260310_minnesota_timberwolves_los_angeles_lakers,Mar 10,,Minnesota Timberwolves,Los Angeles Lakers,-1.5,58.0,42.0,81.0,19.0,233.5,68.0,32.0,83.0,17.0,48.0,52.0,84.0,16.0,23.0,15.0,True,True,1,,,,,,,,,,,,
2026-03-10T02:37:49.400857-04:00,vsin_circa,circa,nba,nba_20260309_philadelphia_76ers_cleveland_cavaliers,Mar 9,,Philadelphia 76ers,Cleveland Cavaliers,14.0,13.0,88.0,69.0,31.0,226.0,44.0,56.0,14.0,86.0,20.0,80.0,,100.0,57.0,30.0,True,True,1,,,,,,,,,,,,
2026-03-10T02:37:49.400857-04:00,vsin_circa,circa,nba,nba_20260309_memphis_grizzlies_brooklyn_nets,Mar 9,,Memphis Grizzlies,Brooklyn Nets,1.5,43.0,57.0,4.0,96.0,219.5,44.0,56.0,27.0,73.0,44.0,56.0,92.0,8.0,39.0,17.0,True,True,1,,,,,,,,,,,,
2026-03-10T02:37:49.400857-04:00,vsin_circa,circa,nba,nba_20260309_denver_nuggets_oklahoma_city_thunder,Mar 9,,Denver Nuggets,Oklahoma City Thunder,3.0,55.0,45.0,34.0,66.0,236.0,47.0,53.0,82.0,18.0,92.0,8.0,100.0,,21.0,35.0,True,True,1,,,,,,,,,,,,
2026-03-10T02:37:49.400857-04:00,vsin_circa,circa,nba,nba_20260309_golden_state_warriors_utah_jazz,Mar 9,,Golden State Warriors,Utah Jazz,-6.5,63.0,37.0,60.0,40.0,226.0,58.0,42.0,70.0,30.0,20.0,80.0,,100.0,3.0,12.0,False,False,1,,,,,,,,,,,,
2026-03-10T02:37:49.400857-04:00,vsin_circa,circa,nba,nba_20260309_new_york_knicks_los_angeles_clippers,Mar 9,,New York Knicks,Los Angeles Clippers,-2.0,48.0,52.0,74.0,26.0,221.0,64.0,36.0,30.0,70.0,67.0,33.0,91.0,9.0,26.0,34.0,True,True,1,,,,,,,,,,,,
2026-03-10T02:37:49.400857-04:00,vsin_circa,circa,nba,nba_20260310_memphis_grizzlies_philadelphia_76ers,Mar 10,,Memphis Grizzlies,Philadelphia 76ers,4.5,100.0,,100.0,,228.0,50.0,50.0,50.0,50.0,100.0,,100.0,,,0.0,,False,1,,,,,,,,,,,,
2026-03-10T02:37:49.400857-04:00,vsin_circa,circa,nba,nba_20260310_washington_wizards_miami_heat,Mar 10,,Washington Wizards,Miami Heat,15.5,33.0,67.0,33.0,67.0,242.5,50.0,50.0,50.0,50.0,,100.0,,100.0,0.0,0.0,False,False,1,,,,,,,,,,,,
2026-03-10T02:37:49.400857-04:00,vsin_circa,circa,nba,nba_20260310_detroit_pistons_brooklyn_nets,Mar 10,,Detroit Pistons,Brooklyn Nets,-14.5,50.0,50.0,50.0,50.0,217.0,50.0,50.0,50.0,50.0,50.0,50.0,50.0,50.0,0.0,0.0,False,False,1,,,,,,,,,,,,
2026-03-10T02:37:49.400857-04:00,vsin_circa,circa,nba,nba_20260310_dallas_mavericks_atlanta_hawks,Mar 10,,Dallas Mavericks,Atlanta Hawks,9.0,50.0,50.0,50.0,50.0,238.5,,100.0,,100.0,100.0,,100.0,,0.0,,False,,1,,,,,,,,,,,,
2026-03-10T02:37:49.400857-04:00,vsin_circa,circa,nba,nba_20260310_phoenix_suns_milwaukee_bucks,Mar 10,,Phoenix Suns,Milwaukee Bucks,-2.5,50.0,50.0,99.0,1.0,217.5,50.0,50.0,50.0,50.0,,100.0,,100.0,49.0,0.0,True,False,1,,,,,,,,,,,,
2026-03-10T02:37:49.400857-04:00,vsin_circa,circa,nba,nba_20260310_toronto_raptors_houston_rockets,Mar 10,,Toronto Raptors,Houston Rockets,5.0,50.0,50.0,50.0,50.0,217.0,50.0,50.0,50.0,50.0,100.0,,100.0,,0.0,0.0,False,False,1,,,,,,,,,,,,
2026-03-10T02:37:49.400857-04:00,vsin_circa,circa,nba,nba_20260310_boston_celtics_san_antonio_spurs,Mar 10,,Boston Celtics,San Antonio Spurs,3.5,,100.0,,100.0,222.5,50.0,50.0,50.0,50.0,50.0,50.0,50.0,50.0,0.0,0.0,False,False,1,,,,,,,,,,,,
2026-03-10T02:37:49.400857-04:00,vsin_circa,circa,nba,nba_20260310_indiana_pacers_sacramento_kings,Mar 10,,Indiana Pacers,Sacramento Kings,4.0,100.0,,100.0,,236.0,50.0,50.0,50.0,50.0,100.0,,100.0,,,0.0,,False,1,,,,,,,,,,,,
2026-03-10T02:37:49.400857-04:00,vsin_circa,circa,nba,nba_20260310_chicago_bulls_golden_state_warriors,Mar 10,,Chicago Bulls,Golden State Warriors,6.5,50.0,50.0,50.0,50.0,227.5,50.0,50.0,50.0,50.0,100.0,,100.0,,0.0,0.0,False,False,1,,,,,,,,,,,,
2026-03-10T02:37:49.400857-04:00,vsin_circa,circa,nba,nba_20260310_charlotte_hornets_portland_trailblazers,Mar 10,,Charlotte Hornets,Portland Trailblazers,-3.0,100.0,,100.0,,227.5,,100.0,,100.0,,100.0,,100.0,,,,,1,,,,,,,,,,,,
2026-03-10T02:37:49.400857-04:00,vsin_circa,circa,nba,nba_20260310_minnesota_timberwolves_los_angeles_lakers,Mar 10,,Minnesota Timberwolves,Los Angeles Lakers,-2.0,50.0,50.0,50.0,50.0,234.0,50.0,50.0,50.0,50.0,,100.0,,100.0,0.0,0.0,False,False,1,,,,,,,,,,,,
2026-03-10T03:08:08.270430-04:00,vsin_dk,draftkings,nba,nba_20260309_philadelphia_76ers_cleveland_cavaliers,Mar 9,,Philadelphia 76ers,Cleveland Cavaliers,14.5,33.0,67.0,12.0,88.0,226.5,63.0,37.0,59.0,41.0,13.0,87.0,18.0,82.0,21.0,4.0,True,False,1,,,,,,,,,,,,
2026-03-10T03:08:08.270430-04:00,vsin_dk,draftkings,nba,nba_20260309_memphis_grizzlies_brooklyn_nets,Mar 9,,Memphis Grizzlies,Brooklyn Nets,1.5,61.0,39.0,19.0,81.0,220.5,62.0,38.0,46.0,54.0,59.0,41.0,56.0,44.0,42.0,16.0,True,True,1,,,,,,,,,,,,
2026-03-10T03:08:08.270430-04:00,vsin_dk,draftkings,nba,nba_20260309_denver_nuggets_oklahoma_city_thunder,Mar 9,,Denver Nuggets,Oklahoma City Thunder,3.5,55.0,45.0,66.0,34.0,237.5,59.0,41.0,57.0,43.0,34.0,66.0,65.0,35.0,11.0,2.0,False,False,1,,,,,,,,,,,,
2026-03-10T03:08:08.270430-04:00,vsin_dk,draftkings,nba,nba_20260309_golden_state_warriors_utah_jazz,Mar 9,,Golden State Warriors,Utah Jazz,-6.5,58.0,42.0,59.0,41.0,224.5,62.0,38.0,59.0,41.0,78.0,22.0,69.0,31.0,1.0,3.0,False,False,1,,,,,,,,,,,,
2026-03-10T03:08:08.270430-04:00,vsin_dk,draftkings,nba,nba_20260309_new_york_knicks_los_angeles_clippers,Mar 9,,New York Knicks,Los Angeles Clippers,-1.5,68.0,32.0,70.0,30.0,220.5,75.0,25.0,63.0,37.0,71.0,29.0,78.0,22.0,2.0,12.0,False,False,1,,,,,,,,,,,,
2026-03-10T03:08:08.270430-04:00,vsin_dk,draftkings,nba,nba_20260310_memphis_grizzlies_philadelphia_76ers,Mar 10,,Memphis Grizzlies,Philadelphia 76ers,4.5,36.0,64.0,66.0,34.0,229.5,54.0,46.0,19.0,81.0,19.0,81.0,40.0,60.0,30.0,35.0,True,True,1,,,,,,,,,,,,
2026-03-10T03:08:08.270430-04:00,vsin_dk,draftkings,nba,nba_20260310_washington_wizards_miami_heat,Mar 10,,Washington Wizards,Miami Heat,15.5,48.0,52.0,24.0,76.0,242.5,30.0,70.0,67.0,33.0,12.0,88.0,13.0,87.0,24.0,37.0,True,True,1,,,,,,,,,,,,
2026-03-10T03:08:08.270430-04:00,vsin_dk,draftkings,nba,nba_20260310_detroit_pistons_brooklyn_nets,Mar 10,,Detroit Pistons,Brooklyn Nets,-14.5,54.0,46.0,82.0,18.0,217.5,77.0,23.0,46.0,54.0,88.0,12.0,81.0,19.0,28.0,31.0,True,True,1,,,,,,,,,,,,
2026-03-10T03:08:08.270430-04:00,vsin_dk,draftkings,nba,nba_20260310_dallas_mavericks_atlanta_hawks,Mar 10,,Dallas Mavericks,Atlanta Hawks,8.5,50.0,50.0,20.0,80.0,239.5,38.0,62.0,63.0,37.0,17.0,83.0,30.0,70.0,30.0,25.0,True,True,1,,,,,,,,,,,,
2026-03-10T03:08:08.270430-04:00,vsin_dk,draftkings,nba,nba_20260310_phoenix_suns_milwaukee_bucks,Mar 10,,Phoenix Suns,Milwaukee Bucks,-1.5,62.0,38.0,93.0,7.0,217.5,77.0,23.0,83.0,17.0,60.0,40.0,45.0,55.0,31.0,6.0,True,False,1,,,,,,,,,,,,
2026-03-10T03:08:08.270430-04:00,vsin_dk,draftkings,nba,nba_20260310_toronto_raptors_houston_rockets,Mar 10,,Toronto Raptors,Houston Rockets,4.5,42.0,58.0,33.0,67.0,216.5,75.0,25.0,31.0,69.0,20.0,80.0,37.0,63.0,9.0,44.0,False,True,1,,,,,,,,,,,,
2026-03-10T03:08:08.270430-04:00,vsin_dk,draftkings,nba,nba_20260310_boston_celtics_san_antonio_spurs,Mar 10,,Boston Celtics,San Antonio Spurs,3.5,55.0,45.0,43.0,57.0,222.5,76.0,24.0,49.0,51.0,48.0,52.0,58.0,42.0,12.0,27.0,False,True,1,,,,,,,,,,,,
2026-03-10T03:08:08.270430-04:00,vsin_dk,draftkings,nba,nba_20260310_indiana_pacers_sacramento_kings,Mar 10,,Indiana Pacers,Sacramento Kings,3.5,45.0,55.0,32.0,68.0,235.5,48.0,52.0,83.0,17.0,30.0,70.0,29.0,71.0,13.0,35.0,False,True,1,,,,,,,,,,,,
2026-03-10T03:08:08.270430-04:00,vsin_dk,draftkings,nba,nba_20260310_chicago_bulls_golden_state_warriors,Mar 10,,Chicago Bulls,Golden State Warriors,5.5,56.0,44.0,12.0,88.0,228.5,57.0,43.0,27.0,73.0,25.0,75.0,17.0,83.0,44.0,30.0,True,True,1,,,,,,,,,,,,
2026-03-10T03:08:08.270430-04:00,vsin_dk,draftkings,nba,nba_20260310_charlotte_hornets_portland_trailblazers,Mar 10,,Charlotte Hornets,Portland Trailblazers,-3.5,64.0,36.0,61.0,39.0,227.5,54.0,46.0,6.0,94.0,79.0,21.0,77.0,23.0,3.0,48.0,False,True,1,,,,,,,,,,,,
2026-03-10T03:08:08.270430-04:00,vsin_dk,draftkings,nba,nba_20260310_minnesota_timberwolves_los_angeles_lakers,Mar 10,,Minnesota Timberwolves,Los Angeles Lakers,-1.5,58.0,42.0,81.0,19.0,234.5,67.0,33.0,83.0,17.0,48.0,52.0,84.0,16.0,23.0,16.0,True,True,1,,,,,,,,,,,,
2026-03-10T03:08:28.419325-04:00,vsin_circa,circa,nba,nba_20260309_philadelphia_76ers_cleveland_cavaliers,Mar 9,,Philadelphia 76ers,Cleveland Cavaliers,14.0,13.0,88.0,69.0,31.0,226.0,44.0,56.0,14.0,86.0,20.0,80.0,,100.0,57.0,30.0,True,True,1,,,,,,,,,,,,
2026-03-10T03:08:28.419325-04:00,vsin_circa,circa,nba,nba_20260309_memphis_grizzlies_brooklyn_nets,Mar 9,,Memphis Grizzlies,Brooklyn Nets,1.5,43.0,57.0,4.0,96.0,219.5,44.0,56.0,27.0,73.0,44.0,56.0,92.0,8.0,39.0,17.0,True,True,1,,,,,,,,,,,,
2026-03-10T03:08:28.419325-04:00,vsin_circa,circa,nba,nba_20260309_denver_nuggets_oklahoma_city_thunder,Mar 9,,Denver Nuggets,Oklahoma City Thunder,3.0,55.0,45.0,34.0,66.0,236.0,47.0,53.0,82.0,18.0,92.0,8.0,100.0,,21.0,35.0,True,True,1,,,,,,,,,,,,
2026-03-10T03:08:28.419325-04:00,vsin_circa,circa,nba,nba_20260309_golden_state_warriors_utah_jazz,Mar 9,,Golden State Warriors,Utah Jazz,-6.5,63.0,37.0,60.0,40.0,226.0,58.0,42.0,70.0,30.0,20.0,80.0,,100.0,3.0,12.0,False,False,1,,,,,,,,,,,,
2026-03-10T03:08:28.419325-04:00,vsin_circa,circa,nba,nba_20260309_new_york_knicks_los_angeles_clippers,Mar 9,,New York Knicks,Los Angeles Clippers,-2.0,48.0,52.0,74.0,26.0,221.0,64.0,36.0,30.0,70.0,67.0,33.0,91.0,9.0,26.0,34.0,True,True,1,,,,,,,,,,,,
2026-03-10T03:08:28.419325-04:00,vsin_circa,circa,nba,nba_20260310_memphis_grizzlies_philadelphia_76ers,Mar 10,,Memphis Grizzlies,Philadelphia 76ers,4.5,100.0,,100.0,,228.0,50.0,50.0,50.0,50.0,100.0,,100.0,,,0.0,,False,1,,,,,,,,,,,,
2026-03-10T03:08:28.419325-04:00,vsin_circa,circa,nba,nba_20260310_washington_wizards_miami_heat,Mar 10,,Washington Wizards,Miami Heat,15.5,33.0,67.0,33.0,67.0,242.5,50.0,50.0,50.0,50.0,,100.0,,100.0,0.0,0.0,False,False,1,,,,,,,,,,,,
2026-03-10T03:08:28.419325-04:00,vsin_circa,circa,nba,nba_20260310_detroit_pistons_brooklyn_nets,Mar 10,,Detroit Pistons,Brooklyn Nets,-14.5,50.0,50.0,50.0,50.0,217.0,50.0,50.0,50.0,50.0,50.0,50.0,50.0,50.0,0.0,0.0,False,False,1,,,,,,,,,,,,
2026-03-10T03:08:28.419325-04:00,vsin_circa,circa,nba,nba_20260310_dallas_mavericks_atlanta_hawks,Mar 10,,Dallas Mavericks,Atlanta Hawks,9.0,50.0,50.0,50.0,50.0,238.5,,100.0,,100.0,100.0,,100.0,,0.0,,False,,1,,,,,,,,,,,,
2026-03-10T03:08:28.419325-04:00,vsin_circa,circa,nba,nba_20260310_phoenix_suns_milwaukee_bucks,Mar 10,,Phoenix Suns,Milwaukee Bucks,-2.5,50.0,50.0,99.0,1.0,217.5,50.0,50.0,50.0,50.0,,100.0,,100.0,49.0,0.0,True,False,1,,,,,,,,,,,,
2026-03-10T03:08:28.419325-04:00,vsin_circa,circa,nba,nba_20260310_toronto_raptors_houston_rockets,Mar 10,,Toronto Raptors,Houston Rockets,5.0,50.0,50.0,50.0,50.0,217.0,50.0,50.0,50.0,50.0,100.0,,100.0,,0.0,0.0,False,False,1,,,,,,,,,,,,
2026-03-10T03:08:28.419325-04:00,vsin_circa,circa,nba,nba_20260310_boston_celtics_san_antonio_spurs,Mar 10,,Boston Celtics,San Antonio Spurs,3.5,,100.0,,100.0,222.5,50.0,50.0,50.0,50.0,50.0,50.0,50.0,50.0,0.0,0.0,False,False,1,,,,,,,,,,,,
2026-03-10T03:08:28.419325-04:00,vsin_circa,circa,nba,nba_20260310_indiana_pacers_sacramento_kings,Mar 10,,Indiana Pacers,Sacramento Kings,4.0,100.0,,100.0,,236.0,50.0,50.0,50.0,50.0,100.0,,100.0,,,0.0,,False,1,,,,,,,,,,,,
2026-03-10T03:08:28.419325-04:00,vsin_circa,circa,nba,nba_20260310_chicago_bulls_golden_state_warriors,Mar 10,,Chicago Bulls,Golden State Warriors,6.5,50.0,50.0,50.0,50.0,227.5,50.0,50.0,50.0,50.0,100.0,,100.0,,0.0,0.0,False,False,1,,,,,,,,,,,,
2026-03-10T03:08:28.419325-04:00,vsin_circa,circa,nba,nba_20260310_charlotte_hornets_portland_trailblazers,Mar 10,,Charlotte Hornets,Portland Trailblazers,-3.0,100.0,,100.0,,227.5,,100.0,,100.0,,100.0,,100.0,,,,,1,,,,,,,,,,,,
2026-03-10T03:08:28.419325-04:00,vsin_circa,circa,nba,nba_20260310_minnesota_timberwolves_los_angeles_lakers,Mar 10,,Minnesota Timberwolves,Los Angeles Lakers,-2.0,50.0,50.0,50.0,50.0,234.0,50.0,50.0,50.0,50.0,,100.0,,100.0,0.0,0.0,False,False,1,,,,,,,,,,,,
2026-03-10T03:36:10.022727-04:00,vsin_dk,draftkings,nba,nba_20260309_philadelphia_76ers_cleveland_cavaliers,Mar 9,,Philadelphia 76ers,Cleveland Cavaliers,14.5,33.0,67.0,12.0,88.0,226.5,63.0,37.0,59.0,41.0,13.0,87.0,18.0,82.0,21.0,4.0,True,False,1,,,,,,,,,,,,
2026-03-10T03:36:10.022727-04:00,vsin_dk,draftkings,nba,nba_20260309_memphis_grizzlies_brooklyn_nets,Mar 9,,Memphis Grizzlies,Brooklyn Nets,1.5,61.0,39.0,19.0,81.0,220.5,62.0,38.0,46.0,54.0,59.0,41.0,56.0,44.0,42.0,16.0,True,True,1,,,,,,,,,,,,
2026-03-10T03:36:10.022727-04:00,vsin_dk,draftkings,nba,nba_20260309_denver_nuggets_oklahoma_city_thunder,Mar 9,,Denver Nuggets,Oklahoma City Thunder,3.5,55.0,45.0,66.0,34.0,237.5,59.0,41.0,57.0,43.0,34.0,66.0,65.0,35.0,11.0,2.0,False,False,1,,,,,,,,,,,,
2026-03-10T03:36:10.022727-04:00,vsin_dk,draftkings,nba,nba_20260309_golden_state_warriors_utah_jazz,Mar 9,,Golden State Warriors,Utah Jazz,-6.5,58.0,42.0,59.0,41.0,224.5,62.0,38.0,59.0,41.0,78.0,22.0,69.0,31.0,1.0,3.0,False,False,1,,,,,,,,,,,,
2026-03-10T03:36:10.022727-04:00,vsin_dk,draftkings,nba,nba_20260309_new_york_knicks_los_angeles_clippers,Mar 9,,New York Knicks,Los Angeles Clippers,-1.5,68.0,32.0,70.0,30.0,220.5,75.0,25.0,63.0,37.0,71.0,29.0,78.0,22.0,2.0,12.0,False,False,1,,,,,,,,,,,,
2026-03-10T03:36:10.022727-04:00,vsin_dk,draftkings,nba,nba_20260310_memphis_grizzlies_philadelphia_76ers,Mar 10,,Memphis Grizzlies,Philadelphia 76ers,4.5,36.0,64.0,66.0,34.0,229.5,52.0,48.0,19.0,81.0,20.0,80.0,40.0,60.0,30.0,33.0,True,True,1,,,,,,,,,,,,
2026-03-10T03:36:10.022727-04:00,vsin_dk,draftkings,nba,nba_20260310_washington_wizards_miami_heat,Mar 10,,Washington Wizards,Miami Heat,15.5,49.0,51.0,23.0,77.0,242.5,29.0,71.0,67.0,33.0,12.0,88.0,13.0,87.0,26.0,38.0,True,True,1,,,,,,,,,,,,
2026-03-10T03:36:10.022727-04:00,vsin_dk,draftkings,nba,nba_20260310_detroit_pistons_brooklyn_nets,Mar 10,,Detroit Pistons,Brooklyn Nets,-14.5,54.0,46.0,82.0,18.0,217.5,76.0,24.0,46.0,54.0,88.0,12.0,81.0,19.0,28.0,30.0,True,True,1,,,,,,,,,,,,
2026-03-10T03:36:10.022727-04:00,vsin_dk,draftkings,nba,nba_20260310_dallas_mavericks_atlanta_hawks,Mar 10,,Dallas Mavericks,Atlanta Hawks,9.5,50.0,50.0,20.0,80.0,239.5,38.0,62.0,63.0,37.0,17.0,83.0,30.0,70.0,30.0,25.0,True,True,1,,,,,,,,,,,,
2026-03-10T03:36:10.022727-04:00,vsin_dk,draftkings,nba,nba_20260310_phoenix_suns_milwaukee_bucks,Mar 10,,Phoenix Suns,Milwaukee Bucks,-1.5,63.0,37.0,93.0,7.0,217.5,77.0,23.0,78.0,22.0,59.0,41.0,45.0,55.0,30.0,1.0,True,False,1,,,,,,,,,,,,
2026-03-10T03:36:10.022727-04:00,vsin_dk,draftkings,nba,nba_20260310_toronto_raptors_houston_rockets,Mar 10,,Toronto Raptors,Houston Rockets,4.5,42.0,58.0,33.0,67.0,216.5,75.0,25.0,32.0,68.0,20.0,80.0,36.0,64.0,9.0,43.0,False,True,1,,,,,,,,,,,,
2026-03-10T03:36:10.022727-04:00,vsin_dk,draftkings,nba,nba_20260310_boston_celtics_san_antonio_spurs,Mar 10,,Boston Celtics,San Antonio Spurs,3.5,56.0,44.0,43.0,57.0,222.5,76.0,24.0,49.0,51.0,48.0,52.0,58.0,42.0,13.0,27.0,False,True,1,,,,,,,,,,,,
2026-03-10T03:36:10.022727-04:00,vsin_dk,draftkings,nba,nba_20260310_indiana_pacers_sacramento_kings,Mar 10,,Indiana Pacers,Sacramento Kings,3.5,45.0,55.0,31.0,69.0,235.5,47.0,53.0,82.0,18.0,30.0,70.0,28.0,72.0,14.0,35.0,False,True,1,,,,,,,,,,,,
2026-03-10T03:36:10.022727-04:00,vsin_dk,draftkings,nba,nba_20260310_chicago_bulls_golden_state_warriors,Mar 10,,Chicago Bulls,Golden State Warriors,5.5,55.0,45.0,11.0,89.0,228.5,56.0,44.0,28.0,72.0,25.0,76.0,16.0,84.0,44.0,28.0,True,True,1,,,,,,,,,,,,
2026-03-10T03:36:10.022727-04:00,vsin_dk,draftkings,nba,nba_20260310_charlotte_hornets_portland_trailblazers,Mar 10,,Charlotte Hornets,Portland Trailblazers,-3.5,64.0,36.0,62.0,38.0,227.5,55.0,45.0,6.0,94.0,78.0,22.0,76.0,24.0,2.0,49.0,False,True,1,,,,,,,,,,,,
2026-03-10T03:36:10.022727-04:00,vsin_dk,draftkings,nba,nba_20260310_minnesota_timberwolves_los_angeles_lakers,Mar 10,,Minnesota Timberwolves,Los Angeles Lakers,-1.5,58.0,42.0,81.0,19.0,233.5,67.0,33.0,83.0,17.0,48.0,52.0,84.0,16.0,23.0,16.0,True,True,1,,,,,,,,,,,,
2026-03-10T03:36:30.481891-04:00,vsin_circa,circa,nba,nba_20260309_philadelphia_76ers_cleveland_cavaliers,Mar 9,,Philadelphia 76ers,Cleveland Cavaliers,14.0,13.0,88.0,69.0,31.0,226.0,44.0,56.0,14.0,86.0,20.0,80.0,,100.0,57.0,30.0,True,True,1,,,,,,,,,,,,
2026-03-10T03:36:30.481891-04:00,vsin_circa,circa,nba,nba_20260309_memphis_grizzlies_brooklyn_nets,Mar 9,,Memphis Grizzlies,Brooklyn Nets,1.5,43.0,57.0,4.0,96.0,219.5,44.0,56.0,27.0,73.0,44.0,56.0,92.0,8.0,39.0,17.0,True,True,1,,,,,,,,,,,,
2026-03-10T03:36:30.481891-04:00,vsin_circa,circa,nba,nba_20260309_denver_nuggets_oklahoma_city_thunder,Mar 9,,Denver Nuggets,Oklahoma City Thunder,3.0,55.0,45.0,34.0,66.0,236.0,47.0,53.0,82.0,18.0,92.0,8.0,100.0,,21.0,35.0,True,True,1,,,,,,,,,,,,
2026-03-10T03:36:30.481891-04:00,vsin_circa,circa,nba,nba_20260309_golden_state_warriors_utah_jazz,Mar 9,,Golden State Warriors,Utah Jazz,-6.5,63.0,37.0,60.0,40.0,226.0,58.0,42.0,70.0,30.0,20.0,80.0,,100.0,3.0,12.0,False,False,1,,,,,,,,,,,,
2026-03-10T03:36:30.481891-04:00,vsin_circa,circa,nba,nba_20260309_new_york_knicks_los_angeles_clippers,Mar 9,,New York Knicks,Los Angeles Clippers,-2.0,48.0,52.0,74.0,26.0,221.0,64.0,36.0,30.0,70.0,67.0,33.0,91.0,9.0,26.0,34.0,True,True,1,,,,,,,,,,,,
2026-03-10T03:36:30.481891-04:00,vsin_circa,circa,nba,nba_20260310_memphis_grizzlies_philadelphia_76ers,Mar 10,,Memphis Grizzlies,Philadelphia 76ers,4.5,100.0,,100.0,,228.0,50.0,50.0,50.0,50.0,100.0,,100.0,,,0.0,,False,1,,,,,,,,,,,,
2026-03-10T03:36:30.481891-04:00,vsin_circa,circa,nba,nba_20260310_washington_wizards_miami_heat,Mar 10,,Washington Wizards,Miami Heat,15.5,33.0,67.0,33.0,67.0,242.5,50.0,50.0,50.0,50.0,,100.0,,100.0,0.0,0.0,False,False,1,,,,,,,,,,,,
2026-03-10T03:36:30.481891-04:00,vsin_circa,circa,nba,nba_20260310_detroit_pistons_brooklyn_nets,Mar 10,,Detroit Pistons,Brooklyn Nets,-14.5,50.0,50.0,50.0,50.0,217.0,50.0,50.0,50.0,50.0,50.0,50.0,50.0,50.0,0.0,0.0,False,False,1,,,,,,,,,,,,
2026-03-10T03:36:30.481891-04:00,vsin_circa,circa,nba,nba_20260310_dallas_mavericks_atlanta_hawks,Mar 10,,Dallas Mavericks,Atlanta Hawks,9.0,50.0,50.0,50.0,50.0,238.5,,100.0,,100.0,100.0,,100.0,,0.0,,False,,1,,,,,,,,,,,,
2026-03-10T03:36:30.481891-04:00,vsin_circa,circa,nba,nba_20260310_phoenix_suns_milwaukee_bucks,Mar 10,,Phoenix Suns,Milwaukee Bucks,-2.5,50.0,50.0,99.0,1.0,217.5,50.0,50.0,50.0,50.0,,100.0,,100.0,49.0,0.0,True,False,1,,,,,,,,,,,,
2026-03-10T03:36:30.481891-04:00,vsin_circa,circa,nba,nba_20260310_toronto_raptors_houston_rockets,Mar 10,,Toronto Raptors,Houston Rockets,5.0,50.0,50.0,50.0,50.0,217.0,50.0,50.0,50.0,50.0,100.0,,100.0,,0.0,0.0,False,False,1,,,,,,,,,,,,
2026-03-10T03:36:30.481891-04:00,vsin_circa,circa,nba,nba_20260310_boston_celtics_san_antonio_spurs,Mar 10,,Boston Celtics,San Antonio Spurs,3.5,,100.0,,100.0,222.5,50.0,50.0,50.0,50.0,50.0,50.0,50.0,50.0,0.0,0.0,False,False,1,,,,,,,,,,,,
2026-03-10T03:36:30.481891-04:00,vsin_circa,circa,nba,nba_20260310_indiana_pacers_sacramento_kings,Mar 10,,Indiana Pacers,Sacramento Kings,5.0,33.0,67.0,33.0,67.0,236.0,50.0,50.0,50.0,50.0,100.0,,100.0,,0.0,0.0,False,False,1,,,,,,,,,,,,
2026-03-10T03:36:30.481891-04:00,vsin_circa,circa,nba,nba_20260310_chicago_bulls_golden_state_warriors,Mar 10,,Chicago Bulls,Golden State Warriors,6.5,50.0,50.0,50.0,50.0,227.5,50.0,50.0,50.0,50.0,100.0,,100.0,,0.0,0.0,False,False,1,,,,,,,,,,,,
2026-03-10T03:36:30.481891-04:00,vsin_circa,circa,nba,nba_20260310_charlotte_hornets_portland_trailblazers,Mar 10,,Charlotte Hornets,Portland Trailblazers,-3.0,100.0,,100.0,,227.5,,100.0,,100.0,,100.0,,100.0,,,,,1,,,,,,,,,,,,
2026-03-10T03:36:30.481891-04:00,vsin_circa,circa,nba,nba_20260310_minnesota_timberwolves_los_angeles_lakers,Mar 10,,Minnesota Timberwolves,Los Angeles Lakers,-2.0,50.0,50.0,50.0,50.0,234.0,50.0,50.0,50.0,50.0,,100.0,,100.0,0.0,0.0,False,False,1,,,,,,,,,,,,
2026-03-10T04:07:33.076618-04:00,vsin_dk,draftkings,nba,nba_20260309_philadelphia_76ers_cleveland_cavaliers,Mar 9,,Philadelphia 76ers,Cleveland Cavaliers,14.5,33.0,67.0,12.0,88.0,226.5,63.0,37.0,59.0,41.0,13.0,87.0,18.0,82.0,21.0,4.0,True,False,1,,,,,,,,,,,,
2026-03-10T04:07:33.076618-04:00,vsin_dk,draftkings,nba,nba_20260309_memphis_grizzlies_brooklyn_nets,Mar 9,,Memphis Grizzlies,Brooklyn Nets,1.5,61.0,39.0,19.0,81.0,220.5,62.0,38.0,46.0,54.0,59.0,41.0,56.0,44.0,42.0,16.0,True,True,1,,,,,,,,,,,,
2026-03-10T04:07:33.076618-04:00,vsin_dk,draftkings,nba,nba_20260309_denver_nuggets_oklahoma_city_thunder,Mar 9,,Denver Nuggets,Oklahoma City Thunder,3.5,55.0,45.0,66.0,34.0,237.5,59.0,41.0,57.0,43.0,34.0,66.0,65.0,35.0,11.0,2.0,False,False,1,,,,,,,,,,,,
2026-03-10T04:07:33.076618-04:00,vsin_dk,draftkings,nba,nba_20260309_golden_state_warriors_utah_jazz,Mar 9,,Golden State Warriors,Utah Jazz,-6.5,58.0,42.0,59.0,41.0,224.5,62.0,38.0,59.0,41.0,78.0,22.0,69.0,31.0,1.0,3.0,False,False,1,,,,,,,,,,,,
2026-03-10T04:07:33.076618-04:00,vsin_dk,draftkings,nba,nba_20260309_new_york_knicks_los_angeles_clippers,Mar 9,,New York Knicks,Los Angeles Clippers,-1.5,68.0,32.0,70.0,30.0,220.5,75.0,25.0,63.0,37.0,71.0,29.0,78.0,22.0,2.0,12.0,False,False,1,,,,,,,,,,,,
2026-03-10T04:07:33.076618-04:00,vsin_dk,draftkings,nba,nba_20260310_memphis_grizzlies_philadelphia_76ers,Mar 10,,Memphis Grizzlies,Philadelphia 76ers,4.5,36.0,64.0,65.0,35.0,229.5,49.0,51.0,24.0,76.0,20.0,80.0,40.0,60.0,29.0,25.0,True,True,1,,,,,,,,,,,,
2026-03-10T04:07:33.076618-04:00,vsin_dk,draftkings,nba,nba_20260310_washington_wizards_miami_heat,Mar 10,,Washington Wizards,Miami Heat,15.5,49.0,51.0,24.0,76.0,242.5,30.0,70.0,67.0,33.0,12.0,88.0,14.0,86.0,25.0,37.0,True,True,1,,,,,,,,,,,,
2026-03-10T04:07:33.076618-04:00,vsin_dk,draftkings,nba,nba_20260310_detroit_pistons_brooklyn_nets,Mar 10,,Detroit Pistons,Brooklyn Nets,-14.5,54.0,46.0,82.0,18.0,216.5,76.0,24.0,46.0,54.0,88.0,12.0,81.0,19.0,28.0,30.0,True,True,1,,,,,,,,,,,,
2026-03-10T04:07:33.076618-04:00,vsin_dk,draftkings,nba,nba_20260310_dallas_mavericks_atlanta_hawks,Mar 10,,Dallas Mavericks,Atlanta Hawks,9.5,49.0,51.0,21.0,79.0,239.5,38.0,62.0,64.0,36.0,17.0,83.0,30.0,70.0,28.0,26.0,True,True,1,,,,,,,,,,,,
2026-03-10T04:07:33.076618-04:00,vsin_dk,draftkings,nba,nba_20260310_phoenix_suns_milwaukee_bucks,Mar 10,,Phoenix Suns,Milwaukee Bucks,-1.5,63.0,37.0,93.0,7.0,217.5,77.0,23.0,78.0,22.0,59.0,41.0,45.0,55.0,30.0,1.0,True,False,1,,,,,,,,,,,,
2026-03-10T04:07:33.076618-04:00,vsin_dk,draftkings,nba,nba_20260310_toronto_raptors_houston_rockets,Mar 10,,Toronto Raptors,Houston Rockets,4.5,41.0,59.0,33.0,67.0,216.5,76.0,24.0,49.0,51.0,20.0,80.0,36.0,64.0,8.0,27.0,False,True,1,,,,,,,,,,,,
2026-03-10T04:07:33.076618-04:00,vsin_dk,draftkings,nba,nba_20260310_boston_celtics_san_antonio_spurs,Mar 10,,Boston Celtics,San Antonio Spurs,3.5,56.0,44.0,43.0,57.0,222.5,75.0,25.0,48.0,52.0,47.0,53.0,57.0,43.0,13.0,27.0,False,True,1,,,,,,,,,,,,
2026-03-10T04:07:33.076618-04:00,vsin_dk,draftkings,nba,nba_20260310_indiana_pacers_sacramento_kings,Mar 10,,Indiana Pacers,Sacramento Kings,3.5,45.0,55.0,30.0,70.0,235.5,46.0,54.0,82.0,18.0,30.0,70.0,27.0,73.0,15.0,36.0,True,True,1,,,,,,,,,,,,
2026-03-10T04:07:33.076618-04:00,vsin_dk,draftkings,nba,nba_20260310_chicago_bulls_golden_state_warriors,Mar 10,,Chicago Bulls,Golden State Warriors,5.5,54.0,46.0,10.0,90.0,228.5,56.0,44.0,29.0,71.0,25.0,75.0,16.0,84.0,44.0,27.0,True,True,1,,,,,,,,,,,,
2026-03-10T04:07:33.076618-04:00,vsin_dk,draftkings,nba,nba_20260310_charlotte_hornets_portland_trailblazers,Mar 10,,Charlotte Hornets,Portland Trailblazers,-3.5,65.0,35.0,62.0,38.0,227.5,55.0,45.0,6.0,94.0,78.0,22.0,76.0,24.0,3.0,49.0,False,True,1,,,,,,,,,,,,
2026-03-10T04:07:33.076618-04:00,vsin_dk,draftkings,nba,nba_20260310_minnesota_timberwolves_los_angeles_lakers,Mar 10,,Minnesota Timberwolves,Los Angeles Lakers,-1.5,59.0,41.0,81.0,19.0,233.5,66.0,34.0,83.0,17.0,48.0,52.0,83.0,17.0,22.0,17.0,True,True,1,,,,,,,,,,,,
2026-03-10T04:07:53.471625-04:00,vsin_circa,circa,nba,nba_20260309_philadelphia_76ers_cleveland_cavaliers,Mar 9,,Philadelphia 76ers,Cleveland Cavaliers,14.0,13.0,88.0,69.0,31.0,226.0,44.0,56.0,14.0,86.0,20.0,80.0,,100.0,57.0,30.0,True,True,1,,,,,,,,,,,,
2026-03-10T04:07:53.471625-04:00,vsin_circa,circa,nba,nba_20260309_memphis_grizzlies_brooklyn_nets,Mar 9,,Memphis Grizzlies,Brooklyn Nets,1.5,43.0,57.0,4.0,96.0,219.5,44.0,56.0,27.0,73.0,44.0,56.0,92.0,8.0,39.0,17.0,True,True,1,,,,,,,,,,,,
2026-03-10T04:07:53.471625-04:00,vsin_circa,circa,nba,nba_20260309_denver_nuggets_oklahoma_city_thunder,Mar 9,,Denver Nuggets,Oklahoma City Thunder,3.0,55.0,45.0,34.0,66.0,236.0,47.0,53.0,82.0,18.0,92.0,8.0,100.0,,21.0,35.0,True,True,1,,,,,,,,,,,,
2026-03-10T04:07:53.471625-04:00,vsin_circa,circa,nba,nba_20260309_golden_state_warriors_utah_jazz,Mar 9,,Golden State Warriors,Utah Jazz,-6.5,63.0,37.0,60.0,40.0,226.0,58.0,42.0,70.0,30.0,20.0,80.0,,100.0,3.0,12.0,False,False,1,,,,,,,,,,,,
2026-03-10T04:07:53.471625-04:00,vsin_circa,circa,nba,nba_20260309_new_york_knicks_los_angeles_clippers,Mar 9,,New York Knicks,Los Angeles Clippers,-2.0,48.0,52.0,74.0,26.0,221.0,64.0,36.0,30.0,70.0,67.0,33.0,91.0,9.0,26.0,34.0,True,True,1,,,,,,,,,,,,
2026-03-10T04:07:53.471625-04:00,vsin_circa,circa,nba,nba_20260310_memphis_grizzlies_philadelphia_76ers,Mar 10,,Memphis Grizzlies,Philadelphia 76ers,4.5,100.0,,100.0,,228.0,50.0,50.0,50.0,50.0,100.0,,100.0,,,0.0,,False,1,,,,,,,,,,,,
2026-03-10T04:07:53.471625-04:00,vsin_circa,circa,nba,nba_20260310_washington_wizards_miami_heat,Mar 10,,Washington Wizards,Miami Heat,15.5,33.0,67.0,33.0,67.0,242.5,50.0,50.0,50.0,50.0,,100.0,,100.0,0.0,0.0,False,False,1,,,,,,,,,,,,
2026-03-10T04:07:53.471625-04:00,vsin_circa,circa,nba,nba_20260310_detroit_pistons_brooklyn_nets,Mar 10,,Detroit Pistons,Brooklyn Nets,-14.5,50.0,50.0,50.0,50.0,217.0,50.0,50.0,50.0,50.0,50.0,50.0,50.0,50.0,0.0,0.0,False,False,1,,,,,,,,,,,,
2026-03-10T04:07:53.471625-04:00,vsin_circa,circa,nba,nba_20260310_dallas_mavericks_atlanta_hawks,Mar 10,,Dallas Mavericks,Atlanta Hawks,9.0,50.0,50.0,50.0,50.0,238.5,,100.0,,100.0,100.0,,100.0,,0.0,,False,,1,,,,,,,,,,,,
2026-03-10T04:07:53.471625-04:00,vsin_circa,circa,nba,nba_20260310_phoenix_suns_milwaukee_bucks,Mar 10,,Phoenix Suns,Milwaukee Bucks,-2.5,50.0,50.0,99.0,1.0,217.5,50.0,50.0,50.0,50.0,,100.0,,100.0,49.0,0.0,True,False,1,,,,,,,,,,,,
2026-03-10T04:07:53.471625-04:00,vsin_circa,circa,nba,nba_20260310_toronto_raptors_houston_rockets,Mar 10,,Toronto Raptors,Houston Rockets,5.0,50.0,50.0,50.0,50.0,217.0,50.0,50.0,50.0,50.0,100.0,,100.0,,0.0,0.0,False,False,1,,,,,,,,,,,,
2026-03-10T04:07:53.471625-04:00,vsin_circa,circa,nba,nba_20260310_boston_celtics_san_antonio_spurs,Mar 10,,Boston Celtics,San Antonio Spurs,3.5,33.0,67.0,82.0,18.0,222.5,50.0,50.0,50.0,50.0,50.0,50.0,50.0,50.0,49.0,0.0,True,False,1,,,,,,,,,,,,
2026-03-10T04:07:53.471625-04:00,vsin_circa,circa,nba,nba_20260310_indiana_pacers_sacramento_kings,Mar 10,,Indiana Pacers,Sacramento Kings,4.5,50.0,50.0,54.0,46.0,236.0,50.0,50.0,50.0,50.0,100.0,,100.0,,4.0,0.0,False,False,1,,,,,,,,,,,,
2026-03-10T04:07:53.471625-04:00,vsin_circa,circa,nba,nba_20260310_chicago_bulls_golden_state_warriors,Mar 10,,Chicago Bulls,Golden State Warriors,6.5,50.0,50.0,50.0,50.0,227.5,50.0,50.0,50.0,50.0,100.0,,100.0,,0.0,0.0,False,False,1,,,,,,,,,,,,
2026-03-10T04:07:53.471625-04:00,vsin_circa,circa,nba,nba_20260310_charlotte_hornets_portland_trailblazers,Mar 10,,Charlotte Hornets,Portland Trailblazers,-3.0,100.0,,100.0,,227.5,,100.0,,100.0,,100.0,,100.0,,,,,1,,,,,,,,,,,,
2026-03-10T04:07:53.471625-04:00,vsin_circa,circa,nba,nba_20260310_minnesota_timberwolves_los_angeles_lakers,Mar 10,,Minnesota Timberwolves,Los Angeles Lakers,-2.0,50.0,50.0,50.0,50.0,234.0,50.0,50.0,50.0,50.0,,100.0,,100.0,0.0,0.0,False,False,1,,,,,,,,,,,,
2026-03-10T04:37:31.152048-04:00,vsin_dk,draftkings,nba,nba_20260309_philadelphia_76ers_cleveland_cavaliers,Mar 9,,Philadelphia 76ers,Cleveland Cavaliers,14.5,33.0,67.0,12.0,88.0,226.5,63.0,37.0,59.0,41.0,13.0,87.0,18.0,82.0,21.0,4.0,True,False,1,,,,,,,,,,,,
2026-03-10T04:37:31.152048-04:00,vsin_dk,draftkings,nba,nba_20260309_memphis_grizzlies_brooklyn_nets,Mar 9,,Memphis Grizzlies,Brooklyn Nets,1.5,61.0,39.0,19.0,81.0,220.5,62.0,38.0,46.0,54.0,59.0,41.0,56.0,44.0,42.0,16.0,True,True,1,,,,,,,,,,,,
2026-03-10T04:37:31.152048-04:00,vsin_dk,draftkings,nba,nba_20260309_denver_nuggets_oklahoma_city_thunder,Mar 9,,Denver Nuggets,Oklahoma City Thunder,3.5,55.0,45.0,66.0,34.0,237.5,59.0,41.0,57.0,43.0,34.0,66.0,65.0,35.0,11.0,2.0,False,False,1,,,,,,,,,,,,
2026-03-10T04:37:31.152048-04:00,vsin_dk,draftkings,nba,nba_20260309_golden_state_warriors_utah_jazz,Mar 9,,Golden State Warriors,Utah Jazz,-6.5,58.0,42.0,59.0,41.0,224.5,62.0,38.0,59.0,41.0,78.0,22.0,69.0,31.0,1.0,3.0,False,False,1,,,,,,,,,,,,
2026-03-10T04:37:31.152048-04:00,vsin_dk,draftkings,nba,nba_20260309_new_york_knicks_los_angeles_clippers,Mar 9,,New York Knicks,Los Angeles Clippers,-1.5,68.0,32.0,70.0,30.0,220.5,75.0,25.0,63.0,37.0,71.0,29.0,78.0,22.0,2.0,12.0,False,False,1,,,,,,,,,,,,
2026-03-10T04:37:31.152048-04:00,vsin_dk,draftkings,nba,nba_20260310_memphis_grizzlies_philadelphia_76ers,Mar 10,,Memphis Grizzlies,Philadelphia 76ers,4.5,36.0,64.0,65.0,35.0,229.5,49.0,51.0,22.0,78.0,20.0,80.0,40.0,60.0,29.0,27.0,True,True,1,,,,,,,,,,,,
2026-03-10T04:37:31.152048-04:00,vsin_dk,draftkings,nba,nba_20260310_washington_wizards_miami_heat,Mar 10,,Washington Wizards,Miami Heat,15.5,49.0,51.0,23.0,77.0,242.5,30.0,70.0,66.0,34.0,12.0,88.0,14.0,86.0,26.0,36.0,True,True,1,,,,,,,,,,,,
2026-03-10T04:37:31.152048-04:00,vsin_dk,draftkings,nba,nba_20260310_detroit_pistons_brooklyn_nets,Mar 10,,Detroit Pistons,Brooklyn Nets,-14.5,54.0,46.0,81.0,19.0,216.5,76.0,24.0,48.0,52.0,88.0,12.0,80.0,20.0,27.0,28.0,True,True,1,,,,,,,,,,,,
2026-03-10T04:37:31.152048-04:00,vsin_dk,draftkings,nba,nba_20260310_dallas_mavericks_atlanta_hawks,Mar 10,,Dallas Mavericks,Atlanta Hawks,9.5,49.0,51.0,20.0,80.0,239.5,38.0,62.0,64.0,36.0,17.0,83.0,30.0,70.0,29.0,26.0,True,True,1,,,,,,,,,,,,
2026-03-10T04:37:31.152048-04:00,vsin_dk,draftkings,nba,nba_20260310_phoenix_suns_milwaukee_bucks,Mar 10,,Phoenix Suns,Milwaukee Bucks,-1.5,63.0,37.0,93.0,7.0,217.5,77.0,23.0,77.0,23.0,59.0,41.0,45.0,55.0,30.0,0.0,True,False,1,,,,,,,,,,,,
2026-03-10T04:37:31.152048-04:00,vsin_dk,draftkings,nba,nba_20260310_toronto_raptors_houston_rockets,Mar 10,,Toronto Raptors,Houston Rockets,4.5,42.0,58.0,33.0,67.0,216.5,76.0,24.0,52.0,48.0,20.0,80.0,36.0,64.0,9.0,24.0,False,True,1,,,,,,,,,,,,
2026-03-10T04:37:31.152048-04:00,vsin_dk,draftkings,nba,nba_20260310_boston_celtics_san_antonio_spurs,Mar 10,,Boston Celtics,San Antonio Spurs,3.5,57.0,43.0,47.0,53.0,222.5,75.0,25.0,48.0,52.0,47.0,53.0,57.0,43.0,10.0,27.0,False,True,1,,,,,,,,,,,,
2026-03-10T04:37:31.152048-04:00,vsin_dk,draftkings,nba,nba_20260310_indiana_pacers_sacramento_kings,Mar 10,,Indiana Pacers,Sacramento Kings,3.5,44.0,56.0,30.0,70.0,235.5,46.0,54.0,82.0,18.0,29.0,71.0,26.0,74.0,14.0,36.0,False,True,1,,,,,,,,,,,,
2026-03-10T04:37:31.152048-04:00,vsin_dk,draftkings,nba,nba_20260310_chicago_bulls_golden_state_warriors,Mar 10,,Chicago Bulls,Golden State Warriors,5.5,55.0,45.0,10.0,90.0,228.5,56.0,44.0,25.0,75.0,25.0,75.0,16.0,84.0,45.0,31.0,True,True,1,,,,,,,,,,,,
2026-03-10T04:37:31.152048-04:00,vsin_dk,draftkings,nba,nba_20260310_charlotte_hornets_portland_trailblazers,Mar 10,,Charlotte Hornets,Portland Trailblazers,-3.5,64.0,36.0,62.0,38.0,227.5,55.0,45.0,6.0,94.0,78.0,22.0,77.0,23.0,2.0,49.0,False,True,1,,,,,,,,,,,,
2026-03-10T04:37:31.152048-04:00,vsin_dk,draftkings,nba,nba_20260310_minnesota_timberwolves_los_angeles_lakers,Mar 10,,Minnesota Timberwolves,Los Angeles Lakers,-1.5,59.0,41.0,81.0,19.0,233.5,66.0,34.0,83.0,17.0,48.0,52.0,83.0,17.0,22.0,17.0,True,True,1,,,,,,,,,,,,
2026-03-10T04:37:52.332783-04:00,vsin_circa,circa,nba,nba_20260309_philadelphia_76ers_cleveland_cavaliers,Mar 9,,Philadelphia 76ers,Cleveland Cavaliers,14.0,13.0,88.0,69.0,31.0,226.0,44.0,56.0,14.0,86.0,20.0,80.0,,100.0,57.0,30.0,True,True,1,,,,,,,,,,,,
2026-03-10T04:37:52.332783-04:00,vsin_circa,circa,nba,nba_20260309_memphis_grizzlies_brooklyn_nets,Mar 9,,Memphis Grizzlies,Brooklyn Nets,1.5,43.0,57.0,4.0,96.0,219.5,44.0,56.0,27.0,73.0,44.0,56.0,92.0,8.0,39.0,17.0,True,True,1,,,,,,,,,,,,
2026-03-10T04:37:52.332783-04:00,vsin_circa,circa,nba,nba_20260309_denver_nuggets_oklahoma_city_thunder,Mar 9,,Denver Nuggets,Oklahoma City Thunder,3.0,55.0,45.0,34.0,66.0,236.0,47.0,53.0,82.0,18.0,92.0,8.0,100.0,,21.0,35.0,True,True,1,,,,,,,,,,,,
2026-03-10T04:37:52.332783-04:00,vsin_circa,circa,nba,nba_20260309_golden_state_warriors_utah_jazz,Mar 9,,Golden State Warriors,Utah Jazz,-6.5,63.0,37.0,60.0,40.0,226.0,58.0,42.0,70.0,30.0,20.0,80.0,,100.0,3.0,12.0,False,False,1,,,,,,,,,,,,
2026-03-10T04:37:52.332783-04:00,vsin_circa,circa,nba,nba_20260309_new_york_knicks_los_angeles_clippers,Mar 9,,New York Knicks,Los Angeles Clippers,-2.0,48.0,52.0,74.0,26.0,221.0,64.0,36.0,30.0,70.0,67.0,33.0,91.0,9.0,26.0,34.0,True,True,1,,,,,,,,,,,,
2026-03-10T04:37:52.332783-04:00,vsin_circa,circa,nba,nba_20260310_memphis_grizzlies_philadelphia_76ers,Mar 10,,Memphis Grizzlies,Philadelphia 76ers,4.5,100.0,,100.0,,228.0,50.0,50.0,50.0,50.0,100.0,,100.0,,,0.0,,False,1,,,,,,,,,,,,
2026-03-10T04:37:52.332783-04:00,vsin_circa,circa,nba,nba_20260310_washington_wizards_miami_heat,Mar 10,,Washington Wizards,Miami Heat,15.5,33.0,67.0,33.0,67.0,242.5,50.0,50.0,50.0,50.0,,100.0,,100.0,0.0,0.0,False,False,1,,,,,,,,,,,,
2026-03-10T04:37:52.332783-04:00,vsin_circa,circa,nba,nba_20260310_detroit_pistons_brooklyn_nets,Mar 10,,Detroit Pistons,Brooklyn Nets,-14.5,50.0,50.0,50.0,50.0,217.0,50.0,50.0,50.0,50.0,50.0,50.0,50.0,50.0,0.0,0.0,False,False,1,,,,,,,,,,,,
2026-03-10T04:37:52.332783-04:00,vsin_circa,circa,nba,nba_20260310_dallas_mavericks_atlanta_hawks,Mar 10,,Dallas Mavericks,Atlanta Hawks,9.0,50.0,50.0,50.0,50.0,238.5,,100.0,,100.0,100.0,,100.0,,0.0,,False,,1,,,,,,,,,,,,
2026-03-10T04:37:52.332783-04:00,vsin_circa,circa,nba,nba_20260310_phoenix_suns_milwaukee_bucks,Mar 10,,Phoenix Suns,Milwaukee Bucks,-2.5,50.0,50.0,99.0,1.0,217.5,50.0,50.0,50.0,50.0,,100.0,,100.0,49.0,0.0,True,False,1,,,,,,,,,,,,
2026-03-10T04:37:52.332783-04:00,vsin_circa,circa,nba,nba_20260310_toronto_raptors_houston_rockets,Mar 10,,Toronto Raptors,Houston Rockets,5.0,50.0,50.0,50.0,50.0,217.0,50.0,50.0,50.0,50.0,100.0,,100.0,,0.0,0.0,False,False,1,,,,,,,,,,,,
2026-03-10T04:37:52.332783-04:00,vsin_circa,circa,nba,nba_20260310_boston_celtics_san_antonio_spurs,Mar 10,,Boston Celtics,San Antonio Spurs,3.5,33.0,67.0,82.0,18.0,222.5,50.0,50.0,50.0,50.0,50.0,50.0,50.0,50.0,49.0,0.0,True,False,1,,,,,,,,,,,,
2026-03-10T04:37:52.332783-04:00,vsin_circa,circa,nba,nba_20260310_indiana_pacers_sacramento_kings,Mar 10,,Indiana Pacers,Sacramento Kings,4.5,50.0,50.0,54.0,46.0,236.0,50.0,50.0,50.0,50.0,100.0,,100.0,,4.0,0.0,False,False,1,,,,,,,,,,,,
2026-03-10T04:37:52.332783-04:00,vsin_circa,circa,nba,nba_20260310_chicago_bulls_golden_state_warriors,Mar 10,,Chicago Bulls,Golden State Warriors,6.5,50.0,50.0,50.0,50.0,227.5,50.0,50.0,50.0,50.0,100.0,,100.0,,0.0,0.0,False,False,1,,,,,,,,,,,,
2026-03-10T04:37:52.332783-04:00,vsin_circa,circa,nba,nba_20260310_charlotte_hornets_portland_trailblazers,Mar 10,,Charlotte Hornets,Portland Trailblazers,-3.0,100.0,,100.0,,227.5,,100.0,,100.0,,100.0,,100.0,,,,,1,,,,,,,,,,,,
2026-03-10T04:37:52.332783-04:00,vsin_circa,circa,nba,nba_20260310_minnesota_timberwolves_los_angeles_lakers,Mar 10,,Minnesota Timberwolves,Los Angeles Lakers,-2.0,50.0,50.0,50.0,50.0,234.0,50.0,50.0,50.0,50.0,,100.0,,100.0,0.0,0.0,False,False,1,,,,,,,,,,,,
2026-03-10T05:07:14.973315-04:00,vsin_dk,draftkings,nba,nba_20260309_philadelphia_76ers_cleveland_cavaliers,Mar 9,,Philadelphia 76ers,Cleveland Cavaliers,14.5,33.0,67.0,12.0,88.0,226.5,63.0,37.0,59.0,41.0,13.0,87.0,18.0,82.0,21.0,4.0,True,False,1,,,,,,,,,,,,
2026-03-10T05:07:14.973315-04:00,vsin_dk,draftkings,nba,nba_20260309_memphis_grizzlies_brooklyn_nets,Mar 9,,Memphis Grizzlies,Brooklyn Nets,1.5,61.0,39.0,19.0,81.0,220.5,62.0,38.0,46.0,54.0,59.0,41.0,56.0,44.0,42.0,16.0,True,True,1,,,,,,,,,,,,
2026-03-10T05:07:14.973315-04:00,vsin_dk,draftkings,nba,nba_20260309_denver_nuggets_oklahoma_city_thunder,Mar 9,,Denver Nuggets,Oklahoma City Thunder,3.5,55.0,45.0,66.0,34.0,237.5,59.0,41.0,57.0,43.0,34.0,66.0,65.0,35.0,11.0,2.0,False,False,1,,,,,,,,,,,,
2026-03-10T05:07:14.973315-04:00,vsin_dk,draftkings,nba,nba_20260309_golden_state_warriors_utah_jazz,Mar 9,,Golden State Warriors,Utah Jazz,-6.5,58.0,42.0,59.0,41.0,224.5,62.0,38.0,59.0,41.0,78.0,22.0,69.0,31.0,1.0,3.0,False,False,1,,,,,,,,,,,,
2026-03-10T05:07:14.973315-04:00,vsin_dk,draftkings,nba,nba_20260309_new_york_knicks_los_angeles_clippers,Mar 9,,New York Knicks,Los Angeles Clippers,-1.5,68.0,32.0,70.0,30.0,220.5,75.0,25.0,63.0,37.0,71.0,29.0,78.0,22.0,2.0,12.0,False,False,1,,,,,,,,,,,,
2026-03-10T05:07:14.973315-04:00,vsin_dk,draftkings,nba,nba_20260310_memphis_grizzlies_philadelphia_76ers,Mar 10,,Memphis Grizzlies,Philadelphia 76ers,4.5,37.0,63.0,66.0,34.0,228.5,50.0,50.0,22.0,78.0,20.0,80.0,42.0,58.0,29.0,28.0,True,True,1,,,,,,,,,,,,
2026-03-10T05:07:14.973315-04:00,vsin_dk,draftkings,nba,nba_20260310_washington_wizards_miami_heat,Mar 10,,Washington Wizards,Miami Heat,15.5,49.0,51.0,23.0,77.0,242.5,29.0,71.0,65.0,35.0,12.0,88.0,14.0,86.0,26.0,36.0,True,True,1,,,,,,,,,,,,
2026-03-10T05:07:14.973315-04:00,vsin_dk,draftkings,nba,nba_20260310_detroit_pistons_brooklyn_nets,Mar 10,,Detroit Pistons,Brooklyn Nets,-14.5,54.0,46.0,81.0,19.0,216.5,77.0,23.0,47.0,53.0,88.0,12.0,80.0,20.0,27.0,30.0,True,True,1,,,,,,,,,,,,
2026-03-10T05:07:14.973315-04:00,vsin_dk,draftkings,nba,nba_20260310_dallas_mavericks_atlanta_hawks,Mar 10,,Dallas Mavericks,Atlanta Hawks,9.5,49.0,51.0,20.0,80.0,239.5,38.0,62.0,64.0,36.0,17.0,83.0,31.0,69.0,29.0,26.0,True,True,1,,,,,,,,,,,,
2026-03-10T05:07:14.973315-04:00,vsin_dk,draftkings,nba,nba_20260310_phoenix_suns_milwaukee_bucks,Mar 10,,Phoenix Suns,Milwaukee Bucks,-1.5,63.0,37.0,93.0,7.0,217.5,76.0,24.0,77.0,23.0,58.0,42.0,45.0,55.0,30.0,1.0,True,False,1,,,,,,,,,,,,
2026-03-10T05:07:14.973315-04:00,vsin_dk,draftkings,nba,nba_20260310_toronto_raptors_houston_rockets,Mar 10,,Toronto Raptors,Houston Rockets,4.5,41.0,59.0,33.0,67.0,216.5,76.0,24.0,55.0,45.0,20.0,80.0,36.0,64.0,8.0,21.0,False,True,1,,,,,,,,,,,,
2026-03-10T05:07:14.973315-04:00,vsin_dk,draftkings,nba,nba_20260310_boston_celtics_san_antonio_spurs,Mar 10,,Boston Celtics,San Antonio Spurs,3.5,57.0,43.0,47.0,53.0,222.5,75.0,25.0,45.0,55.0,47.0,53.0,59.0,41.0,10.0,30.0,False,True,1,,,,,,,,,,,,
2026-03-10T05:07:14.973315-04:00,vsin_dk,draftkings,nba,nba_20260310_indiana_pacers_sacramento_kings,Mar 10,,Indiana Pacers,Sacramento Kings,3.5,44.0,56.0,29.0,71.0,235.5,46.0,54.0,82.0,18.0,29.0,71.0,26.0,74.0,15.0,36.0,True,True,1,,,,,,,,,,,,
2026-03-10T05:07:14.973315-04:00,vsin_dk,draftkings,nba,nba_20260310_chicago_bulls_golden_state_warriors,Mar 10,,Chicago Bulls,Golden State Warriors,5.5,55.0,45.0,10.0,90.0,228.5,58.0,42.0,27.0,73.0,24.0,76.0,16.0,84.0,45.0,31.0,True,True,1,,,,,,,,,,,,
2026-03-10T05:07:14.973315-04:00,vsin_dk,draftkings,nba,nba_20260310_charlotte_hornets_portland_trailblazers,Mar 10,,Charlotte Hornets,Portland Trailblazers,-3.5,64.0,36.0,61.0,39.0,227.5,57.0,43.0,7.0,93.0,78.0,22.0,76.0,24.0,3.0,50.0,False,True,1,,,,,,,,,,,,
2026-03-10T05:07:14.973315-04:00,vsin_dk,draftkings,nba,nba_20260310_minnesota_timberwolves_los_angeles_lakers,Mar 10,,Minnesota Timberwolves,Los Angeles Lakers,-1.5,59.0,41.0,81.0,19.0,233.5,66.0,34.0,83.0,17.0,48.0,52.0,83.0,17.0,22.0,17.0,True,True,1,,,,,,,,,,,,
2026-03-10T05:07:32.950521-04:00,vsin_circa,circa,nba,nba_20260309_philadelphia_76ers_cleveland_cavaliers,Mar 9,,Philadelphia 76ers,Cleveland Cavaliers,14.0,13.0,88.0,69.0,31.0,226.0,44.0,56.0,14.0,86.0,20.0,80.0,,100.0,57.0,30.0,True,True,1,,,,,,,,,,,,
2026-03-10T05:07:32.950521-04:00,vsin_circa,circa,nba,nba_20260309_memphis_grizzlies_brooklyn_nets,Mar 9,,Memphis Grizzlies,Brooklyn Nets,1.5,43.0,57.0,4.0,96.0,219.5,44.0,56.0,27.0,73.0,44.0,56.0,92.0,8.0,39.0,17.0,True,True,1,,,,,,,,,,,,
2026-03-10T05:07:32.950521-04:00,vsin_circa,circa,nba,nba_20260309_denver_nuggets_oklahoma_city_thunder,Mar 9,,Denver Nuggets,Oklahoma City Thunder,3.0,55.0,45.0,34.0,66.0,236.0,47.0,53.0,82.0,18.0,92.0,8.0,100.0,,21.0,35.0,True,True,1,,,,,,,,,,,,
2026-03-10T05:07:32.950521-04:00,vsin_circa,circa,nba,nba_20260309_golden_state_warriors_utah_jazz,Mar 9,,Golden State Warriors,Utah Jazz,-6.5,63.0,37.0,60.0,40.0,226.0,58.0,42.0,70.0,30.0,20.0,80.0,,100.0,3.0,12.0,False,False,1,,,,,,,,,,,,
2026-03-10T05:07:32.950521-04:00,vsin_circa,circa,nba,nba_20260309_new_york_knicks_los_angeles_clippers,Mar 9,,New York Knicks,Los Angeles Clippers,-2.0,48.0,52.0,74.0,26.0,221.0,64.0,36.0,30.0,70.0,67.0,33.0,91.0,9.0,26.0,34.0,True,True,1,,,,,,,,,,,,
2026-03-10T05:07:32.950521-04:00,vsin_circa,circa,nba,nba_20260310_memphis_grizzlies_philadelphia_76ers,Mar 10,,Memphis Grizzlies,Philadelphia 76ers,4.5,100.0,,100.0,,228.0,50.0,50.0,50.0,50.0,100.0,,100.0,,,0.0,,False,1,,,,,,,,,,,,
2026-03-10T05:07:32.950521-04:00,vsin_circa,circa,nba,nba_20260310_washington_wizards_miami_heat,Mar 10,,Washington Wizards,Miami Heat,15.5,33.0,67.0,33.0,67.0,242.5,50.0,50.0,50.0,50.0,,100.0,,100.0,0.0,0.0,False,False,1,,,,,,,,,,,,
2026-03-10T05:07:32.950521-04:00,vsin_circa,circa,nba,nba_20260310_detroit_pistons_brooklyn_nets,Mar 10,,Detroit Pistons,Brooklyn Nets,-14.5,50.0,50.0,50.0,50.0,217.0,50.0,50.0,50.0,50.0,50.0,50.0,50.0,50.0,0.0,0.0,False,False,1,,,,,,,,,,,,
2026-03-10T05:07:32.950521-04:00,vsin_circa,circa,nba,nba_20260310_dallas_mavericks_atlanta_hawks,Mar 10,,Dallas Mavericks,Atlanta Hawks,9.0,50.0,50.0,50.0,50.0,238.5,,100.0,,100.0,100.0,,100.0,,0.0,,False,,1,,,,,,,,,,,,
2026-03-10T05:07:32.950521-04:00,vsin_circa,circa,nba,nba_20260310_phoenix_suns_milwaukee_bucks,Mar 10,,Phoenix Suns,Milwaukee Bucks,-2.5,50.0,50.0,99.0,1.0,217.5,50.0,50.0,50.0,50.0,,100.0,,100.0,49.0,0.0,True,False,1,,,,,,,,,,,,
2026-03-10T05:07:32.950521-04:00,vsin_circa,circa,nba,nba_20260310_toronto_raptors_houston_rockets,Mar 10,,Toronto Raptors,Houston Rockets,5.0,50.0,50.0,50.0,50.0,217.0,50.0,50.0,50.0,50.0,100.0,,100.0,,0.0,0.0,False,False,1,,,,,,,,,,,,
2026-03-10T05:07:32.950521-04:00,vsin_circa,circa,nba,nba_20260310_boston_celtics_san_antonio_spurs,Mar 10,,Boston Celtics,San Antonio Spurs,3.5,33.0,67.0,82.0,18.0,222.5,50.0,50.0,50.0,50.0,50.0,50.0,50.0,50.0,49.0,0.0,True,False,1,,,,,,,,,,,,
2026-03-10T05:07:32.950521-04:00,vsin_circa,circa,nba,nba_20260310_indiana_pacers_sacramento_kings,Mar 10,,Indiana Pacers,Sacramento Kings,4.5,50.0,50.0,54.0,46.0,236.0,50.0,50.0,50.0,50.0,100.0,,100.0,,4.0,0.0,False,False,1,,,,,,,,,,,,
2026-03-10T05:07:32.950521-04:00,vsin_circa,circa,nba,nba_20260310_chicago_bulls_golden_state_warriors,Mar 10,,Chicago Bulls,Golden State Warriors,6.5,50.0,50.0,50.0,50.0,227.5,50.0,50.0,50.0,50.0,100.0,,100.0,,0.0,0.0,False,False,1,,,,,,,,,,,,
2026-03-10T05:07:32.950521-04:00,vsin_circa,circa,nba,nba_20260310_charlotte_hornets_portland_trailblazers,Mar 10,,Charlotte Hornets,Portland Trailblazers,-3.0,100.0,,100.0,,227.5,,100.0,,100.0,,100.0,,100.0,,,,,1,,,,,,,,,,,,
2026-03-10T05:07:32.950521-04:00,vsin_circa,circa,nba,nba_20260310_minnesota_timberwolves_los_angeles_lakers,Mar 10,,Minnesota Timberwolves,Los Angeles Lakers,-2.0,50.0,50.0,50.0,50.0,234.0,50.0,50.0,50.0,50.0,,100.0,,100.0,0.0,0.0,False,False,1,,,,,,,,,,,,
2026-03-10T05:37:44.597175-04:00,vsin_dk,draftkings,nba,nba_20260309_philadelphia_76ers_cleveland_cavaliers,Mar 9,,Philadelphia 76ers,Cleveland Cavaliers,14.5,33.0,67.0,12.0,88.0,226.5,63.0,37.0,59.0,41.0,13.0,87.0,18.0,82.0,21.0,4.0,True,False,1,,,,,,,,,,,,
2026-03-10T05:37:44.597175-04:00,vsin_dk,draftkings,nba,nba_20260309_memphis_grizzlies_brooklyn_nets,Mar 9,,Memphis Grizzlies,Brooklyn Nets,1.5,61.0,39.0,19.0,81.0,220.5,62.0,38.0,46.0,54.0,59.0,41.0,56.0,44.0,42.0,16.0,True,True,1,,,,,,,,,,,,
2026-03-10T05:37:44.597175-04:00,vsin_dk,draftkings,nba,nba_20260309_denver_nuggets_oklahoma_city_thunder,Mar 9,,Denver Nuggets,Oklahoma City Thunder,3.5,55.0,45.0,66.0,34.0,237.5,59.0,41.0,57.0,43.0,34.0,66.0,65.0,35.0,11.0,2.0,False,False,1,,,,,,,,,,,,
2026-03-10T05:37:44.597175-04:00,vsin_dk,draftkings,nba,nba_20260309_golden_state_warriors_utah_jazz,Mar 9,,Golden State Warriors,Utah Jazz,-6.5,58.0,42.0,59.0,41.0,224.5,62.0,38.0,59.0,41.0,78.0,22.0,69.0,31.0,1.0,3.0,False,False,1,,,,,,,,,,,,
2026-03-10T05:37:44.597175-04:00,vsin_dk,draftkings,nba,nba_20260309_new_york_knicks_los_angeles_clippers,Mar 9,,New York Knicks,Los Angeles Clippers,-1.5,68.0,32.0,70.0,30.0,220.5,75.0,25.0,63.0,37.0,71.0,29.0,78.0,22.0,2.0,12.0,False,False,1,,,,,,,,,,,,
2026-03-10T05:37:44.597175-04:00,vsin_dk,draftkings,nba,nba_20260310_memphis_grizzlies_philadelphia_76ers,Mar 10,,Memphis Grizzlies,Philadelphia 76ers,4.5,38.0,62.0,66.0,34.0,227.5,51.0,49.0,21.0,79.0,20.0,80.0,41.0,59.0,28.0,30.0,True,True,1,,,,,,,,,,,,
2026-03-10T05:37:44.597175-04:00,vsin_dk,draftkings,nba,nba_20260310_washington_wizards_miami_heat,Mar 10,,Washington Wizards,Miami Heat,15.5,49.0,51.0,24.0,76.0,242.5,29.0,71.0,65.0,35.0,12.0,88.0,14.0,86.0,25.0,36.0,True,True,1,,,,,,,,,,,,
2026-03-10T05:37:44.597175-04:00,vsin_dk,draftkings,nba,nba_20260310_detroit_pistons_brooklyn_nets,Mar 10,,Detroit Pistons,Brooklyn Nets,-14.5,54.0,46.0,81.0,19.0,216.5,76.0,24.0,49.0,51.0,88.0,12.0,80.0,20.0,27.0,27.0,True,True,1,,,,,,,,,,,,
2026-03-10T05:37:44.597175-04:00,vsin_dk,draftkings,nba,nba_20260310_dallas_mavericks_atlanta_hawks,Mar 10,,Dallas Mavericks,Atlanta Hawks,9.5,49.0,51.0,20.0,80.0,239.5,39.0,61.0,63.0,37.0,17.0,83.0,31.0,69.0,29.0,24.0,True,True,1,,,,,,,,,,,,
2026-03-10T05:37:44.597175-04:00,vsin_dk,draftkings,nba,nba_20260310_phoenix_suns_milwaukee_bucks,Mar 10,,Phoenix Suns,Milwaukee Bucks,-2.5,63.0,37.0,89.0,11.0,217.5,77.0,23.0,77.0,23.0,59.0,41.0,45.0,55.0,26.0,0.0,True,False,1,,,,,,,,,,,,
2026-03-10T05:37:44.597175-04:00,vsin_dk,draftkings,nba,nba_20260310_toronto_raptors_houston_rockets,Mar 10,,Toronto Raptors,Houston Rockets,4.5,41.0,59.0,35.0,65.0,217.5,75.0,25.0,56.0,44.0,20.0,80.0,36.0,64.0,6.0,19.0,False,True,1,,,,,,,,,,,,
2026-03-10T05:37:44.597175-04:00,vsin_dk,draftkings,nba,nba_20260310_boston_celtics_san_antonio_spurs,Mar 10,,Boston Celtics,San Antonio Spurs,3.5,58.0,42.0,50.0,50.0,222.5,75.0,25.0,45.0,55.0,47.0,53.0,59.0,41.0,8.0,30.0,False,True,1,,,,,,,,,,,,
2026-03-10T05:37:44.597175-04:00,vsin_dk,draftkings,nba,nba_20260310_indiana_pacers_sacramento_kings,Mar 10,,Indiana Pacers,Sacramento Kings,4.5,44.0,56.0,30.0,70.0,236.5,45.0,55.0,82.0,18.0,29.0,71.0,27.0,73.0,14.0,37.0,False,True,1,,,,,,,,,,,,
2026-03-10T05:37:44.597175-04:00,vsin_dk,draftkings,nba,nba_20260310_chicago_bulls_golden_state_warriors,Mar 10,,Chicago Bulls,Golden State Warriors,6.5,53.0,47.0,10.0,90.0,227.5,58.0,42.0,34.0,66.0,24.0,76.0,17.0,83.0,43.0,24.0,True,True,1,,,,,,,,,,,,
2026-03-10T05:37:44.597175-04:00,vsin_dk,draftkings,nba,nba_20260310_charlotte_hornets_portland_trailblazers,Mar 10,,Charlotte Hornets,Portland Trailblazers,-2.5,64.0,36.0,61.0,39.0,226.5,58.0,42.0,7.0,93.0,78.0,22.0,76.0,24.0,3.0,51.0,False,True,1,,,,,,,,,,,,
2026-03-10T05:37:44.597175-04:00,vsin_dk,draftkings,nba,nba_20260310_minnesota_timberwolves_los_angeles_lakers,Mar 10,,Minnesota Timberwolves,Los Angeles Lakers,-2.5,59.0,41.0,82.0,18.0,233.5,66.0,34.0,83.0,17.0,49.0,51.0,83.0,17.0,23.0,17.0,True,True,1,,,,,,,,,,,,
2026-03-10T05:38:04.362366-04:00,vsin_circa,circa,nba,nba_20260309_philadelphia_76ers_cleveland_cavaliers,Mar 9,,Philadelphia 76ers,Cleveland Cavaliers,14.0,13.0,88.0,69.0,31.0,226.0,44.0,56.0,14.0,86.0,20.0,80.0,,100.0,57.0,30.0,True,True,1,,,,,,,,,,,,
2026-03-10T05:38:04.362366-04:00,vsin_circa,circa,nba,nba_20260309_memphis_grizzlies_brooklyn_nets,Mar 9,,Memphis Grizzlies,Brooklyn Nets,1.5,43.0,57.0,4.0,96.0,219.5,44.0,56.0,27.0,73.0,44.0,56.0,92.0,8.0,39.0,17.0,True,True,1,,,,,,,,,,,,
2026-03-10T05:38:04.362366-04:00,vsin_circa,circa,nba,nba_20260309_denver_nuggets_oklahoma_city_thunder,Mar 9,,Denver Nuggets,Oklahoma City Thunder,3.0,55.0,45.0,34.0,66.0,236.0,47.0,53.0,82.0,18.0,92.0,8.0,100.0,,21.0,35.0,True,True,1,,,,,,,,,,,,
2026-03-10T05:38:04.362366-04:00,vsin_circa,circa,nba,nba_20260309_golden_state_warriors_utah_jazz,Mar 9,,Golden State Warriors,Utah Jazz,-6.5,63.0,37.0,60.0,40.0,226.0,58.0,42.0,70.0,30.0,20.0,80.0,,100.0,3.0,12.0,False,False,1,,,,,,,,,,,,
2026-03-10T05:38:04.362366-04:00,vsin_circa,circa,nba,nba_20260309_new_york_knicks_los_angeles_clippers,Mar 9,,New York Knicks,Los Angeles Clippers,-2.0,48.0,52.0,74.0,26.0,221.0,64.0,36.0,30.0,70.0,67.0,33.0,91.0,9.0,26.0,34.0,True,True,1,,,,,,,,,,,,
2026-03-10T05:38:04.362366-04:00,vsin_circa,circa,nba,nba_20260310_memphis_grizzlies_philadelphia_76ers,Mar 10,,Memphis Grizzlies,Philadelphia 76ers,4.5,100.0,,100.0,,228.0,50.0,50.0,50.0,50.0,100.0,,100.0,,,0.0,,False,1,,,,,,,,,,,,
2026-03-10T05:38:04.362366-04:00,vsin_circa,circa,nba,nba_20260310_washington_wizards_miami_heat,Mar 10,,Washington Wizards,Miami Heat,15.5,50.0,50.0,33.0,67.0,242.5,50.0,50.0,50.0,50.0,,100.0,,100.0,17.0,0.0,True,False,1,,,,,,,,,,,,
2026-03-10T05:38:04.362366-04:00,vsin_circa,circa,nba,nba_20260310_detroit_pistons_brooklyn_nets,Mar 10,,Detroit Pistons,Brooklyn Nets,-14.5,50.0,50.0,50.0,50.0,217.0,50.0,50.0,50.0,50.0,50.0,50.0,50.0,50.0,0.0,0.0,False,False,1,,,,,,,,,,,,
2026-03-10T05:38:04.362366-04:00,vsin_circa,circa,nba,nba_20260310_dallas_mavericks_atlanta_hawks,Mar 10,,Dallas Mavericks,Atlanta Hawks,9.0,50.0,50.0,50.0,50.0,238.5,,100.0,,100.0,100.0,,100.0,,0.0,,False,,1,,,,,,,,,,,,
2026-03-10T05:38:04.362366-04:00,vsin_circa,circa,nba,nba_20260310_phoenix_suns_milwaukee_bucks,Mar 10,,Phoenix Suns,Milwaukee Bucks,-2.5,50.0,50.0,99.0,1.0,217.5,50.0,50.0,50.0,50.0,,100.0,,100.0,49.0,0.0,True,False,1,,,,,,,,,,,,
2026-03-10T05:38:04.362366-04:00,vsin_circa,circa,nba,nba_20260310_toronto_raptors_houston_rockets,Mar 10,,Toronto Raptors,Houston Rockets,5.0,50.0,50.0,50.0,50.0,217.0,50.0,50.0,50.0,50.0,100.0,,100.0,,0.0,0.0,False,False,1,,,,,,,,,,,,
2026-03-10T05:38:04.362366-04:00,vsin_circa,circa,nba,nba_20260310_boston_celtics_san_antonio_spurs,Mar 10,,Boston Celtics,San Antonio Spurs,3.5,33.0,67.0,82.0,18.0,222.5,50.0,50.0,50.0,50.0,50.0,50.0,50.0,50.0,49.0,0.0,True,False,1,,,,,,,,,,,,
2026-03-10T05:38:04.362366-04:00,vsin_circa,circa,nba,nba_20260310_indiana_pacers_sacramento_kings,Mar 10,,Indiana Pacers,Sacramento Kings,4.5,50.0,50.0,54.0,46.0,236.0,50.0,50.0,50.0,50.0,100.0,,100.0,,4.0,0.0,False,False,1,,,,,,,,,,,,
2026-03-10T05:38:04.362366-04:00,vsin_circa,circa,nba,nba_20260310_chicago_bulls_golden_state_warriors,Mar 10,,Chicago Bulls,Golden State Warriors,6.5,50.0,50.0,50.0,50.0,227.5,50.0,50.0,50.0,50.0,100.0,,100.0,,0.0,0.0,False,False,1,,,,,,,,,,,,
2026-03-10T05:38:04.362366-04:00,vsin_circa,circa,nba,nba_20260310_charlotte_hornets_portland_trailblazers,Mar 10,,Charlotte Hornets,Portland Trailblazers,-3.0,100.0,,100.0,,227.5,,100.0,,100.0,,100.0,,100.0,,,,,1,,,,,,,,,,,,
2026-03-10T05:38:04.362366-04:00,vsin_circa,circa,nba,nba_20260310_minnesota_timberwolves_los_angeles_lakers,Mar 10,,Minnesota Timberwolves,Los Angeles Lakers,-2.0,50.0,50.0,50.0,50.0,234.0,50.0,50.0,50.0,50.0,,100.0,,100.0,0.0,0.0,False,False,1,,,,,,,,,,,,
2026-03-10T06:07:23.646220-04:00,vsin_dk,draftkings,nba,nba_20260309_philadelphia_76ers_cleveland_cavaliers,Mar 9,,Philadelphia 76ers,Cleveland Cavaliers,14.5,33.0,67.0,12.0,88.0,226.5,63.0,37.0,59.0,41.0,13.0,87.0,18.0,82.0,21.0,4.0,True,False,1,,,,,,,,,,,,
2026-03-10T06:07:23.646220-04:00,vsin_dk,draftkings,nba,nba_20260309_memphis_grizzlies_brooklyn_nets,Mar 9,,Memphis Grizzlies,Brooklyn Nets,1.5,61.0,39.0,19.0,81.0,220.5,62.0,38.0,46.0,54.0,59.0,41.0,56.0,44.0,42.0,16.0,True,True,1,,,,,,,,,,,,
2026-03-10T06:07:23.646220-04:00,vsin_dk,draftkings,nba,nba_20260309_denver_nuggets_oklahoma_city_thunder,Mar 9,,Denver Nuggets,Oklahoma City Thunder,3.5,55.0,45.0,66.0,34.0,237.5,59.0,41.0,57.0,43.0,34.0,66.0,65.0,35.0,11.0,2.0,False,False,1,,,,,,,,,,,,
2026-03-10T06:07:23.646220-04:00,vsin_dk,draftkings,nba,nba_20260309_golden_state_warriors_utah_jazz,Mar 9,,Golden State Warriors,Utah Jazz,-6.5,58.0,42.0,59.0,41.0,224.5,62.0,38.0,59.0,41.0,78.0,22.0,69.0,31.0,1.0,3.0,False,False,1,,,,,,,,,,,,
2026-03-10T06:07:23.646220-04:00,vsin_dk,draftkings,nba,nba_20260309_new_york_knicks_los_angeles_clippers,Mar 9,,New York Knicks,Los Angeles Clippers,-1.5,68.0,32.0,70.0,30.0,220.5,75.0,25.0,63.0,37.0,71.0,29.0,78.0,22.0,2.0,12.0,False,False,1,,,,,,,,,,,,
2026-03-10T06:07:23.646220-04:00,vsin_dk,draftkings,nba,nba_20260310_memphis_grizzlies_philadelphia_76ers,Mar 10,,Memphis Grizzlies,Philadelphia 76ers,4.5,39.0,61.0,65.0,35.0,227.5,51.0,49.0,21.0,79.0,20.0,80.0,40.0,60.0,26.0,30.0,True,True,1,,,,,,,,,,,,
2026-03-10T06:07:23.646220-04:00,vsin_dk,draftkings,nba,nba_20260310_washington_wizards_miami_heat,Mar 10,,Washington Wizards,Miami Heat,15.5,50.0,50.0,24.0,76.0,242.5,29.0,71.0,65.0,35.0,12.0,88.0,14.0,86.0,26.0,36.0,True,True,1,,,,,,,,,,,,
2026-03-10T06:07:23.646220-04:00,vsin_dk,draftkings,nba,nba_20260310_detroit_pistons_brooklyn_nets,Mar 10,,Detroit Pistons,Brooklyn Nets,-14.5,55.0,45.0,81.0,19.0,216.5,76.0,24.0,49.0,51.0,88.0,12.0,80.0,20.0,26.0,27.0,True,True,1,,,,,,,,,,,,
2026-03-10T06:07:23.646220-04:00,vsin_dk,draftkings,nba,nba_20260310_dallas_mavericks_atlanta_hawks,Mar 10,,Dallas Mavericks,Atlanta Hawks,8.5,49.0,51.0,20.0,80.0,239.5,38.0,62.0,63.0,37.0,17.0,83.0,31.0,69.0,29.0,25.0,True,True,1,,,,,,,,,,,,
2026-03-10T06:07:23.646220-04:00,vsin_dk,draftkings,nba,nba_20260310_phoenix_suns_milwaukee_bucks,Mar 10,,Phoenix Suns,Milwaukee Bucks,-2.5,62.0,38.0,87.0,13.0,217.5,77.0,23.0,77.0,23.0,58.0,42.0,46.0,54.0,25.0,0.0,True,False,1,,,,,,,,,,,,
2026-03-10T06:07:23.646220-04:00,vsin_dk,draftkings,nba,nba_20260310_toronto_raptors_houston_rockets,Mar 10,,Toronto Raptors,Houston Rockets,4.5,41.0,59.0,35.0,65.0,217.5,75.0,25.0,56.0,44.0,20.0,80.0,36.0,64.0,6.0,19.0,False,True,1,,,,,,,,,,,,
2026-03-10T06:07:23.646220-04:00,vsin_dk,draftkings,nba,nba_20260310_boston_celtics_san_antonio_spurs,Mar 10,,Boston Celtics,San Antonio Spurs,3.5,58.0,42.0,49.0,51.0,222.5,75.0,25.0,43.0,57.0,47.0,53.0,59.0,41.0,9.0,32.0,False,True,1,,,,,,,,,,,,
2026-03-10T06:07:23.646220-04:00,vsin_dk,draftkings,nba,nba_20260310_indiana_pacers_sacramento_kings,Mar 10,,Indiana Pacers,Sacramento Kings,4.5,45.0,55.0,35.0,65.0,236.5,45.0,55.0,82.0,18.0,29.0,71.0,29.0,71.0,10.0,37.0,False,True,1,,,,,,,,,,,,
2026-03-10T06:07:23.646220-04:00,vsin_dk,draftkings,nba,nba_20260310_chicago_bulls_golden_state_warriors,Mar 10,,Chicago Bulls,Golden State Warriors,6.5,53.0,47.0,10.0,90.0,227.5,58.0,42.0,34.0,66.0,24.0,76.0,17.0,83.0,43.0,24.0,True,True,1,,,,,,,,,,,,
2026-03-10T06:07:23.646220-04:00,vsin_dk,draftkings,nba,nba_20260310_charlotte_hornets_portland_trailblazers,Mar 10,,Charlotte Hornets,Portland Trailblazers,-2.5,65.0,35.0,61.0,39.0,226.5,58.0,42.0,7.0,93.0,78.0,22.0,77.0,23.0,4.0,51.0,False,True,1,,,,,,,,,,,,
2026-03-10T06:07:23.646220-04:00,vsin_dk,draftkings,nba,nba_20260310_minnesota_timberwolves_los_angeles_lakers,Mar 10,,Minnesota Timberwolves,Los Angeles Lakers,-2.5,59.0,41.0,82.0,18.0,234.5,66.0,34.0,83.0,17.0,49.0,51.0,83.0,17.0,23.0,17.0,True,True,1,,,,,,,,,,,,
2026-03-10T06:07:44.761174-04:00,vsin_circa,circa,nba,nba_20260309_philadelphia_76ers_cleveland_cavaliers,Mar 9,,Philadelphia 76ers,Cleveland Cavaliers,14.0,13.0,88.0,69.0,31.0,226.0,44.0,56.0,14.0,86.0,20.0,80.0,,100.0,57.0,30.0,True,True,1,,,,,,,,,,,,
2026-03-10T06:07:44.761174-04:00,vsin_circa,circa,nba,nba_20260309_memphis_grizzlies_brooklyn_nets,Mar 9,,Memphis Grizzlies,Brooklyn Nets,1.5,43.0,57.0,4.0,96.0,219.5,44.0,56.0,27.0,73.0,44.0,56.0,92.0,8.0,39.0,17.0,True,True,1,,,,,,,,,,,,
2026-03-10T06:07:44.761174-04:00,vsin_circa,circa,nba,nba_20260309_denver_nuggets_oklahoma_city_thunder,Mar 9,,Denver Nuggets,Oklahoma City Thunder,3.0,55.0,45.0,34.0,66.0,236.0,47.0,53.0,82.0,18.0,92.0,8.0,100.0,,21.0,35.0,True,True,1,,,,,,,,,,,,
2026-03-10T06:07:44.761174-04:00,vsin_circa,circa,nba,nba_20260309_golden_state_warriors_utah_jazz,Mar 9,,Golden State Warriors,Utah Jazz,-6.5,63.0,37.0,60.0,40.0,226.0,58.0,42.0,70.0,30.0,20.0,80.0,,100.0,3.0,12.0,False,False,1,,,,,,,,,,,,
2026-03-10T06:07:44.761174-04:00,vsin_circa,circa,nba,nba_20260309_new_york_knicks_los_angeles_clippers,Mar 9,,New York Knicks,Los Angeles Clippers,-2.0,48.0,52.0,74.0,26.0,221.0,64.0,36.0,30.0,70.0,67.0,33.0,91.0,9.0,26.0,34.0,True,True,1,,,,,,,,,,,,
2026-03-10T06:07:44.761174-04:00,vsin_circa,circa,nba,nba_20260310_memphis_grizzlies_philadelphia_76ers,Mar 10,,Memphis Grizzlies,Philadelphia 76ers,4.5,100.0,,100.0,,228.0,50.0,50.0,50.0,50.0,100.0,,100.0,,,0.0,,False,1,,,,,,,,,,,,
2026-03-10T06:07:44.761174-04:00,vsin_circa,circa,nba,nba_20260310_washington_wizards_miami_heat,Mar 10,,Washington Wizards,Miami Heat,15.5,50.0,50.0,33.0,67.0,242.5,50.0,50.0,50.0,50.0,,100.0,,100.0,17.0,0.0,True,False,1,,,,,,,,,,,,
2026-03-10T06:07:44.761174-04:00,vsin_circa,circa,nba,nba_20260310_detroit_pistons_brooklyn_nets,Mar 10,,Detroit Pistons,Brooklyn Nets,-14.5,50.0,50.0,50.0,50.0,217.0,50.0,50.0,50.0,50.0,50.0,50.0,50.0,50.0,0.0,0.0,False,False,1,,,,,,,,,,,,
2026-03-10T06:07:44.761174-04:00,vsin_circa,circa,nba,nba_20260310_dallas_mavericks_atlanta_hawks,Mar 10,,Dallas Mavericks,Atlanta Hawks,9.5,50.0,50.0,50.0,50.0,238.5,,100.0,,100.0,100.0,,100.0,,0.0,,False,,1,,,,,,,,,,,,
2026-03-10T06:07:44.761174-04:00,vsin_circa,circa,nba,nba_20260310_phoenix_suns_milwaukee_bucks,Mar 10,,Phoenix Suns,Milwaukee Bucks,-2.5,50.0,50.0,99.0,1.0,217.5,50.0,50.0,50.0,50.0,,100.0,,100.0,49.0,0.0,True,False,1,,,,,,,,,,,,
2026-03-10T06:07:44.761174-04:00,vsin_circa,circa,nba,nba_20260310_toronto_raptors_houston_rockets,Mar 10,,Toronto Raptors,Houston Rockets,5.0,50.0,50.0,50.0,50.0,217.0,50.0,50.0,50.0,50.0,100.0,,100.0,,0.0,0.0,False,False,1,,,,,,,,,,,,
2026-03-10T06:07:44.761174-04:00,vsin_circa,circa,nba,nba_20260310_boston_celtics_san_antonio_spurs,Mar 10,,Boston Celtics,San Antonio Spurs,3.5,33.0,67.0,82.0,18.0,222.5,50.0,50.0,50.0,50.0,50.0,50.0,50.0,50.0,49.0,0.0,True,False,1,,,,,,,,,,,,
2026-03-10T06:07:44.761174-04:00,vsin_circa,circa,nba,nba_20260310_indiana_pacers_sacramento_kings,Mar 10,,Indiana Pacers,Sacramento Kings,4.5,50.0,50.0,54.0,46.0,236.0,50.0,50.0,50.0,50.0,100.0,,100.0,,4.0,0.0,False,False,1,,,,,,,,,,,,
2026-03-10T06:07:44.761174-04:00,vsin_circa,circa,nba,nba_20260310_chicago_bulls_golden_state_warriors,Mar 10,,Chicago Bulls,Golden State Warriors,6.5,50.0,50.0,50.0,50.0,227.5,50.0,50.0,50.0,50.0,100.0,,100.0,,0.0,0.0,False,False,1,,,,,,,,,,,,
2026-03-10T06:07:44.761174-04:00,vsin_circa,circa,nba,nba_20260310_charlotte_hornets_portland_trailblazers,Mar 10,,Charlotte Hornets,Portland Trailblazers,-3.0,100.0,,100.0,,227.5,,100.0,,100.0,,100.0,,100.0,,,,,1,,,,,,,,,,,,
2026-03-10T06:07:44.761174-04:00,vsin_circa,circa,nba,nba_20260310_minnesota_timberwolves_los_angeles_lakers,Mar 10,,Minnesota Timberwolves,Los Angeles Lakers,-2.0,50.0,50.0,50.0,50.0,234.0,50.0,50.0,50.0,50.0,,100.0,,100.0,0.0,0.0,False,False,1,,,,,,,,,,,,
2026-03-10T06:38:03.283877-04:00,vsin_dk,draftkings,nba,nba_20260309_philadelphia_76ers_cleveland_cavaliers,Mar 9,,Philadelphia 76ers,Cleveland Cavaliers,14.5,33.0,67.0,12.0,88.0,226.5,63.0,37.0,59.0,41.0,13.0,87.0,18.0,82.0,21.0,4.0,True,False,1,,,,,,,,,,,,
2026-03-10T06:38:03.283877-04:00,vsin_dk,draftkings,nba,nba_20260309_memphis_grizzlies_brooklyn_nets,Mar 9,,Memphis Grizzlies,Brooklyn Nets,1.5,61.0,39.0,19.0,81.0,220.5,62.0,38.0,46.0,54.0,59.0,41.0,56.0,44.0,42.0,16.0,True,True,1,,,,,,,,,,,,
2026-03-10T06:38:03.283877-04:00,vsin_dk,draftkings,nba,nba_20260309_denver_nuggets_oklahoma_city_thunder,Mar 9,,Denver Nuggets,Oklahoma City Thunder,3.5,55.0,45.0,66.0,34.0,237.5,59.0,41.0,57.0,43.0,34.0,66.0,65.0,35.0,11.0,2.0,False,False,1,,,,,,,,,,,,
2026-03-10T06:38:03.283877-04:00,vsin_dk,draftkings,nba,nba_20260309_golden_state_warriors_utah_jazz,Mar 9,,Golden State Warriors,Utah Jazz,-6.5,58.0,42.0,59.0,41.0,224.5,62.0,38.0,59.0,41.0,78.0,22.0,69.0,31.0,1.0,3.0,False,False,1,,,,,,,,,,,,
2026-03-10T06:38:03.283877-04:00,vsin_dk,draftkings,nba,nba_20260309_new_york_knicks_los_angeles_clippers,Mar 9,,New York Knicks,Los Angeles Clippers,-1.5,68.0,32.0,70.0,30.0,220.5,75.0,25.0,63.0,37.0,71.0,29.0,78.0,22.0,2.0,12.0,False,False,1,,,,,,,,,,,,
2026-03-10T06:38:03.283877-04:00,vsin_dk,draftkings,nba,nba_20260310_memphis_grizzlies_philadelphia_76ers,Mar 10,,Memphis Grizzlies,Philadelphia 76ers,3.5,39.0,61.0,65.0,35.0,227.5,51.0,49.0,22.0,78.0,20.0,80.0,40.0,60.0,26.0,29.0,True,True,1,,,,,,,,,,,,
2026-03-10T06:38:03.283877-04:00,vsin_dk,draftkings,nba,nba_20260310_washington_wizards_miami_heat,Mar 10,,Washington Wizards,Miami Heat,15.5,50.0,50.0,25.0,75.0,242.5,28.0,72.0,64.0,36.0,12.0,88.0,14.0,86.0,25.0,36.0,True,True,1,,,,,,,,,,,,
2026-03-10T06:38:03.283877-04:00,vsin_dk,draftkings,nba,nba_20260310_detroit_pistons_brooklyn_nets,Mar 10,,Detroit Pistons,Brooklyn Nets,-14.5,56.0,44.0,80.0,20.0,217.5,74.0,26.0,52.0,48.0,88.0,12.0,80.0,20.0,24.0,22.0,True,True,1,,,,,,,,,,,,
2026-03-10T06:38:03.283877-04:00,vsin_dk,draftkings,nba,nba_20260310_dallas_mavericks_atlanta_hawks,Mar 10,,Dallas Mavericks,Atlanta Hawks,8.5,48.0,52.0,19.0,81.0,239.5,37.0,63.0,62.0,38.0,17.0,83.0,31.0,69.0,29.0,25.0,True,True,1,,,,,,,,,,,,
2026-03-10T06:38:03.283877-04:00,vsin_dk,draftkings,nba,nba_20260310_phoenix_suns_milwaukee_bucks,Mar 10,,Phoenix Suns,Milwaukee Bucks,-1.5,61.0,39.0,84.0,16.0,217.5,77.0,23.0,78.0,22.0,58.0,42.0,43.0,57.0,23.0,1.0,True,False,1,,,,,,,,,,,,
2026-03-10T06:38:03.283877-04:00,vsin_dk,draftkings,nba,nba_20260310_toronto_raptors_houston_rockets,Mar 10,,Toronto Raptors,Houston Rockets,4.5,41.0,59.0,36.0,64.0,217.5,75.0,25.0,56.0,44.0,20.0,80.0,35.0,65.0,5.0,19.0,False,True,1,,,,,,,,,,,,
2026-03-10T06:38:03.283877-04:00,vsin_dk,draftkings,nba,nba_20260310_boston_celtics_san_antonio_spurs,Mar 10,,Boston Celtics,San Antonio Spurs,3.5,59.0,41.0,50.0,50.0,222.5,74.0,26.0,43.0,57.0,47.0,53.0,59.0,41.0,9.0,31.0,False,True,1,,,,,,,,,,,,
2026-03-10T06:38:03.283877-04:00,vsin_dk,draftkings,nba,nba_20260310_indiana_pacers_sacramento_kings,Mar 10,,Indiana Pacers,Sacramento Kings,4.5,45.0,55.0,35.0,65.0,236.5,44.0,56.0,82.0,18.0,29.0,71.0,31.0,69.0,10.0,38.0,False,True,1,,,,,,,,,,,,
2026-03-10T06:38:03.283877-04:00,vsin_dk,draftkings,nba,nba_20260310_chicago_bulls_golden_state_warriors,Mar 10,,Chicago Bulls,Golden State Warriors,6.5,54.0,46.0,11.0,89.0,227.5,57.0,43.0,36.0,64.0,24.0,76.0,17.0,83.0,43.0,21.0,True,True,1,,,,,,,,,,,,
2026-03-10T06:38:03.283877-04:00,vsin_dk,draftkings,nba,nba_20260310_charlotte_hornets_portland_trailblazers,Mar 10,,Charlotte Hornets,Portland Trailblazers,-2.5,65.0,35.0,61.0,39.0,226.5,59.0,41.0,7.0,93.0,78.0,22.0,76.0,24.0,4.0,52.0,False,True,1,,,,,,,,,,,,
2026-03-10T06:38:03.283877-04:00,vsin_dk,draftkings,nba,nba_20260310_minnesota_timberwolves_los_angeles_lakers,Mar 10,,Minnesota Timberwolves,Los Angeles Lakers,-2.5,58.0,42.0,81.0,19.0,233.5,65.0,35.0,83.0,17.0,49.0,51.0,83.0,17.0,23.0,18.0,True,True,1,,,,,,,,,,,,
2026-03-10T06:38:23.283006-04:00,vsin_circa,circa,nba,nba_20260309_philadelphia_76ers_cleveland_cavaliers,Mar 9,,Philadelphia 76ers,Cleveland Cavaliers,14.0,13.0,88.0,69.0,31.0,226.0,44.0,56.0,14.0,86.0,20.0,80.0,,100.0,57.0,30.0,True,True,1,,,,,,,,,,,,
2026-03-10T06:38:23.283006-04:00,vsin_circa,circa,nba,nba_20260309_memphis_grizzlies_brooklyn_nets,Mar 9,,Memphis Grizzlies,Brooklyn Nets,1.5,43.0,57.0,4.0,96.0,219.5,44.0,56.0,27.0,73.0,44.0,56.0,92.0,8.0,39.0,17.0,True,True,1,,,,,,,,,,,,
2026-03-10T06:38:23.283006-04:00,vsin_circa,circa,nba,nba_20260309_denver_nuggets_oklahoma_city_thunder,Mar 9,,Denver Nuggets,Oklahoma City Thunder,3.0,55.0,45.0,34.0,66.0,236.0,47.0,53.0,82.0,18.0,92.0,8.0,100.0,,21.0,35.0,True,True,1,,,,,,,,,,,,
2026-03-10T06:38:23.283006-04:00,vsin_circa,circa,nba,nba_20260309_golden_state_warriors_utah_jazz,Mar 9,,Golden State Warriors,Utah Jazz,-6.5,63.0,37.0,60.0,40.0,226.0,58.0,42.0,70.0,30.0,20.0,80.0,,100.0,3.0,12.0,False,False,1,,,,,,,,,,,,
2026-03-10T06:38:23.283006-04:00,vsin_circa,circa,nba,nba_20260309_new_york_knicks_los_angeles_clippers,Mar 9,,New York Knicks,Los Angeles Clippers,-2.0,48.0,52.0,74.0,26.0,221.0,64.0,36.0,30.0,70.0,67.0,33.0,91.0,9.0,26.0,34.0,True,True,1,,,,,,,,,,,,
2026-03-10T06:38:23.283006-04:00,vsin_circa,circa,nba,nba_20260310_memphis_grizzlies_philadelphia_76ers,Mar 10,,Memphis Grizzlies,Philadelphia 76ers,4.5,100.0,,100.0,,228.0,50.0,50.0,50.0,50.0,100.0,,100.0,,,0.0,,False,1,,,,,,,,,,,,
2026-03-10T06:38:23.283006-04:00,vsin_circa,circa,nba,nba_20260310_washington_wizards_miami_heat,Mar 10,,Washington Wizards,Miami Heat,15.5,50.0,50.0,33.0,67.0,242.5,50.0,50.0,50.0,50.0,,100.0,,100.0,17.0,0.0,True,False,1,,,,,,,,,,,,
2026-03-10T06:38:23.283006-04:00,vsin_circa,circa,nba,nba_20260310_detroit_pistons_brooklyn_nets,Mar 10,,Detroit Pistons,Brooklyn Nets,-14.5,50.0,50.0,50.0,50.0,217.0,50.0,50.0,50.0,50.0,50.0,50.0,50.0,50.0,0.0,0.0,False,False,1,,,,,,,,,,,,
2026-03-10T06:38:23.283006-04:00,vsin_circa,circa,nba,nba_20260310_dallas_mavericks_atlanta_hawks,Mar 10,,Dallas Mavericks,Atlanta Hawks,9.5,50.0,50.0,50.0,50.0,238.5,,100.0,,100.0,100.0,,100.0,,0.0,,False,,1,,,,,,,,,,,,
2026-03-10T06:38:23.283006-04:00,vsin_circa,circa,nba,nba_20260310_phoenix_suns_milwaukee_bucks,Mar 10,,Phoenix Suns,Milwaukee Bucks,-1.5,25.0,75.0,77.0,23.0,217.5,50.0,50.0,50.0,50.0,,100.0,,100.0,52.0,0.0,True,False,1,,,,,,,,,,,,
2026-03-10T06:38:23.283006-04:00,vsin_circa,circa,nba,nba_20260310_toronto_raptors_houston_rockets,Mar 10,,Toronto Raptors,Houston Rockets,5.0,50.0,50.0,50.0,50.0,217.0,50.0,50.0,50.0,50.0,100.0,,100.0,,0.0,0.0,False,False,1,,,,,,,,,,,,
2026-03-10T06:38:23.283006-04:00,vsin_circa,circa,nba,nba_20260310_boston_celtics_san_antonio_spurs,Mar 10,,Boston Celtics,San Antonio Spurs,3.5,33.0,67.0,82.0,18.0,222.5,50.0,50.0,50.0,50.0,50.0,50.0,50.0,50.0,49.0,0.0,True,False,1,,,,,,,,,,,,
2026-03-10T06:38:23.283006-04:00,vsin_circa,circa,nba,nba_20260310_indiana_pacers_sacramento_kings,Mar 10,,Indiana Pacers,Sacramento Kings,4.5,67.0,33.0,61.0,39.0,236.0,50.0,50.0,50.0,50.0,100.0,,100.0,,6.0,0.0,False,False,1,,,,,,,,,,,,
2026-03-10T06:38:23.283006-04:00,vsin_circa,circa,nba,nba_20260310_chicago_bulls_golden_state_warriors,Mar 10,,Chicago Bulls,Golden State Warriors,6.5,50.0,50.0,50.0,50.0,227.5,50.0,50.0,50.0,50.0,100.0,,100.0,,0.0,0.0,False,False,1,,,,,,,,,,,,
2026-03-10T06:38:23.283006-04:00,vsin_circa,circa,nba,nba_20260310_charlotte_hornets_portland_trailblazers,Mar 10,,Charlotte Hornets,Portland Trailblazers,-3.0,100.0,,100.0,,227.5,,100.0,,100.0,,100.0,,100.0,,,,,1,,,,,,,,,,,,
2026-03-10T06:38:23.283006-04:00,vsin_circa,circa,nba,nba_20260310_minnesota_timberwolves_los_angeles_lakers,Mar 10,,Minnesota Timberwolves,Los Angeles Lakers,-2.0,50.0,50.0,50.0,50.0,234.0,50.0,50.0,50.0,50.0,,100.0,,100.0,0.0,0.0,False,False,1,,,,,,,,,,,,
2026-03-10T07:07:24.039333-04:00,vsin_dk,draftkings,nba,nba_20260309_philadelphia_76ers_cleveland_cavaliers,Mar 9,,Philadelphia 76ers,Cleveland Cavaliers,14.5,33.0,67.0,12.0,88.0,226.5,63.0,37.0,59.0,41.0,13.0,87.0,18.0,82.0,21.0,4.0,True,False,1,,,,,,,,,,,,
2026-03-10T07:07:24.039333-04:00,vsin_dk,draftkings,nba,nba_20260309_memphis_grizzlies_brooklyn_nets,Mar 9,,Memphis Grizzlies,Brooklyn Nets,1.5,61.0,39.0,19.0,81.0,220.5,62.0,38.0,46.0,54.0,59.0,41.0,56.0,44.0,42.0,16.0,True,True,1,,,,,,,,,,,,
2026-03-10T07:07:24.039333-04:00,vsin_dk,draftkings,nba,nba_20260309_denver_nuggets_oklahoma_city_thunder,Mar 9,,Denver Nuggets,Oklahoma City Thunder,3.5,55.0,45.0,66.0,34.0,237.5,59.0,41.0,57.0,43.0,34.0,66.0,65.0,35.0,11.0,2.0,False,False,1,,,,,,,,,,,,
2026-03-10T07:07:24.039333-04:00,vsin_dk,draftkings,nba,nba_20260309_golden_state_warriors_utah_jazz,Mar 9,,Golden State Warriors,Utah Jazz,-6.5,58.0,42.0,59.0,41.0,224.5,62.0,38.0,59.0,41.0,78.0,22.0,69.0,31.0,1.0,3.0,False,False,1,,,,,,,,,,,,
2026-03-10T07:07:24.039333-04:00,vsin_dk,draftkings,nba,nba_20260309_new_york_knicks_los_angeles_clippers,Mar 9,,New York Knicks,Los Angeles Clippers,-1.5,68.0,32.0,70.0,30.0,220.5,75.0,25.0,63.0,37.0,71.0,29.0,78.0,22.0,2.0,12.0,False,False,1,,,,,,,,,,,,
2026-03-10T07:07:24.039333-04:00,vsin_dk,draftkings,nba,nba_20260310_memphis_grizzlies_philadelphia_76ers,Mar 10,,Memphis Grizzlies,Philadelphia 76ers,3.5,41.0,59.0,27.0,73.0,227.5,52.0,48.0,27.0,73.0,20.0,80.0,39.0,61.0,14.0,25.0,False,True,1,,,,,,,,,,,,
2026-03-10T07:07:24.039333-04:00,vsin_dk,draftkings,nba,nba_20260310_washington_wizards_miami_heat,Mar 10,,Washington Wizards,Miami Heat,15.5,51.0,49.0,23.0,77.0,242.5,28.0,72.0,65.0,35.0,11.0,89.0,14.0,86.0,28.0,37.0,True,True,1,,,,,,,,,,,,
2026-03-10T07:07:24.039333-04:00,vsin_dk,draftkings,nba,nba_20260310_detroit_pistons_brooklyn_nets,Mar 10,,Detroit Pistons,Brooklyn Nets,-14.5,55.0,45.0,79.0,21.0,217.5,74.0,26.0,51.0,49.0,89.0,11.0,80.0,20.0,24.0,23.0,True,True,1,,,,,,,,,,,,
2026-03-10T07:07:24.039333-04:00,vsin_dk,draftkings,nba,nba_20260310_dallas_mavericks_atlanta_hawks,Mar 10,,Dallas Mavericks,Atlanta Hawks,8.5,47.0,53.0,19.0,81.0,239.5,37.0,63.0,62.0,38.0,16.0,84.0,32.0,68.0,28.0,25.0,True,True,1,,,,,,,,,,,,
2026-03-10T07:07:24.039333-04:00,vsin_dk,draftkings,nba,nba_20260310_phoenix_suns_milwaukee_bucks,Mar 10,,Phoenix Suns,Milwaukee Bucks,-1.5,62.0,38.0,84.0,16.0,217.5,77.0,23.0,76.0,24.0,58.0,42.0,42.0,58.0,22.0,1.0,True,False,1,,,,,,,,,,,,
2026-03-10T07:07:24.039333-04:00,vsin_dk,draftkings,nba,nba_20260310_toronto_raptors_houston_rockets,Mar 10,,Toronto Raptors,Houston Rockets,4.5,41.0,59.0,35.0,65.0,217.5,73.0,27.0,55.0,45.0,20.0,80.0,35.0,65.0,6.0,18.0,False,True,1,,,,,,,,,,,,
2026-03-10T07:07:24.039333-04:00,vsin_dk,draftkings,nba,nba_20260310_boston_celtics_san_antonio_spurs,Mar 10,,Boston Celtics,San Antonio Spurs,3.5,59.0,41.0,50.0,50.0,221.5,74.0,26.0,41.0,59.0,47.0,53.0,59.0,41.0,9.0,33.0,False,True,1,,,,,,,,,,,,
2026-03-10T07:07:24.039333-04:00,vsin_dk,draftkings,nba,nba_20260310_indiana_pacers_sacramento_kings,Mar 10,,Indiana Pacers,Sacramento Kings,4.5,47.0,53.0,40.0,60.0,236.5,46.0,54.0,80.0,20.0,29.0,71.0,31.0,69.0,7.0,34.0,False,True,1,,,,,,,,,,,,
2026-03-10T07:07:24.039333-04:00,vsin_dk,draftkings,nba,nba_20260310_chicago_bulls_golden_state_warriors,Mar 10,,Chicago Bulls,Golden State Warriors,6.5,54.0,46.0,11.0,89.0,227.5,55.0,45.0,42.0,58.0,24.0,76.0,16.0,84.0,43.0,13.0,True,False,1,,,,,,,,,,,,
2026-03-10T07:07:24.039333-04:00,vsin_dk,draftkings,nba,nba_20260310_charlotte_hornets_portland_trailblazers,Mar 10,,Charlotte Hornets,Portland Trailblazers,-2.5,66.0,34.0,61.0,39.0,226.5,60.0,40.0,8.0,92.0,78.0,22.0,77.0,23.0,5.0,52.0,False,True,1,,,,,,,,,,,,
2026-03-10T07:07:24.039333-04:00,vsin_dk,draftkings,nba,nba_20260310_minnesota_timberwolves_los_angeles_lakers,Mar 10,,Minnesota Timberwolves,Los Angeles Lakers,-2.5,58.0,42.0,80.0,20.0,233.5,66.0,34.0,82.0,18.0,49.0,51.0,82.0,18.0,22.0,16.0,True,True,1,,,,,,,,,,,,
2026-03-10T07:07:44.126523-04:00,vsin_circa,circa,nba,nba_20260309_philadelphia_76ers_cleveland_cavaliers,Mar 9,,Philadelphia 76ers,Cleveland Cavaliers,14.0,13.0,88.0,69.0,31.0,226.0,44.0,56.0,14.0,86.0,20.0,80.0,,100.0,57.0,30.0,True,True,1,,,,,,,,,,,,
2026-03-10T07:07:44.126523-04:00,vsin_circa,circa,nba,nba_20260309_memphis_grizzlies_brooklyn_nets,Mar 9,,Memphis Grizzlies,Brooklyn Nets,1.5,43.0,57.0,4.0,96.0,219.5,44.0,56.0,27.0,73.0,44.0,56.0,92.0,8.0,39.0,17.0,True,True,1,,,,,,,,,,,,
2026-03-10T07:07:44.126523-04:00,vsin_circa,circa,nba,nba_20260309_denver_nuggets_oklahoma_city_thunder,Mar 9,,Denver Nuggets,Oklahoma City Thunder,3.0,55.0,45.0,34.0,66.0,236.0,47.0,53.0,82.0,18.0,92.0,8.0,100.0,,21.0,35.0,True,True,1,,,,,,,,,,,,
2026-03-10T07:07:44.126523-04:00,vsin_circa,circa,nba,nba_20260309_golden_state_warriors_utah_jazz,Mar 9,,Golden State Warriors,Utah Jazz,-6.5,63.0,37.0,60.0,40.0,226.0,58.0,42.0,70.0,30.0,20.0,80.0,,100.0,3.0,12.0,False,False,1,,,,,,,,,,,,
2026-03-10T07:07:44.126523-04:00,vsin_circa,circa,nba,nba_20260309_new_york_knicks_los_angeles_clippers,Mar 9,,New York Knicks,Los Angeles Clippers,-2.0,48.0,52.0,74.0,26.0,221.0,64.0,36.0,30.0,70.0,67.0,33.0,91.0,9.0,26.0,34.0,True,True,1,,,,,,,,,,,,
2026-03-10T07:07:44.126523-04:00,vsin_circa,circa,nba,nba_20260310_memphis_grizzlies_philadelphia_76ers,Mar 10,,Memphis Grizzlies,Philadelphia 76ers,4.5,100.0,,100.0,,228.0,50.0,50.0,50.0,50.0,100.0,,100.0,,,0.0,,False,1,,,,,,,,,,,,
2026-03-10T07:07:44.126523-04:00,vsin_circa,circa,nba,nba_20260310_washington_wizards_miami_heat,Mar 10,,Washington Wizards,Miami Heat,15.5,50.0,50.0,33.0,67.0,242.5,50.0,50.0,50.0,50.0,,100.0,,100.0,17.0,0.0,True,False,1,,,,,,,,,,,,
2026-03-10T07:07:44.126523-04:00,vsin_circa,circa,nba,nba_20260310_detroit_pistons_brooklyn_nets,Mar 10,,Detroit Pistons,Brooklyn Nets,-14.5,50.0,50.0,50.0,50.0,217.0,50.0,50.0,50.0,50.0,50.0,50.0,50.0,50.0,0.0,0.0,False,False,1,,,,,,,,,,,,
2026-03-10T07:07:44.126523-04:00,vsin_circa,circa,nba,nba_20260310_dallas_mavericks_atlanta_hawks,Mar 10,,Dallas Mavericks,Atlanta Hawks,9.5,50.0,50.0,50.0,50.0,238.5,,100.0,,100.0,100.0,,100.0,,0.0,,False,,1,,,,,,,,,,,,
2026-03-10T07:07:44.126523-04:00,vsin_circa,circa,nba,nba_20260310_phoenix_suns_milwaukee_bucks,Mar 10,,Phoenix Suns,Milwaukee Bucks,-1.5,25.0,75.0,77.0,23.0,217.5,50.0,50.0,50.0,50.0,,100.0,,100.0,52.0,0.0,True,False,1,,,,,,,,,,,,
2026-03-10T07:07:44.126523-04:00,vsin_circa,circa,nba,nba_20260310_toronto_raptors_houston_rockets,Mar 10,,Toronto Raptors,Houston Rockets,5.0,50.0,50.0,50.0,50.0,217.0,50.0,50.0,50.0,50.0,100.0,,100.0,,0.0,0.0,False,False,1,,,,,,,,,,,,
2026-03-10T07:07:44.126523-04:00,vsin_circa,circa,nba,nba_20260310_boston_celtics_san_antonio_spurs,Mar 10,,Boston Celtics,San Antonio Spurs,3.5,33.0,67.0,82.0,18.0,222.5,50.0,50.0,50.0,50.0,50.0,50.0,50.0,50.0,49.0,0.0,True,False,1,,,,,,,,,,,,
2026-03-10T07:07:44.126523-04:00,vsin_circa,circa,nba,nba_20260310_indiana_pacers_sacramento_kings,Mar 10,,Indiana Pacers,Sacramento Kings,4.5,67.0,33.0,61.0,39.0,236.0,50.0,50.0,50.0,50.0,100.0,,100.0,,6.0,0.0,False,False,1,,,,,,,,,,,,
2026-03-10T07:07:44.126523-04:00,vsin_circa,circa,nba,nba_20260310_chicago_bulls_golden_state_warriors,Mar 10,,Chicago Bulls,Golden State Warriors,6.5,50.0,50.0,50.0,50.0,227.5,50.0,50.0,50.0,50.0,100.0,,100.0,,0.0,0.0,False,False,1,,,,,,,,,,,,
2026-03-10T07:07:44.126523-04:00,vsin_circa,circa,nba,nba_20260310_charlotte_hornets_portland_trailblazers,Mar 10,,Charlotte Hornets,Portland Trailblazers,-3.0,100.0,,100.0,,227.5,,100.0,,100.0,,100.0,,100.0,,,,,1,,,,,,,,,,,,
2026-03-10T07:07:44.126523-04:00,vsin_circa,circa,nba,nba_20260310_minnesota_timberwolves_los_angeles_lakers,Mar 10,,Minnesota Timberwolves,Los Angeles Lakers,-2.0,50.0,50.0,50.0,50.0,234.0,50.0,50.0,50.0,50.0,,100.0,,100.0,0.0,0.0,False,False,1,,,,,,,,,,,,
2026-03-10T07:37:30.833872-04:00,vsin_dk,draftkings,nba,nba_20260309_philadelphia_76ers_cleveland_cavaliers,Mar 9,,Philadelphia 76ers,Cleveland Cavaliers,14.5,33.0,67.0,12.0,88.0,226.5,63.0,37.0,59.0,41.0,13.0,87.0,18.0,82.0,21.0,4.0,True,False,1,,,,,,,,,,,,
2026-03-10T07:37:30.833872-04:00,vsin_dk,draftkings,nba,nba_20260309_memphis_grizzlies_brooklyn_nets,Mar 9,,Memphis Grizzlies,Brooklyn Nets,1.5,61.0,39.0,19.0,81.0,220.5,62.0,38.0,46.0,54.0,59.0,41.0,56.0,44.0,42.0,16.0,True,True,1,,,,,,,,,,,,
2026-03-10T07:37:30.833872-04:00,vsin_dk,draftkings,nba,nba_20260309_denver_nuggets_oklahoma_city_thunder,Mar 9,,Denver Nuggets,Oklahoma City Thunder,3.5,55.0,45.0,66.0,34.0,237.5,59.0,41.0,57.0,43.0,34.0,66.0,65.0,35.0,11.0,2.0,False,False,1,,,,,,,,,,,,
2026-03-10T07:37:30.833872-04:00,vsin_dk,draftkings,nba,nba_20260309_golden_state_warriors_utah_jazz,Mar 9,,Golden State Warriors,Utah Jazz,-6.5,58.0,42.0,59.0,41.0,224.5,62.0,38.0,59.0,41.0,78.0,22.0,69.0,31.0,1.0,3.0,False,False,1,,,,,,,,,,,,
2026-03-10T07:37:30.833872-04:00,vsin_dk,draftkings,nba,nba_20260309_new_york_knicks_los_angeles_clippers,Mar 9,,New York Knicks,Los Angeles Clippers,-1.5,68.0,32.0,70.0,30.0,220.5,75.0,25.0,63.0,37.0,71.0,29.0,78.0,22.0,2.0,12.0,False,False,1,,,,,,,,,,,,
2026-03-10T07:37:30.833872-04:00,vsin_dk,draftkings,nba,nba_20260310_memphis_grizzlies_philadelphia_76ers,Mar 10,,Memphis Grizzlies,Philadelphia 76ers,3.5,40.0,60.0,28.0,72.0,228.5,52.0,48.0,31.0,69.0,21.0,79.0,42.0,58.0,12.0,21.0,False,True,1,,,,,,,,,,,,
2026-03-10T07:37:30.833872-04:00,vsin_dk,draftkings,nba,nba_20260310_washington_wizards_miami_heat,Mar 10,,Washington Wizards,Miami Heat,15.5,51.0,49.0,23.0,77.0,241.5,29.0,71.0,65.0,35.0,11.0,89.0,14.0,86.0,28.0,36.0,True,True,1,,,,,,,,,,,,
2026-03-10T07:37:30.833872-04:00,vsin_dk,draftkings,nba,nba_20260310_detroit_pistons_brooklyn_nets,Mar 10,,Detroit Pistons,Brooklyn Nets,-14.5,55.0,45.0,82.0,18.0,217.5,75.0,25.0,52.0,48.0,89.0,11.0,80.0,20.0,27.0,23.0,True,True,1,,,,,,,,,,,,
2026-03-10T07:37:30.833872-04:00,vsin_dk,draftkings,nba,nba_20260310_dallas_mavericks_atlanta_hawks,Mar 10,,Dallas Mavericks,Atlanta Hawks,8.5,46.0,54.0,21.0,79.0,238.5,36.0,64.0,60.0,40.0,16.0,84.0,36.0,64.0,25.0,24.0,True,True,1,,,,,,,,,,,,
2026-03-10T07:37:30.833872-04:00,vsin_dk,draftkings,nba,nba_20260310_phoenix_suns_milwaukee_bucks,Mar 10,,Phoenix Suns,Milwaukee Bucks,-1.5,62.0,38.0,83.0,17.0,217.5,77.0,23.0,76.0,24.0,58.0,42.0,43.0,57.0,21.0,1.0,True,False,1,,,,,,,,,,,,
2026-03-10T07:37:30.833872-04:00,vsin_dk,draftkings,nba,nba_20260310_toronto_raptors_houston_rockets,Mar 10,,Toronto Raptors,Houston Rockets,4.5,41.0,59.0,36.0,64.0,217.5,73.0,27.0,54.0,46.0,20.0,80.0,35.0,65.0,5.0,19.0,False,True,1,,,,,,,,,,,,
2026-03-10T07:37:30.833872-04:00,vsin_dk,draftkings,nba,nba_20260310_boston_celtics_san_antonio_spurs,Mar 10,,Boston Celtics,San Antonio Spurs,3.5,59.0,41.0,52.0,48.0,221.5,74.0,26.0,39.0,61.0,47.0,53.0,59.0,41.0,7.0,35.0,False,True,1,,,,,,,,,,,,
2026-03-10T07:37:30.833872-04:00,vsin_dk,draftkings,nba,nba_20260310_indiana_pacers_sacramento_kings,Mar 10,,Indiana Pacers,Sacramento Kings,3.5,47.0,53.0,45.0,55.0,236.5,46.0,54.0,81.0,19.0,29.0,71.0,32.0,68.0,2.0,35.0,False,True,1,,,,,,,,,,,,
2026-03-10T07:37:30.833872-04:00,vsin_dk,draftkings,nba,nba_20260310_chicago_bulls_golden_state_warriors,Mar 10,,Chicago Bulls,Golden State Warriors,6.5,54.0,46.0,12.0,88.0,227.5,55.0,45.0,45.0,55.0,24.0,76.0,17.0,83.0,42.0,10.0,True,False,1,,,,,,,,,,,,
2026-03-10T07:37:30.833872-04:00,vsin_dk,draftkings,nba,nba_20260310_charlotte_hornets_portland_trailblazers,Mar 10,,Charlotte Hornets,Portland Trailblazers,-2.5,67.0,33.0,62.0,38.0,226.5,60.0,40.0,8.0,92.0,78.0,22.0,76.0,24.0,5.0,52.0,False,True,1,,,,,,,,,,,,
2026-03-10T07:37:30.833872-04:00,vsin_dk,draftkings,nba,nba_20260310_minnesota_timberwolves_los_angeles_lakers,Mar 10,,Minnesota Timberwolves,Los Angeles Lakers,-1.5,59.0,41.0,80.0,20.0,233.5,66.0,34.0,83.0,17.0,49.0,51.0,82.0,18.0,21.0,17.0,True,True,1,,,,,,,,,,,,
2026-03-10T07:37:50.731696-04:00,vsin_circa,circa,nba,nba_20260309_philadelphia_76ers_cleveland_cavaliers,Mar 9,,Philadelphia 76ers,Cleveland Cavaliers,14.0,13.0,88.0,69.0,31.0,226.0,44.0,56.0,14.0,86.0,20.0,80.0,,100.0,57.0,30.0,True,True,1,,,,,,,,,,,,
2026-03-10T07:37:50.731696-04:00,vsin_circa,circa,nba,nba_20260309_memphis_grizzlies_brooklyn_nets,Mar 9,,Memphis Grizzlies,Brooklyn Nets,1.5,43.0,57.0,4.0,96.0,219.5,44.0,56.0,27.0,73.0,44.0,56.0,92.0,8.0,39.0,17.0,True,True,1,,,,,,,,,,,,
2026-03-10T07:37:50.731696-04:00,vsin_circa,circa,nba,nba_20260309_denver_nuggets_oklahoma_city_thunder,Mar 9,,Denver Nuggets,Oklahoma City Thunder,3.0,55.0,45.0,34.0,66.0,236.0,47.0,53.0,82.0,18.0,92.0,8.0,100.0,,21.0,35.0,True,True,1,,,,,,,,,,,,
2026-03-10T07:37:50.731696-04:00,vsin_circa,circa,nba,nba_20260309_golden_state_warriors_utah_jazz,Mar 9,,Golden State Warriors,Utah Jazz,-6.5,63.0,37.0,60.0,40.0,226.0,58.0,42.0,70.0,30.0,20.0,80.0,,100.0,3.0,12.0,False,False,1,,,,,,,,,,,,
2026-03-10T07:37:50.731696-04:00,vsin_circa,circa,nba,nba_20260309_new_york_knicks_los_angeles_clippers,Mar 9,,New York Knicks,Los Angeles Clippers,-2.0,48.0,52.0,74.0,26.0,221.0,64.0,36.0,30.0,70.0,67.0,33.0,91.0,9.0,26.0,34.0,True,True,1,,,,,,,,,,,,
2026-03-10T07:37:50.731696-04:00,vsin_circa,circa,nba,nba_20260310_memphis_grizzlies_philadelphia_76ers,Mar 10,,Memphis Grizzlies,Philadelphia 76ers,3.5,100.0,,100.0,,228.0,50.0,50.0,50.0,50.0,100.0,,100.0,,,0.0,,False,1,,,,,,,,,,,,
2026-03-10T07:37:50.731696-04:00,vsin_circa,circa,nba,nba_20260310_washington_wizards_miami_heat,Mar 10,,Washington Wizards,Miami Heat,15.5,50.0,50.0,33.0,67.0,242.5,50.0,50.0,50.0,50.0,,100.0,,100.0,17.0,0.0,True,False,1,,,,,,,,,,,,
2026-03-10T07:37:50.731696-04:00,vsin_circa,circa,nba,nba_20260310_detroit_pistons_brooklyn_nets,Mar 10,,Detroit Pistons,Brooklyn Nets,-14.5,50.0,50.0,50.0,50.0,217.0,50.0,50.0,50.0,50.0,50.0,50.0,50.0,50.0,0.0,0.0,False,False,1,,,,,,,,,,,,
2026-03-10T07:37:50.731696-04:00,vsin_circa,circa,nba,nba_20260310_dallas_mavericks_atlanta_hawks,Mar 10,,Dallas Mavericks,Atlanta Hawks,9.5,50.0,50.0,50.0,50.0,238.5,,100.0,,100.0,100.0,,100.0,,0.0,,False,,1,,,,,,,,,,,,
2026-03-10T07:37:50.731696-04:00,vsin_circa,circa,nba,nba_20260310_phoenix_suns_milwaukee_bucks,Mar 10,,Phoenix Suns,Milwaukee Bucks,-1.5,25.0,75.0,77.0,23.0,217.5,50.0,50.0,50.0,50.0,,100.0,,100.0,52.0,0.0,True,False,1,,,,,,,,,,,,
2026-03-10T07:37:50.731696-04:00,vsin_circa,circa,nba,nba_20260310_toronto_raptors_houston_rockets,Mar 10,,Toronto Raptors,Houston Rockets,5.0,50.0,50.0,50.0,50.0,217.0,50.0,50.0,50.0,50.0,100.0,,100.0,,0.0,0.0,False,False,1,,,,,,,,,,,,
2026-03-10T07:37:50.731696-04:00,vsin_circa,circa,nba,nba_20260310_boston_celtics_san_antonio_spurs,Mar 10,,Boston Celtics,San Antonio Spurs,3.5,33.0,67.0,82.0,18.0,222.5,50.0,50.0,50.0,50.0,50.0,50.0,50.0,50.0,49.0,0.0,True,False,1,,,,,,,,,,,,
2026-03-10T07:37:50.731696-04:00,vsin_circa,circa,nba,nba_20260310_indiana_pacers_sacramento_kings,Mar 10,,Indiana Pacers,Sacramento Kings,3.5,71.0,29.0,68.0,32.0,236.0,50.0,50.0,50.0,50.0,100.0,,100.0,,3.0,0.0,False,False,1,,,,,,,,,,,,
2026-03-10T07:37:50.731696-04:00,vsin_circa,circa,nba,nba_20260310_chicago_bulls_golden_state_warriors,Mar 10,,Chicago Bulls,Golden State Warriors,6.5,50.0,50.0,50.0,50.0,227.5,50.0,50.0,50.0,50.0,100.0,,100.0,,0.0,0.0,False,False,1,,,,,,,,,,,,
2026-03-10T07:37:50.731696-04:00,vsin_circa,circa,nba,nba_20260310_charlotte_hornets_portland_trailblazers,Mar 10,,Charlotte Hornets,Portland Trailblazers,-3.0,100.0,,100.0,,227.5,,100.0,,100.0,,100.0,,100.0,,,,,1,,,,,,,,,,,,
2026-03-10T07:37:50.731696-04:00,vsin_circa,circa,nba,nba_20260310_minnesota_timberwolves_los_angeles_lakers,Mar 10,,Minnesota Timberwolves,Los Angeles Lakers,-2.0,50.0,50.0,50.0,50.0,234.0,50.0,50.0,50.0,50.0,,100.0,,100.0,0.0,0.0,False,False,1,,,,,,,,,,,,
2026-03-10T07:58:22.119929-04:00,vsin_dk,draftkings,nba,nba_20260309_philadelphia_76ers_cleveland_cavaliers,Mar 9,,Philadelphia 76ers,Cleveland Cavaliers,14.5,33.0,67.0,12.0,88.0,226.5,63.0,37.0,59.0,41.0,13.0,87.0,18.0,82.0,21.0,4.0,True,False,1,,,,,,,,,,,,
2026-03-10T07:58:22.119929-04:00,vsin_dk,draftkings,nba,nba_20260309_memphis_grizzlies_brooklyn_nets,Mar 9,,Memphis Grizzlies,Brooklyn Nets,1.5,61.0,39.0,19.0,81.0,220.5,62.0,38.0,46.0,54.0,59.0,41.0,56.0,44.0,42.0,16.0,True,True,1,,,,,,,,,,,,
2026-03-10T07:58:22.119929-04:00,vsin_dk,draftkings,nba,nba_20260309_denver_nuggets_oklahoma_city_thunder,Mar 9,,Denver Nuggets,Oklahoma City Thunder,3.5,55.0,45.0,66.0,34.0,237.5,59.0,41.0,57.0,43.0,34.0,66.0,65.0,35.0,11.0,2.0,False,False,1,,,,,,,,,,,,
2026-03-10T07:58:22.119929-04:00,vsin_dk,draftkings,nba,nba_20260309_golden_state_warriors_utah_jazz,Mar 9,,Golden State Warriors,Utah Jazz,-6.5,58.0,42.0,59.0,41.0,224.5,62.0,38.0,59.0,41.0,78.0,22.0,69.0,31.0,1.0,3.0,False,False,1,,,,,,,,,,,,
2026-03-10T07:58:22.119929-04:00,vsin_dk,draftkings,nba,nba_20260309_new_york_knicks_los_angeles_clippers,Mar 9,,New York Knicks,Los Angeles Clippers,-1.5,68.0,32.0,70.0,30.0,220.5,75.0,25.0,63.0,37.0,71.0,29.0,78.0,22.0,2.0,12.0,False,False,1,,,,,,,,,,,,
2026-03-10T07:58:22.119929-04:00,vsin_dk,draftkings,nba,nba_20260310_memphis_grizzlies_philadelphia_76ers,Mar 10,,Memphis Grizzlies,Philadelphia 76ers,3.5,39.0,61.0,31.0,69.0,228.5,52.0,48.0,31.0,69.0,21.0,79.0,42.0,58.0,8.0,21.0,False,True,1,,,,,,,,,,,,
2026-03-10T07:58:22.119929-04:00,vsin_dk,draftkings,nba,nba_20260310_washington_wizards_miami_heat,Mar 10,,Washington Wizards,Miami Heat,15.5,51.0,49.0,18.0,82.0,241.5,29.0,71.0,65.0,35.0,11.0,89.0,14.0,86.0,33.0,36.0,True,True,1,,,,,,,,,,,,
2026-03-10T07:58:22.119929-04:00,vsin_dk,draftkings,nba,nba_20260310_detroit_pistons_brooklyn_nets,Mar 10,,Detroit Pistons,Brooklyn Nets,-14.5,55.0,45.0,85.0,15.0,217.5,75.0,25.0,52.0,48.0,89.0,11.0,79.0,21.0,30.0,23.0,True,True,1,,,,,,,,,,,,
2026-03-10T07:58:22.119929-04:00,vsin_dk,draftkings,nba,nba_20260310_dallas_mavericks_atlanta_hawks,Mar 10,,Dallas Mavericks,Atlanta Hawks,8.5,46.0,54.0,18.0,82.0,240.5,37.0,63.0,59.0,41.0,16.0,84.0,37.0,63.0,28.0,22.0,True,True,1,,,,,,,,,,,,
2026-03-10T07:58:22.119929-04:00,vsin_dk,draftkings,nba,nba_20260310_phoenix_suns_milwaukee_bucks,Mar 10,,Phoenix Suns,Milwaukee Bucks,-1.5,62.0,38.0,78.0,22.0,217.5,77.0,23.0,76.0,24.0,58.0,42.0,44.0,56.0,16.0,1.0,True,False,1,,,,,,,,,,,,
2026-03-10T07:58:22.119929-04:00,vsin_dk,draftkings,nba,nba_20260310_toronto_raptors_houston_rockets,Mar 10,,Toronto Raptors,Houston Rockets,4.5,42.0,58.0,40.0,60.0,217.5,73.0,27.0,54.0,46.0,20.0,80.0,34.0,66.0,2.0,19.0,False,True,1,,,,,,,,,,,,
2026-03-10T07:58:22.119929-04:00,vsin_dk,draftkings,nba,nba_20260310_boston_celtics_san_antonio_spurs,Mar 10,,Boston Celtics,San Antonio Spurs,3.5,60.0,40.0,53.0,47.0,221.5,74.0,26.0,36.0,64.0,47.0,53.0,57.0,43.0,7.0,38.0,False,True,1,,,,,,,,,,,,
2026-03-10T07:58:22.119929-04:00,vsin_dk,draftkings,nba,nba_20260310_indiana_pacers_sacramento_kings,Mar 10,,Indiana Pacers,Sacramento Kings,3.5,48.0,52.0,49.0,51.0,236.5,46.0,54.0,86.0,14.0,29.0,71.0,32.0,68.0,1.0,40.0,False,True,1,,,,,,,,,,,,
2026-03-10T07:58:22.119929-04:00,vsin_dk,draftkings,nba,nba_20260310_chicago_bulls_golden_state_warriors,Mar 10,,Chicago Bulls,Golden State Warriors,6.5,55.0,45.0,12.0,88.0,227.5,55.0,45.0,46.0,54.0,24.0,76.0,18.0,82.0,43.0,9.0,True,False,1,,,,,,,,,,,,
2026-03-10T07:58:22.119929-04:00,vsin_dk,draftkings,nba,nba_20260310_charlotte_hornets_portland_trailblazers,Mar 10,,Charlotte Hornets,Portland Trailblazers,-2.5,67.0,33.0,58.0,42.0,228.5,60.0,40.0,8.0,92.0,78.0,22.0,76.0,24.0,9.0,52.0,False,True,1,,,,,,,,,,,,
2026-03-10T07:58:22.119929-04:00,vsin_dk,draftkings,nba,nba_20260310_minnesota_timberwolves_los_angeles_lakers,Mar 10,,Minnesota Timberwolves,Los Angeles Lakers,-2.5,58.0,42.0,81.0,19.0,233.5,66.0,34.0,82.0,18.0,49.0,51.0,82.0,18.0,23.0,16.0,True,True,1,,,,,,,,,,,,
2026-03-10T07:58:42.185085-04:00,vsin_circa,circa,nba,nba_20260309_philadelphia_76ers_cleveland_cavaliers,Mar 9,,Philadelphia 76ers,Cleveland Cavaliers,14.0,13.0,88.0,69.0,31.0,226.0,44.0,56.0,14.0,86.0,20.0,80.0,,100.0,57.0,30.0,True,True,1,,,,,,,,,,,,
2026-03-10T07:58:42.185085-04:00,vsin_circa,circa,nba,nba_20260309_memphis_grizzlies_brooklyn_nets,Mar 9,,Memphis Grizzlies,Brooklyn Nets,1.5,43.0,57.0,4.0,96.0,219.5,44.0,56.0,27.0,73.0,44.0,56.0,92.0,8.0,39.0,17.0,True,True,1,,,,,,,,,,,,
2026-03-10T07:58:42.185085-04:00,vsin_circa,circa,nba,nba_20260309_denver_nuggets_oklahoma_city_thunder,Mar 9,,Denver Nuggets,Oklahoma City Thunder,3.0,55.0,45.0,34.0,66.0,236.0,47.0,53.0,82.0,18.0,92.0,8.0,100.0,,21.0,35.0,True,True,1,,,,,,,,,,,,
2026-03-10T07:58:42.185085-04:00,vsin_circa,circa,nba,nba_20260309_golden_state_warriors_utah_jazz,Mar 9,,Golden State Warriors,Utah Jazz,-6.5,63.0,37.0,60.0,40.0,226.0,58.0,42.0,70.0,30.0,20.0,80.0,,100.0,3.0,12.0,False,False,1,,,,,,,,,,,,
2026-03-10T07:58:42.185085-04:00,vsin_circa,circa,nba,nba_20260309_new_york_knicks_los_angeles_clippers,Mar 9,,New York Knicks,Los Angeles Clippers,-2.0,48.0,52.0,74.0,26.0,221.0,64.0,36.0,30.0,70.0,67.0,33.0,91.0,9.0,26.0,34.0,True,True,1,,,,,,,,,,,,
2026-03-10T07:58:42.185085-04:00,vsin_circa,circa,nba,nba_20260310_memphis_grizzlies_philadelphia_76ers,Mar 10,,Memphis Grizzlies,Philadelphia 76ers,3.5,100.0,,100.0,,228.0,50.0,50.0,50.0,50.0,100.0,,100.0,,,0.0,,False,1,,,,,,,,,,,,
2026-03-10T07:58:42.185085-04:00,vsin_circa,circa,nba,nba_20260310_washington_wizards_miami_heat,Mar 10,,Washington Wizards,Miami Heat,15.5,50.0,50.0,33.0,67.0,242.5,50.0,50.0,50.0,50.0,,100.0,,100.0,17.0,0.0,True,False,1,,,,,,,,,,,,
2026-03-10T07:58:42.185085-04:00,vsin_circa,circa,nba,nba_20260310_detroit_pistons_brooklyn_nets,Mar 10,,Detroit Pistons,Brooklyn Nets,-14.5,50.0,50.0,50.0,50.0,217.0,50.0,50.0,50.0,50.0,50.0,50.0,50.0,50.0,0.0,0.0,False,False,1,,,,,,,,,,,,
2026-03-10T07:58:42.185085-04:00,vsin_circa,circa,nba,nba_20260310_dallas_mavericks_atlanta_hawks,Mar 10,,Dallas Mavericks,Atlanta Hawks,9.5,50.0,50.0,50.0,50.0,240.0,,100.0,,100.0,100.0,,100.0,,0.0,,False,,1,,,,,,,,,,,,
2026-03-10T07:58:42.185085-04:00,vsin_circa,circa,nba,nba_20260310_phoenix_suns_milwaukee_bucks,Mar 10,,Phoenix Suns,Milwaukee Bucks,-1.5,25.0,75.0,77.0,23.0,217.5,50.0,50.0,50.0,50.0,,100.0,,100.0,52.0,0.0,True,False,1,,,,,,,,,,,,
2026-03-10T07:58:42.185085-04:00,vsin_circa,circa,nba,nba_20260310_toronto_raptors_houston_rockets,Mar 10,,Toronto Raptors,Houston Rockets,5.0,50.0,50.0,50.0,50.0,217.0,50.0,50.0,50.0,50.0,100.0,,100.0,,0.0,0.0,False,False,1,,,,,,,,,,,,
2026-03-10T07:58:42.185085-04:00,vsin_circa,circa,nba,nba_20260310_boston_celtics_san_antonio_spurs,Mar 10,,Boston Celtics,San Antonio Spurs,3.5,33.0,67.0,82.0,18.0,222.5,50.0,50.0,50.0,50.0,50.0,50.0,50.0,50.0,49.0,0.0,True,False,1,,,,,,,,,,,,
2026-03-10T07:58:42.185085-04:00,vsin_circa,circa,nba,nba_20260310_indiana_pacers_sacramento_kings,Mar 10,,Indiana Pacers,Sacramento Kings,3.5,71.0,29.0,68.0,32.0,236.0,50.0,50.0,50.0,50.0,100.0,,100.0,,3.0,0.0,False,False,1,,,,,,,,,,,,
2026-03-10T07:58:42.185085-04:00,vsin_circa,circa,nba,nba_20260310_chicago_bulls_golden_state_warriors,Mar 10,,Chicago Bulls,Golden State Warriors,6.5,50.0,50.0,50.0,50.0,227.5,50.0,50.0,50.0,50.0,100.0,,100.0,,0.0,0.0,False,False,1,,,,,,,,,,,,
2026-03-10T07:58:42.185085-04:00,vsin_circa,circa,nba,nba_20260310_charlotte_hornets_portland_trailblazers,Mar 10,,Charlotte Hornets,Portland Trailblazers,-3.0,100.0,,100.0,,227.5,,100.0,,100.0,,100.0,,100.0,,,,,1,,,,,,,,,,,,
2026-03-10T07:58:42.185085-04:00,vsin_circa,circa,nba,nba_20260310_minnesota_timberwolves_los_angeles_lakers,Mar 10,,Minnesota Timberwolves,Los Angeles Lakers,-2.0,50.0,50.0,50.0,50.0,234.0,50.0,50.0,50.0,50.0,,100.0,,100.0,0.0,0.0,False,False,1,,,,,,,,,,,,
2026-03-10T08:08:00.991654-04:00,vsin_dk,draftkings,nba,nba_20260310_memphis_grizzlies_philadelphia_76ers,Mar 10,,Memphis Grizzlies,Philadelphia 76ers,3.5,39.0,61.0,30.0,70.0,227.5,53.0,47.0,30.0,70.0,21.0,79.0,42.0,58.0,9.0,23.0,False,True,1,,,,,,,,,,,,
2026-03-10T08:08:00.991654-04:00,vsin_dk,draftkings,nba,nba_20260310_washington_wizards_miami_heat,Mar 10,,Washington Wizards,Miami Heat,15.5,51.0,49.0,18.0,82.0,242.5,29.0,71.0,65.0,35.0,11.0,89.0,14.0,86.0,33.0,36.0,True,True,1,,,,,,,,,,,,
2026-03-10T08:08:00.991654-04:00,vsin_dk,draftkings,nba,nba_20260310_detroit_pistons_brooklyn_nets,Mar 10,,Detroit Pistons,Brooklyn Nets,-14.5,55.0,45.0,85.0,15.0,217.5,75.0,25.0,52.0,48.0,89.0,11.0,78.0,22.0,30.0,23.0,True,True,1,,,,,,,,,,,,
2026-03-10T08:08:00.991654-04:00,vsin_dk,draftkings,nba,nba_20260310_dallas_mavericks_atlanta_hawks,Mar 10,,Dallas Mavericks,Atlanta Hawks,8.5,46.0,54.0,18.0,82.0,240.5,36.0,64.0,58.0,42.0,16.0,84.0,38.0,62.0,28.0,22.0,True,True,1,,,,,,,,,,,,
2026-03-10T08:08:00.991654-04:00,vsin_dk,draftkings,nba,nba_20260310_phoenix_suns_milwaukee_bucks,Mar 10,,Phoenix Suns,Milwaukee Bucks,-1.5,62.0,38.0,78.0,22.0,217.5,77.0,23.0,76.0,24.0,58.0,42.0,44.0,56.0,16.0,1.0,True,False,1,,,,,,,,,,,,
2026-03-10T08:08:00.991654-04:00,vsin_dk,draftkings,nba,nba_20260310_toronto_raptors_houston_rockets,Mar 10,,Toronto Raptors,Houston Rockets,4.5,42.0,58.0,39.0,61.0,217.5,74.0,26.0,54.0,46.0,20.0,80.0,34.0,66.0,3.0,20.0,False,True,1,,,,,,,,,,,,
2026-03-10T08:08:00.991654-04:00,vsin_dk,draftkings,nba,nba_20260310_boston_celtics_san_antonio_spurs,Mar 10,,Boston Celtics,San Antonio Spurs,3.5,60.0,40.0,53.0,47.0,221.5,74.0,26.0,36.0,64.0,47.0,53.0,57.0,43.0,7.0,38.0,False,True,1,,,,,,,,,,,,
2026-03-10T08:08:00.991654-04:00,vsin_dk,draftkings,nba,nba_20260310_indiana_pacers_sacramento_kings,Mar 10,,Indiana Pacers,Sacramento Kings,3.5,47.0,53.0,49.0,51.0,236.5,47.0,53.0,86.0,14.0,29.0,71.0,32.0,68.0,2.0,39.0,False,True,1,,,,,,,,,,,,
2026-03-10T08:08:00.991654-04:00,vsin_dk,draftkings,nba,nba_20260310_chicago_bulls_golden_state_warriors,Mar 10,,Chicago Bulls,Golden State Warriors,6.5,55.0,45.0,12.0,88.0,227.5,56.0,44.0,46.0,54.0,24.0,76.0,18.0,82.0,43.0,10.0,True,False,1,,,,,,,,,,,,
2026-03-10T08:08:00.991654-04:00,vsin_dk,draftkings,nba,nba_20260310_charlotte_hornets_portland_trailblazers,Mar 10,,Charlotte Hornets,Portland Trailblazers,-2.5,67.0,33.0,58.0,42.0,228.5,60.0,40.0,8.0,92.0,78.0,22.0,76.0,24.0,9.0,52.0,False,True,1,,,,,,,,,,,,
2026-03-10T08:08:00.991654-04:00,vsin_dk,draftkings,nba,nba_20260310_minnesota_timberwolves_los_angeles_lakers,Mar 10,,Minnesota Timberwolves,Los Angeles Lakers,-2.5,58.0,42.0,81.0,19.0,233.5,66.0,34.0,82.0,18.0,49.0,51.0,82.0,18.0,23.0,16.0,True,True,1,,,,,,,,,,,,
2026-03-10T08:08:19.005280-04:00,vsin_circa,circa,nba,nba_20260310_memphis_grizzlies_philadelphia_76ers,Mar 10,,Memphis Grizzlies,Philadelphia 76ers,3.5,100.0,,100.0,,228.0,50.0,50.0,50.0,50.0,100.0,,100.0,,,0.0,,False,1,,,,,,,,,,,,
2026-03-10T08:08:19.005280-04:00,vsin_circa,circa,nba,nba_20260310_washington_wizards_miami_heat,Mar 10,,Washington Wizards,Miami Heat,15.5,50.0,50.0,33.0,67.0,242.5,50.0,50.0,50.0,50.0,,100.0,,100.0,17.0,0.0,True,False,1,,,,,,,,,,,,
2026-03-10T08:08:19.005280-04:00,vsin_circa,circa,nba,nba_20260310_detroit_pistons_brooklyn_nets,Mar 10,,Detroit Pistons,Brooklyn Nets,-14.5,50.0,50.0,50.0,50.0,217.0,50.0,50.0,50.0,50.0,50.0,50.0,50.0,50.0,0.0,0.0,False,False,1,,,,,,,,,,,,
2026-03-10T08:08:19.005280-04:00,vsin_circa,circa,nba,nba_20260310_dallas_mavericks_atlanta_hawks,Mar 10,,Dallas Mavericks,Atlanta Hawks,9.5,50.0,50.0,50.0,50.0,240.0,,100.0,,100.0,100.0,,100.0,,0.0,,False,,1,,,,,,,,,,,,
2026-03-10T08:08:19.005280-04:00,vsin_circa,circa,nba,nba_20260310_phoenix_suns_milwaukee_bucks,Mar 10,,Phoenix Suns,Milwaukee Bucks,-1.5,25.0,75.0,77.0,23.0,217.5,50.0,50.0,50.0,50.0,,100.0,,100.0,52.0,0.0,True,False,1,,,,,,,,,,,,
2026-03-10T08:08:19.005280-04:00,vsin_circa,circa,nba,nba_20260310_toronto_raptors_houston_rockets,Mar 10,,Toronto Raptors,Houston Rockets,5.0,50.0,50.0,50.0,50.0,217.0,50.0,50.0,50.0,50.0,100.0,,100.0,,0.0,0.0,False,False,1,,,,,,,,,,,,
2026-03-10T08:08:19.005280-04:00,vsin_circa,circa,nba,nba_20260310_boston_celtics_san_antonio_spurs,Mar 10,,Boston Celtics,San Antonio Spurs,3.5,33.0,67.0,82.0,18.0,222.5,50.0,50.0,50.0,50.0,50.0,50.0,50.0,50.0,49.0,0.0,True,False,1,,,,,,,,,,,,
2026-03-10T08:08:19.005280-04:00,vsin_circa,circa,nba,nba_20260310_indiana_pacers_sacramento_kings,Mar 10,,Indiana Pacers,Sacramento Kings,3.5,71.0,29.0,68.0,32.0,236.0,50.0,50.0,50.0,50.0,100.0,,100.0,,3.0,0.0,False,False,1,,,,,,,,,,,,
2026-03-10T08:08:19.005280-04:00,vsin_circa,circa,nba,nba_20260310_chicago_bulls_golden_state_warriors,Mar 10,,Chicago Bulls,Golden State Warriors,6.5,50.0,50.0,50.0,50.0,227.5,50.0,50.0,50.0,50.0,100.0,,100.0,,0.0,0.0,False,False,1,,,,,,,,,,,,
2026-03-10T08:08:19.005280-04:00,vsin_circa,circa,nba,nba_20260310_charlotte_hornets_portland_trailblazers,Mar 10,,Charlotte Hornets,Portland Trailblazers,-3.0,100.0,,100.0,,227.5,,100.0,,100.0,,100.0,,100.0,,,,,1,,,,,,,,,,,,
2026-03-10T08:08:19.005280-04:00,vsin_circa,circa,nba,nba_20260310_minnesota_timberwolves_los_angeles_lakers,Mar 10,,Minnesota Timberwolves,Los Angeles Lakers,-2.0,50.0,50.0,50.0,50.0,234.0,50.0,50.0,50.0,50.0,,100.0,,100.0,0.0,0.0,False,False,1,,,,,,,,,,,,
2026-03-10T08:37:57.731857-04:00,vsin_dk,draftkings,nba,nba_20260310_memphis_grizzlies_philadelphia_76ers,Mar 10,,Memphis Grizzlies,Philadelphia 76ers,2.5,39.0,61.0,31.0,69.0,227.5,53.0,47.0,27.0,73.0,20.0,80.0,41.0,59.0,8.0,26.0,False,True,1,,,,,,,,,,,,
2026-03-10T08:37:57.731857-04:00,vsin_dk,draftkings,nba,nba_20260310_washington_wizards_miami_heat,Mar 10,,Washington Wizards,Miami Heat,15.5,52.0,48.0,10.0,90.0,242.5,29.0,71.0,64.0,36.0,11.0,89.0,13.0,87.0,42.0,35.0,True,True,1,,,,,,,,,,,,
2026-03-10T08:37:57.731857-04:00,vsin_dk,draftkings,nba,nba_20260310_detroit_pistons_brooklyn_nets,Mar 10,,Detroit Pistons,Brooklyn Nets,-14.5,55.0,45.0,85.0,15.0,217.5,75.0,25.0,50.0,50.0,89.0,11.0,79.0,21.0,30.0,25.0,True,True,1,,,,,,,,,,,,
2026-03-10T08:37:57.731857-04:00,vsin_dk,draftkings,nba,nba_20260310_dallas_mavericks_atlanta_hawks,Mar 10,,Dallas Mavericks,Atlanta Hawks,8.5,46.0,54.0,18.0,82.0,240.5,37.0,63.0,58.0,42.0,16.0,84.0,40.0,60.0,28.0,21.0,True,True,1,,,,,,,,,,,,
2026-03-10T08:37:57.731857-04:00,vsin_dk,draftkings,nba,nba_20260310_phoenix_suns_milwaukee_bucks,Mar 10,,Phoenix Suns,Milwaukee Bucks,-1.5,62.0,38.0,77.0,23.0,217.5,77.0,23.0,74.0,26.0,58.0,42.0,46.0,54.0,15.0,3.0,True,False,1,,,,,,,,,,,,
2026-03-10T08:37:57.731857-04:00,vsin_dk,draftkings,nba,nba_20260310_toronto_raptors_houston_rockets,Mar 10,,Toronto Raptors,Houston Rockets,5.5,42.0,58.0,41.0,59.0,217.5,74.0,26.0,53.0,47.0,20.0,80.0,34.0,66.0,1.0,21.0,False,True,1,,,,,,,,,,,,
2026-03-10T08:37:57.731857-04:00,vsin_dk,draftkings,nba,nba_20260310_boston_celtics_san_antonio_spurs,Mar 10,,Boston Celtics,San Antonio Spurs,3.5,60.0,40.0,55.0,45.0,222.5,74.0,26.0,36.0,64.0,47.0,53.0,57.0,43.0,5.0,38.0,False,True,1,,,,,,,,,,,,
2026-03-10T08:37:57.731857-04:00,vsin_dk,draftkings,nba,nba_20260310_indiana_pacers_sacramento_kings,Mar 10,,Indiana Pacers,Sacramento Kings,3.5,48.0,52.0,50.0,50.0,236.5,47.0,53.0,86.0,14.0,29.0,71.0,30.0,70.0,2.0,39.0,False,True,1,,,,,,,,,,,,
2026-03-10T08:37:57.731857-04:00,vsin_dk,draftkings,nba,nba_20260310_chicago_bulls_golden_state_warriors,Mar 10,,Chicago Bulls,Golden State Warriors,6.5,56.0,44.0,13.0,87.0,227.5,57.0,43.0,49.0,51.0,24.0,76.0,17.0,83.0,43.0,8.0,True,False,1,,,,,,,,,,,,
2026-03-10T08:37:57.731857-04:00,vsin_dk,draftkings,nba,nba_20260310_charlotte_hornets_portland_trailblazers,Mar 10,,Charlotte Hornets,Portland Trailblazers,-2.5,68.0,32.0,60.0,40.0,228.5,60.0,40.0,8.0,92.0,78.0,22.0,75.0,25.0,8.0,52.0,False,True,1,,,,,,,,,,,,
2026-03-10T08:37:57.731857-04:00,vsin_dk,draftkings,nba,nba_20260310_minnesota_timberwolves_los_angeles_lakers,Mar 10,,Minnesota Timberwolves,Los Angeles Lakers,-2.5,58.0,42.0,81.0,19.0,233.5,66.0,34.0,82.0,18.0,50.0,50.0,82.0,18.0,23.0,16.0,True,True,1,,,,,,,,,,,,
2026-03-10T08:38:18.098193-04:00,vsin_circa,circa,nba,nba_20260310_memphis_grizzlies_philadelphia_76ers,Mar 10,,Memphis Grizzlies,Philadelphia 76ers,3.0,100.0,,100.0,,227.5,50.0,50.0,50.0,50.0,100.0,,100.0,,,0.0,,False,1,,,,,,,,,,,,
2026-03-10T08:38:18.098193-04:00,vsin_circa,circa,nba,nba_20260310_washington_wizards_miami_heat,Mar 10,,Washington Wizards,Miami Heat,15.5,50.0,50.0,33.0,67.0,242.5,50.0,50.0,50.0,50.0,,100.0,,100.0,17.0,0.0,True,False,1,,,,,,,,,,,,
2026-03-10T08:38:18.098193-04:00,vsin_circa,circa,nba,nba_20260310_detroit_pistons_brooklyn_nets,Mar 10,,Detroit Pistons,Brooklyn Nets,-14.5,50.0,50.0,50.0,50.0,217.0,50.0,50.0,50.0,50.0,50.0,50.0,50.0,50.0,0.0,0.0,False,False,1,,,,,,,,,,,,
2026-03-10T08:38:18.098193-04:00,vsin_circa,circa,nba,nba_20260310_dallas_mavericks_atlanta_hawks,Mar 10,,Dallas Mavericks,Atlanta Hawks,9.5,50.0,50.0,50.0,50.0,240.0,,100.0,,100.0,100.0,,100.0,,0.0,,False,,1,,,,,,,,,,,,
2026-03-10T08:38:18.098193-04:00,vsin_circa,circa,nba,nba_20260310_phoenix_suns_milwaukee_bucks,Mar 10,,Phoenix Suns,Milwaukee Bucks,-1.5,25.0,75.0,77.0,23.0,217.5,50.0,50.0,50.0,50.0,,100.0,,100.0,52.0,0.0,True,False,1,,,,,,,,,,,,
2026-03-10T08:38:18.098193-04:00,vsin_circa,circa,nba,nba_20260310_toronto_raptors_houston_rockets,Mar 10,,Toronto Raptors,Houston Rockets,5.0,50.0,50.0,50.0,50.0,217.0,50.0,50.0,50.0,50.0,100.0,,100.0,,0.0,0.0,False,False,1,,,,,,,,,,,,
2026-03-10T08:38:18.098193-04:00,vsin_circa,circa,nba,nba_20260310_boston_celtics_san_antonio_spurs,Mar 10,,Boston Celtics,San Antonio Spurs,3.0,33.0,67.0,82.0,18.0,222.5,50.0,50.0,50.0,50.0,50.0,50.0,50.0,50.0,49.0,0.0,True,False,1,,,,,,,,,,,,
2026-03-10T08:38:18.098193-04:00,vsin_circa,circa,nba,nba_20260310_indiana_pacers_sacramento_kings,Mar 10,,Indiana Pacers,Sacramento Kings,3.5,71.0,29.0,68.0,32.0,236.0,50.0,50.0,50.0,50.0,100.0,,100.0,,3.0,0.0,False,False,1,,,,,,,,,,,,
2026-03-10T08:38:18.098193-04:00,vsin_circa,circa,nba,nba_20260310_chicago_bulls_golden_state_warriors,Mar 10,,Chicago Bulls,Golden State Warriors,6.0,50.0,50.0,50.0,50.0,227.5,50.0,50.0,50.0,50.0,100.0,,100.0,,0.0,0.0,False,False,1,,,,,,,,,,,,
2026-03-10T08:38:18.098193-04:00,vsin_circa,circa,nba,nba_20260310_charlotte_hornets_portland_trailblazers,Mar 10,,Charlotte Hornets,Portland Trailblazers,-3.0,100.0,,100.0,,227.5,,100.0,,100.0,,100.0,,100.0,,,,,1,,,,,,,,,,,,
2026-03-10T08:38:18.098193-04:00,vsin_circa,circa,nba,nba_20260310_minnesota_timberwolves_los_angeles_lakers,Mar 10,,Minnesota Timberwolves,Los Angeles Lakers,-2.0,50.0,50.0,50.0,50.0,234.0,50.0,50.0,50.0,50.0,,100.0,,100.0,0.0,0.0,False,False,1,,,,,,,,,,,,
2026-03-10T09:07:41.665858-04:00,vsin_dk,draftkings,nba,nba_20260310_memphis_grizzlies_philadelphia_76ers,Mar 10,,Memphis Grizzlies,Philadelphia 76ers,3.5,38.0,62.0,30.0,70.0,228.5,53.0,47.0,28.0,72.0,20.0,80.0,41.0,59.0,8.0,25.0,False,True,1,,,,,,,,,,,,
2026-03-10T09:07:41.665858-04:00,vsin_dk,draftkings,nba,nba_20260310_washington_wizards_miami_heat,Mar 10,,Washington Wizards,Miami Heat,15.5,52.0,48.0,11.0,89.0,242.5,29.0,71.0,63.0,37.0,11.0,89.0,14.0,86.0,41.0,34.0,True,True,1,,,,,,,,,,,,
2026-03-10T09:07:41.665858-04:00,vsin_dk,draftkings,nba,nba_20260310_detroit_pistons_brooklyn_nets,Mar 10,,Detroit Pistons,Brooklyn Nets,-14.5,55.0,45.0,85.0,15.0,217.5,75.0,25.0,51.0,49.0,89.0,11.0,80.0,20.0,30.0,24.0,True,True,1,,,,,,,,,,,,
2026-03-10T09:07:41.665858-04:00,vsin_dk,draftkings,nba,nba_20260310_dallas_mavericks_atlanta_hawks,Mar 10,,Dallas Mavericks,Atlanta Hawks,8.5,47.0,53.0,18.0,82.0,240.5,36.0,64.0,57.0,43.0,16.0,84.0,43.0,57.0,29.0,21.0,True,True,1,,,,,,,,,,,,
2026-03-10T09:07:41.665858-04:00,vsin_dk,draftkings,nba,nba_20260310_phoenix_suns_milwaukee_bucks,Mar 10,,Phoenix Suns,Milwaukee Bucks,-1.5,62.0,38.0,75.0,25.0,217.5,77.0,23.0,75.0,25.0,58.0,42.0,47.0,53.0,13.0,2.0,False,False,1,,,,,,,,,,,,
2026-03-10T09:07:41.665858-04:00,vsin_dk,draftkings,nba,nba_20260310_toronto_raptors_houston_rockets,Mar 10,,Toronto Raptors,Houston Rockets,5.5,43.0,57.0,42.0,58.0,217.5,74.0,26.0,54.0,46.0,20.0,80.0,33.0,67.0,1.0,20.0,False,True,1,,,,,,,,,,,,
2026-03-10T09:07:41.665858-04:00,vsin_dk,draftkings,nba,nba_20260310_boston_celtics_san_antonio_spurs,Mar 10,,Boston Celtics,San Antonio Spurs,3.5,60.0,40.0,55.0,45.0,222.5,73.0,27.0,36.0,64.0,48.0,52.0,57.0,43.0,5.0,37.0,False,True,1,,,,,,,,,,,,
2026-03-10T09:07:41.665858-04:00,vsin_dk,draftkings,nba,nba_20260310_indiana_pacers_sacramento_kings,Mar 10,,Indiana Pacers,Sacramento Kings,3.5,47.0,53.0,55.0,45.0,236.5,48.0,52.0,86.0,14.0,29.0,71.0,30.0,70.0,8.0,38.0,False,True,1,,,,,,,,,,,,
2026-03-10T09:07:41.665858-04:00,vsin_dk,draftkings,nba,nba_20260310_chicago_bulls_golden_state_warriors,Mar 10,,Chicago Bulls,Golden State Warriors,6.5,56.0,44.0,14.0,86.0,227.5,57.0,43.0,59.0,41.0,24.0,76.0,17.0,83.0,42.0,2.0,True,False,1,,,,,,,,,,,,
2026-03-10T09:07:41.665858-04:00,vsin_dk,draftkings,nba,nba_20260310_charlotte_hornets_portland_trailblazers,Mar 10,,Charlotte Hornets,Portland Trailblazers,-2.5,69.0,31.0,62.0,38.0,228.5,61.0,39.0,9.0,91.0,78.0,22.0,75.0,25.0,7.0,52.0,False,True,1,,,,,,,,,,,,
2026-03-10T09:07:41.665858-04:00,vsin_dk,draftkings,nba,nba_20260310_minnesota_timberwolves_los_angeles_lakers,Mar 10,,Minnesota Timberwolves,Los Angeles Lakers,-2.5,57.0,43.0,77.0,23.0,233.5,67.0,33.0,82.0,18.0,50.0,50.0,83.0,17.0,20.0,15.0,True,True,1,,,,,,,,,,,,
2026-03-10T09:08:01.965958-04:00,vsin_circa,circa,nba,nba_20260310_memphis_grizzlies_philadelphia_76ers,Mar 10,,Memphis Grizzlies,Philadelphia 76ers,3.0,100.0,,100.0,,227.5,50.0,50.0,50.0,50.0,100.0,,100.0,,,0.0,,False,1,,,,,,,,,,,,
2026-03-10T09:08:01.965958-04:00,vsin_circa,circa,nba,nba_20260310_washington_wizards_miami_heat,Mar 10,,Washington Wizards,Miami Heat,15.5,50.0,50.0,33.0,67.0,242.5,50.0,50.0,50.0,50.0,,100.0,,100.0,17.0,0.0,True,False,1,,,,,,,,,,,,
2026-03-10T09:08:01.965958-04:00,vsin_circa,circa,nba,nba_20260310_detroit_pistons_brooklyn_nets,Mar 10,,Detroit Pistons,Brooklyn Nets,-14.5,50.0,50.0,50.0,50.0,217.0,50.0,50.0,50.0,50.0,50.0,50.0,50.0,50.0,0.0,0.0,False,False,1,,,,,,,,,,,,
2026-03-10T09:08:01.965958-04:00,vsin_circa,circa,nba,nba_20260310_dallas_mavericks_atlanta_hawks,Mar 10,,Dallas Mavericks,Atlanta Hawks,9.0,50.0,50.0,50.0,50.0,240.0,,100.0,,100.0,100.0,,100.0,,0.0,,False,,1,,,,,,,,,,,,
2026-03-10T09:08:01.965958-04:00,vsin_circa,circa,nba,nba_20260310_phoenix_suns_milwaukee_bucks,Mar 10,,Phoenix Suns,Milwaukee Bucks,-1.0,20.0,80.0,77.0,23.0,217.5,50.0,50.0,50.0,50.0,,100.0,,100.0,57.0,0.0,True,False,1,,,,,,,,,,,,
2026-03-10T09:08:01.965958-04:00,vsin_circa,circa,nba,nba_20260310_toronto_raptors_houston_rockets,Mar 10,,Toronto Raptors,Houston Rockets,5.0,50.0,50.0,50.0,50.0,217.0,50.0,50.0,50.0,50.0,100.0,,100.0,,0.0,0.0,False,False,1,,,,,,,,,,,,
2026-03-10T09:08:01.965958-04:00,vsin_circa,circa,nba,nba_20260310_boston_celtics_san_antonio_spurs,Mar 10,,Boston Celtics,San Antonio Spurs,3.0,50.0,50.0,84.0,16.0,222.5,50.0,50.0,50.0,50.0,50.0,50.0,50.0,50.0,34.0,0.0,True,False,1,,,,,,,,,,,,
2026-03-10T09:08:01.965958-04:00,vsin_circa,circa,nba,nba_20260310_indiana_pacers_sacramento_kings,Mar 10,,Indiana Pacers,Sacramento Kings,3.5,71.0,29.0,68.0,32.0,236.0,50.0,50.0,50.0,50.0,100.0,,100.0,,3.0,0.0,False,False,1,,,,,,,,,,,,
2026-03-10T09:08:01.965958-04:00,vsin_circa,circa,nba,nba_20260310_chicago_bulls_golden_state_warriors,Mar 10,,Chicago Bulls,Golden State Warriors,6.0,50.0,50.0,50.0,50.0,227.5,50.0,50.0,50.0,50.0,100.0,,100.0,,0.0,0.0,False,False,1,,,,,,,,,,,,
2026-03-10T09:08:01.965958-04:00,vsin_circa,circa,nba,nba_20260310_charlotte_hornets_portland_trailblazers,Mar 10,,Charlotte Hornets,Portland Trailblazers,-3.0,100.0,,100.0,,227.5,,100.0,,100.0,,100.0,,100.0,,,,,1,,,,,,,,,,,,
2026-03-10T09:08:01.965958-04:00,vsin_circa,circa,nba,nba_20260310_minnesota_timberwolves_los_angeles_lakers,Mar 10,,Minnesota Timberwolves,Los Angeles Lakers,-2.0,50.0,50.0,50.0,50.0,234.0,50.0,50.0,50.0,50.0,,100.0,,100.0,0.0,0.0,False,False,1,,,,,,,,,,,,
2026-03-10T09:37:31.322954-04:00,vsin_dk,draftkings,nba,nba_20260310_memphis_grizzlies_philadelphia_76ers,Mar 10,,Memphis Grizzlies,Philadelphia 76ers,2.5,38.0,62.0,30.0,70.0,227.5,54.0,46.0,28.0,72.0,21.0,79.0,33.0,67.0,8.0,26.0,False,True,1,,,,,,,,,,,,
2026-03-10T09:37:31.322954-04:00,vsin_dk,draftkings,nba,nba_20260310_washington_wizards_miami_heat,Mar 10,,Washington Wizards,Miami Heat,15.5,52.0,48.0,12.0,88.0,242.5,30.0,70.0,63.0,37.0,11.0,89.0,13.0,87.0,40.0,33.0,True,True,1,,,,,,,,,,,,
2026-03-10T09:37:31.322954-04:00,vsin_dk,draftkings,nba,nba_20260310_detroit_pistons_brooklyn_nets,Mar 10,,Detroit Pistons,Brooklyn Nets,-14.5,55.0,45.0,85.0,15.0,217.5,74.0,26.0,53.0,47.0,89.0,11.0,81.0,19.0,30.0,21.0,True,True,1,,,,,,,,,,,,
2026-03-10T09:37:31.322954-04:00,vsin_dk,draftkings,nba,nba_20260310_dallas_mavericks_atlanta_hawks,Mar 10,,Dallas Mavericks,Atlanta Hawks,8.5,47.0,53.0,17.0,83.0,240.5,36.0,64.0,57.0,43.0,16.0,84.0,46.0,54.0,30.0,21.0,True,True,1,,,,,,,,,,,,
2026-03-10T09:37:31.322954-04:00,vsin_dk,draftkings,nba,nba_20260310_phoenix_suns_milwaukee_bucks,Mar 10,,Phoenix Suns,Milwaukee Bucks,-1.5,61.0,39.0,76.0,24.0,217.5,78.0,22.0,73.0,27.0,58.0,42.0,48.0,52.0,15.0,5.0,True,False,1,,,,,,,,,,,,
2026-03-10T09:37:31.322954-04:00,vsin_dk,draftkings,nba,nba_20260310_toronto_raptors_houston_rockets,Mar 10,,Toronto Raptors,Houston Rockets,5.5,44.0,56.0,42.0,58.0,217.5,75.0,25.0,53.0,47.0,19.0,81.0,34.0,66.0,2.0,22.0,False,True,1,,,,,,,,,,,,
2026-03-10T09:37:31.322954-04:00,vsin_dk,draftkings,nba,nba_20260310_boston_celtics_san_antonio_spurs,Mar 10,,Boston Celtics,San Antonio Spurs,3.5,60.0,40.0,56.0,44.0,221.5,73.0,27.0,35.0,65.0,48.0,52.0,58.0,42.0,4.0,38.0,False,True,1,,,,,,,,,,,,
2026-03-10T09:37:31.322954-04:00,vsin_dk,draftkings,nba,nba_20260310_indiana_pacers_sacramento_kings,Mar 10,,Indiana Pacers,Sacramento Kings,3.5,47.0,53.0,56.0,44.0,236.5,47.0,53.0,85.0,15.0,29.0,71.0,30.0,70.0,9.0,38.0,False,True,1,,,,,,,,,,,,
2026-03-10T09:37:31.322954-04:00,vsin_dk,draftkings,nba,nba_20260310_chicago_bulls_golden_state_warriors,Mar 10,,Chicago Bulls,Golden State Warriors,6.5,57.0,43.0,14.0,86.0,227.5,58.0,42.0,63.0,37.0,24.0,76.0,19.0,81.0,43.0,5.0,True,False,1,,,,,,,,,,,,
2026-03-10T09:37:31.322954-04:00,vsin_dk,draftkings,nba,nba_20260310_charlotte_hornets_portland_trailblazers,Mar 10,,Charlotte Hornets,Portland Trailblazers,-2.5,69.0,31.0,64.0,36.0,228.5,60.0,40.0,9.0,91.0,78.0,22.0,75.0,25.0,5.0,51.0,False,True,1,,,,,,,,,,,,
2026-03-10T09:37:31.322954-04:00,vsin_dk,draftkings,nba,nba_20260310_minnesota_timberwolves_los_angeles_lakers,Mar 10,,Minnesota Timberwolves,Los Angeles Lakers,-2.5,57.0,43.0,76.0,24.0,233.5,66.0,34.0,80.0,20.0,50.0,50.0,83.0,17.0,19.0,14.0,True,False,1,,,,,,,,,,,,
2026-03-10T09:37:52.144685-04:00,vsin_circa,circa,nba,nba_20260310_memphis_grizzlies_philadelphia_76ers,Mar 10,,Memphis Grizzlies,Philadelphia 76ers,3.0,100.0,,100.0,,227.5,50.0,50.0,50.0,50.0,100.0,,100.0,,,0.0,,False,1,,,,,,,,,,,,
2026-03-10T09:37:52.144685-04:00,vsin_circa,circa,nba,nba_20260310_washington_wizards_miami_heat,Mar 10,,Washington Wizards,Miami Heat,15.5,50.0,50.0,33.0,67.0,242.5,50.0,50.0,50.0,50.0,,100.0,,100.0,17.0,0.0,True,False,1,,,,,,,,,,,,
2026-03-10T09:37:52.144685-04:00,vsin_circa,circa,nba,nba_20260310_detroit_pistons_brooklyn_nets,Mar 10,,Detroit Pistons,Brooklyn Nets,-14.5,50.0,50.0,50.0,50.0,217.0,50.0,50.0,50.0,50.0,100.0,,100.0,,0.0,0.0,False,False,1,,,,,,,,,,,,
2026-03-10T09:37:52.144685-04:00,vsin_circa,circa,nba,nba_20260310_dallas_mavericks_atlanta_hawks,Mar 10,,Dallas Mavericks,Atlanta Hawks,9.0,50.0,50.0,50.0,50.0,240.0,,100.0,,100.0,100.0,,100.0,,0.0,,False,,1,,,,,,,,,,,,
2026-03-10T09:37:52.144685-04:00,vsin_circa,circa,nba,nba_20260310_phoenix_suns_milwaukee_bucks,Mar 10,,Phoenix Suns,Milwaukee Bucks,-1.0,20.0,80.0,77.0,23.0,217.5,50.0,50.0,50.0,50.0,,100.0,,100.0,57.0,0.0,True,False,1,,,,,,,,,,,,
2026-03-10T09:37:52.144685-04:00,vsin_circa,circa,nba,nba_20260310_toronto_raptors_houston_rockets,Mar 10,,Toronto Raptors,Houston Rockets,5.0,50.0,50.0,50.0,50.0,217.0,50.0,50.0,50.0,50.0,100.0,,100.0,,0.0,0.0,False,False,1,,,,,,,,,,,,
2026-03-10T09:37:52.144685-04:00,vsin_circa,circa,nba,nba_20260310_boston_celtics_san_antonio_spurs,Mar 10,,Boston Celtics,San Antonio Spurs,3.0,50.0,50.0,84.0,16.0,222.5,50.0,50.0,50.0,50.0,50.0,50.0,50.0,50.0,34.0,0.0,True,False,1,,,,,,,,,,,,
2026-03-10T09:37:52.144685-04:00,vsin_circa,circa,nba,nba_20260310_indiana_pacers_sacramento_kings,Mar 10,,Indiana Pacers,Sacramento Kings,3.5,71.0,29.0,68.0,32.0,236.0,50.0,50.0,50.0,50.0,100.0,,100.0,,3.0,0.0,False,False,1,,,,,,,,,,,,
2026-03-10T09:37:52.144685-04:00,vsin_circa,circa,nba,nba_20260310_chicago_bulls_golden_state_warriors,Mar 10,,Chicago Bulls,Golden State Warriors,6.0,50.0,50.0,50.0,50.0,227.5,50.0,50.0,50.0,50.0,100.0,,100.0,,0.0,0.0,False,False,1,,,,,,,,,,,,
2026-03-10T09:37:52.144685-04:00,vsin_circa,circa,nba,nba_20260310_charlotte_hornets_portland_trailblazers,Mar 10,,Charlotte Hornets,Portland Trailblazers,-3.0,100.0,,100.0,,227.5,,100.0,,100.0,,100.0,,100.0,,,,,1,,,,,,,,,,,,
2026-03-10T09:37:52.144685-04:00,vsin_circa,circa,nba,nba_20260310_minnesota_timberwolves_los_angeles_lakers,Mar 10,,Minnesota Timberwolves,Los Angeles Lakers,-3.0,100.0,,100.0,,234.0,50.0,50.0,50.0,50.0,,100.0,,100.0,,0.0,,False,1,,,,,,,,,,,,
2026-03-10T10:08:10.899266-04:00,vsin_dk,draftkings,nba,nba_20260310_memphis_grizzlies_philadelphia_76ers,Mar 10,,Memphis Grizzlies,Philadelphia 76ers,2.5,36.0,64.0,29.0,71.0,228.5,55.0,45.0,30.0,70.0,21.0,79.0,33.0,67.0,7.0,25.0,False,True,1,,,,,,,,,,,,
2026-03-10T10:08:10.899266-04:00,vsin_dk,draftkings,nba,nba_20260310_washington_wizards_miami_heat,Mar 10,,Washington Wizards,Miami Heat,15.5,52.0,48.0,13.0,87.0,242.5,30.0,70.0,63.0,37.0,10.0,90.0,13.0,87.0,39.0,33.0,True,True,1,,,,,,,,,,,,
2026-03-10T10:08:10.899266-04:00,vsin_dk,draftkings,nba,nba_20260310_detroit_pistons_brooklyn_nets,Mar 10,,Detroit Pistons,Brooklyn Nets,-14.5,55.0,45.0,85.0,15.0,217.5,74.0,26.0,54.0,46.0,90.0,10.0,81.0,19.0,30.0,20.0,True,True,1,,,,,,,,,,,,
2026-03-10T10:08:10.899266-04:00,vsin_dk,draftkings,nba,nba_20260310_dallas_mavericks_atlanta_hawks,Mar 10,,Dallas Mavericks,Atlanta Hawks,8.5,46.0,54.0,17.0,83.0,240.5,35.0,65.0,56.0,44.0,16.0,84.0,49.0,51.0,29.0,21.0,True,True,1,,,,,,,,,,,,
2026-03-10T10:08:10.899266-04:00,vsin_dk,draftkings,nba,nba_20260310_phoenix_suns_milwaukee_bucks,Mar 10,,Phoenix Suns,Milwaukee Bucks,-1.5,61.0,39.0,76.0,24.0,217.5,78.0,22.0,75.0,25.0,58.0,42.0,58.0,42.0,15.0,3.0,True,False,1,,,,,,,,,,,,
2026-03-10T10:08:10.899266-04:00,vsin_dk,draftkings,nba,nba_20260310_toronto_raptors_houston_rockets,Mar 10,,Toronto Raptors,Houston Rockets,5.5,43.0,57.0,41.0,59.0,217.5,74.0,26.0,53.0,47.0,19.0,81.0,33.0,67.0,2.0,21.0,False,True,1,,,,,,,,,,,,
2026-03-10T10:08:10.899266-04:00,vsin_dk,draftkings,nba,nba_20260310_boston_celtics_san_antonio_spurs,Mar 10,,Boston Celtics,San Antonio Spurs,3.5,60.0,40.0,52.0,48.0,221.5,73.0,27.0,35.0,65.0,48.0,52.0,58.0,42.0,8.0,38.0,False,True,1,,,,,,,,,,,,
2026-03-10T10:08:10.899266-04:00,vsin_dk,draftkings,nba,nba_20260310_indiana_pacers_sacramento_kings,Mar 10,,Indiana Pacers,Sacramento Kings,3.5,46.0,54.0,56.0,44.0,236.5,47.0,53.0,78.0,22.0,28.0,72.0,29.0,71.0,10.0,31.0,False,True,1,,,,,,,,,,,,
2026-03-10T10:08:10.899266-04:00,vsin_dk,draftkings,nba,nba_20260310_chicago_bulls_golden_state_warriors,Mar 10,,Chicago Bulls,Golden State Warriors,6.5,57.0,43.0,15.0,85.0,227.5,58.0,42.0,63.0,37.0,23.0,77.0,21.0,79.0,42.0,5.0,True,False,1,,,,,,,,,,,,
2026-03-10T10:08:10.899266-04:00,vsin_dk,draftkings,nba,nba_20260310_charlotte_hornets_portland_trailblazers,Mar 10,,Charlotte Hornets,Portland Trailblazers,-2.5,70.0,30.0,66.0,34.0,228.5,61.0,39.0,10.0,90.0,78.0,22.0,75.0,25.0,4.0,51.0,False,True,1,,,,,,,,,,,,
2026-03-10T10:08:10.899266-04:00,vsin_dk,draftkings,nba,nba_20260310_minnesota_timberwolves_los_angeles_lakers,Mar 10,,Minnesota Timberwolves,Los Angeles Lakers,-2.5,57.0,43.0,75.0,25.0,233.5,66.0,34.0,80.0,20.0,50.0,50.0,82.0,18.0,18.0,14.0,True,False,1,,,,,,,,,,,,
2026-03-10T10:08:32.017139-04:00,vsin_circa,circa,nba,nba_20260310_memphis_grizzlies_philadelphia_76ers,Mar 10,,Memphis Grizzlies,Philadelphia 76ers,3.0,100.0,,100.0,,227.5,100.0,,100.0,,100.0,,100.0,,,0.0,,False,1,,,,,,,,,,,,
2026-03-10T10:08:32.017139-04:00,vsin_circa,circa,nba,nba_20260310_washington_wizards_miami_heat,Mar 10,,Washington Wizards,Miami Heat,15.5,50.0,50.0,33.0,67.0,242.5,50.0,50.0,50.0,50.0,,100.0,,100.0,17.0,0.0,True,False,1,,,,,,,,,,,,
2026-03-10T10:08:32.017139-04:00,vsin_circa,circa,nba,nba_20260310_detroit_pistons_brooklyn_nets,Mar 10,,Detroit Pistons,Brooklyn Nets,-14.5,50.0,50.0,50.0,50.0,217.0,50.0,50.0,50.0,50.0,100.0,,100.0,,0.0,0.0,False,False,1,,,,,,,,,,,,
2026-03-10T10:08:32.017139-04:00,vsin_circa,circa,nba,nba_20260310_dallas_mavericks_atlanta_hawks,Mar 10,,Dallas Mavericks,Atlanta Hawks,9.0,50.0,50.0,50.0,50.0,240.0,,100.0,,100.0,100.0,,100.0,,0.0,,False,,1,,,,,,,,,,,,
2026-03-10T10:08:32.017139-04:00,vsin_circa,circa,nba,nba_20260310_phoenix_suns_milwaukee_bucks,Mar 10,,Phoenix Suns,Milwaukee Bucks,-1.0,20.0,80.0,77.0,23.0,217.5,50.0,50.0,50.0,50.0,,100.0,,100.0,57.0,0.0,True,False,1,,,,,,,,,,,,
2026-03-10T10:08:32.017139-04:00,vsin_circa,circa,nba,nba_20260310_toronto_raptors_houston_rockets,Mar 10,,Toronto Raptors,Houston Rockets,5.0,50.0,50.0,50.0,50.0,217.0,50.0,50.0,50.0,50.0,100.0,,100.0,,0.0,0.0,False,False,1,,,,,,,,,,,,
2026-03-10T10:08:32.017139-04:00,vsin_circa,circa,nba,nba_20260310_boston_celtics_san_antonio_spurs,Mar 10,,Boston Celtics,San Antonio Spurs,3.0,50.0,50.0,84.0,16.0,222.5,50.0,50.0,50.0,50.0,50.0,50.0,50.0,50.0,34.0,0.0,True,False,1,,,,,,,,,,,,
2026-03-10T10:08:32.017139-04:00,vsin_circa,circa,nba,nba_20260310_indiana_pacers_sacramento_kings,Mar 10,,Indiana Pacers,Sacramento Kings,3.5,71.0,29.0,68.0,32.0,236.0,50.0,50.0,50.0,50.0,100.0,,100.0,,3.0,0.0,False,False,1,,,,,,,,,,,,
2026-03-10T10:08:32.017139-04:00,vsin_circa,circa,nba,nba_20260310_chicago_bulls_golden_state_warriors,Mar 10,,Chicago Bulls,Golden State Warriors,6.0,50.0,50.0,50.0,50.0,227.5,50.0,50.0,50.0,50.0,100.0,,100.0,,0.0,0.0,False,False,1,,,,,,,,,,,,
2026-03-10T10:08:32.017139-04:00,vsin_circa,circa,nba,nba_20260310_charlotte_hornets_portland_trailblazers,Mar 10,,Charlotte Hornets,Portland Trailblazers,-3.0,100.0,,100.0,,227.5,,100.0,,100.0,,100.0,,100.0,,,,,1,,,,,,,,,,,,
2026-03-10T10:08:32.017139-04:00,vsin_circa,circa,nba,nba_20260310_minnesota_timberwolves_los_angeles_lakers,Mar 10,,Minnesota Timberwolves,Los Angeles Lakers,-3.0,100.0,,100.0,,234.0,50.0,50.0,50.0,50.0,,100.0,,100.0,,0.0,,False,1,,,,,,,,,,,,
2026-03-10T10:36:45.006543-04:00,vsin_dk,draftkings,nba,nba_20260310_memphis_grizzlies_philadelphia_76ers,Mar 10,,Memphis Grizzlies,Philadelphia 76ers,2.5,36.0,64.0,32.0,68.0,228.5,54.0,46.0,32.0,68.0,21.0,79.0,32.0,68.0,4.0,22.0,False,True,1,,,,,,,,,,,,
2026-03-10T10:36:45.006543-04:00,vsin_dk,draftkings,nba,nba_20260310_washington_wizards_miami_heat,Mar 10,,Washington Wizards,Miami Heat,15.5,51.0,49.0,14.0,86.0,242.5,29.0,71.0,59.0,41.0,10.0,90.0,11.0,89.0,37.0,30.0,True,True,1,,,,,,,,,,,,
2026-03-10T10:36:45.006543-04:00,vsin_dk,draftkings,nba,nba_20260310_detroit_pistons_brooklyn_nets,Mar 10,,Detroit Pistons,Brooklyn Nets,-15.5,56.0,44.0,88.0,12.0,217.5,73.0,27.0,55.0,45.0,90.0,10.0,81.0,19.0,32.0,18.0,True,True,1,,,,,,,,,,,,
2026-03-10T10:36:45.006543-04:00,vsin_dk,draftkings,nba,nba_20260310_dallas_mavericks_atlanta_hawks,Mar 10,,Dallas Mavericks,Atlanta Hawks,9.5,46.0,54.0,16.0,84.0,240.5,34.0,66.0,55.0,45.0,16.0,84.0,52.0,48.0,30.0,21.0,True,True,1,,,,,,,,,,,,
2026-03-10T10:36:45.006543-04:00,vsin_dk,draftkings,nba,nba_20260310_phoenix_suns_milwaukee_bucks,Mar 10,,Phoenix Suns,Milwaukee Bucks,-1.5,61.0,39.0,76.0,24.0,217.5,78.0,22.0,78.0,22.0,58.0,42.0,59.0,41.0,15.0,0.0,True,False,1,,,,,,,,,,,,
2026-03-10T10:36:45.006543-04:00,vsin_dk,draftkings,nba,nba_20260310_toronto_raptors_houston_rockets,Mar 10,,Toronto Raptors,Houston Rockets,5.5,43.0,57.0,41.0,59.0,217.5,75.0,25.0,53.0,47.0,19.0,81.0,32.0,68.0,2.0,22.0,False,True,1,,,,,,,,,,,,
2026-03-10T10:36:45.006543-04:00,vsin_dk,draftkings,nba,nba_20260310_boston_celtics_san_antonio_spurs,Mar 10,,Boston Celtics,San Antonio Spurs,3.5,60.0,40.0,53.0,47.0,221.5,73.0,27.0,37.0,63.0,48.0,52.0,58.0,42.0,7.0,36.0,False,True,1,,,,,,,,,,,,
2026-03-10T10:36:45.006543-04:00,vsin_dk,draftkings,nba,nba_20260310_indiana_pacers_sacramento_kings,Mar 10,,Indiana Pacers,Sacramento Kings,3.5,47.0,53.0,56.0,44.0,236.5,47.0,53.0,66.0,34.0,28.0,72.0,28.0,72.0,9.0,19.0,False,True,1,,,,,,,,,,,,
2026-03-10T10:36:45.006543-04:00,vsin_dk,draftkings,nba,nba_20260310_chicago_bulls_golden_state_warriors,Mar 10,,Chicago Bulls,Golden State Warriors,6.5,58.0,42.0,15.0,85.0,227.5,57.0,43.0,60.0,40.0,23.0,77.0,21.0,79.0,43.0,3.0,True,False,1,,,,,,,,,,,,
2026-03-10T10:36:45.006543-04:00,vsin_dk,draftkings,nba,nba_20260310_charlotte_hornets_portland_trailblazers,Mar 10,,Charlotte Hornets,Portland Trailblazers,-3.5,71.0,29.0,69.0,31.0,228.5,61.0,39.0,10.0,90.0,78.0,22.0,75.0,25.0,2.0,51.0,False,True,1,,,,,,,,,,,,
2026-03-10T10:36:45.006543-04:00,vsin_dk,draftkings,nba,nba_20260310_minnesota_timberwolves_los_angeles_lakers,Mar 10,,Minnesota Timberwolves,Los Angeles Lakers,-3.5,56.0,44.0,74.0,26.0,233.5,66.0,34.0,80.0,20.0,50.0,50.0,82.0,18.0,18.0,14.0,True,False,1,,,,,,,,,,,,
2026-03-10T10:37:04.598727-04:00,vsin_circa,circa,nba,nba_20260310_memphis_grizzlies_philadelphia_76ers,Mar 10,,Memphis Grizzlies,Philadelphia 76ers,3.0,100.0,,100.0,,227.5,100.0,,100.0,,100.0,,100.0,,,0.0,,False,1,,,,,,,,,,,,
2026-03-10T10:37:04.598727-04:00,vsin_circa,circa,nba,nba_20260310_washington_wizards_miami_heat,Mar 10,,Washington Wizards,Miami Heat,15.5,50.0,50.0,33.0,67.0,242.5,,100.0,,100.0,,100.0,,100.0,17.0,,True,,1,,,,,,,,,,,,
2026-03-10T10:37:04.598727-04:00,vsin_circa,circa,nba,nba_20260310_detroit_pistons_brooklyn_nets,Mar 10,,Detroit Pistons,Brooklyn Nets,-15.5,,100.0,,100.0,217.0,50.0,50.0,50.0,50.0,50.0,50.0,30.0,70.0,0.0,0.0,False,False,1,,,,,,,,,,,,
2026-03-10T10:37:04.598727-04:00,vsin_circa,circa,nba,nba_20260310_dallas_mavericks_atlanta_hawks,Mar 10,,Dallas Mavericks,Atlanta Hawks,9.0,100.0,,100.0,,240.0,,100.0,,100.0,100.0,,100.0,,,,,,1,,,,,,,,,,,,
2026-03-10T10:37:04.598727-04:00,vsin_circa,circa,nba,nba_20260310_phoenix_suns_milwaukee_bucks,Mar 10,,Phoenix Suns,Milwaukee Bucks,-1.0,20.0,80.0,77.0,23.0,217.5,50.0,50.0,50.0,50.0,,100.0,,100.0,57.0,0.0,True,False,1,,,,,,,,,,,,
2026-03-10T10:37:04.598727-04:00,vsin_circa,circa,nba,nba_20260310_toronto_raptors_houston_rockets,Mar 10,,Toronto Raptors,Houston Rockets,5.0,50.0,50.0,50.0,50.0,217.0,50.0,50.0,50.0,50.0,100.0,,100.0,,0.0,0.0,False,False,1,,,,,,,,,,,,
2026-03-10T10:37:04.598727-04:00,vsin_circa,circa,nba,nba_20260310_boston_celtics_san_antonio_spurs,Mar 10,,Boston Celtics,San Antonio Spurs,3.0,50.0,50.0,84.0,16.0,222.5,50.0,50.0,50.0,50.0,50.0,50.0,50.0,50.0,34.0,0.0,True,False,1,,,,,,,,,,,,
2026-03-10T10:37:04.598727-04:00,vsin_circa,circa,nba,nba_20260310_indiana_pacers_sacramento_kings,Mar 10,,Indiana Pacers,Sacramento Kings,3.0,71.0,29.0,68.0,32.0,236.0,50.0,50.0,50.0,50.0,100.0,,100.0,,3.0,0.0,False,False,1,,,,,,,,,,,,
2026-03-10T10:37:04.598727-04:00,vsin_circa,circa,nba,nba_20260310_chicago_bulls_golden_state_warriors,Mar 10,,Chicago Bulls,Golden State Warriors,6.0,100.0,,100.0,,227.5,50.0,50.0,50.0,50.0,100.0,,100.0,,,0.0,,False,1,,,,,,,,,,,,
2026-03-10T10:37:04.598727-04:00,vsin_circa,circa,nba,nba_20260310_charlotte_hornets_portland_trailblazers,Mar 10,,Charlotte Hornets,Portland Trailblazers,-3.0,67.0,33.0,99.0,1.0,227.5,,100.0,,100.0,,100.0,,100.0,32.0,,True,,1,,,,,,,,,,,,
2026-03-10T10:37:04.598727-04:00,vsin_circa,circa,nba,nba_20260310_minnesota_timberwolves_los_angeles_lakers,Mar 10,,Minnesota Timberwolves,Los Angeles Lakers,-3.0,100.0,,100.0,,234.0,50.0,50.0,50.0,50.0,,100.0,,100.0,,0.0,,False,1,,,,,,,,,,,,
2026-03-10T11:07:15.430978-04:00,vsin_dk,draftkings,nba,nba_20260310_memphis_grizzlies_philadelphia_76ers,Mar 10,,Memphis Grizzlies,Philadelphia 76ers,3.5,36.0,64.0,47.0,53.0,227.5,54.0,46.0,33.0,67.0,21.0,79.0,32.0,68.0,11.0,21.0,False,True,1,,,,,,,,,,,,
2026-03-10T11:07:15.430978-04:00,vsin_dk,draftkings,nba,nba_20260310_washington_wizards_miami_heat,Mar 10,,Washington Wizards,Miami Heat,15.5,52.0,48.0,15.0,85.0,242.5,29.0,71.0,58.0,42.0,10.0,90.0,11.0,89.0,37.0,29.0,True,True,1,,,,,,,,,,,,
2026-03-10T11:07:15.430978-04:00,vsin_dk,draftkings,nba,nba_20260310_detroit_pistons_brooklyn_nets,Mar 10,,Detroit Pistons,Brooklyn Nets,-15.5,55.0,45.0,87.0,13.0,217.5,73.0,27.0,59.0,41.0,90.0,10.0,79.0,21.0,32.0,14.0,True,False,1,,,,,,,,,,,,
2026-03-10T11:07:15.430978-04:00,vsin_dk,draftkings,nba,nba_20260310_dallas_mavericks_atlanta_hawks,Mar 10,,Dallas Mavericks,Atlanta Hawks,9.5,46.0,54.0,16.0,84.0,240.5,34.0,66.0,56.0,44.0,16.0,84.0,51.0,49.0,30.0,22.0,True,True,1,,,,,,,,,,,,
2026-03-10T11:07:15.430978-04:00,vsin_dk,draftkings,nba,nba_20260310_phoenix_suns_milwaukee_bucks,Mar 10,,Phoenix Suns,Milwaukee Bucks,-1.5,62.0,38.0,73.0,27.0,217.5,78.0,22.0,75.0,25.0,58.0,42.0,59.0,41.0,11.0,3.0,False,False,1,,,,,,,,,,,,
2026-03-10T11:07:15.430978-04:00,vsin_dk,draftkings,nba,nba_20260310_toronto_raptors_houston_rockets,Mar 10,,Toronto Raptors,Houston Rockets,5.5,44.0,56.0,49.0,51.0,217.5,75.0,25.0,53.0,47.0,19.0,81.0,38.0,62.0,5.0,22.0,False,True,1,,,,,,,,,,,,
2026-03-10T11:07:15.430978-04:00,vsin_dk,draftkings,nba,nba_20260310_boston_celtics_san_antonio_spurs,Mar 10,,Boston Celtics,San Antonio Spurs,3.5,61.0,39.0,56.0,44.0,222.5,74.0,26.0,41.0,59.0,48.0,52.0,59.0,41.0,5.0,33.0,False,True,1,,,,,,,,,,,,
2026-03-10T11:07:15.430978-04:00,vsin_dk,draftkings,nba,nba_20260310_indiana_pacers_sacramento_kings,Mar 10,,Indiana Pacers,Sacramento Kings,3.5,46.0,54.0,53.0,47.0,236.5,47.0,53.0,73.0,27.0,28.0,72.0,28.0,72.0,7.0,26.0,False,True,1,,,,,,,,,,,,
2026-03-10T11:07:15.430978-04:00,vsin_dk,draftkings,nba,nba_20260310_chicago_bulls_golden_state_warriors,Mar 10,,Chicago Bulls,Golden State Warriors,6.5,58.0,42.0,15.0,85.0,227.5,58.0,42.0,47.0,53.0,23.0,77.0,21.0,79.0,43.0,11.0,True,False,1,,,,,,,,,,,,
2026-03-10T11:07:15.430978-04:00,vsin_dk,draftkings,nba,nba_20260310_charlotte_hornets_portland_trailblazers,Mar 10,,Charlotte Hornets,Portland Trailblazers,-3.5,71.0,29.0,65.0,35.0,227.5,62.0,38.0,10.0,90.0,78.0,22.0,74.0,26.0,6.0,52.0,False,True,1,,,,,,,,,,,,
2026-03-10T11:07:15.430978-04:00,vsin_dk,draftkings,nba,nba_20260310_minnesota_timberwolves_los_angeles_lakers,Mar 10,,Minnesota Timberwolves,Los Angeles Lakers,-2.5,56.0,44.0,73.0,27.0,233.5,66.0,34.0,84.0,16.0,50.0,50.0,81.0,19.0,17.0,18.0,True,True,1,,,,,,,,,,,,
2026-03-10T11:07:36.159121-04:00,vsin_circa,circa,nba,nba_20260310_memphis_grizzlies_philadelphia_76ers,Mar 10,,Memphis Grizzlies,Philadelphia 76ers,3.0,100.0,,100.0,,227.5,100.0,,100.0,,100.0,,100.0,,,0.0,,False,1,,,,,,,,,,,,
2026-03-10T11:07:36.159121-04:00,vsin_circa,circa,nba,nba_20260310_washington_wizards_miami_heat,Mar 10,,Washington Wizards,Miami Heat,15.5,50.0,50.0,33.0,67.0,242.5,,100.0,,100.0,25.0,75.0,5.0,95.0,17.0,,True,,1,,,,,,,,,,,,
2026-03-10T11:07:36.159121-04:00,vsin_circa,circa,nba,nba_20260310_detroit_pistons_brooklyn_nets,Mar 10,,Detroit Pistons,Brooklyn Nets,-15.5,,100.0,,100.0,217.0,50.0,50.0,50.0,50.0,33.0,67.0,19.0,81.0,0.0,0.0,False,False,1,,,,,,,,,,,,
2026-03-10T11:07:36.159121-04:00,vsin_circa,circa,nba,nba_20260310_dallas_mavericks_atlanta_hawks,Mar 10,,Dallas Mavericks,Atlanta Hawks,10.0,50.0,50.0,,100.0,240.0,,100.0,,100.0,100.0,,100.0,,50.0,,True,,1,,,,,,,,,,,,
2026-03-10T11:07:36.159121-04:00,vsin_circa,circa,nba,nba_20260310_phoenix_suns_milwaukee_bucks,Mar 10,,Phoenix Suns,Milwaukee Bucks,-1.0,20.0,80.0,77.0,23.0,217.5,50.0,50.0,50.0,50.0,,100.0,,100.0,57.0,0.0,True,False,1,,,,,,,,,,,,
2026-03-10T11:07:36.159121-04:00,vsin_circa,circa,nba,nba_20260310_toronto_raptors_houston_rockets,Mar 10,,Toronto Raptors,Houston Rockets,5.0,33.0,67.0,50.0,50.0,217.0,50.0,50.0,50.0,50.0,100.0,,100.0,,17.0,0.0,True,False,1,,,,,,,,,,,,
2026-03-10T11:07:36.159121-04:00,vsin_circa,circa,nba,nba_20260310_boston_celtics_san_antonio_spurs,Mar 10,,Boston Celtics,San Antonio Spurs,3.0,40.0,60.0,81.0,19.0,222.5,50.0,50.0,50.0,50.0,100.0,,100.0,,41.0,0.0,True,False,1,,,,,,,,,,,,
2026-03-10T11:07:36.159121-04:00,vsin_circa,circa,nba,nba_20260310_indiana_pacers_sacramento_kings,Mar 10,,Indiana Pacers,Sacramento Kings,3.0,71.0,29.0,68.0,32.0,236.0,50.0,50.0,50.0,50.0,100.0,,100.0,,3.0,0.0,False,False,1,,,,,,,,,,,,
2026-03-10T11:07:36.159121-04:00,vsin_circa,circa,nba,nba_20260310_chicago_bulls_golden_state_warriors,Mar 10,,Chicago Bulls,Golden State Warriors,6.0,33.0,67.0,,100.0,227.5,50.0,50.0,50.0,50.0,100.0,,100.0,,33.0,0.0,True,False,1,,,,,,,,,,,,
2026-03-10T11:07:36.159121-04:00,vsin_circa,circa,nba,nba_20260310_charlotte_hornets_portland_trailblazers,Mar 10,,Charlotte Hornets,Portland Trailblazers,-3.0,67.0,33.0,99.0,1.0,227.5,,100.0,,100.0,,100.0,,100.0,32.0,,True,,1,,,,,,,,,,,,
2026-03-10T11:07:36.159121-04:00,vsin_circa,circa,nba,nba_20260310_minnesota_timberwolves_los_angeles_lakers,Mar 10,,Minnesota Timberwolves,Los Angeles Lakers,-3.0,100.0,,100.0,,234.0,50.0,50.0,50.0,50.0,,100.0,,100.0,,0.0,,False,1,,,,,,,,,,,,
2026-03-10T11:37:15.193938-04:00,vsin_dk,draftkings,nba,nba_20260310_memphis_grizzlies_philadelphia_76ers,Mar 10,,Memphis Grizzlies,Philadelphia 76ers,3.5,36.0,64.0,49.0,51.0,227.5,55.0,45.0,34.0,66.0,21.0,79.0,25.0,75.0,13.0,21.0,False,True,1,,,,,,,,,,,,
2026-03-10T11:37:15.193938-04:00,vsin_dk,draftkings,nba,nba_20260310_washington_wizards_miami_heat,Mar 10,,Washington Wizards,Miami Heat,15.5,52.0,48.0,16.0,84.0,242.5,29.0,71.0,58.0,42.0,10.0,90.0,11.0,89.0,36.0,29.0,True,True,1,,,,,,,,,,,,
2026-03-10T11:37:15.193938-04:00,vsin_dk,draftkings,nba,nba_20260310_detroit_pistons_brooklyn_nets,Mar 10,,Detroit Pistons,Brooklyn Nets,-15.5,55.0,45.0,86.0,14.0,217.5,73.0,27.0,55.0,45.0,90.0,10.0,80.0,20.0,31.0,18.0,True,True,1,,,,,,,,,,,,
2026-03-10T11:37:15.193938-04:00,vsin_dk,draftkings,nba,nba_20260310_dallas_mavericks_atlanta_hawks,Mar 10,,Dallas Mavericks,Atlanta Hawks,9.5,46.0,54.0,19.0,81.0,240.5,32.0,68.0,56.0,44.0,16.0,84.0,42.0,58.0,27.0,24.0,True,True,1,,,,,,,,,,,,
2026-03-10T11:37:15.193938-04:00,vsin_dk,draftkings,nba,nba_20260310_phoenix_suns_milwaukee_bucks,Mar 10,,Phoenix Suns,Milwaukee Bucks,-1.5,62.0,38.0,71.0,29.0,217.5,78.0,22.0,78.0,22.0,57.0,43.0,59.0,41.0,9.0,0.0,False,False,1,,,,,,,,,,,,
2026-03-10T11:37:15.193938-04:00,vsin_dk,draftkings,nba,nba_20260310_toronto_raptors_houston_rockets,Mar 10,,Toronto Raptors,Houston Rockets,5.5,44.0,56.0,50.0,50.0,217.5,75.0,25.0,53.0,47.0,19.0,81.0,35.0,65.0,6.0,22.0,False,True,1,,,,,,,,,,,,
2026-03-10T11:37:15.193938-04:00,vsin_dk,draftkings,nba,nba_20260310_boston_celtics_san_antonio_spurs,Mar 10,,Boston Celtics,San Antonio Spurs,3.5,61.0,39.0,61.0,39.0,222.5,73.0,27.0,40.0,60.0,48.0,52.0,59.0,41.0,0.0,33.0,False,True,1,,,,,,,,,,,,
2026-03-10T11:37:15.193938-04:00,vsin_dk,draftkings,nba,nba_20260310_indiana_pacers_sacramento_kings,Mar 10,,Indiana Pacers,Sacramento Kings,3.5,46.0,54.0,56.0,44.0,236.5,46.0,54.0,84.0,16.0,28.0,72.0,28.0,72.0,10.0,38.0,False,True,1,,,,,,,,,,,,
2026-03-10T11:37:15.193938-04:00,vsin_dk,draftkings,nba,nba_20260310_chicago_bulls_golden_state_warriors,Mar 10,,Chicago Bulls,Golden State Warriors,6.5,57.0,43.0,16.0,84.0,227.5,57.0,43.0,47.0,53.0,23.0,77.0,21.0,79.0,41.0,10.0,True,False,1,,,,,,,,,,,,
2026-03-10T11:37:15.193938-04:00,vsin_dk,draftkings,nba,nba_20260310_charlotte_hornets_portland_trailblazers,Mar 10,,Charlotte Hornets,Portland Trailblazers,-3.5,71.0,29.0,64.0,36.0,227.5,62.0,38.0,11.0,89.0,78.0,22.0,74.0,26.0,7.0,51.0,False,True,1,,,,,,,,,,,,
2026-03-10T11:37:15.193938-04:00,vsin_dk,draftkings,nba,nba_20260310_minnesota_timberwolves_los_angeles_lakers,Mar 10,,Minnesota Timberwolves,Los Angeles Lakers,-3.5,55.0,45.0,72.0,28.0,234.5,65.0,35.0,85.0,15.0,51.0,49.0,81.0,19.0,17.0,20.0,True,True,1,,,,,,,,,,,,
2026-03-10T11:37:34.687205-04:00,vsin_circa,circa,nba,nba_20260310_memphis_grizzlies_philadelphia_76ers,Mar 10,,Memphis Grizzlies,Philadelphia 76ers,3.0,100.0,,100.0,,227.5,100.0,,100.0,,100.0,,100.0,,,0.0,,False,1,,,,,,,,,,,,
2026-03-10T11:37:34.687205-04:00,vsin_circa,circa,nba,nba_20260310_washington_wizards_miami_heat,Mar 10,,Washington Wizards,Miami Heat,15.5,50.0,50.0,33.0,67.0,242.5,,100.0,,100.0,25.0,75.0,5.0,95.0,17.0,,True,,1,,,,,,,,,,,,
2026-03-10T11:37:34.687205-04:00,vsin_circa,circa,nba,nba_20260310_detroit_pistons_brooklyn_nets,Mar 10,,Detroit Pistons,Brooklyn Nets,-15.5,,100.0,,100.0,217.0,50.0,50.0,50.0,50.0,33.0,67.0,19.0,81.0,0.0,0.0,False,False,1,,,,,,,,,,,,
2026-03-10T11:37:34.687205-04:00,vsin_circa,circa,nba,nba_20260310_dallas_mavericks_atlanta_hawks,Mar 10,,Dallas Mavericks,Atlanta Hawks,10.0,50.0,50.0,,100.0,240.0,,100.0,,100.0,100.0,,100.0,,50.0,,True,,1,,,,,,,,,,,,
2026-03-10T11:37:34.687205-04:00,vsin_circa,circa,nba,nba_20260310_phoenix_suns_milwaukee_bucks,Mar 10,,Phoenix Suns,Milwaukee Bucks,-1.0,20.0,80.0,77.0,23.0,217.5,50.0,50.0,50.0,50.0,,100.0,,100.0,57.0,0.0,True,False,1,,,,,,,,,,,,
2026-03-10T11:37:34.687205-04:00,vsin_circa,circa,nba,nba_20260310_toronto_raptors_houston_rockets,Mar 10,,Toronto Raptors,Houston Rockets,5.0,33.0,67.0,50.0,50.0,217.0,50.0,50.0,50.0,50.0,100.0,,100.0,,17.0,0.0,True,False,1,,,,,,,,,,,,
2026-03-10T11:37:34.687205-04:00,vsin_circa,circa,nba,nba_20260310_boston_celtics_san_antonio_spurs,Mar 10,,Boston Celtics,San Antonio Spurs,3.0,33.0,67.0,14.0,86.0,222.5,100.0,,100.0,,100.0,,100.0,,19.0,0.0,True,False,1,,,,,,,,,,,,
2026-03-10T11:37:34.687205-04:00,vsin_circa,circa,nba,nba_20260310_indiana_pacers_sacramento_kings,Mar 10,,Indiana Pacers,Sacramento Kings,3.0,71.0,29.0,68.0,32.0,236.0,50.0,50.0,50.0,50.0,100.0,,100.0,,3.0,0.0,False,False,1,,,,,,,,,,,,
2026-03-10T11:37:34.687205-04:00,vsin_circa,circa,nba,nba_20260310_chicago_bulls_golden_state_warriors,Mar 10,,Chicago Bulls,Golden State Warriors,6.0,33.0,67.0,,100.0,227.5,50.0,50.0,50.0,50.0,100.0,,100.0,,33.0,0.0,True,False,1,,,,,,,,,,,,
2026-03-10T11:37:34.687205-04:00,vsin_circa,circa,nba,nba_20260310_charlotte_hornets_portland_trailblazers,Mar 10,,Charlotte Hornets,Portland Trailblazers,-3.0,67.0,33.0,99.0,1.0,227.5,,100.0,,100.0,,100.0,,100.0,32.0,,True,,1,,,,,,,,,,,,
2026-03-10T11:37:34.687205-04:00,vsin_circa,circa,nba,nba_20260310_minnesota_timberwolves_los_angeles_lakers,Mar 10,,Minnesota Timberwolves,Los Angeles Lakers,-3.0,100.0,,100.0,,234.0,50.0,50.0,50.0,50.0,,100.0,,100.0,,0.0,,False,1,,,,,,,,,,,,
2026-03-10T12:07:43.753653-04:00,vsin_dk,draftkings,nba,nba_20260310_memphis_grizzlies_philadelphia_76ers,Mar 10,,Memphis Grizzlies,Philadelphia 76ers,3.5,37.0,63.0,50.0,50.0,227.5,56.0,44.0,36.0,64.0,21.0,79.0,25.0,75.0,13.0,20.0,False,True,1,,,,,,,,,,,,
2026-03-10T12:07:43.753653-04:00,vsin_dk,draftkings,nba,nba_20260310_washington_wizards_miami_heat,Mar 10,,Washington Wizards,Miami Heat,15.5,52.0,48.0,16.0,84.0,242.5,29.0,71.0,68.0,32.0,10.0,90.0,10.0,90.0,36.0,39.0,True,True,1,,,,,,,,,,,,
2026-03-10T12:07:43.753653-04:00,vsin_dk,draftkings,nba,nba_20260310_detroit_pistons_brooklyn_nets,Mar 10,,Detroit Pistons,Brooklyn Nets,-15.5,56.0,44.0,86.0,14.0,217.5,74.0,26.0,56.0,44.0,90.0,10.0,80.0,20.0,30.0,18.0,True,True,1,,,,,,,,,,,,
2026-03-10T12:07:43.753653-04:00,vsin_dk,draftkings,nba,nba_20260310_dallas_mavericks_atlanta_hawks,Mar 10,,Dallas Mavericks,Atlanta Hawks,9.5,46.0,54.0,24.0,76.0,239.5,32.0,68.0,49.0,51.0,16.0,84.0,45.0,55.0,22.0,17.0,True,True,1,,,,,,,,,,,,
2026-03-10T12:07:43.753653-04:00,vsin_dk,draftkings,nba,nba_20260310_phoenix_suns_milwaukee_bucks,Mar 10,,Phoenix Suns,Milwaukee Bucks,-1.5,61.0,39.0,70.0,30.0,217.5,79.0,21.0,79.0,21.0,57.0,43.0,56.0,44.0,9.0,0.0,False,False,1,,,,,,,,,,,,
2026-03-10T12:07:43.753653-04:00,vsin_dk,draftkings,nba,nba_20260310_toronto_raptors_houston_rockets,Mar 10,,Toronto Raptors,Houston Rockets,5.5,44.0,56.0,50.0,50.0,217.5,76.0,24.0,54.0,46.0,18.0,82.0,41.0,59.0,6.0,22.0,False,True,1,,,,,,,,,,,,
2026-03-10T12:07:43.753653-04:00,vsin_dk,draftkings,nba,nba_20260310_boston_celtics_san_antonio_spurs,Mar 10,,Boston Celtics,San Antonio Spurs,3.5,61.0,39.0,61.0,39.0,221.5,74.0,26.0,41.0,59.0,48.0,52.0,61.0,39.0,0.0,33.0,False,True,1,,,,,,,,,,,,
2026-03-10T12:07:43.753653-04:00,vsin_dk,draftkings,nba,nba_20260310_indiana_pacers_sacramento_kings,Mar 10,,Indiana Pacers,Sacramento Kings,2.5,46.0,54.0,57.0,43.0,236.5,46.0,54.0,83.0,17.0,28.0,72.0,27.0,73.0,11.0,37.0,False,True,1,,,,,,,,,,,,
2026-03-10T12:07:43.753653-04:00,vsin_dk,draftkings,nba,nba_20260310_chicago_bulls_golden_state_warriors,Mar 10,,Chicago Bulls,Golden State Warriors,6.5,58.0,42.0,18.0,82.0,227.5,57.0,43.0,45.0,55.0,22.0,78.0,22.0,78.0,40.0,12.0,True,False,1,,,,,,,,,,,,
2026-03-10T12:07:43.753653-04:00,vsin_dk,draftkings,nba,nba_20260310_charlotte_hornets_portland_trailblazers,Mar 10,,Charlotte Hornets,Portland Trailblazers,-3.5,71.0,29.0,64.0,36.0,227.5,64.0,36.0,12.0,88.0,78.0,22.0,74.0,26.0,7.0,52.0,False,True,1,,,,,,,,,,,,
2026-03-10T12:07:43.753653-04:00,vsin_dk,draftkings,nba,nba_20260310_minnesota_timberwolves_los_angeles_lakers,Mar 10,,Minnesota Timberwolves,Los Angeles Lakers,-2.5,54.0,46.0,72.0,28.0,233.5,65.0,35.0,85.0,15.0,51.0,49.0,81.0,19.0,18.0,20.0,True,True,1,,,,,,,,,,,,
2026-03-10T12:08:03.575230-04:00,vsin_circa,circa,nba,nba_20260310_memphis_grizzlies_philadelphia_76ers,Mar 10,,Memphis Grizzlies,Philadelphia 76ers,3.0,67.0,33.0,98.0,2.0,227.5,100.0,,100.0,,100.0,,100.0,,31.0,0.0,True,False,1,,,,,,,,,,,,
2026-03-10T12:08:03.575230-04:00,vsin_circa,circa,nba,nba_20260310_washington_wizards_miami_heat,Mar 10,,Washington Wizards,Miami Heat,15.5,40.0,60.0,32.0,68.0,242.5,50.0,50.0,90.0,10.0,25.0,75.0,5.0,95.0,8.0,40.0,False,True,1,,,,,,,,,,,,
2026-03-10T12:08:03.575230-04:00,vsin_circa,circa,nba,nba_20260310_detroit_pistons_brooklyn_nets,Mar 10,,Detroit Pistons,Brooklyn Nets,-15.5,,100.0,,100.0,217.0,50.0,50.0,65.0,35.0,33.0,67.0,19.0,81.0,0.0,15.0,False,True,1,,,,,,,,,,,,
2026-03-10T12:08:03.575230-04:00,vsin_circa,circa,nba,nba_20260310_dallas_mavericks_atlanta_hawks,Mar 10,,Dallas Mavericks,Atlanta Hawks,10.0,50.0,50.0,,100.0,240.0,,100.0,,100.0,100.0,,100.0,,50.0,,True,,1,,,,,,,,,,,,
2026-03-10T12:08:03.575230-04:00,vsin_circa,circa,nba,nba_20260310_phoenix_suns_milwaukee_bucks,Mar 10,,Phoenix Suns,Milwaukee Bucks,-1.0,20.0,80.0,77.0,23.0,217.5,50.0,50.0,50.0,50.0,,100.0,,100.0,57.0,0.0,True,False,1,,,,,,,,,,,,
2026-03-10T12:08:03.575230-04:00,vsin_circa,circa,nba,nba_20260310_toronto_raptors_houston_rockets,Mar 10,,Toronto Raptors,Houston Rockets,5.0,33.0,67.0,50.0,50.0,217.0,33.0,67.0,50.0,50.0,100.0,,100.0,,17.0,17.0,True,True,1,,,,,,,,,,,,
2026-03-10T12:08:03.575230-04:00,vsin_circa,circa,nba,nba_20260310_boston_celtics_san_antonio_spurs,Mar 10,,Boston Celtics,San Antonio Spurs,3.0,38.0,63.0,16.0,84.0,222.5,33.0,67.0,93.0,7.0,100.0,,100.0,,21.0,60.0,True,True,1,,,,,,,,,,,,
2026-03-10T12:08:03.575230-04:00,vsin_circa,circa,nba,nba_20260310_indiana_pacers_sacramento_kings,Mar 10,,Indiana Pacers,Sacramento Kings,3.0,71.0,29.0,68.0,32.0,237.5,100.0,,100.0,,100.0,,100.0,,3.0,0.0,False,False,1,,,,,,,,,,,,
2026-03-10T12:08:03.575230-04:00,vsin_circa,circa,nba,nba_20260310_chicago_bulls_golden_state_warriors,Mar 10,,Chicago Bulls,Golden State Warriors,6.0,33.0,67.0,,100.0,227.5,,100.0,,100.0,100.0,,100.0,,33.0,,True,,1,,,,,,,,,,,,
2026-03-10T12:08:03.575230-04:00,vsin_circa,circa,nba,nba_20260310_charlotte_hornets_portland_trailblazers,Mar 10,,Charlotte Hornets,Portland Trailblazers,-3.0,60.0,40.0,89.0,11.0,227.5,,100.0,,100.0,,100.0,,100.0,29.0,,True,,1,,,,,,,,,,,,
2026-03-10T12:08:03.575230-04:00,vsin_circa,circa,nba,nba_20260310_minnesota_timberwolves_los_angeles_lakers,Mar 10,,Minnesota Timberwolves,Los Angeles Lakers,-3.0,100.0,,100.0,,234.0,,100.0,,100.0,,100.0,,100.0,,,,,1,,,,,,,,,,,,
2026-03-10T12:37:36.223202-04:00,vsin_dk,draftkings,nba,nba_20260310_memphis_grizzlies_philadelphia_76ers,Mar 10,,Memphis Grizzlies,Philadelphia 76ers,3.5,36.0,64.0,49.0,51.0,227.5,55.0,45.0,36.0,64.0,21.0,79.0,35.0,65.0,13.0,19.0,False,True,1,,,,,,,,,,,,
2026-03-10T12:37:36.223202-04:00,vsin_dk,draftkings,nba,nba_20260310_washington_wizards_miami_heat,Mar 10,,Washington Wizards,Miami Heat,15.5,52.0,48.0,17.0,83.0,237.5,28.0,72.0,59.0,41.0,10.0,90.0,10.0,90.0,35.0,31.0,True,True,1,,,,,,,,,,,,
2026-03-10T12:37:36.223202-04:00,vsin_dk,draftkings,nba,nba_20260310_detroit_pistons_brooklyn_nets,Mar 10,,Detroit Pistons,Brooklyn Nets,-15.5,55.0,45.0,86.0,14.0,217.5,74.0,26.0,58.0,42.0,90.0,10.0,80.0,20.0,31.0,16.0,True,True,1,,,,,,,,,,,,
2026-03-10T12:37:36.223202-04:00,vsin_dk,draftkings,nba,nba_20260310_dallas_mavericks_atlanta_hawks,Mar 10,,Dallas Mavericks,Atlanta Hawks,9.5,46.0,54.0,25.0,75.0,240.5,32.0,68.0,57.0,43.0,16.0,84.0,46.0,54.0,21.0,25.0,True,True,1,,,,,,,,,,,,
2026-03-10T12:37:36.223202-04:00,vsin_dk,draftkings,nba,nba_20260310_phoenix_suns_milwaukee_bucks,Mar 10,,Phoenix Suns,Milwaukee Bucks,-1.5,61.0,39.0,69.0,31.0,217.5,79.0,21.0,79.0,21.0,57.0,43.0,75.0,25.0,8.0,0.0,False,False,1,,,,,,,,,,,,
2026-03-10T12:37:36.223202-04:00,vsin_dk,draftkings,nba,nba_20260310_toronto_raptors_houston_rockets,Mar 10,,Toronto Raptors,Houston Rockets,5.5,44.0,56.0,48.0,52.0,217.5,76.0,24.0,54.0,46.0,18.0,82.0,40.0,60.0,4.0,22.0,False,True,1,,,,,,,,,,,,
2026-03-10T12:37:36.223202-04:00,vsin_dk,draftkings,nba,nba_20260310_boston_celtics_san_antonio_spurs,Mar 10,,Boston Celtics,San Antonio Spurs,2.5,61.0,39.0,62.0,38.0,222.5,74.0,26.0,42.0,58.0,48.0,52.0,61.0,39.0,1.0,32.0,False,True,1,,,,,,,,,,,,
2026-03-10T12:37:36.223202-04:00,vsin_dk,draftkings,nba,nba_20260310_indiana_pacers_sacramento_kings,Mar 10,,Indiana Pacers,Sacramento Kings,2.5,45.0,55.0,55.0,45.0,236.5,46.0,54.0,82.0,18.0,28.0,72.0,43.0,57.0,10.0,36.0,False,True,1,,,,,,,,,,,,
2026-03-10T12:37:36.223202-04:00,vsin_dk,draftkings,nba,nba_20260310_chicago_bulls_golden_state_warriors,Mar 10,,Chicago Bulls,Golden State Warriors,6.5,57.0,43.0,19.0,81.0,227.5,57.0,43.0,45.0,55.0,22.0,78.0,16.0,84.0,38.0,12.0,True,False,1,,,,,,,,,,,,
2026-03-10T12:37:36.223202-04:00,vsin_dk,draftkings,nba,nba_20260310_charlotte_hornets_portland_trailblazers,Mar 10,,Charlotte Hornets,Portland Trailblazers,-3.5,71.0,29.0,67.0,33.0,227.5,65.0,35.0,14.0,86.0,79.0,21.0,75.0,25.0,4.0,51.0,False,True,1,,,,,,,,,,,,
2026-03-10T12:37:36.223202-04:00,vsin_dk,draftkings,nba,nba_20260310_minnesota_timberwolves_los_angeles_lakers,Mar 10,,Minnesota Timberwolves,Los Angeles Lakers,-2.5,54.0,46.0,72.0,28.0,233.5,65.0,35.0,85.0,15.0,51.0,49.0,80.0,20.0,18.0,20.0,True,True,1,,,,,,,,,,,,
2026-03-10T12:37:56.374419-04:00,vsin_circa,circa,nba,nba_20260310_memphis_grizzlies_philadelphia_76ers,Mar 10,,Memphis Grizzlies,Philadelphia 76ers,3.0,67.0,33.0,98.0,2.0,227.5,100.0,,100.0,,100.0,,100.0,,31.0,0.0,True,False,1,,,,,,,,,,,,
2026-03-10T12:37:56.374419-04:00,vsin_circa,circa,nba,nba_20260310_washington_wizards_miami_heat,Mar 10,,Washington Wizards,Miami Heat,15.5,33.0,67.0,32.0,68.0,237.5,33.0,67.0,3.0,97.0,20.0,80.0,4.0,96.0,1.0,30.0,False,True,1,,,,,,,,,,,,
2026-03-10T12:37:56.374419-04:00,vsin_circa,circa,nba,nba_20260310_detroit_pistons_brooklyn_nets,Mar 10,,Detroit Pistons,Brooklyn Nets,-15.5,50.0,50.0,76.0,24.0,217.0,50.0,50.0,65.0,35.0,50.0,50.0,31.0,69.0,26.0,15.0,True,True,1,,,,,,,,,,,,
2026-03-10T12:37:56.374419-04:00,vsin_circa,circa,nba,nba_20260310_dallas_mavericks_atlanta_hawks,Mar 10,,Dallas Mavericks,Atlanta Hawks,10.0,50.0,50.0,,100.0,240.0,,100.0,,100.0,75.0,25.0,73.0,27.0,50.0,,True,,1,,,,,,,,,,,,
2026-03-10T12:37:56.374419-04:00,vsin_circa,circa,nba,nba_20260310_phoenix_suns_milwaukee_bucks,Mar 10,,Phoenix Suns,Milwaukee Bucks,0.0,44.0,56.0,45.0,55.0,217.5,50.0,50.0,50.0,50.0,50.0,50.0,100.0,,1.0,0.0,False,False,1,,,,,,,,,,,,
2026-03-10T12:37:56.374419-04:00,vsin_circa,circa,nba,nba_20260310_toronto_raptors_houston_rockets,Mar 10,,Toronto Raptors,Houston Rockets,5.0,33.0,67.0,50.0,50.0,217.0,33.0,67.0,50.0,50.0,100.0,,100.0,,17.0,17.0,True,True,1,,,,,,,,,,,,
2026-03-10T12:37:56.374419-04:00,vsin_circa,circa,nba,nba_20260310_boston_celtics_san_antonio_spurs,Mar 10,,Boston Celtics,San Antonio Spurs,3.0,38.0,63.0,16.0,84.0,222.5,33.0,67.0,93.0,7.0,100.0,,100.0,,21.0,60.0,True,True,1,,,,,,,,,,,,
2026-03-10T12:37:56.374419-04:00,vsin_circa,circa,nba,nba_20260310_indiana_pacers_sacramento_kings,Mar 10,,Indiana Pacers,Sacramento Kings,3.0,71.0,29.0,68.0,32.0,237.5,100.0,,100.0,,100.0,,100.0,,3.0,0.0,False,False,1,,,,,,,,,,,,
2026-03-10T12:37:56.374419-04:00,vsin_circa,circa,nba,nba_20260310_chicago_bulls_golden_state_warriors,Mar 10,,Chicago Bulls,Golden State Warriors,6.0,33.0,67.0,,100.0,227.5,,100.0,,100.0,100.0,,100.0,,33.0,,True,,1,,,,,,,,,,,,
2026-03-10T12:37:56.374419-04:00,vsin_circa,circa,nba,nba_20260310_charlotte_hornets_portland_trailblazers,Mar 10,,Charlotte Hornets,Portland Trailblazers,-3.0,60.0,40.0,89.0,11.0,227.5,,100.0,,100.0,,100.0,,100.0,29.0,,True,,1,,,,,,,,,,,,
2026-03-10T12:37:56.374419-04:00,vsin_circa,circa,nba,nba_20260310_minnesota_timberwolves_los_angeles_lakers,Mar 10,,Minnesota Timberwolves,Los Angeles Lakers,-3.0,100.0,,100.0,,234.0,,100.0,,100.0,,100.0,,100.0,,,,,1,,,,,,,,,,,,
2026-03-10T13:08:04.767157-04:00,vsin_dk,draftkings,nba,nba_20260310_memphis_grizzlies_philadelphia_76ers,Mar 10,,Memphis Grizzlies,Philadelphia 76ers,2.5,36.0,64.0,49.0,51.0,227.5,56.0,44.0,37.0,63.0,22.0,78.0,35.0,65.0,13.0,19.0,False,True,1,,,,,,,,,,,,
2026-03-10T13:08:04.767157-04:00,vsin_dk,draftkings,nba,nba_20260310_washington_wizards_miami_heat,Mar 10,,Washington Wizards,Miami Heat,15.5,52.0,48.0,17.0,83.0,237.5,28.0,72.0,59.0,41.0,10.0,90.0,10.0,90.0,35.0,31.0,True,True,1,,,,,,,,,,,,
2026-03-10T13:08:04.767157-04:00,vsin_dk,draftkings,nba,nba_20260310_detroit_pistons_brooklyn_nets,Mar 10,,Detroit Pistons,Brooklyn Nets,-16.5,54.0,46.0,84.0,16.0,218.5,74.0,26.0,65.0,35.0,90.0,10.0,81.0,19.0,30.0,9.0,True,False,1,,,,,,,,,,,,
2026-03-10T13:08:04.767157-04:00,vsin_dk,draftkings,nba,nba_20260310_dallas_mavericks_atlanta_hawks,Mar 10,,Dallas Mavericks,Atlanta Hawks,9.5,47.0,53.0,26.0,74.0,240.5,32.0,68.0,56.0,44.0,15.0,85.0,46.0,54.0,21.0,24.0,True,True,1,,,,,,,,,,,,
2026-03-10T13:08:04.767157-04:00,vsin_dk,draftkings,nba,nba_20260310_phoenix_suns_milwaukee_bucks,Mar 10,,Phoenix Suns,Milwaukee Bucks,-1.5,61.0,39.0,68.0,32.0,217.5,79.0,21.0,79.0,21.0,57.0,43.0,75.0,25.0,7.0,0.0,False,False,1,,,,,,,,,,,,
2026-03-10T13:08:04.767157-04:00,vsin_dk,draftkings,nba,nba_20260310_toronto_raptors_houston_rockets,Mar 10,,Toronto Raptors,Houston Rockets,5.5,44.0,56.0,43.0,57.0,217.5,76.0,24.0,54.0,46.0,18.0,82.0,40.0,60.0,1.0,22.0,False,True,1,,,,,,,,,,,,
2026-03-10T13:08:04.767157-04:00,vsin_dk,draftkings,nba,nba_20260310_boston_celtics_san_antonio_spurs,Mar 10,,Boston Celtics,San Antonio Spurs,2.5,60.0,40.0,61.0,39.0,222.5,74.0,26.0,43.0,57.0,49.0,51.0,59.0,41.0,1.0,31.0,False,True,1,,,,,,,,,,,,
2026-03-10T13:08:04.767157-04:00,vsin_dk,draftkings,nba,nba_20260310_indiana_pacers_sacramento_kings,Mar 10,,Indiana Pacers,Sacramento Kings,2.5,44.0,56.0,55.0,45.0,236.5,47.0,53.0,83.0,17.0,28.0,72.0,42.0,58.0,11.0,36.0,False,True,1,,,,,,,,,,,,
2026-03-10T13:08:04.767157-04:00,vsin_dk,draftkings,nba,nba_20260310_chicago_bulls_golden_state_warriors,Mar 10,,Chicago Bulls,Golden State Warriors,6.5,57.0,43.0,21.0,79.0,227.5,57.0,43.0,44.0,56.0,22.0,78.0,16.0,84.0,36.0,13.0,True,False,1,,,,,,,,,,,,
2026-03-10T13:08:04.767157-04:00,vsin_dk,draftkings,nba,nba_20260310_charlotte_hornets_portland_trailblazers,Mar 10,,Charlotte Hornets,Portland Trailblazers,-3.5,71.0,29.0,67.0,33.0,227.5,65.0,35.0,16.0,84.0,78.0,22.0,75.0,25.0,4.0,49.0,False,True,1,,,,,,,,,,,,
2026-03-10T13:08:04.767157-04:00,vsin_dk,draftkings,nba,nba_20260310_minnesota_timberwolves_los_angeles_lakers,Mar 10,,Minnesota Timberwolves,Los Angeles Lakers,-2.5,54.0,46.0,73.0,27.0,233.5,65.0,35.0,85.0,15.0,51.0,49.0,80.0,20.0,19.0,20.0,True,True,1,,,,,,,,,,,,
2026-03-10T13:08:25.043564-04:00,vsin_circa,circa,nba,nba_20260310_memphis_grizzlies_philadelphia_76ers,Mar 10,,Memphis Grizzlies,Philadelphia 76ers,3.0,67.0,33.0,98.0,2.0,227.5,100.0,,100.0,,100.0,,100.0,,31.0,0.0,True,False,1,,,,,,,,,,,,
2026-03-10T13:08:25.043564-04:00,vsin_circa,circa,nba,nba_20260310_washington_wizards_miami_heat,Mar 10,,Washington Wizards,Miami Heat,16.0,29.0,71.0,32.0,68.0,237.5,33.0,67.0,3.0,97.0,20.0,80.0,4.0,96.0,3.0,30.0,False,True,1,,,,,,,,,,,,
2026-03-10T13:08:25.043564-04:00,vsin_circa,circa,nba,nba_20260310_detroit_pistons_brooklyn_nets,Mar 10,,Detroit Pistons,Brooklyn Nets,-15.5,50.0,50.0,76.0,24.0,218.5,67.0,33.0,95.0,5.0,50.0,50.0,31.0,69.0,26.0,28.0,True,True,1,,,,,,,,,,,,
2026-03-10T13:08:25.043564-04:00,vsin_circa,circa,nba,nba_20260310_dallas_mavericks_atlanta_hawks,Mar 10,,Dallas Mavericks,Atlanta Hawks,10.0,33.0,67.0,,100.0,240.0,,100.0,,100.0,75.0,25.0,73.0,27.0,33.0,,True,,1,,,,,,,,,,,,
2026-03-10T13:08:25.043564-04:00,vsin_circa,circa,nba,nba_20260310_phoenix_suns_milwaukee_bucks,Mar 10,,Phoenix Suns,Milwaukee Bucks,0.0,44.0,56.0,45.0,55.0,217.5,50.0,50.0,50.0,50.0,50.0,50.0,100.0,,1.0,0.0,False,False,1,,,,,,,,,,,,
2026-03-10T13:08:25.043564-04:00,vsin_circa,circa,nba,nba_20260310_toronto_raptors_houston_rockets,Mar 10,,Toronto Raptors,Houston Rockets,5.0,25.0,75.0,49.0,51.0,217.0,33.0,67.0,50.0,50.0,100.0,,100.0,,24.0,17.0,True,True,1,,,,,,,,,,,,
2026-03-10T13:08:25.043564-04:00,vsin_circa,circa,nba,nba_20260310_boston_celtics_san_antonio_spurs,Mar 10,,Boston Celtics,San Antonio Spurs,3.0,45.0,55.0,18.0,82.0,222.5,25.0,75.0,88.0,13.0,100.0,,100.0,,27.0,63.0,True,True,1,,,,,,,,,,,,
2026-03-10T13:08:25.043564-04:00,vsin_circa,circa,nba,nba_20260310_indiana_pacers_sacramento_kings,Mar 10,,Indiana Pacers,Sacramento Kings,3.0,71.0,29.0,68.0,32.0,237.5,100.0,,100.0,,100.0,,100.0,,3.0,0.0,False,False,1,,,,,,,,,,,,
2026-03-10T13:08:25.043564-04:00,vsin_circa,circa,nba,nba_20260310_chicago_bulls_golden_state_warriors,Mar 10,,Chicago Bulls,Golden State Warriors,6.0,50.0,50.0,3.0,97.0,227.5,,100.0,,100.0,100.0,,100.0,,47.0,,True,,1,,,,,,,,,,,,
2026-03-10T13:08:25.043564-04:00,vsin_circa,circa,nba,nba_20260310_charlotte_hornets_portland_trailblazers,Mar 10,,Charlotte Hornets,Portland Trailblazers,-3.0,60.0,40.0,89.0,11.0,227.5,,100.0,,100.0,,100.0,,100.0,29.0,,True,,1,,,,,,,,,,,,
2026-03-10T13:08:25.043564-04:00,vsin_circa,circa,nba,nba_20260310_minnesota_timberwolves_los_angeles_lakers,Mar 10,,Minnesota Timberwolves,Los Angeles Lakers,-3.0,50.0,50.0,98.0,2.0,234.0,,100.0,,100.0,20.0,80.0,25.0,75.0,48.0,,True,,1,,,,,,,,,,,,
2026-03-10T13:37:46.170392-04:00,vsin_dk,draftkings,nba,nba_20260310_memphis_grizzlies_philadelphia_76ers,Mar 10,,Memphis Grizzlies,Philadelphia 76ers,2.5,36.0,64.0,52.0,48.0,227.5,56.0,44.0,38.0,62.0,22.0,78.0,36.0,64.0,16.0,18.0,True,True,1,,,,,,,,,,,,
2026-03-10T13:37:46.170392-04:00,vsin_dk,draftkings,nba,nba_20260310_washington_wizards_miami_heat,Mar 10,,Washington Wizards,Miami Heat,15.5,52.0,48.0,15.0,85.0,238.5,29.0,71.0,59.0,41.0,10.0,90.0,10.0,90.0,37.0,30.0,True,True,1,,,,,,,,,,,,
2026-03-10T13:37:46.170392-04:00,vsin_dk,draftkings,nba,nba_20260310_detroit_pistons_brooklyn_nets,Mar 10,,Detroit Pistons,Brooklyn Nets,-15.5,54.0,46.0,84.0,16.0,219.5,74.0,26.0,66.0,34.0,90.0,10.0,82.0,18.0,30.0,8.0,True,False,1,,,,,,,,,,,,
2026-03-10T13:37:46.170392-04:00,vsin_dk,draftkings,nba,nba_20260310_dallas_mavericks_atlanta_hawks,Mar 10,,Dallas Mavericks,Atlanta Hawks,10.5,47.0,53.0,25.0,75.0,240.5,32.0,68.0,54.0,46.0,15.0,85.0,47.0,53.0,22.0,22.0,True,True,1,,,,,,,,,,,,
2026-03-10T13:37:46.170392-04:00,vsin_dk,draftkings,nba,nba_20260310_phoenix_suns_milwaukee_bucks,Mar 10,,Phoenix Suns,Milwaukee Bucks,-1.5,60.0,40.0,67.0,33.0,217.5,80.0,20.0,87.0,13.0,57.0,43.0,75.0,25.0,7.0,7.0,False,False,1,,,,,,,,,,,,
2026-03-10T13:37:46.170392-04:00,vsin_dk,draftkings,nba,nba_20260310_toronto_raptors_houston_rockets,Mar 10,,Toronto Raptors,Houston Rockets,4.5,44.0,56.0,43.0,57.0,219.5,76.0,24.0,55.0,45.0,18.0,82.0,35.0,65.0,1.0,21.0,False,True,1,,,,,,,,,,,,
2026-03-10T13:37:46.170392-04:00,vsin_dk,draftkings,nba,nba_20260310_boston_celtics_san_antonio_spurs,Mar 10,,Boston Celtics,San Antonio Spurs,2.5,57.0,43.0,49.0,51.0,221.5,74.0,26.0,43.0,57.0,49.0,51.0,58.0,42.0,8.0,31.0,False,True,1,,,,,,,,,,,,
2026-03-10T13:37:46.170392-04:00,vsin_dk,draftkings,nba,nba_20260310_indiana_pacers_sacramento_kings,Mar 10,,Indiana Pacers,Sacramento Kings,2.5,44.0,56.0,54.0,46.0,237.5,47.0,53.0,82.0,18.0,28.0,72.0,41.0,59.0,10.0,35.0,False,True,1,,,,,,,,,,,,
2026-03-10T13:37:46.170392-04:00,vsin_dk,draftkings,nba,nba_20260310_chicago_bulls_golden_state_warriors,Mar 10,,Chicago Bulls,Golden State Warriors,6.5,57.0,43.0,20.0,80.0,227.5,58.0,42.0,46.0,54.0,22.0,78.0,17.0,83.0,37.0,12.0,True,False,1,,,,,,,,,,,,
2026-03-10T13:37:46.170392-04:00,vsin_dk,draftkings,nba,nba_20260310_charlotte_hornets_portland_trailblazers,Mar 10,,Charlotte Hornets,Portland Trailblazers,-3.5,71.0,29.0,67.0,33.0,227.5,65.0,35.0,18.0,82.0,79.0,21.0,75.0,25.0,4.0,47.0,False,True,1,,,,,,,,,,,,
2026-03-10T13:37:46.170392-04:00,vsin_dk,draftkings,nba,nba_20260310_minnesota_timberwolves_los_angeles_lakers,Mar 10,,Minnesota Timberwolves,Los Angeles Lakers,-2.5,54.0,46.0,73.0,27.0,233.5,66.0,34.0,86.0,14.0,51.0,49.0,80.0,20.0,19.0,20.0,True,True,1,,,,,,,,,,,,
2026-03-10T13:38:07.335773-04:00,vsin_circa,circa,nba,nba_20260310_memphis_grizzlies_philadelphia_76ers,Mar 10,,Memphis Grizzlies,Philadelphia 76ers,3.0,67.0,33.0,98.0,2.0,227.5,100.0,,100.0,,100.0,,100.0,,31.0,0.0,True,False,1,,,,,,,,,,,,
2026-03-10T13:38:07.335773-04:00,vsin_circa,circa,nba,nba_20260310_washington_wizards_miami_heat,Mar 10,,Washington Wizards,Miami Heat,15.5,38.0,63.0,74.0,26.0,237.5,33.0,67.0,3.0,97.0,20.0,80.0,4.0,96.0,37.0,30.0,True,True,1,,,,,,,,,,,,
2026-03-10T13:38:07.335773-04:00,vsin_circa,circa,nba,nba_20260310_detroit_pistons_brooklyn_nets,Mar 10,,Detroit Pistons,Brooklyn Nets,-15.5,50.0,50.0,76.0,24.0,219.0,67.0,33.0,95.0,5.0,50.0,50.0,31.0,69.0,26.0,28.0,True,True,1,,,,,,,,,,,,
2026-03-10T13:38:07.335773-04:00,vsin_circa,circa,nba,nba_20260310_dallas_mavericks_atlanta_hawks,Mar 10,,Dallas Mavericks,Atlanta Hawks,10.0,33.0,67.0,,100.0,240.0,,100.0,,100.0,75.0,25.0,73.0,27.0,33.0,,True,,1,,,,,,,,,,,,
2026-03-10T13:38:07.335773-04:00,vsin_circa,circa,nba,nba_20260310_phoenix_suns_milwaukee_bucks,Mar 10,,Phoenix Suns,Milwaukee Bucks,0.0,44.0,56.0,45.0,55.0,217.5,50.0,50.0,50.0,50.0,50.0,50.0,100.0,,1.0,0.0,False,False,1,,,,,,,,,,,,
2026-03-10T13:38:07.335773-04:00,vsin_circa,circa,nba,nba_20260310_toronto_raptors_houston_rockets,Mar 10,,Toronto Raptors,Houston Rockets,5.0,25.0,75.0,49.0,51.0,218.5,50.0,50.0,67.0,33.0,100.0,,100.0,,24.0,17.0,True,True,1,,,,,,,,,,,,
2026-03-10T13:38:07.335773-04:00,vsin_circa,circa,nba,nba_20260310_boston_celtics_san_antonio_spurs,Mar 10,,Boston Celtics,San Antonio Spurs,3.0,50.0,50.0,18.0,82.0,222.5,25.0,75.0,88.0,13.0,100.0,,100.0,,32.0,63.0,True,True,1,,,,,,,,,,,,
2026-03-10T13:38:07.335773-04:00,vsin_circa,circa,nba,nba_20260310_indiana_pacers_sacramento_kings,Mar 10,,Indiana Pacers,Sacramento Kings,3.0,71.0,29.0,68.0,32.0,237.5,100.0,,100.0,,100.0,,100.0,,3.0,0.0,False,False,1,,,,,,,,,,,,
2026-03-10T13:38:07.335773-04:00,vsin_circa,circa,nba,nba_20260310_chicago_bulls_golden_state_warriors,Mar 10,,Chicago Bulls,Golden State Warriors,6.0,50.0,50.0,3.0,97.0,227.5,,100.0,,100.0,100.0,,100.0,,47.0,,True,,1,,,,,,,,,,,,
2026-03-10T13:38:07.335773-04:00,vsin_circa,circa,nba,nba_20260310_charlotte_hornets_portland_trailblazers,Mar 10,,Charlotte Hornets,Portland Trailblazers,-3.0,60.0,40.0,89.0,11.0,227.5,,100.0,,100.0,,100.0,,100.0,29.0,,True,,1,,,,,,,,,,,,
2026-03-10T13:38:07.335773-04:00,vsin_circa,circa,nba,nba_20260310_minnesota_timberwolves_los_angeles_lakers,Mar 10,,Minnesota Timberwolves,Los Angeles Lakers,-3.0,50.0,50.0,98.0,2.0,234.0,,100.0,,100.0,20.0,80.0,25.0,75.0,48.0,,True,,1,,,,,,,,,,,,
2026-03-10T14:07:31.519288-04:00,vsin_dk,draftkings,nba,nba_20260310_memphis_grizzlies_philadelphia_76ers,Mar 10,,Memphis Grizzlies,Philadelphia 76ers,2.5,35.0,65.0,52.0,48.0,227.5,56.0,44.0,39.0,61.0,22.0,78.0,27.0,73.0,17.0,17.0,True,True,1,,,,,,,,,,,,
2026-03-10T14:07:31.519288-04:00,vsin_dk,draftkings,nba,nba_20260310_washington_wizards_miami_heat,Mar 10,,Washington Wizards,Miami Heat,15.5,52.0,48.0,26.0,74.0,238.5,29.0,71.0,58.0,42.0,9.0,91.0,10.0,90.0,26.0,29.0,True,True,1,,,,,,,,,,,,
2026-03-10T14:07:31.519288-04:00,vsin_dk,draftkings,nba,nba_20260310_detroit_pistons_brooklyn_nets,Mar 10,,Detroit Pistons,Brooklyn Nets,-14.5,55.0,45.0,86.0,14.0,216.5,74.0,26.0,61.0,39.0,91.0,9.0,76.0,24.0,31.0,13.0,True,False,1,,,,,,,,,,,,
2026-03-10T14:07:31.519288-04:00,vsin_dk,draftkings,nba,nba_20260310_dallas_mavericks_atlanta_hawks,Mar 10,,Dallas Mavericks,Atlanta Hawks,10.5,48.0,52.0,25.0,75.0,240.5,31.0,69.0,54.0,46.0,15.0,85.0,43.0,57.0,23.0,23.0,True,True,1,,,,,,,,,,,,
2026-03-10T14:07:31.519288-04:00,vsin_dk,draftkings,nba,nba_20260310_phoenix_suns_milwaukee_bucks,Mar 10,,Phoenix Suns,Milwaukee Bucks,-1.5,60.0,40.0,66.0,34.0,218.5,80.0,20.0,91.0,9.0,57.0,43.0,74.0,26.0,6.0,11.0,False,False,1,,,,,,,,,,,,
2026-03-10T14:07:31.519288-04:00,vsin_dk,draftkings,nba,nba_20260310_toronto_raptors_houston_rockets,Mar 10,,Toronto Raptors,Houston Rockets,5.5,43.0,57.0,39.0,61.0,220.5,76.0,24.0,54.0,46.0,18.0,82.0,34.0,66.0,4.0,22.0,False,True,1,,,,,,,,,,,,
2026-03-10T14:07:31.519288-04:00,vsin_dk,draftkings,nba,nba_20260310_boston_celtics_san_antonio_spurs,Mar 10,,Boston Celtics,San Antonio Spurs,3.5,56.0,44.0,47.0,53.0,221.5,74.0,26.0,45.0,55.0,49.0,51.0,57.0,43.0,9.0,29.0,False,True,1,,,,,,,,,,,,
2026-03-10T14:07:31.519288-04:00,vsin_dk,draftkings,nba,nba_20260310_indiana_pacers_sacramento_kings,Mar 10,,Indiana Pacers,Sacramento Kings,2.5,43.0,57.0,52.0,48.0,237.5,46.0,54.0,82.0,18.0,28.0,72.0,41.0,59.0,9.0,36.0,False,True,1,,,,,,,,,,,,
2026-03-10T14:07:31.519288-04:00,vsin_dk,draftkings,nba,nba_20260310_chicago_bulls_golden_state_warriors,Mar 10,,Chicago Bulls,Golden State Warriors,6.5,57.0,43.0,21.0,79.0,227.5,58.0,42.0,46.0,54.0,22.0,78.0,16.0,84.0,36.0,12.0,True,False,1,,,,,,,,,,,,
2026-03-10T14:07:31.519288-04:00,vsin_dk,draftkings,nba,nba_20260310_charlotte_hornets_portland_trailblazers,Mar 10,,Charlotte Hornets,Portland Trailblazers,-3.5,71.0,29.0,68.0,32.0,226.5,66.0,34.0,19.0,81.0,79.0,21.0,80.0,20.0,3.0,47.0,False,True,1,,,,,,,,,,,,
2026-03-10T14:07:31.519288-04:00,vsin_dk,draftkings,nba,nba_20260310_minnesota_timberwolves_los_angeles_lakers,Mar 10,,Minnesota Timberwolves,Los Angeles Lakers,-2.5,54.0,46.0,72.0,28.0,233.5,65.0,35.0,85.0,15.0,52.0,48.0,80.0,20.0,18.0,20.0,True,True,1,,,,,,,,,,,,
2026-03-10T14:07:51.732979-04:00,vsin_circa,circa,nba,nba_20260310_memphis_grizzlies_philadelphia_76ers,Mar 10,,Memphis Grizzlies,Philadelphia 76ers,3.0,75.0,25.0,98.0,2.0,227.5,100.0,,100.0,,100.0,,100.0,,23.0,0.0,True,False,1,,,,,,,,,,,,
2026-03-10T14:07:51.732979-04:00,vsin_circa,circa,nba,nba_20260310_washington_wizards_miami_heat,Mar 10,,Washington Wizards,Miami Heat,15.5,38.0,63.0,74.0,26.0,237.5,33.0,67.0,3.0,97.0,20.0,80.0,4.0,96.0,37.0,30.0,True,True,1,,,,,,,,,,,,
2026-03-10T14:07:51.732979-04:00,vsin_circa,circa,nba,nba_20260310_detroit_pistons_brooklyn_nets,Mar 10,,Detroit Pistons,Brooklyn Nets,-15.0,50.0,50.0,76.0,24.0,216.5,50.0,50.0,21.0,79.0,50.0,50.0,31.0,69.0,26.0,29.0,True,True,1,,,,,,,,,,,,
2026-03-10T14:07:51.732979-04:00,vsin_circa,circa,nba,nba_20260310_dallas_mavericks_atlanta_hawks,Mar 10,,Dallas Mavericks,Atlanta Hawks,10.0,25.0,75.0,,100.0,240.0,,100.0,,100.0,75.0,25.0,73.0,27.0,25.0,,True,,1,,,,,,,,,,,,
2026-03-10T14:07:51.732979-04:00,vsin_circa,circa,nba,nba_20260310_phoenix_suns_milwaukee_bucks,Mar 10,,Phoenix Suns,Milwaukee Bucks,0.0,40.0,60.0,45.0,55.0,219.0,100.0,,100.0,,50.0,50.0,100.0,,5.0,0.0,False,False,1,,,,,,,,,,,,
2026-03-10T14:07:51.732979-04:00,vsin_circa,circa,nba,nba_20260310_toronto_raptors_houston_rockets,Mar 10,,Toronto Raptors,Houston Rockets,5.0,40.0,60.0,49.0,51.0,219.0,50.0,50.0,67.0,33.0,100.0,,100.0,,9.0,17.0,False,True,1,,,,,,,,,,,,
2026-03-10T14:07:51.732979-04:00,vsin_circa,circa,nba,nba_20260310_boston_celtics_san_antonio_spurs,Mar 10,,Boston Celtics,San Antonio Spurs,3.0,54.0,46.0,19.0,81.0,221.0,33.0,67.0,39.0,61.0,100.0,,100.0,,35.0,6.0,True,False,1,,,,,,,,,,,,
2026-03-10T14:07:51.732979-04:00,vsin_circa,circa,nba,nba_20260310_indiana_pacers_sacramento_kings,Mar 10,,Indiana Pacers,Sacramento Kings,3.0,71.0,29.0,68.0,32.0,237.5,100.0,,100.0,,100.0,,100.0,,3.0,0.0,False,False,1,,,,,,,,,,,,
2026-03-10T14:07:51.732979-04:00,vsin_circa,circa,nba,nba_20260310_chicago_bulls_golden_state_warriors,Mar 10,,Chicago Bulls,Golden State Warriors,6.0,50.0,50.0,3.0,97.0,227.5,,100.0,,100.0,100.0,,100.0,,47.0,,True,,1,,,,,,,,,,,,
2026-03-10T14:07:51.732979-04:00,vsin_circa,circa,nba,nba_20260310_charlotte_hornets_portland_trailblazers,Mar 10,,Charlotte Hornets,Portland Trailblazers,-3.0,60.0,40.0,89.0,11.0,227.5,,100.0,,100.0,,100.0,,100.0,29.0,,True,,1,,,,,,,,,,,,
2026-03-10T14:07:51.732979-04:00,vsin_circa,circa,nba,nba_20260310_minnesota_timberwolves_los_angeles_lakers,Mar 10,,Minnesota Timberwolves,Los Angeles Lakers,-3.0,67.0,33.0,98.0,2.0,234.0,,100.0,,100.0,33.0,67.0,25.0,75.0,31.0,,True,,1,,,,,,,,,,,,
2026-03-10T14:37:44.825040-04:00,vsin_dk,draftkings,nba,nba_20260310_memphis_grizzlies_philadelphia_76ers,Mar 10,,Memphis Grizzlies,Philadelphia 76ers,2.5,35.0,65.0,51.0,49.0,227.5,56.0,44.0,40.0,60.0,22.0,78.0,27.0,73.0,16.0,16.0,True,True,1,,,,,,,,,,,,
2026-03-10T14:37:44.825040-04:00,vsin_dk,draftkings,nba,nba_20260310_washington_wizards_miami_heat,Mar 10,,Washington Wizards,Miami Heat,16.5,53.0,47.0,27.0,73.0,238.5,29.0,71.0,58.0,42.0,9.0,91.0,10.0,90.0,26.0,29.0,True,True,1,,,,,,,,,,,,
2026-03-10T14:37:44.825040-04:00,vsin_dk,draftkings,nba,nba_20260310_detroit_pistons_brooklyn_nets,Mar 10,,Detroit Pistons,Brooklyn Nets,-14.5,55.0,45.0,86.0,14.0,216.5,74.0,26.0,63.0,37.0,91.0,9.0,77.0,23.0,31.0,11.0,True,False,1,,,,,,,,,,,,
2026-03-10T14:37:44.825040-04:00,vsin_dk,draftkings,nba,nba_20260310_dallas_mavericks_atlanta_hawks,Mar 10,,Dallas Mavericks,Atlanta Hawks,10.5,48.0,52.0,26.0,74.0,241.5,31.0,69.0,54.0,46.0,15.0,85.0,34.0,66.0,22.0,23.0,True,True,1,,,,,,,,,,,,
2026-03-10T14:37:44.825040-04:00,vsin_dk,draftkings,nba,nba_20260310_phoenix_suns_milwaukee_bucks,Mar 10,,Phoenix Suns,Milwaukee Bucks,-1.5,60.0,40.0,68.0,32.0,218.5,80.0,20.0,91.0,9.0,57.0,43.0,75.0,25.0,8.0,11.0,False,False,1,,,,,,,,,,,,
2026-03-10T14:37:44.825040-04:00,vsin_dk,draftkings,nba,nba_20260310_toronto_raptors_houston_rockets,Mar 10,,Toronto Raptors,Houston Rockets,5.5,43.0,57.0,38.0,62.0,220.5,76.0,24.0,49.0,51.0,18.0,82.0,34.0,66.0,5.0,27.0,False,True,1,,,,,,,,,,,,
2026-03-10T14:37:44.825040-04:00,vsin_dk,draftkings,nba,nba_20260310_boston_celtics_san_antonio_spurs,Mar 10,,Boston Celtics,San Antonio Spurs,3.5,57.0,43.0,46.0,54.0,221.5,74.0,26.0,48.0,52.0,49.0,51.0,56.0,44.0,11.0,26.0,False,True,1,,,,,,,,,,,,
2026-03-10T14:37:44.825040-04:00,vsin_dk,draftkings,nba,nba_20260310_indiana_pacers_sacramento_kings,Mar 10,,Indiana Pacers,Sacramento Kings,2.5,43.0,57.0,51.0,49.0,237.5,45.0,55.0,81.0,19.0,28.0,72.0,44.0,56.0,8.0,36.0,False,True,1,,,,,,,,,,,,
2026-03-10T14:37:44.825040-04:00,vsin_dk,draftkings,nba,nba_20260310_chicago_bulls_golden_state_warriors,Mar 10,,Chicago Bulls,Golden State Warriors,6.5,57.0,43.0,21.0,79.0,228.5,57.0,43.0,54.0,46.0,22.0,78.0,15.0,85.0,36.0,3.0,True,False,1,,,,,,,,,,,,
2026-03-10T14:37:44.825040-04:00,vsin_dk,draftkings,nba,nba_20260310_charlotte_hornets_portland_trailblazers,Mar 10,,Charlotte Hornets,Portland Trailblazers,-3.5,71.0,29.0,68.0,32.0,226.5,66.0,34.0,23.0,77.0,79.0,21.0,81.0,19.0,3.0,43.0,False,True,1,,,,,,,,,,,,
2026-03-10T14:37:44.825040-04:00,vsin_dk,draftkings,nba,nba_20260310_minnesota_timberwolves_los_angeles_lakers,Mar 10,,Minnesota Timberwolves,Los Angeles Lakers,-2.5,54.0,46.0,72.0,28.0,234.5,66.0,34.0,85.0,15.0,52.0,48.0,80.0,20.0,18.0,19.0,True,True,1,,,,,,,,,,,,
2026-03-10T14:38:06.197846-04:00,vsin_circa,circa,nba,nba_20260310_memphis_grizzlies_philadelphia_76ers,Mar 10,,Memphis Grizzlies,Philadelphia 76ers,3.0,75.0,25.0,98.0,2.0,227.5,100.0,,100.0,,100.0,,100.0,,23.0,0.0,True,False,1,,,,,,,,,,,,
2026-03-10T14:38:06.197846-04:00,vsin_circa,circa,nba,nba_20260310_washington_wizards_miami_heat,Mar 10,,Washington Wizards,Miami Heat,15.5,38.0,63.0,74.0,26.0,237.5,33.0,67.0,3.0,97.0,20.0,80.0,4.0,96.0,37.0,30.0,True,True,1,,,,,,,,,,,,
2026-03-10T14:38:06.197846-04:00,vsin_circa,circa,nba,nba_20260310_detroit_pistons_brooklyn_nets,Mar 10,,Detroit Pistons,Brooklyn Nets,-15.0,67.0,33.0,90.0,10.0,216.5,50.0,50.0,21.0,79.0,50.0,50.0,31.0,69.0,23.0,29.0,True,True,1,,,,,,,,,,,,
2026-03-10T14:38:06.197846-04:00,vsin_circa,circa,nba,nba_20260310_dallas_mavericks_atlanta_hawks,Mar 10,,Dallas Mavericks,Atlanta Hawks,10.0,25.0,75.0,,100.0,240.0,,100.0,,100.0,75.0,25.0,73.0,27.0,25.0,,True,,1,,,,,,,,,,,,
2026-03-10T14:38:06.197846-04:00,vsin_circa,circa,nba,nba_20260310_phoenix_suns_milwaukee_bucks,Mar 10,,Phoenix Suns,Milwaukee Bucks,0.0,40.0,60.0,45.0,55.0,219.0,100.0,,100.0,,50.0,50.0,100.0,,5.0,0.0,False,False,1,,,,,,,,,,,,
2026-03-10T14:38:06.197846-04:00,vsin_circa,circa,nba,nba_20260310_toronto_raptors_houston_rockets,Mar 10,,Toronto Raptors,Houston Rockets,5.0,40.0,60.0,49.0,51.0,219.0,50.0,50.0,67.0,33.0,100.0,,100.0,,9.0,17.0,False,True,1,,,,,,,,,,,,
2026-03-10T14:38:06.197846-04:00,vsin_circa,circa,nba,nba_20260310_boston_celtics_san_antonio_spurs,Mar 10,,Boston Celtics,San Antonio Spurs,3.0,54.0,46.0,19.0,81.0,221.0,33.0,67.0,39.0,61.0,100.0,,100.0,,35.0,6.0,True,False,1,,,,,,,,,,,,
2026-03-10T14:38:06.197846-04:00,vsin_circa,circa,nba,nba_20260310_indiana_pacers_sacramento_kings,Mar 10,,Indiana Pacers,Sacramento Kings,3.0,71.0,29.0,68.0,32.0,237.5,100.0,,100.0,,100.0,,100.0,,3.0,0.0,False,False,1,,,,,,,,,,,,
2026-03-10T14:38:06.197846-04:00,vsin_circa,circa,nba,nba_20260310_chicago_bulls_golden_state_warriors,Mar 10,,Chicago Bulls,Golden State Warriors,6.0,50.0,50.0,3.0,97.0,227.5,,100.0,,100.0,100.0,,100.0,,47.0,,True,,1,,,,,,,,,,,,
2026-03-10T14:38:06.197846-04:00,vsin_circa,circa,nba,nba_20260310_charlotte_hornets_portland_trailblazers,Mar 10,,Charlotte Hornets,Portland Trailblazers,-3.0,60.0,40.0,89.0,11.0,227.5,,100.0,,100.0,,100.0,,100.0,29.0,,True,,1,,,,,,,,,,,,
2026-03-10T14:38:06.197846-04:00,vsin_circa,circa,nba,nba_20260310_minnesota_timberwolves_los_angeles_lakers,Mar 10,,Minnesota Timberwolves,Los Angeles Lakers,-3.0,67.0,33.0,98.0,2.0,234.0,,100.0,,100.0,33.0,67.0,25.0,75.0,31.0,,True,,1,,,,,,,,,,,,
2026-03-10T15:07:39.089210-04:00,vsin_dk,draftkings,nba,nba_20260310_memphis_grizzlies_philadelphia_76ers,Mar 10,,Memphis Grizzlies,Philadelphia 76ers,2.5,35.0,65.0,51.0,49.0,228.5,56.0,44.0,40.0,60.0,22.0,78.0,28.0,72.0,16.0,16.0,True,True,1,,,,,,,,,,,,
2026-03-10T15:07:39.089210-04:00,vsin_dk,draftkings,nba,nba_20260310_washington_wizards_miami_heat,Mar 10,,Washington Wizards,Miami Heat,16.5,53.0,47.0,27.0,73.0,238.5,29.0,71.0,56.0,44.0,9.0,91.0,10.0,90.0,26.0,27.0,True,True,1,,,,,,,,,,,,
2026-03-10T15:07:39.089210-04:00,vsin_dk,draftkings,nba,nba_20260310_detroit_pistons_brooklyn_nets,Mar 10,,Detroit Pistons,Brooklyn Nets,-15.5,55.0,45.0,86.0,14.0,216.5,75.0,25.0,64.0,36.0,91.0,9.0,79.0,21.0,31.0,11.0,True,False,1,,,,,,,,,,,,
2026-03-10T15:07:39.089210-04:00,vsin_dk,draftkings,nba,nba_20260310_dallas_mavericks_atlanta_hawks,Mar 10,,Dallas Mavericks,Atlanta Hawks,10.5,50.0,50.0,27.0,73.0,240.5,31.0,69.0,52.0,48.0,15.0,85.0,32.0,68.0,23.0,21.0,True,True,1,,,,,,,,,,,,
2026-03-10T15:07:39.089210-04:00,vsin_dk,draftkings,nba,nba_20260310_phoenix_suns_milwaukee_bucks,Mar 10,,Phoenix Suns,Milwaukee Bucks,-1.5,60.0,40.0,68.0,32.0,218.5,80.0,20.0,91.0,9.0,57.0,43.0,75.0,25.0,8.0,11.0,False,False,1,,,,,,,,,,,,
2026-03-10T15:07:39.089210-04:00,vsin_dk,draftkings,nba,nba_20260310_toronto_raptors_houston_rockets,Mar 10,,Toronto Raptors,Houston Rockets,4.5,44.0,56.0,38.0,62.0,220.5,76.0,24.0,49.0,51.0,17.0,83.0,32.0,68.0,6.0,27.0,False,True,1,,,,,,,,,,,,
2026-03-10T15:07:39.089210-04:00,vsin_dk,draftkings,nba,nba_20260310_boston_celtics_san_antonio_spurs,Mar 10,,Boston Celtics,San Antonio Spurs,3.5,57.0,43.0,46.0,54.0,221.5,74.0,26.0,48.0,52.0,48.0,52.0,56.0,44.0,11.0,26.0,False,True,1,,,,,,,,,,,,
2026-03-10T15:07:39.089210-04:00,vsin_dk,draftkings,nba,nba_20260310_indiana_pacers_sacramento_kings,Mar 10,,Indiana Pacers,Sacramento Kings,2.5,42.0,58.0,50.0,50.0,237.5,44.0,56.0,80.0,20.0,27.0,73.0,44.0,56.0,8.0,36.0,False,True,1,,,,,,,,,,,,
2026-03-10T15:07:39.089210-04:00,vsin_dk,draftkings,nba,nba_20260310_chicago_bulls_golden_state_warriors,Mar 10,,Chicago Bulls,Golden State Warriors,6.5,57.0,43.0,23.0,77.0,227.5,58.0,42.0,54.0,46.0,22.0,78.0,16.0,84.0,34.0,4.0,True,False,1,,,,,,,,,,,,
2026-03-10T15:07:39.089210-04:00,vsin_dk,draftkings,nba,nba_20260310_charlotte_hornets_portland_trailblazers,Mar 10,,Charlotte Hornets,Portland Trailblazers,-3.5,71.0,29.0,71.0,29.0,227.5,66.0,34.0,24.0,76.0,79.0,21.0,81.0,19.0,0.0,42.0,False,True,1,,,,,,,,,,,,
2026-03-10T15:07:39.089210-04:00,vsin_dk,draftkings,nba,nba_20260310_minnesota_timberwolves_los_angeles_lakers,Mar 10,,Minnesota Timberwolves,Los Angeles Lakers,-2.5,54.0,46.0,69.0,31.0,233.5,65.0,35.0,84.0,16.0,52.0,48.0,79.0,21.0,15.0,19.0,True,True,1,,,,,,,,,,,,
2026-03-10T15:08:00.735905-04:00,vsin_circa,circa,nba,nba_20260310_memphis_grizzlies_philadelphia_76ers,Mar 10,,Memphis Grizzlies,Philadelphia 76ers,3.0,75.0,25.0,98.0,2.0,228.5,100.0,,100.0,,100.0,,100.0,,23.0,0.0,True,False,1,,,,,,,,,,,,
2026-03-10T15:08:00.735905-04:00,vsin_circa,circa,nba,nba_20260310_washington_wizards_miami_heat,Mar 10,,Washington Wizards,Miami Heat,15.5,38.0,63.0,74.0,26.0,237.5,33.0,67.0,3.0,97.0,20.0,80.0,4.0,96.0,37.0,30.0,True,True,1,,,,,,,,,,,,
2026-03-10T15:08:00.735905-04:00,vsin_circa,circa,nba,nba_20260310_detroit_pistons_brooklyn_nets,Mar 10,,Detroit Pistons,Brooklyn Nets,-15.0,67.0,33.0,90.0,10.0,216.5,50.0,50.0,21.0,79.0,50.0,50.0,31.0,69.0,23.0,29.0,True,True,1,,,,,,,,,,,,
2026-03-10T15:08:00.735905-04:00,vsin_circa,circa,nba,nba_20260310_dallas_mavericks_atlanta_hawks,Mar 10,,Dallas Mavericks,Atlanta Hawks,10.0,25.0,75.0,,100.0,240.0,,100.0,,100.0,75.0,25.0,73.0,27.0,25.0,,True,,1,,,,,,,,,,,,
2026-03-10T15:08:00.735905-04:00,vsin_circa,circa,nba,nba_20260310_phoenix_suns_milwaukee_bucks,Mar 10,,Phoenix Suns,Milwaukee Bucks,0.0,40.0,60.0,45.0,55.0,219.0,100.0,,100.0,,50.0,50.0,100.0,,5.0,0.0,False,False,1,,,,,,,,,,,,
2026-03-10T15:08:00.735905-04:00,vsin_circa,circa,nba,nba_20260310_toronto_raptors_houston_rockets,Mar 10,,Toronto Raptors,Houston Rockets,5.0,40.0,60.0,49.0,51.0,219.5,50.0,50.0,67.0,33.0,100.0,,100.0,,9.0,17.0,False,True,1,,,,,,,,,,,,
2026-03-10T15:08:00.735905-04:00,vsin_circa,circa,nba,nba_20260310_boston_celtics_san_antonio_spurs,Mar 10,,Boston Celtics,San Antonio Spurs,3.0,54.0,46.0,19.0,81.0,221.0,43.0,57.0,39.0,61.0,50.0,50.0,5.0,95.0,35.0,4.0,True,False,1,,,,,,,,,,,,
2026-03-10T15:08:00.735905-04:00,vsin_circa,circa,nba,nba_20260310_indiana_pacers_sacramento_kings,Mar 10,,Indiana Pacers,Sacramento Kings,3.0,71.0,29.0,68.0,32.0,237.5,50.0,50.0,100.0,,100.0,,100.0,,3.0,50.0,False,True,1,,,,,,,,,,,,
2026-03-10T15:08:00.735905-04:00,vsin_circa,circa,nba,nba_20260310_chicago_bulls_golden_state_warriors,Mar 10,,Chicago Bulls,Golden State Warriors,6.0,50.0,50.0,3.0,97.0,227.5,,100.0,,100.0,100.0,,100.0,,47.0,,True,,1,,,,,,,,,,,,
2026-03-10T15:08:00.735905-04:00,vsin_circa,circa,nba,nba_20260310_charlotte_hornets_portland_trailblazers,Mar 10,,Charlotte Hornets,Portland Trailblazers,-3.0,60.0,40.0,89.0,11.0,227.5,,100.0,,100.0,,100.0,,100.0,29.0,,True,,1,,,,,,,,,,,,
2026-03-10T15:08:00.735905-04:00,vsin_circa,circa,nba,nba_20260310_minnesota_timberwolves_los_angeles_lakers,Mar 10,,Minnesota Timberwolves,Los Angeles Lakers,-3.0,67.0,33.0,98.0,2.0,234.0,,100.0,,100.0,33.0,67.0,25.0,75.0,31.0,,True,,1,,,,,,,,,,,,
2026-03-10T15:37:52.541733-04:00,vsin_dk,draftkings,nba,nba_20260310_memphis_grizzlies_philadelphia_76ers,Mar 10,,Memphis Grizzlies,Philadelphia 76ers,2.5,34.0,66.0,50.0,50.0,228.5,56.0,44.0,43.0,57.0,23.0,77.0,30.0,70.0,16.0,13.0,True,False,1,,,,,,,,,,,,
2026-03-10T15:37:52.541733-04:00,vsin_dk,draftkings,nba,nba_20260310_washington_wizards_miami_heat,Mar 10,,Washington Wizards,Miami Heat,16.5,54.0,46.0,27.0,73.0,238.5,30.0,70.0,56.0,44.0,9.0,91.0,10.0,90.0,27.0,26.0,True,True,1,,,,,,,,,,,,
2026-03-10T15:37:52.541733-04:00,vsin_dk,draftkings,nba,nba_20260310_detroit_pistons_brooklyn_nets,Mar 10,,Detroit Pistons,Brooklyn Nets,-15.5,54.0,46.0,86.0,14.0,216.5,75.0,25.0,64.0,36.0,91.0,9.0,79.0,21.0,32.0,11.0,True,False,1,,,,,,,,,,,,
2026-03-10T15:37:52.541733-04:00,vsin_dk,draftkings,nba,nba_20260310_dallas_mavericks_atlanta_hawks,Mar 10,,Dallas Mavericks,Atlanta Hawks,10.5,50.0,50.0,25.0,75.0,240.5,30.0,70.0,50.0,50.0,15.0,85.0,30.0,70.0,25.0,20.0,True,True,1,,,,,,,,,,,,
2026-03-10T15:37:52.541733-04:00,vsin_dk,draftkings,nba,nba_20260310_phoenix_suns_milwaukee_bucks,Mar 10,,Phoenix Suns,Milwaukee Bucks,-1.5,60.0,40.0,67.0,33.0,218.5,80.0,20.0,91.0,9.0,57.0,43.0,75.0,25.0,7.0,11.0,False,False,1,,,,,,,,,,,,
2026-03-10T15:37:52.541733-04:00,vsin_dk,draftkings,nba,nba_20260310_toronto_raptors_houston_rockets,Mar 10,,Toronto Raptors,Houston Rockets,4.5,43.0,57.0,35.0,65.0,220.5,76.0,24.0,50.0,50.0,17.0,83.0,27.0,73.0,8.0,26.0,False,True,1,,,,,,,,,,,,
2026-03-10T15:37:52.541733-04:00,vsin_dk,draftkings,nba,nba_20260310_boston_celtics_san_antonio_spurs,Mar 10,,Boston Celtics,San Antonio Spurs,3.5,57.0,43.0,45.0,55.0,221.5,74.0,26.0,50.0,50.0,48.0,52.0,56.0,44.0,12.0,24.0,False,True,1,,,,,,,,,,,,
2026-03-10T15:37:52.541733-04:00,vsin_dk,draftkings,nba,nba_20260310_indiana_pacers_sacramento_kings,Mar 10,,Indiana Pacers,Sacramento Kings,2.5,42.0,58.0,49.0,51.0,237.5,44.0,56.0,80.0,20.0,27.0,73.0,44.0,56.0,7.0,36.0,False,True,1,,,,,,,,,,,,
2026-03-10T15:37:52.541733-04:00,vsin_dk,draftkings,nba,nba_20260310_chicago_bulls_golden_state_warriors,Mar 10,,Chicago Bulls,Golden State Warriors,6.5,58.0,42.0,26.0,74.0,227.5,58.0,42.0,55.0,45.0,22.0,78.0,16.0,84.0,32.0,3.0,True,False,1,,,,,,,,,,,,
2026-03-10T15:37:52.541733-04:00,vsin_dk,draftkings,nba,nba_20260310_charlotte_hornets_portland_trailblazers,Mar 10,,Charlotte Hornets,Portland Trailblazers,-3.5,70.0,30.0,71.0,29.0,227.5,67.0,33.0,24.0,76.0,79.0,21.0,81.0,19.0,1.0,43.0,False,True,1,,,,,,,,,,,,
2026-03-10T15:37:52.541733-04:00,vsin_dk,draftkings,nba,nba_20260310_minnesota_timberwolves_los_angeles_lakers,Mar 10,,Minnesota Timberwolves,Los Angeles Lakers,-2.5,54.0,46.0,70.0,30.0,233.5,65.0,35.0,77.0,23.0,52.0,48.0,78.0,22.0,16.0,12.0,True,False,1,,,,,,,,,,,,
2026-03-10T15:38:14.183162-04:00,vsin_circa,circa,nba,nba_20260310_memphis_grizzlies_philadelphia_76ers,Mar 10,,Memphis Grizzlies,Philadelphia 76ers,3.0,75.0,25.0,98.0,2.0,228.5,100.0,,100.0,,100.0,,100.0,,23.0,0.0,True,False,1,,,,,,,,,,,,
2026-03-10T15:38:14.183162-04:00,vsin_circa,circa,nba,nba_20260310_washington_wizards_miami_heat,Mar 10,,Washington Wizards,Miami Heat,15.5,38.0,63.0,74.0,26.0,237.5,33.0,67.0,3.0,97.0,20.0,80.0,4.0,96.0,37.0,30.0,True,True,1,,,,,,,,,,,,
2026-03-10T15:38:14.183162-04:00,vsin_circa,circa,nba,nba_20260310_detroit_pistons_brooklyn_nets,Mar 10,,Detroit Pistons,Brooklyn Nets,-15.0,67.0,33.0,90.0,10.0,216.5,40.0,60.0,21.0,79.0,50.0,50.0,31.0,69.0,23.0,19.0,True,True,1,,,,,,,,,,,,
2026-03-10T15:38:14.183162-04:00,vsin_circa,circa,nba,nba_20260310_dallas_mavericks_atlanta_hawks,Mar 10,,Dallas Mavericks,Atlanta Hawks,10.0,25.0,75.0,,100.0,240.0,,100.0,,100.0,75.0,25.0,73.0,27.0,25.0,,True,,1,,,,,,,,,,,,
2026-03-10T15:38:14.183162-04:00,vsin_circa,circa,nba,nba_20260310_phoenix_suns_milwaukee_bucks,Mar 10,,Phoenix Suns,Milwaukee Bucks,0.0,40.0,60.0,45.0,55.0,219.0,100.0,,100.0,,50.0,50.0,100.0,,5.0,0.0,False,False,1,,,,,,,,,,,,
2026-03-10T15:38:14.183162-04:00,vsin_circa,circa,nba,nba_20260310_toronto_raptors_houston_rockets,Mar 10,,Toronto Raptors,Houston Rockets,5.0,33.0,67.0,48.0,52.0,219.5,50.0,50.0,67.0,33.0,100.0,,100.0,,15.0,17.0,True,True,1,,,,,,,,,,,,
2026-03-10T15:38:14.183162-04:00,vsin_circa,circa,nba,nba_20260310_boston_celtics_san_antonio_spurs,Mar 10,,Boston Celtics,San Antonio Spurs,3.0,50.0,50.0,5.0,95.0,221.0,38.0,63.0,39.0,61.0,67.0,33.0,99.0,1.0,45.0,1.0,True,False,1,,,,,,,,,,,,
2026-03-10T15:38:14.183162-04:00,vsin_circa,circa,nba,nba_20260310_indiana_pacers_sacramento_kings,Mar 10,,Indiana Pacers,Sacramento Kings,3.0,71.0,29.0,68.0,32.0,237.5,50.0,50.0,100.0,,100.0,,100.0,,3.0,50.0,False,True,1,,,,,,,,,,,,
2026-03-10T15:38:14.183162-04:00,vsin_circa,circa,nba,nba_20260310_chicago_bulls_golden_state_warriors,Mar 10,,Chicago Bulls,Golden State Warriors,6.0,40.0,60.0,3.0,97.0,227.5,,100.0,,100.0,100.0,,100.0,,37.0,,True,,1,,,,,,,,,,,,
2026-03-10T15:38:14.183162-04:00,vsin_circa,circa,nba,nba_20260310_charlotte_hornets_portland_trailblazers,Mar 10,,Charlotte Hornets,Portland Trailblazers,-3.0,60.0,40.0,89.0,11.0,227.5,,100.0,,100.0,,100.0,,100.0,29.0,,True,,1,,,,,,,,,,,,
2026-03-10T15:38:14.183162-04:00,vsin_circa,circa,nba,nba_20260310_minnesota_timberwolves_los_angeles_lakers,Mar 10,,Minnesota Timberwolves,Los Angeles Lakers,-3.0,50.0,50.0,95.0,5.0,234.0,,100.0,,100.0,33.0,67.0,25.0,75.0,45.0,,True,,1,,,,,,,,,,,,
2026-03-10T16:01:02.143449-04:00,vsin_dk,draftkings,nba,nba_20260310_memphis_grizzlies_philadelphia_76ers,Mar 10,,Memphis Grizzlies,Philadelphia 76ers,2.5,34.0,66.0,50.0,50.0,228.5,56.0,44.0,42.0,58.0,23.0,77.0,31.0,69.0,16.0,14.0,True,False,1,,,,,,,,,,,,
2026-03-10T16:01:02.143449-04:00,vsin_dk,draftkings,nba,nba_20260310_washington_wizards_miami_heat,Mar 10,,Washington Wizards,Miami Heat,16.5,54.0,46.0,27.0,73.0,238.5,30.0,70.0,56.0,44.0,9.0,91.0,11.0,89.0,27.0,26.0,True,True,1,,,,,,,,,,,,
2026-03-10T16:01:02.143449-04:00,vsin_dk,draftkings,nba,nba_20260310_detroit_pistons_brooklyn_nets,Mar 10,,Detroit Pistons,Brooklyn Nets,-14.5,54.0,46.0,85.0,15.0,216.5,75.0,25.0,65.0,35.0,91.0,9.0,80.0,20.0,31.0,10.0,True,False,1,,,,,,,,,,,,
2026-03-10T16:01:02.143449-04:00,vsin_dk,draftkings,nba,nba_20260310_dallas_mavericks_atlanta_hawks,Mar 10,,Dallas Mavericks,Atlanta Hawks,10.5,51.0,49.0,17.0,83.0,240.5,30.0,70.0,49.0,51.0,15.0,85.0,30.0,70.0,34.0,19.0,True,True,1,,,,,,,,,,,,
2026-03-10T16:01:02.143449-04:00,vsin_dk,draftkings,nba,nba_20260310_phoenix_suns_milwaukee_bucks,Mar 10,,Phoenix Suns,Milwaukee Bucks,-1.5,60.0,40.0,68.0,32.0,218.5,80.0,20.0,91.0,9.0,57.0,43.0,75.0,25.0,8.0,11.0,False,False,1,,,,,,,,,,,,
2026-03-10T16:01:02.143449-04:00,vsin_dk,draftkings,nba,nba_20260310_toronto_raptors_houston_rockets,Mar 10,,Toronto Raptors,Houston Rockets,4.5,43.0,57.0,35.0,65.0,220.5,76.0,24.0,50.0,50.0,17.0,83.0,27.0,73.0,8.0,26.0,False,True,1,,,,,,,,,,,,
2026-03-10T16:01:02.143449-04:00,vsin_dk,draftkings,nba,nba_20260310_boston_celtics_san_antonio_spurs,Mar 10,,Boston Celtics,San Antonio Spurs,3.5,57.0,43.0,37.0,63.0,221.5,74.0,26.0,50.0,50.0,48.0,52.0,57.0,43.0,20.0,24.0,True,True,1,,,,,,,,,,,,
2026-03-10T16:01:02.143449-04:00,vsin_dk,draftkings,nba,nba_20260310_indiana_pacers_sacramento_kings,Mar 10,,Indiana Pacers,Sacramento Kings,2.5,41.0,59.0,56.0,44.0,237.5,43.0,57.0,79.0,21.0,27.0,73.0,43.0,57.0,15.0,36.0,True,True,1,,,,,,,,,,,,
2026-03-10T16:01:02.143449-04:00,vsin_dk,draftkings,nba,nba_20260310_chicago_bulls_golden_state_warriors,Mar 10,,Chicago Bulls,Golden State Warriors,6.5,58.0,42.0,26.0,74.0,227.5,58.0,42.0,55.0,45.0,21.0,79.0,16.0,84.0,32.0,3.0,True,False,1,,,,,,,,,,,,
2026-03-10T16:01:02.143449-04:00,vsin_dk,draftkings,nba,nba_20260310_charlotte_hornets_portland_trailblazers,Mar 10,,Charlotte Hornets,Portland Trailblazers,-3.5,70.0,30.0,72.0,28.0,227.5,67.0,33.0,24.0,76.0,79.0,21.0,81.0,19.0,2.0,43.0,False,True,1,,,,,,,,,,,,
2026-03-10T16:01:02.143449-04:00,vsin_dk,draftkings,nba,nba_20260310_minnesota_timberwolves_los_angeles_lakers,Mar 10,,Minnesota Timberwolves,Los Angeles Lakers,-2.5,54.0,46.0,70.0,30.0,233.5,64.0,36.0,77.0,23.0,52.0,48.0,78.0,22.0,16.0,13.0,True,False,1,,,,,,,,,,,,
2026-03-10T16:01:22.303653-04:00,vsin_circa,circa,nba,nba_20260310_memphis_grizzlies_philadelphia_76ers,Mar 10,,Memphis Grizzlies,Philadelphia 76ers,3.0,75.0,25.0,98.0,2.0,228.5,100.0,,100.0,,100.0,,100.0,,23.0,0.0,True,False,1,,,,,,,,,,,,
2026-03-10T16:01:22.303653-04:00,vsin_circa,circa,nba,nba_20260310_washington_wizards_miami_heat,Mar 10,,Washington Wizards,Miami Heat,16.0,38.0,63.0,74.0,26.0,237.5,33.0,67.0,3.0,97.0,20.0,80.0,4.0,96.0,37.0,30.0,True,True,1,,,,,,,,,,,,
2026-03-10T16:01:22.303653-04:00,vsin_circa,circa,nba,nba_20260310_detroit_pistons_brooklyn_nets,Mar 10,,Detroit Pistons,Brooklyn Nets,-15.0,67.0,33.0,90.0,10.0,216.5,40.0,60.0,21.0,79.0,50.0,50.0,31.0,69.0,23.0,19.0,True,True,1,,,,,,,,,,,,
2026-03-10T16:01:22.303653-04:00,vsin_circa,circa,nba,nba_20260310_dallas_mavericks_atlanta_hawks,Mar 10,,Dallas Mavericks,Atlanta Hawks,10.0,25.0,75.0,,100.0,240.0,,100.0,,100.0,75.0,25.0,73.0,27.0,25.0,,True,,1,,,,,,,,,,,,
2026-03-10T16:01:22.303653-04:00,vsin_circa,circa,nba,nba_20260310_phoenix_suns_milwaukee_bucks,Mar 10,,Phoenix Suns,Milwaukee Bucks,0.0,40.0,60.0,45.0,55.0,219.0,100.0,,100.0,,50.0,50.0,100.0,,5.0,0.0,False,False,1,,,,,,,,,,,,
2026-03-10T16:01:22.303653-04:00,vsin_circa,circa,nba,nba_20260310_toronto_raptors_houston_rockets,Mar 10,,Toronto Raptors,Houston Rockets,4.5,33.0,67.0,48.0,52.0,219.5,50.0,50.0,67.0,33.0,100.0,,100.0,,15.0,17.0,True,True,1,,,,,,,,,,,,
2026-03-10T16:01:22.303653-04:00,vsin_circa,circa,nba,nba_20260310_boston_celtics_san_antonio_spurs,Mar 10,,Boston Celtics,San Antonio Spurs,3.0,50.0,50.0,5.0,95.0,221.0,38.0,63.0,39.0,61.0,67.0,33.0,99.0,1.0,45.0,1.0,True,False,1,,,,,,,,,,,,
2026-03-10T16:01:22.303653-04:00,vsin_circa,circa,nba,nba_20260310_indiana_pacers_sacramento_kings,Mar 10,,Indiana Pacers,Sacramento Kings,3.0,71.0,29.0,68.0,32.0,237.5,50.0,50.0,100.0,,100.0,,100.0,,3.0,50.0,False,True,1,,,,,,,,,,,,
2026-03-10T16:01:22.303653-04:00,vsin_circa,circa,nba,nba_20260310_chicago_bulls_golden_state_warriors,Mar 10,,Chicago Bulls,Golden State Warriors,6.0,40.0,60.0,3.0,97.0,227.0,,100.0,,100.0,100.0,,100.0,,37.0,,True,,1,,,,,,,,,,,,
2026-03-10T16:01:22.303653-04:00,vsin_circa,circa,nba,nba_20260310_charlotte_hornets_portland_trailblazers,Mar 10,,Charlotte Hornets,Portland Trailblazers,-3.0,60.0,40.0,89.0,11.0,227.5,,100.0,,100.0,,100.0,,100.0,29.0,,True,,1,,,,,,,,,,,,
2026-03-10T16:01:22.303653-04:00,vsin_circa,circa,nba,nba_20260310_minnesota_timberwolves_los_angeles_lakers,Mar 10,,Minnesota Timberwolves,Los Angeles Lakers,-3.0,50.0,50.0,95.0,5.0,234.0,,100.0,,100.0,33.0,67.0,25.0,75.0,45.0,,True,,1,,,,,,,,,,,,
2026-03-10T16:37:33.813469-04:00,vsin_dk,draftkings,nba,nba_20260310_memphis_grizzlies_philadelphia_76ers,Mar 10,,Memphis Grizzlies,Philadelphia 76ers,3.5,34.0,66.0,36.0,64.0,228.5,56.0,44.0,46.0,54.0,23.0,77.0,31.0,69.0,2.0,10.0,False,False,1,,,,,,,,,,,,
2026-03-10T16:37:33.813469-04:00,vsin_dk,draftkings,nba,nba_20260310_washington_wizards_miami_heat,Mar 10,,Washington Wizards,Miami Heat,16.5,54.0,46.0,28.0,72.0,238.5,30.0,70.0,56.0,44.0,9.0,91.0,12.0,88.0,26.0,26.0,True,True,1,,,,,,,,,,,,
2026-03-10T16:37:33.813469-04:00,vsin_dk,draftkings,nba,nba_20260310_detroit_pistons_brooklyn_nets,Mar 10,,Detroit Pistons,Brooklyn Nets,-15.5,54.0,46.0,85.0,15.0,216.5,75.0,25.0,67.0,33.0,91.0,9.0,83.0,17.0,31.0,8.0,True,False,1,,,,,,,,,,,,
2026-03-10T16:37:33.813469-04:00,vsin_dk,draftkings,nba,nba_20260310_dallas_mavericks_atlanta_hawks,Mar 10,,Dallas Mavericks,Atlanta Hawks,10.5,51.0,49.0,18.0,82.0,240.5,30.0,70.0,49.0,51.0,15.0,85.0,28.0,72.0,33.0,19.0,True,True,1,,,,,,,,,,,,
2026-03-10T16:37:33.813469-04:00,vsin_dk,draftkings,nba,nba_20260310_phoenix_suns_milwaukee_bucks,Mar 10,,Phoenix Suns,Milwaukee Bucks,-1.5,60.0,40.0,60.0,40.0,218.5,80.0,20.0,89.0,11.0,57.0,43.0,74.0,26.0,0.0,9.0,False,False,1,,,,,,,,,,,,
2026-03-10T16:37:33.813469-04:00,vsin_dk,draftkings,nba,nba_20260310_toronto_raptors_houston_rockets,Mar 10,,Toronto Raptors,Houston Rockets,4.5,42.0,58.0,35.0,65.0,219.5,75.0,25.0,50.0,50.0,17.0,83.0,26.0,74.0,7.0,25.0,False,True,1,,,,,,,,,,,,
2026-03-10T16:37:33.813469-04:00,vsin_dk,draftkings,nba,nba_20260310_boston_celtics_san_antonio_spurs,Mar 10,,Boston Celtics,San Antonio Spurs,3.5,58.0,42.0,37.0,63.0,221.5,75.0,25.0,52.0,48.0,48.0,52.0,56.0,44.0,21.0,23.0,True,True,1,,,,,,,,,,,,
2026-03-10T16:37:33.813469-04:00,vsin_dk,draftkings,nba,nba_20260310_indiana_pacers_sacramento_kings,Mar 10,,Indiana Pacers,Sacramento Kings,2.5,40.0,60.0,53.0,47.0,237.5,42.0,58.0,78.0,22.0,27.0,73.0,50.0,50.0,13.0,36.0,False,True,1,,,,,,,,,,,,
2026-03-10T16:37:33.813469-04:00,vsin_dk,draftkings,nba,nba_20260310_chicago_bulls_golden_state_warriors,Mar 10,,Chicago Bulls,Golden State Warriors,6.5,57.0,43.0,27.0,73.0,227.5,58.0,42.0,54.0,46.0,21.0,79.0,18.0,82.0,30.0,4.0,True,False,1,,,,,,,,,,,,
2026-03-10T16:37:33.813469-04:00,vsin_dk,draftkings,nba,nba_20260310_charlotte_hornets_portland_trailblazers,Mar 10,,Charlotte Hornets,Portland Trailblazers,-3.5,70.0,30.0,71.0,29.0,227.5,68.0,32.0,27.0,73.0,79.0,21.0,78.0,22.0,1.0,41.0,False,True,1,,,,,,,,,,,,
2026-03-10T16:37:33.813469-04:00,vsin_dk,draftkings,nba,nba_20260310_minnesota_timberwolves_los_angeles_lakers,Mar 10,,Minnesota Timberwolves,Los Angeles Lakers,-2.5,54.0,46.0,70.0,30.0,230.5,64.0,36.0,68.0,32.0,52.0,48.0,76.0,24.0,16.0,4.0,True,False,1,,,,,,,,,,,,
2026-03-10T16:37:54.063662-04:00,vsin_circa,circa,nba,nba_20260310_memphis_grizzlies_philadelphia_76ers,Mar 10,,Memphis Grizzlies,Philadelphia 76ers,3.0,60.0,40.0,97.0,3.0,228.5,100.0,,100.0,,100.0,,100.0,,37.0,0.0,True,False,1,,,,,,,,,,,,
2026-03-10T16:37:54.063662-04:00,vsin_circa,circa,nba,nba_20260310_washington_wizards_miami_heat,Mar 10,,Washington Wizards,Miami Heat,16.0,33.0,67.0,73.0,27.0,237.5,33.0,67.0,3.0,97.0,56.0,44.0,90.0,10.0,40.0,30.0,True,True,1,,,,,,,,,,,,
2026-03-10T16:37:54.063662-04:00,vsin_circa,circa,nba,nba_20260310_detroit_pistons_brooklyn_nets,Mar 10,,Detroit Pistons,Brooklyn Nets,-15.0,67.0,33.0,90.0,10.0,216.5,40.0,60.0,21.0,79.0,25.0,75.0,,100.0,23.0,19.0,True,True,1,,,,,,,,,,,,
2026-03-10T16:37:54.063662-04:00,vsin_circa,circa,nba,nba_20260310_dallas_mavericks_atlanta_hawks,Mar 10,,Dallas Mavericks,Atlanta Hawks,10.0,25.0,75.0,,100.0,240.0,,100.0,,100.0,75.0,25.0,73.0,27.0,25.0,,True,,1,,,,,,,,,,,,
2026-03-10T16:37:54.063662-04:00,vsin_circa,circa,nba,nba_20260310_phoenix_suns_milwaukee_bucks,Mar 10,,Phoenix Suns,Milwaukee Bucks,-1.0,45.0,55.0,56.0,44.0,219.0,100.0,,100.0,,50.0,50.0,100.0,,11.0,0.0,False,False,1,,,,,,,,,,,,
2026-03-10T16:37:54.063662-04:00,vsin_circa,circa,nba,nba_20260310_toronto_raptors_houston_rockets,Mar 10,,Toronto Raptors,Houston Rockets,4.5,43.0,57.0,49.0,51.0,219.5,50.0,50.0,67.0,33.0,100.0,,100.0,,6.0,17.0,False,True,1,,,,,,,,,,,,
2026-03-10T16:37:54.063662-04:00,vsin_circa,circa,nba,nba_20260310_boston_celtics_san_antonio_spurs,Mar 10,,Boston Celtics,San Antonio Spurs,3.5,50.0,50.0,5.0,95.0,221.0,44.0,56.0,39.0,61.0,67.0,33.0,99.0,1.0,45.0,5.0,True,False,1,,,,,,,,,,,,
2026-03-10T16:37:54.063662-04:00,vsin_circa,circa,nba,nba_20260310_indiana_pacers_sacramento_kings,Mar 10,,Indiana Pacers,Sacramento Kings,3.0,71.0,29.0,68.0,32.0,237.5,50.0,50.0,100.0,,100.0,,100.0,,3.0,50.0,False,True,1,,,,,,,,,,,,
2026-03-10T16:37:54.063662-04:00,vsin_circa,circa,nba,nba_20260310_chicago_bulls_golden_state_warriors,Mar 10,,Chicago Bulls,Golden State Warriors,6.0,40.0,60.0,3.0,97.0,227.0,,100.0,,100.0,100.0,,100.0,,37.0,,True,,1,,,,,,,,,,,,
2026-03-10T16:37:54.063662-04:00,vsin_circa,circa,nba,nba_20260310_charlotte_hornets_portland_trailblazers,Mar 10,,Charlotte Hornets,Portland Trailblazers,-3.5,60.0,40.0,89.0,11.0,227.5,,100.0,,100.0,,100.0,,100.0,29.0,,True,,1,,,,,,,,,,,,
2026-03-10T16:37:54.063662-04:00,vsin_circa,circa,nba,nba_20260310_minnesota_timberwolves_los_angeles_lakers,Mar 10,,Minnesota Timberwolves,Los Angeles Lakers,-3.0,50.0,50.0,95.0,5.0,232.0,,100.0,,100.0,29.0,71.0,23.0,77.0,45.0,,True,,1,,,,,,,,,,,,
2026-03-10T17:08:03.258823-04:00,vsin_dk,draftkings,nba,nba_20260310_memphis_grizzlies_philadelphia_76ers,Mar 10,,Memphis Grizzlies,Philadelphia 76ers,3.5,34.0,66.0,36.0,64.0,228.5,55.0,45.0,44.0,56.0,23.0,77.0,31.0,69.0,2.0,11.0,False,False,1,,,,,,,,,,,,
2026-03-10T17:08:03.258823-04:00,vsin_dk,draftkings,nba,nba_20260310_washington_wizards_miami_heat,Mar 10,,Washington Wizards,Miami Heat,16.5,54.0,46.0,28.0,72.0,238.5,30.0,70.0,56.0,44.0,9.0,91.0,11.0,89.0,26.0,26.0,True,True,1,,,,,,,,,,,,
2026-03-10T17:08:03.258823-04:00,vsin_dk,draftkings,nba,nba_20260310_detroit_pistons_brooklyn_nets,Mar 10,,Detroit Pistons,Brooklyn Nets,-15.5,53.0,47.0,85.0,15.0,216.5,75.0,25.0,67.0,33.0,91.0,9.0,84.0,16.0,32.0,8.0,True,False,1,,,,,,,,,,,,
2026-03-10T17:08:03.258823-04:00,vsin_dk,draftkings,nba,nba_20260310_dallas_mavericks_atlanta_hawks,Mar 10,,Dallas Mavericks,Atlanta Hawks,10.5,52.0,48.0,19.0,81.0,240.5,30.0,70.0,46.0,54.0,15.0,85.0,26.0,74.0,33.0,16.0,True,True,1,,,,,,,,,,,,
2026-03-10T17:08:03.258823-04:00,vsin_dk,draftkings,nba,nba_20260310_phoenix_suns_milwaukee_bucks,Mar 10,,Phoenix Suns,Milwaukee Bucks,-1.5,59.0,41.0,59.0,41.0,218.5,80.0,20.0,88.0,12.0,57.0,43.0,73.0,27.0,0.0,8.0,False,False,1,,,,,,,,,,,,
2026-03-10T17:08:03.258823-04:00,vsin_dk,draftkings,nba,nba_20260310_toronto_raptors_houston_rockets,Mar 10,,Toronto Raptors,Houston Rockets,4.5,41.0,59.0,35.0,65.0,219.5,75.0,25.0,51.0,49.0,17.0,83.0,25.0,75.0,6.0,24.0,False,True,1,,,,,,,,,,,,
2026-03-10T17:08:03.258823-04:00,vsin_dk,draftkings,nba,nba_20260310_boston_celtics_san_antonio_spurs,Mar 10,,Boston Celtics,San Antonio Spurs,3.5,57.0,43.0,37.0,63.0,221.5,75.0,25.0,55.0,45.0,49.0,51.0,57.0,43.0,20.0,20.0,True,True,1,,,,,,,,,,,,
2026-03-10T17:08:03.258823-04:00,vsin_dk,draftkings,nba,nba_20260310_indiana_pacers_sacramento_kings,Mar 10,,Indiana Pacers,Sacramento Kings,2.5,40.0,60.0,53.0,47.0,236.5,41.0,59.0,78.0,22.0,27.0,73.0,49.0,51.0,13.0,37.0,False,True,1,,,,,,,,,,,,
2026-03-10T17:08:03.258823-04:00,vsin_dk,draftkings,nba,nba_20260310_chicago_bulls_golden_state_warriors,Mar 10,,Chicago Bulls,Golden State Warriors,6.5,58.0,42.0,28.0,72.0,227.5,58.0,42.0,54.0,46.0,21.0,79.0,19.0,81.0,30.0,4.0,True,False,1,,,,,,,,,,,,
2026-03-10T17:08:03.258823-04:00,vsin_dk,draftkings,nba,nba_20260310_charlotte_hornets_portland_trailblazers,Mar 10,,Charlotte Hornets,Portland Trailblazers,-3.5,70.0,30.0,71.0,29.0,227.5,68.0,32.0,29.0,71.0,79.0,21.0,78.0,22.0,1.0,39.0,False,True,1,,,,,,,,,,,,
2026-03-10T17:08:03.258823-04:00,vsin_dk,draftkings,nba,nba_20260310_minnesota_timberwolves_los_angeles_lakers,Mar 10,,Minnesota Timberwolves,Los Angeles Lakers,-2.5,54.0,46.0,70.0,30.0,230.5,65.0,35.0,68.0,32.0,52.0,48.0,76.0,24.0,16.0,3.0,True,False,1,,,,,,,,,,,,
2026-03-10T17:08:23.648478-04:00,vsin_circa,circa,nba,nba_20260310_memphis_grizzlies_philadelphia_76ers,Mar 10,,Memphis Grizzlies,Philadelphia 76ers,3.0,67.0,33.0,97.0,3.0,228.5,100.0,,100.0,,100.0,,100.0,,30.0,0.0,True,False,1,,,,,,,,,,,,
2026-03-10T17:08:23.648478-04:00,vsin_circa,circa,nba,nba_20260310_washington_wizards_miami_heat,Mar 10,,Washington Wizards,Miami Heat,16.0,36.0,64.0,73.0,27.0,237.5,33.0,67.0,3.0,97.0,50.0,50.0,4.0,96.0,37.0,30.0,True,True,1,,,,,,,,,,,,
2026-03-10T17:08:23.648478-04:00,vsin_circa,circa,nba,nba_20260310_detroit_pistons_brooklyn_nets,Mar 10,,Detroit Pistons,Brooklyn Nets,-15.0,60.0,40.0,60.0,40.0,216.5,40.0,60.0,21.0,79.0,25.0,75.0,,100.0,0.0,19.0,False,True,1,,,,,,,,,,,,
2026-03-10T17:08:23.648478-04:00,vsin_circa,circa,nba,nba_20260310_dallas_mavericks_atlanta_hawks,Mar 10,,Dallas Mavericks,Atlanta Hawks,10.0,20.0,80.0,,100.0,240.0,,100.0,,100.0,75.0,25.0,73.0,27.0,20.0,,True,,1,,,,,,,,,,,,
2026-03-10T17:08:23.648478-04:00,vsin_circa,circa,nba,nba_20260310_phoenix_suns_milwaukee_bucks,Mar 10,,Phoenix Suns,Milwaukee Bucks,0.0,42.0,58.0,56.0,44.0,219.0,100.0,,100.0,,67.0,33.0,100.0,,14.0,0.0,False,False,1,,,,,,,,,,,,
2026-03-10T17:08:23.648478-04:00,vsin_circa,circa,nba,nba_20260310_toronto_raptors_houston_rockets,Mar 10,,Toronto Raptors,Houston Rockets,4.5,56.0,44.0,49.0,51.0,219.5,50.0,50.0,67.0,33.0,100.0,,100.0,,7.0,17.0,False,True,1,,,,,,,,,,,,
2026-03-10T17:08:23.648478-04:00,vsin_circa,circa,nba,nba_20260310_boston_celtics_san_antonio_spurs,Mar 10,,Boston Celtics,San Antonio Spurs,3.5,50.0,50.0,5.0,95.0,221.0,50.0,50.0,40.0,60.0,67.0,33.0,99.0,1.0,45.0,10.0,True,False,1,,,,,,,,,,,,
2026-03-10T17:08:23.648478-04:00,vsin_circa,circa,nba,nba_20260310_indiana_pacers_sacramento_kings,Mar 10,,Indiana Pacers,Sacramento Kings,3.0,75.0,25.0,69.0,31.0,237.5,50.0,50.0,100.0,,100.0,,100.0,,6.0,50.0,False,True,1,,,,,,,,,,,,
2026-03-10T17:08:23.648478-04:00,vsin_circa,circa,nba,nba_20260310_chicago_bulls_golden_state_warriors,Mar 10,,Chicago Bulls,Golden State Warriors,6.0,40.0,60.0,3.0,97.0,227.0,,100.0,,100.0,100.0,,100.0,,37.0,,True,,1,,,,,,,,,,,,
2026-03-10T17:08:23.648478-04:00,vsin_circa,circa,nba,nba_20260310_charlotte_hornets_portland_trailblazers,Mar 10,,Charlotte Hornets,Portland Trailblazers,-3.5,60.0,40.0,89.0,11.0,227.5,,100.0,,100.0,,100.0,,100.0,29.0,,True,,1,,,,,,,,,,,,
2026-03-10T17:08:23.648478-04:00,vsin_circa,circa,nba,nba_20260310_minnesota_timberwolves_los_angeles_lakers,Mar 10,,Minnesota Timberwolves,Los Angeles Lakers,-2.5,40.0,60.0,50.0,50.0,232.0,,100.0,,100.0,25.0,75.0,23.0,77.0,10.0,,False,,1,,,,,,,,,,,,
2026-03-10T17:37:46.816444-04:00,vsin_dk,draftkings,nba,nba_20260310_memphis_grizzlies_philadelphia_76ers,Mar 10,,Memphis Grizzlies,Philadelphia 76ers,3.5,34.0,66.0,33.0,67.0,228.5,55.0,45.0,46.0,54.0,23.0,77.0,30.0,70.0,1.0,9.0,False,False,1,,,,,,,,,,,,
2026-03-10T17:37:46.816444-04:00,vsin_dk,draftkings,nba,nba_20260310_washington_wizards_miami_heat,Mar 10,,Washington Wizards,Miami Heat,16.5,54.0,46.0,27.0,73.0,238.5,31.0,69.0,56.0,44.0,9.0,91.0,12.0,88.0,27.0,25.0,True,True,1,,,,,,,,,,,,
2026-03-10T17:37:46.816444-04:00,vsin_dk,draftkings,nba,nba_20260310_detroit_pistons_brooklyn_nets,Mar 10,,Detroit Pistons,Brooklyn Nets,-14.5,54.0,46.0,84.0,16.0,216.5,75.0,25.0,66.0,34.0,91.0,9.0,83.0,17.0,30.0,9.0,True,False,1,,,,,,,,,,,,
2026-03-10T17:37:46.816444-04:00,vsin_dk,draftkings,nba,nba_20260310_dallas_mavericks_atlanta_hawks,Mar 10,,Dallas Mavericks,Atlanta Hawks,9.5,53.0,47.0,21.0,79.0,240.5,29.0,71.0,47.0,53.0,15.0,85.0,24.0,76.0,32.0,18.0,True,True,1,,,,,,,,,,,,
2026-03-10T17:37:46.816444-04:00,vsin_dk,draftkings,nba,nba_20260310_phoenix_suns_milwaukee_bucks,Mar 10,,Phoenix Suns,Milwaukee Bucks,-1.5,59.0,41.0,59.0,41.0,218.5,80.0,20.0,88.0,12.0,57.0,43.0,74.0,26.0,0.0,8.0,False,False,1,,,,,,,,,,,,
2026-03-10T17:37:46.816444-04:00,vsin_dk,draftkings,nba,nba_20260310_toronto_raptors_houston_rockets,Mar 10,,Toronto Raptors,Houston Rockets,4.5,41.0,59.0,33.0,67.0,220.5,76.0,24.0,51.0,49.0,17.0,83.0,24.0,76.0,8.0,25.0,False,True,1,,,,,,,,,,,,
2026-03-10T17:37:46.816444-04:00,vsin_dk,draftkings,nba,nba_20260310_boston_celtics_san_antonio_spurs,Mar 10,,Boston Celtics,San Antonio Spurs,3.5,58.0,42.0,34.0,66.0,221.5,75.0,25.0,58.0,42.0,48.0,52.0,58.0,42.0,24.0,17.0,True,True,1,,,,,,,,,,,,
2026-03-10T17:37:46.816444-04:00,vsin_dk,draftkings,nba,nba_20260310_indiana_pacers_sacramento_kings,Mar 10,,Indiana Pacers,Sacramento Kings,2.5,40.0,60.0,53.0,47.0,236.5,41.0,59.0,78.0,22.0,27.0,73.0,47.0,53.0,13.0,37.0,False,True,1,,,,,,,,,,,,
2026-03-10T17:37:46.816444-04:00,vsin_dk,draftkings,nba,nba_20260310_chicago_bulls_golden_state_warriors,Mar 10,,Chicago Bulls,Golden State Warriors,6.5,58.0,42.0,31.0,69.0,227.5,57.0,43.0,53.0,47.0,21.0,79.0,21.0,79.0,27.0,4.0,True,False,1,,,,,,,,,,,,
2026-03-10T17:37:46.816444-04:00,vsin_dk,draftkings,nba,nba_20260310_charlotte_hornets_portland_trailblazers,Mar 10,,Charlotte Hornets,Portland Trailblazers,-3.5,70.0,30.0,71.0,29.0,227.5,68.0,32.0,30.0,70.0,79.0,21.0,79.0,21.0,1.0,38.0,False,True,1,,,,,,,,,,,,
2026-03-10T17:37:46.816444-04:00,vsin_dk,draftkings,nba,nba_20260310_minnesota_timberwolves_los_angeles_lakers,Mar 10,,Minnesota Timberwolves,Los Angeles Lakers,-2.5,54.0,46.0,69.0,31.0,230.5,65.0,35.0,68.0,32.0,52.0,48.0,74.0,26.0,15.0,3.0,True,False,1,,,,,,,,,,,,
2026-03-10T17:38:06.757981-04:00,vsin_circa,circa,nba,nba_20260310_memphis_grizzlies_philadelphia_76ers,Mar 10,,Memphis Grizzlies,Philadelphia 76ers,3.5,67.0,33.0,97.0,3.0,229.0,100.0,,100.0,,67.0,33.0,,100.0,30.0,0.0,True,False,1,,,,,,,,,,,,
2026-03-10T17:38:06.757981-04:00,vsin_circa,circa,nba,nba_20260310_washington_wizards_miami_heat,Mar 10,,Washington Wizards,Miami Heat,16.0,36.0,64.0,73.0,27.0,237.5,50.0,50.0,4.0,96.0,50.0,50.0,4.0,96.0,37.0,46.0,True,True,1,,,,,,,,,,,,
2026-03-10T17:38:06.757981-04:00,vsin_circa,circa,nba,nba_20260310_detroit_pistons_brooklyn_nets,Mar 10,,Detroit Pistons,Brooklyn Nets,-15.0,60.0,40.0,60.0,40.0,216.5,40.0,60.0,21.0,79.0,25.0,75.0,,100.0,0.0,19.0,False,True,1,,,,,,,,,,,,
2026-03-10T17:38:06.757981-04:00,vsin_circa,circa,nba,nba_20260310_dallas_mavericks_atlanta_hawks,Mar 10,,Dallas Mavericks,Atlanta Hawks,10.0,20.0,80.0,,100.0,241.0,33.0,67.0,80.0,20.0,75.0,25.0,73.0,27.0,20.0,47.0,True,True,1,,,,,,,,,,,,
2026-03-10T17:38:06.757981-04:00,vsin_circa,circa,nba,nba_20260310_phoenix_suns_milwaukee_bucks,Mar 10,,Phoenix Suns,Milwaukee Bucks,0.0,42.0,58.0,56.0,44.0,219.0,100.0,,100.0,,67.0,33.0,100.0,,14.0,0.0,False,False,1,,,,,,,,,,,,
2026-03-10T17:38:06.757981-04:00,vsin_circa,circa,nba,nba_20260310_toronto_raptors_houston_rockets,Mar 10,,Toronto Raptors,Houston Rockets,4.5,56.0,44.0,49.0,51.0,219.5,50.0,50.0,67.0,33.0,100.0,,100.0,,7.0,17.0,False,True,1,,,,,,,,,,,,
2026-03-10T17:38:06.757981-04:00,vsin_circa,circa,nba,nba_20260310_boston_celtics_san_antonio_spurs,Mar 10,,Boston Celtics,San Antonio Spurs,3.5,50.0,50.0,5.0,95.0,221.0,50.0,50.0,40.0,60.0,67.0,33.0,99.0,1.0,45.0,10.0,True,False,1,,,,,,,,,,,,
2026-03-10T17:38:06.757981-04:00,vsin_circa,circa,nba,nba_20260310_indiana_pacers_sacramento_kings,Mar 10,,Indiana Pacers,Sacramento Kings,3.0,75.0,25.0,69.0,31.0,237.5,50.0,50.0,100.0,,100.0,,100.0,,6.0,50.0,False,True,1,,,,,,,,,,,,
2026-03-10T17:38:06.757981-04:00,vsin_circa,circa,nba,nba_20260310_chicago_bulls_golden_state_warriors,Mar 10,,Chicago Bulls,Golden State Warriors,6.0,40.0,60.0,3.0,97.0,227.0,,100.0,,100.0,100.0,,100.0,,37.0,,True,,1,,,,,,,,,,,,
2026-03-10T17:38:06.757981-04:00,vsin_circa,circa,nba,nba_20260310_charlotte_hornets_portland_trailblazers,Mar 10,,Charlotte Hornets,Portland Trailblazers,-3.5,60.0,40.0,89.0,11.0,227.5,,100.0,,100.0,,100.0,,100.0,29.0,,True,,1,,,,,,,,,,,,
2026-03-10T17:38:06.757981-04:00,vsin_circa,circa,nba,nba_20260310_minnesota_timberwolves_los_angeles_lakers,Mar 10,,Minnesota Timberwolves,Los Angeles Lakers,-2.5,40.0,60.0,50.0,50.0,232.0,,100.0,,100.0,25.0,75.0,23.0,77.0,10.0,,False,,1,,,,,,,,,,,,
2026-03-10T18:05:20.911083-04:00,vsin_dk,draftkings,nba,nba_20260310_memphis_grizzlies_philadelphia_76ers,Mar 10,,Memphis Grizzlies,Philadelphia 76ers,3.5,35.0,65.0,33.0,67.0,229.5,55.0,45.0,46.0,54.0,23.0,77.0,30.0,70.0,2.0,9.0,False,False,1,,,,,,,,,,,,
2026-03-10T18:05:20.911083-04:00,vsin_dk,draftkings,nba,nba_20260310_washington_wizards_miami_heat,Mar 10,,Washington Wizards,Miami Heat,16.5,54.0,46.0,27.0,73.0,238.5,31.0,69.0,56.0,44.0,9.0,91.0,12.0,88.0,27.0,25.0,True,True,1,,,,,,,,,,,,
2026-03-10T18:05:20.911083-04:00,vsin_dk,draftkings,nba,nba_20260310_detroit_pistons_brooklyn_nets,Mar 10,,Detroit Pistons,Brooklyn Nets,-14.5,54.0,46.0,86.0,14.0,216.5,74.0,26.0,75.0,25.0,91.0,9.0,84.0,16.0,32.0,1.0,True,False,1,,,,,,,,,,,,
2026-03-10T18:05:20.911083-04:00,vsin_dk,draftkings,nba,nba_20260310_dallas_mavericks_atlanta_hawks,Mar 10,,Dallas Mavericks,Atlanta Hawks,9.5,53.0,47.0,23.0,77.0,240.5,30.0,70.0,47.0,53.0,15.0,85.0,26.0,74.0,30.0,17.0,True,True,1,,,,,,,,,,,,
2026-03-10T18:05:20.911083-04:00,vsin_dk,draftkings,nba,nba_20260310_phoenix_suns_milwaukee_bucks,Mar 10,,Phoenix Suns,Milwaukee Bucks,-1.5,59.0,41.0,47.0,53.0,218.5,80.0,20.0,88.0,12.0,57.0,43.0,69.0,31.0,12.0,8.0,False,False,1,,,,,,,,,,,,
2026-03-10T18:05:20.911083-04:00,vsin_dk,draftkings,nba,nba_20260310_toronto_raptors_houston_rockets,Mar 10,,Toronto Raptors,Houston Rockets,4.5,41.0,59.0,31.0,69.0,220.5,75.0,25.0,52.0,48.0,17.0,83.0,23.0,77.0,10.0,23.0,False,True,1,,,,,,,,,,,,
2026-03-10T18:05:20.911083-04:00,vsin_dk,draftkings,nba,nba_20260310_boston_celtics_san_antonio_spurs,Mar 10,,Boston Celtics,San Antonio Spurs,3.5,58.0,42.0,39.0,61.0,221.5,75.0,25.0,57.0,43.0,48.0,52.0,58.0,42.0,19.0,18.0,True,True,1,,,,,,,,,,,,
2026-03-10T18:05:20.911083-04:00,vsin_dk,draftkings,nba,nba_20260310_indiana_pacers_sacramento_kings,Mar 10,,Indiana Pacers,Sacramento Kings,2.5,39.0,61.0,53.0,47.0,236.5,42.0,58.0,79.0,21.0,27.0,73.0,45.0,55.0,14.0,37.0,False,True,1,,,,,,,,,,,,
2026-03-10T18:05:20.911083-04:00,vsin_dk,draftkings,nba,nba_20260310_chicago_bulls_golden_state_warriors,Mar 10,,Chicago Bulls,Golden State Warriors,6.5,59.0,41.0,32.0,68.0,227.5,57.0,43.0,55.0,45.0,21.0,79.0,23.0,77.0,27.0,2.0,True,False,1,,,,,,,,,,,,
2026-03-10T18:05:20.911083-04:00,vsin_dk,draftkings,nba,nba_20260310_charlotte_hornets_portland_trailblazers,Mar 10,,Charlotte Hornets,Portland Trailblazers,-3.5,70.0,30.0,72.0,28.0,227.5,68.0,32.0,32.0,68.0,79.0,21.0,80.0,20.0,2.0,36.0,False,True,1,,,,,,,,,,,,
2026-03-10T18:05:20.911083-04:00,vsin_dk,draftkings,nba,nba_20260310_minnesota_timberwolves_los_angeles_lakers,Mar 10,,Minnesota Timberwolves,Los Angeles Lakers,-2.5,53.0,47.0,77.0,23.0,230.5,65.0,35.0,68.0,32.0,52.0,48.0,69.0,31.0,24.0,3.0,True,False,1,,,,,,,,,,,,
2026-03-10T18:05:45.421952-04:00,vsin_circa,circa,nba,nba_20260310_memphis_grizzlies_philadelphia_76ers,Mar 10,,Memphis Grizzlies,Philadelphia 76ers,4.5,57.0,43.0,37.0,63.0,229.0,100.0,,100.0,,50.0,50.0,,100.0,20.0,0.0,True,False,1,,,,,,,,,,,,
2026-03-10T18:05:45.421952-04:00,vsin_circa,circa,nba,nba_20260310_washington_wizards_miami_heat,Mar 10,,Washington Wizards,Miami Heat,16.5,36.0,64.0,73.0,27.0,237.5,50.0,50.0,4.0,96.0,50.0,50.0,4.0,96.0,37.0,46.0,True,True,1,,,,,,,,,,,,
2026-03-10T18:05:45.421952-04:00,vsin_circa,circa,nba,nba_20260310_detroit_pistons_brooklyn_nets,Mar 10,,Detroit Pistons,Brooklyn Nets,-15.0,60.0,40.0,60.0,40.0,216.5,40.0,60.0,21.0,79.0,25.0,75.0,,100.0,0.0,19.0,False,True,1,,,,,,,,,,,,
2026-03-10T18:05:45.421952-04:00,vsin_circa,circa,nba,nba_20260310_dallas_mavericks_atlanta_hawks,Mar 10,,Dallas Mavericks,Atlanta Hawks,10.0,20.0,80.0,,100.0,241.5,33.0,67.0,80.0,20.0,75.0,25.0,73.0,27.0,20.0,47.0,True,True,1,,,,,,,,,,,,
2026-03-10T18:05:45.421952-04:00,vsin_circa,circa,nba,nba_20260310_phoenix_suns_milwaukee_bucks,Mar 10,,Phoenix Suns,Milwaukee Bucks,-1.5,46.0,54.0,69.0,31.0,219.0,100.0,,100.0,,67.0,33.0,100.0,,23.0,0.0,True,False,1,,,,,,,,,,,,
2026-03-10T18:05:45.421952-04:00,vsin_circa,circa,nba,nba_20260310_toronto_raptors_houston_rockets,Mar 10,,Toronto Raptors,Houston Rockets,4.5,56.0,44.0,49.0,51.0,219.5,50.0,50.0,67.0,33.0,100.0,,100.0,,7.0,17.0,False,True,1,,,,,,,,,,,,
2026-03-10T18:05:45.421952-04:00,vsin_circa,circa,nba,nba_20260310_boston_celtics_san_antonio_spurs,Mar 10,,Boston Celtics,San Antonio Spurs,3.5,47.0,53.0,5.0,95.0,221.0,50.0,50.0,40.0,60.0,67.0,33.0,99.0,1.0,42.0,10.0,True,False,1,,,,,,,,,,,,
2026-03-10T18:05:45.421952-04:00,vsin_circa,circa,nba,nba_20260310_indiana_pacers_sacramento_kings,Mar 10,,Indiana Pacers,Sacramento Kings,3.0,75.0,25.0,69.0,31.0,237.5,50.0,50.0,100.0,,100.0,,100.0,,6.0,50.0,False,True,1,,,,,,,,,,,,
2026-03-10T18:05:45.421952-04:00,vsin_circa,circa,nba,nba_20260310_chicago_bulls_golden_state_warriors,Mar 10,,Chicago Bulls,Golden State Warriors,6.0,40.0,60.0,3.0,97.0,227.0,,100.0,,100.0,100.0,,100.0,,37.0,,True,,1,,,,,,,,,,,,
2026-03-10T18:05:45.421952-04:00,vsin_circa,circa,nba,nba_20260310_charlotte_hornets_portland_trailblazers,Mar 10,,Charlotte Hornets,Portland Trailblazers,-3.5,60.0,40.0,89.0,11.0,227.5,,100.0,,100.0,,100.0,,100.0,29.0,,True,,1,,,,,,,,,,,,
2026-03-10T18:05:45.421952-04:00,vsin_circa,circa,nba,nba_20260310_minnesota_timberwolves_los_angeles_lakers,Mar 10,,Minnesota Timberwolves,Los Angeles Lakers,-2.5,40.0,60.0,50.0,50.0,232.0,,100.0,,100.0,25.0,75.0,23.0,77.0,10.0,,False,,1,,,,,,,,,,,,
2026-03-10T18:37:31.301768-04:00,vsin_dk,draftkings,nba,nba_20260310_memphis_grizzlies_philadelphia_76ers,Mar 10,,Memphis Grizzlies,Philadelphia 76ers,4.5,35.0,65.0,36.0,64.0,229.5,54.0,46.0,51.0,49.0,23.0,77.0,31.0,69.0,1.0,3.0,False,False,1,,,,,,,,,,,,
2026-03-10T18:37:31.301768-04:00,vsin_dk,draftkings,nba,nba_20260310_washington_wizards_miami_heat,Mar 10,,Washington Wizards,Miami Heat,16.5,54.0,46.0,29.0,71.0,238.5,32.0,68.0,57.0,43.0,9.0,91.0,11.0,89.0,25.0,25.0,True,True,1,,,,,,,,,,,,
2026-03-10T18:37:31.301768-04:00,vsin_dk,draftkings,nba,nba_20260310_detroit_pistons_brooklyn_nets,Mar 10,,Detroit Pistons,Brooklyn Nets,-15.5,56.0,44.0,85.0,15.0,216.5,74.0,26.0,77.0,23.0,91.0,9.0,84.0,16.0,29.0,3.0,True,False,1,,,,,,,,,,,,
2026-03-10T18:37:31.301768-04:00,vsin_dk,draftkings,nba,nba_20260310_dallas_mavericks_atlanta_hawks,Mar 10,,Dallas Mavericks,Atlanta Hawks,9.5,52.0,48.0,23.0,77.0,240.5,31.0,69.0,46.0,54.0,15.0,85.0,24.0,76.0,29.0,15.0,True,True,1,,,,,,,,,,,,
2026-03-10T18:37:31.301768-04:00,vsin_dk,draftkings,nba,nba_20260310_phoenix_suns_milwaukee_bucks,Mar 10,,Phoenix Suns,Milwaukee Bucks,-1.5,58.0,42.0,50.0,50.0,218.5,80.0,20.0,88.0,12.0,57.0,43.0,69.0,31.0,8.0,8.0,False,False,1,,,,,,,,,,,,
2026-03-10T18:37:31.301768-04:00,vsin_dk,draftkings,nba,nba_20260310_toronto_raptors_houston_rockets,Mar 10,,Toronto Raptors,Houston Rockets,4.5,40.0,60.0,28.0,72.0,220.5,75.0,25.0,50.0,50.0,17.0,83.0,24.0,76.0,12.0,25.0,False,True,1,,,,,,,,,,,,
2026-03-10T18:37:31.301768-04:00,vsin_dk,draftkings,nba,nba_20260310_boston_celtics_san_antonio_spurs,Mar 10,,Boston Celtics,San Antonio Spurs,3.5,58.0,42.0,41.0,59.0,221.5,75.0,25.0,62.0,38.0,48.0,52.0,59.0,41.0,17.0,13.0,True,False,1,,,,,,,,,,,,
2026-03-10T18:37:31.301768-04:00,vsin_dk,draftkings,nba,nba_20260310_indiana_pacers_sacramento_kings,Mar 10,,Indiana Pacers,Sacramento Kings,3.5,39.0,61.0,54.0,46.0,236.5,43.0,57.0,77.0,23.0,27.0,73.0,43.0,57.0,15.0,34.0,True,True,1,,,,,,,,,,,,
2026-03-10T18:37:31.301768-04:00,vsin_dk,draftkings,nba,nba_20260310_chicago_bulls_golden_state_warriors,Mar 10,,Chicago Bulls,Golden State Warriors,6.5,58.0,42.0,35.0,65.0,227.5,59.0,41.0,57.0,43.0,21.0,79.0,29.0,71.0,23.0,2.0,True,False,1,,,,,,,,,,,,
2026-03-10T18:37:31.301768-04:00,vsin_dk,draftkings,nba,nba_20260310_charlotte_hornets_portland_trailblazers,Mar 10,,Charlotte Hornets,Portland Trailblazers,-3.5,70.0,30.0,72.0,28.0,227.5,69.0,31.0,45.0,55.0,79.0,21.0,81.0,19.0,2.0,24.0,False,True,1,,,,,,,,,,,,
2026-03-10T18:37:31.301768-04:00,vsin_dk,draftkings,nba,nba_20260310_minnesota_timberwolves_los_angeles_lakers,Mar 10,,Minnesota Timberwolves,Los Angeles Lakers,-2.5,53.0,47.0,76.0,24.0,230.5,66.0,34.0,73.0,27.0,52.0,48.0,68.0,32.0,23.0,7.0,True,False,1,,,,,,,,,,,,
2026-03-10T18:37:51.949036-04:00,vsin_circa,circa,nba,nba_20260310_memphis_grizzlies_philadelphia_76ers,Mar 10,,Memphis Grizzlies,Philadelphia 76ers,4.0,55.0,45.0,50.0,50.0,229.0,100.0,,100.0,,50.0,50.0,,100.0,5.0,0.0,False,False,1,,,,,,,,,,,,
2026-03-10T18:37:51.949036-04:00,vsin_circa,circa,nba,nba_20260310_washington_wizards_miami_heat,Mar 10,,Washington Wizards,Miami Heat,16.5,42.0,58.0,74.0,26.0,237.5,60.0,40.0,10.0,90.0,55.0,45.0,4.0,96.0,32.0,50.0,True,True,1,,,,,,,,,,,,
2026-03-10T18:37:51.949036-04:00,vsin_circa,circa,nba,nba_20260310_detroit_pistons_brooklyn_nets,Mar 10,,Detroit Pistons,Brooklyn Nets,-15.0,67.0,33.0,86.0,14.0,216.5,40.0,60.0,21.0,79.0,25.0,75.0,,100.0,19.0,19.0,True,True,1,,,,,,,,,,,,
2026-03-10T18:37:51.949036-04:00,vsin_circa,circa,nba,nba_20260310_dallas_mavericks_atlanta_hawks,Mar 10,,Dallas Mavericks,Atlanta Hawks,10.0,33.0,67.0,5.0,95.0,241.5,50.0,50.0,81.0,19.0,75.0,25.0,73.0,27.0,28.0,31.0,True,True,1,,,,,,,,,,,,
2026-03-10T18:37:51.949036-04:00,vsin_circa,circa,nba,nba_20260310_phoenix_suns_milwaukee_bucks,Mar 10,,Phoenix Suns,Milwaukee Bucks,-1.5,46.0,54.0,69.0,31.0,219.0,100.0,,100.0,,67.0,33.0,100.0,,23.0,0.0,True,False,1,,,,,,,,,,,,
2026-03-10T18:37:51.949036-04:00,vsin_circa,circa,nba,nba_20260310_toronto_raptors_houston_rockets,Mar 10,,Toronto Raptors,Houston Rockets,4.5,42.0,58.0,48.0,52.0,219.5,50.0,50.0,67.0,33.0,100.0,,100.0,,6.0,17.0,False,True,1,,,,,,,,,,,,
2026-03-10T18:37:51.949036-04:00,vsin_circa,circa,nba,nba_20260310_boston_celtics_san_antonio_spurs,Mar 10,,Boston Celtics,San Antonio Spurs,3.5,41.0,59.0,5.0,95.0,221.0,50.0,50.0,37.0,63.0,50.0,50.0,90.0,10.0,36.0,13.0,True,False,1,,,,,,,,,,,,
2026-03-10T18:37:51.949036-04:00,vsin_circa,circa,nba,nba_20260310_indiana_pacers_sacramento_kings,Mar 10,,Indiana Pacers,Sacramento Kings,3.0,75.0,25.0,69.0,31.0,237.5,50.0,50.0,100.0,,67.0,33.0,1.0,99.0,6.0,50.0,False,True,1,,,,,,,,,,,,
2026-03-10T18:37:51.949036-04:00,vsin_circa,circa,nba,nba_20260310_chicago_bulls_golden_state_warriors,Mar 10,,Chicago Bulls,Golden State Warriors,6.0,43.0,57.0,7.0,93.0,227.0,,100.0,,100.0,100.0,,100.0,,36.0,,True,,1,,,,,,,,,,,,
2026-03-10T18:37:51.949036-04:00,vsin_circa,circa,nba,nba_20260310_charlotte_hornets_portland_trailblazers,Mar 10,,Charlotte Hornets,Portland Trailblazers,-3.5,50.0,50.0,59.0,41.0,227.5,,100.0,,100.0,,100.0,,100.0,9.0,,False,,1,,,,,,,,,,,,
2026-03-10T18:37:51.949036-04:00,vsin_circa,circa,nba,nba_20260310_minnesota_timberwolves_los_angeles_lakers,Mar 10,,Minnesota Timberwolves,Los Angeles Lakers,-2.5,40.0,60.0,50.0,50.0,230.5,,100.0,,100.0,25.0,75.0,23.0,77.0,10.0,,False,,1,,,,,,,,,,,,
2026-03-10T18:37:31.301768-04:00,vsin_dk,draftkings,nba,nba_20260310_memphis_grizzlies_philadelphia_76ers,Mar 10,,Memphis Grizzlies,Philadelphia 76ers,4.5,35.0,65.0,36.0,64.0,229.5,54.0,46.0,51.0,49.0,23.0,77.0,31.0,69.0,1.0,3.0,False,False,2,0.0,0.0,0.0,0.0,0.0,0.0,0.0,0.0,0.0,0.0,0.0,0.0
2026-03-10T18:37:51.949036-04:00,vsin_circa,circa,nba,nba_20260310_memphis_grizzlies_philadelphia_76ers,Mar 10,,Memphis Grizzlies,Philadelphia 76ers,4.0,55.0,45.0,50.0,50.0,229.0,100.0,,100.0,,50.0,50.0,,100.0,5.0,0.0,False,False,2,0.0,0.0,0.0,0.0,0.0,0.0,0.0,,0.0,,0.0,0.0
2026-03-10T19:05:11.518177-04:00,vsin_dk,draftkings,nba,nba_20260310_memphis_grizzlies_philadelphia_76ers,Mar 10,,Memphis Grizzlies,Philadelphia 76ers,4.5,36.0,64.0,35.0,65.0,229.5,53.0,47.0,54.0,46.0,23.0,77.0,30.0,70.0,1.0,1.0,False,False,1,,,,,,,,,,,,
2026-03-10T19:05:11.518177-04:00,vsin_dk,draftkings,nba,nba_20260310_washington_wizards_miami_heat,Mar 10,,Washington Wizards,Miami Heat,15.5,53.0,47.0,26.0,74.0,236.5,33.0,67.0,65.0,35.0,9.0,91.0,10.0,90.0,27.0,32.0,True,True,1,,,,,,,,,,,,
2026-03-10T19:05:11.518177-04:00,vsin_dk,draftkings,nba,nba_20260310_detroit_pistons_brooklyn_nets,Mar 10,,Detroit Pistons,Brooklyn Nets,-15.5,56.0,44.0,85.0,15.0,216.5,74.0,26.0,49.0,51.0,91.0,9.0,86.0,14.0,29.0,25.0,True,True,1,,,,,,,,,,,,
2026-03-10T19:05:11.518177-04:00,vsin_dk,draftkings,nba,nba_20260310_dallas_mavericks_atlanta_hawks,Mar 10,,Dallas Mavericks,Atlanta Hawks,9.5,52.0,48.0,24.0,76.0,240.5,32.0,68.0,44.0,56.0,15.0,85.0,24.0,76.0,28.0,12.0,True,False,1,,,,,,,,,,,,
2026-03-10T19:05:11.518177-04:00,vsin_dk,draftkings,nba,nba_20260310_phoenix_suns_milwaukee_bucks,Mar 10,,Phoenix Suns,Milwaukee Bucks,-1.5,58.0,42.0,51.0,49.0,219.5,80.0,20.0,85.0,15.0,56.0,44.0,70.0,30.0,7.0,5.0,False,False,1,,,,,,,,,,,,
2026-03-10T19:05:11.518177-04:00,vsin_dk,draftkings,nba,nba_20260310_toronto_raptors_houston_rockets,Mar 10,,Toronto Raptors,Houston Rockets,4.5,40.0,60.0,46.0,54.0,220.5,74.0,26.0,50.0,50.0,17.0,83.0,23.0,77.0,6.0,24.0,False,True,1,,,,,,,,,,,,
2026-03-10T19:05:11.518177-04:00,vsin_dk,draftkings,nba,nba_20260310_boston_celtics_san_antonio_spurs,Mar 10,,Boston Celtics,San Antonio Spurs,3.5,57.0,43.0,40.0,60.0,221.5,76.0,24.0,63.0,37.0,49.0,51.0,60.0,40.0,17.0,13.0,True,False,1,,,,,,,,,,,,
2026-03-10T19:05:11.518177-04:00,vsin_dk,draftkings,nba,nba_20260310_indiana_pacers_sacramento_kings,Mar 10,,Indiana Pacers,Sacramento Kings,3.5,40.0,60.0,54.0,46.0,236.5,44.0,56.0,75.0,25.0,27.0,73.0,44.0,56.0,14.0,31.0,False,True,1,,,,,,,,,,,,
2026-03-10T19:05:11.518177-04:00,vsin_dk,draftkings,nba,nba_20260310_chicago_bulls_golden_state_warriors,Mar 10,,Chicago Bulls,Golden State Warriors,6.5,59.0,41.0,37.0,63.0,227.5,58.0,42.0,54.0,46.0,21.0,79.0,30.0,70.0,22.0,4.0,True,False,1,,,,,,,,,,,,
2026-03-10T19:05:11.518177-04:00,vsin_dk,draftkings,nba,nba_20260310_charlotte_hornets_portland_trailblazers,Mar 10,,Charlotte Hornets,Portland Trailblazers,-3.5,69.0,31.0,72.0,28.0,227.5,70.0,30.0,49.0,51.0,79.0,21.0,82.0,18.0,3.0,21.0,False,True,1,,,,,,,,,,,,
2026-03-10T19:05:11.518177-04:00,vsin_dk,draftkings,nba,nba_20260310_minnesota_timberwolves_los_angeles_lakers,Mar 10,,Minnesota Timberwolves,Los Angeles Lakers,-2.5,53.0,47.0,75.0,25.0,230.5,67.0,33.0,72.0,28.0,52.0,48.0,68.0,32.0,22.0,5.0,True,False,1,,,,,,,,,,,,
2026-03-10T19:05:31.321130-04:00,vsin_circa,circa,nba,nba_20260310_memphis_grizzlies_philadelphia_76ers,Mar 10,,Memphis Grizzlies,Philadelphia 76ers,4.5,47.0,53.0,60.0,40.0,229.0,100.0,,100.0,,50.0,50.0,,100.0,13.0,0.0,False,False,1,,,,,,,,,,,,
2026-03-10T19:05:31.321130-04:00,vsin_circa,circa,nba,nba_20260310_washington_wizards_miami_heat,Mar 10,,Washington Wizards,Miami Heat,16.0,42.0,58.0,74.0,26.0,238.0,71.0,29.0,71.0,29.0,55.0,45.0,4.0,96.0,32.0,0.0,True,False,1,,,,,,,,,,,,
2026-03-10T19:05:31.321130-04:00,vsin_circa,circa,nba,nba_20260310_detroit_pistons_brooklyn_nets,Mar 10,,Detroit Pistons,Brooklyn Nets,-15.0,67.0,33.0,86.0,14.0,216.5,40.0,60.0,21.0,79.0,25.0,75.0,,100.0,19.0,19.0,True,True,1,,,,,,,,,,,,
2026-03-10T19:05:31.321130-04:00,vsin_circa,circa,nba,nba_20260310_dallas_mavericks_atlanta_hawks,Mar 10,,Dallas Mavericks,Atlanta Hawks,10.0,33.0,67.0,5.0,95.0,241.5,50.0,50.0,81.0,19.0,75.0,25.0,73.0,27.0,28.0,31.0,True,True,1,,,,,,,,,,,,
2026-03-10T19:05:31.321130-04:00,vsin_circa,circa,nba,nba_20260310_phoenix_suns_milwaukee_bucks,Mar 10,,Phoenix Suns,Milwaukee Bucks,-1.5,50.0,50.0,69.0,31.0,219.0,100.0,,100.0,,67.0,33.0,100.0,,19.0,0.0,True,False,1,,,,,,,,,,,,
2026-03-10T19:05:31.321130-04:00,vsin_circa,circa,nba,nba_20260310_toronto_raptors_houston_rockets,Mar 10,,Toronto Raptors,Houston Rockets,4.5,42.0,58.0,48.0,52.0,219.5,50.0,50.0,67.0,33.0,100.0,,100.0,,6.0,17.0,False,True,1,,,,,,,,,,,,
2026-03-10T19:05:31.321130-04:00,vsin_circa,circa,nba,nba_20260310_boston_celtics_san_antonio_spurs,Mar 10,,Boston Celtics,San Antonio Spurs,3.5,39.0,61.0,5.0,95.0,221.0,46.0,54.0,37.0,63.0,40.0,60.0,88.0,12.0,34.0,9.0,True,False,1,,,,,,,,,,,,
2026-03-10T19:05:31.321130-04:00,vsin_circa,circa,nba,nba_20260310_indiana_pacers_sacramento_kings,Mar 10,,Indiana Pacers,Sacramento Kings,3.0,75.0,25.0,69.0,31.0,237.5,50.0,50.0,100.0,,67.0,33.0,1.0,99.0,6.0,50.0,False,True,1,,,,,,,,,,,,
2026-03-10T19:05:31.321130-04:00,vsin_circa,circa,nba,nba_20260310_chicago_bulls_golden_state_warriors,Mar 10,,Chicago Bulls,Golden State Warriors,6.0,43.0,57.0,7.0,93.0,227.0,,100.0,,100.0,100.0,,100.0,,36.0,,True,,1,,,,,,,,,,,,
2026-03-10T19:05:31.321130-04:00,vsin_circa,circa,nba,nba_20260310_charlotte_hornets_portland_trailblazers,Mar 10,,Charlotte Hornets,Portland Trailblazers,-3.5,43.0,57.0,46.0,54.0,227.5,,100.0,,100.0,20.0,80.0,89.0,11.0,3.0,,False,,1,,,,,,,,,,,,
2026-03-10T19:05:31.321130-04:00,vsin_circa,circa,nba,nba_20260310_minnesota_timberwolves_los_angeles_lakers,Mar 10,,Minnesota Timberwolves,Los Angeles Lakers,-2.5,40.0,60.0,50.0,50.0,230.5,,100.0,,100.0,25.0,75.0,23.0,77.0,10.0,,False,,1,,,,,,,,,,,,
2026-03-10T19:05:11.518177-04:00,vsin_dk,draftkings,nba,nba_20260310_washington_wizards_miami_heat,Mar 10,,Washington Wizards,Miami Heat,15.5,53.0,47.0,26.0,74.0,236.5,33.0,67.0,65.0,35.0,9.0,91.0,10.0,90.0,27.0,32.0,True,True,2,0.0,0.0,0.0,0.0,0.0,0.0,0.0,0.0,0.0,0.0,0.0,0.0
2026-03-10T19:05:11.518177-04:00,vsin_dk,draftkings,nba,nba_20260310_detroit_pistons_brooklyn_nets,Mar 10,,Detroit Pistons,Brooklyn Nets,-15.5,56.0,44.0,85.0,15.0,216.5,74.0,26.0,49.0,51.0,91.0,9.0,86.0,14.0,29.0,25.0,True,True,2,0.0,0.0,0.0,0.0,0.0,0.0,0.0,0.0,0.0,0.0,0.0,0.0
2026-03-10T19:05:11.518177-04:00,vsin_dk,draftkings,nba,nba_20260310_dallas_mavericks_atlanta_hawks,Mar 10,,Dallas Mavericks,Atlanta Hawks,9.5,52.0,48.0,24.0,76.0,240.5,32.0,68.0,44.0,56.0,15.0,85.0,24.0,76.0,28.0,12.0,True,False,2,0.0,0.0,0.0,0.0,0.0,0.0,0.0,0.0,0.0,0.0,0.0,0.0
2026-03-10T19:05:31.321130-04:00,vsin_circa,circa,nba,nba_20260310_washington_wizards_miami_heat,Mar 10,,Washington Wizards,Miami Heat,16.0,42.0,58.0,74.0,26.0,238.0,71.0,29.0,71.0,29.0,55.0,45.0,4.0,96.0,32.0,0.0,True,False,2,0.0,0.0,0.0,0.0,0.0,0.0,0.0,0.0,0.0,0.0,0.0,0.0
2026-03-10T19:05:31.321130-04:00,vsin_circa,circa,nba,nba_20260310_detroit_pistons_brooklyn_nets,Mar 10,,Detroit Pistons,Brooklyn Nets,-15.0,67.0,33.0,86.0,14.0,216.5,40.0,60.0,21.0,79.0,25.0,75.0,,100.0,19.0,19.0,True,True,2,0.0,0.0,0.0,0.0,0.0,0.0,0.0,0.0,0.0,0.0,0.0,0.0
2026-03-10T19:05:31.321130-04:00,vsin_circa,circa,nba,nba_20260310_dallas_mavericks_atlanta_hawks,Mar 10,,Dallas Mavericks,Atlanta Hawks,10.0,33.0,67.0,5.0,95.0,241.5,50.0,50.0,81.0,19.0,75.0,25.0,73.0,27.0,28.0,31.0,True,True,2,0.0,0.0,0.0,0.0,0.0,0.0,0.0,0.0,0.0,0.0,0.0,0.0
2026-03-10T19:37:50.336862-04:00,vsin_dk,draftkings,nba,nba_20260310_memphis_grizzlies_philadelphia_76ers,Mar 10,,Memphis Grizzlies,Philadelphia 76ers,4.5,37.0,63.0,32.0,68.0,229.5,53.0,47.0,53.0,47.0,23.0,77.0,30.0,70.0,5.0,0.0,False,False,1,,,,,,,,,,,,
2026-03-10T19:37:50.336862-04:00,vsin_dk,draftkings,nba,nba_20260310_washington_wizards_miami_heat,Mar 10,,Washington Wizards,Miami Heat,15.5,53.0,47.0,69.0,31.0,235.5,35.0,65.0,68.0,32.0,10.0,90.0,13.0,87.0,16.0,33.0,True,True,1,,,,,,,,,,,,
2026-03-10T19:37:50.336862-04:00,vsin_dk,draftkings,nba,nba_20260310_detroit_pistons_brooklyn_nets,Mar 10,,Detroit Pistons,Brooklyn Nets,-15.5,55.0,45.0,83.0,17.0,216.5,74.0,26.0,52.0,48.0,90.0,10.0,87.0,13.0,28.0,22.0,True,True,1,,,,,,,,,,,,
2026-03-10T19:37:50.336862-04:00,vsin_dk,draftkings,nba,nba_20260310_dallas_mavericks_atlanta_hawks,Mar 10,,Dallas Mavericks,Atlanta Hawks,9.5,52.0,48.0,26.0,74.0,240.5,33.0,67.0,47.0,53.0,16.0,84.0,26.0,74.0,26.0,14.0,True,False,1,,,,,,,,,,,,
2026-03-10T19:37:50.336862-04:00,vsin_dk,draftkings,nba,nba_20260310_phoenix_suns_milwaukee_bucks,Mar 10,,Phoenix Suns,Milwaukee Bucks,-1.5,58.0,42.0,52.0,48.0,219.5,79.0,21.0,82.0,18.0,56.0,44.0,68.0,32.0,6.0,3.0,False,False,1,,,,,,,,,,,,
2026-03-10T19:37:50.336862-04:00,vsin_dk,draftkings,nba,nba_20260310_toronto_raptors_houston_rockets,Mar 10,,Toronto Raptors,Houston Rockets,4.5,39.0,61.0,44.0,56.0,220.5,73.0,27.0,51.0,49.0,17.0,83.0,27.0,73.0,5.0,22.0,False,True,1,,,,,,,,,,,,
2026-03-10T19:37:50.336862-04:00,vsin_dk,draftkings,nba,nba_20260310_boston_celtics_san_antonio_spurs,Mar 10,,Boston Celtics,San Antonio Spurs,3.5,57.0,43.0,44.0,56.0,221.5,75.0,25.0,64.0,36.0,49.0,51.0,60.0,40.0,13.0,11.0,False,False,1,,,,,,,,,,,,
2026-03-10T19:37:50.336862-04:00,vsin_dk,draftkings,nba,nba_20260310_indiana_pacers_sacramento_kings,Mar 10,,Indiana Pacers,Sacramento Kings,3.5,40.0,60.0,37.0,63.0,236.5,44.0,56.0,75.0,25.0,27.0,73.0,51.0,49.0,3.0,31.0,False,True,1,,,,,,,,,,,,
2026-03-10T19:37:50.336862-04:00,vsin_dk,draftkings,nba,nba_20260310_chicago_bulls_golden_state_warriors,Mar 10,,Chicago Bulls,Golden State Warriors,6.5,59.0,41.0,38.0,62.0,227.5,58.0,42.0,53.0,47.0,21.0,79.0,32.0,68.0,21.0,5.0,True,False,1,,,,,,,,,,,,
2026-03-10T19:37:50.336862-04:00,vsin_dk,draftkings,nba,nba_20260310_charlotte_hornets_portland_trailblazers,Mar 10,,Charlotte Hornets,Portland Trailblazers,-3.5,69.0,31.0,72.0,28.0,227.5,70.0,30.0,50.0,50.0,80.0,20.0,82.0,18.0,3.0,20.0,False,True,1,,,,,,,,,,,,
2026-03-10T19:37:50.336862-04:00,vsin_dk,draftkings,nba,nba_20260310_minnesota_timberwolves_los_angeles_lakers,Mar 10,,Minnesota Timberwolves,Los Angeles Lakers,-2.5,53.0,47.0,76.0,24.0,230.5,67.0,33.0,73.0,27.0,52.0,48.0,69.0,31.0,23.0,6.0,True,False,1,,,,,,,,,,,,
2026-03-10T19:37:50.336862-04:00,vsin_dk,draftkings,nba,nba_20260311_cleveland_cavaliers_orlando_magic,Mar 11,,Cleveland Cavaliers,Orlando Magic,-2.5,83.0,17.0,96.0,4.0,225.5,67.0,33.0,98.0,2.0,68.0,32.0,46.0,54.0,13.0,31.0,False,True,1,,,,,,,,,,,,
2026-03-10T19:38:11.433989-04:00,vsin_circa,circa,nba,nba_20260310_memphis_grizzlies_philadelphia_76ers,Mar 10,,Memphis Grizzlies,Philadelphia 76ers,4.5,47.0,53.0,60.0,40.0,229.0,100.0,,100.0,,50.0,50.0,,100.0,13.0,0.0,False,False,1,,,,,,,,,,,,
2026-03-10T19:38:11.433989-04:00,vsin_circa,circa,nba,nba_20260310_dallas_mavericks_atlanta_hawks,Mar 10,,Dallas Mavericks,Atlanta Hawks,10.0,33.0,67.0,5.0,95.0,240.5,50.0,50.0,41.0,59.0,80.0,20.0,98.0,2.0,28.0,9.0,True,False,1,,,,,,,,,,,,
2026-03-10T19:38:11.433989-04:00,vsin_circa,circa,nba,nba_20260310_washington_wizards_miami_heat,Mar 10,,Washington Wizards,Miami Heat,16.0,43.0,57.0,73.0,27.0,236.5,71.0,29.0,71.0,29.0,55.0,45.0,4.0,96.0,30.0,0.0,True,False,1,,,,,,,,,,,,
2026-03-10T19:38:11.433989-04:00,vsin_circa,circa,nba,nba_20260310_detroit_pistons_brooklyn_nets,Mar 10,,Detroit Pistons,Brooklyn Nets,-15.0,75.0,25.0,92.0,8.0,216.5,40.0,60.0,21.0,79.0,25.0,75.0,,100.0,17.0,19.0,True,True,1,,,,,,,,,,,,
2026-03-10T19:38:11.433989-04:00,vsin_circa,circa,nba,nba_20260310_phoenix_suns_milwaukee_bucks,Mar 10,,Phoenix Suns,Milwaukee Bucks,-1.5,50.0,50.0,69.0,31.0,219.0,100.0,,100.0,,67.0,33.0,100.0,,19.0,0.0,True,False,1,,,,,,,,,,,,
2026-03-10T19:38:11.433989-04:00,vsin_circa,circa,nba,nba_20260310_toronto_raptors_houston_rockets,Mar 10,,Toronto Raptors,Houston Rockets,4.5,42.0,58.0,48.0,52.0,219.5,50.0,50.0,67.0,33.0,100.0,,100.0,,6.0,17.0,False,True,1,,,,,,,,,,,,
2026-03-10T19:38:11.433989-04:00,vsin_circa,circa,nba,nba_20260310_boston_celtics_san_antonio_spurs,Mar 10,,Boston Celtics,San Antonio Spurs,3.5,40.0,60.0,5.0,95.0,221.0,46.0,54.0,37.0,63.0,40.0,60.0,88.0,12.0,35.0,9.0,True,False,1,,,,,,,,,,,,
2026-03-10T19:38:11.433989-04:00,vsin_circa,circa,nba,nba_20260310_indiana_pacers_sacramento_kings,Mar 10,,Indiana Pacers,Sacramento Kings,3.5,75.0,25.0,69.0,31.0,237.5,33.0,67.0,98.0,2.0,50.0,50.0,,100.0,6.0,65.0,False,True,1,,,,,,,,,,,,
2026-03-10T19:38:11.433989-04:00,vsin_circa,circa,nba,nba_20260310_chicago_bulls_golden_state_warriors,Mar 10,,Chicago Bulls,Golden State Warriors,6.0,43.0,57.0,7.0,93.0,227.0,,100.0,,100.0,100.0,,100.0,,36.0,,True,,1,,,,,,,,,,,,
2026-03-10T19:38:11.433989-04:00,vsin_circa,circa,nba,nba_20260310_charlotte_hornets_portland_trailblazers,Mar 10,,Charlotte Hornets,Portland Trailblazers,-3.5,43.0,57.0,46.0,54.0,227.5,,100.0,,100.0,20.0,80.0,89.0,11.0,3.0,,False,,1,,,,,,,,,,,,
2026-03-10T19:38:11.433989-04:00,vsin_circa,circa,nba,nba_20260310_minnesota_timberwolves_los_angeles_lakers,Mar 10,,Minnesota Timberwolves,Los Angeles Lakers,-2.5,50.0,50.0,50.0,50.0,230.5,25.0,75.0,3.0,97.0,22.0,78.0,22.0,78.0,0.0,22.0,False,True,1,,,,,,,,,,,,
2026-03-10T19:37:50.336862-04:00,vsin_dk,draftkings,nba,nba_20260310_phoenix_suns_milwaukee_bucks,Mar 10,,Phoenix Suns,Milwaukee Bucks,-1.5,58.0,42.0,52.0,48.0,219.5,79.0,21.0,82.0,18.0,56.0,44.0,68.0,32.0,6.0,3.0,False,False,2,0.0,0.0,0.0,0.0,0.0,0.0,0.0,0.0,0.0,0.0,0.0,0.0
2026-03-10T19:37:50.336862-04:00,vsin_dk,draftkings,nba,nba_20260310_toronto_raptors_houston_rockets,Mar 10,,Toronto Raptors,Houston Rockets,4.5,39.0,61.0,44.0,56.0,220.5,73.0,27.0,51.0,49.0,17.0,83.0,27.0,73.0,5.0,22.0,False,True,2,0.0,0.0,0.0,0.0,0.0,0.0,0.0,0.0,0.0,0.0,0.0,0.0
2026-03-10T19:37:50.336862-04:00,vsin_dk,draftkings,nba,nba_20260310_boston_celtics_san_antonio_spurs,Mar 10,,Boston Celtics,San Antonio Spurs,3.5,57.0,43.0,44.0,56.0,221.5,75.0,25.0,64.0,36.0,49.0,51.0,60.0,40.0,13.0,11.0,False,False,2,0.0,0.0,0.0,0.0,0.0,0.0,0.0,0.0,0.0,0.0,0.0,0.0
2026-03-10T19:38:11.433989-04:00,vsin_circa,circa,nba,nba_20260310_phoenix_suns_milwaukee_bucks,Mar 10,,Phoenix Suns,Milwaukee Bucks,-1.5,50.0,50.0,69.0,31.0,219.0,100.0,,100.0,,67.0,33.0,100.0,,19.0,0.0,True,False,2,0.0,0.0,0.0,0.0,0.0,0.0,0.0,,0.0,,0.0,0.0
2026-03-10T19:38:11.433989-04:00,vsin_circa,circa,nba,nba_20260310_toronto_raptors_houston_rockets,Mar 10,,Toronto Raptors,Houston Rockets,4.5,42.0,58.0,48.0,52.0,219.5,50.0,50.0,67.0,33.0,100.0,,100.0,,6.0,17.0,False,True,2,0.0,0.0,0.0,0.0,0.0,0.0,0.0,0.0,0.0,0.0,0.0,
2026-03-10T19:38:11.433989-04:00,vsin_circa,circa,nba,nba_20260310_boston_celtics_san_antonio_spurs,Mar 10,,Boston Celtics,San Antonio Spurs,3.5,40.0,60.0,5.0,95.0,221.0,46.0,54.0,37.0,63.0,40.0,60.0,88.0,12.0,35.0,9.0,True,False,2,0.0,0.0,0.0,0.0,0.0,0.0,0.0,0.0,0.0,0.0,0.0,0.0
